Record,Time,lat,lon,Altitude,Speed,GForceX,GForceY,GForceZ,Lap,speed_kmh,nearest_stop_id,nearest_distance_m,direction,course_id,reconstructed_lat,reconstructed_lon,reconstructed_stop
84,2026-05-11 18:45:11.400000+00:00,52.2498918,21.0522914,76.3,13.87,-0.091,0.134,0.983,0,12.201112590634674,0.0,46.02494062916406,-1.0,3.0,52.250296,21.052437,0.0
89,2026-05-11 18:45:11.900000+00:00,52.2498762,21.0522943,76.5,13.79,-0.091,0.119,0.968,0,12.570039726907806,0.0,47.67972782888976,-1.0,3.0,52.250296,21.052437,0.0
94,2026-05-11 18:45:12.400000+00:00,52.2498591,21.0523011,76.6,14.57,-0.082,0.11,0.964,0,14.090196181488446,0.0,49.45410837804698,-1.0,3.0,52.250296,21.052437,0.0
99,2026-05-11 18:45:12.900000+00:00,52.2498418,21.0523113,76.9,15.06,-0.076,0.104,0.974,0,14.725130674166405,0.0,51.224523409379394,-1.0,3.0,52.250296,21.052437,0.0
104,2026-05-11 18:45:13.400000+00:00,52.2498277,21.052317,76.9,14.84,-0.06,0.068,0.983,0,11.629097307229651,0.0,52.70946108485307,-1.0,3.0,52.250296,21.052437,0.0
109,2026-05-11 18:45:13.900000+00:00,52.2498111,21.0523263,77.1,15.37,-0.055,0.036,0.982,0,14.050022528471413,0.0,54.442505978056296,-1.0,3.0,52.250296,21.052437,0.0
114,2026-05-11 18:45:14.400000+00:00,52.2497928,21.0523361,77.2,16.11,-0.041,0.019,0.953,0,15.41836483102412,0.0,56.37331673644409,-1.0,3.0,52.250296,21.052437,0.0
119,2026-05-11 18:45:14.900000+00:00,52.2497757,21.0523465,77.9,17.92,-0.071,0.001,0.988,0,14.608542110508637,0.0,58.18182202461674,-1.0,3.0,52.250296,21.052437,0.0
124,2026-05-11 18:45:15.400000+00:00,52.2497562,21.0523567,78.5,18.24,-0.069,-0.03,0.955,0,16.392747462114247,0.0,60.27142969977852,-1.0,3.0,52.250296,21.052437,0.0
129,2026-05-11 18:45:15.900000+00:00,52.2497357,21.0523656,78.9,18.42,-0.06,-0.031,0.989,0,16.982213933767856,0.0,62.49183121320265,-1.0,3.0,52.250296,21.052437,0.0
134,2026-05-11 18:45:16.400000+00:00,52.249713,21.052375,79.0,19.72,-0.035,-0.062,0.961,0,18.74863294573093,0.0,64.9638950846085,-1.0,3.0,52.250296,21.052437,0.0
139,2026-05-11 18:45:16.900000+00:00,52.2496871,21.0523847,78.9,21.71,-0.031,-0.101,0.973,0,21.27371326952715,0.0,67.80013652727528,-1.0,3.0,52.250296,21.052437,0.0
144,2026-05-11 18:45:17.400000+00:00,52.2496584,21.0523923,78.9,23.87,-0.077,-0.118,0.98,0,23.277321799670013,0.0,70.96315821071192,-1.0,3.0,52.250296,21.052437,0.0
149,2026-05-11 18:45:17.900000+00:00,52.2496277,21.0523939,79.0,24.62,-0.079,-0.117,0.977,0,24.59103484186409,0.0,74.36946977640578,-1.0,3.0,52.250296,21.052437,0.0
154,2026-05-11 18:45:18.400000+00:00,52.249595,21.0523918,79.0,26.14,-0.087,-0.106,0.99,0,26.199960427708447,0.0,78.00835312161688,-1.0,3.0,52.250296,21.052437,0.0
159,2026-05-11 18:45:18.900000+00:00,52.2495627,21.0523853,79.1,26.27,-0.084,-0.102,0.991,0,26.05501266691118,,81.61516121045811,-1.0,3.0,52.250296,21.052437,0.0
164,2026-05-11 18:45:19.400000+00:00,52.2495281,21.0523775,79.0,28.16,-0.034,-0.05,0.96,0,27.96346343174445,,85.48260224945516,-1.0,3.0,52.250296,21.052437,0.0
169,2026-05-11 18:45:19.900000+00:00,52.2494929,21.0523677,78.9,28.83,-0.051,-0.009,0.975,0,28.58768288930888,,89.42517225250515,-1.0,3.0,52.250296,21.052437,0.0
174,2026-05-11 18:45:20.400000+00:00,52.2494573,21.0523585,78.9,29.16,-0.045,0.025,0.989,0,28.856004553028512,,93.41216867779362,-1.0,3.0,52.250296,21.052437,0.0
179,2026-05-11 18:45:20.900000+00:00,52.2494205,21.0523501,78.9,30.24,-0.03,0.019,0.948,0,29.748503834453693,,97.53073578881836,-1.0,3.0,52.250296,21.052437,0.0
184,2026-05-11 18:45:21.400000+00:00,52.2493828,21.0523418,78.9,30.57,-0.032,0.021,0.962,0,30.455690126648665,,101.74980956921476,-1.0,3.0,52.250296,21.052437,0.0
189,2026-05-11 18:45:21.900000+00:00,52.2493434,21.0523342,78.9,32.13,-0.042,0.023,0.974,0,31.762974358829503,,106.15521277483737,-1.0,3.0,52.250296,21.052437,0.0
194,2026-05-11 18:45:22.400000+00:00,52.2493028,21.0523264,79.2,33.3,-0.057,0.012,0.947,0,32.728569423349455,,110.69515500136808,-1.0,3.0,52.250296,21.052437,0.0
199,2026-05-11 18:45:22.900000+00:00,52.2492646,21.0523134,79.5,31.48,-0.065,0.057,1.045,0,31.239799178166155,,114.99469303634469,-1.0,3.0,52.250296,21.052437,0.0
204,2026-05-11 18:45:23.400000+00:00,52.2492271,21.0522983,80.7,32.98,-0.042,0.001,0.906,0,30.92147162538933,,119.2307150538534,-1.0,3.0,52.250296,21.052437,0.0
209,2026-05-11 18:45:23.900000+00:00,52.2491864,21.05229,81.1,33.34,-0.066,0.014,1.018,0,32.83754544654409,,123.78705096754544,-1.0,3.0,52.250296,21.052437,0.0
214,2026-05-11 18:45:24.400000+00:00,52.2491446,21.0522821,81.3,33.39,-0.068,0.033,0.964,0,33.6885034110395,,128.46336295848474,-1.0,3.0,52.250296,21.052437,0.0
219,2026-05-11 18:45:24.900000+00:00,52.2491028,21.052274,81.3,33.78,-0.067,0.024,0.933,0,33.69991231555432,,133.14099499730497,-1.0,3.0,52.250296,21.052437,0.0
224,2026-05-11 18:45:25.400000+00:00,52.2490613,21.0522663,81.4,33.45,-0.079,0.044,0.986,0,33.43872005603392,,137.78328638001153,-1.0,3.0,52.250296,21.052437,0.0
229,2026-05-11 18:45:25.900000+00:00,52.2490195,21.0522589,81.5,34.08,-0.046,0.036,0.956,0,33.661215483029096,,142.45720398896262,-1.0,3.0,52.250296,21.052437,0.0
234,2026-05-11 18:45:26.400000+00:00,52.2489783,21.0522508,81.7,34.12,-0.067,0.037,0.981,0,33.22294502818142,,147.06883000601175,-1.0,3.0,52.250296,21.052437,0.0
239,2026-05-11 18:45:26.900000+00:00,52.2489366,21.0522434,81.8,34.02,-0.068,0.022,0.959,0,33.58162311969822,,151.73185769904725,-1.0,3.0,52.250296,21.052437,0.0
244,2026-05-11 18:45:27.400000+00:00,52.2488955,21.0522358,82.1,33.93,-0.075,0.05,0.97,0,33.11499669187374,,156.32968153403544,-1.0,3.0,52.250296,21.052437,0.0
249,2026-05-11 18:45:27.900000+00:00,52.2488546,21.0522289,82.4,33.56,-0.095,0.045,0.981,0,32.91887948102267,,160.90123533867245,-1.0,3.0,52.250296,21.052437,0.0
254,2026-05-11 18:45:28.400000+00:00,52.248814,21.0522204,82.5,33.18,-0.093,0.036,0.957,0,32.77042669844431,,164.9601850809839,-1.0,3.0,52.250296,21.052437,0.0
259,2026-05-11 18:45:28.900000+00:00,52.2487742,21.0522113,82.7,32.8,-0.101,0.032,0.965,0,32.1746957509435,,160.711204834264,-1.0,3.0,52.247478,21.051167,1.0
264,2026-05-11 18:45:29.400000+00:00,52.2487347,21.0522039,82.9,32.17,-0.087,0.02,0.971,0,31.831169950611425,,156.55639986029595,-1.0,3.0,52.247478,21.051167,1.0
269,2026-05-11 18:45:29.900000+00:00,52.2486953,21.0521948,83.0,31.82,-0.085,0.027,0.974,0,31.85757864458761,,152.373266553419,-1.0,3.0,52.247478,21.051167,1.0
274,2026-05-11 18:45:30.400000+00:00,52.2486553,21.0521874,83.1,32.44,-0.076,0.022,0.974,0,32.22889731425967,,148.19941736616173,-1.0,3.0,52.247478,21.051167,1.0
279,2026-05-11 18:45:30.900000+00:00,52.2486159,21.0521793,83.2,31.89,-0.084,0.036,0.95,0,31.792656368669228,,144.07950442055397,-1.0,3.0,52.247478,21.051167,1.0
284,2026-05-11 18:45:31.400000+00:00,52.2485766,21.0521725,83.2,31.65,-0.102,0.041,0.98,0,31.639767275103893,,140.0305709364232,-1.0,3.0,52.247478,21.051167,1.0
289,2026-05-11 18:45:31.900000+00:00,52.2485381,21.0521675,83.3,31.23,-0.1,0.037,0.965,0,30.92051317645096,,136.1414031669413,-1.0,3.0,52.247478,21.051167,1.0
294,2026-05-11 18:45:32.400000+00:00,52.2485001,21.052161,83.4,30.68,-0.092,0.018,0.938,0,30.589305698494208,,132.27279208038115,-1.0,3.0,52.247478,21.051167,1.0
299,2026-05-11 18:45:32.900000+00:00,52.2484627,21.0521543,83.6,30.23,-0.116,0.035,1.007,0,30.1221284222652,,128.47792101733197,-1.0,3.0,52.247478,21.051167,1.0
304,2026-05-11 18:45:33.400000+00:00,52.2484258,21.0521489,83.7,29.25,-0.104,0.021,0.952,0,29.66060531015984,,124.80226873833648,-1.0,3.0,52.247478,21.051167,1.0
309,2026-05-11 18:45:33.900000+00:00,52.2483893,21.0521414,83.8,29.19,-0.105,0.014,0.971,0,29.45235713103491,,121.114002230143,-1.0,3.0,52.247478,21.051167,1.0
314,2026-05-11 18:45:34.400000+00:00,52.2483532,21.0521346,84.0,29.13,-0.098,0.02,0.961,0,29.093345096238554,,117.5159302110492,-1.0,3.0,52.247478,21.051167,1.0
319,2026-05-11 18:45:34.900000+00:00,52.2483184,21.0521277,84.2,27.93,-0.117,0.017,0.971,0,28.06553173869909,,114.06202792247576,-1.0,3.0,52.247478,21.051167,1.0
324,2026-05-11 18:45:35.400000+00:00,52.248284,21.0521207,84.3,27.51,-0.102,0.037,0.963,0,27.75366846274362,,110.6696596515958,-1.0,3.0,52.247478,21.051167,1.0
329,2026-05-11 18:45:35.900000+00:00,52.24825,21.0521151,84.3,27.18,-0.102,0.027,0.97,0,27.358565951310496,,107.40133459211506,-1.0,3.0,52.247478,21.051167,1.0
334,2026-05-11 18:45:36.400000+00:00,52.248217,21.052109,84.4,26.45,-0.11,0.041,0.972,0,26.58856793004467,,104.23575016465666,-1.0,3.0,52.247478,21.051167,1.0
339,2026-05-11 18:45:36.900000+00:00,52.2481846,21.0521034,84.6,25.88,-0.095,0.023,0.944,0,26.084381040703253,,101.1791929945862,-1.0,3.0,52.247478,21.051167,1.0
344,2026-05-11 18:45:37.400000+00:00,52.2481531,21.0520967,84.6,25.33,-0.091,0.056,0.999,0,25.431942838663463,,98.18933694337612,-1.0,3.0,52.247478,21.051167,1.0
349,2026-05-11 18:45:37.900000+00:00,52.2481224,21.0520904,84.7,25.01,-0.099,0.019,0.939,0,24.771756348054804,,95.32144996549478,-1.0,3.0,52.247478,21.051167,1.0
354,2026-05-11 18:45:38.400000+00:00,52.248092,21.052084,84.8,24.41,-0.109,0.032,0.941,0,24.53968524259909,,92.5126471641888,-1.0,3.0,52.247478,21.051167,1.0
359,2026-05-11 18:45:38.900000+00:00,52.2480626,21.0520775,84.8,23.62,-0.128,0.033,0.971,0,23.75239651514617,,89.82112015168747,-1.0,3.0,52.247478,21.051167,1.0
364,2026-05-11 18:45:39.400000+00:00,52.2480346,21.0520702,84.9,22.68,-0.117,0.045,1.014,0,22.70067883379382,,87.24326806723542,-1.0,3.0,52.247478,21.051167,1.0
369,2026-05-11 18:45:39.900000+00:00,52.2480081,21.0520632,85.1,22.32,-0.095,0.052,0.932,0,21.491652984044297,,84.83483923988895,-1.0,3.0,52.247478,21.051167,1.0
374,2026-05-11 18:45:40.400000+00:00,52.2479811,21.0520589,85.2,21.68,-0.093,0.054,0.97,0,21.7188075744349,,82.56147216227467,-1.0,3.0,52.247478,21.051167,1.0
379,2026-05-11 18:45:40.900000+00:00,52.2479545,21.0520553,85.3,20.96,-0.103,0.038,0.989,0,21.369034771146325,,80.40220639428756,-1.0,3.0,52.247478,21.051167,1.0
384,2026-05-11 18:45:41.400000+00:00,52.247929,21.0520511,85.3,20.3,-0.097,0.021,0.917,0,20.51892598028816,1.0,78.34273442343222,-1.0,3.0,52.247478,21.051167,1.0
389,2026-05-11 18:45:41.900000+00:00,52.2479041,21.0520475,85.5,19.69,-0.114,0.033,1.01,0,20.012972991813275,1.0,76.40752300059377,-1.0,3.0,52.247478,21.051167,1.0
394,2026-05-11 18:45:42.400000+00:00,52.2478802,21.0520434,85.6,18.64,-0.121,0.049,0.957,0,19.239671727850645,1.0,74.5651228832596,-1.0,3.0,52.247478,21.051167,1.0
399,2026-05-11 18:45:42.900000+00:00,52.2478575,21.0520403,85.7,18.16,-0.116,0.026,0.973,0,18.23711218173581,1.0,72.90693036327447,-1.0,3.0,52.247478,21.051167,1.0
404,2026-05-11 18:45:43.400000+00:00,52.2478358,21.0520361,85.8,16.99,-0.104,0.046,0.967,0,17.494647594601496,1.0,71.2999509642463,-1.0,3.0,52.247478,21.051167,1.0
409,2026-05-11 18:45:43.900000+00:00,52.2478156,21.0520326,85.9,15.95,-0.144,0.04,0.946,0,16.26293230743999,1.0,69.8703257214556,-1.0,3.0,52.247478,21.051167,1.0
414,2026-05-11 18:45:44.400000+00:00,52.2477974,21.0520288,86.1,13.98,-0.158,0.056,0.964,0,14.689552956510488,1.0,68.58276526519518,-1.0,3.0,52.247478,21.051167,1.0
419,2026-05-11 18:45:44.900000+00:00,52.2477811,21.0520259,86.1,12.63,-0.135,0.093,0.958,0,13.127027790014807,1.0,67.49082730478241,-1.0,3.0,52.247478,21.051167,1.0
424,2026-05-11 18:45:45.400000+00:00,52.2477669,21.0520239,86.2,10.91,-0.141,0.051,0.972,0,11.410759221026131,1.0,66.59706342768307,-1.0,3.0,52.247478,21.051167,1.0
429,2026-05-11 18:45:45.900000+00:00,52.2477545,21.0520213,86.2,8.2,-0.152,0.027,0.956,0,10.008951444824314,1.0,65.78649925977096,-1.0,3.0,52.247478,21.051167,1.0
434,2026-05-11 18:45:46.400000+00:00,52.247744,21.052019,85.9,7.42,-0.143,0.038,0.975,0,8.481597342648387,1.0,65.1094845544263,-1.0,3.0,52.247478,21.051167,1.0
439,2026-05-11 18:45:46.900000+00:00,52.2477343,21.0520165,86.0,7.22,-0.136,0.047,0.966,0,7.861942451360458,1.0,64.47394151871926,-1.0,3.0,52.247478,21.051167,1.0
444,2026-05-11 18:45:47.400000+00:00,52.2477261,21.0520148,86.0,6.11,-0.155,0.048,0.964,0,6.61762149564223,1.0,63.97168719812964,-1.0,3.0,52.247478,21.051167,1.0
449,2026-05-11 18:45:47.900000+00:00,52.2477205,21.052014,86.1,4.0,-0.167,0.06,0.964,0,4.500495626768919,1.0,63.65629554512576,-1.0,3.0,52.247478,21.051167,1.0
454,2026-05-11 18:45:48.400000+00:00,52.2477173,21.052013,86.1,2.15,-0.161,0.053,0.964,0,2.6084010730700817,1.0,63.44458003835417,-1.0,3.0,52.247478,21.051167,1.0
459,2026-05-11 18:45:48.900000+00:00,52.2477159,21.052013,86.2,0.76,-0.174,0.051,0.975,0,1.1208448568606144,1.0,63.379448495362006,-1.0,3.0,52.247478,21.051167,1.0
464,2026-05-11 18:45:49.400000+00:00,52.2477157,21.0520137,86.4,0.06,-0.095,0.032,0.971,0,0.3786404271302333,1.0,63.413485202271374,-1.0,3.0,52.247478,21.051167,1.0
469,2026-05-11 18:45:49.900000+00:00,52.2477152,21.0520148,86.4,0.08,-0.074,0.02,0.974,0,0.6715373005107393,1.0,63.45843691929317,-1.0,3.0,52.247478,21.051167,1.0
474,2026-05-11 18:45:50.400000+00:00,52.2477146,21.0520157,86.5,0.16,-0.067,0.019,0.974,0,0.6521982289386036,1.0,63.48649409987435,-1.0,3.0,52.247478,21.051167,1.0
479,2026-05-11 18:45:50.900000+00:00,52.2477139,21.0520168,86.6,0.08,-0.066,0.02,0.972,0,0.7776851423452055,1.0,63.52247525143357,-1.0,3.0,52.247478,21.051167,1.0
484,2026-05-11 18:45:51.400000+00:00,52.2477129,21.0520178,86.6,0.09,-0.07,0.017,0.975,0,0.9387391101051932,1.0,63.53869458428026,-1.0,3.0,52.247478,21.051167,1.0
489,2026-05-11 18:45:51.900000+00:00,52.247712,21.0520191,86.7,0.08,-0.065,0.018,0.975,0,0.9618890820111854,1.0,63.57836290224212,-1.0,3.0,52.247478,21.051167,1.0
494,2026-05-11 18:45:52.400000+00:00,52.247711,21.052021,86.8,0.24,-0.067,0.019,0.976,0,1.2281381698959133,1.0,63.65106594885212,-1.0,3.0,52.247478,21.051167,1.0
499,2026-05-11 18:45:52.900000+00:00,52.2477104,21.0520225,86.9,0.17,-0.066,0.016,0.975,0,0.8782622029956011,1.0,63.71726878508577,-1.0,3.0,52.247478,21.051167,1.0
504,2026-05-11 18:45:53.400000+00:00,52.2477097,21.0520239,87.0,0.08,-0.068,0.018,0.975,0,0.8859983980040621,1.0,63.77291599155881,-1.0,3.0,52.247478,21.051167,1.0
509,2026-05-11 18:45:53.900000+00:00,52.247709,21.0520256,87.1,0.18,-0.067,0.019,0.975,0,1.0042110654364902,1.0,63.8474494682171,-1.0,3.0,52.247478,21.051167,1.0
514,2026-05-11 18:45:54.400000+00:00,52.2477081,21.0520275,87.2,0.26,-0.064,0.019,0.975,0,1.177514313226399,1.0,63.92577189058185,-1.0,3.0,52.247478,21.051167,1.0
519,2026-05-11 18:45:54.900000+00:00,52.2477072,21.0520292,87.2,0.26,-0.066,0.019,0.974,0,1.101612001639951,1.0,63.9919267467556,-1.0,3.0,52.247478,21.051167,1.0
524,2026-05-11 18:45:55.400000+00:00,52.2477064,21.0520307,87.3,0.04,-0.066,0.019,0.975,0,0.9750974575280592,1.0,64.05028610218368,-1.0,3.0,52.247478,21.051167,1.0
529,2026-05-11 18:45:55.900000+00:00,52.2477053,21.0520327,87.3,0.06,-0.07,0.019,0.977,0,1.3178125382692862,1.0,64.12699994773153,-1.0,3.0,52.247478,21.051167,1.0
534,2026-05-11 18:45:56.400000+00:00,52.2477043,21.0520345,87.4,0.14,-0.066,0.019,0.975,0,1.191396435608568,1.0,64.1959743420776,-1.0,3.0,52.247478,21.051167,1.0
539,2026-05-11 18:45:56.900000+00:00,52.247703,21.0520365,87.4,0.12,-0.067,0.02,0.978,0,1.4297879676108214,1.0,64.26484575959337,-1.0,3.0,52.247478,21.051167,1.0
544,2026-05-11 18:45:57.400000+00:00,52.2477014,21.0520404,87.4,0.1,-0.066,0.018,0.974,0,2.3011536894003184,1.0,64.44070027418789,-1.0,3.0,52.247478,21.051167,1.0
549,2026-05-11 18:45:57.900000+00:00,52.2476999,21.052044,87.5,0.06,-0.067,0.018,0.974,0,2.134481694158981,1.0,64.60302595939329,-1.0,3.0,52.247478,21.051167,1.0
554,2026-05-11 18:45:58.400000+00:00,52.2476982,21.0520476,87.6,0.09,-0.067,0.019,0.976,0,2.228504098505253,1.0,64.75789003802487,-1.0,3.0,52.247478,21.051167,1.0
559,2026-05-11 18:45:58.900000+00:00,52.2476967,21.0520507,87.6,0.14,-0.068,0.018,0.976,0,1.936781753643464,1.0,64.89062717369393,-1.0,3.0,52.247478,21.051167,1.0
564,2026-05-11 18:45:59.400000+00:00,52.2476953,21.0520532,87.7,0.04,-0.066,0.017,0.975,0,1.660708248167935,1.0,64.99041575586335,-1.0,3.0,52.247478,21.051167,1.0
569,2026-05-11 18:45:59.900000+00:00,52.2476941,21.0520556,87.8,0.04,-0.067,0.018,0.976,0,1.5188547143536917,1.0,65.09274699457174,-1.0,3.0,52.247478,21.051167,1.0
574,2026-05-11 18:46:00.400000+00:00,52.2476928,21.0520576,87.9,0.03,-0.066,0.021,0.976,0,1.4297881157985382,1.0,65.1661881286383,-1.0,3.0,52.247478,21.051167,1.0
579,2026-05-11 18:46:00.900000+00:00,52.2476918,21.0520591,88.0,0.19,-0.065,0.02,0.976,0,1.0869973040667738,1.0,65.22059817819657,-1.0,3.0,52.247478,21.051167,1.0
584,2026-05-11 18:46:01.400000+00:00,52.2476907,21.0520607,88.2,0.17,-0.067,0.019,0.976,0,1.1792575163888834,1.0,65.27762743556666,-1.0,3.0,52.247478,21.051167,1.0
589,2026-05-11 18:46:01.900000+00:00,52.2476897,21.052062,88.3,0.05,-0.066,0.019,0.977,0,1.0232372793506763,1.0,65.31997088100461,-1.0,3.0,52.247478,21.051167,1.0
594,2026-05-11 18:46:02.400000+00:00,52.2476886,21.0520634,88.4,0.18,-0.064,0.018,0.976,0,1.1164627506002196,1.0,65.36496705741996,-1.0,3.0,52.247478,21.051167,1.0
599,2026-05-11 18:46:02.900000+00:00,52.2476877,21.0520648,88.4,0.02,-0.066,0.021,0.975,0,0.995039055552198,1.0,65.41822329058705,-1.0,3.0,52.247478,21.051167,1.0
604,2026-05-11 18:46:03.400000+00:00,52.2476868,21.0520662,88.5,0.17,-0.067,0.021,0.976,0,0.995039065152644,1.0,65.47172792544148,-1.0,3.0,52.247478,21.051167,1.0
609,2026-05-11 18:46:03.900000+00:00,52.2476861,21.0520672,88.5,0.13,-0.068,0.02,0.975,0,0.7445393145983882,1.0,65.50785258131756,-1.0,3.0,52.247478,21.051167,1.0
614,2026-05-11 18:46:04.400000+00:00,52.2476853,21.0520682,88.6,0.06,-0.064,0.02,0.974,0,0.8065256914670714,1.0,65.54020895128843,-1.0,3.0,52.247478,21.051167,1.0
619,2026-05-11 18:46:04.900000+00:00,52.2476843,21.0520694,88.6,0.16,-0.065,0.019,0.975,0,0.9934526925591632,1.0,65.57771211968723,-1.0,3.0,52.247478,21.051167,1.0
624,2026-05-11 18:46:05.400000+00:00,52.2476834,21.0520708,88.6,0.42,-0.066,0.02,0.976,0,0.9950391014209962,1.0,65.63211799900829,-1.0,3.0,52.247478,21.051167,1.0
629,2026-05-11 18:46:05.900000+00:00,52.2476825,21.0520718,88.6,0.1,-0.067,0.02,0.975,0,0.871463094339221,1.0,65.66122236460488,-1.0,3.0,52.247478,21.051167,1.0
634,2026-05-11 18:46:06.400000+00:00,52.2476815,21.0520723,88.5,0.13,-0.067,0.019,0.975,0,0.8372767218986295,1.0,65.65475055397015,-1.0,3.0,52.247478,21.051167,1.0
639,2026-05-11 18:46:06.900000+00:00,52.2476795,21.0520718,88.4,0.14,-0.066,0.02,0.973,0,1.6198549531865185,1.0,65.54644648862528,-1.0,3.0,52.247478,21.051167,1.0
644,2026-05-11 18:46:07.400000+00:00,52.2476781,21.0520729,88.4,0.14,-0.068,0.019,0.975,0,1.243790391662023,1.0,65.56383499718419,-1.0,3.0,52.247478,21.051167,1.0
649,2026-05-11 18:46:07.900000+00:00,52.247677,21.0520743,88.4,0.1,-0.066,0.018,0.975,0,1.116462856864617,1.0,65.6121465730048,-1.0,3.0,52.247478,21.051167,1.0
654,2026-05-11 18:46:08.400000+00:00,52.2476757,21.0520758,88.5,0.15,-0.068,0.018,0.978,0,1.2742958892319691,1.0,65.65975411038292,-1.0,3.0,52.247478,21.051167,1.0
659,2026-05-11 18:46:08.900000+00:00,52.2476741,21.0520769,88.5,0.09,-0.068,0.021,0.975,0,1.3898180301982783,1.0,65.67103724093755,-1.0,3.0,52.247478,21.051167,1.0
664,2026-05-11 18:46:09.400000+00:00,52.2476728,21.0520779,88.5,0.06,-0.066,0.02,0.975,0,1.1504338500152873,1.0,65.6874498616266,-1.0,3.0,52.247478,21.051167,1.0
669,2026-05-11 18:46:09.900000+00:00,52.2476717,21.0520788,88.5,0.06,-0.066,0.018,0.975,0,0.9849791515365092,1.0,65.70510101146547,-1.0,3.0,52.247478,21.051167,1.0
674,2026-05-11 18:46:10.400000+00:00,52.2476706,21.0520797,88.5,0.03,-0.068,0.019,0.977,0,0.984979160988617,1.0,65.7230321793315,-1.0,3.0,52.247478,21.051167,1.0
679,2026-05-11 18:46:10.900000+00:00,52.2476695,21.0520809,88.5,0.09,-0.066,0.02,0.975,0,1.0590332007276635,1.0,65.76056617981644,-1.0,3.0,52.247478,21.051167,1.0
684,2026-05-11 18:46:11.400000+00:00,52.2476688,21.0520821,88.6,0.35,-0.065,0.019,0.975,0,0.8124382330745924,1.0,65.8127321666629,-1.0,3.0,52.247478,21.051167,1.0
689,2026-05-11 18:46:11.900000+00:00,52.247668,21.052083,88.7,0.15,-0.062,0.017,0.976,0,0.7777103555959718,1.0,65.84213835889315,-1.0,3.0,52.247478,21.051167,1.0
694,2026-05-11 18:46:12.400000+00:00,52.2476674,21.052084,88.7,0.39,-0.066,0.022,0.976,0,0.6863041793007889,1.0,65.88526516994798,-1.0,3.0,52.247478,21.051167,1.0
699,2026-05-11 18:46:12.900000+00:00,52.2476669,21.0520847,88.8,0.1,-0.068,0.019,0.976,0,0.5272301877982538,1.0,65.91268387697643,-1.0,3.0,52.247478,21.051167,1.0
704,2026-05-11 18:46:13.400000+00:00,52.2476666,21.0520851,88.8,0.24,-0.067,0.019,0.975,0,0.3100474885707481,1.0,65.92787780456396,-1.0,3.0,52.247478,21.051167,1.0
709,2026-05-11 18:46:13.900000+00:00,52.2476663,21.0520855,88.8,0.21,-0.066,0.02,0.976,0,0.3100474903950235,1.0,65.94309635237013,-1.0,3.0,52.247478,21.051167,1.0
714,2026-05-11 18:46:14.400000+00:00,52.2476659,21.0520861,88.8,0.05,-0.067,0.019,0.978,0,0.434799036851913,1.0,65.96773095704728,-1.0,3.0,52.247478,21.051167,1.0
719,2026-05-11 18:46:14.900000+00:00,52.2476656,21.0520867,88.8,0.07,-0.066,0.02,0.974,0,0.3797138304470094,1.0,65.99592539597656,-1.0,3.0,52.247478,21.051167,1.0
724,2026-05-11 18:46:15.400000+00:00,52.2476653,21.0520871,88.8,0.13,-0.069,0.019,0.975,0,0.3100474892445311,1.0,66.01122938480374,-1.0,3.0,52.247478,21.051167,1.0
729,2026-05-11 18:46:15.900000+00:00,52.2476648,21.0520876,88.8,0.16,-0.065,0.018,0.975,0,0.4693696962787807,1.0,66.02602002090667,-1.0,3.0,52.247478,21.051167,1.0
734,2026-05-11 18:46:16.400000+00:00,52.2476645,21.052088,88.9,0.03,-0.067,0.023,0.976,0,0.3100474954253632,1.0,66.0413872341779,-1.0,3.0,52.247478,21.051167,1.0
739,2026-05-11 18:46:16.900000+00:00,52.247664,21.0520888,88.8,0.1,-0.068,0.021,0.976,0,0.5603673344549115,1.0,66.07567472172742,-1.0,3.0,52.247478,21.051167,1.0
744,2026-05-11 18:46:17.400000+00:00,52.2476638,21.0520891,88.8,0.37,-0.069,0.021,0.975,0,0.217399525233611,1.0,66.0881170561374,-1.0,3.0,52.247478,21.051167,1.0
749,2026-05-11 18:46:17.900000+00:00,52.2476633,21.05209,88.8,0.06,-0.065,0.02,0.976,0,0.5956985198426381,1.0,66.12897643069672,-1.0,3.0,52.247478,21.051167,1.0
754,2026-05-11 18:46:18.400000+00:00,52.247663,21.0520907,88.8,0.05,-0.065,0.02,0.976,0,0.4188283048473821,1.0,66.16388234312866,-1.0,3.0,52.247478,21.051167,1.0
759,2026-05-11 18:46:18.900000+00:00,52.2476627,21.0520914,88.9,0.08,-0.065,0.019,0.975,0,0.4188283029165047,1.0,66.19882096619462,-1.0,3.0,52.247478,21.051167,1.0
764,2026-05-11 18:46:19.400000+00:00,52.2476622,21.0520926,88.8,0.06,-0.067,0.02,0.974,0,0.7114943202709287,1.0,66.25928271496045,-1.0,3.0,52.247478,21.051167,1.0
769,2026-05-11 18:46:19.900000+00:00,52.2476616,21.0520937,88.8,0.06,-0.066,0.02,0.975,0,0.7221283109478113,1.0,66.30993543325314,-1.0,3.0,52.247478,21.051167,1.0
774,2026-05-11 18:46:20.400000+00:00,52.2476609,21.0520952,88.8,0.21,-0.067,0.018,0.975,0,0.9244843264300804,1.0,66.38321401741149,-1.0,3.0,52.247478,21.051167,1.0
779,2026-05-11 18:46:20.900000+00:00,52.2476604,21.0520963,88.8,0.21,-0.068,0.02,0.977,0,0.6715378352333866,1.0,66.43751057783857,-1.0,3.0,52.247478,21.051167,1.0
784,2026-05-11 18:46:21.400000+00:00,52.2476596,21.0520975,88.8,0.12,-0.066,0.019,0.977,0,0.8695981321572118,1.0,66.48824033722774,-1.0,3.0,52.247478,21.051167,1.0
789,2026-05-11 18:46:21.900000+00:00,52.2476588,21.0520987,88.9,0.11,-0.064,0.02,0.976,0,0.8695981355803721,1.0,66.53915065114647,-1.0,3.0,52.247478,21.051167,1.0
794,2026-05-11 18:46:22.400000+00:00,52.2476579,21.0521001,88.9,0.3,-0.067,0.021,0.976,0,0.9950393745088127,1.0,66.59988683388262,-1.0,3.0,52.247478,21.051167,1.0
799,2026-05-11 18:46:22.900000+00:00,52.2476571,21.0521013,88.9,0.16,-0.063,0.02,0.974,0,0.8695981583271819,1.0,66.65118112378283,-1.0,3.0,52.247478,21.051167,1.0
804,2026-05-11 18:46:23.400000+00:00,52.247656,21.0521029,88.9,0.16,-0.068,0.019,0.974,0,1.1792579215600818,1.0,66.71875263419523,-1.0,3.0,52.247478,21.051167,1.0
809,2026-05-11 18:46:23.900000+00:00,52.2476548,21.0521047,88.9,0.1,-0.065,0.018,0.975,0,1.3043972582368968,1.0,66.79639603436098,-1.0,3.0,52.247478,21.051167,1.0
814,2026-05-11 18:46:24.400000+00:00,52.2476541,21.0521059,88.9,0.12,-0.067,0.021,0.975,0,0.8124383741731268,1.0,66.85163705305887,-1.0,3.0,52.247478,21.051167,1.0
819,2026-05-11 18:46:24.900000+00:00,52.2476534,21.0521072,88.9,0.1,-0.067,0.019,0.974,0,0.8486003637181143,1.0,66.91353504832867,-1.0,3.0,52.247478,21.051167,1.0
824,2026-05-11 18:46:25.400000+00:00,52.2476527,21.0521083,89.0,0.09,-0.065,0.02,0.974,0,0.7776856580080376,1.0,66.96255282059137,-1.0,3.0,52.247478,21.051167,1.0
829,2026-05-11 18:46:25.900000+00:00,52.2476518,21.0521097,89.0,0.06,-0.067,0.018,0.976,0,0.9950394385033164,1.0,67.02484750761744,-1.0,3.0,52.247478,21.051167,1.0
834,2026-05-11 18:46:26.400000+00:00,52.247651,21.052111,89.1,0.1,-0.068,0.02,0.976,0,0.9034752427127216,1.0,67.0840343575491,-1.0,3.0,52.247478,21.051167,1.0
839,2026-05-11 18:46:26.900000+00:00,52.2476502,21.0521125,89.2,0.1,-0.067,0.024,0.979,0,0.9750981576277497,1.0,67.15645410068653,-1.0,3.0,52.247478,21.051167,1.0
844,2026-05-11 18:46:27.400000+00:00,52.2476494,21.0521142,89.2,0.14,-0.067,0.018,0.964,0,1.050993153601389,1.0,67.24212601547724,-1.0,3.0,52.247478,21.051167,1.0
849,2026-05-11 18:46:27.900000+00:00,52.2476491,21.052115,89.3,0.08,-0.072,0.007,0.98,0,0.4598446572587153,1.0,67.28491784331308,-1.0,3.0,52.247478,21.051167,1.0
854,2026-05-11 18:46:28.400000+00:00,52.2476489,21.0521159,89.4,0.16,-0.07,0.01,0.975,0,0.4693122765089288,1.0,67.33741163866846,-1.0,3.0,52.247478,21.051167,1.0
859,2026-05-11 18:46:28.900000+00:00,52.2476488,21.0521165,89.4,0.24,-0.068,0.011,0.972,0,0.3048038430024521,1.0,67.3734645327869,-1.0,3.0,52.247478,21.051167,1.0
864,2026-05-11 18:46:29.400000+00:00,52.2476488,21.0521169,89.5,0.08,-0.07,0.013,0.982,0,0.1960677030991344,1.0,67.39959229192846,-1.0,3.0,52.247478,21.051167,1.0
869,2026-05-11 18:46:29.900000+00:00,52.2476486,21.0521177,89.6,0.28,-0.068,0.013,0.972,0,0.4235667757965025,1.0,67.44559222130161,-1.0,3.0,52.247478,21.051167,1.0
874,2026-05-11 18:46:30.400000+00:00,52.2476485,21.0521181,89.6,0.06,-0.069,0.011,0.973,0,0.211783390196207,1.0,67.46859966095849,-1.0,3.0,52.247478,21.051167,1.0
879,2026-05-11 18:46:30.900000+00:00,52.2476486,21.0521185,89.6,0.09,-0.068,0.013,0.973,0,0.2117833887528854,1.0,67.49785869137395,-1.0,3.0,52.247478,21.051167,1.0
884,2026-05-11 18:46:31.400000+00:00,52.2476486,21.0521189,89.6,0.17,-0.066,0.012,0.976,0,0.1960677039829813,1.0,67.5239932286801,-1.0,3.0,52.247478,21.051167,1.0
889,2026-05-11 18:46:31.900000+00:00,52.2476491,21.0521188,89.7,0.21,-0.068,0.012,0.977,0,0.4032916265136624,1.0,67.5331010276355,-1.0,3.0,52.247478,21.051167,1.0
894,2026-05-11 18:46:32.400000+00:00,52.2476492,21.0521191,89.7,0.24,-0.065,0.012,0.975,0,0.1674323457014525,1.0,67.5558302498469,-1.0,3.0,52.247478,21.051167,1.0
899,2026-05-11 18:46:32.900000+00:00,52.2476499,21.0521189,89.7,0.14,-0.068,0.011,0.975,0,0.5689322752838019,1.0,67.56474486203423,-1.0,3.0,52.247478,21.051167,1.0
904,2026-05-11 18:46:33.400000+00:00,52.2476502,21.0521189,89.8,0.09,-0.068,0.013,0.975,0,0.2401810465761045,1.0,67.57418950900842,-1.0,3.0,52.247478,21.051167,1.0
909,2026-05-11 18:46:33.900000+00:00,52.2476504,21.0521189,89.8,0.05,-0.069,0.014,0.975,0,0.1601206909271013,1.0,67.58049435460538,-1.0,3.0,52.247478,21.051167,1.0
914,2026-05-11 18:46:34.400000+00:00,52.2476507,21.052119,89.8,0.07,-0.068,0.015,0.975,0,0.2451317840450718,1.0,67.59649163320178,-1.0,3.0,52.247478,21.051167,1.0
919,2026-05-11 18:46:34.900000+00:00,52.2476508,21.0521193,89.9,0.25,-0.067,0.011,0.977,0,0.1674323410439162,1.0,67.61923291570596,-1.0,3.0,52.247478,21.051167,1.0
924,2026-05-11 18:46:35.400000+00:00,52.247651,21.0521195,89.9,0.17,-0.068,0.011,0.977,0,0.1877478911998389,1.0,67.63860895510645,-1.0,3.0,52.247478,21.051167,1.0
929,2026-05-11 18:46:35.900000+00:00,52.2476513,21.0521194,90.0,0.09,-0.068,0.013,0.975,0,0.2451317839125203,1.0,67.6415777663111,-1.0,3.0,52.247478,21.051167,1.0
934,2026-05-11 18:46:36.400000+00:00,52.2476517,21.0521192,90.0,0.04,-0.068,0.013,0.975,0,0.334910705473513,1.0,67.6412129714363,-1.0,3.0,52.247478,21.051167,1.0
939,2026-05-11 18:46:36.900000+00:00,52.2476522,21.0521188,90.0,0.06,-0.068,0.014,0.976,0,0.4457398566292904,1.0,67.63101781899665,-1.0,3.0,52.247478,21.051167,1.0
944,2026-05-11 18:46:37.400000+00:00,52.2476524,21.0521187,90.1,0.16,-0.066,0.014,0.976,0,0.1674553546846968,1.0,67.63086841428071,-1.0,3.0,52.247478,21.051167,1.0
949,2026-05-11 18:46:37.900000+00:00,52.247653,21.0521186,90.1,0.09,-0.067,0.012,0.976,0,0.4828564894255611,1.0,67.64350835836079,-1.0,3.0,52.247478,21.051167,1.0
954,2026-05-11 18:46:38.400000+00:00,52.2476529,21.0521213,90.0,0.25,-0.07,0.014,0.974,0,1.325876217006036,1.0,67.81638326796248,-1.0,3.0,52.247478,21.051167,1.0
959,2026-05-11 18:46:38.900000+00:00,52.2476544,21.0521218,89.9,0.18,-0.067,0.012,0.975,0,1.2256589211674995,1.0,67.89698959802267,-1.0,3.0,52.247478,21.051167,1.0
964,2026-05-11 18:46:39.400000+00:00,52.2476552,21.0521211,90.0,0.26,-0.069,0.012,0.976,0,0.7266006069931678,1.0,67.8771361356972,-1.0,3.0,52.247478,21.051167,1.0
969,2026-05-11 18:46:39.900000+00:00,52.2476556,21.0521213,90.0,0.12,-0.068,0.014,0.977,0,0.334910707820689,1.0,67.90308767927152,-1.0,3.0,52.247478,21.051167,1.0
974,2026-05-11 18:46:40.400000+00:00,52.2476563,21.0521209,90.1,0.13,-0.07,0.013,0.976,0,0.5937304403548305,1.0,67.8997197269285,-1.0,3.0,52.247478,21.051167,1.0
979,2026-05-11 18:46:40.900000+00:00,52.2476569,21.0521207,90.1,0.07,-0.067,0.01,0.976,0,0.4902635651052792,1.0,67.90621136219448,-1.0,3.0,52.247478,21.051167,1.0
984,2026-05-11 18:46:41.400000+00:00,52.2476574,21.0521204,90.2,0.1,-0.07,0.012,0.976,0,0.4264567971418747,1.0,67.90299600308018,-1.0,3.0,52.247478,21.051167,1.0
989,2026-05-11 18:46:41.900000+00:00,52.2476579,21.0521203,90.3,0.22,-0.065,0.012,0.975,0,0.4032916303869616,1.0,67.9128438119014,-1.0,3.0,52.247478,21.051167,1.0
994,2026-05-11 18:46:42.400000+00:00,52.2476585,21.0521201,90.4,0.08,-0.067,0.013,0.974,0,0.4902635643983378,1.0,67.91951714456897,-1.0,3.0,52.247478,21.051167,1.0
999,2026-05-11 18:46:42.900000+00:00,52.247659,21.05212,90.5,0.1,-0.07,0.013,0.976,0,0.4032916251842826,1.0,67.92946471472895,-1.0,3.0,52.247478,21.051167,1.0
1004,2026-05-11 18:46:43.400000+00:00,52.2476589,21.0521204,90.6,0.16,-0.066,0.013,0.976,0,0.2117833476466963,1.0,67.95218183395772,-1.0,3.0,52.247478,21.051167,1.0
1009,2026-05-11 18:46:43.900000+00:00,52.2476587,21.052121,90.7,0.1,-0.07,0.014,0.975,0,0.3348646279158744,1.0,67.98462378135888,-1.0,3.0,52.247478,21.051167,1.0
1014,2026-05-11 18:46:44.400000+00:00,52.2476586,21.0521214,90.7,0.06,-0.069,0.013,0.976,0,0.2117833488740861,1.0,68.00735519031497,-1.0,3.0,52.247478,21.051167,1.0
1019,2026-05-11 18:46:44.900000+00:00,52.2476584,21.0521218,90.8,0.08,-0.07,0.011,0.975,0,0.2531425765682274,1.0,68.02681207579907,-1.0,3.0,52.247478,21.051167,1.0
1024,2026-05-11 18:46:45.400000+00:00,52.2476582,21.0521223,90.9,0.11,-0.068,0.012,0.974,0,0.2927543117904212,1.0,68.05278766264632,-1.0,3.0,52.247478,21.051167,1.0
1029,2026-05-11 18:46:45.900000+00:00,52.2476579,21.0521231,90.9,0.08,-0.068,0.014,0.974,0,0.4598445842831786,1.0,68.09503174976707,-1.0,3.0,52.247478,21.051167,1.0
1034,2026-05-11 18:46:46.400000+00:00,52.2476576,21.0521238,91.0,0.06,-0.068,0.014,0.975,0,0.4188283407033226,1.0,68.1308006003833,-1.0,3.0,52.247478,21.051167,1.0
1039,2026-05-11 18:46:46.900000+00:00,52.2476571,21.0521241,90.9,0.09,-0.069,0.006,0.964,0,0.4264568016936825,1.0,68.1340564490437,-1.0,3.0,52.247478,21.051167,1.0
1044,2026-05-11 18:46:47.400000+00:00,52.2476567,21.0521247,90.8,0.17,-0.075,0.017,0.979,0,0.4347990781029436,1.0,68.16014163367589,-1.0,3.0,52.247478,21.051167,1.0
1049,2026-05-11 18:46:47.900000+00:00,52.2476564,21.0521255,90.8,0.06,-0.075,0.008,0.973,0,0.4598445982487462,1.0,68.2025312847152,-1.0,3.0,52.247478,21.051167,1.0
1054,2026-05-11 18:46:48.400000+00:00,52.247656,21.0521267,90.8,0.14,-0.071,0.014,0.974,0,0.6697292934112341,1.0,68.26779012440844,-1.0,3.0,52.247478,21.051167,1.0
1059,2026-05-11 18:46:48.900000+00:00,52.2476555,21.0521278,90.8,0.1,-0.072,0.015,0.972,0,0.6715378842979188,1.0,68.32338293918785,-1.0,3.0,52.247478,21.051167,1.0
1064,2026-05-11 18:46:49.400000+00:00,52.2476549,21.0521284,90.7,0.09,-0.068,0.014,0.976,0,0.5632436682166312,1.0,68.3432582397288,-1.0,3.0,52.247478,21.051167,1.0
1069,2026-05-11 18:46:49.900000+00:00,52.2476543,21.0521291,90.6,0.05,-0.069,0.015,0.972,0,0.5903202438013241,1.0,68.36973931598685,-1.0,3.0,52.247478,21.051167,1.0
1074,2026-05-11 18:46:50.400000+00:00,52.2476536,21.0521293,90.5,0.13,-0.071,0.012,0.978,0,0.5689322738771664,1.0,68.3605109227414,-1.0,3.0,52.247478,21.051167,1.0
1079,2026-05-11 18:46:50.900000+00:00,52.2476528,21.0521298,90.3,0.03,-0.065,0.012,0.974,0,0.6857730331542349,1.0,68.36779045030757,-1.0,3.0,52.247478,21.051167,1.0
1084,2026-05-11 18:46:51.400000+00:00,52.2476521,21.0521306,90.3,0.11,-0.068,0.012,0.975,0,0.6839908258018566,1.0,68.3979374658687,-1.0,3.0,52.247478,21.051167,1.0
1089,2026-05-11 18:46:51.900000+00:00,52.2476517,21.0521312,90.3,0.05,-0.07,0.013,0.976,0,0.4347991042729133,1.0,68.42454763097193,-1.0,3.0,52.247478,21.051167,1.0
1094,2026-05-11 18:46:52.400000+00:00,52.2476513,21.0521319,90.4,0.08,-0.068,0.012,0.974,0,0.4693450988934136,1.0,68.45773333932287,-1.0,3.0,52.247478,21.051167,1.0
1099,2026-05-11 18:46:52.900000+00:00,52.2476508,21.0521326,90.4,0.14,-0.067,0.011,0.975,0,0.5272302688299132,1.0,68.48784464200871,-1.0,3.0,52.247478,21.051167,1.0
1104,2026-05-11 18:46:53.400000+00:00,52.2476503,21.0521334,90.4,0.18,-0.066,0.013,0.975,0,0.5603674228275296,1.0,68.52455735740638,-1.0,3.0,52.247478,21.051167,1.0
1109,2026-05-11 18:46:53.900000+00:00,52.2476492,21.052134,90.5,0.55,-0.024,-0.002,0.976,0,0.9284742732025004,1.0,68.52969968940735,-1.0,3.0,52.247478,21.051167,1.0
1114,2026-05-11 18:46:54.400000+00:00,52.2476477,21.0521344,90.5,1.32,-0.012,-0.009,0.979,0,1.216805597709613,1.0,68.5097336165697,-1.0,3.0,52.247478,21.051167,1.0
1119,2026-05-11 18:46:54.900000+00:00,52.2476445,21.0521322,90.9,2.93,-0.005,-0.007,0.979,0,2.7796363284830825,1.0,68.26841229393413,-1.0,3.0,52.247478,21.051167,1.0
1124,2026-05-11 18:46:55.400000+00:00,52.2476389,21.0521349,90.9,4.17,0.002,-0.005,0.977,0,4.674636905995361,1.0,68.27955813009017,-1.0,3.0,52.247478,21.051167,1.0
1129,2026-05-11 18:46:55.900000+00:00,52.2476315,21.0521367,90.9,5.66,0.007,-0.015,0.981,0,5.989804314361104,1.0,68.18722089917792,-1.0,3.0,52.247478,21.051167,1.0
1134,2026-05-11 18:46:56.400000+00:00,52.2476227,21.0521356,90.9,7.07,0.017,-0.011,0.974,0,7.065912732784859,1.0,67.87613773550734,-1.0,3.0,52.247478,21.051167,1.0
1139,2026-05-11 18:46:56.900000+00:00,52.2476127,21.0521335,91.0,8.72,0.024,-0.024,0.979,0,8.071936949644664,1.0,67.48178097212732,-1.0,3.0,52.247478,21.051167,1.0
1144,2026-05-11 18:46:57.400000+00:00,52.2475981,21.0521344,91.2,11.17,0.024,-0.021,0.974,0,11.697132599180549,1.0,67.20016996738055,-1.0,3.0,52.247478,21.051167,1.0
1149,2026-05-11 18:46:57.900000+00:00,52.2475841,21.0521319,91.2,12.47,-0.039,0.001,0.992,0,11.2752377314185,1.0,66.74068796255797,-1.0,3.0,52.247478,21.051167,1.0
1154,2026-05-11 18:46:58.400000+00:00,52.247569,21.0521281,91.3,11.67,-0.148,-0.047,0.947,0,12.23176561707159,1.0,66.20876864394502,-1.0,3.0,52.247478,21.051167,1.0
1159,2026-05-11 18:46:58.900000+00:00,52.2475539,21.0521246,91.3,12.08,-0.15,-0.029,0.951,0,12.210237839012295,1.0,65.73672801258948,-1.0,3.0,52.247478,21.051167,1.0
1164,2026-05-11 18:46:59.400000+00:00,52.2475377,21.0521225,91.3,13.01,-0.135,-0.04,0.966,0,13.0105600669951,1.0,65.38759608986925,-1.0,3.0,52.247478,21.051167,1.0
1169,2026-05-11 18:46:59.900000+00:00,52.2475221,21.0521188,91.5,12.75,-0.13,-0.085,0.987,0,12.620409028441664,1.0,64.98315295920789,-1.0,3.0,52.247478,21.051167,1.0
1174,2026-05-11 18:47:00.400000+00:00,52.2475041,21.0521153,91.7,14.66,-0.094,-0.072,0.936,0,14.512623227872703,1.0,64.62480436996718,-1.0,3.0,52.247478,21.051167,1.0
1179,2026-05-11 18:47:00.900000+00:00,52.2474882,21.0521044,91.8,13.64,-0.122,-0.077,0.958,0,13.805389602620648,1.0,63.82763019037445,-1.0,3.0,52.247478,21.051167,1.0
1184,2026-05-11 18:47:01.400000+00:00,52.2474716,21.0520927,91.9,14.85,-0.14,-0.129,0.978,0,14.474626701392047,1.0,63.02505407327135,-1.0,3.0,52.247478,21.051167,1.0
1189,2026-05-11 18:47:01.900000+00:00,52.2474554,21.0520776,91.9,15.16,-0.158,-0.172,0.944,0,14.933137022739396,1.0,62.04396339059589,-1.0,3.0,52.247478,21.051167,1.0
1194,2026-05-11 18:47:02.400000+00:00,52.2474383,21.0520601,92.3,15.98,-0.143,-0.164,0.932,0,16.155709400376697,1.0,60.96171490457375,-1.0,3.0,52.247478,21.051167,1.0
1199,2026-05-11 18:47:02.900000+00:00,52.2474211,21.052042,92.3,16.34,-0.165,-0.213,0.947,0,16.381014817668323,1.0,59.90450697157455,-1.0,3.0,52.247478,21.051167,1.0
1204,2026-05-11 18:47:03.400000+00:00,52.247407,21.0520164,92.2,16.7,-0.166,-0.209,0.953,0,16.878766568862087,1.0,58.36306275857605,-1.0,3.0,52.247478,21.051167,1.0
1209,2026-05-11 18:47:03.900000+00:00,52.247396,21.0519858,92.1,17.06,-0.183,-0.224,0.929,0,17.393526451066176,1.0,56.484198107371135,-1.0,3.0,52.247478,21.051167,1.0
1214,2026-05-11 18:47:04.400000+00:00,52.2473871,21.0519524,92.0,17.25,-0.174,-0.232,0.944,0,17.8551126090139,1.0,54.41651850851449,-1.0,3.0,52.247478,21.051167,1.0
1219,2026-05-11 18:47:04.900000+00:00,52.2473817,21.0519154,92.0,18.79,-0.181,-0.22,0.938,0,18.64453013284811,1.0,52.06369874363237,-1.0,3.0,52.247478,21.051167,1.0
1224,2026-05-11 18:47:05.400000+00:00,52.2473788,21.0518775,92.1,18.64,-0.183,-0.231,0.938,0,18.72204697293044,1.0,49.61219378816811,-1.0,3.0,52.247478,21.051167,1.0
1229,2026-05-11 18:47:05.900000+00:00,52.2473799,21.0518376,92.1,19.55,-0.19,-0.217,0.939,0,19.57768961079965,1.0,46.93912274375919,-1.0,3.0,52.247478,21.051167,1.0
1234,2026-05-11 18:47:06.400000+00:00,52.2473814,21.0517929,92.1,20.34,-0.155,-0.119,0.947,0,21.943583771137813,1.0,43.943905073542965,-1.0,3.0,52.247478,21.051167,1.0
1239,2026-05-11 18:47:06.900000+00:00,52.2473875,21.0517459,91.5,21.01,-0.107,-0.107,0.952,0,23.55003269197914,1.0,40.67562504364129,-1.0,3.0,52.247478,21.051167,1.0
1244,2026-05-11 18:47:07.400000+00:00,52.2473954,21.0516974,91.2,22.83,-0.092,-0.105,0.966,0,24.600298842470952,1.0,37.259104194134906,-1.0,3.0,52.247478,21.051167,1.0
1249,2026-05-11 18:47:07.900000+00:00,52.2474022,21.0516448,90.8,23.89,-0.051,-0.055,0.969,0,26.351543359980795,1.0,33.60257586389508,-1.0,3.0,52.247478,21.051167,1.0
1254,2026-05-11 18:47:08.400000+00:00,52.2474078,21.0515867,90.8,25.65,-0.059,0.01,0.986,0,28.82973429831778,1.0,29.619981833929117,-1.0,3.0,52.247478,21.051167,1.0
1259,2026-05-11 18:47:08.900000+00:00,52.2474128,21.0515286,90.7,27.26,-0.068,-0.033,0.966,0,28.75894370000096,1.0,25.66286417580578,-1.0,3.0,52.247478,21.051167,1.0
1264,2026-05-11 18:47:09.400000+00:00,52.2474179,21.051468,90.7,28.61,-0.095,-0.032,0.972,0,29.983723751278344,1.0,21.55406245575753,-1.0,3.0,52.247478,21.051167,1.0
1269,2026-05-11 18:47:09.900000+00:00,52.2474217,21.0514055,90.8,29.69,-0.077,-0.015,0.963,0,30.78642409666844,1.0,17.40198013545291,-1.0,3.0,52.247478,21.051167,1.0
1274,2026-05-11 18:47:10.400000+00:00,52.247425,21.0513416,90.9,30.68,-0.098,-0.02,0.966,0,31.433202435344462,1.0,13.267402689606374,-1.0,3.0,52.247478,21.051167,1.0
1279,2026-05-11 18:47:10.900000+00:00,52.2474273,21.051277,91.0,31.75,-0.1,-0.014,0.967,0,31.71858787813262,1.0,9.373548841526208,-1.0,3.0,52.247478,21.051167,1.0
1284,2026-05-11 18:47:11.400000+00:00,52.2474302,21.0512104,90.9,32.67,-0.094,-0.015,0.958,0,32.72789193755083,1.0,6.081150961967036,-1.0,3.0,52.247478,21.051167,1.0
1289,2026-05-11 18:47:11.900000+00:00,52.2474366,21.0511361,90.9,33.82,-0.108,-0.008,0.978,0,36.7784222347169,1.0,5.061352390994714,-1.0,3.0,52.247478,21.051167,1.0
1294,2026-05-11 18:47:12.400000+00:00,52.2474409,21.0510627,91.0,35.41,-0.087,-0.014,0.965,0,36.14292004628615,1.0,8.212062513250192,-1.0,3.0,52.247478,21.051167,1.0
1299,2026-05-11 18:47:12.900000+00:00,52.2474428,21.0509891,91.2,35.4,-0.095,-0.035,0.977,0,36.1086803830253,1.0,12.728074154277792,-1.0,3.0,52.247478,21.051167,1.0
1304,2026-05-11 18:47:13.400000+00:00,52.247445,21.0509125,91.5,37.57,-0.071,-0.021,0.931,0,37.58842749400408,1.0,17.710498613197387,-1.0,3.0,52.247478,21.051167,1.0
1309,2026-05-11 18:47:13.900000+00:00,52.2474474,21.0508344,91.7,38.46,-0.113,-0.028,1.016,0,38.33058354964034,1.0,22.897413977583152,-1.0,3.0,52.247478,21.051167,1.0
1314,2026-05-11 18:47:14.400000+00:00,52.2474525,21.0507526,91.8,39.42,-0.062,-0.028,0.941,0,40.303383678948,1.0,28.354212829239557,-1.0,3.0,52.247478,21.051167,1.0
1319,2026-05-11 18:47:14.900000+00:00,52.2474613,21.0506655,91.4,40.45,-0.092,-0.029,0.967,0,43.27132764089589,1.0,34.19225031940791,-1.0,3.0,52.247478,21.051167,1.0
1324,2026-05-11 18:47:15.400000+00:00,52.2474748,21.0505725,90.7,41.59,-0.11,-0.015,0.971,0,46.8496823988982,1.0,40.474724568802415,-1.0,3.0,52.247478,21.051167,1.0
1329,2026-05-11 18:47:15.900000+00:00,52.2474789,21.0504849,90.8,42.8,-0.114,-0.02,0.964,0,43.06427500894765,1.0,46.4370152877902,-1.0,3.0,52.247478,21.051167,1.0
1334,2026-05-11 18:47:16.400000+00:00,52.2474822,21.0503965,90.9,42.84,-0.148,-0.031,0.965,0,43.41159581949711,1.0,52.457196755155806,-1.0,3.0,52.247478,21.051167,1.0
1339,2026-05-11 18:47:16.900000+00:00,52.2474857,21.0503082,91.1,42.76,-0.171,-0.038,0.946,0,43.372716626278994,1.0,58.47278855890358,-1.0,3.0,52.247478,21.051167,1.0
1344,2026-05-11 18:47:17.400000+00:00,52.2474894,21.050221,91.1,42.46,-0.183,-0.032,0.956,0,42.84543809074563,1.0,64.41550752014648,-1.0,3.0,52.247478,21.051167,1.0
1349,2026-05-11 18:47:17.900000+00:00,52.247493,21.0501345,91.1,41.91,-0.162,-0.009,0.943,0,42.497637831205125,1.0,70.31167760990205,-1.0,3.0,52.247478,21.051167,1.0
1354,2026-05-11 18:47:18.400000+00:00,52.2474963,21.0500489,91.1,41.34,-0.17,-0.007,0.98,0,42.04173043812895,1.0,76.14667187100147,-1.0,3.0,52.247478,21.051167,1.0
1359,2026-05-11 18:47:18.900000+00:00,52.2474997,21.0499628,91.2,41.22,-0.171,-0.029,0.947,0,42.29140867036463,,82.01660562059517,-1.0,3.0,52.247478,21.051167,1.0
1364,2026-05-11 18:47:19.400000+00:00,52.2475034,21.0498778,91.5,41.24,-0.183,-0.013,0.964,0,41.76969564643693,,87.81327307179204,-1.0,3.0,52.247478,21.051167,1.0
1369,2026-05-11 18:47:19.900000+00:00,52.2475066,21.0497949,91.6,40.15,-0.165,-0.023,0.942,0,40.71584420505083,,88.19470547199771,-1.0,3.0,52.247686,21.048533,2.0
1374,2026-05-11 18:47:20.400000+00:00,52.2475094,21.0497118,91.7,40.21,-0.177,-0.012,0.968,0,40.794831853980206,,82.61928856982531,-1.0,3.0,52.247686,21.048533,2.0
1379,2026-05-11 18:47:20.900000+00:00,52.2475121,21.0496283,91.8,39.81,-0.171,-0.019,0.958,0,40.98630245068866,2.0,77.03350849464711,-1.0,3.0,52.247686,21.048533,2.0
1384,2026-05-11 18:47:21.400000+00:00,52.2475155,21.0495471,91.8,39.15,-0.173,-0.029,0.957,0,39.894836796685375,2.0,71.59486342466053,-1.0,3.0,52.247686,21.048533,2.0
1389,2026-05-11 18:47:21.900000+00:00,52.2475194,21.0494671,91.7,39.0,-0.176,-0.04,0.96,0,39.33776756817839,2.0,66.23603499906018,-1.0,3.0,52.247686,21.048533,2.0
1394,2026-05-11 18:47:22.400000+00:00,52.2475231,21.0493878,91.5,38.76,-0.186,-0.017,0.938,0,38.98324282148688,2.0,60.94793601905605,-1.0,3.0,52.247686,21.048533,2.0
1399,2026-05-11 18:47:22.900000+00:00,52.2475279,21.0493096,91.9,37.13,-0.267,-0.012,0.979,0,38.52349496625354,2.0,55.716397078315936,-1.0,3.0,52.247686,21.048533,2.0
1404,2026-05-11 18:47:23.400000+00:00,52.2475322,21.0492352,92.0,36.0,-0.194,-0.019,0.971,0,36.63081806425477,2.0,50.77208187525514,-1.0,3.0,52.247686,21.048533,2.0
1409,2026-05-11 18:47:23.900000+00:00,52.2475367,21.0491626,92.2,35.04,-0.189,-0.011,0.95,0,35.76828180710619,2.0,45.96531615120242,-1.0,3.0,52.247686,21.048533,2.0
1414,2026-05-11 18:47:24.400000+00:00,52.2475414,21.0490915,92.4,34.36,-0.154,-0.05,0.949,0,35.05366638529464,2.0,41.2821278033156,-1.0,3.0,52.247686,21.048533,2.0
1419,2026-05-11 18:47:24.900000+00:00,52.247548,21.0490226,92.6,33.28,-0.224,-0.098,0.973,0,34.18360003721492,2.0,36.69410125518117,-1.0,3.0,52.247686,21.048533,2.0
1424,2026-05-11 18:47:25.400000+00:00,52.2475592,21.0489544,92.4,33.0,-0.208,-0.09,0.944,0,34.611297663198044,2.0,31.966050262725915,-1.0,3.0,52.247686,21.048533,2.0
1429,2026-05-11 18:47:25.900000+00:00,52.2475726,21.0488887,91.9,31.56,-0.203,-0.088,0.934,0,33.94408742692479,2.0,27.30203943435566,-1.0,3.0,52.247686,21.048533,2.0
1434,2026-05-11 18:47:26.400000+00:00,52.247584,21.0488279,91.8,29.65,-0.266,-0.08,0.94,0,31.16856253571592,2.0,23.058730158231945,-1.0,3.0,52.247686,21.048533,2.0
1439,2026-05-11 18:47:26.900000+00:00,52.2476001,21.0487697,91.1,27.36,-0.288,-0.051,0.942,0,31.30471410614881,2.0,18.732461128090748,-1.0,3.0,52.247686,21.048533,2.0
1444,2026-05-11 18:47:27.400000+00:00,52.2476109,21.048721,91.0,24.01,-0.301,-0.047,0.915,0,25.38896629732836,2.0,15.282204094780449,-1.0,3.0,52.247686,21.048533,2.0
1449,2026-05-11 18:47:27.900000+00:00,52.2476205,21.0486773,91.1,21.42,-0.306,-0.032,0.952,0,22.7575370049475,2.0,12.229194139826694,-1.0,3.0,52.247686,21.048533,2.0
1454,2026-05-11 18:47:28.400000+00:00,52.2476302,21.0486392,91.3,18.7,-0.299,-0.003,0.965,0,20.225756730430007,2.0,9.527373378855795,-1.0,3.0,52.247686,21.048533,2.0
1459,2026-05-11 18:47:28.900000+00:00,52.2476408,21.0486068,90.9,16.3,-0.295,-0.003,0.905,0,18.006682458363844,2.0,7.106595733561288,-1.0,3.0,52.247686,21.048533,2.0
1464,2026-05-11 18:47:29.400000+00:00,52.2476505,21.0485822,90.4,11.68,-0.391,0.023,0.944,0,14.342517773753798,2.0,5.176987224961739,-1.0,3.0,52.247686,21.048533,2.0
1469,2026-05-11 18:47:29.900000+00:00,52.2476556,21.0485658,90.0,7.67,-0.393,0.041,0.917,0,9.0162868011082,2.0,4.051278360795344,-1.0,3.0,52.247686,21.048533,2.0
1474,2026-05-11 18:47:30.400000+00:00,52.2476588,21.0485556,89.8,3.01,-0.405,0.029,0.941,0,5.617895139594427,2.0,3.393355168872555,-1.0,3.0,52.247686,21.048533,2.0
1479,2026-05-11 18:47:30.900000+00:00,52.24766,21.0485512,89.5,0.24,-0.267,0.012,0.959,0,2.36104564297152,2.0,3.1453919585295176,-1.0,3.0,52.247686,21.048533,2.0
1484,2026-05-11 18:47:31.400000+00:00,52.2476605,21.0485483,89.4,0.09,-0.124,0.007,0.958,0,1.4767791491432227,2.0,3.0207355394729887,-1.0,3.0,52.247686,21.048533,2.0
1489,2026-05-11 18:47:31.900000+00:00,52.247661,21.048545,89.5,0.04,-0.137,0.0,0.969,0,1.666354019449744,2.0,2.8974297846678496,-1.0,3.0,52.247686,21.048533,2.0
1494,2026-05-11 18:47:32.400000+00:00,52.2476615,21.0485423,89.5,0.14,-0.137,0.007,0.966,0,1.382670932939603,2.0,2.796880038598416,-1.0,3.0,52.247686,21.048533,2.0
1499,2026-05-11 18:47:32.900000+00:00,52.2476617,21.0485403,89.3,0.05,-0.136,0.004,0.968,0,0.993328588464662,2.0,2.7473602683067546,-1.0,3.0,52.247686,21.048533,2.0
1504,2026-05-11 18:47:33.400000+00:00,52.2476615,21.048538,89.1,0.04,-0.138,0.005,0.969,0,1.138702996206832,2.0,2.745459332689278,-1.0,3.0,52.247686,21.048533,2.0
1509,2026-05-11 18:47:33.900000+00:00,52.2476613,21.0485357,89.0,0.12,-0.122,0.002,0.969,0,1.1387030043254962,2.0,2.752658767182377,-1.0,3.0,52.247686,21.048533,2.0
1514,2026-05-11 18:47:34.400000+00:00,52.2476617,21.0485322,88.9,0.85,-0.083,0.0,0.97,0,1.7452249531168922,2.0,2.702585551739986,-1.0,3.0,52.247686,21.048533,2.0
1519,2026-05-11 18:47:34.900000+00:00,52.2476632,21.0485273,88.7,1.97,-0.072,-0.007,0.979,0,2.6853219576084912,2.0,2.5647703492189518,-1.0,3.0,52.247686,21.048533,2.0
1524,2026-05-11 18:47:35.400000+00:00,52.247665,21.0485206,88.6,3.22,-0.072,-0.004,0.978,0,3.586399084165016,2.0,2.4830024435992923,-1.0,3.0,52.247686,21.048533,2.0
1529,2026-05-11 18:47:35.900000+00:00,52.2476675,21.0485127,88.4,4.09,-0.072,0.001,0.978,0,4.359015948982235,2.0,2.4782294210158944,-1.0,3.0,52.247686,21.048533,2.0
1534,2026-05-11 18:47:36.400000+00:00,52.2476706,21.0485024,88.1,5.19,-0.065,0.019,0.981,0,5.62578603711729,2.0,2.696686340058994,-1.0,3.0,52.247686,21.048533,2.0
1539,2026-05-11 18:47:36.900000+00:00,52.2476738,21.0484888,88.0,6.62,-0.049,0.02,0.975,0,7.141640219570103,2.0,3.3007486713117222,-1.0,3.0,52.247686,21.048533,2.0
1544,2026-05-11 18:47:37.400000+00:00,52.2476772,21.0484733,87.9,7.98,-0.042,0.007,0.975,0,8.070525324790221,2.0,4.180450410491962,-1.0,3.0,52.247686,21.048533,2.0
1549,2026-05-11 18:47:37.900000+00:00,52.247681,21.0484549,87.9,9.43,-0.052,0.012,0.976,0,9.518395871141712,2.0,5.345959703798803,-1.0,3.0,52.247686,21.048533,2.0
1554,2026-05-11 18:47:38.400000+00:00,52.2476852,21.0484338,87.8,10.63,-0.012,0.002,0.965,0,10.87544273946894,2.0,6.754023325082526,-1.0,3.0,52.247686,21.048533,2.0
1559,2026-05-11 18:47:38.900000+00:00,52.2476901,21.0484082,87.7,13.29,-0.002,-0.02,0.987,0,13.147242152947278,2.0,8.50848231051896,-1.0,3.0,52.247686,21.048533,2.0
1564,2026-05-11 18:47:39.400000+00:00,52.247696,21.0483786,87.6,15.89,0.004,0.005,0.966,0,15.25853776794759,2.0,10.57004760292076,-1.0,3.0,52.247686,21.048533,2.0
1569,2026-05-11 18:47:39.900000+00:00,52.2477025,21.0483426,87.6,18.44,-0.018,-0.046,0.992,0,18.39741037346117,2.0,13.091442240166376,-1.0,3.0,52.247686,21.048533,2.0
1574,2026-05-11 18:47:40.400000+00:00,52.2477114,21.0483033,87.6,20.47,-0.023,-0.101,0.972,0,20.539187367441905,2.0,15.890751214989312,-1.0,3.0,52.247686,21.048533,2.0
1579,2026-05-11 18:47:40.900000+00:00,52.247722,21.0482596,87.6,22.96,-0.058,-0.068,0.965,0,23.040202106613982,2.0,19.03838761678166,-1.0,3.0,52.247686,21.048533,2.0
1584,2026-05-11 18:47:41.400000+00:00,52.2477338,21.048213,87.7,24.2,-0.058,-0.064,0.944,0,24.71837478711346,2.0,22.424283168332867,-1.0,3.0,52.247686,21.048533,2.0
1589,2026-05-11 18:47:41.900000+00:00,52.2477471,21.0481644,87.8,25.58,-0.106,-0.064,1.0,0,26.09361152282118,2.0,25.997357806666447,-1.0,3.0,52.247686,21.048533,2.0
1594,2026-05-11 18:47:42.400000+00:00,52.2477616,21.0481135,87.9,26.63,-0.081,-0.06,0.948,0,27.51805624003932,2.0,29.77061908336669,-1.0,3.0,52.247686,21.048533,2.0
1599,2026-05-11 18:47:42.900000+00:00,52.2477781,21.0480621,87.8,28.3,-0.069,-0.049,0.964,0,28.44771353071138,2.0,33.65439495994165,-1.0,3.0,52.247686,21.048533,2.0
1604,2026-05-11 18:47:43.400000+00:00,52.2477952,21.0480079,87.9,29.91,-0.084,-0.047,0.962,0,29.88704028862964,2.0,37.75416253407065,-1.0,3.0,52.247686,21.048533,2.0
1609,2026-05-11 18:47:43.900000+00:00,52.2478131,21.0479513,88.1,31.32,-0.081,-0.052,0.978,0,31.22615453410144,2.0,42.04779498088872,-1.0,3.0,52.247686,21.048533,2.0
1614,2026-05-11 18:47:44.400000+00:00,52.2478328,21.0478935,88.2,32.35,-0.087,-0.044,0.97,0,32.42585529561444,2.0,46.495984591322646,-1.0,3.0,52.247686,21.048533,2.0
1619,2026-05-11 18:47:44.900000+00:00,52.2478525,21.0478315,88.4,33.25,-0.091,-0.017,0.978,0,34.23925397730811,2.0,51.22040049769696,-1.0,3.0,52.247686,21.048533,2.0
1624,2026-05-11 18:47:45.400000+00:00,52.2478722,21.0477673,88.7,34.7,-0.087,0.016,0.967,0,35.19989311197646,2.0,56.089241633227786,-1.0,3.0,52.247686,21.048533,2.0
1629,2026-05-11 18:47:45.900000+00:00,52.2478913,21.0477021,88.8,35.69,-0.089,0.006,0.96,0,35.428801889526945,2.0,60.99938871454716,-1.0,3.0,52.247686,21.048533,2.0
1634,2026-05-11 18:47:46.400000+00:00,52.2479106,21.0476336,88.8,36.97,-0.086,-0.001,0.957,0,36.961172199095486,2.0,66.12749227085084,-1.0,3.0,52.247686,21.048533,2.0
1639,2026-05-11 18:47:46.900000+00:00,52.2479305,21.0475624,88.8,38.34,-0.089,-0.033,0.984,0,38.364404826418834,2.0,71.45174186301524,-1.0,3.0,52.247686,21.048533,2.0
1644,2026-05-11 18:47:47.400000+00:00,52.2479506,21.0474896,88.8,38.94,-0.079,-0.06,0.963,0,39.144740669194256,2.0,76.88570590388082,-1.0,3.0,52.247686,21.048533,2.0
1649,2026-05-11 18:47:47.900000+00:00,52.2479733,21.0474166,88.8,40.42,-0.096,-0.076,0.975,0,40.1328074735088,,82.44419961260118,-1.0,3.0,52.247686,21.048533,2.0
1654,2026-05-11 18:47:48.400000+00:00,52.2479962,21.0473407,88.7,41.7,-0.097,-0.091,0.969,0,41.47570585718253,,88.19503467461038,-1.0,3.0,52.247686,21.048533,2.0
1659,2026-05-11 18:47:48.900000+00:00,52.2480201,21.047263,88.6,43.09,-0.104,-0.083,0.934,0,42.62226602282578,,94.10352266783124,-1.0,3.0,52.247686,21.048533,2.0
1664,2026-05-11 18:47:49.400000+00:00,52.2480454,21.047185,88.5,43.33,-0.135,-0.107,0.954,0,43.26694247693712,,100.09412776279348,-1.0,3.0,52.247686,21.048533,2.0
1669,2026-05-11 18:47:49.900000+00:00,52.2480709,21.0471067,88.4,43.09,-0.163,-0.085,0.929,0,43.47188414615196,,106.11450147050049,-1.0,3.0,52.247686,21.048533,2.0
1674,2026-05-11 18:47:50.400000+00:00,52.2480963,21.0470276,88.5,43.25,-0.2,-0.096,0.988,0,43.78120822814011,,112.18197046247695,-1.0,3.0,52.247686,21.048533,2.0
1679,2026-05-11 18:47:50.900000+00:00,52.2481219,21.0469503,88.4,42.6,-0.155,-0.13,0.978,0,43.07774443431657,,118.14814525525718,-1.0,3.0,52.247686,21.048533,2.0
1684,2026-05-11 18:47:51.400000+00:00,52.2481478,21.0468738,88.3,42.57,-0.179,-0.066,0.92,0,42.84893993684935,,124.08015199422496,-1.0,3.0,52.247686,21.048533,2.0
1689,2026-05-11 18:47:51.900000+00:00,52.2481728,21.0467997,88.3,40.86,-0.241,-0.096,0.966,0,41.470805244276846,,129.82367745434627,-1.0,3.0,52.247686,21.048533,2.0
1694,2026-05-11 18:47:52.400000+00:00,52.2481983,21.0467289,88.1,40.04,-0.228,-0.082,0.93,0,40.2632016809044,,135.3880932080039,-1.0,3.0,52.247686,21.048533,2.0
1699,2026-05-11 18:47:52.900000+00:00,52.2482227,21.0466595,88.1,38.49,-0.252,-0.08,0.964,0,39.22732770866346,,140.81651729524714,-1.0,3.0,52.247686,21.048533,2.0
1704,2026-05-11 18:47:53.400000+00:00,52.2482465,21.0465964,87.8,36.12,-0.246,-0.069,0.924,0,36.32751826913748,,145.83009584750465,-1.0,3.0,52.247686,21.048533,2.0
1709,2026-05-11 18:47:53.900000+00:00,52.2482681,21.0465314,87.8,34.94,-0.268,-0.067,0.972,0,36.25113297578786,,150.85742775588182,-1.0,3.0,52.247686,21.048533,2.0
1714,2026-05-11 18:47:54.400000+00:00,52.2482892,21.0464723,87.7,32.53,-0.282,-0.051,0.952,0,33.53421757309965,,155.49883881787954,-1.0,3.0,52.247686,21.048533,2.0
1719,2026-05-11 18:47:54.900000+00:00,52.2483091,21.0464178,87.6,29.94,-0.251,-0.063,0.917,0,31.103983369014333,,159.80113616267357,-1.0,3.0,52.247686,21.048533,2.0
1724,2026-05-11 18:47:55.400000+00:00,52.2483277,21.0463678,87.3,27.67,-0.27,-0.053,0.962,0,28.67743344151236,,163.76563560384062,-1.0,3.0,52.247686,21.048533,2.0
1729,2026-05-11 18:47:55.900000+00:00,52.2483447,21.0463219,87.0,25.5,-0.273,-0.053,0.93,0,26.294829646132133,,167.40217780671102,-1.0,3.0,52.247686,21.048533,2.0
1734,2026-05-11 18:47:56.400000+00:00,52.2483598,21.0462797,86.7,23.21,-0.286,-0.008,0.951,0,23.958468163660857,,170.72030852116103,-1.0,3.0,52.247686,21.048533,2.0
1739,2026-05-11 18:47:56.900000+00:00,52.2483719,21.0462423,86.4,19.85,-0.322,0.025,0.932,0,20.734205736109413,,173.59862595846613,-1.0,3.0,52.247686,21.048533,2.0
1744,2026-05-11 18:47:57.400000+00:00,52.2483801,21.0462052,86.4,17.81,-0.263,0.032,0.96,0,19.333703604996938,,176.26834160300382,-1.0,3.0,52.247686,21.048533,2.0
1749,2026-05-11 18:47:57.900000+00:00,52.2483854,21.0461701,86.3,17.2,-0.232,0.078,0.964,0,17.72018427250683,,178.67543880459758,-1.0,3.0,52.247686,21.048533,2.0
1754,2026-05-11 18:47:58.400000+00:00,52.2483871,21.0461367,86.4,14.93,-0.251,0.077,0.95,0,16.42785770580417,,180.80670562417495,-1.0,3.0,52.247686,21.048533,2.0
1759,2026-05-11 18:47:58.900000+00:00,52.2483856,21.0461073,86.2,13.99,-0.253,0.088,0.961,0,14.460688159467455,,182.54350476867555,-1.0,3.0,52.247686,21.048533,2.0
1764,2026-05-11 18:47:59.400000+00:00,52.2483812,21.0460809,86.0,13.11,-0.221,0.089,0.937,0,13.411162391073352,,183.9648833030344,-1.0,3.0,52.247686,21.048533,2.0
1769,2026-05-11 18:47:59.900000+00:00,52.2483748,21.0460572,85.8,12.8,-0.199,0.027,0.97,0,12.696632675718146,,185.13469166962457,-1.0,3.0,52.247686,21.048533,2.0
1774,2026-05-11 18:48:00.400000+00:00,52.2483663,21.0460347,85.8,12.23,-0.19,0.071,0.963,0,12.95918370002557,,186.14422452394223,-1.0,3.0,52.247686,21.048533,2.0
1779,2026-05-11 18:48:00.900000+00:00,52.2483564,21.0460132,86.2,12.85,-0.19,0.086,0.952,0,13.186372309125122,,187.04110743071652,-1.0,3.0,52.247686,21.048533,2.0
1784,2026-05-11 18:48:01.400000+00:00,52.2483452,21.0459965,86.2,12.84,-0.166,0.024,0.942,0,12.141186154343638,,187.5942788154206,-1.0,3.0,52.247686,21.048533,2.0
1789,2026-05-11 18:48:01.900000+00:00,52.2483334,21.0459821,86.1,13.04,-0.143,-0.036,0.969,0,11.792713040269645,,187.99074482032697,-1.0,3.0,52.247686,21.048533,2.0
1794,2026-05-11 18:48:02.400000+00:00,52.2483214,21.0459657,86.0,12.99,-0.143,0.0,0.945,0,12.526732698233369,,188.5185015259855,-1.0,3.0,52.247686,21.048533,2.0
1799,2026-05-11 18:48:02.900000+00:00,52.2483083,21.0459515,85.7,13.51,-0.177,0.058,0.995,0,12.587371566481572,,188.87661915627123,-1.0,3.0,52.247686,21.048533,2.0
1804,2026-05-11 18:48:03.400000+00:00,52.248294,21.0459392,85.5,13.59,-0.149,0.032,0.953,0,12.939083419432484,,189.08168830252365,-1.0,3.0,52.247686,21.048533,2.0
1809,2026-05-11 18:48:03.900000+00:00,52.2482796,21.0459268,85.2,14.01,-0.126,0.027,0.956,0,13.03276315520844,,189.306100124529,-1.0,3.0,52.247686,21.048533,2.0
1814,2026-05-11 18:48:04.400000+00:00,52.2482631,21.0459153,85.3,15.4,-0.093,-0.041,0.969,0,14.36235512769803,,189.41067489019235,-1.0,3.0,52.247686,21.048533,2.0
1819,2026-05-11 18:48:04.900000+00:00,52.2482454,21.045903,85.2,16.75,-0.064,-0.011,0.984,0,15.399904180472411,,189.54379304872023,-1.0,3.0,52.247686,21.048533,2.0
1824,2026-05-11 18:48:05.400000+00:00,52.2482265,21.0458929,85.2,18.8,-0.034,-0.006,0.968,0,15.92068816853094,,189.51656402710248,-1.0,3.0,52.247686,21.048533,2.0
1829,2026-05-11 18:48:05.900000+00:00,52.2482039,21.0458803,85.4,20.74,-0.037,0.003,0.98,0,19.11866609685277,,189.55177853139065,-1.0,3.0,52.247686,21.048533,2.0
1834,2026-05-11 18:48:06.400000+00:00,52.2481786,21.0458664,85.3,21.65,-0.097,0.011,0.965,0,21.37045892090376,,189.6219273985772,-1.0,3.0,52.247686,21.048533,2.0
1839,2026-05-11 18:48:06.900000+00:00,52.2481527,21.0458545,85.2,22.48,-0.122,0.01,0.938,0,21.540418048354983,,189.58926811273545,-1.0,3.0,52.247686,21.048533,2.0
1844,2026-05-11 18:48:07.400000+00:00,52.2481257,21.0458438,85.2,22.46,-0.132,0.0,0.978,0,22.243461731497376,,189.4933058337461,-1.0,3.0,52.247067,21.043105,3.0
1849,2026-05-11 18:48:07.900000+00:00,52.2480989,21.0458327,85.2,22.51,-0.139,-0.018,0.997,0,22.135263826280408,,189.4794892772923,-1.0,3.0,52.247067,21.043105,3.0
1854,2026-05-11 18:48:08.400000+00:00,52.2480701,21.0458229,85.0,23.57,-0.121,-0.02,0.976,0,23.55244055194573,,189.37907646711585,-1.0,3.0,52.247067,21.043105,3.0
1859,2026-05-11 18:48:08.900000+00:00,52.2480413,21.0458122,84.9,23.62,-0.121,-0.041,0.962,0,23.646359348858297,,189.3950587902095,-1.0,3.0,52.247067,21.043105,3.0
1864,2026-05-11 18:48:09.400000+00:00,52.2480138,21.0458002,84.7,22.02,-0.15,-0.018,0.938,0,22.788773004522103,,189.5825771965617,-1.0,3.0,52.247067,21.043105,3.0
1869,2026-05-11 18:48:09.900000+00:00,52.2479864,21.0457892,84.6,23.17,-0.167,-0.026,0.975,0,22.5894507860328,,189.75763378113996,-1.0,3.0,52.247067,21.043105,3.0
1874,2026-05-11 18:48:10.400000+00:00,52.2479593,21.0457789,84.5,22.04,-0.166,-0.032,0.946,0,22.27602338837051,,189.9426397157564,-1.0,3.0,52.247067,21.043105,3.0
1879,2026-05-11 18:48:10.900000+00:00,52.247932,21.0457688,84.4,21.89,-0.159,-0.022,0.954,0,22.410146949241703,,190.1611320939436,-1.0,3.0,52.247067,21.043105,3.0
1884,2026-05-11 18:48:11.400000+00:00,52.2479055,21.0457571,84.4,21.83,-0.161,-0.06,0.953,0,21.977441057488804,,190.54966147061717,-1.0,3.0,52.247067,21.043105,3.0
1889,2026-05-11 18:48:11.900000+00:00,52.2478802,21.0457435,84.4,21.37,-0.168,-0.1,0.966,0,21.324046690207503,,191.12975070202577,-1.0,3.0,52.247067,21.043105,3.0
1894,2026-05-11 18:48:12.400000+00:00,52.2478563,21.0457286,84.2,20.97,-0.166,-0.115,0.953,0,20.48089469059132,,191.85721150902984,-1.0,3.0,52.247067,21.043105,3.0
1899,2026-05-11 18:48:12.900000+00:00,52.2478332,21.0457112,84.0,21.04,-0.174,-0.156,0.96,0,20.36585587383262,,192.80105592474257,-1.0,3.0,52.247067,21.043105,3.0
1904,2026-05-11 18:48:13.400000+00:00,52.2478119,21.0456889,83.8,20.51,-0.168,-0.204,0.945,0,20.25538746846554,,194.12866469959712,-1.0,3.0,52.247067,21.043105,3.0
1909,2026-05-11 18:48:13.900000+00:00,52.2477937,21.0456595,83.6,20.88,-0.155,-0.22,0.937,0,20.493617119800398,,191.7649188013084,-1.0,3.0,52.247067,21.043105,3.0
1914,2026-05-11 18:48:14.400000+00:00,52.2477785,21.0456245,83.4,21.66,-0.188,-0.249,0.944,0,21.03360815509002,,188.8925818063689,-1.0,3.0,52.247067,21.043105,3.0
1919,2026-05-11 18:48:14.900000+00:00,52.2477653,21.0455857,83.5,22.39,-0.208,-0.229,0.954,0,21.757430713788207,,185.87935783595967,-1.0,3.0,52.247067,21.043105,3.0
1924,2026-05-11 18:48:15.400000+00:00,52.2477551,21.0455451,83.4,21.56,-0.216,-0.209,0.944,0,21.511132106078428,,182.89431980615825,-1.0,3.0,52.247067,21.043105,3.0
1929,2026-05-11 18:48:15.900000+00:00,52.2477479,21.0455023,83.6,22.18,-0.171,-0.219,0.937,0,21.75670751872358,,179.91350670174475,-1.0,3.0,52.247067,21.043105,3.0
1934,2026-05-11 18:48:16.400000+00:00,52.2477433,21.045458,83.8,21.97,-0.169,-0.219,0.944,0,22.024536489465525,,176.96423177922543,-1.0,3.0,52.247067,21.043105,3.0
1939,2026-05-11 18:48:16.900000+00:00,52.2477413,21.0454118,84.0,23.13,-0.136,-0.196,0.953,0,22.70230935366472,,174.0262834188986,-1.0,3.0,52.247067,21.043105,3.0
1944,2026-05-11 18:48:17.400000+00:00,52.2477412,21.0453641,84.2,23.94,-0.075,-0.12,0.95,0,23.3811618875108,,171.0966068677538,-1.0,3.0,52.247067,21.043105,3.0
1949,2026-05-11 18:48:17.900000+00:00,52.2477434,21.0453144,84.3,25.61,-0.061,-0.095,0.959,0,24.424949760885347,,168.17094534087133,-1.0,3.0,52.247067,21.043105,3.0
1954,2026-05-11 18:48:18.400000+00:00,52.2477476,21.0452606,84.2,26.9,-0.086,-0.084,0.968,0,26.58456016699141,,165.11665317097183,-1.0,3.0,52.247067,21.043105,3.0
1959,2026-05-11 18:48:18.900000+00:00,52.2477511,21.0452047,84.2,27.89,-0.091,-0.067,0.969,0,27.54330620564749,,161.92614698538114,-1.0,3.0,52.247067,21.043105,3.0
1964,2026-05-11 18:48:19.400000+00:00,52.2477547,21.0451472,84.3,28.51,-0.096,-0.015,0.966,0,28.33164878365652,,158.673607723771,-1.0,3.0,52.247067,21.043105,3.0
1969,2026-05-11 18:48:19.900000+00:00,52.2477575,21.0450888,84.3,29.17,-0.087,-0.013,0.958,0,28.713454642515515,,155.35539012661522,-1.0,3.0,52.247067,21.043105,3.0
1974,2026-05-11 18:48:20.400000+00:00,52.2477599,21.0450279,84.5,30.61,-0.077,-0.039,0.965,0,29.91300924308324,,151.9001097700709,-1.0,3.0,52.247067,21.043105,3.0
1979,2026-05-11 18:48:20.900000+00:00,52.2477614,21.044967,84.7,30.6,-0.155,-0.037,0.97,0,29.875378713436827,,148.42859281308262,-1.0,3.0,52.247067,21.043105,3.0
1984,2026-05-11 18:48:21.400000+00:00,52.2477635,21.0449066,85.1,30.62,-0.158,-0.03,0.953,0,29.653846549818848,,145.05710697159842,-1.0,3.0,52.247067,21.043105,3.0
1989,2026-05-11 18:48:21.900000+00:00,52.2477681,21.0448451,85.1,29.93,-0.168,-0.04,0.962,0,30.369454171500784,,141.8151047892218,-1.0,3.0,52.247067,21.043105,3.0
1994,2026-05-11 18:48:22.400000+00:00,52.2477724,21.044784,85.1,29.77,-0.163,-0.031,0.956,0,30.14646928106772,,138.62920943015865,-1.0,3.0,52.247067,21.043105,3.0
1999,2026-05-11 18:48:22.900000+00:00,52.2477773,21.0447227,84.9,29.21,-0.163,-0.025,0.946,0,30.302297466271263,,135.5256036769476,-1.0,3.0,52.247067,21.043105,3.0
2004,2026-05-11 18:48:23.400000+00:00,52.2477809,21.0446632,85.0,28.74,-0.244,-0.016,0.983,0,29.307051624749597,,132.49437959107823,-1.0,3.0,52.247067,21.043105,3.0
2009,2026-05-11 18:48:23.900000+00:00,52.2477837,21.044609,85.0,26.75,-0.21,-0.026,0.937,0,26.661501157498947,,129.74992471358826,-1.0,3.0,52.247067,21.043105,3.0
2014,2026-05-11 18:48:24.400000+00:00,52.2477865,21.044557,84.9,25.35,-0.212,-0.018,0.947,0,25.587109545293373,,127.17050940673629,-1.0,3.0,52.247067,21.043105,3.0
2019,2026-05-11 18:48:24.900000+00:00,52.2477886,21.0445065,85.0,23.91,-0.245,0.006,0.969,0,24.81050058047872,,124.66704745905432,-1.0,3.0,52.247067,21.043105,3.0
2024,2026-05-11 18:48:25.400000+00:00,52.24779,21.0444596,85.1,22.52,-0.227,-0.014,0.928,0,23.01617306412992,,122.34287302471334,-1.0,3.0,52.247067,21.043105,3.0
2029,2026-05-11 18:48:25.900000+00:00,52.2477916,21.0444155,85.3,20.74,-0.229,-0.025,0.95,0,21.654316125212706,,120.21515370060476,-1.0,3.0,52.247067,21.043105,3.0
2034,2026-05-11 18:48:26.400000+00:00,52.2477921,21.0443751,85.6,19.12,-0.24,-0.029,0.95,0,19.806819638812296,,118.22621558520336,-1.0,3.0,52.247067,21.043105,3.0
2039,2026-05-11 18:48:26.900000+00:00,52.2477931,21.0443375,85.9,17.86,-0.206,-0.032,0.957,0,18.447685028131936,,116.44421945081912,-1.0,3.0,52.247067,21.043105,3.0
2044,2026-05-11 18:48:27.400000+00:00,52.2477947,21.0443014,86.3,16.78,-0.218,-0.045,0.95,0,17.741357005990675,,114.81124277896542,-1.0,3.0,52.247067,21.043105,3.0
2049,2026-05-11 18:48:27.900000+00:00,52.2477968,21.0442687,86.5,15.25,-0.232,-0.023,0.949,0,16.11641654189258,,113.40975688456278,-1.0,3.0,52.247067,21.043105,3.0
2054,2026-05-11 18:48:28.400000+00:00,52.2477969,21.0442396,86.9,13.15,-0.228,-0.019,0.955,0,14.2641024474851,,112.04284716549613,-1.0,3.0,52.247067,21.043105,3.0
2059,2026-05-11 18:48:28.900000+00:00,52.2477963,21.0442152,87.2,11.03,-0.211,-0.024,0.957,0,11.969732702516298,,110.85536428348388,-1.0,3.0,52.247067,21.043105,3.0
2064,2026-05-11 18:48:29.400000+00:00,52.2477977,21.0441935,87.4,10.01,-0.197,-0.027,0.956,0,10.695529303243136,,109.96840211408026,-1.0,3.0,52.247067,21.043105,3.0
2069,2026-05-11 18:48:29.900000+00:00,52.2477964,21.0441708,87.7,10.57,-0.196,-0.028,0.952,0,11.175375639045166,,108.825210909658,-1.0,3.0,52.247067,21.043105,3.0
2074,2026-05-11 18:48:30.400000+00:00,52.2477983,21.0441523,87.7,9.02,-0.189,-0.031,0.955,0,9.194799651642349,,108.14830543213056,-1.0,3.0,52.247067,21.043105,3.0
2079,2026-05-11 18:48:30.900000+00:00,52.2477995,21.0441353,87.9,8.53,-0.187,-0.03,0.962,0,8.388049011912118,,107.48989217349744,-1.0,3.0,52.247067,21.043105,3.0
2084,2026-05-11 18:48:31.400000+00:00,52.2478005,21.0441204,88.0,7.04,-0.189,-0.029,0.956,0,7.347246750568438,,106.91552627741436,-1.0,3.0,52.247067,21.043105,3.0
2089,2026-05-11 18:48:31.900000+00:00,52.2478007,21.0441052,88.2,6.53,-0.191,-0.034,0.956,0,7.452267597588165,,106.26646169689828,-1.0,3.0,52.247067,21.043105,3.0
2094,2026-05-11 18:48:32.400000+00:00,52.2478008,21.0440907,88.4,6.66,-0.19,-0.03,0.956,0,7.10788077685275,,105.64522521166494,-1.0,3.0,52.247067,21.043105,3.0
2099,2026-05-11 18:48:32.900000+00:00,52.2478028,21.0440793,88.4,5.73,-0.195,-0.033,0.963,0,5.812796633135752,,105.326608894349,-1.0,3.0,52.247067,21.043105,3.0
2104,2026-05-11 18:48:33.400000+00:00,52.2478031,21.0440694,88.5,4.68,-0.196,-0.03,0.96,0,4.858598992346206,,104.92948981963173,-1.0,3.0,52.247067,21.043105,3.0
2109,2026-05-11 18:48:33.900000+00:00,52.247803,21.0440607,88.5,4.14,-0.187,-0.027,0.962,0,4.26520916126441,,104.55120230029372,-1.0,3.0,52.247067,21.043105,3.0
2114,2026-05-11 18:48:34.400000+00:00,52.2478052,21.044054,88.6,3.4,-0.174,-0.032,0.961,0,3.7266252582614094,,104.46007431903904,-1.0,3.0,52.247067,21.043105,3.0
2119,2026-05-11 18:48:34.900000+00:00,52.2478059,21.0440491,88.6,2.7,-0.165,-0.03,0.963,0,2.4663367170867647,,104.31537793088268,-1.0,3.0,52.247067,21.043105,3.0
2124,2026-05-11 18:48:35.400000+00:00,52.2478065,21.044043,88.6,2.55,-0.161,-0.031,0.965,0,3.0283623358016984,,104.11270028858588,-1.0,3.0,52.247067,21.043105,3.0
2129,2026-05-11 18:48:35.900000+00:00,52.2478073,21.0440381,88.6,2.42,-0.158,-0.029,0.964,0,2.485751661601495,,103.97883425115651,-1.0,3.0,52.247067,21.043105,3.0
2134,2026-05-11 18:48:36.400000+00:00,52.2478088,21.0440341,88.8,2.33,-0.146,-0.037,0.962,0,2.2992172872364995,,103.94499427755892,-1.0,3.0,52.247067,21.043105,3.0
2139,2026-05-11 18:48:36.900000+00:00,52.2478114,21.0440284,89.0,3.35,-0.108,-0.037,0.97,0,3.484122840061204,,103.93939938733584,-1.0,3.0,52.247067,21.043105,3.0
2144,2026-05-11 18:48:37.400000+00:00,52.2478158,21.0440225,89.4,4.33,-0.091,-0.034,0.973,0,4.55770709949795,,104.08790922353838,-1.0,3.0,52.247067,21.043105,3.0
2149,2026-05-11 18:48:37.900000+00:00,52.2478174,21.0440137,89.5,4.85,-0.077,-0.038,0.974,0,4.499658133442137,,103.8723609216059,-1.0,3.0,52.247067,21.043105,3.0
2154,2026-05-11 18:48:38.400000+00:00,52.247819,21.044003,89.5,5.61,-0.077,-0.037,0.974,0,5.398954121124628,,103.58373665492913,-1.0,3.0,52.247067,21.043105,3.0
2159,2026-05-11 18:48:38.900000+00:00,52.2478231,21.0439899,89.7,7.14,-0.068,-0.046,0.979,0,7.211542693528306,,103.43012575432006,-1.0,3.0,52.247067,21.043105,3.0
2164,2026-05-11 18:48:39.400000+00:00,52.2478277,21.0439729,89.6,8.37,-0.047,-0.048,0.979,0,9.110385898580995,,103.17923171327196,-1.0,3.0,52.247067,21.043105,3.0
2169,2026-05-11 18:48:39.900000+00:00,52.2478354,21.0439523,89.1,10.15,-0.039,-0.043,0.976,0,11.830522674607671,,103.09107416468576,-1.0,3.0,52.247067,21.043105,3.0
2174,2026-05-11 18:48:40.400000+00:00,52.2478372,21.043928,88.4,11.81,-0.028,-0.039,0.983,0,11.997922393664014,,102.3420419285264,-1.0,3.0,52.247067,21.043105,3.0
2179,2026-05-11 18:48:40.900000+00:00,52.247842,21.0439002,87.8,14.03,0.007,-0.042,0.976,0,14.158155104388912,,101.76982808398076,-1.0,3.0,52.247067,21.043105,3.0
2184,2026-05-11 18:48:41.400000+00:00,52.2478469,21.0438707,87.1,14.9,0.009,-0.055,0.981,0,14.98262817995268,,101.1824337384488,-1.0,3.0,52.247067,21.043105,3.0
2189,2026-05-11 18:48:41.900000+00:00,52.2478427,21.0438422,85.0,15.62,-0.016,-0.049,0.995,0,14.368747052531011,,99.79269480417162,-1.0,3.0,52.247067,21.043105,3.0
2194,2026-05-11 18:48:42.400000+00:00,52.2478346,21.0438014,84.9,18.71,-0.017,-0.044,0.966,0,21.02395250829652,,97.63670379977547,-1.0,3.0,52.247067,21.043105,3.0
2199,2026-05-11 18:48:42.900000+00:00,52.247828,21.0437548,84.8,21.55,-0.049,-0.031,0.978,0,23.444999490080157,,95.48524018802294,-1.0,3.0,52.247067,21.043105,3.0
2204,2026-05-11 18:48:43.400000+00:00,52.2478247,21.0437046,85.3,22.55,-0.142,-0.014,0.956,0,24.74782721085448,,93.6203541692408,-1.0,3.0,52.247067,21.043105,3.0
2209,2026-05-11 18:48:43.900000+00:00,52.2478243,21.0436542,85.7,22.98,-0.175,0.011,0.96,0,24.706508242130862,,92.13536337994168,-1.0,3.0,52.247067,21.043105,3.0
2214,2026-05-11 18:48:44.400000+00:00,52.2478222,21.0436056,86.2,22.33,-0.181,0.04,0.963,0,23.881386942145497,,90.62661989810957,-1.0,3.0,52.247067,21.043105,3.0
2219,2026-05-11 18:48:44.900000+00:00,52.2478207,21.0435567,86.3,21.8,-0.171,0.053,0.957,0,23.999248422667225,,89.27131969181957,-1.0,3.0,52.247067,21.043105,3.0
2224,2026-05-11 18:48:45.400000+00:00,52.247816,21.0435101,86.5,20.88,-0.181,0.112,0.962,0,23.14966020143045,,87.73249186248127,-1.0,3.0,52.247067,21.043105,3.0
2229,2026-05-11 18:48:45.900000+00:00,52.247809,21.0434674,86.5,20.38,-0.188,0.127,0.974,0,21.66745278914395,,86.11649671819042,-1.0,3.0,52.247067,21.043105,3.0
2234,2026-05-11 18:48:46.400000+00:00,52.2477973,21.0434268,86.6,19.84,-0.179,0.118,0.956,0,21.99508508659109,,84.10895699910249,-1.0,3.0,52.247067,21.043105,3.0
2239,2026-05-11 18:48:46.900000+00:00,52.2477847,21.0433893,86.4,19.39,-0.181,0.115,0.976,0,20.96739148380941,,82.11814083870885,-1.0,3.0,52.247067,21.043105,3.0
2244,2026-05-11 18:48:47.400000+00:00,52.2477693,21.0433539,86.2,19.22,-0.158,0.119,0.942,0,21.28617750177787,3.0,79.90946837108598,-1.0,3.0,52.247067,21.043105,3.0
2249,2026-05-11 18:48:47.900000+00:00,52.2477511,21.0433191,86.4,20.37,-0.163,0.1,0.964,0,22.433985499494245,3.0,77.45232797818105,-1.0,3.0,52.247067,21.043105,3.0
2254,2026-05-11 18:48:48.400000+00:00,52.2477334,21.0432897,86.6,19.22,-0.178,0.097,0.956,0,20.210976509073635,3.0,75.15960805115995,-1.0,3.0,52.247067,21.043105,3.0
2259,2026-05-11 18:48:48.900000+00:00,52.247714,21.0432643,86.8,19.22,-0.191,0.093,0.97,0,19.905862405520885,3.0,72.75594438240253,-1.0,3.0,52.247067,21.043105,3.0
2264,2026-05-11 18:48:49.400000+00:00,52.2476951,21.0432443,87.0,18.19,-0.178,0.081,0.953,0,18.02957444042017,3.0,70.48245178033105,-1.0,3.0,52.247067,21.043105,3.0
2269,2026-05-11 18:48:49.900000+00:00,52.2476739,21.0432286,87.2,18.95,-0.175,0.088,0.961,0,18.63595366526798,3.0,68.00678860546769,-1.0,3.0,52.247067,21.043105,3.0
2274,2026-05-11 18:48:50.400000+00:00,52.2476516,21.0432167,87.2,18.98,-0.18,0.061,0.965,0,18.78217172618297,3.0,65.44784325855153,-1.0,3.0,52.247067,21.043105,3.0
2279,2026-05-11 18:48:50.900000+00:00,52.2476286,21.0432073,87.2,19.5,-0.131,0.054,0.957,0,18.981593045324345,3.0,62.83423752830378,-1.0,3.0,52.247067,21.043105,3.0
2284,2026-05-11 18:48:51.400000+00:00,52.2476042,21.0431984,87.1,19.78,-0.111,0.04,0.965,0,20.01591764699992,3.0,60.07139685942065,-1.0,3.0,52.247067,21.043105,3.0
2289,2026-05-11 18:48:51.900000+00:00,52.2475786,21.0431906,86.8,20.85,-0.099,0.007,0.97,0,20.849010529363877,3.0,57.18503940142009,-1.0,3.0,52.247067,21.043105,3.0
2294,2026-05-11 18:48:52.400000+00:00,52.2475512,21.0431837,86.6,22.62,-0.108,-0.014,0.986,0,22.195735543327157,3.0,54.10651650980758,-1.0,3.0,52.247067,21.043105,3.0
2299,2026-05-11 18:48:52.900000+00:00,52.2475226,21.0431765,86.4,23.34,-0.095,0.03,0.967,0,23.16764834658408,3.0,50.89372674152948,-1.0,3.0,52.247067,21.043105,3.0
2304,2026-05-11 18:48:53.400000+00:00,52.2474926,21.0431706,86.3,24.24,-0.084,0.045,0.964,0,24.191590203811423,3.0,47.53482324299584,-1.0,3.0,52.247067,21.043105,3.0
2309,2026-05-11 18:48:53.900000+00:00,52.2474621,21.0431658,86.4,24.43,-0.171,0.042,0.96,0,24.53149639491724,3.0,44.12767805906552,-1.0,3.0,52.247067,21.043105,3.0
2314,2026-05-11 18:48:54.400000+00:00,52.247432,21.0431621,86.3,23.5,-0.167,0.015,0.961,0,24.166315447503948,3.0,40.77188877153163,-1.0,3.0,52.247067,21.043105,3.0
2319,2026-05-11 18:48:54.900000+00:00,52.2474016,21.0431586,86.1,23.09,-0.166,-0.002,0.964,0,24.398736687477808,3.0,37.3843409767208,-1.0,3.0,52.247067,21.043105,3.0
2324,2026-05-11 18:48:55.400000+00:00,52.2473721,21.0431551,86.2,23.02,-0.166,-0.024,0.964,0,23.680031318213548,3.0,34.09659748214677,-1.0,3.0,52.247067,21.043105,3.0
2329,2026-05-11 18:48:55.900000+00:00,52.2473422,21.0431518,86.1,22.95,-0.192,-0.01,0.947,0,23.992633690414323,3.0,30.76626528522003,-1.0,3.0,52.247067,21.043105,3.0
2334,2026-05-11 18:48:56.400000+00:00,52.2473143,21.0431474,86.2,21.26,-0.239,-0.007,0.966,0,22.440719598288684,3.0,27.649595895936734,-1.0,3.0,52.247067,21.043105,3.0
2339,2026-05-11 18:48:56.900000+00:00,52.2472888,21.0431437,86.5,19.75,-0.217,-0.017,0.936,0,20.49578934176888,3.0,24.803363913802908,-1.0,3.0,52.247067,21.043105,3.0
2344,2026-05-11 18:48:57.400000+00:00,52.2472655,21.0431412,86.7,17.81,-0.216,-0.019,0.958,0,18.694268504672223,3.0,22.209354034998235,-1.0,3.0,52.247067,21.043105,3.0
2349,2026-05-11 18:48:57.900000+00:00,52.2472426,21.0431388,86.7,17.69,-0.186,-0.014,0.959,0,18.371523992036423,3.0,19.660952535693625,-1.0,3.0,52.247067,21.043105,3.0
2354,2026-05-11 18:48:58.400000+00:00,52.2472204,21.0431375,86.8,17.26,-0.165,-0.006,0.953,0,17.784816569468923,3.0,17.200206930254947,-1.0,3.0,52.247067,21.043105,3.0
2359,2026-05-11 18:48:58.900000+00:00,52.2471988,21.0431369,86.7,16.62,-0.189,-0.031,0.961,0,17.2955357489601,3.0,14.815529448279865,-1.0,3.0,52.247067,21.043105,3.0
2364,2026-05-11 18:48:59.400000+00:00,52.247178,21.0431363,86.7,16.5,-0.172,-0.028,0.954,0,16.65514913541202,3.0,12.525231305074696,-1.0,3.0,52.247067,21.043105,3.0
2369,2026-05-11 18:48:59.900000+00:00,52.2471582,21.0431354,86.7,15.58,-0.203,-0.026,0.951,0,15.85808621955142,3.0,10.350013676013452,-1.0,3.0,52.247067,21.043105,3.0
2374,2026-05-11 18:49:00.400000+00:00,52.2471404,21.0431345,86.7,13.78,-0.262,-0.012,0.946,0,14.257568570991197,3.0,8.40517514547905,-1.0,3.0,52.247067,21.043105,3.0
2379,2026-05-11 18:49:00.900000+00:00,52.2471255,21.043132,86.6,11.47,-0.249,-0.022,0.959,0,11.991769696715144,3.0,6.759629363835651,-1.0,3.0,52.247067,21.043105,3.0
2384,2026-05-11 18:49:01.400000+00:00,52.2471116,21.0431311,86.5,10.69,-0.218,-0.027,0.949,0,11.137129135581946,3.0,5.268008922091326,-1.0,3.0,52.247067,21.043105,3.0
2389,2026-05-11 18:49:01.900000+00:00,52.2470995,21.0431307,86.5,8.95,-0.251,-0.02,0.946,0,9.68928602208626,3.0,4.015108240000762,-1.0,3.0,52.247067,21.043105,3.0
2394,2026-05-11 18:49:02.400000+00:00,52.2470912,21.0431299,86.3,6.13,-0.304,-0.026,0.952,0,6.656569400045476,3.0,3.1803625830673337,-1.0,3.0,52.247067,21.043105,3.0
2399,2026-05-11 18:49:02.900000+00:00,52.2470861,21.0431286,86.2,3.13,-0.295,-0.017,0.938,0,4.132503262326647,3.0,2.6630933980726903,-1.0,3.0,52.247067,21.043105,3.0
2404,2026-05-11 18:49:03.400000+00:00,52.2470832,21.0431275,86.4,1.75,-0.271,-0.023,0.946,0,2.3835378102250484,3.0,2.364592423113096,-1.0,3.0,52.247067,21.043105,3.0
2409,2026-05-11 18:49:03.900000+00:00,52.2470818,21.0431279,86.5,0.12,-0.239,-0.024,0.957,0,1.137864987655054,3.0,2.2669044252588573,-1.0,3.0,52.247067,21.043105,3.0
2414,2026-05-11 18:49:04.400000+00:00,52.2470807,21.0431287,86.6,0.07,-0.133,-0.029,0.964,0,0.9640243121326868,3.0,2.219013936317534,-1.0,3.0,52.247067,21.043105,3.0
2419,2026-05-11 18:49:04.900000+00:00,52.2470797,21.0431295,86.8,0.04,-0.146,-0.029,0.966,0,0.8914819308400824,3.0,2.185480729224821,-1.0,3.0,52.247067,21.043105,3.0
2424,2026-05-11 18:49:05.400000+00:00,52.2470788,21.0431302,86.9,0.09,-0.139,-0.027,0.968,0,0.798069989545393,3.0,2.1598473206580544,-1.0,3.0,52.247067,21.043105,3.0
2429,2026-05-11 18:49:05.900000+00:00,52.2470781,21.0431306,87.0,0.22,-0.144,-0.028,0.966,0,0.5937312783323714,3.0,2.1356313646989022,-1.0,3.0,52.247067,21.043105,3.0
2434,2026-05-11 18:49:06.400000+00:00,52.2470774,21.0431313,87.1,0.01,-0.138,-0.026,0.968,0,0.6571199427800012,3.0,2.1314839077738204,-1.0,3.0,52.247067,21.043105,3.0
2439,2026-05-11 18:49:06.900000+00:00,52.2470768,21.0431318,87.2,0.16,-0.144,-0.026,0.967,0,0.5392733576385486,3.0,2.125188058314035,-1.0,3.0,52.247067,21.043105,3.0
2444,2026-05-11 18:49:07.400000+00:00,52.2470761,21.0431323,87.3,0.02,-0.144,-0.027,0.966,0,0.6116709315459561,3.0,2.11618004441903,-1.0,3.0,52.247067,21.043105,3.0
2449,2026-05-11 18:49:07.900000+00:00,52.2470752,21.0431331,87.4,0.14,-0.143,-0.031,0.965,0,0.8203392851183768,3.0,2.119227118433896,-1.0,3.0,52.247067,21.043105,3.0
2454,2026-05-11 18:49:08.400000+00:00,52.2470746,21.0431338,87.5,0.12,-0.144,-0.029,0.964,0,0.5903228505308671,3.0,2.1350684321852755,-1.0,3.0,52.247067,21.043105,3.0
2459,2026-05-11 18:49:08.900000+00:00,52.247074,21.0431345,87.6,0.12,-0.146,-0.03,0.964,0,0.5903228573720352,3.0,2.153916277657525,-1.0,3.0,52.247067,21.043105,3.0
2464,2026-05-11 18:49:09.400000+00:00,52.2470733,21.0431352,87.7,0.06,-0.141,-0.029,0.967,0,0.6571199593365817,3.0,2.1720808636481763,-1.0,3.0,52.247067,21.043105,3.0
2469,2026-05-11 18:49:09.900000+00:00,52.2470727,21.0431361,87.7,0.03,-0.142,-0.025,0.968,0,0.6522025472258578,3.0,2.210117330015858,-1.0,3.0,52.247067,21.043105,3.0
2474,2026-05-11 18:49:10.400000+00:00,52.2470721,21.0431371,87.8,0.07,-0.139,-0.029,0.968,0,0.6863088755269482,3.0,2.2577471829311606,-1.0,3.0,52.247067,21.043105,3.0
2479,2026-05-11 18:49:10.900000+00:00,52.2470713,21.0431382,87.9,0.07,-0.144,-0.028,0.967,0,0.8372260667531352,3.0,2.3102740604019623,-1.0,3.0,52.247067,21.043105,3.0
2484,2026-05-11 18:49:11.400000+00:00,52.2470704,21.0431395,88.1,0.09,-0.14,-0.027,0.967,0,0.9618951866336508,3.0,2.3789908473295696,-1.0,3.0,52.247067,21.043105,3.0
2489,2026-05-11 18:49:11.900000+00:00,52.2470695,21.0431407,88.2,0.1,-0.14,-0.028,0.966,0,0.9301474672501746,3.0,2.4463003442315943,-1.0,3.0,52.247067,21.043105,3.0
2494,2026-05-11 18:49:12.400000+00:00,52.2470686,21.0431421,88.3,0.1,-0.146,-0.031,0.968,0,0.9950456643519762,3.0,2.532024522089559,-1.0,3.0,52.247067,21.043105,3.0
2499,2026-05-11 18:49:12.900000+00:00,52.2470678,21.0431436,88.5,0.11,-0.142,-0.032,0.968,0,0.9751054340521847,3.0,2.629391465787949,-1.0,3.0,52.247067,21.043105,3.0
2504,2026-05-11 18:49:13.400000+00:00,52.247067,21.0431452,88.6,0.03,-0.14,-0.028,0.965,0,1.012578400857416,3.0,2.73681423764868,-1.0,3.0,52.247067,21.043105,3.0
2509,2026-05-11 18:49:13.900000+00:00,52.2470662,21.0431469,88.7,0.19,-0.144,-0.031,0.969,0,1.051001838163646,3.0,2.8539368841576627,-1.0,3.0,52.247067,21.043105,3.0
2514,2026-05-11 18:49:14.400000+00:00,52.2470653,21.0431486,88.9,0.13,-0.146,-0.033,0.965,0,1.1016211177643829,3.0,2.974299161262847,-1.0,3.0,52.247067,21.043105,3.0
2519,2026-05-11 18:49:14.900000+00:00,52.2470644,21.0431501,89.0,0.01,-0.14,-0.033,0.964,0,1.029463407330643,3.0,3.0839871016652816,-1.0,3.0,52.247067,21.043105,3.0
2524,2026-05-11 18:49:15.400000+00:00,52.2470636,21.0431511,89.1,0.09,-0.148,-0.033,0.966,0,0.806529865883102,3.0,3.1611748508411943,-1.0,3.0,52.247067,21.043105,3.0
2529,2026-05-11 18:49:15.900000+00:00,52.2470628,21.043152,89.2,0.12,-0.146,-0.032,0.964,0,0.7777137648973436,3.0,3.233660201368804,-1.0,3.0,52.247067,21.043105,3.0
2534,2026-05-11 18:49:16.400000+00:00,52.2470621,21.0431535,89.3,0.11,-0.138,-0.035,0.968,0,0.9244922186130592,3.0,3.346530415151157,-1.0,3.0,52.247067,21.043105,3.0
2539,2026-05-11 18:49:16.900000+00:00,52.2470607,21.043155,89.4,0.7,-0.076,-0.038,0.97,0,1.3404871480710394,3.0,3.475333401553117,-1.0,3.0,52.247067,21.043105,3.0
2544,2026-05-11 18:49:17.400000+00:00,52.2470579,21.0431552,89.5,1.93,-0.068,-0.034,0.975,0,2.2438323660717465,3.0,3.564263616408726,-1.0,3.0,52.247067,21.043105,3.0
2549,2026-05-11 18:49:17.900000+00:00,52.2470539,21.0431562,89.5,3.01,-0.059,-0.029,0.979,0,3.2397109504439605,3.0,3.777817369072354,-1.0,3.0,52.247067,21.043105,3.0
2554,2026-05-11 18:49:18.400000+00:00,52.2470475,21.0431573,89.5,4.91,-0.047,-0.024,0.972,0,5.152154272287305,3.0,4.1688460265234895,-1.0,3.0,52.247067,21.043105,3.0
2559,2026-05-11 18:49:18.900000+00:00,52.24704,21.0431572,89.5,6.51,-0.041,-0.024,0.988,0,6.004726109874463,3.0,4.652192871489812,-1.0,3.0,52.247067,21.043105,3.0
2564,2026-05-11 18:49:19.400000+00:00,52.2470296,21.0431579,89.5,8.68,-0.026,-0.025,0.963,0,8.333343112799849,3.0,5.501364497253105,-1.0,3.0,52.247067,21.043105,3.0
2569,2026-05-11 18:49:19.900000+00:00,52.2470165,21.0431599,89.5,10.98,-0.018,-0.025,0.992,0,10.533624825058192,3.0,6.745493147472574,-1.0,3.0,52.247067,21.043105,3.0
2574,2026-05-11 18:49:20.400000+00:00,52.2470006,21.0431624,89.4,13.58,0.012,-0.004,0.958,0,12.788443973640318,3.0,8.353717571233494,-1.0,3.0,52.247067,21.043105,3.0
2579,2026-05-11 18:49:20.900000+00:00,52.2469816,21.0431647,89.3,15.78,0.01,-0.032,0.982,0,15.25318790358302,3.0,10.32928198839508,-1.0,3.0,52.247067,21.043105,3.0
2584,2026-05-11 18:49:21.400000+00:00,52.2469604,21.0431645,89.0,16.94,-0.018,-0.042,0.99,0,16.973076725003846,3.0,12.526422987282189,-1.0,3.0,52.247067,21.043105,3.0
2589,2026-05-11 18:49:21.900000+00:00,52.2469348,21.0431661,88.8,20.17,-0.024,-0.022,0.993,0,20.510449166541424,3.0,15.277176801638,-1.0,3.0,52.247067,21.043105,3.0
2594,2026-05-11 18:49:22.400000+00:00,52.246907,21.0431685,88.5,21.51,-0.044,-0.017,0.962,0,22.287845964146555,3.0,18.30888974822884,-1.0,3.0,52.247067,21.043105,3.0
2599,2026-05-11 18:49:22.900000+00:00,52.2468777,21.0431755,88.5,24.4,-0.057,-0.028,0.976,0,23.707303994993467,3.0,21.589474684272943,-1.0,3.0,52.247067,21.043105,3.0
2604,2026-05-11 18:49:23.400000+00:00,52.2468468,21.043183,88.5,25.64,-0.076,-0.009,0.975,0,25.010319974141208,3.0,25.054340808127908,-1.0,3.0,52.247067,21.043105,3.0
2609,2026-05-11 18:49:23.900000+00:00,52.2468141,21.0431902,88.5,26.74,-0.065,-0.026,0.956,0,26.41655335754248,3.0,28.71317976146388,-1.0,3.0,52.247067,21.043105,3.0
2614,2026-05-11 18:49:24.400000+00:00,52.2467807,21.0431985,88.4,28.21,-0.066,-0.03,0.974,0,27.047892596105218,3.0,32.46526781542277,-1.0,3.0,52.247067,21.043105,3.0
2619,2026-05-11 18:49:24.900000+00:00,52.2467449,21.043206,88.4,29.86,-0.061,-0.08,0.969,0,28.89641945416388,3.0,36.46996626426554,-1.0,3.0,52.247067,21.043105,3.0
2624,2026-05-11 18:49:25.400000+00:00,52.2467069,21.0432104,88.3,30.81,-0.065,-0.097,0.966,0,30.49928734321944,3.0,40.67917400891952,-1.0,3.0,52.247067,21.043105,3.0
2629,2026-05-11 18:49:25.900000+00:00,52.2466672,21.0432135,88.2,32.64,-0.088,-0.078,0.969,0,31.82026133078592,3.0,45.06523650633928,-1.0,3.0,52.247067,21.043105,3.0
2634,2026-05-11 18:49:26.400000+00:00,52.2466262,21.0432151,88.2,33.02,-0.087,-0.069,0.969,0,32.83411059195478,3.0,49.58455163715017,-1.0,3.0,52.247067,21.043105,3.0
2639,2026-05-11 18:49:26.900000+00:00,52.2465833,21.0432164,88.1,34.56,-0.095,-0.063,0.97,0,34.351799890508815,3.0,54.31706940509868,-1.0,3.0,52.247067,21.043105,3.0
2644,2026-05-11 18:49:27.400000+00:00,52.2465392,21.043217,88.0,35.58,-0.083,-0.07,0.942,0,35.30783806946522,3.0,59.18194031842757,-1.0,3.0,52.247067,21.043105,3.0
2649,2026-05-11 18:49:27.900000+00:00,52.2464941,21.0432163,88.0,36.48,-0.088,-0.06,0.973,0,36.10884691208799,3.0,64.15264200899541,-1.0,3.0,52.247067,21.043105,3.0
2654,2026-05-11 18:49:28.400000+00:00,52.2464479,21.0432149,87.9,37.22,-0.09,-0.062,0.971,0,36.99424607356468,3.0,69.2461824101768,-1.0,3.0,52.247067,21.043105,3.0
2659,2026-05-11 18:49:28.900000+00:00,52.2464003,21.0432122,87.8,38.38,-0.094,-0.05,0.965,0,38.13170041427978,3.0,74.4920350977921,-1.0,3.0,52.247067,21.043105,3.0
2664,2026-05-11 18:49:29.400000+00:00,52.2463523,21.0432096,87.7,38.2,-0.146,-0.039,0.95,0,38.45009451546031,3.0,79.78943453282758,-1.0,3.0,52.247067,21.043105,3.0
2669,2026-05-11 18:49:29.900000+00:00,52.2463045,21.0432062,87.5,38.5,-0.14,-0.031,0.963,0,38.30511988745175,,85.06560275229477,-1.0,3.0,52.247067,21.043105,3.0
2674,2026-05-11 18:49:30.400000+00:00,52.2462562,21.0432028,87.5,39.34,-0.127,-0.04,0.978,0,38.705046546120144,,90.4023764891894,-1.0,3.0,52.247067,21.043105,3.0
2679,2026-05-11 18:49:30.900000+00:00,52.2462076,21.0431984,87.4,39.05,-0.125,-0.04,0.959,0,38.96906089687053,,95.77224474726374,-1.0,3.0,52.247067,21.043105,3.0
2684,2026-05-11 18:49:31.400000+00:00,52.2461595,21.0431923,87.4,38.55,-0.151,-0.034,0.954,0,38.6249407119764,,101.08427512400046,-1.0,3.0,52.247067,21.043105,3.0
2689,2026-05-11 18:49:31.900000+00:00,52.24611,21.0431881,87.3,39.8,-0.145,-0.029,0.977,0,39.68331290351706,,106.56383009094444,-1.0,3.0,52.247067,21.043105,3.0
2694,2026-05-11 18:49:32.400000+00:00,52.2460598,21.0431843,87.3,39.79,-0.116,-0.029,0.953,0,40.23343683031745,,112.1255806093573,-1.0,3.0,52.247067,21.043105,3.0
2699,2026-05-11 18:49:32.900000+00:00,52.2460092,21.0431798,87.2,40.3,-0.124,-0.026,0.967,0,40.57054644479842,,117.73218035877186,-1.0,3.0,52.247067,21.043105,3.0
2704,2026-05-11 18:49:33.400000+00:00,52.2459581,21.0431757,87.2,41.57,-0.112,-0.027,0.961,0,40.96017322692296,,123.39796494998228,-1.0,3.0,52.247067,21.043105,3.0
2709,2026-05-11 18:49:33.900000+00:00,52.2459064,21.0431712,87.1,41.92,-0.111,-0.027,0.967,0,41.44993553970821,,129.13150672311085,-1.0,3.0,52.247067,21.043105,3.0
2714,2026-05-11 18:49:34.400000+00:00,52.2458532,21.0431681,87.0,42.27,-0.11,-0.026,0.978,0,42.619203687047765,,135.03675173499653,-1.0,3.0,52.247067,21.043105,3.0
2719,2026-05-11 18:49:34.900000+00:00,52.2457998,21.0431639,86.9,42.66,-0.106,-0.027,0.962,0,42.80176882800098,,140.96325813320576,-1.0,3.0,52.247067,21.043105,3.0
2724,2026-05-11 18:49:35.400000+00:00,52.2457458,21.0431589,86.9,42.89,-0.117,-0.019,0.966,0,43.30200659832824,,146.9565594726576,-1.0,3.0,52.247067,21.043105,3.0
2729,2026-05-11 18:49:35.900000+00:00,52.245691,21.0431541,86.7,43.8,-0.105,-0.018,0.972,0,43.93611841945669,,153.04073057042137,-1.0,3.0,52.247067,21.043105,3.0
2734,2026-05-11 18:49:36.400000+00:00,52.2456354,21.0431497,86.7,44.1,-0.1,-0.031,0.953,0,44.56577575275043,,159.21574347097223,-1.0,3.0,52.247067,21.043105,3.0
2739,2026-05-11 18:49:36.900000+00:00,52.2455789,21.0431454,86.6,45.17,-0.115,-0.017,0.988,0,45.28317988768145,,165.4920283676432,-1.0,3.0,52.247067,21.043105,3.0
2744,2026-05-11 18:49:37.400000+00:00,52.2455221,21.0431415,86.5,45.39,-0.103,-0.025,0.964,0,45.51444470182676,,171.80301437642754,-1.0,3.0,52.247067,21.043105,3.0
2749,2026-05-11 18:49:37.900000+00:00,52.2454645,21.0431377,86.4,45.97,-0.112,-0.032,0.971,0,46.15236575451896,,178.20377650985424,-1.0,3.0,52.247067,21.043105,3.0
2754,2026-05-11 18:49:38.400000+00:00,52.2454069,21.0431337,86.2,45.88,-0.137,-0.029,0.936,0,46.15642669740837,,184.60503859506625,-1.0,3.0,52.247067,21.043105,3.0
2759,2026-05-11 18:49:38.900000+00:00,52.245349,21.0431296,86.1,46.13,-0.177,-0.026,0.982,0,46.39848963425754,,191.04022537874036,-1.0,3.0,52.247067,21.043105,3.0
2764,2026-05-11 18:49:39.400000+00:00,52.2452917,21.0431252,86.1,45.8,-0.151,-0.028,0.939,0,45.92525479953445,,197.4091436151348,-1.0,3.0,52.247067,21.043105,3.0
2769,2026-05-11 18:49:39.900000+00:00,52.2452349,21.0431217,86.0,45.06,-0.177,-0.032,0.965,0,45.50663095360558,,203.72339775304349,-1.0,3.0,52.247067,21.043105,3.0
2774,2026-05-11 18:49:40.400000+00:00,52.2451789,21.0431171,85.9,44.71,-0.162,-0.038,0.944,0,44.89046345082792,,209.94875716433864,-1.0,3.0,52.247067,21.043105,3.0
2779,2026-05-11 18:49:40.900000+00:00,52.245123,21.0431115,85.9,44.67,-0.168,-0.062,0.965,0,44.83784451611442,,216.1633903705726,-1.0,3.0,52.247067,21.043105,3.0
2784,2026-05-11 18:49:41.400000+00:00,52.2450676,21.0431043,85.9,43.99,-0.167,-0.082,0.951,0,44.49363750305054,,222.32314144114383,-1.0,3.0,52.247067,21.043105,3.0
2789,2026-05-11 18:49:41.900000+00:00,52.2450132,21.0430952,85.8,43.5,-0.173,-0.088,0.955,0,43.780676796682044,,228.3731149653851,-1.0,3.0,52.247067,21.043105,3.0
2794,2026-05-11 18:49:42.400000+00:00,52.2449594,21.0430837,85.8,43.33,-0.17,-0.091,0.923,0,43.439801727136334,,234.358913930791,-1.0,3.0,52.247067,21.043105,3.0
2799,2026-05-11 18:49:42.900000+00:00,52.2449062,21.0430701,85.7,42.92,-0.182,-0.101,0.974,0,43.110699419920856,,240.2817456671292,-1.0,3.0,52.247067,21.043105,3.0
2804,2026-05-11 18:49:43.400000+00:00,52.2448539,21.0430541,85.6,42.65,-0.172,-0.101,0.946,0,42.59980535768425,,246.1098903812304,-1.0,3.0,52.247067,21.043105,3.0
2809,2026-05-11 18:49:43.900000+00:00,52.2448021,21.0430359,85.5,42.21,-0.179,-0.123,0.953,0,42.420056455108,,251.8893247904544,-1.0,3.0,52.247067,21.043105,3.0
2814,2026-05-11 18:49:44.400000+00:00,52.2447513,21.0430141,85.5,41.96,-0.173,-0.14,0.946,0,42.05117168470956,,257.5684498540102,-1.0,3.0,52.247067,21.043105,3.0
2819,2026-05-11 18:49:44.900000+00:00,52.2447012,21.0429891,85.4,41.97,-0.185,-0.139,0.955,0,41.94063468287168,,263.1832719397613,-1.0,3.0,52.247067,21.043105,3.0
2824,2026-05-11 18:49:45.400000+00:00,52.2446529,21.0429597,85.4,41.2,-0.179,-0.135,0.946,0,41.26750583660916,,268.6178839181258,-1.0,3.0,52.247067,21.043105,3.0
2829,2026-05-11 18:49:45.900000+00:00,52.2446053,21.0429275,85.3,41.03,-0.185,-0.131,0.95,0,41.24834721228901,,273.9951740317267,-1.0,3.0,52.247067,21.043105,3.0
2834,2026-05-11 18:49:46.400000+00:00,52.2445588,21.0428928,85.2,41.01,-0.172,-0.144,0.939,0,40.93006623159143,,279.27304102079387,-1.0,3.0,52.247067,21.043105,3.0
2839,2026-05-11 18:49:46.900000+00:00,52.244514,21.0428543,85.0,40.71,-0.182,-0.122,0.953,0,40.52935153679263,,284.3932900404583,-1.0,3.0,52.247067,21.043105,3.0
2844,2026-05-11 18:49:47.400000+00:00,52.2444702,21.0428149,84.9,40.17,-0.179,-0.124,0.958,0,40.033572238607135,,289.4256671005431,-1.0,3.0,52.247067,21.043105,3.0
2849,2026-05-11 18:49:47.900000+00:00,52.244428,21.0427718,84.9,39.96,-0.175,-0.13,0.96,0,39.84774101004297,,294.31894454337333,-1.0,3.0,52.247067,21.043105,3.0
2854,2026-05-11 18:49:48.400000+00:00,52.244388,21.0427256,84.6,39.24,-0.148,-0.123,0.973,0,39.223125059007415,,299.0089919568681,-1.0,3.0,52.247067,21.043105,3.0
2859,2026-05-11 18:49:48.900000+00:00,52.2443486,21.0426763,84.6,40.16,-0.137,-0.11,0.959,0,39.73738894142354,,303.6781257638017,-1.0,3.0,52.247067,21.043105,3.0
2864,2026-05-11 18:49:49.400000+00:00,52.2443095,21.0426252,84.5,40.6,-0.123,-0.094,0.939,0,40.0923149437202,,308.3551259857425,-1.0,3.0,52.247067,21.043105,3.0
2869,2026-05-11 18:49:49.900000+00:00,52.2442709,21.042572,84.5,40.77,-0.143,-0.109,0.974,0,40.43669989133821,,313.02261394046207,-1.0,3.0,52.247067,21.043105,3.0
2874,2026-05-11 18:49:50.400000+00:00,52.2442331,21.0425164,84.6,40.86,-0.134,-0.119,0.974,0,40.727139235368575,,311.66050319313706,-1.0,3.0,52.247067,21.043105,3.0
2879,2026-05-11 18:49:50.900000+00:00,52.2441963,21.0424577,84.6,41.75,-0.115,-0.133,0.914,0,41.18290491813863,,306.05333879690727,-1.0,3.0,52.247067,21.043105,3.0
2884,2026-05-11 18:49:51.400000+00:00,52.2441602,21.0423972,84.7,41.5,-0.14,-0.132,0.96,0,41.411158446108175,,300.392284459325,-1.0,3.0,52.247067,21.043105,3.0
2889,2026-05-11 18:49:51.900000+00:00,52.2441266,21.0423335,84.8,41.7,-0.136,-0.127,0.957,0,41.215330677328495,,294.7084607513996,-1.0,3.0,52.24265,21.038739,4.0
2894,2026-05-11 18:49:52.400000+00:00,52.2440938,21.042267,84.8,41.94,-0.163,-0.123,0.968,0,41.86003035801315,,288.91710778571706,-1.0,3.0,52.24265,21.038739,4.0
2899,2026-05-11 18:49:52.900000+00:00,52.2440631,21.042199,84.7,41.88,-0.148,-0.122,0.939,0,41.41584605044447,,283.17116926824684,-1.0,3.0,52.24265,21.038739,4.0
2904,2026-05-11 18:49:53.400000+00:00,52.2440348,21.042129,84.6,41.44,-0.169,-0.122,0.943,0,41.11979033461569,,277.4601501861804,-1.0,3.0,52.24265,21.038739,4.0
2909,2026-05-11 18:49:53.900000+00:00,52.2440073,21.042058,84.7,41.19,-0.18,-0.1,0.973,0,41.18384332911027,,271.74189347749814,-1.0,3.0,52.24265,21.038739,4.0
2914,2026-05-11 18:49:54.400000+00:00,52.2439819,21.0419859,84.8,40.46,-0.169,-0.104,0.945,0,40.77661065823952,,266.0913439624774,-1.0,3.0,52.24265,21.038739,4.0
2919,2026-05-11 18:49:54.900000+00:00,52.2439585,21.041914,84.7,40.02,-0.17,-0.097,0.953,0,39.91558933419324,,260.5767601827882,-1.0,3.0,52.24265,21.038739,4.0
2924,2026-05-11 18:49:55.400000+00:00,52.2439359,21.0418405,84.7,40.53,-0.149,-0.095,0.942,0,40.31839282190665,,255.02307752384303,-1.0,3.0,52.24265,21.038739,4.0
2929,2026-05-11 18:49:55.900000+00:00,52.2439146,21.0417661,84.5,40.11,-0.167,-0.094,0.974,0,40.261412311646936,,249.50225496022023,-1.0,3.0,52.24265,21.038739,4.0
2934,2026-05-11 18:49:56.400000+00:00,52.2438946,21.0416909,84.4,40.41,-0.138,-0.097,0.946,0,40.19115544274069,,244.02173803562704,-1.0,3.0,52.24265,21.038739,4.0
2939,2026-05-11 18:49:56.900000+00:00,52.2438761,21.0416145,84.2,40.26,-0.157,-0.105,0.959,0,40.274445504254025,,238.57412601073972,-1.0,3.0,52.24265,21.038739,4.0
2944,2026-05-11 18:49:57.400000+00:00,52.2438595,21.0415361,84.1,40.51,-0.144,-0.119,0.95,0,40.66552661526601,,233.1439336889171,-1.0,3.0,52.24265,21.038739,4.0
2949,2026-05-11 18:49:57.900000+00:00,52.243845,21.0414575,84.0,40.12,-0.181,-0.111,0.951,0,40.241399654322514,,227.84936465016864,-1.0,3.0,52.24265,21.038739,4.0
2954,2026-05-11 18:49:58.400000+00:00,52.2438321,21.0413786,84.0,39.82,-0.167,-0.116,0.949,0,40.0328081812814,,222.65768297432447,-1.0,3.0,52.24265,21.038739,4.0
2959,2026-05-11 18:49:58.900000+00:00,52.2438211,21.0412997,84.0,39.59,-0.17,-0.111,0.952,0,39.66762249370717,,217.61057466833373,-1.0,3.0,52.24265,21.038739,4.0
2964,2026-05-11 18:49:59.400000+00:00,52.2438119,21.0412205,84.0,39.4,-0.168,-0.104,0.96,0,39.51725211368056,,212.69170710693496,-1.0,3.0,52.24265,21.038739,4.0
2969,2026-05-11 18:49:59.900000+00:00,52.2438036,21.0411419,84.1,39.79,-0.156,-0.114,0.951,0,39.09944093926374,,207.8952607855507,-1.0,3.0,52.24265,21.038739,4.0
2974,2026-05-11 18:50:00.400000+00:00,52.2437967,21.0410643,84.3,39.11,-0.166,-0.115,0.946,0,38.43944576586192,,203.28139500347524,-1.0,3.0,52.24265,21.038739,4.0
2979,2026-05-11 18:50:00.900000+00:00,52.2437924,21.0409849,84.3,39.5,-0.152,-0.13,0.957,0,39.07476639501967,,198.794083823632,-1.0,3.0,52.24265,21.038739,4.0
2984,2026-05-11 18:50:01.400000+00:00,52.2437922,21.0409031,84.2,39.6,-0.161,-0.114,0.955,0,40.09965003443752,,194.5280725369594,-1.0,3.0,52.24265,21.038739,4.0
2989,2026-05-11 18:50:01.900000+00:00,52.2437926,21.0408225,84.2,39.05,-0.167,-0.085,0.967,0,39.51237379644205,,190.43480248987808,-1.0,3.0,52.24265,21.038739,4.0
2994,2026-05-11 18:50:02.400000+00:00,52.2437934,21.0407427,84.1,38.57,-0.172,-0.046,0.954,0,39.12414887423925,,186.4833974480809,-1.0,3.0,52.24265,21.038739,4.0
2999,2026-05-11 18:50:02.900000+00:00,52.2437944,21.0406637,84.1,38.06,-0.162,-0.05,0.959,0,38.73501034761037,,182.662775073147,-1.0,3.0,52.24265,21.038739,4.0
3004,2026-05-11 18:50:03.400000+00:00,52.2437951,21.040586,84.0,37.49,-0.171,-0.025,0.986,0,38.09358222148944,,178.96079538095563,-1.0,3.0,52.24265,21.038739,4.0
3009,2026-05-11 18:50:03.900000+00:00,52.2437951,21.0405093,84.0,37.22,-0.157,-0.013,0.943,0,37.59924747487533,,175.330573988944,-1.0,3.0,52.24265,21.038739,4.0
3014,2026-05-11 18:50:04.400000+00:00,52.2437951,21.040434,84.0,36.59,-0.167,-0.023,0.975,0,36.912950911506265,,171.84640924390462,-1.0,3.0,52.24265,21.038739,4.0
3019,2026-05-11 18:50:04.900000+00:00,52.243795,21.0403594,84.1,36.43,-0.159,-0.024,0.953,0,36.569890306096006,,168.46904339799784,-1.0,3.0,52.24265,21.038739,4.0
3024,2026-05-11 18:50:05.400000+00:00,52.2437951,21.0402862,84.2,35.87,-0.162,-0.024,0.956,0,35.883595416485775,,165.25671521582146,-1.0,3.0,52.24265,21.038739,4.0
3029,2026-05-11 18:50:05.900000+00:00,52.2437952,21.0402142,84.2,35.15,-0.173,-0.016,0.976,0,35.2953426287613,,162.1845541279766,-1.0,3.0,52.24265,21.038739,4.0
3034,2026-05-11 18:50:06.400000+00:00,52.2437953,21.0401432,84.3,34.6,-0.154,-0.022,0.949,0,34.8051319978726,,159.24495128380093,-1.0,3.0,52.24265,21.038739,4.0
3039,2026-05-11 18:50:06.900000+00:00,52.2437953,21.0400731,84.3,34.35,-0.16,-0.021,0.962,0,34.363849231525855,,156.4260612681445,-1.0,3.0,52.24265,21.038739,4.0
3044,2026-05-11 18:50:07.400000+00:00,52.2437952,21.0400042,84.3,33.47,-0.16,-0.02,0.961,0,33.77568996355293,,153.74026091523874,-1.0,3.0,52.24265,21.038739,4.0
3049,2026-05-11 18:50:07.900000+00:00,52.2437952,21.0399363,84.4,32.9,-0.175,-0.025,0.941,0,33.28538328191154,,151.19842636651532,-1.0,3.0,52.24265,21.038739,4.0
3054,2026-05-11 18:50:08.400000+00:00,52.2437949,21.0398704,84.4,32.35,-0.166,-0.024,0.963,0,32.30585256832224,,148.79876123047777,-1.0,3.0,52.24265,21.038739,4.0
3059,2026-05-11 18:50:08.900000+00:00,52.2437948,21.0398053,84.4,31.33,-0.172,-0.022,0.965,0,31.912890834421145,,146.5435491006648,-1.0,3.0,52.24265,21.038739,4.0
3064,2026-05-11 18:50:09.400000+00:00,52.2437946,21.0397415,84.5,30.88,-0.162,-0.025,0.957,0,31.275925011692287,,144.42122121768247,-1.0,3.0,52.24265,21.038739,4.0
3069,2026-05-11 18:50:09.900000+00:00,52.2437945,21.0396787,84.5,30.29,-0.169,-0.018,0.96,0,30.785407501040087,,142.4403164416566,-1.0,3.0,52.24265,21.038739,4.0
3074,2026-05-11 18:50:10.400000+00:00,52.2437942,21.0396176,84.5,29.6,-0.16,-0.006,0.956,0,29.952906386481864,,140.5906772124093,-1.0,3.0,52.24265,21.038739,4.0
3079,2026-05-11 18:50:10.900000+00:00,52.2437936,21.0395573,84.4,29.29,-0.162,0.003,0.955,0,29.56367705145413,,138.83237707320285,-1.0,3.0,52.24265,21.038739,4.0
3084,2026-05-11 18:50:11.400000+00:00,52.2437925,21.0394982,84.5,28.27,-0.174,-0.004,0.961,0,28.98490250843887,,137.1537471970556,-1.0,3.0,52.24265,21.038739,4.0
3089,2026-05-11 18:50:11.900000+00:00,52.2437911,21.0394411,84.7,26.91,-0.215,-0.001,0.958,0,28.01352961194869,,135.59062913622842,-1.0,3.0,52.24265,21.038739,4.0
3094,2026-05-11 18:50:12.400000+00:00,52.2437891,21.0393876,84.7,25.47,-0.219,0.017,0.941,0,26.27517003855917,,134.13965372369717,-1.0,3.0,52.24265,21.038739,4.0
3099,2026-05-11 18:50:12.900000+00:00,52.2437871,21.0393369,84.8,24.23,-0.215,0.006,0.958,0,24.905269391455427,,132.83145558709538,-1.0,3.0,52.24265,21.038739,4.0
3104,2026-05-11 18:50:13.400000+00:00,52.2437847,21.0392895,84.9,22.62,-0.248,0.005,0.955,0,23.31535503056997,,131.62234572294537,-1.0,3.0,52.24265,21.038739,4.0
3109,2026-05-11 18:50:13.900000+00:00,52.2437819,21.0392461,84.9,20.92,-0.229,0.018,0.943,0,21.39297247717055,,130.51128274445065,-1.0,3.0,52.24265,21.038739,4.0
3114,2026-05-11 18:50:14.400000+00:00,52.2437791,21.0392059,85.0,18.94,-0.243,0.014,0.956,0,19.833612543080186,,129.5121989697267,-1.0,3.0,52.24265,21.038739,4.0
3119,2026-05-11 18:50:14.900000+00:00,52.2437757,21.0391685,85.0,17.99,-0.188,0.017,0.956,0,18.534900818217466,,128.54263089617254,-1.0,3.0,52.24265,21.038739,4.0
3124,2026-05-11 18:50:15.400000+00:00,52.2437717,21.0391347,85.0,16.52,-0.224,0.012,0.961,0,16.87580455593561,,127.60391990045234,-1.0,3.0,52.24265,21.038739,4.0
3129,2026-05-11 18:50:15.900000+00:00,52.2437672,21.0391045,85.0,14.91,-0.219,0.001,0.956,0,15.23646917808624,,126.69500034765348,-1.0,3.0,52.24265,21.038739,4.0
3134,2026-05-11 18:50:16.400000+00:00,52.2437636,21.0390763,85.1,13.38,-0.214,-0.002,0.957,0,14.121240084485544,,125.93828792470424,-1.0,3.0,52.24265,21.038739,4.0
3139,2026-05-11 18:50:16.900000+00:00,52.2437603,21.0390509,85.1,11.98,-0.198,-0.008,0.953,0,12.728598798300242,,125.27278766042852,-1.0,3.0,52.24265,21.038739,4.0
3144,2026-05-11 18:50:17.400000+00:00,52.2437568,21.0390271,85.2,11.14,-0.194,-0.01,0.959,0,11.99882978673062,,124.62394849969404,-1.0,3.0,52.24265,21.038739,4.0
3149,2026-05-11 18:50:17.900000+00:00,52.2437535,21.0390058,85.2,10.07,-0.192,-0.014,0.96,0,10.77058439478811,,124.0409307058171,-1.0,3.0,52.24265,21.038739,4.0
3154,2026-05-11 18:50:18.400000+00:00,52.2437503,21.0389865,85.3,9.16,-0.186,-0.011,0.959,0,9.80182932027616,,123.50280812059484,-1.0,3.0,52.24265,21.038739,4.0
3159,2026-05-11 18:50:18.900000+00:00,52.2437471,21.0389689,85.4,8.34,-0.179,-0.013,0.963,0,9.00007450960519,,122.99207934619668,-1.0,3.0,52.24265,21.038739,4.0
3164,2026-05-11 18:50:19.400000+00:00,52.2437438,21.038953,85.5,7.58,-0.174,-0.015,0.959,0,8.22997139872002,,122.4946499154877,-1.0,3.0,52.24265,21.038739,4.0
3169,2026-05-11 18:50:19.900000+00:00,52.243741,21.0389385,85.6,6.74,-0.169,-0.018,0.964,0,7.453185497614622,,122.07172851296204,-1.0,3.0,52.24265,21.038739,4.0
3174,2026-05-11 18:50:20.400000+00:00,52.2437382,21.0389253,85.7,6.23,-0.166,-0.02,0.966,0,6.848100516215426,,121.66534150597109,-1.0,3.0,52.24265,21.038739,4.0
3179,2026-05-11 18:50:20.900000+00:00,52.2437356,21.0389131,85.9,5.63,-0.16,-0.02,0.966,0,6.3324886555712725,,121.29382158538196,-1.0,3.0,52.24265,21.038739,4.0
3184,2026-05-11 18:50:21.400000+00:00,52.2437334,21.0389019,86.0,5.14,-0.157,-0.019,0.963,0,5.765981936560701,,120.9780731804553,-1.0,3.0,52.24265,21.038739,4.0
3189,2026-05-11 18:50:21.900000+00:00,52.2437312,21.0388916,86.1,4.98,-0.151,-0.02,0.966,0,5.347577463392106,,120.67207418975208,-1.0,3.0,52.24265,21.038739,4.0
3194,2026-05-11 18:50:22.400000+00:00,52.2437295,21.0388824,86.2,4.06,-0.188,-0.022,0.959,0,4.710848063843606,,120.43134606475292,-1.0,3.0,52.24265,21.038739,4.0
3199,2026-05-11 18:50:22.900000+00:00,52.2437278,21.0388754,86.3,2.87,-0.185,-0.021,0.963,0,3.691544545485909,,120.20517731930488,-1.0,3.0,52.24265,21.038739,4.0
3204,2026-05-11 18:50:23.400000+00:00,52.2437262,21.0388692,86.5,2.96,-0.151,-0.02,0.958,0,3.298230855658323,,119.99587437639876,-1.0,3.0,52.24265,21.038739,4.0
3209,2026-05-11 18:50:23.900000+00:00,52.243725,21.0388638,86.6,2.42,-0.147,-0.022,0.968,0,2.816093685303638,,119.83617481453088,-1.0,3.0,52.24265,21.038739,4.0
3214,2026-05-11 18:50:24.400000+00:00,52.2437237,21.0388584,86.8,2.29,-0.136,-0.024,0.964,0,2.844402489735933,,119.6664466241124,-1.0,3.0,52.24265,21.038739,4.0
3219,2026-05-11 18:50:24.900000+00:00,52.2437225,21.0388539,86.9,1.72,-0.153,-0.024,0.963,0,2.4060832121177627,,119.51287489393732,-1.0,3.0,52.24265,21.038739,4.0
3224,2026-05-11 18:50:25.400000+00:00,52.2437214,21.0388498,87.1,1.72,-0.148,-0.019,0.961,0,2.194345802930545,,119.37285664883218,-1.0,3.0,52.24265,21.038739,4.0
3229,2026-05-11 18:50:25.900000+00:00,52.2437207,21.0388465,87.3,1.1,-0.168,-0.018,0.96,0,1.7120257687555485,,119.28117825216076,-1.0,3.0,52.24265,21.038739,4.0
3234,2026-05-11 18:50:26.400000+00:00,52.2437203,21.0388449,87.4,0.11,-0.204,-0.028,0.955,0,0.8471978341293135,,119.23014668581229,-1.0,3.0,52.24265,21.038739,4.0
3239,2026-05-11 18:50:26.900000+00:00,52.2437197,21.0388439,87.6,0.61,-0.122,-0.026,0.966,0,0.6863353293273574,,119.15945157398394,-1.0,3.0,52.24265,21.038739,4.0
3244,2026-05-11 18:50:27.400000+00:00,52.2437193,21.038843,87.7,0.17,-0.132,-0.021,0.962,0,0.5451645597867771,,119.11139508232178,-1.0,3.0,52.24265,21.038739,4.0
3249,2026-05-11 18:50:27.900000+00:00,52.2437188,21.0388423,87.9,0.22,-0.132,-0.025,0.967,0,0.5272500625197627,,119.05307088152088,-1.0,3.0,52.24265,21.038739,4.0
3254,2026-05-11 18:50:28.400000+00:00,52.2437183,21.0388416,88.1,0.21,-0.13,-0.024,0.97,0,0.527250064021532,,118.9947631591641,-1.0,3.0,52.24265,21.038739,4.0
3259,2026-05-11 18:50:28.900000+00:00,52.2437179,21.0388411,88.2,0.12,-0.133,-0.022,0.966,0,0.4032761644622397,,118.94836753685549,-1.0,3.0,52.24265,21.038739,4.0
3264,2026-05-11 18:50:29.400000+00:00,52.2437177,21.0388403,88.4,0.1,-0.131,-0.02,0.968,0,0.4235989401193039,,118.92299514924622,-1.0,3.0,52.24265,21.038739,4.0
3269,2026-05-11 18:50:29.900000+00:00,52.2437171,21.0388397,88.6,0.24,-0.13,-0.02,0.968,0,0.5632572982020181,,118.85402698471266,-1.0,3.0,52.24265,21.038739,4.0
3274,2026-05-11 18:50:30.400000+00:00,52.2437169,21.0388391,88.7,0.15,-0.13,-0.02,0.967,0,0.3348875788206367,,118.82947502374005,-1.0,3.0,52.24265,21.038739,4.0
3279,2026-05-11 18:50:30.900000+00:00,52.2437167,21.0388386,88.9,0.06,-0.129,-0.022,0.966,0,0.292772539224075,,118.80532463507495,-1.0,3.0,52.24265,21.038739,4.0
3284,2026-05-11 18:50:31.400000+00:00,52.2437163,21.0388383,89.1,0.14,-0.132,-0.021,0.969,0,0.352395105098585,,118.75975462938338,-1.0,3.0,52.24265,21.038739,4.0
3289,2026-05-11 18:50:31.900000+00:00,52.243716,21.0388379,89.2,0.12,-0.133,-0.021,0.968,0,0.3100585329936876,,118.72490250811845,-1.0,3.0,52.24265,21.038739,4.0
3294,2026-05-11 18:50:32.400000+00:00,52.2437157,21.0388374,89.3,0.06,-0.129,-0.024,0.969,0,0.3431676780291928,,118.68967126099268,-1.0,3.0,52.24265,21.038739,4.0
3299,2026-05-11 18:50:32.900000+00:00,52.2437153,21.0388367,89.5,0.1,-0.129,-0.024,0.97,0,0.4693673588855795,,118.64258250488768,-1.0,3.0,52.24265,21.038739,4.0
3304,2026-05-11 18:50:33.400000+00:00,52.243715,21.0388363,89.6,0.02,-0.13,-0.02,0.968,0,0.3100585288843764,,118.60775224219954,-1.0,3.0,52.24265,21.038739,4.0
3309,2026-05-11 18:50:33.900000+00:00,52.2437145,21.0388361,89.8,0.11,-0.129,-0.02,0.967,0,0.4121332518304393,,118.55148145828804,-1.0,3.0,52.24265,21.038739,4.0
3314,2026-05-11 18:50:34.400000+00:00,52.243714,21.0388357,89.9,0.1,-0.13,-0.021,0.968,0,0.4457475157275649,,118.4944542104548,-1.0,3.0,52.24265,21.038739,4.0
3319,2026-05-11 18:50:34.900000+00:00,52.2437138,21.0388354,90.0,0.08,-0.13,-0.022,0.971,0,0.2174083769803607,,118.47111621320816,-1.0,3.0,52.24265,21.038739,4.0
3324,2026-05-11 18:50:35.400000+00:00,52.2437135,21.0388349,90.1,0.07,-0.13,-0.021,0.967,0,0.343167692724017,,118.4359272984158,-1.0,3.0,52.24265,21.038739,4.0
3329,2026-05-11 18:50:35.900000+00:00,52.2437133,21.0388344,90.2,0.06,-0.13,-0.021,0.969,0,0.2927725493765947,,118.41184986274332,-1.0,3.0,52.24265,21.038739,4.0
3334,2026-05-11 18:50:36.400000+00:00,52.2437133,21.0388338,90.3,0.03,-0.131,-0.022,0.969,0,0.2941276425801837,,118.40961600613052,-1.0,3.0,52.24265,21.038739,4.0
3339,2026-05-11 18:50:36.900000+00:00,52.2437133,21.0388331,90.5,0.11,-0.132,-0.021,0.967,0,0.3431489119259605,,118.40702760032129,-1.0,3.0,52.24265,21.038739,4.0
3344,2026-05-11 18:50:37.400000+00:00,52.2437132,21.0388326,90.7,0.24,-0.131,-0.022,0.967,0,0.2578503297226516,,118.3940870758342,-1.0,3.0,52.24265,21.038739,4.0
3349,2026-05-11 18:50:37.900000+00:00,52.243713,21.0388322,90.8,0.0,-0.131,-0.02,0.966,0,0.2531560809605965,,118.37041723257768,-1.0,3.0,52.24265,21.038739,4.0
3354,2026-05-11 18:50:38.400000+00:00,52.2437129,21.0388317,91.0,0.04,-0.13,-0.022,0.967,0,0.2578503298157856,,118.3574934643825,-1.0,3.0,52.24265,21.038739,4.0
3359,2026-05-11 18:50:38.900000+00:00,52.2437127,21.0388311,91.2,0.16,-0.13,-0.023,0.969,0,0.3348876008368994,,118.33311429129736,-1.0,3.0,52.24265,21.038739,4.0
3364,2026-05-11 18:50:39.400000+00:00,52.2437126,21.0388304,91.4,0.06,-0.13,-0.023,0.968,0,0.35236464220605,,118.31949415042604,-1.0,3.0,52.24265,21.038739,4.0
3369,2026-05-11 18:50:39.900000+00:00,52.2437125,21.0388298,91.7,0.13,-0.131,-0.022,0.968,0,0.304829020711989,,118.30624828057972,-1.0,3.0,52.24265,21.038739,4.0
3374,2026-05-11 18:50:40.400000+00:00,52.2437124,21.0388292,91.9,0.07,-0.13,-0.021,0.971,0,0.3048290200140142,,118.29301608120905,-1.0,3.0,52.24265,21.038739,4.0
3379,2026-05-11 18:50:40.900000+00:00,52.2437125,21.0388284,92.1,0.04,-0.13,-0.022,0.968,0,0.4002588172398728,,118.30130552861934,-1.0,3.0,52.24265,21.038739,4.0
3384,2026-05-11 18:50:41.400000+00:00,52.2437125,21.0388276,92.3,0.01,-0.13,-0.022,0.966,0,0.39217019457873,,118.29851549023886,-1.0,3.0,52.24265,21.038739,4.0
3389,2026-05-11 18:50:41.900000+00:00,52.2437125,21.0388268,92.6,0.04,-0.131,-0.024,0.971,0,0.3921701961378785,,118.29575046592484,-1.0,3.0,52.24265,21.038739,4.0
3394,2026-05-11 18:50:42.400000+00:00,52.2437125,21.0388262,92.7,0.04,-0.131,-0.023,0.968,0,0.2941276463238346,,118.2936931142389,-1.0,3.0,52.24265,21.038739,4.0
3399,2026-05-11 18:50:42.900000+00:00,52.2437126,21.0388254,92.9,0.07,-0.129,-0.023,0.969,0,0.4002588173925878,,118.30207760464576,-1.0,3.0,52.24265,21.038739,4.0
3404,2026-05-11 18:50:43.400000+00:00,52.2437127,21.0388248,93.1,0.02,-0.132,-0.022,0.966,0,0.3048290200724091,,118.31115920762076,-1.0,3.0,52.24265,21.038739,4.0
3409,2026-05-11 18:50:43.900000+00:00,52.2437127,21.0388243,93.2,0.06,-0.13,-0.024,0.968,0,0.2451063703120627,,118.30948317686988,-1.0,3.0,52.24265,21.038739,4.0
3414,2026-05-11 18:50:44.400000+00:00,52.2437127,21.0388237,93.4,0.07,-0.129,-0.019,0.966,0,0.2941276465572831,,118.30748483914248,-1.0,3.0,52.24265,21.038739,4.0
3419,2026-05-11 18:50:44.900000+00:00,52.2437126,21.0388232,93.6,0.08,-0.131,-0.021,0.965,0,0.2578503299089195,,118.29472387874202,-1.0,3.0,52.24265,21.038739,4.0
3424,2026-05-11 18:50:45.400000+00:00,52.2437125,21.0388227,93.8,0.06,-0.132,-0.021,0.969,0,0.257850330433994,,118.28197238490034,-1.0,3.0,52.24265,21.038739,4.0
3429,2026-05-11 18:50:45.900000+00:00,52.2437123,21.0388222,94.0,0.05,-0.132,-0.022,0.969,0,0.2927725595715661,,118.25812363184384,-1.0,3.0,52.24265,21.038739,4.0
3434,2026-05-11 18:50:46.400000+00:00,52.2437121,21.0388217,94.2,0.08,-0.13,-0.023,0.969,0,0.2927725564058771,,118.23428405392303,-1.0,3.0,52.24265,21.038739,4.0
3439,2026-05-11 18:50:46.900000+00:00,52.2437119,21.0388212,94.4,0.02,-0.129,-0.019,0.968,0,0.2927725601160338,,118.21045365526524,-1.0,3.0,52.24265,21.038739,4.0
3444,2026-05-11 18:50:47.400000+00:00,52.2437117,21.0388206,94.5,0.11,-0.129,-0.02,0.968,0,0.3348876115286254,,118.1863121818845,-1.0,3.0,52.24265,21.038739,4.0
3449,2026-05-11 18:50:47.900000+00:00,52.2437118,21.03882,94.7,0.04,-0.128,-0.022,0.968,0,0.3048290258286272,,118.19550622015927,-1.0,3.0,52.24265,21.038739,4.0
3454,2026-05-11 18:50:48.400000+00:00,52.243712,21.0388194,94.8,0.06,-0.128,-0.02,0.968,0,0.3348876109464525,,118.2158222707638,-1.0,3.0,52.24265,21.038739,4.0
3459,2026-05-11 18:50:48.900000+00:00,52.2437122,21.0388188,95.0,0.05,-0.13,-0.022,0.968,0,0.3348876073471082,,118.23615312731675,-1.0,3.0,52.24265,21.038739,4.0
3464,2026-05-11 18:50:49.400000+00:00,52.2437125,21.0388183,95.1,0.06,-0.129,-0.022,0.969,0,0.3431676954021796,,118.2679173434162,-1.0,3.0,52.24265,21.038739,4.0
3469,2026-05-11 18:50:49.900000+00:00,52.2437128,21.0388177,95.2,0.17,-0.132,-0.021,0.97,0,0.3797341233483653,,118.29938364348163,-1.0,3.0,52.24265,21.038739,4.0
3474,2026-05-11 18:50:50.400000+00:00,52.243713,21.0388173,95.4,0.05,-0.129,-0.02,0.97,0,0.2531560816451544,,118.32036958887782,-1.0,3.0,52.24265,21.038739,4.0
3479,2026-05-11 18:50:50.900000+00:00,52.2437133,21.0388169,95.5,0.11,-0.128,-0.02,0.968,0,0.3100585423636132,,118.35247057991324,-1.0,3.0,52.24265,21.038739,4.0
3484,2026-05-11 18:50:51.400000+00:00,52.2437135,21.0388164,95.6,0.05,-0.129,-0.024,0.967,0,0.2927725480712906,,118.37316678240128,-1.0,3.0,52.24265,21.038739,4.0
3489,2026-05-11 18:50:51.900000+00:00,52.2437138,21.038816,95.8,0.02,-0.131,-0.022,0.967,0,0.3100585409662965,,118.40528321749136,-1.0,3.0,52.24265,21.038739,4.0
3494,2026-05-11 18:50:52.400000+00:00,52.243714,21.0388155,95.9,0.07,-0.128,-0.02,0.968,0,0.2927725498496507,,118.4259982465695,-1.0,3.0,52.24265,21.038739,4.0
3499,2026-05-11 18:50:52.900000+00:00,52.2437142,21.0388152,96.0,0.12,-0.129,-0.022,0.968,0,0.2174083802827616,,118.4473192824964,-1.0,3.0,52.24265,21.038739,4.0
3504,2026-05-11 18:50:53.400000+00:00,52.2437143,21.0388148,96.2,0.01,-0.132,-0.02,0.966,0,0.2117994828989141,,118.45723843970792,-1.0,3.0,52.24265,21.038739,4.0
3509,2026-05-11 18:50:53.900000+00:00,52.2437146,21.0388144,96.3,0.06,-0.129,-0.019,0.968,0,0.3100585347856049,,118.48938216938676,-1.0,3.0,52.24265,21.038739,4.0
3514,2026-05-11 18:50:54.400000+00:00,52.2437148,21.0388141,96.4,0.11,-0.132,-0.023,0.968,0,0.2174083789376261,,118.51071723010584,-1.0,3.0,52.24265,21.038739,4.0
3519,2026-05-11 18:50:54.900000+00:00,52.2437149,21.0388139,96.6,0.06,-0.13,-0.021,0.967,0,0.1265780390959272,,118.52123967943812,-1.0,3.0,52.24265,21.038739,4.0
3524,2026-05-11 18:50:55.400000+00:00,52.2437148,21.0388136,96.7,0.16,-0.132,-0.022,0.968,0,0.1674437981036757,,118.50925329629236,-1.0,3.0,52.24265,21.038739,4.0
3529,2026-05-11 18:50:55.900000+00:00,52.2437149,21.0388133,96.9,0.04,-0.131,-0.02,0.968,0,0.1674437981036757,,118.5194889796581,-1.0,3.0,52.24265,21.038739,4.0
3534,2026-05-11 18:50:56.400000+00:00,52.2437149,21.038813,97.0,0.06,-0.129,-0.02,0.964,0,0.1470638152077183,,118.51861890040902,-1.0,3.0,52.24265,21.038739,4.0
3539,2026-05-11 18:50:56.900000+00:00,52.2437149,21.0388128,97.2,0.05,-0.129,-0.022,0.969,0,0.0980425445112444,,118.51804079971204,-1.0,3.0,52.24265,21.038739,4.0
3544,2026-05-11 18:50:57.400000+00:00,52.2437148,21.0388127,97.4,0.17,-0.13,-0.023,0.969,0,0.0938762201907732,,118.50664281392274,-1.0,3.0,52.24265,21.038739,4.0
3549,2026-05-11 18:50:57.900000+00:00,52.2437148,21.0388124,97.5,0.05,-0.132,-0.021,0.966,0,0.1470638155391433,,118.50577968156844,-1.0,3.0,52.24265,21.038739,4.0
3554,2026-05-11 18:50:58.400000+00:00,52.2437146,21.0388124,97.7,0.04,-0.128,-0.02,0.966,0,0.1601206960198276,,118.48356048381976,-1.0,3.0,52.24265,21.038739,4.0
3559,2026-05-11 18:50:58.900000+00:00,52.2437142,21.0388124,97.9,0.01,-0.131,-0.02,0.967,0,0.3202413869469289,,118.43912211131229,-1.0,3.0,52.24265,21.038739,4.0
3564,2026-05-11 18:50:59.400000+00:00,52.243714,21.0388125,98.1,0.09,-0.127,-0.021,0.969,0,0.16745662784243,,118.41719047179588,-1.0,3.0,52.24265,21.038739,4.0
3569,2026-05-11 18:50:59.900000+00:00,52.2437137,21.0388126,98.3,0.08,-0.132,-0.022,0.967,0,0.2451326540634501,,118.38414981166709,-1.0,3.0,52.24265,21.038739,4.0
3574,2026-05-11 18:51:00.400000+00:00,52.2437136,21.0388129,98.5,0.13,-0.132,-0.02,0.965,0,0.1674437991617142,,118.37390673663168,-1.0,3.0,52.24265,21.038739,4.0
3579,2026-05-11 18:51:00.900000+00:00,52.2437135,21.038813,98.6,0.04,-0.132,-0.021,0.967,0,0.0938762217549026,,118.36308691979558,-1.0,3.0,52.24265,21.038739,4.0
3584,2026-05-11 18:51:01.400000+00:00,52.2437134,21.0388131,98.8,0.19,-0.13,-0.022,0.969,0,0.0938762166551952,,118.35226755089602,-1.0,3.0,52.24265,21.038739,4.0
3589,2026-05-11 18:51:01.900000+00:00,52.2437134,21.038813,98.9,0.16,-0.132,-0.02,0.968,0,0.0490212723535986,,118.3519775070906,-1.0,3.0,52.24265,21.038739,4.0
3594,2026-05-11 18:51:02.400000+00:00,52.2437134,21.038813,99.1,0.09,-0.131,-0.022,0.968,0,0.0,,118.3519775070906,-1.0,3.0,52.24265,21.038739,4.0
3599,2026-05-11 18:51:02.900000+00:00,52.2437134,21.0388132,99.2,0.05,-0.128,-0.022,0.969,0,0.0980425462663456,,118.35255798568488,-1.0,3.0,52.24265,21.038739,4.0
3604,2026-05-11 18:51:03.400000+00:00,52.2437136,21.0388134,99.3,0.18,-0.131,-0.021,0.967,0,0.1877524384100978,,118.37535863796552,-1.0,3.0,52.24265,21.038739,4.0
3609,2026-05-11 18:51:03.900000+00:00,52.2437139,21.0388136,99.4,0.02,-0.131,-0.022,0.968,0,0.2594210403318699,,118.4092698999359,-1.0,3.0,52.24265,21.038739,4.0
3614,2026-05-11 18:51:04.400000+00:00,52.2437142,21.0388138,99.4,0.08,-0.131,-0.02,0.967,0,0.2594210300620668,,118.443182412064,-1.0,3.0,52.24265,21.038739,4.0
3619,2026-05-11 18:51:04.900000+00:00,52.2437145,21.0388138,99.5,0.06,-0.129,-0.022,0.967,0,0.2401810465761045,,118.47651004730602,-1.0,3.0,52.24265,21.038739,4.0
3624,2026-05-11 18:51:05.400000+00:00,52.2437149,21.0388136,99.6,0.08,-0.133,-0.022,0.969,0,0.334913251796426,,118.52036257269371,-1.0,3.0,52.24265,21.038739,4.0
3629,2026-05-11 18:51:05.900000+00:00,52.2437152,21.0388134,99.7,0.17,-0.13,-0.023,0.968,0,0.2594210298162807,,118.55310778932888,-1.0,3.0,52.24265,21.038739,4.0
3634,2026-05-11 18:51:06.400000+00:00,52.2437154,21.0388131,99.9,0.06,-0.129,-0.021,0.968,0,0.2174083775924907,,118.57445562546486,-1.0,3.0,52.24265,21.038739,4.0
3639,2026-05-11 18:51:06.900000+00:00,52.2437155,21.0388127,100.0,0.13,-0.129,-0.023,0.967,0,0.2117994799146082,,118.58440949805863,-1.0,3.0,52.24265,21.038739,4.0
3644,2026-05-11 18:51:07.400000+00:00,52.2437158,21.0388122,100.0,0.06,-0.13,-0.022,0.969,0,0.3431676799318732,,118.61630284809615,-1.0,3.0,52.24265,21.038739,4.0
3649,2026-05-11 18:51:07.900000+00:00,52.2437159,21.0388118,100.1,0.04,-0.132,-0.02,0.97,0,0.2117994749096331,,118.62627144591828,-1.0,3.0,52.24265,21.038739,4.0
3654,2026-05-11 18:51:08.400000+00:00,52.2437164,21.0388117,100.2,0.1,-0.13,-0.021,0.967,0,0.4032921596637538,,118.68153621583076,-1.0,3.0,52.24265,21.038739,4.0
3659,2026-05-11 18:51:08.900000+00:00,52.2437169,21.038811,100.3,0.05,-0.133,-0.023,0.97,0,0.5272500794802559,,118.73510804455452,-1.0,3.0,52.24265,21.038739,4.0
3664,2026-05-11 18:51:09.400000+00:00,52.2437176,21.0388105,100.3,0.02,-0.132,-0.02,0.967,0,0.6116783574940147,,118.81147843202956,-1.0,3.0,52.24265,21.038739,4.0
3669,2026-05-11 18:51:09.900000+00:00,52.2437183,21.0388101,100.4,0.03,-0.133,-0.021,0.969,0,0.5937361874062718,,118.8881375093927,-1.0,3.0,52.24265,21.038739,4.0
3674,2026-05-11 18:51:10.400000+00:00,52.243719,21.0388097,100.5,0.02,-0.13,-0.02,0.967,0,0.5937361810627917,,118.96480434981233,-1.0,3.0,52.24265,21.038739,4.0
3679,2026-05-11 18:51:10.900000+00:00,52.2437197,21.0388093,100.6,0.01,-0.131,-0.019,0.971,0,0.5937361853631088,,119.04147893968364,-1.0,3.0,52.24265,21.038739,4.0
3684,2026-05-11 18:51:11.400000+00:00,52.2437205,21.0388089,100.7,0.03,-0.129,-0.021,0.969,0,0.6698265019333625,,119.12927187785004,-1.0,3.0,52.24265,21.038739,4.0
3689,2026-05-11 18:51:11.900000+00:00,52.2437213,21.0388085,100.8,0.07,-0.13,-0.022,0.969,0,0.6698264960288434,,119.21707276110855,-1.0,3.0,52.24265,21.038739,4.0
3694,2026-05-11 18:51:12.400000+00:00,52.2437218,21.0388082,100.8,0.08,-0.132,-0.02,0.968,0,0.4264612998960554,,119.27181781387512,-1.0,3.0,52.24265,21.038739,4.0
3699,2026-05-11 18:51:12.900000+00:00,52.2437224,21.0388078,100.9,0.06,-0.131,-0.022,0.971,0,0.5188420561101592,,119.3374105989761,-1.0,3.0,52.24265,21.038739,4.0
3704,2026-05-11 18:51:13.400000+00:00,52.2437228,21.0388077,100.9,0.08,-0.132,-0.023,0.97,0,0.3239716503233676,,119.3815873409718,-1.0,3.0,52.24265,21.038739,4.0
3709,2026-05-11 18:51:13.900000+00:00,52.2437232,21.0388076,100.9,0.03,-0.13,-0.022,0.967,0,0.3239716502565022,,119.42576469475183,-1.0,3.0,52.24265,21.038739,4.0
3714,2026-05-11 18:51:14.400000+00:00,52.2437235,21.0388075,101.0,0.03,-0.126,-0.02,0.968,0,0.2451326563309128,,119.45883164507526,-1.0,3.0,52.24265,21.038739,4.0
3719,2026-05-11 18:51:14.900000+00:00,52.2437237,21.0388076,101.1,0.03,-0.129,-0.019,0.969,0,0.1674566203568874,,119.48131964093646,-1.0,3.0,52.24265,21.038739,4.0
3724,2026-05-11 18:51:15.400000+00:00,52.2437236,21.0388076,101.1,0.1,-0.131,-0.02,0.969,0,0.0800603454635506,,119.47020864881767,-1.0,3.0,52.24265,21.038739,4.0
3729,2026-05-11 18:51:15.900000+00:00,52.2437236,21.0388075,101.2,0.12,-0.131,-0.019,0.967,0,0.0490212610851497,,119.46994266035269,-1.0,3.0,52.24265,21.038739,4.0
3734,2026-05-11 18:51:16.400000+00:00,52.2437235,21.0388075,101.3,0.01,-0.132,-0.021,0.968,0,0.0800603454635506,,119.45883164507526,-1.0,3.0,52.24265,21.038739,4.0
3739,2026-05-11 18:51:16.900000+00:00,52.2437235,21.0388074,101.3,0.09,-0.131,-0.02,0.968,0,0.0490212627547727,,119.45856601932748,-1.0,3.0,52.24265,21.038739,4.0
3744,2026-05-11 18:51:17.400000+00:00,52.2437234,21.0388076,101.4,0.07,-0.132,-0.021,0.971,0,0.1265780243779334,,119.4479866686193,-1.0,3.0,52.24265,21.038739,4.0
3749,2026-05-11 18:51:17.900000+00:00,52.2437234,21.0388076,101.4,0.01,-0.132,-0.019,0.967,0,0.0,,119.4479866686193,-1.0,3.0,52.24265,21.038739,4.0
3754,2026-05-11 18:51:18.400000+00:00,52.2437234,21.0388077,101.5,0.03,-0.131,-0.023,0.969,0,0.0490212628652477,,119.44825309407774,-1.0,3.0,52.24265,21.038739,4.0
3759,2026-05-11 18:51:18.900000+00:00,52.2437234,21.0388079,101.5,0.08,-0.131,-0.021,0.968,0,0.0980425241713474,,119.44878710747425,-1.0,3.0,52.24265,21.038739,4.0
3764,2026-05-11 18:51:19.400000+00:00,52.2437233,21.0388083,101.5,0.08,-0.13,-0.021,0.968,0,0.211799447113068,,119.43874897103704,-1.0,3.0,52.24265,21.038739,4.0
3769,2026-05-11 18:51:19.900000+00:00,52.2437234,21.0388088,101.5,0.12,-0.135,-0.022,0.969,0,0.2578502736267941,,119.45120934831662,-1.0,3.0,52.24265,21.038739,4.0
3774,2026-05-11 18:51:20.400000+00:00,52.2437234,21.0388092,101.5,0.16,-0.113,-0.023,0.971,0,0.1960850483426948,,119.45229597407726,-1.0,3.0,52.24265,21.038739,4.0
3779,2026-05-11 18:51:20.900000+00:00,52.2437231,21.038808,101.6,1.24,-0.073,-0.026,0.972,0,0.6353983430481309,,119.41572203547253,-1.0,3.0,52.24265,21.038739,4.0
3784,2026-05-11 18:51:21.400000+00:00,52.2437228,21.038805,101.7,2.26,-0.055,-0.025,0.976,0,1.4901217139244352,,119.3745259320928,-1.0,3.0,52.24265,21.038739,4.0
3789,2026-05-11 18:51:21.900000+00:00,52.2437215,21.0387989,101.7,3.56,-0.042,-0.025,0.978,0,3.16624526413772,,119.21514436464848,-1.0,3.0,52.24265,21.038739,4.0
3794,2026-05-11 18:51:22.400000+00:00,52.2437193,21.0387894,101.5,5.5,-0.038,-0.031,0.983,0,4.978967017279436,,118.95024252446336,-1.0,3.0,52.24265,21.038739,4.0
3799,2026-05-11 18:51:22.900000+00:00,52.2437168,21.0387775,101.3,7.05,-0.026,-0.029,0.983,0,6.167343029312444,,118.65170684327938,-1.0,3.0,52.24265,21.038739,4.0
3804,2026-05-11 18:51:23.400000+00:00,52.2437138,21.0387612,101.1,9.25,-0.015,-0.033,0.987,0,8.343635880757917,,118.29881964557264,-1.0,3.0,52.24265,21.038739,4.0
3809,2026-05-11 18:51:23.900000+00:00,52.2437096,21.0387404,101.0,11.45,0.0,-0.036,0.979,0,10.736560291368534,,117.8221828313794,-1.0,3.0,52.24265,21.038739,4.0
3814,2026-05-11 18:51:24.400000+00:00,52.2437047,21.0387149,100.8,14.07,0.002,-0.045,0.988,0,13.101536318071863,,117.28876759178534,-1.0,3.0,52.24265,21.038739,4.0
3819,2026-05-11 18:51:24.900000+00:00,52.2436993,21.0386847,100.7,16.47,0.003,-0.036,0.975,0,15.422764524393454,,116.73539514139414,-1.0,3.0,52.24265,21.038739,4.0
3824,2026-05-11 18:51:25.400000+00:00,52.243693,21.0386498,100.6,18.38,-0.021,-0.035,0.989,0,17.83643324916039,,116.13521723412153,-1.0,3.0,52.24265,21.038739,4.0
3829,2026-05-11 18:51:25.900000+00:00,52.2436863,21.0386128,100.4,18.95,-0.1,-0.016,0.962,0,18.914430536895612,,115.55121457844258,-1.0,3.0,52.24265,21.038739,4.0
3834,2026-05-11 18:51:26.400000+00:00,52.243679,21.0385759,100.4,18.58,-0.159,0.009,0.96,0,19.009576994680124,,114.957197028091,-1.0,3.0,52.24265,21.038739,4.0
3839,2026-05-11 18:51:26.900000+00:00,52.2436711,21.0385406,100.2,17.79,-0.162,-0.004,0.963,0,18.424148559235174,,114.34187014057837,-1.0,3.0,52.24265,21.038739,4.0
3844,2026-05-11 18:51:27.400000+00:00,52.243662,21.0385075,99.8,17.37,-0.169,0.01,0.961,0,17.78660637451485,,113.6277832074328,-1.0,3.0,52.24265,21.038739,4.0
3849,2026-05-11 18:51:27.900000+00:00,52.2436514,21.038477,98.7,17.1,-0.156,0.026,0.952,0,17.19204778860645,,112.77042572513344,-1.0,3.0,52.24265,21.038739,4.0
3854,2026-05-11 18:51:28.400000+00:00,52.2436405,21.0384486,97.8,16.48,-0.147,0.049,0.955,0,16.430976649826277,,111.8992593661845,-1.0,3.0,52.24265,21.038739,4.0
3859,2026-05-11 18:51:28.900000+00:00,52.2436285,21.0384246,96.3,15.94,-0.158,0.068,0.993,0,15.189380985805668,,110.88998387380371,-1.0,3.0,52.24265,21.038739,4.0
3864,2026-05-11 18:51:29.400000+00:00,52.2436153,21.0384022,95.5,16.57,-0.145,0.113,0.959,0,15.240065760346988,,109.75866073758644,-1.0,3.0,52.24265,21.038739,4.0
3869,2026-05-11 18:51:29.900000+00:00,52.2436006,21.038385,94.3,16.38,-0.155,0.139,0.953,0,14.47755287762884,,108.41503109133886,-1.0,3.0,52.24265,21.038739,4.0
3874,2026-05-11 18:51:30.400000+00:00,52.243585,21.0383715,93.8,16.74,-0.169,0.111,0.961,0,14.13442367714897,,106.93582852499787,-1.0,3.0,52.24265,21.038739,4.0
3879,2026-05-11 18:51:30.900000+00:00,52.2435673,21.0383594,93.4,16.41,-0.18,0.112,0.966,0,15.36203116655851,,105.22264638442532,-1.0,3.0,52.24265,21.038739,4.0
3884,2026-05-11 18:51:31.400000+00:00,52.2435484,21.038351,93.1,16.44,-0.168,0.083,0.964,0,15.681700302821152,,103.33147227607348,-1.0,3.0,52.24265,21.038739,4.0
3889,2026-05-11 18:51:31.900000+00:00,52.2435315,21.0383502,92.7,16.62,-0.145,0.085,0.959,0,13.53588101327023,,101.5300542484347,-1.0,3.0,52.24265,21.038739,4.0
3894,2026-05-11 18:51:32.400000+00:00,52.2435104,21.0383507,92.6,17.5,-0.141,0.083,0.959,0,16.894511375832035,,99.25780582369596,-1.0,3.0,52.24265,21.038739,4.0
3899,2026-05-11 18:51:32.900000+00:00,52.2434881,21.0383543,92.5,17.95,-0.152,0.116,0.969,0,17.940467396459493,,96.80338128250683,-1.0,3.0,52.24265,21.038739,4.0
3904,2026-05-11 18:51:33.400000+00:00,52.2434665,21.0383625,92.3,17.38,-0.169,0.126,0.969,0,17.75408618841675,,94.34016622980266,-1.0,3.0,52.24265,21.038739,4.0
3909,2026-05-11 18:51:33.900000+00:00,52.2434449,21.0383759,91.8,18.88,-0.173,0.112,0.972,0,18.49863127573004,,91.78109352560053,-1.0,3.0,52.24265,21.038739,4.0
3914,2026-05-11 18:51:34.400000+00:00,52.2434253,21.0383943,91.3,18.39,-0.149,0.089,0.949,0,18.099539831547656,,89.34692444958206,-1.0,3.0,52.24265,21.038739,4.0
3919,2026-05-11 18:51:34.900000+00:00,52.2434059,21.0384164,91.0,19.21,-0.112,0.022,0.957,0,18.936858115746077,,86.87475612381587,-1.0,3.0,52.24265,21.038739,4.0
3924,2026-05-11 18:51:35.400000+00:00,52.2433853,21.0384382,90.8,20.56,-0.072,-0.014,0.942,0,19.6521285481927,,84.28764777270334,-1.0,3.0,52.24265,21.038739,4.0
3929,2026-05-11 18:51:35.900000+00:00,52.2433632,21.0384598,90.6,21.11,-0.085,-0.037,1.023,0,20.619753240997863,,81.55076255837058,-1.0,3.0,52.24265,21.038739,4.0
3934,2026-05-11 18:51:36.400000+00:00,52.2433399,21.0384832,90.4,22.77,-0.084,-0.055,0.954,0,21.898846305955697,4.0,78.66559236592212,-1.0,3.0,52.24265,21.038739,4.0
3939,2026-05-11 18:51:36.900000+00:00,52.2433157,21.0385061,90.2,23.35,-0.096,-0.06,0.958,0,22.391910698330197,4.0,75.70190453261186,-1.0,3.0,52.24265,21.038739,4.0
3944,2026-05-11 18:51:37.400000+00:00,52.2432899,21.0385293,90.0,23.94,-0.099,-0.043,0.954,0,23.57962273233692,4.0,72.57197710135733,-1.0,3.0,52.24265,21.038739,4.0
3949,2026-05-11 18:51:37.900000+00:00,52.2432621,21.0385533,89.9,25.46,-0.1,-0.062,0.977,0,25.17507775630852,4.0,69.22682564071327,-1.0,3.0,52.24265,21.038739,4.0
3954,2026-05-11 18:51:38.400000+00:00,52.2432335,21.0385744,89.8,25.38,-0.097,-0.048,0.959,0,25.12517635316046,4.0,65.84300978041881,-1.0,3.0,52.24265,21.038739,4.0
3959,2026-05-11 18:51:38.900000+00:00,52.2432036,21.0385964,89.8,26.49,-0.095,-0.061,0.947,0,26.25532063084737,4.0,62.318488267486416,-1.0,3.0,52.24265,21.038739,4.0
3964,2026-05-11 18:51:39.400000+00:00,52.2431724,21.0386184,89.6,27.5,-0.108,-0.064,0.976,0,27.20760821399989,4.0,58.665717633653735,-1.0,3.0,52.24265,21.038739,4.0
3969,2026-05-11 18:51:39.900000+00:00,52.2431404,21.0386393,89.4,27.97,-0.119,-0.079,0.969,0,27.592044194300687,4.0,54.95088555425979,-1.0,3.0,52.24265,21.038739,4.0
3974,2026-05-11 18:51:40.400000+00:00,52.2431071,21.0386593,89.3,28.47,-0.103,-0.071,0.952,0,28.405750516565583,4.0,51.1160551577798,-1.0,3.0,52.24265,21.038739,4.0
3979,2026-05-11 18:51:40.900000+00:00,52.2430726,21.0386789,89.2,29.83,-0.117,-0.075,0.971,0,29.24430206116701,4.0,47.16880572828924,-1.0,3.0,52.24265,21.038739,4.0
3984,2026-05-11 18:51:41.400000+00:00,52.2430369,21.0386974,89.1,30.37,-0.128,-0.068,0.977,0,29.98587481241273,4.0,43.11445456556169,-1.0,3.0,52.24265,21.038739,4.0
3989,2026-05-11 18:51:41.900000+00:00,52.2430005,21.0387158,89.1,31.1,-0.113,-0.088,0.946,0,30.50599294886887,4.0,39.00581930863244,-1.0,3.0,52.24265,21.038739,4.0
3994,2026-05-11 18:51:42.400000+00:00,52.2429636,21.0387317,88.9,31.25,-0.108,-0.08,0.944,0,30.553232328051237,4.0,34.87427104587129,-1.0,3.0,52.24265,21.038739,4.0
3999,2026-05-11 18:51:42.900000+00:00,52.2429258,21.0387465,88.7,31.57,-0.137,-0.074,0.984,0,31.12035904221927,4.0,30.67181191031532,-1.0,3.0,52.24265,21.038739,4.0
4004,2026-05-11 18:51:43.400000+00:00,52.2428871,21.0387603,88.6,31.53,-0.127,-0.082,0.953,0,31.71331373038863,4.0,26.40417434607402,-1.0,3.0,52.24265,21.038739,4.0
4009,2026-05-11 18:51:43.900000+00:00,52.242848,21.0387726,88.4,32.0,-0.128,-0.088,0.951,0,31.87903337997861,4.0,22.135132470884763,-1.0,3.0,52.24265,21.038739,4.0
4014,2026-05-11 18:51:44.400000+00:00,52.2428083,21.0387833,88.2,32.25,-0.129,-0.084,0.961,0,32.213878937084964,4.0,17.8587125034521,-1.0,3.0,52.24265,21.038739,4.0
4019,2026-05-11 18:51:44.900000+00:00,52.2427677,21.0387928,88.0,32.76,-0.116,-0.083,0.961,0,32.836432987680034,4.0,13.590600233457495,-1.0,3.0,52.24265,21.038739,4.0
4024,2026-05-11 18:51:45.400000+00:00,52.2427271,21.038802,87.9,32.97,-0.113,-0.074,0.965,0,32.81589830413205,4.0,9.586344949813927,-1.0,3.0,52.24265,21.038739,4.0
4029,2026-05-11 18:51:45.900000+00:00,52.2426861,21.0388109,88.0,34.17,-0.111,-0.086,0.974,0,33.11343250463495,4.0,6.330763795411543,-1.0,3.0,52.24265,21.038739,4.0
4034,2026-05-11 18:51:46.400000+00:00,52.2426434,21.0388168,88.0,34.49,-0.094,-0.075,0.943,0,34.30790413378068,4.0,5.347744308503927,-1.0,3.0,52.24265,21.038739,4.0
4039,2026-05-11 18:51:46.900000+00:00,52.2426001,21.0388232,88.0,34.81,-0.125,-0.057,0.971,0,34.807816844534784,4.0,7.978312679309423,-1.0,3.0,52.24265,21.038739,4.0
4044,2026-05-11 18:51:47.400000+00:00,52.2425562,21.0388303,88.0,35.18,-0.124,-0.016,0.96,0,35.318415896857736,4.0,12.14204906706199,-1.0,3.0,52.24265,21.038739,4.0
4049,2026-05-11 18:51:47.900000+00:00,52.242512,21.038838,88.0,35.51,-0.123,-0.052,0.968,0,35.587431885962296,4.0,16.76011937877874,-1.0,3.0,52.24265,21.038739,4.0
4054,2026-05-11 18:51:48.400000+00:00,52.2424681,21.0388461,88.0,35.32,-0.151,-0.029,0.961,0,35.370092453848684,4.0,21.500704783648818,-1.0,3.0,52.24265,21.038739,4.0
4059,2026-05-11 18:51:48.900000+00:00,52.242424,21.038856,88.0,35.34,-0.131,-0.015,0.938,0,35.638615481330305,4.0,26.362462317061965,-1.0,3.0,52.24265,21.038739,4.0
4064,2026-05-11 18:51:49.400000+00:00,52.2423797,21.0388675,88.0,35.74,-0.138,0.013,0.974,0,35.91200199753904,4.0,31.30352159390125,-1.0,3.0,52.24265,21.038739,4.0
4069,2026-05-11 18:51:49.900000+00:00,52.2423358,21.0388813,88.0,35.62,-0.126,-0.003,0.959,0,35.79166217165951,4.0,36.25599977262172,-1.0,3.0,52.24265,21.038739,4.0
4074,2026-05-11 18:51:50.400000+00:00,52.2422916,21.0388967,88.0,36.16,-0.131,-0.004,0.949,0,36.18303225665085,4.0,41.2733913181616,-1.0,3.0,52.24265,21.038739,4.0
4079,2026-05-11 18:51:50.900000+00:00,52.2422478,21.0389139,87.9,36.11,-0.138,0.009,0.972,0,36.0659418003506,4.0,46.28089735558598,-1.0,3.0,52.24265,21.038739,4.0
4084,2026-05-11 18:51:51.400000+00:00,52.2422043,21.0389334,87.9,36.39,-0.141,-0.015,0.989,0,36.11441821203268,4.0,51.29665605135345,-1.0,3.0,52.24265,21.038739,4.0
4089,2026-05-11 18:51:51.900000+00:00,52.2421605,21.0389551,87.9,36.52,-0.129,-0.016,0.964,0,36.64452684503208,4.0,56.383566397813055,-1.0,3.0,52.24265,21.038739,4.0
4094,2026-05-11 18:51:52.400000+00:00,52.2421167,21.0389788,87.9,36.95,-0.123,-0.019,0.928,0,36.941076512987706,4.0,61.50691661171087,-1.0,3.0,52.24265,21.038739,4.0
4099,2026-05-11 18:51:52.900000+00:00,52.242073,21.0390042,87.8,37.62,-0.15,-0.015,0.978,0,37.136167873446695,4.0,66.65195450971599,-1.0,3.0,52.24265,21.038739,4.0
4104,2026-05-11 18:51:53.400000+00:00,52.24203,21.0390314,87.8,36.62,-0.144,0.034,0.98,0,36.91814135084784,4.0,71.75791076138232,-1.0,3.0,52.24265,21.038739,4.0
4109,2026-05-11 18:51:53.900000+00:00,52.2419873,21.0390618,87.7,37.26,-0.119,0.031,0.924,0,37.29299318981553,4.0,76.89673529736768,-1.0,3.0,52.24265,21.038739,4.0
4114,2026-05-11 18:51:54.400000+00:00,52.2419452,21.0390948,87.8,37.4,-0.142,0.035,0.996,0,37.38677568637345,,82.02900902141174,-1.0,3.0,52.24265,21.038739,4.0
4119,2026-05-11 18:51:54.900000+00:00,52.2419032,21.0391313,87.9,37.55,-0.133,0.039,0.973,0,38.08990327548199,,87.23051125569147,-1.0,3.0,52.24265,21.038739,4.0
4124,2026-05-11 18:51:55.400000+00:00,52.2418615,21.0391703,87.8,38.42,-0.119,0.004,0.973,0,38.47218032124365,,92.4643572103912,-1.0,3.0,52.24265,21.038739,4.0
4129,2026-05-11 18:51:55.900000+00:00,52.2418197,21.0392116,87.8,39.58,-0.123,0.03,0.966,0,39.11326807780413,,97.77199210356198,-1.0,3.0,52.24265,21.038739,4.0
4134,2026-05-11 18:51:56.400000+00:00,52.2417799,21.0392562,87.6,37.66,-0.109,0.029,0.968,0,38.644132654216335,,102.9600964391004,-1.0,3.0,52.24265,21.038739,4.0
4139,2026-05-11 18:51:56.900000+00:00,52.2417409,21.0393036,87.5,39.85,-0.118,-0.024,0.969,0,38.92136008227993,,108.15009819575354,-1.0,3.0,52.24265,21.038739,4.0
4144,2026-05-11 18:51:57.400000+00:00,52.2416997,21.0393516,87.4,40.2,-0.131,-0.031,0.973,0,40.518165918983726,,113.6027986334019,-1.0,3.0,52.24265,21.038739,4.0
4149,2026-05-11 18:51:57.900000+00:00,52.2416587,21.0393993,87.4,39.96,-0.121,-0.023,0.938,0,40.30242455141397,,119.04346182464884,-1.0,3.0,52.24265,21.038739,4.0
4154,2026-05-11 18:51:58.400000+00:00,52.2416174,21.0394489,87.3,40.91,-0.157,-0.032,0.956,0,41.04317092942482,,124.5789295850068,-1.0,3.0,52.24265,21.038739,4.0
4159,2026-05-11 18:51:58.900000+00:00,52.2415777,21.0394993,87.3,40.58,-0.164,-0.013,0.958,0,40.25792210031323,,129.98708438722255,-1.0,3.0,52.24265,21.038739,4.0
4164,2026-05-11 18:51:59.400000+00:00,52.2415382,21.0395501,87.3,40.3,-0.171,-0.011,0.972,0,40.25266593692832,,135.40092271459935,-1.0,3.0,52.24265,21.038739,4.0
4169,2026-05-11 18:51:59.900000+00:00,52.2414992,21.0396005,87.2,39.65,-0.163,-0.009,0.959,0,39.81697688918488,,140.76668863614256,-1.0,3.0,52.24265,21.038739,4.0
4174,2026-05-11 18:52:00.400000+00:00,52.2414618,21.039652,87.1,39.08,-0.161,-0.003,0.946,0,39.16605569856676,,146.01554214549515,-1.0,3.0,52.24265,21.038739,4.0
4179,2026-05-11 18:52:00.900000+00:00,52.2414248,21.0397035,86.8,37.7,-0.15,-0.007,0.971,0,38.92179135639203,,151.23781559847518,-1.0,3.0,52.24265,21.038739,4.0
4184,2026-05-11 18:52:01.400000+00:00,52.2413903,21.0397518,86.2,36.77,-0.144,-0.02,0.949,0,36.38105694171128,,156.12690140287333,-1.0,3.0,52.24265,21.038739,4.0
4189,2026-05-11 18:52:01.900000+00:00,52.2413531,21.0398049,86.1,39.0,-0.127,-0.012,0.942,0,39.555557293028,,161.44112787627293,-1.0,3.0,52.24265,21.038739,4.0
4194,2026-05-11 18:52:02.400000+00:00,52.2413162,21.039859,86.1,40.13,-0.153,-0.011,0.992,0,39.70086154698518,,166.76844553743572,-1.0,3.0,52.24265,21.038739,4.0
4199,2026-05-11 18:52:02.900000+00:00,52.2412794,21.039914,86.2,40.28,-0.136,-0.014,0.982,0,39.93787826200269,,172.12615034985043,-1.0,3.0,52.24265,21.038739,4.0
4204,2026-05-11 18:52:03.400000+00:00,52.2412426,21.0399697,86.2,39.91,-0.151,0.0,0.942,0,40.17037331378795,,177.51797424716358,-1.0,3.0,52.24265,21.038739,4.0
4209,2026-05-11 18:52:03.900000+00:00,52.2412057,21.0400261,86.3,40.67,-0.141,-0.003,0.971,0,40.46286166961116,,182.9536256529611,-1.0,3.0,52.24265,21.038739,4.0
4214,2026-05-11 18:52:04.400000+00:00,52.2411693,21.0400822,86.4,40.35,-0.146,0.0,0.978,0,40.07045919945602,,188.3415643933098,-1.0,3.0,52.24265,21.038739,4.0
4219,2026-05-11 18:52:04.900000+00:00,52.2411323,21.0401382,86.5,40.11,-0.131,-0.024,0.953,0,40.38783135103672,,183.7419823514988,-1.0,3.0,52.239705,21.041498,5.0
4224,2026-05-11 18:52:05.400000+00:00,52.2410943,21.0401936,86.5,40.8,-0.144,-0.028,0.956,0,40.78218402923881,,178.19501303997032,-1.0,3.0,52.239705,21.041498,5.0
4229,2026-05-11 18:52:05.900000+00:00,52.2410563,21.0402482,86.6,40.45,-0.159,-0.018,0.977,0,40.5220697060398,,172.68249269925852,-1.0,3.0,52.239705,21.041498,5.0
4234,2026-05-11 18:52:06.400000+00:00,52.2410183,21.0403023,86.7,40.4,-0.151,-0.046,0.945,0,40.36058741096471,,167.19424738485282,-1.0,3.0,52.239705,21.041498,5.0
4239,2026-05-11 18:52:06.900000+00:00,52.2409808,21.0403541,86.7,39.02,-0.169,-0.07,0.971,0,39.322291926830296,,161.8381232159259,-1.0,3.0,52.239705,21.041498,5.0
4244,2026-05-11 18:52:07.400000+00:00,52.2409425,21.0404043,86.7,39.26,-0.161,-0.091,0.948,0,39.31779116197663,,156.4628370426047,-1.0,3.0,52.239705,21.041498,5.0
4249,2026-05-11 18:52:07.900000+00:00,52.240903,21.040452,86.8,39.04,-0.168,-0.139,0.949,0,39.330744117045,,151.05612363056193,-1.0,3.0,52.239705,21.041498,5.0
4254,2026-05-11 18:52:08.400000+00:00,52.240863,21.0404965,87.1,38.58,-0.168,-0.179,0.948,0,38.74889850907894,,145.7062588162198,-1.0,3.0,52.239705,21.041498,5.0
4259,2026-05-11 18:52:08.900000+00:00,52.2408216,21.0405356,87.1,38.76,-0.173,-0.157,0.931,0,38.28868717092053,,140.3922206657065,-1.0,3.0,52.239705,21.041498,5.0
4264,2026-05-11 18:52:09.400000+00:00,52.24078,21.0405725,87.2,37.74,-0.156,-0.121,0.936,0,37.9009159058115,,135.12859451215127,-1.0,3.0,52.239705,21.041498,5.0
4269,2026-05-11 18:52:09.900000+00:00,52.2407375,21.0406071,87.1,37.25,-0.164,-0.103,0.979,0,38.01934714352877,,129.84954621214706,-1.0,3.0,52.239705,21.041498,5.0
4274,2026-05-11 18:52:10.400000+00:00,52.240696,21.0406398,87.1,37.15,-0.138,-0.037,0.927,0,36.89034784003353,,124.72944817154188,-1.0,3.0,52.239705,21.041498,5.0
4279,2026-05-11 18:52:10.900000+00:00,52.2406541,21.0406726,87.1,37.2,-0.14,-0.049,0.978,0,37.20020303229176,,119.56719454955004,-1.0,3.0,52.239705,21.041498,5.0
4284,2026-05-11 18:52:11.400000+00:00,52.2406129,21.0407057,87.1,37.25,-0.16,0.0,0.975,0,36.76033407815725,,114.46434924797953,-1.0,3.0,52.239705,21.041498,5.0
4289,2026-05-11 18:52:11.900000+00:00,52.2405726,21.0407395,87.1,35.73,-0.136,0.01,0.939,0,36.27069101113003,,109.4274555761284,-1.0,3.0,52.239705,21.041498,5.0
4294,2026-05-11 18:52:12.400000+00:00,52.2405317,21.0407761,87.1,38.15,-0.141,-0.006,0.966,0,37.33855586229203,,104.24180384756954,-1.0,3.0,52.239705,21.041498,5.0
4299,2026-05-11 18:52:12.900000+00:00,52.2404918,21.0408166,87.3,37.78,-0.14,-0.007,0.969,0,37.61179457841333,,99.02958257037508,-1.0,3.0,52.239705,21.041498,5.0
4304,2026-05-11 18:52:13.400000+00:00,52.2404512,21.0408551,87.4,37.49,-0.133,-0.01,0.961,0,37.587124674910605,,93.8132268209974,-1.0,3.0,52.239705,21.041498,5.0
4309,2026-05-11 18:52:13.900000+00:00,52.2404103,21.0408956,87.4,38.29,-0.137,-0.01,0.976,0,38.29410629889203,,88.5046145787918,-1.0,3.0,52.239705,21.041498,5.0
4314,2026-05-11 18:52:14.400000+00:00,52.2403706,21.0409374,87.4,37.97,-0.128,-0.03,0.975,0,37.8174500613935,,83.27517810028813,-1.0,3.0,52.239705,21.041498,5.0
4319,2026-05-11 18:52:14.900000+00:00,52.2403308,21.040976,87.4,37.52,-0.128,-0.029,0.943,0,37.05968176085029,5.0,78.13778576747136,-1.0,3.0,52.239705,21.041498,5.0
4324,2026-05-11 18:52:15.400000+00:00,52.2402905,21.0410183,87.5,38.2,-0.149,-0.023,0.971,0,38.35406011212375,5.0,72.83882682138842,-1.0,3.0,52.239705,21.041498,5.0
4329,2026-05-11 18:52:15.900000+00:00,52.240251,21.0410572,87.5,37.16,-0.148,-0.027,0.933,0,36.929131637604016,5.0,67.72640340472803,-1.0,3.0,52.239705,21.041498,5.0
4334,2026-05-11 18:52:16.400000+00:00,52.2402106,21.0410959,87.6,38.13,-0.143,-0.028,0.979,0,37.49830801629548,5.0,62.53266256504059,-1.0,3.0,52.239705,21.041498,5.0
4339,2026-05-11 18:52:16.900000+00:00,52.24017,21.0411379,87.6,38.32,-0.133,-0.026,0.952,0,38.47744968726294,5.0,57.22482610239636,-1.0,3.0,52.239705,21.041498,5.0
4344,2026-05-11 18:52:17.400000+00:00,52.2401293,21.0411809,87.5,38.31,-0.142,-0.038,0.974,0,38.80921887380805,5.0,51.885949013490375,-1.0,3.0,52.239705,21.041498,5.0
4349,2026-05-11 18:52:17.900000+00:00,52.2400887,21.0412237,87.6,38.39,-0.116,-0.026,0.942,0,38.68876925727311,5.0,46.57453935455846,-1.0,3.0,52.239705,21.041498,5.0
4354,2026-05-11 18:52:18.400000+00:00,52.2400475,21.0412648,87.6,38.63,-0.13,-0.032,0.943,0,38.65228905327388,5.0,41.2619428184923,-1.0,3.0,52.239705,21.041498,5.0
4359,2026-05-11 18:52:18.900000+00:00,52.240006,21.0413055,87.8,38.72,-0.139,-0.037,0.967,0,38.75613975759054,5.0,35.944764955387164,-1.0,3.0,52.239705,21.041498,5.0
4364,2026-05-11 18:52:19.400000+00:00,52.2399632,21.0413467,87.9,39.38,-0.119,-0.052,0.977,0,39.77593327665081,5.0,30.50294045872174,-1.0,3.0,52.239705,21.041498,5.0
4369,2026-05-11 18:52:19.900000+00:00,52.2399199,21.0413872,88.1,39.88,-0.118,-0.033,0.955,0,39.94963906265123,5.0,25.05849424457754,-1.0,3.0,52.239705,21.041498,5.0
4374,2026-05-11 18:52:20.400000+00:00,52.2398763,21.041428,88.1,40.04,-0.116,-0.025,0.975,0,40.23116388491535,5.0,19.63499155834293,-1.0,3.0,52.239705,21.041498,5.0
4379,2026-05-11 18:52:20.900000+00:00,52.2398323,21.0414687,88.1,40.56,-0.102,-0.028,0.936,0,40.485156882469376,5.0,14.295018872347582,-1.0,3.0,52.239705,21.041498,5.0
4384,2026-05-11 18:52:21.400000+00:00,52.2397878,21.0415105,88.1,41.01,-0.125,-0.03,0.984,0,41.10016179536493,5.0,9.246198238499044,-1.0,3.0,52.239705,21.041498,5.0
4389,2026-05-11 18:52:21.900000+00:00,52.2397435,21.0415533,88.1,41.66,-0.107,-0.028,0.965,0,41.20891048438352,5.0,5.70136599115371,-1.0,3.0,52.239705,21.041498,5.0
4394,2026-05-11 18:52:22.400000+00:00,52.2396981,21.0415965,88.1,42.36,-0.117,-0.02,0.988,0,42.067652678058295,5.0,6.750730660896056,-1.0,3.0,52.239705,21.041498,5.0
4399,2026-05-11 18:52:22.900000+00:00,52.2396527,21.0416394,88.0,42.27,-0.106,-0.031,0.96,0,41.99380930900198,5.0,11.2481312184108,-1.0,3.0,52.239705,21.041498,5.0
4404,2026-05-11 18:52:23.400000+00:00,52.2396056,21.0416836,88.1,43.59,-0.099,-0.026,0.952,0,43.49124023086975,5.0,16.78918074203299,-1.0,3.0,52.239705,21.041498,5.0
4409,2026-05-11 18:52:23.900000+00:00,52.2395583,21.0417276,88.1,43.92,-0.108,-0.028,0.952,0,43.58153943892871,5.0,22.59437952519284,-1.0,3.0,52.239705,21.041498,5.0
4414,2026-05-11 18:52:24.400000+00:00,52.2395111,21.0417725,88.0,43.89,-0.116,-0.033,0.985,0,43.73242675213429,5.0,28.53454840406991,-1.0,3.0,52.239705,21.041498,5.0
4419,2026-05-11 18:52:24.900000+00:00,52.2394629,21.0418191,88.1,44.97,-0.122,-0.024,0.98,0,44.84485981252209,5.0,34.68059444347515,-1.0,3.0,52.239705,21.041498,5.0
4424,2026-05-11 18:52:25.400000+00:00,52.2394149,21.0418657,88.2,45.0,-0.146,-0.024,0.925,0,44.70716272043799,5.0,40.83404238990742,-1.0,3.0,52.239705,21.041498,5.0
4429,2026-05-11 18:52:25.900000+00:00,52.2393676,21.0419131,88.3,44.4,-0.16,-0.028,0.935,0,44.43025325471936,5.0,46.9727160541095,-1.0,3.0,52.239705,21.041498,5.0
4434,2026-05-11 18:52:26.400000+00:00,52.2393204,21.0419587,88.3,44.05,-0.185,-0.023,0.988,0,43.90621661129674,5.0,53.03731429525526,-1.0,3.0,52.239705,21.041498,5.0
4439,2026-05-11 18:52:26.900000+00:00,52.2392731,21.042004,88.4,44.52,-0.144,-0.031,0.968,0,43.90056413196551,5.0,59.10592852769396,-1.0,3.0,52.239705,21.041498,5.0
4444,2026-05-11 18:52:27.400000+00:00,52.2392258,21.0420501,88.5,44.18,-0.147,-0.019,0.97,0,44.10028885696679,5.0,65.21128742002554,-1.0,3.0,52.239705,21.041498,5.0
4449,2026-05-11 18:52:27.900000+00:00,52.2391795,21.0420958,88.6,43.7,-0.157,-0.025,0.955,0,43.31300291062559,5.0,71.2132037527677,-1.0,3.0,52.239705,21.041498,5.0
4454,2026-05-11 18:52:28.400000+00:00,52.2391342,21.0421405,88.7,42.42,-0.157,-0.023,0.924,0,42.374242494469726,5.0,77.08706922804501,-1.0,3.0,52.239705,21.041498,5.0
4459,2026-05-11 18:52:28.900000+00:00,52.2390885,21.0421839,88.6,42.95,-0.178,-0.023,0.974,0,42.32470114244948,,82.94941868662038,-1.0,3.0,52.239705,21.041498,5.0
4464,2026-05-11 18:52:29.400000+00:00,52.2390432,21.0422279,88.6,42.17,-0.172,-0.028,0.986,0,42.19780225228362,,88.79988341248071,-1.0,3.0,52.239705,21.041498,5.0
4469,2026-05-11 18:52:29.900000+00:00,52.2389977,21.0422715,88.8,42.27,-0.152,-0.025,0.931,0,42.23592328312744,,94.65494600137146,-1.0,3.0,52.239705,21.041498,5.0
4474,2026-05-11 18:52:30.400000+00:00,52.238953,21.0423146,88.8,41.9,-0.163,-0.023,0.963,0,41.55962517365936,,100.41836947012165,-1.0,3.0,52.239705,21.041498,5.0
4479,2026-05-11 18:52:30.900000+00:00,52.238908,21.0423576,88.9,41.45,-0.179,-0.02,0.962,0,41.74185234691728,,106.20682511808724,-1.0,3.0,52.239705,21.041498,5.0
4484,2026-05-11 18:52:31.400000+00:00,52.2388641,21.0424003,89.0,40.94,-0.171,-0.03,0.935,0,40.90872026656041,,111.8827650032942,-1.0,3.0,52.239705,21.041498,5.0
4489,2026-05-11 18:52:31.900000+00:00,52.2388205,21.0424428,89.1,40.33,-0.171,-0.024,0.966,0,40.65222190922929,,117.52389782548109,-1.0,3.0,52.239705,21.041498,5.0
4494,2026-05-11 18:52:32.400000+00:00,52.2387768,21.0424853,89.2,40.53,-0.171,-0.017,0.984,0,40.720997448822814,,123.17480856357408,-1.0,3.0,52.239705,21.041498,5.0
4499,2026-05-11 18:52:32.900000+00:00,52.2387337,21.0425275,89.3,39.46,-0.154,-0.027,0.945,0,40.233212308879125,,128.75905518559713,-1.0,3.0,52.239705,21.041498,5.0
4504,2026-05-11 18:52:33.400000+00:00,52.2386912,21.0425688,89.3,39.19,-0.132,-0.034,0.941,0,39.59455684907919,,134.25430724067604,-1.0,3.0,52.239705,21.041498,5.0
4509,2026-05-11 18:52:33.900000+00:00,52.2386472,21.0426107,89.4,41.55,-0.147,-0.034,0.972,0,40.77859718091362,,139.91220830383725,-1.0,3.0,52.239705,21.041498,5.0
4514,2026-05-11 18:52:34.400000+00:00,52.2386026,21.0426535,89.7,41.54,-0.142,-0.018,0.959,0,41.41607778875159,,145.65981018291254,-1.0,3.0,52.239705,21.041498,5.0
4519,2026-05-11 18:52:34.900000+00:00,52.2385586,21.0426957,89.7,40.68,-0.135,-0.018,0.973,0,40.85290760775964,,151.32954798694402,-1.0,3.0,52.239705,21.041498,5.0
4524,2026-05-11 18:52:35.400000+00:00,52.2385138,21.0427384,90.1,42.31,-0.141,-0.023,0.971,0,41.52949087673994,,157.09290534185857,-1.0,3.0,52.239705,21.041498,5.0
4529,2026-05-11 18:52:35.900000+00:00,52.2384701,21.0427812,90.2,40.77,-0.137,-0.017,0.966,0,40.7965265166299,,162.75703729561798,-1.0,3.0,52.239705,21.041498,5.0
4534,2026-05-11 18:52:36.400000+00:00,52.238426,21.0428242,90.3,41.45,-0.121,-0.03,0.929,0,41.121683364933645,,168.46615676746956,-1.0,3.0,52.239705,21.041498,5.0
4539,2026-05-11 18:52:36.900000+00:00,52.2383818,21.0428674,90.5,41.83,-0.143,-0.026,0.966,0,41.24072461076968,,174.19210596422232,-1.0,3.0,52.239705,21.041498,5.0
4544,2026-05-11 18:52:37.400000+00:00,52.2383389,21.0429105,90.6,40.04,-0.121,-0.03,0.958,0,40.325516896679765,,179.79239142704074,-1.0,3.0,52.239705,21.041498,5.0
4549,2026-05-11 18:52:37.900000+00:00,52.2382945,21.0429543,90.8,40.72,-0.15,-0.015,1.001,0,41.52955816824315,,185.5591521356744,-1.0,3.0,52.239705,21.041498,5.0
4554,2026-05-11 18:52:38.400000+00:00,52.2382502,21.0429985,91.0,41.46,-0.112,-0.03,0.96,0,41.56297258174942,,191.33113010543397,-1.0,3.0,52.239705,21.041498,5.0
4559,2026-05-11 18:52:38.900000+00:00,52.2382059,21.0430423,91.2,41.69,-0.123,-0.023,0.92,0,41.46107423340384,,197.08861480361824,-1.0,3.0,52.239705,21.041498,5.0
4564,2026-05-11 18:52:39.400000+00:00,52.2381618,21.043086,91.2,41.3,-0.151,-0.03,0.984,0,41.29874202807829,,202.82371242002392,-1.0,3.0,52.239705,21.041498,5.0
4569,2026-05-11 18:52:39.900000+00:00,52.2381173,21.0431296,91.2,41.77,-0.137,-0.028,0.971,0,41.54761631909054,,208.59287355686183,-1.0,3.0,52.239705,21.041498,5.0
4574,2026-05-11 18:52:40.400000+00:00,52.238072,21.0431743,91.4,42.55,-0.135,-0.028,1.001,0,42.37451375055244,,214.47728284483293,-1.0,3.0,52.239705,21.041498,5.0
4579,2026-05-11 18:52:40.900000+00:00,52.2380264,21.0432187,91.5,42.68,-0.11,-0.038,0.942,0,42.50475800949713,,220.37913406105483,-1.0,3.0,52.239705,21.041498,5.0
4584,2026-05-11 18:52:41.400000+00:00,52.2379815,21.0432645,91.6,42.62,-0.122,-0.028,0.953,0,42.38400876611611,,226.26578814187192,-1.0,3.0,52.239705,21.041498,5.0
4589,2026-05-11 18:52:41.900000+00:00,52.2379349,21.0433092,91.7,43.43,-0.11,-0.03,0.934,0,43.268678826026594,,232.27280127632943,-1.0,3.0,52.239705,21.041498,5.0
4594,2026-05-11 18:52:42.400000+00:00,52.2378879,21.043354,91.7,43.21,-0.18,-0.011,1.015,0,43.56981372779767,,238.32126319659773,-1.0,3.0,52.239705,21.041498,5.0
4599,2026-05-11 18:52:42.900000+00:00,52.2378414,21.0433988,91.8,43.48,-0.142,-0.029,0.928,0,43.22458244689773,,244.32271330908745,-1.0,3.0,52.239705,21.041498,5.0
4604,2026-05-11 18:52:43.400000+00:00,52.2377942,21.0434427,91.9,43.24,-0.159,-0.029,0.94,0,43.48813140906076,,250.3578858887868,-1.0,3.0,52.239705,21.041498,5.0
4609,2026-05-11 18:52:43.900000+00:00,52.2377474,21.0434862,92.0,42.87,-0.166,-0.013,0.953,0,43.11281479831019,,256.34113437988685,-1.0,3.0,52.239705,21.041498,5.0
4614,2026-05-11 18:52:44.400000+00:00,52.2377028,21.0435299,92.1,41.21,-0.169,-0.014,0.973,0,41.64159484836687,,262.1239702776479,-1.0,3.0,52.239705,21.041498,5.0
4619,2026-05-11 18:52:44.900000+00:00,52.2376582,21.0435731,92.1,42.25,-0.139,-0.016,0.963,0,41.516010158116,,267.88887932283586,-1.0,3.0,52.239705,21.041498,5.0
4624,2026-05-11 18:52:45.400000+00:00,52.2376136,21.0436171,92.1,41.84,-0.135,-0.025,0.97,0,41.71748453022144,,273.6825576489989,-1.0,3.0,52.239705,21.041498,5.0
4629,2026-05-11 18:52:45.900000+00:00,52.2375686,21.0436617,92.2,42.25,-0.121,-0.042,0.955,0,42.14380144539022,,279.53558708325704,-1.0,3.0,52.239705,21.041498,5.0
4634,2026-05-11 18:52:46.400000+00:00,52.2375222,21.043705,92.2,42.89,-0.119,-0.03,0.938,0,42.7861110009892,,285.4743441798092,-1.0,3.0,52.239705,21.041498,5.0
4639,2026-05-11 18:52:46.900000+00:00,52.2374761,21.0437491,92.2,42.98,-0.131,-0.019,0.973,0,42.774671332781566,,291.4135317665658,-1.0,3.0,52.239705,21.041498,5.0
4644,2026-05-11 18:52:47.400000+00:00,52.2374293,21.0437934,92.2,43.77,-0.125,-0.039,0.992,0,43.30825965225272,,297.42616871249515,-1.0,3.0,52.239705,21.041498,5.0
4649,2026-05-11 18:52:47.900000+00:00,52.2373833,21.0438388,92.3,43.3,-0.116,-0.028,0.972,0,43.03183720740449,,303.40254006986186,-1.0,3.0,52.239705,21.041498,5.0
4654,2026-05-11 18:52:48.400000+00:00,52.2373357,21.0438838,92.4,43.97,-0.12,-0.03,0.948,0,44.03452133103531,,309.5160423820843,-1.0,3.0,52.239705,21.041498,5.0
4659,2026-05-11 18:52:48.900000+00:00,52.2372887,21.0439288,92.5,43.53,-0.142,-0.024,0.962,0,43.61947823146552,,315.57283396590265,-1.0,3.0,52.239705,21.041498,5.0
4664,2026-05-11 18:52:49.400000+00:00,52.2372414,21.0439741,92.6,44.13,-0.13,-0.032,0.972,0,43.90107847094447,,321.66879922464307,-1.0,3.0,52.239705,21.041498,5.0
4669,2026-05-11 18:52:49.900000+00:00,52.2371941,21.0440193,92.7,44.23,-0.131,-0.022,0.932,0,43.87630697507439,,327.7612518054317,-1.0,3.0,52.239705,21.041498,5.0
4674,2026-05-11 18:52:50.400000+00:00,52.2371476,21.0440646,92.8,43.61,-0.135,-0.027,0.956,0,43.34984086325299,,333.7815333234686,-1.0,3.0,52.239705,21.041498,5.0
4679,2026-05-11 18:52:50.900000+00:00,52.2371006,21.0441097,92.7,43.83,-0.118,-0.04,0.909,0,43.64434476506646,,339.84208412688326,-1.0,3.0,52.239705,21.041498,5.0
4684,2026-05-11 18:52:51.400000+00:00,52.237053,21.0441558,92.6,44.76,-0.174,-0.011,1.015,0,44.307265663274805,,345.99515697753435,-1.0,3.0,52.239705,21.041498,5.0
4689,2026-05-11 18:52:51.900000+00:00,52.2370047,21.0442018,92.4,45.2,-0.119,-0.026,0.931,0,44.765489257429806,,352.2110503748378,-1.0,3.0,52.239705,21.041498,5.0
4694,2026-05-11 18:52:52.400000+00:00,52.2369577,21.0442502,92.1,44.71,-0.161,0.006,0.988,0,44.48597165018303,,358.3891744511522,-1.0,3.0,52.239705,21.041498,5.0
4699,2026-05-11 18:52:52.900000+00:00,52.2369103,21.0442994,92.1,45.04,-0.129,0.047,0.946,0,44.96637373593897,,364.6337206753056,-1.0,3.0,52.239705,21.041498,5.0
4704,2026-05-11 18:52:53.400000+00:00,52.236864,21.0443509,92.3,44.89,-0.151,0.049,0.994,0,44.85071482646145,,370.8560894989024,-1.0,3.0,52.239705,21.041498,5.0
4709,2026-05-11 18:52:53.900000+00:00,52.2368185,21.044403,92.4,44.49,-0.119,0.035,0.96,0,44.491095818297694,,377.02438484518586,-1.0,3.0,52.239705,21.041498,5.0
4714,2026-05-11 18:52:54.400000+00:00,52.2367722,21.0444545,92.4,45.19,-0.121,0.022,0.992,0,44.85074422752699,,383.2472621003668,-1.0,3.0,52.239705,21.041498,5.0
4719,2026-05-11 18:52:54.900000+00:00,52.2367232,21.0444945,92.4,43.38,-0.107,0.012,0.945,0,43.85856279420722,,389.31475026632137,-1.0,3.0,52.239705,21.041498,5.0
4724,2026-05-11 18:52:55.400000+00:00,52.2366722,21.04452,92.5,43.05,-0.134,0.0,0.971,0,42.702018539477926,,395.0573583293125,-1.0,3.0,52.239705,21.041498,5.0
4729,2026-05-11 18:52:55.900000+00:00,52.236624,21.0445503,92.7,41.85,-0.123,-0.049,0.943,0,41.34988241126443,,400.7085469520512,-1.0,3.0,52.239705,21.041498,5.0
4734,2026-05-11 18:52:56.400000+00:00,52.2365816,21.0446031,92.9,42.72,-0.162,-0.056,0.978,0,42.69027201955125,,406.6048121914211,-1.0,3.0,52.239705,21.041498,5.0
4739,2026-05-11 18:52:56.900000+00:00,52.236537,21.0446523,92.7,42.94,-0.165,-0.061,0.952,0,43.09143500828714,,412.5831370414084,-1.0,3.0,52.239705,21.041498,5.0
4744,2026-05-11 18:52:57.400000+00:00,52.2364908,21.0447026,92.6,44.29,-0.159,-0.043,0.956,0,44.45562723954588,,416.02056927651273,-1.0,3.0,52.239705,21.041498,5.0
4749,2026-05-11 18:52:57.900000+00:00,52.2364453,21.0447544,92.6,43.8,-0.16,-0.045,0.917,0,44.40693320636302,,414.348551581504,-1.0,3.0,52.239705,21.041498,5.0
4754,2026-05-11 18:52:58.400000+00:00,52.2363986,21.0448058,92.3,42.6,-0.191,-0.041,1.012,0,45.088472253861305,,412.8339592040719,-1.0,3.0,52.239705,21.041498,5.0
4759,2026-05-11 18:52:58.900000+00:00,52.2363522,21.0448563,92.3,43.04,-0.159,-0.066,0.957,0,44.64329177137895,,411.4541436008402,-1.0,3.0,52.239705,21.041498,5.0
4764,2026-05-11 18:52:59.400000+00:00,52.2363063,21.044905,92.3,42.75,-0.165,-0.067,0.941,0,43.82374271478228,,410.2560960099568,-1.0,3.0,52.239705,21.041498,5.0
4769,2026-05-11 18:52:59.900000+00:00,52.2362616,21.0449526,92.3,41.88,-0.168,-0.041,0.947,0,42.72436504819216,,409.1621563470271,-1.0,3.0,52.239705,21.041498,5.0
4774,2026-05-11 18:53:00.400000+00:00,52.2362146,21.0449989,92.0,41.45,-0.166,-0.024,0.971,0,43.94558305764564,,408.3355122676476,-1.0,3.0,52.239705,21.041498,5.0
4779,2026-05-11 18:53:00.900000+00:00,52.2361702,21.0450442,92.0,41.03,-0.156,-0.017,0.949,0,41.915110250544494,,407.5402974328792,-1.0,3.0,52.239705,21.041498,5.0
4784,2026-05-11 18:53:01.400000+00:00,52.2361268,21.0450879,92.0,40.3,-0.175,-0.015,0.976,0,40.821183630821935,,406.87767773916,-1.0,3.0,52.239705,21.041498,5.0
4789,2026-05-11 18:53:01.900000+00:00,52.2360832,21.0451309,92.0,39.76,-0.151,-0.024,0.939,0,40.779080594146166,,406.34568538417903,-1.0,3.0,52.239705,21.041498,5.0
4794,2026-05-11 18:53:02.400000+00:00,52.2360405,21.0451732,91.9,39.29,-0.178,-0.012,0.957,0,39.98495573389945,,405.8892079321287,-1.0,3.0,52.239705,21.041498,5.0
4799,2026-05-11 18:53:02.900000+00:00,52.235997,21.0452149,91.6,38.84,-0.158,-0.023,0.954,0,40.38418972409274,,405.5858057620884,-1.0,3.0,52.239705,21.041498,5.0
4804,2026-05-11 18:53:03.400000+00:00,52.2359542,21.0452567,91.3,38.61,-0.172,-0.018,0.964,0,39.927059959505925,,405.3166656965242,-1.0,3.0,52.239705,21.041498,5.0
4809,2026-05-11 18:53:03.900000+00:00,52.2359128,21.0452977,91.0,37.36,-0.197,0.008,0.959,0,38.764548660883314,,405.0946782922396,-1.0,3.0,52.239705,21.041498,5.0
4814,2026-05-11 18:53:04.400000+00:00,52.2358737,21.0453393,90.9,36.08,-0.238,0.057,0.95,0,37.362146814021486,,404.7808911988325,-1.0,3.0,52.239705,21.041498,5.0
4819,2026-05-11 18:53:04.900000+00:00,52.2358384,21.0453815,90.9,34.44,-0.221,0.054,0.962,0,35.02575936040295,,404.2825901599375,-1.0,3.0,52.239705,21.041498,5.0
4824,2026-05-11 18:53:05.400000+00:00,52.2358053,21.0454233,90.9,33.0,-0.226,0.037,0.954,0,33.50036847932438,,403.73829055487073,-1.0,3.0,52.239705,21.041498,5.0
4829,2026-05-11 18:53:05.900000+00:00,52.235774,21.0454629,90.9,31.49,-0.235,0.048,0.939,0,31.70054744236488,,403.26807209076856,-1.0,3.0,52.239705,21.041498,5.0
4834,2026-05-11 18:53:06.400000+00:00,52.2357446,21.0455038,91.0,29.21,-0.223,0.042,0.941,0,30.92183577241537,,402.6571033197317,-1.0,3.0,52.239705,21.041498,5.0
4839,2026-05-11 18:53:06.900000+00:00,52.2357182,21.0455442,91.1,27.49,-0.248,0.035,0.966,0,28.967062019717037,,401.937228583624,-1.0,3.0,52.239705,21.041498,5.0
4844,2026-05-11 18:53:07.400000+00:00,52.2356933,21.0455836,91.3,25.87,-0.229,0.022,0.956,0,27.759417614984727,,401.2206013598705,-1.0,3.0,52.239705,21.041498,5.0
4849,2026-05-11 18:53:07.900000+00:00,52.2356703,21.0456217,91.6,24.58,-0.217,-0.017,0.954,0,26.230354781845463,,400.4943322278291,-1.0,3.0,52.239705,21.041498,5.0
4854,2026-05-11 18:53:08.400000+00:00,52.2356491,21.0456561,91.7,22.43,-0.21,-0.043,0.944,0,23.928026424524976,,399.8933721368948,-1.0,3.0,52.239705,21.041498,5.0
4859,2026-05-11 18:53:08.900000+00:00,52.2356288,21.045689,91.7,22.14,-0.189,-0.007,0.957,0,22.898529712193543,,399.3452039246307,-1.0,3.0,52.239705,21.041498,5.0
4864,2026-05-11 18:53:09.400000+00:00,52.2356099,21.0457196,91.7,20.29,-0.195,-0.022,0.955,0,21.30860902479934,,398.8586782206713,-1.0,3.0,52.239705,21.041498,5.0
4869,2026-05-11 18:53:09.900000+00:00,52.2355918,21.0457484,91.7,19.9,-0.2,-0.019,0.949,0,20.233171576949125,,398.4406379914915,-1.0,3.0,52.239705,21.041498,5.0
4874,2026-05-11 18:53:10.400000+00:00,52.235575,21.0457757,91.7,18.06,-0.206,-0.019,0.95,0,18.975547230287223,,398.0387706914023,-1.0,3.0,52.239705,21.041498,5.0
4879,2026-05-11 18:53:10.900000+00:00,52.2355588,21.0458019,91.7,17.22,-0.185,-0.024,0.967,0,18.25467202790641,,397.6742421139981,-1.0,3.0,52.239705,21.041498,5.0
4884,2026-05-11 18:53:11.400000+00:00,52.2355437,21.0458261,91.8,15.33,-0.23,-0.01,0.943,0,16.939087924952315,,397.3607526363069,-1.0,3.0,52.239705,21.041498,5.0
4889,2026-05-11 18:53:11.900000+00:00,52.2355298,21.0458485,92.0,13.39,-0.239,-0.009,0.953,0,15.635302036141589,,397.0776041329569,-1.0,3.0,52.239705,21.041498,5.0
4894,2026-05-11 18:53:12.400000+00:00,52.2355179,21.0458684,92.1,11.94,-0.242,-0.005,0.953,0,13.63696781943663,,396.8054433592113,-1.0,3.0,52.239705,21.041498,5.0
4899,2026-05-11 18:53:12.900000+00:00,52.2355079,21.0458847,92.1,10.12,-0.242,-0.009,0.951,0,11.312283750693428,,396.6063355555995,-1.0,3.0,52.239705,21.041498,5.0
4904,2026-05-11 18:53:13.400000+00:00,52.2354997,21.0458982,92.1,7.76,-0.251,-0.004,0.956,0,9.322606039322023,,396.4404444973476,-1.0,3.0,52.239705,21.041498,5.0
4909,2026-05-11 18:53:13.900000+00:00,52.2354928,21.0459092,92.2,6.5,-0.199,-0.008,0.958,0,7.720394323417292,,396.32334962264304,-1.0,3.0,52.239705,21.041498,5.0
4914,2026-05-11 18:53:14.400000+00:00,52.2354869,21.0459193,92.2,5.84,-0.184,-0.012,0.962,0,6.843608898854878,,396.1883766604324,-1.0,3.0,52.239705,21.041498,5.0
4919,2026-05-11 18:53:14.900000+00:00,52.2354816,21.0459271,92.2,4.45,-0.218,-0.006,0.955,0,5.712313567512924,,396.1369890057504,-1.0,3.0,52.239705,21.041498,5.0
4924,2026-05-11 18:53:15.400000+00:00,52.2354778,21.0459327,92.2,2.88,-0.227,0.0,0.952,0,4.098099564351948,,396.1007164954511,-1.0,3.0,52.239705,21.041498,5.0
4929,2026-05-11 18:53:15.900000+00:00,52.2354754,21.0459362,92.2,1.18,-0.22,-0.007,0.959,0,2.576205744446202,,396.0801905277831,-1.0,3.0,52.239705,21.041498,5.0
4934,2026-05-11 18:53:16.400000+00:00,52.2354737,21.0459388,92.2,0.69,-0.17,-0.007,0.965,0,1.8648003643627813,,396.0594103414306,-1.0,3.0,52.239705,21.041498,5.0
4939,2026-05-11 18:53:16.900000+00:00,52.2354723,21.0459412,92.3,0.69,-0.132,-0.014,0.969,0,1.6251105913712347,,396.0286441573797,-1.0,3.0,52.239705,21.041498,5.0
4944,2026-05-11 18:53:17.400000+00:00,52.2354709,21.045944,92.3,1.07,-0.116,-0.009,0.969,0,1.7722900206489398,,395.9767189166737,-1.0,3.0,52.239705,21.041498,5.0
4949,2026-05-11 18:53:17.900000+00:00,52.2354694,21.0459469,92.3,1.09,-0.138,-0.014,0.966,0,1.861160638802149,,395.9265654715576,-1.0,3.0,52.239705,21.041498,5.0
4954,2026-05-11 18:53:18.400000+00:00,52.235468,21.0459491,92.2,0.96,-0.143,-0.013,0.967,0,1.555576643656887,,395.9068369585528,-1.0,3.0,52.239705,21.041498,5.0
4959,2026-05-11 18:53:18.900000+00:00,52.235467,21.0459506,92.3,0.2,-0.182,-0.009,0.959,0,1.0871343333679937,,395.89661286127017,-1.0,3.0,52.239705,21.041498,5.0
4964,2026-05-11 18:53:19.400000+00:00,52.2354664,21.045951,92.3,0.07,-0.151,-0.014,0.963,0,0.518855843492591,,395.9170745359163,-1.0,3.0,52.239705,21.041498,5.0
4969,2026-05-11 18:53:19.900000+00:00,52.2354658,21.0459517,92.3,0.08,-0.135,-0.014,0.967,0,0.5903750339729594,,395.921609188441,-1.0,3.0,52.239705,21.041498,5.0
4974,2026-05-11 18:53:20.400000+00:00,52.2354654,21.0459524,92.3,0.12,-0.134,-0.008,0.967,0,0.4694139948424608,,395.91224628781646,-1.0,3.0,52.239705,21.041498,5.0
4979,2026-05-11 18:53:20.900000+00:00,52.235465,21.045953,92.3,0.06,-0.134,-0.013,0.967,0,0.4348537466601605,,395.90820549399433,-1.0,3.0,52.239705,21.041498,5.0
4984,2026-05-11 18:53:21.400000+00:00,52.2354643,21.0459539,92.3,0.53,-0.094,-0.015,0.969,0,0.7132990820066615,,395.90912194566266,-1.0,3.0,52.239705,21.041498,5.0
4989,2026-05-11 18:53:21.900000+00:00,52.2354628,21.0459564,92.2,1.49,-0.088,-0.016,0.974,0,1.7160011891889226,,395.880837053092,-1.0,3.0,52.239705,21.041498,5.0
4994,2026-05-11 18:53:22.400000+00:00,52.2354606,21.0459601,92.2,2.16,-0.082,-0.013,0.976,0,2.5285019959343225,,395.83784035747584,-1.0,3.0,52.239705,21.041498,5.0
4999,2026-05-11 18:53:22.900000+00:00,52.2354576,21.0459654,92.1,3.65,-0.056,-0.017,0.975,0,3.538569095984266,,395.7662146105167,-1.0,3.0,52.239705,21.041498,5.0
5004,2026-05-11 18:53:23.400000+00:00,52.2354529,21.0459725,92.0,5.03,-0.043,-0.019,0.978,0,5.1261485534511175,,395.718870879151,-1.0,3.0,52.239705,21.041498,5.0
5009,2026-05-11 18:53:23.900000+00:00,52.2354468,21.0459817,92.0,6.52,-0.037,-0.02,0.978,0,6.648129912116749,,395.660113130474,-1.0,3.0,52.239705,21.041498,5.0
5014,2026-05-11 18:53:24.400000+00:00,52.2354391,21.0459938,91.9,8.72,-0.02,-0.022,0.983,0,8.555673921722038,,395.5633563827251,-1.0,3.0,52.239705,21.041498,5.0
5019,2026-05-11 18:53:24.900000+00:00,52.2354292,21.0460093,91.9,10.91,-0.02,-0.029,0.983,0,10.98074395842396,,395.4471674644852,-1.0,3.0,52.239705,21.041498,5.0
5024,2026-05-11 18:53:25.400000+00:00,52.2354176,21.0460274,91.8,12.98,-0.003,-0.036,0.98,0,12.845437612273754,,395.32169274234616,-1.0,3.0,52.239705,21.041498,5.0
5029,2026-05-11 18:53:25.900000+00:00,52.2354033,21.0460488,91.7,15.3,-0.018,-0.037,0.974,0,15.529455853187269,,395.225588963474,-1.0,3.0,52.237693,21.050488,6.0
5034,2026-05-11 18:53:26.400000+00:00,52.235388,21.0460718,91.6,16.57,-0.13,-0.023,0.965,0,16.649762215218583,,395.130411108515,-1.0,3.0,52.237693,21.050488,6.0
5039,2026-05-11 18:53:26.900000+00:00,52.2353733,21.0460943,91.6,15.56,-0.153,-0.012,0.962,0,16.130970490123516,,395.0309618624951,-1.0,3.0,52.237693,21.050488,6.0
5044,2026-05-11 18:53:27.400000+00:00,52.2353591,21.0461167,91.4,15.57,-0.152,0.014,0.959,0,15.807179994509806,,394.9127887729104,-1.0,3.0,52.237693,21.050488,6.0
5049,2026-05-11 18:53:27.900000+00:00,52.2353466,21.0461396,91.3,14.47,-0.168,0.021,0.965,0,15.040565418196683,,394.6562505362615,-1.0,3.0,52.237693,21.050488,6.0
5054,2026-05-11 18:53:28.400000+00:00,52.2353352,21.0461645,91.3,14.75,-0.167,0.044,0.977,0,15.243026164693964,,394.22755250709065,-1.0,3.0,52.237693,21.050488,6.0
5059,2026-05-11 18:53:28.900000+00:00,52.2353261,21.0461932,91.3,15.29,-0.162,0.095,0.957,0,15.84591135738696,,393.4463376136636,-1.0,3.0,52.237693,21.050488,6.0
5064,2026-05-11 18:53:29.400000+00:00,52.2353197,21.0462232,91.4,15.33,-0.196,0.144,0.969,0,15.576053126159174,,392.40844054859787,-1.0,3.0,52.237693,21.050488,6.0
5069,2026-05-11 18:53:29.900000+00:00,52.2353172,21.0462547,91.4,15.82,-0.206,0.141,0.933,0,15.57377273048964,,391.0113614355411,-1.0,3.0,52.237693,21.050488,6.0
5074,2026-05-11 18:53:30.400000+00:00,52.2353189,21.0462863,91.4,15.22,-0.234,0.123,0.989,0,15.553317219675812,,389.2994282928904,-1.0,3.0,52.237693,21.050488,6.0
5079,2026-05-11 18:53:30.900000+00:00,52.2353227,21.0463151,91.1,14.99,-0.192,0.096,0.973,0,14.444807075009304,,387.5728489796498,-1.0,3.0,52.237693,21.050488,6.0
5084,2026-05-11 18:53:31.400000+00:00,52.2353284,21.0463423,90.7,15.12,-0.169,0.118,0.964,0,14.095462362249169,,385.784640455705,-1.0,3.0,52.237693,21.050488,6.0
5089,2026-05-11 18:53:31.900000+00:00,52.2353388,21.0463685,90.5,15.97,-0.142,0.118,0.955,0,15.308382139504658,,383.69106390737534,-1.0,3.0,52.237693,21.050488,6.0
5094,2026-05-11 18:53:32.400000+00:00,52.2353514,21.0463935,90.3,16.1,-0.115,0.083,0.962,0,15.87479854377692,,381.4905304665701,-1.0,3.0,52.237693,21.050488,6.0
5099,2026-05-11 18:53:32.900000+00:00,52.2353672,21.0464175,90.1,18.21,-0.083,-0.034,0.984,0,17.276590048591476,,379.09696569055416,-1.0,3.0,52.237693,21.050488,6.0
5104,2026-05-11 18:53:33.400000+00:00,52.2353849,21.0464436,90.1,19.8,-0.062,0.08,0.947,0,19.093724129438367,,376.4548168249573,-1.0,3.0,52.237693,21.050488,6.0
5109,2026-05-11 18:53:33.900000+00:00,52.2354042,21.0464698,89.9,20.73,-0.066,0.05,1.001,0,20.094094451559968,,373.6866272037809,-1.0,3.0,52.237693,21.050488,6.0
5114,2026-05-11 18:53:34.400000+00:00,52.2354259,21.0464971,89.9,22.61,-0.035,-0.04,1.0,0,21.93150638638124,,370.68233849102967,-1.0,3.0,52.237693,21.050488,6.0
5119,2026-05-11 18:53:34.900000+00:00,52.2354492,21.0465263,90.0,23.99,-0.048,-0.003,0.958,0,23.51482680775471,,367.4629461297792,-1.0,3.0,52.237693,21.050488,6.0
5124,2026-05-11 18:53:35.400000+00:00,52.2354724,21.0465569,89.8,24.41,-0.088,0.004,0.946,0,23.87660962286939,,364.18184004748144,-1.0,3.0,52.237693,21.050488,6.0
5129,2026-05-11 18:53:35.900000+00:00,52.2354969,21.0465867,89.7,24.64,-0.134,0.006,0.977,0,24.45858800204716,,360.8436282273377,-1.0,3.0,52.237693,21.050488,6.0
5134,2026-05-11 18:53:36.400000+00:00,52.2355221,21.0466165,89.6,24.82,-0.14,0.008,0.957,0,24.910268808407583,,357.453955472444,-1.0,3.0,52.237693,21.050488,6.0
5139,2026-05-11 18:53:36.900000+00:00,52.2355475,21.0466434,89.6,24.15,-0.141,0.072,0.981,0,24.237972834268955,,354.19659335923177,-1.0,3.0,52.237693,21.050488,6.0
5144,2026-05-11 18:53:37.400000+00:00,52.235573,21.0466637,89.4,22.36,-0.159,0.104,0.967,0,22.712402367526728,,351.26688811070534,-1.0,3.0,52.237693,21.050488,6.0
5149,2026-05-11 18:53:37.900000+00:00,52.2356014,21.0466779,89.3,23.5,-0.177,0.091,0.967,0,23.779214264309505,,348.43478375592724,-1.0,3.0,52.237693,21.050488,6.0
5154,2026-05-11 18:53:38.400000+00:00,52.2356286,21.0466869,89.3,22.71,-0.147,0.073,0.972,0,22.21900810439667,,345.9644692189686,-1.0,3.0,52.237693,21.050488,6.0
5159,2026-05-11 18:53:38.900000+00:00,52.2356583,21.0466902,89.3,23.72,-0.144,0.126,0.972,0,23.832908745122705,,343.61288824942204,-1.0,3.0,52.237693,21.050488,6.0
5164,2026-05-11 18:53:39.400000+00:00,52.2356886,21.0466874,89.3,24.55,-0.114,0.086,0.978,0,24.297100705199657,,341.5482747428107,-1.0,3.0,52.237693,21.050488,6.0
5169,2026-05-11 18:53:39.900000+00:00,52.2357183,21.0466792,89.3,24.65,-0.111,0.095,0.974,0,24.115426732949523,,339.82835655202155,-1.0,3.0,52.237693,21.050488,6.0
5174,2026-05-11 18:53:40.400000+00:00,52.2357486,21.0466664,89.1,25.75,-0.092,0.034,0.974,0,25.056949354400945,,338.3310738152799,-1.0,3.0,52.237693,21.050488,6.0
5179,2026-05-11 18:53:40.900000+00:00,52.2357791,21.0466507,89.0,27.11,-0.074,-0.048,0.98,0,25.60299628789288,,337.00213522112864,-1.0,3.0,52.237693,21.050488,6.0
5184,2026-05-11 18:53:41.400000+00:00,52.2358114,21.0466339,89.1,27.93,-0.062,-0.06,0.99,0,27.139679782877923,,335.63934208309,-1.0,3.0,52.237693,21.050488,6.0
5189,2026-05-11 18:53:41.900000+00:00,52.2358449,21.0466152,89.1,28.95,-0.044,-0.009,0.953,0,28.344088580517315,,334.3334809391295,-1.0,3.0,52.237693,21.050488,6.0
5194,2026-05-11 18:53:42.400000+00:00,52.2358791,21.0465934,89.1,29.26,-0.081,0.017,0.993,0,29.392924609662675,,333.1898804432908,-1.0,3.0,52.237693,21.050488,6.0
5199,2026-05-11 18:53:42.900000+00:00,52.235914,21.0465716,89.2,30.74,-0.066,0.002,0.979,0,29.91567082025828,,332.0461480341875,-1.0,3.0,52.237693,21.050488,6.0
5204,2026-05-11 18:53:43.400000+00:00,52.23595,21.0465492,89.2,31.35,-0.063,-0.065,0.97,0,30.84333522122551,,330.9120802267116,-1.0,3.0,52.237693,21.050488,6.0
5209,2026-05-11 18:53:43.900000+00:00,52.2359863,21.046525,89.3,31.68,-0.068,-0.041,0.966,0,31.3907278930465,,329.9108107288575,-1.0,3.0,52.237693,21.050488,6.0
5214,2026-05-11 18:53:44.400000+00:00,52.2360226,21.046499,89.5,32.19,-0.082,-0.021,0.97,0,31.73482930100277,,329.0654494585272,-1.0,3.0,52.237693,21.050488,6.0
5219,2026-05-11 18:53:44.900000+00:00,52.2360596,21.0464718,89.7,33.31,-0.08,-0.028,0.967,0,32.485899794056834,,328.3020816246902,-1.0,3.0,52.237693,21.050488,6.0
5224,2026-05-11 18:53:45.400000+00:00,52.2360972,21.0464448,89.8,33.5,-0.077,-0.046,0.968,0,32.884908095535835,,327.55148373490573,-1.0,3.0,52.237693,21.050488,6.0
5229,2026-05-11 18:53:45.900000+00:00,52.2361353,21.0464186,89.9,33.63,-0.111,-0.015,0.958,0,33.097528735034324,,326.7873208316008,-1.0,3.0,52.237693,21.050488,6.0
5234,2026-05-11 18:53:46.400000+00:00,52.2361726,21.0463923,90.0,32.55,-0.148,-0.021,0.953,0,32.52760540459368,,326.1381026410341,-1.0,3.0,52.237693,21.050488,6.0
5239,2026-05-11 18:53:46.900000+00:00,52.2362084,21.0463665,90.1,31.6,-0.168,-0.03,0.969,0,31.328912632236808,,325.6054654849086,-1.0,3.0,52.237693,21.050488,6.0
5244,2026-05-11 18:53:47.400000+00:00,52.2362437,21.0463427,90.5,30.34,-0.16,-0.037,0.947,0,30.57560336489402,,325.03946382460896,-1.0,3.0,52.237693,21.050488,6.0
5249,2026-05-11 18:53:47.900000+00:00,52.2362772,21.0463198,90.6,29.52,-0.159,-0.028,0.96,0,29.07553147232846,,324.57147346474466,-1.0,3.0,52.237693,21.050488,6.0
5254,2026-05-11 18:53:48.400000+00:00,52.2363096,21.0462971,90.8,28.36,-0.143,-0.013,0.969,0,28.226412753515906,,324.1991480721429,-1.0,3.0,52.237693,21.050488,6.0
5259,2026-05-11 18:53:48.900000+00:00,52.2363422,21.0462733,91.1,28.23,-0.122,-0.024,0.959,0,28.589484549956858,,323.9298981932628,-1.0,3.0,52.237693,21.050488,6.0
5264,2026-05-11 18:53:49.400000+00:00,52.2363743,21.046252,91.2,27.8,-0.117,-0.025,0.96,0,27.740212900713647,,323.5825476746496,-1.0,3.0,52.237693,21.050488,6.0
5269,2026-05-11 18:53:49.900000+00:00,52.2364063,21.0462301,91.3,27.47,-0.138,-0.022,0.958,0,27.77843616502827,,323.322302103667,-1.0,3.0,52.237693,21.050488,6.0
5274,2026-05-11 18:53:50.400000+00:00,52.2364372,21.0462096,91.5,25.99,-0.179,-0.021,0.953,0,26.70250022122587,,323.07478183963167,-1.0,3.0,52.237693,21.050488,6.0
5279,2026-05-11 18:53:50.900000+00:00,52.2364659,21.0461891,91.6,24.89,-0.179,-0.009,0.956,0,25.079472307750017,,322.9729523541611,-1.0,3.0,52.237693,21.050488,6.0
5284,2026-05-11 18:53:51.400000+00:00,52.2364934,21.046169,91.6,24.01,-0.165,0.003,0.967,0,24.121550092031125,,322.9389505448686,-1.0,3.0,52.237693,21.050488,6.0
5289,2026-05-11 18:53:51.900000+00:00,52.2365199,21.0461483,91.7,22.93,-0.161,-0.007,0.962,0,23.518536615251747,,323.02197308791904,-1.0,3.0,52.237693,21.050488,6.0
5294,2026-05-11 18:53:52.400000+00:00,52.2365447,21.0461272,91.8,21.92,-0.16,-0.014,0.963,0,22.38843601197828,,323.2376516679055,-1.0,3.0,52.237693,21.050488,6.0
5299,2026-05-11 18:53:52.900000+00:00,52.2365689,21.0461072,91.8,21.0,-0.162,-0.012,0.955,0,21.714734576867325,,323.439763371425,-1.0,3.0,52.237693,21.050488,6.0
5304,2026-05-11 18:53:53.400000+00:00,52.2365927,21.0460896,91.8,20.12,-0.166,-0.021,0.956,0,20.91723296806413,,323.5353631089048,-1.0,3.0,52.237693,21.050488,6.0
5309,2026-05-11 18:53:53.900000+00:00,52.2366152,21.0460728,91.9,19.15,-0.172,-0.055,0.963,0,19.807458415426588,,323.65990046596545,-1.0,3.0,52.237693,21.050488,6.0
5314,2026-05-11 18:53:54.400000+00:00,52.236637,21.0460567,92.0,18.78,-0.166,-0.069,0.957,0,19.15523204917453,,323.7915571741647,-1.0,3.0,52.237693,21.050488,6.0
5319,2026-05-11 18:53:54.900000+00:00,52.2366581,21.0460414,92.0,18.13,-0.158,-0.111,0.944,0,18.483402697949227,,323.921727940162,-1.0,3.0,52.237693,21.050488,6.0
5324,2026-05-11 18:53:55.400000+00:00,52.2366791,21.0460308,92.1,17.7,-0.168,-0.154,0.949,0,17.597602392069525,,323.77601297250595,-1.0,3.0,52.237693,21.050488,6.0
5329,2026-05-11 18:53:55.900000+00:00,52.2367002,21.0460241,91.9,17.24,-0.165,-0.132,0.941,0,17.209163304528158,,323.39526481717115,-1.0,3.0,52.237693,21.050488,6.0
5334,2026-05-11 18:53:56.400000+00:00,52.2367217,21.0460201,92.0,17.1,-0.195,-0.126,0.932,0,17.324336811558553,,322.84360832926075,-1.0,3.0,52.237693,21.050488,6.0
5339,2026-05-11 18:53:56.900000+00:00,52.2367415,21.0460193,91.8,15.74,-0.223,-0.092,0.949,0,15.856800590492862,,322.1651405189699,-1.0,3.0,52.237693,21.050488,6.0
5344,2026-05-11 18:53:57.400000+00:00,52.2367602,21.0460212,91.8,14.81,-0.218,-0.078,0.948,0,15.000238601447968,,321.36574403495365,-1.0,3.0,52.237693,21.050488,6.0
5349,2026-05-11 18:53:57.900000+00:00,52.2367776,21.046026,91.7,14.86,-0.203,-0.101,0.979,0,14.127890264777903,,320.4365059835134,-1.0,3.0,52.237693,21.050488,6.0
5354,2026-05-11 18:53:58.400000+00:00,52.2367942,21.0460339,91.7,14.07,-0.188,-0.117,0.952,0,13.842937063041072,,319.34393240618704,-1.0,3.0,52.237693,21.050488,6.0
5359,2026-05-11 18:53:58.900000+00:00,52.2368101,21.0460459,91.7,14.05,-0.177,-0.086,0.958,0,14.023473228510255,,318.0176605758133,-1.0,3.0,52.237693,21.050488,6.0
5364,2026-05-11 18:53:59.400000+00:00,52.2368252,21.0460597,91.7,14.54,-0.15,-0.09,0.953,0,13.853707770615676,,316.6081648844824,-1.0,3.0,52.237693,21.050488,6.0
5369,2026-05-11 18:53:59.900000+00:00,52.2368403,21.0460764,91.7,14.73,-0.127,-0.115,0.956,0,14.600926986665248,,315.0157888162828,-1.0,3.0,52.237693,21.050488,6.0
5374,2026-05-11 18:54:00.400000+00:00,52.2368549,21.0460974,91.6,16.41,-0.107,-0.173,0.94,0,15.576814524054068,,313.16541606295965,-1.0,3.0,52.237693,21.050488,6.0
5379,2026-05-11 18:54:00.900000+00:00,52.2368687,21.0461233,91.4,17.8,-0.108,-0.138,0.963,0,16.832013975952695,,311.0263963021227,-1.0,3.0,52.237693,21.050488,6.0
5384,2026-05-11 18:54:01.400000+00:00,52.2368813,21.046155,91.3,19.77,-0.113,-0.212,0.95,0,18.52883740108541,,308.55152244234654,-1.0,3.0,52.237693,21.050488,6.0
5389,2026-05-11 18:54:01.900000+00:00,52.2368927,21.0461946,91.0,21.78,-0.131,-0.208,0.95,0,21.45362667948892,,305.6023644582991,-1.0,3.0,52.237693,21.050488,6.0
5394,2026-05-11 18:54:02.400000+00:00,52.2369022,21.0462366,90.8,23.01,-0.109,-0.157,0.954,0,21.95180273923645,,302.55873624161893,-1.0,3.0,52.237693,21.050488,6.0
5399,2026-05-11 18:54:02.900000+00:00,52.2369104,21.0462829,90.5,25.08,-0.077,-0.12,0.955,0,23.63056468596588,,299.27701105123055,-1.0,3.0,52.237693,21.050488,6.0
5404,2026-05-11 18:54:03.400000+00:00,52.2369187,21.0463322,90.2,26.05,-0.105,-0.074,0.971,0,25.067959531631757,,295.7966126039592,-1.0,3.0,52.237693,21.050488,6.0
5409,2026-05-11 18:54:03.900000+00:00,52.2369281,21.0463841,89.8,27.49,-0.085,-0.018,0.973,0,26.53547246854613,,292.1112444659228,-1.0,3.0,52.237693,21.050488,6.0
5414,2026-05-11 18:54:04.400000+00:00,52.2369383,21.0464387,89.3,28.58,-0.081,-0.028,0.971,0,27.987554247282784,,288.2240848902716,-1.0,3.0,52.237693,21.050488,6.0
5419,2026-05-11 18:54:04.900000+00:00,52.23695,21.0464964,89.0,30.61,-0.075,-0.058,0.976,0,29.800045331368537,,284.0864280471886,-1.0,3.0,52.237693,21.050488,6.0
5424,2026-05-11 18:54:05.400000+00:00,52.2369628,21.0465572,88.7,32.19,-0.081,-0.038,0.974,0,31.52174668428589,,279.71128989676004,-1.0,3.0,52.237693,21.050488,6.0
5429,2026-05-11 18:54:05.900000+00:00,52.2369758,21.0466208,88.3,33.41,-0.083,-0.038,0.956,0,32.873349260456976,,275.1473148931763,-1.0,3.0,52.237693,21.050488,6.0
5434,2026-05-11 18:54:06.400000+00:00,52.236989,21.0466869,87.9,34.68,-0.089,-0.028,0.968,0,34.087517630383736,,270.41401298217886,-1.0,3.0,52.237693,21.050488,6.0
5439,2026-05-11 18:54:06.900000+00:00,52.2370026,21.0467554,87.5,36.0,-0.087,-0.022,0.971,0,35.305554087287945,,265.51144208853543,-1.0,3.0,52.237693,21.050488,6.0
5444,2026-05-11 18:54:07.400000+00:00,52.2370173,21.0468269,87.1,37.58,-0.082,-0.017,0.97,0,36.978301415929565,,260.3780103541128,-1.0,3.0,52.237693,21.050488,6.0
5449,2026-05-11 18:54:07.900000+00:00,52.237032,21.0469007,86.6,38.83,-0.081,-0.038,0.961,0,38.04900628737857,,255.09469836063516,-1.0,3.0,52.237693,21.050488,6.0
5454,2026-05-11 18:54:08.400000+00:00,52.2370472,21.0469778,86.2,39.99,-0.085,-0.027,0.978,0,39.71159617801601,,249.58023300040736,-1.0,3.0,52.237693,21.050488,6.0
5459,2026-05-11 18:54:08.900000+00:00,52.2370642,21.0470569,86.0,41.48,-0.087,-0.043,0.953,0,41.10054902759394,,243.8779084696694,-1.0,3.0,52.237693,21.050488,6.0
5464,2026-05-11 18:54:09.400000+00:00,52.2370807,21.0471388,85.7,42.58,-0.102,-0.041,0.966,0,42.27151908593617,,238.00906079844248,-1.0,3.0,52.237693,21.050488,6.0
5469,2026-05-11 18:54:09.900000+00:00,52.2370982,21.0472231,85.4,44.09,-0.092,-0.036,0.955,0,43.64121692902752,,231.9519671717725,-1.0,3.0,52.237693,21.050488,6.0
5474,2026-05-11 18:54:10.400000+00:00,52.2371154,21.0473087,85.1,43.96,-0.145,-0.033,0.972,0,44.16984009012239,,225.81971429365024,-1.0,3.0,52.237693,21.050488,6.0
5479,2026-05-11 18:54:10.900000+00:00,52.2371327,21.0473948,84.9,44.27,-0.153,-0.041,0.944,0,44.4277092701931,,219.65179718653448,-1.0,3.0,52.237693,21.050488,6.0
5484,2026-05-11 18:54:11.400000+00:00,52.2371493,21.0474808,84.5,44.07,-0.166,-0.02,0.953,0,44.20942132393144,,213.5125922151747,-1.0,3.0,52.237693,21.050488,6.0
5489,2026-05-11 18:54:11.900000+00:00,52.2371663,21.0475661,84.3,43.66,-0.169,-0.018,0.966,0,43.98024852376386,,207.40660684196968,-1.0,3.0,52.237693,21.050488,6.0
5494,2026-05-11 18:54:12.400000+00:00,52.2371836,21.0476516,84.0,43.94,-0.169,-0.025,0.957,0,44.14824805464992,,201.2783096546021,-1.0,3.0,52.237693,21.050488,6.0
5499,2026-05-11 18:54:12.900000+00:00,52.2372008,21.0477367,83.7,43.89,-0.156,-0.028,0.952,0,43.93690515091417,,195.1794920493421,-1.0,3.0,52.237693,21.050488,6.0
5504,2026-05-11 18:54:13.400000+00:00,52.2372182,21.0478214,83.4,43.82,-0.171,-0.027,0.963,0,43.80136095229903,,189.1008478971829,-1.0,3.0,52.237693,21.050488,6.0
5509,2026-05-11 18:54:13.900000+00:00,52.2372362,21.0479058,83.3,43.73,-0.164,-0.027,0.958,0,43.81754838423387,,183.0236261827232,-1.0,3.0,52.237693,21.050488,6.0
5514,2026-05-11 18:54:14.400000+00:00,52.2372547,21.0479906,83.2,44.03,-0.165,-0.031,0.964,0,44.13550259119424,,176.9054871545815,-1.0,3.0,52.237693,21.050488,6.0
5519,2026-05-11 18:54:14.900000+00:00,52.237279,21.0480748,83.8,44.55,-0.169,-0.035,0.946,0,45.63638829899668,,170.65238425982932,-1.0,3.0,52.237693,21.050488,6.0
5524,2026-05-11 18:54:15.400000+00:00,52.2373053,21.0481589,84.7,44.52,-0.173,-0.034,0.963,0,46.29792848951519,,164.35390954123417,-1.0,3.0,52.237693,21.050488,6.0
5529,2026-05-11 18:54:15.900000+00:00,52.2373266,21.0482432,84.9,44.25,-0.167,-0.016,0.965,0,44.71065191840134,,158.1951635553213,-1.0,3.0,52.237693,21.050488,6.0
5534,2026-05-11 18:54:16.400000+00:00,52.2373466,21.0483273,85.0,44.07,-0.164,-0.021,0.95,0,44.23269636377522,,152.09030056534763,-1.0,3.0,52.237693,21.050488,6.0
5539,2026-05-11 18:54:16.900000+00:00,52.2373665,21.0484115,85.1,44.24,-0.177,-0.031,0.961,0,44.24949713361306,,145.98484611003886,-1.0,3.0,52.237693,21.050488,6.0
5544,2026-05-11 18:54:17.400000+00:00,52.2373855,21.0484951,85.0,43.46,-0.197,-0.026,0.939,0,43.71927621528976,,139.94696902776926,-1.0,3.0,52.237693,21.050488,6.0
5549,2026-05-11 18:54:17.900000+00:00,52.2374034,21.0485765,84.9,41.94,-0.249,-0.018,0.961,0,42.40401006482103,,134.08696646181576,-1.0,3.0,52.237693,21.050488,6.0
5554,2026-05-11 18:54:18.400000+00:00,52.2374199,21.048656,84.8,41.18,-0.183,-0.022,0.947,0,41.15512520480271,,128.39213826497567,-1.0,3.0,52.237693,21.050488,6.0
5559,2026-05-11 18:54:18.900000+00:00,52.2374367,21.0487353,84.6,41.2,-0.176,-0.018,0.962,0,41.14015167048105,,122.70477371859612,-1.0,3.0,52.237693,21.050488,6.0
5564,2026-05-11 18:54:19.400000+00:00,52.2374537,21.0488137,84.6,40.7,-0.2,-0.025,0.95,0,40.776552483420296,,117.07461915843506,-1.0,3.0,52.237693,21.050488,6.0
5569,2026-05-11 18:54:19.900000+00:00,52.2374705,21.0488905,84.4,39.79,-0.209,-0.02,0.951,0,39.98378359766702,,111.55900766534572,-1.0,3.0,52.237693,21.050488,6.0
5574,2026-05-11 18:54:20.400000+00:00,52.2374867,21.0489658,84.3,39.15,-0.194,-0.03,0.955,0,39.13015428184584,,106.16146998695444,-1.0,3.0,52.237693,21.050488,6.0
5579,2026-05-11 18:54:20.900000+00:00,52.2375006,21.0490404,84.0,38.33,-0.186,-0.04,0.965,0,38.2305026983073,,100.86847672169507,-1.0,3.0,52.237693,21.050488,6.0
5584,2026-05-11 18:54:21.400000+00:00,52.2375147,21.0491144,83.7,38.09,-0.186,-0.043,0.941,0,37.99642089067343,,95.61270131226448,-1.0,3.0,52.237693,21.050488,6.0
5589,2026-05-11 18:54:21.900000+00:00,52.237528,21.0491878,83.4,37.74,-0.205,-0.042,0.968,0,37.52890082806509,,90.41745857669886,-1.0,3.0,52.237693,21.050488,6.0
5594,2026-05-11 18:54:22.400000+00:00,52.2375421,21.0492596,83.3,36.86,-0.206,-0.035,0.959,0,36.967871828026254,,85.31356403815008,-1.0,3.0,52.237693,21.050488,6.0
5599,2026-05-11 18:54:22.900000+00:00,52.2375556,21.0493295,83.2,35.38,-0.255,-0.041,0.935,0,35.934553567950296,,80.35326352551698,-1.0,3.0,52.237693,21.050488,6.0
5604,2026-05-11 18:54:23.400000+00:00,52.2375678,21.0493959,83.2,33.51,-0.28,-0.059,0.95,0,33.98831887582108,6.0,75.65780210740114,-1.0,3.0,52.237693,21.050488,6.0
5609,2026-05-11 18:54:23.900000+00:00,52.2375781,21.0494591,83.0,31.59,-0.257,-0.059,0.927,0,32.06424262451916,6.0,71.21774726683847,-1.0,3.0,52.237693,21.050488,6.0
5614,2026-05-11 18:54:24.400000+00:00,52.2375875,21.0495191,82.9,30.28,-0.252,-0.019,0.987,0,30.36421399171109,6.0,67.01149646678918,-1.0,3.0,52.237693,21.050488,6.0
5619,2026-05-11 18:54:24.900000+00:00,52.2375968,21.0495767,82.7,29.06,-0.198,0.0,0.92,0,29.205190106615454,6.0,62.96966030014033,-1.0,3.0,52.237693,21.050488,6.0
5624,2026-05-11 18:54:25.400000+00:00,52.237606,21.0496328,82.6,28.39,-0.201,-0.027,0.947,0,28.473866970028773,6.0,59.03239240327608,-1.0,3.0,52.237693,21.050488,6.0
5629,2026-05-11 18:54:25.900000+00:00,52.2376156,21.0496873,82.5,27.78,-0.193,-0.023,0.937,0,27.803671514382703,6.0,55.19827274197949,-1.0,3.0,52.237693,21.050488,6.0
5634,2026-05-11 18:54:26.400000+00:00,52.2376238,21.0497405,82.4,26.78,-0.187,-0.016,0.981,0,26.896396689644707,6.0,51.478879753012514,-1.0,3.0,52.237693,21.050488,6.0
5639,2026-05-11 18:54:26.900000+00:00,52.2376326,21.0497925,82.4,26.12,-0.212,-0.03,0.974,0,26.450120562881544,6.0,47.83349214109776,-1.0,3.0,52.237693,21.050488,6.0
5644,2026-05-11 18:54:27.400000+00:00,52.2376401,21.0498424,82.3,24.95,-0.207,-0.034,0.966,0,25.191047308032623,6.0,44.35351455703917,-1.0,3.0,52.237693,21.050488,6.0
5649,2026-05-11 18:54:27.900000+00:00,52.2376474,21.0498908,82.2,24.29,-0.214,-0.033,0.89,0,24.43866239947832,6.0,40.98085132912709,-1.0,3.0,52.237693,21.050488,6.0
5654,2026-05-11 18:54:28.400000+00:00,52.237654,21.0499367,82.1,22.86,-0.23,-0.028,0.953,0,23.115865310993364,6.0,37.79007378261522,-1.0,3.0,52.237693,21.050488,6.0
5659,2026-05-11 18:54:28.900000+00:00,52.2376598,21.0499804,81.9,21.48,-0.265,0.004,1.01,0,21.922640306326784,6.0,34.76128433131357,-1.0,3.0,52.237693,21.050488,6.0
5664,2026-05-11 18:54:29.400000+00:00,52.2376659,21.0500216,81.8,20.42,-0.239,-0.015,0.938,0,20.781503525229805,6.0,31.90184728255776,-1.0,3.0,52.237693,21.050488,6.0
5669,2026-05-11 18:54:29.900000+00:00,52.2376724,21.0500603,81.8,19.42,-0.188,-0.02,0.88,0,19.674514884470742,6.0,29.21389582636424,-1.0,3.0,52.237693,21.050488,6.0
5674,2026-05-11 18:54:30.400000+00:00,52.2376776,21.050097,81.6,18.07,-0.231,-0.003,1.012,0,18.468593903998745,6.0,26.6799016595874,-1.0,3.0,52.237693,21.050488,6.0
5679,2026-05-11 18:54:30.900000+00:00,52.2376833,21.0501324,81.4,17.7,-0.179,-0.032,0.936,0,17.945804596846703,6.0,24.23835981650907,-1.0,3.0,52.237693,21.050488,6.0
5684,2026-05-11 18:54:31.400000+00:00,52.2376885,21.0501664,81.3,16.96,-0.221,-0.012,0.967,0,17.181497165584215,6.0,21.90485642945944,-1.0,3.0,52.237693,21.050488,6.0
5689,2026-05-11 18:54:31.900000+00:00,52.2376941,21.050197,81.3,14.92,-0.293,-0.002,0.939,0,15.658130760258745,6.0,19.81582994115135,-1.0,3.0,52.237693,21.050488,6.0
5694,2026-05-11 18:54:32.400000+00:00,52.2376984,21.0502234,81.2,13.17,-0.23,-0.01,0.932,0,13.393368266693958,6.0,18.02776348119207,-1.0,3.0,52.237693,21.050488,6.0
5699,2026-05-11 18:54:32.900000+00:00,52.2377019,21.0502477,81.1,11.43,-0.226,-0.019,0.94,0,12.238875498832511,6.0,16.392967187529802,-1.0,3.0,52.237693,21.050488,6.0
5704,2026-05-11 18:54:33.400000+00:00,52.2377044,21.0502686,81.0,9.69,-0.315,0.005,0.969,0,10.440480835711403,6.0,14.993577325681924,-1.0,3.0,52.237693,21.050488,6.0
5709,2026-05-11 18:54:33.900000+00:00,52.2377069,21.050284,80.8,6.7,-0.306,0.005,0.926,0,7.811084399267659,6.0,13.976964654273802,-1.0,3.0,52.237693,21.050488,6.0
5714,2026-05-11 18:54:34.400000+00:00,52.2377074,21.0502943,80.7,4.0,-0.327,-0.012,0.946,0,5.065715621190304,6.0,13.286706510295964,-1.0,3.0,52.237693,21.050488,6.0
5719,2026-05-11 18:54:34.900000+00:00,52.2377095,21.0502985,80.7,1.37,-0.324,-0.007,0.931,0,2.658354650408602,6.0,13.03365529811964,-1.0,3.0,52.237693,21.050488,6.0
5724,2026-05-11 18:54:35.400000+00:00,52.2377121,21.0502981,81.0,0.34,-0.216,-0.009,0.965,0,2.0907867860614258,6.0,13.104361402118233,-1.0,3.0,52.237693,21.050488,6.0
5729,2026-05-11 18:54:35.900000+00:00,52.2377171,21.0502973,81.6,0.04,-0.159,-0.011,0.957,0,4.022186840736902,6.0,13.259215068119866,-1.0,3.0,52.237693,21.050488,6.0
5734,2026-05-11 18:54:36.400000+00:00,52.2377235,21.0502963,82.2,0.36,-0.15,-0.012,0.967,0,5.147265051128296,6.0,13.487048269260198,-1.0,3.0,52.237693,21.050488,6.0
5739,2026-05-11 18:54:36.900000+00:00,52.2377296,21.0502956,82.9,0.29,-0.156,-0.012,0.967,0,4.895725157969548,6.0,13.718891715718971,-1.0,3.0,52.237693,21.050488,6.0
5744,2026-05-11 18:54:37.400000+00:00,52.2377346,21.0502946,83.4,0.19,-0.155,-0.012,0.966,0,4.032929616627914,6.0,13.958198568020194,-1.0,3.0,52.237693,21.050488,6.0
5749,2026-05-11 18:54:37.900000+00:00,52.2377395,21.0502941,83.9,0.23,-0.153,-0.011,0.965,0,3.930608737953416,6.0,14.179801154537424,-1.0,3.0,52.237693,21.050488,6.0
5754,2026-05-11 18:54:38.400000+00:00,52.237744,21.0502933,84.4,0.18,-0.156,-0.011,0.964,0,3.624003127755074,6.0,14.419885010539998,-1.0,3.0,52.237693,21.050488,6.0
5759,2026-05-11 18:54:38.900000+00:00,52.2377489,21.0502921,85.0,0.46,-0.158,-0.014,0.967,0,3.9668285924788704,6.0,14.71675884447359,-1.0,3.0,52.237693,21.050488,6.0
5764,2026-05-11 18:54:39.400000+00:00,52.2377533,21.0502912,85.5,0.27,-0.152,-0.012,0.965,0,3.5501834339155933,6.0,14.98477208124087,-1.0,3.0,52.237693,21.050488,6.0
5769,2026-05-11 18:54:39.900000+00:00,52.2377574,21.050291,85.8,0.12,-0.157,-0.011,0.963,0,3.283938488198584,6.0,15.206251223973457,-1.0,3.0,52.237693,21.050488,6.0
5774,2026-05-11 18:54:40.400000+00:00,52.2377611,21.0502911,86.1,0.07,-0.157,-0.009,0.961,0,2.96263855000123,6.0,15.398344726026751,-1.0,3.0,52.237693,21.050488,6.0
5779,2026-05-11 18:54:40.900000+00:00,52.2377647,21.0502904,86.4,0.26,-0.158,-0.012,0.965,0,2.9025335597335857,6.0,15.640082401934944,-1.0,3.0,52.237693,21.050488,6.0
5784,2026-05-11 18:54:41.400000+00:00,52.2377683,21.0502897,86.7,0.22,-0.155,-0.014,0.967,0,2.9025335566264694,6.0,15.888371899885742,-1.0,3.0,52.237693,21.050488,6.0
5789,2026-05-11 18:54:41.900000+00:00,52.2377718,21.0502892,87.1,0.18,-0.157,-0.008,0.967,0,2.812814558241184,6.0,16.125435855343543,-1.0,3.0,52.237693,21.050488,6.0
5794,2026-05-11 18:54:42.400000+00:00,52.2377754,21.0502884,87.5,0.17,-0.155,-0.009,0.963,0,2.9087380320973875,6.0,16.391545827754978,-1.0,3.0,52.237693,21.050488,6.0
5799,2026-05-11 18:54:42.900000+00:00,52.2377776,21.0502878,87.7,0.16,-0.157,-0.014,0.968,0,1.785723740570221,6.0,16.563142709661694,-1.0,3.0,52.237693,21.050488,6.0
5804,2026-05-11 18:54:43.400000+00:00,52.2377806,21.050287,88.1,0.19,-0.156,-0.007,0.967,0,2.433625250884931,6.0,16.799206058607954,-1.0,3.0,52.237693,21.050488,6.0
5809,2026-05-11 18:54:43.900000+00:00,52.2377839,21.0502861,88.4,0.15,-0.155,-0.012,0.967,0,2.678585596415039,6.0,17.063934740727394,-1.0,3.0,52.237693,21.050488,6.0
5814,2026-05-11 18:54:44.400000+00:00,52.2377847,21.0502856,88.5,0.13,-0.154,-0.009,0.964,0,0.6857925175542696,6.0,17.144135416029158,-1.0,3.0,52.237693,21.050488,6.0
5819,2026-05-11 18:54:44.900000+00:00,52.2377839,21.0502854,88.3,0.11,-0.154,-0.008,0.967,0,0.6479452908291721,6.0,17.102362033278933,-1.0,3.0,52.237693,21.050488,6.0
5824,2026-05-11 18:54:45.400000+00:00,52.2377834,21.0502858,88.1,0.1,-0.152,-0.009,0.963,0,0.4457590399571293,6.0,17.047556099146956,-1.0,3.0,52.237693,21.050488,6.0
5829,2026-05-11 18:54:45.900000+00:00,52.2377825,21.0502858,87.9,0.22,-0.155,-0.014,0.966,0,0.7205431193574088,6.0,16.988739420666814,-1.0,3.0,52.237693,21.050488,6.0
5834,2026-05-11 18:54:46.400000+00:00,52.2377819,21.0502861,87.7,0.09,-0.155,-0.009,0.966,0,0.5023756362720115,6.0,16.933153010364787,-1.0,3.0,52.237693,21.050488,6.0
5839,2026-05-11 18:54:46.900000+00:00,52.2377811,21.0502863,87.5,0.14,-0.152,-0.011,0.966,0,0.647945291765335,6.0,16.87028757419693,-1.0,3.0,52.237693,21.050488,6.0
5844,2026-05-11 18:54:47.400000+00:00,52.2377801,21.0502866,87.2,0.05,-0.156,-0.009,0.965,0,0.8140021294598462,6.0,16.789271807836087,-1.0,3.0,52.237693,21.050488,6.0
5849,2026-05-11 18:54:47.900000+00:00,52.2377789,21.0502869,87.0,0.01,-0.155,-0.011,0.963,0,0.9719179362519892,6.0,16.695895441211075,-1.0,3.0,52.237693,21.050488,6.0
5854,2026-05-11 18:54:48.400000+00:00,52.2377778,21.0502872,86.7,0.1,-0.155,-0.011,0.968,0,0.8928618692751563,6.0,16.60940154866936,-1.0,3.0,52.237693,21.050488,6.0
5859,2026-05-11 18:54:48.900000+00:00,52.2377766,21.0502873,86.4,0.1,-0.154,-0.009,0.963,0,0.9619743557246716,6.0,16.528383950003366,-1.0,3.0,52.237693,21.050488,6.0
5864,2026-05-11 18:54:49.400000+00:00,52.2377756,21.0502874,86.2,0.08,-0.154,-0.012,0.966,0,0.8021032628545545,6.0,16.460451257662825,-1.0,3.0,52.237693,21.050488,6.0
5869,2026-05-11 18:54:49.900000+00:00,52.2377746,21.0502876,86.0,0.18,-0.155,-0.011,0.967,0,0.806585909906116,6.0,16.387323333056976,-1.0,3.0,52.237693,21.050488,6.0
5874,2026-05-11 18:54:50.400000+00:00,52.2377735,21.0502877,85.7,0.12,-0.158,-0.011,0.968,0,0.8820274900199492,6.0,16.31422362277414,-1.0,3.0,52.237693,21.050488,6.0
5879,2026-05-11 18:54:50.900000+00:00,52.2377724,21.0502877,85.5,0.08,-0.154,-0.014,0.965,0,0.8806638204699626,6.0,16.247434820119945,-1.0,3.0,52.237693,21.050488,6.0
5884,2026-05-11 18:54:51.400000+00:00,52.2377715,21.0502878,85.3,0.08,-0.155,-0.009,0.967,0,0.7222091961744022,6.0,16.187536705544325,-1.0,3.0,52.237693,21.050488,6.0
5889,2026-05-11 18:54:51.900000+00:00,52.2377709,21.0502887,85.1,0.17,-0.155,-0.009,0.966,0,0.6522651069708384,6.0,16.09996607299546,-1.0,3.0,52.237693,21.050488,6.0
5894,2026-05-11 18:54:52.400000+00:00,52.2377705,21.050289,84.9,0.07,-0.156,-0.01,0.971,0,0.3524033290026963,6.0,16.058838335096954,-1.0,3.0,52.237693,21.050488,6.0
5899,2026-05-11 18:54:52.900000+00:00,52.2377701,21.0502895,84.8,0.14,-0.16,-0.015,0.96,0,0.4032961369043119,6.0,16.006252251084256,-1.0,3.0,52.237693,21.050488,6.0
5904,2026-05-11 18:54:53.400000+00:00,52.2377697,21.0502901,84.6,0.05,-0.159,-0.014,0.965,0,0.4348434092259178,6.0,15.947935177728656,-1.0,3.0,52.237693,21.050488,6.0
5909,2026-05-11 18:54:53.900000+00:00,52.2377693,21.0502905,84.4,0.13,-0.154,-0.014,0.965,0,0.3755185930717105,6.0,15.901150303999929,-1.0,3.0,52.237693,21.050488,6.0
5914,2026-05-11 18:54:54.400000+00:00,52.2377692,21.0502918,84.4,0.93,-0.1,-0.016,0.966,0,0.6423705119599546,6.0,15.820393457623457,-1.0,3.0,52.237693,21.050488,6.0
5919,2026-05-11 18:54:54.900000+00:00,52.2377691,21.0502955,84.3,2.2,-0.08,-0.025,0.978,0,1.815795914628584,6.0,15.602176034042456,-1.0,3.0,52.237693,21.050488,6.0
5924,2026-05-11 18:54:55.400000+00:00,52.2377693,21.0503023,84.2,3.77,-0.067,-0.02,0.978,0,3.337736053101673,6.0,15.227604664551237,-1.0,3.0,52.237693,21.050488,6.0
5929,2026-05-11 18:54:55.900000+00:00,52.2377703,21.0503122,84.2,5.33,-0.063,-0.019,0.983,0,4.9193408244367545,6.0,14.737183451162943,-1.0,3.0,52.237693,21.050488,6.0
5934,2026-05-11 18:54:56.400000+00:00,52.2377715,21.0503255,84.1,7.48,-0.048,-0.019,0.969,0,6.591096390311055,6.0,14.093732425820706,-1.0,3.0,52.237693,21.050488,6.0
5939,2026-05-11 18:54:56.900000+00:00,52.2377734,21.050343,84.1,9.41,-0.033,-0.022,0.976,0,8.71367200119613,6.0,13.319694178871735,-1.0,3.0,52.237693,21.050488,6.0
5944,2026-05-11 18:54:57.400000+00:00,52.2377768,21.0503646,84.1,11.48,-0.017,-0.013,0.945,0,10.934254471314034,6.0,12.547320360392128,-1.0,3.0,52.237693,21.050488,6.0
5949,2026-05-11 18:54:57.900000+00:00,52.2377803,21.0503911,84.0,14.31,-0.031,-0.037,1.011,0,13.291111202718763,6.0,11.737547852893028,-1.0,3.0,52.237693,21.050488,6.0
5954,2026-05-11 18:54:58.400000+00:00,52.2377851,21.050422,84.1,16.23,0.001,-0.044,0.936,0,15.629400915670024,6.0,11.1837914045441,-1.0,3.0,52.237693,21.050488,6.0
5959,2026-05-11 18:54:58.900000+00:00,52.2377911,21.0504579,84.1,19.5,-0.041,-0.033,1.025,0,18.24471207401093,6.0,11.09911379684869,-1.0,3.0,52.237693,21.050488,6.0
5964,2026-05-11 18:54:59.400000+00:00,52.2377972,21.050499,84.1,22.1,0.008,-0.059,0.897,0,20.73379385647089,6.0,11.610697722986204,-1.0,3.0,52.237693,21.050488,6.0
5969,2026-05-11 18:54:59.900000+00:00,52.2378033,21.0505443,84.0,23.82,-0.091,-0.046,1.098,0,22.740195590694743,6.0,12.850005246134174,-1.0,3.0,52.237693,21.050488,6.0
5974,2026-05-11 18:55:00.400000+00:00,52.2378088,21.0505929,83.9,25.11,-0.086,-0.05,0.919,0,24.230961054204226,6.0,14.72496718986002,-1.0,3.0,52.237693,21.050488,6.0
5979,2026-05-11 18:55:00.900000+00:00,52.2378163,21.0506448,84.1,26.89,-0.067,-0.058,0.89,0,26.144290787623277,6.0,17.37743914308402,-1.0,3.0,52.237693,21.050488,6.0
5984,2026-05-11 18:55:01.400000+00:00,52.2378238,21.0506993,84.1,28.0,-0.072,-0.043,1.013,0,27.38649907060784,6.0,20.458741383646025,-1.0,3.0,52.237693,21.050488,6.0
5989,2026-05-11 18:55:01.900000+00:00,52.2378299,21.0507575,84.3,29.97,-0.086,-0.089,0.98,0,28.94907529743505,6.0,23.84325578764508,-1.0,3.0,52.237693,21.050488,6.0
5994,2026-05-11 18:55:02.400000+00:00,52.2378351,21.0508179,84.3,30.63,-0.083,-0.067,0.964,0,29.90398051245413,6.0,27.464694065813664,-1.0,3.0,52.237693,21.050488,6.0
5999,2026-05-11 18:55:02.900000+00:00,52.2378412,21.0508815,84.5,32.14,-0.068,-0.064,0.952,0,31.561782661628992,6.0,31.456899641446316,-1.0,3.0,52.237693,21.050488,6.0
6004,2026-05-11 18:55:03.400000+00:00,52.2378472,21.0509466,84.7,32.78,-0.095,-0.038,0.986,0,32.27652590255377,6.0,35.62559109743333,-1.0,3.0,52.237693,21.050488,6.0
6009,2026-05-11 18:55:03.900000+00:00,52.2378521,21.0510147,84.7,34.01,-0.129,-0.075,0.954,0,33.61757515209666,6.0,39.99112120680013,-1.0,3.0,52.237693,21.050488,6.0
6014,2026-05-11 18:55:04.400000+00:00,52.2378554,21.0510828,84.7,33.46,-0.161,-0.075,0.957,0,33.49226299213884,6.0,44.34569809343751,-1.0,3.0,52.237693,21.050488,6.0
6019,2026-05-11 18:55:04.900000+00:00,52.237858,21.0511502,84.8,33.16,-0.184,-0.062,0.956,0,33.11019574521125,6.0,48.681677536154325,-1.0,3.0,52.237693,21.050488,6.0
6024,2026-05-11 18:55:05.400000+00:00,52.2378589,21.0512159,84.7,31.69,-0.225,-0.054,0.945,0,32.219284124734145,6.0,52.88730313764396,-1.0,3.0,52.237693,21.050488,6.0
6029,2026-05-11 18:55:05.900000+00:00,52.2378602,21.0512791,84.7,30.72,-0.212,-0.055,0.956,0,31.003006521680152,6.0,56.987362262979865,-1.0,3.0,52.237693,21.050488,6.0
6034,2026-05-11 18:55:06.400000+00:00,52.2378608,21.0513416,84.7,30.56,-0.166,-0.065,0.959,0,30.64610191173823,6.0,61.04654711137696,-1.0,3.0,52.237693,21.050488,6.0
6039,2026-05-11 18:55:06.900000+00:00,52.2378607,21.0514032,84.5,29.93,-0.172,-0.088,0.907,0,30.20119325699142,6.0,65.04986754174088,-1.0,3.0,52.237693,21.050488,6.0
6044,2026-05-11 18:55:07.400000+00:00,52.2378586,21.0514625,84.5,28.88,-0.212,-0.139,0.978,0,29.12202168186728,6.0,68.86530241830229,-1.0,3.0,52.237693,21.050488,6.0
6049,2026-05-11 18:55:07.900000+00:00,52.2378548,21.0515211,84.8,28.58,-0.188,-0.149,0.949,0,28.890885231584715,6.0,72.61231420311375,-1.0,3.0,52.237693,21.050488,6.0
6054,2026-05-11 18:55:08.400000+00:00,52.2378476,21.0515792,84.8,28.95,-0.163,-0.2,0.922,0,29.062516614815404,6.0,76.2670784119866,-1.0,3.0,52.237693,21.050488,6.0
6059,2026-05-11 18:55:08.900000+00:00,52.2378376,21.0516361,84.8,29.13,-0.167,-0.216,0.975,0,29.02288327231102,6.0,79.81529187412252,-1.0,3.0,52.237693,21.050488,6.0
6064,2026-05-11 18:55:09.400000+00:00,52.2378239,21.0516919,84.9,29.57,-0.152,-0.21,0.932,0,29.47431972458151,,83.26079414086327,-1.0,3.0,52.237693,21.050488,6.0
6069,2026-05-11 18:55:09.900000+00:00,52.2378075,21.0517467,85.0,29.94,-0.129,-0.201,0.93,0,29.90388174096234,,86.65069790364683,-1.0,3.0,52.237693,21.050488,6.0
6074,2026-05-11 18:55:10.400000+00:00,52.2377871,21.0518001,85.0,30.04,-0.135,-0.206,0.927,0,30.85743480501509,,89.95709247701146,-1.0,3.0,52.237693,21.050488,6.0
6079,2026-05-11 18:55:10.900000+00:00,52.237763,21.0518535,84.9,31.07,-0.141,-0.2,0.952,0,32.52256153015658,,93.30796493896418,-1.0,3.0,52.237693,21.050488,6.0
6084,2026-05-11 18:55:11.400000+00:00,52.2377357,21.0519067,85.2,31.74,-0.139,-0.222,0.968,0,34.0296800107798,,96.72200150952256,-1.0,3.0,52.237693,21.050488,6.0
6089,2026-05-11 18:55:11.900000+00:00,52.2377062,21.0519557,85.7,32.09,-0.13,-0.217,0.913,0,33.68882903786551,,99.9528241282398,-1.0,3.0,52.237693,21.050488,6.0
6094,2026-05-11 18:55:12.400000+00:00,52.2376751,21.0520008,86.2,32.17,-0.144,-0.234,0.948,0,33.29971889966723,,103.0323640637351,-1.0,3.0,52.237693,21.050488,6.0
6099,2026-05-11 18:55:12.900000+00:00,52.2376428,21.0520441,86.9,33.92,-0.14,-0.23,0.93,0,33.457261345810785,,106.10858669531042,-1.0,3.0,52.237693,21.050488,6.0
6104,2026-05-11 18:55:13.400000+00:00,52.2376063,21.0520828,86.9,35.16,-0.125,-0.237,0.929,0,34.84154553269716,,109.0240362562907,-1.0,3.0,52.237693,21.050488,6.0
6109,2026-05-11 18:55:13.900000+00:00,52.2375673,21.0521158,87.3,35.96,-0.155,-0.221,0.941,0,35.16642451338743,,111.72189404403876,-1.0,3.0,52.237693,21.050488,6.0
6114,2026-05-11 18:55:14.400000+00:00,52.2375271,21.0521466,87.5,36.16,-0.15,-0.152,0.951,0,35.55075529451657,,114.43810094996736,-1.0,3.0,52.237693,21.050488,6.0
6119,2026-05-11 18:55:14.900000+00:00,52.2374843,21.0521765,87.1,36.57,-0.173,-0.112,0.937,0,37.26989865765139,,117.2961034226585,-1.0,3.0,52.237693,21.050488,6.0
6124,2026-05-11 18:55:15.400000+00:00,52.2374406,21.0522038,86.9,36.31,-0.184,-0.094,0.947,0,37.4592606475225,,120.1601797939593,-1.0,3.0,52.237693,21.050488,6.0
6129,2026-05-11 18:55:15.900000+00:00,52.2373965,21.05223,86.6,36.18,-0.182,-0.066,0.946,0,37.57074814300506,,123.1172336814566,-1.0,3.0,52.237693,21.050488,6.0
6134,2026-05-11 18:55:16.400000+00:00,52.237353,21.0522562,86.6,35.97,-0.182,-0.033,0.96,0,37.11970196097275,,126.20082228601896,-1.0,3.0,52.237693,21.050488,6.0
6139,2026-05-11 18:55:16.900000+00:00,52.2373096,21.0522826,86.5,36.03,-0.174,-0.054,0.957,0,37.07871863060648,,129.42558252984372,-1.0,3.0,52.237693,21.050488,6.0
6144,2026-05-11 18:55:17.400000+00:00,52.2372664,21.0523086,86.3,35.81,-0.163,-0.027,0.951,0,36.86043742620734,,132.7384373280218,-1.0,3.0,52.237693,21.050488,6.0
6149,2026-05-11 18:55:17.900000+00:00,52.2372227,21.0523375,86.3,37.14,-0.174,-0.034,0.969,0,37.74669270780521,,136.36692022716795,-1.0,3.0,52.237693,21.050488,6.0
6154,2026-05-11 18:55:18.400000+00:00,52.2371802,21.0523642,86.3,36.3,-0.166,-0.036,0.952,0,36.45694061637203,,139.9064512806865,-1.0,3.0,52.237693,21.050488,6.0
6159,2026-05-11 18:55:18.900000+00:00,52.2371377,21.05239,86.1,35.81,-0.169,-0.028,0.96,0,36.30083903497753,,143.48202955593473,-1.0,3.0,52.237693,21.050488,6.0
6164,2026-05-11 18:55:19.400000+00:00,52.2370954,21.0524171,86.1,35.58,-0.167,-0.029,0.965,0,36.37872138760857,,147.2124437828021,-1.0,3.0,52.237693,21.050488,6.0
6169,2026-05-11 18:55:19.900000+00:00,52.2370529,21.0524453,86.2,35.65,-0.157,-0.025,0.949,0,36.72743975339368,,151.0963246004944,-1.0,3.0,52.237693,21.050488,6.0
6174,2026-05-11 18:55:20.400000+00:00,52.2370113,21.0524709,86.0,35.67,-0.173,-0.034,0.979,0,35.59165637640227,,154.84738272758105,-1.0,3.0,52.237693,21.050488,6.0
6179,2026-05-11 18:55:20.900000+00:00,52.2369692,21.0524976,85.6,36.28,-0.159,-0.028,0.961,0,36.15826134367581,,158.75653895587078,-1.0,3.0,52.237693,21.050488,6.0
6184,2026-05-11 18:55:21.400000+00:00,52.2369279,21.0525226,85.5,34.61,-0.169,-0.044,0.972,0,35.263689293285815,,162.58158787545017,-1.0,3.0,52.237693,21.050488,6.0
6189,2026-05-11 18:55:21.900000+00:00,52.2368873,21.0525463,85.2,34.75,-0.154,-0.041,0.959,0,34.51902206112431,,166.34634770984448,-1.0,3.0,52.237693,21.050488,6.0
6194,2026-05-11 18:55:22.400000+00:00,52.2368453,21.0525718,85.0,35.47,-0.158,-0.03,0.946,0,35.87440208919453,,170.35112903565093,-1.0,3.0,52.237693,21.050488,6.0
6199,2026-05-11 18:55:22.900000+00:00,52.2368034,21.0525983,85.0,34.65,-0.175,-0.022,0.965,0,35.973535276370654,,174.45608458691223,-1.0,3.0,52.237693,21.050488,6.0
6204,2026-05-11 18:55:23.400000+00:00,52.2367603,21.0526252,85.0,35.59,-0.161,-0.029,0.958,0,36.94061018379454,,178.70606716755276,-1.0,3.0,52.237693,21.050488,6.0
6209,2026-05-11 18:55:23.900000+00:00,52.236718,21.0526518,85.1,34.14,-0.172,-0.041,0.976,0,36.28994432941072,,182.932015187325,-1.0,3.0,52.237693,21.050488,6.0
6214,2026-05-11 18:55:24.400000+00:00,52.2366773,21.0526733,84.7,34.43,-0.157,-0.064,0.948,0,34.24720979226393,,186.8140723162306,-1.0,3.0,52.237693,21.050488,6.0
6219,2026-05-11 18:55:24.900000+00:00,52.236636,21.0526953,84.5,34.27,-0.161,-0.063,0.953,0,34.779814250536745,,190.803658635357,-1.0,3.0,52.237693,21.050488,6.0
6224,2026-05-11 18:55:25.400000+00:00,52.2365949,21.0527203,84.6,34.04,-0.18,-0.042,0.974,0,35.11362868692594,,194.97660539836733,-1.0,3.0,52.237693,21.050488,6.0
6229,2026-05-11 18:55:25.900000+00:00,52.236554,21.0527468,84.7,34.12,-0.154,-0.028,0.949,0,35.22818705080639,,199.24623914370895,-1.0,3.0,52.237693,21.050488,6.0
6234,2026-05-11 18:55:26.400000+00:00,52.2365163,21.05277,84.6,31.76,-0.17,-0.02,0.965,0,32.254983504287544,,203.1428061246399,-1.0,3.0,52.237693,21.050488,6.0
6239,2026-05-11 18:55:26.900000+00:00,52.2364786,21.0527921,84.3,31.96,-0.157,-0.024,0.968,0,32.06876536276108,,207.00619324036828,-1.0,3.0,52.237693,21.050488,6.0
6244,2026-05-11 18:55:27.400000+00:00,52.2364417,21.052818,84.5,30.68,-0.175,-0.036,0.936,0,32.15586522005445,,211.0286402923437,-1.0,3.0,52.237693,21.050488,6.0
6249,2026-05-11 18:55:27.900000+00:00,52.2364048,21.0528397,84.5,30.67,-0.165,-0.052,0.968,0,31.399708116334068,,214.855348687012,-1.0,3.0,52.234531,21.053934,7.0
6254,2026-05-11 18:55:28.400000+00:00,52.2363675,21.0528652,84.8,31.63,-0.167,-0.04,0.964,0,32.37408993966501,,216.79221546593425,-1.0,3.0,52.234531,21.053934,7.0
6259,2026-05-11 18:55:28.900000+00:00,52.2363306,21.0528897,84.8,31.72,-0.139,-0.056,0.956,0,31.891043844140807,,212.3672420940784,-1.0,3.0,52.234531,21.053934,7.0
6264,2026-05-11 18:55:29.400000+00:00,52.2362926,21.0529147,84.8,32.13,-0.136,-0.046,0.956,0,32.79935553781415,,207.81579061173716,-1.0,3.0,52.234531,21.053934,7.0
6269,2026-05-11 18:55:29.900000+00:00,52.2362543,21.0529381,84.7,31.88,-0.131,-0.044,0.961,0,32.739180794133866,,203.26939191535087,-1.0,3.0,52.234531,21.053934,7.0
6274,2026-05-11 18:55:30.400000+00:00,52.2362148,21.0529628,84.7,33.45,-0.133,-0.049,0.976,0,33.86334781373619,,198.5677208948169,-1.0,3.0,52.234531,21.053934,7.0
6279,2026-05-11 18:55:30.900000+00:00,52.2361755,21.0529899,85.1,33.43,-0.114,-0.036,0.952,0,34.15421265801529,,193.832829560508,-1.0,3.0,52.234531,21.053934,7.0
6284,2026-05-11 18:55:31.400000+00:00,52.2361363,21.0530149,85.3,33.76,-0.113,-0.017,0.971,0,33.69240063455403,,189.1561422875759,-1.0,3.0,52.234531,21.053934,7.0
6289,2026-05-11 18:55:31.900000+00:00,52.2360968,21.0530411,85.6,33.9,-0.116,0.0,0.976,0,34.13328205256008,,184.42114949320725,-1.0,3.0,52.234531,21.053934,7.0
6294,2026-05-11 18:55:32.400000+00:00,52.2360575,21.053067,85.6,33.62,-0.094,-0.012,0.945,0,33.92966693448779,,179.71417477772064,-1.0,3.0,52.234531,21.053934,7.0
6299,2026-05-11 18:55:32.900000+00:00,52.2360175,21.0530941,85.4,34.19,-0.124,-0.01,0.979,0,34.671191424398096,,174.90720772936282,-1.0,3.0,52.234531,21.053934,7.0
6304,2026-05-11 18:55:33.400000+00:00,52.2359771,21.0531233,85.4,35.05,-0.107,-0.034,0.958,0,35.37127163435824,,170.01217172956692,-1.0,3.0,52.234531,21.053934,7.0
6309,2026-05-11 18:55:33.900000+00:00,52.2359357,21.0531516,85.4,36.33,-0.115,-0.056,0.939,0,35.93212953063944,,165.0327026012407,-1.0,3.0,52.234531,21.053934,7.0
6314,2026-05-11 18:55:34.400000+00:00,52.2358941,21.0531801,85.4,36.15,-0.137,-0.066,1.023,0,36.11771298283573,,160.02849183890837,-1.0,3.0,52.234531,21.053934,7.0
6319,2026-05-11 18:55:34.900000+00:00,52.2358509,21.0532087,85.3,37.39,-0.102,-0.048,0.904,0,37.32061718223082,,154.85426584243913,-1.0,3.0,52.234531,21.053934,7.0
6324,2026-05-11 18:55:35.400000+00:00,52.2358076,21.053235,85.4,37.22,-0.153,-0.044,0.978,0,36.9867363324648,,149.71985207412388,-1.0,3.0,52.234531,21.053934,7.0
6329,2026-05-11 18:55:35.900000+00:00,52.2357635,21.0532608,85.2,36.14,-0.164,-0.047,0.966,0,37.50430715888321,,144.51205256671713,-1.0,3.0,52.234531,21.053934,7.0
6334,2026-05-11 18:55:36.400000+00:00,52.2357215,21.0532875,85.4,35.08,-0.159,-0.044,0.957,0,36.08377717086035,,139.5065097723984,-1.0,3.0,52.234531,21.053934,7.0
6339,2026-05-11 18:55:36.900000+00:00,52.2356782,21.0533109,85.5,35.51,-0.156,-0.043,0.956,0,36.51535917323239,,134.4349377264192,-1.0,3.0,52.234531,21.053934,7.0
6344,2026-05-11 18:55:37.400000+00:00,52.2356368,21.0533364,85.3,34.83,-0.167,-0.039,0.973,0,35.424670850225105,,129.51884448941604,-1.0,3.0,52.234531,21.053934,7.0
6349,2026-05-11 18:55:37.900000+00:00,52.2355955,21.0533582,85.1,34.89,-0.157,-0.028,0.943,0,34.74960523050974,,124.69263206198104,-1.0,3.0,52.234531,21.053934,7.0
6354,2026-05-11 18:55:38.400000+00:00,52.2355539,21.0533828,84.9,35.0,-0.162,-0.033,0.957,0,35.42186381479549,,119.77487437287002,-1.0,3.0,52.234531,21.053934,7.0
6359,2026-05-11 18:55:38.900000+00:00,52.2355124,21.0534064,84.7,34.94,-0.165,-0.018,0.963,0,35.18231288276828,,114.8891244481128,-1.0,3.0,52.234531,21.053934,7.0
6364,2026-05-11 18:55:39.400000+00:00,52.2354705,21.053431,84.9,34.95,-0.169,-0.023,0.968,0,35.647793453429344,,109.93994178301594,-1.0,3.0,52.234531,21.053934,7.0
6369,2026-05-11 18:55:39.900000+00:00,52.2354299,21.0534568,84.8,34.36,-0.159,-0.04,0.959,0,34.87923632018212,,105.10307045279085,-1.0,3.0,52.234531,21.053934,7.0
6374,2026-05-11 18:55:40.400000+00:00,52.2353888,21.0534829,84.7,34.41,-0.166,-0.041,0.957,0,35.30563528020686,,100.20773634141268,-1.0,3.0,52.234531,21.053934,7.0
6379,2026-05-11 18:55:40.900000+00:00,52.2353481,21.0535076,84.8,34.14,-0.163,-0.084,0.971,0,34.762315934770065,,95.38460616062116,-1.0,3.0,52.234531,21.053934,7.0
6384,2026-05-11 18:55:41.400000+00:00,52.2353081,21.0535308,84.6,33.04,-0.263,-0.055,0.949,0,33.98437902563693,,90.6670906496996,-1.0,3.0,52.234531,21.053934,7.0
6389,2026-05-11 18:55:41.900000+00:00,52.2352719,21.0535514,84.7,29.15,-0.371,-0.037,0.928,0,30.69142262163305,,86.40610539458675,-1.0,3.0,52.234531,21.053934,7.0
6394,2026-05-11 18:55:42.400000+00:00,52.2352419,21.0535666,84.5,23.94,-0.4,-0.049,0.929,0,25.14779059282064,,82.91341040977548,-1.0,3.0,52.234531,21.053934,7.0
6399,2026-05-11 18:55:42.900000+00:00,52.2352167,21.0535781,84.3,21.07,-0.383,-0.03,0.939,0,20.948316232837648,,80.00566569507893,-1.0,3.0,52.234531,21.053934,7.0
6404,2026-05-11 18:55:43.400000+00:00,52.2351959,21.0535883,84.3,15.66,-0.392,-0.017,0.933,0,17.38731667048451,7.0,77.5910800558285,-1.0,3.0,52.234531,21.053934,7.0
6409,2026-05-11 18:55:43.900000+00:00,52.2351814,21.0535956,84.3,10.71,-0.39,-0.014,0.915,0,12.148005862006316,7.0,75.90392992012009,-1.0,3.0,52.234531,21.053934,7.0
6414,2026-05-11 18:55:44.400000+00:00,52.2351705,21.0536,84.2,6.63,-0.464,-0.012,0.926,0,8.989289416360176,7.0,74.6581909393197,-1.0,3.0,52.234531,21.053934,7.0
6419,2026-05-11 18:55:44.900000+00:00,52.2351657,21.053602,84.1,2.12,-0.376,-0.016,0.946,0,3.966038213072432,7.0,74.10834204238935,-1.0,3.0,52.234531,21.053934,7.0
6424,2026-05-11 18:55:45.400000+00:00,52.2351624,21.0536054,84.1,0.3,-0.245,-0.026,0.951,0,3.1239647715575414,7.0,73.68833581303048,-1.0,3.0,52.234531,21.053934,7.0
6429,2026-05-11 18:55:45.900000+00:00,52.2351598,21.0536084,84.2,0.17,-0.159,-0.029,0.961,0,2.54883111809017,7.0,73.35092038655986,-1.0,3.0,52.234531,21.053934,7.0
6434,2026-05-11 18:55:46.400000+00:00,52.2351577,21.0536108,84.3,0.21,-0.143,-0.033,0.966,0,2.052162403637812,7.0,73.07898040592258,-1.0,3.0,52.234531,21.053934,7.0
6439,2026-05-11 18:55:46.900000+00:00,52.2351553,21.0536143,84.3,0.09,-0.14,-0.032,0.967,0,2.5762139881415047,7.0,72.75286847032694,-1.0,3.0,52.234531,21.053934,7.0
6444,2026-05-11 18:55:47.400000+00:00,52.2351531,21.053617,84.5,0.24,-0.14,-0.032,0.967,0,2.203361082806925,7.0,72.46450023684781,-1.0,3.0,52.234531,21.053934,7.0
6449,2026-05-11 18:55:47.900000+00:00,52.2351509,21.0536194,84.5,0.18,-0.137,-0.034,0.965,0,2.118250762100906,7.0,72.1823383037107,-1.0,3.0,52.234531,21.053934,7.0
6454,2026-05-11 18:55:48.400000+00:00,52.2351487,21.0536219,84.7,0.18,-0.139,-0.033,0.967,0,2.145875825424004,7.0,71.89825954373583,-1.0,3.0,52.234531,21.053934,7.0
6459,2026-05-11 18:55:48.900000+00:00,52.2351463,21.0536243,84.9,0.33,-0.119,-0.04,0.961,0,2.253147851942927,7.0,71.59504690192195,-1.0,3.0,52.234531,21.053934,7.0
6464,2026-05-11 18:55:49.400000+00:00,52.2351441,21.0536268,85.0,0.61,-0.146,-0.034,0.965,0,2.14587589798702,7.0,71.3111798577342,-1.0,3.0,52.234531,21.053934,7.0
6469,2026-05-11 18:55:49.900000+00:00,52.235141,21.0536286,85.2,0.27,-0.136,-0.035,0.968,0,2.6341189999831047,7.0,70.94568448728965,-1.0,3.0,52.234531,21.053934,7.0
6474,2026-05-11 18:55:50.400000+00:00,52.2351368,21.0536309,85.0,0.71,-0.109,-0.036,0.971,0,3.5465986835424173,7.0,70.45326988433148,-1.0,3.0,52.234531,21.053934,7.0
6479,2026-05-11 18:55:50.900000+00:00,52.2351336,21.0536332,84.9,1.83,-0.069,-0.04,0.972,0,2.7991453404549285,7.0,70.0671870270354,-1.0,3.0,52.234531,21.053934,7.0
6484,2026-05-11 18:55:51.400000+00:00,52.235129,21.0536353,84.8,2.91,-0.037,-0.046,0.981,0,3.8240043630002742,7.0,69.53623022317721,-1.0,3.0,52.234531,21.053934,7.0
6489,2026-05-11 18:55:51.900000+00:00,52.2351222,21.0536382,84.6,4.36,-0.034,-0.049,0.976,0,5.626725610486393,7.0,68.75541763097364,-1.0,3.0,52.234531,21.053934,7.0
6494,2026-05-11 18:55:52.400000+00:00,52.2351133,21.0536406,84.5,6.11,-0.028,-0.052,0.986,0,7.221885061128478,7.0,67.76145732815365,-1.0,3.0,52.234531,21.053934,7.0
6499,2026-05-11 18:55:52.900000+00:00,52.2351,21.0536472,84.5,8.85,-0.018,-0.048,0.972,0,11.128897594549358,7.0,66.21579154158252,-1.0,3.0,52.234531,21.053934,7.0
6504,2026-05-11 18:55:53.400000+00:00,52.2350863,21.0536516,84.3,10.15,-0.012,-0.011,0.987,0,11.178420020528296,7.0,64.67202182270398,-1.0,3.0,52.234531,21.053934,7.0
6509,2026-05-11 18:55:53.900000+00:00,52.2350712,21.0536594,84.0,12.26,-0.004,0.018,0.969,0,12.679617505462698,7.0,62.91098182200986,-1.0,3.0,52.234531,21.053934,7.0
6514,2026-05-11 18:55:54.400000+00:00,52.2350535,21.0536715,83.9,14.6,-0.004,-0.016,0.971,0,15.36247060741298,7.0,60.78719707293349,-1.0,3.0,52.234531,21.053934,7.0
6519,2026-05-11 18:55:54.900000+00:00,52.2350312,21.0536855,83.9,17.68,-0.015,-0.035,0.991,0,19.12759319425441,7.0,58.13711465144171,-1.0,3.0,52.234531,21.053934,7.0
6524,2026-05-11 18:55:55.400000+00:00,52.2350069,21.0537016,83.8,19.66,-0.028,-0.04,0.965,0,20.99520776697836,7.0,55.233566725581554,-1.0,3.0,52.234531,21.053934,7.0
6529,2026-05-11 18:55:55.900000+00:00,52.2349796,21.0537223,83.8,22.56,-0.049,-0.059,0.978,0,24.09804478136743,7.0,51.92354511545339,-1.0,3.0,52.234531,21.053934,7.0
6534,2026-05-11 18:55:56.400000+00:00,52.234952,21.0537418,83.6,22.22,-0.077,-0.075,0.964,0,24.076452066946786,7.0,48.6083787275669,-1.0,3.0,52.234531,21.053934,7.0
6539,2026-05-11 18:55:56.900000+00:00,52.2349233,21.0537603,83.4,24.3,-0.136,-0.089,0.967,0,24.70294199967904,7.0,45.1971100974321,-1.0,3.0,52.234531,21.053934,7.0
6544,2026-05-11 18:55:57.400000+00:00,52.2348942,21.0537797,83.4,23.95,-0.17,-0.064,0.959,0,25.16455363342,7.0,41.73056128166282,-1.0,3.0,52.234531,21.053934,7.0
6549,2026-05-11 18:55:57.900000+00:00,52.2348646,21.0537954,83.4,24.21,-0.171,-0.121,0.949,0,24.916780161159917,7.0,38.27658430662001,-1.0,3.0,52.234531,21.053934,7.0
6554,2026-05-11 18:55:58.400000+00:00,52.234837,21.0538068,83.4,22.19,-0.225,-0.112,0.934,0,22.792656061845552,7.0,35.11094099668878,-1.0,3.0,52.234531,21.053934,7.0
6559,2026-05-11 18:55:58.900000+00:00,52.234812,21.0538133,83.3,20.44,-0.238,-0.095,0.967,0,20.26723470612318,7.0,32.3088123840891,-1.0,3.0,52.234531,21.053934,7.0
6564,2026-05-11 18:55:59.400000+00:00,52.2347897,21.0538235,83.8,17.54,-0.216,-0.059,0.934,0,18.540703453614626,7.0,29.73406789591462,-1.0,3.0,52.234531,21.053934,7.0
6569,2026-05-11 18:55:59.900000+00:00,52.2347668,21.0538365,84.5,18.43,-0.218,-0.013,0.941,0,19.41024045040099,7.0,27.04738446190452,-1.0,3.0,52.234531,21.053934,7.0
6574,2026-05-11 18:56:00.400000+00:00,52.2347442,21.0538474,85.1,17.46,-0.209,0.045,0.974,0,18.86643413113956,7.0,24.429274085950656,-1.0,3.0,52.234531,21.053934,7.0
6579,2026-05-11 18:56:00.900000+00:00,52.2347231,21.0538582,85.6,16.74,-0.189,0.02,0.947,0,17.703258693788367,7.0,21.975399626369278,-1.0,3.0,52.234531,21.053934,7.0
6584,2026-05-11 18:56:01.400000+00:00,52.2347057,21.0538717,85.7,14.24,-0.208,-0.007,0.962,0,15.423126624559082,7.0,19.88364445224155,-1.0,3.0,52.234531,21.053934,7.0
6589,2026-05-11 18:56:01.900000+00:00,52.234688,21.0538829,86.0,13.88,-0.196,-0.032,0.91,0,15.197524969515928,7.0,17.801049469387408,-1.0,3.0,52.234531,21.053934,7.0
6594,2026-05-11 18:56:02.400000+00:00,52.2346699,21.0538944,86.2,13.55,-0.212,-0.025,0.988,0,15.54929544705675,7.0,15.67863454450158,-1.0,3.0,52.234531,21.053934,7.0
6599,2026-05-11 18:56:02.900000+00:00,52.2346522,21.0539045,86.2,13.39,-0.192,-0.042,0.953,0,15.011065509728516,7.0,13.625732573041246,-1.0,3.0,52.234531,21.053934,7.0
6604,2026-05-11 18:56:03.400000+00:00,52.2346366,21.0539147,86.2,12.19,-0.197,-0.02,0.979,0,13.453526866286682,7.0,11.815511381800048,-1.0,3.0,52.234531,21.053934,7.0
6609,2026-05-11 18:56:03.900000+00:00,52.2346223,21.0539257,86.2,11.27,-0.183,-0.012,0.923,0,12.655447759073994,7.0,10.167819146564812,-1.0,3.0,52.234531,21.053934,7.0
6614,2026-05-11 18:56:04.400000+00:00,52.2346102,21.0539359,86.1,9.87,-0.244,-0.049,0.945,0,10.902099384129189,7.0,8.807588635000503,-1.0,3.0,52.234531,21.053934,7.0
6619,2026-05-11 18:56:04.900000+00:00,52.2345999,21.0539458,86.2,8.0,-0.304,-0.055,0.957,0,9.568823461292936,7.0,7.703356973500332,-1.0,3.0,52.234531,21.053934,7.0
6624,2026-05-11 18:56:05.400000+00:00,52.2345931,21.0539529,86.2,5.02,-0.306,-0.049,0.928,0,6.461980724220288,7.0,7.0241308563162645,-1.0,3.0,52.234531,21.053934,7.0
6629,2026-05-11 18:56:05.900000+00:00,52.2345903,21.0539571,86.3,1.73,-0.313,-0.026,0.941,0,3.044003625772047,7.0,6.778907833675312,-1.0,3.0,52.234531,21.053934,7.0
6634,2026-05-11 18:56:06.400000+00:00,52.2345897,21.0539597,86.2,0.25,-0.235,-0.04,0.952,0,1.3623147180451802,7.0,6.757706960809373,-1.0,3.0,52.234531,21.053934,7.0
6639,2026-05-11 18:56:06.900000+00:00,52.2345895,21.0539622,86.3,0.06,-0.146,-0.041,0.962,0,1.2361976300604118,7.0,6.782454288569782,-1.0,3.0,52.234531,21.053934,7.0
6644,2026-05-11 18:56:07.400000+00:00,52.2345889,21.0539643,86.5,0.12,-0.135,-0.043,0.965,0,1.136197239274218,7.0,6.760760223099811,-1.0,3.0,52.234531,21.053934,7.0
6649,2026-05-11 18:56:07.900000+00:00,52.2345883,21.0539662,86.7,0.07,-0.14,-0.039,0.966,0,1.048149944866276,7.0,6.738246063166984,-1.0,3.0,52.234531,21.053934,7.0
6654,2026-05-11 18:56:08.400000+00:00,52.2345874,21.0539685,86.9,0.11,-0.139,-0.039,0.965,0,1.3382590850079013,7.0,6.6970260575897465,-1.0,3.0,52.234531,21.053934,7.0
6659,2026-05-11 18:56:08.900000+00:00,52.2345864,21.0539708,87.2,0.12,-0.135,-0.04,0.967,0,1.383011555643366,7.0,6.650438385191784,-1.0,3.0,52.234531,21.053934,7.0
6664,2026-05-11 18:56:09.400000+00:00,52.2345854,21.0539728,87.5,0.12,-0.14,-0.04,0.964,0,1.2659366023903786,7.0,6.6009028574303406,-1.0,3.0,52.234531,21.053934,7.0
6669,2026-05-11 18:56:09.900000+00:00,52.2345844,21.0539749,87.8,0.05,-0.138,-0.038,0.966,0,1.3042862251936476,7.0,6.558599186234147,-1.0,3.0,52.234531,21.053934,7.0
6674,2026-05-11 18:56:10.400000+00:00,52.2345832,21.053977,88.1,0.12,-0.136,-0.04,0.964,0,1.4082569438702792,7.0,6.501192046989327,-1.0,3.0,52.234531,21.053934,7.0
6679,2026-05-11 18:56:10.900000+00:00,52.234582,21.0539791,88.4,0.08,-0.142,-0.04,0.966,0,1.4082569630827688,7.0,6.449208070702831,-1.0,3.0,52.234531,21.053934,7.0
6684,2026-05-11 18:56:11.400000+00:00,52.2345809,21.0539814,88.7,0.05,-0.138,-0.039,0.965,0,1.4308473431323128,7.0,6.419236478834775,-1.0,3.0,52.234531,21.053934,7.0
6689,2026-05-11 18:56:11.900000+00:00,52.2345799,21.0539836,89.1,0.12,-0.141,-0.04,0.966,0,1.3433309248328442,7.0,6.401144004080168,-1.0,3.0,52.234531,21.053934,7.0
6694,2026-05-11 18:56:12.400000+00:00,52.2345789,21.0539854,89.3,0.21,-0.143,-0.038,0.965,0,1.1915897323955662,7.0,6.3734508695459775,-1.0,3.0,52.234531,21.053934,7.0
6699,2026-05-11 18:56:12.900000+00:00,52.234578,21.0539873,89.6,0.14,-0.14,-0.037,0.966,0,1.1777323017597428,7.0,6.3629692131565,-1.0,3.0,52.234531,21.053934,7.0
6704,2026-05-11 18:56:13.400000+00:00,52.2345771,21.0539889,89.9,0.06,-0.139,-0.038,0.967,0,1.0651880301906544,7.0,6.344620943944294,-1.0,3.0,52.234531,21.053934,7.0
6709,2026-05-11 18:56:13.900000+00:00,52.2345762,21.05399,90.2,0.09,-0.139,-0.038,0.964,0,0.9000419240656885,7.0,6.309038573328587,-1.0,3.0,52.234531,21.053934,7.0
6714,2026-05-11 18:56:14.400000+00:00,52.2345752,21.0539915,90.4,0.08,-0.143,-0.043,0.966,0,1.0871443298534749,7.0,6.283958316559652,-1.0,3.0,52.234531,21.053934,7.0
6719,2026-05-11 18:56:14.900000+00:00,52.2345746,21.0539929,90.7,0.19,-0.139,-0.04,0.966,0,0.8378224463965472,7.0,6.292257671459336,-1.0,3.0,52.234531,21.053934,7.0
6724,2026-05-11 18:56:15.400000+00:00,52.2345736,21.0539945,91.0,0.14,-0.14,-0.04,0.965,0,1.120896593210075,7.0,6.277949537048231,-1.0,3.0,52.234531,21.053934,7.0
6729,2026-05-11 18:56:15.900000+00:00,52.2345729,21.053996,91.3,0.07,-0.14,-0.038,0.966,0,0.9246568187605384,7.0,6.287562437055009,-1.0,3.0,52.234531,21.053934,7.0
6734,2026-05-11 18:56:16.400000+00:00,52.2345719,21.0539974,91.6,0.08,-0.139,-0.041,0.968,0,1.0545921980638366,7.0,6.270871987320917,-1.0,3.0,52.234531,21.053934,7.0
6739,2026-05-11 18:56:16.900000+00:00,52.2345711,21.0539988,91.8,0.12,-0.14,-0.041,0.967,0,0.9388381016749046,7.0,6.273353657650614,-1.0,3.0,52.234531,21.053934,7.0
6744,2026-05-11 18:56:17.400000+00:00,52.2345702,21.054,92.0,0.08,-0.146,-0.047,0.969,0,0.9302522601301546,7.0,6.261024429102688,-1.0,3.0,52.234531,21.053934,7.0
6749,2026-05-11 18:56:17.900000+00:00,52.2345695,21.0540014,92.2,0.11,-0.138,-0.028,0.962,0,0.8861558170808042,7.0,6.276466442235918,-1.0,3.0,52.234531,21.053934,7.0
6754,2026-05-11 18:56:18.400000+00:00,52.2345686,21.054003,92.3,0.13,-0.136,-0.034,0.968,0,1.065188140831862,7.0,6.289617381623806,-1.0,3.0,52.234531,21.053934,7.0
6759,2026-05-11 18:56:18.900000+00:00,52.2345674,21.0540051,92.4,0.85,-0.076,-0.042,0.973,0,1.4082572107073803,7.0,6.310763360987682,-1.0,3.0,52.234531,21.053934,7.0
6764,2026-05-11 18:56:19.400000+00:00,52.2345658,21.0540076,92.6,1.43,-0.093,-0.035,0.977,0,1.7729693334301344,7.0,6.332046024563427,-1.0,3.0,52.234531,21.053934,7.0
6769,2026-05-11 18:56:19.900000+00:00,52.2345628,21.0540109,92.7,2.33,-0.102,-0.027,0.968,0,2.8959855503141063,7.0,6.318831510984229,-1.0,3.0,52.234531,21.053934,7.0
6774,2026-05-11 18:56:20.400000+00:00,52.2345594,21.0540138,92.7,2.41,-0.105,-0.027,0.973,0,3.07105754194781,7.0,6.285246542082099,-1.0,3.0,52.234531,21.053934,7.0
6779,2026-05-11 18:56:20.900000+00:00,52.2345548,21.0540162,92.6,3.5,-0.078,-0.021,0.958,0,3.866210966024362,7.0,6.191806485132301,-1.0,3.0,52.234531,21.053934,7.0
6784,2026-05-11 18:56:21.400000+00:00,52.2345498,21.054022,92.6,4.48,-0.068,-0.012,0.985,0,4.910342638108494,7.0,6.34687521349875,-1.0,3.0,52.234531,21.053934,7.0
6789,2026-05-11 18:56:21.900000+00:00,52.2345425,21.0540271,92.4,6.19,-0.055,-0.029,0.981,0,6.3568924235188655,7.0,6.467705062841272,-1.0,3.0,52.234531,21.053934,7.0
6794,2026-05-11 18:56:22.400000+00:00,52.2345343,21.0540342,92.1,7.22,-0.034,-0.029,0.972,0,7.430848601366263,7.0,6.833397881404963,-1.0,3.0,52.234531,21.053934,7.0
6799,2026-05-11 18:56:22.900000+00:00,52.234523,21.0540409,91.5,9.58,-0.014,-0.049,0.962,0,9.62480409262324,7.0,7.333952802136516,-1.0,3.0,52.234531,21.053934,7.0
6804,2026-05-11 18:56:23.400000+00:00,52.2345104,21.0540504,91.1,10.99,-0.019,-0.047,0.982,0,11.111101837518325,7.0,8.251075488476397,-1.0,3.0,52.234531,21.053934,7.0
6809,2026-05-11 18:56:23.900000+00:00,52.2344956,21.0540628,90.7,13.71,-0.008,-0.065,0.994,0,13.317745809009809,7.0,9.61395057269446,-1.0,3.0,52.234531,21.053934,7.0
6814,2026-05-11 18:56:24.400000+00:00,52.2344783,21.0540762,90.4,15.74,-0.014,-0.034,0.97,0,15.329789091105534,7.0,11.318724773361588,-1.0,3.0,52.234531,21.053934,7.0
6819,2026-05-11 18:56:24.900000+00:00,52.2344588,21.0540931,90.1,18.14,0.001,-0.085,0.96,0,17.674569548938532,7.0,13.48486258558978,-1.0,3.0,52.234531,21.053934,7.0
6824,2026-05-11 18:56:25.400000+00:00,52.2344362,21.0541135,89.9,20.17,-0.022,-0.089,0.989,0,20.67433956618854,7.0,16.14126028149407,-1.0,3.0,52.234531,21.053934,7.0
6829,2026-05-11 18:56:25.900000+00:00,52.2344114,21.0541321,89.5,20.99,-0.042,-0.079,0.953,0,21.84929352146301,7.0,18.943437224054637,-1.0,3.0,52.234531,21.053934,7.0
6834,2026-05-11 18:56:26.400000+00:00,52.2343844,21.0541489,89.2,22.95,-0.065,-0.075,0.971,0,23.132602784154976,7.0,21.90657693201524,-1.0,3.0,52.234531,21.053934,7.0
6839,2026-05-11 18:56:26.900000+00:00,52.2343548,21.0541672,88.8,25.09,-0.072,-0.109,0.974,0,25.33968262805092,7.0,25.22035855612289,-1.0,3.0,52.234531,21.053934,7.0
6844,2026-05-11 18:56:27.400000+00:00,52.2343248,21.0541847,88.5,25.57,-0.071,-0.095,0.967,0,25.50480164632849,7.0,28.58639063529858,-1.0,3.0,52.234531,21.053934,7.0
6849,2026-05-11 18:56:27.900000+00:00,52.2342927,21.0542051,88.4,27.48,-0.071,-0.098,0.959,0,27.57728924410516,7.0,32.29499426939012,-1.0,3.0,52.234531,21.053934,7.0
6854,2026-05-11 18:56:28.400000+00:00,52.2342563,21.0542266,88.6,29.93,-0.08,-0.043,0.969,0,30.990064212452356,7.0,36.46989110756737,-1.0,3.0,52.234531,21.053934,7.0
6859,2026-05-11 18:56:28.900000+00:00,52.2342239,21.0542433,88.2,28.26,-0.088,-0.029,0.984,0,27.20126182835775,7.0,40.12156149903431,-1.0,3.0,52.234531,21.053934,7.0
6864,2026-05-11 18:56:29.400000+00:00,52.2341906,21.0542604,88.0,28.33,-0.079,-0.038,0.955,0,27.94744036107941,7.0,43.894742466826166,-1.0,3.0,52.234531,21.053934,7.0
6869,2026-05-11 18:56:29.900000+00:00,52.2341524,21.054282,87.8,32.18,-0.094,-0.013,0.972,0,32.364945148081155,7.0,48.31045201792188,-1.0,3.0,52.234531,21.053934,7.0
6874,2026-05-11 18:56:30.400000+00:00,52.2341121,21.0543033,87.4,33.67,-0.101,-0.027,0.986,0,33.91251978508939,7.0,52.93519293474661,-1.0,3.0,52.234531,21.053934,7.0
6879,2026-05-11 18:56:30.900000+00:00,52.2340713,21.0543236,87.2,33.4,-0.141,-0.047,0.938,0,34.14746250327255,7.0,57.59168135115178,-1.0,3.0,52.234531,21.053934,7.0
6884,2026-05-11 18:56:31.400000+00:00,52.2340313,21.054347,86.9,33.35,-0.169,-0.036,0.97,0,34.01743835715083,7.0,62.27673997721792,-1.0,3.0,52.234531,21.053934,7.0
6889,2026-05-11 18:56:31.900000+00:00,52.2339931,21.0543657,86.4,31.27,-0.159,-0.041,0.947,0,31.927939825151284,7.0,66.64625392095807,-1.0,3.0,52.234531,21.053934,7.0
6894,2026-05-11 18:56:32.400000+00:00,52.2339529,21.0543832,85.9,31.81,-0.162,-0.043,0.956,0,33.30845779450214,7.0,71.1893110025596,-1.0,3.0,52.234531,21.053934,7.0
6899,2026-05-11 18:56:32.900000+00:00,52.2339126,21.0544028,85.3,30.61,-0.165,-0.046,0.955,0,33.66517430185096,7.0,75.81263579552348,-1.0,3.0,52.234531,21.053934,7.0
6904,2026-05-11 18:56:33.400000+00:00,52.2338719,21.0544186,84.8,31.47,-0.157,-0.042,0.942,0,33.492847182157234,,80.37592195221065,-1.0,3.0,52.234531,21.053934,7.0
6909,2026-05-11 18:56:33.900000+00:00,52.2338309,21.0544375,84.5,31.31,-0.162,-0.038,1.004,0,34.107806672618764,,85.06424276865037,-1.0,3.0,52.234531,21.053934,7.0
6914,2026-05-11 18:56:34.400000+00:00,52.2337878,21.0544614,84.8,32.85,-0.11,-0.035,0.899,0,36.441632941835685,,90.10730688346978,-1.0,3.0,52.234531,21.053934,7.0
6919,2026-05-11 18:56:34.900000+00:00,52.2337443,21.0544835,84.5,32.74,-0.125,-0.026,0.994,0,36.473133565404325,,95.14490571551346,-1.0,3.0,52.234531,21.053934,7.0
6924,2026-05-11 18:56:35.400000+00:00,52.2336998,21.0545051,84.2,31.72,-0.142,-0.022,0.976,0,37.16774945188218,,100.27459733654064,-1.0,3.0,52.234531,21.053934,7.0
6929,2026-05-11 18:56:35.900000+00:00,52.2336588,21.0545299,84.2,32.7,-0.1,-0.021,0.926,0,35.00471270485194,,105.13197267534017,-1.0,3.0,52.234531,21.053934,7.0
6934,2026-05-11 18:56:36.400000+00:00,52.2336159,21.0545548,83.9,33.83,-0.15,-0.018,0.996,0,36.45135723885655,,110.18742565466952,-1.0,3.0,52.234531,21.053934,7.0
6939,2026-05-11 18:56:36.900000+00:00,52.2335733,21.0545796,83.7,33.34,-0.148,-0.031,0.952,0,36.20864644079727,,115.2100815898418,-1.0,3.0,52.234531,21.053934,7.0
6944,2026-05-11 18:56:37.400000+00:00,52.2335318,21.0546043,83.6,33.09,-0.153,-0.025,0.944,0,35.36354801667946,,120.11753388816471,-1.0,3.0,52.234531,21.053934,7.0
6949,2026-05-11 18:56:37.900000+00:00,52.2334902,21.0546271,83.4,32.46,-0.168,-0.029,0.977,0,35.13131668505645,,124.98668457023558,-1.0,3.0,52.234531,21.053934,7.0
6954,2026-05-11 18:56:38.400000+00:00,52.23345,21.0546479,83.1,31.74,-0.229,-0.025,0.932,0,33.76154094128415,,129.66119942938414,-1.0,3.0,52.234531,21.053934,7.0
6959,2026-05-11 18:56:38.900000+00:00,52.2334154,21.0546678,82.9,27.63,-0.293,-0.02,0.929,0,29.369157929238643,,133.7361263967218,-1.0,3.0,52.234531,21.053934,7.0
6964,2026-05-11 18:56:39.400000+00:00,52.2333843,21.054688,82.5,26.69,-0.286,-0.021,0.959,0,26.79644977802509,,137.45782139251972,-1.0,3.0,52.234531,21.053934,7.0
6969,2026-05-11 18:56:39.900000+00:00,52.2333531,21.0547062,82.5,25.25,-0.306,-0.019,0.953,0,26.525059392330142,,141.13903034270845,-1.0,3.0,52.234531,21.053934,7.0
6974,2026-05-11 18:56:40.400000+00:00,52.2333247,21.0547205,82.4,20.73,-0.288,-0.015,0.935,0,23.793720627976334,,144.43268663803212,-1.0,3.0,52.234531,21.053934,7.0
6979,2026-05-11 18:56:40.900000+00:00,52.2333013,21.0547333,82.1,17.46,-0.246,-0.014,0.955,0,19.75747718366557,,147.17246214490885,-1.0,3.0,52.234531,21.053934,7.0
6984,2026-05-11 18:56:41.400000+00:00,52.2332822,21.0547432,81.5,13.91,-0.289,-0.012,0.941,0,16.043518298187003,,149.39512604912318,-1.0,3.0,52.234531,21.053934,7.0
6989,2026-05-11 18:56:41.900000+00:00,52.2332632,21.0547552,81.5,13.19,-0.331,-0.007,0.929,0,16.309794887512425,,151.66029092354026,-1.0,3.0,52.234531,21.053934,7.0
6994,2026-05-11 18:56:42.400000+00:00,52.233248,21.0547649,81.5,10.07,-0.333,-0.018,0.953,0,13.065605737940553,,153.47493535770397,-1.0,3.0,52.234531,21.053934,7.0
6999,2026-05-11 18:56:42.900000+00:00,52.2332364,21.0547722,81.4,6.79,-0.319,-0.018,0.946,0,9.95291211491241,,154.85721958279396,-1.0,3.0,52.234531,21.053934,7.0
7004,2026-05-11 18:56:43.400000+00:00,52.2332284,21.0547791,81.6,4.47,-0.278,-0.015,0.945,0,7.243501414921921,,155.8573862237178,-1.0,3.0,52.234531,21.053934,7.0
7009,2026-05-11 18:56:43.900000+00:00,52.2332234,21.0547845,81.4,2.6,-0.215,-0.02,0.955,0,4.799464249005839,,156.50992031511694,-1.0,3.0,52.234531,21.053934,7.0
7014,2026-05-11 18:56:44.400000+00:00,52.2332186,21.0547883,81.4,1.57,-0.2,-0.019,0.958,0,4.270778732618053,,157.101536683368,-1.0,3.0,52.234531,21.053934,7.0
7019,2026-05-11 18:56:44.900000+00:00,52.233216,21.0547933,81.4,1.2,-0.13,-0.026,0.966,0,3.2161288868569526,,157.49632339218417,-1.0,3.0,52.234531,21.053934,7.0
7024,2026-05-11 18:56:45.400000+00:00,52.2332131,21.0547966,81.2,1.66,-0.107,-0.027,0.971,0,2.8299684872117883,,157.87922916909508,-1.0,3.0,52.234531,21.053934,7.0
7029,2026-05-11 18:56:45.900000+00:00,52.2332093,21.0548003,81.2,2.16,-0.099,-0.028,0.972,0,3.542164440425305,,158.3652042724455,-1.0,3.0,52.234531,21.053934,7.0
7034,2026-05-11 18:56:46.400000+00:00,52.2332053,21.0548038,81.3,2.67,-0.094,-0.025,0.972,0,3.633266871207443,,158.86677206417957,-1.0,3.0,52.234531,21.053934,7.0
7039,2026-05-11 18:56:46.900000+00:00,52.2332004,21.0548083,81.4,2.84,-0.067,-0.022,0.974,0,4.500904884752161,,159.486620765298,-1.0,3.0,52.234531,21.053934,7.0
7044,2026-05-11 18:56:47.400000+00:00,52.2331941,21.0548135,81.5,4.88,-0.046,-0.033,0.979,0,5.651633383799751,,160.2687187627335,-1.0,3.0,52.234531,21.053934,7.0
7049,2026-05-11 18:56:47.900000+00:00,52.2331849,21.0548204,81.8,7.17,-0.032,-0.033,0.98,0,8.105422351945304,,161.393206130074,-1.0,3.0,52.234531,21.053934,7.0
7054,2026-05-11 18:56:48.400000+00:00,52.2331739,21.0548284,82.0,8.93,-0.026,-0.034,0.986,0,9.640742932509658,,162.73135182082504,-1.0,3.0,52.234531,21.053934,7.0
7059,2026-05-11 18:56:48.900000+00:00,52.2331621,21.0548362,82.1,9.72,-0.02,-0.029,0.976,0,10.191928894601515,,164.1468967332579,-1.0,3.0,52.234531,21.053934,7.0
7064,2026-05-11 18:56:49.400000+00:00,52.2331471,21.0548475,82.3,13.15,-0.006,-0.014,0.977,0,13.225616481895194,,165.98163932105467,-1.0,3.0,52.234531,21.053934,7.0
7069,2026-05-11 18:56:49.900000+00:00,52.2331318,21.0548604,82.5,13.15,-0.011,-0.017,0.989,0,13.78595347366417,,167.8882639725188,-1.0,3.0,52.234531,21.053934,7.0
7074,2026-05-11 18:56:50.400000+00:00,52.2331119,21.0548766,82.7,16.82,-0.018,-0.022,0.979,0,17.80240409206709,,170.35354678514142,-1.0,3.0,52.234531,21.053934,7.0
7079,2026-05-11 18:56:50.900000+00:00,52.2330887,21.054894,82.7,19.43,-0.003,-0.009,0.977,0,20.43976785690233,,173.18967056117413,-1.0,3.0,52.23118,21.056043,8.0
7084,2026-05-11 18:56:51.400000+00:00,52.2330671,21.0549126,82.9,19.09,-0.031,-0.024,0.975,0,19.55060232978824,,175.8921393279524,-1.0,3.0,52.23118,21.056043,8.0
7089,2026-05-11 18:56:51.900000+00:00,52.2330429,21.0549259,82.7,20.49,-0.049,-0.029,0.974,0,20.44269741648649,,178.72569985465722,-1.0,3.0,52.23118,21.056043,8.0
7094,2026-05-11 18:56:52.400000+00:00,52.2330172,21.0549477,82.7,22.64,-0.065,-0.041,0.956,0,23.186435642009226,,181.93278610883596,-1.0,3.0,52.23118,21.056043,8.0
7099,2026-05-11 18:56:52.900000+00:00,52.2329887,21.0549688,82.6,25.62,-0.067,-0.085,0.973,0,25.053222871069096,,185.41012456286637,-1.0,3.0,52.23118,21.056043,8.0
7104,2026-05-11 18:56:53.400000+00:00,52.2329584,21.0549907,82.9,26.34,-0.08,-0.07,0.987,0,26.528749799255746,,189.09336969375295,-1.0,3.0,52.23118,21.056043,8.0
7109,2026-05-11 18:56:53.900000+00:00,52.232926,21.0550131,83.1,27.59,-0.058,-0.055,0.964,0,28.169063343723685,,193.00554258988976,-1.0,3.0,52.23118,21.056043,8.0
7114,2026-05-11 18:56:54.400000+00:00,52.232891,21.0550371,83.2,30.27,-0.071,-0.061,0.962,0,30.391912969880888,,197.226540430158,-1.0,3.0,52.23118,21.056043,8.0
7119,2026-05-11 18:56:54.900000+00:00,52.232854,21.0550609,83.1,31.43,-0.068,-0.059,0.965,0,31.8381723548402,,197.7920215130993,-1.0,3.0,52.23118,21.056043,8.0
7124,2026-05-11 18:56:55.400000+00:00,52.2328168,21.055085,83.3,31.11,-0.079,-0.052,0.965,0,32.04116582657437,,193.3443031215157,-1.0,3.0,52.23118,21.056043,8.0
7129,2026-05-11 18:56:55.900000+00:00,52.2327773,21.0551129,83.4,34.11,-0.088,-0.045,0.974,0,34.45602524664484,,188.5688149421914,-1.0,3.0,52.23118,21.056043,8.0
7134,2026-05-11 18:56:56.400000+00:00,52.2327381,21.0551363,83.3,33.13,-0.089,-0.026,0.964,0,33.41529866265726,,183.927950548451,-1.0,3.0,52.23118,21.056043,8.0
7139,2026-05-11 18:56:56.900000+00:00,52.2326983,21.0551606,83.2,33.25,-0.092,-0.049,0.961,0,34.018902996136674,,179.20368225798634,-1.0,3.0,52.23118,21.056043,8.0
7144,2026-05-11 18:56:57.400000+00:00,52.2326578,21.0551829,82.9,32.88,-0.113,-0.026,0.965,0,34.21851571076755,,174.45179301394984,-1.0,3.0,52.23118,21.056043,8.0
7149,2026-05-11 18:56:57.900000+00:00,52.2326169,21.0552064,82.7,33.43,-0.127,-0.049,0.968,0,34.71297794082841,,169.6305869545806,-1.0,3.0,52.23118,21.056043,8.0
7154,2026-05-11 18:56:58.400000+00:00,52.2325766,21.0552283,82.5,33.26,-0.117,-0.04,0.958,0,34.00438886540005,,164.90885203014665,-1.0,3.0,52.23118,21.056043,8.0
7159,2026-05-11 18:56:58.900000+00:00,52.2325354,21.0552525,82.6,33.83,-0.121,-0.032,0.967,0,35.05433284831422,,160.04020659607534,-1.0,3.0,52.23118,21.056043,8.0
7164,2026-05-11 18:56:59.400000+00:00,52.2324987,21.0552714,82.2,31.4,-0.136,-0.036,0.952,0,30.80900056892305,,155.7642783690944,-1.0,3.0,52.23118,21.056043,8.0
7169,2026-05-11 18:56:59.900000+00:00,52.2324623,21.0552963,82.1,31.05,-0.155,-0.032,0.991,0,31.59625501114381,,151.38216198621237,-1.0,3.0,52.23118,21.056043,8.0
7174,2026-05-11 18:57:00.400000+00:00,52.2324213,21.0553255,82.4,34.72,-0.127,-0.037,0.907,0,35.81151310635508,,146.42047901134328,-1.0,3.0,52.23118,21.056043,8.0
7179,2026-05-11 18:57:00.900000+00:00,52.2323807,21.055349,82.5,34.23,-0.156,-0.032,0.99,0,34.48652830240998,,141.6306838576422,-1.0,3.0,52.23118,21.056043,8.0
7184,2026-05-11 18:57:01.400000+00:00,52.2323408,21.0553749,82.5,33.98,-0.156,-0.04,0.969,0,34.375980034683806,,136.85983931843322,-1.0,3.0,52.23118,21.056043,8.0
7189,2026-05-11 18:57:01.900000+00:00,52.2323025,21.0554018,82.4,33.48,-0.15,-0.064,0.928,0,33.37971595660795,,132.2346379109051,-1.0,3.0,52.23118,21.056043,8.0
7194,2026-05-11 18:57:02.400000+00:00,52.2322634,21.0554273,82.4,33.66,-0.194,-0.078,0.974,0,33.70840005150232,,127.55749934927354,-1.0,3.0,52.23118,21.056043,8.0
7199,2026-05-11 18:57:02.900000+00:00,52.2322251,21.0554506,82.7,32.39,-0.233,-0.075,0.97,0,32.72239349950679,,123.01383230209008,-1.0,3.0,52.23118,21.056043,8.0
7204,2026-05-11 18:57:03.400000+00:00,52.2321869,21.0554711,82.9,31.16,-0.185,-0.072,0.926,0,32.192625673323285,,118.54327359211364,-1.0,3.0,52.23118,21.056043,8.0
7209,2026-05-11 18:57:03.900000+00:00,52.2321505,21.055489,82.5,29.18,-0.225,-0.044,0.952,0,30.43503779485692,,114.3200945314552,-1.0,3.0,52.23118,21.056043,8.0
7214,2026-05-11 18:57:04.400000+00:00,52.2321146,21.0555079,82.4,28.53,-0.244,0.012,0.959,0,30.198819571344583,,110.12711305569265,-1.0,3.0,52.23118,21.056043,8.0
7219,2026-05-11 18:57:04.900000+00:00,52.2320812,21.0555267,82.2,26.46,-0.252,0.016,0.934,0,28.284537369966124,,106.19876209910925,-1.0,3.0,52.23118,21.056043,8.0
7224,2026-05-11 18:57:05.400000+00:00,52.2320509,21.0555414,81.7,24.74,-0.258,-0.006,0.951,0,25.30651956542178,,102.68826683417952,-1.0,3.0,52.23118,21.056043,8.0
7229,2026-05-11 18:57:05.900000+00:00,52.2320246,21.0555584,81.4,21.24,-0.259,-0.019,0.958,0,22.6458700306621,,99.54532812159805,-1.0,3.0,52.23118,21.056043,8.0
7234,2026-05-11 18:57:06.400000+00:00,52.2319998,21.0555731,81.0,20.4,-0.234,-0.024,0.962,0,21.122862883969503,,96.61175758596656,-1.0,3.0,52.23118,21.056043,8.0
7239,2026-05-11 18:57:06.900000+00:00,52.2319777,21.0555853,80.7,18.51,-0.215,-0.022,0.941,0,18.67727463620301,,94.017870574159,-1.0,3.0,52.23118,21.056043,8.0
7244,2026-05-11 18:57:07.400000+00:00,52.2319579,21.0555957,80.6,15.29,-0.214,-0.014,0.957,0,16.6520211963797,,91.7059349167702,-1.0,3.0,52.23118,21.056043,8.0
7249,2026-05-11 18:57:07.900000+00:00,52.2319394,21.0556108,80.9,16.25,-0.194,-0.023,0.965,0,16.55875564782203,,89.42449839847912,-1.0,3.0,52.23118,21.056043,8.0
7254,2026-05-11 18:57:08.400000+00:00,52.2319207,21.0556257,81.0,14.63,-0.206,-0.018,0.951,0,16.65888964127992,,87.12744657096704,-1.0,3.0,52.23118,21.056043,8.0
7259,2026-05-11 18:57:08.900000+00:00,52.231903,21.0556384,81.1,13.78,-0.214,-0.013,0.949,0,15.47863665931847,,84.98500244495068,-1.0,3.0,52.23118,21.056043,8.0
7264,2026-05-11 18:57:09.400000+00:00,52.2318874,21.0556479,81.2,11.8,-0.207,-0.02,0.968,0,13.329848597090512,,83.13431390968289,-1.0,3.0,52.23118,21.056043,8.0
7269,2026-05-11 18:57:09.900000+00:00,52.2318726,21.0556579,81.3,11.5,-0.208,-0.03,0.955,0,12.823449028772089,,81.35686314472447,-1.0,3.0,52.23118,21.056043,8.0
7274,2026-05-11 18:57:10.400000+00:00,52.2318596,21.0556653,81.4,10.14,-0.242,-0.018,0.951,0,11.022230377899255,8.0,79.82603855895199,-1.0,3.0,52.23118,21.056043,8.0
7279,2026-05-11 18:57:10.900000+00:00,52.2318497,21.0556691,81.2,6.6,-0.265,-0.022,0.948,0,8.14205008798161,8.0,78.70061224700594,-1.0,3.0,52.23118,21.056043,8.0
7284,2026-05-11 18:57:11.400000+00:00,52.2318409,21.0556715,81.0,5.02,-0.288,-0.017,0.947,0,7.142920856625584,8.0,77.72201668832608,-1.0,3.0,52.23118,21.056043,8.0
7289,2026-05-11 18:57:11.900000+00:00,52.2318338,21.0556763,81.1,2.66,-0.303,-0.015,0.939,0,6.152297476454468,8.0,76.86913782586399,-1.0,3.0,52.23118,21.056043,8.0
7294,2026-05-11 18:57:12.400000+00:00,52.2318306,21.0556813,81.3,0.6,-0.272,-0.018,0.95,0,3.546043074551112,8.0,76.4222656841513,-1.0,3.0,52.23118,21.056043,8.0
7299,2026-05-11 18:57:12.900000+00:00,52.2318289,21.0556855,81.7,0.14,-0.146,-0.027,0.96,0,2.468543000670226,8.0,76.1514147519944,-1.0,3.0,52.23118,21.056043,8.0
7304,2026-05-11 18:57:13.400000+00:00,52.2318267,21.0556881,82.1,0.08,-0.132,-0.024,0.975,0,2.174311609300859,8.0,75.86306623700773,-1.0,3.0,52.23118,21.056043,8.0
7309,2026-05-11 18:57:13.900000+00:00,52.2318248,21.0556903,82.4,0.14,-0.129,-0.025,0.968,0,1.8648333546159392,8.0,75.6151069820876,-1.0,3.0,52.23118,21.056043,8.0
7314,2026-05-11 18:57:14.400000+00:00,52.2318231,21.0556919,82.5,0.05,-0.132,-0.025,0.968,0,1.5709586314351875,8.0,75.401264727244,-1.0,3.0,52.23118,21.056043,8.0
7319,2026-05-11 18:57:14.900000+00:00,52.2318213,21.0556938,82.7,0.06,-0.133,-0.024,0.967,0,1.716015248085175,8.0,75.17043358654382,-1.0,3.0,52.23118,21.056043,8.0
7324,2026-05-11 18:57:15.400000+00:00,52.2318196,21.0556958,82.9,0.01,-0.131,-0.025,0.967,0,1.6775401325925725,8.0,74.94805171416924,-1.0,3.0,52.23118,21.056043,8.0
7329,2026-05-11 18:57:15.900000+00:00,52.2318181,21.0556975,83.1,0.12,-0.132,-0.025,0.967,0,1.4618609036438617,8.0,74.753273063318,-1.0,3.0,52.23118,21.056043,8.0
7334,2026-05-11 18:57:16.400000+00:00,52.2318164,21.0556994,83.3,0.2,-0.131,-0.023,0.97,0,1.6493545580883626,8.0,74.53314737179858,-1.0,3.0,52.23118,21.056043,8.0
7339,2026-05-11 18:57:16.900000+00:00,52.2318149,21.0557011,83.6,0.14,-0.131,-0.024,0.97,0,1.4618609328348406,8.0,74.33846179838373,-1.0,3.0,52.23118,21.056043,8.0
7344,2026-05-11 18:57:17.400000+00:00,52.2318129,21.055703,83.8,0.02,-0.131,-0.023,0.965,0,1.852523349359793,8.0,74.08675162016841,-1.0,3.0,52.23118,21.056043,8.0
7349,2026-05-11 18:57:17.900000+00:00,52.2318111,21.0557047,84.1,0.09,-0.129,-0.024,0.968,0,1.6648104315550878,8.0,73.86045780172657,-1.0,3.0,52.23118,21.056043,8.0
7354,2026-05-11 18:57:18.400000+00:00,52.2318096,21.055706,84.3,0.33,-0.133,-0.026,0.967,0,1.3596001733146272,8.0,73.67437777997637,-1.0,3.0,52.23118,21.056043,8.0
7359,2026-05-11 18:57:18.900000+00:00,52.2318078,21.0557067,84.4,0.1,-0.133,-0.026,0.967,0,1.4813993180372964,8.0,73.46933761475178,-1.0,3.0,52.23118,21.056043,8.0
7364,2026-05-11 18:57:19.400000+00:00,52.2318063,21.0557073,84.5,0.08,-0.134,-0.024,0.966,0,1.2364185387768962,8.0,73.298119802384,-1.0,3.0,52.23118,21.056043,8.0
7369,2026-05-11 18:57:19.900000+00:00,52.2318049,21.0557083,84.6,0.08,-0.129,-0.023,0.966,0,1.223409461215895,8.0,73.12897278120214,-1.0,3.0,52.23118,21.056043,8.0
7374,2026-05-11 18:57:20.400000+00:00,52.2318037,21.0557094,84.8,0.2,-0.128,-0.023,0.97,0,1.1017805259030022,8.0,72.97884177301341,-1.0,3.0,52.23118,21.056043,8.0
7379,2026-05-11 18:57:20.900000+00:00,52.2318024,21.0557105,85.0,0.14,-0.135,-0.025,0.969,0,1.17224648732021,8.0,72.81815456527377,-1.0,3.0,52.23118,21.056043,8.0
7384,2026-05-11 18:57:21.400000+00:00,52.2318015,21.055712,85.2,0.06,-0.132,-0.028,0.967,0,1.0296440493233492,8.0,72.69130326474139,-1.0,3.0,52.23118,21.056043,8.0
7389,2026-05-11 18:57:21.900000+00:00,52.2318008,21.0557134,85.3,0.15,-0.135,-0.025,0.968,0,0.8861889826669817,8.0,72.58776698819098,-1.0,3.0,52.23118,21.056043,8.0
7394,2026-05-11 18:57:22.400000+00:00,52.2318004,21.0557146,85.5,0.3,-0.134,-0.023,0.966,0,0.6699139050649706,8.0,72.52022487439999,-1.0,3.0,52.23118,21.056043,8.0
7399,2026-05-11 18:57:22.900000+00:00,52.2318001,21.0557155,85.6,0.35,-0.135,-0.026,0.968,0,0.5024354296102094,8.0,72.46960537393215,-1.0,3.0,52.23118,21.056043,8.0
7404,2026-05-11 18:57:23.400000+00:00,52.2317994,21.0557164,85.8,0.12,-0.141,-0.029,0.969,0,0.713321618145984,8.0,72.37669094435357,-1.0,3.0,52.23118,21.056043,8.0
7409,2026-05-11 18:57:23.900000+00:00,52.2317984,21.0557177,85.9,0.12,-0.123,-0.02,0.969,0,1.0233794142479695,8.0,72.24368607472049,-1.0,3.0,52.23118,21.056043,8.0
7414,2026-05-11 18:57:24.400000+00:00,52.2317978,21.0557189,86.0,0.09,-0.135,-0.029,0.966,0,0.7595905863933587,8.0,72.15514479835876,-1.0,3.0,52.23118,21.056043,8.0
7419,2026-05-11 18:57:24.900000+00:00,52.2317972,21.0557201,86.2,0.18,-0.134,-0.025,0.967,0,0.7595905925540485,8.0,72.0666491805904,-1.0,3.0,52.23118,21.056043,8.0
7424,2026-05-11 18:57:25.400000+00:00,52.2317964,21.0557217,86.3,0.14,-0.14,-0.026,0.968,0,1.01278746779827,8.0,71.94872633898792,-1.0,3.0,52.23118,21.056043,8.0
7429,2026-05-11 18:57:25.900000+00:00,52.2317959,21.0557231,86.5,0.05,-0.119,-0.02,0.969,0,0.7946692383321582,8.0,71.8668031496169,-1.0,3.0,52.23118,21.056043,8.0
7434,2026-05-11 18:57:26.400000+00:00,52.2317951,21.0557247,86.6,0.04,-0.138,-0.024,0.968,0,1.0127874843877067,8.0,71.74904136090782,-1.0,3.0,52.23118,21.056043,8.0
7439,2026-05-11 18:57:26.900000+00:00,52.2317944,21.0557259,86.7,0.07,-0.13,-0.024,0.966,0,0.8125905972434853,8.0,71.65017175861658,-1.0,3.0,52.23118,21.056043,8.0
7444,2026-05-11 18:57:27.400000+00:00,52.2317935,21.0557275,86.7,0.15,-0.129,-0.027,0.966,0,1.0652242665169132,8.0,71.52194532038322,-1.0,3.0,52.23118,21.056043,8.0
7449,2026-05-11 18:57:27.900000+00:00,52.2317925,21.0557291,86.8,0.31,-0.126,-0.024,0.968,0,1.1209309944509973,8.0,71.3831859626133,-1.0,3.0,52.23118,21.056043,8.0
7454,2026-05-11 18:57:28.400000+00:00,52.2317916,21.0557309,86.9,0.09,-0.142,-0.027,0.966,0,1.1393859707579608,8.0,71.25104460480622,-1.0,3.0,52.23118,21.056043,8.0
7459,2026-05-11 18:57:28.900000+00:00,52.2317908,21.0557329,87.1,0.23,-0.139,-0.029,0.97,0,1.171310737679565,8.0,71.125581622211,-1.0,3.0,52.23118,21.056043,8.0
7464,2026-05-11 18:57:29.400000+00:00,52.23179,21.0557347,87.2,0.24,-0.128,-0.022,0.971,0,1.0905210905077447,8.0,71.00429624711491,-1.0,3.0,52.23118,21.056043,8.0
7469,2026-05-11 18:57:29.900000+00:00,52.2317893,21.0557367,87.3,0.23,-0.128,-0.024,0.968,0,1.1295238034378254,8.0,70.88974419286974,-1.0,3.0,52.23118,21.056043,8.0
7474,2026-05-11 18:57:30.400000+00:00,52.2317884,21.0557388,87.4,0.07,-0.129,-0.026,0.965,0,1.256786618181804,8.0,70.7520960657045,-1.0,3.0,52.23118,21.056043,8.0
7479,2026-05-11 18:57:30.900000+00:00,52.2317875,21.0557412,87.6,0.04,-0.123,-0.023,0.969,0,1.3798925828627024,8.0,70.60866101814477,-1.0,3.0,52.23118,21.056043,8.0
7484,2026-05-11 18:57:31.400000+00:00,52.2317861,21.055744,87.7,0.25,-0.122,-0.021,0.966,0,1.7723783071221615,8.0,70.4043543040461,-1.0,3.0,52.23118,21.056043,8.0
7489,2026-05-11 18:57:31.900000+00:00,52.231785,21.0557468,87.8,0.09,-0.128,-0.024,0.968,0,1.6311347341229834,8.0,70.23226838473454,-1.0,3.0,52.23118,21.056043,8.0
7494,2026-05-11 18:57:32.400000+00:00,52.2317836,21.0557495,88.0,0.09,-0.136,-0.027,0.968,0,1.7346712421284256,8.0,70.03046358650388,-1.0,3.0,52.23118,21.056043,8.0
7499,2026-05-11 18:57:32.900000+00:00,52.2317825,21.055752,88.2,0.2,-0.112,-0.03,0.969,0,1.5094054168509694,8.0,69.86475868675807,-1.0,3.0,52.23118,21.056043,8.0
7504,2026-05-11 18:57:33.400000+00:00,52.2317804,21.0557547,88.2,1.35,-0.073,-0.03,0.971,0,2.139965202020184,8.0,69.5887677997065,-1.0,3.0,52.23118,21.056043,8.0
7509,2026-05-11 18:57:33.900000+00:00,52.2317772,21.0557583,88.3,2.38,-0.058,-0.036,0.977,0,3.1111999016019074,8.0,69.17835703937594,-1.0,3.0,52.23118,21.056043,8.0
7514,2026-05-11 18:57:34.400000+00:00,52.2317726,21.0557623,88.3,3.54,-0.052,-0.037,0.977,0,4.172510557291186,8.0,68.61111164670173,-1.0,3.0,52.23118,21.056043,8.0
7519,2026-05-11 18:57:34.900000+00:00,52.2317665,21.055767,88.3,4.8,-0.048,-0.043,0.981,0,5.400149534133644,8.0,67.87060197633318,-1.0,3.0,52.23118,21.056043,8.0
7524,2026-05-11 18:57:35.400000+00:00,52.2317592,21.0557706,88.2,5.88,-0.032,-0.046,0.979,0,6.105174031306536,8.0,67.0227304706995,-1.0,3.0,52.23118,21.056043,8.0
7529,2026-05-11 18:57:35.900000+00:00,52.2317494,21.0557761,88.2,7.75,-0.02,-0.053,0.975,0,8.296482284400284,8.0,65.87194319902049,-1.0,3.0,52.23118,21.056043,8.0
7534,2026-05-11 18:57:36.400000+00:00,52.2317365,21.0557849,88.3,10.35,-0.012,-0.059,0.984,0,11.192974216294465,8.0,64.32809773605356,-1.0,3.0,52.23118,21.056043,8.0
7539,2026-05-11 18:57:36.900000+00:00,52.2317216,21.0557927,88.2,11.61,0.0,-0.055,0.976,0,12.527135031533549,8.0,62.58922092956632,-1.0,3.0,52.23118,21.056043,8.0
7544,2026-05-11 18:57:37.400000+00:00,52.2317049,21.0557981,87.9,13.55,-0.006,-0.042,0.974,0,13.629753195465089,8.0,60.70249354718758,-1.0,3.0,52.23118,21.056043,8.0
7549,2026-05-11 18:57:37.900000+00:00,52.2316846,21.0558056,87.5,16.3,-0.015,-0.046,0.97,0,16.663142646906504,8.0,58.39191396316054,-1.0,3.0,52.23118,21.056043,8.0
7554,2026-05-11 18:57:38.400000+00:00,52.2316619,21.055814,87.1,18.44,-0.036,-0.031,0.995,0,18.63461027882768,8.0,55.80827680973135,-1.0,3.0,52.23118,21.056043,8.0
7559,2026-05-11 18:57:38.900000+00:00,52.2316368,21.0558248,86.8,20.08,-0.049,-0.028,0.97,0,20.781235937559934,8.0,52.92298756627239,-1.0,3.0,52.23118,21.056043,8.0
7564,2026-05-11 18:57:39.400000+00:00,52.2316106,21.0558363,86.4,21.14,-0.054,-0.03,0.953,0,21.720560908879857,8.0,49.907016855170646,-1.0,3.0,52.23118,21.056043,8.0
7569,2026-05-11 18:57:39.900000+00:00,52.2315838,21.0558457,85.8,21.28,-0.093,-0.044,0.962,0,21.945674278278528,8.0,46.8679723667908,-1.0,3.0,52.23118,21.056043,8.0
7574,2026-05-11 18:57:40.400000+00:00,52.2315567,21.0558567,85.2,21.58,-0.129,-0.032,0.958,0,22.35676693291138,8.0,43.76655577277931,-1.0,3.0,52.23118,21.056043,8.0
7579,2026-05-11 18:57:40.900000+00:00,52.231529,21.0558705,85.1,22.17,-0.137,-0.021,0.968,0,23.1861208702464,8.0,40.5462684176426,-1.0,3.0,52.23118,21.056043,8.0
7584,2026-05-11 18:57:41.400000+00:00,52.2314997,21.0558883,85.2,23.76,-0.125,-0.025,0.97,0,25.02886436743337,8.0,37.077401515123874,-1.0,3.0,52.23118,21.056043,8.0
7589,2026-05-11 18:57:41.900000+00:00,52.23147,21.0559083,85.3,24.68,-0.133,-0.023,0.941,0,25.720925736080453,8.0,33.52601948083367,-1.0,3.0,52.23118,21.056043,8.0
7594,2026-05-11 18:57:42.400000+00:00,52.2314436,21.055917,84.9,20.47,-0.234,-0.01,0.97,0,21.562156847393496,8.0,30.54127256062119,-1.0,3.0,52.23118,21.056043,8.0
7599,2026-05-11 18:57:42.900000+00:00,52.2314198,21.05593,84.5,19.29,-0.2,-0.01,0.944,0,20.092370658423192,8.0,27.752886881384068,-1.0,3.0,52.23118,21.056043,8.0
7604,2026-05-11 18:57:43.400000+00:00,52.2313971,21.0559386,84.3,17.52,-0.217,-0.03,0.955,0,18.656537851502588,8.0,25.16571025357208,-1.0,3.0,52.23118,21.056043,8.0
7609,2026-05-11 18:57:43.900000+00:00,52.2313769,21.0559484,84.2,15.95,-0.25,-0.029,0.951,0,16.871033973790784,8.0,22.82251853330412,-1.0,3.0,52.23118,21.056043,8.0
7614,2026-05-11 18:57:44.400000+00:00,52.2313593,21.055961,84.7,14.87,-0.246,-0.027,0.951,0,15.385649623348348,8.0,20.70461498797791,-1.0,3.0,52.23118,21.056043,8.0
7619,2026-05-11 18:57:44.900000+00:00,52.231342,21.05597,85.0,14.54,-0.186,-0.024,0.947,0,14.536523908470537,8.0,18.68705096543553,-1.0,3.0,52.23118,21.056043,8.0
7624,2026-05-11 18:57:45.400000+00:00,52.2313244,21.0559766,84.8,13.56,-0.226,-0.039,0.971,0,14.4574992235001,8.0,16.681195583674754,-1.0,3.0,52.23118,21.056043,8.0
7629,2026-05-11 18:57:45.900000+00:00,52.2313097,21.0559871,85.2,12.29,-0.248,-0.012,0.932,0,12.845822052305817,8.0,14.91599864484569,-1.0,3.0,52.23118,21.056043,8.0
7634,2026-05-11 18:57:46.400000+00:00,52.2312959,21.0559955,85.8,10.55,-0.282,-0.011,0.947,0,11.791149411767554,8.0,13.287300752000643,-1.0,3.0,52.23118,21.056043,8.0
7639,2026-05-11 18:57:46.900000+00:00,52.2312842,21.0560063,86.6,8.97,-0.252,-0.023,0.941,0,10.76044176675687,8.0,11.853032348006217,-1.0,3.0,52.23118,21.056043,8.0
7644,2026-05-11 18:57:47.400000+00:00,52.2312742,21.0560181,87.3,6.35,-0.276,-0.027,0.952,0,9.878051651443831,8.0,10.61094600928451,-1.0,3.0,52.23118,21.056043,8.0
7649,2026-05-11 18:57:47.900000+00:00,52.2312676,21.0560268,88.2,4.42,-0.288,-0.014,0.94,0,6.791143409038842,8.0,9.802959115945914,-1.0,3.0,52.23118,21.056043,8.0
7654,2026-05-11 18:57:48.400000+00:00,52.2312654,21.0560419,89.6,2.57,-0.283,-0.022,0.945,0,7.61089763184763,8.0,9.496342232983164,-1.0,3.0,52.23118,21.056043,8.0
7659,2026-05-11 18:57:48.900000+00:00,52.2312639,21.0560482,90.3,0.64,-0.289,-0.028,0.95,0,3.31441858800484,8.0,9.33597361424782,-1.0,3.0,52.23118,21.056043,8.0
7664,2026-05-11 18:57:49.400000+00:00,52.2312636,21.056054,91.1,0.16,-0.187,-0.025,0.96,0,2.8541552426333534,8.0,9.326033514238102,-1.0,3.0,52.23118,21.056043,8.0
7669,2026-05-11 18:57:49.900000+00:00,52.2312624,21.0560592,91.7,0.24,-0.156,-0.033,0.96,0,2.724808264138766,8.0,9.228648655863251,-1.0,3.0,52.23118,21.056043,8.0
7674,2026-05-11 18:57:50.400000+00:00,52.2312616,21.0560642,92.3,0.13,-0.137,-0.027,0.96,0,2.534029024289599,8.0,9.187660210402328,-1.0,3.0,52.23118,21.056043,8.0
7679,2026-05-11 18:57:50.900000+00:00,52.231261,21.0560685,92.8,0.13,-0.138,-0.029,0.966,0,2.1625323729205137,8.0,9.172689526456738,-1.0,3.0,52.23118,21.056043,8.0
7684,2026-05-11 18:57:51.400000+00:00,52.2312604,21.0560732,93.4,0.02,-0.14,-0.029,0.966,0,2.35417558402046,8.0,9.173609179639769,-1.0,3.0,52.23118,21.056043,8.0
7689,2026-05-11 18:57:51.900000+00:00,52.2312598,21.0560779,94.1,0.03,-0.14,-0.028,0.967,0,2.354175612435518,8.0,9.18617413727821,-1.0,3.0,52.23118,21.056043,8.0
7694,2026-05-11 18:57:52.400000+00:00,52.2312591,21.0560828,94.7,0.12,-0.142,-0.031,0.966,0,2.4672089297757345,8.0,9.203707421060198,-1.0,3.0,52.23118,21.056043,8.0
7699,2026-05-11 18:57:52.900000+00:00,52.2312581,21.0560876,95.3,0.17,-0.142,-0.027,0.965,0,2.4861179840408267,8.0,9.20019482959334,-1.0,3.0,52.23118,21.056043,8.0
7704,2026-05-11 18:57:53.400000+00:00,52.2312574,21.0560923,95.9,0.12,-0.142,-0.028,0.966,0,2.371807104840264,8.0,9.238219683379963,-1.0,3.0,52.23118,21.056043,8.0
7709,2026-05-11 18:57:53.900000+00:00,52.2312563,21.0560974,96.6,0.13,-0.142,-0.027,0.966,0,2.6513209809789395,8.0,9.257822076974312,-1.0,3.0,52.23118,21.056043,8.0
7714,2026-05-11 18:57:54.400000+00:00,52.2312554,21.056102,97.2,0.26,-0.143,-0.029,0.965,0,2.367903308560117,8.0,9.297238133802622,-1.0,3.0,52.23118,21.056043,8.0
7719,2026-05-11 18:57:54.900000+00:00,52.2312544,21.0561063,97.8,0.05,-0.143,-0.027,0.965,0,2.2553859416553816,8.0,9.32875352098162,-1.0,3.0,52.23118,21.056043,8.0
7724,2026-05-11 18:57:55.400000+00:00,52.2312534,21.0561103,98.2,0.18,-0.142,-0.026,0.968,0,2.118504581672068,8.0,9.36061905260008,-1.0,3.0,52.23118,21.056043,8.0
7729,2026-05-11 18:57:55.900000+00:00,52.2312532,21.0561141,98.8,0.05,-0.142,-0.028,0.967,0,1.8701985559319032,8.0,9.470902048182634,-1.0,3.0,52.23118,21.056043,8.0
7734,2026-05-11 18:57:56.400000+00:00,52.231253,21.0561176,99.3,0.12,-0.142,-0.028,0.967,0,1.7236796177839606,8.0,9.576100428358226,-1.0,3.0,52.23118,21.056043,8.0
7739,2026-05-11 18:57:56.900000+00:00,52.2312528,21.0561207,99.8,0.13,-0.143,-0.027,0.967,0,1.528496198637434,8.0,9.671141915216134,-1.0,3.0,52.23118,21.056043,8.0
7744,2026-05-11 18:57:57.400000+00:00,52.2312526,21.0561237,100.3,0.13,-0.139,-0.028,0.967,0,1.4797398793569152,8.0,9.766038136662043,-1.0,3.0,52.23118,21.056043,8.0
7749,2026-05-11 18:57:57.900000+00:00,52.2312523,21.0561264,100.6,0.03,-0.144,-0.03,0.967,0,1.345555663407792,8.0,9.84342767386432,-1.0,3.0,52.23118,21.056043,8.0
7754,2026-05-11 18:57:58.400000+00:00,52.2312519,21.0561287,101.0,0.13,-0.138,-0.027,0.967,0,1.1723910105724524,8.0,9.898678059851166,-1.0,3.0,52.23118,21.056043,8.0
7759,2026-05-11 18:57:58.900000+00:00,52.2312517,21.0561311,101.4,0.04,-0.145,-0.028,0.967,0,1.187683980854782,8.0,9.97814648599594,-1.0,3.0,52.23118,21.056043,8.0
7764,2026-05-11 18:57:59.400000+00:00,52.2312515,21.0561335,101.8,0.06,-0.144,-0.028,0.968,0,1.187683985249525,8.0,10.059692260955796,-1.0,3.0,52.23118,21.056043,8.0
7769,2026-05-11 18:57:59.900000+00:00,52.2312511,21.0561356,102.1,0.06,-0.147,-0.03,0.967,0,1.0783832503768551,8.0,10.113138968291109,-1.0,3.0,52.23118,21.056043,8.0
7774,2026-05-11 18:58:00.400000+00:00,52.231251,21.0561377,102.5,0.07,-0.139,-0.031,0.966,0,1.032843434627749,8.0,10.194323090198488,-1.0,3.0,52.23118,21.056043,8.0
7779,2026-05-11 18:58:00.900000+00:00,52.2312509,21.0561402,102.8,0.14,-0.135,-0.03,0.968,0,1.2284875396619497,8.0,10.294364800584171,-1.0,3.0,52.23118,21.056043,8.0
7784,2026-05-11 18:58:01.400000+00:00,52.2312497,21.056142,103.2,0.59,-0.092,-0.032,0.97,0,1.3046179288858846,8.0,10.27257831709569,-1.0,3.0,52.23118,21.056043,8.0
7789,2026-05-11 18:58:01.900000+00:00,52.2312471,21.0561442,103.5,1.71,-0.069,-0.035,0.977,0,2.34449917182381,8.0,10.157311417951709,-1.0,3.0,52.23118,21.056043,8.0
7794,2026-05-11 18:58:02.400000+00:00,52.2312437,21.0561463,103.8,2.73,-0.058,-0.031,0.976,0,2.9103130734371385,8.0,9.983195594955816,-1.0,3.0,52.23118,21.056043,8.0
7799,2026-05-11 18:58:02.900000+00:00,52.2312385,21.0561508,104.0,3.28,-0.048,-0.016,0.978,0,4.711762068315952,8.0,9.808846725177286,-1.0,3.0,52.23118,21.056043,8.0
7804,2026-05-11 18:58:03.400000+00:00,52.2312317,21.0561554,104.1,5.19,-0.036,-0.02,0.974,0,5.892881518483507,8.0,9.573206448679468,-1.0,3.0,52.23118,21.056043,8.0
7809,2026-05-11 18:58:03.900000+00:00,52.2312247,21.056157,104.1,5.4,-0.027,-0.027,0.96,0,5.658874984241551,8.0,9.218622090887946,-1.0,3.0,52.23118,21.056043,8.0
7814,2026-05-11 18:58:04.400000+00:00,52.2312134,21.0561626,104.2,8.29,-0.022,-0.017,0.985,0,9.454377700321478,8.0,8.952018523769963,-1.0,3.0,52.23118,21.056043,8.0
7819,2026-05-11 18:58:04.900000+00:00,52.2312,21.0561711,104.3,9.52,-0.013,-0.023,0.988,0,11.509297071831554,8.0,9.003151806371632,-1.0,3.0,52.23118,21.056043,8.0
7824,2026-05-11 18:58:05.400000+00:00,52.2311854,21.0561851,104.6,12.64,-0.039,-0.003,0.979,0,13.555638978853183,8.0,9.696234666732462,-1.0,3.0,52.23118,21.056043,8.0
7829,2026-05-11 18:58:05.900000+00:00,52.2311702,21.0562004,104.5,13.38,-0.066,-0.036,0.95,0,14.295956568451464,8.0,10.774868171645863,-1.0,3.0,52.23118,21.056043,8.0
7834,2026-05-11 18:58:06.400000+00:00,52.2311543,21.056216,104.3,13.86,-0.078,-0.079,0.987,0,14.851167018959249,8.0,12.12366572016972,-1.0,3.0,52.23118,21.056043,8.0
7839,2026-05-11 18:58:06.900000+00:00,52.2311379,21.0562265,103.7,13.56,-0.079,-0.024,0.949,0,14.10330516441864,8.0,13.345164129213892,-1.0,3.0,52.23118,21.056043,8.0
7844,2026-05-11 18:58:07.400000+00:00,52.2311189,21.0562405,103.4,15.5,-0.081,-0.088,0.962,0,16.68879522724752,8.0,15.06909444511141,-1.0,3.0,52.23118,21.056043,8.0
7849,2026-05-11 18:58:07.900000+00:00,52.2310977,21.0562601,103.3,18.65,-0.091,-0.065,0.966,0,19.505001859049607,8.0,17.388416121450412,-1.0,3.0,52.23118,21.056043,8.0
7854,2026-05-11 18:58:08.400000+00:00,52.2310738,21.0562805,103.1,20.11,-0.092,-0.062,0.976,0,21.591430270278035,8.0,20.026837963523544,-1.0,3.0,52.23118,21.056043,8.0
7859,2026-05-11 18:58:08.900000+00:00,52.2310486,21.0563007,103.3,21.34,-0.087,-0.05,0.972,0,22.47555134123902,8.0,22.83642239471416,-1.0,3.0,52.23118,21.056043,8.0
7864,2026-05-11 18:58:09.400000+00:00,52.23102,21.056322,103.0,23.47,-0.064,-0.056,0.941,0,25.16689029006903,8.0,26.03017100036892,-1.0,3.0,52.23118,21.056043,8.0
7869,2026-05-11 18:58:09.900000+00:00,52.2309903,21.0563392,103.5,24.57,-0.084,-0.056,0.997,0,25.2294119042138,8.0,29.186895123132786,-1.0,3.0,52.23118,21.056043,8.0
7874,2026-05-11 18:58:10.400000+00:00,52.2309587,21.0563605,103.8,26.41,-0.072,-0.059,0.978,0,27.370259511613707,8.0,32.75801950558269,-1.0,3.0,52.23118,21.056043,8.0
7879,2026-05-11 18:58:10.900000+00:00,52.2309285,21.056376,104.0,24.87,-0.055,-0.029,0.949,0,25.34470184728485,8.0,36.005538490788894,-1.0,3.0,52.23118,21.056043,8.0
7884,2026-05-11 18:58:11.400000+00:00,52.2308975,21.0563895,104.2,25.81,-0.071,-0.039,0.97,0,25.68637277060384,8.0,39.28900120310428,-1.0,3.0,52.23118,21.056043,8.0
7889,2026-05-11 18:58:11.900000+00:00,52.2308642,21.0564099,103.7,28.26,-0.069,-0.031,0.968,0,28.4749950002523,8.0,43.09834000502702,-1.0,3.0,52.23118,21.056043,8.0
7894,2026-05-11 18:58:12.400000+00:00,52.2308289,21.0564347,103.8,29.28,-0.076,-0.028,0.967,0,30.76664259452178,8.0,47.28428027940064,-1.0,3.0,52.23118,21.056043,8.0
7899,2026-05-11 18:58:12.900000+00:00,52.2307898,21.0564641,103.5,32.82,-0.078,-0.037,0.947,0,34.46373454992479,8.0,52.00978893860199,-1.0,3.0,52.23118,21.056043,8.0
7904,2026-05-11 18:58:13.400000+00:00,52.2307502,21.0564942,103.1,33.23,-0.117,-0.038,0.968,0,34.97121767625191,8.0,56.8180924733409,-1.0,3.0,52.23118,21.056043,8.0
7909,2026-05-11 18:58:13.900000+00:00,52.2307113,21.0565195,102.4,32.11,-0.157,-0.028,0.976,0,33.52350124681857,8.0,61.39473115819793,-1.0,3.0,52.23118,21.056043,8.0
7914,2026-05-11 18:58:14.400000+00:00,52.2306702,21.0565494,102.1,34.12,-0.165,-0.055,0.952,0,36.023469756778674,8.0,66.35415401074606,-1.0,3.0,52.23118,21.056043,8.0
7919,2026-05-11 18:58:14.900000+00:00,52.230629,21.0565759,102.3,33.55,-0.153,-0.05,0.939,0,35.452182209706656,8.0,71.21096084348804,-1.0,3.0,52.23118,21.056043,8.0
7924,2026-05-11 18:58:15.400000+00:00,52.2305882,21.0566023,102.3,32.83,-0.181,-0.049,0.984,0,35.136332624665535,8.0,76.03448908868215,-1.0,3.0,52.23118,21.056043,8.0
7929,2026-05-11 18:58:15.900000+00:00,52.2305498,21.0566289,102.1,32.58,-0.165,-0.05,0.95,0,33.39575043219126,,80.63950630195829,-1.0,3.0,52.23118,21.056043,8.0
7934,2026-05-11 18:58:16.400000+00:00,52.2305107,21.0566541,102.1,31.37,-0.165,-0.045,0.961,0,33.65429117781895,,85.26944498672353,-1.0,3.0,52.23118,21.056043,8.0
7939,2026-05-11 18:58:16.900000+00:00,52.2304696,21.0566788,102.4,32.81,-0.169,-0.018,0.96,0,35.06313239514614,,90.08250659116926,-1.0,3.0,52.23118,21.056043,8.0
7944,2026-05-11 18:58:17.400000+00:00,52.2304278,21.0567013,102.9,31.13,-0.149,-0.004,0.964,0,35.237057510458584,,94.89903394169676,-1.0,3.0,52.23118,21.056043,8.0
7949,2026-05-11 18:58:17.900000+00:00,52.2303882,21.0567241,102.9,31.72,-0.113,-0.021,0.927,0,33.617465996370456,,99.51611672821694,-1.0,3.0,52.23118,21.056043,8.0
7954,2026-05-11 18:58:18.400000+00:00,52.2303506,21.0567459,102.9,31.11,-0.15,-0.027,1.023,0,31.944403145989487,,103.90906994111847,-1.0,3.0,52.23118,21.056043,8.0
7959,2026-05-11 18:58:18.900000+00:00,52.2303113,21.0567727,102.9,32.3,-0.139,-0.018,0.927,0,34.09792899567612,,108.62925165876388,-1.0,3.0,52.23118,21.056043,8.0
7964,2026-05-11 18:58:19.400000+00:00,52.2302732,21.0567993,102.3,31.33,-0.168,-0.013,0.958,0,33.17481122806678,,113.22570433660374,-1.0,3.0,52.23118,21.056043,8.0
7969,2026-05-11 18:58:19.900000+00:00,52.2302351,21.0568319,101.9,31.98,-0.17,0.007,0.972,0,34.438027884916494,,118.0085131553073,-1.0,3.0,52.23118,21.056043,8.0
7974,2026-05-11 18:58:20.400000+00:00,52.2301994,21.0568669,101.0,30.96,-0.157,-0.012,0.947,0,33.33859143218296,,122.62855094282936,-1.0,3.0,52.23118,21.056043,8.0
7979,2026-05-11 18:58:20.900000+00:00,52.2301661,21.0569007,99.9,30.16,-0.164,-0.004,0.969,0,31.392136085715364,,126.97478058350768,-1.0,3.0,52.23118,21.056043,8.0
7984,2026-05-11 18:58:21.400000+00:00,52.2301315,21.0569315,99.5,30.12,-0.151,-0.011,0.957,0,31.5506643792116,,131.35587155115016,-1.0,3.0,52.23118,21.056043,8.0
7989,2026-05-11 18:58:21.900000+00:00,52.2300959,21.0569613,99.4,30.6,-0.119,0.027,0.992,0,32.02918930041121,,135.8043166628327,-1.0,3.0,52.23118,21.056043,8.0
7994,2026-05-11 18:58:22.400000+00:00,52.2300607,21.0569924,99.1,30.84,-0.101,0.006,0.943,0,32.04300347832209,,140.25407802012538,-1.0,3.0,52.23118,21.056043,8.0
7999,2026-05-11 18:58:22.900000+00:00,52.2300257,21.0570242,98.8,31.02,-0.102,-0.021,0.968,0,32.06778106047009,,144.7061607182214,-1.0,3.0,52.23118,21.056043,8.0
8004,2026-05-11 18:58:23.400000+00:00,52.2299898,21.0570563,98.6,32.36,-0.095,-0.067,0.949,0,32.76968975161657,,149.25653053822998,-1.0,3.0,52.23118,21.056043,8.0
8009,2026-05-11 18:58:23.900000+00:00,52.2299534,21.0570863,98.4,33.06,-0.1,-0.096,0.972,0,32.64453769728943,,150.13406911398673,-1.0,3.0,52.23118,21.056043,8.0
8014,2026-05-11 18:58:24.400000+00:00,52.2299164,21.0571145,98.3,32.59,-0.113,-0.087,0.972,0,32.69103824870488,,145.62649324957331,-1.0,3.0,52.228671,21.057776,9.0
8019,2026-05-11 18:58:24.900000+00:00,52.2298773,21.0571404,98.1,33.67,-0.113,-0.037,0.964,0,33.78190139493697,,140.94673827964502,-1.0,3.0,52.228671,21.057776,9.0
8024,2026-05-11 18:58:25.400000+00:00,52.229838,21.0571693,98.0,34.58,-0.108,-0.047,0.96,0,34.50795396815288,,136.18450545633974,-1.0,3.0,52.228671,21.057776,9.0
8029,2026-05-11 18:58:25.900000+00:00,52.2297978,21.0571989,97.8,35.05,-0.111,-0.048,0.962,0,35.305908233187765,,131.31473449179043,-1.0,3.0,52.228671,21.057776,9.0
8034,2026-05-11 18:58:26.400000+00:00,52.2297576,21.0572294,97.8,35.99,-0.127,-0.044,0.979,0,35.48963215943333,,126.42951534291804,-1.0,3.0,52.228671,21.057776,9.0
8039,2026-05-11 18:58:26.900000+00:00,52.229717,21.057259,97.7,34.83,-0.149,-0.033,0.932,0,35.59808898723618,,121.52301024664432,-1.0,3.0,52.228671,21.057776,9.0
8044,2026-05-11 18:58:27.400000+00:00,52.2296769,21.0572868,97.5,34.25,-0.154,-0.028,0.937,0,34.87860353569035,,116.70792489819073,-1.0,3.0,52.228671,21.057776,9.0
8049,2026-05-11 18:58:27.900000+00:00,52.2296372,21.0573171,97.0,34.97,-0.186,-0.027,0.97,0,35.085390334091066,,111.89036479572428,-1.0,3.0,52.228671,21.057776,9.0
8054,2026-05-11 18:58:28.400000+00:00,52.2295979,21.0573451,96.9,33.32,-0.149,-0.035,0.943,0,34.32909903877587,,107.1634063285778,-1.0,3.0,52.228671,21.057776,9.0
8059,2026-05-11 18:58:28.900000+00:00,52.2295585,21.0573723,96.9,33.06,-0.165,-0.032,0.963,0,34.24781731965,,102.44414228087516,-1.0,3.0,52.228671,21.057776,9.0
8064,2026-05-11 18:58:29.400000+00:00,52.2295195,21.0574007,96.7,33.33,-0.16,-0.043,0.962,0,34.18853964288089,,97.7500193030213,-1.0,3.0,52.228671,21.057776,9.0
8069,2026-05-11 18:58:29.900000+00:00,52.2294807,21.0574269,96.6,33.12,-0.17,-0.061,0.965,0,33.61545477314067,,93.12105959100128,-1.0,3.0,52.228671,21.057776,9.0
8074,2026-05-11 18:58:30.400000+00:00,52.2294415,21.0574526,96.6,33.55,-0.171,-0.092,0.932,0,33.81947980272962,,88.46167787815139,-1.0,3.0,52.228671,21.057776,9.0
8079,2026-05-11 18:58:30.900000+00:00,52.2294024,21.0574757,96.4,32.48,-0.189,-0.068,0.961,0,33.290069746069065,,83.8603140623481,-1.0,3.0,52.228671,21.057776,9.0
8084,2026-05-11 18:58:31.400000+00:00,52.2293651,21.0574965,96.2,31.05,-0.169,-0.039,0.956,0,31.55635763560012,9.0,79.49331139227284,-1.0,3.0,52.228671,21.057776,9.0
8089,2026-05-11 18:58:31.900000+00:00,52.2293273,21.0575175,95.9,31.15,-0.162,-0.051,0.951,0,31.9668959062018,9.0,75.0709101985855,-1.0,3.0,52.228671,21.057776,9.0
8094,2026-05-11 18:58:32.400000+00:00,52.2292891,21.0575384,95.5,31.17,-0.173,-0.073,0.965,0,32.25461877641088,9.0,70.60896201520897,-1.0,3.0,52.228671,21.057776,9.0
8099,2026-05-11 18:58:32.900000+00:00,52.229251,21.0575593,95.2,31.2,-0.161,-0.065,0.948,0,32.178720355640394,9.0,66.16026718868763,-1.0,3.0,52.228671,21.057776,9.0
8104,2026-05-11 18:58:33.400000+00:00,52.2292137,21.0575811,95.1,30.99,-0.19,-0.048,1.013,0,31.71826353681543,9.0,61.78820465651847,-1.0,3.0,52.228671,21.057776,9.0
8109,2026-05-11 18:58:33.900000+00:00,52.2291768,21.0576037,95.2,30.46,-0.149,0.003,0.916,0,31.55258958797852,9.0,57.45360261547626,-1.0,3.0,52.228671,21.057776,9.0
8114,2026-05-11 18:58:34.400000+00:00,52.22914,21.0576294,95.5,30.49,-0.165,0.03,0.982,0,32.044456550815795,9.0,53.09763398887468,-1.0,3.0,52.228671,21.057776,9.0
8119,2026-05-11 18:58:34.900000+00:00,52.2291032,21.0576499,95.4,29.17,-0.174,0.005,0.955,0,31.13001393845344,9.0,48.81982144990758,-1.0,3.0,52.228671,21.057776,9.0
8124,2026-05-11 18:58:35.400000+00:00,52.229066,21.0576697,95.3,28.66,-0.153,0.004,0.928,0,31.325180820547764,9.0,44.51468762303624,-1.0,3.0,52.228671,21.057776,9.0
8129,2026-05-11 18:58:35.900000+00:00,52.2290306,21.0576921,95.4,27.9,-0.175,-0.004,0.988,0,30.39555497340521,9.0,40.39193661843298,-1.0,3.0,52.228671,21.057776,9.0
8134,2026-05-11 18:58:36.400000+00:00,52.2289985,21.0577142,95.1,27.05,-0.149,-0.034,0.966,0,27.890940151094195,9.0,36.658777645284914,-1.0,3.0,52.228671,21.057776,9.0
8139,2026-05-11 18:58:36.900000+00:00,52.2289667,21.0577351,94.9,27.15,-0.174,-0.032,0.974,0,27.444657800746693,9.0,32.99812719725851,-1.0,3.0,52.228671,21.057776,9.0
8144,2026-05-11 18:58:37.400000+00:00,52.2289351,21.0577573,94.8,26.88,-0.217,-0.036,0.945,0,27.54188428719267,9.0,29.394185380101767,-1.0,3.0,52.228671,21.057776,9.0
8149,2026-05-11 18:58:37.900000+00:00,52.2289061,21.057774,94.5,24.23,-0.224,-0.018,0.922,0,24.619436837266505,9.0,26.142282138068992,-1.0,3.0,52.228671,21.057776,9.0
8154,2026-05-11 18:58:38.400000+00:00,52.2288783,21.0577901,94.0,23.0,-0.234,-0.024,0.96,0,23.615589938963748,9.0,23.07070378799425,-1.0,3.0,52.228671,21.057776,9.0
8159,2026-05-11 18:58:38.900000+00:00,52.2288542,21.057803,93.5,19.2,-0.274,-0.013,0.937,0,20.305071280295856,9.0,20.45374325402423,-1.0,3.0,52.228671,21.057776,9.0
8164,2026-05-11 18:58:39.400000+00:00,52.2288356,21.0578123,92.7,15.93,-0.263,-0.025,0.97,0,15.573913553402209,9.0,18.46891045366306,-1.0,3.0,52.228671,21.057776,9.0
8169,2026-05-11 18:58:39.900000+00:00,52.2288165,21.0578205,92.1,16.35,-0.19,-0.04,0.949,0,15.811387198728658,9.0,16.46029688540974,-1.0,3.0,52.228671,21.057776,9.0
8174,2026-05-11 18:58:40.400000+00:00,52.228799,21.0578281,91.8,15.4,-0.233,-0.043,0.947,0,14.497770824764508,9.0,14.668614324618002,-1.0,3.0,52.228671,21.057776,9.0
8179,2026-05-11 18:58:40.900000+00:00,52.2287855,21.0578315,91.1,10.71,-0.305,-0.033,0.94,0,10.935989838136896,9.0,13.28109976816853,-1.0,3.0,52.228671,21.057776,9.0
8184,2026-05-11 18:58:41.400000+00:00,52.2287726,21.0578388,90.8,10.12,-0.291,-0.04,0.929,0,10.93059012941082,9.0,12.079970768432329,-1.0,3.0,52.228671,21.057776,9.0
8189,2026-05-11 18:58:41.900000+00:00,52.2287623,21.0578441,90.5,7.92,-0.315,-0.042,0.949,0,8.646090934284295,9.0,11.161434454561798,-1.0,3.0,52.228671,21.057776,9.0
8194,2026-05-11 18:58:42.400000+00:00,52.2287562,21.0578468,90.2,4.27,-0.338,-0.046,0.932,0,5.059977452550179,9.0,10.63039243159,-1.0,3.0,52.228671,21.057776,9.0
8199,2026-05-11 18:58:42.900000+00:00,52.2287536,21.0578468,90.0,1.65,-0.327,-0.043,0.937,0,2.0815690278868537,9.0,10.373569428839224,-1.0,3.0,52.228671,21.057776,9.0
8204,2026-05-11 18:58:43.400000+00:00,52.2287522,21.0578499,90.2,0.35,-0.264,-0.054,0.955,0,1.8887073445260183,9.0,10.337134428579038,-1.0,3.0,52.228671,21.057776,9.0
8209,2026-05-11 18:58:43.900000+00:00,52.2287496,21.0578529,90.7,0.35,-0.12,-0.052,0.952,0,2.5489537077807065,9.0,10.189101067790002,-1.0,3.0,52.228671,21.057776,9.0
8214,2026-05-11 18:58:44.400000+00:00,52.2287478,21.0578551,91.0,0.31,-0.134,-0.051,0.97,0,1.8001687108539484,9.0,10.097090858763249,-1.0,3.0,52.228671,21.057776,9.0
8219,2026-05-11 18:58:44.900000+00:00,52.228745,21.0578571,91.3,0.79,-0.136,-0.052,0.966,0,2.4468460068807736,9.0,9.91043810489214,-1.0,3.0,52.228671,21.057776,9.0
8224,2026-05-11 18:58:45.400000+00:00,52.2287425,21.0578595,91.6,0.48,-0.137,-0.049,0.965,0,2.321884600148333,9.0,9.775057310430784,-1.0,3.0,52.228671,21.057776,9.0
8229,2026-05-11 18:58:45.900000+00:00,52.2287402,21.0578618,92.0,0.36,-0.138,-0.05,0.966,0,2.15935169628126,9.0,9.66213238275028,-1.0,3.0,52.228671,21.057776,9.0
8234,2026-05-11 18:58:46.400000+00:00,52.2287381,21.0578638,92.3,0.4,-0.094,-0.055,0.968,0,1.9464178854219063,9.0,9.56181622298214,-1.0,3.0,52.228671,21.057776,9.0
8239,2026-05-11 18:58:46.900000+00:00,52.228736,21.0578652,92.4,1.06,-0.071,-0.058,0.975,0,1.816034797095339,9.0,9.44181241236823,-1.0,3.0,52.228671,21.057776,9.0
8244,2026-05-11 18:58:47.400000+00:00,52.228733,21.0578681,92.3,2.09,-0.058,-0.044,0.975,0,2.7912456887556014,9.0,9.320725293302182,-1.0,3.0,52.228671,21.057776,9.0
8249,2026-05-11 18:58:47.900000+00:00,52.2287278,21.0578723,92.2,3.33,-0.045,-0.037,0.965,0,4.64474151003028,9.0,9.105397981947522,-1.0,3.0,52.228671,21.057776,9.0
8254,2026-05-11 18:58:48.400000+00:00,52.2287228,21.0578788,92.1,4.34,-0.046,-0.04,0.985,0,5.117034539754862,9.0,9.066292182854117,-1.0,3.0,52.228671,21.057776,9.0
8259,2026-05-11 18:58:48.900000+00:00,52.2287159,21.0578865,92.0,5.69,-0.034,-0.045,0.976,0,6.691330918669858,9.0,9.031417452239094,-1.0,3.0,52.228671,21.057776,9.0
8264,2026-05-11 18:58:49.400000+00:00,52.2287094,21.0578948,91.8,7.22,-0.024,-0.037,0.973,0,6.606576880741893,9.0,9.148782368987415,-1.0,3.0,52.228671,21.057776,9.0
8269,2026-05-11 18:58:49.900000+00:00,52.2286972,21.0579084,91.7,11.61,-0.018,-0.023,0.974,0,11.827041248155052,9.0,9.476446193466746,-1.0,3.0,52.228671,21.057776,9.0
8274,2026-05-11 18:58:50.400000+00:00,52.2286832,21.0579247,91.6,13.55,-0.009,-0.054,0.978,0,13.766630962483406,9.0,10.218136227431856,-1.0,3.0,52.228671,21.057776,9.0
8279,2026-05-11 18:58:50.900000+00:00,52.2286666,21.0579441,91.6,16.25,0.008,-0.081,0.977,0,16.344062922840948,9.0,11.459434804063042,-1.0,3.0,52.228671,21.057776,9.0
8284,2026-05-11 18:58:51.400000+00:00,52.2286473,21.0579628,91.3,18.74,-0.007,-0.065,0.986,0,17.967857816802734,9.0,12.992680745159248,-1.0,3.0,52.228671,21.057776,9.0
8289,2026-05-11 18:58:51.900000+00:00,52.2286255,21.0579833,91.2,20.36,-0.003,-0.084,0.961,0,20.14127437881864,9.0,14.997955255238596,-1.0,3.0,52.228671,21.057776,9.0
8294,2026-05-11 18:58:52.400000+00:00,52.2286008,21.0580026,90.8,21.43,-0.049,-0.124,0.965,0,21.92305513375017,9.0,17.295067782616922,-1.0,3.0,52.228671,21.057776,9.0
8299,2026-05-11 18:58:52.900000+00:00,52.2285745,21.0580211,90.5,23.15,-0.056,-0.103,0.965,0,22.927088435271447,9.0,19.84456935109975,-1.0,3.0,52.228671,21.057776,9.0
8304,2026-05-11 18:58:53.400000+00:00,52.228548,21.0580384,90.3,22.97,-0.073,-0.093,0.955,0,22.849275191515197,9.0,22.504536454224063,-1.0,3.0,52.228671,21.057776,9.0
8309,2026-05-11 18:58:53.900000+00:00,52.2285191,21.058053,90.0,23.67,-0.066,-0.085,0.963,0,24.219834020620556,9.0,25.322227290059928,-1.0,3.0,52.228671,21.057776,9.0
8314,2026-05-11 18:58:54.400000+00:00,52.2284873,21.058071,89.8,25.43,-0.075,-0.081,0.97,0,26.945940684730395,9.0,28.65185641135721,-1.0,3.0,52.228671,21.057776,9.0
8319,2026-05-11 18:58:54.900000+00:00,52.228457,21.0580868,89.6,26.07,-0.077,-0.034,0.975,0,25.46558922381044,9.0,31.84844348928489,-1.0,3.0,52.228671,21.057776,9.0
8324,2026-05-11 18:58:55.400000+00:00,52.2284226,21.0581107,89.3,27.98,-0.077,-0.035,0.968,0,29.930829680238883,9.0,35.81286713392975,-1.0,3.0,52.228671,21.057776,9.0
8329,2026-05-11 18:58:55.900000+00:00,52.2283871,21.0581379,89.5,30.22,-0.066,-0.043,0.952,0,31.3956977998423,9.0,40.05120248842853,-1.0,3.0,52.228671,21.057776,9.0
8334,2026-05-11 18:58:56.400000+00:00,52.2283522,21.0581693,89.6,31.25,-0.101,-0.031,0.979,0,31.9029992649409,9.0,44.43166923333531,-1.0,3.0,52.228671,21.057776,9.0
8339,2026-05-11 18:58:56.900000+00:00,52.2283132,21.0581935,89.4,32.4,-0.14,-0.03,0.954,0,33.40270972464602,9.0,48.90250209760704,-1.0,3.0,52.228671,21.057776,9.0
8344,2026-05-11 18:58:57.400000+00:00,52.2282748,21.058217,89.2,31.69,-0.166,-0.029,0.963,0,32.83207771259276,9.0,53.32009642676166,-1.0,3.0,52.228671,21.057776,9.0
8349,2026-05-11 18:58:57.900000+00:00,52.2282361,21.0582425,89.3,32.9,-0.162,-0.031,0.951,0,33.41164084829432,9.0,57.8624299789321,-1.0,3.0,52.228671,21.057776,9.0
8354,2026-05-11 18:58:58.400000+00:00,52.2282004,21.0582678,89.2,30.87,-0.179,-0.032,0.958,0,31.15816382012737,9.0,62.1306824133402,-1.0,3.0,52.228671,21.057776,9.0
8359,2026-05-11 18:58:58.900000+00:00,52.2281643,21.0582932,89.1,30.07,-0.157,-0.021,0.961,0,31.47156144513,9.0,66.44793032153305,-1.0,3.0,52.228671,21.057776,9.0
8364,2026-05-11 18:58:59.400000+00:00,52.2281305,21.0583152,88.8,27.09,-0.164,-0.036,0.953,0,29.1317016070028,9.0,70.43278091393402,-1.0,3.0,52.228671,21.057776,9.0
8369,2026-05-11 18:58:59.900000+00:00,52.2280986,21.0583359,88.0,26.37,-0.203,-0.014,0.956,0,27.482640504803587,9.0,74.19749337979147,-1.0,3.0,52.228671,21.057776,9.0
8374,2026-05-11 18:59:00.400000+00:00,52.2280633,21.0583578,87.9,26.63,-0.23,-0.021,0.946,0,30.233041637675647,9.0,78.33467011702767,-1.0,3.0,52.228671,21.057776,9.0
8379,2026-05-11 18:59:00.900000+00:00,52.2280291,21.0583803,87.6,27.91,-0.207,-0.02,0.955,0,29.520187714584804,,82.39249672522415,-1.0,3.0,52.228671,21.057776,9.0
8384,2026-05-11 18:59:01.400000+00:00,52.2279979,21.0584035,87.5,25.73,-0.205,-0.025,0.954,0,27.44771499511452,,86.18801567038543,-1.0,3.0,52.228671,21.057776,9.0
8389,2026-05-11 18:59:01.900000+00:00,52.2279672,21.0584235,87.5,24.07,-0.221,-0.03,0.961,0,26.463097655430328,,89.82936251210609,-1.0,3.0,52.228671,21.057776,9.0
8394,2026-05-11 18:59:02.400000+00:00,52.2279428,21.0584415,87.6,20.14,-0.227,-0.027,0.945,0,21.436434801195546,,92.79530045914812,-1.0,3.0,52.228671,21.057776,9.0
8399,2026-05-11 18:59:02.900000+00:00,52.227917,21.0584573,87.4,21.7,-0.214,-0.027,0.957,0,22.06095770589556,,95.8253660995532,-1.0,3.0,52.228671,21.057776,9.0
8404,2026-05-11 18:59:03.400000+00:00,52.2278937,21.0584731,87.2,19.71,-0.221,-0.026,0.958,0,20.1991919252047,,98.61378720006034,-1.0,3.0,52.228671,21.057776,9.0
8409,2026-05-11 18:59:03.900000+00:00,52.2278706,21.0584902,87.0,18.68,-0.183,-0.017,0.937,0,20.306269562987666,,101.42605852789976,-1.0,3.0,52.228671,21.057776,9.0
8414,2026-05-11 18:59:04.400000+00:00,52.2278482,21.0585084,86.9,18.87,-0.176,-0.029,0.958,0,20.031668414834478,,104.20623834930603,-1.0,3.0,52.228671,21.057776,9.0
8419,2026-05-11 18:59:04.900000+00:00,52.2278271,21.0585215,86.7,17.64,-0.169,-0.027,0.971,0,18.07299902836557,,106.69382034181824,-1.0,3.0,52.228671,21.057776,9.0
8424,2026-05-11 18:59:05.400000+00:00,52.2278066,21.0585351,86.5,16.08,-0.143,-0.023,0.951,0,17.71567782470727,,109.13979366409352,-1.0,3.0,52.228671,21.057776,9.0
8429,2026-05-11 18:59:05.900000+00:00,52.2277884,21.0585478,86.2,14.06,-0.137,-0.013,0.924,0,15.846157884426605,,111.3319979041011,-1.0,3.0,52.228671,21.057776,9.0
8434,2026-05-11 18:59:06.400000+00:00,52.2277703,21.0585606,85.9,15.04,-0.129,-0.036,1.004,0,15.792000244673943,,113.5179323557808,-1.0,3.0,52.228671,21.057776,9.0
8439,2026-05-11 18:59:06.900000+00:00,52.2277504,21.0585748,85.9,16.82,-0.105,-0.055,0.982,0,17.387339330775085,,115.92563689604091,-1.0,3.0,52.228671,21.057776,9.0
8444,2026-05-11 18:59:07.400000+00:00,52.2277304,21.0585887,85.8,16.4,-0.105,-0.021,0.898,0,17.402580464369198,,118.33390338494326,-1.0,3.0,52.228671,21.057776,9.0
8449,2026-05-11 18:59:07.900000+00:00,52.2277112,21.0586016,85.9,15.94,-0.159,-0.063,1.001,0,16.62240191557194,,120.63206997326816,-1.0,3.0,52.228671,21.057776,9.0
8454,2026-05-11 18:59:08.400000+00:00,52.227696,21.0586146,86.4,13.29,-0.146,-0.049,0.938,0,13.737911575372143,,122.54010806317038,-1.0,3.0,52.228671,21.057776,9.0
8459,2026-05-11 18:59:08.900000+00:00,52.2276879,21.0586274,86.6,9.19,-0.194,-0.065,1.015,0,9.025206711458765,,123.74381321714228,-1.0,3.0,52.228671,21.057776,9.0
8464,2026-05-11 18:59:09.400000+00:00,52.2276831,21.0586383,86.7,8.35,-0.12,-0.062,0.86,0,6.583277131502273,,124.56387173646532,-1.0,3.0,52.228671,21.057776,9.0
8469,2026-05-11 18:59:09.900000+00:00,52.22767,21.0586524,86.7,11.19,-0.167,-0.004,1.019,0,12.562103113795311,,126.30134689705932,-1.0,3.0,52.228671,21.057776,9.0
8474,2026-05-11 18:59:10.400000+00:00,52.2276588,21.0586565,86.8,9.25,-0.091,-0.044,0.951,0,9.189410950327677,,127.53130786908685,-1.0,3.0,52.228671,21.057776,9.0
8479,2026-05-11 18:59:10.900000+00:00,52.2276435,21.0586653,86.8,12.2,-0.093,-0.044,0.993,0,12.98717358023694,,129.31488757006127,-1.0,3.0,52.228671,21.057776,9.0
8484,2026-05-11 18:59:11.400000+00:00,52.2276274,21.0586775,86.9,13.61,-0.058,-0.046,0.947,0,14.210496760333331,,127.4111016949384,-1.0,3.0,52.226542,21.059277,10.0
8489,2026-05-11 18:59:11.900000+00:00,52.227607,21.058687,87.0,15.09,-0.044,-0.029,0.963,0,16.983755677593603,,125.05505780761712,-1.0,3.0,52.226542,21.059277,10.0
8494,2026-05-11 18:59:12.400000+00:00,52.2275953,21.0586983,87.2,12.6,-0.067,-0.049,0.972,0,10.883432628364073,,123.57614897368514,-1.0,3.0,52.226542,21.059277,10.0
8499,2026-05-11 18:59:12.900000+00:00,52.2275877,21.0586989,87.0,7.2,-0.072,-0.032,0.997,0,6.091696429024526,,122.762390561633,-1.0,3.0,52.226542,21.059277,10.0
8504,2026-05-11 18:59:13.400000+00:00,52.2275687,21.0587049,85.7,12.91,-0.077,-0.065,0.932,0,15.493421043498202,,120.63058448889213,-1.0,3.0,52.226542,21.059277,10.0
8509,2026-05-11 18:59:13.900000+00:00,52.2275374,21.0587253,85.0,20.89,-0.068,-0.067,0.984,0,26.9819855708469,,116.8880974533308,-1.0,3.0,52.226542,21.059277,10.0
8514,2026-05-11 18:59:14.400000+00:00,52.2275045,21.058748,85.3,24.54,-0.141,-0.034,0.991,0,28.59557449821521,,112.92730948297958,-1.0,3.0,52.226542,21.059277,10.0
8519,2026-05-11 18:59:14.900000+00:00,52.227472,21.0587722,85.7,24.69,-0.183,-0.065,0.923,0,28.59820734910288,,108.97722520722073,-1.0,3.0,52.226542,21.059277,10.0
8524,2026-05-11 18:59:15.400000+00:00,52.2274413,21.0587946,86.1,24.85,-0.083,-0.055,0.92,0,26.921543995025964,,105.25719726682088,-1.0,3.0,52.226542,21.059277,10.0
8529,2026-05-11 18:59:15.900000+00:00,52.2274098,21.0588195,86.0,25.41,-0.111,-0.018,0.969,0,28.01966292725052,,101.40150346049786,-1.0,3.0,52.226542,21.059277,10.0
8534,2026-05-11 18:59:16.400000+00:00,52.2273769,21.0588412,86.3,25.71,-0.106,-0.06,0.975,0,28.408274241326524,,97.46642783434392,-1.0,3.0,52.226542,21.059277,10.0
8539,2026-05-11 18:59:16.900000+00:00,52.2273433,21.0588635,86.4,25.72,-0.12,-0.032,0.995,0,29.038181760454783,,93.44570304177272,-1.0,3.0,52.226542,21.059277,10.0
8544,2026-05-11 18:59:17.400000+00:00,52.22731,21.0588892,86.5,26.05,-0.094,-0.04,0.941,0,29.48896936066256,,89.38923304443081,-1.0,3.0,52.226542,21.059277,10.0
8549,2026-05-11 18:59:17.900000+00:00,52.2272766,21.0589137,86.9,27.07,-0.109,-0.03,0.948,0,29.31531843519715,,85.34952507193958,-1.0,3.0,52.226542,21.059277,10.0
8554,2026-05-11 18:59:18.400000+00:00,52.227242,21.0589399,86.9,26.58,-0.113,-0.027,0.982,0,30.535528307385736,,81.15222085980062,-1.0,3.0,52.226542,21.059277,10.0
8559,2026-05-11 18:59:18.900000+00:00,52.227207,21.0589652,86.9,27.18,-0.122,-0.026,0.969,0,30.645010360726367,10.0,76.93385137112826,-1.0,3.0,52.226542,21.059277,10.0
8564,2026-05-11 18:59:19.400000+00:00,52.2271727,21.0589876,86.8,27.48,-0.122,-0.028,0.97,0,29.57629129138742,10.0,72.84807850620665,-1.0,3.0,52.226542,21.059277,10.0
8569,2026-05-11 18:59:19.900000+00:00,52.2271371,21.0590106,86.7,27.74,-0.149,-0.029,0.956,0,30.65212324723765,10.0,68.61471798893359,-1.0,3.0,52.226542,21.059277,10.0
8574,2026-05-11 18:59:20.400000+00:00,52.2271028,21.059034,86.5,26.28,-0.152,-0.032,0.949,0,29.76191776548241,10.0,64.51720178386242,-1.0,3.0,52.226542,21.059277,10.0
8579,2026-05-11 18:59:20.900000+00:00,52.2270682,21.0590569,86.5,26.59,-0.164,-0.042,0.963,0,29.890690975425,10.0,60.40072469909981,-1.0,3.0,52.226542,21.059277,10.0
8584,2026-05-11 18:59:21.400000+00:00,52.2270346,21.0590821,86.6,25.98,-0.17,-0.072,0.955,0,29.60312523766572,10.0,56.36027554989741,-1.0,3.0,52.226542,21.059277,10.0
8589,2026-05-11 18:59:21.900000+00:00,52.2270015,21.059106,86.6,26.41,-0.166,-0.086,0.952,0,28.976173031810085,10.0,52.40473648373662,-1.0,3.0,52.226542,21.059277,10.0
8594,2026-05-11 18:59:22.400000+00:00,52.2269677,21.059125,86.5,25.63,-0.207,-0.098,0.935,0,28.6196068788013,10.0,48.45460723569799,-1.0,3.0,52.226542,21.059277,10.0
8599,2026-05-11 18:59:22.900000+00:00,52.2269345,21.0591418,86.3,23.98,-0.227,-0.093,0.965,0,27.82757983226813,10.0,44.60491345325626,-1.0,3.0,52.226542,21.059277,10.0
8604,2026-05-11 18:59:23.400000+00:00,52.2269019,21.059157,86.3,21.17,-0.21,-0.074,0.946,0,27.14324693308951,10.0,40.84517333380671,-1.0,3.0,52.226542,21.059277,10.0
8609,2026-05-11 18:59:23.900000+00:00,52.2268703,21.0591715,86.4,20.65,-0.238,-0.071,0.968,0,26.279385809495874,10.0,37.205795928952064,-1.0,3.0,52.226542,21.059277,10.0
8614,2026-05-11 18:59:24.400000+00:00,52.2268428,21.0591829,86.4,19.99,-0.198,-0.058,0.934,0,22.715296657001787,10.0,34.05597626773484,-1.0,3.0,52.226542,21.059277,10.0
8619,2026-05-11 18:59:24.900000+00:00,52.2268165,21.0591956,86.6,18.84,-0.191,0.025,0.96,0,21.95765416554478,10.0,31.02245537363484,-1.0,3.0,52.226542,21.059277,10.0
8624,2026-05-11 18:59:25.400000+00:00,52.2267931,21.0592091,86.6,17.7,-0.158,0.042,0.951,0,19.86949690212307,10.0,28.301469306718577,-1.0,3.0,52.226542,21.059277,10.0
8629,2026-05-11 18:59:25.900000+00:00,52.2267704,21.0592258,86.9,17.52,-0.186,0.022,0.978,0,19.93374332029428,10.0,25.63522673296871,-1.0,3.0,52.226542,21.059277,10.0
8634,2026-05-11 18:59:26.400000+00:00,52.2267478,21.0592418,87.0,17.49,-0.172,0.03,0.943,0,19.72170757685627,10.0,23.009165488736546,-1.0,3.0,52.226542,21.059277,10.0
8639,2026-05-11 18:59:26.900000+00:00,52.2267246,21.0592584,87.0,16.15,-0.186,0.002,0.958,0,20.279634817038787,10.0,20.343678091266373,-1.0,3.0,52.226542,21.059277,10.0
8644,2026-05-11 18:59:27.400000+00:00,52.2267032,21.0592738,87.0,14.59,-0.203,-0.001,0.946,0,18.723567838331377,10.0,17.925947255982067,-1.0,3.0,52.226542,21.059277,10.0
8649,2026-05-11 18:59:27.900000+00:00,52.226685,21.0592879,86.8,13.44,-0.209,-0.002,0.967,0,16.12842026607138,10.0,15.918196760085197,-1.0,3.0,52.226542,21.059277,10.0
8654,2026-05-11 18:59:28.400000+00:00,52.2266672,21.0593023,86.8,12.91,-0.193,-0.056,0.938,0,15.9044737605952,10.0,14.027849373054943,-1.0,3.0,52.226542,21.059277,10.0
8659,2026-05-11 18:59:28.900000+00:00,52.2266511,21.0593128,86.7,11.13,-0.236,-0.058,0.957,0,13.880171384042807,10.0,12.373996248710965,-1.0,3.0,52.226542,21.059277,10.0
8664,2026-05-11 18:59:29.400000+00:00,52.2266361,21.0593206,86.6,8.52,-0.24,-0.06,0.945,0,12.603529342173983,10.0,10.876694681560949,-1.0,3.0,52.226542,21.059277,10.0
8669,2026-05-11 18:59:29.900000+00:00,52.2266226,21.0593274,86.6,6.92,-0.266,-0.021,0.945,0,11.31090013995545,10.0,9.59725119150508,-1.0,3.0,52.226542,21.059277,10.0
8674,2026-05-11 18:59:30.400000+00:00,52.2266145,21.0593327,86.5,4.84,-0.269,-0.006,0.946,0,6.986361133328743,10.0,8.909706263252962,-1.0,3.0,52.226542,21.059277,10.0
8679,2026-05-11 18:59:30.900000+00:00,52.2266072,21.0593364,86.8,2.96,-0.276,-0.023,0.947,0,6.11959424395575,10.0,8.30239834832333,-1.0,3.0,52.226542,21.059277,10.0
8684,2026-05-11 18:59:31.400000+00:00,52.2266029,21.0593384,86.9,0.17,-0.262,-0.021,0.953,0,3.5795858932900875,10.0,7.959041457143479,-1.0,3.0,52.226542,21.059277,10.0
8689,2026-05-11 18:59:31.900000+00:00,52.2266005,21.05934,86.9,0.09,-0.12,-0.031,0.958,0,2.0754825999977737,10.0,7.7927276162207795,-1.0,3.0,52.226542,21.059277,10.0
8694,2026-05-11 18:59:32.400000+00:00,52.226598,21.0593419,87.0,0.15,-0.128,-0.033,0.976,0,2.2077635763279506,10.0,7.636405146998651,-1.0,3.0,52.226542,21.059277,10.0
8699,2026-05-11 18:59:32.900000+00:00,52.2265957,21.059344,87.0,0.05,-0.131,-0.028,0.97,0,2.1098075687591846,10.0,7.515320816886785,-1.0,3.0,52.226542,21.059277,10.0
8704,2026-05-11 18:59:33.400000+00:00,52.2265935,21.0593459,87.1,0.09,-0.125,-0.028,0.969,0,1.9926008696651705,10.0,7.4038051150240065,-1.0,3.0,52.226542,21.059277,10.0
8709,2026-05-11 18:59:33.900000+00:00,52.2265915,21.0593479,87.1,0.1,-0.127,-0.03,0.968,0,1.8777219170070607,10.0,7.322284509793922,-1.0,3.0,52.226542,21.059277,10.0
8714,2026-05-11 18:59:34.400000+00:00,52.2265893,21.0593497,87.2,0.1,-0.128,-0.029,0.968,0,1.970146088739654,10.0,7.223702578019181,-1.0,3.0,52.226542,21.059277,10.0
8719,2026-05-11 18:59:34.900000+00:00,52.2265872,21.0593514,87.2,0.12,-0.136,-0.029,0.967,0,1.8766159536196028,10.0,7.137242351649621,-1.0,3.0,52.226542,21.059277,10.0
8724,2026-05-11 18:59:35.400000+00:00,52.2265852,21.0593527,87.2,0.06,-0.126,-0.036,0.966,0,1.7234554260491943,10.0,7.046946815901053,-1.0,3.0,52.226542,21.059277,10.0
8729,2026-05-11 18:59:35.900000+00:00,52.2265833,21.0593537,87.3,0.14,-0.128,-0.032,0.969,0,1.5982431119613747,10.0,6.955672435354511,-1.0,3.0,52.226542,21.059277,10.0
8734,2026-05-11 18:59:36.400000+00:00,52.2265814,21.0593545,87.2,0.1,-0.126,-0.031,0.97,0,1.5709243074184405,10.0,6.859872278619696,-1.0,3.0,52.226542,21.059277,10.0
8739,2026-05-11 18:59:36.900000+00:00,52.2265798,21.0593554,87.2,0.14,-0.13,-0.031,0.969,0,1.354870095438626,10.0,6.795699387598846,-1.0,3.0,52.226542,21.059277,10.0
8744,2026-05-11 18:59:37.400000+00:00,52.226578,21.0593566,87.2,0.03,-0.13,-0.029,0.967,0,1.5566120645369246,10.0,6.739335420155541,-1.0,3.0,52.226542,21.059277,10.0
8749,2026-05-11 18:59:37.900000+00:00,52.2265762,21.0593579,87.2,0.07,-0.128,-0.032,0.968,0,1.5758060515696368,10.0,6.695091526364552,-1.0,3.0,52.226542,21.059277,10.0
8754,2026-05-11 18:59:38.400000+00:00,52.2265746,21.0593589,87.2,0.23,-0.128,-0.032,0.967,0,1.371629291376215,10.0,6.652669402929219,-1.0,3.0,52.226542,21.059277,10.0
8759,2026-05-11 18:59:38.900000+00:00,52.2265729,21.0593602,87.2,0.18,-0.125,-0.03,0.969,0,1.5029393418632082,10.0,6.627140265962368,-1.0,3.0,52.226542,21.059277,10.0
8764,2026-05-11 18:59:39.400000+00:00,52.2265715,21.0593613,87.2,0.06,-0.131,-0.031,0.968,0,1.2439015979333636,10.0,6.612732359443379,-1.0,3.0,52.226542,21.059277,10.0
8769,2026-05-11 18:59:39.900000+00:00,52.2265701,21.0593622,87.2,0.12,-0.131,-0.03,0.967,0,1.2046134263697186,10.0,6.590817627879565,-1.0,3.0,52.226542,21.059277,10.0
8774,2026-05-11 18:59:40.400000+00:00,52.2265687,21.0593634,87.3,0.11,-0.127,-0.032,0.967,0,1.2659403206526056,10.0,6.591326512837815,-1.0,3.0,52.226542,21.059277,10.0
8779,2026-05-11 18:59:40.900000+00:00,52.2265675,21.0593644,87.3,0.06,-0.127,-0.032,0.971,0,1.0786496963258705,10.0,6.5937373907805865,-1.0,3.0,52.226542,21.059277,10.0
8784,2026-05-11 18:59:41.400000+00:00,52.2265663,21.0593653,87.3,0.05,-0.133,-0.033,0.968,0,1.0572564831057534,10.0,6.593335565446844,-1.0,3.0,52.226542,21.059277,10.0
8789,2026-05-11 18:59:41.900000+00:00,52.2265651,21.0593662,87.4,0.06,-0.132,-0.031,0.964,0,1.0572564880854345,10.0,6.596203429701252,-1.0,3.0,52.226542,21.059277,10.0
8794,2026-05-11 18:59:42.400000+00:00,52.2265639,21.0593675,87.5,0.18,-0.131,-0.035,0.966,0,1.1530074855400705,10.0,6.627668037367212,-1.0,3.0,52.226542,21.059277,10.0
8799,2026-05-11 18:59:42.900000+00:00,52.2265625,21.0593693,87.5,0.57,-0.093,-0.039,0.972,0,1.4267076538057617,10.0,6.687190050347176,-1.0,3.0,52.226542,21.059277,10.0
8804,2026-05-11 18:59:43.400000+00:00,52.2265599,21.0593718,87.6,2.13,-0.045,-0.041,0.972,0,2.415785406790584,10.0,6.756776648420818,-1.0,3.0,52.226542,21.059277,10.0
8809,2026-05-11 18:59:43.900000+00:00,52.2265554,21.0593747,87.6,3.56,-0.034,-0.026,0.98,0,3.873256686509194,10.0,6.819262201618462,-1.0,3.0,52.226542,21.059277,10.0
8814,2026-05-11 18:59:44.400000+00:00,52.2265492,21.0593799,87.6,5.35,-0.018,-0.029,0.968,0,5.5804747933105325,10.0,7.054245711964535,-1.0,3.0,52.226542,21.059277,10.0
8819,2026-05-11 18:59:44.900000+00:00,52.2265411,21.0593871,87.6,7.37,-0.014,-0.023,0.987,0,7.383834267224733,10.0,7.499738034848433,-1.0,3.0,52.226542,21.059277,10.0
8824,2026-05-11 18:59:45.400000+00:00,52.2265308,21.0593964,87.6,9.68,-0.004,-0.039,0.977,0,9.423399157405456,10.0,8.227311887983156,-1.0,3.0,52.226542,21.059277,10.0
8829,2026-05-11 18:59:45.900000+00:00,52.2265173,21.0594089,87.6,12.51,0.005,-0.057,0.97,0,12.425511614053086,10.0,9.3943516412304,-1.0,3.0,52.226542,21.059277,10.0
8834,2026-05-11 18:59:46.400000+00:00,52.2265009,21.0594218,87.5,14.03,0.003,-0.048,0.97,0,14.574462157760696,10.0,10.869942656666153,-1.0,3.0,52.226542,21.059277,10.0
8839,2026-05-11 18:59:46.900000+00:00,52.2264809,21.0594366,87.3,16.5,-0.014,-0.059,0.987,0,17.580227813353467,10.0,12.819063640651075,-1.0,3.0,52.226542,21.059277,10.0
8844,2026-05-11 18:59:47.400000+00:00,52.2264585,21.0594523,87.0,17.68,-0.117,-0.075,0.956,0,19.516422535018982,10.0,15.125125611554378,-1.0,3.0,52.226542,21.059277,10.0
8849,2026-05-11 18:59:47.900000+00:00,52.2264366,21.059468,86.9,17.86,-0.142,-0.032,0.953,0,19.1492405219932,10.0,17.509969937578173,-1.0,3.0,52.226542,21.059277,10.0
8854,2026-05-11 18:59:48.400000+00:00,52.2264155,21.0594826,86.8,16.85,-0.164,-0.039,0.966,0,18.34743900052436,10.0,19.84845972417993,-1.0,3.0,52.226542,21.059277,10.0
8859,2026-05-11 18:59:48.900000+00:00,52.2263956,21.0594963,86.6,16.08,-0.16,-0.042,0.97,0,17.290679827699904,10.0,22.09329599942282,-1.0,3.0,52.226542,21.059277,10.0
8864,2026-05-11 18:59:49.400000+00:00,52.2263768,21.0595077,86.3,14.57,-0.158,-0.039,0.953,0,16.056085526408005,10.0,24.173207809974247,-1.0,3.0,52.226542,21.059277,10.0
8869,2026-05-11 18:59:49.900000+00:00,52.2263582,21.0595206,86.1,15.41,-0.145,-0.038,0.964,0,16.179294735846142,10.0,26.32471285378073,-1.0,3.0,52.226542,21.059277,10.0
8874,2026-05-11 18:59:50.400000+00:00,52.2263397,21.0595346,86.0,15.77,-0.15,-0.037,0.966,0,16.325070383920654,10.0,28.528219636078525,-1.0,3.0,52.226542,21.059277,10.0
8879,2026-05-11 18:59:50.900000+00:00,52.2263208,21.0595495,86.1,15.77,-0.145,-0.041,0.957,0,16.803337014924608,10.0,30.813436445112814,-1.0,3.0,52.226542,21.059277,10.0
8884,2026-05-11 18:59:51.400000+00:00,52.2263027,21.0595627,86.0,14.86,-0.146,-0.041,0.957,0,15.871075761566022,10.0,32.965252281616685,-1.0,3.0,52.226542,21.059277,10.0
8889,2026-05-11 18:59:51.900000+00:00,52.226285,21.0595772,86.2,14.88,-0.151,-0.054,0.967,0,15.854739110821432,10.0,35.138795512911216,-1.0,3.0,52.226542,21.059277,10.0
8894,2026-05-11 18:59:52.400000+00:00,52.2262682,21.0595902,86.2,14.38,-0.152,-0.067,0.964,0,14.884565225588087,10.0,37.17508583156193,-1.0,3.0,52.226542,21.059277,10.0
8899,2026-05-11 18:59:52.900000+00:00,52.2262521,21.0595997,86.2,12.75,-0.136,-0.095,0.967,0,13.70582658715991,10.0,39.01571457199947,-1.0,3.0,52.226542,21.059277,10.0
8904,2026-05-11 18:59:53.400000+00:00,52.2262348,21.0596081,86.2,14.61,-0.107,-0.143,0.953,0,14.45005923420522,10.0,40.93196222658976,-1.0,3.0,52.226542,21.059277,10.0
8909,2026-05-11 18:59:53.900000+00:00,52.2262153,21.0596158,86.3,15.74,-0.087,-0.145,0.958,0,16.061955511089955,10.0,43.037096878587874,-1.0,3.0,52.226542,21.059277,10.0
8914,2026-05-11 18:59:54.400000+00:00,52.2261934,21.0596195,86.4,17.17,-0.069,-0.129,0.968,0,17.626856912641806,10.0,45.24094602787638,-1.0,3.0,52.226542,21.059277,10.0
8919,2026-05-11 18:59:54.900000+00:00,52.2261686,21.059622,86.3,19.23,-0.063,-0.124,0.959,0,19.892782464394298,10.0,47.70856904397413,-1.0,3.0,52.226542,21.059277,10.0
8924,2026-05-11 18:59:55.400000+00:00,52.2261434,21.0596206,86.0,19.65,-0.05,-0.093,0.958,0,20.186886211774805,10.0,50.12160965777512,-1.0,3.0,52.226542,21.059277,10.0
8929,2026-05-11 18:59:55.900000+00:00,52.2261168,21.0596198,86.0,20.08,-0.08,-0.045,0.997,0,21.299665840093763,10.0,52.73109850460471,-1.0,3.0,52.226542,21.059277,10.0
8934,2026-05-11 18:59:56.400000+00:00,52.2260891,21.0596213,86.0,21.64,-0.062,-0.022,0.941,0,22.18891307250541,10.0,55.5526077383814,-1.0,3.0,52.226542,21.059277,10.0
8939,2026-05-11 18:59:56.900000+00:00,52.2260595,21.0596255,86.1,23.42,-0.043,-0.044,0.953,0,23.78720481191628,10.0,58.6679869520658,-1.0,3.0,52.226542,21.059277,10.0
8944,2026-05-11 18:59:57.400000+00:00,52.2260277,21.0596285,86.0,25.52,-0.078,-0.018,0.971,0,25.501664166752917,10.0,61.99679334090812,-1.0,3.0,52.226542,21.059277,10.0
8949,2026-05-11 18:59:57.900000+00:00,52.2259937,21.0596335,86.0,27.28,-0.073,-0.032,0.964,0,27.33073562653969,10.0,65.62566940058392,-1.0,3.0,52.226542,21.059277,10.0
8954,2026-05-11 18:59:58.400000+00:00,52.2259587,21.0596375,85.9,28.08,-0.07,-0.039,0.979,0,28.089700266601263,10.0,69.3522544001657,-1.0,3.0,52.226542,21.059277,10.0
8959,2026-05-11 18:59:58.900000+00:00,52.2259227,21.0596395,85.8,28.42,-0.085,-0.033,0.984,0,28.838409031285394,10.0,73.15558472780216,-1.0,3.0,52.226542,21.059277,10.0
8964,2026-05-11 18:59:59.400000+00:00,52.2258843,21.0596424,85.7,30.0,-0.076,-0.034,0.97,0,30.77605112631349,10.0,77.25179220050906,-1.0,3.0,52.226542,21.059277,10.0
8969,2026-05-11 18:59:59.900000+00:00,52.2258454,21.0596452,85.3,30.11,-0.08,0.006,0.979,0,31.1737321034435,,81.41713163001765,-1.0,3.0,52.226542,21.059277,10.0
8974,2026-05-11 19:00:00.400000+00:00,52.2258055,21.059649,85.2,31.35,-0.075,-0.01,0.976,0,31.998390673604028,,85.7251354548909,-1.0,3.0,52.226542,21.059277,10.0
8979,2026-05-11 19:00:00.900000+00:00,52.2257643,21.0596542,85.0,32.68,-0.088,-0.004,0.991,0,33.08329462848789,,90.21209066585848,-1.0,3.0,52.226542,21.059277,10.0
8984,2026-05-11 19:00:01.400000+00:00,52.2257223,21.0596591,84.8,32.83,-0.057,-0.003,0.942,0,33.711101475601055,,94.78931460314122,-1.0,3.0,52.226542,21.059277,10.0
8989,2026-05-11 19:00:01.900000+00:00,52.225677,21.0596699,84.9,35.24,-0.088,-0.015,0.98,0,36.65204085585504,,99.83712495852964,-1.0,3.0,52.226542,21.059277,10.0
8994,2026-05-11 19:00:02.400000+00:00,52.2256322,21.0596826,85.0,35.71,-0.081,-0.016,0.973,0,36.40377934940184,,104.86943344743152,-1.0,3.0,52.226542,21.059277,10.0
8999,2026-05-11 19:00:02.900000+00:00,52.2255863,21.0596947,85.3,36.66,-0.079,-0.034,0.969,0,37.22372484208404,,110.01148599941202,-1.0,3.0,52.226542,21.059277,10.0
9004,2026-05-11 19:00:03.400000+00:00,52.2255384,21.0597071,85.5,38.38,-0.078,-0.03,0.983,0,38.8280656890508,,115.3763224356977,-1.0,3.0,52.226542,21.059277,10.0
9009,2026-05-11 19:00:03.900000+00:00,52.2254895,21.059719,85.6,38.88,-0.061,-0.042,0.946,0,39.58209345168507,,120.84283881846876,-1.0,3.0,52.226542,21.059277,10.0
9014,2026-05-11 19:00:04.400000+00:00,52.2254387,21.0597318,85.8,41.5,-0.079,-0.036,0.969,0,41.15223962402025,,126.53189482382328,-1.0,3.0,52.226542,21.059277,10.0
9019,2026-05-11 19:00:04.900000+00:00,52.2253886,21.0597412,85.8,40.17,-0.068,-0.05,0.952,0,40.3742745198316,,132.09207328201202,-1.0,3.0,52.226542,21.059277,10.0
9024,2026-05-11 19:00:05.400000+00:00,52.2253376,21.0597531,85.7,39.92,-0.111,-0.01,0.985,0,41.24573425124285,,137.7933596713697,-1.0,3.0,52.226542,21.059277,10.0
9029,2026-05-11 19:00:05.900000+00:00,52.2252875,21.0597629,85.6,39.96,-0.142,-0.007,0.966,0,40.39714396392409,,143.36638094974015,-1.0,3.0,52.226542,21.059277,10.0
9034,2026-05-11 19:00:06.400000+00:00,52.2252388,21.0597692,85.3,38.76,-0.153,0.003,0.963,0,39.11161257405278,,148.7367018233826,-1.0,3.0,52.226542,21.059277,10.0
9039,2026-05-11 19:00:06.900000+00:00,52.2251877,21.0597797,85.2,40.29,-0.137,-0.062,0.932,0,41.23363586150935,,154.43485352098384,-1.0,3.0,52.226542,21.059277,10.0
9044,2026-05-11 19:00:07.400000+00:00,52.2251401,21.0597917,84.9,38.71,-0.138,-0.064,0.963,0,38.56044997950918,,159.7776676315048,-1.0,3.0,52.226542,21.059277,10.0
9049,2026-05-11 19:00:07.900000+00:00,52.2250916,21.0597981,85.0,38.4,-0.132,-0.017,0.966,0,38.95591575011788,,165.1365957468361,-1.0,3.0,52.226542,21.059277,10.0
9054,2026-05-11 19:00:08.400000+00:00,52.225042,21.0598003,84.5,38.35,-0.127,-0.052,0.99,0,39.72458667145587,,170.55834117899113,-1.0,3.0,52.226542,21.059277,10.0
9059,2026-05-11 19:00:08.900000+00:00,52.2249924,21.0598046,84.3,39.22,-0.105,-0.095,0.926,0,39.76588695089974,,176.01517396671383,-1.0,3.0,52.226542,21.059277,10.0
9064,2026-05-11 19:00:09.400000+00:00,52.2249426,21.05981,83.7,38.81,-0.152,-0.06,0.99,0,39.9579083002215,,181.51277459809015,-1.0,3.0,52.226542,21.059277,10.0
9069,2026-05-11 19:00:09.900000+00:00,52.2248925,21.059811,83.7,40.17,-0.163,-0.001,0.933,0,40.11323196500905,,186.9876377300519,-1.0,3.0,52.226542,21.059277,10.0
9074,2026-05-11 19:00:10.400000+00:00,52.224844,21.0598128,83.5,38.19,-0.163,-0.016,0.949,0,38.83930154785445,,192.3036770135806,-1.0,3.0,52.226542,21.059277,10.0
9079,2026-05-11 19:00:10.900000+00:00,52.2247964,21.0598129,83.0,37.45,-0.141,-0.027,0.961,0,38.10875681165657,,197.50418584207577,-1.0,3.0,52.226542,21.059277,10.0
9084,2026-05-11 19:00:11.400000+00:00,52.2247493,21.0598137,82.5,37.83,-0.173,-0.002,0.994,0,37.71046450732236,,202.66338326352505,-1.0,3.0,52.226542,21.059277,10.0
9089,2026-05-11 19:00:11.900000+00:00,52.224702,21.0598139,82.2,37.94,-0.124,-0.055,0.889,0,37.86867124473652,,207.8411978071147,-1.0,3.0,52.226542,21.059277,10.0
9094,2026-05-11 19:00:12.400000+00:00,52.224658,21.0598136,81.6,34.83,-0.184,-0.05,1.007,0,35.226860005854455,,212.6556779942283,-1.0,3.0,52.226542,21.059277,10.0
9099,2026-05-11 19:00:12.900000+00:00,52.2246132,21.0598176,81.0,35.35,-0.152,-0.044,0.943,0,35.92064143427364,,217.61070623422185,-1.0,3.0,52.226542,21.059277,10.0
9104,2026-05-11 19:00:13.400000+00:00,52.2245668,21.0598195,80.9,36.77,-0.163,-0.045,0.966,0,37.15968577513879,,222.71890102243265,-1.0,3.0,52.226542,21.059277,10.0
9109,2026-05-11 19:00:13.900000+00:00,52.2245192,21.0598212,80.9,37.35,-0.156,-0.034,0.943,0,38.117844015142296,,227.9589194318416,-1.0,3.0,52.226542,21.059277,10.0
9114,2026-05-11 19:00:14.400000+00:00,52.2244739,21.0598183,80.8,35.25,-0.166,-0.019,0.98,0,36.2952131643787,,232.89910363052775,-1.0,3.0,52.226542,21.059277,10.0
9119,2026-05-11 19:00:14.900000+00:00,52.2244267,21.0598155,80.8,35.69,-0.147,-0.031,0.904,0,37.81342576153194,,238.05331433783272,-1.0,3.0,52.226542,21.059277,10.0
9124,2026-05-11 19:00:15.400000+00:00,52.2243807,21.0598128,80.6,35.25,-0.189,-0.005,1.039,0,36.851557077746754,,243.0808028150719,-1.0,3.0,52.226542,21.059277,10.0
9129,2026-05-11 19:00:15.900000+00:00,52.2243356,21.0598101,80.5,34.6,-0.139,0.007,0.939,0,36.13148856908279,,248.01300602025884,-1.0,3.0,52.226542,21.059277,10.0
9134,2026-05-11 19:00:16.400000+00:00,52.2242907,21.0598082,80.4,34.56,-0.149,0.011,0.949,0,35.95917095120453,,252.93437259422885,-1.0,3.0,52.226542,21.059277,10.0
9139,2026-05-11 19:00:16.900000+00:00,52.2242466,21.0598076,80.2,34.09,-0.164,0.024,0.965,0,35.30783929541533,,257.7828622173793,-1.0,3.0,52.226542,21.059277,10.0
9144,2026-05-11 19:00:17.400000+00:00,52.2242022,21.0598088,80.2,33.49,-0.154,0.003,0.957,0,35.55166553897071,,262.6833283900215,-1.0,3.0,52.226542,21.059277,10.0
9149,2026-05-11 19:00:17.900000+00:00,52.2241586,21.05981,80.4,33.29,-0.14,0.015,0.959,0,34.91127214051707,,267.4970315156581,-1.0,3.0,52.226542,21.059277,10.0
9154,2026-05-11 19:00:18.400000+00:00,52.2241155,21.0598118,80.4,32.76,-0.171,0.0,0.949,0,34.51729983411333,,272.2623456155182,-1.0,3.0,52.226542,21.059277,10.0
9159,2026-05-11 19:00:18.900000+00:00,52.2240732,21.0598145,80.6,31.4,-0.184,0.03,1.039,0,33.891404630995574,,276.9485709647359,-1.0,3.0,52.226542,21.059277,10.0
9164,2026-05-11 19:00:19.400000+00:00,52.2240308,21.0598217,80.5,33.74,-0.155,0.01,0.92,0,34.128749248765224,,281.68672509283914,-1.0,3.0,52.226542,21.059277,10.0
9169,2026-05-11 19:00:19.900000+00:00,52.2239929,21.0598233,80.6,29.06,-0.224,0.019,0.981,0,30.35301619845174,,285.87900406241744,-1.0,3.0,52.226542,21.059277,10.0
9174,2026-05-11 19:00:20.400000+00:00,52.2239574,21.0598247,80.6,26.64,-0.179,0.03,0.946,0,28.42971549414498,,289.8055598414107,-1.0,3.0,52.226542,21.059277,10.0
9179,2026-05-11 19:00:20.900000+00:00,52.2239224,21.0598272,80.7,25.9,-0.172,0.036,0.975,0,28.04793251050554,,293.68711243133424,-1.0,3.0,52.226542,21.059277,10.0
9184,2026-05-11 19:00:21.400000+00:00,52.2238892,21.0598293,80.9,24.88,-0.176,0.031,0.956,0,26.599980854393664,,297.36704114430233,-1.0,3.0,52.226542,21.059277,10.0
9189,2026-05-11 19:00:21.900000+00:00,52.2238584,21.0598321,81.1,22.47,-0.2,0.044,0.969,0,24.69679358149283,,300.7885567891553,-1.0,3.0,52.226542,21.059277,10.0
9194,2026-05-11 19:00:22.400000+00:00,52.2238306,21.0598341,81.2,20.11,-0.186,0.031,0.958,0,22.278379562879348,,303.87248744016745,-1.0,3.0,52.226542,21.059277,10.0
9199,2026-05-11 19:00:22.900000+00:00,52.2238044,21.0598374,81.4,19.04,-0.159,0.017,0.948,0,21.03815468229965,,306.7910930061245,-1.0,3.0,52.226542,21.059277,10.0
9204,2026-05-11 19:00:23.400000+00:00,52.2237802,21.0598396,81.5,17.35,-0.143,0.023,0.956,0,19.404623634799268,,309.4798024827241,-1.0,3.0,52.226542,21.059277,10.0
9209,2026-05-11 19:00:23.900000+00:00,52.223758,21.0598417,81.6,15.74,-0.152,0.004,0.966,0,17.803211988179086,,311.94708847770335,-1.0,3.0,52.226542,21.059277,10.0
9214,2026-05-11 19:00:24.400000+00:00,52.2237374,21.0598442,81.7,14.44,-0.187,0.007,0.968,0,16.537943563952457,,314.2412426431053,-1.0,3.0,52.226542,21.059277,10.0
9219,2026-05-11 19:00:24.900000+00:00,52.2237185,21.0598472,81.8,12.96,-0.158,-0.007,0.939,0,15.202768205164908,,316.3520116999006,-1.0,3.0,52.226542,21.059277,10.0
9224,2026-05-11 19:00:25.400000+00:00,52.2237013,21.0598502,82.0,11.83,-0.15,0.0,0.964,0,13.848757497346384,,318.2751857402003,-1.0,3.0,52.226542,21.059277,10.0
9229,2026-05-11 19:00:25.900000+00:00,52.2236859,21.0598527,82.1,10.78,-0.138,-0.015,0.964,0,12.390107390560946,,319.99554694777413,-1.0,3.0,52.226542,21.059277,10.0
9234,2026-05-11 19:00:26.400000+00:00,52.2236704,21.0598562,82.4,9.57,-0.135,-0.012,0.961,0,12.5275097293792,,321.73529428727085,-1.0,3.0,52.226542,21.059277,10.0
9239,2026-05-11 19:00:26.900000+00:00,52.2236558,21.0598604,82.7,9.18,-0.132,-0.02,0.965,0,11.868916078631194,,323.38157999775154,-1.0,3.0,52.226542,21.059277,10.0
9244,2026-05-11 19:00:27.400000+00:00,52.2236417,21.0598649,83.1,8.75,-0.132,-0.017,0.959,0,11.502220797638136,,324.9752307641105,-1.0,3.0,52.226542,21.059277,10.0
9249,2026-05-11 19:00:27.900000+00:00,52.22363,21.0598683,83.3,7.28,-0.137,-0.021,0.968,0,9.514321068067408,,326.2948413958497,-1.0,3.0,52.226542,21.059277,10.0
9254,2026-05-11 19:00:28.400000+00:00,52.2236184,21.0598716,83.5,7.02,-0.126,-0.027,0.968,0,9.426966833135658,,327.6025904169469,-1.0,3.0,52.226542,21.059277,10.0
9259,2026-05-11 19:00:28.900000+00:00,52.2236093,21.0598731,83.6,5.9,-0.114,-0.024,0.961,0,7.32253861979692,,328.2050297980605,-1.0,3.0,52.226542,21.059277,10.0
9264,2026-05-11 19:00:29.400000+00:00,52.223601,21.0598741,83.8,5.57,-0.152,-0.024,0.967,0,6.663082502765381,,327.6500526364504,-1.0,3.0,52.226542,21.059277,10.0
9269,2026-05-11 19:00:29.900000+00:00,52.223594,21.0598749,84.0,3.85,-0.168,-0.021,0.966,0,5.617941524227636,,327.18579557539925,-1.0,3.0,52.226542,21.059277,10.0
9274,2026-05-11 19:00:30.400000+00:00,52.223589,21.0598758,84.1,2.83,-0.183,-0.02,0.961,0,4.0272787934058965,,326.83601799927567,-1.0,3.0,52.226542,21.059277,10.0
9279,2026-05-11 19:00:30.900000+00:00,52.2235865,21.0598761,84.0,0.78,-0.197,-0.013,0.96,0,2.0069091540877024,,326.6699807256184,-1.0,3.0,52.226542,21.059277,10.0
9284,2026-05-11 19:00:31.400000+00:00,52.2235851,21.0598771,84.1,0.15,-0.139,-0.032,0.973,0,1.2234458534804862,,326.52917312701896,-1.0,3.0,52.226542,21.059277,10.0
9289,2026-05-11 19:00:31.900000+00:00,52.2235835,21.0598783,84.2,0.06,-0.093,-0.028,0.966,0,1.4096918166805277,,326.3649940994948,-1.0,3.0,52.226542,21.059277,10.0
9294,2026-05-11 19:00:32.400000+00:00,52.2235817,21.05988,84.3,0.21,-0.094,-0.024,0.967,0,1.6648878068527015,,326.1601787575264,-1.0,3.0,52.226542,21.059277,10.0
9299,2026-05-11 19:00:32.900000+00:00,52.2235799,21.0598815,84.4,0.09,-0.093,-0.031,0.969,0,1.6179970454596673,,325.9669185902812,-1.0,3.0,52.226542,21.059277,10.0
9304,2026-05-11 19:00:33.400000+00:00,52.2235783,21.0598829,84.4,0.05,-0.093,-0.027,0.973,0,1.4533770783750442,,325.791324932974,-1.0,3.0,52.226542,21.059277,10.0
9309,2026-05-11 19:00:33.900000+00:00,52.2235769,21.0598841,84.5,0.09,-0.092,-0.027,0.973,0,1.2659587538259596,,325.6391459638609,-1.0,3.0,52.226542,21.059277,10.0
9314,2026-05-11 19:00:34.400000+00:00,52.2235754,21.059885,84.5,0.08,-0.096,-0.026,0.973,0,1.2794529723476118,,325.4983529387908,-1.0,3.0,52.226542,21.059277,10.0
9319,2026-05-11 19:00:34.900000+00:00,52.223574,21.0598859,84.6,0.01,-0.095,-0.027,0.973,0,1.2046243433282195,,325.3635200809185,-1.0,3.0,52.226542,21.059277,10.0
9324,2026-05-11 19:00:35.400000+00:00,52.2235725,21.0598865,84.6,0.11,-0.095,-0.024,0.973,0,1.23643152353432,,325.24009313566853,-1.0,3.0,52.226542,21.059277,10.0
9329,2026-05-11 19:00:35.900000+00:00,52.2235711,21.0598873,84.6,0.11,-0.091,-0.027,0.973,0,1.1875311760414862,,325.11109366409187,-1.0,3.0,52.226542,21.059277,10.0
9334,2026-05-11 19:00:36.400000+00:00,52.2235698,21.0598879,84.6,0.18,-0.097,-0.026,0.972,0,1.0815831119728716,,324.99957745350093,-1.0,3.0,52.226542,21.059277,10.0
9339,2026-05-11 19:00:36.900000+00:00,52.2235688,21.0598884,84.6,0.17,-0.099,-0.026,0.972,0,0.8373157100521775,,324.91159818944897,-1.0,3.0,52.226542,21.059277,10.0
9344,2026-05-11 19:00:37.400000+00:00,52.2235677,21.059889,84.6,0.08,-0.096,-0.022,0.969,0,0.9285248518885482,,324.8119566942145,-1.0,3.0,52.226542,21.059277,10.0
9349,2026-05-11 19:00:37.900000+00:00,52.2235664,21.0598897,84.6,0.04,-0.095,-0.026,0.972,0,1.095942744703758,,324.69474979574244,-1.0,3.0,52.226542,21.059277,10.0
9354,2026-05-11 19:00:38.400000+00:00,52.2235651,21.0598903,84.6,0.12,-0.094,-0.023,0.971,0,1.081583120446468,,324.58334386772185,-1.0,3.0,52.226542,21.059277,10.0
9359,2026-05-11 19:00:38.900000+00:00,52.2235638,21.0598909,84.6,0.09,-0.095,-0.024,0.972,0,1.0815831178896065,,324.4719692344026,-1.0,3.0,52.226542,21.059277,10.0
9364,2026-05-11 19:00:39.400000+00:00,52.2235625,21.0598914,84.7,0.11,-0.095,-0.024,0.974,0,1.0692820532714042,,324.366400129013,-1.0,3.0,52.226542,21.059277,10.0
9369,2026-05-11 19:00:39.900000+00:00,52.2235614,21.0598918,84.7,0.04,-0.092,-0.025,0.971,0,0.9022488818822394,,324.2784314451754,-1.0,3.0,52.226542,21.059277,10.0
9374,2026-05-11 19:00:40.400000+00:00,52.2235603,21.0598922,84.7,0.08,-0.096,-0.025,0.972,0,0.902248888248893,,324.1904873276612,-1.0,3.0,52.226542,21.059277,10.0
9379,2026-05-11 19:00:40.900000+00:00,52.2235595,21.0598924,84.7,0.04,-0.094,-0.027,0.972,0,0.6479500469576658,,324.13179518591306,-1.0,3.0,52.226542,21.059277,10.0
9384,2026-05-11 19:00:41.400000+00:00,52.2235586,21.0598928,84.6,0.08,-0.094,-0.027,0.97,0,0.7467708410040804,,324.0556725599784,-1.0,3.0,52.226542,21.059277,10.0
9389,2026-05-11 19:00:41.900000+00:00,52.2235577,21.0598931,84.6,0.04,-0.094,-0.026,0.972,0,0.7354113208060779,,323.98534381077206,-1.0,3.0,52.226542,21.059277,10.0
9394,2026-05-11 19:00:42.400000+00:00,52.2235568,21.0598935,84.6,0.15,-0.093,-0.026,0.972,0,0.746770843093052,,323.90925261506067,-1.0,3.0,52.226542,21.059277,10.0
9399,2026-05-11 19:00:42.900000+00:00,52.2235558,21.0598941,84.6,0.03,-0.094,-0.023,0.969,0,0.8529686920176285,,323.8157334036082,-1.0,3.0,52.226542,21.059277,10.0
9404,2026-05-11 19:00:43.400000+00:00,52.2235547,21.0598947,84.6,0.05,-0.092,-0.023,0.971,0,0.928524874359398,,323.71634978510417,-1.0,3.0,52.226542,21.059277,10.0
9409,2026-05-11 19:00:43.900000+00:00,52.2235538,21.0598952,84.6,0.09,-0.092,-0.021,0.972,0,0.7611268732706009,,323.6345258157135,-1.0,3.0,52.226542,21.059277,10.0
9414,2026-05-11 19:00:44.400000+00:00,52.2235527,21.059896,84.6,0.21,-0.095,-0.023,0.972,0,0.964108906088906,,323.5236146558932,-1.0,3.0,52.226542,21.059277,10.0
9419,2026-05-11 19:00:44.900000+00:00,52.2235518,21.0598967,84.5,0.1,-0.092,-0.023,0.973,0,0.7981482164676,,323.43025331356216,-1.0,3.0,52.226542,21.059277,10.0
9424,2026-05-11 19:00:45.400000+00:00,52.2235509,21.0598974,84.5,0.04,-0.091,-0.024,0.971,0,0.7981482286555391,,323.3369030171635,-1.0,3.0,52.226542,21.059277,10.0
9429,2026-05-11 19:00:45.900000+00:00,52.22355,21.0598981,84.5,0.08,-0.092,-0.025,0.97,0,0.7981482224532654,,323.24356377776263,-1.0,3.0,52.226542,21.059277,10.0
9434,2026-05-11 19:00:46.400000+00:00,52.2235495,21.0598996,84.3,0.1,-0.093,-0.022,0.974,0,0.8375124502403202,,323.1274377439755,-1.0,3.0,52.226542,21.059277,10.0
9439,2026-05-11 19:00:46.900000+00:00,52.2235494,21.0599009,84.2,0.12,-0.093,-0.022,0.974,0,0.6425731040185367,,323.04636881829447,-1.0,3.0,52.226542,21.059277,10.0
9444,2026-05-11 19:00:47.400000+00:00,52.2235492,21.0599019,84.1,0.18,-0.091,-0.024,0.973,0,0.5159123806787204,,322.97678250292546,-1.0,3.0,52.226542,21.059277,10.0
9449,2026-05-11 19:00:47.900000+00:00,52.2235489,21.0599032,84.0,0.12,-0.095,-0.025,0.97,0,0.6813057172476946,,322.8839722006781,-1.0,3.0,52.226542,21.059277,10.0
9454,2026-05-11 19:00:48.400000+00:00,52.2235487,21.0599042,83.8,0.17,-0.092,-0.025,0.97,0,0.5159123828648358,,322.8143877672614,-1.0,3.0,52.226542,21.059277,10.0
9459,2026-05-11 19:00:48.900000+00:00,52.2235485,21.0599052,83.7,0.17,-0.092,-0.024,0.972,0,0.5159123880280799,,322.74480423916,-1.0,3.0,52.226542,21.059277,10.0
9464,2026-05-11 19:00:49.400000+00:00,52.2235482,21.0599063,83.6,0.05,-0.093,-0.025,0.972,0,0.5905290419312718,,322.6635634082014,-1.0,3.0,52.226542,21.059277,10.0
9469,2026-05-11 19:00:49.900000+00:00,52.223548,21.0599073,83.5,0.09,-0.094,-0.024,0.973,0,0.5159123917947948,,322.59398138390395,-1.0,3.0,52.226542,21.059277,10.0
9474,2026-05-11 19:00:50.400000+00:00,52.2235477,21.059908,83.4,0.15,-0.092,-0.023,0.971,0,0.4189810820167331,,322.5358736796365,-1.0,3.0,52.226542,21.059277,10.0
9479,2026-05-11 19:00:50.900000+00:00,52.2235475,21.0599089,83.3,0.04,-0.092,-0.024,0.971,0,0.4695375144060499,,322.47207534067,-1.0,3.0,52.226542,21.059277,10.0
9484,2026-05-11 19:00:51.400000+00:00,52.2235472,21.05991,83.1,0.16,-0.091,-0.025,0.971,0,0.5905290557475916,,322.3908358623481,-1.0,3.0,52.226542,21.059277,10.0
9489,2026-05-11 19:00:51.900000+00:00,52.2235468,21.0599112,83.0,0.07,-0.091,-0.026,0.972,0,0.6700099863644091,,322.2979377679611,-1.0,3.0,52.226542,21.059277,10.0
9494,2026-05-11 19:00:52.400000+00:00,52.2235464,21.0599122,82.8,0.14,-0.096,-0.024,0.973,0,0.5857316198232023,,322.216605276636,-1.0,3.0,52.226542,21.059277,10.0
9499,2026-05-11 19:00:52.900000+00:00,52.2235459,21.0599135,82.8,0.04,-0.094,-0.025,0.973,0,0.7528160965896165,,322.1120482708427,-1.0,3.0,52.226542,21.059277,10.0
9504,2026-05-11 19:00:53.400000+00:00,52.2235455,21.0599146,82.7,0.11,-0.092,-0.025,0.973,0,0.6273692677283118,,322.0249329902299,-1.0,3.0,52.226542,21.059277,10.0
9509,2026-05-11 19:00:53.900000+00:00,52.2235452,21.0599156,82.6,0.01,-0.091,-0.024,0.973,0,0.5460896677005597,,321.94947675776365,-1.0,3.0,52.226542,21.059277,10.0
9514,2026-05-11 19:00:54.400000+00:00,52.2235447,21.0599165,82.5,0.06,-0.092,-0.024,0.971,0,0.5958761129597069,,321.86805085880064,-1.0,3.0,52.226542,21.059277,10.0
9519,2026-05-11 19:00:54.900000+00:00,52.2235442,21.0599172,82.5,0.04,-0.095,-0.023,0.971,0,0.5273516009739077,,321.7981917725683,-1.0,3.0,52.226542,21.059277,10.0
9524,2026-05-11 19:00:55.400000+00:00,52.2235438,21.0599178,82.5,0.08,-0.095,-0.023,0.97,0,0.4349071940168418,,321.7399922688556,-1.0,3.0,52.222015,21.063928,11.0
9529,2026-05-11 19:00:55.900000+00:00,52.2235432,21.0599185,82.5,0.06,-0.092,-0.024,0.972,0,0.5904286279692647,,321.6642617348791,-1.0,3.0,52.222015,21.063928,11.0
9534,2026-05-11 19:00:56.400000+00:00,52.2235427,21.0599191,82.6,0.03,-0.095,-0.024,0.973,0,0.4968210971362804,,321.6001913182283,-1.0,3.0,52.222015,21.063928,11.0
9539,2026-05-11 19:00:56.900000+00:00,52.2235421,21.0599196,82.7,0.05,-0.094,-0.023,0.973,0,0.539332445373808,,321.5360350037114,-1.0,3.0,52.222015,21.063928,11.0
9544,2026-05-11 19:00:57.400000+00:00,52.2235414,21.0599203,82.7,0.13,-0.093,-0.024,0.974,0,0.6572149939935047,,321.4544428671033,-1.0,3.0,52.222015,21.063928,11.0
9549,2026-05-11 19:00:57.900000+00:00,52.2235409,21.0599211,82.7,0.02,-0.093,-0.025,0.972,0,0.560516528729041,,321.3788107093345,-1.0,3.0,52.222015,21.063928,11.0
9554,2026-05-11 19:00:58.400000+00:00,52.2235404,21.0599217,82.8,0.03,-0.093,-0.024,0.97,0,0.4968211143702624,,321.31475014894033,-1.0,3.0,52.222015,21.063928,11.0
9559,2026-05-11 19:00:58.900000+00:00,52.22354,21.0599223,82.8,0.13,-0.094,-0.025,0.972,0,0.4349072110547758,,321.25656055588087,-1.0,3.0,52.222015,21.063928,11.0
9564,2026-05-11 19:00:59.400000+00:00,52.2235395,21.0599229,82.9,0.03,-0.093,-0.025,0.969,0,0.4968211096959982,,321.1925033363424,-1.0,3.0,52.222015,21.063928,11.0
9569,2026-05-11 19:00:59.900000+00:00,52.2235391,21.0599234,82.9,0.07,-0.092,-0.024,0.97,0,0.4033439096170374,,321.1401018348083,-1.0,3.0,52.222015,21.063928,11.0
9574,2026-05-11 19:01:00.400000+00:00,52.2235388,21.0599238,82.9,0.09,-0.095,-0.023,0.973,0,0.3101149218525201,,321.0993549692296,-1.0,3.0,52.222015,21.063928,11.0
9579,2026-05-11 19:01:00.900000+00:00,52.2235385,21.0599242,83.0,0.04,-0.095,-0.026,0.969,0,0.3101149187466421,,321.0586087106845,-1.0,3.0,52.222015,21.063928,11.0
9584,2026-05-11 19:01:01.400000+00:00,52.2235381,21.0599247,83.0,0.04,-0.093,-0.024,0.972,0,0.4033439129743513,,321.0062101529871,-1.0,3.0,52.222015,21.063928,11.0
9589,2026-05-11 19:01:01.900000+00:00,52.2235379,21.059925,83.1,0.09,-0.092,-0.024,0.974,0,0.217453612334421,,320.97711801468427,-1.0,3.0,52.222015,21.063928,11.0
9594,2026-05-11 19:01:02.400000+00:00,52.2235376,21.0599252,83.1,0.12,-0.092,-0.021,0.972,0,0.259437883625991,,320.94794722191926,-1.0,3.0,52.222015,21.063928,11.0
9599,2026-05-11 19:01:02.900000+00:00,52.2235373,21.0599253,83.2,0.05,-0.094,-0.024,0.974,0,0.2451371116133053,,320.924564942505,-1.0,3.0,52.222015,21.063928,11.0
9604,2026-05-11 19:01:03.400000+00:00,52.2235372,21.0599253,83.2,0.03,-0.092,-0.024,0.971,0,0.0800603454635506,,320.918700353105,-1.0,3.0,52.222015,21.063928,11.0
9609,2026-05-11 19:01:03.900000+00:00,52.223537,21.0599254,83.3,0.08,-0.092,-0.023,0.971,0,0.1674631545560519,,320.90118457156456,-1.0,3.0,52.222015,21.063928,11.0
9614,2026-05-11 19:01:04.400000+00:00,52.2235368,21.0599257,83.3,0.12,-0.095,-0.023,0.971,0,0.2174536148004377,,320.87209442447283,-1.0,3.0,52.222015,21.063928,11.0
9619,2026-05-11 19:01:04.900000+00:00,52.2235366,21.0599259,83.3,0.06,-0.093,-0.024,0.971,0,0.1877757143249903,,320.8487921016204,-1.0,3.0,52.222015,21.063928,11.0
9624,2026-05-11 19:01:05.400000+00:00,52.2235365,21.0599258,83.3,0.09,-0.093,-0.025,0.97,0,0.0938878576564396,,320.8487165892211,-1.0,3.0,52.222015,21.063928,11.0
9629,2026-05-11 19:01:05.900000+00:00,52.2235364,21.0599257,83.4,0.08,-0.094,-0.024,0.971,0,0.0938878612420053,,320.8486416062509,-1.0,3.0,52.222015,21.063928,11.0
9634,2026-05-11 19:01:06.400000+00:00,52.2235364,21.0599256,83.5,0.08,-0.094,-0.024,0.971,0,0.0490435614104708,,320.85442955695834,-1.0,3.0,52.222015,21.063928,11.0
9639,2026-05-11 19:01:06.900000+00:00,52.2235362,21.0599256,83.6,0.13,-0.092,-0.021,0.971,0,0.1601206960198276,,320.8427050285699,-1.0,3.0,52.222015,21.063928,11.0
9644,2026-05-11 19:01:07.400000+00:00,52.223536,21.0599252,83.7,0.08,-0.092,-0.026,0.971,0,0.2532251374254166,,320.85413551043524,-1.0,3.0,52.222015,21.063928,11.0
9649,2026-05-11 19:01:07.900000+00:00,52.2235357,21.0599248,83.9,0.14,-0.092,-0.027,0.971,0,0.310114925584871,,320.8597095524461,-1.0,3.0,52.222015,21.063928,11.0
9654,2026-05-11 19:01:08.400000+00:00,52.2235354,21.0599243,84.1,0.06,-0.097,-0.024,0.971,0,0.3432472973246185,,320.87107881033694,-1.0,3.0,52.222015,21.063928,11.0
9659,2026-05-11 19:01:08.900000+00:00,52.223535,21.0599236,84.4,0.07,-0.096,-0.026,0.972,0,0.4694814450089549,,320.8881782945122,-1.0,3.0,52.222015,21.063928,11.0
9664,2026-05-11 19:01:09.400000+00:00,52.2235346,21.0599231,84.6,0.12,-0.094,-0.025,0.971,0,0.4033439256732841,,320.89370828355084,-1.0,3.0,52.222015,21.063928,11.0
9669,2026-05-11 19:01:09.900000+00:00,52.2235343,21.0599223,84.8,0.01,-0.094,-0.022,0.972,0,0.4600263917956204,,320.92247570760367,-1.0,3.0,52.222015,21.063928,11.0
9674,2026-05-11 19:01:10.400000+00:00,52.223534,21.0599214,85.1,0.06,-0.092,-0.025,0.971,0,0.5025076044023213,,320.95704544573755,-1.0,3.0,52.222015,21.063928,11.0
9679,2026-05-11 19:01:10.900000+00:00,52.2235338,21.0599206,85.3,0.13,-0.092,-0.024,0.973,0,0.4237640730024478,,320.99168366804633,-1.0,3.0,52.222015,21.063928,11.0
9684,2026-05-11 19:01:11.400000+00:00,52.2235335,21.0599197,85.5,0.1,-0.094,-0.023,0.971,0,0.5025076077038813,,321.0262738464378,-1.0,3.0,52.222015,21.063928,11.0
9689,2026-05-11 19:01:11.900000+00:00,52.2235333,21.0599189,85.8,0.12,-0.095,-0.024,0.973,0,0.4237640770927304,,321.060928106616,-1.0,3.0,52.222015,21.063928,11.0
9694,2026-05-11 19:01:12.400000+00:00,52.2235331,21.0599182,86.0,0.04,-0.093,-0.023,0.973,0,0.3788098824128548,,321.0897949738597,-1.0,3.0,52.222015,21.063928,11.0
9699,2026-05-11 19:01:12.900000+00:00,52.223533,21.0599174,86.2,0.1,-0.092,-0.024,0.971,0,0.4004335364111794,,321.1303070740806,-1.0,3.0,52.222015,21.063928,11.0
9704,2026-05-11 19:01:13.400000+00:00,52.223533,21.0599165,86.4,0.03,-0.093,-0.024,0.972,0,0.4413920818107885,,321.1824623124986,-1.0,3.0,52.222015,21.063928,11.0
9709,2026-05-11 19:01:13.900000+00:00,52.2235328,21.0599158,86.6,0.17,-0.095,-0.025,0.973,0,0.3788098845148101,,321.2113448359862,-1.0,3.0,52.222015,21.063928,11.0
9714,2026-05-11 19:01:14.400000+00:00,52.2235325,21.059915,86.7,0.05,-0.092,-0.026,0.974,0,0.4600264053599143,,321.2401889565824,-1.0,3.0,52.222015,21.063928,11.0
9719,2026-05-11 19:01:14.900000+00:00,52.2235319,21.0599144,86.9,0.12,-0.092,-0.024,0.974,0,0.5633271680520809,,321.2399335318494,-1.0,3.0,52.222015,21.063928,11.0
9724,2026-05-11 19:01:15.400000+00:00,52.2235315,21.0599136,87.0,0.04,-0.096,-0.024,0.972,0,0.5064503069804706,,321.26296528753073,-1.0,3.0,52.222015,21.063928,11.0
9729,2026-05-11 19:01:15.900000+00:00,52.2235309,21.0599129,87.1,0.07,-0.093,-0.022,0.973,0,0.5904286841681061,,321.26854393984394,-1.0,3.0,52.222015,21.063928,11.0
9734,2026-05-11 19:01:16.400000+00:00,52.2235304,21.0599122,87.3,0.03,-0.092,-0.025,0.972,0,0.5273516704287167,,321.27997497299344,-1.0,3.0,52.222015,21.063928,11.0
9739,2026-05-11 19:01:16.900000+00:00,52.2235299,21.0599116,87.4,0.01,-0.095,-0.022,0.971,0,0.4968211473751517,,321.28562185575555,-1.0,3.0,52.222015,21.063928,11.0
9744,2026-05-11 19:01:17.400000+00:00,52.2235296,21.0599109,87.5,0.19,-0.088,-0.02,0.973,0,0.4189811979537124,,321.3087402757436,-1.0,3.0,52.222015,21.063928,11.0
9749,2026-05-11 19:01:17.900000+00:00,52.2235292,21.0599101,87.7,0.13,-0.096,-0.022,0.973,0,0.5064503227238675,,321.33184293528365,-1.0,3.0,52.222015,21.063928,11.0
9754,2026-05-11 19:01:18.400000+00:00,52.2235288,21.0599095,87.7,0.07,-0.066,-0.024,0.972,0,0.4349072650218428,,321.3433544270793,-1.0,3.0,52.222015,21.063928,11.0
9759,2026-05-11 19:01:18.900000+00:00,52.223528,21.0599087,87.6,0.99,-0.064,-0.031,0.974,0,0.7511029051078468,,321.3431956379676,-1.0,3.0,52.222015,21.063928,11.0
9764,2026-05-11 19:01:19.400000+00:00,52.2235261,21.0599087,87.6,2.1,-0.031,-0.032,0.98,0,1.5211465943638205,,321.2326413233125,-1.0,3.0,52.222015,21.063928,11.0
9769,2026-05-11 19:01:19.900000+00:00,52.2235226,21.0599089,87.7,3.27,-0.017,-0.034,0.98,0,2.803828383274113,,321.01763452399445,-1.0,3.0,52.222015,21.063928,11.0
9774,2026-05-11 19:01:20.400000+00:00,52.2235184,21.0599086,87.6,3.91,-0.012,-0.029,0.982,0,3.3657519605790363,,320.79145359003104,-1.0,3.0,52.222015,21.063928,11.0
9779,2026-05-11 19:01:20.900000+00:00,52.2235115,21.0599091,87.6,6.07,0.0,-0.031,0.98,0,5.529603898806686,,320.3632109541187,-1.0,3.0,52.222015,21.063928,11.0
9784,2026-05-11 19:01:21.400000+00:00,52.2235018,21.0599101,87.7,7.87,0.005,-0.044,0.993,0,7.7813244860862385,,319.7460152973433,-1.0,3.0,52.222015,21.063928,11.0
9789,2026-05-11 19:01:21.900000+00:00,52.2234899,21.0599104,87.8,9.66,0.022,-0.049,0.974,0,9.528317336481978,,319.04635776659546,-1.0,3.0,52.222015,21.063928,11.0
9794,2026-05-11 19:01:22.400000+00:00,52.2234756,21.0599095,87.8,11.3,0.02,-0.049,0.981,0,11.45713525171582,,318.2846780089637,-1.0,3.0,52.222015,21.063928,11.0
9799,2026-05-11 19:01:22.900000+00:00,52.2234578,21.0599104,87.8,14.22,0.015,-0.052,0.979,0,14.257575863106284,,317.22643921193674,-1.0,3.0,52.222015,21.063928,11.0
9804,2026-05-11 19:01:23.400000+00:00,52.2234372,21.0599094,87.9,17.29,0.013,-0.095,0.97,0,16.499721979153385,,316.1332106326595,-1.0,3.0,52.222015,21.063928,11.0
9809,2026-05-11 19:01:23.900000+00:00,52.2234135,21.0599069,88.0,19.3,-0.02,-0.07,0.989,0,19.013875168050788,,314.9713403165122,-1.0,3.0,52.222015,21.063928,11.0
9814,2026-05-11 19:01:24.400000+00:00,52.2233879,21.0599046,88.1,20.7,-0.016,-0.06,0.952,0,20.526466352744663,,313.71263545380464,-1.0,3.0,52.222015,21.063928,11.0
9819,2026-05-11 19:01:24.900000+00:00,52.2233614,21.0599003,88.2,21.52,-0.048,-0.02,0.969,0,21.320546306820184,,312.5464875811227,-1.0,3.0,52.222015,21.063928,11.0
9824,2026-05-11 19:01:25.400000+00:00,52.2233336,21.0598975,88.3,22.64,-0.058,0.019,0.976,0,22.29909974309641,,311.2459009910044,-1.0,3.0,52.222015,21.063928,11.0
9829,2026-05-11 19:01:25.900000+00:00,52.2233043,21.0598977,88.3,23.34,-0.091,0.045,0.957,0,23.45788679930473,,309.7124553422879,-1.0,3.0,52.222015,21.063928,11.0
9834,2026-05-11 19:01:26.400000+00:00,52.2232754,21.0599011,88.5,22.82,-0.142,0.062,0.988,0,23.197449631250983,,308.0319193826772,-1.0,3.0,52.222015,21.063928,11.0
9839,2026-05-11 19:01:26.900000+00:00,52.2232469,21.0599083,88.6,22.3,-0.152,0.072,0.918,0,23.088820811902394,,306.1644129587769,-1.0,3.0,52.222015,21.063928,11.0
9844,2026-05-11 19:01:27.400000+00:00,52.2232204,21.0599176,88.8,21.32,-0.161,0.13,0.989,0,21.70073242959937,,304.2886568832313,-1.0,3.0,52.222015,21.063928,11.0
9849,2026-05-11 19:01:27.900000+00:00,52.223197,21.0599315,88.7,20.91,-0.149,0.145,0.983,0,19.935902868688306,,302.29865975557493,-1.0,3.0,52.222015,21.063928,11.0
9854,2026-05-11 19:01:28.400000+00:00,52.2231707,21.0599529,88.8,23.88,-0.083,0.125,0.899,0,23.526649787707125,,299.7212037795599,-1.0,3.0,52.222015,21.063928,11.0
9859,2026-05-11 19:01:28.900000+00:00,52.223146,21.0599778,88.8,23.45,-0.105,0.132,1.003,0,23.24174338912908,,297.0165469621242,-1.0,3.0,52.222015,21.063928,11.0
9864,2026-05-11 19:01:29.400000+00:00,52.2231232,21.0600063,88.7,24.75,-0.114,0.159,0.967,0,22.990680392051427,,294.18810620881214,-1.0,3.0,52.222015,21.063928,11.0
9869,2026-05-11 19:01:29.900000+00:00,52.2231003,21.0600409,88.8,26.14,-0.08,0.133,0.947,0,24.981670323098054,,290.9844473255804,-1.0,3.0,52.222015,21.063928,11.0
9874,2026-05-11 19:01:30.400000+00:00,52.2230775,21.0600797,88.9,27.53,-0.07,0.112,1.009,0,26.36865788750769,,287.53066871127794,-1.0,3.0,52.222015,21.063928,11.0
9879,2026-05-11 19:01:30.900000+00:00,52.2230554,21.0601231,88.9,28.79,-0.077,0.153,0.963,0,27.67870938527744,,283.8276353305177,-1.0,3.0,52.222015,21.063928,11.0
9884,2026-05-11 19:01:31.400000+00:00,52.2230344,21.0601719,89.0,29.9,-0.068,0.157,0.957,0,29.248580743251,,279.8415169698895,-1.0,3.0,52.222015,21.063928,11.0
9889,2026-05-11 19:01:31.900000+00:00,52.2230161,21.0602245,89.2,30.25,-0.072,0.109,0.956,0,29.667307250824635,,275.7417367264844,-1.0,3.0,52.222015,21.063928,11.0
9894,2026-05-11 19:01:32.400000+00:00,52.2229957,21.0602787,89.3,32.15,-0.082,0.019,0.99,0,31.198449490428786,,271.44891840411685,-1.0,3.0,52.222015,21.063928,11.0
9899,2026-05-11 19:01:32.900000+00:00,52.2229762,21.0603364,89.4,33.27,-0.075,0.072,0.965,0,32.319213604124315,,266.9789216648647,-1.0,3.0,52.222015,21.063928,11.0
9904,2026-05-11 19:01:33.400000+00:00,52.2229574,21.0603972,89.5,33.91,-0.069,0.067,0.971,0,33.40221331624614,,262.34701865976024,-1.0,3.0,52.222015,21.063928,11.0
9909,2026-05-11 19:01:33.900000+00:00,52.222938,21.0604606,89.4,35.43,-0.07,0.001,0.962,0,34.75733914619403,,257.52635513192257,-1.0,3.0,52.222015,21.063928,11.0
9914,2026-05-11 19:01:34.400000+00:00,52.2229192,21.0605253,89.3,36.33,-0.072,0.009,0.966,0,35.1203443815528,,252.65123811844063,-1.0,3.0,52.222015,21.063928,11.0
9919,2026-05-11 19:01:34.900000+00:00,52.2229006,21.0605922,89.2,37.15,-0.074,0.027,0.986,0,36.03171352427616,,247.6475536425013,-1.0,3.0,52.222015,21.063928,11.0
9924,2026-05-11 19:01:35.400000+00:00,52.2228819,21.0606619,89.3,37.98,-0.064,0.019,0.967,0,37.31856857062417,,242.46445897154112,-1.0,3.0,52.222015,21.063928,11.0
9929,2026-05-11 19:01:35.900000+00:00,52.2228625,21.0607338,89.3,39.26,-0.055,-0.026,0.946,0,38.53183571318149,,237.1129153058144,-1.0,3.0,52.222015,21.063928,11.0
9934,2026-05-11 19:01:36.400000+00:00,52.2228414,21.0608074,89.2,40.62,-0.088,-0.024,0.995,0,39.85386066220071,,231.5800413535009,-1.0,3.0,52.222015,21.063928,11.0
9939,2026-05-11 19:01:36.900000+00:00,52.2228204,21.0608828,89.2,42.0,-0.059,-0.046,0.972,0,40.621969336348585,,225.9391126741338,-1.0,3.0,52.222015,21.063928,11.0
9944,2026-05-11 19:01:37.400000+00:00,52.2227982,21.0609597,89.3,42.42,-0.09,-0.037,0.968,0,41.69320819009505,,220.1515944575529,-1.0,3.0,52.222015,21.063928,11.0
9949,2026-05-11 19:01:37.900000+00:00,52.2227762,21.0610382,89.3,43.01,-0.099,0.001,0.969,0,42.33751951615084,,214.27289688228976,-1.0,3.0,52.222015,21.063928,11.0
9954,2026-05-11 19:01:38.400000+00:00,52.2227539,21.0611176,89.4,43.69,-0.094,-0.017,0.962,0,42.83886046912321,,208.32478957355372,-1.0,3.0,52.222015,21.063928,11.0
9959,2026-05-11 19:01:38.900000+00:00,52.2227295,21.0611984,89.2,44.46,-0.1,-0.007,0.98,0,44.18117738145983,,202.1972611076557,-1.0,3.0,52.222015,21.063928,11.0
9964,2026-05-11 19:01:39.400000+00:00,52.2227068,21.0612801,89.2,44.75,-0.09,-0.016,0.968,0,43.99811748432861,,196.08793813464467,-1.0,3.0,52.222015,21.063928,11.0
9969,2026-05-11 19:01:39.900000+00:00,52.2226832,21.0613629,89.1,45.58,-0.102,-0.005,0.968,0,44.789173818457854,,189.87058584541725,-1.0,3.0,52.222015,21.063928,11.0
9974,2026-05-11 19:01:40.400000+00:00,52.2226601,21.0614468,89.0,46.03,-0.088,-0.004,0.948,0,45.11332886547853,,183.6061863664329,-1.0,3.0,52.222015,21.063928,11.0
9979,2026-05-11 19:01:40.900000+00:00,52.2226368,21.0615324,89.0,46.76,-0.107,-0.008,0.985,0,45.93988491653301,,177.22657677756234,-1.0,3.0,52.222015,21.063928,11.0
9984,2026-05-11 19:01:41.400000+00:00,52.222614,21.0616183,89.0,47.16,-0.097,-0.003,0.971,0,45.913791146003696,,170.84987878140535,-1.0,3.0,52.222015,21.063928,11.0
9989,2026-05-11 19:01:41.900000+00:00,52.2225914,21.0617056,89.0,47.56,-0.096,0.0,0.965,0,46.4820774326624,,164.39403600096173,-1.0,3.0,52.222015,21.063928,11.0
9994,2026-05-11 19:01:42.400000+00:00,52.2225685,21.0617947,88.9,48.65,-0.092,-0.009,0.953,0,47.38892313492761,,157.81227695632154,-1.0,3.0,52.222015,21.063928,11.0
9999,2026-05-11 19:01:42.900000+00:00,52.2225455,21.0618853,88.9,49.07,-0.093,0.008,0.981,0,48.098762764196586,,151.13210282656408,-1.0,3.0,52.222015,21.063928,11.0
10004,2026-05-11 19:01:43.400000+00:00,52.222522,21.0619775,88.9,49.51,-0.106,-0.001,0.956,0,48.97701546525511,,144.3298984493485,-1.0,3.0,52.222015,21.063928,11.0
10009,2026-05-11 19:01:43.900000+00:00,52.222499,21.0620695,88.9,49.06,-0.149,0.003,0.948,0,48.73383116432079,,137.56198758996916,-1.0,3.0,52.222015,21.063928,11.0
10014,2026-05-11 19:01:44.400000+00:00,52.2224763,21.0621611,88.9,48.71,-0.166,-0.004,0.96,0,48.46169217918299,,130.83228635361587,-1.0,3.0,52.222015,21.063928,11.0
10019,2026-05-11 19:01:44.900000+00:00,52.2224535,21.0622522,88.8,48.53,-0.164,-0.006,0.958,0,48.264695811611766,,124.12965196052538,-1.0,3.0,52.222015,21.063928,11.0
10024,2026-05-11 19:01:45.400000+00:00,52.2224313,21.0623428,88.8,48.05,-0.151,-0.006,0.958,0,47.85732799321232,,117.48468631958158,-1.0,3.0,52.222015,21.063928,11.0
10029,2026-05-11 19:01:45.900000+00:00,52.2224091,21.0624336,88.8,48.24,-0.136,0.0,0.956,0,47.94843665597346,,110.82743065797118,-1.0,3.0,52.222015,21.063928,11.0
10034,2026-05-11 19:01:46.400000+00:00,52.2223875,21.0625248,88.7,48.5,-0.139,0.004,0.984,0,47.955408653732185,,104.17196116733749,-1.0,3.0,52.222015,21.063928,11.0
10039,2026-05-11 19:01:46.900000+00:00,52.222366,21.0626164,88.6,48.55,-0.104,-0.008,0.945,0,48.10975843918492,,97.4966527214436,-1.0,3.0,52.222015,21.063928,11.0
10044,2026-05-11 19:01:47.400000+00:00,52.2223431,21.0627093,88.4,49.08,-0.122,0.001,0.98,0,49.11300040903983,,90.67854858416028,-1.0,3.0,52.222015,21.063928,11.0
10049,2026-05-11 19:01:47.900000+00:00,52.2223206,21.0628028,88.3,49.31,-0.114,-0.002,0.946,0,49.2681540045328,,83.84159712343583,-1.0,3.0,52.222015,21.063928,11.0
10054,2026-05-11 19:01:48.400000+00:00,52.2222988,21.0628963,88.3,49.18,-0.13,-0.018,0.975,0,49.06604471223949,11.0,77.03753309891904,-1.0,3.0,52.222015,21.063928,11.0
10059,2026-05-11 19:01:48.900000+00:00,52.2222773,21.0629901,88.4,49.32,-0.122,-0.014,0.956,0,49.118923276482406,11.0,70.23078744198611,-1.0,3.0,52.222015,21.063928,11.0
10064,2026-05-11 19:01:49.400000+00:00,52.2222556,21.0630843,88.5,49.56,-0.148,-0.004,0.977,0,49.35886242309074,11.0,63.39324528180958,-1.0,3.0,52.222015,21.063928,11.0
10069,2026-05-11 19:01:49.900000+00:00,52.2222347,21.0631785,88.5,49.33,-0.128,-0.003,0.96,0,49.13710643237307,11.0,56.59836260645929,-1.0,3.0,52.222015,21.063928,11.0
10074,2026-05-11 19:01:50.400000+00:00,52.2222144,21.0632727,88.6,49.08,-0.138,0.0,0.965,0,48.97563201884561,11.0,49.841247123142594,-1.0,3.0,52.222015,21.063928,11.0
10079,2026-05-11 19:01:50.900000+00:00,52.2221943,21.063367,88.7,49.42,-0.137,-0.002,0.961,0,48.96906856695672,11.0,43.102548988665376,-1.0,3.0,52.222015,21.063928,11.0
10084,2026-05-11 19:01:51.400000+00:00,52.222174,21.0634615,88.8,49.36,-0.143,0.016,0.958,0,49.11449361139477,11.0,36.364417277927046,-1.0,3.0,52.222015,21.063928,11.0
10089,2026-05-11 19:01:51.900000+00:00,52.2221549,21.0635559,88.9,48.75,-0.152,0.013,0.951,0,48.75845242523161,11.0,29.739794413178345,-1.0,3.0,52.222015,21.063928,11.0
10094,2026-05-11 19:01:52.400000+00:00,52.2221358,21.0636501,88.9,48.82,-0.155,0.018,0.986,0,48.66533958006944,11.0,23.211542142683328,-1.0,3.0,52.222015,21.063928,11.0
10099,2026-05-11 19:01:52.900000+00:00,52.222117,21.0637445,88.9,49.05,-0.129,-0.005,0.953,0,48.68369925815629,11.0,16.878419857572553,-1.0,3.0,52.222015,21.063928,11.0
10104,2026-05-11 19:01:53.400000+00:00,52.2220982,21.063839,88.8,49.22,-0.128,-0.013,0.953,0,48.73036258482971,11.0,11.060877731507164,-1.0,3.0,52.222015,21.063928,11.0
10109,2026-05-11 19:01:53.900000+00:00,52.22208,21.0639337,88.9,48.91,-0.145,-0.005,1.021,0,48.6777435994862,11.0,7.238091882880402,-1.0,3.0,52.222015,21.063928,11.0
10114,2026-05-11 19:01:54.400000+00:00,52.2220619,21.0640288,88.9,49.5,-0.108,-0.014,0.912,0,48.84116911929207,11.0,8.622247578186874,-1.0,3.0,52.222015,21.063928,11.0
10119,2026-05-11 19:01:54.900000+00:00,52.2220446,21.0641233,89.0,48.68,-0.18,0.027,0.988,0,48.37297996883618,11.0,13.704622808136532,-1.0,3.0,52.222015,21.063928,11.0
10124,2026-05-11 19:01:55.400000+00:00,52.2220275,21.0642173,89.0,48.54,-0.147,0.004,0.944,0,48.09226340682179,11.0,19.755603858490897,-1.0,3.0,52.222015,21.063928,11.0
10129,2026-05-11 19:01:55.900000+00:00,52.2220117,21.0643107,89.2,47.88,-0.157,-0.004,0.96,0,47.52269509262443,11.0,26.071491431361057,-1.0,3.0,52.222015,21.063928,11.0
10134,2026-05-11 19:01:56.400000+00:00,52.2219955,21.0644035,89.3,47.56,-0.149,-0.017,0.95,0,47.32587963834432,11.0,32.46279688124874,-1.0,3.0,52.222015,21.063928,11.0
10139,2026-05-11 19:01:56.900000+00:00,52.2219798,21.0644959,89.4,47.72,-0.137,0.006,0.971,0,47.02868779246602,11.0,38.88195592174733,-1.0,3.0,52.222015,21.063928,11.0
10144,2026-05-11 19:01:57.400000+00:00,52.2219635,21.064589,89.4,47.74,-0.115,-0.006,0.986,0,47.48936875264655,11.0,45.38897817770799,-1.0,3.0,52.222015,21.063928,11.0
10149,2026-05-11 19:01:57.900000+00:00,52.2219477,21.0646829,89.5,48.12,-0.109,-0.002,0.951,0,47.75918301716641,11.0,51.96428174538763,-1.0,3.0,52.222015,21.063928,11.0
10154,2026-05-11 19:01:58.400000+00:00,52.2219317,21.0647775,89.6,48.72,-0.103,0.005,0.955,0,48.13270671851458,11.0,58.603251823655135,-1.0,3.0,52.222015,21.063928,11.0
10159,2026-05-11 19:01:58.900000+00:00,52.2219164,21.064873,89.6,49.05,-0.102,0.0,0.951,0,48.41353300211905,11.0,65.29895373664102,-1.0,3.0,52.222015,21.063928,11.0
10164,2026-05-11 19:01:59.400000+00:00,52.2219009,21.0649688,89.6,49.19,-0.126,0.004,0.981,0,48.59655245794916,11.0,72.02398341229278,-1.0,3.0,52.222015,21.063928,11.0
10169,2026-05-11 19:01:59.900000+00:00,52.2218859,21.0650653,89.6,49.37,-0.117,0.02,0.967,0,48.82859248384466,11.0,78.78993580266912,-1.0,3.0,52.222015,21.063928,11.0
10174,2026-05-11 19:02:00.400000+00:00,52.2218715,21.0651625,89.6,49.44,-0.12,0.022,0.956,0,49.04632290816808,,85.59276877741829,-1.0,3.0,52.222015,21.063928,11.0
10179,2026-05-11 19:02:00.900000+00:00,52.2218574,21.0652598,89.6,49.31,-0.136,0.026,0.975,0,49.0381646755653,,92.39730826728284,-1.0,3.0,52.222015,21.063928,11.0
10184,2026-05-11 19:02:01.400000+00:00,52.221844,21.0653575,89.6,49.51,-0.123,0.007,0.952,0,49.103634777206,,99.21450789534128,-1.0,3.0,52.222015,21.063928,11.0
10189,2026-05-11 19:02:01.900000+00:00,52.2218307,21.0654553,89.5,49.68,-0.137,0.007,0.972,0,49.13409828211088,,106.03659696182584,-1.0,3.0,52.222015,21.063928,11.0
10194,2026-05-11 19:02:02.400000+00:00,52.2218182,21.0655533,89.5,49.47,-0.131,0.011,0.958,0,49.09532748855428,,112.85502038954884,-1.0,3.0,52.222015,21.063928,11.0
10199,2026-05-11 19:02:02.900000+00:00,52.2218058,21.0656517,89.5,49.47,-0.13,0.006,0.965,0,49.27122636029458,,119.69805390396894,-1.0,3.0,52.222015,21.063928,11.0
10204,2026-05-11 19:02:03.400000+00:00,52.221795,21.0657503,89.7,49.45,-0.127,0.007,0.969,0,49.12575512799727,,126.51995088566808,-1.0,3.0,52.222015,21.063928,11.0
10209,2026-05-11 19:02:03.900000+00:00,52.2217831,21.0658493,89.8,49.81,-0.127,0.014,0.953,0,49.48089215531747,,133.3922947290681,-1.0,3.0,52.222015,21.063928,11.0
10214,2026-05-11 19:02:04.400000+00:00,52.2217719,21.0659485,89.8,49.89,-0.137,0.02,0.98,0,49.47252515238344,,140.26298492923843,-1.0,3.0,52.222015,21.063928,11.0
10219,2026-05-11 19:02:04.900000+00:00,52.2217615,21.0660479,89.7,49.76,-0.115,0.006,0.946,0,49.457158255243804,,147.1300227912396,-1.0,3.0,52.222015,21.063928,11.0
10224,2026-05-11 19:02:05.400000+00:00,52.2217504,21.0661474,89.8,49.83,-0.137,0.0,0.981,0,49.60284928932281,,154.01877980423708,-1.0,3.0,52.222015,21.063928,11.0
10229,2026-05-11 19:02:05.900000+00:00,52.2217396,21.0662474,89.7,50.1,-0.123,-0.018,0.949,0,49.8018794723947,,160.93466771676853,-1.0,3.0,52.222015,21.063928,11.0
10234,2026-05-11 19:02:06.400000+00:00,52.2217277,21.0663473,89.5,49.96,-0.138,-0.012,0.931,0,49.91417454524254,,167.867190830209,-1.0,3.0,52.222015,21.063928,11.0
10239,2026-05-11 19:02:06.900000+00:00,52.2217171,21.066446,89.7,49.56,-0.155,-0.003,0.975,0,49.14621740239938,,174.691998180438,-1.0,3.0,52.222015,21.063928,11.0
10244,2026-05-11 19:02:07.400000+00:00,52.2217072,21.0665447,89.8,49.46,-0.137,0.0,0.953,0,49.05256268631141,,181.5021913170347,-1.0,3.0,52.222015,21.063928,11.0
10249,2026-05-11 19:02:07.900000+00:00,52.2216975,21.066644,89.7,49.58,-0.133,0.003,0.98,0,49.31753574449519,,188.34855384606027,-1.0,3.0,52.222015,21.063928,11.0
10254,2026-05-11 19:02:08.400000+00:00,52.2216877,21.0667432,89.8,49.81,-0.117,-0.015,0.941,0,49.2817958077583,,195.19052946140695,-1.0,3.0,52.222015,21.063928,11.0
10259,2026-05-11 19:02:08.900000+00:00,52.2216778,21.0668429,89.8,50.07,-0.13,0.011,0.981,0,49.53666891035356,,202.06822173324744,-1.0,3.0,52.222015,21.063928,11.0
10264,2026-05-11 19:02:09.400000+00:00,52.2216686,21.0669433,89.8,50.16,-0.12,-0.004,0.951,0,49.78962077415018,,208.97857399909304,-1.0,3.0,52.222015,21.063928,11.0
10269,2026-05-11 19:02:09.900000+00:00,52.2216591,21.0670444,89.6,50.41,-0.14,-0.001,0.976,0,50.16505142032576,,215.9422276197236,-1.0,3.0,52.222015,21.063928,11.0
10274,2026-05-11 19:02:10.400000+00:00,52.2216502,21.0671451,89.6,50.21,-0.136,0.0,0.955,0,49.90030207150197,,222.8671693774972,-1.0,3.0,52.222015,21.063928,11.0
10279,2026-05-11 19:02:10.900000+00:00,52.2216421,21.0672453,89.6,49.68,-0.158,0.009,0.966,0,49.56975833248688,,229.74288171399735,-1.0,3.0,52.222015,21.063928,11.0
10284,2026-05-11 19:02:11.400000+00:00,52.2216338,21.0673452,89.4,49.71,-0.132,0.004,0.96,0,49.44516281445435,,236.6029950897639,-1.0,3.0,52.222015,21.063928,11.0
10289,2026-05-11 19:02:11.900000+00:00,52.2216264,21.0674451,89.3,49.68,-0.135,0.0,0.972,0,49.35350165931028,,243.44573405664823,-1.0,3.0,52.222015,21.063928,11.0
10294,2026-05-11 19:02:12.400000+00:00,52.2216193,21.0675449,89.2,49.4,-0.157,0.007,0.965,0,49.27653567717073,,250.2765524417077,-1.0,3.0,52.222015,21.063928,11.0
10299,2026-05-11 19:02:12.900000+00:00,52.2216124,21.0676443,89.1,49.15,-0.149,0.004,0.942,0,49.06338923206188,,257.0773655061491,-1.0,3.0,52.222015,21.063928,11.0
10304,2026-05-11 19:02:13.400000+00:00,52.2216064,21.0677428,89.1,48.59,-0.158,0.007,0.972,0,48.54823623254304,,263.80123409674314,-1.0,3.0,52.222015,21.063928,11.0
10309,2026-05-11 19:02:13.900000+00:00,52.2216004,21.0678411,89.1,48.48,-0.15,-0.025,0.951,0,48.45063365566402,,270.5126213955468,-1.0,3.0,52.222015,21.063928,11.0
10314,2026-05-11 19:02:14.400000+00:00,52.2215939,21.0679385,89.0,48.14,-0.157,-0.015,0.968,0,48.053125360654,,277.17383569155754,-1.0,3.0,52.222015,21.063928,11.0
10319,2026-05-11 19:02:14.900000+00:00,52.2215877,21.0680355,89.1,47.9,-0.155,-0.016,0.948,0,47.8325872629578,,283.80320318096324,-1.0,3.0,52.222015,21.063928,11.0
10324,2026-05-11 19:02:15.400000+00:00,52.2215813,21.0681317,89.0,47.66,-0.158,-0.024,0.965,0,47.459384167642206,,280.69301695652854,-1.0,3.0,52.222015,21.063928,11.0
10329,2026-05-11 19:02:15.900000+00:00,52.2215753,21.0682271,89.0,47.21,-0.154,-0.01,0.956,0,47.03555392581529,,274.1653320362768,-1.0,3.0,52.222015,21.063928,11.0
10334,2026-05-11 19:02:16.400000+00:00,52.2215696,21.068322,88.8,46.78,-0.16,0.013,0.965,0,46.76757362346374,,267.67394253738155,-1.0,3.0,52.221421,21.072244,12.0
10339,2026-05-11 19:02:16.900000+00:00,52.2215665,21.0684158,89.1,46.21,-0.159,-0.003,0.961,0,46.07179656014426,,261.27528375184136,-1.0,3.0,52.221421,21.072244,12.0
10344,2026-05-11 19:02:17.400000+00:00,52.2215606,21.0685093,89.0,45.96,-0.156,-0.012,0.969,0,46.10039902539592,,254.87788770056451,-1.0,3.0,52.221421,21.072244,12.0
10349,2026-05-11 19:02:17.900000+00:00,52.2215559,21.068602,89.0,45.78,-0.151,-0.011,0.963,0,45.62085158063003,,248.5431823266457,-1.0,3.0,52.221421,21.072244,12.0
10354,2026-05-11 19:02:18.400000+00:00,52.2215503,21.0686942,89.0,45.45,-0.153,-0.005,0.96,0,45.44189275160458,,242.2365965941629,-1.0,3.0,52.221421,21.072244,12.0
10359,2026-05-11 19:02:18.900000+00:00,52.2215451,21.0687857,88.9,45.09,-0.153,0.022,0.954,0,45.0695572740195,,235.9804638620262,-1.0,3.0,52.221421,21.072244,12.0
10364,2026-05-11 19:02:19.400000+00:00,52.2215406,21.0688765,88.7,44.59,-0.157,0.008,0.971,0,44.67904270137304,,229.7766168065169,-1.0,3.0,52.221421,21.072244,12.0
10369,2026-05-11 19:02:19.900000+00:00,52.2215366,21.0689667,88.6,44.09,-0.154,-0.001,0.961,0,44.35503961646259,,223.61684866540585,-1.0,3.0,52.221421,21.072244,12.0
10374,2026-05-11 19:02:20.400000+00:00,52.2215325,21.069056,88.5,43.94,-0.151,0.003,0.956,0,43.92070609795096,,217.51769049154305,-1.0,3.0,52.221421,21.072244,12.0
10379,2026-05-11 19:02:20.900000+00:00,52.2215295,21.0691442,88.5,43.55,-0.158,0.0,0.963,0,43.32500007635959,,211.5003367347209,-1.0,3.0,52.221421,21.072244,12.0
10384,2026-05-11 19:02:21.400000+00:00,52.2215268,21.0692316,88.5,43.01,-0.155,0.003,0.965,0,42.92047901136803,,205.53929547998897,-1.0,3.0,52.221421,21.072244,12.0
10389,2026-05-11 19:02:21.900000+00:00,52.2215235,21.0693185,88.3,42.52,-0.167,-0.003,0.956,0,42.70259254250107,,199.6084461915752,-1.0,3.0,52.221421,21.072244,12.0
10394,2026-05-11 19:02:22.400000+00:00,52.2215209,21.069403,88.2,41.32,-0.217,0.008,0.963,0,41.49593068518573,,193.8452648425095,-1.0,3.0,52.221421,21.072244,12.0
10399,2026-05-11 19:02:22.900000+00:00,52.2215192,21.0694843,88.2,39.62,-0.22,-0.001,0.941,0,39.89744667200636,,188.3054876288668,-1.0,3.0,52.221421,21.072244,12.0
10404,2026-05-11 19:02:23.400000+00:00,52.2215178,21.0695627,88.2,38.13,-0.218,-0.018,0.96,0,38.4682314376197,,182.96496758519987,-1.0,3.0,52.221421,21.072244,12.0
10409,2026-05-11 19:02:23.900000+00:00,52.2215171,21.0696379,88.3,36.41,-0.212,0.001,0.949,0,36.88669212497582,,177.84683659769215,-1.0,3.0,52.221421,21.072244,12.0
10414,2026-05-11 19:02:24.400000+00:00,52.2215148,21.0697103,88.1,35.14,-0.216,-0.007,0.947,0,35.55686577562324,,172.90855768077893,-1.0,3.0,52.221421,21.072244,12.0
10419,2026-05-11 19:02:24.900000+00:00,52.2215122,21.0697802,87.9,34.27,-0.204,0.001,0.947,0,34.346146153481904,,168.13825982721946,-1.0,3.0,52.221421,21.072244,12.0
10424,2026-05-11 19:02:25.400000+00:00,52.2215114,21.0698468,88.0,32.41,-0.215,-0.002,0.979,0,32.670779425118035,,163.60451880187898,-1.0,3.0,52.221421,21.072244,12.0
10429,2026-05-11 19:02:25.900000+00:00,52.2215103,21.0699117,88.0,31.82,-0.186,-0.003,0.97,0,31.84290327115705,,159.18449010846896,-1.0,3.0,52.221421,21.072244,12.0
10434,2026-05-11 19:02:26.400000+00:00,52.22151,21.0699748,88.1,31.01,-0.17,-0.001,0.925,0,30.9488310069477,,154.89263490439856,-1.0,3.0,52.221421,21.072244,12.0
10439,2026-05-11 19:02:26.900000+00:00,52.2215099,21.070036,88.2,29.94,-0.196,0.0,0.959,0,30.016135749092975,,150.73176140680084,-1.0,3.0,52.221421,21.072244,12.0
10444,2026-05-11 19:02:27.400000+00:00,52.2215103,21.0700945,88.4,28.3,-0.218,-0.001,0.954,0,28.693579428026798,,146.7585997764499,-1.0,3.0,52.221421,21.072244,12.0
10449,2026-05-11 19:02:27.900000+00:00,52.2215107,21.0701496,88.5,26.59,-0.236,0.009,0.951,0,27.02613229333212,,143.01715104521955,-1.0,3.0,52.221421,21.072244,12.0
10454,2026-05-11 19:02:28.400000+00:00,52.2215109,21.0702009,88.5,24.55,-0.232,0.0,0.954,0,25.1610038942176,,139.53294713729971,-1.0,3.0,52.221421,21.072244,12.0
10459,2026-05-11 19:02:28.900000+00:00,52.2215109,21.0702485,88.4,22.7,-0.243,0.011,0.949,0,23.345799817324256,,136.29900145233083,-1.0,3.0,52.221421,21.072244,12.0
10464,2026-05-11 19:02:29.400000+00:00,52.2215105,21.0702925,88.4,21.11,-0.22,-0.012,0.949,0,21.5825271883356,,133.3066811983454,-1.0,3.0,52.221421,21.072244,12.0
10469,2026-05-11 19:02:29.900000+00:00,52.22151,21.0703335,88.4,19.69,-0.21,-0.004,0.956,0,20.1127614191639,,130.51752619241316,-1.0,3.0,52.221421,21.072244,12.0
10474,2026-05-11 19:02:30.400000+00:00,52.2215098,21.0703716,88.4,18.65,-0.192,-0.002,0.952,0,18.68713544270741,,127.928088017576,-1.0,3.0,52.221421,21.072244,12.0
10479,2026-05-11 19:02:30.900000+00:00,52.2215093,21.0704074,88.4,17.4,-0.174,-0.006,0.961,0,17.562958702825547,,125.49247417440964,-1.0,3.0,52.221421,21.072244,12.0
10484,2026-05-11 19:02:31.400000+00:00,52.2215091,21.0704414,88.5,16.46,-0.193,-0.014,0.96,0,16.67634066708781,,123.18188289798506,-1.0,3.0,52.221421,21.072244,12.0
10489,2026-05-11 19:02:31.900000+00:00,52.2215095,21.070474,88.5,16.0,-0.157,-0.016,0.961,0,15.992137429058165,,120.9719678185144,-1.0,3.0,52.221421,21.072244,12.0
10494,2026-05-11 19:02:32.400000+00:00,52.2215094,21.0705067,88.5,16.13,-0.127,-0.014,0.964,0,16.038176274590807,,118.75106866933751,-1.0,3.0,52.221421,21.072244,12.0
10499,2026-05-11 19:02:32.900000+00:00,52.2215096,21.07054,88.6,16.72,-0.09,-0.015,0.967,0,16.333036116341944,,116.49251237963593,-1.0,3.0,52.221421,21.072244,12.0
10504,2026-05-11 19:02:33.400000+00:00,52.2215097,21.0705752,88.6,17.78,-0.064,-0.024,0.97,0,17.264306993350097,,114.10444621236518,-1.0,3.0,52.221421,21.072244,12.0
10509,2026-05-11 19:02:33.900000+00:00,52.2215094,21.0706129,88.6,19.22,-0.054,-0.025,0.978,0,18.491826244987383,,111.5432395661829,-1.0,3.0,52.221421,21.072244,12.0
10514,2026-05-11 19:02:34.400000+00:00,52.2215088,21.0706539,88.7,20.78,-0.031,-0.033,0.968,0,20.114514635900814,,108.75548643193238,-1.0,3.0,52.221421,21.072244,12.0
10519,2026-05-11 19:02:34.900000+00:00,52.2215078,21.070699,88.6,22.83,-0.018,-0.025,0.98,0,22.1341400284638,,105.68586078648198,-1.0,3.0,52.221421,21.072244,12.0
10524,2026-05-11 19:02:35.400000+00:00,52.2215067,21.0707475,88.6,24.38,-0.039,-0.022,0.969,0,23.803510589002197,,102.38487282301234,-1.0,3.0,52.221421,21.072244,12.0
10529,2026-05-11 19:02:35.900000+00:00,52.2215057,21.0707991,88.5,25.84,-0.052,-0.025,0.97,0,25.32029473413922,,98.87506669264896,-1.0,3.0,52.221421,21.072244,12.0
10534,2026-05-11 19:02:36.400000+00:00,52.2215046,21.0708537,88.5,27.44,-0.058,-0.022,0.97,0,26.793486136486884,,95.1613022892023,-1.0,3.0,52.221421,21.072244,12.0
10539,2026-05-11 19:02:36.900000+00:00,52.2215038,21.0709107,88.5,28.66,-0.061,-0.028,0.977,0,27.9634449016234,,91.2888500774764,-1.0,3.0,52.221421,21.072244,12.0
10544,2026-05-11 19:02:37.400000+00:00,52.2215033,21.07097,88.6,29.71,-0.072,-0.032,0.966,0,29.08691764797828,,87.26507946590766,-1.0,3.0,52.221421,21.072244,12.0
10549,2026-05-11 19:02:37.900000+00:00,52.2215022,21.0710315,88.5,30.62,-0.074,-0.026,0.955,0,30.17602474785435,,83.08662725501357,-1.0,3.0,52.221421,21.072244,12.0
10554,2026-05-11 19:02:38.400000+00:00,52.2215013,21.0710947,88.5,31.55,-0.084,-0.025,0.973,0,31.005324283405237,12.0,78.79697345924144,-1.0,3.0,52.221421,21.072244,12.0
10559,2026-05-11 19:02:38.900000+00:00,52.2215,21.0711601,88.4,32.54,-0.079,-0.034,0.962,0,32.09284023562227,12.0,74.3551679582956,-1.0,3.0,52.221421,21.072244,12.0
10564,2026-05-11 19:02:39.400000+00:00,52.221499,21.0712271,88.3,33.3,-0.086,-0.023,0.97,0,32.87044438053432,12.0,69.81132210387567,-1.0,3.0,52.221421,21.072244,12.0
10569,2026-05-11 19:02:39.900000+00:00,52.2214982,21.0712959,88.3,34.37,-0.089,-0.021,0.967,0,33.749596249995044,12.0,65.15184948592486,-1.0,3.0,52.221421,21.072244,12.0
10574,2026-05-11 19:02:40.400000+00:00,52.2214976,21.0713663,88.3,35.11,-0.085,-0.025,0.971,0,34.53159312596135,12.0,60.39192263072175,-1.0,3.0,52.221421,21.072244,12.0
10579,2026-05-11 19:02:40.900000+00:00,52.2214969,21.0714391,88.2,36.29,-0.079,-0.034,0.967,0,35.709749726686105,12.0,55.47492522927865,-1.0,3.0,52.221421,21.072244,12.0
10584,2026-05-11 19:02:41.400000+00:00,52.2214961,21.0715136,88.2,36.89,-0.086,-0.023,0.957,0,36.544744286640736,12.0,50.45022102169201,-1.0,3.0,52.221421,21.072244,12.0
10589,2026-05-11 19:02:41.900000+00:00,52.2214944,21.0715895,88.0,37.56,-0.111,-0.023,0.974,0,37.2506459407763,12.0,45.324944999577546,-1.0,3.0,52.221421,21.072244,12.0
10594,2026-05-11 19:02:42.400000+00:00,52.2214934,21.0716665,87.9,38.0,-0.103,-0.016,0.973,0,37.77376409112984,12.0,40.15416575528251,-1.0,3.0,52.221421,21.072244,12.0
10599,2026-05-11 19:02:42.900000+00:00,52.2214915,21.0717447,87.7,38.73,-0.109,-0.019,0.958,0,38.38398307232635,12.0,34.9036646494744,-1.0,3.0,52.221421,21.072244,12.0
10604,2026-05-11 19:02:43.400000+00:00,52.2214906,21.0718235,87.7,39.09,-0.113,-0.013,0.967,0,38.6548222526942,12.0,29.67122654988627,-1.0,3.0,52.221421,21.072244,12.0
10609,2026-05-11 19:02:43.900000+00:00,52.2214899,21.0719034,87.7,39.72,-0.11,-0.015,0.977,0,39.191617870519295,12.0,24.433618152446236,-1.0,3.0,52.221421,21.072244,12.0
10614,2026-05-11 19:02:44.400000+00:00,52.2214887,21.0719845,87.6,40.23,-0.105,-0.013,0.969,0,39.78776209253,12.0,19.213110678776843,-1.0,3.0,52.221421,21.072244,12.0
10619,2026-05-11 19:02:44.900000+00:00,52.2214878,21.0720665,87.6,40.62,-0.095,-0.011,0.965,0,40.22402897119909,12.0,14.19044906576379,-1.0,3.0,52.221421,21.072244,12.0
10624,2026-05-11 19:02:45.400000+00:00,52.2214875,21.0721501,87.7,41.41,-0.102,-0.02,0.966,0,41.003011994966,12.0,9.777115128671928,-1.0,3.0,52.221421,21.072244,12.0
10629,2026-05-11 19:02:45.900000+00:00,52.2214867,21.0722351,87.7,42.23,-0.103,-0.013,0.967,0,41.69387028119566,12.0,7.330619391869199,-1.0,3.0,52.221421,21.072244,12.0
10634,2026-05-11 19:02:46.400000+00:00,52.2214859,21.0723212,87.6,42.67,-0.1,-0.028,0.978,0,42.23331226469696,12.0,8.929369951177884,-1.0,3.0,52.221421,21.072244,12.0
10639,2026-05-11 19:02:46.900000+00:00,52.2214846,21.0724087,87.5,43.11,-0.101,-0.02,0.965,0,42.92771676884949,12.0,13.262145901680926,-1.0,3.0,52.221421,21.072244,12.0
10644,2026-05-11 19:02:47.400000+00:00,52.2214835,21.0724975,87.4,44.0,-0.096,-0.023,0.95,0,43.56159778734575,12.0,18.61423886630044,-1.0,3.0,52.221421,21.072244,12.0
10649,2026-05-11 19:02:47.900000+00:00,52.221483,21.0725873,87.4,44.6,-0.112,-0.035,0.981,0,44.04497307034483,12.0,24.380371996795144,-1.0,3.0,52.221421,21.072244,12.0
10654,2026-05-11 19:02:48.400000+00:00,52.2214826,21.0726786,87.4,45.4,-0.091,-0.026,0.953,0,44.779986956534295,12.0,30.386693152870844,-1.0,3.0,52.221421,21.072244,12.0
10659,2026-05-11 19:02:48.900000+00:00,52.2214817,21.0727712,87.3,45.87,-0.102,-0.033,0.976,0,45.42215372715778,12.0,36.54123394870979,-1.0,3.0,52.221421,21.072244,12.0
10664,2026-05-11 19:02:49.400000+00:00,52.2214807,21.0728649,87.3,46.17,-0.122,-0.032,0.964,0,45.96291656988259,12.0,42.81302784654271,-1.0,3.0,52.221421,21.072244,12.0
10669,2026-05-11 19:02:49.900000+00:00,52.2214791,21.0729583,87.1,46.02,-0.148,-0.02,0.96,0,45.82671376348439,12.0,49.08459746716271,-1.0,3.0,52.221421,21.072244,12.0
10674,2026-05-11 19:02:50.400000+00:00,52.2214784,21.0730513,87.1,45.96,-0.144,-0.029,0.959,0,45.6160678029047,12.0,55.36182739392863,-1.0,3.0,52.221421,21.072244,12.0
10679,2026-05-11 19:02:50.900000+00:00,52.2214768,21.0731446,87.0,46.05,-0.127,-0.026,0.966,0,45.777689483326434,12.0,61.66117270102247,-1.0,3.0,52.221421,21.072244,12.0
10684,2026-05-11 19:02:51.400000+00:00,52.2214756,21.0732384,87.0,46.41,-0.12,-0.026,0.97,0,46.015024738979626,12.0,68.00932621204907,-1.0,3.0,52.221421,21.072244,12.0
10689,2026-05-11 19:02:51.900000+00:00,52.2214736,21.0733332,86.9,47.08,-0.106,-0.021,0.958,0,46.5230173984451,12.0,74.4256758395663,-1.0,3.0,52.221421,21.072244,12.0
10694,2026-05-11 19:02:52.400000+00:00,52.2214719,21.0734287,86.8,47.32,-0.118,-0.016,0.981,0,46.858547217046265,,80.8991180740746,-1.0,3.0,52.221421,21.072244,12.0
10699,2026-05-11 19:02:52.900000+00:00,52.2214709,21.0735252,86.8,47.57,-0.105,-0.021,0.958,0,47.33600797105518,,87.45060438555586,-1.0,3.0,52.221421,21.072244,12.0
10704,2026-05-11 19:02:53.400000+00:00,52.2214698,21.0736221,86.7,47.63,-0.136,-0.024,0.967,0,47.5335804105817,,94.03185722135544,-1.0,3.0,52.221421,21.072244,12.0
10709,2026-05-11 19:02:53.900000+00:00,52.2214682,21.0737189,86.6,47.68,-0.144,-0.025,0.966,0,47.49365498835672,,100.6060967490197,-1.0,3.0,52.221421,21.072244,12.0
10714,2026-05-11 19:02:54.400000+00:00,52.2214669,21.0738156,86.5,47.66,-0.126,-0.028,0.961,0,47.43875144069301,,107.17783171505543,-1.0,3.0,52.221421,21.072244,12.0
10719,2026-05-11 19:02:54.900000+00:00,52.2214657,21.0739122,86.5,47.8,-0.128,-0.026,0.959,0,47.388028039093605,,113.74521179929982,-1.0,3.0,52.221421,21.072244,12.0
10724,2026-05-11 19:02:55.400000+00:00,52.2214651,21.074009,86.6,47.71,-0.121,-0.024,0.966,0,47.478811112962966,,120.33046680476706,-1.0,3.0,52.221421,21.072244,12.0
10729,2026-05-11 19:02:55.900000+00:00,52.2214637,21.0741062,86.5,48.04,-0.119,-0.024,0.962,0,47.68573995976946,,126.9405301159279,-1.0,3.0,52.221421,21.072244,12.0
10734,2026-05-11 19:02:56.400000+00:00,52.2214625,21.0742035,86.5,47.94,-0.133,-0.023,0.966,0,47.73128235112173,,133.55945204702343,-1.0,3.0,52.221421,21.072244,12.0
10739,2026-05-11 19:02:56.900000+00:00,52.2214617,21.0743004,86.5,47.87,-0.126,-0.015,0.96,0,47.529746003302485,,140.15355443732534,-1.0,3.0,52.221421,21.072244,12.0
10744,2026-05-11 19:02:57.400000+00:00,52.2214609,21.0743975,86.5,47.65,-0.135,-0.013,0.964,0,47.62782967611413,,146.76192698259302,-1.0,3.0,52.221421,21.072244,12.0
10749,2026-05-11 19:02:57.900000+00:00,52.2214595,21.0744947,86.4,47.77,-0.131,-0.023,0.96,0,47.68574446707808,,153.375802916632,-1.0,3.0,52.221421,21.072244,12.0
10754,2026-05-11 19:02:58.400000+00:00,52.2214582,21.0745917,86.3,47.55,-0.141,-0.021,0.969,0,47.58586298963786,,159.9771036637438,-1.0,3.0,52.221421,21.072244,12.0
10759,2026-05-11 19:02:58.900000+00:00,52.2214568,21.0746884,86.3,47.82,-0.135,-0.023,0.956,0,47.44058618210831,,166.5583314490694,-1.0,3.0,52.221421,21.072244,12.0
10764,2026-05-11 19:02:59.400000+00:00,52.2214563,21.0747848,86.3,47.47,-0.123,-0.027,0.951,0,47.281901635611895,,173.121956336689,-1.0,3.0,52.221421,21.072244,12.0
10769,2026-05-11 19:02:59.900000+00:00,52.2214554,21.0748818,86.3,47.7,-0.129,-0.025,0.981,0,47.57993918025095,,179.72573391016385,-1.0,3.0,52.221421,21.072244,12.0
10774,2026-05-11 19:03:00.400000+00:00,52.2214545,21.0749792,86.3,48.32,-0.114,-0.026,0.964,0,47.776101177232576,,186.3570766304373,-1.0,3.0,52.221421,21.072244,12.0
10779,2026-05-11 19:03:00.900000+00:00,52.2214536,21.075077,86.3,48.26,-0.117,-0.015,0.96,0,47.97226336704296,,193.0159532667106,-1.0,3.0,52.221421,21.072244,12.0
10784,2026-05-11 19:03:01.400000+00:00,52.2214527,21.0751748,86.3,48.29,-0.138,-0.024,0.968,0,47.97226433732872,,199.6750930436976,-1.0,3.0,52.221421,21.072244,12.0
10789,2026-05-11 19:03:01.900000+00:00,52.2214513,21.0752729,86.3,48.29,-0.121,-0.018,0.959,0,48.127045202164695,,206.3539893824775,-1.0,3.0,52.221421,21.072244,12.0
10794,2026-05-11 19:03:02.400000+00:00,52.221451,21.0753709,86.4,48.63,-0.137,-0.021,0.969,0,48.06554673283881,,213.0282924295008,-1.0,3.0,52.221421,21.072244,12.0
10799,2026-05-11 19:03:02.900000+00:00,52.2214492,21.0754692,86.2,48.41,-0.127,-0.02,0.946,0,48.23361800704893,,219.72067841349863,-1.0,3.0,52.221421,21.072244,12.0
10804,2026-05-11 19:03:03.400000+00:00,52.2214485,21.0755666,86.3,48.05,-0.147,-0.024,0.976,0,47.7739611229169,,226.35377729930116,-1.0,3.0,52.221421,21.072244,12.0
10809,2026-05-11 19:03:03.900000+00:00,52.2214477,21.075664,86.3,47.95,-0.129,-0.023,0.966,0,47.77496816999975,,232.98685859022785,-1.0,3.0,52.221421,21.072244,12.0
10814,2026-05-11 19:03:04.400000+00:00,52.2214467,21.0757616,86.3,48.03,-0.132,-0.022,0.963,0,47.875462010611145,,239.63342647165888,-1.0,3.0,52.221421,21.072244,12.0
10819,2026-05-11 19:03:04.900000+00:00,52.2214459,21.0758586,86.3,47.88,-0.132,-0.022,0.956,0,47.57880433182582,,246.23952548785684,-1.0,3.0,52.221421,21.072244,12.0
10824,2026-05-11 19:03:05.400000+00:00,52.221445,21.0759555,86.3,47.67,-0.128,-0.023,0.945,0,47.53091007808835,,252.83880405644965,-1.0,3.0,52.221421,21.072244,12.0
10829,2026-05-11 19:03:05.900000+00:00,52.2214442,21.0760525,86.3,47.78,-0.133,-0.024,0.966,0,47.578806152776274,,259.44511841717406,-1.0,3.0,52.221421,21.072244,12.0
10834,2026-05-11 19:03:06.400000+00:00,52.2214424,21.0761497,86.1,47.85,-0.134,-0.018,0.966,0,47.69436435649688,,266.0641336811935,-1.0,3.0,52.221421,21.072244,12.0
10839,2026-05-11 19:03:06.900000+00:00,52.2214416,21.0762467,86.0,47.66,-0.137,-0.016,0.959,0,47.578808937864096,,272.67068714395765,-1.0,3.0,52.221421,21.072244,12.0
10844,2026-05-11 19:03:07.400000+00:00,52.2214406,21.0763432,86.0,47.76,-0.141,-0.016,0.955,0,47.33604026060839,,279.2430848946988,-1.0,3.0,52.221421,21.072244,12.0
10849,2026-05-11 19:03:07.900000+00:00,52.2214399,21.07644,85.9,47.8,-0.147,-0.028,0.961,0,47.47971549453749,,285.8362550095204,-1.0,3.0,52.221421,21.072244,12.0
10854,2026-05-11 19:03:08.400000+00:00,52.2214391,21.0765362,85.9,47.32,-0.156,-0.022,0.966,0,47.18648044712235,,292.3885340624993,-1.0,3.0,52.221421,21.072244,12.0
10859,2026-05-11 19:03:08.900000+00:00,52.2214384,21.0766317,85.9,46.93,-0.159,-0.025,0.961,0,46.84216570825428,,298.8932636528413,-1.0,3.0,52.221421,21.072244,12.0
10864,2026-05-11 19:03:09.400000+00:00,52.2214378,21.0767265,86.0,46.66,-0.155,-0.023,0.956,0,46.4979739958793,,305.35042636258095,-1.0,3.0,52.221421,21.072244,12.0
10869,2026-05-11 19:03:09.900000+00:00,52.2214369,21.0768208,86.0,46.55,-0.159,-0.026,0.958,0,46.255876461683926,,311.7733771513104,-1.0,3.0,52.221421,21.072244,12.0
10874,2026-05-11 19:03:10.400000+00:00,52.2214359,21.0769145,86.0,46.09,-0.143,-0.026,0.958,0,45.96296292364253,,318.15545910475765,-1.0,3.0,52.221421,21.072244,12.0
10879,2026-05-11 19:03:10.900000+00:00,52.2214347,21.0770079,86.0,46.12,-0.144,-0.012,0.959,0,45.81892652062785,,324.5170668131124,-1.0,3.0,52.221421,21.072244,12.0
10884,2026-05-11 19:03:11.400000+00:00,52.2214335,21.0771011,86.0,45.84,-0.145,-0.02,0.966,0,45.72085760178862,,330.86513315935315,-1.0,3.0,52.221421,21.072244,12.0
10889,2026-05-11 19:03:11.900000+00:00,52.2214327,21.0771943,85.9,45.94,-0.137,-0.017,0.958,0,45.71525064146434,,337.2134443238566,-1.0,3.0,52.221421,21.072244,12.0
10894,2026-05-11 19:03:12.400000+00:00,52.221432,21.0772873,85.8,45.88,-0.139,-0.021,0.957,0,45.61611545868692,,343.54820903247366,-1.0,3.0,52.221421,21.072244,12.0
10899,2026-05-11 19:03:12.900000+00:00,52.2214314,21.0773806,85.8,46.13,-0.135,-0.035,0.975,0,45.76233230601175,,349.9034750446464,-1.0,3.0,52.221421,21.072244,12.0
10904,2026-05-11 19:03:13.400000+00:00,52.2214302,21.0774741,85.7,46.11,-0.124,-0.032,0.956,0,45.86796627407721,,356.2721915267215,-1.0,3.0,52.221421,21.072244,12.0
10909,2026-05-11 19:03:13.900000+00:00,52.2214289,21.077568,85.6,46.24,-0.129,-0.036,0.961,0,46.065847560766166,,362.6681937546026,-1.0,3.0,52.221421,21.072244,12.0
10914,2026-05-11 19:03:14.400000+00:00,52.2214266,21.0776625,85.5,46.52,-0.13,-0.029,0.969,0,46.38492993080733,,363.72269378028494,-1.0,3.0,52.221421,21.072244,12.0
10919,2026-05-11 19:03:14.900000+00:00,52.2214243,21.0777574,85.4,46.64,-0.122,-0.035,0.964,0,46.58096190364311,,357.2869443159013,-1.0,3.0,52.220967,21.082949,13.0
10924,2026-05-11 19:03:15.400000+00:00,52.2214222,21.0778524,85.3,46.72,-0.122,-0.036,0.966,0,46.62392326703836,,350.84890584201383,-1.0,3.0,52.220967,21.082949,13.0
10929,2026-05-11 19:03:15.900000+00:00,52.2214201,21.0779481,85.2,47.16,-0.127,-0.036,0.962,0,46.967025087662776,,344.36510356828313,-1.0,3.0,52.220967,21.082949,13.0
10934,2026-05-11 19:03:16.400000+00:00,52.2214186,21.0780438,85.3,47.36,-0.122,-0.04,0.96,0,46.95228575871961,,337.89272493192817,-1.0,3.0,52.220967,21.082949,13.0
10939,2026-05-11 19:03:16.900000+00:00,52.2214159,21.0781403,85.2,47.48,-0.132,-0.036,0.988,0,47.37863220121521,,331.3482658306595,-1.0,3.0,52.220967,21.082949,13.0
10944,2026-05-11 19:03:17.400000+00:00,52.2214139,21.0782369,85.3,47.64,-0.124,-0.041,0.956,0,47.40539284027668,,324.8104228315166,-1.0,3.0,52.220967,21.082949,13.0
10949,2026-05-11 19:03:17.900000+00:00,52.2214115,21.0783331,85.3,47.39,-0.156,-0.038,0.961,0,47.22127030674965,,318.2944953496361,-1.0,3.0,52.220967,21.082949,13.0
10954,2026-05-11 19:03:18.400000+00:00,52.2214092,21.0784284,85.4,46.85,-0.16,-0.024,0.958,0,46.77700864970383,,311.8426479444698,-1.0,3.0,52.220967,21.082949,13.0
10959,2026-05-11 19:03:18.900000+00:00,52.2214059,21.078523,85.3,46.36,-0.152,-0.034,0.96,0,46.4725929078738,,305.4219915253159,-1.0,3.0,52.220967,21.082949,13.0
10964,2026-05-11 19:03:19.400000+00:00,52.2214012,21.0786171,85.1,46.07,-0.153,-0.036,0.96,0,46.30534728103613,,299.0112329008933,-1.0,3.0,52.220967,21.082949,13.0
10969,2026-05-11 19:03:19.900000+00:00,52.2213981,21.0787104,85.1,46.19,-0.135,-0.039,0.963,0,45.82709913516255,,292.6842216741959,-1.0,3.0,52.220967,21.082949,13.0
10974,2026-05-11 19:03:20.400000+00:00,52.2213943,21.0788034,85.1,46.0,-0.133,-0.037,0.967,0,45.714055294344575,,286.36611819026245,-1.0,3.0,52.220967,21.082949,13.0
10979,2026-05-11 19:03:20.900000+00:00,52.2213911,21.0788964,85.2,46.08,-0.13,-0.033,0.958,0,45.684604871372464,,280.06064493091725,-1.0,3.0,52.220967,21.082949,13.0
10984,2026-05-11 19:03:21.400000+00:00,52.2213867,21.0789894,85.1,45.91,-0.126,-0.029,0.954,0,45.74854191653867,,273.7342256981454,-1.0,3.0,52.220967,21.082949,13.0
10989,2026-05-11 19:03:21.900000+00:00,52.221383,21.0790824,85.2,45.89,-0.133,-0.038,0.97,0,45.7088086729266,,267.4225634296336,-1.0,3.0,52.220967,21.082949,13.0
10994,2026-05-11 19:03:22.400000+00:00,52.2213785,21.0791752,85.2,45.89,-0.136,-0.035,0.971,0,45.65699789235163,,261.1104963643576,-1.0,3.0,52.220967,21.082949,13.0
10999,2026-05-11 19:03:22.900000+00:00,52.2213741,21.0792686,85.3,46.07,-0.123,-0.036,0.953,0,45.94415863141638,,254.761632097983,-1.0,3.0,52.220967,21.082949,13.0
11004,2026-05-11 19:03:23.400000+00:00,52.2213695,21.0793616,85.3,46.07,-0.131,-0.03,0.96,0,45.76116725302944,,248.43721651517163,-1.0,3.0,52.220967,21.082949,13.0
11009,2026-05-11 19:03:23.900000+00:00,52.2213643,21.079454,85.3,45.62,-0.148,-0.026,0.961,0,45.50928388468009,,242.1424446905101,-1.0,3.0,52.220967,21.082949,13.0
11014,2026-05-11 19:03:24.400000+00:00,52.2213593,21.0795456,85.3,45.33,-0.147,-0.022,0.968,0,45.10408812833473,,235.9067290279964,-1.0,3.0,52.220967,21.082949,13.0
11019,2026-05-11 19:03:24.900000+00:00,52.2213539,21.079636,85.3,44.91,-0.148,-0.02,0.965,0,44.54783253754542,,229.74454000122037,-1.0,3.0,52.220967,21.082949,13.0
11024,2026-05-11 19:03:25.400000+00:00,52.2213495,21.0797261,85.5,44.6,-0.132,-0.033,0.951,0,44.33060486857314,,223.62491661284,-1.0,3.0,52.220967,21.082949,13.0
11029,2026-05-11 19:03:25.900000+00:00,52.2213449,21.079816,85.6,44.53,-0.137,-0.025,0.962,0,44.2458679850824,,217.51647494725577,-1.0,3.0,52.220967,21.082949,13.0
11034,2026-05-11 19:03:26.400000+00:00,52.2213392,21.0799055,85.7,44.43,-0.139,-0.034,0.969,0,44.1327259372692,,211.4129090375864,-1.0,3.0,52.220967,21.082949,13.0
11039,2026-05-11 19:03:26.900000+00:00,52.2213338,21.0799948,85.7,44.28,-0.146,-0.035,0.959,0,44.01092436388127,,205.33086686162343,-1.0,3.0,52.220967,21.082949,13.0
11044,2026-05-11 19:03:27.400000+00:00,52.221328,21.0800835,85.8,43.93,-0.149,-0.038,0.958,0,43.750915755987535,,199.28176571241107,-1.0,3.0,52.220967,21.082949,13.0
11049,2026-05-11 19:03:27.900000+00:00,52.2213218,21.0801719,85.9,43.99,-0.132,-0.029,0.963,0,43.63988199277407,,193.24530490644943,-1.0,3.0,52.220967,21.082949,13.0
11054,2026-05-11 19:03:28.400000+00:00,52.2213159,21.0802606,85.9,44.03,-0.129,-0.039,0.96,0,43.75949710308662,,187.19735277319745,-1.0,3.0,52.220967,21.082949,13.0
11059,2026-05-11 19:03:28.900000+00:00,52.2213098,21.0803493,85.9,44.03,-0.124,-0.039,0.964,0,43.77707638054133,,181.146711858256,-1.0,3.0,52.220967,21.082949,13.0
11064,2026-05-11 19:03:29.400000+00:00,52.221303,21.0804379,86.0,44.16,-0.123,-0.041,0.96,0,43.79447356364453,,175.08814524521893,-1.0,3.0,52.220967,21.082949,13.0
11069,2026-05-11 19:03:29.900000+00:00,52.2212961,21.0805267,86.1,44.31,-0.131,-0.051,0.959,0,43.90181524078591,,169.015593926449,-1.0,3.0,52.220967,21.082949,13.0
11074,2026-05-11 19:03:30.400000+00:00,52.2212886,21.0806157,86.2,44.36,-0.138,-0.043,0.958,0,44.062023895187856,,162.91695700349015,-1.0,3.0,52.220967,21.082949,13.0
11079,2026-05-11 19:03:30.900000+00:00,52.2212809,21.0807044,86.1,44.14,-0.148,-0.035,0.944,0,43.938449436616935,,156.8349350296305,-1.0,3.0,52.220967,21.082949,13.0
11084,2026-05-11 19:03:31.400000+00:00,52.2212722,21.0807925,86.1,43.65,-0.157,-0.043,0.952,0,43.76736419720751,,150.76932275977978,-1.0,3.0,52.220967,21.082949,13.0
11089,2026-05-11 19:03:31.900000+00:00,52.2212639,21.0808799,86.1,43.48,-0.156,-0.04,0.968,0,43.37824965828269,,144.76138320945944,-1.0,3.0,52.220967,21.082949,13.0
11094,2026-05-11 19:03:32.400000+00:00,52.2212557,21.0809675,86.1,43.67,-0.134,-0.016,0.965,0,43.46302962122303,,138.74421920647376,-1.0,3.0,52.220967,21.082949,13.0
11099,2026-05-11 19:03:32.900000+00:00,52.2212474,21.0810554,86.0,43.53,-0.13,-0.028,0.952,0,43.62061757596715,,132.70633726524392,-1.0,3.0,52.220967,21.082949,13.0
11104,2026-05-11 19:03:33.400000+00:00,52.2212392,21.0811434,86.0,43.82,-0.126,-0.03,0.963,0,43.65698893477836,,126.66645772350812,-1.0,3.0,52.220967,21.082949,13.0
11109,2026-05-11 19:03:33.900000+00:00,52.2212309,21.0812316,86.0,43.95,-0.131,-0.028,0.974,0,43.76606015913163,,120.61302485637071,-1.0,3.0,52.220967,21.082949,13.0
11114,2026-05-11 19:03:34.400000+00:00,52.2212227,21.0813197,86.0,43.7,-0.154,-0.024,0.968,0,43.70549381896568,,114.57161676266983,-1.0,3.0,52.220967,21.082949,13.0
11119,2026-05-11 19:03:34.900000+00:00,52.2212143,21.0814072,86.0,43.38,-0.144,-0.027,0.942,0,43.4390874096099,,108.56732410639916,-1.0,3.0,52.220967,21.082949,13.0
11124,2026-05-11 19:03:35.400000+00:00,52.2212058,21.0814941,86.0,43.07,-0.168,-0.037,0.968,0,43.16094133375029,,102.60302427256988,-1.0,3.0,52.220967,21.082949,13.0
11129,2026-05-11 19:03:35.900000+00:00,52.2211968,21.0815805,86.0,42.81,-0.156,-0.042,0.964,0,42.98409194588786,,96.66060165719286,-1.0,3.0,52.220967,21.082949,13.0
11134,2026-05-11 19:03:36.400000+00:00,52.2211875,21.0816662,86.0,42.58,-0.155,-0.039,0.947,0,42.686911877728136,,90.75868973468042,-1.0,3.0,52.220967,21.082949,13.0
11139,2026-05-11 19:03:36.900000+00:00,52.2211777,21.0817511,85.9,42.44,-0.16,-0.032,0.967,0,42.372913674229935,,84.89752682800268,-1.0,3.0,52.220967,21.082949,13.0
11144,2026-05-11 19:03:37.400000+00:00,52.221168,21.0818357,85.9,42.31,-0.127,-0.04,0.956,0,42.21353558305753,13.0,79.06267033840928,-1.0,3.0,52.220967,21.082949,13.0
11149,2026-05-11 19:03:37.900000+00:00,52.2211578,21.0819204,85.8,42.38,-0.127,-0.032,0.954,0,42.33714123534173,13.0,73.20965840414004,-1.0,3.0,52.220967,21.082949,13.0
11154,2026-05-11 19:03:38.400000+00:00,52.221148,21.0820055,85.7,42.67,-0.127,-0.038,0.966,0,42.46934107314968,13.0,67.34864414915636,-1.0,3.0,52.220967,21.082949,13.0
11159,2026-05-11 19:03:38.900000+00:00,52.2211376,21.0820912,85.7,42.97,-0.125,-0.036,0.962,0,42.84934192730408,13.0,61.43530603115512,-1.0,3.0,52.220967,21.082949,13.0
11164,2026-05-11 19:03:39.400000+00:00,52.2211273,21.0821771,85.7,43.09,-0.124,-0.032,0.967,0,42.93012824550171,13.0,55.52074357718508,-1.0,3.0,52.220967,21.082949,13.0
11169,2026-05-11 19:03:39.900000+00:00,52.2211163,21.0822634,85.6,43.19,-0.124,-0.027,0.952,0,43.23335369685616,13.0,49.56587581824187,-1.0,3.0,52.220967,21.082949,13.0
11174,2026-05-11 19:03:40.400000+00:00,52.2211061,21.0823497,85.7,43.37,-0.143,-0.031,0.967,0,43.10745811631713,13.0,43.65608985341997,-1.0,3.0,52.220967,21.082949,13.0
11179,2026-05-11 19:03:40.900000+00:00,52.2210953,21.0824363,85.7,43.27,-0.138,-0.029,0.962,0,43.3452127878839,13.0,37.72649293406636,-1.0,3.0,52.220967,21.082949,13.0
11184,2026-05-11 19:03:41.400000+00:00,52.2210859,21.0825225,85.9,43.02,-0.136,-0.028,0.96,0,42.942458154043415,13.0,31.9199284465293,-1.0,3.0,52.220967,21.082949,13.0
11189,2026-05-11 19:03:41.900000+00:00,52.221075,21.0826089,85.8,43.28,-0.135,-0.033,0.952,0,43.26519218902838,13.0,26.095099964954496,-1.0,3.0,52.220967,21.082949,13.0
11194,2026-05-11 19:03:42.400000+00:00,52.2210638,21.0826955,85.8,43.42,-0.136,-0.027,0.973,0,43.41025817244207,13.0,20.348322554075345,-1.0,3.0,52.220967,21.082949,13.0
11199,2026-05-11 19:03:42.900000+00:00,52.2210529,21.0827821,85.8,43.46,-0.13,-0.037,0.956,0,43.36129389796241,13.0,14.849006530142873,-1.0,3.0,52.220967,21.082949,13.0
11204,2026-05-11 19:03:43.400000+00:00,52.2210416,21.0828689,85.7,43.61,-0.136,-0.018,0.983,0,43.52283196336388,13.0,9.92883443289403,-1.0,3.0,52.220967,21.082949,13.0
11209,2026-05-11 19:03:43.900000+00:00,52.2210332,21.0829559,86.0,43.71,-0.115,-0.024,0.962,0,43.19700204647436,13.0,7.376095185751607,-1.0,3.0,52.220967,21.082949,13.0
11214,2026-05-11 19:03:44.400000+00:00,52.221022,21.0830435,86.0,43.8,-0.115,-0.044,0.965,0,43.890300337246295,13.0,8.879264358591515,-1.0,3.0,52.220967,21.082949,13.0
11219,2026-05-11 19:03:44.900000+00:00,52.2210107,21.0831315,86.1,44.23,-0.12,-0.037,0.957,0,44.098731416684615,13.0,13.34780803315861,-1.0,3.0,52.220967,21.082949,13.0
11224,2026-05-11 19:03:45.400000+00:00,52.2209993,21.0832199,86.1,44.3,-0.133,-0.045,0.971,0,44.30719561924805,13.0,18.79996369533329,-1.0,3.0,52.220967,21.082949,13.0
11229,2026-05-11 19:03:45.900000+00:00,52.2209866,21.0833081,86.1,44.5,-0.13,-0.04,0.969,0,44.43775057411628,13.0,24.558781251732256,-1.0,3.0,52.220967,21.082949,13.0
11234,2026-05-11 19:03:46.400000+00:00,52.2209737,21.0833966,86.1,44.54,-0.134,-0.04,0.957,0,44.61780260284575,13.0,30.49960923690372,-1.0,3.0,52.220967,21.082949,13.0
11239,2026-05-11 19:03:46.900000+00:00,52.2209609,21.0834847,86.1,44.34,-0.137,-0.042,0.962,0,44.408437460410845,13.0,36.49818875186393,-1.0,3.0,52.220967,21.082949,13.0
11244,2026-05-11 19:03:47.400000+00:00,52.2209472,21.0835727,85.9,44.38,-0.132,-0.037,0.951,0,44.53269915941561,13.0,42.5434593344273,-1.0,3.0,52.220967,21.082949,13.0
11249,2026-05-11 19:03:47.900000+00:00,52.2209342,21.0836603,86.0,44.13,-0.146,-0.027,0.965,0,44.207308935428095,13.0,48.5908437258479,-1.0,3.0,52.220967,21.082949,13.0
11254,2026-05-11 19:03:48.400000+00:00,52.2209213,21.0837477,86.0,44.14,-0.139,-0.033,0.96,0,44.09317068817734,13.0,54.64426396422521,-1.0,3.0,52.220967,21.082949,13.0
11259,2026-05-11 19:03:48.900000+00:00,52.2209082,21.0838347,86.0,44.09,-0.138,-0.032,0.964,0,43.94042158397667,13.0,60.68715712601768,-1.0,3.0,52.220967,21.082949,13.0
11264,2026-05-11 19:03:49.400000+00:00,52.2208955,21.0839216,86.1,44.02,-0.136,-0.036,0.959,0,43.817390110589535,13.0,66.7288852442257,-1.0,3.0,52.220967,21.082949,13.0
11269,2026-05-11 19:03:49.900000+00:00,52.2208825,21.0840081,86.2,43.68,-0.139,-0.034,0.971,0,43.68319615673313,13.0,72.75523088474077,-1.0,3.0,52.220967,21.082949,13.0
11274,2026-05-11 19:03:50.400000+00:00,52.2208695,21.0840947,86.2,43.88,-0.138,-0.019,0.96,0,43.73084384482704,13.0,78.79458360760194,-1.0,3.0,52.220967,21.082949,13.0
11279,2026-05-11 19:03:50.900000+00:00,52.2208559,21.0841808,86.2,43.78,-0.132,-0.022,0.96,0,43.61015460457604,,84.81483870523341,-1.0,3.0,52.220967,21.082949,13.0
11284,2026-05-11 19:03:51.400000+00:00,52.2208422,21.0842669,86.2,43.59,-0.135,-0.025,0.966,0,43.630224821004354,,90.84167521076334,-1.0,3.0,52.220967,21.082949,13.0
11289,2026-05-11 19:03:51.900000+00:00,52.2208296,21.0843527,86.2,43.43,-0.128,-0.026,0.963,0,43.27411396429514,,96.83307009188148,-1.0,3.0,52.220967,21.082949,13.0
11294,2026-05-11 19:03:52.400000+00:00,52.2208165,21.0844386,86.3,43.51,-0.138,-0.03,0.966,0,43.41677937277009,,102.84242768831244,-1.0,3.0,52.220967,21.082949,13.0
11299,2026-05-11 19:03:52.900000+00:00,52.2208038,21.0845244,86.4,43.35,-0.138,-0.011,0.962,0,43.29287050840145,,108.83994123043676,-1.0,3.0,52.220967,21.082949,13.0
11304,2026-05-11 19:03:53.400000+00:00,52.2207911,21.0846101,86.4,43.3,-0.13,-0.014,0.961,0,43.24520899772844,,114.83235347226903,-1.0,3.0,52.220967,21.082949,13.0
11309,2026-05-11 19:03:53.900000+00:00,52.2207783,21.0846958,86.5,43.03,-0.124,-0.02,0.963,0,43.26411421475819,,120.82807545810812,-1.0,3.0,52.220967,21.082949,13.0
11314,2026-05-11 19:03:54.400000+00:00,52.2207654,21.084781,86.5,42.9,-0.137,-0.032,0.962,0,43.04504948335168,,126.79348874081435,-1.0,3.0,52.220967,21.082949,13.0
11319,2026-05-11 19:03:54.900000+00:00,52.2207524,21.0848662,86.6,43.08,-0.137,-0.035,0.96,0,43.06434029461639,,132.7620778914744,-1.0,3.0,52.220967,21.082949,13.0
11324,2026-05-11 19:03:55.400000+00:00,52.220739,21.0849509,86.7,43.04,-0.152,-0.039,0.963,0,42.90538076699094,,138.70638667600574,-1.0,3.0,52.220967,21.082949,13.0
11329,2026-05-11 19:03:55.900000+00:00,52.220725,21.0850346,86.6,42.52,-0.159,-0.036,0.965,0,42.55467501956297,,144.5973786290879,-1.0,3.0,52.220967,21.082949,13.0
11334,2026-05-11 19:03:56.400000+00:00,52.2207116,21.0851178,86.7,42.14,-0.152,-0.031,0.96,0,42.19347571407277,,150.44383817161608,-1.0,3.0,52.220967,21.082949,13.0
11339,2026-05-11 19:03:56.900000+00:00,52.220697,21.0852001,86.6,42.04,-0.154,-0.031,0.954,0,42.02375302401888,,156.2567378939943,-1.0,3.0,52.220967,21.082949,13.0
11344,2026-05-11 19:03:57.400000+00:00,52.2206836,21.0852824,86.6,41.74,-0.135,-0.034,0.958,0,41.76673785000626,,162.0453422867919,-1.0,3.0,52.220967,21.082949,13.0
11349,2026-05-11 19:03:57.900000+00:00,52.2206699,21.0853644,86.5,41.62,-0.144,-0.036,0.953,0,41.68711228471702,,167.82132729235835,-1.0,3.0,52.220967,21.082949,13.0
11354,2026-05-11 19:03:58.400000+00:00,52.2206567,21.0854461,86.5,41.34,-0.144,-0.046,0.957,0,41.441301921505925,,173.56715114259865,-1.0,3.0,52.220967,21.082949,13.0
11359,2026-05-11 19:03:58.900000+00:00,52.2206431,21.0855274,86.5,41.46,-0.141,-0.052,0.956,0,41.334842734430026,,179.29584866596397,-1.0,3.0,52.220967,21.082949,13.0
11364,2026-05-11 19:03:59.400000+00:00,52.2206295,21.0856083,86.5,41.31,-0.145,-0.043,0.96,0,41.1456287083603,,184.9986261498617,-1.0,3.0,52.220967,21.082949,13.0
11369,2026-05-11 19:03:59.900000+00:00,52.2206161,21.0856895,86.5,41.16,-0.145,-0.037,0.955,0,41.24561637799789,,187.35825394145596,-1.0,3.0,52.22005,21.08828,14.0
11374,2026-05-11 19:04:00.400000+00:00,52.2206024,21.0857705,86.6,41.17,-0.147,-0.031,0.964,0,41.21418643629643,,181.6498930956321,-1.0,3.0,52.22005,21.08828,14.0
11379,2026-05-11 19:04:00.900000+00:00,52.2205894,21.0858512,86.7,40.9,-0.145,-0.032,0.962,0,40.92628672709379,,175.98828644494708,-1.0,3.0,52.22005,21.08828,14.0
11384,2026-05-11 19:04:01.400000+00:00,52.2205761,21.0859319,86.8,41.04,-0.139,-0.029,0.954,0,40.9880359876457,,170.31672409078442,-1.0,3.0,52.22005,21.08828,14.0
11389,2026-05-11 19:04:01.900000+00:00,52.2205619,21.0860119,86.8,40.82,-0.15,-0.025,0.964,0,40.85123575254816,,164.65673938265647,-1.0,3.0,52.22005,21.08828,14.0
11394,2026-05-11 19:04:02.400000+00:00,52.2205477,21.0860912,86.9,40.63,-0.144,-0.021,0.963,0,40.52159510511025,,159.04244092028205,-1.0,3.0,52.22005,21.08828,14.0
11399,2026-05-11 19:04:02.900000+00:00,52.2205335,21.08617,86.8,40.41,-0.156,-0.029,0.956,0,40.28628061226784,,153.4610466584312,-1.0,3.0,52.22005,21.08828,14.0
11404,2026-05-11 19:04:03.400000+00:00,52.2205194,21.0862482,86.8,40.28,-0.15,-0.03,0.961,0,39.98137942190184,,147.92287049784292,-1.0,3.0,52.22005,21.08828,14.0
11409,2026-05-11 19:04:03.900000+00:00,52.2205047,21.0863257,86.7,39.91,-0.148,-0.028,0.965,0,39.79156854972466,,142.40671508969206,-1.0,3.0,52.22005,21.08828,14.0
11414,2026-05-11 19:04:04.400000+00:00,52.2204905,21.0864025,86.8,39.42,-0.162,-0.029,0.962,0,39.3462199445806,,136.95581127915497,-1.0,3.0,52.22005,21.08828,14.0
11419,2026-05-11 19:04:04.900000+00:00,52.2204763,21.0864788,86.9,39.44,-0.151,-0.015,0.947,0,39.11152069279037,,131.53782729197178,-1.0,3.0,52.22005,21.08828,14.0
11424,2026-05-11 19:04:05.400000+00:00,52.2204615,21.0865545,86.8,38.82,-0.158,-0.016,0.969,0,38.97339697030206,,126.13492488539434,-1.0,3.0,52.22005,21.08828,14.0
11429,2026-05-11 19:04:05.900000+00:00,52.2204471,21.0866296,86.8,38.59,-0.147,-0.02,0.956,0,38.596297544438016,,120.78722321130796,-1.0,3.0,52.22005,21.08828,14.0
11434,2026-05-11 19:04:06.400000+00:00,52.2204327,21.0867042,86.9,38.44,-0.159,-0.014,0.964,0,38.36233961179312,,115.4723792111397,-1.0,3.0,52.22005,21.08828,14.0
11439,2026-05-11 19:04:06.900000+00:00,52.2204188,21.0867781,87.0,37.92,-0.155,-0.021,0.963,0,37.91561673601836,,110.22375598798271,-1.0,3.0,52.22005,21.08828,14.0
11444,2026-05-11 19:04:07.400000+00:00,52.2204051,21.0868515,87.1,37.63,-0.159,-0.026,0.961,0,37.63428442239488,,105.01680055274458,-1.0,3.0,52.22005,21.08828,14.0
11449,2026-05-11 19:04:07.900000+00:00,52.2203914,21.0869244,87.3,37.48,-0.153,-0.02,0.95,0,37.39977433618706,,99.84343963434884,-1.0,3.0,52.22005,21.08828,14.0
11454,2026-05-11 19:04:08.400000+00:00,52.2203779,21.0869966,87.4,36.96,-0.156,-0.027,0.967,0,37.02463024019703,,94.72495400405498,-1.0,3.0,52.22005,21.08828,14.0
11459,2026-05-11 19:04:08.900000+00:00,52.2203644,21.0870681,87.6,36.71,-0.153,-0.008,0.953,0,36.69640225005969,,89.65310366761373,-1.0,3.0,52.22005,21.08828,14.0
11464,2026-05-11 19:04:09.400000+00:00,52.220351,21.087139,87.7,36.64,-0.156,-0.015,0.962,0,36.39160491272231,,84.62618031427812,-1.0,3.0,52.22005,21.08828,14.0
11469,2026-05-11 19:04:09.900000+00:00,52.2203381,21.0872093,87.9,36.04,-0.168,-0.016,0.953,0,35.99361802221381,14.0,79.66250691583242,-1.0,3.0,52.22005,21.08828,14.0
11474,2026-05-11 19:04:10.400000+00:00,52.2203251,21.0872777,88.0,34.89,-0.218,-0.027,0.94,0,35.12557587663333,14.0,74.8171043106066,-1.0,3.0,52.22005,21.08828,14.0
11479,2026-05-11 19:04:10.900000+00:00,52.2203117,21.0873434,88.1,33.56,-0.218,-0.046,0.981,0,33.96284860168232,14.0,70.12509712116373,-1.0,3.0,52.22005,21.08828,14.0
11484,2026-05-11 19:04:11.400000+00:00,52.2202983,21.0874066,88.2,32.64,-0.199,-0.071,0.933,0,32.801746555536006,14.0,65.59113287498614,-1.0,3.0,52.22005,21.08828,14.0
11489,2026-05-11 19:04:11.900000+00:00,52.220285,21.0874668,88.3,30.96,-0.234,-0.077,0.955,0,31.387698790298565,14.0,61.24994564133851,-1.0,3.0,52.22005,21.08828,14.0
11494,2026-05-11 19:04:12.400000+00:00,52.2202711,21.0875238,88.3,29.87,-0.217,-0.064,0.926,0,30.09033425857756,14.0,57.07932885864132,-1.0,3.0,52.22005,21.08828,14.0
11499,2026-05-11 19:04:12.900000+00:00,52.2202574,21.0875778,88.4,28.42,-0.242,-0.032,0.969,0,28.666762032767963,14.0,53.10376751215183,-1.0,3.0,52.22005,21.08828,14.0
11504,2026-05-11 19:04:13.400000+00:00,52.2202442,21.0876285,88.5,26.74,-0.227,-0.047,0.933,0,27.01936096770552,14.0,49.35560954753632,-1.0,3.0,52.22005,21.08828,14.0
11509,2026-05-11 19:04:13.900000+00:00,52.2202301,21.087677,88.5,26.36,-0.196,-0.051,0.949,0,26.33048324744854,14.0,45.69878589112886,-1.0,3.0,52.22005,21.08828,14.0
11514,2026-05-11 19:04:14.400000+00:00,52.2202156,21.0877233,88.5,25.11,-0.206,-0.068,0.942,0,25.50403000747149,14.0,42.15724900268975,-1.0,3.0,52.22005,21.08828,14.0
11519,2026-05-11 19:04:14.900000+00:00,52.220202,21.0877681,88.5,24.17,-0.195,-0.045,0.961,0,24.522905468739083,14.0,38.75140953584947,-1.0,3.0,52.22005,21.08828,14.0
11524,2026-05-11 19:04:15.400000+00:00,52.2201907,21.0878125,88.6,23.43,-0.19,-0.029,0.95,0,23.581385608110327,14.0,35.48214580989263,-1.0,3.0,52.22005,21.08828,14.0
11529,2026-05-11 19:04:15.900000+00:00,52.2201799,21.0878559,88.7,22.96,-0.193,0.011,0.939,0,22.975592366799543,14.0,32.29987310696119,-1.0,3.0,52.22005,21.08828,14.0
11534,2026-05-11 19:04:16.400000+00:00,52.2201698,21.0878983,88.7,22.34,-0.208,-0.017,0.973,0,22.3127850660144,14.0,29.215615083379348,-1.0,3.0,52.22005,21.08828,14.0
11539,2026-05-11 19:04:16.900000+00:00,52.2201602,21.0879391,88.7,21.32,-0.21,-0.051,0.953,0,21.43649288925903,14.0,26.257187548094592,-1.0,3.0,52.22005,21.08828,14.0
11544,2026-05-11 19:04:17.400000+00:00,52.2201505,21.0879783,88.6,20.53,-0.212,-0.048,0.932,0,20.73567722616264,14.0,23.393925506761057,-1.0,3.0,52.22005,21.08828,14.0
11549,2026-05-11 19:04:17.900000+00:00,52.2201427,21.0880156,88.5,19.06,-0.217,-0.055,0.949,0,19.33107315459345,14.0,20.752261200348503,-1.0,3.0,52.22005,21.08828,14.0
11554,2026-05-11 19:04:18.400000+00:00,52.2201357,21.0880509,88.3,17.92,-0.223,-0.049,0.967,0,18.19812043733834,14.0,18.285936900287112,-1.0,3.0,52.22005,21.08828,14.0
11559,2026-05-11 19:04:18.900000+00:00,52.220129,21.0880845,88.1,17.19,-0.224,-0.073,0.923,0,17.330898789964706,14.0,15.95391516589561,-1.0,3.0,52.22005,21.08828,14.0
11564,2026-05-11 19:04:19.400000+00:00,52.2201231,21.0881153,88.0,14.99,-0.281,-0.068,0.944,0,15.827845309715654,14.0,13.854572253100596,-1.0,3.0,52.22005,21.08828,14.0
11569,2026-05-11 19:04:19.900000+00:00,52.2201177,21.0881414,88.0,12.67,-0.309,-0.072,0.927,0,13.511670228420911,14.0,12.075322142184536,-1.0,3.0,52.22005,21.08828,14.0
11574,2026-05-11 19:04:20.400000+00:00,52.2201129,21.0881622,87.9,10.12,-0.315,-0.077,0.945,0,10.901629606979586,14.0,10.64490624547679,-1.0,3.0,52.22005,21.08828,14.0
11579,2026-05-11 19:04:20.900000+00:00,52.2201096,21.0881783,87.8,7.38,-0.329,-0.046,0.938,0,8.326869951909414,14.0,9.587303932939912,-1.0,3.0,52.22005,21.08828,14.0
11584,2026-05-11 19:04:21.400000+00:00,52.2201078,21.0881889,87.8,4.35,-0.315,-0.059,0.938,0,5.395046372906662,14.0,8.93419469930043,-1.0,3.0,52.22005,21.08828,14.0
11589,2026-05-11 19:04:21.900000+00:00,52.220107,21.0881949,87.7,2.36,-0.292,-0.056,0.94,0,3.011732164220882,14.0,8.589431859868938,-1.0,3.0,52.22005,21.08828,14.0
11594,2026-05-11 19:04:22.400000+00:00,52.2201073,21.0881969,87.8,0.4,-0.272,-0.06,0.947,0,1.0099227106936155,14.0,8.522983095763681,-1.0,3.0,52.22005,21.08828,14.0
11599,2026-05-11 19:04:22.900000+00:00,52.2201079,21.088197,87.7,0.17,-0.161,-0.067,0.953,0,0.4828595790942434,14.0,8.568476096109832,-1.0,3.0,52.22005,21.08828,14.0
11604,2026-05-11 19:04:23.400000+00:00,52.2201086,21.0881974,87.8,0.27,-0.16,-0.068,0.968,0,0.5937706407960657,14.0,8.609280091998976,-1.0,3.0,52.22005,21.08828,14.0
11609,2026-05-11 19:04:23.900000+00:00,52.2201087,21.0881973,87.6,0.22,-0.16,-0.072,0.958,0,0.0938898344863494,14.0,8.622148502111857,-1.0,3.0,52.22005,21.08828,14.0
11614,2026-05-11 19:04:24.400000+00:00,52.220109,21.0881973,87.6,0.13,-0.16,-0.066,0.962,0,0.2401810414833782,14.0,8.647429006616369,-1.0,3.0,52.22005,21.08828,14.0
11619,2026-05-11 19:04:24.900000+00:00,52.2201092,21.0881973,87.6,0.4,-0.163,-0.066,0.96,0,0.1601206960198276,14.0,8.664313049135034,-1.0,3.0,52.22005,21.08828,14.0
11624,2026-05-11 19:04:25.400000+00:00,52.2201092,21.0881971,87.6,0.11,-0.16,-0.069,0.962,0,0.0980946929771841,14.0,8.673177884937614,-1.0,3.0,52.22005,21.08828,14.0
11629,2026-05-11 19:04:25.900000+00:00,52.2201094,21.0881969,87.5,0.3,-0.155,-0.067,0.959,0,0.1877796690376119,14.0,8.698928738437916,-1.0,3.0,52.22005,21.08828,14.0
11634,2026-05-11 19:04:26.400000+00:00,52.2201097,21.0881967,87.5,0.11,-0.158,-0.066,0.96,0,0.2594407513613853,14.0,8.733130843857701,-1.0,3.0,52.22005,21.08828,14.0
11639,2026-05-11 19:04:26.900000+00:00,52.2201101,21.0881964,87.6,0.04,-0.16,-0.07,0.96,0,0.3524277579167827,14.0,8.78022907849526,-1.0,3.0,52.22005,21.08828,14.0
11644,2026-05-11 19:04:27.400000+00:00,52.2201106,21.0881964,87.6,0.22,-0.163,-0.068,0.962,0,0.4003017324104796,14.0,8.822619141214778,-1.0,3.0,52.22005,21.08828,14.0
11649,2026-05-11 19:04:27.900000+00:00,52.220111,21.0881962,87.6,0.09,-0.159,-0.07,0.96,0,0.3349285256176859,14.0,8.865403145812001,-1.0,3.0,52.22005,21.08828,14.0
11654,2026-05-11 19:04:28.400000+00:00,52.2201112,21.0881958,87.6,0.23,-0.159,-0.071,0.961,0,0.2532368581121648,14.0,8.899966261919472,-1.0,3.0,52.22005,21.08828,14.0
11659,2026-05-11 19:04:28.900000+00:00,52.2201112,21.0881955,87.6,0.07,-0.164,-0.068,0.96,0,0.1471420312794148,14.0,8.913150741967454,-1.0,3.0,52.22005,21.08828,14.0
11664,2026-05-11 19:04:29.400000+00:00,52.2201116,21.0881953,87.6,0.07,-0.16,-0.067,0.96,0,0.3349285252295355,14.0,8.955926865719482,-1.0,3.0,52.22005,21.08828,14.0
11669,2026-05-11 19:04:29.900000+00:00,52.220112,21.088195,87.6,0.13,-0.159,-0.068,0.959,0,0.3524277552885317,14.0,9.003119799777318,-1.0,3.0,52.22005,21.08828,14.0
11674,2026-05-11 19:04:30.400000+00:00,52.2201126,21.0881948,87.6,0.05,-0.161,-0.07,0.959,0,0.4902757365942534,14.0,9.063028461460148,-1.0,3.0,52.22005,21.08828,14.0
11679,2026-05-11 19:04:30.900000+00:00,52.2201131,21.0881946,87.6,0.31,-0.161,-0.072,0.957,0,0.412145663510638,14.0,9.114489345085186,-1.0,3.0,52.22005,21.08828,14.0
11684,2026-05-11 19:04:31.400000+00:00,52.2201132,21.0881944,87.6,0.28,-0.161,-0.06,0.963,0,0.1266184267566535,14.0,9.131745887632352,-1.0,3.0,52.22005,21.08828,14.0
11689,2026-05-11 19:04:31.900000+00:00,52.2201132,21.0881942,87.5,0.37,-0.161,-0.056,0.957,0,0.0980946825820281,14.0,9.14045184619282,-1.0,3.0,52.22005,21.08828,14.0
11694,2026-05-11 19:04:32.400000+00:00,52.220113,21.0881952,87.4,1.36,-0.08,-0.075,0.968,0,0.5159484569309809,14.0,9.079874024508513,-1.0,3.0,52.22005,21.08828,14.0
11699,2026-05-11 19:04:32.900000+00:00,52.2201122,21.0881992,87.3,2.64,-0.085,-0.062,0.97,0,2.063793842594389,14.0,8.83922075087472,-1.0,3.0,52.22005,21.08828,14.0
11704,2026-05-11 19:04:33.400000+00:00,52.2201114,21.0882059,87.3,3.75,-0.095,-0.054,0.968,0,3.348006053660165,14.0,8.490769733999562,-1.0,3.0,52.22005,21.08828,14.0
11709,2026-05-11 19:04:33.900000+00:00,52.2201102,21.0882146,87.2,4.81,-0.105,-0.062,0.966,0,4.373933587935987,14.0,8.040957935948118,-1.0,3.0,52.22005,21.08828,14.0
11714,2026-05-11 19:04:34.400000+00:00,52.2201085,21.0882254,87.2,5.67,-0.114,-0.064,0.959,0,5.469168247591453,14.0,7.493190065158022,-1.0,3.0,52.22005,21.08828,14.0
11719,2026-05-11 19:04:34.900000+00:00,52.2201073,21.0882378,87.2,6.2,-0.159,-0.061,0.959,0,6.157284040822375,14.0,6.989967400519258,-1.0,3.0,52.22005,21.08828,14.0
11724,2026-05-11 19:04:35.400000+00:00,52.2201058,21.0882498,87.2,5.94,-0.156,-0.073,0.957,0,6.00694800979609,14.0,6.5368459766382685,-1.0,3.0,52.22005,21.08828,14.0
11729,2026-05-11 19:04:35.900000+00:00,52.2201035,21.0882627,87.1,6.43,-0.14,-0.062,0.957,0,6.589613712594253,14.0,6.064537285259692,-1.0,3.0,52.22005,21.08828,14.0
11734,2026-05-11 19:04:36.400000+00:00,52.2201015,21.0882759,87.1,6.55,-0.16,-0.062,0.951,0,6.669316691076041,14.0,5.733345696592427,-1.0,3.0,52.22005,21.08828,14.0
11739,2026-05-11 19:04:36.900000+00:00,52.2200997,21.0882892,87.1,6.59,-0.179,-0.06,0.952,0,6.680580065761581,14.0,5.56181052988009,-1.0,3.0,52.22005,21.08828,14.0
11744,2026-05-11 19:04:37.400000+00:00,52.2200982,21.0883018,87.1,5.86,-0.212,-0.058,0.952,0,6.295567144620291,14.0,5.561530780018861,-1.0,3.0,52.22005,21.08828,14.0
11749,2026-05-11 19:04:37.900000+00:00,52.2200965,21.0883121,87.0,4.76,-0.22,-0.058,0.955,0,5.232003698123135,14.0,5.613944437452943,-1.0,3.0,52.22005,21.08828,14.0
11754,2026-05-11 19:04:38.400000+00:00,52.2200955,21.0883215,87.1,4.52,-0.205,-0.059,0.959,0,4.679447890895071,14.0,5.795632290076952,-1.0,3.0,52.22005,21.08828,14.0
11759,2026-05-11 19:04:38.900000+00:00,52.2200943,21.0883302,87.1,4.33,-0.166,-0.061,0.951,0,4.3739350783407644,14.0,5.996593782558217,-1.0,3.0,52.22005,21.08828,14.0
11764,2026-05-11 19:04:39.400000+00:00,52.2200914,21.0883388,87.0,4.83,-0.144,-0.061,0.958,0,4.814838085144594,14.0,6.10215209397412,-1.0,3.0,52.22005,21.08828,14.0
11769,2026-05-11 19:04:39.900000+00:00,52.2200893,21.0883479,87.0,4.62,-0.184,-0.057,0.949,0,4.769465300220332,14.0,6.36327457301605,-1.0,3.0,52.22005,21.08828,14.0
11774,2026-05-11 19:04:40.400000+00:00,52.2200866,21.0883555,86.9,4.13,-0.18,-0.059,0.952,0,4.309018899572527,14.0,6.558572454679067,-1.0,3.0,52.22005,21.08828,14.0
11779,2026-05-11 19:04:40.900000+00:00,52.2200846,21.0883631,86.6,3.85,-0.176,-0.065,0.957,0,4.056952981055206,14.0,6.8445376493951695,-1.0,3.0,52.22005,21.08828,14.0
11784,2026-05-11 19:04:41.400000+00:00,52.2200839,21.0883727,86.8,4.69,-0.183,-0.061,0.956,0,4.741781970103525,14.0,7.354355440826462,-1.0,3.0,52.22005,21.08828,14.0
11789,2026-05-11 19:04:41.900000+00:00,52.220083,21.0883794,87.0,3.24,-0.244,-0.054,0.947,0,3.364241745050407,14.0,7.701608054675038,-1.0,3.0,52.22005,21.08828,14.0
11794,2026-05-11 19:04:42.400000+00:00,52.220081,21.0883836,86.9,2.24,-0.252,-0.057,0.948,0,2.609103608776865,14.0,7.854212010104837,-1.0,3.0,52.22005,21.08828,14.0
11799,2026-05-11 19:04:42.900000+00:00,52.2200815,21.0883863,87.0,1.5,-0.183,-0.062,0.956,0,1.383458280284866,14.0,8.043938947266433,-1.0,3.0,52.22005,21.08828,14.0
11804,2026-05-11 19:04:43.400000+00:00,52.2200821,21.0883879,87.2,1.3,-0.191,-0.06,0.956,0,0.920104820657544,14.0,8.171118348065491,-1.0,3.0,52.22005,21.08828,14.0
11809,2026-05-11 19:04:43.900000+00:00,52.220082,21.0883888,87.2,0.41,-0.195,-0.058,0.952,0,0.4486278099370387,14.0,8.2214938440487,-1.0,3.0,52.22005,21.08828,14.0
11814,2026-05-11 19:04:44.400000+00:00,52.2200819,21.0883895,87.3,0.14,-0.168,-0.064,0.957,0,0.3525425777256164,14.0,8.259725869324482,-1.0,3.0,52.22005,21.08828,14.0
11819,2026-05-11 19:04:44.900000+00:00,52.2200821,21.0883903,87.3,0.12,-0.163,-0.056,0.957,0,0.4237923109924822,14.0,8.318492882630979,-1.0,3.0,52.22005,21.08828,14.0
11824,2026-05-11 19:04:45.400000+00:00,52.2200819,21.0883907,87.4,0.02,-0.164,-0.059,0.96,0,0.2532369621333823,14.0,8.333623646761886,-1.0,3.0,52.22005,21.08828,14.0
11829,2026-05-11 19:04:45.900000+00:00,52.2200821,21.0883909,87.5,0.12,-0.163,-0.059,0.96,0,0.1877797048805217,14.0,8.355430208780765,-1.0,3.0,52.22005,21.08828,14.0
11834,2026-05-11 19:04:46.400000+00:00,52.2200822,21.0883914,87.7,0.17,-0.168,-0.057,0.962,0,0.2579743909812295,14.0,8.390977919023461,-1.0,3.0,52.22005,21.08828,14.0
11839,2026-05-11 19:04:46.900000+00:00,52.2200826,21.0883915,87.8,0.08,-0.166,-0.056,0.96,0,0.3239755974650766,14.0,8.416200456033762,-1.0,3.0,52.22005,21.08828,14.0
11844,2026-05-11 19:04:47.400000+00:00,52.2200825,21.0883917,87.9,0.1,-0.168,-0.057,0.961,0,0.1266184779111908,14.0,8.42372195032346,-1.0,3.0,52.22005,21.08828,14.0
11849,2026-05-11 19:04:47.900000+00:00,52.2200822,21.0883922,88.0,0.07,-0.165,-0.056,0.96,0,0.3432609169947563,14.0,8.440296623232138,-1.0,3.0,52.22005,21.08828,14.0
11854,2026-05-11 19:04:48.400000+00:00,52.220082,21.0883923,88.0,0.08,-0.164,-0.055,0.96,0,0.167464276504617,14.0,8.437062836586275,-1.0,3.0,52.22005,21.08828,14.0
11859,2026-05-11 19:04:48.900000+00:00,52.2200818,21.0883922,88.1,0.05,-0.165,-0.056,0.959,0,0.1674642619611026,14.0,8.421524875949649,-1.0,3.0,52.22005,21.08828,14.0
11864,2026-05-11 19:04:49.400000+00:00,52.2200818,21.0883922,88.1,0.17,-0.165,-0.056,0.96,0,0.0,14.0,8.421524875949649,-1.0,3.0,52.22005,21.08828,14.0
11869,2026-05-11 19:04:49.900000+00:00,52.2200818,21.088392,88.1,0.15,-0.165,-0.054,0.96,0,0.0980947534981441,14.0,8.409161682793869,-1.0,3.0,52.22005,21.08828,14.0
11874,2026-05-11 19:04:50.400000+00:00,52.2200817,21.0883921,88.2,0.05,-0.164,-0.057,0.961,0,0.0938898551632504,14.0,8.410676611617305,-1.0,3.0,52.22005,21.08828,14.0
11879,2026-05-11 19:04:50.900000+00:00,52.2200816,21.088392,88.2,0.03,-0.166,-0.056,0.96,0,0.0938898508783501,14.0,8.399834581429706,-1.0,3.0,52.22005,21.08828,14.0
11884,2026-05-11 19:04:51.400000+00:00,52.2200816,21.088392,88.3,0.03,-0.167,-0.056,0.962,0,0.0,14.0,8.399834581429706,-1.0,3.0,52.22005,21.08828,14.0
11889,2026-05-11 19:04:51.900000+00:00,52.2200817,21.088392,88.4,0.03,-0.163,-0.057,0.962,0,0.0800603454635506,14.0,8.40449207006364,-1.0,3.0,52.22005,21.08828,14.0
11894,2026-05-11 19:04:52.400000+00:00,52.2200817,21.088392,88.5,0.17,-0.166,-0.057,0.96,0,0.0,14.0,8.40449207006364,-1.0,3.0,52.22005,21.08828,14.0
11899,2026-05-11 19:04:52.900000+00:00,52.2200819,21.088392,88.6,0.07,-0.165,-0.056,0.961,0,0.1601206909271013,14.0,8.4138433985423,-1.0,3.0,52.22005,21.08828,14.0
11904,2026-05-11 19:04:53.400000+00:00,52.2200821,21.088392,88.7,0.05,-0.165,-0.057,0.962,0,0.1601206960198276,14.0,8.423243060993125,-1.0,3.0,52.22005,21.08828,14.0
11909,2026-05-11 19:04:53.900000+00:00,52.2200823,21.0883919,88.8,0.02,-0.166,-0.058,0.959,0,0.1674642716028691,14.0,8.426528018384287,-1.0,3.0,52.22005,21.08828,14.0
11914,2026-05-11 19:04:54.400000+00:00,52.2200826,21.0883917,89.0,0.06,-0.169,-0.059,0.959,0,0.2594407651543546,14.0,8.428498266802134,-1.0,3.0,52.22005,21.08828,14.0
11919,2026-05-11 19:04:54.900000+00:00,52.2200828,21.0883917,89.1,0.03,-0.166,-0.059,0.96,0,0.1601207011125538,14.0,8.43808674858981,-1.0,3.0,52.22005,21.08828,14.0
11924,2026-05-11 19:04:55.400000+00:00,52.2200831,21.0883915,89.2,0.1,-0.164,-0.056,0.959,0,0.2594407641469522,14.0,8.440296032004388,-1.0,3.0,52.22005,21.08828,14.0
11929,2026-05-11 19:04:55.900000+00:00,52.2200835,21.0883915,89.4,0.05,-0.164,-0.055,0.96,0,0.3202413920396552,14.0,8.459786158976426,-1.0,3.0,52.22005,21.08828,14.0
11934,2026-05-11 19:04:56.400000+00:00,52.2200839,21.0883914,89.5,0.03,-0.164,-0.058,0.961,0,0.3239756022817467,14.0,8.473363319026705,-1.0,3.0,52.22005,21.08828,14.0
11939,2026-05-11 19:04:56.900000+00:00,52.2200845,21.0883913,89.6,0.07,-0.162,-0.059,0.961,0,0.4828595815608255,14.0,8.49717435881758,-1.0,3.0,52.22005,21.08828,14.0
11944,2026-05-11 19:04:57.400000+00:00,52.2200851,21.0883913,89.7,0.08,-0.165,-0.056,0.96,0,0.4803620829667565,14.0,8.52750285631031,-1.0,3.0,52.22005,21.08828,14.0
11949,2026-05-11 19:04:57.900000+00:00,52.2200858,21.0883914,89.9,0.12,-0.165,-0.057,0.96,0,0.5625646172782233,14.0,8.569439262607775,-1.0,3.0,52.22005,21.08828,14.0
11954,2026-05-11 19:04:58.400000+00:00,52.2200862,21.0883915,90.1,0.2,-0.166,-0.057,0.959,0,0.3239756018971935,14.0,8.596209523295165,-1.0,3.0,52.22005,21.08828,14.0
11959,2026-05-11 19:04:58.900000+00:00,52.2200856,21.0883919,90.4,0.97,-0.165,-0.057,0.961,0,0.5188815333856985,14.0,8.589344646201672,-1.0,3.0,52.22005,21.08828,14.0
11964,2026-05-11 19:04:59.400000+00:00,52.2200852,21.0883934,90.7,2.72,-0.164,-0.058,0.961,0,0.8023868200732109,14.0,8.65996241971379,-1.0,3.0,52.22005,21.08828,14.0
11969,2026-05-11 19:04:59.900000+00:00,52.2200843,21.0883954,90.8,0.69,-0.163,-0.058,0.96,0,1.2171443264128528,14.0,8.73756634168558,-1.0,3.0,52.22005,21.08828,14.0
11974,2026-05-11 19:05:00.400000+00:00,52.2200843,21.0883968,90.9,0.34,-0.163,-0.055,0.959,0,0.6866632311531827,14.0,8.823469075950777,-1.0,3.0,52.22005,21.08828,14.0
11979,2026-05-11 19:05:00.900000+00:00,52.2200843,21.0883981,91.1,1.49,-0.147,-0.058,0.964,0,0.6376158540451455,14.0,8.903408492976675,-1.0,3.0,52.22005,21.08828,14.0
11984,2026-05-11 19:05:01.400000+00:00,52.2200837,21.0884014,91.1,1.86,-0.095,-0.064,0.963,0,1.6883409020070232,14.0,9.079309252973776,-1.0,3.0,52.22005,21.08828,14.0
11989,2026-05-11 19:05:01.900000+00:00,52.2200829,21.0884071,91.1,2.76,-0.104,-0.067,0.968,0,2.86812807409683,14.0,9.399369929894355,-1.0,3.0,52.22005,21.08828,14.0
11994,2026-05-11 19:05:02.400000+00:00,52.2200821,21.088414,91.3,3.79,-0.108,-0.058,0.966,0,3.4443423496275845,14.0,9.801302515658543,-1.0,3.0,52.22005,21.08828,14.0
11999,2026-05-11 19:05:02.900000+00:00,52.2200816,21.0884239,91.3,5.28,-0.098,-0.06,0.966,0,4.872162683113378,14.0,10.413394280862764,-1.0,3.0,52.22005,21.08828,14.0
12004,2026-05-11 19:05:03.400000+00:00,52.2200812,21.0884375,91.3,7.31,-0.1,-0.053,0.968,0,6.678126041144601,14.0,11.27607543486454,-1.0,3.0,52.22005,21.08828,14.0
12009,2026-05-11 19:05:03.900000+00:00,52.2200797,21.0884498,91.3,7.19,-0.076,-0.045,0.972,0,6.151193421206832,14.0,12.0292215452335,-1.0,3.0,52.22005,21.08828,14.0
12014,2026-05-11 19:05:04.400000+00:00,52.2200787,21.0884673,91.2,9.22,-0.071,-0.041,0.963,0,8.620548488947419,14.0,13.152181763997868,-1.0,3.0,52.22005,21.08828,14.0
12019,2026-05-11 19:05:04.900000+00:00,52.2200781,21.0884889,91.1,10.81,-0.057,-0.043,0.973,0,10.605118738872983,14.0,14.569548202231973,-1.0,3.0,52.22005,21.08828,14.0
12024,2026-05-11 19:05:05.400000+00:00,52.2200764,21.0885133,90.8,12.18,-0.088,-0.045,0.978,0,12.044704582120875,14.0,16.161557705089912,-1.0,3.0,52.22005,21.08828,14.0
12029,2026-05-11 19:05:05.900000+00:00,52.2200743,21.0885393,90.6,13.37,-0.118,-0.033,0.952,0,12.86267144940564,14.0,17.86934516203775,-1.0,3.0,52.22005,21.08828,14.0
12034,2026-05-11 19:05:06.400000+00:00,52.2200714,21.0885662,90.4,13.4,-0.112,-0.06,0.962,0,13.39647266178926,14.0,19.641020468131547,-1.0,3.0,52.22005,21.08828,14.0
12039,2026-05-11 19:05:06.900000+00:00,52.2200693,21.088595,90.4,14.84,-0.096,-0.038,0.979,0,14.22535030079034,14.0,21.565285816029533,-1.0,3.0,52.22005,21.08828,14.0
12044,2026-05-11 19:05:07.400000+00:00,52.2200659,21.0886265,90.4,16.42,-0.06,-0.052,0.955,0,15.68788880900845,14.0,23.6701835188863,-1.0,3.0,52.22005,21.08828,14.0
12049,2026-05-11 19:05:07.900000+00:00,52.2200621,21.0886617,90.3,18.31,-0.052,-0.048,0.972,0,17.5306827965546,14.0,26.036723428653424,-1.0,3.0,52.22005,21.08828,14.0
12054,2026-05-11 19:05:08.400000+00:00,52.2200584,21.088701,90.4,20.54,-0.041,-0.044,0.98,0,19.50191443499412,14.0,28.694314751089475,-1.0,3.0,52.22005,21.08828,14.0
12059,2026-05-11 19:05:08.900000+00:00,52.2200527,21.0887448,90.3,23.36,-0.009,-0.067,0.965,0,21.96210622905432,14.0,31.66425126643198,-1.0,3.0,52.22005,21.08828,14.0
12064,2026-05-11 19:05:09.400000+00:00,52.2200463,21.0887931,90.1,25.17,-0.053,-0.058,0.965,0,24.237683962529424,14.0,34.95551545979092,-1.0,3.0,52.22005,21.08828,14.0
12069,2026-05-11 19:05:09.900000+00:00,52.2200385,21.088845,90.0,27.08,-0.063,-0.056,0.97,0,26.21038897786108,14.0,38.50983516073076,-1.0,3.0,52.22005,21.08828,14.0
12074,2026-05-11 19:05:10.400000+00:00,52.2200296,21.0889002,89.9,28.67,-0.069,-0.058,0.979,0,27.996110022230248,14.0,42.30975650532776,-1.0,3.0,52.22005,21.08828,14.0
12079,2026-05-11 19:05:10.900000+00:00,52.2200197,21.0889579,89.9,30.4,-0.068,-0.075,0.948,0,29.38932040326396,14.0,46.30225963191716,-1.0,3.0,52.22005,21.08828,14.0
12084,2026-05-11 19:05:11.400000+00:00,52.220008,21.0890178,89.8,31.41,-0.083,-0.067,0.955,0,30.836542273791004,14.0,50.47650797153145,-1.0,3.0,52.22005,21.08828,14.0
12089,2026-05-11 19:05:11.900000+00:00,52.2199953,21.0890802,89.6,33.05,-0.091,-0.044,0.985,0,32.25035266394521,14.0,54.84906966087517,-1.0,3.0,52.22005,21.08828,14.0
12094,2026-05-11 19:05:12.400000+00:00,52.2199822,21.0891449,89.6,34.05,-0.088,-0.042,0.972,0,33.42192510596625,14.0,59.39862536359335,-1.0,3.0,52.22005,21.08828,14.0
12099,2026-05-11 19:05:12.900000+00:00,52.2199694,21.0892125,89.6,35.21,-0.076,-0.04,0.957,0,34.703648028483734,14.0,64.15238525291875,-1.0,3.0,52.22005,21.08828,14.0
12104,2026-05-11 19:05:13.400000+00:00,52.2199546,21.0892821,89.4,36.94,-0.084,-0.041,0.976,0,36.13497539079732,14.0,69.0838333956736,-1.0,3.0,52.22005,21.08828,14.0
12109,2026-05-11 19:05:13.900000+00:00,52.21994,21.0893539,89.4,37.92,-0.068,-0.046,0.974,0,37.10530420601624,14.0,74.17115205148062,-1.0,3.0,52.22005,21.08828,14.0
12114,2026-05-11 19:05:14.400000+00:00,52.2199245,21.0894284,89.5,39.36,-0.074,-0.047,0.962,0,38.59007949056584,14.0,79.46564274111256,-1.0,3.0,52.22005,21.08828,14.0
12119,2026-05-11 19:05:14.900000+00:00,52.2199085,21.0895049,89.5,40.39,-0.078,-0.035,0.96,0,39.64771643654481,,84.91251751875679,-1.0,3.0,52.22005,21.08828,14.0
12124,2026-05-11 19:05:15.400000+00:00,52.2198907,21.089584,89.4,42.07,-0.092,-0.026,1.005,0,41.33113153319066,,90.57933214174808,-1.0,3.0,52.22005,21.08828,14.0
12129,2026-05-11 19:05:15.900000+00:00,52.2198732,21.0896649,89.3,42.77,-0.072,-0.031,0.95,0,42.08038740592162,,96.3680923789202,-1.0,3.0,52.22005,21.08828,14.0
12134,2026-05-11 19:05:16.400000+00:00,52.219855,21.089748,89.2,43.84,-0.109,-0.024,0.975,0,43.28480720791477,,102.32615148957072,-1.0,3.0,52.22005,21.08828,14.0
12139,2026-05-11 19:05:16.900000+00:00,52.2198367,21.0898324,89.2,44.63,-0.09,-0.016,0.964,0,43.91240035370953,,108.37899637720716,-1.0,3.0,52.22005,21.08828,14.0
12144,2026-05-11 19:05:17.400000+00:00,52.2198182,21.0899184,89.1,45.19,-0.104,-0.018,0.969,0,44.70577248783231,,114.54794341183076,-1.0,3.0,52.22005,21.08828,14.0
12149,2026-05-11 19:05:17.900000+00:00,52.2197996,21.0900056,89.0,45.64,-0.091,-0.032,0.951,0,45.28780306113905,,120.80312205228118,-1.0,3.0,52.22005,21.08828,14.0
12154,2026-05-11 19:05:18.400000+00:00,52.2197798,21.0900942,88.9,46.74,-0.105,-0.027,0.987,0,46.257225531248565,,127.18588754240572,-1.0,3.0,52.22005,21.08828,14.0
12159,2026-05-11 19:05:18.900000+00:00,52.219761,21.090185,88.8,47.53,-0.096,-0.011,0.94,0,47.00998408354996,,133.69133597117178,-1.0,3.0,52.22005,21.08828,14.0
12164,2026-05-11 19:05:19.400000+00:00,52.2197414,21.0902769,88.8,47.91,-0.098,-0.026,0.981,0,47.728165280390975,,140.29339300920975,-1.0,3.0,52.22005,21.08828,14.0
12169,2026-05-11 19:05:19.900000+00:00,52.219721,21.0903696,88.7,48.8,-0.101,-0.023,0.969,0,48.31167176413913,,146.9727797472597,-1.0,3.0,52.22005,21.08828,14.0
12174,2026-05-11 19:05:20.400000+00:00,52.2197,21.0904635,88.5,49.41,-0.087,-0.011,0.969,0,49.02865748721341,,153.75080001011108,-1.0,3.0,52.22005,21.08828,14.0
12179,2026-05-11 19:05:20.900000+00:00,52.2196795,21.0905591,88.5,50.17,-0.08,-0.023,0.953,0,49.67907426986165,,160.6291426669331,-1.0,3.0,52.22005,21.08828,14.0
12184,2026-05-11 19:05:21.400000+00:00,52.2196582,21.0906566,88.3,50.91,-0.099,-0.026,0.978,0,50.77114086707104,,167.6573534579072,-1.0,3.0,52.22005,21.08828,14.0
12189,2026-05-11 19:05:21.900000+00:00,52.2196362,21.0907551,88.1,51.86,-0.095,-0.021,0.971,0,51.42266250127459,,174.77365137843097,-1.0,3.0,52.22005,21.08828,14.0
12194,2026-05-11 19:05:22.400000+00:00,52.2196141,21.090855,88.0,52.73,-0.078,-0.019,0.948,0,52.09548703074868,,181.98685768649105,-1.0,3.0,52.22005,21.08828,14.0
12199,2026-05-11 19:05:22.900000+00:00,52.2195919,21.0909566,88.0,53.43,-0.103,-0.013,1.0,0,52.9073604807086,,189.31629651059583,-1.0,3.0,52.22005,21.08828,14.0
12204,2026-05-11 19:05:23.400000+00:00,52.2195683,21.0910596,87.8,54.42,-0.077,-0.009,0.944,0,53.93699050185492,,196.7812495936537,-1.0,3.0,52.22005,21.08828,14.0
12209,2026-05-11 19:05:23.900000+00:00,52.2195453,21.0911642,87.7,55.13,-0.096,-0.013,0.972,0,54.50860493983881,,204.33458945513308,-1.0,3.0,52.22005,21.08828,14.0
12214,2026-05-11 19:05:24.400000+00:00,52.2195225,21.0912706,87.6,55.86,-0.077,-0.017,0.966,0,55.287323458884366,,212.00084037507892,-1.0,3.0,52.22005,21.08828,14.0
12219,2026-05-11 19:05:24.900000+00:00,52.2194985,21.0913788,87.4,56.7,-0.092,-0.021,0.964,0,56.441255311252334,,219.8229297447163,-1.0,3.0,52.22005,21.08828,14.0
12224,2026-05-11 19:05:25.400000+00:00,52.2194743,21.0914884,87.3,57.06,-0.107,-0.004,0.983,0,57.14151001779236,,227.74396838543504,-1.0,3.0,52.22005,21.08828,14.0
12229,2026-05-11 19:05:25.900000+00:00,52.2194498,21.0915993,87.2,57.88,-0.111,-0.021,0.944,0,57.82282931399352,,235.7604197462615,-1.0,3.0,52.22005,21.08828,14.0
12234,2026-05-11 19:05:26.400000+00:00,52.2194253,21.0917101,87.1,57.7,-0.126,-0.002,0.991,0,57.77672009057536,,243.7713003515381,-1.0,3.0,52.22005,21.08828,14.0
12239,2026-05-11 19:05:26.900000+00:00,52.2194004,21.0918213,86.9,57.99,-0.126,-0.01,0.924,0,58.07048241796533,,251.8219162159104,-1.0,3.0,52.22005,21.08828,14.0
12244,2026-05-11 19:05:27.400000+00:00,52.2193755,21.0919328,86.7,58.15,-0.138,-0.015,0.971,0,58.20873543525316,,259.8930172957731,-1.0,3.0,52.22005,21.08828,14.0
12249,2026-05-11 19:05:27.900000+00:00,52.2193505,21.0920441,86.5,57.96,-0.137,-0.027,0.962,0,58.14412059607189,,267.9551236014702,-1.0,3.0,52.22005,21.08828,14.0
12254,2026-05-11 19:05:28.400000+00:00,52.2193263,21.0921552,86.4,57.88,-0.162,-0.013,0.986,0,57.83435808251618,,275.97903709381285,-1.0,3.0,52.22005,21.08828,14.0
12259,2026-05-11 19:05:28.900000+00:00,52.2193016,21.0922656,86.2,57.8,-0.146,-0.024,0.902,0,57.64709050529552,,283.97413775767325,-1.0,3.0,52.22005,21.08828,14.0
12264,2026-05-11 19:05:29.400000+00:00,52.2192778,21.0923752,86.2,56.85,-0.186,-0.016,1.025,0,57.03394795317941,,291.88833102892545,-1.0,3.0,52.22005,21.08828,14.0
12269,2026-05-11 19:05:29.900000+00:00,52.2192531,21.0924844,86.0,56.99,-0.146,-0.028,0.926,0,57.094636850621846,,299.80644016905165,-1.0,3.0,52.22005,21.08828,14.0
12274,2026-05-11 19:05:30.400000+00:00,52.2192292,21.0925925,86.0,56.46,-0.182,-0.028,0.952,0,56.36821470774893,,307.62719526035494,-1.0,3.0,52.22005,21.08828,14.0
12279,2026-05-11 19:05:30.900000+00:00,52.2192045,21.0926997,85.8,56.13,-0.167,-0.046,0.961,0,56.17547026676518,,315.4163372274747,-1.0,3.0,52.22005,21.08828,14.0
12284,2026-05-11 19:05:31.400000+00:00,52.2191794,21.0928056,85.8,55.8,-0.155,-0.038,0.953,0,55.69388066058698,,323.13493887046366,-1.0,3.0,52.22005,21.08828,14.0
12289,2026-05-11 19:05:31.900000+00:00,52.2191536,21.0929106,85.6,55.45,-0.173,-0.035,0.986,0,55.48860801322058,,326.77746120028456,-1.0,3.0,52.22005,21.08828,14.0
12294,2026-05-11 19:05:32.400000+00:00,52.2191284,21.0930142,85.5,54.73,-0.176,-0.028,0.925,0,54.67282387845599,,319.3408604173587,-1.0,3.0,52.22005,21.08828,14.0
12299,2026-05-11 19:05:32.900000+00:00,52.2191032,21.0931154,85.4,53.28,-0.215,-0.023,0.939,0,53.58052994022385,,312.0477819868254,-1.0,3.0,52.22005,21.08828,14.0
12304,2026-05-11 19:05:33.400000+00:00,52.2190785,21.0932151,85.4,52.67,-0.168,-0.016,0.98,0,52.748331787991134,,304.87769318435664,-1.0,3.0,52.22005,21.08828,14.0
12309,2026-05-11 19:05:33.900000+00:00,52.2190529,21.0933137,85.2,52.62,-0.153,-0.055,0.96,0,52.52550812626601,,297.7207404669933,-1.0,3.0,52.22005,21.08828,14.0
12314,2026-05-11 19:05:34.400000+00:00,52.2190266,21.0934111,85.1,52.36,-0.163,-0.04,0.95,0,52.20761056278354,,290.5938578489225,-1.0,3.0,52.22005,21.08828,14.0
12319,2026-05-11 19:05:34.900000+00:00,52.2190001,21.0935077,84.9,51.72,-0.191,-0.038,0.936,0,51.91404920656474,,283.5053283701152,-1.0,3.0,52.217545,21.096925,15.0
12324,2026-05-11 19:05:35.400000+00:00,52.2189745,21.0936004,84.8,49.01,-0.316,-0.025,0.967,0,49.87390029925896,,276.6980449503395,-1.0,3.0,52.217545,21.096925,15.0
12329,2026-05-11 19:05:35.900000+00:00,52.2189501,21.0936882,84.6,47.21,-0.226,-0.034,0.934,0,47.28818344885632,,270.24634368498,-1.0,3.0,52.217545,21.096925,15.0
12334,2026-05-11 19:05:36.400000+00:00,52.2189255,21.0937728,84.6,45.66,-0.237,-0.02,0.958,0,45.93184450092822,,263.96474491930536,-1.0,3.0,52.217545,21.096925,15.0
12339,2026-05-11 19:05:36.900000+00:00,52.2189025,21.0938548,84.6,43.84,-0.216,-0.004,0.941,0,44.23473539875032,,257.9356867933715,-1.0,3.0,52.217545,21.096925,15.0
12344,2026-05-11 19:05:37.400000+00:00,52.2188791,21.0939343,84.6,42.97,-0.19,-0.008,0.96,0,43.26056752447245,,252.0236327796891,-1.0,3.0,52.217545,21.096925,15.0
12349,2026-05-11 19:05:37.900000+00:00,52.2188558,21.0940117,84.5,42.09,-0.188,-0.04,0.944,0,42.2991377551651,,246.2381210144616,-1.0,3.0,52.217545,21.096925,15.0
12354,2026-05-11 19:05:38.400000+00:00,52.2188327,21.0940872,84.5,41.41,-0.179,-0.033,0.964,0,41.39299585150751,,240.57418410741644,-1.0,3.0,52.217545,21.096925,15.0
12359,2026-05-11 19:05:38.900000+00:00,52.21881,21.0941613,84.5,40.62,-0.176,-0.024,0.938,0,40.63560425237813,,235.0174044078037,-1.0,3.0,52.217545,21.096925,15.0
12364,2026-05-11 19:05:39.400000+00:00,52.2187862,21.0942335,84.4,40.42,-0.17,-0.017,0.977,0,40.21399681139247,,229.49466336627003,-1.0,3.0,52.217545,21.096925,15.0
12369,2026-05-11 19:05:39.900000+00:00,52.2187632,21.0943053,84.3,39.88,-0.146,-0.025,0.947,0,39.74055567681262,,224.0505016731261,-1.0,3.0,52.217545,21.096925,15.0
12374,2026-05-11 19:05:40.400000+00:00,52.2187402,21.0943762,84.2,39.19,-0.172,-0.015,0.967,0,39.34991104459824,,218.6588025042318,-1.0,3.0,52.217545,21.096925,15.0
12379,2026-05-11 19:05:40.900000+00:00,52.2187168,21.0944459,84.2,38.91,-0.161,-0.028,0.94,0,38.98361927934955,,213.3083868182769,-1.0,3.0,52.217545,21.096925,15.0
12384,2026-05-11 19:05:41.400000+00:00,52.2186929,21.0945147,84.0,38.49,-0.177,-0.019,0.977,0,38.79296888707778,,207.9755513853029,-1.0,3.0,52.217545,21.096925,15.0
12389,2026-05-11 19:05:41.900000+00:00,52.2186698,21.0945823,84.0,37.79,-0.185,-0.02,0.938,0,37.96600109111828,,202.76484177136007,-1.0,3.0,52.217545,21.096925,15.0
12394,2026-05-11 19:05:42.400000+00:00,52.2186469,21.0946477,83.9,36.85,-0.21,0.002,0.969,0,36.94763595643271,,197.68882439163795,-1.0,3.0,52.217545,21.096925,15.0
12399,2026-05-11 19:05:42.900000+00:00,52.2186244,21.0947106,83.8,35.49,-0.201,-0.007,0.939,0,35.725660543665704,,192.77670543452783,-1.0,3.0,52.217545,21.096925,15.0
12404,2026-05-11 19:05:43.400000+00:00,52.2186025,21.0947711,83.6,34.16,-0.235,-0.007,0.943,0,34.46734895263465,,188.03650093176864,-1.0,3.0,52.217545,21.096925,15.0
12409,2026-05-11 19:05:43.900000+00:00,52.2185819,21.0948276,83.4,31.45,-0.278,0.003,0.954,0,32.2489360393032,,183.6015660989622,-1.0,3.0,52.217545,21.096925,15.0
12414,2026-05-11 19:05:44.400000+00:00,52.2185624,21.0948797,83.3,29.2,-0.28,-0.009,0.942,0,29.945991398572986,,179.47859910384088,-1.0,3.0,52.217545,21.096925,15.0
12419,2026-05-11 19:05:44.900000+00:00,52.2185439,21.0949276,83.1,27.19,-0.24,-0.003,0.962,0,27.773408220059075,,175.6492821658592,-1.0,3.0,52.217545,21.096925,15.0
12424,2026-05-11 19:05:45.400000+00:00,52.2185261,21.0949724,83.0,25.46,-0.245,-0.006,0.951,0,26.190453838701405,,172.03385714910547,-1.0,3.0,52.217545,21.096925,15.0
12429,2026-05-11 19:05:45.900000+00:00,52.2185093,21.0950136,83.0,23.93,-0.227,0.014,0.952,0,24.275065571363825,,168.67937398741435,-1.0,3.0,52.217545,21.096925,15.0
12434,2026-05-11 19:05:46.400000+00:00,52.2184937,21.0950533,82.9,22.78,-0.196,0.0,0.947,0,23.133606949876565,,165.4893697393259,-1.0,3.0,52.217545,21.096925,15.0
12439,2026-05-11 19:05:46.900000+00:00,52.218479,21.0950914,82.9,21.73,-0.197,-0.009,0.956,0,22.0847745410146,,162.44806528347766,-1.0,3.0,52.217545,21.096925,15.0
12444,2026-05-11 19:05:47.400000+00:00,52.2184651,21.0951279,82.9,20.58,-0.205,-0.007,0.961,0,21.079761135278755,,159.54843847024182,-1.0,3.0,52.217545,21.096925,15.0
12449,2026-05-11 19:05:47.900000+00:00,52.2184519,21.0951617,82.9,19.26,-0.207,0.0,0.946,0,19.660430152208463,,156.8407678685045,-1.0,3.0,52.217545,21.096925,15.0
12454,2026-05-11 19:05:48.400000+00:00,52.2184394,21.095194,83.0,18.31,-0.18,-0.002,0.975,0,18.738942522237995,,154.26220206052105,-1.0,3.0,52.217545,21.096925,15.0
12459,2026-05-11 19:05:48.900000+00:00,52.2184267,21.0952257,83.0,18.17,-0.157,-0.011,0.949,0,18.577949686091443,,151.7012712137969,-1.0,3.0,52.217545,21.096925,15.0
12464,2026-05-11 19:05:49.400000+00:00,52.2184147,21.0952562,83.1,17.4,-0.181,-0.003,0.968,0,17.779228610564267,,149.25370707855257,-1.0,3.0,52.217545,21.096925,15.0
12469,2026-05-11 19:05:49.900000+00:00,52.218403,21.0952862,83.2,16.98,-0.167,-0.005,0.957,0,17.44322781837946,,146.8544382393651,-1.0,3.0,52.217545,21.096925,15.0
12474,2026-05-11 19:05:50.400000+00:00,52.2183914,21.0953143,83.2,16.4,-0.167,-0.01,0.962,0,16.619715060922225,,144.56141754283928,-1.0,3.0,52.217545,21.096925,15.0
12479,2026-05-11 19:05:50.900000+00:00,52.2183801,21.0953407,83.3,15.08,-0.212,-0.007,0.962,0,15.79625229464501,,142.37842874755012,-1.0,3.0,52.217545,21.096925,15.0
12484,2026-05-11 19:05:51.400000+00:00,52.2183715,21.0953645,83.5,13.45,-0.205,0.004,0.941,0,13.552921098165768,,140.5260742975106,-1.0,3.0,52.217545,21.096925,15.0
12489,2026-05-11 19:05:51.900000+00:00,52.2183624,21.0953838,83.4,11.55,-0.195,0.002,0.974,0,11.945425189351706,,138.869704894382,-1.0,3.0,52.217545,21.096925,15.0
12494,2026-05-11 19:05:52.400000+00:00,52.2183535,21.095405,83.4,12.15,-0.188,-0.003,0.963,0,12.605499517910289,,137.1302027854229,-1.0,3.0,52.217545,21.096925,15.0
12499,2026-05-11 19:05:52.900000+00:00,52.218345,21.0954241,83.4,11.08,-0.183,0.0,0.961,0,11.579161220990134,,135.5281027925887,-1.0,3.0,52.217545,21.096925,15.0
12504,2026-05-11 19:05:53.400000+00:00,52.2183377,21.0954414,83.4,9.69,-0.188,-0.002,0.96,0,10.303459114045328,,134.10626538328384,-1.0,3.0,52.217545,21.096925,15.0
12509,2026-05-11 19:05:53.900000+00:00,52.2183308,21.0954572,83.4,9.08,-0.176,-0.005,0.965,0,9.517123429895763,,132.79083593583337,-1.0,3.0,52.217545,21.096925,15.0
12514,2026-05-11 19:05:54.400000+00:00,52.2183244,21.0954711,83.4,8.2,-0.176,-0.002,0.961,0,8.528605112492995,,131.60954945749492,-1.0,3.0,52.217545,21.096925,15.0
12519,2026-05-11 19:05:54.900000+00:00,52.2183187,21.0954852,83.4,8.02,-0.175,0.0,0.962,0,8.285855694402017,,130.46938588843082,-1.0,3.0,52.217545,21.096925,15.0
12524,2026-05-11 19:05:55.400000+00:00,52.218313,21.0954981,83.5,7.09,-0.172,-0.003,0.965,0,7.801314423363522,,129.39081544069805,-1.0,3.0,52.217545,21.096925,15.0
12529,2026-05-11 19:05:55.900000+00:00,52.2183078,21.095509,83.4,6.58,-0.148,-0.004,0.964,0,6.776095347079114,,128.451351772234,-1.0,3.0,52.217545,21.096925,15.0
12534,2026-05-11 19:05:56.400000+00:00,52.2183026,21.0955209,83.4,6.75,-0.12,-0.006,0.97,0,7.169434045344495,,127.46077995301911,-1.0,3.0,52.217545,21.096925,15.0
12539,2026-05-11 19:05:56.900000+00:00,52.2182972,21.0955323,83.4,7.37,-0.092,-0.016,0.973,0,7.068015204460431,,126.48112828827848,-1.0,3.0,52.217545,21.096925,15.0
12544,2026-05-11 19:05:57.400000+00:00,52.2182903,21.095547,83.3,8.92,-0.064,-0.014,0.972,0,9.083179984190616,,125.22258741846586,-1.0,3.0,52.217545,21.096925,15.0
12549,2026-05-11 19:05:57.900000+00:00,52.2182825,21.0955638,83.3,10.16,-0.055,-0.012,0.976,0,10.339186819183467,,123.79064358101776,-1.0,3.0,52.217545,21.096925,15.0
12554,2026-05-11 19:05:58.400000+00:00,52.218274,21.095582,83.3,10.93,-0.074,-0.018,0.968,0,11.22500995742616,,122.23579129394388,-1.0,3.0,52.217545,21.096925,15.0
12559,2026-05-11 19:05:58.900000+00:00,52.2182654,21.095601,83.3,11.06,-0.121,-0.011,0.969,0,11.58691999999306,,120.632910316518,-1.0,3.0,52.217545,21.096925,15.0
12564,2026-05-11 19:05:59.400000+00:00,52.218257,21.095619,83.3,11.07,-0.135,-0.011,0.966,0,11.098461495355748,,119.09587508604908,-1.0,3.0,52.217545,21.096925,15.0
12569,2026-05-11 19:05:59.900000+00:00,52.2182482,21.0956391,83.3,11.45,-0.134,-0.011,0.968,0,12.117544114741236,,117.42259178870356,-1.0,3.0,52.217545,21.096925,15.0
12574,2026-05-11 19:06:00.400000+00:00,52.2182394,21.0956584,83.3,11.23,-0.136,-0.007,0.968,0,11.800495446774551,,115.79019734277452,-1.0,3.0,52.217545,21.096925,15.0
12579,2026-05-11 19:06:00.900000+00:00,52.2182305,21.0956784,83.3,11.69,-0.136,-0.011,0.968,0,12.124550235641944,,114.11507227319112,-1.0,3.0,52.217545,21.096925,15.0
12584,2026-05-11 19:06:01.400000+00:00,52.2182219,21.0956984,83.3,12.15,-0.114,-0.011,0.967,0,11.984977476728345,,112.46253404847488,-1.0,3.0,52.217545,21.096925,15.0
12589,2026-05-11 19:06:01.900000+00:00,52.2182126,21.0957201,83.2,12.91,-0.085,-0.017,0.965,0,12.989460235220564,,110.67225023845629,-1.0,3.0,52.217545,21.096925,15.0
12594,2026-05-11 19:06:02.400000+00:00,52.2182026,21.0957434,83.2,14.14,-0.065,-0.021,0.979,0,13.953769479980354,,108.74940376142932,-1.0,3.0,52.217545,21.096925,15.0
12599,2026-05-11 19:06:02.900000+00:00,52.218192,21.0957678,83.1,14.67,-0.106,-0.022,0.973,0,14.67152252243999,,106.72678044571369,-1.0,3.0,52.217545,21.096925,15.0
12604,2026-05-11 19:06:03.400000+00:00,52.2181809,21.0957932,83.1,14.81,-0.142,-0.013,0.96,0,15.303243403523629,,104.61695628910478,-1.0,3.0,52.217545,21.096925,15.0
12609,2026-05-11 19:06:03.900000+00:00,52.2181698,21.0958171,83.1,13.78,-0.141,-0.012,0.968,0,14.71047461197692,,102.58293840401136,-1.0,3.0,52.217545,21.096925,15.0
12614,2026-05-11 19:06:04.400000+00:00,52.2181585,21.0958418,83.1,14.86,-0.14,-0.012,0.965,0,15.120304748268154,,100.49417185801974,-1.0,3.0,52.217545,21.096925,15.0
12619,2026-05-11 19:06:04.900000+00:00,52.2181474,21.0958658,83.2,14.65,-0.142,-0.012,0.968,0,14.749596808339684,,98.45596350755382,-1.0,3.0,52.217545,21.096925,15.0
12624,2026-05-11 19:06:05.400000+00:00,52.2181368,21.0958898,83.2,14.33,-0.116,-0.011,0.963,0,14.511932792612718,,96.4561148279519,-1.0,3.0,52.217545,21.096925,15.0
12629,2026-05-11 19:06:05.900000+00:00,52.2181251,21.0959153,83.2,15.42,-0.091,-0.018,0.964,0,15.62634446660791,,94.2987240340852,-1.0,3.0,52.217545,21.096925,15.0
12634,2026-05-11 19:06:06.400000+00:00,52.2181131,21.0959411,83.2,15.44,-0.065,-0.014,0.969,0,15.888442577810643,,92.1041879666028,-1.0,3.0,52.217545,21.096925,15.0
12639,2026-05-11 19:06:06.900000+00:00,52.2181,21.0959674,83.2,16.77,-0.054,-0.023,0.98,0,16.625493375133697,,89.80142385113813,-1.0,3.0,52.217545,21.096925,15.0
12644,2026-05-11 19:06:07.400000+00:00,52.2180857,21.095997,83.3,18.5,-0.033,-0.023,0.975,0,18.48953764738116,,87.24411439872424,-1.0,3.0,52.217545,21.096925,15.0
12649,2026-05-11 19:06:07.900000+00:00,52.2180704,21.0960284,83.3,19.3,-0.11,-0.01,0.966,0,19.67872203996553,,84.5219771042159,-1.0,3.0,52.217545,21.096925,15.0
12654,2026-05-11 19:06:08.400000+00:00,52.2180551,21.0960605,83.3,19.81,-0.147,-0.008,0.953,0,19.94859216332597,,81.76621962382387,-1.0,3.0,52.217545,21.096925,15.0
12659,2026-05-11 19:06:08.900000+00:00,52.2180398,21.0960926,83.3,19.7,-0.175,-0.021,0.969,0,19.94859644548656,15.0,79.01150253494772,-1.0,3.0,52.217545,21.096925,15.0
12664,2026-05-11 19:06:09.400000+00:00,52.2180248,21.096124,83.3,19.02,-0.123,-0.021,0.961,0,19.530135929818357,15.0,76.31535661261022,-1.0,3.0,52.217545,21.096925,15.0
12669,2026-05-11 19:06:09.900000+00:00,52.2180091,21.0961546,83.3,19.0,-0.117,-0.063,0.968,0,19.577222013770427,15.0,73.60464216622937,-1.0,3.0,52.217545,21.096925,15.0
12674,2026-05-11 19:06:10.400000+00:00,52.2179932,21.0961832,83.3,18.6,-0.103,-0.05,0.978,0,18.9428925892556,15.0,70.97587338024552,-1.0,3.0,52.217545,21.096925,15.0
12679,2026-05-11 19:06:10.900000+00:00,52.2179754,21.0962141,83.3,21.62,-0.07,-0.047,0.948,0,20.80381551236188,15.0,68.08730989542863,-1.0,3.0,52.217545,21.096925,15.0
12684,2026-05-11 19:06:11.400000+00:00,52.2179569,21.0962445,83.3,21.63,-0.063,-0.055,0.981,0,21.01694237871424,15.0,65.16830026566146,-1.0,3.0,52.217545,21.096925,15.0
12689,2026-05-11 19:06:11.900000+00:00,52.2179363,21.0962801,83.4,24.52,-0.026,-0.014,0.97,0,24.01898110965514,15.0,61.833219148177605,-1.0,3.0,52.217545,21.096925,15.0
12694,2026-05-11 19:06:12.400000+00:00,52.2179151,21.0963185,83.5,25.35,-0.041,-0.037,0.96,0,25.354229869370464,15.0,58.31594240691224,-1.0,3.0,52.217545,21.096925,15.0
12699,2026-05-11 19:06:12.900000+00:00,52.217892,21.0963581,83.5,26.85,-0.06,-0.029,0.987,0,26.819889537105084,15.0,54.59196642753195,-1.0,3.0,52.217545,21.096925,15.0
12704,2026-05-11 19:06:13.400000+00:00,52.2178675,21.0964016,83.6,29.16,-0.076,-0.006,0.974,0,28.98263501059403,15.0,50.57035285977602,-1.0,3.0,52.217545,21.096925,15.0
12709,2026-05-11 19:06:13.900000+00:00,52.2178432,21.0964448,83.5,28.58,-0.129,-0.006,0.95,0,28.76595374056073,15.0,46.57957162740959,-1.0,3.0,52.217545,21.096925,15.0
12714,2026-05-11 19:06:14.400000+00:00,52.2178198,21.0964889,83.5,28.21,-0.116,-0.017,0.956,0,28.615851883964183,15.0,42.61848990305111,-1.0,3.0,52.217545,21.096925,15.0
12719,2026-05-11 19:06:14.900000+00:00,52.217797,21.0965339,83.6,28.52,-0.152,-0.015,0.98,0,28.64249873322472,15.0,38.666140925803504,-1.0,3.0,52.217545,21.096925,15.0
12724,2026-05-11 19:06:15.400000+00:00,52.2177748,21.0965797,83.6,28.41,-0.168,-0.06,0.975,0,28.64548062710092,15.0,34.7317464205594,-1.0,3.0,52.217545,21.096925,15.0
12729,2026-05-11 19:06:15.900000+00:00,52.217752,21.0966232,83.6,27.52,-0.188,-0.083,0.939,0,28.079448850519476,15.0,30.862894023507696,-1.0,3.0,52.217545,21.096925,15.0
12734,2026-05-11 19:06:16.400000+00:00,52.2177304,21.0966646,83.6,26.12,-0.218,-0.04,0.952,0,26.67227907351436,15.0,27.197429345704933,-1.0,3.0,52.217545,21.096925,15.0
12739,2026-05-11 19:06:16.900000+00:00,52.2177101,21.0967049,83.7,25.1,-0.205,0.01,0.948,0,25.59053759666792,15.0,23.703517335661243,-1.0,3.0,52.217545,21.096925,15.0
12744,2026-05-11 19:06:17.400000+00:00,52.2176914,21.0967437,83.7,23.25,-0.227,-0.011,0.925,0,24.214327251979736,15.0,20.434117218263136,-1.0,3.0,52.217545,21.096925,15.0
12749,2026-05-11 19:06:17.900000+00:00,52.2176738,21.0967796,83.7,21.59,-0.264,-0.039,0.969,0,22.552628455166666,15.0,17.41361214870663,-1.0,3.0,52.217545,21.096925,15.0
12754,2026-05-11 19:06:18.400000+00:00,52.2176587,21.0968114,83.8,18.49,-0.316,-0.048,0.941,0,19.73427372206129,15.0,14.823440586384669,-1.0,3.0,52.217545,21.096925,15.0
12759,2026-05-11 19:06:18.900000+00:00,52.2176458,21.0968392,83.9,16.01,-0.285,-0.041,0.93,0,17.10559433940944,15.0,12.641003781193753,-1.0,3.0,52.217545,21.096925,15.0
12764,2026-05-11 19:06:19.400000+00:00,52.2176353,21.0968614,84.0,12.35,-0.356,-0.026,0.938,0,13.756429079814476,15.0,10.93583700419764,-1.0,3.0,52.217545,21.096925,15.0
12769,2026-05-11 19:06:19.900000+00:00,52.2176274,21.0968769,84.1,8.43,-0.361,-0.033,0.929,0,9.88962511428366,15.0,9.730789648139604,-1.0,3.0,52.217545,21.096925,15.0
12774,2026-05-11 19:06:20.400000+00:00,52.2176234,21.0968864,84.2,4.42,-0.376,-0.028,0.928,0,5.654096175780781,15.0,9.105654801797076,-1.0,3.0,52.217545,21.096925,15.0
12779,2026-05-11 19:06:20.900000+00:00,52.2176219,21.0968903,84.4,1.03,-0.301,-0.039,0.951,0,2.2586643784353857,15.0,8.871637318905858,-1.0,3.0,52.217545,21.096925,15.0
12784,2026-05-11 19:06:21.400000+00:00,52.2176221,21.0968919,84.6,0.36,-0.189,-0.042,0.963,0,0.8009694177271723,15.0,8.864722745010987,-1.0,3.0,52.217545,21.096925,15.0
12789,2026-05-11 19:06:21.900000+00:00,52.2176227,21.0968928,84.8,0.18,-0.127,-0.047,0.962,0,0.6524006184670591,15.0,8.913975126725,-1.0,3.0,52.217545,21.096925,15.0
12794,2026-05-11 19:06:22.400000+00:00,52.2176233,21.0968942,85.0,0.16,-0.133,-0.045,0.961,0,0.8380372216501062,15.0,8.955831186754157,-1.0,3.0,52.217545,21.096925,15.0
12799,2026-05-11 19:06:22.900000+00:00,52.2176236,21.0968953,85.1,0.33,-0.133,-0.049,0.966,0,0.5905948013365862,15.0,8.97106677591713,-1.0,3.0,52.217545,21.096925,15.0
12804,2026-05-11 19:06:23.400000+00:00,52.2176238,21.096896,85.2,0.44,-0.13,-0.044,0.965,0,0.37885128411647,15.0,8.982124872611388,-1.0,3.0,52.217545,21.096925,15.0
12809,2026-05-11 19:06:23.900000+00:00,52.2176241,21.096897,85.3,0.45,-0.096,-0.053,0.964,0,0.5461483962326766,15.0,8.999984739399352,-1.0,3.0,52.217545,21.096925,15.0
12814,2026-05-11 19:06:24.400000+00:00,52.2176237,21.0969,85.4,1.73,-0.063,-0.056,0.976,0,1.5059464831128306,15.0,8.915232159118002,-1.0,3.0,52.217545,21.096925,15.0
12819,2026-05-11 19:06:24.900000+00:00,52.2176219,21.096905,85.6,3.06,-0.046,-0.055,0.974,0,2.844557674170891,15.0,8.65876052717256,-1.0,3.0,52.217545,21.096925,15.0
12824,2026-05-11 19:06:25.400000+00:00,52.2176192,21.0969116,85.6,4.36,-0.037,-0.055,0.975,0,3.8926588801120654,15.0,8.301011658269301,-1.0,3.0,52.217545,21.096925,15.0
12829,2026-05-11 19:06:25.900000+00:00,52.2176156,21.0969219,85.8,5.93,-0.037,-0.06,0.976,0,5.816462825215501,15.0,7.853201967364807,-1.0,3.0,52.217545,21.096925,15.0
12834,2026-05-11 19:06:26.400000+00:00,52.2176103,21.0969342,86.0,8.19,-0.025,-0.063,0.975,0,7.375892094460361,15.0,7.288028248645505,-1.0,3.0,52.217545,21.096925,15.0
12839,2026-05-11 19:06:26.900000+00:00,52.2176028,21.0969488,86.0,9.68,-0.076,-0.056,0.966,0,9.345521939678166,15.0,6.628428144520189,-1.0,3.0,52.217545,21.096925,15.0
12844,2026-05-11 19:06:27.400000+00:00,52.2175966,21.0969646,86.1,10.09,-0.102,-0.05,0.965,0,9.203258526702392,15.0,6.340238257901933,-1.0,3.0,52.217545,21.096925,15.0
12849,2026-05-11 19:06:27.900000+00:00,52.2175896,21.096982,86.2,10.14,-0.112,-0.038,0.963,0,10.210230386982436,15.0,6.298678293045549,-1.0,3.0,52.217545,21.096925,15.0
12854,2026-05-11 19:06:28.400000+00:00,52.2175839,21.0969982,86.3,9.41,-0.122,-0.044,0.966,0,9.16328691285994,15.0,6.6013357907308565,-1.0,3.0,52.217545,21.096925,15.0
12859,2026-05-11 19:06:28.900000+00:00,52.2175784,21.0970135,86.5,8.89,-0.1,-0.05,0.958,0,8.70110954474167,15.0,7.081169566991946,-1.0,3.0,52.217545,21.096925,15.0
12864,2026-05-11 19:06:29.400000+00:00,52.2175735,21.0970306,86.5,10.1,-0.072,-0.044,0.973,0,9.259643557643749,15.0,7.861099811176385,-1.0,3.0,52.217545,21.096925,15.0
12869,2026-05-11 19:06:29.900000+00:00,52.2175658,21.0970553,86.5,12.99,-0.044,-0.042,0.962,0,13.59358217504515,15.0,9.173080792954716,-1.0,3.0,52.217545,21.096925,15.0
12874,2026-05-11 19:06:30.400000+00:00,52.2175596,21.0970784,86.6,13.28,-0.039,0.01,0.966,0,12.370162561386923,15.0,10.575758616042766,-1.0,3.0,52.217545,21.096925,15.0
12879,2026-05-11 19:06:30.900000+00:00,52.2175505,21.0971096,87.0,16.2,-0.033,-0.027,1.01,0,16.949340779524707,15.0,12.590781533330771,-1.0,3.0,52.217545,21.096925,15.0
12884,2026-05-11 19:06:31.400000+00:00,52.2175424,21.0971387,87.3,16.64,-0.02,-0.024,0.971,0,15.677674174855902,15.0,14.561236032675422,-1.0,3.0,52.217545,21.096925,15.0
12889,2026-05-11 19:06:31.900000+00:00,52.2175312,21.097162,87.3,15.55,0.0,-0.101,0.959,0,14.526451767884252,15.0,16.2184412736186,-1.0,3.0,52.217545,21.096925,15.0
12894,2026-05-11 19:06:32.400000+00:00,52.2175175,21.0971878,87.1,17.81,-0.046,-0.071,0.967,0,16.746662281362894,15.0,18.162582246838017,-1.0,3.0,52.217545,21.096925,15.0
12899,2026-05-11 19:06:32.900000+00:00,52.2174991,21.0972193,86.8,20.61,-0.059,-0.166,1.008,0,21.347909096198133,15.0,20.68870476974998,-1.0,3.0,52.217545,21.096925,15.0
12904,2026-05-11 19:06:33.400000+00:00,52.2174816,21.0972615,86.6,24.64,-0.057,-0.132,0.916,0,24.99505380227313,15.0,23.983667253028297,-1.0,3.0,52.217545,21.096925,15.0
12909,2026-05-11 19:06:33.900000+00:00,52.2174623,21.0973099,86.8,27.0,-0.069,-0.09,0.959,0,28.32589683658176,15.0,27.787166252236965,-1.0,3.0,52.217545,21.096925,15.0
12914,2026-05-11 19:06:34.400000+00:00,52.2174381,21.0973493,86.7,27.7,-0.071,-0.083,0.976,0,27.36534786742117,15.0,31.254230410595383,-1.0,3.0,52.217545,21.096925,15.0
12919,2026-05-11 19:06:34.900000+00:00,52.2174123,21.0973839,86.4,28.95,-0.068,-0.02,0.971,0,26.73352241035011,15.0,34.569995247580586,-1.0,3.0,52.217545,21.096925,15.0
12924,2026-05-11 19:06:35.400000+00:00,52.217387,21.0974333,86.2,31.28,-0.071,-0.019,0.968,0,31.581811183384104,15.0,38.8300102146001,-1.0,3.0,52.217545,21.096925,15.0
12929,2026-05-11 19:06:35.900000+00:00,52.2173614,21.0974811,85.8,31.17,-0.074,-0.037,0.973,0,31.14132086609578,15.0,43.03516657415329,-1.0,3.0,52.217545,21.096925,15.0
12934,2026-05-11 19:06:36.400000+00:00,52.2173349,21.0975338,85.4,32.12,-0.075,-0.016,0.954,0,33.441261641400885,15.0,47.60189419543322,-1.0,3.0,52.217545,21.096925,15.0
12939,2026-05-11 19:06:36.900000+00:00,52.2173061,21.0975903,85.6,33.79,-0.086,-0.026,0.986,0,36.0510794641576,15.0,52.534961891270605,-1.0,3.0,52.217545,21.096925,15.0
12944,2026-05-11 19:06:37.400000+00:00,52.2172752,21.0976517,86.2,34.68,-0.073,-0.014,0.969,0,38.97477714095516,15.0,57.887334416756616,-1.0,3.0,52.217545,21.096925,15.0
12949,2026-05-11 19:06:37.900000+00:00,52.2172428,21.097715,86.7,36.67,-0.068,-0.015,0.928,0,40.458601749547256,15.0,63.44814693889644,-1.0,3.0,52.217545,21.096925,15.0
12954,2026-05-11 19:06:38.400000+00:00,52.2172113,21.0977772,87.3,37.3,-0.102,-0.007,1.023,0,39.58312382560203,15.0,68.90137788846322,-1.0,3.0,52.217545,21.096925,15.0
12959,2026-05-11 19:06:38.900000+00:00,52.2171788,21.0978393,87.8,38.47,-0.054,-0.026,0.961,0,40.060657092147736,15.0,74.41623430196805,-1.0,3.0,52.217545,21.096925,15.0
12964,2026-05-11 19:06:39.400000+00:00,52.217145,21.0979009,87.7,39.54,-0.073,-0.037,0.949,0,40.56133148759269,15.0,79.98984904244539,-1.0,3.0,52.217545,21.096925,15.0
12969,2026-05-11 19:06:39.900000+00:00,52.2171106,21.0979634,87.6,40.56,-0.073,-0.031,0.977,0,41.21072147660124,,85.65956733111115,-1.0,3.0,52.217545,21.096925,15.0
12974,2026-05-11 19:06:40.400000+00:00,52.2170752,21.0980288,87.4,41.32,-0.064,-0.028,0.963,0,42.80542320738981,,91.5617173563864,-1.0,3.0,52.217545,21.096925,15.0
12979,2026-05-11 19:06:40.900000+00:00,52.217038,21.0980951,87.4,42.45,-0.097,-0.02,0.998,0,44.09745298988933,,97.63465010632429,-1.0,3.0,52.217545,21.096925,15.0
12984,2026-05-11 19:06:41.400000+00:00,52.2170007,21.0981624,87.2,43.02,-0.086,-0.019,0.912,0,44.514112165025,,103.77548899084354,-1.0,3.0,52.217545,21.096925,15.0
12989,2026-05-11 19:06:41.900000+00:00,52.2169626,21.0982297,87.1,43.38,-0.101,-0.026,0.99,0,44.94631348386545,,109.97336465999388,-1.0,3.0,52.217545,21.096925,15.0
12994,2026-05-11 19:06:42.400000+00:00,52.2169238,21.0982968,86.8,44.83,-0.081,-0.052,0.941,0,45.25714186859279,,116.21131422012624,-1.0,3.0,52.217545,21.096925,15.0
12999,2026-05-11 19:06:42.900000+00:00,52.2168859,21.0983642,86.7,44.37,-0.124,-0.029,0.984,0,44.87396851633509,,122.41057070009472,-1.0,3.0,52.217545,21.096925,15.0
13004,2026-05-11 19:06:43.400000+00:00,52.2168485,21.0984322,86.8,45.2,-0.091,-0.044,0.954,0,44.82286053691293,,128.61217878269474,-1.0,3.0,52.217545,21.096925,15.0
13009,2026-05-11 19:06:43.900000+00:00,52.2168098,21.0985011,86.9,45.85,-0.104,-0.025,0.981,0,45.84916341522826,,134.95231174163865,-1.0,3.0,52.217545,21.096925,15.0
13014,2026-05-11 19:06:44.400000+00:00,52.2167698,21.0985712,86.9,47.07,-0.091,-0.035,0.959,0,46.9878403678004,,141.44784403325244,-1.0,3.0,52.217545,21.096925,15.0
13019,2026-05-11 19:06:44.900000+00:00,52.2167291,21.0986415,86.9,47.36,-0.094,-0.017,0.947,0,47.44284477680992,,148.00453844335422,-1.0,3.0,52.217545,21.096925,15.0
13024,2026-05-11 19:06:45.400000+00:00,52.2166872,21.0987129,86.8,48.41,-0.104,-0.03,0.986,0,48.495987065252905,,154.70526751256418,-1.0,3.0,52.217545,21.096925,15.0
13029,2026-05-11 19:06:45.900000+00:00,52.2166448,21.0987848,86.7,48.85,-0.084,-0.027,0.949,0,48.95016753487416,,161.47009261380646,-1.0,3.0,52.217545,21.096925,15.0
13034,2026-05-11 19:06:46.400000+00:00,52.2166012,21.0988579,86.4,49.8,-0.109,-0.029,0.969,0,50.041320300837405,,168.3847346172521,-1.0,3.0,52.217545,21.096925,15.0
13039,2026-05-11 19:06:46.900000+00:00,52.2165579,21.0989324,86.5,49.77,-0.092,-0.035,0.972,0,50.37007407810623,,175.3556727296197,-1.0,3.0,52.217545,21.096925,15.0
13044,2026-05-11 19:06:47.400000+00:00,52.2165114,21.0990115,86.8,53.05,-0.091,-0.03,0.963,0,53.77113949616795,,182.7959192866899,-1.0,3.0,52.217545,21.096925,15.0
13049,2026-05-11 19:06:47.900000+00:00,52.216465,21.0990883,86.9,52.11,-0.096,-0.039,0.972,0,52.90662379240633,,190.1098475986112,-1.0,3.0,52.217545,21.096925,15.0
13054,2026-05-11 19:06:48.400000+00:00,52.2164175,21.0991648,86.9,53.07,-0.084,-0.037,0.957,0,53.425217225843326,,197.4881521444807,-1.0,3.0,52.217545,21.096925,15.0
13059,2026-05-11 19:06:48.900000+00:00,52.2163691,21.0992417,86.8,53.78,-0.104,-0.031,0.962,0,54.07718681714829,,204.9543077818311,-1.0,3.0,52.217545,21.096925,15.0
13064,2026-05-11 19:06:49.400000+00:00,52.2163196,21.099319,86.7,54.77,-0.09,-0.04,0.963,0,54.847164072457765,,212.52293243326488,-1.0,3.0,52.217545,21.096925,15.0
13069,2026-05-11 19:06:49.900000+00:00,52.2162695,21.0993973,86.7,55.29,-0.097,-0.049,0.979,0,55.533386138696464,,220.19003187700395,-1.0,3.0,52.217545,21.096925,15.0
13074,2026-05-11 19:06:50.400000+00:00,52.2162184,21.0994767,86.7,56.32,-0.08,-0.047,0.945,0,56.48507791301402,,227.98931528664093,-1.0,3.0,52.217545,21.096925,15.0
13079,2026-05-11 19:06:50.900000+00:00,52.216166,21.0995558,86.6,57.22,-0.098,-0.05,0.971,0,57.14340451389838,,235.87006089276403,-1.0,3.0,52.217545,21.096925,15.0
13084,2026-05-11 19:06:51.400000+00:00,52.2161127,21.099635,86.5,57.82,-0.085,-0.046,0.955,0,57.707505251609625,,243.82495361351428,-1.0,3.0,52.217545,21.096925,15.0
13089,2026-05-11 19:06:51.900000+00:00,52.2160581,21.0997155,86.5,58.87,-0.106,-0.049,0.981,0,58.90688164060959,,251.94534514628407,-1.0,3.0,52.217545,21.096925,15.0
13094,2026-05-11 19:06:52.400000+00:00,52.2160026,21.0997962,86.5,59.75,-0.099,-0.047,0.996,0,59.50878168328284,,260.14578896643434,-1.0,3.0,52.214046,21.102094,16.0
13099,2026-05-11 19:06:52.900000+00:00,52.2159464,21.0998781,86.5,60.01,-0.14,-0.035,0.953,0,60.31885106109673,,259.7019755791045,-1.0,3.0,52.214046,21.102094,16.0
13104,2026-05-11 19:06:53.400000+00:00,52.2158898,21.0999596,86.6,59.62,-0.155,-0.035,0.947,0,60.4281559288851,,251.35474241730617,-1.0,3.0,52.214046,21.102094,16.0
13109,2026-05-11 19:06:53.900000+00:00,52.2158335,21.1000392,86.6,59.18,-0.154,-0.048,0.944,0,59.6339516556028,,243.11244114579,-1.0,3.0,52.214046,21.102094,16.0
13114,2026-05-11 19:06:54.400000+00:00,52.2157773,21.1001165,86.5,58.5,-0.166,-0.037,0.945,0,58.84022391642256,,234.9718885004435,-1.0,3.0,52.214046,21.102094,16.0
13119,2026-05-11 19:06:54.900000+00:00,52.2157211,21.100192,86.5,57.78,-0.173,-0.029,1.0,0,58.275190394508414,,226.9036244384422,-1.0,3.0,52.214046,21.102094,16.0
13124,2026-05-11 19:06:55.400000+00:00,52.215665,21.1002666,86.4,57.59,-0.174,-0.034,1.0,0,57.93357362295416,,218.88125935206088,-1.0,3.0,52.214046,21.102094,16.0
13129,2026-05-11 19:06:55.900000+00:00,52.2156093,21.1003403,86.6,57.21,-0.14,-0.045,0.89,0,57.40665253552,,210.93210197832832,-1.0,3.0,52.214046,21.102094,16.0
13134,2026-05-11 19:06:56.400000+00:00,52.2155539,21.1004123,86.5,56.2,-0.169,-0.023,0.956,0,56.697143927621575,,203.07769497032555,-1.0,3.0,52.214046,21.102094,16.0
13139,2026-05-11 19:06:56.900000+00:00,52.2154985,21.1004833,86.5,55.88,-0.171,-0.021,0.977,0,56.39292029283943,,195.26319235696155,-1.0,3.0,52.214046,21.102094,16.0
13144,2026-05-11 19:06:57.400000+00:00,52.2154438,21.1005536,86.5,55.18,-0.137,-0.018,0.944,0,55.74016546076942,,187.54137187558783,-1.0,3.0,52.214046,21.102094,16.0
13149,2026-05-11 19:06:57.900000+00:00,52.2153888,21.1006226,86.4,55.09,-0.167,-0.05,0.961,0,55.53818677327286,,179.84290716730376,-1.0,3.0,52.214046,21.102094,16.0
13154,2026-05-11 19:06:58.400000+00:00,52.2153344,21.1006901,86.4,54.47,-0.156,-0.04,0.963,0,54.70972449202799,,172.25802221891766,-1.0,3.0,52.214046,21.102094,16.0
13159,2026-05-11 19:06:58.900000+00:00,52.2152809,21.1007572,86.5,53.75,-0.165,-0.033,0.957,0,54.01812324671735,,164.77285456891,-1.0,3.0,52.214046,21.102094,16.0
13164,2026-05-11 19:06:59.400000+00:00,52.215227,21.100823,86.5,53.52,-0.159,-0.018,0.96,0,53.88807648701509,,157.30093128271466,-1.0,3.0,52.214046,21.102094,16.0
13169,2026-05-11 19:06:59.900000+00:00,52.2151734,21.1008878,86.4,53.06,-0.162,-0.024,0.954,0,53.402542311523696,,149.895500909346,-1.0,3.0,52.214046,21.102094,16.0
13174,2026-05-11 19:07:00.400000+00:00,52.2151199,21.1009514,86.4,52.36,-0.164,-0.034,0.971,0,52.98957254562367,,142.5452223226224,-1.0,3.0,52.214046,21.102094,16.0
13179,2026-05-11 19:07:00.900000+00:00,52.2150668,21.1010146,86.4,52.19,-0.155,-0.015,0.976,0,52.61522758363397,,135.2481083939667,-1.0,3.0,52.214046,21.102094,16.0
13184,2026-05-11 19:07:01.400000+00:00,52.2150144,21.1010773,86.3,51.66,-0.144,-0.017,0.926,0,52.01809444631134,,128.03608733381463,-1.0,3.0,52.214046,21.102094,16.0
13189,2026-05-11 19:07:01.900000+00:00,52.2149626,21.1011391,86.2,51.33,-0.133,-0.053,0.952,0,51.36973567782261,,120.91480986818024,-1.0,3.0,52.214046,21.102094,16.0
13194,2026-05-11 19:07:02.400000+00:00,52.2149105,21.1012013,86.1,51.25,-0.127,-0.049,0.945,0,51.6794501187789,,113.7524491734144,-1.0,3.0,52.214046,21.102094,16.0
13199,2026-05-11 19:07:02.900000+00:00,52.2148584,21.1012647,86.0,51.36,-0.159,-0.055,0.967,0,52.02916604267324,,106.54877438671215,-1.0,3.0,52.214046,21.102094,16.0
13204,2026-05-11 19:07:03.400000+00:00,52.2148072,21.1013267,85.9,50.32,-0.152,-0.06,0.938,0,51.041182164120464,,99.48364143561504,-1.0,3.0,52.214046,21.102094,16.0
13209,2026-05-11 19:07:03.900000+00:00,52.2147561,21.1013885,85.8,50.05,-0.19,-0.062,0.986,0,50.91845959083152,,92.43875290871844,-1.0,3.0,52.214046,21.102094,16.0
13214,2026-05-11 19:07:04.400000+00:00,52.2147067,21.1014482,85.8,48.83,-0.227,-0.079,0.922,0,49.21166278525276,,85.63402421055238,-1.0,3.0,52.214046,21.102094,16.0
13219,2026-05-11 19:07:04.900000+00:00,52.2146582,21.1015055,85.8,47.17,-0.247,-0.076,0.954,0,47.93482238013071,16.0,79.00368461160106,-1.0,3.0,52.214046,21.102094,16.0
13224,2026-05-11 19:07:05.400000+00:00,52.2146112,21.1015605,85.8,45.51,-0.237,-0.116,0.934,0,46.300970585463126,16.0,72.6011669520777,-1.0,3.0,52.214046,21.102094,16.0
13229,2026-05-11 19:07:05.900000+00:00,52.2145649,21.1016109,85.7,43.42,-0.266,-0.131,0.938,0,44.55620907270811,16.0,66.42659256740342,-1.0,3.0,52.214046,21.102094,16.0
13234,2026-05-11 19:07:06.400000+00:00,52.2145208,21.1016573,85.7,40.79,-0.284,-0.124,0.946,0,42.007283831986655,16.0,60.60164331038786,-1.0,3.0,52.214046,21.102094,16.0
13239,2026-05-11 19:07:06.900000+00:00,52.2144777,21.1017006,85.6,39.52,-0.247,-0.105,0.914,0,40.51925581867607,16.0,54.97858755717054,-1.0,3.0,52.214046,21.102094,16.0
13244,2026-05-11 19:07:07.400000+00:00,52.2144368,21.101743,85.6,37.65,-0.336,-0.085,0.941,0,38.79176462960892,16.0,49.60042365370455,-1.0,3.0,52.214046,21.102094,16.0
13249,2026-05-11 19:07:07.900000+00:00,52.2143987,21.1017816,85.7,34.54,-0.227,-0.1,0.939,0,35.90202593993217,16.0,44.62165491696798,-1.0,3.0,52.214046,21.102094,16.0
13254,2026-05-11 19:07:08.400000+00:00,52.2143615,21.1018175,85.7,33.75,-0.216,-0.07,0.963,0,34.59936180031057,16.0,39.81982827315018,-1.0,3.0,52.214046,21.102094,16.0
13259,2026-05-11 19:07:08.900000+00:00,52.214327,21.1018533,85.7,31.71,-0.222,-0.054,0.925,0,32.730818082697326,16.0,35.28774839755891,-1.0,3.0,52.214046,21.102094,16.0
13264,2026-05-11 19:07:09.400000+00:00,52.2142947,21.1018874,85.8,30.13,-0.269,-0.012,0.965,0,30.798000813815708,16.0,31.030310721057777,-1.0,3.0,52.214046,21.102094,16.0
13269,2026-05-11 19:07:09.900000+00:00,52.2142656,21.1019206,85.8,27.72,-0.255,0.008,0.935,0,28.425436809391535,16.0,27.12609206643929,-1.0,3.0,52.214046,21.102094,16.0
13274,2026-05-11 19:07:10.400000+00:00,52.2142389,21.1019518,85.7,25.56,-0.242,-0.038,0.944,0,26.2902033306867,16.0,23.535959761824387,-1.0,3.0,52.214046,21.102094,16.0
13279,2026-05-11 19:07:10.900000+00:00,52.2142145,21.1019819,85.7,23.57,-0.304,-0.058,0.937,0,24.487074015870345,16.0,20.23316399295769,-1.0,3.0,52.214046,21.102094,16.0
13284,2026-05-11 19:07:11.400000+00:00,52.2141932,21.102009,85.7,20.83,-0.321,-0.05,0.958,0,21.622201058907923,16.0,17.36216233798047,-1.0,3.0,52.214046,21.102094,16.0
13289,2026-05-11 19:07:11.900000+00:00,52.2141745,21.1020325,85.7,17.55,-0.31,-0.07,0.906,0,18.89514252807752,16.0,14.8902293357491,-1.0,3.0,52.214046,21.102094,16.0
13294,2026-05-11 19:07:12.400000+00:00,52.214158,21.1020523,85.8,14.83,-0.333,-0.082,0.949,0,16.396310797692273,16.0,12.77377984363241,-1.0,3.0,52.214046,21.102094,16.0
13299,2026-05-11 19:07:12.900000+00:00,52.2141448,21.1020689,85.9,12.27,-0.312,-0.049,0.926,0,13.341272918014386,16.0,11.118356377951953,-1.0,3.0,52.214046,21.102094,16.0
13304,2026-05-11 19:07:13.400000+00:00,52.2141355,21.1020812,85.9,8.12,-0.349,-0.049,0.94,0,9.583417237609076,16.0,9.990081865098947,-1.0,3.0,52.214046,21.102094,16.0
13309,2026-05-11 19:07:13.900000+00:00,52.2141294,21.1020892,86.0,4.77,-0.344,-0.056,0.93,0,6.265029585169249,16.0,9.279421230901812,-1.0,3.0,52.214046,21.102094,16.0
13314,2026-05-11 19:07:14.400000+00:00,52.2141268,21.1020937,86.0,1.91,-0.293,-0.059,0.947,0,3.034084229036756,16.0,8.9845733216382,-1.0,3.0,52.214046,21.102094,16.0
13319,2026-05-11 19:07:14.900000+00:00,52.2141252,21.1020972,86.2,0.66,-0.214,-0.065,0.953,0,2.142096740642418,16.0,8.809336408302945,-1.0,3.0,52.214046,21.102094,16.0
13324,2026-05-11 19:07:15.400000+00:00,52.2141241,21.1020999,86.4,0.08,-0.164,-0.065,0.963,0,1.590520210991571,16.0,8.69362176793792,-1.0,3.0,52.214046,21.102094,16.0
13329,2026-05-11 19:07:15.900000+00:00,52.2141228,21.1021028,86.5,0.01,-0.139,-0.068,0.96,0,1.7626465399268745,16.0,8.560790662437698,-1.0,3.0,52.214046,21.102094,16.0
13334,2026-05-11 19:07:16.400000+00:00,52.2141216,21.1021052,86.5,0.05,-0.136,-0.067,0.964,0,1.5195441440730475,16.0,8.440897851340713,-1.0,3.0,52.214046,21.102094,16.0
13339,2026-05-11 19:07:16.900000+00:00,52.2141203,21.1021074,86.6,0.04,-0.134,-0.067,0.964,0,1.4992922358534506,16.0,8.312071695164848,-1.0,3.0,52.214046,21.102094,16.0
13344,2026-05-11 19:07:17.400000+00:00,52.214119,21.1021087,86.6,0.11,-0.139,-0.069,0.963,0,1.220612790543936,16.0,8.178780948814799,-1.0,3.0,52.214046,21.102094,16.0
13349,2026-05-11 19:07:17.900000+00:00,52.2141179,21.1021101,86.6,0.13,-0.133,-0.067,0.964,0,1.1167819118139066,16.0,8.069811859009551,-1.0,3.0,52.214046,21.102094,16.0
13354,2026-05-11 19:07:18.400000+00:00,52.2141165,21.1021123,86.7,0.05,-0.137,-0.068,0.964,0,1.5559364346000704,16.0,7.937770700652354,-1.0,3.0,52.214046,21.102094,16.0
13359,2026-05-11 19:07:18.900000+00:00,52.2141152,21.1021137,86.7,0.22,-0.136,-0.066,0.966,0,1.2469424701881302,16.0,7.810868289450743,-1.0,3.0,52.214046,21.102094,16.0
13364,2026-05-11 19:07:19.400000+00:00,52.214114,21.1021158,86.7,0.17,-0.14,-0.069,0.964,0,1.4086041016294917,16.0,7.705746800783887,-1.0,3.0,52.214046,21.102094,16.0
13369,2026-05-11 19:07:19.900000+00:00,52.2141131,21.102117,86.7,0.03,-0.135,-0.066,0.962,0,0.9304237782730554,16.0,7.623955592438436,-1.0,3.0,52.214046,21.102094,16.0
13374,2026-05-11 19:07:20.400000+00:00,52.2141121,21.1021182,86.7,0.04,-0.137,-0.067,0.963,0,0.9937162253397182,16.0,7.532641148535801,-1.0,3.0,52.214046,21.102094,16.0
13379,2026-05-11 19:07:20.900000+00:00,52.2141111,21.1021193,86.7,0.12,-0.137,-0.067,0.963,0,0.9654673715894506,16.0,7.441184691294167,-1.0,3.0,52.214046,21.102094,16.0
13384,2026-05-11 19:07:21.400000+00:00,52.2141101,21.1021204,86.7,0.19,-0.135,-0.067,0.964,0,0.9654673750274384,16.0,7.351036544990591,-1.0,3.0,52.214046,21.102094,16.0
13389,2026-05-11 19:07:21.900000+00:00,52.2141091,21.1021213,86.8,0.36,-0.137,-0.066,0.964,0,0.9142623140415844,16.0,7.258741960348723,-1.0,3.0,52.214046,21.102094,16.0
13394,2026-05-11 19:07:22.400000+00:00,52.2141083,21.1021225,86.8,0.17,-0.135,-0.066,0.966,0,0.8698990007400076,16.0,7.194425643758748,-1.0,3.0,52.214046,21.102094,16.0
13399,2026-05-11 19:07:22.900000+00:00,52.2141076,21.1021236,86.8,0.21,-0.133,-0.068,0.966,0,0.7779682946934151,16.0,7.140312278437047,-1.0,3.0,52.214046,21.102094,16.0
13404,2026-05-11 19:07:23.400000+00:00,52.2141069,21.1021246,86.8,0.12,-0.135,-0.061,0.962,0,0.7447835546973375,16.0,7.08542550361153,-1.0,3.0,52.214046,21.102094,16.0
13409,2026-05-11 19:07:23.900000+00:00,52.2141065,21.1021266,86.8,0.21,-0.111,-0.064,0.966,0,1.0320230249826523,16.0,7.084459322499036,-1.0,3.0,52.214046,21.102094,16.0
13414,2026-05-11 19:07:24.400000+00:00,52.2141049,21.102129,86.8,1.4,-0.068,-0.078,0.971,0,1.7397980525894672,16.0,6.969976143384221,-1.0,3.0,52.214046,21.102094,16.0
13419,2026-05-11 19:07:24.900000+00:00,52.2141027,21.1021325,86.7,2.68,-0.051,-0.068,0.973,0,2.4596714609875407,16.0,6.828628887149717,-1.0,3.0,52.214046,21.102094,16.0
13424,2026-05-11 19:07:25.400000+00:00,52.2140989,21.1021368,86.5,4.25,-0.044,-0.058,0.976,0,3.7019972672378234,16.0,6.565318168597184,-1.0,3.0,52.214046,21.102094,16.0
13429,2026-05-11 19:07:25.900000+00:00,52.2140935,21.1021442,86.5,6.1,-0.043,-0.058,0.977,0,5.645124437705964,16.0,6.292411174468645,-1.0,3.0,52.214046,21.102094,16.0
13434,2026-05-11 19:07:26.400000+00:00,52.2140866,21.102154,86.5,8.07,-0.026,-0.063,0.969,0,7.323007401135859,16.0,6.090257094620402,-1.0,3.0,52.214046,21.102094,16.0
13439,2026-05-11 19:07:26.900000+00:00,52.2140777,21.1021658,86.4,9.5,-0.016,-0.056,0.972,0,9.180204988249772,16.0,6.029448462522109,-1.0,3.0,52.214046,21.102094,16.0
13444,2026-05-11 19:07:27.400000+00:00,52.2140663,21.102182,86.3,12.34,-0.017,-0.051,0.973,0,12.101684531279044,16.0,6.406336019234328,-1.0,3.0,52.214046,21.102094,16.0
13449,2026-05-11 19:07:27.900000+00:00,52.2140535,21.1022012,86.1,14.36,-0.012,-0.06,0.964,0,13.918390996809933,16.0,7.351059969051403,-1.0,3.0,52.214046,21.102094,16.0
13454,2026-05-11 19:07:28.400000+00:00,52.2140384,21.1022246,86.0,17.09,-0.014,-0.059,0.974,0,16.670511358738036,16.0,8.937899972307228,-1.0,3.0,52.214046,21.102094,16.0
13459,2026-05-11 19:07:28.900000+00:00,52.2140216,21.1022496,85.8,18.95,-0.01,-0.1,0.993,0,18.20164878137934,16.0,10.942810322436545,-1.0,3.0,52.214046,21.102094,16.0
13464,2026-05-11 19:07:29.400000+00:00,52.2140019,21.102279,85.6,21.47,-0.017,-0.114,0.993,0,21.371561639671224,16.0,13.5244716474348,-1.0,3.0,52.214046,21.102094,16.0
13469,2026-05-11 19:07:29.900000+00:00,52.2139812,21.1023109,85.5,23.25,-0.041,-0.074,0.962,0,22.792882270156472,16.0,16.44061904043373,-1.0,3.0,52.214046,21.102094,16.0
13474,2026-05-11 19:07:30.400000+00:00,52.213958,21.1023441,85.4,25.17,-0.05,-0.074,0.957,0,24.70275920974911,16.0,19.64925503745696,-1.0,3.0,52.214046,21.102094,16.0
13479,2026-05-11 19:07:30.900000+00:00,52.2139329,21.1023796,85.2,27.44,-0.06,-0.094,0.936,0,26.590790626608403,16.0,23.16847428495788,-1.0,3.0,52.214046,21.102094,16.0
13484,2026-05-11 19:07:31.400000+00:00,52.2139067,21.1024113,84.8,27.02,-0.076,-0.12,0.992,0,26.11115857547065,16.0,26.594281271507803,-1.0,3.0,52.214046,21.102094,16.0
13489,2026-05-11 19:07:31.900000+00:00,52.213879,21.1024476,84.6,29.37,-0.063,-0.121,0.955,0,28.44089561072314,16.0,30.417199580991785,-1.0,3.0,52.214046,21.102094,16.0
13494,2026-05-11 19:07:32.400000+00:00,52.2138492,21.1024851,84.5,30.54,-0.069,-0.108,0.95,0,30.12626671965218,16.0,34.48012453781015,-1.0,3.0,52.214046,21.102094,16.0
13499,2026-05-11 19:07:32.900000+00:00,52.2138175,21.1025244,84.3,32.61,-0.08,-0.107,0.958,0,31.870900195532343,16.0,38.799944486195535,-1.0,3.0,52.214046,21.102094,16.0
13504,2026-05-11 19:07:33.400000+00:00,52.2137851,21.1025644,84.2,32.81,-0.091,-0.095,0.977,0,32.52495147970099,16.0,43.22898782161592,-1.0,3.0,52.214046,21.102094,16.0
13509,2026-05-11 19:07:33.900000+00:00,52.2137518,21.1026053,84.2,33.44,-0.08,-0.085,0.964,0,33.36605814196776,16.0,47.787803701982206,-1.0,3.0,52.214046,21.102094,16.0
13514,2026-05-11 19:07:34.400000+00:00,52.2137172,21.1026473,84.2,34.89,-0.081,-0.072,0.965,0,34.522686176646594,16.0,52.51426621009372,-1.0,3.0,52.214046,21.102094,16.0
13519,2026-05-11 19:07:34.900000+00:00,52.2136813,21.1026903,84.2,35.83,-0.084,-0.067,0.961,0,35.65129622429145,16.0,57.40241578182155,-1.0,3.0,52.214046,21.102094,16.0
13524,2026-05-11 19:07:35.400000+00:00,52.2136444,21.1027344,84.3,36.73,-0.086,-0.069,0.973,0,36.61602270693648,16.0,62.432489094919056,-1.0,3.0,52.214046,21.102094,16.0
13529,2026-05-11 19:07:35.900000+00:00,52.2136071,21.1027798,84.3,37.22,-0.086,-0.076,0.959,0,37.2525916985518,16.0,67.56425427188047,-1.0,3.0,52.214046,21.102094,16.0
13534,2026-05-11 19:07:36.400000+00:00,52.2135694,21.1028257,84.3,37.36,-0.162,-0.072,0.957,0,37.655947535473175,16.0,72.75774225029163,-1.0,3.0,52.214046,21.102094,16.0
13539,2026-05-11 19:07:36.900000+00:00,52.2135318,21.102871,84.3,37.31,-0.174,-0.052,0.965,0,37.41626930417046,16.0,77.92017870737054,-1.0,3.0,52.214046,21.102094,16.0
13544,2026-05-11 19:07:37.400000+00:00,52.2134948,21.1029151,84.2,36.64,-0.154,-0.067,0.933,0,36.68068985583134,,82.98249476463764,-1.0,3.0,52.214046,21.102094,16.0
13549,2026-05-11 19:07:37.900000+00:00,52.213458,21.1029586,84.2,36.15,-0.167,-0.056,0.971,0,36.378088135646486,,88.00464411281344,-1.0,3.0,52.214046,21.102094,16.0
13554,2026-05-11 19:07:38.400000+00:00,52.213422,21.1030017,84.1,36.13,-0.138,-0.06,0.965,0,35.74493727434099,,92.94553500709856,-1.0,3.0,52.214046,21.102094,16.0
13559,2026-05-11 19:07:38.900000+00:00,52.2133855,21.1030447,84.1,36.2,-0.128,-0.057,0.977,0,36.0397613981992,,97.92600711369543,-1.0,3.0,52.214046,21.102094,16.0
13564,2026-05-11 19:07:39.400000+00:00,52.213349,21.1030889,84.1,36.37,-0.111,-0.049,0.917,0,36.38743484978463,,102.96271703847906,-1.0,3.0,52.214046,21.102094,16.0
13569,2026-05-11 19:07:39.900000+00:00,52.2133121,21.1031339,84.1,36.98,-0.122,-0.068,0.999,0,36.87867749858561,,108.0703450042306,-1.0,3.0,52.214046,21.102094,16.0
13574,2026-05-11 19:07:40.400000+00:00,52.213275,21.1031786,84.1,36.84,-0.142,-0.061,0.96,0,36.9194852584551,,113.18277409462758,-1.0,3.0,52.214046,21.102094,16.0
13579,2026-05-11 19:07:40.900000+00:00,52.2132384,21.1032234,84.0,36.28,-0.151,-0.065,0.926,0,36.62763040575094,,118.25873458247408,-1.0,3.0,52.214046,21.102094,16.0
13584,2026-05-11 19:07:41.400000+00:00,52.2132021,21.1032673,84.0,35.9,-0.163,-0.067,0.982,0,36.171203716657615,,123.27046083635788,-1.0,3.0,52.214046,21.102094,16.0
13589,2026-05-11 19:07:41.900000+00:00,52.2131659,21.103311,84.2,35.93,-0.152,-0.069,0.952,0,36.048491402238376,,128.26583926685458,-1.0,3.0,52.214046,21.102094,16.0
13594,2026-05-11 19:07:42.400000+00:00,52.2131307,21.1033537,84.3,34.87,-0.164,-0.087,0.961,0,35.11322030562947,,133.13314299432005,-1.0,3.0,52.214046,21.102094,16.0
13599,2026-05-11 19:07:42.900000+00:00,52.2130956,21.103396,84.4,34.68,-0.163,-0.078,0.949,0,34.93209390069018,,137.97508270614532,-1.0,3.0,52.214046,21.102094,16.0
13604,2026-05-11 19:07:43.400000+00:00,52.2130607,21.1034385,84.6,34.72,-0.169,-0.077,0.951,0,34.86200798557895,,142.80936192710246,-1.0,3.0,52.214046,21.102094,16.0
13609,2026-05-11 19:07:43.900000+00:00,52.2130263,21.1034804,84.7,34.08,-0.156,-0.081,0.959,0,34.36516785062308,,147.57526297612637,-1.0,3.0,52.214046,21.102094,16.0
13614,2026-05-11 19:07:44.400000+00:00,52.2129923,21.103522,84.7,33.28,-0.16,-0.056,0.963,0,34.02058970843515,,152.29432932125795,-1.0,3.0,52.214046,21.102094,16.0
13619,2026-05-11 19:07:44.900000+00:00,52.212959,21.1035631,84.8,32.87,-0.179,-0.069,0.96,0,33.42536050049518,,156.93207997278398,-1.0,3.0,52.214046,21.102094,16.0
13624,2026-05-11 19:07:45.400000+00:00,52.2129261,21.1036039,84.9,32.93,-0.155,-0.056,0.945,0,33.08126331130379,,161.52279074803857,-1.0,3.0,52.214046,21.102094,16.0
13629,2026-05-11 19:07:45.900000+00:00,52.2128935,21.1036441,85.0,32.32,-0.167,-0.084,0.963,0,32.712083104488975,,166.06197757745056,-1.0,3.0,52.214046,21.102094,16.0
13634,2026-05-11 19:07:46.400000+00:00,52.212862,21.1036834,85.2,31.75,-0.16,-0.074,0.952,0,31.743794040427154,,170.4679665265232,-1.0,3.0,52.214046,21.102094,16.0
13639,2026-05-11 19:07:46.900000+00:00,52.2128296,21.1037218,85.3,31.62,-0.162,-0.065,0.954,0,32.05780383177861,,174.9125746827064,-1.0,3.0,52.214046,21.102094,16.0
13644,2026-05-11 19:07:47.400000+00:00,52.2127976,21.1037598,85.3,31.83,-0.143,-0.069,0.95,0,31.6834019775052,,179.30588987172283,-1.0,3.0,52.214046,21.102094,16.0
13649,2026-05-11 19:07:47.900000+00:00,52.2127654,21.1037974,85.3,31.83,-0.141,-0.068,0.971,0,31.69844480079953,,183.6995671960185,-1.0,3.0,52.214046,21.102094,16.0
13654,2026-05-11 19:07:48.400000+00:00,52.2127336,21.1038351,85.5,31.18,-0.164,-0.063,0.955,0,31.46736745580567,,188.06344181176817,-1.0,3.0,52.214046,21.102094,16.0
13659,2026-05-11 19:07:48.900000+00:00,52.2127025,21.103872,85.6,30.79,-0.158,-0.058,0.96,0,30.783312331649142,,192.332829076794,-1.0,3.0,52.214046,21.102094,16.0
13664,2026-05-11 19:07:49.400000+00:00,52.2126718,21.1039083,85.7,29.94,-0.196,-0.069,0.953,0,30.351260013521628,,196.54219115362568,-1.0,3.0,52.214046,21.102094,16.0
13669,2026-05-11 19:07:49.900000+00:00,52.2126427,21.1039428,85.7,28.11,-0.226,-0.053,0.941,0,28.795902488419262,,200.53634108405384,-1.0,3.0,52.214046,21.102094,16.0
13674,2026-05-11 19:07:50.400000+00:00,52.2126148,21.1039762,85.8,27.1,-0.204,-0.057,0.95,0,27.70177800496214,,197.0773248805751,-1.0,3.0,52.214046,21.102094,16.0
13679,2026-05-11 19:07:50.900000+00:00,52.2125878,21.104009,85.9,26.49,-0.185,-0.054,0.952,0,26.947361065052192,,193.3386540367688,-1.0,3.0,52.211146,21.105595,17.0
13684,2026-05-11 19:07:51.400000+00:00,52.2125617,21.1040404,86.0,25.77,-0.163,-0.059,0.953,0,25.95957566510265,,189.73641912030465,-1.0,3.0,52.211146,21.105595,17.0
13689,2026-05-11 19:07:51.900000+00:00,52.2125367,21.1040711,86.1,24.48,-0.196,-0.052,0.96,0,25.04815881943334,,186.26244106947013,-1.0,3.0,52.211146,21.105595,17.0
13694,2026-05-11 19:07:52.400000+00:00,52.2125123,21.1041012,86.1,23.8,-0.162,-0.058,0.943,0,24.487415188940435,,182.86683096607624,-1.0,3.0,52.211146,21.105595,17.0
13699,2026-05-11 19:07:52.900000+00:00,52.212488,21.1041316,86.1,24.3,-0.145,-0.06,0.969,0,24.512853245818597,,179.46931363004578,-1.0,3.0,52.211146,21.105595,17.0
13704,2026-05-11 19:07:53.400000+00:00,52.212464,21.1041615,86.2,24.37,-0.106,-0.08,0.95,0,24.173065909314907,,176.11871886786952,-1.0,3.0,52.211146,21.105595,17.0
13709,2026-05-11 19:07:53.900000+00:00,52.212439,21.1041914,86.2,24.74,-0.107,-0.073,0.963,0,24.81420324667543,,172.6757920466533,-1.0,3.0,52.211146,21.105595,17.0
13714,2026-05-11 19:07:54.400000+00:00,52.2124138,21.1042221,86.1,25.59,-0.097,-0.07,0.973,0,25.17631450539105,,169.1843361389089,-1.0,3.0,52.211146,21.105595,17.0
13719,2026-05-11 19:07:54.900000+00:00,52.2123883,21.1042539,86.2,25.92,-0.128,-0.062,0.965,0,25.693203261514885,,165.62392464922218,-1.0,3.0,52.211146,21.105595,17.0
13724,2026-05-11 19:07:55.400000+00:00,52.2123626,21.1042859,86.3,25.73,-0.124,-0.073,0.952,0,25.88001417443689,,162.03780101042202,-1.0,3.0,52.211146,21.105595,17.0
13729,2026-05-11 19:07:55.900000+00:00,52.2123367,21.1043182,86.2,26.09,-0.117,-0.069,0.957,0,26.096595437683604,,158.42224372055642,-1.0,3.0,52.211146,21.105595,17.0
13734,2026-05-11 19:07:56.400000+00:00,52.2123102,21.1043504,86.2,26.76,-0.112,-0.071,0.97,0,26.450564738398672,,154.75502441408963,-1.0,3.0,52.211146,21.105595,17.0
13739,2026-05-11 19:07:56.900000+00:00,52.2122838,21.1043832,86.3,26.72,-0.107,-0.08,0.968,0,26.563645594969085,,151.07508356450552,-1.0,3.0,52.211146,21.105595,17.0
13744,2026-05-11 19:07:57.400000+00:00,52.2122559,21.104417,86.3,28.05,-0.096,-0.08,0.956,0,27.81836608004651,,147.21864141909623,-1.0,3.0,52.211146,21.105595,17.0
13749,2026-05-11 19:07:57.900000+00:00,52.2122271,21.1044516,86.3,29.29,-0.095,-0.087,0.965,0,28.63107876027096,,143.24896207661303,-1.0,3.0,52.211146,21.105595,17.0
13754,2026-05-11 19:07:58.400000+00:00,52.2121981,21.1044865,86.3,29.39,-0.088,-0.08,0.941,0,28.847290331855643,,139.24990323401215,-1.0,3.0,52.211146,21.105595,17.0
13759,2026-05-11 19:07:58.900000+00:00,52.2121682,21.104522,86.3,30.16,-0.101,-0.07,0.976,0,29.602520350991625,,135.14500409231707,-1.0,3.0,52.211146,21.105595,17.0
13764,2026-05-11 19:07:59.400000+00:00,52.2121373,21.1045586,86.3,30.93,-0.101,-0.077,0.968,0,30.567406471649523,,130.9064574736166,-1.0,3.0,52.211146,21.105595,17.0
13769,2026-05-11 19:07:59.900000+00:00,52.2121063,21.1045958,86.1,30.87,-0.098,-0.066,0.952,0,30.80568749239369,,126.63701751329732,-1.0,3.0,52.211146,21.105595,17.0
13774,2026-05-11 19:08:00.400000+00:00,52.2120739,21.104634,86.0,31.93,-0.104,-0.076,0.967,0,32.00043882156524,,122.20026473798836,-1.0,3.0,52.211146,21.105595,17.0
13779,2026-05-11 19:08:00.900000+00:00,52.2120403,21.1046735,86.1,33.24,-0.105,-0.082,0.957,0,33.15269687796945,,117.60398151633028,-1.0,3.0,52.211146,21.105595,17.0
13784,2026-05-11 19:08:01.400000+00:00,52.2120061,21.1047139,86.1,34.01,-0.126,-0.08,0.959,0,33.800616097890355,,112.91926062768653,-1.0,3.0,52.211146,21.105595,17.0
13789,2026-05-11 19:08:01.900000+00:00,52.2119725,21.1047538,86.1,33.24,-0.168,-0.069,0.964,0,33.267785766676894,,108.3100261481,-1.0,3.0,52.211146,21.105595,17.0
13794,2026-05-11 19:08:02.400000+00:00,52.2119394,21.1047928,86.1,32.27,-0.161,-0.061,0.951,0,32.68457119357048,,103.78135044790218,-1.0,3.0,52.211146,21.105595,17.0
13799,2026-05-11 19:08:02.900000+00:00,52.2119071,21.1048313,86.1,31.46,-0.229,-0.066,0.932,0,32.02219693426161,,99.34728476945423,-1.0,3.0,52.211146,21.105595,17.0
13804,2026-05-11 19:08:03.400000+00:00,52.2118762,21.1048683,86.1,30.05,-0.217,-0.051,0.962,0,30.68313802817072,,95.10059753264088,-1.0,3.0,52.211146,21.105595,17.0
13809,2026-05-11 19:08:03.900000+00:00,52.2118463,21.1049037,86.1,29.59,-0.159,-0.06,0.955,0,29.57376155566798,,91.006859318351,-1.0,3.0,52.211146,21.105595,17.0
13814,2026-05-11 19:08:04.400000+00:00,52.2118166,21.1049393,86.1,29.22,-0.173,-0.056,0.96,0,29.502283785505742,,86.92648627250865,-1.0,3.0,52.211146,21.105595,17.0
13819,2026-05-11 19:08:04.900000+00:00,52.2117873,21.1049742,86.2,28.86,-0.16,-0.055,0.957,0,29.041041175216705,,82.91039134346933,-1.0,3.0,52.211146,21.105595,17.0
13824,2026-05-11 19:08:05.400000+00:00,52.2117584,21.1050089,86.3,28.54,-0.163,-0.062,0.958,0,28.72474297434008,17.0,78.9413291950525,-1.0,3.0,52.211146,21.105595,17.0
13829,2026-05-11 19:08:05.900000+00:00,52.2117299,21.1050435,86.3,28.37,-0.163,-0.052,0.953,0,28.438124369921677,17.0,75.01634783320497,-1.0,3.0,52.211146,21.105595,17.0
13834,2026-05-11 19:08:06.400000+00:00,52.2117015,21.1050779,86.4,28.16,-0.135,-0.061,0.96,0,28.31535183678919,17.0,71.1105183609469,-1.0,3.0,52.211146,21.105595,17.0
13839,2026-05-11 19:08:06.900000+00:00,52.2116727,21.1051117,86.5,28.2,-0.11,-0.082,0.941,0,28.40030272662569,17.0,67.18906235836434,-1.0,3.0,52.211146,21.105595,17.0
13844,2026-05-11 19:08:07.400000+00:00,52.211643,21.105146,86.5,28.89,-0.119,-0.113,0.962,0,29.1293450314679,17.0,63.166411839804326,-1.0,3.0,52.211146,21.105595,17.0
13849,2026-05-11 19:08:07.900000+00:00,52.2116122,21.1051803,86.5,30.34,-0.121,-0.099,0.985,0,29.85256119124448,17.0,59.03948505824122,-1.0,3.0,52.211146,21.105595,17.0
13854,2026-05-11 19:08:08.400000+00:00,52.2115801,21.1052137,86.6,30.84,-0.092,-0.128,0.932,0,30.47826104418658,17.0,54.817097677534704,-1.0,3.0,52.211146,21.105595,17.0
13859,2026-05-11 19:08:08.900000+00:00,52.2115475,21.1052469,86.8,30.5,-0.111,-0.113,0.96,0,30.764500423209725,17.0,50.55377857764225,-1.0,3.0,52.211146,21.105595,17.0
13864,2026-05-11 19:08:09.400000+00:00,52.2115139,21.1052796,87.0,31.56,-0.163,-0.083,0.965,0,31.320235828984277,17.0,46.20954740025811,-1.0,3.0,52.211146,21.105595,17.0
13869,2026-05-11 19:08:09.900000+00:00,52.2114806,21.1053123,87.3,30.65,-0.153,-0.065,0.951,0,31.114198907235128,17.0,41.89614149502545,-1.0,3.0,52.211146,21.105595,17.0
13874,2026-05-11 19:08:10.400000+00:00,52.2114479,21.1053431,87.4,30.27,-0.166,-0.04,0.968,0,30.227076157996944,17.0,37.70281411683224,-1.0,3.0,52.211146,21.105595,17.0
13879,2026-05-11 19:08:10.900000+00:00,52.2114161,21.1053763,87.5,29.71,-0.172,-0.004,0.937,0,30.223062324786586,17.0,33.52713353091556,-1.0,3.0,52.211146,21.105595,17.0
13884,2026-05-11 19:08:11.400000+00:00,52.2113861,21.1054083,87.5,28.08,-0.223,-0.003,0.946,0,28.69326908760942,17.0,29.57357350914433,-1.0,3.0,52.211146,21.105595,17.0
13889,2026-05-11 19:08:11.900000+00:00,52.2113576,21.1054407,87.5,27.62,-0.211,-0.017,0.966,0,27.807528267632577,17.0,25.770803351418454,-1.0,3.0,52.211146,21.105595,17.0
13894,2026-05-11 19:08:12.400000+00:00,52.2113305,21.1054724,87.4,26.33,-0.205,-0.037,0.955,0,26.693965239083624,17.0,22.150904517894844,-1.0,3.0,52.211146,21.105595,17.0
13899,2026-05-11 19:08:12.900000+00:00,52.2113048,21.105503,87.4,24.79,-0.22,-0.058,0.946,0,25.46950085899719,17.0,18.7373773130655,-1.0,3.0,52.211146,21.105595,17.0
13904,2026-05-11 19:08:13.400000+00:00,52.2112805,21.1055325,87.5,23.35,-0.229,-0.055,0.934,0,24.24702246347371,17.0,15.550169058668764,-1.0,3.0,52.211146,21.105595,17.0
13909,2026-05-11 19:08:13.900000+00:00,52.2112581,21.1055592,87.4,21.54,-0.256,-0.065,0.961,0,22.20754730078553,17.0,12.701372512601589,-1.0,3.0,52.211146,21.105595,17.0
13914,2026-05-11 19:08:14.400000+00:00,52.2112379,21.1055826,87.4,18.88,-0.273,-0.053,0.941,0,19.83218701971271,17.0,10.25368063330735,-1.0,3.0,52.211146,21.105595,17.0
13919,2026-05-11 19:08:14.900000+00:00,52.2112197,21.1056042,87.3,16.89,-0.237,-0.045,0.926,0,18.01655013969824,17.0,8.219004759171263,-1.0,3.0,52.211146,21.105595,17.0
13924,2026-05-11 19:08:15.400000+00:00,52.2112039,21.1056236,87.3,14.44,-0.316,-0.045,0.948,0,15.829900785014509,17.0,6.726627969002799,-1.0,3.0,52.211146,21.105595,17.0
13929,2026-05-11 19:08:15.900000+00:00,52.2111909,21.1056398,87.3,11.99,-0.303,-0.049,0.935,0,13.09512319518336,17.0,5.8518392206515175,-1.0,3.0,52.211146,21.105595,17.0
13934,2026-05-11 19:08:16.400000+00:00,52.2111808,21.105652,87.3,8.63,-0.326,-0.063,0.953,0,10.060064627688876,17.0,5.482406255092188,-1.0,3.0,52.211146,21.105595,17.0
13939,2026-05-11 19:08:16.900000+00:00,52.2111743,21.1056601,87.2,5.99,-0.323,-0.055,0.923,0,6.547562677008586,17.0,5.438466876318273,-1.0,3.0,52.211146,21.105595,17.0
13944,2026-05-11 19:08:17.400000+00:00,52.2111704,21.1056646,87.2,2.71,-0.316,-0.056,0.947,0,3.823934833473433,17.0,5.4634849505851575,-1.0,3.0,52.211146,21.105595,17.0
13949,2026-05-11 19:08:17.900000+00:00,52.2111693,21.105666,87.2,0.1,-0.274,-0.056,0.943,0,1.116809942798062,17.0,5.487688021931451,-1.0,3.0,52.211146,21.105595,17.0
13954,2026-05-11 19:08:18.400000+00:00,52.2111692,21.1056665,87.2,0.33,-0.151,-0.068,0.956,0,0.2580211753204196,17.0,5.512530789502622,-1.0,3.0,52.211146,21.105595,17.0
13959,2026-05-11 19:08:18.900000+00:00,52.2111693,21.1056671,87.1,0.08,-0.14,-0.067,0.971,0,0.3050371192134279,17.0,5.553870499090401,-1.0,3.0,52.211146,21.105595,17.0
13964,2026-05-11 19:08:19.400000+00:00,52.2111695,21.1056679,87.1,0.07,-0.137,-0.066,0.964,0,0.4238652132260211,17.0,5.612461485701155,-1.0,3.0,52.211146,21.105595,17.0
13969,2026-05-11 19:08:19.900000+00:00,52.2111696,21.1056686,87.0,0.14,-0.138,-0.066,0.966,0,0.3526096748128501,17.0,5.659861860359634,-1.0,3.0,52.211146,21.105595,17.0
13974,2026-05-11 19:08:20.400000+00:00,52.2111695,21.105669,87.0,0.09,-0.138,-0.065,0.962,0,0.2119326072010524,17.0,5.678898377628593,-1.0,3.0,52.211146,21.105595,17.0
13979,2026-05-11 19:08:20.900000+00:00,52.2111691,21.1056694,87.0,0.16,-0.138,-0.063,0.962,0,0.3755799744704977,17.0,5.682867952891687,-1.0,3.0,52.211146,21.105595,17.0
13984,2026-05-11 19:08:21.400000+00:00,52.2111691,21.1056697,87.0,0.15,-0.138,-0.064,0.964,0,0.1471716563806892,17.0,5.701108840843706,-1.0,3.0,52.211146,21.105595,17.0
13989,2026-05-11 19:08:21.900000+00:00,52.2111691,21.1056699,86.9,0.12,-0.125,-0.065,0.964,0,0.0981144370670289,17.0,5.713277706325021,-1.0,3.0,52.211146,21.105595,17.0
13994,2026-05-11 19:08:22.400000+00:00,52.2111681,21.1056714,86.9,1.47,-0.062,-0.07,0.966,0,1.0874067037095407,17.0,5.756410771049438,-1.0,3.0,52.211146,21.105595,17.0
13999,2026-05-11 19:08:22.900000+00:00,52.2111655,21.1056746,86.9,2.82,-0.063,-0.071,0.972,0,2.607163065332453,17.0,5.840926379949389,-1.0,3.0,52.211146,21.105595,17.0
14004,2026-05-11 19:08:23.400000+00:00,52.2111619,21.1056787,86.9,3.89,-0.08,-0.066,0.973,0,3.514602666257043,17.0,5.970672614531358,-1.0,3.0,52.211146,21.105595,17.0
14009,2026-05-11 19:08:23.900000+00:00,52.2111575,21.1056844,86.9,4.96,-0.069,-0.07,0.971,0,4.497575095640773,17.0,6.224049781912787,-1.0,3.0,52.211146,21.105595,17.0
14014,2026-05-11 19:08:24.400000+00:00,52.2111522,21.1056917,86.9,5.98,-0.058,-0.062,0.976,0,5.552438149834743,17.0,6.624630150889055,-1.0,3.0,52.211146,21.105595,17.0
14019,2026-05-11 19:08:24.900000+00:00,52.2111455,21.1057018,86.8,8.05,-0.041,-0.055,0.974,0,7.302247487023891,17.0,7.277037003216264,-1.0,3.0,52.211146,21.105595,17.0
14024,2026-05-11 19:08:25.400000+00:00,52.2111373,21.1057148,86.8,10.07,-0.028,-0.065,0.973,0,9.15261275722322,17.0,8.219707182134593,-1.0,3.0,52.211146,21.105595,17.0
14029,2026-05-11 19:08:25.900000+00:00,52.2111277,21.1057307,86.7,11.39,-0.029,-0.059,0.972,0,10.95048149304582,17.0,9.467201350738918,-1.0,3.0,52.211146,21.105595,17.0
14034,2026-05-11 19:08:26.400000+00:00,52.2111162,21.1057482,86.6,13.74,-0.018,-0.085,0.972,0,12.588500800435073,17.0,10.951621086739957,-1.0,3.0,52.211146,21.105595,17.0
14039,2026-05-11 19:08:26.900000+00:00,52.2111027,21.1057706,86.6,16.31,-0.013,-0.062,0.972,0,15.413320940297131,17.0,12.896958027490122,-1.0,3.0,52.211146,21.105595,17.0
14044,2026-05-11 19:08:27.400000+00:00,52.2110868,21.1057964,86.5,18.68,-0.009,-0.101,0.966,0,17.95095445965092,17.0,15.219625895706052,-1.0,3.0,52.211146,21.105595,17.0
14049,2026-05-11 19:08:27.900000+00:00,52.2110684,21.1058247,86.5,21.14,-0.004,-0.119,0.971,0,20.242264231845525,17.0,17.871691744282625,-1.0,3.0,52.211146,21.105595,17.0
14054,2026-05-11 19:08:28.400000+00:00,52.2110478,21.105855,86.5,22.59,-0.042,-0.103,0.975,0,22.20247564461759,17.0,20.81004694726353,-1.0,3.0,52.211146,21.105595,17.0
14059,2026-05-11 19:08:28.900000+00:00,52.2110258,21.1058861,86.4,23.8,-0.051,-0.124,0.946,0,23.30233220956175,17.0,23.91721782732359,-1.0,3.0,52.211146,21.105595,17.0
14064,2026-05-11 19:08:29.400000+00:00,52.2110016,21.1059196,86.4,25.69,-0.076,-0.108,0.977,0,25.405886289108697,17.0,27.330571028541552,-1.0,3.0,52.211146,21.105595,17.0
14069,2026-05-11 19:08:29.900000+00:00,52.2109762,21.1059531,86.3,26.27,-0.078,-0.116,0.951,0,26.145929920980574,17.0,30.85141624541538,-1.0,3.0,52.211146,21.105595,17.0
14074,2026-05-11 19:08:30.400000+00:00,52.2109484,21.1059876,86.2,28.32,-0.06,-0.16,0.944,0,27.96093003023341,17.0,34.61690738191951,-1.0,3.0,52.211146,21.105595,17.0
14079,2026-05-11 19:08:30.900000+00:00,52.2109187,21.1060221,86.2,29.86,-0.084,-0.099,0.974,0,29.186289687069863,17.0,38.54410847192349,-1.0,3.0,52.211146,21.105595,17.0
14084,2026-05-11 19:08:31.400000+00:00,52.2108881,21.1060585,86.2,30.24,-0.078,-0.075,0.972,0,30.31575425320681,17.0,42.658180001013605,-1.0,3.0,52.211146,21.105595,17.0
14089,2026-05-11 19:08:31.900000+00:00,52.2108572,21.1060951,86.1,31.09,-0.073,-0.087,0.97,0,30.567710363947537,17.0,46.82220994977818,-1.0,3.0,52.211146,21.105595,17.0
14094,2026-05-11 19:08:32.400000+00:00,52.2108243,21.1061344,86.2,33.01,-0.079,-0.077,0.971,0,32.64187546402635,17.0,51.28661370349655,-1.0,3.0,52.211146,21.105595,17.0
14099,2026-05-11 19:08:32.900000+00:00,52.2107902,21.1061748,86.3,33.76,-0.071,-0.072,0.95,0,33.736113499029514,17.0,55.90954956888665,-1.0,3.0,52.211146,21.105595,17.0
14104,2026-05-11 19:08:33.400000+00:00,52.2107554,21.1062166,86.3,35.21,-0.087,-0.068,0.962,0,34.59386534974194,17.0,60.66444036599619,-1.0,3.0,52.211146,21.105595,17.0
14109,2026-05-11 19:08:33.900000+00:00,52.2107197,21.1062599,86.3,35.78,-0.099,-0.075,0.981,0,35.610763219886785,17.0,65.56957362885925,-1.0,3.0,52.211146,21.105595,17.0
14114,2026-05-11 19:08:34.400000+00:00,52.2106832,21.1063037,86.3,36.52,-0.075,-0.077,0.948,0,36.271619653591706,17.0,70.56858467186268,-1.0,3.0,52.211146,21.105595,17.0
14119,2026-05-11 19:08:34.900000+00:00,52.2106455,21.1063487,86.4,37.81,-0.076,-0.068,0.956,0,37.394494189557065,17.0,75.72624482197763,-1.0,3.0,52.211146,21.105595,17.0
14124,2026-05-11 19:08:35.400000+00:00,52.210607,21.1063945,86.4,38.24,-0.087,-0.07,0.976,0,38.143208582265984,,80.99100498588128,-1.0,3.0,52.211146,21.105595,17.0
14129,2026-05-11 19:08:35.900000+00:00,52.2105677,21.1064417,86.4,39.11,-0.072,-0.058,0.961,0,39.065763231374255,,86.38971112032664,-1.0,3.0,52.211146,21.105595,17.0
14134,2026-05-11 19:08:36.400000+00:00,52.2105275,21.10649,86.4,40.36,-0.084,-0.064,0.976,0,39.96596152154253,,91.91621799287192,-1.0,3.0,52.211146,21.105595,17.0
14139,2026-05-11 19:08:36.900000+00:00,52.2104863,21.1065403,86.4,41.59,-0.068,-0.082,0.953,0,41.193610093597286,,97.61895607108085,-1.0,3.0,52.211146,21.105595,17.0
14144,2026-05-11 19:08:37.400000+00:00,52.2104444,21.1065916,86.4,41.94,-0.078,-0.071,0.969,0,41.93627998909858,,103.4271981503945,-1.0,3.0,52.211146,21.105595,17.0
14149,2026-05-11 19:08:37.900000+00:00,52.2104011,21.1066442,86.4,43.52,-0.114,-0.071,0.988,0,43.21590438242572,,109.41289064519968,-1.0,3.0,52.211146,21.105595,17.0
14154,2026-05-11 19:08:38.400000+00:00,52.2103572,21.1066989,86.5,44.28,-0.095,-0.075,0.931,0,44.21969158191162,,115.54407186973044,-1.0,3.0,52.211146,21.105595,17.0
14159,2026-05-11 19:08:38.900000+00:00,52.2103127,21.1067533,86.6,44.63,-0.11,-0.073,0.972,0,44.5140680627293,,121.71383152142556,-1.0,3.0,52.211146,21.105595,17.0
14164,2026-05-11 19:08:39.400000+00:00,52.2102677,21.1068087,86.7,45.58,-0.103,-0.062,0.966,0,45.12884384475462,,127.9712843722776,-1.0,3.0,52.211146,21.105595,17.0
14169,2026-05-11 19:08:39.900000+00:00,52.2102218,21.1068649,86.8,45.91,-0.104,-0.063,0.956,0,45.940598550054574,,134.3413746101676,-1.0,3.0,52.211146,21.105595,17.0
14174,2026-05-11 19:08:40.400000+00:00,52.2101756,21.1069219,86.8,46.29,-0.106,-0.068,0.963,0,46.36858071584265,,140.77299913532073,-1.0,3.0,52.211146,21.105595,17.0
14179,2026-05-11 19:08:40.900000+00:00,52.2101292,21.1069789,86.8,46.83,-0.099,-0.065,0.961,0,46.49642563002852,,147.22244430791474,-1.0,3.0,52.211146,21.105595,17.0
14184,2026-05-11 19:08:41.400000+00:00,52.2100823,21.1070359,86.7,47.26,-0.096,-0.094,0.963,0,46.816880485321285,,153.71537350480517,-1.0,3.0,52.211146,21.105595,17.0
14189,2026-05-11 19:08:41.900000+00:00,52.2100343,21.1070942,86.8,48.03,-0.1,-0.078,0.961,0,47.904142758769794,,160.35978090231126,-1.0,3.0,52.211146,21.105595,17.0
14194,2026-05-11 19:08:42.400000+00:00,52.2099853,21.1071518,86.8,48.01,-0.108,-0.062,0.944,0,48.34724936639607,,167.06049058164214,-1.0,3.0,52.211146,21.105595,17.0
14199,2026-05-11 19:08:42.900000+00:00,52.2099361,21.1072107,86.8,48.64,-0.158,-0.06,0.992,0,48.8517856297704,,173.8355956622787,-1.0,3.0,52.211146,21.105595,17.0
14204,2026-05-11 19:08:43.400000+00:00,52.2098869,21.1072697,86.9,48.94,-0.129,-0.078,0.919,0,48.880838405462136,,180.6157490397508,-1.0,3.0,52.211146,21.105595,17.0
14209,2026-05-11 19:08:43.900000+00:00,52.2098377,21.1073283,87.0,48.66,-0.152,-0.07,0.964,0,48.76491418894824,,187.37936751490045,-1.0,3.0,52.211146,21.105595,17.0
14214,2026-05-11 19:08:44.400000+00:00,52.2097889,21.1073869,87.0,48.79,-0.139,-0.066,0.975,0,48.50662651235393,,194.1090564707021,-1.0,3.0,52.211146,21.105595,17.0
14219,2026-05-11 19:08:44.900000+00:00,52.2097397,21.1074468,87.0,49.41,-0.121,-0.066,0.95,0,49.14363320797238,,200.9294742034694,-1.0,3.0,52.211146,21.105595,17.0
14224,2026-05-11 19:08:45.400000+00:00,52.2096904,21.1075072,87.1,49.36,-0.127,-0.072,0.97,0,49.35472444095058,,207.7802526903104,-1.0,3.0,52.211146,21.105595,17.0
14229,2026-05-11 19:08:45.900000+00:00,52.2096405,21.107568,87.1,49.63,-0.115,-0.063,0.948,0,49.856886341089336,,214.7003770830653,-1.0,3.0,52.211146,21.105595,17.0
14234,2026-05-11 19:08:46.400000+00:00,52.2095903,21.1076296,87.2,49.96,-0.123,-0.063,0.958,0,50.284455915275885,,221.68089992168376,-1.0,3.0,52.211146,21.105595,17.0
14239,2026-05-11 19:08:46.900000+00:00,52.2095401,21.1076906,87.3,49.98,-0.125,-0.059,0.964,0,50.10812573247555,,228.6361018692361,-1.0,3.0,52.211146,21.105595,17.0
14244,2026-05-11 19:08:47.400000+00:00,52.2094898,21.1077517,87.4,50.41,-0.122,-0.054,0.954,0,50.20166021230518,,235.60449998466217,-1.0,3.0,52.211146,21.105595,17.0
14249,2026-05-11 19:08:47.900000+00:00,52.2094396,21.1078131,87.5,50.24,-0.137,-0.067,0.96,0,50.22561085576677,,242.5771707735404,-1.0,3.0,52.211146,21.105595,17.0
14254,2026-05-11 19:08:48.400000+00:00,52.2093891,21.1078747,87.5,50.73,-0.136,-0.074,0.97,0,50.47671099896953,,249.5846103850806,-1.0,3.0,52.211146,21.105595,17.0
14259,2026-05-11 19:08:48.900000+00:00,52.2093387,21.1079364,87.6,50.98,-0.122,-0.07,0.935,0,50.44205262679333,,256.5877558531532,-1.0,3.0,52.211146,21.105595,17.0
14264,2026-05-11 19:08:49.400000+00:00,52.2092882,21.1079984,87.7,50.25,-0.152,-0.078,0.969,0,50.59448367994654,,263.6124595081143,-1.0,3.0,52.211146,21.105595,17.0
14269,2026-05-11 19:08:49.900000+00:00,52.2092374,21.10806,87.7,51.09,-0.118,-0.089,0.931,0,50.66935502012924,,270.64652761598416,-1.0,3.0,52.211146,21.105595,17.0
14274,2026-05-11 19:08:50.400000+00:00,52.2091867,21.1081205,87.7,50.55,-0.154,-0.069,0.996,0,50.28472714761623,,277.6255814332314,-1.0,3.0,52.211146,21.105595,17.0
14279,2026-05-11 19:08:50.900000+00:00,52.2091354,21.1081815,87.7,51.02,-0.107,-0.069,0.948,0,50.81736319507941,,284.67836681828567,-1.0,3.0,52.211146,21.105595,17.0
14284,2026-05-11 19:08:51.400000+00:00,52.2090839,21.1082436,87.7,51.48,-0.119,-0.071,0.944,0,51.26573584061629,,286.15377808070895,-1.0,3.0,52.206974,21.110648,18.0
14289,2026-05-11 19:08:51.900000+00:00,52.2090325,21.1083058,87.7,51.07,-0.134,-0.063,0.983,0,51.23059616259483,,279.0413687716047,-1.0,3.0,52.206974,21.110648,18.0
14294,2026-05-11 19:08:52.400000+00:00,52.2089805,21.1083681,87.8,51.63,-0.132,-0.077,0.923,0,51.64627960934438,,271.870464471012,-1.0,3.0,52.206974,21.110648,18.0
14299,2026-05-11 19:08:52.900000+00:00,52.2089291,21.1084291,87.7,50.88,-0.172,-0.056,0.969,0,50.88217210176835,,264.80502364642655,-1.0,3.0,52.206974,21.110648,18.0
14304,2026-05-11 19:08:53.400000+00:00,52.2088781,21.1084906,87.6,50.78,-0.159,-0.065,0.947,0,50.76894259461986,,257.75676212018857,-1.0,3.0,52.206974,21.110648,18.0
14309,2026-05-11 19:08:53.900000+00:00,52.2088274,21.1085514,87.5,50.24,-0.153,-0.057,0.971,0,50.37188305473803,,250.76325414171063,-1.0,3.0,52.206974,21.110648,18.0
14314,2026-05-11 19:08:54.400000+00:00,52.2087769,21.1086129,87.5,50.39,-0.147,-0.061,0.949,0,50.4476032037559,,243.7610414457545,-1.0,3.0,52.206974,21.110648,18.0
14319,2026-05-11 19:08:54.900000+00:00,52.2087265,21.1086746,87.5,50.34,-0.151,-0.062,0.953,0,50.44230292271328,,236.7604978518436,-1.0,3.0,52.206974,21.110648,18.0
14324,2026-05-11 19:08:55.400000+00:00,52.2086766,21.1087357,87.5,49.53,-0.152,-0.059,0.962,0,49.94546700570995,,229.8292542044587,-1.0,3.0,52.206974,21.110648,18.0
14329,2026-05-11 19:08:55.900000+00:00,52.2086268,21.1087965,87.5,49.74,-0.158,-0.065,0.965,0,49.79316506844201,,222.919094470518,-1.0,3.0,52.206974,21.110648,18.0
14334,2026-05-11 19:08:56.400000+00:00,52.2085775,21.1088567,87.5,49.43,-0.166,-0.051,0.958,0,49.29632235932948,,216.07825985649504,-1.0,3.0,52.206974,21.110648,18.0
14339,2026-05-11 19:08:56.900000+00:00,52.2085287,21.108917,87.5,49.11,-0.162,-0.059,0.954,0,49.00602261702465,,209.2798893635625,-1.0,3.0,52.206974,21.110648,18.0
14344,2026-05-11 19:08:57.400000+00:00,52.2084802,21.1089771,87.6,48.88,-0.156,-0.063,0.938,0,48.75537468535804,,202.5173044169863,-1.0,3.0,52.206974,21.110648,18.0
14349,2026-05-11 19:08:57.900000+00:00,52.2084313,21.1090366,87.7,48.29,-0.156,-0.071,0.962,0,48.834296866696384,,195.74144359371576,-1.0,3.0,52.206974,21.110648,18.0
14354,2026-05-11 19:08:58.400000+00:00,52.2083831,21.1090959,87.8,47.77,-0.164,-0.069,0.97,0,48.32706427467881,,189.03819603098069,-1.0,3.0,52.206974,21.110648,18.0
14359,2026-05-11 19:08:58.900000+00:00,52.2083349,21.1091547,87.8,47.88,-0.149,-0.068,0.952,0,48.17981054066783,,182.35460609372524,-1.0,3.0,52.206974,21.110648,18.0
14364,2026-05-11 19:08:59.400000+00:00,52.2082872,21.109212,87.9,47.34,-0.167,-0.084,0.965,0,47.419880910118735,,175.77470311224906,-1.0,3.0,52.206974,21.110648,18.0
14369,2026-05-11 19:08:59.900000+00:00,52.20824,21.1092689,88.0,46.84,-0.159,-0.068,0.941,0,46.98125290905247,,169.25665326672004,-1.0,3.0,52.206974,21.110648,18.0
14374,2026-05-11 19:09:00.400000+00:00,52.2081931,21.1093256,88.1,46.69,-0.158,-0.061,0.948,0,46.72982731671808,,162.77449709613498,-1.0,3.0,52.206974,21.110648,18.0
14379,2026-05-11 19:09:00.900000+00:00,52.2081465,21.109382,88.1,46.36,-0.172,-0.056,0.997,0,46.4492471784616,,156.3321110398828,-1.0,3.0,52.206974,21.110648,18.0
14384,2026-05-11 19:09:01.400000+00:00,52.2081003,21.109438,88.2,45.98,-0.13,-0.048,0.913,0,46.07515492883456,,149.94262587999708,-1.0,3.0,52.206974,21.110648,18.0
14389,2026-05-11 19:09:01.900000+00:00,52.2080543,21.1094942,88.2,46.04,-0.163,-0.068,0.976,0,46.005469701467696,,143.5651582279573,-1.0,3.0,52.206974,21.110648,18.0
14394,2026-05-11 19:09:02.400000+00:00,52.2080087,21.10955,88.3,45.76,-0.154,-0.06,0.965,0,45.63153163891459,,137.24096847129977,-1.0,3.0,52.206974,21.110648,18.0
14399,2026-05-11 19:09:02.900000+00:00,52.2079634,21.1096054,88.3,45.36,-0.168,-0.077,0.967,0,45.32166075937637,,130.96089401168896,-1.0,3.0,52.206974,21.110648,18.0
14404,2026-05-11 19:09:03.400000+00:00,52.2079184,21.1096602,88.4,44.6,-0.156,-0.06,0.936,0,44.95304045194018,,124.73243622971124,-1.0,3.0,52.206974,21.110648,18.0
14409,2026-05-11 19:09:03.900000+00:00,52.2078736,21.1097144,88.4,44.76,-0.155,-0.068,0.925,0,44.648897024509466,,118.54626096523972,-1.0,3.0,52.206974,21.110648,18.0
14414,2026-05-11 19:09:04.400000+00:00,52.2078294,21.1097679,88.4,44.02,-0.161,-0.072,0.98,0,44.05850307972613,,112.44361960044748,-1.0,3.0,52.206974,21.110648,18.0
14419,2026-05-11 19:09:04.900000+00:00,52.2077852,21.1098219,88.5,44.4,-0.133,-0.077,0.959,0,44.20509648373055,,106.32484226128555,-1.0,3.0,52.206974,21.110648,18.0
14424,2026-05-11 19:09:05.400000+00:00,52.207741,21.1098766,88.5,44.77,-0.157,-0.06,0.969,0,44.41178514809831,,100.18357573058545,-1.0,3.0,52.206974,21.110648,18.0
14429,2026-05-11 19:09:05.900000+00:00,52.2076971,21.1099299,88.6,43.49,-0.147,-0.053,0.938,0,43.80723403092277,,94.1239150262668,-1.0,3.0,52.206974,21.110648,18.0
14434,2026-05-11 19:09:06.400000+00:00,52.2076538,21.1099825,88.6,42.84,-0.167,-0.058,0.975,0,43.21685720337657,,88.14940510755766,-1.0,3.0,52.206974,21.110648,18.0
14439,2026-05-11 19:09:06.900000+00:00,52.207611,21.1100346,88.6,42.44,-0.153,-0.075,0.941,0,42.74931393243434,,82.24414737120301,-1.0,3.0,52.206974,21.110648,18.0
14444,2026-05-11 19:09:07.400000+00:00,52.2075679,21.1100862,88.6,42.83,-0.141,-0.07,0.961,0,42.796524499686605,18.0,76.33208815024801,-1.0,3.0,52.206974,21.110648,18.0
14449,2026-05-11 19:09:07.900000+00:00,52.2075248,21.1101372,88.6,43.07,-0.136,-0.067,0.942,0,42.62307168937647,18.0,70.4455903902839,-1.0,3.0,52.206974,21.110648,18.0
14454,2026-05-11 19:09:08.400000+00:00,52.2074819,21.1101884,88.6,42.73,-0.154,-0.072,0.974,0,42.55141317162089,18.0,64.57803010120864,-1.0,3.0,52.206974,21.110648,18.0
14459,2026-05-11 19:09:08.900000+00:00,52.207439,21.1102392,88.6,42.71,-0.129,-0.074,0.952,0,42.43587361739053,18.0,58.73188796321958,-1.0,3.0,52.206974,21.110648,18.0
14464,2026-05-11 19:09:09.400000+00:00,52.2073959,21.1102903,88.7,42.83,-0.138,-0.061,0.974,0,42.65193357555692,18.0,52.867179403461336,-1.0,3.0,52.206974,21.110648,18.0
14469,2026-05-11 19:09:09.900000+00:00,52.2073527,21.1103415,88.7,43.23,-0.115,-0.066,0.937,0,42.74555623416716,18.0,47.00431901482455,-1.0,3.0,52.206974,21.110648,18.0
14474,2026-05-11 19:09:10.400000+00:00,52.2073092,21.1103934,88.7,43.23,-0.127,-0.062,0.968,0,43.14193833345319,18.0,41.11230144272185,-1.0,3.0,52.206974,21.110648,18.0
14479,2026-05-11 19:09:10.900000+00:00,52.2072656,21.1104456,88.8,43.52,-0.13,-0.071,0.958,0,43.29351089823264,18.0,35.23574486963559,-1.0,3.0,52.206974,21.110648,18.0
14484,2026-05-11 19:09:11.400000+00:00,52.2072217,21.1104983,88.7,43.63,-0.129,-0.062,0.965,0,43.6323233089724,18.0,29.37126474870253,-1.0,3.0,52.206974,21.110648,18.0
14489,2026-05-11 19:09:11.900000+00:00,52.2071777,21.1105514,88.8,43.7,-0.13,-0.057,0.96,0,43.81325879542575,18.0,23.58748745578829,-1.0,3.0,52.206974,21.110648,18.0
14494,2026-05-11 19:09:12.400000+00:00,52.2071335,21.1106049,88.8,44.22,-0.135,-0.057,0.952,0,44.05874799865965,18.0,17.977110824020173,-1.0,3.0,52.206974,21.110648,18.0
14499,2026-05-11 19:09:12.900000+00:00,52.2070896,21.1106584,88.8,44.15,-0.126,-0.068,0.968,0,43.86609067660855,18.0,12.873653797604844,-1.0,3.0,52.206974,21.110648,18.0
14504,2026-05-11 19:09:13.400000+00:00,52.2070453,21.1107121,88.8,44.04,-0.121,-0.074,0.957,0,44.18154913261502,18.0,9.051771340860151,-1.0,3.0,52.206974,21.110648,18.0
14509,2026-05-11 19:09:13.900000+00:00,52.2070009,21.1107663,88.8,44.67,-0.128,-0.056,0.953,0,44.39236561412789,18.0,8.598185455133144,-1.0,3.0,52.206974,21.110648,18.0
14514,2026-05-11 19:09:14.400000+00:00,52.2069561,21.1108205,88.9,44.63,-0.125,-0.079,0.967,0,44.64922404980526,18.0,11.921730892523197,-1.0,3.0,52.206974,21.110648,18.0
14519,2026-05-11 19:09:14.900000+00:00,52.2069108,21.110875,88.9,44.69,-0.131,-0.063,0.966,0,45.0586241535764,18.0,16.98966860659509,-1.0,3.0,52.206974,21.110648,18.0
14524,2026-05-11 19:09:15.400000+00:00,52.2068656,21.1109296,88.9,44.86,-0.134,-0.072,0.966,0,45.02339885545721,18.0,22.660366345335294,-1.0,3.0,52.206974,21.110648,18.0
14529,2026-05-11 19:09:15.900000+00:00,52.20682,21.1109842,89.0,45.39,-0.125,-0.067,0.931,0,45.281207941259645,18.0,28.6018075359853,-1.0,3.0,52.206974,21.110648,18.0
14534,2026-05-11 19:09:16.400000+00:00,52.2067745,21.1110384,89.1,45.25,-0.146,-0.068,0.971,0,45.10071432829479,18.0,34.638056270085265,-1.0,3.0,52.206974,21.110648,18.0
14539,2026-05-11 19:09:16.900000+00:00,52.2067294,21.1110923,89.0,44.73,-0.136,-0.063,0.951,0,44.755346938667785,18.0,40.69818462962511,-1.0,3.0,52.206974,21.110648,18.0
14544,2026-05-11 19:09:17.400000+00:00,52.2066839,21.1111464,89.0,45.14,-0.138,-0.096,0.959,0,45.07183636780605,18.0,46.83973434738596,-1.0,3.0,52.206974,21.110648,18.0
14549,2026-05-11 19:09:17.900000+00:00,52.2066385,21.1111982,88.8,44.55,-0.134,-0.089,0.947,0,44.351051639782895,18.0,52.88996170949812,-1.0,3.0,52.206974,21.110648,18.0
14554,2026-05-11 19:09:18.400000+00:00,52.2065925,21.1112513,88.8,45.15,-0.139,-0.075,0.958,0,45.11090066929682,18.0,59.07245728373351,-1.0,3.0,52.206974,21.110648,18.0
14559,2026-05-11 19:09:18.900000+00:00,52.2065463,21.1113048,88.8,45.26,-0.134,-0.077,0.962,0,45.35502278995331,18.0,65.30564423696521,-1.0,3.0,52.206974,21.110648,18.0
14564,2026-05-11 19:09:19.400000+00:00,52.2064999,21.1113584,88.8,45.41,-0.133,-0.064,0.945,0,45.51404439033183,18.0,71.5714057352637,-1.0,3.0,52.206974,21.110648,18.0
14569,2026-05-11 19:09:19.900000+00:00,52.2064532,21.1114124,88.8,46.0,-0.128,-0.066,0.955,0,45.82348855958211,18.0,77.8891960574452,-1.0,3.0,52.206974,21.110648,18.0
14574,2026-05-11 19:09:20.400000+00:00,52.2064063,21.1114664,88.7,45.97,-0.134,-0.071,0.965,0,45.95424316719573,,84.23067035341555,-1.0,3.0,52.206974,21.110648,18.0
14579,2026-05-11 19:09:20.900000+00:00,52.2063592,21.1115202,88.7,45.9,-0.134,-0.071,0.953,0,46.02884245490803,,90.5857539687352,-1.0,3.0,52.206974,21.110648,18.0
14584,2026-05-11 19:09:21.400000+00:00,52.2063119,21.1115747,88.7,46.33,-0.14,-0.059,0.969,0,46.35736986694316,,96.99374504053904,-1.0,3.0,52.206974,21.110648,18.0
14589,2026-05-11 19:09:21.900000+00:00,52.2062646,21.1116286,88.7,46.32,-0.145,-0.088,0.939,0,46.188215248093286,,103.37910111288284,-1.0,3.0,52.206974,21.110648,18.0
14594,2026-05-11 19:09:22.400000+00:00,52.2062171,21.1116819,88.6,46.22,-0.159,-0.068,0.96,0,46.15216873316193,,109.75872063694666,-1.0,3.0,52.206974,21.110648,18.0
14599,2026-05-11 19:09:22.900000+00:00,52.2061699,21.1117349,88.6,45.84,-0.155,-0.064,0.956,0,45.87088285766263,,116.10296066745208,-1.0,3.0,52.206974,21.110648,18.0
14604,2026-05-11 19:09:23.400000+00:00,52.2061227,21.1117876,88.6,45.58,-0.152,-0.052,0.961,0,45.78762105688812,,122.43701112803652,-1.0,3.0,52.206974,21.110648,18.0
14609,2026-05-11 19:09:23.900000+00:00,52.2060757,21.1118402,88.7,45.6,-0.143,-0.061,0.956,0,45.627810842297926,,128.75200923781946,-1.0,3.0,52.206974,21.110648,18.0
14614,2026-05-11 19:09:24.400000+00:00,52.2060286,21.1118925,88.7,45.84,-0.136,-0.075,0.946,0,45.61090519996459,,135.06490676712392,-1.0,3.0,52.206974,21.110648,18.0
14619,2026-05-11 19:09:24.900000+00:00,52.2059816,21.1119444,88.6,45.65,-0.141,-0.085,0.978,0,45.43447471882947,,141.3540550728796,-1.0,3.0,52.206974,21.110648,18.0
14624,2026-05-11 19:09:25.400000+00:00,52.2059345,21.1119962,88.6,45.35,-0.137,-0.078,0.944,0,45.47337808934677,,147.6494793356338,-1.0,3.0,52.206974,21.110648,18.0
14629,2026-05-11 19:09:25.900000+00:00,52.2058869,21.1120484,88.6,45.64,-0.145,-0.064,0.979,0,45.9150639515493,,154.00709828544365,-1.0,3.0,52.206974,21.110648,18.0
14634,2026-05-11 19:09:26.400000+00:00,52.2058393,21.1121005,88.6,45.85,-0.137,-0.083,0.936,0,45.88773048351191,,160.36206041955023,-1.0,3.0,52.206974,21.110648,18.0
14639,2026-05-11 19:09:26.900000+00:00,52.2057917,21.1121522,88.6,45.59,-0.161,-0.062,0.965,0,45.77871287744891,,166.7016640847618,-1.0,3.0,52.206974,21.110648,18.0
14644,2026-05-11 19:09:27.400000+00:00,52.2057442,21.1122034,88.6,45.41,-0.146,-0.071,0.99,0,45.5764338295152,,173.01296947724137,-1.0,3.0,52.206974,21.110648,18.0
14649,2026-05-11 19:09:27.900000+00:00,52.2056967,21.1122543,88.6,45.35,-0.135,-0.071,0.92,0,45.495487836287296,,179.3131200974725,-1.0,3.0,52.206974,21.110648,18.0
14654,2026-05-11 19:09:28.400000+00:00,52.2056494,21.1123046,88.7,45.22,-0.155,-0.058,0.983,0,45.20034816223109,,185.57201920427872,-1.0,3.0,52.206974,21.110648,18.0
14659,2026-05-11 19:09:28.900000+00:00,52.205602,21.1123554,88.7,45.37,-0.122,-0.074,0.943,0,45.401664862521415,,191.86165957640844,-1.0,3.0,52.206974,21.110648,18.0
14664,2026-05-11 19:09:29.400000+00:00,52.2055546,21.1124054,88.7,45.4,-0.144,-0.079,0.95,0,45.18739541369333,,185.6129053188159,-1.0,3.0,52.204095,21.113727,19.0
14669,2026-05-11 19:09:29.900000+00:00,52.2055072,21.1124553,88.6,45.19,-0.143,-0.072,0.968,0,45.16079243922059,,179.3548587523588,-1.0,3.0,52.204095,21.113727,19.0
14674,2026-05-11 19:09:30.400000+00:00,52.2054596,21.1125054,88.6,45.13,-0.138,-0.071,0.969,0,45.34855302325364,,173.07179207121683,-1.0,3.0,52.204095,21.113727,19.0
14679,2026-05-11 19:09:30.900000+00:00,52.2054115,21.1125556,88.6,45.78,-0.119,-0.065,0.943,0,45.71189381011145,,166.73780589130723,-1.0,3.0,52.204095,21.113727,19.0
14684,2026-05-11 19:09:31.400000+00:00,52.2053635,21.1126057,88.6,45.53,-0.147,-0.06,0.975,0,45.618027204170616,,160.41801832533372,-1.0,3.0,52.204095,21.113727,19.0
14689,2026-05-11 19:09:31.900000+00:00,52.2053155,21.1126559,88.7,45.49,-0.13,-0.06,0.955,0,45.644497757053294,,154.09631953352024,-1.0,3.0,52.204095,21.113727,19.0
14694,2026-05-11 19:09:32.400000+00:00,52.2052675,21.1127062,88.7,45.42,-0.143,-0.061,0.957,0,45.67100579133757,,147.7729377327663,-1.0,3.0,52.204095,21.113727,19.0
14699,2026-05-11 19:09:32.900000+00:00,52.2052194,21.1127562,88.7,45.27,-0.143,-0.075,0.957,0,45.65915402518414,,141.45105971576797,-1.0,3.0,52.204095,21.113727,19.0
14704,2026-05-11 19:09:33.400000+00:00,52.2051714,21.1128056,88.8,45.18,-0.151,-0.079,0.956,0,45.43394192420861,,135.15986118518384,-1.0,3.0,52.204095,21.113727,19.0
14709,2026-05-11 19:09:33.900000+00:00,52.2051237,21.1128537,88.7,44.92,-0.157,-0.059,0.954,0,44.892428668356935,,128.94099058350685,-1.0,3.0,52.204095,21.113727,19.0
14714,2026-05-11 19:09:34.400000+00:00,52.2050766,21.1129016,88.6,44.36,-0.157,-0.07,0.952,0,44.43254712891844,,122.7893086576592,-1.0,3.0,52.204095,21.113727,19.0
14719,2026-05-11 19:09:34.900000+00:00,52.2050298,21.1129494,88.7,44.09,-0.163,-0.052,0.963,0,44.20285783202323,,116.67250026916092,-1.0,3.0,52.204095,21.113727,19.0
14724,2026-05-11 19:09:35.400000+00:00,52.2049833,21.1129963,88.8,43.8,-0.16,-0.067,0.95,0,43.765693470744985,,110.61557088074925,-1.0,3.0,52.204095,21.113727,19.0
14729,2026-05-11 19:09:35.900000+00:00,52.2049373,21.1130432,88.8,42.8,-0.165,-0.068,0.971,0,43.425710754907335,,104.61092592032986,-1.0,3.0,52.204095,21.113727,19.0
14734,2026-05-11 19:09:36.400000+00:00,52.2048913,21.1130894,88.8,42.9,-0.142,-0.077,0.928,0,43.24471241155278,,98.63054392473704,-1.0,3.0,52.204095,21.113727,19.0
14739,2026-05-11 19:09:36.900000+00:00,52.2048455,21.1131346,89.0,42.39,-0.173,-0.065,0.964,0,42.85248437996677,,92.7031826265529,-1.0,3.0,52.204095,21.113727,19.0
14744,2026-05-11 19:09:37.400000+00:00,52.2048,21.1131794,89.0,42.36,-0.14,-0.074,0.945,0,42.545435681291096,,86.82099189307333,-1.0,3.0,52.204095,21.113727,19.0
14749,2026-05-11 19:09:37.900000+00:00,52.2047549,21.1132235,89.0,41.72,-0.168,-0.062,0.969,0,42.09401180561145,,81.00321108479658,-1.0,3.0,52.204095,21.113727,19.0
14754,2026-05-11 19:09:38.400000+00:00,52.2047105,21.1132666,89.0,41.13,-0.139,-0.057,0.94,0,41.361316846695246,19.0,75.28901532249522,-1.0,3.0,52.204095,21.113727,19.0
14759,2026-05-11 19:09:38.900000+00:00,52.204666,21.1133093,89.0,41.42,-0.145,-0.055,0.984,0,41.33032439576711,19.0,69.5808287402167,-1.0,3.0,52.204095,21.113727,19.0
14764,2026-05-11 19:09:39.400000+00:00,52.2046213,21.1133527,89.0,41.68,-0.135,-0.047,0.941,0,41.6430106082713,19.0,63.838945748708845,-1.0,3.0,52.204095,21.113727,19.0
14769,2026-05-11 19:09:39.900000+00:00,52.2045764,21.1133963,89.1,41.83,-0.125,-0.076,0.949,0,41.83080320557296,19.0,58.07958256509192,-1.0,3.0,52.204095,21.113727,19.0
14774,2026-05-11 19:09:40.400000+00:00,52.2045313,21.11344,89.0,41.75,-0.139,-0.063,0.97,0,41.99352340003109,19.0,52.3082038412682,-1.0,3.0,52.204095,21.113727,19.0
14779,2026-05-11 19:09:40.900000+00:00,52.2044857,21.113484,89.0,42.15,-0.114,-0.068,0.941,0,42.412951342392034,19.0,46.49281320594843,-1.0,3.0,52.204095,21.113727,19.0
14784,2026-05-11 19:09:41.400000+00:00,52.2044399,21.1135278,89.0,42.49,-0.123,-0.072,0.966,0,42.50116437235401,19.0,40.68266345800078,-1.0,3.0,52.204095,21.113727,19.0
14789,2026-05-11 19:09:41.900000+00:00,52.2043933,21.1135718,89.0,43.01,-0.116,-0.07,0.97,0,43.10403028638876,19.0,34.81477110097615,-1.0,3.0,52.204095,21.113727,19.0
14794,2026-05-11 19:09:42.400000+00:00,52.2043464,21.1136171,89.0,43.5,-0.121,-0.061,0.956,0,43.63352378582572,19.0,28.940231650420515,-1.0,3.0,52.204095,21.113727,19.0
14799,2026-05-11 19:09:42.900000+00:00,52.2042992,21.1136621,89.0,43.86,-0.135,-0.071,0.965,0,43.76595016334703,19.0,23.13271524707159,-1.0,3.0,52.204095,21.113727,19.0
14804,2026-05-11 19:09:43.400000+00:00,52.2042518,21.1137068,89.0,43.82,-0.132,-0.065,0.949,0,43.83044954672798,19.0,17.489620042354726,-1.0,3.0,52.204095,21.113727,19.0
14809,2026-05-11 19:09:43.900000+00:00,52.204204,21.1137515,89.0,44.11,-0.139,-0.058,0.964,0,44.10801877705116,19.0,12.234698922723704,-1.0,3.0,52.204095,21.113727,19.0
14814,2026-05-11 19:09:44.400000+00:00,52.2041564,21.1137954,88.8,43.89,-0.138,-0.075,0.941,0,43.774710722971896,19.0,8.266771413162052,-1.0,3.0,52.204095,21.113727,19.0
14819,2026-05-11 19:09:44.900000+00:00,52.2041087,21.1138397,88.8,44.0,-0.143,-0.055,0.958,0,43.9411869665162,19.0,7.829665117945088,-1.0,3.0,52.204095,21.113727,19.0
14824,2026-05-11 19:09:45.400000+00:00,52.2040608,21.1138847,88.8,44.15,-0.133,-0.047,0.982,0,44.2507934150803,19.0,11.399622403491382,-1.0,3.0,52.204095,21.113727,19.0
14829,2026-05-11 19:09:45.900000+00:00,52.2040131,21.1139298,88.7,44.05,-0.139,-0.067,0.948,0,44.136691668681685,19.0,16.550748511347646,-1.0,3.0,52.204095,21.113727,19.0
14834,2026-05-11 19:09:46.400000+00:00,52.203965,21.1139745,88.7,44.36,-0.142,-0.043,0.953,0,44.31662307660254,19.0,22.213130523102524,-1.0,3.0,52.204095,21.113727,19.0
14839,2026-05-11 19:09:46.900000+00:00,52.2039168,21.114019,88.6,44.59,-0.126,-0.059,0.949,0,44.33781494273087,19.0,28.08179798878389,-1.0,3.0,52.204095,21.113727,19.0
14844,2026-05-11 19:09:47.400000+00:00,52.2038688,21.1140636,88.5,44.22,-0.156,-0.066,0.981,0,44.22279587047177,19.0,34.040972669425265,-1.0,3.0,52.204095,21.113727,19.0
14849,2026-05-11 19:09:47.900000+00:00,52.2038206,21.1141084,88.5,44.23,-0.141,-0.061,0.949,0,44.41050927987374,19.0,40.08120593844669,-1.0,3.0,52.204095,21.113727,19.0
14854,2026-05-11 19:09:48.400000+00:00,52.2037726,21.1141534,88.5,44.05,-0.162,-0.057,0.954,0,44.32026515817895,19.0,46.14658176608455,-1.0,3.0,52.204095,21.113727,19.0
14859,2026-05-11 19:09:48.900000+00:00,52.2037254,21.1141976,88.5,43.59,-0.16,-0.058,0.969,0,43.5693891678413,19.0,52.12940167103981,-1.0,3.0,52.204095,21.113727,19.0
14864,2026-05-11 19:09:49.400000+00:00,52.2036784,21.1142414,88.4,43.21,-0.151,-0.055,0.943,0,43.332929213193566,19.0,58.09222131538544,-1.0,3.0,52.204095,21.113727,19.0
14869,2026-05-11 19:09:49.900000+00:00,52.2036317,21.1142856,88.4,42.89,-0.168,-0.054,0.972,0,43.22268283533551,19.0,64.05480686607478,-1.0,3.0,52.204095,21.113727,19.0
14874,2026-05-11 19:09:50.400000+00:00,52.2035852,21.1143286,88.3,42.57,-0.147,-0.068,0.958,0,42.79091430061236,19.0,69.95836433972597,-1.0,3.0,52.204095,21.113727,19.0
14879,2026-05-11 19:09:50.900000+00:00,52.2035392,21.114371,88.3,42.06,-0.168,-0.057,0.965,0,42.29755197235456,19.0,75.7991073268212,-1.0,3.0,52.204095,21.113727,19.0
14884,2026-05-11 19:09:51.400000+00:00,52.2034933,21.1144137,88.3,42.29,-0.137,-0.065,0.943,0,42.3005852881008,,81.64732155567681,-1.0,3.0,52.204095,21.113727,19.0
14889,2026-05-11 19:09:51.900000+00:00,52.2034473,21.114456,88.3,42.14,-0.145,-0.06,0.979,0,42.2734619734247,,87.49280854386645,-1.0,3.0,52.204095,21.113727,19.0
14894,2026-05-11 19:09:52.400000+00:00,52.2034011,21.114499,88.3,42.25,-0.128,-0.062,0.948,0,42.5821649948686,,93.3867830465027,-1.0,3.0,52.204095,21.113727,19.0
14899,2026-05-11 19:09:52.900000+00:00,52.2033541,21.1145419,88.4,42.2,-0.142,-0.064,0.959,0,43.11570624066391,,99.35310258360036,-1.0,3.0,52.204095,21.113727,19.0
14904,2026-05-11 19:09:53.400000+00:00,52.2033077,21.1145843,88.4,42.4,-0.153,-0.06,0.968,0,42.57672496396468,,105.24750940310489,-1.0,3.0,52.204095,21.113727,19.0
14909,2026-05-11 19:09:53.900000+00:00,52.2032618,21.1146259,88.3,42.22,-0.134,-0.056,0.953,0,42.03593303876767,,111.06749366022636,-1.0,3.0,52.204095,21.113727,19.0
14914,2026-05-11 19:09:54.400000+00:00,52.2032163,21.1146673,88.3,42.11,-0.128,-0.056,0.968,0,41.70839734023224,,116.84464064318742,-1.0,3.0,52.204095,21.113727,19.0
14919,2026-05-11 19:09:54.900000+00:00,52.2031707,21.1147082,88.2,42.04,-0.127,-0.06,0.962,0,41.65961708048022,,122.61400391962523,-1.0,3.0,52.204095,21.113727,19.0
14924,2026-05-11 19:09:55.400000+00:00,52.2031246,21.1147505,88.2,42.63,-0.119,-0.065,0.96,0,42.34330099190337,,128.48334566297723,-1.0,3.0,52.204095,21.113727,19.0
14929,2026-05-11 19:09:55.900000+00:00,52.2030783,21.1147932,88.2,42.63,-0.125,-0.061,0.957,0,42.57917957128856,,134.38715575128688,-1.0,3.0,52.204095,21.113727,19.0
14934,2026-05-11 19:09:56.400000+00:00,52.2030324,21.1148343,88.1,42.23,-0.124,-0.067,0.963,0,41.91740685486959,,140.1956179558394,-1.0,3.0,52.204095,21.113727,19.0
14939,2026-05-11 19:09:56.900000+00:00,52.202986,21.1148764,88.1,42.86,-0.119,-0.06,0.962,0,42.505067647202566,,146.0886154184716,-1.0,3.0,52.204095,21.113727,19.0
14944,2026-05-11 19:09:57.400000+00:00,52.2029391,21.1149195,88.2,42.79,-0.122,-0.065,0.958,0,43.094020828324304,,152.06583670647922,-1.0,3.0,52.204095,21.113727,19.0
14949,2026-05-11 19:09:57.900000+00:00,52.2028921,21.1149624,88.2,43.02,-0.126,-0.065,0.957,0,43.11581307909252,,158.04581936430924,-1.0,3.0,52.204095,21.113727,19.0
14954,2026-05-11 19:09:58.400000+00:00,52.202845,21.1150058,88.2,43.41,-0.122,-0.052,0.96,0,43.30582143785648,,164.0539305731162,-1.0,3.0,52.204095,21.113727,19.0
14959,2026-05-11 19:09:58.900000+00:00,52.2027981,21.1150491,88.3,43.29,-0.122,-0.058,0.97,0,43.1422954348274,,170.0400376112334,-1.0,3.0,52.204095,21.113727,19.0
14964,2026-05-11 19:09:59.400000+00:00,52.2027508,21.1150926,88.3,43.52,-0.113,-0.06,0.963,0,43.46941066375916,,176.07150762341905,-1.0,3.0,52.204095,21.113727,19.0
14969,2026-05-11 19:09:59.900000+00:00,52.2027035,21.1151363,88.4,43.47,-0.112,-0.05,0.962,0,43.51769015845945,,182.11056101392455,-1.0,3.0,52.204095,21.113727,19.0
14974,2026-05-11 19:10:00.400000+00:00,52.2026565,21.11518,88.5,42.95,-0.112,-0.062,0.964,0,43.308860600442806,,188.12157716367548,-1.0,3.0,52.204095,21.113727,19.0
14979,2026-05-11 19:10:00.900000+00:00,52.202609,21.1152242,88.5,43.92,-0.119,-0.055,0.963,0,43.7781354498361,,194.19805721703895,-1.0,3.0,52.204095,21.113727,19.0
14984,2026-05-11 19:10:01.400000+00:00,52.2025615,21.1152685,88.6,43.84,-0.128,-0.071,0.953,0,43.80247506814461,,200.27834506966863,-1.0,3.0,52.204095,21.113727,19.0
14989,2026-05-11 19:10:01.900000+00:00,52.2025139,21.1153126,88.7,43.67,-0.132,-0.066,0.96,0,43.82347405881255,,206.3611705586238,-1.0,3.0,52.204095,21.113727,19.0
14994,2026-05-11 19:10:02.400000+00:00,52.2024666,21.1153562,88.7,43.45,-0.143,-0.077,0.948,0,43.49359109833261,,212.39796396723435,-1.0,3.0,52.204095,21.113727,19.0
14999,2026-05-11 19:10:02.900000+00:00,52.2024194,21.1153992,88.7,43.08,-0.151,-0.061,0.967,0,43.27963320639706,,218.40415737673,-1.0,3.0,52.204095,21.113727,19.0
15004,2026-05-11 19:10:03.400000+00:00,52.2023726,21.1154423,88.8,43.16,-0.131,-0.057,0.938,0,43.02441380925021,,224.3761959383085,-1.0,3.0,52.204095,21.113727,19.0
15009,2026-05-11 19:10:03.900000+00:00,52.2023257,21.1154853,88.8,43.06,-0.141,-0.051,0.968,0,43.07010636665832,,230.3543733432592,-1.0,3.0,52.204095,21.113727,19.0
15014,2026-05-11 19:10:04.400000+00:00,52.202279,21.1155282,88.8,43.12,-0.13,-0.059,0.953,0,42.906503172556704,,236.3102003818626,-1.0,3.0,52.204095,21.113727,19.0
15019,2026-05-11 19:10:04.900000+00:00,52.2022324,21.1155708,88.9,43.1,-0.129,-0.057,0.953,0,42.76462672393664,,242.2460855477329,-1.0,3.0,52.204095,21.113727,19.0
15024,2026-05-11 19:10:05.400000+00:00,52.2021858,21.1156137,88.9,42.89,-0.118,-0.054,0.952,0,42.8367793155867,,248.19273716735864,-1.0,3.0,52.204095,21.113727,19.0
15029,2026-05-11 19:10:05.900000+00:00,52.202139,21.1156563,88.9,42.87,-0.132,-0.062,0.967,0,42.90440976088863,,254.14798040232392,-1.0,3.0,52.204095,21.113727,19.0
15034,2026-05-11 19:10:06.400000+00:00,52.2020918,21.1156993,88.9,43.33,-0.122,-0.06,0.965,0,43.27970903048658,,260.1555604784679,-1.0,3.0,52.204095,21.113727,19.0
15039,2026-05-11 19:10:06.900000+00:00,52.2020444,21.1157429,88.9,43.85,-0.114,-0.043,0.922,0,43.56341480358532,,266.203448928982,-1.0,3.0,52.204095,21.113727,19.0
15044,2026-05-11 19:10:07.400000+00:00,52.201997,21.1157876,88.9,44.21,-0.14,-0.059,1.027,0,43.83100641356702,,272.29010576658567,-1.0,3.0,52.204095,21.113727,19.0
15049,2026-05-11 19:10:07.900000+00:00,52.2019494,21.1158322,88.9,44.32,-0.101,-0.059,0.922,0,43.94526722004939,,278.392353726008,-1.0,3.0,52.204095,21.113727,19.0
15054,2026-05-11 19:10:08.400000+00:00,52.2019013,21.1158776,88.9,44.7,-0.123,-0.054,0.938,0,44.48811717384779,,284.57039211968,-1.0,3.0,52.204095,21.113727,19.0
15059,2026-05-11 19:10:08.900000+00:00,52.2018534,21.1159238,89.0,44.11,-0.129,-0.049,0.981,0,44.54806524482424,,290.75746909962413,-1.0,3.0,52.204095,21.113727,19.0
15064,2026-05-11 19:10:09.400000+00:00,52.2018048,21.1159694,88.9,44.84,-0.133,-0.065,0.95,0,44.88393136577852,,296.9902484707424,-1.0,3.0,52.204095,21.113727,19.0
15069,2026-05-11 19:10:09.900000+00:00,52.2017563,21.1160148,88.9,44.78,-0.141,-0.058,0.946,0,44.765642258792646,,303.2065295844234,-1.0,3.0,52.204095,21.113727,19.0
15074,2026-05-11 19:10:10.400000+00:00,52.2017077,21.1160604,88.9,44.92,-0.145,-0.062,0.95,0,44.88395573737981,,309.43940248852846,-1.0,3.0,52.204095,21.113727,19.0
15079,2026-05-11 19:10:10.900000+00:00,52.201659,21.1161058,89.0,44.78,-0.143,-0.052,0.958,0,44.90462420855681,,315.67485875489865,-1.0,3.0,52.204095,21.113727,19.0
15084,2026-05-11 19:10:11.400000+00:00,52.2016101,21.116151,88.9,45.08,-0.146,-0.05,0.956,0,44.99528162696573,,321.92246050366015,-1.0,3.0,52.204095,21.113727,19.0
15089,2026-05-11 19:10:11.900000+00:00,52.2015614,21.1161962,88.9,44.98,-0.138,-0.049,0.969,0,44.85604524446556,,328.151037498208,-1.0,3.0,52.204095,21.113727,19.0
15094,2026-05-11 19:10:12.400000+00:00,52.2015126,21.1162415,88.8,45.15,-0.133,-0.057,0.938,0,44.9499078849755,,334.3927103894492,-1.0,3.0,52.198556,21.118732,20.0
15099,2026-05-11 19:10:12.900000+00:00,52.2014635,21.116287,88.7,45.05,-0.141,-0.053,0.973,0,45.20722050971664,,340.670067701717,-1.0,3.0,52.198556,21.118732,20.0
15104,2026-05-11 19:10:13.400000+00:00,52.2014142,21.1163325,88.6,45.4,-0.13,-0.065,0.949,0,45.346533482518666,,346.9665846813612,-1.0,3.0,52.198556,21.118732,20.0
15109,2026-05-11 19:10:13.900000+00:00,52.2013646,21.1163782,88.5,45.45,-0.138,-0.047,0.951,0,45.60392810387239,,351.0927177621023,-1.0,3.0,52.198556,21.118732,20.0
15114,2026-05-11 19:10:14.400000+00:00,52.2013147,21.1164243,88.4,45.65,-0.137,-0.057,0.963,0,45.90961992239131,,344.72175362714586,-1.0,3.0,52.198556,21.118732,20.0
15119,2026-05-11 19:10:14.900000+00:00,52.2012643,21.1164711,88.3,46.48,-0.129,-0.053,0.955,0,46.42731898172006,,338.2797652465043,-1.0,3.0,52.198556,21.118732,20.0
15124,2026-05-11 19:10:15.400000+00:00,52.2012136,21.1165181,88.2,46.71,-0.132,-0.046,0.961,0,46.684627706155545,,331.80211022232544,-1.0,3.0,52.198556,21.118732,20.0
15129,2026-05-11 19:10:15.900000+00:00,52.2011622,21.1165654,88.0,47.33,-0.114,-0.058,0.971,0,47.24486090012879,,325.24607072726553,-1.0,3.0,52.198556,21.118732,20.0
15134,2026-05-11 19:10:16.400000+00:00,52.2011098,21.1166134,87.9,48.21,-0.111,-0.059,0.968,0,48.11103983369848,,318.5695264304018,-1.0,3.0,52.198556,21.118732,20.0
15139,2026-05-11 19:10:16.900000+00:00,52.2010567,21.1166627,87.9,48.87,-0.102,-0.051,0.984,0,48.91281882547849,,311.78372157290033,-1.0,3.0,52.198556,21.118732,20.0
15144,2026-05-11 19:10:17.400000+00:00,52.2010026,21.1167126,87.8,49.61,-0.088,-0.063,0.954,0,49.75447205790923,,304.8805759050406,-1.0,3.0,52.198556,21.118732,20.0
15149,2026-05-11 19:10:17.900000+00:00,52.2009478,21.1167631,87.7,50.58,-0.102,-0.06,0.97,0,50.38723912937752,,297.88985063415146,-1.0,3.0,52.198556,21.118732,20.0
15154,2026-05-11 19:10:18.400000+00:00,52.2008917,21.1168147,87.6,51.54,-0.104,-0.064,0.979,0,51.558942708540215,,290.7366606979863,-1.0,3.0,52.198556,21.118732,20.0
15159,2026-05-11 19:10:18.900000+00:00,52.2008347,21.1168673,87.6,52.51,-0.089,-0.06,0.958,0,52.42765152318159,,283.46385252617733,-1.0,3.0,52.198556,21.118732,20.0
15164,2026-05-11 19:10:19.400000+00:00,52.2007765,21.1169211,87.7,53.52,-0.103,-0.07,0.978,0,53.553799515777605,,276.0355873656584,-1.0,3.0,52.198556,21.118732,20.0
15169,2026-05-11 19:10:19.900000+00:00,52.2007177,21.1169751,87.6,54.05,-0.069,-0.06,0.897,0,54.020349612219306,,268.5420650093936,-1.0,3.0,52.198556,21.118732,20.0
15174,2026-05-11 19:10:20.400000+00:00,52.2006585,21.1170304,87.6,54.61,-0.116,-0.051,1.049,0,54.61378300877878,,260.96985244393045,-1.0,3.0,52.198556,21.118732,20.0
15179,2026-05-11 19:10:20.900000+00:00,52.2005982,21.1170866,87.6,55.54,-0.077,-0.07,0.943,0,55.597518330521375,,253.26158849939716,-1.0,3.0,52.198556,21.118732,20.0
15184,2026-05-11 19:10:21.400000+00:00,52.2005371,21.1171439,87.7,55.98,-0.105,-0.076,0.997,0,56.421605860357424,,245.4412781500673,-1.0,3.0,52.198556,21.118732,20.0
15189,2026-05-11 19:10:21.900000+00:00,52.2004752,21.1172013,87.7,56.9,-0.13,-0.075,0.936,0,57.00203987183669,,237.53910858283524,-1.0,3.0,52.198556,21.118732,20.0
15194,2026-05-11 19:10:22.400000+00:00,52.2004137,21.1172578,87.7,56.37,-0.161,-0.056,0.96,0,56.50588107842016,,229.70477859707157,-1.0,3.0,52.198556,21.118732,20.0
15199,2026-05-11 19:10:22.900000+00:00,52.200353,21.1173144,87.7,55.56,-0.157,-0.052,0.953,0,55.97302100061997,,221.94852990301385,-1.0,3.0,52.198556,21.118732,20.0
15204,2026-05-11 19:10:23.400000+00:00,52.2002919,21.1173715,88.0,56.07,-0.148,-0.048,0.964,0,56.37284201004502,,214.1387212232673,-1.0,3.0,52.198556,21.118732,20.0
15209,2026-05-11 19:10:23.900000+00:00,52.2002317,21.1174275,88.0,55.89,-0.121,-0.053,0.948,0,55.47945442217082,,206.45301075525512,-1.0,3.0,52.198556,21.118732,20.0
15214,2026-05-11 19:10:24.400000+00:00,52.2001712,21.1174834,87.9,55.84,-0.115,-0.061,0.963,0,55.66405449514431,,198.74160059930264,-1.0,3.0,52.198556,21.118732,20.0
15219,2026-05-11 19:10:24.900000+00:00,52.2001109,21.1175403,87.8,55.76,-0.14,-0.06,0.963,0,55.76883823821245,,191.0229202959354,-1.0,3.0,52.198556,21.118732,20.0
15224,2026-05-11 19:10:25.400000+00:00,52.2000506,21.1175966,87.7,55.12,-0.152,-0.058,0.942,0,55.62204215631315,,183.32377221664623,-1.0,3.0,52.198556,21.118732,20.0
15229,2026-05-11 19:10:25.900000+00:00,52.1999911,21.1176522,87.7,54.89,-0.169,-0.055,0.962,0,54.89556461074369,,175.72767615171975,-1.0,3.0,52.198556,21.118732,20.0
15234,2026-05-11 19:10:26.400000+00:00,52.1999323,21.1177073,87.6,54.46,-0.15,-0.07,0.939,0,54.28737694568567,,168.21909795055268,-1.0,3.0,52.198556,21.118732,20.0
15239,2026-05-11 19:10:26.900000+00:00,52.1998733,21.117762,87.6,54.36,-0.153,-0.058,0.965,0,54.3290639968713,,160.70439316871594,-1.0,3.0,52.198556,21.118732,20.0
15244,2026-05-11 19:10:27.400000+00:00,52.1998146,21.1178163,87.6,53.91,-0.174,-0.06,0.954,0,54.02331370349782,,153.23430324562597,-1.0,3.0,52.198556,21.118732,20.0
15249,2026-05-11 19:10:27.900000+00:00,52.1997568,21.1178689,87.6,52.51,-0.22,-0.082,0.946,0,52.98638747187312,,145.90589427357037,-1.0,3.0,52.198556,21.118732,20.0
15254,2026-05-11 19:10:28.400000+00:00,52.1997007,21.1179201,87.5,50.93,-0.234,-0.044,0.958,0,51.46316986814503,,138.79214747399513,-1.0,3.0,52.198556,21.118732,20.0
15259,2026-05-11 19:10:28.900000+00:00,52.1996462,21.1179702,87.5,49.56,-0.222,-0.042,0.951,0,50.08196634471221,,131.8751310670256,-1.0,3.0,52.198556,21.118732,20.0
15264,2026-05-11 19:10:29.400000+00:00,52.1995931,21.1180186,87.5,48.21,-0.224,-0.053,0.944,0,48.69630436368915,,125.1508700565503,-1.0,3.0,52.198556,21.118732,20.0
15269,2026-05-11 19:10:29.900000+00:00,52.1995419,21.1180656,87.5,46.7,-0.222,-0.051,0.946,0,47.03351661070257,,118.6627647654323,-1.0,3.0,52.198556,21.118732,20.0
15274,2026-05-11 19:10:30.400000+00:00,52.1994918,21.1181112,87.5,45.39,-0.215,-0.052,0.954,0,45.92945020741997,,112.32904077654604,-1.0,3.0,52.198556,21.118732,20.0
15279,2026-05-11 19:10:30.900000+00:00,52.1994431,21.1181556,87.5,44.36,-0.2,-0.06,0.947,0,44.663766229278494,,106.17564025375704,-1.0,3.0,52.198556,21.118732,20.0
15284,2026-05-11 19:10:31.400000+00:00,52.1993958,21.1181988,87.5,42.78,-0.202,-0.044,0.982,0,43.39810532930992,,100.20313622646714,-1.0,3.0,52.198556,21.118732,20.0
15289,2026-05-11 19:10:31.900000+00:00,52.1993496,21.1182408,87.5,42.14,-0.176,-0.066,0.944,0,42.342117219973694,,94.38100145119748,-1.0,3.0,52.198556,21.118732,20.0
15294,2026-05-11 19:10:32.400000+00:00,52.1993044,21.1182816,87.5,41.1,-0.214,-0.067,0.946,0,41.35633743537087,,88.69924395210087,-1.0,3.0,52.198556,21.118732,20.0
15299,2026-05-11 19:10:32.900000+00:00,52.1992602,21.1183205,87.4,39.83,-0.201,-0.105,0.944,0,40.20674433941796,,83.17434635280125,-1.0,3.0,52.198556,21.118732,20.0
15304,2026-05-11 19:10:33.400000+00:00,52.199217,21.1183576,87.5,38.66,-0.208,-0.092,0.957,0,39.084811206174976,20.0,77.80318007189884,-1.0,3.0,52.198556,21.118732,20.0
15309,2026-05-11 19:10:33.900000+00:00,52.1991746,21.1183925,87.5,37.28,-0.198,-0.087,0.952,0,38.020895517265465,20.0,72.57258228436676,-1.0,3.0,52.198556,21.118732,20.0
15314,2026-05-11 19:10:34.400000+00:00,52.1991331,21.118426,87.5,36.98,-0.197,-0.094,0.957,0,37.06928030986236,20.0,67.47444079331174,-1.0,3.0,52.198556,21.118732,20.0
15319,2026-05-11 19:10:34.900000+00:00,52.1990923,21.1184574,87.6,35.73,-0.188,-0.101,0.94,0,36.11631895750381,20.0,62.501590977377504,-1.0,3.0,52.198556,21.118732,20.0
15324,2026-05-11 19:10:35.400000+00:00,52.1990522,21.1184865,87.6,34.79,-0.185,-0.124,0.949,0,35.13665892704262,20.0,57.6560955737811,-1.0,3.0,52.198556,21.118732,20.0
15329,2026-05-11 19:10:35.900000+00:00,52.1990133,21.1185125,87.6,33.05,-0.199,-0.136,0.943,0,33.65548714749562,20.0,53.00435238049344,-1.0,3.0,52.198556,21.118732,20.0
15334,2026-05-11 19:10:36.400000+00:00,52.1989748,21.1185354,87.7,32.97,-0.193,-0.125,0.954,0,32.80771227459168,20.0,48.45776166832852,-1.0,3.0,52.198556,21.118732,20.0
15339,2026-05-11 19:10:36.900000+00:00,52.1989366,21.1185551,87.6,31.93,-0.191,-0.103,0.943,0,32.07448549847324,20.0,44.00462846732817,-1.0,3.0,52.198556,21.118732,20.0
15344,2026-05-11 19:10:37.400000+00:00,52.1988996,21.1185751,87.6,31.38,-0.183,-0.055,0.952,0,31.205766580984218,20.0,39.67481403657385,-1.0,3.0,52.198556,21.118732,20.0
15349,2026-05-11 19:10:37.900000+00:00,52.1988642,21.1185952,87.6,30.29,-0.193,-0.02,0.965,0,30.00860072212694,20.0,35.51590099571785,-1.0,3.0,52.198556,21.118732,20.0
15354,2026-05-11 19:10:38.400000+00:00,52.1988299,21.1186165,87.7,29.53,-0.184,-0.024,0.954,0,29.382581372785225,20.0,31.457128689098344,-1.0,3.0,52.198556,21.118732,20.0
15359,2026-05-11 19:10:38.900000+00:00,52.1987971,21.1186379,87.7,28.26,-0.2,-0.025,0.941,0,28.281641168129514,20.0,27.565525589321908,-1.0,3.0,52.198556,21.118732,20.0
15364,2026-05-11 19:10:39.400000+00:00,52.1987664,21.1186589,87.7,26.6,-0.215,-0.036,0.944,0,26.651354409504847,20.0,23.91999950691056,-1.0,3.0,52.198556,21.118732,20.0
15369,2026-05-11 19:10:39.900000+00:00,52.1987373,21.1186793,87.7,25.37,-0.236,-0.021,0.969,0,25.357165696248284,20.0,20.47709946504701,-1.0,3.0,52.198556,21.118732,20.0
15374,2026-05-11 19:10:40.400000+00:00,52.1987105,21.1186988,87.7,23.22,-0.245,-0.033,0.92,0,23.493190686137908,20.0,17.32798656776683,-1.0,3.0,52.198556,21.118732,20.0
15379,2026-05-11 19:10:40.900000+00:00,52.1986864,21.1187164,87.7,20.73,-0.262,-0.044,0.956,0,21.13926308316148,20.0,14.538746262806614,-1.0,3.0,52.198556,21.118732,20.0
15384,2026-05-11 19:10:41.400000+00:00,52.1986647,21.1187318,87.7,18.38,-0.267,-0.06,0.947,0,18.945493533678604,20.0,12.086896212121852,-1.0,3.0,52.198556,21.118732,20.0
15389,2026-05-11 19:10:41.900000+00:00,52.1986462,21.1187454,87.8,15.43,-0.248,-0.057,0.948,0,16.245255790095438,20.0,10.071275609033972,-1.0,3.0,52.198556,21.118732,20.0
15394,2026-05-11 19:10:42.400000+00:00,52.1986303,21.1187568,87.9,13.51,-0.309,-0.038,0.935,0,13.90455147997665,20.0,8.432907343615742,-1.0,3.0,52.198556,21.118732,20.0
15399,2026-05-11 19:10:42.900000+00:00,52.1986179,21.1187654,87.9,10.32,-0.307,-0.044,0.941,0,10.78722696265767,20.0,7.2496213349749,-1.0,3.0,52.198556,21.118732,20.0
15404,2026-05-11 19:10:43.400000+00:00,52.1986089,21.1187715,88.0,7.38,-0.321,-0.045,0.943,0,7.8024547470027645,20.0,6.468987115326981,-1.0,3.0,52.198556,21.118732,20.0
15409,2026-05-11 19:10:43.900000+00:00,52.198604,21.1187753,88.0,3.82,-0.328,-0.027,0.943,0,4.343581827585336,20.0,6.098873883342831,-1.0,3.0,52.198556,21.118732,20.0
15414,2026-05-11 19:10:44.400000+00:00,52.1986023,21.1187761,88.0,0.67,-0.304,-0.038,0.947,0,1.416510412207962,20.0,5.961452799619282,-1.0,3.0,52.198556,21.118732,20.0
15419,2026-05-11 19:10:44.900000+00:00,52.1986025,21.1187763,88.0,0.12,-0.138,-0.053,0.956,0,0.1878044900384241,20.0,5.987530785028183,-1.0,3.0,52.198556,21.118732,20.0
15424,2026-05-11 19:10:45.400000+00:00,52.1986027,21.1187768,88.0,0.01,-0.137,-0.055,0.969,0,0.29298113341906,20.0,6.023946461327381,-1.0,3.0,52.198556,21.118732,20.0
15429,2026-05-11 19:10:45.900000+00:00,52.1986033,21.1187778,88.0,0.07,-0.128,-0.051,0.965,0,0.686691311239784,20.0,6.116053973765269,-1.0,3.0,52.198556,21.118732,20.0
15434,2026-05-11 19:10:46.400000+00:00,52.1986039,21.1187785,88.0,0.12,-0.131,-0.052,0.967,0,0.5905407424572242,20.0,6.197780236141218,-1.0,3.0,52.198556,21.118732,20.0
15439,2026-05-11 19:10:46.900000+00:00,52.1986044,21.1187792,88.0,0.05,-0.126,-0.051,0.968,0,0.5274771225422316,20.0,6.269967125434587,-1.0,3.0,52.198556,21.118732,20.0
15444,2026-05-11 19:10:47.400000+00:00,52.1986048,21.11878,88.0,0.37,-0.129,-0.051,0.966,0,0.5066209234362362,20.0,6.336164161673133,-1.0,3.0,52.198556,21.118732,20.0
15449,2026-05-11 19:10:47.900000+00:00,52.1986058,21.118781,88.1,0.12,-0.128,-0.048,0.967,0,0.9390224299337478,20.0,6.466580504879177,-1.0,3.0,52.198556,21.118732,20.0
15454,2026-05-11 19:10:48.400000+00:00,52.1986064,21.1187818,88.1,0.18,-0.124,-0.053,0.967,0,0.6203691920942211,20.0,6.55188121882677,-1.0,3.0,52.198556,21.118732,20.0
15459,2026-05-11 19:10:48.900000+00:00,52.1986068,21.1187827,88.1,0.05,-0.127,-0.055,0.962,0,0.5455275126968702,20.0,6.621766844156787,-1.0,3.0,52.198556,21.118732,20.0
15464,2026-05-11 19:10:49.400000+00:00,52.1986072,21.1187835,88.2,0.06,-0.126,-0.055,0.968,0,0.5066209058008254,20.0,6.688201266598446,-1.0,3.0,52.198556,21.118732,20.0
15469,2026-05-11 19:10:49.900000+00:00,52.1986077,21.1187843,88.2,0.04,-0.129,-0.052,0.967,0,0.5606707334579827,20.0,6.764163046962147,-1.0,3.0,52.198556,21.118732,20.0
15474,2026-05-11 19:10:50.400000+00:00,52.1986082,21.1187849,88.2,0.09,-0.126,-0.052,0.967,0,0.496918974338107,20.0,6.832965738324007,-1.0,3.0,52.198556,21.118732,20.0
15479,2026-05-11 19:10:50.900000+00:00,52.1986085,21.1187857,88.1,0.05,-0.129,-0.054,0.967,0,0.4602142079080668,20.0,6.890131376508205,-1.0,3.0,52.198556,21.118732,20.0
15484,2026-05-11 19:10:51.400000+00:00,52.1986088,21.1187863,88.1,0.05,-0.131,-0.054,0.969,0,0.3799656752072581,20.0,6.940136578007678,-1.0,3.0,52.198556,21.118732,20.0
15489,2026-05-11 19:10:51.900000+00:00,52.1986093,21.1187872,88.1,0.14,-0.129,-0.052,0.965,0,0.5960597089747313,20.0,7.019913694364308,-1.0,3.0,52.198556,21.118732,20.0
15494,2026-05-11 19:10:52.400000+00:00,52.19861,21.1187884,88.2,0.14,-0.127,-0.05,0.965,0,0.8129091002060524,20.0,7.129511313615143,-1.0,3.0,52.198556,21.118732,20.0
15499,2026-05-11 19:10:52.900000+00:00,52.1986105,21.1187897,88.2,0.03,-0.127,-0.053,0.968,0,0.7531192855342042,20.0,7.224243212397864,-1.0,3.0,52.198556,21.118732,20.0
15504,2026-05-11 19:10:53.400000+00:00,52.198611,21.118791,88.2,0.17,-0.129,-0.054,0.967,0,0.7531192808403125,20.0,7.319243861327027,-1.0,3.0,52.198556,21.118732,20.0
15509,2026-05-11 19:10:53.900000+00:00,52.1986113,21.1187924,88.2,0.09,-0.128,-0.054,0.967,0,0.7277701018844174,20.0,7.399792288647294,-1.0,3.0,52.198556,21.118732,20.0
15514,2026-05-11 19:10:54.400000+00:00,52.1986116,21.1187936,88.3,0.19,-0.13,-0.054,0.967,0,0.6359518895356726,20.0,7.473173103914431,-1.0,3.0,52.198556,21.118732,20.0
15519,2026-05-11 19:10:54.900000+00:00,52.1986119,21.1187947,88.3,0.12,-0.128,-0.053,0.966,0,0.5908057721993826,20.0,7.543010994649453,-1.0,3.0,52.198556,21.118732,20.0
15524,2026-05-11 19:10:55.400000+00:00,52.1986121,21.1187953,88.3,0.05,-0.128,-0.054,0.968,0,0.335150118299999,20.0,7.584532832012933,-1.0,3.0,52.198556,21.118732,20.0
15529,2026-05-11 19:10:55.900000+00:00,52.1986123,21.118796,88.3,0.04,-0.122,-0.055,0.966,0,0.3789844711624054,20.0,7.630006878093909,-1.0,3.0,52.198556,21.118732,20.0
15534,2026-05-11 19:10:56.400000+00:00,52.1986123,21.1187968,88.3,0.18,-0.124,-0.053,0.965,0,0.3925686685489049,20.0,7.661307134641829,-1.0,3.0,52.198556,21.118732,20.0
15539,2026-05-11 19:10:56.900000+00:00,52.1986123,21.1187975,88.4,0.03,-0.127,-0.057,0.966,0,0.3434975859557497,20.0,7.688907501744221,-1.0,3.0,52.198556,21.118732,20.0
15544,2026-05-11 19:10:57.400000+00:00,52.1986123,21.118798,88.4,0.14,-0.13,-0.054,0.963,0,0.2453554192087066,20.0,7.70874231770025,-1.0,3.0,52.198556,21.118732,20.0
15549,2026-05-11 19:10:57.900000+00:00,52.1986124,21.1187986,88.4,0.18,-0.131,-0.056,0.965,0,0.3051173946195696,20.0,7.741680117393825,-1.0,3.0,52.198556,21.118732,20.0
15554,2026-05-11 19:10:58.400000+00:00,52.1986125,21.1187993,88.5,0.09,-0.123,-0.058,0.965,0,0.3527041953535372,20.0,7.77872618521634,-1.0,3.0,52.198556,21.118732,20.0
15559,2026-05-11 19:10:58.900000+00:00,52.1986119,21.1188007,88.5,1.25,-0.055,-0.066,0.969,0,0.8382780588792497,20.0,7.781975487068106,-1.0,3.0,52.198556,21.118732,20.0
15564,2026-05-11 19:10:59.400000+00:00,52.1986094,21.1188032,88.5,2.35,-0.055,-0.063,0.97,0,2.347555989797001,20.0,7.6684541237680595,-1.0,3.0,52.198556,21.118732,20.0
15569,2026-05-11 19:10:59.900000+00:00,52.1986062,21.118806,88.6,3.78,-0.052,-0.064,0.971,0,2.907118996475897,20.0,7.522941587199724,-1.0,3.0,52.198556,21.118732,20.0
15574,2026-05-11 19:11:00.400000+00:00,52.1986014,21.1188092,88.7,5.07,-0.043,-0.068,0.974,0,4.151339335491305,20.0,7.291663784765464,-1.0,3.0,52.198556,21.118732,20.0
15579,2026-05-11 19:11:00.900000+00:00,52.1985945,21.1188134,88.7,6.28,-0.029,-0.065,0.97,0,5.896104771313821,20.0,7.007473017105207,-1.0,3.0,52.198556,21.118732,20.0
15584,2026-05-11 19:11:01.400000+00:00,52.1985845,21.1188208,88.7,9.31,-0.013,-0.056,0.971,0,8.79105545108167,20.0,6.831610332541162,-1.0,3.0,52.198556,21.118732,20.0
15589,2026-05-11 19:11:01.900000+00:00,52.1985724,21.1188311,88.7,11.18,-0.007,-0.054,0.973,0,10.926574309667789,20.0,6.995950831865212,-1.0,3.0,52.198556,21.118732,20.0
15594,2026-05-11 19:11:02.400000+00:00,52.1985578,21.1188434,88.7,13.92,0.0,-0.059,0.98,0,13.15517273484656,20.0,7.59503430421448,-1.0,3.0,52.198556,21.118732,20.0
15599,2026-05-11 19:11:02.900000+00:00,52.1985404,21.1188583,88.6,15.98,0.002,-0.061,0.987,0,15.732716345827232,20.0,8.780939169091887,-1.0,3.0,52.198556,21.118732,20.0
15604,2026-05-11 19:11:03.400000+00:00,52.1985209,21.1188753,88.6,18.15,0.01,-0.041,0.969,0,17.700788557743934,20.0,10.517507568725932,-1.0,3.0,52.198556,21.118732,20.0
15609,2026-05-11 19:11:03.900000+00:00,52.1984987,21.1188947,88.5,20.43,-0.003,-0.049,0.983,0,20.16235272435944,20.0,12.788877943510172,-1.0,3.0,52.198556,21.118732,20.0
15614,2026-05-11 19:11:04.400000+00:00,52.1984743,21.1189168,88.5,23.43,-0.027,-0.06,0.973,0,22.34309422053033,20.0,15.529420756081846,-1.0,3.0,52.198556,21.118732,20.0
15619,2026-05-11 19:11:04.900000+00:00,52.1984484,21.1189414,88.4,24.31,-0.05,-0.073,0.962,0,23.993501752633524,20.0,18.62331736845537,-1.0,3.0,52.198556,21.118732,20.0
15624,2026-05-11 19:11:05.400000+00:00,52.1984202,21.1189663,88.3,25.81,-0.06,-0.121,0.978,0,25.67137624977312,20.0,21.97758291576143,-1.0,3.0,52.198556,21.118732,20.0
15629,2026-05-11 19:11:05.900000+00:00,52.1983904,21.1189915,88.2,27.92,-0.059,-0.123,0.954,0,26.87230182830287,20.0,25.531721692900568,-1.0,3.0,52.198556,21.118732,20.0
15634,2026-05-11 19:11:06.400000+00:00,52.1983594,21.1190167,88.2,28.39,-0.059,-0.16,0.952,0,27.72878807638315,20.0,29.23010967280586,-1.0,3.0,52.198556,21.118732,20.0
15639,2026-05-11 19:11:06.900000+00:00,52.1983251,21.1190406,88.3,30.07,-0.073,-0.168,0.961,0,29.86029791362942,20.0,33.18985823803122,-1.0,3.0,52.198556,21.118732,20.0
15644,2026-05-11 19:11:07.400000+00:00,52.1982892,21.1190634,88.4,31.38,-0.085,-0.098,0.956,0,30.84251907291308,20.0,37.286271351406576,-1.0,3.0,52.198556,21.118732,20.0
15649,2026-05-11 19:11:07.900000+00:00,52.1982526,21.1190868,88.5,31.85,-0.075,-0.102,0.976,0,31.471657182189563,20.0,41.50767596995912,-1.0,3.0,52.198556,21.118732,20.0
15654,2026-05-11 19:11:08.400000+00:00,52.1982143,21.1191103,88.6,32.8,-0.078,-0.099,0.96,0,32.75986838498288,20.0,45.9173288339212,-1.0,3.0,52.198556,21.118732,20.0
15659,2026-05-11 19:11:08.900000+00:00,52.1981749,21.1191331,88.6,34.03,-0.075,-0.098,0.962,0,33.46921248666033,20.0,50.42876824533454,-1.0,3.0,52.198556,21.118732,20.0
15664,2026-05-11 19:11:09.400000+00:00,52.1981339,21.1191564,88.7,34.95,-0.081,-0.064,0.962,0,34.759067231036035,20.0,55.13235710646918,-1.0,3.0,52.198556,21.118732,20.0
15669,2026-05-11 19:11:09.900000+00:00,52.1980923,21.1191798,88.7,35.41,-0.073,-0.067,0.966,0,35.22901952619031,20.0,59.91658334138975,-1.0,3.0,52.198556,21.118732,20.0
15674,2026-05-11 19:11:10.400000+00:00,52.1980497,21.1192042,88.8,36.68,-0.074,-0.071,0.965,0,36.1464213960164,20.0,64.84742472396498,-1.0,3.0,52.198556,21.118732,20.0
15679,2026-05-11 19:11:10.900000+00:00,52.1980057,21.1192296,88.8,37.5,-0.076,-0.081,0.957,0,37.36665330451628,20.0,69.96022505839133,-1.0,3.0,52.198556,21.118732,20.0
15684,2026-05-11 19:11:11.400000+00:00,52.1979606,21.1192552,88.8,38.48,-0.078,-0.071,0.974,0,38.23014989047128,20.0,75.19773228149911,-1.0,3.0,52.198556,21.118732,20.0
15689,2026-05-11 19:11:11.900000+00:00,52.1979142,21.1192816,88.9,39.48,-0.071,-0.072,0.968,0,39.3421535562496,,80.59804379718054,-1.0,3.0,52.198556,21.118732,20.0
15694,2026-05-11 19:11:12.400000+00:00,52.1978668,21.11931,89.0,40.7,-0.068,-0.065,0.968,0,40.42672662770181,,86.16760869733409,-1.0,3.0,52.198556,21.118732,20.0
15699,2026-05-11 19:11:12.900000+00:00,52.1978187,21.1193389,89.1,41.46,-0.08,-0.069,0.968,0,41.0374011312549,,91.82753515936842,-1.0,3.0,52.198556,21.118732,20.0
15704,2026-05-11 19:11:13.400000+00:00,52.1977693,21.119368,89.2,42.47,-0.087,-0.073,0.957,0,42.04883485223808,,97.62765252990498,-1.0,3.0,52.198556,21.118732,20.0
15709,2026-05-11 19:11:13.900000+00:00,52.1977192,21.1193972,89.3,42.81,-0.092,-0.069,0.96,0,42.59286497918731,,103.50522679825195,-1.0,3.0,52.198556,21.118732,20.0
15714,2026-05-11 19:11:14.400000+00:00,52.1976685,21.1194264,89.3,43.55,-0.102,-0.06,0.942,0,43.04553671945931,,109.44706339597263,-1.0,3.0,52.198556,21.118732,20.0
15719,2026-05-11 19:11:14.900000+00:00,52.1976172,21.1194557,89.4,43.95,-0.112,-0.075,0.989,0,43.51499214736074,,115.45592548374314,-1.0,3.0,52.198556,21.118732,20.0
15724,2026-05-11 19:11:15.400000+00:00,52.1975651,21.1194863,89.4,44.85,-0.094,-0.056,0.947,0,44.33201391381147,,121.5863189177989,-1.0,3.0,52.198556,21.118732,20.0
15729,2026-05-11 19:11:15.900000+00:00,52.1975126,21.1195171,89.4,45.14,-0.099,-0.059,0.932,0,44.66657735786039,,127.76539304306536,-1.0,3.0,52.198556,21.118732,20.0
15734,2026-05-11 19:11:16.400000+00:00,52.1974594,21.1195485,89.5,45.49,-0.119,-0.079,1.018,0,45.29366125439823,,134.03453316929037,-1.0,3.0,52.198556,21.118732,20.0
15739,2026-05-11 19:11:16.900000+00:00,52.1974053,21.11958,89.6,46.31,-0.084,-0.087,0.92,0,45.98835825706622,,140.39961669851087,-1.0,3.0,52.198556,21.118732,20.0
15744,2026-05-11 19:11:17.400000+00:00,52.1973499,21.1196121,89.5,46.98,-0.101,-0.066,0.96,0,47.06761638397093,,146.9152804756627,-1.0,3.0,52.198556,21.118732,20.0
15749,2026-05-11 19:11:17.900000+00:00,52.1972942,21.1196441,89.6,47.67,-0.107,-0.059,0.966,0,47.27770009390791,,153.4605119848161,-1.0,3.0,52.198556,21.118732,20.0
15754,2026-05-11 19:11:18.400000+00:00,52.1972375,21.1196765,89.5,48.29,-0.095,-0.073,0.964,0,48.098122933130114,,160.12024746818247,-1.0,3.0,52.198556,21.118732,20.0
15759,2026-05-11 19:11:18.900000+00:00,52.1971799,21.1197101,89.5,49.06,-0.103,-0.058,0.953,0,48.97385609285166,,166.9060378300309,-1.0,3.0,52.198556,21.118732,20.0
15764,2026-05-11 19:11:19.400000+00:00,52.1971219,21.1197432,89.5,49.4,-0.112,-0.054,0.967,0,49.19396751085132,,173.72039358899457,-1.0,3.0,52.198556,21.118732,20.0
15769,2026-05-11 19:11:19.900000+00:00,52.1970636,21.1197766,89.4,49.6,-0.121,-0.063,0.967,0,49.46933051743995,,180.5748396946601,-1.0,3.0,52.198556,21.118732,20.0
15774,2026-05-11 19:11:20.400000+00:00,52.1970047,21.1198109,89.4,50.44,-0.102,-0.05,0.947,0,50.06956065685362,,187.51590539098717,-1.0,3.0,52.198556,21.118732,20.0
15779,2026-05-11 19:11:20.900000+00:00,52.1969453,21.1198457,89.4,50.94,-0.115,-0.063,0.971,0,50.52914946611188,,194.5223917352705,-1.0,3.0,52.198556,21.118732,20.0
15784,2026-05-11 19:11:21.400000+00:00,52.1968852,21.1198808,89.4,51.33,-0.116,-0.063,0.973,0,51.106383468267616,,201.6093438483028,-1.0,3.0,52.198556,21.118732,20.0
15789,2026-05-11 19:11:21.900000+00:00,52.1968246,21.1199159,89.4,51.53,-0.123,-0.061,0.953,0,51.48344908028268,,208.74833080581797,-1.0,3.0,52.198556,21.118732,20.0
15794,2026-05-11 19:11:22.400000+00:00,52.1967636,21.1199514,89.4,51.81,-0.133,-0.045,0.956,0,51.85097483359233,,215.9396241789524,-1.0,3.0,52.198556,21.118732,20.0
15799,2026-05-11 19:11:22.900000+00:00,52.1967027,21.1199876,89.4,52.09,-0.141,-0.058,0.952,0,51.89217357005732,,223.1396013375896,-1.0,3.0,52.198556,21.118732,20.0
15804,2026-05-11 19:11:23.400000+00:00,52.1966415,21.1200236,89.3,52.09,-0.135,-0.047,0.954,0,52.084543894748656,,230.36565125576263,-1.0,3.0,52.198556,21.118732,20.0
15809,2026-05-11 19:11:23.900000+00:00,52.1965806,21.1200597,89.3,51.95,-0.143,-0.06,0.981,0,51.87541124690475,,237.56393590720344,-1.0,3.0,52.198556,21.118732,20.0
15814,2026-05-11 19:11:24.400000+00:00,52.1965193,21.120096,89.3,52.12,-0.137,-0.059,0.958,0,52.20992850838951,,244.8089350238604,-1.0,3.0,52.198556,21.118732,20.0
15819,2026-05-11 19:11:24.900000+00:00,52.1964577,21.1201324,89.3,52.32,-0.131,-0.06,0.962,0,52.452461215333386,,252.087758073943,-1.0,3.0,52.198556,21.118732,20.0
15824,2026-05-11 19:11:25.400000+00:00,52.1963964,21.1201686,89.3,52.48,-0.146,-0.072,0.96,0,52.19322215816068,,259.330896834757,-1.0,3.0,52.198556,21.118732,20.0
15829,2026-05-11 19:11:25.900000+00:00,52.1963348,21.120205,89.4,52.29,-0.135,-0.07,0.959,0,52.452478039960816,,266.61039498019227,-1.0,3.0,52.198556,21.118732,20.0
15834,2026-05-11 19:11:26.400000+00:00,52.196273,21.1202412,89.3,52.44,-0.133,-0.068,0.981,0,52.56981681519743,,273.9056822073684,-1.0,3.0,52.198556,21.118732,20.0
15839,2026-05-11 19:11:26.900000+00:00,52.1962111,21.1202778,89.3,52.78,-0.12,-0.054,0.937,0,52.71174467451723,,281.2218087023025,-1.0,3.0,52.198556,21.118732,20.0
15844,2026-05-11 19:11:27.400000+00:00,52.1961493,21.120314,89.3,52.62,-0.138,-0.064,0.96,0,52.56983351685355,,288.5176846779418,-1.0,3.0,52.198556,21.118732,20.0
15849,2026-05-11 19:11:27.900000+00:00,52.1960875,21.1203501,89.3,52.66,-0.146,-0.067,0.953,0,52.55327883141957,,295.8112919166662,-1.0,3.0,52.198556,21.118732,20.0
15854,2026-05-11 19:11:28.400000+00:00,52.1960259,21.1203861,89.4,52.29,-0.158,-0.064,0.958,0,52.38599622250333,,303.0819848597035,-1.0,3.0,52.198556,21.118732,20.0
15859,2026-05-11 19:11:28.900000+00:00,52.1959644,21.1204218,89.4,52.15,-0.142,-0.052,0.951,0,52.26110426159501,,310.3350061011663,-1.0,3.0,52.198556,21.118732,20.0
15864,2026-05-11 19:11:29.400000+00:00,52.1959032,21.1204575,89.4,52.06,-0.148,-0.054,0.964,0,52.03489128437551,,317.5572914910098,-1.0,3.0,52.198556,21.118732,20.0
15869,2026-05-11 19:11:29.900000+00:00,52.1958418,21.1204937,89.4,52.12,-0.138,-0.046,0.954,0,52.26858487555141,,324.8130514381008,-1.0,3.0,52.198556,21.118732,20.0
15874,2026-05-11 19:11:30.400000+00:00,52.1957805,21.1205304,89.3,52.46,-0.126,-0.062,0.96,0,52.27733109090745,,332.07121992183374,-1.0,3.0,52.198556,21.118732,20.0
15879,2026-05-11 19:11:30.900000+00:00,52.1957192,21.1205674,89.3,52.72,-0.122,-0.07,0.966,0,52.32824238272328,,339.337036933178,-1.0,3.0,52.198556,21.118732,20.0
15884,2026-05-11 19:11:31.400000+00:00,52.1956576,21.1206038,89.4,52.77,-0.121,-0.081,0.973,0,52.45257072038376,,346.61890096246134,-1.0,3.0,52.198556,21.118732,20.0
15889,2026-05-11 19:11:31.900000+00:00,52.1955956,21.1206397,89.4,52.77,-0.123,-0.064,0.963,0,52.67121065848312,,353.92974425923285,-1.0,3.0,52.198556,21.118732,20.0
15894,2026-05-11 19:11:32.400000+00:00,52.1955331,21.1206764,89.4,53.2,-0.133,-0.065,0.956,0,53.18030504708783,,361.3124959938484,-1.0,3.0,52.198556,21.118732,20.0
15899,2026-05-11 19:11:32.900000+00:00,52.1954706,21.120713,89.4,53.0,-0.135,-0.047,0.966,0,53.16371381896728,,368.6928893782844,-1.0,3.0,52.198556,21.118732,20.0
15904,2026-05-11 19:11:33.400000+00:00,52.1954085,21.1207495,89.5,52.87,-0.148,-0.054,0.957,0,52.8457675873973,,376.02952965163865,-1.0,3.0,52.198556,21.118732,20.0
15909,2026-05-11 19:11:33.900000+00:00,52.1953466,21.1207864,89.6,52.72,-0.136,-0.061,0.953,0,52.76221113818816,,383.3555417717316,-1.0,3.0,52.198556,21.118732,20.0
15914,2026-05-11 19:11:34.400000+00:00,52.1952844,21.1208228,89.6,52.76,-0.136,-0.075,0.961,0,52.90452228196771,,390.7002615312416,-1.0,3.0,52.198556,21.118732,20.0
15919,2026-05-11 19:11:34.900000+00:00,52.1952225,21.120859,89.7,52.76,-0.131,-0.064,0.962,0,52.64531607305396,,398.0090660199526,-1.0,3.0,52.198556,21.118732,20.0
15924,2026-05-11 19:11:35.400000+00:00,52.1951602,21.1208952,89.7,52.79,-0.131,-0.072,0.966,0,52.94689200922036,,405.3594132249836,-1.0,3.0,52.198556,21.118732,20.0
15929,2026-05-11 19:11:35.900000+00:00,52.1950976,21.1209313,89.8,52.92,-0.132,-0.054,0.939,0,53.1568435528867,,412.73848769633497,-1.0,3.0,52.198556,21.118732,20.0
15934,2026-05-11 19:11:36.400000+00:00,52.1950352,21.1209673,89.8,52.99,-0.148,-0.062,0.974,0,52.989530355188535,,420.0945008814044,-1.0,3.0,52.198556,21.118732,20.0
15939,2026-05-11 19:11:36.900000+00:00,52.1949728,21.1210031,89.8,52.84,-0.124,-0.076,0.931,0,52.95689563082551,,427.4457043101855,-1.0,3.0,52.191381,21.123251,21.0
15944,2026-05-11 19:11:37.400000+00:00,52.1949104,21.1210379,89.8,52.78,-0.16,-0.076,1.004,0,52.796122748878304,,420.4450536814396,-1.0,3.0,52.191381,21.123251,21.0
15949,2026-05-11 19:11:37.900000+00:00,52.194848,21.1210734,89.9,52.88,-0.119,-0.057,0.93,0,52.908250890604194,,413.10038213589337,-1.0,3.0,52.191381,21.123251,21.0
15954,2026-05-11 19:11:38.400000+00:00,52.1947857,21.1211091,89.9,52.95,-0.131,-0.051,0.968,0,52.86511662874251,,405.76131231266254,-1.0,3.0,52.191381,21.123251,21.0
15959,2026-05-11 19:11:38.900000+00:00,52.1947232,21.1211452,90.0,53.22,-0.119,-0.049,0.963,0,53.08141690701401,,398.3917939572935,-1.0,3.0,52.191381,21.123251,21.0
15964,2026-05-11 19:11:39.400000+00:00,52.1946607,21.1211811,90.0,53.03,-0.133,-0.06,0.957,0,53.04874751787447,,391.0273022971245,-1.0,3.0,52.191381,21.123251,21.0
15969,2026-05-11 19:11:39.900000+00:00,52.194598,21.1212176,90.0,53.28,-0.128,-0.058,0.966,0,53.29805227359379,,383.6274254746045,-1.0,3.0,52.191381,21.123251,21.0
15974,2026-05-11 19:11:40.400000+00:00,52.1945356,21.1212542,90.0,53.06,-0.127,-0.059,0.961,0,53.08849569385456,,376.2562837950359,-1.0,3.0,52.191381,21.123251,21.0
15979,2026-05-11 19:11:40.900000+00:00,52.194473,21.1212912,90.1,53.47,-0.131,-0.058,0.946,0,53.30575774605568,,368.85462705357554,-1.0,3.0,52.191381,21.123251,21.0
15984,2026-05-11 19:11:41.400000+00:00,52.1944105,21.1213279,90.1,53.18,-0.132,-0.052,0.98,0,53.180459095735415,,361.4708254444175,-1.0,3.0,52.191381,21.123251,21.0
15989,2026-05-11 19:11:41.900000+00:00,52.194348,21.121365,90.2,53.56,-0.11,-0.062,0.924,0,53.24727060088178,,354.0772212948382,-1.0,3.0,52.191381,21.123251,21.0
15994,2026-05-11 19:11:42.400000+00:00,52.1942854,21.1214026,90.2,53.38,-0.144,-0.048,0.96,0,53.40680437930761,,346.66094771334843,-1.0,3.0,52.191381,21.123251,21.0
15999,2026-05-11 19:11:42.900000+00:00,52.1942227,21.121441,90.4,53.74,-0.129,-0.058,0.974,0,53.61867541841599,,339.2145368827753,-1.0,3.0,52.191381,21.123251,21.0
16004,2026-05-11 19:11:43.400000+00:00,52.1941607,21.1214794,90.5,53.62,-0.13,-0.064,0.935,0,53.09438232449304,,331.84065098588667,-1.0,3.0,52.191381,21.123251,21.0
16009,2026-05-11 19:11:43.900000+00:00,52.1940981,21.1215179,90.7,53.66,-0.155,-0.071,0.969,0,53.561041308062,,324.4021604965092,-1.0,3.0,52.191381,21.123251,21.0
16014,2026-05-11 19:11:44.400000+00:00,52.1940353,21.1215554,90.7,53.63,-0.137,-0.064,0.945,0,53.540239562606615,,316.9678330532469,-1.0,3.0,52.191381,21.123251,21.0
16019,2026-05-11 19:11:44.900000+00:00,52.1939726,21.1215923,90.7,53.5,-0.151,-0.063,0.967,0,53.364432671565936,,309.55887837708485,-1.0,3.0,52.191381,21.123251,21.0
16024,2026-05-11 19:11:45.400000+00:00,52.19391,21.1216293,90.8,53.27,-0.136,-0.08,0.99,0,53.30583608471904,,302.1579130473577,-1.0,3.0,52.191381,21.123251,21.0
16029,2026-05-11 19:11:45.900000+00:00,52.1938468,21.1216658,90.8,54.0,-0.106,-0.073,0.921,0,53.67533904254147,,294.7074979654979,-1.0,3.0,52.191381,21.123251,21.0
16034,2026-05-11 19:11:46.400000+00:00,52.1937833,21.1217026,90.8,53.92,-0.135,-0.067,0.98,0,53.950925134793934,,287.21877565650175,-1.0,3.0,52.191381,21.123251,21.0
16039,2026-05-11 19:11:46.900000+00:00,52.1937197,21.1217391,90.8,53.85,-0.121,-0.055,0.963,0,53.97734380831778,,279.72748638909013,-1.0,3.0,52.191381,21.123251,21.0
16044,2026-05-11 19:11:47.400000+00:00,52.1936561,21.1217756,90.7,53.95,-0.125,-0.055,0.94,0,53.97735232242058,,272.23650198580526,-1.0,3.0,52.191381,21.123251,21.0
16049,2026-05-11 19:11:47.900000+00:00,52.1935923,21.1218126,90.7,54.26,-0.148,-0.058,0.97,0,54.21013350677963,,264.71256665885016,-1.0,3.0,52.191381,21.123251,21.0
16054,2026-05-11 19:11:48.400000+00:00,52.1935284,21.12185,90.7,54.22,-0.129,-0.054,0.948,0,54.3515630753924,,257.1684870568148,-1.0,3.0,52.191381,21.123251,21.0
16059,2026-05-11 19:11:48.900000+00:00,52.1934647,21.121887,90.6,54.2,-0.148,-0.049,0.973,0,54.134722251356926,,249.65548573318517,-1.0,3.0,52.191381,21.123251,21.0
16064,2026-05-11 19:11:49.400000+00:00,52.1934013,21.1219244,90.6,54.03,-0.132,-0.051,0.957,0,53.974965109284845,,242.1635986663437,-1.0,3.0,52.191381,21.123251,21.0
16069,2026-05-11 19:11:49.900000+00:00,52.1933379,21.1219619,90.5,53.99,-0.156,-0.062,0.961,0,53.99168282676629,,234.66945376276283,-1.0,3.0,52.191381,21.123251,21.0
16074,2026-05-11 19:11:50.400000+00:00,52.1932747,21.1219993,90.4,53.82,-0.144,-0.057,0.941,0,53.82443238696551,,227.1987885182073,-1.0,3.0,52.191381,21.123251,21.0
16079,2026-05-11 19:11:50.900000+00:00,52.1932118,21.1220364,90.3,53.5,-0.144,-0.041,0.98,0,53.54847916267536,,219.76706281995425,-1.0,3.0,52.191381,21.123251,21.0
16084,2026-05-11 19:11:51.400000+00:00,52.1931489,21.1220741,90.2,53.94,-0.122,-0.056,0.957,0,53.64932595528144,,212.32026890847416,-1.0,3.0,52.191381,21.123251,21.0
16089,2026-05-11 19:11:51.900000+00:00,52.1930861,21.1221115,90.1,53.68,-0.139,-0.044,0.939,0,53.52352473714462,,204.89184191381884,-1.0,3.0,52.191381,21.123251,21.0
16094,2026-05-11 19:11:52.400000+00:00,52.1930234,21.1221498,90.1,53.65,-0.162,-0.05,0.976,0,53.6016244230698,,197.4507729711676,-1.0,3.0,52.191381,21.123251,21.0
16099,2026-05-11 19:11:52.900000+00:00,52.1929609,21.1221884,90.1,53.54,-0.149,-0.048,0.967,0,53.50366289922212,,190.02274794972627,-1.0,3.0,52.191381,21.123251,21.0
16104,2026-05-11 19:11:53.400000+00:00,52.1928986,21.1222274,90.1,53.46,-0.136,-0.039,0.95,0,53.42397117643306,,182.60509895305037,-1.0,3.0,52.191381,21.123251,21.0
16109,2026-05-11 19:11:53.900000+00:00,52.1928365,21.1222669,90.1,53.27,-0.154,-0.038,0.987,0,53.36317287823849,,175.19513711892742,-1.0,3.0,52.191381,21.123251,21.0
16114,2026-05-11 19:11:54.400000+00:00,52.1927751,21.1223067,90.1,52.94,-0.142,-0.032,0.945,0,52.89563138922702,,167.84935061107356,-1.0,3.0,52.191381,21.123251,21.0
16119,2026-05-11 19:11:54.900000+00:00,52.1927143,21.1223466,90.1,52.32,-0.158,-0.03,0.973,0,52.46782736127776,,160.56262137874293,-1.0,3.0,52.191381,21.123251,21.0
16124,2026-05-11 19:11:55.400000+00:00,52.1926542,21.122387,90.2,51.87,-0.147,-0.03,0.936,0,52.04132577507194,,153.33469834946914,-1.0,3.0,52.191381,21.123251,21.0
16129,2026-05-11 19:11:55.900000+00:00,52.1925947,21.1224274,90.2,51.65,-0.16,-0.029,0.971,0,51.59752834377304,,146.1683751061534,-1.0,3.0,52.191381,21.123251,21.0
16134,2026-05-11 19:11:56.400000+00:00,52.1925359,21.1224676,90.2,51.18,-0.146,-0.033,0.945,0,51.042579131587885,,139.0791540786056,-1.0,3.0,52.191381,21.123251,21.0
16139,2026-05-11 19:11:56.900000+00:00,52.1924777,21.1225082,90.2,50.71,-0.162,-0.042,0.972,0,50.67676787861494,,132.0410861170392,-1.0,3.0,52.191381,21.123251,21.0
16144,2026-05-11 19:11:57.400000+00:00,52.1924199,21.122549,90.2,50.36,-0.152,-0.034,0.952,0,50.4213871751935,,125.03893000122028,-1.0,3.0,52.191381,21.123251,21.0
16149,2026-05-11 19:11:57.900000+00:00,52.1923627,21.1225898,90.2,49.84,-0.161,-0.034,0.964,0,49.98090308312065,,118.0985337062785,-1.0,3.0,52.191381,21.123251,21.0
16154,2026-05-11 19:11:58.400000+00:00,52.1923061,21.1226306,90.2,49.56,-0.146,-0.04,0.937,0,49.54116011950649,,111.22001338436506,-1.0,3.0,52.191381,21.123251,21.0
16159,2026-05-11 19:11:58.900000+00:00,52.19225,21.1226715,90.2,49.25,-0.159,-0.043,1.016,0,49.19529456083651,,104.39066178695116,-1.0,3.0,52.191381,21.123251,21.0
16164,2026-05-11 19:11:59.400000+00:00,52.1921941,21.1227129,90.2,49.04,-0.111,-0.037,0.912,0,49.15009701359363,,97.56956192649652,-1.0,3.0,52.191381,21.123251,21.0
16169,2026-05-11 19:11:59.900000+00:00,52.1921385,21.1227545,90.2,48.61,-0.142,-0.051,0.972,0,48.972350909841246,,90.77512533990335,-1.0,3.0,52.191381,21.123251,21.0
16174,2026-05-11 19:12:00.400000+00:00,52.1920832,21.1227966,90.2,48.82,-0.133,-0.037,0.972,0,48.85742078116874,,84.00029483218228,-1.0,3.0,52.191381,21.123251,21.0
16179,2026-05-11 19:12:00.900000+00:00,52.1920282,21.1228387,90.2,48.55,-0.143,-0.037,0.962,0,48.63989167114973,21.0,77.25845324413977,-1.0,3.0,52.191381,21.123251,21.0
16184,2026-05-11 19:12:01.400000+00:00,52.1919732,21.1228815,90.2,48.82,-0.127,-0.047,0.934,0,48.78683172278012,21.0,70.50217224411996,-1.0,3.0,52.191381,21.123251,21.0
16189,2026-05-11 19:12:01.900000+00:00,52.1919186,21.1229251,90.2,48.67,-0.134,-0.032,0.985,0,48.66934334816823,21.0,63.772726695193455,-1.0,3.0,52.191381,21.123251,21.0
16194,2026-05-11 19:12:02.400000+00:00,52.1918641,21.1229678,90.2,48.83,-0.112,-0.048,0.954,0,48.40459480170402,21.0,57.08160402520691,-1.0,3.0,52.191381,21.123251,21.0
16199,2026-05-11 19:12:02.900000+00:00,52.1918098,21.1230113,90.2,49.15,-0.123,-0.035,0.969,0,48.43210595096931,21.0,50.40225432403738,-1.0,3.0,52.191381,21.123251,21.0
16204,2026-05-11 19:12:03.400000+00:00,52.1917555,21.1230552,90.2,48.93,-0.109,-0.046,0.957,0,48.51897417780172,21.0,43.72908454466944,-1.0,3.0,52.191381,21.123251,21.0
16209,2026-05-11 19:12:03.900000+00:00,52.1917006,21.1230998,90.2,49.41,-0.098,-0.05,0.96,0,49.10203749169153,21.0,37.00226423092817,-1.0,3.0,52.191381,21.123251,21.0
16214,2026-05-11 19:12:04.400000+00:00,52.1916451,21.1231469,90.2,50.19,-0.097,-0.04,0.958,0,50.08681300364382,21.0,30.21173877708502,-1.0,3.0,52.191381,21.123251,21.0
16219,2026-05-11 19:12:04.900000+00:00,52.1915889,21.1231945,90.3,50.88,-0.099,-0.047,0.975,0,50.697264609595145,21.0,23.436043336468988,-1.0,3.0,52.191381,21.123251,21.0
16224,2026-05-11 19:12:05.400000+00:00,52.1915324,21.1232429,90.3,51.34,-0.102,-0.046,0.968,0,51.091918801420654,21.0,16.843963770023453,-1.0,3.0,52.191381,21.123251,21.0
16229,2026-05-11 19:12:05.900000+00:00,52.191476,21.1232919,90.2,50.95,-0.157,-0.037,0.953,0,51.15882895837567,21.0,10.92522942766788,-1.0,3.0,52.191381,21.123251,21.0
16234,2026-05-11 19:12:06.400000+00:00,52.1914203,21.1233411,90.2,50.65,-0.152,-0.036,0.954,0,50.71155118356573,21.0,7.537705254577573,-1.0,3.0,52.191381,21.123251,21.0
16239,2026-05-11 19:12:06.900000+00:00,52.191365,21.1233901,90.2,50.18,-0.151,-0.03,0.976,0,50.38326309042963,21.0,9.647273524211451,-1.0,3.0,52.191381,21.123251,21.0
16244,2026-05-11 19:12:07.400000+00:00,52.1913101,21.1234396,90.2,50.26,-0.122,-0.037,0.954,0,50.22035440331619,21.0,15.08077458299325,-1.0,3.0,52.191381,21.123251,21.0
16249,2026-05-11 19:12:07.900000+00:00,52.1912555,21.1234895,90.2,50.0,-0.134,-0.036,0.967,0,50.10595744758973,21.0,21.42536194415819,-1.0,3.0,52.191381,21.123251,21.0
16254,2026-05-11 19:12:08.400000+00:00,52.1912009,21.1235401,90.2,50.0,-0.124,-0.042,0.951,0,50.27478644009151,21.0,28.09627984100802,-1.0,3.0,52.191381,21.123251,21.0
16259,2026-05-11 19:12:08.900000+00:00,52.1911468,21.1235914,90.2,49.87,-0.144,-0.043,0.957,0,50.09891186061176,21.0,34.879548990853635,-1.0,3.0,52.191381,21.123251,21.0
16264,2026-05-11 19:12:09.400000+00:00,52.1910926,21.1236426,90.1,50.04,-0.124,-0.045,0.941,0,50.143545675457744,21.0,41.72465598633693,-1.0,3.0,52.191381,21.123251,21.0
16269,2026-05-11 19:12:09.900000+00:00,52.1910386,21.1236941,90.1,50.04,-0.137,-0.04,0.964,0,50.0792141063413,21.0,48.59894481567863,-1.0,3.0,52.191381,21.123251,21.0
16274,2026-05-11 19:12:10.400000+00:00,52.1909846,21.123746,90.0,49.74,-0.139,-0.047,0.967,0,50.17860114638799,21.0,55.51003581190751,-1.0,3.0,52.191381,21.123251,21.0
16279,2026-05-11 19:12:10.900000+00:00,52.1909309,21.1237979,90.0,49.97,-0.14,-0.043,0.969,0,49.97183183066932,21.0,62.40730541476504,-1.0,3.0,52.191381,21.123251,21.0
16284,2026-05-11 19:12:11.400000+00:00,52.1908776,21.1238503,89.9,49.74,-0.143,-0.047,0.945,0,49.82282732189718,21.0,69.29735947292322,-1.0,3.0,52.191381,21.123251,21.0
16289,2026-05-11 19:12:11.900000+00:00,52.1908245,21.1239033,89.9,49.86,-0.143,-0.037,0.968,0,49.83883304313021,21.0,76.19860697977012,-1.0,3.0,52.191381,21.123251,21.0
16294,2026-05-11 19:12:12.400000+00:00,52.1907717,21.1239567,89.8,49.62,-0.136,-0.043,0.959,0,49.737303238944754,,83.09189457350861,-1.0,3.0,52.191381,21.123251,21.0
16299,2026-05-11 19:12:12.900000+00:00,52.1907191,21.1240098,89.8,49.4,-0.129,-0.036,0.949,0,49.52366311222615,,89.95748147292848,-1.0,3.0,52.191381,21.123251,21.0
16304,2026-05-11 19:12:13.400000+00:00,52.1906666,21.1240641,89.7,49.65,-0.143,-0.024,0.965,0,49.76849661473916,,96.86253296555148,-1.0,3.0,52.191381,21.123251,21.0
16309,2026-05-11 19:12:13.900000+00:00,52.1906141,21.1241184,89.7,49.72,-0.136,-0.049,0.962,0,49.76851347303972,,103.76855117273686,-1.0,3.0,52.191381,21.123251,21.0
16314,2026-05-11 19:12:14.400000+00:00,52.1905619,21.124173,89.6,49.64,-0.14,-0.047,0.964,0,49.64517648902872,,110.65950798919536,-1.0,3.0,52.191381,21.123251,21.0
16319,2026-05-11 19:12:14.900000+00:00,52.1905098,21.1242281,89.6,49.6,-0.151,-0.039,0.967,0,49.71088896489389,,117.56110296503422,-1.0,3.0,52.191381,21.123251,21.0
16324,2026-05-11 19:12:15.400000+00:00,52.190458,21.1242832,89.6,49.35,-0.151,-0.036,0.964,0,49.50954739271416,,124.43548427833828,-1.0,3.0,52.191381,21.123251,21.0
16329,2026-05-11 19:12:15.900000+00:00,52.1904071,21.1243396,89.5,49.15,-0.146,-0.039,0.966,0,49.26326099261364,,131.27754455459237,-1.0,3.0,52.191381,21.123251,21.0
16334,2026-05-11 19:12:16.400000+00:00,52.1903566,21.1243968,89.6,49.02,-0.142,-0.034,0.964,0,49.221588775651135,,138.11375134764666,-1.0,3.0,52.191381,21.123251,21.0
16339,2026-05-11 19:12:16.900000+00:00,52.1903062,21.124453,89.5,48.72,-0.148,-0.041,0.968,0,48.877220403470886,,144.90224768241583,-1.0,3.0,52.191381,21.123251,21.0
16344,2026-05-11 19:12:17.400000+00:00,52.1902564,21.1245094,89.5,48.8,-0.129,-0.041,0.946,0,48.53734956059364,,151.64343392359595,-1.0,3.0,52.191381,21.123251,21.0
16349,2026-05-11 19:12:17.900000+00:00,52.1902068,21.124566,89.5,48.25,-0.14,-0.044,0.96,0,48.462126249696354,,158.37401252289555,-1.0,3.0,52.191381,21.123251,21.0
16354,2026-05-11 19:12:18.400000+00:00,52.1901575,21.1246223,89.4,48.2,-0.137,-0.047,0.97,0,48.18094069093178,,165.0655407157672,-1.0,3.0,52.191381,21.123251,21.0
16359,2026-05-11 19:12:18.900000+00:00,52.1901084,21.1246788,89.5,48.07,-0.135,-0.045,0.949,0,48.10639232000904,,171.74649306340777,-1.0,3.0,52.191381,21.123251,21.0
16364,2026-05-11 19:12:19.400000+00:00,52.1900598,21.1247351,89.4,47.97,-0.147,-0.039,0.956,0,47.72296112999976,,178.3739601978312,-1.0,3.0,52.191381,21.123251,21.0
16369,2026-05-11 19:12:19.900000+00:00,52.1900114,21.1247911,89.4,47.52,-0.135,-0.048,0.948,0,47.50718219616295,,184.97156453898415,-1.0,3.0,52.191381,21.123251,21.0
16374,2026-05-11 19:12:20.400000+00:00,52.1899631,21.1248475,89.3,47.27,-0.122,-0.024,0.969,0,47.55592816169609,,191.5755494379629,-1.0,3.0,52.191381,21.123251,21.0
16379,2026-05-11 19:12:20.900000+00:00,52.1899146,21.124905,89.2,48.33,-0.105,-0.049,0.949,0,48.00164913083184,,198.2405355830946,-1.0,3.0,52.191381,21.123251,21.0
16384,2026-05-11 19:12:21.400000+00:00,52.1898661,21.1249627,89.2,48.24,-0.126,-0.029,0.972,0,48.0594444412573,,204.91341098023648,-1.0,3.0,52.191381,21.123251,21.0
16389,2026-05-11 19:12:21.900000+00:00,52.1898174,21.1250212,89.1,48.7,-0.1,-0.054,0.941,0,48.420715263851086,,211.6357787406568,-1.0,3.0,52.191381,21.123251,21.0
16394,2026-05-11 19:12:22.400000+00:00,52.1897687,21.1250809,89.1,48.61,-0.143,-0.054,1.009,0,48.77228405744164,,218.4050252941225,-1.0,3.0,52.191381,21.123251,21.0
16399,2026-05-11 19:12:22.900000+00:00,52.1897197,21.1251412,89.0,49.19,-0.104,-0.059,0.919,0,49.141312577372375,,225.22531431935667,-1.0,3.0,52.191381,21.123251,21.0
16404,2026-05-11 19:12:23.400000+00:00,52.1896706,21.1252018,89.0,49.29,-0.137,-0.051,0.978,0,49.2939714969155,,232.06672452060295,-1.0,3.0,52.191381,21.123251,21.0
16409,2026-05-11 19:12:23.900000+00:00,52.1896214,21.1252629,88.9,49.62,-0.108,-0.058,0.965,0,49.506127850203605,,238.93708979329065,-1.0,3.0,52.191381,21.123251,21.0
16414,2026-05-11 19:12:24.400000+00:00,52.1895722,21.1253244,88.9,50.12,-0.114,-0.043,0.948,0,49.62531779935091,,245.82344033890772,-1.0,3.0,52.191381,21.123251,21.0
16419,2026-05-11 19:12:24.900000+00:00,52.1895225,21.125388,88.9,50.59,-0.129,-0.054,0.971,0,50.57326938418296,,252.83802783723056,-1.0,3.0,52.191381,21.123251,21.0
16424,2026-05-11 19:12:25.400000+00:00,52.1894729,21.125451,88.9,50.66,-0.12,-0.055,0.962,0,50.32886358717844,,259.8204407871118,-1.0,3.0,52.191381,21.123251,21.0
16429,2026-05-11 19:12:25.900000+00:00,52.1894233,21.1255143,88.8,50.49,-0.125,-0.048,0.963,0,50.41948242566353,,266.81508428844825,-1.0,3.0,52.191381,21.123251,21.0
16434,2026-05-11 19:12:26.400000+00:00,52.1893738,21.1255776,88.7,50.66,-0.14,-0.056,0.936,0,50.35647314444823,,273.8010781565627,-1.0,3.0,52.191381,21.123251,21.0
16439,2026-05-11 19:12:26.900000+00:00,52.1893241,21.1256409,88.7,50.34,-0.152,-0.069,0.995,0,50.48260398579321,,280.8055845090004,-1.0,3.0,52.191381,21.123251,21.0
16444,2026-05-11 19:12:27.400000+00:00,52.1892745,21.1257043,88.6,50.81,-0.121,-0.071,0.928,0,50.44980522566144,,287.8053435862476,-1.0,3.0,52.191381,21.123251,21.0
16449,2026-05-11 19:12:27.900000+00:00,52.189225,21.1257679,88.6,50.39,-0.157,-0.066,0.983,0,50.44751587395752,,294.80433658690185,-1.0,3.0,52.191381,21.123251,21.0
16454,2026-05-11 19:12:28.400000+00:00,52.1891752,21.1258315,88.6,50.72,-0.115,-0.063,0.949,0,50.63643360766528,,301.83079259982713,-1.0,3.0,52.191381,21.123251,21.0
16459,2026-05-11 19:12:28.900000+00:00,52.1891255,21.1258954,88.5,50.75,-0.145,-0.061,0.981,0,50.66445884326411,,308.86044686204195,-1.0,3.0,52.191381,21.123251,21.0
16464,2026-05-11 19:12:29.400000+00:00,52.1890757,21.1259583,88.5,50.26,-0.132,-0.068,0.938,0,50.42540092521223,,315.8596085992148,-1.0,3.0,52.191381,21.123251,21.0
16469,2026-05-11 19:12:29.900000+00:00,52.1890265,21.1260208,88.4,50.03,-0.141,-0.056,0.947,0,49.92560689194346,,322.78889889661536,-1.0,3.0,52.18669,21.128854,22.0
16474,2026-05-11 19:12:30.400000+00:00,52.1889775,21.1260834,88.3,49.85,-0.134,-0.054,0.974,0,49.82964384880839,,316.8147694233081,-1.0,3.0,52.18669,21.128854,22.0
16479,2026-05-11 19:12:30.900000+00:00,52.1889284,21.1261464,88.2,50.12,-0.13,-0.058,0.96,0,50.013860790635306,,309.8711420857802,-1.0,3.0,52.18669,21.128854,22.0
16484,2026-05-11 19:12:31.400000+00:00,52.1888791,21.1262091,88.2,49.89,-0.136,-0.056,0.968,0,50.04915753064815,,302.9219392057008,-1.0,3.0,52.18669,21.128854,22.0
16489,2026-05-11 19:12:31.900000+00:00,52.1888298,21.1262719,88.3,49.89,-0.13,-0.071,0.946,0,50.07937300977678,,295.9687763887749,-1.0,3.0,52.18669,21.128854,22.0
16494,2026-05-11 19:12:32.400000+00:00,52.1887805,21.1263348,88.2,50.17,-0.134,-0.06,0.939,0,50.109618471383406,,289.0116709684963,-1.0,3.0,52.18669,21.128854,22.0
16499,2026-05-11 19:12:32.900000+00:00,52.1887309,21.1263981,88.2,50.42,-0.15,-0.065,0.961,0,50.41978057487581,,282.0116574441,-1.0,3.0,52.18669,21.128854,22.0
16504,2026-05-11 19:12:33.400000+00:00,52.1886821,21.1264605,88.1,49.7,-0.143,-0.058,0.958,0,49.64318734818076,,275.1197896485751,-1.0,3.0,52.18669,21.128854,22.0
16509,2026-05-11 19:12:33.900000+00:00,52.1886331,21.1265229,88.1,49.79,-0.148,-0.059,0.968,0,49.769321945719824,,268.21015922306003,-1.0,3.0,52.18669,21.128854,22.0
16514,2026-05-11 19:12:34.400000+00:00,52.1885839,21.1265857,88.1,49.94,-0.137,-0.07,0.945,0,50.01640328684959,,261.26660846569337,-1.0,3.0,52.18669,21.128854,22.0
16519,2026-05-11 19:12:34.900000+00:00,52.1885348,21.1266487,88.1,50.09,-0.136,-0.069,0.954,0,50.01403003258782,,254.32413681394573,-1.0,3.0,52.18669,21.128854,22.0
16524,2026-05-11 19:12:35.400000+00:00,52.1884854,21.1267115,88.1,50.11,-0.132,-0.058,0.964,0,50.14264304274428,,247.36300888549056,-1.0,3.0,52.18669,21.128854,22.0
16529,2026-05-11 19:12:35.900000+00:00,52.1884362,21.1267744,88.1,50.0,-0.129,-0.059,0.969,0,50.046729292397,,240.4159996955156,-1.0,3.0,52.18669,21.128854,22.0
16534,2026-05-11 19:12:36.400000+00:00,52.188387,21.1268372,88.1,49.96,-0.134,-0.058,0.974,0,50.01648741203298,,233.4732360028092,-1.0,3.0,52.18669,21.128854,22.0
16539,2026-05-11 19:12:36.900000+00:00,52.1883377,21.1269002,88.2,50.23,-0.125,-0.063,0.96,0,50.14006265055695,,226.5137020956911,-1.0,3.0,52.18669,21.128854,22.0
16544,2026-05-11 19:12:37.400000+00:00,52.1882885,21.1269631,88.2,50.29,-0.127,-0.056,0.939,0,50.04679255837126,,219.56744600601337,-1.0,3.0,52.18669,21.128854,22.0
16549,2026-05-11 19:12:37.900000+00:00,52.188239,21.1270259,88.3,50.22,-0.142,-0.063,0.988,0,50.20591929450053,,212.5984626296771,-1.0,3.0,52.18669,21.128854,22.0
16554,2026-05-11 19:12:38.400000+00:00,52.1881895,21.1270882,88.3,50.27,-0.12,-0.056,0.924,0,50.0556444429788,,205.6497022360861,-1.0,3.0,52.18669,21.128854,22.0
16559,2026-05-11 19:12:38.900000+00:00,52.1881403,21.1271503,88.4,49.86,-0.159,-0.055,0.996,0,49.80558970555156,,198.7362146230737,-1.0,3.0,52.18669,21.128854,22.0
16564,2026-05-11 19:12:39.400000+00:00,52.188091,21.1272126,88.5,50.17,-0.108,-0.058,0.925,0,49.92901161598048,,191.80602445392668,-1.0,3.0,52.18669,21.128854,22.0
16569,2026-05-11 19:12:39.900000+00:00,52.188042,21.1272749,88.5,49.69,-0.149,-0.055,0.99,0,49.739382615330186,,184.903282219267,-1.0,3.0,52.18669,21.128854,22.0
16574,2026-05-11 19:12:40.400000+00:00,52.1879933,21.127337,88.5,49.68,-0.134,-0.055,0.929,0,49.489672034868974,,178.0360376933798,-1.0,3.0,52.18669,21.128854,22.0
16579,2026-05-11 19:12:40.900000+00:00,52.1879447,21.1273985,88.5,49.24,-0.167,-0.064,0.975,0,49.24557852978846,,171.2020636902778,-1.0,3.0,52.18669,21.128854,22.0
16584,2026-05-11 19:12:41.400000+00:00,52.1878967,21.1274594,88.6,48.79,-0.139,-0.055,0.947,0,48.68558257161796,,164.44664471690584,-1.0,3.0,52.18669,21.128854,22.0
16589,2026-05-11 19:12:41.900000+00:00,52.187849,21.12752,88.6,48.36,-0.16,-0.051,0.968,0,48.40562410499626,,157.73082484816575,-1.0,3.0,52.18669,21.128854,22.0
16594,2026-05-11 19:12:42.400000+00:00,52.1878019,21.1275799,88.7,47.89,-0.147,-0.056,0.943,0,47.81555283719115,,151.09766531367669,-1.0,3.0,52.18669,21.128854,22.0
16599,2026-05-11 19:12:42.900000+00:00,52.1877551,21.1276393,88.7,47.42,-0.159,-0.059,0.949,0,47.4752815381489,,144.51209861745565,-1.0,3.0,52.18669,21.128854,22.0
16604,2026-05-11 19:12:43.400000+00:00,52.1877086,21.1276986,88.7,47.32,-0.156,-0.068,0.958,0,47.25572815479261,,137.95859392982177,-1.0,3.0,52.18669,21.128854,22.0
16609,2026-05-11 19:12:43.900000+00:00,52.1876623,21.1277577,88.7,47.12,-0.151,-0.064,0.957,0,47.069144928553584,,131.43211091263393,-1.0,3.0,52.18669,21.128854,22.0
16614,2026-05-11 19:12:44.400000+00:00,52.1876165,21.1278161,88.7,46.93,-0.138,-0.059,0.948,0,46.54217789793555,,124.97961105243115,-1.0,3.0,52.18669,21.128854,22.0
16619,2026-05-11 19:12:44.900000+00:00,52.1875705,21.1278746,88.7,46.7,-0.149,-0.058,0.979,0,46.69861312887633,,118.506168978766,-1.0,3.0,52.18669,21.128854,22.0
16624,2026-05-11 19:12:45.400000+00:00,52.1875246,21.127933,88.8,46.63,-0.134,-0.057,0.946,0,46.60531488609336,,112.04719789650532,-1.0,3.0,52.18669,21.128854,22.0
16629,2026-05-11 19:12:45.900000+00:00,52.1874789,21.1279914,88.8,46.45,-0.152,-0.057,0.952,0,46.47918429273547,,105.60840983229107,-1.0,3.0,52.18669,21.128854,22.0
16634,2026-05-11 19:12:46.400000+00:00,52.1874334,21.1280495,88.8,46.12,-0.147,-0.062,0.959,0,46.26234921846939,,99.20162314962982,-1.0,3.0,52.18669,21.128854,22.0
16639,2026-05-11 19:12:46.900000+00:00,52.187388,21.1281078,88.9,46.44,-0.145,-0.059,0.977,0,46.26001319222463,,92.79922265751576,-1.0,3.0,52.18669,21.128854,22.0
16644,2026-05-11 19:12:47.400000+00:00,52.1873427,21.1281658,88.9,46.13,-0.13,-0.066,0.951,0,46.10608708085405,,86.42061630780202,-1.0,3.0,52.18669,21.128854,22.0
16649,2026-05-11 19:12:47.900000+00:00,52.1872973,21.1282235,89.0,45.96,-0.145,-0.071,0.959,0,46.07845662290311,,80.04760116890715,-1.0,3.0,52.18669,21.128854,22.0
16654,2026-05-11 19:12:48.400000+00:00,52.187252,21.1282808,89.0,45.62,-0.144,-0.066,0.948,0,45.89477007478187,22.0,73.70310893767908,-1.0,3.0,52.18669,21.128854,22.0
16659,2026-05-11 19:12:48.900000+00:00,52.1872065,21.1283378,89.1,46.08,-0.143,-0.06,0.969,0,45.93158296954097,22.0,67.35595472361679,-1.0,3.0,52.18669,21.128854,22.0
16664,2026-05-11 19:12:49.400000+00:00,52.1871611,21.1283946,89.1,46.05,-0.132,-0.053,0.965,0,45.80831991103264,22.0,61.03206241085642,-1.0,3.0,52.18669,21.128854,22.0
16669,2026-05-11 19:12:49.900000+00:00,52.1871156,21.128452,89.1,46.34,-0.12,-0.07,0.956,0,46.05147207386489,22.0,54.686938089358186,-1.0,3.0,52.18669,21.128854,22.0
16674,2026-05-11 19:12:50.400000+00:00,52.18707,21.1285093,89.2,46.25,-0.122,-0.061,0.946,0,46.08487313049711,22.0,48.34882394165968,-1.0,3.0,52.18669,21.128854,22.0
16679,2026-05-11 19:12:50.900000+00:00,52.1870241,21.1285677,89.2,46.69,-0.125,-0.049,0.972,0,46.60551334108522,22.0,41.96523637174243,-1.0,3.0,52.18669,21.128854,22.0
16684,2026-05-11 19:12:51.400000+00:00,52.1869782,21.1286265,89.2,46.38,-0.118,-0.051,0.956,0,46.72654532742895,22.0,35.602048599679584,-1.0,3.0,52.18669,21.128854,22.0
16689,2026-05-11 19:12:51.900000+00:00,52.1869324,21.1286847,89.2,46.91,-0.118,-0.05,0.951,0,46.48205322861679,22.0,29.32076756649214,-1.0,3.0,52.18669,21.128854,22.0
16694,2026-05-11 19:12:52.400000+00:00,52.1868863,21.1287436,89.1,47.33,-0.126,-0.063,0.971,0,46.88286387606793,22.0,23.088671653579787,-1.0,3.0,52.18669,21.128854,22.0
16699,2026-05-11 19:12:52.900000+00:00,52.18684,21.1288028,89.1,47.42,-0.109,-0.061,0.942,0,47.09974166994116,22.0,17.04054314361086,-1.0,3.0,52.18669,21.128854,22.0
16704,2026-05-11 19:12:53.400000+00:00,52.1867934,21.1288622,89.0,47.82,-0.127,-0.066,0.957,0,47.34940220351206,22.0,11.511137110792024,-1.0,3.0,52.18669,21.128854,22.0
16709,2026-05-11 19:12:53.900000+00:00,52.1867466,21.1289216,89.0,48.0,-0.126,-0.066,0.979,0,47.47568765227705,22.0,7.800496121129996,-1.0,3.0,52.18669,21.128854,22.0
16714,2026-05-11 19:12:54.400000+00:00,52.1866993,21.1289817,88.9,48.32,-0.112,-0.06,0.965,0,48.00264180553479,22.0,8.766839673118582,-1.0,3.0,52.18669,21.128854,22.0
16719,2026-05-11 19:12:54.900000+00:00,52.1866516,21.1290424,88.9,48.52,-0.134,-0.071,0.96,0,48.43629357522772,22.0,13.534879873507352,-1.0,3.0,52.18669,21.128854,22.0
16724,2026-05-11 19:12:55.400000+00:00,52.1866036,21.1291033,89.0,48.65,-0.131,-0.068,0.963,0,48.68611631614849,22.0,19.522908523698817,-1.0,3.0,52.18669,21.128854,22.0
16729,2026-05-11 19:12:55.900000+00:00,52.1865557,21.1291634,89.0,48.27,-0.125,-0.059,0.954,0,48.38255060090255,22.0,25.843907007773307,-1.0,3.0,52.18669,21.128854,22.0
16734,2026-05-11 19:12:56.400000+00:00,52.1865078,21.129224,89.0,48.64,-0.137,-0.057,0.946,0,48.532598159492814,22.0,32.352762128409246,-1.0,3.0,52.18669,21.128854,22.0
16739,2026-05-11 19:12:56.900000+00:00,52.1864603,21.1292833,89.0,47.92,-0.148,-0.06,0.977,0,47.88947891163241,22.0,38.84454005058408,-1.0,3.0,52.18669,21.128854,22.0
16744,2026-05-11 19:12:57.400000+00:00,52.1864125,21.129344,89.0,48.59,-0.138,-0.064,0.947,0,48.49953921965609,22.0,45.47527472769198,-1.0,3.0,52.18669,21.128854,22.0
16749,2026-05-11 19:12:57.900000+00:00,52.1863648,21.1294046,89.1,48.22,-0.15,-0.064,0.982,0,48.40623421935264,22.0,52.12039788780484,-1.0,3.0,52.18669,21.128854,22.0
16754,2026-05-11 19:12:58.400000+00:00,52.1863171,21.1294654,89.1,48.24,-0.119,-0.062,0.938,0,48.466639990034345,22.0,58.792923344316776,-1.0,3.0,52.18669,21.128854,22.0
16759,2026-05-11 19:12:58.900000+00:00,52.1862694,21.1295259,89.2,48.16,-0.146,-0.055,0.968,0,48.37612673328717,22.0,65.46320983882437,-1.0,3.0,52.18669,21.128854,22.0
16764,2026-05-11 19:12:59.400000+00:00,52.1862217,21.1295863,89.2,48.48,-0.132,-0.065,0.959,0,48.34603057861765,22.0,72.13780602041699,-1.0,3.0,52.18669,21.128854,22.0
16769,2026-05-11 19:12:59.900000+00:00,52.1861741,21.1296467,89.3,48.38,-0.144,-0.065,0.952,0,48.2828349486055,22.0,78.81112901664999,-1.0,3.0,52.18669,21.128854,22.0
16774,2026-05-11 19:13:00.400000+00:00,52.1861267,21.1297075,89.4,48.17,-0.144,-0.065,0.971,0,48.2776974157193,,85.49182028749622,-1.0,3.0,52.18669,21.128854,22.0
16779,2026-05-11 19:13:00.900000+00:00,52.1860793,21.1297676,89.3,48.16,-0.137,-0.061,0.938,0,48.066077788428224,,92.14381651862006,-1.0,3.0,52.18669,21.128854,22.0
16784,2026-05-11 19:13:01.400000+00:00,52.1860322,21.1298276,89.3,48.05,-0.157,-0.061,0.951,0,47.84647000571117,,98.76974664340558,-1.0,3.0,52.18669,21.128854,22.0
16789,2026-05-11 19:13:01.900000+00:00,52.1859851,21.1298878,89.4,47.72,-0.149,-0.066,0.959,0,47.90697836167978,,105.40724035334031,-1.0,3.0,52.18669,21.128854,22.0
16794,2026-05-11 19:13:02.400000+00:00,52.1859382,21.1299477,89.4,47.51,-0.142,-0.066,0.955,0,47.69013947304289,,112.01645523997628,-1.0,3.0,52.18669,21.128854,22.0
16799,2026-05-11 19:13:02.900000+00:00,52.1858911,21.1300078,89.4,48.15,-0.148,-0.069,0.976,0,47.876756601920285,,118.65297015349556,-1.0,3.0,52.18669,21.128854,22.0
16804,2026-05-11 19:13:03.400000+00:00,52.1858441,21.1300679,89.4,47.87,-0.129,-0.075,0.945,0,47.8137446266626,,125.28252188704724,-1.0,3.0,52.18669,21.128854,22.0
16809,2026-05-11 19:13:03.900000+00:00,52.185797,21.1301274,89.4,47.79,-0.131,-0.061,0.954,0,47.69589036159277,,131.89465141398605,-1.0,3.0,52.18669,21.128854,22.0
16814,2026-05-11 19:13:04.400000+00:00,52.1857499,21.1301872,89.4,47.88,-0.139,-0.062,0.967,0,47.78622053347463,,138.52137788438893,-1.0,3.0,52.18669,21.128854,22.0
16819,2026-05-11 19:13:04.900000+00:00,52.185703,21.1302469,89.4,47.84,-0.135,-0.057,0.963,0,47.62977367951303,,145.12776518732863,-1.0,3.0,52.18669,21.128854,22.0
16824,2026-05-11 19:13:05.400000+00:00,52.185656,21.1303073,89.4,47.7,-0.129,-0.052,0.951,0,47.90481624926495,,151.77450015640238,-1.0,3.0,52.18669,21.128854,22.0
16829,2026-05-11 19:13:05.900000+00:00,52.1856092,21.1303676,89.4,47.68,-0.144,-0.063,0.956,0,47.74872390724761,,158.40048734887935,-1.0,3.0,52.18669,21.128854,22.0
16834,2026-05-11 19:13:06.400000+00:00,52.1855626,21.1304276,89.4,47.26,-0.139,-0.056,0.959,0,47.53181849249695,,164.9967475182357,-1.0,3.0,52.18669,21.128854,22.0
16839,2026-05-11 19:13:06.900000+00:00,52.1855159,21.1304877,89.5,47.55,-0.14,-0.063,0.954,0,47.625092922065285,,164.89051118419104,-1.0,3.0,52.184309,21.131893,23.0
16844,2026-05-11 19:13:07.400000+00:00,52.1854696,21.1305476,89.5,47.23,-0.142,-0.062,0.961,0,47.31305127001279,,158.3280046252635,-1.0,3.0,52.184309,21.131893,23.0
16849,2026-05-11 19:13:07.900000+00:00,52.1854233,21.1306081,89.6,47.32,-0.132,-0.073,0.951,0,47.49665369196215,,151.74263559711903,-1.0,3.0,52.184309,21.131893,23.0
16854,2026-05-11 19:13:08.400000+00:00,52.1853768,21.1306676,89.6,47.13,-0.163,-0.078,0.952,0,47.31720029762287,,145.17932548411463,-1.0,3.0,52.184309,21.131893,23.0
16859,2026-05-11 19:13:08.900000+00:00,52.1853305,21.1307267,89.6,47.02,-0.158,-0.062,0.944,0,47.07008248466629,,138.65067793155487,-1.0,3.0,52.184309,21.131893,23.0
16864,2026-05-11 19:13:09.400000+00:00,52.1852848,21.1307849,89.6,46.31,-0.163,-0.062,0.963,0,46.41957469557209,,132.21271651923652,-1.0,3.0,52.184309,21.131893,23.0
16869,2026-05-11 19:13:09.900000+00:00,52.1852393,21.1308429,89.6,46.02,-0.16,-0.061,0.956,0,46.23297397823288,,125.80174184848396,-1.0,3.0,52.184309,21.131893,23.0
16874,2026-05-11 19:13:10.400000+00:00,52.1851945,21.1308999,89.5,45.48,-0.152,-0.048,0.956,0,45.48918234859564,,119.49463317483004,-1.0,3.0,52.184309,21.131893,23.0
16879,2026-05-11 19:13:10.900000+00:00,52.1851499,21.1309565,89.5,44.94,-0.152,-0.062,0.953,0,45.24221894315423,,113.2224740622656,-1.0,3.0,52.184309,21.131893,23.0
16884,2026-05-11 19:13:11.400000+00:00,52.1851058,21.1310128,89.5,44.79,-0.162,-0.045,0.979,0,44.83606057955785,,107.00916224110016,-1.0,3.0,52.184309,21.131893,23.0
16889,2026-05-11 19:13:11.900000+00:00,52.185062,21.1310688,89.6,44.58,-0.154,-0.067,0.935,0,44.55619118123634,,100.83666273916286,-1.0,3.0,52.184309,21.131893,23.0
16894,2026-05-11 19:13:12.400000+00:00,52.1850184,21.1311242,89.5,44.04,-0.153,-0.069,0.96,0,44.248693354750536,,94.70739083232036,-1.0,3.0,52.184309,21.131893,23.0
16899,2026-05-11 19:13:12.900000+00:00,52.1849753,21.1311789,89.5,43.33,-0.213,-0.07,0.965,0,43.721766054660826,,88.65305774893557,-1.0,3.0,52.184309,21.131893,23.0
16904,2026-05-11 19:13:13.400000+00:00,52.1849339,21.1312313,89.5,41.73,-0.231,-0.053,0.946,0,41.95434936456693,,82.84531312552706,-1.0,3.0,52.184309,21.131893,23.0
16909,2026-05-11 19:13:13.900000+00:00,52.1848938,21.1312813,89.5,40.47,-0.216,-0.079,0.955,0,40.41093319724301,23.0,77.2504607958586,-1.0,3.0,52.184309,21.131893,23.0
16914,2026-05-11 19:13:14.400000+00:00,52.1848548,21.1313293,89.5,38.94,-0.211,-0.071,0.951,0,39.11583737763689,23.0,71.83465508214674,-1.0,3.0,52.184309,21.131893,23.0
16919,2026-05-11 19:13:14.900000+00:00,52.184817,21.1313756,89.4,37.54,-0.207,-0.058,0.942,0,37.846428547748594,23.0,66.59617797394985,-1.0,3.0,52.184309,21.131893,23.0
16924,2026-05-11 19:13:15.400000+00:00,52.1847806,21.1314199,89.4,36.18,-0.204,-0.069,0.958,0,36.36082939334347,23.0,61.56479740052668,-1.0,3.0,52.184309,21.131893,23.0
16929,2026-05-11 19:13:15.900000+00:00,52.1847448,21.1314618,89.4,34.96,-0.195,-0.107,0.948,0,35.27742735899091,23.0,56.67856562514699,-1.0,3.0,52.184309,21.131893,23.0
16934,2026-05-11 19:13:16.400000+00:00,52.1847097,21.1315003,89.2,33.85,-0.218,-0.127,0.949,0,33.86474544152576,23.0,51.98072975811939,-1.0,3.0,52.184309,21.131893,23.0
16939,2026-05-11 19:13:16.900000+00:00,52.1846745,21.1315372,89.3,33.08,-0.2,-0.114,0.955,0,33.500142928004664,23.0,47.33025890046496,-1.0,3.0,52.184309,21.131893,23.0
16944,2026-05-11 19:13:17.400000+00:00,52.18464,21.1315706,89.3,31.99,-0.195,-0.094,0.926,0,32.120118659331595,23.0,42.86914577582501,-1.0,3.0,52.184309,21.131893,23.0
16949,2026-05-11 19:13:17.900000+00:00,52.1846066,21.1316037,89.4,30.95,-0.198,-0.051,0.963,0,31.289323440573995,23.0,38.523547700972586,-1.0,3.0,52.184309,21.131893,23.0
16954,2026-05-11 19:13:18.400000+00:00,52.1845755,21.1316355,89.4,29.02,-0.192,-0.011,0.942,0,29.387173702390022,23.0,34.443150046463884,-1.0,3.0,52.184309,21.131893,23.0
16959,2026-05-11 19:13:18.900000+00:00,52.1845461,21.1316672,89.4,28.0,-0.205,-0.016,0.97,0,28.21618216329886,23.0,30.529608765768334,-1.0,3.0,52.184309,21.131893,23.0
16964,2026-05-11 19:13:19.400000+00:00,52.1845185,21.1316984,89.4,26.41,-0.227,-0.013,0.943,0,26.885168308805632,23.0,26.80834968285832,-1.0,3.0,52.184309,21.131893,23.0
16969,2026-05-11 19:13:19.900000+00:00,52.1844932,21.1317287,89.4,24.64,-0.221,-0.017,0.951,0,25.129457792086946,23.0,23.34494401489806,-1.0,3.0,52.184309,21.131893,23.0
16974,2026-05-11 19:13:20.400000+00:00,52.1844702,21.1317575,89.3,22.82,-0.238,-0.022,0.952,0,23.214752754518784,23.0,20.16507233023585,-1.0,3.0,52.184309,21.131893,23.0
16979,2026-05-11 19:13:20.900000+00:00,52.1844489,21.131787,89.4,22.57,-0.212,-0.025,0.945,0,22.37156657075223,23.0,17.152817637455023,-1.0,3.0,52.184309,21.131893,23.0
16984,2026-05-11 19:13:21.400000+00:00,52.1844292,21.1318135,89.4,19.99,-0.21,-0.05,0.964,0,20.44407250150276,23.0,14.422776724270676,-1.0,3.0,52.184309,21.131893,23.0
16989,2026-05-11 19:13:21.900000+00:00,52.1844105,21.1318381,89.4,18.68,-0.211,-0.067,0.933,0,19.23416830615836,23.0,11.8907234948624,-1.0,3.0,52.184309,21.131893,23.0
16994,2026-05-11 19:13:22.400000+00:00,52.1843933,21.1318598,89.4,16.55,-0.262,-0.049,0.952,0,17.409331618659042,23.0,9.643135128239644,-1.0,3.0,52.184309,21.131893,23.0
16999,2026-05-11 19:13:22.900000+00:00,52.1843787,21.131878,89.4,13.79,-0.289,-0.044,0.944,0,14.711933905405616,23.0,7.8174635645426465,-1.0,3.0,52.184309,21.131893,23.0
17004,2026-05-11 19:13:23.400000+00:00,52.184367,21.1318922,89.4,10.93,-0.295,-0.038,0.944,0,11.675926974986677,23.0,6.449536364082177,-1.0,3.0,52.184309,21.131893,23.0
17009,2026-05-11 19:13:23.900000+00:00,52.1843582,21.1319032,89.3,8.02,-0.305,-0.044,0.925,0,8.87645971603011,23.0,5.514809560057081,-1.0,3.0,52.184309,21.131893,23.0
17014,2026-05-11 19:13:24.400000+00:00,52.1843525,21.1319104,89.3,4.65,-0.327,-0.04,0.948,0,5.771993986069583,23.0,4.980320750028561,-1.0,3.0,52.184309,21.131893,23.0
17019,2026-05-11 19:13:24.900000+00:00,52.1843502,21.1319133,89.3,1.45,-0.299,-0.038,0.95,0,2.327469267466721,23.0,4.785715017450353,-1.0,3.0,52.184309,21.131893,23.0
17024,2026-05-11 19:13:25.400000+00:00,52.1843499,21.1319138,89.3,0.12,-0.205,-0.049,0.954,0,0.3434018801355835,23.0,4.763827397858208,-1.0,3.0,52.184309,21.131893,23.0
17029,2026-05-11 19:13:25.900000+00:00,52.1843498,21.131914,89.2,0.15,-0.121,-0.057,0.961,0,0.1266796191814161,23.0,4.757298841624892,-1.0,3.0,52.184309,21.131893,23.0
17034,2026-05-11 19:13:26.400000+00:00,52.1843497,21.131914,89.2,0.01,-0.13,-0.054,0.961,0,0.0800603505562769,23.0,4.746696022334338,-1.0,3.0,52.184309,21.131893,23.0
17039,2026-05-11 19:13:26.900000+00:00,52.1843496,21.1319141,89.2,0.07,-0.132,-0.055,0.967,0,0.0939104667441522,23.0,4.738160964670313,-1.0,3.0,52.184309,21.131893,23.0
17044,2026-05-11 19:13:27.400000+00:00,52.1843496,21.1319143,89.2,0.1,-0.124,-0.051,0.965,0,0.098173657915837,23.0,4.742318451797229,-1.0,3.0,52.184309,21.131893,23.0
17049,2026-05-11 19:13:27.900000+00:00,52.1843494,21.1319145,89.1,0.08,-0.129,-0.05,0.965,0,0.1878209336614005,23.0,4.725364459341482,-1.0,3.0,52.184309,21.131893,23.0
17054,2026-05-11 19:13:28.400000+00:00,52.1843493,21.1319152,89.1,0.08,-0.128,-0.052,0.967,0,0.3528115443420793,23.0,4.729848977809768,-1.0,3.0,52.184309,21.131893,23.0
17059,2026-05-11 19:13:28.900000+00:00,52.1843491,21.1319158,89.1,0.08,-0.127,-0.051,0.965,0,0.3352331185178752,23.0,4.7220915928919975,-1.0,3.0,52.184309,21.131893,23.0
17064,2026-05-11 19:13:29.400000+00:00,52.184349,21.1319164,89.1,0.07,-0.126,-0.056,0.966,0,0.3052085614105347,23.0,4.725246366037317,-1.0,3.0,52.184309,21.131893,23.0
17069,2026-05-11 19:13:29.900000+00:00,52.1843489,21.131917,89.1,0.11,-0.125,-0.052,0.964,0,0.3052085620496598,23.0,4.728779046314441,-1.0,3.0,52.184309,21.131893,23.0
17074,2026-05-11 19:13:30.400000+00:00,52.1843487,21.1319177,89.1,0.11,-0.127,-0.054,0.968,0,0.3790843760411305,23.0,4.724718137959733,-1.0,3.0,52.184309,21.131893,23.0
17079,2026-05-11 19:13:30.900000+00:00,52.1843485,21.1319184,89.1,0.14,-0.126,-0.053,0.965,0,0.3790843788570372,23.0,4.721240925514463,-1.0,3.0,52.184309,21.131893,23.0
17084,2026-05-11 19:13:31.400000+00:00,52.1843483,21.1319191,89.1,0.04,-0.127,-0.052,0.966,0,0.3790843781067118,23.0,4.718348700038737,-1.0,3.0,52.184309,21.131893,23.0
17089,2026-05-11 19:13:31.900000+00:00,52.1843481,21.1319197,89.1,0.06,-0.128,-0.053,0.966,0,0.335233124336705,23.0,4.713405398250261,-1.0,3.0,52.184309,21.131893,23.0
17094,2026-05-11 19:13:32.400000+00:00,52.1843479,21.1319202,89.1,0.11,-0.128,-0.051,0.967,0,0.2930470294005088,23.0,4.706226788502393,-1.0,3.0,52.184309,21.131893,23.0
17099,2026-05-11 19:13:32.900000+00:00,52.1843477,21.1319207,89.1,0.15,-0.125,-0.054,0.965,0,0.2930470303250213,23.0,4.699389733093598,-1.0,3.0,52.184309,21.131893,23.0
17104,2026-05-11 19:13:33.400000+00:00,52.1843475,21.131921,89.1,0.09,-0.127,-0.055,0.966,0,0.2175414646402849,23.0,4.687326195094307,-1.0,3.0,52.184309,21.131893,23.0
17109,2026-05-11 19:13:33.900000+00:00,52.1843472,21.1319216,89.1,0.09,-0.127,-0.054,0.967,0,0.3800388748047292,23.0,4.673796089366644,-1.0,3.0,52.184309,21.131893,23.0
17114,2026-05-11 19:13:34.400000+00:00,52.184347,21.1319221,89.2,0.14,-0.125,-0.05,0.966,0,0.2930470320857246,23.0,4.66797947408468,-1.0,3.0,52.184309,21.131893,23.0
17119,2026-05-11 19:13:34.900000+00:00,52.1843467,21.1319228,89.2,0.11,-0.128,-0.053,0.966,0,0.4192293804430857,23.0,4.658419859907723,-1.0,3.0,52.184309,21.131893,23.0
17124,2026-05-11 19:13:35.400000+00:00,52.1843461,21.1319238,89.2,0.64,-0.085,-0.059,0.967,0,0.6868037890677045,23.0,4.628999208081585,-1.0,3.0,52.184309,21.131893,23.0
17129,2026-05-11 19:13:35.900000+00:00,52.1843443,21.1319266,89.2,1.9,-0.051,-0.069,0.971,0,1.9914294176149956,23.0,4.544715914724201,-1.0,3.0,52.184309,21.131893,23.0
17134,2026-05-11 19:13:36.400000+00:00,52.1843411,21.1319314,89.3,3.52,-0.044,-0.064,0.976,0,3.480663651228401,23.0,4.4265172180246335,-1.0,3.0,52.184309,21.131893,23.0
17139,2026-05-11 19:13:36.900000+00:00,52.1843366,21.1319376,89.3,4.72,-0.043,-0.053,0.976,0,4.716115662106764,23.0,4.32021300055042,-1.0,3.0,52.184309,21.131893,23.0
17144,2026-05-11 19:13:37.400000+00:00,52.1843307,21.1319463,89.3,6.62,-0.029,-0.05,0.976,0,6.367862232378105,23.0,4.3619571383179085,-1.0,3.0,52.184309,21.131893,23.0
17149,2026-05-11 19:13:37.900000+00:00,52.1843234,21.1319573,89.3,8.42,-0.016,-0.053,0.977,0,7.95689994554033,23.0,4.667006647671852,-1.0,3.0,52.184309,21.131893,23.0
17154,2026-05-11 19:13:38.400000+00:00,52.1843143,21.1319723,89.3,10.75,-0.014,-0.051,0.976,0,10.358213690922812,23.0,5.438399335819201,-1.0,3.0,52.184309,21.131893,23.0
17159,2026-05-11 19:13:38.900000+00:00,52.1843035,21.1319897,89.3,12.46,-0.003,-0.05,0.972,0,12.153720790195516,23.0,6.620946043865147,-1.0,3.0,52.184309,21.131893,23.0
17164,2026-05-11 19:13:39.400000+00:00,52.1842907,21.1320117,89.2,15.64,0.0,-0.049,0.971,0,14.88746939078226,23.0,8.344431446432385,-1.0,3.0,52.184309,21.131893,23.0
17169,2026-05-11 19:13:39.900000+00:00,52.1842757,21.1320362,89.2,17.37,-0.009,-0.106,0.985,0,16.99555853241511,23.0,10.44143943833378,-1.0,3.0,52.184309,21.131893,23.0
17174,2026-05-11 19:13:40.400000+00:00,52.1842587,21.1320637,89.2,19.25,-0.017,-0.058,0.959,0,19.169234055861164,23.0,12.911954303317428,-1.0,3.0,52.184309,21.131893,23.0
17179,2026-05-11 19:13:40.900000+00:00,52.1842396,21.1320946,89.2,21.83,-0.025,-0.076,0.98,0,21.538219294904746,23.0,15.762542103311777,-1.0,3.0,52.184309,21.131893,23.0
17184,2026-05-11 19:13:41.400000+00:00,52.1842188,21.1321283,89.2,23.44,-0.05,-0.1,0.976,0,23.472438964971868,23.0,18.91926081488722,-1.0,3.0,52.184309,21.131893,23.0
17189,2026-05-11 19:13:41.900000+00:00,52.1841967,21.1321633,89.2,25.12,-0.052,-0.073,0.954,0,24.66215432646778,23.0,22.260347958301697,-1.0,3.0,52.184309,21.131893,23.0
17194,2026-05-11 19:13:42.400000+00:00,52.1841735,21.1321996,89.1,26.27,-0.06,-0.1,0.965,0,25.73898726169902,23.0,25.767059793241096,-1.0,3.0,52.184309,21.131893,23.0
17199,2026-05-11 19:13:42.900000+00:00,52.1841479,21.1322365,89.1,27.77,-0.065,-0.162,0.966,0,27.35230208901886,23.0,29.484285456029006,-1.0,3.0,52.184309,21.131893,23.0
17204,2026-05-11 19:13:43.400000+00:00,52.1841202,21.1322734,89.1,29.42,-0.056,-0.117,0.966,0,28.63375871825795,23.0,33.36642871723786,-1.0,3.0,52.184309,21.131893,23.0
17209,2026-05-11 19:13:43.900000+00:00,52.184091,21.1323112,89.1,30.39,-0.069,-0.106,0.973,0,29.846245297952017,23.0,37.423246050450274,-1.0,3.0,52.184309,21.131893,23.0
17214,2026-05-11 19:13:44.400000+00:00,52.1840602,21.1323507,89.1,31.78,-0.064,-0.082,0.954,0,31.36870099385941,23.0,41.70227284827353,-1.0,3.0,52.184309,21.131893,23.0
17219,2026-05-11 19:13:44.900000+00:00,52.1840288,21.1323909,89.0,32.12,-0.083,-0.071,0.967,0,31.95871797191261,23.0,46.076168886891054,-1.0,3.0,52.184309,21.131893,23.0
17224,2026-05-11 19:13:45.400000+00:00,52.1839964,21.132432,89.0,33.4,-0.073,-0.075,0.971,0,32.86159674074573,23.0,50.58236046821861,-1.0,3.0,52.184309,21.131893,23.0
17229,2026-05-11 19:13:45.900000+00:00,52.1839628,21.1324749,88.9,34.67,-0.079,-0.075,0.968,0,34.16258399911172,23.0,55.27908082133354,-1.0,3.0,52.184309,21.131893,23.0
17234,2026-05-11 19:13:46.400000+00:00,52.1839282,21.1325186,88.9,35.54,-0.078,-0.086,0.957,0,35.03555533547062,23.0,60.1004057379494,-1.0,3.0,52.184309,21.131893,23.0
17239,2026-05-11 19:13:46.900000+00:00,52.1838923,21.1325641,88.9,36.77,-0.084,-0.065,0.969,0,36.399496692471786,23.0,65.1174878136991,-1.0,3.0,52.184309,21.131893,23.0
17244,2026-05-11 19:13:47.400000+00:00,52.1838556,21.1326108,89.0,37.5,-0.072,-0.081,0.964,0,37.26675380059906,23.0,70.26090031321758,-1.0,3.0,52.184309,21.131893,23.0
17249,2026-05-11 19:13:47.900000+00:00,52.1838179,21.1326583,89.0,38.35,-0.076,-0.077,0.964,0,38.139981905396205,23.0,75.52683225132405,-1.0,3.0,52.184309,21.131893,23.0
17254,2026-05-11 19:13:48.400000+00:00,52.1837792,21.1327069,89.0,39.36,-0.076,-0.075,0.964,0,39.10371572587932,,80.9292166826279,-1.0,3.0,52.184309,21.131893,23.0
17259,2026-05-11 19:13:48.900000+00:00,52.1837394,21.1327565,89.0,40.46,-0.072,-0.067,0.963,0,40.101260308864255,,86.47120298958369,-1.0,3.0,52.184309,21.131893,23.0
17264,2026-05-11 19:13:49.400000+00:00,52.1836986,21.1328082,89.0,41.44,-0.07,-0.081,0.966,0,41.36463599358133,,92.19527926210648,-1.0,3.0,52.184309,21.131893,23.0
17269,2026-05-11 19:13:49.900000+00:00,52.1836565,21.1328609,89.0,42.46,-0.082,-0.078,0.956,0,42.48843753981858,,98.07461965169016,-1.0,3.0,52.184309,21.131893,23.0
17274,2026-05-11 19:13:50.400000+00:00,52.1836141,21.1329145,89.0,43.2,-0.094,-0.064,0.96,0,42.94845363615418,,104.02229308669676,-1.0,3.0,52.184309,21.131893,23.0
17279,2026-05-11 19:13:50.900000+00:00,52.1835712,21.1329689,88.9,43.69,-0.1,-0.06,0.954,0,43.50548388214122,,110.04965330772762,-1.0,3.0,52.184309,21.131893,23.0
17284,2026-05-11 19:13:51.400000+00:00,52.1835275,21.1330247,88.8,44.67,-0.104,-0.058,0.963,0,44.43320829474676,,116.20847425761616,-1.0,3.0,52.184309,21.131893,23.0
17289,2026-05-11 19:13:51.900000+00:00,52.1834834,21.1330809,88.8,44.9,-0.101,-0.065,0.956,0,44.80644203650368,,122.41994816675752,-1.0,3.0,52.184309,21.131893,23.0
17294,2026-05-11 19:13:52.400000+00:00,52.1834387,21.1331382,88.7,46.06,-0.102,-0.073,0.972,0,45.51761693982679,,128.73215986429267,-1.0,3.0,52.184309,21.131893,23.0
17299,2026-05-11 19:13:52.900000+00:00,52.1833932,21.1331962,88.6,46.54,-0.099,-0.064,0.964,0,46.2337018215428,,135.14368325037188,-1.0,3.0,52.184309,21.131893,23.0
17304,2026-05-11 19:13:53.400000+00:00,52.1833469,21.1332548,88.6,47.32,-0.096,-0.082,0.954,0,46.92000763847981,,141.65009326971133,-1.0,3.0,52.184309,21.131893,23.0
17309,2026-05-11 19:13:53.900000+00:00,52.1833,21.1333138,88.5,47.92,-0.1,-0.067,0.962,0,47.42010707150967,,148.22572781499406,-1.0,3.0,52.184309,21.131893,23.0
17314,2026-05-11 19:13:54.400000+00:00,52.1832524,21.1333735,88.5,48.55,-0.092,-0.074,0.963,0,48.07379614087971,,154.8923969835598,-1.0,3.0,52.184309,21.131893,23.0
17319,2026-05-11 19:13:54.900000+00:00,52.183204,21.1334338,88.4,49.65,-0.094,-0.081,0.974,0,48.76133003910645,,161.6541097922174,-1.0,3.0,52.184309,21.131893,23.0
17324,2026-05-11 19:13:55.400000+00:00,52.1831546,21.133495,88.3,50.41,-0.092,-0.063,0.958,0,49.665935552494254,,168.54113451060198,-1.0,3.0,52.184309,21.131893,23.0
17329,2026-05-11 19:13:55.900000+00:00,52.1831046,21.1335573,88.2,51.16,-0.098,-0.067,0.97,0,50.37528621227836,,175.52841077339005,-1.0,3.0,52.184309,21.131893,23.0
17334,2026-05-11 19:13:56.400000+00:00,52.1830535,21.1336207,88.2,51.8,-0.085,-0.08,0.946,0,51.40303201121561,,182.65824803933887,-1.0,3.0,52.184309,21.131893,23.0
17339,2026-05-11 19:13:56.900000+00:00,52.1830016,21.1336854,88.2,52.96,-0.088,-0.058,0.963,0,52.29930787230668,,189.9139254069026,-1.0,3.0,52.184309,21.131893,23.0
17344,2026-05-11 19:13:57.400000+00:00,52.182949,21.1337507,88.1,53.68,-0.081,-0.062,0.965,0,52.92354886311527,,197.25614141073663,-1.0,3.0,52.184309,21.131893,23.0
17349,2026-05-11 19:13:57.900000+00:00,52.1828958,21.1338174,88.1,54.14,-0.096,-0.069,0.997,0,53.722655501982445,,204.71134025826376,-1.0,3.0,52.184309,21.131893,23.0
17354,2026-05-11 19:13:58.400000+00:00,52.1828416,21.1338847,88.0,54.92,-0.079,-0.078,0.941,0,54.53750863082293,,212.27861812645108,-1.0,3.0,52.184309,21.131893,23.0
17359,2026-05-11 19:13:58.900000+00:00,52.1827864,21.1339532,88.0,55.98,-0.1,-0.083,0.978,0,55.53136413586144,,219.984224345632,-1.0,3.0,52.184309,21.131893,23.0
17364,2026-05-11 19:13:59.400000+00:00,52.1827304,21.1340222,88.0,56.62,-0.083,-0.087,0.94,0,56.19005402918707,,227.78058880331832,-1.0,3.0,52.184309,21.131893,23.0
17369,2026-05-11 19:13:59.900000+00:00,52.1826734,21.1340917,88.0,57.4,-0.108,-0.084,0.962,0,56.97755150557155,,235.68495824565773,-1.0,3.0,52.184309,21.131893,23.0
17374,2026-05-11 19:14:00.400000+00:00,52.1826159,21.1341608,88.0,57.12,-0.149,-0.089,0.987,0,57.18199267228839,,243.6155794630513,-1.0,3.0,52.184309,21.131893,23.0
17379,2026-05-11 19:14:00.900000+00:00,52.1825585,21.1342292,88.0,57.0,-0.151,-0.087,0.929,0,56.91419087472721,,251.5080887884932,-1.0,3.0,52.184309,21.131893,23.0
17384,2026-05-11 19:14:01.400000+00:00,52.1825019,21.1342961,88.0,55.72,-0.185,-0.07,0.953,0,55.96308404570224,,259.26777757184976,-1.0,3.0,52.184309,21.131893,23.0
17389,2026-05-11 19:14:01.900000+00:00,52.1824455,21.1343633,88.0,55.95,-0.15,-0.049,0.941,0,55.92028246461949,,267.02386534832675,-1.0,3.0,52.184309,21.131893,23.0
17394,2026-05-11 19:14:02.400000+00:00,52.1823897,21.1344298,88.0,55.67,-0.143,-0.049,0.961,0,55.32972332176711,,274.6986752945461,-1.0,3.0,52.184309,21.131893,23.0
17399,2026-05-11 19:14:02.900000+00:00,52.182334,21.134497,87.9,55.89,-0.123,-0.052,0.965,0,55.46879184865482,,282.3953785155728,-1.0,3.0,52.184309,21.131893,23.0
17404,2026-05-11 19:14:03.400000+00:00,52.182278,21.1345648,87.8,56.22,-0.112,-0.05,0.959,0,55.83714937103962,,290.14411996971467,-1.0,3.0,52.184309,21.131893,23.0
17409,2026-05-11 19:14:03.900000+00:00,52.1822218,21.1346339,87.8,56.85,-0.119,-0.046,0.969,0,56.34766667550182,,297.96610129833715,-1.0,3.0,52.184309,21.131893,23.0
17414,2026-05-11 19:14:04.400000+00:00,52.1821655,21.1347036,87.7,56.97,-0.121,-0.051,0.961,0,56.5892367776932,,305.8225918862579,-1.0,3.0,52.184309,21.131893,23.0
17419,2026-05-11 19:14:04.900000+00:00,52.182109,21.1347742,87.6,57.67,-0.119,-0.042,0.961,0,56.98449680525045,,313.7350003926553,-1.0,3.0,52.184309,21.131893,23.0
17424,2026-05-11 19:14:05.400000+00:00,52.1820526,21.1348456,87.6,57.42,-0.126,-0.043,0.955,0,57.16095103812284,,321.6729719564862,-1.0,3.0,52.184309,21.131893,23.0
17429,2026-05-11 19:14:05.900000+00:00,52.1819963,21.1349178,87.5,57.66,-0.127,-0.051,0.973,0,57.339664934406784,,329.6364419157918,-1.0,3.0,52.184309,21.131893,23.0
17434,2026-05-11 19:14:06.400000+00:00,52.1819394,21.1349916,87.4,58.18,-0.119,-0.055,0.958,0,58.203669299698085,,337.72022032358274,-1.0,3.0,52.184309,21.131893,23.0
17439,2026-05-11 19:14:06.900000+00:00,52.1818825,21.1350657,87.4,58.49,-0.131,-0.054,0.954,0,58.295477326783775,,345.8167990644136,-1.0,3.0,52.184309,21.131893,23.0
17444,2026-05-11 19:14:07.400000+00:00,52.1818258,21.1351402,87.3,58.25,-0.128,-0.05,0.971,0,58.293456635924336,,353.9130892315985,-1.0,3.0,52.184309,21.131893,23.0
17449,2026-05-11 19:14:07.900000+00:00,52.181769,21.1352156,87.4,58.69,-0.135,-0.039,0.981,0,58.63374442538571,,362.0564479564788,-1.0,3.0,52.184309,21.131893,23.0
17454,2026-05-11 19:14:08.400000+00:00,52.1817125,21.1352909,87.4,58.11,-0.132,-0.044,0.956,0,58.41661986619243,,370.1695343729732,-1.0,3.0,52.184309,21.131893,23.0
17459,2026-05-11 19:14:08.900000+00:00,52.1816564,21.1353658,87.4,58.21,-0.142,-0.045,0.953,0,58.04444606141912,,378.2308815091202,-1.0,3.0,52.184309,21.131893,23.0
17464,2026-05-11 19:14:09.400000+00:00,52.1816006,21.1354411,87.4,57.93,-0.136,-0.054,0.952,0,57.98380845920555,,386.2833164459726,-1.0,3.0,52.184309,21.131893,23.0
17469,2026-05-11 19:14:09.900000+00:00,52.1815452,21.1355168,87.4,57.64,-0.138,-0.038,0.977,0,57.8633787005979,,394.3182094377707,-1.0,3.0,52.184309,21.131893,23.0
17474,2026-05-11 19:14:10.400000+00:00,52.1814899,21.1355934,87.5,58.45,-0.122,-0.044,0.949,0,58.087089727872886,,402.382979345269,-1.0,3.0,52.184309,21.131893,23.0
17479,2026-05-11 19:14:10.900000+00:00,52.1814346,21.1356702,87.6,57.99,-0.134,-0.044,0.973,0,58.15072541832546,,402.323215198504,-1.0,3.0,52.178691,21.139517,24.0
17484,2026-05-11 19:14:11.400000+00:00,52.1813796,21.1357472,87.6,57.88,-0.126,-0.053,0.958,0,58.0320039727912,,394.2632171590003,-1.0,3.0,52.178691,21.139517,24.0
17489,2026-05-11 19:14:11.900000+00:00,52.1813246,21.1358238,87.7,57.78,-0.136,-0.051,0.943,0,57.90432584177447,,386.22099627204216,-1.0,3.0,52.178691,21.139517,24.0
17494,2026-05-11 19:14:12.400000+00:00,52.1812699,21.1359007,87.7,57.93,-0.144,-0.059,0.961,0,57.81796952133675,,378.1907286040177,-1.0,3.0,52.178691,21.139517,24.0
17499,2026-05-11 19:14:12.900000+00:00,52.1812153,21.1359777,87.7,57.86,-0.145,-0.044,0.967,0,57.78948094975513,,370.1644433155253,-1.0,3.0,52.178691,21.139517,24.0
17504,2026-05-11 19:14:13.400000+00:00,52.1811611,21.1360548,87.8,57.5,-0.14,-0.031,0.957,0,57.579912821370186,,362.1674401925536,-1.0,3.0,52.178691,21.139517,24.0
17509,2026-05-11 19:14:13.900000+00:00,52.1811076,21.1361318,87.7,57.05,-0.16,-0.031,0.956,0,57.126296980911135,,354.23392581260515,-1.0,3.0,52.178691,21.139517,24.0
17514,2026-05-11 19:14:14.400000+00:00,52.1810545,21.1362082,87.7,56.77,-0.145,-0.037,0.941,0,56.69132201280844,,346.3608340442943,-1.0,3.0,52.178691,21.139517,24.0
17519,2026-05-11 19:14:14.900000+00:00,52.1810015,21.1362848,87.6,56.99,-0.146,-0.048,0.97,0,56.69641013306698,,338.4873317688779,-1.0,3.0,52.178691,21.139517,24.0
17524,2026-05-11 19:14:15.400000+00:00,52.1809485,21.1363617,87.6,56.93,-0.13,-0.059,0.952,0,56.79422330909171,,330.6005617732845,-1.0,3.0,52.178691,21.139517,24.0
17529,2026-05-11 19:14:15.900000+00:00,52.1808957,21.1364375,87.5,56.23,-0.152,-0.065,0.956,0,56.31647591569016,,322.77952854287486,-1.0,3.0,52.178691,21.139517,24.0
17534,2026-05-11 19:14:16.400000+00:00,52.1808431,21.1365134,87.5,56.07,-0.166,-0.061,0.968,0,56.22893373862449,,314.97098828650064,-1.0,3.0,52.178691,21.139517,24.0
17539,2026-05-11 19:14:16.900000+00:00,52.1807905,21.1365889,87.6,55.87,-0.155,-0.059,0.958,0,56.09903671248911,,307.18022193379966,-1.0,3.0,52.178691,21.139517,24.0
17544,2026-05-11 19:14:17.400000+00:00,52.1807385,21.1366643,87.6,55.81,-0.165,-0.075,0.973,0,55.70674629909183,,299.44464300621183,-1.0,3.0,52.178691,21.139517,24.0
17549,2026-05-11 19:14:17.900000+00:00,52.1806866,21.1367379,87.6,55.19,-0.15,-0.088,0.944,0,55.0631576991618,,291.7972801013862,-1.0,3.0,52.178691,21.139517,24.0
17554,2026-05-11 19:14:18.400000+00:00,52.1806351,21.1368104,87.6,54.44,-0.166,-0.07,0.96,0,54.467552279315534,,284.232452161262,-1.0,3.0,52.178691,21.139517,24.0
17559,2026-05-11 19:14:18.900000+00:00,52.1805839,21.1368824,87.6,54.13,-0.156,-0.066,0.944,0,54.12538526175364,,276.7151313502377,-1.0,3.0,52.178691,21.139517,24.0
17564,2026-05-11 19:14:19.400000+00:00,52.1805332,21.1369539,87.6,53.51,-0.154,-0.057,0.96,0,53.66201400616821,,269.262234262961,-1.0,3.0,52.178691,21.139517,24.0
17569,2026-05-11 19:14:19.900000+00:00,52.1804828,21.1370258,87.6,53.49,-0.144,-0.054,0.935,0,53.60967662902988,,261.8170301709614,-1.0,3.0,52.178691,21.139517,24.0
17574,2026-05-11 19:14:20.400000+00:00,52.1804327,21.1370963,87.6,52.89,-0.167,-0.059,0.966,0,52.97764231683437,,254.45915728212037,-1.0,3.0,52.178691,21.139517,24.0
17579,2026-05-11 19:14:20.900000+00:00,52.1803832,21.1371662,87.5,52.47,-0.152,-0.057,0.954,0,52.42163462250053,,247.17860459547495,-1.0,3.0,52.178691,21.139517,24.0
17584,2026-05-11 19:14:21.400000+00:00,52.1803338,21.137236,87.5,52.23,-0.148,-0.054,0.953,0,52.32900288571205,,239.9109489995952,-1.0,3.0,52.178691,21.139517,24.0
17589,2026-05-11 19:14:21.900000+00:00,52.1802844,21.1373057,87.5,52.39,-0.138,-0.062,0.962,0,52.29689536124934,,232.6477251641052,-1.0,3.0,52.178691,21.139517,24.0
17594,2026-05-11 19:14:22.400000+00:00,52.1802351,21.1373762,87.5,52.5,-0.14,-0.053,0.949,0,52.49449153049789,,225.35764854914663,-1.0,3.0,52.178691,21.139517,24.0
17599,2026-05-11 19:14:22.900000+00:00,52.180186,21.137446,87.5,52.31,-0.146,-0.047,0.961,0,52.14778817473866,,218.1154714381257,-1.0,3.0,52.178691,21.139517,24.0
17604,2026-05-11 19:14:23.400000+00:00,52.1801374,21.1375162,87.5,51.83,-0.15,-0.047,0.998,0,51.97671634052833,,210.89807894794905,-1.0,3.0,52.178691,21.139517,24.0
17609,2026-05-11 19:14:23.900000+00:00,52.1800888,21.1375863,87.5,52.21,-0.126,-0.059,0.947,0,51.94420507890893,,203.68520301508133,-1.0,3.0,52.178691,21.139517,24.0
17614,2026-05-11 19:14:24.400000+00:00,52.1800406,21.137656,87.5,51.5,-0.152,-0.056,0.963,0,51.57429789701015,,196.52401439510436,-1.0,3.0,52.178691,21.139517,24.0
17619,2026-05-11 19:14:24.900000+00:00,52.1799923,21.1377253,87.5,51.64,-0.139,-0.056,0.946,0,51.50433515921686,,189.3720629662321,-1.0,3.0,52.178691,21.139517,24.0
17624,2026-05-11 19:14:25.400000+00:00,52.1799443,21.1377941,87.6,51.25,-0.146,-0.063,0.97,0,51.161905252491785,,182.26769857089116,-1.0,3.0,52.178691,21.139517,24.0
17629,2026-05-11 19:14:25.900000+00:00,52.1798965,21.1378628,87.7,50.86,-0.133,-0.067,0.963,0,51.00929674342419,,175.18485517992937,-1.0,3.0,52.178691,21.139517,24.0
17634,2026-05-11 19:14:26.400000+00:00,52.1798489,21.1379311,87.7,50.4,-0.137,-0.046,0.955,0,50.75937699167213,,168.13672861094753,-1.0,3.0,52.178691,21.139517,24.0
17639,2026-05-11 19:14:26.900000+00:00,52.1798014,21.1379995,87.8,50.6,-0.129,-0.063,0.964,0,50.73180117560055,,161.09289802876663,-1.0,3.0,52.178691,21.139517,24.0
17644,2026-05-11 19:14:27.400000+00:00,52.1797538,21.1380679,87.9,50.77,-0.119,-0.064,0.959,0,50.79186595933088,,154.04073967304998,-1.0,3.0,52.178691,21.139517,24.0
17649,2026-05-11 19:14:27.900000+00:00,52.1797062,21.1381366,88.0,50.98,-0.12,-0.064,0.958,0,50.88937475513962,,146.975695827435,-1.0,3.0,52.178691,21.139517,24.0
17654,2026-05-11 19:14:28.400000+00:00,52.1796588,21.1382058,88.0,51.15,-0.119,-0.046,0.962,0,50.93299172523867,,139.90625894947007,-1.0,3.0,52.178691,21.139517,24.0
17659,2026-05-11 19:14:28.900000+00:00,52.1796116,21.138275,88.1,50.75,-0.134,-0.053,0.955,0,50.81382710438378,,132.8544423554472,-1.0,3.0,52.178691,21.139517,24.0
17664,2026-05-11 19:14:29.400000+00:00,52.1795647,21.1383445,88.1,50.53,-0.131,-0.042,0.971,0,50.73441775941436,,125.81601264969864,-1.0,3.0,52.178691,21.139517,24.0
17669,2026-05-11 19:14:29.900000+00:00,52.1795182,21.138414,88.2,50.36,-0.139,-0.048,0.964,0,50.49789207498206,,118.81296041192812,-1.0,3.0,52.178691,21.139517,24.0
17674,2026-05-11 19:14:30.400000+00:00,52.1794722,21.1384834,88.3,50.14,-0.162,-0.044,0.962,0,50.17018338643464,,111.85869391496064,-1.0,3.0,52.178691,21.139517,24.0
17679,2026-05-11 19:14:30.900000+00:00,52.1794271,21.1385527,88.3,49.87,-0.158,-0.046,0.956,0,49.61002062859415,,104.98853245625928,-1.0,3.0,52.178691,21.139517,24.0
17684,2026-05-11 19:14:31.400000+00:00,52.1793829,21.138621,88.3,48.63,-0.158,-0.049,0.953,0,48.74915091552724,,98.24196229112935,-1.0,3.0,52.178691,21.139517,24.0
17689,2026-05-11 19:14:31.900000+00:00,52.1793389,21.1386889,88.4,48.52,-0.158,-0.055,0.951,0,48.49788977826921,,91.5332843465756,-1.0,3.0,52.178691,21.139517,24.0
17694,2026-05-11 19:14:32.400000+00:00,52.1792953,21.1387558,88.5,48.07,-0.16,-0.084,0.948,0,47.92807545847388,,84.90578193266516,-1.0,3.0,52.178691,21.139517,24.0
17699,2026-05-11 19:14:32.900000+00:00,52.1792519,21.1388213,88.5,47.55,-0.164,-0.08,0.962,0,47.342124162950256,24.0,78.35869174014937,-1.0,3.0,52.178691,21.139517,24.0
17704,2026-05-11 19:14:33.400000+00:00,52.1792089,21.1388856,88.5,46.95,-0.154,-0.074,0.955,0,46.70746911759554,24.0,71.9013576953771,-1.0,3.0,52.178691,21.139517,24.0
17709,2026-05-11 19:14:33.900000+00:00,52.1791661,21.1389495,88.5,46.58,-0.145,-0.071,0.956,0,46.4567728912524,24.0,65.48397530017407,-1.0,3.0,52.178691,21.139517,24.0
17714,2026-05-11 19:14:34.400000+00:00,52.1791232,21.1390131,88.5,46.53,-0.116,-0.087,0.947,0,46.41667979090916,24.0,59.07705152254224,-1.0,3.0,52.178691,21.139517,24.0
17719,2026-05-11 19:14:34.900000+00:00,52.1790799,21.1390769,88.6,46.83,-0.123,-0.075,0.968,0,46.719925669540736,24.0,52.6355290875074,-1.0,3.0,52.178691,21.139517,24.0
17724,2026-05-11 19:14:35.400000+00:00,52.179036,21.1391419,88.6,47.1,-0.113,-0.074,0.953,0,47.47145531870143,24.0,46.106349655948414,-1.0,3.0,52.178691,21.139517,24.0
17729,2026-05-11 19:14:35.900000+00:00,52.1789919,21.1392061,88.7,47.29,-0.117,-0.068,0.962,0,47.32770164223598,24.0,39.60877498469704,-1.0,3.0,52.178691,21.139517,24.0
17734,2026-05-11 19:14:36.400000+00:00,52.1789476,21.1392699,88.7,47.43,-0.12,-0.071,0.964,0,47.317078137511295,24.0,33.135775643508325,-1.0,3.0,52.178691,21.139517,24.0
17739,2026-05-11 19:14:36.900000+00:00,52.1789032,21.1393333,88.8,47.36,-0.127,-0.069,0.951,0,47.2475459166772,24.0,26.714028811949987,-1.0,3.0,52.178691,21.139517,24.0
17744,2026-05-11 19:14:37.400000+00:00,52.1788586,21.1393971,88.8,47.59,-0.127,-0.069,0.947,0,47.49741428776384,24.0,20.350597530297232,-1.0,3.0,52.178691,21.139517,24.0
17749,2026-05-11 19:14:37.900000+00:00,52.1788138,21.1394611,88.8,47.88,-0.128,-0.07,0.969,0,47.68256556043426,24.0,14.176726597528344,-1.0,3.0,52.178691,21.139517,24.0
17754,2026-05-11 19:14:38.400000+00:00,52.1787691,21.139525,88.9,47.65,-0.128,-0.058,0.964,0,47.59001847113303,24.0,8.701438142311913,-1.0,3.0,52.178691,21.139517,24.0
17759,2026-05-11 19:14:38.900000+00:00,52.1787242,21.1395894,88.9,47.99,-0.116,-0.063,0.958,0,47.8723186688899,24.0,6.164272647913464,-1.0,3.0,52.178691,21.139517,24.0
17764,2026-05-11 19:14:39.400000+00:00,52.1786795,21.1396537,88.8,48.0,-0.12,-0.067,0.973,0,47.71973348171274,24.0,9.40817423529954,-1.0,3.0,52.178691,21.139517,24.0
17769,2026-05-11 19:14:39.900000+00:00,52.1786341,21.1397189,88.8,48.46,-0.106,-0.066,0.953,0,48.43233229631924,24.0,15.150842854629554,-1.0,3.0,52.178691,21.139517,24.0
17774,2026-05-11 19:14:40.400000+00:00,52.1785886,21.1397841,88.8,48.65,-0.097,-0.076,0.941,0,48.49246627462899,24.0,21.47866393707265,-1.0,3.0,52.178691,21.139517,24.0
17779,2026-05-11 19:14:40.900000+00:00,52.1785424,21.1398499,88.8,49.08,-0.109,-0.073,0.967,0,49.108133026788565,24.0,28.0760084305204,-1.0,3.0,52.178691,21.139517,24.0
17784,2026-05-11 19:14:41.400000+00:00,52.1784961,21.1399157,88.8,49.29,-0.105,-0.069,0.985,0,49.16848415865186,24.0,34.76656617846739,-1.0,3.0,52.178691,21.139517,24.0
17789,2026-05-11 19:14:41.900000+00:00,52.1784492,21.139982,88.8,49.9,-0.102,-0.054,0.95,0,49.69209091787166,24.0,41.57137909877763,-1.0,3.0,52.178691,21.139517,24.0
17794,2026-05-11 19:14:42.400000+00:00,52.178402,21.1400493,88.9,49.93,-0.1,-0.058,0.943,0,50.19562064476546,24.0,48.47679376729745,-1.0,3.0,52.178691,21.139517,24.0
17799,2026-05-11 19:14:42.900000+00:00,52.1783547,21.1401169,88.8,50.49,-0.114,-0.056,0.965,0,50.352891789837486,24.0,55.42139757318481,-1.0,3.0,52.178691,21.139517,24.0
17804,2026-05-11 19:14:43.400000+00:00,52.178307,21.1401848,88.9,50.8,-0.117,-0.059,0.964,0,50.69092726519334,24.0,62.422265909372186,-1.0,3.0,52.178691,21.139517,24.0
17809,2026-05-11 19:14:43.900000+00:00,52.1782591,21.1402526,89.0,50.68,-0.122,-0.063,0.975,0,50.77949543461179,24.0,69.44158709978117,-1.0,3.0,52.178691,21.139517,24.0
17814,2026-05-11 19:14:44.400000+00:00,52.1782115,21.1403208,89.0,50.76,-0.136,-0.046,0.951,0,50.72777580479776,24.0,76.46333306732129,-1.0,3.0,52.178691,21.139517,24.0
17819,2026-05-11 19:14:44.900000+00:00,52.1781639,21.1403884,89.0,50.6,-0.139,-0.055,0.958,0,50.533864428537264,,83.45995933576589,-1.0,3.0,52.178691,21.139517,24.0
17824,2026-05-11 19:14:45.400000+00:00,52.1781164,21.1404563,89.1,50.55,-0.124,-0.051,0.955,0,50.57050171671041,,90.4666185159454,-1.0,3.0,52.178691,21.139517,24.0
17829,2026-05-11 19:14:45.900000+00:00,52.178069,21.1405241,89.1,50.46,-0.135,-0.057,0.969,0,50.47796166475346,,97.46303664141708,-1.0,3.0,52.178691,21.139517,24.0
17834,2026-05-11 19:14:46.400000+00:00,52.1780215,21.140592,89.1,50.64,-0.125,-0.06,0.964,0,50.57054860324472,,104.4740981626015,-1.0,3.0,52.178691,21.139517,24.0
17839,2026-05-11 19:14:46.900000+00:00,52.1779739,21.1406603,89.2,50.58,-0.123,-0.051,0.96,0,50.76031073018377,,111.51377000582973,-1.0,3.0,52.178691,21.139517,24.0
17844,2026-05-11 19:14:47.400000+00:00,52.1779265,21.1407287,89.2,50.75,-0.112,-0.049,0.948,0,50.67275354486095,,118.54348085919328,-1.0,3.0,52.178691,21.139517,24.0
17849,2026-05-11 19:14:47.900000+00:00,52.1778792,21.1407972,89.2,50.62,-0.141,-0.046,0.981,0,50.64543405540538,,125.5708567527307,-1.0,3.0,52.178691,21.139517,24.0
17854,2026-05-11 19:14:48.400000+00:00,52.1778323,21.1408661,89.2,50.82,-0.109,-0.02,0.93,0,50.537682592280575,,132.5858300079327,-1.0,3.0,52.178691,21.139517,24.0
17859,2026-05-11 19:14:48.900000+00:00,52.1777855,21.1409388,89.4,51.23,-0.136,-0.01,0.998,0,51.74691626575662,,139.77279337796023,-1.0,3.0,52.178691,21.139517,24.0
17864,2026-05-11 19:14:49.400000+00:00,52.1777399,21.1410106,89.3,51.19,-0.105,-0.021,0.943,0,50.74771560066836,,146.8210805673306,-1.0,3.0,52.178691,21.139517,24.0
17869,2026-05-11 19:14:49.900000+00:00,52.1776949,21.1410834,89.4,50.64,-0.134,-0.017,0.983,0,50.74783018496416,,153.86864617126383,-1.0,3.0,52.178691,21.139517,24.0
17874,2026-05-11 19:14:50.400000+00:00,52.1776508,21.1411583,89.5,51.32,-0.102,-0.002,0.937,0,50.97748715221993,,160.94383396020868,-1.0,3.0,52.178691,21.139517,24.0
17879,2026-05-11 19:14:50.900000+00:00,52.1776077,21.1412336,89.4,51.08,-0.126,-0.013,0.977,0,50.56970804258026,,167.95867851248062,-1.0,3.0,52.178691,21.139517,24.0
17884,2026-05-11 19:14:51.400000+00:00,52.1775659,21.1413111,89.5,51.02,-0.119,-0.029,0.967,0,50.6712692392053,,174.97562365923338,-1.0,3.0,52.178691,21.139517,24.0
17889,2026-05-11 19:14:51.900000+00:00,52.1775245,21.1413905,89.5,51.26,-0.121,-0.012,0.949,0,51.16738196280403,,182.05334748601112,-1.0,3.0,52.178691,21.139517,24.0
17894,2026-05-11 19:14:52.400000+00:00,52.177484,21.1414704,89.4,51.19,-0.125,-0.029,0.944,0,50.892591672168095,,189.086196104932,-1.0,3.0,52.178691,21.139517,24.0
17899,2026-05-11 19:14:52.900000+00:00,52.1774449,21.1415523,89.4,51.21,-0.129,-0.006,0.968,0,50.95709477980749,,196.1080091296395,-1.0,3.0,52.178691,21.139517,24.0
17904,2026-05-11 19:14:53.400000+00:00,52.1774065,21.1416352,89.4,51.27,-0.13,-0.001,0.968,0,51.00565779752778,,203.12740572259693,-1.0,3.0,52.178691,21.139517,24.0
17909,2026-05-11 19:14:53.900000+00:00,52.1773681,21.1417194,89.3,51.87,-0.121,-0.005,0.947,0,51.5163887644487,,210.21446283327035,-1.0,3.0,52.178691,21.139517,24.0
17914,2026-05-11 19:14:54.400000+00:00,52.1773312,21.1418047,89.2,51.17,-0.142,-0.005,0.954,0,51.24923110758309,,217.2436764460208,-1.0,3.0,52.178691,21.139517,24.0
17919,2026-05-11 19:14:54.900000+00:00,52.1772947,21.1418906,89.0,51.57,-0.148,-0.009,0.982,0,51.3071750696504,,224.2772131491536,-1.0,3.0,52.178691,21.139517,24.0
17924,2026-05-11 19:14:55.400000+00:00,52.1772589,21.1419769,88.9,51.11,-0.128,0.0,0.946,0,51.15263287795903,,231.28258674021475,-1.0,3.0,52.178691,21.139517,24.0
17929,2026-05-11 19:14:55.900000+00:00,52.1772231,21.1420642,88.5,51.03,-0.137,-0.007,0.972,0,51.56003613175135,,238.3435171155976,-1.0,3.0,52.178691,21.139517,24.0
17934,2026-05-11 19:14:56.400000+00:00,52.1771891,21.1421528,88.4,51.09,-0.141,-0.001,0.984,0,51.31301369221298,,245.3388569371124,-1.0,3.0,52.178691,21.139517,24.0
17939,2026-05-11 19:14:56.900000+00:00,52.1771559,21.1422422,88.4,51.53,-0.134,-0.002,0.958,0,51.31171893363722,,252.3215276368913,-1.0,3.0,52.178691,21.139517,24.0
17944,2026-05-11 19:14:57.400000+00:00,52.1771234,21.142331,88.3,50.78,-0.148,0.008,0.988,0,50.770527030062695,,259.22941000682874,-1.0,3.0,52.178691,21.139517,24.0
17949,2026-05-11 19:14:57.900000+00:00,52.177091,21.1424203,88.3,50.99,-0.131,0.0,0.964,0,50.94068173871171,,266.16274774061714,-1.0,3.0,52.178691,21.139517,24.0
17954,2026-05-11 19:14:58.400000+00:00,52.1770589,21.1425096,88.3,51.04,-0.132,-0.003,0.976,0,50.818826751783256,,273.0811877733969,-1.0,3.0,52.178691,21.139517,24.0
17959,2026-05-11 19:14:58.900000+00:00,52.177027,21.1425984,88.3,50.6,-0.124,0.0,0.953,0,50.52610964192436,,279.9663200678169,-1.0,3.0,52.178691,21.139517,24.0
17964,2026-05-11 19:14:59.400000+00:00,52.1769955,21.1426864,88.3,50.5,-0.129,-0.012,0.952,0,50.025434683472014,,286.7875246118495,-1.0,3.0,52.178691,21.139517,24.0
17969,2026-05-11 19:14:59.900000+00:00,52.1769639,21.1427745,88.3,50.61,-0.121,0.006,0.979,0,50.108241071886944,,293.6271067117307,-1.0,3.0,52.178691,21.139517,24.0
17974,2026-05-11 19:15:00.400000+00:00,52.1769322,21.1428635,88.3,50.7,-0.119,-0.001,0.962,0,50.530326273000846,,300.5260268913951,-1.0,3.0,52.178691,21.139517,24.0
17979,2026-05-11 19:15:00.900000+00:00,52.1769007,21.1429517,88.3,49.78,-0.114,-0.006,0.954,0,50.1103387305333,,307.3743772079582,-1.0,3.0,52.178691,21.139517,24.0
17984,2026-05-11 19:15:01.400000+00:00,52.1768694,21.1430396,88.1,50.79,-0.117,-0.002,0.945,0,49.90254914777069,,314.1976505100259,-1.0,3.0,52.178691,21.139517,24.0
17989,2026-05-11 19:15:01.900000+00:00,52.1768377,21.1431292,88.0,51.12,-0.126,-0.004,0.974,0,50.78534309648276,,321.14298001429324,-1.0,3.0,52.178691,21.139517,24.0
17994,2026-05-11 19:15:02.400000+00:00,52.1768057,21.1432187,87.9,51.11,-0.117,0.008,0.949,0,50.86340332232607,,318.5091055249492,-1.0,3.0,52.175335,21.147227,25.0
17999,2026-05-11 19:15:02.900000+00:00,52.1767739,21.1433087,87.8,51.42,-0.13,0.006,0.971,0,50.995515571481775,,311.42737302693297,-1.0,3.0,52.175335,21.147227,25.0
18004,2026-05-11 19:15:03.400000+00:00,52.1767423,21.1433988,87.7,51.34,-0.125,0.002,0.98,0,50.958404259580256,,304.35126691267243,-1.0,3.0,52.175335,21.147227,25.0
18009,2026-05-11 19:15:03.900000+00:00,52.1767102,21.1434891,87.6,51.8,-0.115,0.006,0.952,0,51.24327320747823,,297.23492749407507,-1.0,3.0,52.175335,21.147227,25.0
18014,2026-05-11 19:15:04.400000+00:00,52.1766782,21.1435796,87.5,51.7,-0.136,-0.005,0.967,0,51.28823551597517,,290.11265501528976,-1.0,3.0,52.175335,21.147227,25.0
18019,2026-05-11 19:15:04.900000+00:00,52.1766465,21.1436698,87.5,51.25,-0.123,0.003,0.979,0,51.04087150851166,,283.0251530771343,-1.0,3.0,52.175335,21.147227,25.0
18024,2026-05-11 19:15:05.400000+00:00,52.1766148,21.1437602,87.4,51.47,-0.129,0.01,0.949,0,51.12611421862021,,275.92604087542094,-1.0,3.0,52.175335,21.147227,25.0
18029,2026-05-11 19:15:05.900000+00:00,52.1765832,21.1438501,87.4,51.21,-0.144,-0.001,0.964,0,50.87332973202975,,268.8619570177154,-1.0,3.0,52.175335,21.147227,25.0
18034,2026-05-11 19:15:06.400000+00:00,52.176552,21.14394,87.3,51.17,-0.134,0.0,0.97,0,50.71486335227408,,261.82094418612866,-1.0,3.0,52.175335,21.147227,25.0
18039,2026-05-11 19:15:06.900000+00:00,52.1765204,21.1440301,87.3,51.26,-0.125,0.003,0.96,0,50.958595817363545,,254.74539303388687,-1.0,3.0,52.175335,21.147227,25.0
18044,2026-05-11 19:15:07.400000+00:00,52.1764884,21.1441203,87.2,51.34,-0.117,-0.007,0.961,0,51.16085760181805,,247.64108473422925,-1.0,3.0,52.175335,21.147227,25.0
18049,2026-05-11 19:15:07.900000+00:00,52.176456,21.1442109,87.2,51.48,-0.119,-0.001,0.971,0,51.49154562382795,,240.4904737393969,-1.0,3.0,52.175335,21.147227,25.0
18054,2026-05-11 19:15:08.400000+00:00,52.1764237,21.1443017,87.2,51.54,-0.111,-0.007,0.944,0,51.53620025383401,,233.33402933364195,-1.0,3.0,52.175335,21.147227,25.0
18059,2026-05-11 19:15:08.900000+00:00,52.1763914,21.1443922,87.2,51.44,-0.121,0.001,0.976,0,51.408878407876045,,226.19514916503903,-1.0,3.0,52.175335,21.147227,25.0
18064,2026-05-11 19:15:09.400000+00:00,52.176359,21.1444834,87.1,51.93,-0.126,-0.002,0.982,0,51.74630746975375,,219.00979060653296,-1.0,3.0,52.175335,21.147227,25.0
18069,2026-05-11 19:15:09.900000+00:00,52.1763264,21.1445743,87.1,51.98,-0.118,-0.009,0.944,0,51.69959276428436,,211.83043213957245,-1.0,3.0,52.175335,21.147227,25.0
18074,2026-05-11 19:15:10.400000+00:00,52.176294,21.1446655,87.1,51.81,-0.133,0.0,0.969,0,51.74636408380266,,204.64527567934508,-1.0,3.0,52.175335,21.147227,25.0
18079,2026-05-11 19:15:10.900000+00:00,52.1762613,21.1447563,87.1,52.08,-0.123,-0.005,0.948,0,51.69777116530607,,197.46611645175267,-1.0,3.0,52.175335,21.147227,25.0
18084,2026-05-11 19:15:11.400000+00:00,52.1762291,21.1448463,87.1,51.1,-0.161,0.004,0.971,0,51.15661388443131,,190.36259091315597,-1.0,3.0,52.175335,21.147227,25.0
18089,2026-05-11 19:15:11.900000+00:00,52.1761972,21.1449358,87.1,50.99,-0.145,0.002,0.976,0,50.82364465284361,,183.305688660614,-1.0,3.0,52.175335,21.147227,25.0
18094,2026-05-11 19:15:12.400000+00:00,52.1761655,21.1450242,87.1,50.6,-0.139,-0.008,0.942,0,50.276469372820166,,176.32448205215752,-1.0,3.0,52.175335,21.147227,25.0
18099,2026-05-11 19:15:12.900000+00:00,52.176134,21.145112,87.0,50.16,-0.137,0.008,0.98,0,49.9413799692258,,169.3899052531204,-1.0,3.0,52.175335,21.147227,25.0
18104,2026-05-11 19:15:13.400000+00:00,52.1761027,21.1452002,87.0,50.46,-0.12,-0.008,0.954,0,50.0306186523301,,162.4439493090111,-1.0,3.0,52.175335,21.147227,25.0
18109,2026-05-11 19:15:13.900000+00:00,52.1760715,21.1452881,87.0,50.09,-0.125,0.008,0.969,0,49.86306441386623,,155.52148098496642,-1.0,3.0,52.175335,21.147227,25.0
18114,2026-05-11 19:15:14.400000+00:00,52.1760402,21.145376,86.9,50.29,-0.124,-0.003,0.94,0,49.903244847668,,148.59341686177942,-1.0,3.0,52.175335,21.147227,25.0
18119,2026-05-11 19:15:14.900000+00:00,52.1760086,21.1454631,86.8,49.98,-0.157,0.0,0.985,0,49.68586962596722,,141.69429939709872,-1.0,3.0,52.175335,21.147227,25.0
18124,2026-05-11 19:15:15.400000+00:00,52.1759768,21.1455496,86.7,49.56,-0.141,-0.004,0.954,0,49.51473249610269,,134.8182860096452,-1.0,3.0,52.175335,21.147227,25.0
18129,2026-05-11 19:15:15.900000+00:00,52.175946,21.1456357,86.6,48.93,-0.145,-0.001,0.953,0,48.93817758419858,,128.02448150430712,-1.0,3.0,52.175335,21.147227,25.0
18134,2026-05-11 19:15:16.400000+00:00,52.1759159,21.1457213,86.5,48.41,-0.16,0.002,0.957,0,48.44512112225124,,121.30132533918729,-1.0,3.0,52.175335,21.147227,25.0
18139,2026-05-11 19:15:16.900000+00:00,52.1758857,21.1458054,86.6,47.98,-0.196,-0.016,0.969,0,47.8480890052268,,114.65931186239185,-1.0,3.0,52.175335,21.147227,25.0
18144,2026-05-11 19:15:17.400000+00:00,52.1758567,21.1458868,86.5,45.94,-0.228,0.013,0.959,0,46.21901507893525,,108.24468043892928,-1.0,3.0,52.175335,21.147227,25.0
18149,2026-05-11 19:15:17.900000+00:00,52.1758289,21.1459655,86.5,44.49,-0.217,0.003,0.952,0,44.59052727063644,,102.05761928545462,-1.0,3.0,52.175335,21.147227,25.0
18154,2026-05-11 19:15:18.400000+00:00,52.1758027,21.1460409,86.5,41.95,-0.241,0.022,0.947,0,42.548317127953865,,96.15683075623592,-1.0,3.0,52.175335,21.147227,25.0
18159,2026-05-11 19:15:18.900000+00:00,52.1757779,21.1461126,86.5,40.09,-0.264,0.027,0.96,0,40.41537624142005,,90.5535669739026,-1.0,3.0,52.175335,21.147227,25.0
18164,2026-05-11 19:15:19.400000+00:00,52.1757544,21.1461795,86.6,37.66,-0.216,0.0,0.949,0,37.85228542787822,,85.30469314299668,-1.0,3.0,52.175335,21.147227,25.0
18169,2026-05-11 19:15:19.900000+00:00,52.1757312,21.1462443,86.4,36.67,-0.179,0.01,0.931,0,36.83952915980422,,80.1948827004612,-1.0,3.0,52.175335,21.147227,25.0
18174,2026-05-11 19:15:20.400000+00:00,52.1757091,21.1463069,86.4,35.28,-0.192,0.01,0.969,0,35.46339604094407,25.0,75.27861450191173,-1.0,3.0,52.175335,21.147227,25.0
18179,2026-05-11 19:15:20.900000+00:00,52.1756873,21.146368,86.4,34.52,-0.186,0.012,0.962,0,34.70570397731098,25.0,70.46719323259977,-1.0,3.0,52.175335,21.147227,25.0
18184,2026-05-11 19:15:21.400000+00:00,52.1756656,21.1464266,86.3,33.6,-0.187,-0.025,0.94,0,33.60901141641857,25.0,65.80461234774934,-1.0,3.0,52.175335,21.147227,25.0
18189,2026-05-11 19:15:21.900000+00:00,52.1756441,21.1464817,86.3,32.18,-0.221,-0.072,0.955,0,32.06406535699351,25.0,61.3528921567511,-1.0,3.0,52.175335,21.147227,25.0
18194,2026-05-11 19:15:22.400000+00:00,52.1756221,21.1465337,86.3,30.71,-0.22,-0.066,0.952,0,31.01638729585876,25.0,57.04526027096702,-1.0,3.0,52.175335,21.147227,25.0
18199,2026-05-11 19:15:22.900000+00:00,52.1756009,21.1465827,86.4,28.9,-0.231,-0.045,0.957,0,29.44194421352935,25.0,52.95702575352452,-1.0,3.0,52.175335,21.147227,25.0
18204,2026-05-11 19:15:23.400000+00:00,52.1755792,21.1466278,86.4,27.52,-0.21,-0.022,0.937,0,28.14454938434588,25.0,49.059278891796026,-1.0,3.0,52.175335,21.147227,25.0
18209,2026-05-11 19:15:23.900000+00:00,52.1755584,21.1466713,86.4,26.97,-0.212,0.004,0.954,0,27.081882906722708,25.0,45.309574445247165,-1.0,3.0,52.175335,21.147227,25.0
18214,2026-05-11 19:15:24.400000+00:00,52.1755402,21.1467123,86.5,24.56,-0.228,0.04,0.96,0,24.849821882669715,25.0,41.86221270249108,-1.0,3.0,52.175335,21.147227,25.0
18219,2026-05-11 19:15:24.900000+00:00,52.1755231,21.1467517,86.5,23.19,-0.195,0.036,0.96,0,23.69845869939554,25.0,38.57353839399276,-1.0,3.0,52.175335,21.147227,25.0
18224,2026-05-11 19:15:25.400000+00:00,52.1755078,21.14679,86.5,22.23,-0.207,0.047,0.959,0,22.441786072291304,25.0,35.4566547707974,-1.0,3.0,52.175335,21.147227,25.0
18229,2026-05-11 19:15:25.900000+00:00,52.175494,21.1468265,86.4,20.73,-0.196,0.026,0.94,0,21.052343936013813,25.0,32.53337001711854,-1.0,3.0,52.175335,21.147227,25.0
18234,2026-05-11 19:15:26.400000+00:00,52.1754817,21.1468612,86.4,19.12,-0.206,0.03,0.968,0,19.67777634932544,25.0,29.80413843540116,-1.0,3.0,52.175335,21.147227,25.0
18239,2026-05-11 19:15:26.900000+00:00,52.1754694,21.146893,86.4,18.4,-0.188,0.021,0.953,0,18.458845151825464,25.0,27.24078911293267,-1.0,3.0,52.175335,21.147227,25.0
18244,2026-05-11 19:15:27.400000+00:00,52.1754589,21.146924,86.3,17.55,-0.163,0.025,0.956,0,17.387167610835647,25.0,24.83356750461552,-1.0,3.0,52.175335,21.147227,25.0
18249,2026-05-11 19:15:27.900000+00:00,52.1754487,21.1469527,86.3,15.92,-0.215,0.018,0.962,0,16.286036783848264,25.0,22.57653114928741,-1.0,3.0,52.175335,21.147227,25.0
18254,2026-05-11 19:15:28.400000+00:00,52.1754397,21.1469793,86.4,14.84,-0.196,0.019,0.946,0,14.91557234457473,25.0,20.5141971490364,-1.0,3.0,52.175335,21.147227,25.0
18259,2026-05-11 19:15:28.900000+00:00,52.1754311,21.1470033,86.4,13.2,-0.195,0.011,0.959,0,13.647331355699666,25.0,18.62455305583694,-1.0,3.0,52.175335,21.147227,25.0
18264,2026-05-11 19:15:29.400000+00:00,52.1754238,21.1470254,86.4,11.97,-0.191,0.003,0.952,0,12.324265091227849,25.0,16.925731047578406,-1.0,3.0,52.175335,21.147227,25.0
18269,2026-05-11 19:15:29.900000+00:00,52.175417,21.1470451,86.4,10.46,-0.252,0.021,0.96,0,11.098952972829627,25.0,15.394495991999396,-1.0,3.0,52.175335,21.147227,25.0
18274,2026-05-11 19:15:30.400000+00:00,52.175412,21.1470612,86.4,8.16,-0.257,0.016,0.942,0,8.860379979871809,25.0,14.18206953137012,-1.0,3.0,52.175335,21.147227,25.0
18279,2026-05-11 19:15:30.900000+00:00,52.1754093,21.1470732,86.5,5.4,-0.278,0.02,0.952,0,6.275638102684103,25.0,13.350917527722023,-1.0,3.0,52.175335,21.147227,25.0
18284,2026-05-11 19:15:31.400000+00:00,52.1754077,21.1470809,86.6,2.82,-0.283,0.021,0.945,0,3.991571496066529,25.0,12.8297041978876,-1.0,3.0,52.175335,21.147227,25.0
18289,2026-05-11 19:15:31.900000+00:00,52.1754079,21.1470844,86.7,0.08,-0.28,0.013,0.951,0,1.7258284466696363,25.0,12.659498506480926,-1.0,3.0,52.175335,21.147227,25.0
18294,2026-05-11 19:15:32.400000+00:00,52.1754089,21.1470861,86.8,0.13,-0.101,0.0,0.955,0,1.156544989092311,25.0,12.642665030541684,-1.0,3.0,52.175335,21.147227,25.0
18299,2026-05-11 19:15:32.900000+00:00,52.1754098,21.1470876,86.9,0.07,-0.123,0.0,0.976,0,1.0303114427291664,25.0,12.630782143036868,-1.0,3.0,52.175335,21.147227,25.0
18304,2026-05-11 19:15:33.400000+00:00,52.1754108,21.1470889,87.0,0.09,-0.121,0.004,0.97,0,1.023883777830861,25.0,12.638088554819108,-1.0,3.0,52.175335,21.147227,25.0
18309,2026-05-11 19:15:33.900000+00:00,52.1754117,21.1470899,87.0,0.1,-0.121,0.001,0.97,0,0.8719122340939769,25.0,12.654589668501885,-1.0,3.0,52.175335,21.147227,25.0
18314,2026-05-11 19:15:34.400000+00:00,52.1754125,21.1470907,87.1,0.11,-0.119,0.001,0.972,0,0.7513249998500061,25.0,12.674655077146298,-1.0,3.0,52.175335,21.147227,25.0
18319,2026-05-11 19:15:34.900000+00:00,52.1754132,21.1470918,87.3,0.18,-0.119,0.004,0.966,0,0.7782943025276922,25.0,12.673033748842414,-1.0,3.0,52.175335,21.147227,25.0
18324,2026-05-11 19:15:35.400000+00:00,52.175414,21.1470928,87.4,0.06,-0.119,0.003,0.968,0,0.8070109794812766,25.0,12.684953503100136,-1.0,3.0,52.175335,21.147227,25.0
18329,2026-05-11 19:15:35.900000+00:00,52.175415,21.1470937,87.6,0.11,-0.12,0.002,0.967,0,0.9144480370185614,25.0,12.718274817279942,-1.0,3.0,52.175335,21.147227,25.0
18334,2026-05-11 19:15:36.400000+00:00,52.175416,21.1470945,87.7,0.06,-0.119,0.003,0.971,0,0.891760595060405,25.0,12.757602424473314,-1.0,3.0,52.175335,21.147227,25.0
18339,2026-05-11 19:15:36.900000+00:00,52.175417,21.1470955,87.9,0.05,-0.118,0.002,0.97,0,0.93915622530571,25.0,12.788441523620566,-1.0,3.0,52.175335,21.147227,25.0
18344,2026-05-11 19:15:37.400000+00:00,52.175418,21.1470966,88.0,0.06,-0.119,0.004,0.969,0,0.9657300760587596,25.0,12.815801458866003,-1.0,3.0,52.175335,21.147227,25.0
18349,2026-05-11 19:15:37.900000+00:00,52.1754189,21.1470978,88.1,0.3,-0.12,0.0,0.97,0,0.9307481858265508,25.0,12.831737342270184,-1.0,3.0,52.175335,21.147227,25.0
18354,2026-05-11 19:15:38.400000+00:00,52.1754199,21.1470989,88.3,0.03,-0.118,0.001,0.97,0,0.9657300665071936,25.0,12.861746634139504,-1.0,3.0,52.175335,21.147227,25.0
18359,2026-05-11 19:15:38.900000+00:00,52.1754207,21.1471,88.5,0.18,-0.116,0.0,0.972,0,0.8377868517803057,25.0,12.87661478160198,-1.0,3.0,52.175335,21.147227,25.0
18364,2026-05-11 19:15:39.400000+00:00,52.1754218,21.147101,88.6,0.2,-0.12,0.003,0.973,0,1.008274374883244,25.0,12.921954928234202,-1.0,3.0,52.175335,21.147227,25.0
18369,2026-05-11 19:15:39.900000+00:00,52.1754227,21.1471023,88.8,0.06,-0.119,0.001,0.973,0,0.962576872921268,25.0,12.938442562473128,-1.0,3.0,52.175335,21.147227,25.0
18374,2026-05-11 19:15:40.400000+00:00,52.1754235,21.1471032,89.0,0.05,-0.119,0.001,0.97,0,0.7781178644979849,25.0,12.965578512844008,-1.0,3.0,52.175335,21.147227,25.0
18379,2026-05-11 19:15:40.900000+00:00,52.1754245,21.1471041,89.2,0.06,-0.122,0.001,0.971,0,0.9144479914186148,25.0,13.010559672776829,-1.0,3.0,52.175335,21.147227,25.0
18384,2026-05-11 19:15:41.400000+00:00,52.1754266,21.1471048,89.6,0.26,-0.119,0.001,0.969,0,1.7160342165563518,25.0,13.159755094548656,-1.0,3.0,52.175335,21.147227,25.0
18389,2026-05-11 19:15:41.900000+00:00,52.1754276,21.1471056,89.8,0.1,-0.118,0.003,0.969,0,0.8917605492593441,25.0,13.211755885927811,-1.0,3.0,52.175335,21.147227,25.0
18394,2026-05-11 19:15:42.400000+00:00,52.1754287,21.1471062,90.1,0.09,-0.118,0.005,0.969,0,0.9286259567287624,25.0,13.281889634988932,-1.0,3.0,52.175335,21.147227,25.0
18399,2026-05-11 19:15:42.900000+00:00,52.1754297,21.1471068,90.3,0.08,-0.124,-0.002,0.968,0,0.8530787372166995,25.0,13.344124437186691,-1.0,3.0,52.175335,21.147227,25.0
18404,2026-05-11 19:15:43.400000+00:00,52.1754307,21.1471072,90.6,0.18,-0.111,-0.006,0.967,0,0.8243383111704085,25.0,13.415417759256927,-1.0,3.0,52.175335,21.147227,25.0
18409,2026-05-11 19:15:43.900000+00:00,52.1754318,21.1471084,90.9,0.77,-0.076,-0.02,0.972,0,1.0595651766110892,25.0,13.463333259831543,-1.0,3.0,52.175335,21.147227,25.0
18414,2026-05-11 19:15:44.400000+00:00,52.1754318,21.147111,91.1,1.76,-0.06,-0.017,0.974,0,1.2765134884073406,25.0,13.357586330663125,-1.0,3.0,52.175335,21.147227,25.0
18419,2026-05-11 19:15:44.900000+00:00,52.1754306,21.1471153,91.3,2.71,-0.044,-0.009,0.98,0,2.319477226268563,25.0,13.07737417752868,-1.0,3.0,52.175335,21.147227,25.0
18424,2026-05-11 19:15:45.400000+00:00,52.1754287,21.1471228,91.4,4.46,-0.031,-0.013,0.977,0,3.9840753856643736,25.0,12.611159983205749,-1.0,3.0,52.175335,21.147227,25.0
18429,2026-05-11 19:15:45.900000+00:00,52.1754255,21.1471334,91.5,6.75,-0.024,-0.007,0.976,0,5.800662607805441,25.0,11.916545876438413,-1.0,3.0,52.175335,21.147227,25.0
18434,2026-05-11 19:15:46.400000+00:00,52.1754217,21.1471477,91.6,8.33,-0.002,-0.015,0.976,0,7.651636320498634,25.0,11.053587155894188,-1.0,3.0,52.175335,21.147227,25.0
18439,2026-05-11 19:15:46.900000+00:00,52.1754165,21.1471662,91.7,10.66,-0.005,-0.006,0.985,0,9.99152417726857,25.0,9.965727349426109,-1.0,3.0,52.175335,21.147227,25.0
18444,2026-05-11 19:15:47.400000+00:00,52.1754105,21.1471885,91.8,13.01,0.012,-0.012,0.98,0,11.95599406387474,25.0,8.796131492283116,-1.0,3.0,52.175335,21.147227,25.0
18449,2026-05-11 19:15:47.900000+00:00,52.1754046,21.1472151,92.2,15.17,0.017,-0.023,0.984,0,13.88770548520822,25.0,7.78159184185412,-1.0,3.0,52.175335,21.147227,25.0
18454,2026-05-11 19:15:48.400000+00:00,52.1753959,21.1472474,92.3,17.91,0.019,-0.026,0.971,0,17.32046119065863,25.0,6.913173735285051,-1.0,3.0,52.175335,21.147227,25.0
18459,2026-05-11 19:15:48.900000+00:00,52.1753854,21.1472842,92.3,20.42,0.016,-0.045,0.979,0,19.927478075436504,25.0,6.827953626406589,-1.0,3.0,52.175335,21.147227,25.0
18464,2026-05-11 19:15:49.400000+00:00,52.1753734,21.1473245,92.3,22.38,-0.017,-0.047,0.98,0,21.995094716452183,25.0,7.901564977554036,-1.0,3.0,52.175335,21.147227,25.0
18469,2026-05-11 19:15:49.900000+00:00,52.1753601,21.1473681,92.3,24.08,-0.032,-0.04,0.966,0,23.90826277121476,25.0,10.018226901567326,-1.0,3.0,52.175335,21.147227,25.0
18474,2026-05-11 19:15:50.400000+00:00,52.1753465,21.1474145,92.3,25.7,-0.049,-0.021,0.985,0,25.249203818346377,25.0,12.849404971846909,-1.0,3.0,52.175335,21.147227,25.0
18479,2026-05-11 19:15:50.900000+00:00,52.1753318,21.147463,92.3,26.86,-0.059,-0.028,0.964,0,26.56152506405638,25.0,16.09676713621391,-1.0,3.0,52.175335,21.147227,25.0
18484,2026-05-11 19:15:51.400000+00:00,52.1753168,21.1475139,92.4,28.01,-0.051,-0.032,0.972,0,27.725994405539133,25.0,19.66810056360344,-1.0,3.0,52.175335,21.147227,25.0
18489,2026-05-11 19:15:51.900000+00:00,52.1753009,21.1475668,92.4,29.35,-0.051,-0.05,0.973,0,28.924010280069847,25.0,23.479156472572058,-1.0,3.0,52.175335,21.147227,25.0
18494,2026-05-11 19:15:52.400000+00:00,52.1752844,21.1476217,92.5,30.6,-0.053,-0.053,0.961,0,30.01715482664333,25.0,27.4964111247872,-1.0,3.0,52.175335,21.147227,25.0
18499,2026-05-11 19:15:52.900000+00:00,52.1752657,21.147678,92.5,31.62,-0.064,-0.066,0.959,0,31.43554083734144,25.0,31.704410037590797,-1.0,3.0,52.175335,21.147227,25.0
18504,2026-05-11 19:15:53.400000+00:00,52.1752455,21.1477368,92.6,33.26,-0.071,-0.055,0.987,0,33.09012636288189,25.0,36.1597432978497,-1.0,3.0,52.175335,21.147227,25.0
18509,2026-05-11 19:15:53.900000+00:00,52.1752254,21.1477965,92.7,33.99,-0.084,-0.063,0.944,0,33.43773551031382,25.0,40.70159733088907,-1.0,3.0,52.175335,21.147227,25.0
18514,2026-05-11 19:15:54.400000+00:00,52.1752038,21.1478556,92.7,33.76,-0.142,-0.026,0.957,0,33.77859214286453,25.0,45.27889993644917,-1.0,3.0,52.175335,21.147227,25.0
18519,2026-05-11 19:15:54.900000+00:00,52.175183,21.1479146,92.8,33.29,-0.161,-0.006,0.963,0,33.41265800001929,25.0,49.84077787778683,-1.0,3.0,52.175335,21.147227,25.0
18524,2026-05-11 19:15:55.400000+00:00,52.1751622,21.1479726,92.7,33.0,-0.146,-0.028,0.946,0,32.98792985450605,25.0,54.35218853553648,-1.0,3.0,52.175335,21.147227,25.0
18529,2026-05-11 19:15:55.900000+00:00,52.1751417,21.1480297,92.7,32.56,-0.166,-0.009,0.966,0,32.4852611368954,25.0,58.80513354659109,-1.0,3.0,52.175335,21.147227,25.0
18534,2026-05-11 19:15:56.400000+00:00,52.1751218,21.1480861,92.6,31.95,-0.142,-0.007,0.95,0,31.94689880271348,25.0,63.19713677902937,-1.0,3.0,52.175335,21.147227,25.0
18539,2026-05-11 19:15:56.900000+00:00,52.1751014,21.1481417,92.6,31.73,-0.165,-0.005,0.98,0,31.810725550386877,25.0,67.56600453005456,-1.0,3.0,52.175335,21.147227,25.0
18544,2026-05-11 19:15:57.400000+00:00,52.1750822,21.1481967,92.5,31.46,-0.144,-0.01,0.943,0,31.07198113063988,25.0,71.85095869888538,-1.0,3.0,52.175335,21.147227,25.0
18549,2026-05-11 19:15:57.900000+00:00,52.1750625,21.1482511,92.4,31.07,-0.155,-0.004,0.965,0,31.01794268282236,25.0,76.12393872656597,-1.0,3.0,52.175335,21.147227,25.0
18554,2026-05-11 19:15:58.400000+00:00,52.1750432,21.148305,92.3,30.42,-0.147,-0.011,0.947,0,30.64410769208317,,80.35150633169859,-1.0,3.0,52.175335,21.147227,25.0
18559,2026-05-11 19:15:58.900000+00:00,52.1750245,21.1483586,92.2,30.22,-0.154,-0.01,0.976,0,30.276624049502374,,84.53600192855056,-1.0,3.0,52.175335,21.147227,25.0
18564,2026-05-11 19:15:59.400000+00:00,52.1750057,21.1484114,92.0,30.04,-0.154,-0.005,0.962,0,29.97598625041242,,88.67734744971169,-1.0,3.0,52.175335,21.147227,25.0
18569,2026-05-11 19:15:59.900000+00:00,52.1749864,21.1484632,91.8,29.6,-0.154,-0.014,0.966,0,29.758302691869154,,92.78190206600716,-1.0,3.0,52.175335,21.147227,25.0
18574,2026-05-11 19:16:00.400000+00:00,52.1749685,21.1485145,91.6,28.83,-0.147,-0.002,0.957,0,28.978428531391494,,96.79233140646,-1.0,3.0,52.175335,21.147227,25.0
18579,2026-05-11 19:16:00.900000+00:00,52.1749504,21.1485655,91.5,28.56,-0.144,-0.006,0.948,0,28.93037949377111,,100.79481351340432,-1.0,3.0,52.175335,21.147227,25.0
18584,2026-05-11 19:16:01.400000+00:00,52.1749322,21.1486156,91.3,28.62,-0.156,-0.009,0.971,0,28.589519141411326,,104.7477636033842,-1.0,3.0,52.175335,21.147227,25.0
18589,2026-05-11 19:16:01.900000+00:00,52.174914,21.1486648,91.1,28.25,-0.138,-0.013,0.941,0,28.210248458627092,,108.64662854646136,-1.0,3.0,52.175335,21.147227,25.0
18594,2026-05-11 19:16:02.400000+00:00,52.1748959,21.1487141,90.9,28.13,-0.147,-0.014,0.963,0,28.21110189680364,,112.54814949439056,-1.0,3.0,52.175335,21.147227,25.0
18599,2026-05-11 19:16:02.900000+00:00,52.1748783,21.1487625,90.8,27.72,-0.158,-0.012,0.978,0,27.62661036540005,,116.37130830668492,-1.0,3.0,52.175335,21.147227,25.0
18604,2026-05-11 19:16:03.400000+00:00,52.1748611,21.1488105,90.7,27.12,-0.15,-0.015,0.961,0,27.29492147328984,,120.15132896422948,-1.0,3.0,52.175335,21.147227,25.0
18609,2026-05-11 19:16:03.900000+00:00,52.1748433,21.148857,90.4,27.1,-0.151,-0.02,0.963,0,26.912895955768125,,123.8696410514159,-1.0,3.0,52.175335,21.147227,25.0
18614,2026-05-11 19:16:04.400000+00:00,52.1748264,21.1489042,90.3,26.91,-0.149,-0.016,0.964,0,26.83463794625307,,127.58747913128248,-1.0,3.0,52.175335,21.147227,25.0
18619,2026-05-11 19:16:04.900000+00:00,52.1748103,21.148951,90.2,26.6,-0.147,-0.007,0.96,0,26.34602483946318,,131.24184316313452,-1.0,3.0,52.175335,21.147227,25.0
18624,2026-05-11 19:16:05.400000+00:00,52.1747944,21.1489972,90.2,26.18,-0.149,-0.015,0.966,0,26.010773639044785,,134.84993091282672,-1.0,3.0,52.175335,21.147227,25.0
18629,2026-05-11 19:16:05.900000+00:00,52.1747786,21.1490424,90.1,25.81,-0.145,-0.021,0.957,0,25.544008959819504,,138.3922860436824,-1.0,3.0,52.175335,21.147227,25.0
18634,2026-05-11 19:16:06.400000+00:00,52.1747629,21.1490871,90.0,25.12,-0.151,-0.012,0.965,0,25.29114975065235,,141.89945103309063,-1.0,3.0,52.175335,21.147227,25.0
18639,2026-05-11 19:16:06.900000+00:00,52.1747476,21.1491313,90.0,24.67,-0.146,-0.008,0.965,0,24.919464074082228,,145.3564344691219,-1.0,3.0,52.175335,21.147227,25.0
18644,2026-05-11 19:16:07.400000+00:00,52.1747336,21.1491746,90.1,23.85,-0.165,-0.002,0.966,0,24.032945354369573,,148.69374579766068,-1.0,3.0,52.175335,21.147227,25.0
18649,2026-05-11 19:16:07.900000+00:00,52.1747188,21.1492161,90.0,23.07,-0.187,0.0,0.956,0,23.570231779976663,,151.96157760828766,-1.0,3.0,52.175335,21.147227,25.0
18654,2026-05-11 19:16:08.400000+00:00,52.1747046,21.1492559,89.9,22.24,-0.206,0.003,0.948,0,22.607231626098297,,155.09609243772903,-1.0,3.0,52.175335,21.147227,25.0
18659,2026-05-11 19:16:08.900000+00:00,52.1746919,21.1492931,89.9,20.43,-0.2,0.003,0.956,0,20.903700899160903,,157.99721771753295,-1.0,3.0,52.175335,21.147227,25.0
18664,2026-05-11 19:16:09.400000+00:00,52.1746798,21.1493278,89.8,18.5,-0.196,0.0,0.964,0,19.598403869978647,,160.71622217783104,-1.0,3.0,52.175335,21.147227,25.0
18669,2026-05-11 19:16:09.900000+00:00,52.1746686,21.1493602,89.9,18.09,-0.181,0.004,0.963,0,18.26073043038256,,163.25014933448134,-1.0,3.0,52.175335,21.147227,25.0
18674,2026-05-11 19:16:10.400000+00:00,52.1746577,21.149391,89.8,17.0,-0.176,0.001,0.961,0,17.459357038434447,,165.67180108341282,-1.0,3.0,52.175335,21.147227,25.0
18679,2026-05-11 19:16:10.900000+00:00,52.1746473,21.1494194,89.8,15.68,-0.204,-0.006,0.953,0,16.240493353777993,,167.92252321420693,-1.0,3.0,52.175335,21.147227,25.0
18684,2026-05-11 19:16:11.400000+00:00,52.1746378,21.1494454,89.8,14.25,-0.197,0.003,0.956,0,14.859395188075704,,169.98208636402663,-1.0,3.0,52.175335,21.147227,25.0
18689,2026-05-11 19:16:11.900000+00:00,52.1746292,21.1494694,89.7,13.53,-0.186,0.004,0.952,0,13.647514759472838,,171.8747186746406,-1.0,3.0,52.175335,21.147227,25.0
18694,2026-05-11 19:16:12.400000+00:00,52.1746214,21.1494914,89.7,11.79,-0.181,-0.003,0.958,0,12.476697765411297,,173.60545105829678,-1.0,3.0,52.175335,21.147227,25.0
18699,2026-05-11 19:16:12.900000+00:00,52.1746143,21.1495117,89.6,10.67,-0.168,-0.005,0.961,0,11.473810707777318,,175.1975348944085,-1.0,3.0,52.175335,21.147227,25.0
18704,2026-05-11 19:16:13.400000+00:00,52.174607,21.1495303,89.6,10.49,-0.166,-0.006,0.961,0,10.842196817164837,,176.69677650676417,-1.0,3.0,52.175335,21.147227,25.0
18709,2026-05-11 19:16:13.900000+00:00,52.1746004,21.1495481,89.6,10.19,-0.167,0.0,0.965,0,10.212593738593188,,178.11194950852882,-1.0,3.0,52.175335,21.147227,25.0
18714,2026-05-11 19:16:14.400000+00:00,52.1745944,21.1495646,89.6,8.84,-0.164,-0.009,0.959,0,9.418208006440516,,179.417791254078,-1.0,3.0,52.175335,21.147227,25.0
18719,2026-05-11 19:16:14.900000+00:00,52.1745887,21.1495803,89.6,8.81,-0.157,-0.006,0.966,0,8.957858528683964,,180.65988537942843,-1.0,3.0,52.175335,21.147227,25.0
18724,2026-05-11 19:16:15.400000+00:00,52.1745833,21.1495952,89.7,8.25,-0.148,-0.007,0.964,0,8.497513772154505,,181.8382258148081,-1.0,3.0,52.175335,21.147227,25.0
18729,2026-05-11 19:16:15.900000+00:00,52.1745786,21.149609,89.7,7.49,-0.148,-0.007,0.966,0,7.750221716659976,,182.9141858098911,-1.0,3.0,52.175335,21.147227,25.0
18734,2026-05-11 19:16:16.400000+00:00,52.1745745,21.1496223,89.8,7.11,-0.143,-0.007,0.966,0,7.308578192716887,,183.92919314996035,-1.0,3.0,52.175335,21.147227,25.0
18739,2026-05-11 19:16:16.900000+00:00,52.1745703,21.1496348,89.8,6.62,-0.142,-0.003,0.97,0,6.997992225744127,,184.9008700063003,-1.0,3.0,52.175335,21.147227,25.0
18744,2026-05-11 19:16:17.400000+00:00,52.1745666,21.1496469,89.9,6.29,-0.135,-0.005,0.967,0,6.638379236724932,,185.8227594421992,-1.0,3.0,52.175335,21.147227,25.0
18749,2026-05-11 19:16:17.900000+00:00,52.1745629,21.1496582,90.0,6.46,-0.136,-0.011,0.968,0,6.289315081882233,,186.69620612867425,-1.0,3.0,52.175335,21.147227,25.0
18754,2026-05-11 19:16:18.400000+00:00,52.1745594,21.1496691,90.0,6.0,-0.134,-0.007,0.967,0,6.040853024534018,,187.535205049469,-1.0,3.0,52.175335,21.147227,25.0
18759,2026-05-11 19:16:18.900000+00:00,52.1745557,21.1496801,90.1,6.06,-0.127,-0.011,0.969,0,6.159774141134966,,188.39048786509483,-1.0,3.0,52.175335,21.147227,25.0
18764,2026-05-11 19:16:19.400000+00:00,52.1745525,21.1496905,90.1,5.64,-0.133,-0.01,0.969,0,5.712819520769829,,189.18386881017537,-1.0,3.0,52.175335,21.147227,25.0
18769,2026-05-11 19:16:19.900000+00:00,52.1745488,21.1497,90.1,5.32,-0.129,-0.01,0.97,0,5.525422771265635,,189.94833805185328,-1.0,3.0,52.175335,21.147227,25.0
18774,2026-05-11 19:16:20.400000+00:00,52.1745454,21.1497099,90.1,6.01,-0.106,-0.009,0.969,0,5.570965111829106,,190.72168324301745,-1.0,3.0,52.175335,21.147227,25.0
18779,2026-05-11 19:16:20.900000+00:00,52.1745417,21.1497202,90.1,5.54,-0.109,-0.012,0.971,0,5.86077313091918,,191.53460598278048,-1.0,3.0,52.175335,21.147227,25.0
18784,2026-05-11 19:16:21.400000+00:00,52.174538,21.1497308,90.1,6.4,-0.106,-0.008,0.972,0,5.988330285795508,,192.36569454522171,-1.0,3.0,52.175335,21.147227,25.0
18789,2026-05-11 19:16:21.900000+00:00,52.1745339,21.149742,90.1,6.56,-0.113,-0.011,0.971,0,6.404135935172541,,193.25359846499117,-1.0,3.0,52.175335,21.147227,25.0
18794,2026-05-11 19:16:22.400000+00:00,52.1745303,21.149753,90.1,5.83,-0.164,-0.008,0.962,0,6.121678340454417,,194.10377902277511,-1.0,3.0,52.175335,21.147227,25.0
18799,2026-05-11 19:16:22.900000+00:00,52.174527,21.1497623,90.0,4.94,-0.178,-0.006,0.959,0,5.275342191068472,,194.83571250034356,-1.0,3.0,52.175335,21.147227,25.0
18804,2026-05-11 19:16:23.400000+00:00,52.1745245,21.1497698,90.0,3.78,-0.203,-0.002,0.955,0,4.191128458462747,,195.4177134735694,-1.0,3.0,52.175335,21.147227,25.0
18809,2026-05-11 19:16:23.900000+00:00,52.1745231,21.1497749,90.1,2.0,-0.211,-0.003,0.959,0,2.743395000139472,,195.79809070762505,-1.0,3.0,52.175335,21.147227,25.0
18814,2026-05-11 19:16:24.400000+00:00,52.1745225,21.1497772,90.1,0.51,-0.219,-0.003,0.958,0,1.2271697080546984,,195.96802586564863,-1.0,3.0,52.175335,21.147227,25.0
18819,2026-05-11 19:16:24.900000+00:00,52.174523,21.149778,90.2,0.05,-0.139,-0.008,0.961,0,0.5608196824954729,,195.9908166177702,-1.0,3.0,52.175335,21.147227,25.0
18824,2026-05-11 19:16:25.400000+00:00,52.1745234,21.1497788,90.3,0.13,-0.125,-0.009,0.974,0,0.5067857306514016,,196.01875494071012,-1.0,3.0,52.173205,21.153264,26.0
18829,2026-05-11 19:16:25.900000+00:00,52.1745238,21.1497799,90.4,0.1,-0.117,-0.009,0.969,0,0.6278813054788469,,196.06487802058032,-1.0,3.0,52.173205,21.153264,26.0
18834,2026-05-11 19:16:26.400000+00:00,52.174524,21.1497815,90.5,0.59,-0.083,-0.013,0.974,0,0.8017153748104647,,196.1515319448985,-1.0,3.0,52.173205,21.153264,26.0
18839,2026-05-11 19:16:26.900000+00:00,52.1745233,21.1497842,90.5,1.76,-0.055,-0.021,0.981,0,1.4392315157997988,,196.35082190009337,-1.0,3.0,52.173205,21.153264,26.0
18844,2026-05-11 19:16:27.400000+00:00,52.1745217,21.1497887,90.4,3.25,-0.038,-0.017,0.979,0,2.55387958396396,,196.70512337592376,-1.0,3.0,52.173205,21.153264,26.0
18849,2026-05-11 19:16:27.900000+00:00,52.1745193,21.1497962,90.4,4.67,-0.028,-0.021,0.979,0,4.153491017282265,,197.2819941685933,-1.0,3.0,52.173205,21.153264,26.0
18854,2026-05-11 19:16:28.400000+00:00,52.1745159,21.1498071,90.3,6.43,-0.019,-0.023,0.982,0,6.004139810784685,,198.1158809237266,-1.0,3.0,52.173205,21.153264,26.0
18859,2026-05-11 19:16:28.900000+00:00,52.1745112,21.1498217,90.3,8.84,-0.004,-0.026,0.985,0,8.09585819012519,,199.24028761465817,-1.0,3.0,52.173205,21.153264,26.0
18864,2026-05-11 19:16:29.400000+00:00,52.1745055,21.1498402,90.3,10.51,-0.008,-0.024,0.979,0,10.164998664202631,,200.6519892368119,-1.0,3.0,52.173205,21.153264,26.0
18869,2026-05-11 19:16:29.900000+00:00,52.1744977,21.1498625,90.3,13.15,0.003,-0.032,0.97,0,12.604455652048298,,202.40117217558972,-1.0,3.0,52.173205,21.153264,26.0
18874,2026-05-11 19:16:30.400000+00:00,52.1744886,21.1498886,90.3,15.02,0.005,-0.03,0.996,0,14.740754676275865,,204.44696162152,-1.0,3.0,52.173205,21.153264,26.0
18879,2026-05-11 19:16:30.900000+00:00,52.1744778,21.1499179,90.2,16.91,0.009,-0.025,0.985,0,16.784179120672,,206.77355482814812,-1.0,3.0,52.173205,21.153264,26.0
18884,2026-05-11 19:16:31.400000+00:00,52.1744658,21.1499515,90.1,19.89,0.006,-0.03,0.971,0,19.09043627992771,,209.4219578013264,-1.0,3.0,52.173205,21.153264,26.0
18889,2026-05-11 19:16:31.900000+00:00,52.1744523,21.1499893,90.0,22.27,0.0,-0.024,0.972,0,21.476745414999822,,212.4015027343977,-1.0,3.0,52.173205,21.153264,26.0
18894,2026-05-11 19:16:32.400000+00:00,52.1744375,21.1500304,90.0,24.0,-0.039,-0.016,0.975,0,23.40077961073584,,215.6475206908441,-1.0,3.0,52.173205,21.153264,26.0
18899,2026-05-11 19:16:32.900000+00:00,52.1744215,21.1500744,90.0,25.62,-0.048,-0.022,0.966,0,25.115291485899306,,219.1307378518044,-1.0,3.0,52.173205,21.153264,26.0
18904,2026-05-11 19:16:33.400000+00:00,52.1744045,21.1501207,90.0,26.8,-0.047,-0.015,0.982,0,26.495201601192747,,222.8046524096113,-1.0,3.0,52.173205,21.153264,26.0
18909,2026-05-11 19:16:33.900000+00:00,52.1743875,21.1501693,90.1,27.57,-0.043,-0.016,0.977,0,27.470205162094288,,226.6176085829701,-1.0,3.0,52.173205,21.153264,26.0
18914,2026-05-11 19:16:34.400000+00:00,52.1743692,21.1502211,90.1,30.07,-0.044,-0.014,0.972,0,29.350881143843424,,230.69106174073843,-1.0,3.0,52.173205,21.153264,26.0
18919,2026-05-11 19:16:34.900000+00:00,52.1743499,21.1502747,90.2,30.89,-0.049,-0.019,0.97,0,30.51735542931674,,234.92505164402468,-1.0,3.0,52.173205,21.153264,26.0
18924,2026-05-11 19:16:35.400000+00:00,52.1743302,21.1503305,90.3,32.07,-0.07,-0.02,0.985,0,31.6121340167726,,235.94719787681453,-1.0,3.0,52.173205,21.153264,26.0
18929,2026-05-11 19:16:35.900000+00:00,52.1743096,21.1503878,90.3,33.1,-0.054,-0.023,0.968,0,32.61090958245948,,231.41980279478423,-1.0,3.0,52.173205,21.153264,26.0
18934,2026-05-11 19:16:36.400000+00:00,52.1742886,21.150447,90.3,33.96,-0.068,-0.024,0.968,0,33.578216176130326,,226.7590858676513,-1.0,3.0,52.173205,21.153264,26.0
18939,2026-05-11 19:16:36.900000+00:00,52.174267,21.1505081,90.3,35.24,-0.064,-0.012,0.969,0,34.6262873251259,,221.95328924828743,-1.0,3.0,52.173205,21.153264,26.0
18944,2026-05-11 19:16:37.400000+00:00,52.1742445,21.1505707,90.3,35.82,-0.064,-0.025,0.94,0,35.62512435897501,,217.00776615616883,-1.0,3.0,52.173205,21.153264,26.0
18949,2026-05-11 19:16:37.900000+00:00,52.1742218,21.1506355,90.4,36.86,-0.078,-0.019,0.986,0,36.64027078944371,,211.9235916492497,-1.0,3.0,52.173205,21.153264,26.0
18954,2026-05-11 19:16:38.400000+00:00,52.1741981,21.1507017,90.4,37.84,-0.062,-0.021,0.967,0,37.63591382745034,,206.6995379718936,-1.0,3.0,52.173205,21.153264,26.0
18959,2026-05-11 19:16:38.900000+00:00,52.1741738,21.1507702,90.3,39.32,-0.067,-0.026,0.967,0,38.85365276715442,,201.30744702004415,-1.0,3.0,52.173205,21.153264,26.0
18964,2026-05-11 19:16:39.400000+00:00,52.1741486,21.1508408,90.3,40.73,-0.065,-0.021,0.975,0,40.107097538170414,,195.7410530475794,-1.0,3.0,52.173205,21.153264,26.0
18969,2026-05-11 19:16:39.900000+00:00,52.1741224,21.1509137,90.3,42.39,-0.062,-0.027,0.982,0,41.48600904699792,,189.9828737685869,-1.0,3.0,52.173205,21.153264,26.0
18974,2026-05-11 19:16:40.400000+00:00,52.1740959,21.1509884,90.3,43.03,-0.07,-0.03,0.958,0,42.37062264722554,,184.10351270955783,-1.0,3.0,52.173205,21.153264,26.0
18979,2026-05-11 19:16:40.900000+00:00,52.1740689,21.1510643,90.2,43.52,-0.095,-0.023,0.982,0,43.08110973804458,,178.12561488300986,-1.0,3.0,52.173205,21.153264,26.0
18984,2026-05-11 19:16:41.400000+00:00,52.1740417,21.1511414,90.3,44.01,-0.118,-0.017,0.947,0,43.67139785586569,,172.0672392494175,-1.0,3.0,52.173205,21.153264,26.0
18989,2026-05-11 19:16:41.900000+00:00,52.1740138,21.1512185,90.3,44.05,-0.146,-0.01,0.955,0,43.95355299548204,,165.96718943925336,-1.0,3.0,52.173205,21.153264,26.0
18994,2026-05-11 19:16:42.400000+00:00,52.1739851,21.1512945,90.2,44.27,-0.153,-0.008,0.958,0,43.82170715191376,,159.8821979488816,-1.0,3.0,52.173205,21.153264,26.0
18999,2026-05-11 19:16:42.900000+00:00,52.1739584,21.1513708,90.3,43.06,-0.147,-0.01,0.966,0,43.131646727852925,,153.901075649518,-1.0,3.0,52.173205,21.153264,26.0
19004,2026-05-11 19:16:43.400000+00:00,52.1739322,21.1514462,90.3,42.43,-0.156,-0.011,0.981,0,42.54967146477088,,148.00248882216417,-1.0,3.0,52.173205,21.153264,26.0
19009,2026-05-11 19:16:43.900000+00:00,52.1739051,21.1515213,90.5,42.4,-0.129,-0.009,0.932,0,42.78246424537727,,142.06706599278888,-1.0,3.0,52.173205,21.153264,26.0
19014,2026-05-11 19:16:44.400000+00:00,52.1738785,21.1515967,90.6,42.46,-0.145,-0.012,0.976,0,42.708489066553696,,136.14570059863848,-1.0,3.0,52.173205,21.153264,26.0
19019,2026-05-11 19:16:44.900000+00:00,52.1738517,21.1516717,90.5,42.51,-0.126,-0.02,0.955,0,42.61877181659503,,130.23573555655386,-1.0,3.0,52.173205,21.153264,26.0
19024,2026-05-11 19:16:45.400000+00:00,52.1738252,21.1517455,90.4,42.27,-0.161,-0.025,0.984,0,41.98889874314116,,124.41325254067756,-1.0,3.0,52.173205,21.153264,26.0
19029,2026-05-11 19:16:45.900000+00:00,52.1737988,21.1518192,90.4,42.22,-0.136,-0.015,0.951,0,41.90611826156567,,118.60353708706984,-1.0,3.0,52.173205,21.153264,26.0
19034,2026-05-11 19:16:46.400000+00:00,52.173773,21.1518924,90.4,41.35,-0.144,-0.013,0.957,0,41.45290004199654,,112.86049737063324,-1.0,3.0,52.173205,21.153264,26.0
19039,2026-05-11 19:16:46.900000+00:00,52.1737468,21.1519651,90.4,41.31,-0.156,-0.01,0.971,0,41.40157877860869,,107.12215628211094,-1.0,3.0,52.173205,21.153264,26.0
19044,2026-05-11 19:16:47.400000+00:00,52.1737209,21.1520373,90.3,41.06,-0.143,-0.014,0.948,0,41.06834104121751,,101.43214435120171,-1.0,3.0,52.173205,21.153264,26.0
19049,2026-05-11 19:16:47.900000+00:00,52.1736953,21.1521088,90.3,40.67,-0.152,-0.006,0.97,0,40.65043956803429,,95.8020226317438,-1.0,3.0,52.173205,21.153264,26.0
19054,2026-05-11 19:16:48.400000+00:00,52.1736699,21.1521801,90.3,40.49,-0.144,-0.003,0.973,0,40.48502087777973,,90.19779276703264,-1.0,3.0,52.173205,21.153264,26.0
19059,2026-05-11 19:16:48.900000+00:00,52.1736449,21.1522503,90.3,39.7,-0.183,-0.004,0.959,0,39.85717333161092,,84.68296526472203,-1.0,3.0,52.173205,21.153264,26.0
19064,2026-05-11 19:16:49.400000+00:00,52.1736206,21.1523184,90.3,38.6,-0.211,0.0,0.94,0,38.68413783757522,26.0,79.3327899576283,-1.0,3.0,52.173205,21.153264,26.0
19069,2026-05-11 19:16:49.900000+00:00,52.1735975,21.1523841,90.2,36.86,-0.204,-0.002,0.94,0,37.18324606126853,26.0,74.19673318456384,-1.0,3.0,52.173205,21.153264,26.0
19074,2026-05-11 19:16:50.400000+00:00,52.1735748,21.1524472,90.1,35.73,-0.208,-0.004,0.971,0,35.918287837401294,26.0,69.23391740295665,-1.0,3.0,52.173205,21.153264,26.0
19079,2026-05-11 19:16:50.900000+00:00,52.1735523,21.1525083,90.1,34.67,-0.186,-0.045,0.952,0,34.992122119803405,26.0,64.39754616649829,-1.0,3.0,52.173205,21.153264,26.0
19084,2026-05-11 19:16:51.400000+00:00,52.1735286,21.1525664,90.0,34.14,-0.176,-0.12,0.957,0,34.26045072393983,26.0,59.64724621716332,-1.0,3.0,52.173205,21.153264,26.0
19089,2026-05-11 19:16:51.900000+00:00,52.1735041,21.1526215,90.0,32.89,-0.2,-0.098,0.928,0,33.415983441415925,26.0,55.00716839241096,-1.0,3.0,52.173205,21.153264,26.0
19094,2026-05-11 19:16:52.400000+00:00,52.1734793,21.1526742,90.1,32.31,-0.186,-0.057,0.955,0,32.61501469961973,26.0,50.47737255564815,-1.0,3.0,52.173205,21.153264,26.0
19099,2026-05-11 19:16:52.900000+00:00,52.1734542,21.152725,90.1,31.47,-0.197,0.002,0.972,0,32.03012414335383,26.0,46.03084836641315,-1.0,3.0,52.173205,21.153264,26.0
19104,2026-05-11 19:16:53.400000+00:00,52.1734314,21.1527754,90.2,30.4,-0.194,0.048,0.957,0,30.74989103143037,26.0,41.76028614224928,-1.0,3.0,52.173205,21.153264,26.0
19109,2026-05-11 19:16:53.900000+00:00,52.1734099,21.152825,90.2,29.29,-0.183,0.039,0.959,0,29.822098703545272,26.0,37.62064729933394,-1.0,3.0,52.173205,21.153264,26.0
19114,2026-05-11 19:16:54.400000+00:00,52.1733903,21.1528736,90.2,27.91,-0.215,0.042,0.957,0,28.5592713936673,26.0,33.66458237949439,-1.0,3.0,52.173205,21.153264,26.0
19119,2026-05-11 19:16:54.900000+00:00,52.1733721,21.1529205,90.2,26.47,-0.203,0.03,0.933,0,27.25022469256204,26.0,29.898841924568945,-1.0,3.0,52.173205,21.153264,26.0
19124,2026-05-11 19:16:55.400000+00:00,52.1733551,21.1529654,90.2,25.27,-0.209,0.036,0.968,0,25.90830323912452,26.0,26.32865535973621,-1.0,3.0,52.173205,21.153264,26.0
19129,2026-05-11 19:16:55.900000+00:00,52.1733395,21.1530075,90.1,23.45,-0.233,0.012,0.961,0,24.150817230042605,26.0,23.013635487644944,-1.0,3.0,52.173205,21.153264,26.0
19134,2026-05-11 19:16:56.400000+00:00,52.1733251,21.1530477,90.0,22.22,-0.211,0.003,0.934,0,22.85806646847284,26.0,19.89750443450477,-1.0,3.0,52.173205,21.153264,26.0
19139,2026-05-11 19:16:56.900000+00:00,52.1733122,21.153085,90.0,20.44,-0.24,-0.002,0.957,0,21.025297355022477,26.0,17.06133514075441,-1.0,3.0,52.173205,21.153264,26.0
19144,2026-05-11 19:16:57.400000+00:00,52.1732999,21.1531185,90.0,18.35,-0.261,0.001,0.95,0,19.17065658256333,26.0,14.484518962350286,-1.0,3.0,52.173205,21.153264,26.0
19149,2026-05-11 19:16:57.900000+00:00,52.1732892,21.1531485,90.0,16.36,-0.25,-0.006,0.939,0,17.03961646656649,26.0,12.234982626318116,-1.0,3.0,52.173205,21.153264,26.0
19154,2026-05-11 19:16:58.400000+00:00,52.1732797,21.1531737,89.9,13.23,-0.308,0.002,0.951,0,14.523680068844298,26.0,10.339875053627978,-1.0,3.0,52.173205,21.153264,26.0
19159,2026-05-11 19:16:58.900000+00:00,52.1732721,21.1531933,89.9,10.4,-0.314,0.008,0.941,0,11.385617806802056,26.0,8.883340097705686,-1.0,3.0,52.173205,21.153264,26.0
19164,2026-05-11 19:16:59.400000+00:00,52.1732663,21.1532076,89.9,7.17,-0.326,0.013,0.951,0,8.417770413470766,26.0,7.8264745658324335,-1.0,3.0,52.173205,21.153264,26.0
19169,2026-05-11 19:16:59.900000+00:00,52.1732633,21.1532155,89.8,3.27,-0.321,0.009,0.939,0,4.56223466092533,26.0,7.277611592862182,-1.0,3.0,52.173205,21.153264,26.0
19174,2026-05-11 19:17:00.400000+00:00,52.1732618,21.1532184,89.8,1.26,-0.276,0.005,0.956,0,1.8626828671821711,26.0,7.039879893845924,-1.0,3.0,52.173205,21.153264,26.0
19179,2026-05-11 19:17:00.900000+00:00,52.1732618,21.1532184,89.8,0.21,-0.153,-0.008,0.964,0,0.0,26.0,7.039879893845924,-1.0,3.0,52.173205,21.153264,26.0
19184,2026-05-11 19:17:01.400000+00:00,52.1732618,21.1532186,89.7,0.1,-0.14,-0.01,0.963,0,0.0981981348968942,26.0,7.03386616657405,-1.0,3.0,52.173205,21.153264,26.0
19189,2026-05-11 19:17:01.900000+00:00,52.1732619,21.1532187,89.7,0.16,-0.124,-0.012,0.971,0,0.0939168643604832,26.0,7.040857697920845,-1.0,3.0,52.173205,21.153264,26.0
19194,2026-05-11 19:17:02.400000+00:00,52.1732622,21.1532188,89.7,0.18,-0.131,-0.01,0.969,0,0.2451482278301824,26.0,7.0678725325770495,-1.0,3.0,52.173205,21.153264,26.0
19199,2026-05-11 19:17:02.900000+00:00,52.1732623,21.153219,89.7,0.17,-0.122,-0.007,0.969,0,0.1266985856370746,26.0,7.071951771097485,-1.0,3.0,52.173205,21.153264,26.0
19204,2026-05-11 19:17:03.400000+00:00,52.1732624,21.153219,89.7,0.09,-0.129,-0.008,0.967,0,0.0800603505562769,26.0,7.081971511722229,-1.0,3.0,52.173205,21.153264,26.0
19209,2026-05-11 19:17:03.900000+00:00,52.173262,21.1532194,89.8,0.13,-0.127,-0.009,0.968,0,0.375667460159065,26.0,7.03006845697187,-1.0,3.0,52.173205,21.153264,26.0
19214,2026-05-11 19:17:04.400000+00:00,52.1732619,21.1532193,89.8,0.12,-0.131,-0.012,0.97,0,0.0939168686441268,26.0,7.023002228181578,-1.0,3.0,52.173205,21.153264,26.0
19219,2026-05-11 19:17:04.900000+00:00,52.1732615,21.1532191,89.8,0.28,-0.126,-0.01,0.967,0,0.3349588327754229,26.0,6.988923292495127,-1.0,3.0,52.173205,21.153264,26.0
19224,2026-05-11 19:17:05.400000+00:00,52.1732612,21.153219,89.8,0.1,-0.129,-0.01,0.969,0,0.2451482229953811,26.0,6.961955025350656,-1.0,3.0,52.173205,21.153264,26.0
19229,2026-05-11 19:17:05.900000+00:00,52.1732609,21.1532189,89.8,0.06,-0.131,-0.011,0.97,0,0.2451482230616966,26.0,6.935049051343176,-1.0,3.0,52.173205,21.153264,26.0
19234,2026-05-11 19:17:06.400000+00:00,52.1732606,21.1532185,89.8,0.11,-0.128,-0.01,0.967,0,0.3102554258957535,26.0,6.917358345309848,-1.0,3.0,52.173205,21.153264,26.0
19239,2026-05-11 19:17:06.900000+00:00,52.1732601,21.1532184,89.8,0.37,-0.129,-0.011,0.97,0,0.4033016237336757,26.0,6.870796625605574,-1.0,3.0,52.173205,21.153264,26.0
19244,2026-05-11 19:17:07.400000+00:00,52.1732601,21.153218,89.7,0.09,-0.129,-0.012,0.969,0,0.1963962788605505,26.0,6.883184851075583,-1.0,3.0,52.173205,21.153264,26.0
19249,2026-05-11 19:17:07.900000+00:00,52.1732597,21.153218,89.7,0.08,-0.131,-0.009,0.968,0,0.3202413869469289,26.0,6.843624274847447,-1.0,3.0,52.173205,21.153264,26.0
19254,2026-05-11 19:17:08.400000+00:00,52.1732595,21.1532177,89.7,0.06,-0.13,-0.013,0.969,0,0.2175663243441058,26.0,6.833295239018226,-1.0,3.0,52.173205,21.153264,26.0
19259,2026-05-11 19:17:08.900000+00:00,52.1732593,21.1532174,89.7,0.13,-0.132,-0.011,0.969,0,0.2175663247924421,26.0,6.823084393010639,-1.0,3.0,52.173205,21.153264,26.0
19264,2026-05-11 19:17:09.400000+00:00,52.1732591,21.1532172,89.7,0.16,-0.13,-0.01,0.969,0,0.1878337309626873,26.0,6.809793699721058,-1.0,3.0,52.173205,21.153264,26.0
19269,2026-05-11 19:17:09.900000+00:00,52.1732588,21.1532173,89.7,0.06,-0.129,-0.008,0.969,0,0.2451482235259058,26.0,6.777136350608036,-1.0,3.0,52.173205,21.153264,26.0
19274,2026-05-11 19:17:10.400000+00:00,52.1732586,21.1532177,89.7,0.43,-0.099,-0.016,0.973,0,0.253397193075388,26.0,6.74470163456914,-1.0,3.0,52.173205,21.153264,26.0
19279,2026-05-11 19:17:10.900000+00:00,52.1732575,21.15322,89.7,1.81,-0.039,-0.025,0.974,0,1.4320750825342865,26.0,6.5636985195358335,-1.0,3.0,52.173205,21.153264,26.0
19284,2026-05-11 19:17:11.400000+00:00,52.1732555,21.1532257,89.7,3.83,-0.026,-0.008,0.977,0,3.224327801891668,26.0,6.193026923466594,-1.0,3.0,52.173205,21.153264,26.0
19289,2026-05-11 19:17:11.900000+00:00,52.1732528,21.1532344,89.7,5.3,-0.028,-0.007,0.978,0,4.787418488462295,26.0,5.685498377091365,-1.0,3.0,52.173205,21.153264,26.0
19294,2026-05-11 19:17:12.400000+00:00,52.1732492,21.1532471,89.7,7.68,-0.016,-0.006,0.976,0,6.869455225136303,26.0,5.048127355726675,-1.0,3.0,52.173205,21.153264,26.0
19299,2026-05-11 19:17:12.900000+00:00,52.1732447,21.1532639,89.7,9.49,-0.012,-0.009,0.977,0,9.001095648397353,26.0,4.41444385415456,-1.0,3.0,52.173205,21.153264,26.0
19304,2026-05-11 19:17:13.400000+00:00,52.1732385,21.1532845,89.6,11.97,-0.013,-0.003,0.985,0,11.266768439154218,26.0,3.978711258989457,-1.0,3.0,52.173205,21.153264,26.0
19309,2026-05-11 19:17:13.900000+00:00,52.1732322,21.1533094,89.6,14.37,0.003,-0.009,0.98,0,13.225243655175133,26.0,4.328123726473448,-1.0,3.0,52.173205,21.153264,26.0
19314,2026-05-11 19:17:14.400000+00:00,52.1732248,21.1533395,89.5,16.79,0.002,-0.015,0.975,0,15.922095438358904,26.0,5.599577257414846,-1.0,3.0,52.173205,21.153264,26.0
19319,2026-05-11 19:17:14.900000+00:00,52.1732165,21.1533733,89.5,18.54,-0.02,-0.014,0.956,0,17.8764305819922,26.0,7.562416129923913,-1.0,3.0,52.173205,21.153264,26.0
19324,2026-05-11 19:17:15.400000+00:00,52.1732073,21.1534102,89.4,20.24,-0.056,-0.034,1.0,0,19.55755421453686,26.0,9.97313065618686,-1.0,3.0,52.173205,21.153264,26.0
19329,2026-05-11 19:17:15.900000+00:00,52.1731969,21.1534493,89.4,21.75,-0.047,-0.047,0.96,0,20.92560418548676,26.0,12.668266368625282,-1.0,3.0,52.173205,21.153264,26.0
19334,2026-05-11 19:17:16.400000+00:00,52.1731863,21.1534904,89.4,22.28,-0.077,-0.047,0.961,0,21.891578000625444,26.0,15.578347664393274,-1.0,3.0,52.173205,21.153264,26.0
19339,2026-05-11 19:17:16.900000+00:00,52.1731749,21.1535327,89.4,22.62,-0.075,-0.056,0.961,0,22.68587550308661,26.0,18.626698614108967,-1.0,3.0,52.173205,21.153264,26.0
19344,2026-05-11 19:17:17.400000+00:00,52.1731621,21.153577,89.4,24.48,-0.089,-0.058,0.966,0,24.04410376663137,26.0,21.87104936452869,-1.0,3.0,52.173205,21.153264,26.0
19349,2026-05-11 19:17:17.900000+00:00,52.1731483,21.1536211,89.4,24.41,-0.123,-0.105,0.965,0,24.308573212078773,26.0,25.154742214689545,-1.0,3.0,52.173205,21.153264,26.0
19354,2026-05-11 19:17:18.400000+00:00,52.1731327,21.1536652,89.3,25.35,-0.149,-0.067,0.949,0,24.99653892436197,26.0,28.515870414701503,-1.0,3.0,52.173205,21.153264,26.0
19359,2026-05-11 19:17:18.900000+00:00,52.1731166,21.1537068,89.3,24.07,-0.163,-0.06,0.955,0,24.152363040884108,26.0,31.755625992698658,-1.0,3.0,52.173205,21.153264,26.0
19364,2026-05-11 19:17:19.400000+00:00,52.1731001,21.1537476,89.2,23.91,-0.168,-0.041,0.973,0,23.995907487422716,26.0,34.98034445980565,-1.0,3.0,52.173205,21.153264,26.0
19369,2026-05-11 19:17:19.900000+00:00,52.173083,21.1537862,89.3,23.29,-0.156,-0.041,0.958,0,23.379798974153776,26.0,38.10698344442283,-1.0,3.0,52.173205,21.153264,26.0
19374,2026-05-11 19:17:20.400000+00:00,52.1730664,21.1538243,89.2,22.3,-0.16,-0.034,0.946,0,22.94710904202042,26.0,41.199817770532185,-1.0,3.0,52.173205,21.153264,26.0
19379,2026-05-11 19:17:20.900000+00:00,52.1730499,21.153861,89.2,21.97,-0.172,-0.04,0.973,0,22.34285572228952,26.0,44.21376262100923,-1.0,3.0,52.173205,21.153264,26.0
19384,2026-05-11 19:17:21.400000+00:00,52.1730333,21.1538965,89.2,21.46,-0.166,-0.05,0.955,0,21.91890437694399,26.0,47.16891652415189,-1.0,3.0,52.173205,21.153264,26.0
19389,2026-05-11 19:17:21.900000+00:00,52.173016,21.1539301,89.2,21.24,-0.163,-0.086,0.955,0,21.540614245022635,26.0,50.04967587840888,-1.0,3.0,52.173205,21.153264,26.0
19394,2026-05-11 19:17:22.400000+00:00,52.1729974,21.1539601,89.2,20.84,-0.16,-0.151,0.952,0,20.945541725020117,26.0,52.78465914674823,-1.0,3.0,52.173205,21.153264,26.0
19399,2026-05-11 19:17:22.900000+00:00,52.1729765,21.1539855,89.2,20.84,-0.179,-0.216,0.938,0,20.868928018767964,26.0,55.37473001930005,-1.0,3.0,52.173205,21.153264,26.0
19404,2026-05-11 19:17:23.400000+00:00,52.1729533,21.1540037,89.1,20.43,-0.186,-0.237,0.96,0,20.61182185283724,26.0,57.68690347755953,-1.0,3.0,52.173205,21.153264,26.0
19409,2026-05-11 19:17:23.900000+00:00,52.1729286,21.1540166,89.0,20.66,-0.181,-0.173,0.941,0,20.76449474774528,26.0,59.82126275361326,-1.0,3.0,52.173205,21.153264,26.0
19414,2026-05-11 19:17:24.400000+00:00,52.1729035,21.1540261,89.0,20.49,-0.169,-0.13,0.939,0,20.629396766749807,26.0,61.84536996224473,-1.0,3.0,52.173205,21.153264,26.0
19419,2026-05-11 19:17:24.900000+00:00,52.1728781,21.1540327,89.0,19.98,-0.153,-0.102,0.946,0,20.5919119350438,26.0,63.79017450670022,-1.0,3.0,52.173205,21.153264,26.0
19424,2026-05-11 19:17:25.400000+00:00,52.172853,21.1540395,89.0,19.55,-0.14,0.043,0.973,0,20.37062343807243,26.0,65.79294743545206,-1.0,3.0,52.173205,21.153264,26.0
19429,2026-05-11 19:17:25.900000+00:00,52.1728288,21.1540509,89.0,19.92,-0.126,0.119,0.962,0,20.16694252389764,26.0,68.03992926940833,-1.0,3.0,52.173205,21.153264,26.0
19434,2026-05-11 19:17:26.400000+00:00,52.1728066,21.1540668,88.9,18.98,-0.13,0.153,0.97,0,19.412373207919405,26.0,70.42439313171359,-1.0,3.0,52.173205,21.153264,26.0
19439,2026-05-11 19:17:26.900000+00:00,52.1727857,21.1540886,88.8,20.18,-0.118,0.178,0.966,0,19.86327529203223,26.0,73.04713639708662,-1.0,3.0,52.173205,21.153264,26.0
19444,2026-05-11 19:17:27.400000+00:00,52.1727664,21.1541167,88.8,21.08,-0.116,0.152,0.969,0,20.71497747449381,26.0,75.89327215983403,-1.0,3.0,52.173205,21.153264,26.0
19449,2026-05-11 19:17:27.900000+00:00,52.1727479,21.1541489,88.9,21.69,-0.097,0.09,0.969,0,21.664006757046938,26.0,78.89780517703215,-1.0,3.0,52.173205,21.153264,26.0
19454,2026-05-11 19:17:28.400000+00:00,52.1727292,21.154182,88.8,22.1,-0.075,0.007,0.972,0,22.096748845481017,,81.96388670895195,-1.0,3.0,52.173205,21.153264,26.0
19459,2026-05-11 19:17:28.900000+00:00,52.1727086,21.1542172,88.8,23.86,-0.056,-0.083,0.955,0,23.889437981811916,,81.66230624145703,-1.0,3.0,52.172031,21.154679,27.0
19464,2026-05-11 19:17:29.400000+00:00,52.1726845,21.1542509,88.8,25.87,-0.062,-0.17,0.956,0,25.417892452566672,27.0,78.31107918120662,-1.0,3.0,52.172031,21.154679,27.0
19469,2026-05-11 19:17:29.900000+00:00,52.1726576,21.1542829,88.6,27.14,-0.085,-0.157,0.981,0,26.658459715407293,27.0,74.72757400335048,-1.0,3.0,52.172031,21.154679,27.0
19474,2026-05-11 19:17:30.400000+00:00,52.1726282,21.1543127,88.6,28.09,-0.088,-0.143,0.99,0,27.71484620317184,27.0,70.94849670686887,-1.0,3.0,52.172031,21.154679,27.0
19479,2026-05-11 19:17:30.900000+00:00,52.1725963,21.1543408,88.5,29.47,-0.072,-0.14,0.966,0,29.02777337684872,27.0,66.95603871516438,-1.0,3.0,52.172031,21.154679,27.0
19484,2026-05-11 19:17:31.400000+00:00,52.172562,21.1543692,88.5,31.21,-0.059,-0.15,0.953,0,30.798293282053425,27.0,62.71037382604717,-1.0,3.0,52.172031,21.154679,27.0
19489,2026-05-11 19:17:31.900000+00:00,52.1725252,21.1543958,88.5,32.43,-0.088,-0.097,0.958,0,32.22731742687562,27.0,58.24742294864757,-1.0,3.0,52.172031,21.154679,27.0
19494,2026-05-11 19:17:32.400000+00:00,52.1724879,21.1544233,88.5,33.06,-0.072,-0.014,0.972,0,32.77325505848149,27.0,53.7141175738129,-1.0,3.0,52.172031,21.154679,27.0
19499,2026-05-11 19:17:32.900000+00:00,52.1724499,21.1544512,88.4,33.44,-0.073,-0.028,0.955,0,33.36486492330442,27.0,49.10176749208773,-1.0,3.0,52.172031,21.154679,27.0
19504,2026-05-11 19:17:33.400000+00:00,52.1724109,21.1544788,88.3,34.05,-0.119,-0.057,0.983,0,34.03755155054756,27.0,44.39437132822745,-1.0,3.0,52.172031,21.154679,27.0
19509,2026-05-11 19:17:33.900000+00:00,52.1723722,21.1545061,88.3,33.9,-0.146,-0.049,0.951,0,33.75860946094767,27.0,39.72966507460727,-1.0,3.0,52.172031,21.154679,27.0
19514,2026-05-11 19:17:34.400000+00:00,52.1723328,21.1545323,88.3,33.56,-0.161,-0.098,0.966,0,34.066082494654225,27.0,35.01806885564958,-1.0,3.0,52.172031,21.154679,27.0
19519,2026-05-11 19:17:34.900000+00:00,52.1722942,21.1545539,88.3,32.42,-0.209,-0.096,0.937,0,32.672509173521675,27.0,30.484573533451197,-1.0,3.0,52.172031,21.154679,27.0
19524,2026-05-11 19:17:35.400000+00:00,52.172257,21.1545728,88.3,30.62,-0.239,-0.018,0.964,0,31.194733040405836,27.0,26.15282803215677,-1.0,3.0,52.172031,21.154679,27.0
19529,2026-05-11 19:17:35.900000+00:00,52.1722221,21.1545908,88.3,28.69,-0.204,0.018,0.942,0,29.305524513065453,27.0,22.084215766898467,-1.0,3.0,52.172031,21.154679,27.0
19534,2026-05-11 19:17:36.400000+00:00,52.1721891,21.1546113,88.3,27.22,-0.207,0.059,0.95,0,28.2723741380202,27.0,18.176036876075937,-1.0,3.0,52.172031,21.154679,27.0
19539,2026-05-11 19:17:36.900000+00:00,52.1721586,21.1546337,88.3,26.34,-0.218,0.028,0.955,0,26.78105060901221,27.0,14.520885037669723,-1.0,3.0,52.172031,21.154679,27.0
19544,2026-05-11 19:17:37.400000+00:00,52.1721304,21.1546552,88.4,24.02,-0.22,-0.01,0.965,0,24.92313775315911,27.0,11.171307438583243,-1.0,3.0,52.172031,21.154679,27.0
19549,2026-05-11 19:17:37.900000+00:00,52.1721046,21.1546765,88.4,22.3,-0.22,-0.013,0.928,0,23.152323138451344,27.0,8.185722200468055,-1.0,3.0,52.172031,21.154679,27.0
19554,2026-05-11 19:17:38.400000+00:00,52.1720815,21.1546969,88.5,20.38,-0.214,-0.035,0.955,0,21.032250348111152,27.0,5.746492072331684,-1.0,3.0,52.172031,21.154679,27.0
19559,2026-05-11 19:17:38.900000+00:00,52.1720599,21.1547161,88.5,18.71,-0.26,-0.023,0.97,0,19.695749362339416,27.0,4.089972374002208,-1.0,3.0,52.172031,21.154679,27.0
19564,2026-05-11 19:17:39.400000+00:00,52.1720405,21.1547337,88.5,17.0,-0.243,-0.053,0.948,0,17.773925164657253,27.0,3.8769548798678906,-1.0,3.0,52.172031,21.154679,27.0
19569,2026-05-11 19:17:39.900000+00:00,52.1720245,21.154749,88.6,13.96,-0.31,-0.069,0.927,0,14.850013547714656,27.0,4.8280590391804425,-1.0,3.0,52.172031,21.154679,27.0
19574,2026-05-11 19:17:40.400000+00:00,52.172012,21.154761,88.6,10.71,-0.346,-0.054,0.941,0,11.613234318575444,27.0,5.977785153111474,-1.0,3.0,52.172031,21.154679,27.0
19579,2026-05-11 19:17:40.900000+00:00,52.172003,21.1547695,88.6,7.51,-0.341,-0.043,0.932,0,8.326863905377472,27.0,6.912518916862956,-1.0,3.0,52.172031,21.154679,27.0
19584,2026-05-11 19:17:41.400000+00:00,52.1719977,21.1547752,88.7,4.0,-0.336,-0.045,0.942,0,5.083070047966767,27.0,7.533196523605352,-1.0,3.0,52.172031,21.154679,27.0
19589,2026-05-11 19:17:41.900000+00:00,52.1719963,21.1547777,88.8,0.94,-0.285,-0.058,0.953,0,1.6622508538866398,27.0,7.758358219803653,-1.0,3.0,52.172031,21.154679,27.0
19594,2026-05-11 19:17:42.400000+00:00,52.1719961,21.1547788,88.8,0.17,-0.151,-0.065,0.958,0,0.5633401871541973,27.0,7.834518805427369,-1.0,3.0,52.172031,21.154679,27.0
19599,2026-05-11 19:17:42.900000+00:00,52.1719959,21.1547798,88.8,0.02,-0.133,-0.06,0.962,0,0.5164534845793615,27.0,7.904789001390308,-1.0,3.0,52.172031,21.154679,27.0
19604,2026-05-11 19:17:43.400000+00:00,52.1719956,21.154781,88.7,0.03,-0.126,-0.063,0.968,0,0.6362783559114292,27.0,7.99243120511519,-1.0,3.0,52.172031,21.154679,27.0
19609,2026-05-11 19:17:43.900000+00:00,52.1719955,21.1547821,88.6,0.07,-0.129,-0.065,0.963,0,0.5460065910083016,27.0,8.063239671504714,-1.0,3.0,52.172031,21.154679,27.0
19614,2026-05-11 19:17:44.400000+00:00,52.1719954,21.1547832,88.5,0.18,-0.131,-0.064,0.966,0,0.5460065930072727,27.0,8.134138743074926,-1.0,3.0,52.172031,21.154679,27.0
19619,2026-05-11 19:17:44.900000+00:00,52.1719952,21.1547847,88.4,0.52,-0.08,-0.069,0.965,0,0.7537115981624188,27.0,8.234379552995934,-1.0,3.0,52.172031,21.154679,27.0
19624,2026-05-11 19:17:45.400000+00:00,52.1719937,21.1547868,88.3,1.54,-0.059,-0.068,0.976,0,1.5828331334076244,27.0,8.440724898463984,-1.0,3.0,52.172031,21.154679,27.0
19629,2026-05-11 19:17:45.900000+00:00,52.1719911,21.154791,88.3,2.93,-0.051,-0.051,0.974,0,2.93013304370937,27.0,8.832939611743521,-1.0,3.0,52.172031,21.154679,27.0
19634,2026-05-11 19:17:46.400000+00:00,52.1719872,21.154797,88.2,4.35,-0.039,-0.044,0.973,0,4.292804985022704,27.0,9.406098702661778,-1.0,3.0,52.172031,21.154679,27.0
19639,2026-05-11 19:17:46.900000+00:00,52.1719819,21.154806,88.1,6.33,-0.029,-0.033,0.982,0,6.126391545845828,27.0,10.238018331278296,-1.0,3.0,52.172031,21.154679,27.0
19644,2026-05-11 19:17:47.400000+00:00,52.1719744,21.1548181,88.1,8.46,-0.015,-0.036,0.971,0,8.446993470722907,27.0,11.383882832007329,-1.0,3.0,52.172031,21.154679,27.0
19649,2026-05-11 19:17:47.900000+00:00,52.1719657,21.1548316,88.0,9.96,-0.005,-0.075,0.977,0,9.615227806272706,27.0,12.689335711110475,-1.0,3.0,52.172031,21.154679,27.0
19654,2026-05-11 19:17:48.400000+00:00,52.1719544,21.1548477,88.0,12.54,-0.004,-0.084,0.989,0,12.014026313477816,27.0,14.314403562742504,-1.0,3.0,52.172031,21.154679,27.0
19659,2026-05-11 19:17:48.900000+00:00,52.1719407,21.1548659,87.9,14.78,0.012,-0.084,0.961,0,14.147800165008553,27.0,16.22564921355886,-1.0,3.0,52.172031,21.154679,27.0
19664,2026-05-11 19:17:49.400000+00:00,52.171924,21.1548864,87.8,17.22,0.002,-0.117,0.974,0,16.73545587838165,27.0,18.482487284672864,-1.0,3.0,52.172031,21.154679,27.0
19669,2026-05-11 19:17:49.900000+00:00,52.171904,21.1549078,87.7,19.75,0.0,-0.158,0.964,0,19.151875095097623,27.0,21.044691637464,-1.0,3.0,52.172031,21.154679,27.0
19674,2026-05-11 19:17:50.400000+00:00,52.1718802,21.1549306,87.7,22.5,-0.027,-0.108,0.973,0,22.099666064442168,27.0,23.99095457148162,-1.0,3.0,52.172031,21.154679,27.0
19679,2026-05-11 19:17:50.900000+00:00,52.1718549,21.1549537,87.6,23.38,-0.05,-0.072,0.967,0,23.21469977813836,27.0,27.0991800038203,-1.0,3.0,52.172031,21.154679,27.0
19684,2026-05-11 19:17:51.400000+00:00,52.1718268,21.1549789,87.6,25.73,-0.058,-0.083,0.962,0,25.67514642337016,27.0,30.55873392483836,-1.0,3.0,52.172031,21.154679,27.0
19689,2026-05-11 19:17:51.900000+00:00,52.1717972,21.1550052,87.6,26.87,-0.067,-0.061,0.963,0,26.987896415109127,27.0,34.215725887770795,-1.0,3.0,52.172031,21.154679,27.0
19694,2026-05-11 19:17:52.400000+00:00,52.1717657,21.1550324,87.6,28.31,-0.057,-0.068,0.969,0,28.537079339912182,27.0,38.09291741198187,-1.0,3.0,52.172031,21.154679,27.0
19699,2026-05-11 19:17:52.900000+00:00,52.1717323,21.1550592,87.6,29.84,-0.056,-0.075,0.971,0,29.802603226453726,27.0,42.135705353030026,-1.0,3.0,52.172031,21.154679,27.0
19704,2026-05-11 19:17:53.400000+00:00,52.1716973,21.1550863,87.6,31.44,-0.065,-0.063,0.972,0,31.020011903834103,27.0,46.350182756011016,-1.0,3.0,52.172031,21.154679,27.0
19709,2026-05-11 19:17:53.900000+00:00,52.1716607,21.1551131,87.6,32.37,-0.06,-0.052,0.956,0,32.12120903593424,27.0,50.71284564347118,-1.0,3.0,52.172031,21.154679,27.0
19714,2026-05-11 19:17:54.400000+00:00,52.1716223,21.1551403,87.5,33.76,-0.076,-0.056,0.972,0,33.5188050423879,27.0,55.271326093749366,-1.0,3.0,52.172031,21.154679,27.0
19719,2026-05-11 19:17:54.900000+00:00,52.1715825,21.1551671,87.6,34.37,-0.077,-0.059,0.969,0,34.47428047397516,27.0,59.95896847968183,-1.0,3.0,52.172031,21.154679,27.0
19724,2026-05-11 19:17:55.400000+00:00,52.1715413,21.1551943,87.5,35.61,-0.071,-0.059,0.967,0,35.58608455956713,27.0,64.80689660803334,-1.0,3.0,52.172031,21.154679,27.0
19729,2026-05-11 19:17:55.900000+00:00,52.1714983,21.1552214,87.5,37.34,-0.073,-0.062,0.967,0,36.90806719188857,27.0,69.83418610372824,-1.0,3.0,52.172031,21.154679,27.0
19734,2026-05-11 19:17:56.400000+00:00,52.171454,21.1552484,87.5,38.16,-0.067,-0.049,0.964,0,37.86350077252071,27.0,74.99497376353389,-1.0,3.0,52.172031,21.154679,27.0
19739,2026-05-11 19:17:56.900000+00:00,52.1714081,21.155275,87.5,39.51,-0.063,-0.045,0.963,0,38.99974668877335,,80.30806297507579,-1.0,3.0,52.172031,21.154679,27.0
19744,2026-05-11 19:17:57.400000+00:00,52.1713606,21.155302,87.5,40.44,-0.071,-0.029,0.971,0,40.27326115565545,,85.80218140833306,-1.0,3.0,52.172031,21.154679,27.0
19749,2026-05-11 19:17:57.900000+00:00,52.1713114,21.15533,87.5,41.94,-0.064,-0.048,0.971,0,41.720072300345365,,91.5067453567636,-1.0,3.0,52.172031,21.154679,27.0
19754,2026-05-11 19:17:58.400000+00:00,52.1712609,21.1553577,87.3,43.1,-0.072,-0.056,0.977,0,42.65690777666842,,97.33934306367908,-1.0,3.0,52.172031,21.154679,27.0
19759,2026-05-11 19:17:58.900000+00:00,52.1712089,21.1553856,87.3,43.83,-0.084,-0.054,0.964,0,43.82740786344807,,103.33630996617288,-1.0,3.0,52.172031,21.154679,27.0
19764,2026-05-11 19:17:59.400000+00:00,52.1711557,21.1554127,87.3,44.58,-0.091,-0.031,0.976,0,44.6222983382588,,109.43691700599324,-1.0,3.0,52.172031,21.154679,27.0
19769,2026-05-11 19:17:59.900000+00:00,52.1711018,21.1554402,87.3,45.26,-0.084,-0.019,0.951,0,45.21580104443614,,115.62964065242788,-1.0,3.0,52.172031,21.154679,27.0
19774,2026-05-11 19:18:00.400000+00:00,52.1710471,21.1554682,87.4,45.97,-0.103,-0.003,0.979,0,45.90039901629903,,121.92616989818812,-1.0,3.0,52.172031,21.154679,27.0
19779,2026-05-11 19:18:00.900000+00:00,52.1709916,21.1554977,87.4,47.07,-0.079,-0.008,0.948,0,46.73488200997512,,128.35504496993306,-1.0,3.0,52.172031,21.154679,27.0
19784,2026-05-11 19:18:01.400000+00:00,52.1709353,21.1555276,87.4,47.57,-0.097,-0.009,0.998,0,47.404706244148855,,134.88192764799302,-1.0,3.0,52.172031,21.154679,27.0
19789,2026-05-11 19:18:01.900000+00:00,52.1708787,21.1555584,87.4,47.5,-0.118,-0.007,0.935,0,47.7711982892388,,141.47033136666687,-1.0,3.0,52.172031,21.154679,27.0
19794,2026-05-11 19:18:02.400000+00:00,52.1708226,21.15559,87.4,47.25,-0.165,0.004,0.971,0,47.51847163637769,,148.0353016209675,-1.0,3.0,52.172031,21.154679,27.0
19799,2026-05-11 19:18:02.900000+00:00,52.1707666,21.1556223,87.5,47.23,-0.136,-0.004,0.959,0,47.55633360243783,,154.61298111168787,-1.0,3.0,52.172031,21.154679,27.0
19804,2026-05-11 19:18:03.400000+00:00,52.1707108,21.1556545,87.5,47.26,-0.122,0.001,0.963,0,47.38901148361447,,161.1698290490154,-1.0,3.0,52.172031,21.154679,27.0
19809,2026-05-11 19:18:03.900000+00:00,52.1706549,21.1556871,87.6,47.66,-0.109,-0.009,0.959,0,47.530284381854656,,162.49884396390317,-1.0,3.0,52.169269,21.156443,28.0
19814,2026-05-11 19:18:04.400000+00:00,52.1705991,21.1557201,87.6,47.48,-0.138,0.001,0.974,0,47.52152630149072,,155.90080446995486,-1.0,3.0,52.169269,21.156443,28.0
19819,2026-05-11 19:18:04.900000+00:00,52.1705436,21.1557533,87.6,46.95,-0.146,0.0,0.954,0,47.329551484870976,,149.33031852963316,-1.0,3.0,52.169269,21.156443,28.0
19824,2026-05-11 19:18:05.400000+00:00,52.1704884,21.1557865,87.5,46.99,-0.143,-0.012,0.949,0,47.10414659910202,,142.79178965147852,-1.0,3.0,52.169269,21.156443,28.0
19829,2026-05-11 19:18:05.900000+00:00,52.1704335,21.155819,87.5,46.62,-0.16,-0.03,0.988,0,46.76047358960031,,136.30020795525908,-1.0,3.0,52.169269,21.156443,28.0
19834,2026-05-11 19:18:06.400000+00:00,52.1703788,21.1558515,87.5,46.41,-0.14,-0.015,0.952,0,46.61000476918099,,129.83005652998978,-1.0,3.0,52.169269,21.156443,28.0
19839,2026-05-11 19:18:06.900000+00:00,52.1703243,21.1558838,87.4,46.21,-0.146,-0.021,0.963,0,46.425960134846136,,123.385633131043,-1.0,3.0,52.169269,21.156443,28.0
19844,2026-05-11 19:18:07.400000+00:00,52.1702698,21.155916,87.4,46.33,-0.125,-0.021,0.955,0,46.40921534667489,,116.94370461572407,-1.0,3.0,52.169269,21.156443,28.0
19849,2026-05-11 19:18:07.900000+00:00,52.1702153,21.1559479,87.4,46.11,-0.142,-0.017,0.97,0,46.3592433198609,,110.50846764801076,-1.0,3.0,52.169269,21.156443,28.0
19854,2026-05-11 19:18:08.400000+00:00,52.1701609,21.1559791,87.4,45.59,-0.142,-0.046,0.956,0,46.168715686113885,,104.0987623902349,-1.0,3.0,52.169269,21.156443,28.0
19859,2026-05-11 19:18:08.900000+00:00,52.1701066,21.1560093,87.4,45.82,-0.152,-0.039,0.952,0,45.9323381650467,,97.72062042901624,-1.0,3.0,52.169269,21.156443,28.0
19864,2026-05-11 19:18:09.400000+00:00,52.1700526,21.1560381,87.3,45.09,-0.154,-0.044,0.955,0,45.486699793753296,,91.40327480970667,-1.0,3.0,52.169269,21.156443,28.0
19869,2026-05-11 19:18:09.900000+00:00,52.1699982,21.1560665,87.3,45.45,-0.138,-0.032,0.974,0,45.73090969054785,,85.05178966095727,-1.0,3.0,52.169269,21.156443,28.0
19874,2026-05-11 19:18:10.400000+00:00,52.1699435,21.1560948,87.3,45.81,-0.122,0.002,0.968,0,45.94483989951342,28.0,78.67056305593407,-1.0,3.0,52.169269,21.156443,28.0
19879,2026-05-11 19:18:10.900000+00:00,52.1698891,21.1561244,87.3,46.05,-0.116,0.005,0.956,0,45.91403031504732,28.0,72.29444387519064,-1.0,3.0,52.169269,21.156443,28.0
19884,2026-05-11 19:18:11.400000+00:00,52.1698347,21.1561546,87.3,45.86,-0.118,0.0,0.963,0,46.0081479247458,28.0,65.90626127918581,-1.0,3.0,52.169269,21.156443,28.0
19889,2026-05-11 19:18:11.900000+00:00,52.1697804,21.1561858,87.3,46.04,-0.129,0.007,0.963,0,46.093242712700096,28.0,59.50895654231334,-1.0,3.0,52.169269,21.156443,28.0
19894,2026-05-11 19:18:12.400000+00:00,52.1697259,21.1562176,87.3,46.05,-0.133,0.01,0.974,0,46.3427337192028,28.0,53.07959748972003,-1.0,3.0,52.169269,21.156443,28.0
19899,2026-05-11 19:18:12.900000+00:00,52.169672,21.1562501,87.2,45.96,-0.131,0.034,0.96,0,46.0088417802681,28.0,46.70272771172509,-1.0,3.0,52.169269,21.156443,28.0
19904,2026-05-11 19:18:13.400000+00:00,52.1696183,21.1562844,87.2,46.22,-0.109,0.021,0.95,0,46.173712678356026,28.0,40.31835081493468,-1.0,3.0,52.169269,21.156443,28.0
19909,2026-05-11 19:18:13.900000+00:00,52.1695648,21.1563198,87.2,46.14,-0.113,0.031,0.984,0,46.22505970567237,28.0,33.94766194442435,-1.0,3.0,52.169269,21.156443,28.0
19914,2026-05-11 19:18:14.400000+00:00,52.1695108,21.1563572,87.3,47.29,-0.103,0.017,0.964,0,46.97142462559828,28.0,27.51630454188012,-1.0,3.0,52.169269,21.156443,28.0
19919,2026-05-11 19:18:14.900000+00:00,52.1694571,21.1563955,87.3,47.28,-0.099,0.016,0.964,0,46.92582393524688,28.0,21.165144605102476,-1.0,3.0,52.169269,21.156443,28.0
19924,2026-05-11 19:18:15.400000+00:00,52.1694028,21.1564343,87.3,47.53,-0.105,0.003,0.977,0,47.46433738692393,28.0,14.889707596746598,-1.0,3.0,52.169269,21.156443,28.0
19929,2026-05-11 19:18:15.900000+00:00,52.1693485,21.1564727,87.4,47.43,-0.123,-0.022,0.964,0,47.385848207443786,28.0,9.06908254587543,-1.0,3.0,52.169269,21.156443,28.0
19934,2026-05-11 19:18:16.400000+00:00,52.1692944,21.1565119,87.4,47.51,-0.15,-0.014,0.962,0,47.397170029037824,28.0,5.482416176326926,-1.0,3.0,52.169269,21.156443,28.0
19939,2026-05-11 19:18:16.900000+00:00,52.1692409,21.1565504,87.4,46.88,-0.149,-0.013,0.952,0,46.81877412749636,28.0,7.963215853357253,-1.0,3.0,52.169269,21.156443,28.0
19944,2026-05-11 19:18:17.400000+00:00,52.1691876,21.156589,87.5,46.59,-0.155,-0.018,0.967,0,46.69225244357073,28.0,13.456200272424136,-1.0,3.0,52.169269,21.156443,28.0
19949,2026-05-11 19:18:17.900000+00:00,52.1691346,21.1566265,87.5,46.18,-0.144,-0.016,0.948,0,46.25519483477424,28.0,19.49245623999164,-1.0,3.0,52.169269,21.156443,28.0
19954,2026-05-11 19:18:18.400000+00:00,52.1690821,21.156663,87.5,45.47,-0.155,-0.012,0.975,0,45.693437751561,28.0,25.632429799783125,-1.0,3.0,52.169269,21.156443,28.0
19959,2026-05-11 19:18:18.900000+00:00,52.1690298,21.1566995,87.6,45.57,-0.147,-0.021,0.96,0,45.54620032813295,28.0,31.834808176860975,-1.0,3.0,52.169269,21.156443,28.0
19964,2026-05-11 19:18:19.400000+00:00,52.1689782,21.1567351,87.6,45.05,-0.151,-0.026,0.951,0,44.85748004932535,28.0,37.97937168844778,-1.0,3.0,52.169269,21.156443,28.0
19969,2026-05-11 19:18:19.900000+00:00,52.1689268,21.1567702,87.7,44.6,-0.149,-0.015,0.966,0,44.61464765113669,28.0,44.11151174318294,-1.0,3.0,52.169269,21.156443,28.0
19974,2026-05-11 19:18:20.400000+00:00,52.1688757,21.1568042,87.8,44.12,-0.147,-0.048,0.954,0,44.18631354227892,28.0,50.19353190091866,-1.0,3.0,52.169269,21.156443,28.0
19979,2026-05-11 19:18:20.900000+00:00,52.1688245,21.1568374,87.8,43.96,-0.156,-0.057,0.967,0,44.113778274678666,28.0,56.27114933593776,-1.0,3.0,52.169269,21.156443,28.0
19984,2026-05-11 19:18:21.400000+00:00,52.1687738,21.1568677,87.9,43.03,-0.158,-0.048,0.941,0,43.23154567920359,28.0,62.21695960042445,-1.0,3.0,52.169269,21.156443,28.0
19989,2026-05-11 19:18:21.900000+00:00,52.1687231,21.1568977,87.9,42.75,-0.158,-0.048,0.971,0,43.18107422179055,28.0,68.16372859469654,-1.0,3.0,52.169269,21.156443,28.0
19994,2026-05-11 19:18:22.400000+00:00,52.1686726,21.1569268,88.0,42.57,-0.149,-0.043,0.954,0,42.881316123837074,28.0,74.07138788634295,-1.0,3.0,52.169269,21.156443,28.0
19999,2026-05-11 19:18:22.900000+00:00,52.1686226,21.1569544,88.0,41.8,-0.147,-0.028,0.958,0,42.26217910047424,28.0,79.89147141976818,-1.0,3.0,52.169269,21.156443,28.0
20004,2026-05-11 19:18:23.400000+00:00,52.1685733,21.1569826,88.1,41.19,-0.154,0.024,0.964,0,41.82835675866666,,85.66559039066574,-1.0,3.0,52.169269,21.156443,28.0
20009,2026-05-11 19:18:23.900000+00:00,52.1685245,21.1570114,88.2,41.3,-0.144,0.003,0.954,0,41.55019708060819,,91.41117374786116,-1.0,3.0,52.169269,21.156443,28.0
20014,2026-05-11 19:18:24.400000+00:00,52.1684765,21.1570398,88.2,40.58,-0.152,-0.012,0.97,0,40.88112042445415,,97.0675566829642,-1.0,3.0,52.169269,21.156443,28.0
20019,2026-05-11 19:18:24.900000+00:00,52.168429,21.1570678,88.2,40.14,-0.148,-0.007,0.964,0,40.4378602940244,,102.66441329494003,-1.0,3.0,52.169269,21.156443,28.0
20024,2026-05-11 19:18:25.400000+00:00,52.1683819,21.1570966,88.3,39.99,-0.142,0.008,0.943,0,40.27311129213364,,108.24520672961737,-1.0,3.0,52.169269,21.156443,28.0
20029,2026-05-11 19:18:25.900000+00:00,52.1683357,21.1571255,88.3,39.47,-0.16,0.016,0.979,0,39.61683096232432,,113.73871690565186,-1.0,3.0,52.169269,21.156443,28.0
20034,2026-05-11 19:18:26.400000+00:00,52.16829,21.157154,88.3,39.1,-0.131,0.018,0.956,0,39.17275949766504,,119.17115499181976,-1.0,3.0,52.169269,21.156443,28.0
20039,2026-05-11 19:18:26.900000+00:00,52.168245,21.1571835,88.4,38.26,-0.174,0.023,0.97,0,38.83034722976658,,124.56077522655072,-1.0,3.0,52.169269,21.156443,28.0
20044,2026-05-11 19:18:27.400000+00:00,52.1682019,21.1572131,88.5,36.99,-0.182,-0.015,0.954,0,37.44235640847242,,129.76022189912584,-1.0,3.0,52.169269,21.156443,28.0
20049,2026-05-11 19:18:27.900000+00:00,52.168159,21.1572427,88.5,36.85,-0.155,0.001,0.954,0,37.2948501570313,,134.9393953529746,-1.0,3.0,52.169269,21.156443,28.0
20054,2026-05-11 19:18:28.400000+00:00,52.168117,21.1572713,88.6,36.15,-0.152,0.003,0.972,0,36.44031328069423,,139.99953115190235,-1.0,3.0,52.169269,21.156443,28.0
20059,2026-05-11 19:18:28.900000+00:00,52.1680756,21.1573005,88.7,35.81,-0.146,-0.001,0.956,0,36.11350412611265,,145.01517549006005,-1.0,3.0,52.169269,21.156443,28.0
20064,2026-05-11 19:18:29.400000+00:00,52.1680349,21.1573294,88.8,35.18,-0.148,-0.003,0.965,0,35.5407707035504,,149.95134862546783,-1.0,3.0,52.169269,21.156443,28.0
20069,2026-05-11 19:18:29.900000+00:00,52.1679944,21.1573578,88.9,34.96,-0.146,0.0,0.963,0,35.29630470852601,,154.85343080878965,-1.0,3.0,52.169269,21.156443,28.0
20074,2026-05-11 19:18:30.400000+00:00,52.1679556,21.1573856,89.0,33.12,-0.224,0.01,0.941,0,33.930664331065955,,159.56602221121298,-1.0,3.0,52.169269,21.156443,28.0
20079,2026-05-11 19:18:30.900000+00:00,52.1679194,21.1574121,89.0,30.87,-0.222,-0.006,0.949,0,31.769176986037763,,163.97829133220657,-1.0,3.0,52.169269,21.156443,28.0
20084,2026-05-11 19:18:31.400000+00:00,52.1678844,21.157437,89.1,30.12,-0.203,-0.001,0.948,0,30.57263848352421,,167.6392713612541,-1.0,3.0,52.169269,21.156443,28.0
20089,2026-05-11 19:18:31.900000+00:00,52.1678512,21.1574613,89.2,28.57,-0.185,-0.004,0.957,0,29.135602100571788,,163.604695904495,-1.0,3.0,52.166466,21.15827,29.0
20094,2026-05-11 19:18:32.400000+00:00,52.1678188,21.1574849,89.2,28.09,-0.143,-0.012,0.963,0,28.410570520597737,,159.67054385838023,-1.0,3.0,52.166466,21.15827,29.0
20099,2026-05-11 19:18:32.900000+00:00,52.1677867,21.1575086,89.3,27.76,-0.159,-0.007,0.965,0,28.211674372395272,,155.7661619193797,-1.0,3.0,52.166466,21.15827,29.0
20104,2026-05-11 19:18:33.400000+00:00,52.1677555,21.157532,89.3,27.3,-0.186,0.0,0.954,0,27.49501317299956,,151.96369877620072,-1.0,3.0,52.166466,21.15827,29.0
20109,2026-05-11 19:18:33.900000+00:00,52.1677258,21.1575542,89.3,25.92,-0.189,-0.004,0.963,0,26.15777068738305,,148.34650686434298,-1.0,3.0,52.166466,21.15827,29.0
20114,2026-05-11 19:18:34.400000+00:00,52.1676972,21.1575766,89.4,24.88,-0.175,-0.008,0.96,0,25.402261243065677,,144.8412552063919,-1.0,3.0,52.166466,21.15827,29.0
20119,2026-05-11 19:18:34.900000+00:00,52.1676698,21.1575982,89.4,24.32,-0.171,-0.011,0.956,0,24.36625251122848,,141.4810523919356,-1.0,3.0,52.166466,21.15827,29.0
20124,2026-05-11 19:18:35.400000+00:00,52.1676434,21.1576192,89.5,23.16,-0.155,-0.026,0.958,0,23.51737829663496,,138.24046756643727,-1.0,3.0,52.166466,21.15827,29.0
20129,2026-05-11 19:18:35.900000+00:00,52.1676177,21.1576398,89.5,22.96,-0.161,-0.038,0.966,0,22.92768475790736,,135.08359365788257,-1.0,3.0,52.166466,21.15827,29.0
20134,2026-05-11 19:18:36.400000+00:00,52.1675929,21.1576593,89.5,21.96,-0.154,-0.048,0.958,0,22.04337904989803,,132.0466675811784,-1.0,3.0,52.166466,21.15827,29.0
20139,2026-05-11 19:18:36.900000+00:00,52.1675685,21.157678,89.5,21.41,-0.159,-0.056,0.957,0,21.58535186262605,,129.07021515210104,-1.0,3.0,52.166466,21.15827,29.0
20144,2026-05-11 19:18:37.400000+00:00,52.1675445,21.157696,89.5,20.75,-0.18,-0.067,0.953,0,21.15002795145406,,126.15187559937526,-1.0,3.0,52.166466,21.15827,29.0
20149,2026-05-11 19:18:37.900000+00:00,52.1675213,21.1577129,89.5,20.09,-0.185,-0.096,0.948,0,20.343641758055508,,123.34217958098948,-1.0,3.0,52.166466,21.15827,29.0
20154,2026-05-11 19:18:38.400000+00:00,52.1674986,21.1577272,89.5,19.13,-0.164,-0.129,0.955,0,19.483142919163253,,120.64045780287188,-1.0,3.0,52.166466,21.15827,29.0
20159,2026-05-11 19:18:38.900000+00:00,52.1674757,21.1577383,89.5,18.82,-0.183,-0.188,0.951,0,19.126921112699694,,117.98465450933416,-1.0,3.0,52.166466,21.15827,29.0
20164,2026-05-11 19:18:39.400000+00:00,52.1674528,21.1577446,89.5,19.14,-0.173,-0.224,0.937,0,18.59299795834645,,115.43009288890094,-1.0,3.0,52.166466,21.15827,29.0
20169,2026-05-11 19:18:39.900000+00:00,52.1674297,21.1577461,89.6,18.67,-0.183,-0.234,0.952,0,18.50860280218305,,112.9588082258192,-1.0,3.0,52.166466,21.15827,29.0
20174,2026-05-11 19:18:40.400000+00:00,52.1674069,21.1577401,89.6,18.91,-0.193,-0.241,0.885,0,18.49001324603204,,110.68959107312467,-1.0,3.0,52.166466,21.15827,29.0
20179,2026-05-11 19:18:40.900000+00:00,52.1673847,21.1577276,89.7,18.18,-0.217,-0.241,0.92,0,18.803485140965982,,108.64666654364731,-1.0,3.0,52.166466,21.15827,29.0
20184,2026-05-11 19:18:41.400000+00:00,52.1673643,21.15771,89.7,17.9,-0.22,-0.252,0.938,0,18.47805609586618,,106.93944735553936,-1.0,3.0,52.166466,21.15827,29.0
20189,2026-05-11 19:18:41.900000+00:00,52.1673452,21.1576871,89.6,18.59,-0.214,-0.215,0.925,0,18.9811706060899,,105.53681367327904,-1.0,3.0,52.166466,21.15827,29.0
20194,2026-05-11 19:18:42.400000+00:00,52.1673277,21.1576607,89.6,18.92,-0.188,-0.226,0.922,0,19.088164016005845,,104.4401149396345,-1.0,3.0,52.166466,21.15827,29.0
20199,2026-05-11 19:18:42.900000+00:00,52.1673114,21.1576311,89.5,19.2,-0.152,-0.128,0.942,0,19.533872409030863,,103.61252343531434,-1.0,3.0,52.166466,21.15827,29.0
20204,2026-05-11 19:18:43.400000+00:00,52.1672949,21.1576006,89.4,20.25,-0.126,-0.111,0.937,0,19.97048154236125,,102.85715794956144,-1.0,3.0,52.166466,21.15827,29.0
20209,2026-05-11 19:18:43.900000+00:00,52.1672778,21.1575694,89.3,20.96,-0.099,-0.053,0.969,0,20.546456274174727,,102.13487530366324,-1.0,3.0,52.166466,21.15827,29.0
20214,2026-05-11 19:18:44.400000+00:00,52.1672581,21.1575392,89.3,21.89,-0.099,0.011,0.972,0,21.648992557738584,,101.2024864527898,-1.0,3.0,52.166466,21.15827,29.0
20219,2026-05-11 19:18:44.900000+00:00,52.1672365,21.1575095,89.2,22.86,-0.105,-0.007,0.973,0,22.62197215765853,,100.15313839620777,-1.0,3.0,52.166466,21.15827,29.0
20224,2026-05-11 19:18:45.400000+00:00,52.1672123,21.1574815,89.2,24.01,-0.113,0.044,0.98,0,23.757670527295375,,98.88656400846206,-1.0,3.0,52.166466,21.15827,29.0
20229,2026-05-11 19:18:45.900000+00:00,52.167186,21.157456,89.1,24.89,-0.108,0.051,0.976,0,24.497947086081226,,97.42599591063214,-1.0,3.0,52.166466,21.15827,29.0
20234,2026-05-11 19:18:46.400000+00:00,52.1671575,21.1574328,88.9,25.59,-0.107,0.065,0.974,0,25.503227348697067,,95.77386406223091,-1.0,3.0,52.166466,21.15827,29.0
20239,2026-05-11 19:18:46.900000+00:00,52.1671265,21.1574134,88.8,26.15,-0.141,0.09,0.97,0,26.584262472403253,,93.84708006808832,-1.0,3.0,52.166466,21.15827,29.0
20244,2026-05-11 19:18:47.400000+00:00,52.167094,21.1573994,88.6,26.56,-0.158,0.112,0.961,0,26.912513853989115,,91.66235215263616,-1.0,3.0,52.166466,21.15827,29.0
20249,2026-05-11 19:18:47.900000+00:00,52.1670604,21.1573909,88.5,26.87,-0.16,0.104,0.972,0,27.22218153855888,,89.23752678183884,-1.0,3.0,52.166466,21.15827,29.0
20254,2026-05-11 19:18:48.400000+00:00,52.1670264,21.1573876,88.3,27.09,-0.172,0.091,0.972,0,27.26871117049335,,86.63092059053952,-1.0,3.0,52.166466,21.15827,29.0
20259,2026-05-11 19:18:48.900000+00:00,52.1669933,21.1573894,88.2,26.16,-0.172,0.096,0.978,0,26.51471219440366,,83.9345386337276,-1.0,3.0,52.166466,21.15827,29.0
20264,2026-05-11 19:18:49.400000+00:00,52.1669603,21.1573952,88.0,26.17,-0.166,0.098,0.974,0,26.57299069498853,,81.12221454798114,-1.0,3.0,52.166466,21.15827,29.0
20269,2026-05-11 19:18:49.900000+00:00,52.1669278,21.1574081,88.0,26.13,-0.155,0.097,0.965,0,26.77962681628492,29.0,78.05384934352195,-1.0,3.0,52.166466,21.15827,29.0
20274,2026-05-11 19:18:50.400000+00:00,52.1668961,21.1574255,87.9,26.61,-0.153,0.072,0.954,0,26.778872103601312,29.0,74.86462502200052,-1.0,3.0,52.166466,21.15827,29.0
20279,2026-05-11 19:18:50.900000+00:00,52.1668656,21.1574463,87.9,25.7,-0.16,0.063,0.972,0,26.46858119427596,29.0,71.62693749663819,-1.0,3.0,52.166466,21.15827,29.0
20284,2026-05-11 19:18:51.400000+00:00,52.1668363,21.1574703,87.8,25.86,-0.159,0.078,0.966,0,26.251861593842563,29.0,68.33935942033125,-1.0,3.0,52.166466,21.15827,29.0
20289,2026-05-11 19:18:51.900000+00:00,52.166809,21.1574986,87.8,25.65,-0.164,0.07,0.978,0,25.900452006079764,29.0,64.98210863816338,-1.0,3.0,52.166466,21.15827,29.0
20294,2026-05-11 19:18:52.400000+00:00,52.1667833,21.1575292,87.8,25.97,-0.175,0.086,0.972,0,25.478367892652848,29.0,61.62473500563148,-1.0,3.0,52.166466,21.15827,29.0
20299,2026-05-11 19:18:52.900000+00:00,52.1667597,21.1575632,87.8,24.77,-0.161,0.08,0.98,0,25.2141378910815,29.0,58.22689984644479,-1.0,3.0,52.166466,21.15827,29.0
20304,2026-05-11 19:18:53.400000+00:00,52.1667384,21.1575992,87.8,24.48,-0.155,0.073,0.967,0,24.562581726410556,29.0,54.86884838162971,-1.0,3.0,52.166466,21.15827,29.0
20309,2026-05-11 19:18:53.900000+00:00,52.1667195,21.1576374,87.8,24.14,-0.159,0.068,0.96,0,24.10071446717644,29.0,51.53725475774744,-1.0,3.0,52.166466,21.15827,29.0
20314,2026-05-11 19:18:54.400000+00:00,52.1667031,21.1576765,87.8,23.31,-0.171,0.056,0.966,0,23.260605798878306,29.0,48.30738130562068,-1.0,3.0,52.166466,21.15827,29.0
20319,2026-05-11 19:18:54.900000+00:00,52.166689,21.1577172,87.8,23.04,-0.145,0.025,0.957,0,22.95389759587075,29.0,45.1261429930648,-1.0,3.0,52.166466,21.15827,29.0
20324,2026-05-11 19:18:55.400000+00:00,52.1666752,21.157759,87.8,23.45,-0.104,-0.044,0.971,0,23.31095283347982,29.0,41.90199770120746,-1.0,3.0,52.166466,21.15827,29.0
20329,2026-05-11 19:18:55.900000+00:00,52.1666613,21.1578015,87.8,23.51,-0.088,-0.074,0.969,0,23.651767942947625,29.0,38.6343645090999,-1.0,3.0,52.166466,21.15827,29.0
20334,2026-05-11 19:18:56.400000+00:00,52.1666467,21.1578447,87.8,24.63,-0.079,-0.071,0.965,0,24.221062568823807,29.0,35.2863550489008,-1.0,3.0,52.166466,21.15827,29.0
20339,2026-05-11 19:18:56.900000+00:00,52.166632,21.1578893,87.8,25.32,-0.072,-0.054,0.968,0,24.86321726519729,29.0,31.857412959379214,-1.0,3.0,52.166466,21.15827,29.0
20344,2026-05-11 19:18:57.400000+00:00,52.1666169,21.1579356,87.8,26.43,-0.063,-0.085,0.97,0,25.75042050971718,29.0,28.314577763641505,-1.0,3.0,52.166466,21.15827,29.0
20349,2026-05-11 19:18:57.900000+00:00,52.1666008,21.1579833,87.8,27.56,-0.062,-0.072,0.968,0,26.736065528083845,29.0,24.63795231806629,-1.0,3.0,52.166466,21.15827,29.0
20354,2026-05-11 19:18:58.400000+00:00,52.1665842,21.1580329,87.9,28.52,-0.049,-0.06,0.963,0,27.746670265546225,29.0,20.838604438262028,-1.0,3.0,52.166466,21.15827,29.0
20359,2026-05-11 19:18:58.900000+00:00,52.1665673,21.1580852,87.9,29.83,-0.062,-0.065,0.97,0,29.02870819967949,29.0,16.903835937329575,-1.0,3.0,52.166466,21.15827,29.0
20364,2026-05-11 19:18:59.400000+00:00,52.16655,21.1581398,87.9,30.91,-0.06,-0.063,0.963,0,30.178220915979907,29.0,12.88792799467335,-1.0,3.0,52.166466,21.15827,29.0
20369,2026-05-11 19:18:59.900000+00:00,52.1665323,21.1581961,87.9,31.89,-0.067,-0.062,0.965,0,31.067058339039505,29.0,8.930492633889699,-1.0,3.0,52.166466,21.15827,29.0
20374,2026-05-11 19:19:00.400000+00:00,52.1665141,21.1582545,88.0,32.73,-0.067,-0.069,0.968,0,32.167571186432305,29.0,5.45195114636195,-1.0,3.0,52.166466,21.15827,29.0
20379,2026-05-11 19:19:00.900000+00:00,52.1664955,21.1583145,88.0,33.74,-0.076,-0.066,0.968,0,33.013192191591216,29.0,4.468961571740933,-1.0,3.0,52.166466,21.15827,29.0
20384,2026-05-11 19:19:01.400000+00:00,52.1664765,21.1583763,88.0,34.71,-0.071,-0.081,0.97,0,33.946729029275375,29.0,7.343447432370167,-1.0,3.0,52.166466,21.15827,29.0
20389,2026-05-11 19:19:01.900000+00:00,52.166457,21.1584396,88.0,35.54,-0.069,-0.076,0.957,0,34.784633882735086,29.0,11.610535782682849,-1.0,3.0,52.166466,21.15827,29.0
20394,2026-05-11 19:19:02.400000+00:00,52.1664367,21.1585047,88.1,36.49,-0.078,-0.082,0.965,0,35.86242559627291,29.0,16.335572440627246,-1.0,3.0,52.166466,21.15827,29.0
20399,2026-05-11 19:19:02.900000+00:00,52.166416,21.1585708,88.1,36.86,-0.095,-0.076,0.968,0,36.44536593798051,29.0,21.25564493392748,-1.0,3.0,52.166466,21.15827,29.0
20404,2026-05-11 19:19:03.400000+00:00,52.1663949,21.1586372,88.1,37.33,-0.103,-0.085,0.952,0,36.722856616359365,29.0,26.262609205399908,-1.0,3.0,52.166466,21.15827,29.0
20409,2026-05-11 19:19:03.900000+00:00,52.1663732,21.1587041,88.1,37.68,-0.113,-0.093,0.964,0,37.16317575660979,29.0,31.353878742866925,-1.0,3.0,52.166466,21.15827,29.0
20414,2026-05-11 19:19:04.400000+00:00,52.1663509,21.1587709,88.2,37.92,-0.111,-0.112,0.95,0,37.34702223115751,29.0,36.481878882572815,-1.0,3.0,52.166466,21.15827,29.0
20419,2026-05-11 19:19:04.900000+00:00,52.1663275,21.1588374,88.2,38.24,-0.114,-0.126,0.965,0,37.64809514123742,29.0,41.650565933162646,-1.0,3.0,52.166466,21.15827,29.0
20424,2026-05-11 19:19:05.400000+00:00,52.1663025,21.1589036,88.2,38.77,-0.112,-0.12,0.964,0,38.17612553497368,29.0,46.882443328472725,-1.0,3.0,52.166466,21.15827,29.0
20429,2026-05-11 19:19:05.900000+00:00,52.166276,21.1589699,88.1,38.9,-0.103,-0.143,0.937,0,38.86036032423843,29.0,52.20207049920421,-1.0,3.0,52.166466,21.15827,29.0
20434,2026-05-11 19:19:06.400000+00:00,52.1662486,21.1590353,88.1,39.17,-0.116,-0.146,0.953,0,38.89265878759019,29.0,57.52240433314062,-1.0,3.0,52.166466,21.15827,29.0
20439,2026-05-11 19:19:06.900000+00:00,52.1662197,21.1591001,88.2,39.72,-0.118,-0.157,0.951,0,39.34375810213732,29.0,62.89220239889448,-1.0,3.0,52.166466,21.15827,29.0
20444,2026-05-11 19:19:07.400000+00:00,52.1661891,21.1591634,88.2,40.04,-0.121,-0.189,0.949,0,39.57814681829942,29.0,68.27062390906367,-1.0,3.0,52.166466,21.15827,29.0
20449,2026-05-11 19:19:07.900000+00:00,52.1661565,21.1592255,88.3,40.52,-0.12,-0.19,0.946,0,40.13927150257699,29.0,73.69765571210243,-1.0,3.0,52.166466,21.15827,29.0
20454,2026-05-11 19:19:08.400000+00:00,52.1661221,21.1592865,88.3,40.81,-0.118,-0.167,0.942,0,40.69163322768322,29.0,79.17594134085888,-1.0,3.0,52.166466,21.15827,29.0
20459,2026-05-11 19:19:08.900000+00:00,52.1660865,21.159346,88.4,40.87,-0.137,-0.143,0.952,0,40.817444875928594,,84.65467782339577,-1.0,3.0,52.166466,21.15827,29.0
20464,2026-05-11 19:19:09.400000+00:00,52.1660512,21.1594047,88.4,40.11,-0.153,-0.096,0.962,0,40.3686598207852,,90.09300959346194,-1.0,3.0,52.166466,21.15827,29.0
20469,2026-05-11 19:19:09.900000+00:00,52.1660158,21.1594622,88.5,39.83,-0.151,-0.063,0.946,0,40.0066952196686,,95.48693582745508,-1.0,3.0,52.166466,21.15827,29.0
20474,2026-05-11 19:19:10.400000+00:00,52.1659813,21.1595192,88.5,38.96,-0.155,-0.048,0.945,0,39.32439292781535,,100.81616708916272,-1.0,3.0,52.166466,21.15827,29.0
20479,2026-05-11 19:19:10.900000+00:00,52.1659472,21.159576,88.5,38.73,-0.151,-0.088,0.937,0,39.02989093855327,,106.12323821230318,-1.0,3.0,52.166466,21.15827,29.0
20484,2026-05-11 19:19:11.400000+00:00,52.1659142,21.1596316,88.5,37.63,-0.159,-0.036,0.984,0,37.99338597149659,,111.30553518128671,-1.0,3.0,52.166466,21.15827,29.0
20489,2026-05-11 19:19:11.900000+00:00,52.1658813,21.1596867,88.4,37.52,-0.15,-0.068,0.944,0,37.76144557555705,,116.46182401221192,-1.0,3.0,52.166466,21.15827,29.0
20494,2026-05-11 19:19:12.400000+00:00,52.1658492,21.1597411,88.4,36.75,-0.159,-0.074,0.967,0,37.06903440832016,,121.5360483885109,-1.0,3.0,52.166466,21.15827,29.0
20499,2026-05-11 19:19:12.900000+00:00,52.1658172,21.1597951,88.4,36.85,-0.153,-0.086,0.951,0,36.87206777531101,,126.58751581508407,-1.0,3.0,52.166466,21.15827,29.0
20504,2026-05-11 19:19:13.400000+00:00,52.1657852,21.1598474,88.4,36.13,-0.153,-0.111,0.938,0,36.27632406652603,,131.5495266450681,-1.0,3.0,52.166466,21.15827,29.0
20509,2026-05-11 19:19:13.900000+00:00,52.1657527,21.1598973,88.4,35.88,-0.163,-0.143,0.954,0,35.74204489533966,,136.41620988440286,-1.0,3.0,52.166466,21.15827,29.0
20514,2026-05-11 19:19:14.400000+00:00,52.1657196,21.1599447,88.4,35.39,-0.164,-0.139,0.947,0,35.27127031245328,,140.52537724188758,-1.0,3.0,52.164468,21.16023,30.0
20519,2026-05-11 19:19:14.900000+00:00,52.1656861,21.1599902,88.4,34.75,-0.163,-0.158,0.948,0,34.90805924978601,,136.43047680987374,-1.0,3.0,52.164468,21.16023,30.0
20524,2026-05-11 19:19:15.400000+00:00,52.165652,21.1600327,88.4,34.47,-0.169,-0.156,0.934,0,34.364316429180754,,132.3407537678715,-1.0,3.0,52.164468,21.16023,30.0
20529,2026-05-11 19:19:15.900000+00:00,52.1656171,21.160073,88.4,33.99,-0.168,-0.164,0.94,0,34.239736154876034,,128.22201788433622,-1.0,3.0,52.164468,21.16023,30.0
20534,2026-05-11 19:19:16.400000+00:00,52.165582,21.1601082,88.3,32.77,-0.199,-0.184,0.944,0,32.99207449484623,,124.14940726901746,-1.0,3.0,52.164468,21.16023,30.0
20539,2026-05-11 19:19:16.900000+00:00,52.1655462,21.1601414,88.3,32.67,-0.164,-0.178,0.938,0,32.97421041538115,,120.04257185714232,-1.0,3.0,52.164468,21.16023,30.0
20544,2026-05-11 19:19:17.400000+00:00,52.1655094,21.160171,88.2,32.72,-0.168,-0.203,0.931,0,32.85289390883644,,115.86829761390742,-1.0,3.0,52.164468,21.16023,30.0
20549,2026-05-11 19:19:17.900000+00:00,52.1654716,21.1601957,88.2,32.66,-0.164,-0.225,0.935,0,32.60313870258992,,111.61974769247252,-1.0,3.0,52.164468,21.16023,30.0
20554,2026-05-11 19:19:18.400000+00:00,52.1654327,21.1602166,88.2,32.98,-0.157,-0.217,0.928,0,32.79109032434745,,107.27363921637244,-1.0,3.0,52.164468,21.16023,30.0
20559,2026-05-11 19:19:18.900000+00:00,52.1653928,21.1602325,88.0,33.35,-0.153,-0.215,0.94,0,32.884510535205315,,102.83320953188036,-1.0,3.0,52.164468,21.16023,30.0
20564,2026-05-11 19:19:19.400000+00:00,52.1653522,21.1602459,88.0,33.33,-0.142,-0.222,0.931,0,33.163908043414814,,98.32453495030803,-1.0,3.0,52.164468,21.16023,30.0
20569,2026-05-11 19:19:19.900000+00:00,52.1653103,21.1602548,87.9,33.89,-0.14,-0.224,0.936,0,33.82880852841655,,93.67475995147808,-1.0,3.0,52.164468,21.16023,30.0
20574,2026-05-11 19:19:20.400000+00:00,52.1652677,21.1602605,87.9,34.17,-0.131,-0.146,0.943,0,34.22038198530996,,88.94691291975577,-1.0,3.0,52.164468,21.16023,30.0
20579,2026-05-11 19:19:20.900000+00:00,52.1652245,21.1602648,87.9,34.59,-0.126,-0.133,0.945,0,34.65047274879461,,84.1524426625241,-1.0,3.0,52.164468,21.16023,30.0
20584,2026-05-11 19:19:21.400000+00:00,52.1651805,21.1602678,87.9,35.15,-0.152,-0.118,0.955,0,35.257346075808826,30.0,79.26832394219925,-1.0,3.0,52.164468,21.16023,30.0
20589,2026-05-11 19:19:21.900000+00:00,52.165137,21.1602697,87.8,34.55,-0.155,-0.097,0.941,0,34.8387477800867,30.0,74.43867141251077,-1.0,3.0,52.164468,21.16023,30.0
20594,2026-05-11 19:19:22.400000+00:00,52.1650939,21.1602715,87.8,34.48,-0.166,-0.08,0.958,0,34.51732984549246,30.0,69.65444114213423,-1.0,3.0,52.164468,21.16023,30.0
20599,2026-05-11 19:19:22.900000+00:00,52.1650512,21.1602733,87.8,34.07,-0.158,-0.082,0.953,0,34.197194494498135,30.0,64.9160961528842,-1.0,3.0,52.164468,21.16023,30.0
20604,2026-05-11 19:19:23.400000+00:00,52.1650087,21.1602747,87.7,33.66,-0.159,-0.082,0.95,0,34.032592714976886,30.0,60.20034936097832,-1.0,3.0,52.164468,21.16023,30.0
20609,2026-05-11 19:19:23.900000+00:00,52.1649664,21.1602757,87.7,33.54,-0.167,-0.087,0.961,0,33.869087252709974,30.0,55.50713944706303,-1.0,3.0,52.164468,21.16023,30.0
20614,2026-05-11 19:19:24.400000+00:00,52.1649246,21.1602766,87.7,33.25,-0.16,-0.085,0.952,0,33.46814356459163,30.0,50.870993986632655,-1.0,3.0,52.164468,21.16023,30.0
20619,2026-05-11 19:19:24.900000+00:00,52.1648831,21.160277,87.7,33.07,-0.159,-0.092,0.957,0,33.22562475155245,30.0,46.26820114017449,-1.0,3.0,52.164468,21.16023,30.0
20624,2026-05-11 19:19:25.400000+00:00,52.1648421,21.1602762,87.7,32.57,-0.168,-0.118,0.938,0,32.827093293779186,30.0,41.71720362607044,-1.0,3.0,52.164468,21.16023,30.0
20629,2026-05-11 19:19:25.900000+00:00,52.1648023,21.1602725,87.6,31.34,-0.237,-0.133,0.949,0,31.915782624249488,30.0,37.28531816296047,-1.0,3.0,52.164468,21.16023,30.0
20634,2026-05-11 19:19:26.400000+00:00,52.1647639,21.1602681,87.6,30.26,-0.233,-0.116,0.948,0,30.81901419307268,30.0,33.005041212741205,-1.0,3.0,52.164468,21.16023,30.0
20639,2026-05-11 19:19:26.900000+00:00,52.1647276,21.1602615,87.6,28.28,-0.226,-0.11,0.941,0,29.24208426213268,30.0,28.94604871711437,-1.0,3.0,52.164468,21.16023,30.0
20644,2026-05-11 19:19:27.400000+00:00,52.1646942,21.1602531,87.2,26.73,-0.236,-0.112,0.942,0,27.05646890503343,30.0,25.201591842276752,-1.0,3.0,52.164468,21.16023,30.0
20649,2026-05-11 19:19:27.900000+00:00,52.1646621,21.160244,87.1,25.61,-0.227,-0.096,0.941,0,26.085025517626388,30.0,21.60404848195421,-1.0,3.0,52.164468,21.16023,30.0
20654,2026-05-11 19:19:28.400000+00:00,52.1646316,21.1602361,87.1,23.63,-0.237,-0.044,0.944,0,24.72467729879509,30.0,18.196247251657045,-1.0,3.0,52.164468,21.16023,30.0
20659,2026-05-11 19:19:28.900000+00:00,52.1646027,21.1602304,87.2,22.43,-0.201,-0.017,0.957,0,23.30614969404833,30.0,14.977981467534317,-1.0,3.0,52.164468,21.16023,30.0
20664,2026-05-11 19:19:29.400000+00:00,52.1645745,21.160228,87.3,21.99,-0.166,0.002,0.95,0,22.607760901629565,30.0,11.843045345067802,-1.0,3.0,52.164468,21.16023,30.0
20669,2026-05-11 19:19:29.900000+00:00,52.1645475,21.1602264,87.1,21.34,-0.179,-0.025,0.958,0,21.630569584678216,30.0,8.843406174593182,-1.0,3.0,52.164468,21.16023,30.0
20674,2026-05-11 19:19:30.400000+00:00,52.1645212,21.1602265,87.1,20.63,-0.198,-0.047,0.95,0,21.055928573213176,30.0,5.920384977288867,-1.0,3.0,52.164468,21.16023,30.0
20679,2026-05-11 19:19:30.900000+00:00,52.1644962,21.1602278,87.1,19.34,-0.183,-0.044,0.938,0,20.025265818723128,30.0,3.1392852072454938,-1.0,3.0,52.164468,21.16023,30.0
20684,2026-05-11 19:19:31.400000+00:00,52.1644726,21.1602293,87.0,18.29,-0.224,-0.051,0.968,0,18.90859603645321,30.0,0.5137201442126753,-1.0,3.0,52.164468,21.16023,30.0
20689,2026-05-11 19:19:31.900000+00:00,52.1644509,21.1602311,87.0,16.23,-0.257,-0.063,0.935,0,17.395569079091548,30.0,1.9029128947153635,-1.0,3.0,52.164468,21.16023,30.0
20694,2026-05-11 19:19:32.400000+00:00,52.1644321,21.1602322,86.9,13.83,-0.302,-0.068,0.945,0,15.061036057862704,30.0,3.9947171335619935,-1.0,3.0,52.164468,21.16023,30.0
20699,2026-05-11 19:19:32.900000+00:00,52.1644171,21.1602329,86.9,10.61,-0.317,-0.04,0.928,0,12.01397119431332,30.0,5.663277055144213,-1.0,3.0,52.164468,21.16023,30.0
20704,2026-05-11 19:19:33.400000+00:00,52.1644063,21.1602341,87.0,7.07,-0.351,-0.033,0.944,0,8.66657639141449,30.0,6.866423906225909,-1.0,3.0,52.164468,21.16023,30.0
20709,2026-05-11 19:19:33.900000+00:00,52.1643997,21.1602347,87.0,3.95,-0.341,-0.054,0.938,0,5.292191975439815,30.0,7.601376196871652,-1.0,3.0,52.164468,21.16023,30.0
20714,2026-05-11 19:19:34.400000+00:00,52.1643971,21.1602351,87.0,0.81,-0.302,-0.041,0.943,0,2.0908171758072727,30.0,7.8913907654382225,-1.0,3.0,52.164468,21.16023,30.0
20719,2026-05-11 19:19:34.900000+00:00,52.1643964,21.160236,87.1,0.16,-0.165,-0.056,0.957,0,0.7137361743279501,30.0,7.972067693560314,-1.0,3.0,52.164468,21.16023,30.0
20724,2026-05-11 19:19:35.400000+00:00,52.1643955,21.1602374,87.2,0.09,-0.142,-0.057,0.96,0,0.9959274830294088,30.0,8.077416992293418,-1.0,3.0,52.164468,21.16023,30.0
20729,2026-05-11 19:19:35.900000+00:00,52.1643946,21.1602387,87.3,0.11,-0.135,-0.057,0.966,0,0.9626817886141524,30.0,8.183250734416854,-1.0,3.0,52.164468,21.16023,30.0
20734,2026-05-11 19:19:36.400000+00:00,52.1643937,21.1602399,87.4,0.18,-0.141,-0.059,0.964,0,0.9308406161299952,30.0,8.289331491584553,-1.0,3.0,52.164468,21.16023,30.0
20739,2026-05-11 19:19:36.900000+00:00,52.1643925,21.1602416,87.5,0.12,-0.137,-0.057,0.963,0,1.2727789876850115,30.0,8.432417294124575,-1.0,3.0,52.164468,21.16023,30.0
20744,2026-05-11 19:19:37.400000+00:00,52.1643915,21.1602431,87.6,0.06,-0.139,-0.058,0.966,0,1.087931005299256,30.0,8.553209868341607,-1.0,3.0,52.164468,21.16023,30.0
20749,2026-05-11 19:19:37.900000+00:00,52.1643908,21.160244,87.6,0.03,-0.135,-0.056,0.963,0,0.7137362087703009,30.0,8.6371952255201,-1.0,3.0,52.164468,21.16023,30.0
20754,2026-05-11 19:19:38.400000+00:00,52.1643901,21.1602447,87.7,0.06,-0.141,-0.056,0.963,0,0.6574538899047413,30.0,8.719919520125854,-1.0,3.0,52.164468,21.16023,30.0
20759,2026-05-11 19:19:38.900000+00:00,52.1643894,21.1602458,87.7,0.04,-0.136,-0.059,0.962,0,0.7783871719244885,30.0,8.806110748993007,-1.0,3.0,52.164468,21.16023,30.0
20764,2026-05-11 19:19:39.400000+00:00,52.1643887,21.1602467,87.8,0.09,-0.137,-0.058,0.965,0,0.7137362136886115,30.0,8.891022964736917,-1.0,3.0,52.164468,21.16023,30.0
20769,2026-05-11 19:19:39.900000+00:00,52.1643881,21.1602476,87.8,0.14,-0.136,-0.059,0.961,0,0.6527586366919681,30.0,8.965207214955349,-1.0,3.0,52.164468,21.16023,30.0
20774,2026-05-11 19:19:40.400000+00:00,52.1643872,21.1602486,87.9,0.09,-0.138,-0.058,0.964,0,0.8719807414944425,30.0,9.073676143246464,-1.0,3.0,52.164468,21.16023,30.0
20779,2026-05-11 19:19:40.900000+00:00,52.1643863,21.1602497,88.0,0.08,-0.136,-0.058,0.964,0,0.9005530132493971,30.0,9.18345657050711,-1.0,3.0,52.164468,21.16023,30.0
20784,2026-05-11 19:19:41.400000+00:00,52.1643852,21.1602509,88.1,0.09,-0.134,-0.058,0.964,0,1.0596465190183535,30.0,9.316643693448771,-1.0,3.0,52.164468,21.16023,30.0
20789,2026-05-11 19:19:41.900000+00:00,52.1643843,21.1602519,88.2,0.09,-0.136,-0.057,0.963,0,0.871980763726603,30.0,9.426120835655322,-1.0,3.0,52.164468,21.16023,30.0
20794,2026-05-11 19:19:42.400000+00:00,52.1643834,21.1602527,88.3,0.05,-0.138,-0.059,0.96,0,0.8206887102325275,30.0,9.533654345006342,-1.0,3.0,52.164468,21.16023,30.0
20799,2026-05-11 19:19:42.900000+00:00,52.1643827,21.1602535,88.4,0.07,-0.14,-0.058,0.967,0,0.6844127944661136,30.0,9.619407278427111,-1.0,3.0,52.164468,21.16023,30.0
20804,2026-05-11 19:19:43.400000+00:00,52.1643819,21.1602541,88.5,0.11,-0.135,-0.055,0.964,0,0.7050097123479834,30.0,9.713972222689453,-1.0,3.0,52.164468,21.16023,30.0
20809,2026-05-11 19:19:43.900000+00:00,52.1643811,21.1602548,88.6,0.04,-0.141,-0.046,0.964,0,0.7269047783415485,30.0,9.80977677344929,-1.0,3.0,52.164468,21.16023,30.0
20814,2026-05-11 19:19:44.400000+00:00,52.1643803,21.1602556,88.6,0.19,-0.122,-0.046,0.962,0,0.7513759217017838,30.0,9.906883580880644,-1.0,3.0,52.164468,21.16023,30.0
20819,2026-05-11 19:19:44.900000+00:00,52.1643783,21.1602564,88.7,1.71,-0.043,-0.06,0.974,0,1.6486998697838078,30.0,10.135419566920085,-1.0,3.0,52.164468,21.16023,30.0
20824,2026-05-11 19:19:45.400000+00:00,52.1643742,21.1602571,88.6,3.45,-0.03,-0.041,0.978,0,3.300425654190631,30.0,10.592603229738078,-1.0,3.0,52.164468,21.16023,30.0
20829,2026-05-11 19:19:45.900000+00:00,52.164368,21.1602589,88.6,5.26,-0.027,-0.027,0.977,0,5.041836458499174,30.0,11.29285806233642,-1.0,3.0,52.164468,21.16023,30.0
20834,2026-05-11 19:19:46.400000+00:00,52.1643597,21.1602608,88.6,7.02,-0.02,-0.029,0.98,0,6.710198189740625,30.0,12.224273918536367,-1.0,3.0,52.164468,21.16023,30.0
20839,2026-05-11 19:19:46.900000+00:00,52.164349,21.1602638,88.5,9.26,-0.019,-0.024,0.983,0,8.692220864960495,30.0,13.431523666854051,-1.0,3.0,52.164468,21.16023,30.0
20844,2026-05-11 19:19:47.400000+00:00,52.1643348,21.1602692,88.5,12.37,0.0,-0.031,0.97,0,11.673767261814469,30.0,15.050557402562676,-1.0,3.0,52.164468,21.16023,30.0
20849,2026-05-11 19:19:47.900000+00:00,52.1643177,21.1602753,88.5,14.55,0.001,-0.072,0.984,0,14.01423317666833,30.0,16.995810226484203,-1.0,3.0,52.164468,21.16023,30.0
20854,2026-05-11 19:19:48.400000+00:00,52.1642976,21.160282,88.5,17.59,0.014,-0.044,0.981,0,16.425063552162264,30.0,19.27671080143982,-1.0,3.0,52.164468,21.16023,30.0
20859,2026-05-11 19:19:48.900000+00:00,52.1642746,21.1602892,88.4,19.83,0.005,-0.059,0.964,0,18.750284768489838,30.0,21.88089204292829,-1.0,3.0,52.164468,21.16023,30.0
20864,2026-05-11 19:19:49.400000+00:00,52.1642483,21.1602975,88.4,22.3,-0.005,-0.053,0.985,0,21.446768434907405,30.0,24.859568526113247,-1.0,3.0,52.164468,21.16023,30.0
20869,2026-05-11 19:19:49.900000+00:00,52.1642198,21.1603081,88.4,24.13,-0.042,-0.024,0.987,0,23.40346970901921,30.0,28.107971921836587,-1.0,3.0,52.164468,21.16023,30.0
20874,2026-05-11 19:19:50.400000+00:00,52.1641897,21.1603208,88.3,25.41,-0.046,0.013,0.952,0,24.89216429279253,30.0,31.55918947893419,-1.0,3.0,52.164468,21.16023,30.0
20879,2026-05-11 19:19:50.900000+00:00,52.1641585,21.1603363,88.3,26.55,-0.064,0.0,0.991,0,26.11289028920818,30.0,35.17028096559041,-1.0,3.0,52.164468,21.16023,30.0
20884,2026-05-11 19:19:51.400000+00:00,52.1641259,21.1603541,88.3,27.95,-0.048,-0.006,0.972,0,27.52463371251712,30.0,38.97014931694467,-1.0,3.0,52.164468,21.16023,30.0
20889,2026-05-11 19:19:51.900000+00:00,52.164092,21.1603754,88.4,29.58,-0.052,0.004,0.986,0,29.086445934804026,30.0,42.96940177740632,-1.0,3.0,52.164468,21.16023,30.0
20894,2026-05-11 19:19:52.400000+00:00,52.1640569,21.1603983,88.4,30.8,-0.05,-0.011,0.962,0,30.267955457770864,30.0,47.131529357997714,-1.0,3.0,52.164468,21.16023,30.0
20899,2026-05-11 19:19:52.900000+00:00,52.1640202,21.1604221,88.4,31.87,-0.058,-0.066,0.964,0,31.6215108366566,30.0,51.48814124574304,-1.0,3.0,52.164468,21.16023,30.0
20904,2026-05-11 19:19:53.400000+00:00,52.1639831,21.1604462,88.5,32.33,-0.074,-0.081,0.972,0,31.973538014756965,30.0,55.89857735047345,-1.0,3.0,52.164468,21.16023,30.0
20909,2026-05-11 19:19:53.900000+00:00,52.1639447,21.1604708,88.6,33.33,-0.075,-0.056,0.956,0,33.031662522788615,30.0,60.46184691656198,-1.0,3.0,52.164468,21.16023,30.0
20914,2026-05-11 19:19:54.400000+00:00,52.1639077,21.1604947,88.7,31.47,-0.079,-0.056,0.966,0,31.862874783587227,30.0,64.86574854847491,-1.0,3.0,52.164468,21.16023,30.0
20919,2026-05-11 19:19:54.900000+00:00,52.1638732,21.1605131,88.7,29.75,-0.078,-0.061,0.966,0,29.061337846142056,30.0,68.89983427323477,-1.0,3.0,52.164468,21.16023,30.0
20924,2026-05-11 19:19:55.400000+00:00,52.1638416,21.1605316,88.7,26.64,-0.074,-0.063,0.959,0,26.880934745679205,30.0,72.62677156083416,-1.0,3.0,52.164468,21.16023,30.0
20929,2026-05-11 19:19:55.900000+00:00,52.1638053,21.1605544,88.6,29.66,-0.141,-0.06,0.967,0,31.144282756479072,30.0,76.93911936028715,-1.0,3.0,52.164468,21.16023,30.0
20934,2026-05-11 19:19:56.400000+00:00,52.1637632,21.1605785,88.6,33.33,-0.16,-0.051,0.943,0,35.722975877327855,,81.89571490615168,-1.0,3.0,52.164468,21.16023,30.0
20939,2026-05-11 19:19:56.900000+00:00,52.1637229,21.1606086,88.6,34.2,-0.163,-0.054,0.959,0,35.48934085822704,,86.78239765425793,-1.0,3.0,52.164468,21.16023,30.0
20944,2026-05-11 19:19:57.400000+00:00,52.1636872,21.1606334,88.5,31.72,-0.166,-0.05,0.958,0,31.068266586576435,,91.07661494968448,-1.0,3.0,52.164468,21.16023,30.0
20949,2026-05-11 19:19:57.900000+00:00,52.1636534,21.1606435,88.3,29.47,-0.165,-0.054,0.953,0,27.511224041957355,,94.86872004183722,-1.0,3.0,52.164468,21.16023,30.0
20954,2026-05-11 19:19:58.400000+00:00,52.163614,21.160664,88.1,31.38,-0.215,-0.056,0.952,0,33.11139006747276,,99.46741403661753,-1.0,3.0,52.164468,21.16023,30.0
20959,2026-05-11 19:19:58.900000+00:00,52.1635757,21.1606914,88.0,32.34,-0.19,-0.053,0.952,0,33.48570227659366,,104.09068577044876,-1.0,3.0,52.164468,21.16023,30.0
20964,2026-05-11 19:19:59.400000+00:00,52.1635391,21.1607221,88.2,32.46,-0.165,-0.056,0.964,0,32.95328880110287,,108.6057491713712,-1.0,3.0,52.164468,21.16023,30.0
20969,2026-05-11 19:19:59.900000+00:00,52.1634966,21.1607373,87.9,33.22,-0.157,-0.058,0.956,0,34.83484363265871,,113.42159120805908,-1.0,3.0,52.164468,21.16023,30.0
20974,2026-05-11 19:20:00.400000+00:00,52.1634593,21.1607438,87.5,31.19,-0.204,-0.042,0.953,0,30.032636237522464,,117.50972738746783,-1.0,3.0,52.164468,21.16023,30.0
20979,2026-05-11 19:20:00.900000+00:00,52.1634246,21.1607615,87.2,29.45,-0.162,-0.036,0.956,0,29.109094735296363,,121.55265688621174,-1.0,3.0,52.164468,21.16023,30.0
20984,2026-05-11 19:20:01.400000+00:00,52.1633984,21.1607834,86.9,25.98,-0.161,-0.04,0.959,0,23.5723634363002,,124.78012373178868,-1.0,3.0,52.164468,21.16023,30.0
20989,2026-05-11 19:20:01.900000+00:00,52.1633678,21.1608144,86.3,27.23,-0.159,-0.022,0.969,0,28.843505099042968,,128.6666746775205,-1.0,3.0,52.164468,21.16023,30.0
20994,2026-05-11 19:20:02.400000+00:00,52.1633359,21.1608428,86.7,28.37,-0.151,0.019,0.952,0,29.099465095529684,,132.64147422362993,-1.0,3.0,52.164468,21.16023,30.0
20999,2026-05-11 19:20:02.900000+00:00,52.1633053,21.1608727,87.0,28.88,-0.15,0.075,0.964,0,28.562069543718977,,136.51607316822827,-1.0,3.0,52.164468,21.16023,30.0
21004,2026-05-11 19:20:03.400000+00:00,52.1632754,21.1609077,87.0,29.12,-0.141,0.053,0.976,0,29.469905750803825,,140.436381377534,-1.0,3.0,52.164468,21.16023,30.0
21009,2026-05-11 19:20:03.900000+00:00,52.1632467,21.1609499,86.8,28.7,-0.139,0.084,0.976,0,30.942860806285506,,144.40689014093326,-1.0,3.0,52.164468,21.16023,30.0
21014,2026-05-11 19:20:04.400000+00:00,52.1632217,21.1609931,86.6,28.55,-0.131,0.114,0.964,0,29.166838221962816,,148.0343082620292,-1.0,3.0,52.164468,21.16023,30.0
21019,2026-05-11 19:20:04.900000+00:00,52.1631985,21.16104,86.5,28.93,-0.136,0.139,0.963,0,29.588801544522155,,151.5884483705886,-1.0,3.0,52.164468,21.16023,30.0
21024,2026-05-11 19:20:05.400000+00:00,52.1631787,21.1610957,86.6,29.31,-0.129,0.144,0.989,0,31.61559733940524,,155.04746011205484,-1.0,3.0,52.164468,21.16023,30.0
21029,2026-05-11 19:20:05.900000+00:00,52.1631602,21.161155,86.9,30.76,-0.111,0.135,0.952,0,32.67234267871976,,158.51749167501404,-1.0,3.0,52.164468,21.16023,30.0
21034,2026-05-11 19:20:06.400000+00:00,52.1631448,21.1612147,86.9,31.26,-0.113,0.137,0.989,0,31.80571881268429,,161.73796341337538,-1.0,3.0,52.164468,21.16023,30.0
21039,2026-05-11 19:20:06.900000+00:00,52.1631323,21.1612777,87.0,31.43,-0.096,0.115,0.965,0,32.51769616132208,,164.8205006671144,-1.0,3.0,52.164468,21.16023,30.0
21044,2026-05-11 19:20:07.400000+00:00,52.1631226,21.161342,86.8,32.03,-0.085,0.101,0.974,0,32.51879083251296,,167.73016999867778,-1.0,3.0,52.164468,21.16023,30.0
21049,2026-05-11 19:20:07.900000+00:00,52.1631159,21.161408,86.8,33.67,-0.091,0.11,0.98,0,32.853626536975646,,170.46999892479232,-1.0,3.0,52.164468,21.16023,30.0
21054,2026-05-11 19:20:08.400000+00:00,52.1631124,21.1614754,86.7,34.5,-0.082,0.062,0.973,0,33.21871473366644,,173.02337466082523,-1.0,3.0,52.164468,21.16023,30.0
21059,2026-05-11 19:20:08.900000+00:00,52.1631093,21.1615449,86.7,34.77,-0.08,0.057,0.968,0,34.22175325737952,,175.69563982730662,-1.0,3.0,52.164468,21.16023,30.0
21064,2026-05-11 19:20:09.400000+00:00,52.1631083,21.1616156,86.7,35.88,-0.086,0.014,0.977,0,34.7301918801159,,178.2997716904485,-1.0,3.0,52.164468,21.16023,30.0
21069,2026-05-11 19:20:09.900000+00:00,52.1631071,21.1616883,86.8,36.66,-0.082,-0.014,0.981,0,35.71609275576051,,181.08849271449128,-1.0,3.0,52.164468,21.16023,30.0
21074,2026-05-11 19:20:10.400000+00:00,52.1631077,21.1617618,86.8,37.55,-0.082,-0.036,0.965,0,36.09924779321958,,183.83497633662492,-1.0,3.0,52.164468,21.16023,30.0
21079,2026-05-11 19:20:10.900000+00:00,52.1631086,21.1618355,86.9,37.28,-0.136,-0.03,0.976,0,36.20144302490433,,186.65671927380987,-1.0,3.0,52.164468,21.16023,30.0
21084,2026-05-11 19:20:11.400000+00:00,52.1631095,21.1619086,86.9,36.86,-0.142,-0.04,0.955,0,35.90683950908827,,189.54511296114003,-1.0,3.0,52.164468,21.16023,30.0
21089,2026-05-11 19:20:11.900000+00:00,52.16311,21.1619811,87.1,36.46,-0.132,-0.036,0.96,0,35.60719720816915,,192.52886006147116,-1.0,3.0,52.164468,21.16023,30.0
21094,2026-05-11 19:20:12.400000+00:00,52.1631096,21.1620544,87.3,36.4,-0.119,-0.06,0.965,0,35.999253571772826,,195.70408053097097,-1.0,3.0,52.164468,21.16023,30.0
21099,2026-05-11 19:20:12.900000+00:00,52.1631091,21.1621288,87.5,36.79,-0.121,-0.023,0.961,0,36.54023524004414,,199.01155160257687,-1.0,3.0,52.164468,21.16023,30.0
21104,2026-05-11 19:20:13.400000+00:00,52.1631091,21.1622032,87.8,36.87,-0.107,-0.022,0.97,0,36.53804270784555,,202.35071884974565,-1.0,3.0,52.164468,21.16023,30.0
21109,2026-05-11 19:20:13.900000+00:00,52.163109,21.1622779,88.1,36.82,-0.124,-0.017,0.961,0,36.68546092460412,,205.7829193528867,-1.0,3.0,52.164468,21.16023,30.0
21114,2026-05-11 19:20:14.400000+00:00,52.1631086,21.1623534,88.3,37.16,-0.1,-0.049,0.959,0,37.079638877185936,,209.344724614339,-1.0,3.0,52.164468,21.16023,30.0
21119,2026-05-11 19:20:14.900000+00:00,52.1631083,21.1624292,88.5,37.13,-0.112,-0.072,0.979,0,37.22636188465733,,212.97801709377927,-1.0,3.0,52.164468,21.16023,30.0
21124,2026-05-11 19:20:15.400000+00:00,52.1631087,21.1625041,88.5,37.41,-0.107,-0.058,0.951,0,36.78498856627316,,216.57547752337965,-1.0,3.0,52.164468,21.16023,30.0
21129,2026-05-11 19:20:15.900000+00:00,52.1631092,21.1625801,88.7,37.62,-0.103,-0.057,0.954,0,37.32595376890991,,220.2796614428329,-1.0,3.0,52.164468,21.16023,30.0
21134,2026-05-11 19:20:16.400000+00:00,52.1631092,21.1626565,89.0,37.78,-0.11,-0.087,0.967,0,37.52024807341764,,224.1001974546648,-1.0,3.0,52.164468,21.16023,30.0
21139,2026-05-11 19:20:16.900000+00:00,52.1631075,21.1627339,89.3,38.28,-0.111,-0.09,0.955,0,38.03571000894648,,228.15220843906752,-1.0,3.0,52.162,21.166262,31.0
21144,2026-05-11 19:20:17.400000+00:00,52.1631052,21.1628123,89.5,38.51,-0.116,-0.09,0.961,0,38.54646321823344,,232.3489049133977,-1.0,3.0,52.162,21.166262,31.0
21149,2026-05-11 19:20:17.900000+00:00,52.1631016,21.1628908,89.7,38.55,-0.114,-0.117,0.953,0,38.65915643705904,,236.69030582188665,-1.0,3.0,52.162,21.166262,31.0
21154,2026-05-11 19:20:18.400000+00:00,52.1630976,21.1629689,89.9,38.67,-0.118,-0.106,0.953,0,38.48858956771239,,241.080080363851,-1.0,3.0,52.162,21.166262,31.0
21159,2026-05-11 19:20:18.900000+00:00,52.1630928,21.1630472,90.0,39.09,-0.112,-0.106,0.956,0,38.6449012429862,,245.57381842937403,-1.0,3.0,52.162,21.166262,31.0
21164,2026-05-11 19:20:19.400000+00:00,52.1630866,21.1631272,90.0,39.45,-0.111,-0.106,0.941,0,39.60055740147234,,245.5992236740141,-1.0,3.0,52.162,21.166262,31.0
21169,2026-05-11 19:20:19.900000+00:00,52.1630792,21.1632073,90.0,39.72,-0.116,-0.109,0.955,0,39.780981745098906,,240.44581376465425,-1.0,3.0,52.162,21.166262,31.0
21174,2026-05-11 19:20:20.400000+00:00,52.1630705,21.1632889,89.9,40.15,-0.123,-0.127,0.951,0,40.67482319209561,,235.14785515486005,-1.0,3.0,52.162,21.166262,31.0
21179,2026-05-11 19:20:20.900000+00:00,52.1630601,21.1633694,89.8,40.47,-0.12,-0.123,0.957,0,40.401099830797456,,229.83400541342445,-1.0,3.0,52.162,21.166262,31.0
21184,2026-05-11 19:20:21.400000+00:00,52.1630485,21.1634497,89.8,40.64,-0.133,-0.126,0.956,0,40.514376606308566,,224.47695316350527,-1.0,3.0,52.162,21.166262,31.0
21189,2026-05-11 19:20:21.900000+00:00,52.1630358,21.16353,89.9,40.66,-0.15,-0.126,0.941,0,40.72528183017757,,219.0691034258142,-1.0,3.0,52.162,21.166262,31.0
21194,2026-05-11 19:20:22.400000+00:00,52.1630214,21.1636095,89.9,40.73,-0.159,-0.122,0.958,0,40.70928669584016,,213.6197528344308,-1.0,3.0,52.162,21.166262,31.0
21199,2026-05-11 19:20:22.900000+00:00,52.1630054,21.1636879,90.0,40.49,-0.14,-0.134,0.936,0,40.57748864275543,,208.14897182459143,-1.0,3.0,52.162,21.166262,31.0
21204,2026-05-11 19:20:23.400000+00:00,52.1629879,21.1637663,89.9,40.74,-0.152,-0.127,0.957,0,40.97245706946644,,202.59674919474148,-1.0,3.0,52.162,21.166262,31.0
21209,2026-05-11 19:20:23.900000+00:00,52.1629697,21.1638438,89.9,40.69,-0.154,-0.121,0.958,0,40.75439530829351,,197.06119297785756,-1.0,3.0,52.162,21.166262,31.0
21214,2026-05-11 19:20:24.400000+00:00,52.1629501,21.1639202,89.8,40.68,-0.144,-0.134,0.944,0,40.669545470258015,,191.50955989862285,-1.0,3.0,52.162,21.166262,31.0
21219,2026-05-11 19:20:24.900000+00:00,52.1629291,21.1639952,89.7,40.48,-0.143,-0.126,0.952,0,40.48857139740405,,185.95658925032407,-1.0,3.0,52.162,21.166262,31.0
21224,2026-05-11 19:20:25.400000+00:00,52.1629066,21.1640692,89.5,40.64,-0.14,-0.13,0.947,0,40.56121739312189,,180.3712391731571,-1.0,3.0,52.162,21.166262,31.0
21229,2026-05-11 19:20:25.900000+00:00,52.1628827,21.1641427,89.3,40.62,-0.143,-0.129,0.958,0,40.85417413062814,,174.72968637587098,-1.0,3.0,52.162,21.166262,31.0
21234,2026-05-11 19:20:26.400000+00:00,52.1628574,21.1642155,89.2,40.96,-0.13,-0.117,0.948,0,41.09154432011266,,169.0418763514197,-1.0,3.0,52.162,21.166262,31.0
21239,2026-05-11 19:20:26.900000+00:00,52.162831,21.164288,89.1,41.31,-0.138,-0.109,0.957,0,41.40597768291906,,163.30303882496128,-1.0,3.0,52.162,21.166262,31.0
21244,2026-05-11 19:20:27.400000+00:00,52.1628038,21.1643603,89.1,41.26,-0.132,-0.089,0.966,0,41.65280799984146,,157.5258147366665,-1.0,3.0,52.162,21.166262,31.0
21249,2026-05-11 19:20:27.900000+00:00,52.1627763,21.1644326,89.0,41.36,-0.129,-0.066,0.952,0,41.7788967644173,,151.7302094559723,-1.0,3.0,52.162,21.166262,31.0
21254,2026-05-11 19:20:28.400000+00:00,52.162749,21.1645048,88.9,41.21,-0.155,-0.059,0.952,0,41.65294284913588,,145.95345052842114,-1.0,3.0,52.162,21.166262,31.0
21259,2026-05-11 19:20:28.900000+00:00,52.162722,21.1645766,88.9,41.11,-0.156,-0.056,0.953,0,41.35982999467953,,140.2188478966903,-1.0,3.0,52.162,21.166262,31.0
21264,2026-05-11 19:20:29.400000+00:00,52.1626948,21.1646485,88.8,40.86,-0.158,-0.057,0.959,0,41.48555132473318,,134.4667204394358,-1.0,3.0,52.162,21.166262,31.0
21269,2026-05-11 19:20:29.900000+00:00,52.1626677,21.1647191,88.7,40.52,-0.153,-0.054,0.951,0,40.90100538146445,,128.79432328274976,-1.0,3.0,52.162,21.166262,31.0
21274,2026-05-11 19:20:30.400000+00:00,52.1626408,21.1647892,88.6,39.99,-0.162,-0.052,0.963,0,40.60792749771926,,123.16337302927622,-1.0,3.0,52.162,21.166262,31.0
21279,2026-05-11 19:20:30.900000+00:00,52.1626136,21.1648583,88.6,39.81,-0.157,-0.059,0.952,0,40.32164242114265,,117.5694588283394,-1.0,3.0,52.162,21.166262,31.0
21284,2026-05-11 19:20:31.400000+00:00,52.1625866,21.164927,88.6,39.65,-0.153,-0.05,0.951,0,40.06986311543612,,112.01130456423272,-1.0,3.0,52.162,21.166262,31.0
21289,2026-05-11 19:20:31.900000+00:00,52.1625593,21.1649948,88.7,39.39,-0.155,-0.048,0.963,0,39.82972188065373,,106.4842203483757,-1.0,3.0,52.162,21.166262,31.0
21294,2026-05-11 19:20:32.400000+00:00,52.1625325,21.1650621,88.7,38.92,-0.149,-0.045,0.956,0,39.40530060618816,,101.01787906086828,-1.0,3.0,52.162,21.166262,31.0
21299,2026-05-11 19:20:32.900000+00:00,52.1625061,21.1651289,88.7,38.65,-0.152,-0.041,0.965,0,39.0252173972498,,95.6060432496271,-1.0,3.0,52.162,21.166262,31.0
21304,2026-05-11 19:20:33.400000+00:00,52.1624798,21.1651954,88.8,38.63,-0.137,-0.046,0.949,0,38.858021648748576,,90.2182833914234,-1.0,3.0,52.162,21.166262,31.0
21309,2026-05-11 19:20:33.900000+00:00,52.1624533,21.1652618,88.8,38.8,-0.14,-0.046,0.955,0,38.90385985856582,,84.82395813313634,-1.0,3.0,52.162,21.166262,31.0
21314,2026-05-11 19:20:34.400000+00:00,52.1624271,21.1653283,88.7,38.88,-0.139,-0.044,0.968,0,38.81473050062224,31.0,79.44531993048048,-1.0,3.0,52.162,21.166262,31.0
21319,2026-05-11 19:20:34.900000+00:00,52.1624008,21.1653951,88.7,38.81,-0.118,-0.051,0.961,0,38.98198042855202,31.0,74.04543381185447,-1.0,3.0,52.162,21.166262,31.0
21324,2026-05-11 19:20:35.400000+00:00,52.1623744,21.1654625,88.7,39.26,-0.129,-0.05,0.962,0,39.27333138650523,31.0,68.60851569418443,-1.0,3.0,52.162,21.166262,31.0
21329,2026-05-11 19:20:35.900000+00:00,52.162348,21.1655307,88.6,39.81,-0.109,-0.042,0.959,0,39.60505205342917,31.0,63.13152470904136,-1.0,3.0,52.162,21.166262,31.0
21334,2026-05-11 19:20:36.400000+00:00,52.1623215,21.1655995,88.6,39.9,-0.117,-0.046,0.97,0,39.89709303403183,31.0,57.62004852692434,-1.0,3.0,52.162,21.166262,31.0
21339,2026-05-11 19:20:36.900000+00:00,52.1622945,21.165669,88.5,40.56,-0.11,-0.048,0.969,0,40.40142203506947,31.0,52.0427934108615,-1.0,3.0,52.162,21.166262,31.0
21344,2026-05-11 19:20:37.400000+00:00,52.1622674,21.1657392,88.5,40.89,-0.118,-0.05,0.968,0,40.73487447762788,31.0,46.42993785588458,-1.0,3.0,52.162,21.166262,31.0
21349,2026-05-11 19:20:37.900000+00:00,52.16224,21.1658098,88.5,41.21,-0.121,-0.05,0.974,0,41.0291985433233,31.0,40.786979689855904,-1.0,3.0,52.162,21.166262,31.0
21354,2026-05-11 19:20:38.400000+00:00,52.1622126,21.1658806,88.6,41.15,-0.12,-0.058,0.954,0,41.112254955298845,31.0,35.151842275680416,-1.0,3.0,52.162,21.166262,31.0
21359,2026-05-11 19:20:38.900000+00:00,52.1621849,21.1659518,88.6,41.32,-0.121,-0.059,0.942,0,41.40668862209563,31.0,29.50266291607239,-1.0,3.0,52.162,21.166262,31.0
21364,2026-05-11 19:20:39.400000+00:00,52.162157,21.1660226,88.6,41.44,-0.132,-0.046,0.976,0,41.327269721981416,31.0,23.90443302677928,-1.0,3.0,52.162,21.166262,31.0
21369,2026-05-11 19:20:39.900000+00:00,52.1621293,21.1660941,88.6,41.58,-0.118,-0.047,0.954,0,41.531221543437255,31.0,18.381312272978267,-1.0,3.0,52.162,21.166262,31.0
21374,2026-05-11 19:20:40.400000+00:00,52.1621016,21.1661653,88.7,41.31,-0.126,-0.039,0.96,0,41.4067438947959,31.0,13.081963325479457,-1.0,3.0,52.162,21.166262,31.0
21379,2026-05-11 19:20:40.900000+00:00,52.1620735,21.1662367,88.6,41.89,-0.124,-0.04,0.959,0,41.661794914914495,31.0,8.353036533239802,-1.0,3.0,52.162,21.166262,31.0
21384,2026-05-11 19:20:41.400000+00:00,52.1620454,21.1663078,88.6,41.35,-0.129,-0.042,0.964,0,41.537882664722375,31.0,5.936701190950039,-1.0,3.0,52.162,21.166262,31.0
21389,2026-05-11 19:20:41.900000+00:00,52.1620177,21.1663791,88.6,41.22,-0.133,-0.057,0.96,0,41.44828173028579,31.0,8.226346387376772,-1.0,3.0,52.162,21.166262,31.0
21394,2026-05-11 19:20:42.400000+00:00,52.1619897,21.1664499,88.6,41.58,-0.142,-0.056,0.964,0,41.37070593415228,31.0,12.867808612834104,-1.0,3.0,52.162,21.166262,31.0
21399,2026-05-11 19:20:42.900000+00:00,52.1619619,21.1665205,88.6,41.36,-0.138,-0.052,0.948,0,41.20148873792357,31.0,18.13421218538711,-1.0,3.0,52.162,21.166262,31.0
21404,2026-05-11 19:20:43.400000+00:00,52.1619339,21.1665908,88.6,41.34,-0.14,-0.048,0.971,0,41.16457301088246,31.0,23.601260907279432,-1.0,3.0,52.162,21.166262,31.0
21409,2026-05-11 19:20:43.900000+00:00,52.1619058,21.1666609,88.6,41.38,-0.127,-0.052,0.962,0,41.12598501061262,31.0,29.155701808051827,-1.0,3.0,52.162,21.166262,31.0
21414,2026-05-11 19:20:44.400000+00:00,52.1618776,21.166731,88.6,40.91,-0.122,-0.052,0.955,0,41.16985281558599,31.0,34.76558309934431,-1.0,3.0,52.162,21.166262,31.0
21419,2026-05-11 19:20:44.900000+00:00,52.1618494,21.1668015,88.6,41.26,-0.127,-0.031,0.966,0,41.33428493606984,31.0,40.43063295427946,-1.0,3.0,52.162,21.166262,31.0
21424,2026-05-11 19:20:45.400000+00:00,52.1618216,21.1668722,88.6,41.21,-0.126,-0.037,0.963,0,41.24291877740246,31.0,46.10759991671097,-1.0,3.0,52.162,21.166262,31.0
21429,2026-05-11 19:20:45.900000+00:00,52.1617936,21.1669433,88.6,41.77,-0.118,-0.064,0.967,0,41.49474277083733,31.0,51.83015950140015,-1.0,3.0,52.162,21.166262,31.0
21434,2026-05-11 19:20:46.400000+00:00,52.1617648,21.1670141,88.6,41.71,-0.122,-0.09,0.946,0,41.72137340232991,31.0,57.58292764262221,-1.0,3.0,52.162,21.166262,31.0
21439,2026-05-11 19:20:46.900000+00:00,52.1617344,21.1670838,88.6,42.22,-0.133,-0.132,0.96,0,42.00130903304058,31.0,63.3595875121029,-1.0,3.0,52.162,21.166262,31.0
21444,2026-05-11 19:20:47.400000+00:00,52.1617024,21.1671523,88.5,42.52,-0.131,-0.122,0.954,0,42.285996938447965,31.0,69.15877712706443,-1.0,3.0,52.162,21.166262,31.0
21449,2026-05-11 19:20:47.900000+00:00,52.1616705,21.16722,88.6,42.24,-0.14,-0.093,0.952,0,41.92529703370365,31.0,74.91643422365179,-1.0,3.0,52.162,21.166262,31.0
21454,2026-05-11 19:20:48.400000+00:00,52.1616372,21.1672865,88.6,41.96,-0.146,-0.107,0.932,0,42.15918700232978,,80.69021852655098,-1.0,3.0,52.162,21.166262,31.0
21459,2026-05-11 19:20:48.900000+00:00,52.1616037,21.1673515,88.7,41.63,-0.171,-0.11,0.976,0,41.69395213869932,,86.39829496599158,-1.0,3.0,52.162,21.166262,31.0
21464,2026-05-11 19:20:49.400000+00:00,52.1615693,21.167415,88.7,41.66,-0.134,-0.089,0.907,0,41.60607692882603,,92.08126242419172,-1.0,3.0,52.162,21.166262,31.0
21469,2026-05-11 19:20:49.900000+00:00,52.1615349,21.1674775,88.6,41.17,-0.167,-0.062,0.988,0,41.23925431345392,,97.71756585655092,-1.0,3.0,52.162,21.166262,31.0
21474,2026-05-11 19:20:50.400000+00:00,52.161501,21.1675402,88.5,41.53,-0.123,-0.051,0.931,0,41.04665860763668,,103.34556300979364,-1.0,3.0,52.162,21.166262,31.0
21479,2026-05-11 19:20:50.900000+00:00,52.1614671,21.1676026,88.4,41.22,-0.147,-0.052,0.991,0,40.93626032981901,,108.96397145073722,-1.0,3.0,52.162,21.166262,31.0
21484,2026-05-11 19:20:51.400000+00:00,52.1614332,21.1676652,88.4,41.37,-0.126,-0.057,0.949,0,41.00986268673131,,114.6004045939556,-1.0,3.0,52.162,21.166262,31.0
21489,2026-05-11 19:20:51.900000+00:00,52.1613988,21.1677269,88.2,40.92,-0.141,-0.04,0.955,0,40.94772525541722,,120.22230277298836,-1.0,3.0,52.162,21.166262,31.0
21494,2026-05-11 19:20:52.400000+00:00,52.1613647,21.1677887,88.1,41.18,-0.158,-0.044,0.964,0,40.82308898906087,,125.83698507152349,-1.0,3.0,52.162,21.166262,31.0
21499,2026-05-11 19:20:52.900000+00:00,52.1613303,21.1678509,88.1,41.13,-0.138,-0.041,0.964,0,41.12981194664754,,131.49778691504045,-1.0,3.0,52.162,21.166262,31.0
21504,2026-05-11 19:20:53.400000+00:00,52.1612959,21.1679135,88.1,41.28,-0.135,-0.052,0.957,0,41.275945115810906,,137.18528050173333,-1.0,3.0,52.162,21.166262,31.0
21509,2026-05-11 19:20:53.900000+00:00,52.1612619,21.1679762,88.0,41.47,-0.144,-0.048,0.96,0,41.09976311006895,,142.8564201315536,-1.0,3.0,52.162,21.166262,31.0
21514,2026-05-11 19:20:54.400000+00:00,52.161228,21.168038,87.9,41.12,-0.15,-0.05,0.961,0,40.7162513171473,,148.47388941776276,-1.0,3.0,52.162,21.166262,31.0
21519,2026-05-11 19:20:54.900000+00:00,52.1611939,21.1680986,87.9,40.32,-0.156,-0.046,0.959,0,40.3869266972955,,154.04046800201738,-1.0,3.0,52.162,21.166262,31.0
21524,2026-05-11 19:20:55.400000+00:00,52.1611601,21.1681594,87.7,40.18,-0.149,-0.061,0.958,0,40.297706244957446,,159.60157917752747,-1.0,3.0,52.162,21.166262,31.0
21529,2026-05-11 19:20:55.900000+00:00,52.1611263,21.1682196,87.5,40.42,-0.148,-0.051,0.96,0,40.079859413759245,,165.13201534207263,-1.0,3.0,52.162,21.166262,31.0
21534,2026-05-11 19:20:56.400000+00:00,52.1610927,21.1682798,87.4,39.81,-0.158,-0.059,0.957,0,39.97194308657752,,170.65166046767388,-1.0,3.0,52.162,21.166262,31.0
21539,2026-05-11 19:20:56.900000+00:00,52.1610591,21.1683392,87.3,39.81,-0.154,-0.037,0.947,0,39.682227280133645,,176.12941920669286,-1.0,3.0,52.162,21.166262,31.0
21544,2026-05-11 19:20:57.400000+00:00,52.1610256,21.1683991,87.3,40.22,-0.147,-0.026,0.958,0,39.80913714441984,,181.6299548578321,-1.0,3.0,52.162,21.166262,31.0
21549,2026-05-11 19:20:57.900000+00:00,52.1609922,21.1684591,87.4,39.78,-0.134,-0.057,0.954,0,39.79161572929044,,183.3653362248019,-1.0,3.0,52.159833,21.170371,32.0
21554,2026-05-11 19:20:58.400000+00:00,52.1609589,21.1685189,87.3,40.01,-0.127,-0.084,0.983,0,39.66509132236518,,177.86141138249383,-1.0,3.0,52.159833,21.170371,32.0
21559,2026-05-11 19:20:58.900000+00:00,52.1609251,21.1685783,87.2,40.05,-0.126,-0.075,0.948,0,39.79101033740135,,172.33798646955032,-1.0,3.0,52.159833,21.170371,32.0
21564,2026-05-11 19:20:59.400000+00:00,52.1608904,21.1686369,87.3,40.05,-0.128,-0.101,0.964,0,40.00089424570877,,166.78288269667308,-1.0,3.0,52.159833,21.170371,32.0
21569,2026-05-11 19:20:59.900000+00:00,52.1608545,21.1686936,87.3,40.03,-0.121,-0.094,0.968,0,40.01917615264654,,161.22568353549786,-1.0,3.0,52.159833,21.170371,32.0
21574,2026-05-11 19:21:00.400000+00:00,52.1608183,21.1687522,87.3,41.25,-0.125,-0.092,0.951,0,40.844105099982514,,155.55304209377616,-1.0,3.0,52.159833,21.170371,32.0
21579,2026-05-11 19:21:00.900000+00:00,52.1607816,21.1688109,87.3,41.54,-0.139,-0.079,0.96,0,41.16351349363902,,149.83642278098003,-1.0,3.0,52.159833,21.170371,32.0
21584,2026-05-11 19:21:01.400000+00:00,52.1607449,21.1688692,87.4,41.46,-0.158,-0.044,0.961,0,41.02618324644156,,144.13923433737716,-1.0,3.0,52.159833,21.170371,32.0
21589,2026-05-11 19:21:01.900000+00:00,52.1607087,21.1689257,87.3,40.22,-0.152,-0.018,0.956,0,40.12409108593223,,138.56853517507992,-1.0,3.0,52.159833,21.170371,32.0
21594,2026-05-11 19:21:02.400000+00:00,52.1606737,21.1689834,87.3,39.5,-0.152,-0.018,0.962,0,39.8526654940483,,133.03344372851674,-1.0,3.0,52.159833,21.170371,32.0
21599,2026-05-11 19:21:02.900000+00:00,52.1606392,21.1690409,87.4,38.96,-0.149,-0.017,0.967,0,39.50196440692865,,127.54712709502924,-1.0,3.0,52.159833,21.170371,32.0
21604,2026-05-11 19:21:03.400000+00:00,52.1606057,21.1690979,87.4,38.94,-0.149,-0.019,0.96,0,38.7686925479105,,122.16325262405596,-1.0,3.0,52.159833,21.170371,32.0
21609,2026-05-11 19:21:03.900000+00:00,52.1605726,21.1691549,87.4,38.35,-0.149,-0.016,0.952,0,38.54785807605504,,116.81074743276928,-1.0,3.0,52.159833,21.170371,32.0
21614,2026-05-11 19:21:04.400000+00:00,52.1605407,21.1692113,87.4,37.97,-0.153,-0.019,0.962,0,37.67666741419544,,111.58147148679052,-1.0,3.0,52.159833,21.170371,32.0
21619,2026-05-11 19:21:04.900000+00:00,52.1605094,21.1692676,87.4,37.16,-0.153,-0.029,0.962,0,37.31633012005483,,106.40452270791393,-1.0,3.0,52.159833,21.170371,32.0
21624,2026-05-11 19:21:05.400000+00:00,52.1604784,21.1693228,87.3,36.61,-0.154,-0.045,0.959,0,36.755210187219554,,101.30475996829864,-1.0,3.0,52.159833,21.170371,32.0
21629,2026-05-11 19:21:05.900000+00:00,52.1604477,21.1693782,87.3,36.44,-0.155,-0.05,0.958,0,36.66630324346976,,96.21962834755072,-1.0,3.0,52.159833,21.170371,32.0
21634,2026-05-11 19:21:06.400000+00:00,52.1604172,21.1694328,87.4,36.5,-0.152,-0.053,0.954,0,36.26771056487448,,91.18946011578332,-1.0,3.0,52.159833,21.170371,32.0
21639,2026-05-11 19:21:06.900000+00:00,52.1603867,21.1694862,87.3,35.78,-0.159,-0.051,0.964,0,35.83415744479978,,86.21739200598581,-1.0,3.0,52.159833,21.170371,32.0
21644,2026-05-11 19:21:07.400000+00:00,52.1603567,21.1695391,87.3,35.39,-0.161,-0.047,0.958,0,35.38189030059035,,81.30954214927071,-1.0,3.0,52.159833,21.170371,32.0
21649,2026-05-11 19:21:07.900000+00:00,52.1603269,21.169591,87.3,34.77,-0.152,-0.038,0.955,0,34.91323689682808,32.0,76.46593002489877,-1.0,3.0,52.159833,21.170371,32.0
21654,2026-05-11 19:21:08.400000+00:00,52.1602974,21.1696423,87.3,34.42,-0.15,-0.042,0.961,0,34.533988086748046,32.0,71.67547033175349,-1.0,3.0,52.159833,21.170371,32.0
21659,2026-05-11 19:21:08.900000+00:00,52.1602682,21.1696925,87.2,34.11,-0.156,-0.037,0.96,0,33.97614431693527,32.0,66.96182164231531,-1.0,3.0,52.159833,21.170371,32.0
21664,2026-05-11 19:21:09.400000+00:00,52.1602398,21.1697422,87.2,33.17,-0.155,-0.041,0.957,0,33.358580287552776,32.0,62.33697558067475,-1.0,3.0,52.159833,21.170371,32.0
21669,2026-05-11 19:21:09.900000+00:00,52.1602117,21.1697905,87.2,32.72,-0.182,-0.036,0.96,0,32.69306990804364,32.0,57.803161919877255,-1.0,3.0,52.159833,21.170371,32.0
21674,2026-05-11 19:21:10.400000+00:00,52.1601838,21.1698385,87.2,32.35,-0.144,-0.05,0.953,0,32.47599195282118,32.0,53.30074190544056,-1.0,3.0,52.159833,21.170371,32.0
21679,2026-05-11 19:21:10.900000+00:00,52.1601565,21.1698863,87.2,32.11,-0.15,-0.084,0.957,0,32.07554046456753,32.0,48.85816254381371,-1.0,3.0,52.159833,21.170371,32.0
21684,2026-05-11 19:21:11.400000+00:00,52.1601284,21.169931,87.2,31.52,-0.213,-0.104,0.959,0,31.433747231783347,32.0,44.49450471436627,-1.0,3.0,52.159833,21.170371,32.0
21689,2026-05-11 19:21:11.900000+00:00,52.160101,21.1699728,87.2,29.63,-0.236,-0.079,0.943,0,30.04448239392484,32.0,40.32198670504435,-1.0,3.0,52.159833,21.170371,32.0
21694,2026-05-11 19:21:12.400000+00:00,52.1600742,21.1700132,87.2,28.75,-0.204,-0.076,0.948,0,29.224445990339092,32.0,36.263152858064295,-1.0,3.0,52.159833,21.170371,32.0
21699,2026-05-11 19:21:12.900000+00:00,52.1600482,21.1700498,87.1,27.17,-0.198,-0.073,0.947,0,27.502996625462096,32.0,32.44473628388125,-1.0,3.0,52.159833,21.170371,32.0
21704,2026-05-11 19:21:13.400000+00:00,52.1600229,21.1700841,87.2,25.89,-0.202,-0.081,0.959,0,26.345078228986345,32.0,28.79037253090589,-1.0,3.0,52.159833,21.170371,32.0
21709,2026-05-11 19:21:13.900000+00:00,52.1599986,21.1701163,87.2,24.59,-0.202,-0.039,0.944,0,25.071613694443144,32.0,25.31653682224419,-1.0,3.0,52.159833,21.170371,32.0
21714,2026-05-11 19:21:14.400000+00:00,52.1599759,21.1701471,87.2,23.48,-0.207,-0.027,0.954,0,23.645511485923663,32.0,22.03973158867763,-1.0,3.0,52.159833,21.170371,32.0
21719,2026-05-11 19:21:14.900000+00:00,52.1599547,21.1701765,87.2,22.41,-0.165,-0.021,0.954,0,22.283921380110023,32.0,18.95136989721839,-1.0,3.0,52.159833,21.170371,32.0
21724,2026-05-11 19:21:15.400000+00:00,52.1599349,21.1702059,87.3,21.46,-0.171,0.017,0.952,0,21.44252550726941,32.0,15.975622391999195,-1.0,3.0,52.159833,21.170371,32.0
21729,2026-05-11 19:21:15.900000+00:00,52.1599165,21.1702355,87.2,20.1,-0.186,0.011,0.961,0,20.696607825726964,32.0,13.101115852762216,-1.0,3.0,52.159833,21.170371,32.0
21734,2026-05-11 19:21:16.400000+00:00,52.1598994,21.1702651,87.2,19.65,-0.205,-0.017,0.958,0,19.96920546135333,32.0,10.329446264418737,-1.0,3.0,52.159833,21.170371,32.0
21739,2026-05-11 19:21:16.900000+00:00,52.1598839,21.1702929,87.1,18.1,-0.192,-0.031,0.945,0,18.450312287539514,32.0,7.772755414382263,-1.0,3.0,52.159833,21.170371,32.0
21744,2026-05-11 19:21:17.400000+00:00,52.1598689,21.1703199,87.1,17.83,-0.172,-0.057,0.953,0,17.89034574311109,32.0,5.299574974333153,-1.0,3.0,52.159833,21.170371,32.0
21749,2026-05-11 19:21:17.900000+00:00,52.1598546,21.1703444,87.1,16.13,-0.225,-0.046,0.959,0,16.609084141286168,32.0,3.0101575642644707,-1.0,3.0,52.159833,21.170371,32.0
21754,2026-05-11 19:21:18.400000+00:00,52.1598419,21.1703664,87.0,14.68,-0.224,-0.04,0.946,0,14.836796583050685,32.0,1.0381892847996577,-1.0,3.0,52.159833,21.170371,32.0
21759,2026-05-11 19:21:18.900000+00:00,52.1598309,21.1703856,86.9,12.18,-0.262,-0.033,0.946,0,12.902683587427951,32.0,1.0229292764494249,-1.0,3.0,52.159833,21.170371,32.0
21764,2026-05-11 19:21:19.400000+00:00,52.159822,21.170402,86.9,10.21,-0.269,-0.037,0.94,0,10.754011368420995,32.0,2.442892703128561,-1.0,3.0,52.159833,21.170371,32.0
21769,2026-05-11 19:21:19.900000+00:00,52.1598153,21.1704137,86.9,6.96,-0.294,-0.037,0.95,0,7.860867054337689,32.0,3.5153369179227645,-1.0,3.0,52.159833,21.170371,32.0
21774,2026-05-11 19:21:20.400000+00:00,52.1598108,21.1704217,86.9,4.25,-0.287,-0.036,0.946,0,5.330805479256365,32.0,4.249048682432477,-1.0,3.0,52.159833,21.170371,32.0
21779,2026-05-11 19:21:20.900000+00:00,52.1598084,21.1704261,86.9,2.32,-0.261,-0.039,0.95,0,2.891701471560257,32.0,4.648579715342255,-1.0,3.0,52.159833,21.170371,32.0
21784,2026-05-11 19:21:21.400000+00:00,52.1598077,21.1704274,86.9,0.19,-0.236,-0.037,0.953,0,0.8495476183558772,32.0,4.766093595780874,-1.0,3.0,52.159833,21.170371,32.0
21789,2026-05-11 19:21:21.900000+00:00,52.1598077,21.1704284,86.9,0.06,-0.121,-0.045,0.959,0,0.4911391550024031,32.0,4.821324793420244,-1.0,3.0,52.159833,21.170371,32.0
21794,2026-05-11 19:21:22.400000+00:00,52.1598077,21.1704298,86.9,0.12,-0.128,-0.053,0.974,0,0.6875948195027165,32.0,4.899198064581304,-1.0,3.0,52.159833,21.170371,32.0
21799,2026-05-11 19:21:22.900000+00:00,52.1598076,21.1704311,86.9,0.15,-0.129,-0.046,0.966,0,0.6434807865277038,32.0,4.978359259437148,-1.0,3.0,52.159833,21.170371,32.0
21804,2026-05-11 19:21:23.400000+00:00,52.1598076,21.1704323,86.9,0.05,-0.125,-0.044,0.968,0,0.5893669917009445,32.0,5.045981258419864,-1.0,3.0,52.159833,21.170371,32.0
21809,2026-05-11 19:21:23.900000+00:00,52.1598077,21.1704336,86.9,0.1,-0.126,-0.046,0.967,0,0.6434807865277038,32.0,5.1135816363170985,-1.0,3.0,52.159833,21.170371,32.0
21814,2026-05-11 19:21:24.400000+00:00,52.1598078,21.1704345,86.9,0.06,-0.126,-0.046,0.966,0,0.4492170651948502,32.0,5.158910686512021,-1.0,3.0,52.159833,21.170371,32.0
21819,2026-05-11 19:21:24.900000+00:00,52.1598079,21.1704353,86.9,0.05,-0.125,-0.044,0.966,0,0.4009849970723843,32.0,5.198836554640411,-1.0,3.0,52.159833,21.170371,32.0
21824,2026-05-11 19:21:25.400000+00:00,52.1598079,21.1704361,86.9,0.15,-0.13,-0.05,0.969,0,0.3929113225487484,32.0,5.244958730782381,-1.0,3.0,52.159833,21.170371,32.0
21829,2026-05-11 19:21:25.900000+00:00,52.1598079,21.1704366,86.9,0.05,-0.124,-0.045,0.966,0,0.2455695763977058,32.0,5.273867007835628,-1.0,3.0,52.159833,21.170371,32.0
21834,2026-05-11 19:21:26.400000+00:00,52.1598079,21.1704372,86.8,0.15,-0.128,-0.044,0.966,0,0.294683492302085,32.0,5.3086383968138895,-1.0,3.0,52.159833,21.170371,32.0
21839,2026-05-11 19:21:26.900000+00:00,52.1598078,21.1704376,86.8,0.09,-0.127,-0.048,0.965,0,0.2121426080637558,32.0,5.337696851887268,-1.0,3.0,52.159833,21.170371,32.0
21844,2026-05-11 19:21:27.400000+00:00,52.1598078,21.1704381,86.8,0.12,-0.125,-0.045,0.966,0,0.2455695769494537,32.0,5.36675586234626,-1.0,3.0,52.159833,21.170371,32.0
21849,2026-05-11 19:21:27.900000+00:00,52.1598077,21.1704386,86.7,0.08,-0.128,-0.045,0.969,0,0.2582906830328481,32.0,5.401656752327614,-1.0,3.0,52.159833,21.170371,32.0
21854,2026-05-11 19:21:28.400000+00:00,52.1598076,21.1704392,86.7,0.2,-0.126,-0.046,0.968,0,0.3053653898890522,32.0,5.4424000839212425,-1.0,3.0,52.159833,21.170371,32.0
21859,2026-05-11 19:21:28.900000+00:00,52.1598075,21.1704398,86.7,0.08,-0.123,-0.046,0.966,0,0.3053653891927839,32.0,5.483168719312635,-1.0,3.0,52.159833,21.170371,32.0
21864,2026-05-11 19:21:29.400000+00:00,52.1598074,21.1704404,86.6,0.05,-0.126,-0.047,0.965,0,0.3053653911669258,32.0,5.523962098977835,-1.0,3.0,52.159833,21.170371,32.0
21869,2026-05-11 19:21:29.900000+00:00,52.1598073,21.1704409,86.6,0.1,-0.128,-0.044,0.965,0,0.2582906836459828,32.0,5.558927573803335,-1.0,3.0,52.159833,21.170371,32.0
21874,2026-05-11 19:21:30.400000+00:00,52.1598072,21.1704415,86.5,0.03,-0.125,-0.056,0.966,0,0.3053653911095943,32.0,5.599761648698547,-1.0,3.0,52.159833,21.170371,32.0
21879,2026-05-11 19:21:30.900000+00:00,52.1598069,21.1704423,86.5,0.1,-0.126,-0.05,0.966,0,0.460506511570911,32.0,5.6637171982341314,-1.0,3.0,52.159833,21.170371,32.0
21884,2026-05-11 19:21:31.400000+00:00,52.1598067,21.1704431,86.5,0.14,-0.128,-0.052,0.963,0,0.4242852251868048,32.0,5.721981831061062,-1.0,3.0,52.159833,21.170371,32.0
21889,2026-05-11 19:21:31.900000+00:00,52.1598064,21.1704442,86.5,0.2,-0.107,-0.057,0.972,0,0.5912362714124868,32.0,5.803533873120787,-1.0,3.0,52.159833,21.170371,32.0
21894,2026-05-11 19:21:32.400000+00:00,52.1598053,21.1704466,86.4,1.44,-0.066,-0.058,0.969,0,1.4713880024901875,32.0,6.006766787909156,-1.0,3.0,52.159833,21.170371,32.0
21899,2026-05-11 19:21:32.900000+00:00,52.1598035,21.1704505,86.4,2.27,-0.05,-0.043,0.974,0,2.39700873937346,32.0,6.337894087116732,-1.0,3.0,52.159833,21.170371,32.0
21904,2026-05-11 19:21:33.400000+00:00,52.1598009,21.1704574,86.3,4.33,-0.033,-0.028,0.976,0,3.9770976558332536,32.0,6.890256931135768,-1.0,3.0,52.159833,21.170371,32.0
21909,2026-05-11 19:21:33.900000+00:00,52.1597976,21.1704683,86.3,6.11,-0.022,-0.022,0.977,0,5.969857721404239,32.0,7.71666180873899,-1.0,3.0,52.159833,21.170371,32.0
21914,2026-05-11 19:21:34.400000+00:00,52.1597934,21.1704819,86.3,7.56,-0.011,-0.022,0.981,0,7.478120328530636,32.0,8.753115278297239,-1.0,3.0,52.159833,21.170371,32.0
21919,2026-05-11 19:21:34.900000+00:00,52.1597872,21.1705007,86.2,10.59,0.002,-0.063,0.98,0,10.48307064595885,32.0,10.208381216759784,-1.0,3.0,52.159833,21.170371,32.0
21924,2026-05-11 19:21:35.400000+00:00,52.1597794,21.1705231,86.2,13.19,0.006,-0.074,0.976,0,12.65029160377466,32.0,11.96533889297968,-1.0,3.0,52.159833,21.170371,32.0
21929,2026-05-11 19:21:35.900000+00:00,52.1597699,21.1705461,86.1,15.74,0.0,-0.079,0.975,0,13.618058287053245,32.0,13.852601615309558,-1.0,3.0,52.159833,21.170371,32.0
21934,2026-05-11 19:21:36.400000+00:00,52.1597579,21.1705751,86.1,18.17,-0.012,-0.104,0.975,0,17.18032457992698,32.0,16.234809140665668,-1.0,3.0,52.159833,21.170371,32.0
21939,2026-05-11 19:21:36.900000+00:00,52.1597439,21.1706062,86.1,19.71,-0.042,-0.092,0.986,0,18.945660692458368,32.0,18.856410070991927,-1.0,3.0,52.159833,21.170371,32.0
21944,2026-05-11 19:21:37.400000+00:00,52.159728,21.1706396,86.1,21.63,-0.036,-0.108,0.948,0,20.763820611464933,32.0,21.72603642709373,-1.0,3.0,52.159833,21.170371,32.0
21949,2026-05-11 19:21:37.900000+00:00,52.1597101,21.1706757,86.0,23.33,-0.037,-0.103,0.965,0,22.797596872944563,32.0,24.87491900660881,-1.0,3.0,52.159833,21.170371,32.0
21954,2026-05-11 19:21:38.400000+00:00,52.1596904,21.170713,86.0,24.56,-0.061,-0.121,0.958,0,24.173494096820992,32.0,28.20769054347874,-1.0,3.0,52.159833,21.170371,32.0
21959,2026-05-11 19:21:38.900000+00:00,52.1596687,21.1707515,86.0,26.05,-0.07,-0.104,0.96,0,25.67822799901696,32.0,31.74034799828059,-1.0,3.0,52.159833,21.170371,32.0
21964,2026-05-11 19:21:39.400000+00:00,52.1596457,21.170792,86.0,27.48,-0.061,-0.1,0.972,0,27.105920597706955,32.0,35.47508900927926,-1.0,3.0,52.159833,21.170371,32.0
21969,2026-05-11 19:21:39.900000+00:00,52.1596209,21.1708342,85.9,28.91,-0.06,-0.072,0.974,0,28.701796498487944,32.0,39.42811121372851,-1.0,3.0,52.159833,21.170371,32.0
21974,2026-05-11 19:21:40.400000+00:00,52.1595954,21.1708787,85.9,30.36,-0.06,-0.036,0.97,0,29.907585402365243,32.0,43.55917221768947,-1.0,3.0,52.159833,21.170371,32.0
21979,2026-05-11 19:21:40.900000+00:00,52.1595689,21.1709254,85.9,31.78,-0.068,-0.056,0.96,0,31.244085115064685,32.0,47.88091956764495,-1.0,3.0,52.159833,21.170371,32.0
21984,2026-05-11 19:21:41.400000+00:00,52.1595416,21.1709727,85.9,32.83,-0.067,-0.062,0.968,0,31.896480911655686,32.0,52.29283227638536,-1.0,3.0,52.159833,21.170371,32.0
21989,2026-05-11 19:21:41.900000+00:00,52.1595139,21.1710227,85.7,33.96,-0.078,-0.056,0.98,0,33.088646134939914,32.0,56.879214846122,-1.0,3.0,52.159833,21.170371,32.0
21994,2026-05-11 19:21:42.400000+00:00,52.1594848,21.1710749,85.6,35.21,-0.074,-0.052,0.958,0,34.64195455078921,32.0,61.68151722743803,-1.0,3.0,52.159833,21.170371,32.0
21999,2026-05-11 19:21:42.900000+00:00,52.1594547,21.1711286,85.6,36.13,-0.074,-0.065,0.967,0,35.72574815004894,32.0,66.63468221175407,-1.0,3.0,52.159833,21.170371,32.0
22004,2026-05-11 19:21:43.400000+00:00,52.1594237,21.1711846,85.5,37.22,-0.069,-0.051,0.95,0,37.04644908692414,32.0,71.77383230247047,-1.0,3.0,52.159833,21.170371,32.0
22009,2026-05-11 19:21:43.900000+00:00,52.1593917,21.1712425,85.5,38.99,-0.076,-0.073,0.972,0,38.27563412996639,32.0,77.0845513257345,-1.0,3.0,52.159833,21.170371,32.0
22014,2026-05-11 19:21:44.400000+00:00,52.159359,21.1713005,85.4,38.62,-0.162,-0.075,0.958,0,38.68915167113292,,82.45094555937123,-1.0,3.0,52.159833,21.170371,32.0
22019,2026-05-11 19:21:44.900000+00:00,52.1593263,21.1713582,85.4,38.57,-0.162,-0.067,0.959,0,38.58080882072591,,87.8025141951575,-1.0,3.0,52.159833,21.170371,32.0
22024,2026-05-11 19:21:45.400000+00:00,52.1592939,21.1714151,85.4,38.15,-0.156,-0.047,0.956,0,38.12934026217437,,93.091643119647,-1.0,3.0,52.159833,21.170371,32.0
22029,2026-05-11 19:21:45.900000+00:00,52.1592617,21.1714716,85.4,37.66,-0.16,-0.05,0.966,0,37.87643791006414,,98.34629112482872,-1.0,3.0,52.159833,21.170371,32.0
22034,2026-05-11 19:21:46.400000+00:00,52.15923,21.1715276,85.4,37.25,-0.161,-0.052,0.963,0,37.42429633936767,,103.53955145702274,-1.0,3.0,52.159833,21.170371,32.0
22039,2026-05-11 19:21:46.900000+00:00,52.1591986,21.171583,85.4,37.03,-0.155,-0.055,0.959,0,37.04486637964857,,108.68046195625762,-1.0,3.0,52.159833,21.170371,32.0
22044,2026-05-11 19:21:47.400000+00:00,52.1591677,21.1716377,85.4,36.33,-0.155,-0.041,0.944,0,36.52075992651979,,113.7493236646238,-1.0,3.0,52.159833,21.170371,32.0
22049,2026-05-11 19:21:47.900000+00:00,52.1591372,21.1716916,85.4,35.87,-0.155,-0.065,0.96,0,36.01481874944202,,118.74810515355746,-1.0,3.0,52.159833,21.170371,32.0
22054,2026-05-11 19:21:48.400000+00:00,52.1591069,21.1717445,85.4,35.29,-0.163,-0.056,0.968,0,35.54590188362639,,123.68095814494632,-1.0,3.0,52.159833,21.170371,32.0
22059,2026-05-11 19:21:48.900000+00:00,52.1590769,21.1717965,85.4,35.0,-0.151,-0.072,0.939,0,35.059134171092346,,128.54586596710757,-1.0,3.0,52.159833,21.170371,32.0
22064,2026-05-11 19:21:49.400000+00:00,52.1590475,21.1718478,85.4,34.4,-0.159,-0.006,0.969,0,34.47980133393396,,133.33131297392222,-1.0,3.0,52.159833,21.170371,32.0
22069,2026-05-11 19:21:49.900000+00:00,52.159019,21.1718986,85.4,33.67,-0.16,-0.039,0.971,0,33.81038599276874,,138.02561163845957,-1.0,3.0,52.159833,21.170371,32.0
22074,2026-05-11 19:21:50.400000+00:00,52.1589912,21.1719491,85.4,33.33,-0.15,-0.035,0.945,0,33.32494039464517,,142.65349258945523,-1.0,3.0,52.159833,21.170371,32.0
22079,2026-05-11 19:21:50.900000+00:00,52.1589639,21.1719992,85.4,32.82,-0.156,-0.041,0.956,0,32.911803983915085,,147.22433019647556,-1.0,3.0,52.159833,21.170371,32.0
22084,2026-05-11 19:21:51.400000+00:00,52.1589364,21.172049,85.4,33.08,-0.136,-0.08,0.953,0,32.90870707584408,,151.7943562665171,-1.0,3.0,52.159833,21.170371,32.0
22089,2026-05-11 19:21:51.900000+00:00,52.1589086,21.1720984,85.4,33.08,-0.13,-0.07,0.971,0,32.924845808550224,,156.36578162474723,-1.0,3.0,52.159833,21.170371,32.0
22094,2026-05-11 19:21:52.400000+00:00,52.1588802,21.1721477,85.4,33.44,-0.111,-0.072,0.95,0,33.21563892446885,,160.97605752169702,-1.0,3.0,52.159833,21.170371,32.0
22099,2026-05-11 19:21:52.900000+00:00,52.1588514,21.1721974,85.4,33.74,-0.113,-0.069,0.971,0,33.57822727639715,,165.63633548110812,-1.0,3.0,52.159833,21.170371,32.0
22104,2026-05-11 19:21:53.400000+00:00,52.158822,21.1722473,85.4,34.16,-0.11,-0.068,0.965,0,33.98066982284869,,170.35107336175645,-1.0,3.0,52.159833,21.170371,32.0
22109,2026-05-11 19:21:53.900000+00:00,52.1587919,21.1722972,85.5,34.34,-0.12,-0.076,0.952,0,34.37125187797853,,175.1175181404438,-1.0,3.0,52.159833,21.170371,32.0
22114,2026-05-11 19:21:54.400000+00:00,52.1587618,21.1723464,85.5,33.87,-0.154,-0.073,0.95,0,34.12696474249832,,175.84814583304433,-1.0,3.0,52.159833,21.170371,32.0
22119,2026-05-11 19:21:54.900000+00:00,52.1587315,21.1723942,85.5,33.59,-0.166,-0.098,0.963,0,33.75847244480921,,171.34063487520157,-1.0,3.0,52.157967,21.174575,33.0
22124,2026-05-11 19:21:55.400000+00:00,52.1587006,21.1724402,85.5,33.4,-0.158,-0.117,0.953,0,33.50287000875702,,166.91758882187457,-1.0,3.0,52.157967,21.174575,33.0
22129,2026-05-11 19:21:55.900000+00:00,52.1586691,21.1724837,85.5,33.05,-0.159,-0.134,0.944,0,33.05246740927774,,162.62490915499288,-1.0,3.0,52.157967,21.174575,33.0
22134,2026-05-11 19:21:56.400000+00:00,52.158637,21.1725233,85.4,32.37,-0.17,-0.147,0.942,0,32.22957061329676,,158.5523308387734,-1.0,3.0,52.157967,21.174575,33.0
22139,2026-05-11 19:21:56.900000+00:00,52.1586042,21.1725605,85.4,32.11,-0.17,-0.13,0.952,0,31.990643046379123,,154.61187111649997,-1.0,3.0,52.157967,21.174575,33.0
22144,2026-05-11 19:21:57.400000+00:00,52.1585706,21.1725949,85.4,31.84,-0.158,-0.137,0.953,0,31.766143604457167,,150.83075591883662,-1.0,3.0,52.157967,21.174575,33.0
22149,2026-05-11 19:21:57.900000+00:00,52.1585366,21.172627,85.4,31.55,-0.16,-0.12,0.956,0,31.456695786539687,,147.20723897451722,-1.0,3.0,52.157967,21.174575,33.0
22154,2026-05-11 19:21:58.400000+00:00,52.1585021,21.1726567,85.4,31.26,-0.159,-0.121,0.952,0,31.236160114214933,,143.7511848526822,-1.0,3.0,52.157967,21.174575,33.0
22159,2026-05-11 19:21:58.900000+00:00,52.1584676,21.1726838,85.4,30.97,-0.165,-0.111,0.948,0,30.660608044499867,,140.5069703829331,-1.0,3.0,52.157967,21.174575,33.0
22164,2026-05-11 19:21:59.400000+00:00,52.1584336,21.17271,85.4,30.14,-0.163,-0.054,0.95,0,30.108938171613083,,137.3960177232442,-1.0,3.0,52.157967,21.174575,33.0
22169,2026-05-11 19:21:59.900000+00:00,52.1584003,21.1727364,85.4,29.39,-0.16,-0.01,0.956,0,29.64608360222117,,134.3583584380588,-1.0,3.0,52.157967,21.174575,33.0
22174,2026-05-11 19:22:00.400000+00:00,52.1583682,21.1727636,85.3,28.93,-0.161,0.0,0.951,0,28.964315793924825,,131.37342112936813,-1.0,3.0,52.157967,21.174575,33.0
22179,2026-05-11 19:22:00.900000+00:00,52.1583377,21.1727936,85.3,28.35,-0.172,0.042,0.973,0,28.5196185419472,,128.321178386477,-1.0,3.0,52.157967,21.174575,33.0
22184,2026-05-11 19:22:01.400000+00:00,52.1583095,21.1728263,85.2,28.09,-0.168,0.083,0.975,0,27.70686886178657,,125.22176537866824,-1.0,3.0,52.157967,21.174575,33.0
22189,2026-05-11 19:22:01.900000+00:00,52.1582839,21.1728637,85.2,27.47,-0.17,0.12,0.966,0,27.52257188750884,,121.94098380276154,-1.0,3.0,52.157967,21.174575,33.0
22194,2026-05-11 19:22:02.400000+00:00,52.1582617,21.1729059,85.2,27.48,-0.166,0.134,0.971,0,27.30372409119696,,118.48165407752208,-1.0,3.0,52.157967,21.174575,33.0
22199,2026-05-11 19:22:02.900000+00:00,52.1582433,21.1729522,85.1,27.05,-0.145,0.129,0.965,0,27.09497125595612,,114.88578723927154,-1.0,3.0,52.157967,21.174575,33.0
22204,2026-05-11 19:22:03.400000+00:00,52.1582278,21.173002,85.1,27.34,-0.158,0.115,0.975,0,27.42742782884237,,111.1539932154221,-1.0,3.0,52.157967,21.174575,33.0
22209,2026-05-11 19:22:03.900000+00:00,52.1582162,21.1730539,85.0,27.28,-0.178,0.134,0.97,0,27.130075605336263,,107.4001531221168,-1.0,3.0,52.157967,21.174575,33.0
22214,2026-05-11 19:22:04.400000+00:00,52.1582088,21.1731066,85.0,26.99,-0.174,0.124,0.971,0,26.5533188328102,,103.71465798730664,-1.0,3.0,52.157967,21.174575,33.0
22219,2026-05-11 19:22:04.900000+00:00,52.1582059,21.1731598,85.0,27.08,-0.181,0.13,0.966,0,26.23248977665829,,100.12799862952308,-1.0,3.0,52.157967,21.174575,33.0
22224,2026-05-11 19:22:05.400000+00:00,52.1582069,21.1732123,84.9,26.33,-0.173,0.125,0.962,0,25.79815907707999,,96.71025694896606,-1.0,3.0,52.157967,21.174575,33.0
22229,2026-05-11 19:22:05.900000+00:00,52.1582116,21.1732635,84.8,25.97,-0.184,0.123,0.97,0,25.4271903268529,,93.50870838868956,-1.0,3.0,52.157967,21.174575,33.0
22234,2026-05-11 19:22:06.400000+00:00,52.1582199,21.1733127,84.7,25.51,-0.177,0.101,0.964,0,25.061904457439898,,90.58508770721136,-1.0,3.0,52.157967,21.174575,33.0
22239,2026-05-11 19:22:06.900000+00:00,52.1582314,21.1733602,84.6,25.57,-0.169,0.073,0.961,0,25.080945036719736,,87.9299290807539,-1.0,3.0,52.157967,21.174575,33.0
22244,2026-05-11 19:22:07.400000+00:00,52.1582449,21.1734046,84.6,24.78,-0.203,0.032,0.966,0,24.338784791547702,,85.61176169537634,-1.0,3.0,52.157967,21.174575,33.0
22249,2026-05-11 19:22:07.900000+00:00,52.1582586,21.1734466,84.5,23.03,-0.228,-0.026,0.947,0,23.36323213150091,,83.52573874137258,-1.0,3.0,52.157967,21.174575,33.0
22254,2026-05-11 19:22:08.400000+00:00,52.1582711,21.1734864,84.4,22.19,-0.191,-0.08,0.945,0,21.96077992558503,,81.59662125395587,-1.0,3.0,52.157967,21.174575,33.0
22259,2026-05-11 19:22:08.900000+00:00,52.1582816,21.1735266,84.3,21.45,-0.214,-0.157,0.957,0,21.45951355084751,33.0,79.61509047964333,-1.0,3.0,52.157967,21.174575,33.0
22264,2026-05-11 19:22:09.400000+00:00,52.1582893,21.1735662,84.3,20.58,-0.206,-0.147,0.944,0,20.403348920248007,33.0,77.58931924441262,-1.0,3.0,52.157967,21.174575,33.0
22269,2026-05-11 19:22:09.900000+00:00,52.1582944,21.1736052,84.4,19.84,-0.205,-0.171,0.936,0,19.58541784952193,33.0,75.51148173709743,-1.0,3.0,52.157967,21.174575,33.0
22274,2026-05-11 19:22:10.400000+00:00,52.158297,21.1736443,84.4,20.03,-0.191,-0.207,0.954,0,19.316676030925223,33.0,73.33021208979474,-1.0,3.0,52.157967,21.174575,33.0
22279,2026-05-11 19:22:10.900000+00:00,52.1582963,21.173683,84.5,19.88,-0.196,-0.207,0.955,0,19.0159905671811,33.0,71.01665390161546,-1.0,3.0,52.157967,21.174575,33.0
22284,2026-05-11 19:22:11.400000+00:00,52.1582932,21.1737216,84.6,20.19,-0.156,-0.17,0.918,0,19.120376509307928,33.0,68.59099722228454,-1.0,3.0,52.157967,21.174575,33.0
22289,2026-05-11 19:22:11.900000+00:00,52.1582873,21.1737603,84.6,20.1,-0.157,-0.176,0.963,0,19.58586101007194,33.0,66.00876147186528,-1.0,3.0,52.157967,21.174575,33.0
22294,2026-05-11 19:22:12.400000+00:00,52.1582782,21.1738,84.6,21.05,-0.124,-0.156,0.945,0,20.815503805146328,33.0,63.185585570555496,-1.0,3.0,52.157967,21.174575,33.0
22299,2026-05-11 19:22:12.900000+00:00,52.1582676,21.1738399,84.7,21.54,-0.1,-0.128,0.961,0,21.35571024272105,33.0,60.264829966580216,-1.0,3.0,52.157967,21.174575,33.0
22304,2026-05-11 19:22:13.400000+00:00,52.1582553,21.1738809,84.7,23.17,-0.08,-0.109,0.955,0,22.41621763185633,33.0,57.180498371262296,-1.0,3.0,52.157967,21.174575,33.0
22309,2026-05-11 19:22:13.900000+00:00,52.1582417,21.1739233,84.7,24.34,-0.043,-0.083,0.968,0,23.499679144574397,33.0,53.93888031609867,-1.0,3.0,52.157967,21.174575,33.0
22314,2026-05-11 19:22:14.400000+00:00,52.1582262,21.1739678,84.8,25.84,-0.062,-0.092,0.984,0,25.133585793986786,33.0,50.46177383781459,-1.0,3.0,52.157967,21.174575,33.0
22319,2026-05-11 19:22:14.900000+00:00,52.1582092,21.1740139,84.8,27.0,-0.056,-0.074,0.964,0,26.41806170402569,33.0,46.801393066252274,-1.0,3.0,52.157967,21.174575,33.0
22324,2026-05-11 19:22:15.400000+00:00,52.1581911,21.1740627,84.8,28.61,-0.055,-0.043,0.96,0,28.008458561836417,33.0,42.92152845170582,-1.0,3.0,52.157967,21.174575,33.0
22329,2026-05-11 19:22:15.900000+00:00,52.1581722,21.1741132,84.9,29.53,-0.066,-0.027,0.969,0,29.05459947008152,33.0,38.89759142667021,-1.0,3.0,52.157967,21.174575,33.0
22334,2026-05-11 19:22:16.400000+00:00,52.1581525,21.1741657,85.0,30.66,-0.062,-0.03,0.98,0,30.226773323119826,33.0,34.71369932262846,-1.0,3.0,52.157967,21.174575,33.0
22339,2026-05-11 19:22:16.900000+00:00,52.1581323,21.1742196,85.0,31.58,-0.07,-0.017,0.967,0,31.022252736618505,33.0,30.424028415570017,-1.0,3.0,52.157967,21.174575,33.0
22344,2026-05-11 19:22:17.400000+00:00,52.1581118,21.1742753,85.0,32.41,-0.069,0.001,0.97,0,31.902946982607894,33.0,26.02344643450393,-1.0,3.0,52.157967,21.174575,33.0
22349,2026-05-11 19:22:17.900000+00:00,52.1580908,21.1743331,85.0,33.65,-0.07,-0.006,0.96,0,32.99389954551638,33.0,21.489595666148546,-1.0,3.0,52.157967,21.174575,33.0
22354,2026-05-11 19:22:18.400000+00:00,52.1580697,21.1743929,85.1,34.32,-0.082,-0.002,0.98,0,33.88267162151579,33.0,16.873698770907502,-1.0,3.0,52.157967,21.174575,33.0
22359,2026-05-11 19:22:18.900000+00:00,52.1580482,21.1744544,85.2,35.24,-0.074,-0.007,0.959,0,34.766416636129165,33.0,12.214968462912886,-1.0,3.0,52.157967,21.174575,33.0
22364,2026-05-11 19:22:19.400000+00:00,52.1580263,21.1745176,85.2,36.08,-0.07,-0.007,0.977,0,35.650688440166455,33.0,7.668841852582114,-1.0,3.0,52.157967,21.174575,33.0
22369,2026-05-11 19:22:19.900000+00:00,52.1580041,21.1745825,85.2,36.71,-0.09,0.003,0.957,0,36.49639329377209,33.0,4.156936568682754,-1.0,3.0,52.157967,21.174575,33.0
22374,2026-05-11 19:22:20.400000+00:00,52.1579822,21.1746486,85.3,37.09,-0.1,0.021,0.969,0,36.89756442845331,33.0,5.297592325638439,-1.0,3.0,52.157967,21.174575,33.0
22379,2026-05-11 19:22:20.900000+00:00,52.1579606,21.174716,85.3,37.48,-0.096,0.009,0.956,0,37.34880810056603,33.0,9.644830697426258,-1.0,3.0,52.157967,21.174575,33.0
22384,2026-05-11 19:22:21.400000+00:00,52.1579393,21.1747845,85.3,38.3,-0.1,0.009,0.975,0,37.719331007009096,33.0,14.619527117401454,-1.0,3.0,52.157967,21.174575,33.0
22389,2026-05-11 19:22:21.900000+00:00,52.1579182,21.1748539,85.3,38.45,-0.101,0.013,0.983,0,38.04278737999165,33.0,19.784312286123136,-1.0,3.0,52.157967,21.174575,33.0
22394,2026-05-11 19:22:22.400000+00:00,52.1578977,21.1749254,85.3,38.99,-0.093,0.01,0.971,0,38.76385220520676,33.0,25.114503396552976,-1.0,3.0,52.157967,21.174575,33.0
22399,2026-05-11 19:22:22.900000+00:00,52.1578764,21.1749982,85.2,39.81,-0.087,0.013,0.956,0,39.61470970016576,33.0,30.576571261654568,-1.0,3.0,52.157967,21.174575,33.0
22404,2026-05-11 19:22:23.400000+00:00,52.1578552,21.1750736,85.7,40.11,-0.1,0.018,0.98,0,40.73765388339305,33.0,36.21349891505815,-1.0,3.0,52.157967,21.174575,33.0
22409,2026-05-11 19:22:23.900000+00:00,52.1578336,21.1751499,86.3,40.62,-0.087,-0.006,0.951,0,41.27308388220627,33.0,41.9292732897864,-1.0,3.0,52.157967,21.174575,33.0
22414,2026-05-11 19:22:24.400000+00:00,52.1578122,21.1752261,86.6,40.76,-0.097,-0.008,0.974,0,41.16160353347036,33.0,47.63463801842425,-1.0,3.0,52.157967,21.174575,33.0
22419,2026-05-11 19:22:24.900000+00:00,52.1577905,21.1753035,87.0,41.32,-0.096,-0.008,0.958,0,41.797510700965226,33.0,53.43086421971748,-1.0,3.0,52.157967,21.174575,33.0
22424,2026-05-11 19:22:25.400000+00:00,52.1577684,21.1753818,87.4,41.74,-0.104,-0.008,0.981,0,42.33282365736291,33.0,59.30239252124776,-1.0,3.0,52.157967,21.174575,33.0
22429,2026-05-11 19:22:25.900000+00:00,52.1577461,21.1754601,87.6,42.36,-0.095,-0.031,0.963,0,42.40001428794833,33.0,65.18374859230524,-1.0,3.0,52.157967,21.174575,33.0
22434,2026-05-11 19:22:26.400000+00:00,52.1577224,21.175539,87.7,43.23,-0.112,-0.018,0.955,0,43.14851927618791,33.0,71.1635606490553,-1.0,3.0,52.157967,21.174575,33.0
22439,2026-05-11 19:22:26.900000+00:00,52.157699,21.1756181,87.7,42.92,-0.109,-0.04,0.952,0,43.131921508129416,33.0,77.1450888858345,-1.0,3.0,52.157967,21.174575,33.0
22444,2026-05-11 19:22:27.400000+00:00,52.1576754,21.1756963,87.8,42.66,-0.125,-0.035,0.983,0,42.80463627822166,,83.08006002617961,-1.0,3.0,52.157967,21.174575,33.0
22449,2026-05-11 19:22:27.900000+00:00,52.1576515,21.1757752,87.7,43.25,-0.101,-0.045,0.947,0,43.21922591671442,,89.07341434775766,-1.0,3.0,52.157967,21.174575,33.0
22454,2026-05-11 19:22:28.400000+00:00,52.157626,21.1758554,87.7,44.54,-0.126,-0.026,0.997,0,44.367341764441456,,95.22005614511896,-1.0,3.0,52.157967,21.174575,33.0
22459,2026-05-11 19:22:28.900000+00:00,52.1576022,21.1759358,87.7,43.99,-0.085,-0.018,0.934,0,43.846231944419614,,101.30523425995322,-1.0,3.0,52.157967,21.174575,33.0
22464,2026-05-11 19:22:29.400000+00:00,52.1575773,21.1760167,87.8,44.81,-0.116,-0.051,0.974,0,44.45544342339917,,107.4714207554993,-1.0,3.0,52.157967,21.174575,33.0
22469,2026-05-11 19:22:29.900000+00:00,52.1575505,21.1760985,87.7,45.16,-0.097,-0.036,0.943,0,45.54750740638743,,113.780450335927,-1.0,3.0,52.157967,21.174575,33.0
22474,2026-05-11 19:22:30.400000+00:00,52.1575221,21.1761805,87.5,45.92,-0.121,-0.041,0.979,0,46.2503042213102,,120.17684422322895,-1.0,3.0,52.157967,21.174575,33.0
22479,2026-05-11 19:22:30.900000+00:00,52.1574945,21.1762626,87.4,45.98,-0.112,-0.037,0.961,0,45.98191165276253,,126.54524712130832,-1.0,3.0,52.157967,21.174575,33.0
22484,2026-05-11 19:22:31.400000+00:00,52.1574665,21.1763454,87.4,46.43,-0.107,-0.028,0.957,0,46.43748463889507,,132.97736083776485,-1.0,3.0,52.157967,21.174575,33.0
22489,2026-05-11 19:22:31.900000+00:00,52.1574383,21.1764278,87.5,46.54,-0.108,-0.032,0.954,0,46.34334012643107,,139.39573305536248,-1.0,3.0,52.157967,21.174575,33.0
22494,2026-05-11 19:22:32.400000+00:00,52.1574089,21.1765112,87.5,46.65,-0.111,-0.009,0.962,0,47.24414284241387,,145.93417042277727,-1.0,3.0,52.157967,21.174575,33.0
22499,2026-05-11 19:22:32.900000+00:00,52.1573794,21.1765946,87.4,46.94,-0.111,-0.011,0.973,0,47.28410454116894,,152.47937384679352,-1.0,3.0,52.157967,21.174575,33.0
22504,2026-05-11 19:22:33.400000+00:00,52.1573501,21.1766791,87.4,47.62,-0.105,-0.006,0.965,0,47.67395916080461,,159.08450423453604,-1.0,3.0,52.157967,21.174575,33.0
22509,2026-05-11 19:22:33.900000+00:00,52.1573203,21.1767636,87.2,48.02,-0.117,-0.022,0.955,0,47.872217539552,,165.71505489463982,-1.0,3.0,52.157967,21.174575,33.0
22514,2026-05-11 19:22:34.400000+00:00,52.15729,21.1768492,87.1,48.34,-0.123,-0.003,0.977,0,48.5402088747062,,172.43880688595894,-1.0,3.0,52.157967,21.174575,33.0
22519,2026-05-11 19:22:34.900000+00:00,52.1572596,21.1769352,87.0,48.74,-0.109,-0.023,0.963,0,48.75042581067135,,179.19331017227088,-1.0,3.0,52.157967,21.174575,33.0
22524,2026-05-11 19:22:35.400000+00:00,52.1572298,21.1770219,87.0,49.12,-0.099,-0.006,0.955,0,48.81207743862401,,185.96244437394623,-1.0,3.0,52.157967,21.174575,33.0
22529,2026-05-11 19:22:35.900000+00:00,52.1571987,21.1771096,86.9,50.18,-0.111,-0.007,0.957,0,49.75379303305516,,192.8574773096526,-1.0,3.0,52.157967,21.174575,33.0
22534,2026-05-11 19:22:36.400000+00:00,52.1571689,21.1771981,86.9,49.58,-0.143,-0.009,0.98,0,49.58531274416237,,199.73817011459516,-1.0,3.0,52.157967,21.174575,33.0
22539,2026-05-11 19:22:36.900000+00:00,52.1571391,21.1772862,86.9,49.52,-0.15,-0.018,0.953,0,49.41319785182546,,206.59484859211463,-1.0,3.0,52.157967,21.174575,33.0
22544,2026-05-11 19:22:37.400000+00:00,52.1571096,21.1773732,86.9,48.21,-0.153,-0.011,0.951,0,48.82414663722968,,213.36989624414835,-1.0,3.0,52.157967,21.174575,33.0
22549,2026-05-11 19:22:37.900000+00:00,52.1570785,21.1774589,86.7,48.55,-0.156,-0.024,0.966,0,48.90588362426646,,220.14582833113295,-1.0,3.0,52.157967,21.174575,33.0
22554,2026-05-11 19:22:38.400000+00:00,52.1570472,21.1775429,86.6,48.72,-0.127,-0.019,0.959,0,48.272038719619374,,226.8292593697515,-1.0,3.0,52.157967,21.174575,33.0
22559,2026-05-11 19:22:38.900000+00:00,52.1570178,21.1776279,86.4,48.04,-0.128,-0.029,0.97,0,47.927448447732814,,233.47913521202028,-1.0,3.0,52.157967,21.174575,33.0
22564,2026-05-11 19:22:39.400000+00:00,52.1569881,21.1777135,86.3,48.77,-0.134,-0.015,0.964,0,48.30218532400449,,240.18099096628495,-1.0,3.0,52.157967,21.174575,33.0
22569,2026-05-11 19:22:39.900000+00:00,52.1569579,21.177799,86.3,48.55,-0.138,-0.01,0.936,0,48.45794728677218,,246.9024045015128,-1.0,3.0,52.157967,21.174575,33.0
22574,2026-05-11 19:22:40.400000+00:00,52.1569277,21.1778839,86.1,48.17,-0.148,-0.007,0.986,0,48.202798455421295,,253.5878578747224,-1.0,3.0,52.157967,21.174575,33.0
22579,2026-05-11 19:22:40.900000+00:00,52.1568978,21.1779696,86.0,48.5,-0.11,0.0,0.948,0,48.42397320737338,,260.3071044676306,-1.0,3.0,52.157967,21.174575,33.0
22584,2026-05-11 19:22:41.400000+00:00,52.1568636,21.1780527,85.8,48.74,-0.135,-0.017,0.978,0,49.14950288054999,,267.08830152113245,-1.0,3.0,52.157967,21.174575,33.0
22589,2026-05-11 19:22:41.900000+00:00,52.1568341,21.1781289,85.4,43.36,-0.123,-0.04,0.93,0,44.25610410907335,,273.21297511668143,-1.0,3.0,52.157967,21.174575,33.0
22594,2026-05-11 19:22:42.400000+00:00,52.1568045,21.1782127,85.2,47.97,-0.144,-0.005,0.977,0,47.4947659906117,,279.8034723041451,-1.0,3.0,52.157967,21.174575,33.0
22599,2026-05-11 19:22:42.900000+00:00,52.1567755,21.1782973,85.1,47.98,-0.122,-0.006,0.976,0,47.59957895129174,,286.4117574280105,-1.0,3.0,52.157967,21.174575,33.0
22604,2026-05-11 19:22:43.400000+00:00,52.1567448,21.1783785,84.8,47.23,-0.125,-0.013,0.938,0,46.84843664563705,,292.902292058678,-1.0,3.0,52.157967,21.174575,33.0
22609,2026-05-11 19:22:43.900000+00:00,52.1567146,21.1784631,84.8,48.1,-0.145,-0.013,0.942,0,48.07555317921991,,299.57300110357835,-1.0,3.0,52.157967,21.174575,33.0
22614,2026-05-11 19:22:44.400000+00:00,52.1566872,21.1785468,84.6,47.82,-0.173,-0.005,1.033,0,46.59767937465487,,306.0447609647951,-1.0,3.0,52.157967,21.174575,33.0
22619,2026-05-11 19:22:44.900000+00:00,52.1566582,21.1786286,84.6,46.84,-0.12,-0.02,0.913,0,46.40393352499503,,312.48461756804966,-1.0,3.0,52.157967,21.174575,33.0
22624,2026-05-11 19:22:45.400000+00:00,52.1566309,21.1787072,84.4,45.17,-0.168,0.016,0.975,0,44.36384153523824,,318.6434211819724,-1.0,3.0,52.157967,21.174575,33.0
22629,2026-05-11 19:22:45.900000+00:00,52.1566046,21.178789,84.5,45.03,-0.143,-0.017,0.949,0,45.361067125904086,,324.9435521397282,-1.0,3.0,52.157967,21.174575,33.0
22634,2026-05-11 19:22:46.400000+00:00,52.1565793,21.1788654,84.5,43.75,-0.134,-0.026,0.972,0,42.64337265518819,,330.8659563827684,-1.0,3.0,52.157967,21.174575,33.0
22639,2026-05-11 19:22:46.900000+00:00,52.1565517,21.178943,84.5,44.58,-0.122,-0.026,0.96,0,44.05710780284645,,327.7194237515618,-1.0,3.0,52.157967,21.174575,33.0
22644,2026-05-11 19:22:47.400000+00:00,52.1565239,21.1790273,84.8,47.14,-0.108,-0.018,0.95,0,47.00879651999409,,321.3362423533677,-1.0,3.0,52.155727,21.183555,34.0
22649,2026-05-11 19:22:47.900000+00:00,52.1564965,21.1791078,84.6,45.31,-0.118,-0.019,0.981,0,45.217187117238936,,315.2206054354036,-1.0,3.0,52.155727,21.183555,34.0
22654,2026-05-11 19:22:48.400000+00:00,52.1564686,21.1791914,84.7,46.19,-0.091,-0.002,0.939,0,46.74448456861784,,308.8929156068573,-1.0,3.0,52.155727,21.183555,34.0
22659,2026-05-11 19:22:48.900000+00:00,52.1564411,21.1792778,84.9,47.52,-0.127,0.003,1.034,0,47.80880715625862,,302.39954640299186,-1.0,3.0,52.155727,21.183555,34.0
22664,2026-05-11 19:22:49.400000+00:00,52.1564108,21.1793646,85.0,48.63,-0.063,-0.013,0.893,0,49.05234351600468,,295.8061473125253,-1.0,3.0,52.155727,21.183555,34.0
22669,2026-05-11 19:22:49.900000+00:00,52.1563791,21.1794487,84.9,47.46,-0.135,-0.019,1.015,0,48.48142570792856,,289.3621570244874,-1.0,3.0,52.155727,21.183555,34.0
22674,2026-05-11 19:22:50.400000+00:00,52.1563474,21.1795354,84.7,50.17,-0.093,-0.02,0.935,0,49.57406169446909,,282.75963169508185,-1.0,3.0,52.155727,21.183555,34.0
22679,2026-05-11 19:22:50.900000+00:00,52.1563179,21.1796236,84.8,49.67,-0.162,-0.01,0.984,0,49.3415015257367,,276.1295984722982,-1.0,3.0,52.155727,21.183555,34.0
22684,2026-05-11 19:22:51.400000+00:00,52.1562875,21.179711,84.9,48.94,-0.15,-0.018,0.963,0,49.34824389473312,,269.54065005743206,-1.0,3.0,52.155727,21.183555,34.0
22689,2026-05-11 19:22:51.900000+00:00,52.156257,21.1797986,84.9,48.49,-0.148,-0.022,0.954,0,49.473216379258034,,262.94945242996687,-1.0,3.0,52.155727,21.183555,34.0
22694,2026-05-11 19:22:52.400000+00:00,52.1562269,21.1798841,85.0,47.65,-0.146,-0.007,0.956,0,48.41864888219569,,256.5224502730891,-1.0,3.0,52.155727,21.183555,34.0
22699,2026-05-11 19:22:52.900000+00:00,52.1562001,21.1799671,85.5,46.62,-0.148,-0.007,0.96,0,46.069342172604784,,250.3547312454845,-1.0,3.0,52.155727,21.183555,34.0
22704,2026-05-11 19:22:53.400000+00:00,52.1561714,21.1800504,85.6,45.81,-0.14,0.0,0.952,0,46.92560628079094,,244.1359997002513,-1.0,3.0,52.155727,21.183555,34.0
22709,2026-05-11 19:22:53.900000+00:00,52.156143,21.1801349,85.6,46.77,-0.143,-0.01,0.988,0,47.324565329584,,237.8594332815969,-1.0,3.0,52.155727,21.183555,34.0
22714,2026-05-11 19:22:54.400000+00:00,52.1561159,21.180218,85.8,46.82,-0.14,-0.008,0.971,0,46.22512597221544,,231.72006981610264,-1.0,3.0,52.155727,21.183555,34.0
22719,2026-05-11 19:22:54.900000+00:00,52.156087,21.1803024,86.0,47.07,-0.116,-0.019,0.935,0,47.47533704792451,,225.47345408670864,-1.0,3.0,52.155727,21.183555,34.0
22724,2026-05-11 19:22:55.400000+00:00,52.1560576,21.1803867,85.9,47.0,-0.131,0.0,0.945,0,47.62902486616701,,219.2445633846796,-1.0,3.0,52.155727,21.183555,34.0
22729,2026-05-11 19:22:55.900000+00:00,52.1560283,21.1804667,85.9,45.42,-0.138,-0.011,0.972,0,45.76370939562589,,213.3304026338495,-1.0,3.0,52.155727,21.183555,34.0
22734,2026-05-11 19:22:56.400000+00:00,52.1560006,21.1805489,86.0,45.69,-0.136,-0.011,0.946,0,46.06466942760887,,207.31992676744804,-1.0,3.0,52.155727,21.183555,34.0
22739,2026-05-11 19:22:56.900000+00:00,52.1559719,21.1806283,85.7,44.78,-0.152,-0.01,0.962,0,45.26523387198446,,201.5075144859482,-1.0,3.0,52.155727,21.183555,34.0
22744,2026-05-11 19:22:57.400000+00:00,52.1559445,21.180709,85.6,44.85,-0.152,-0.014,0.963,0,45.30354278047143,,195.6542250587752,-1.0,3.0,52.155727,21.183555,34.0
22749,2026-05-11 19:22:57.900000+00:00,52.1559158,21.1807903,85.5,45.5,-0.154,-0.02,0.986,0,46.07178156144585,,189.77229074282792,-1.0,3.0,52.155727,21.183555,34.0
22754,2026-05-11 19:22:58.400000+00:00,52.1558883,21.1808697,85.4,44.69,-0.149,-0.004,0.96,0,44.78527001098091,,184.06682982290067,-1.0,3.0,52.155727,21.183555,34.0
22759,2026-05-11 19:22:58.900000+00:00,52.1558613,21.1809482,85.5,44.09,-0.144,-0.013,0.956,0,44.203737959230125,,178.46160128207205,-1.0,3.0,52.155727,21.183555,34.0
22764,2026-05-11 19:22:59.400000+00:00,52.1558331,21.1810262,85.4,43.99,-0.145,-0.003,0.933,0,44.46966644430037,,172.91753324777608,-1.0,3.0,52.155727,21.183555,34.0
22769,2026-05-11 19:22:59.900000+00:00,52.1558047,21.1811031,85.2,43.05,-0.159,-0.007,0.972,0,44.08741757340434,,167.4915214920759,-1.0,3.0,52.155727,21.183555,34.0
22774,2026-05-11 19:23:00.400000+00:00,52.1557762,21.1811786,85.0,42.96,-0.157,-0.01,0.961,0,43.54163312003632,,162.21026121326204,-1.0,3.0,52.155727,21.183555,34.0
22779,2026-05-11 19:23:00.900000+00:00,52.1557493,21.181251,84.9,40.36,-0.241,0.009,0.954,0,41.57456331354154,,157.19845809383995,-1.0,3.0,52.155727,21.183555,34.0
22784,2026-05-11 19:23:01.400000+00:00,52.1557262,21.1813221,85.0,39.02,-0.25,0.011,0.947,0,39.51777858230648,,152.3285227993858,-1.0,3.0,52.155727,21.183555,34.0
22789,2026-05-11 19:23:01.900000+00:00,52.1557033,21.1813889,85.2,36.78,-0.238,-0.003,0.965,0,37.58587564676584,,147.79493403254202,-1.0,3.0,52.155727,21.183555,34.0
22794,2026-05-11 19:23:02.400000+00:00,52.155681,21.1814527,85.1,35.14,-0.243,-0.001,0.94,0,36.06646064626072,,143.51021655037263,-1.0,3.0,52.155727,21.183555,34.0
22799,2026-05-11 19:23:02.900000+00:00,52.1556604,21.1815118,85.1,31.85,-0.293,0.033,0.948,0,33.38688993282314,,139.583849829636,-1.0,3.0,52.155727,21.183555,34.0
22804,2026-05-11 19:23:03.400000+00:00,52.1556421,21.1815655,85.0,28.86,-0.285,0.025,0.943,0,30.172503777611706,,136.0517957974559,-1.0,3.0,52.155727,21.183555,34.0
22809,2026-05-11 19:23:03.900000+00:00,52.1556259,21.1816142,84.9,26.18,-0.259,0.007,0.948,0,27.21058491864375,,132.87797271222504,-1.0,3.0,52.155727,21.183555,34.0
22814,2026-05-11 19:23:04.400000+00:00,52.1556098,21.1816595,84.8,24.67,-0.227,0.013,0.951,0,25.71455510262774,,129.96625775300043,-1.0,3.0,52.155727,21.183555,34.0
22819,2026-05-11 19:23:04.900000+00:00,52.1555945,21.1817042,84.7,24.24,-0.191,0.014,0.957,0,25.14178620447459,,127.11851163696863,-1.0,3.0,52.155727,21.183555,34.0
22824,2026-05-11 19:23:05.400000+00:00,52.1555804,21.1817468,84.8,23.04,-0.176,0.01,0.961,0,23.775315608653703,,124.4280741459892,-1.0,3.0,52.155727,21.183555,34.0
22829,2026-05-11 19:23:05.900000+00:00,52.1555676,21.1817881,84.8,22.13,-0.169,0.028,0.965,0,22.727443806082917,,121.83435290614692,-1.0,3.0,52.155727,21.183555,34.0
22834,2026-05-11 19:23:06.400000+00:00,52.1555558,21.1818275,84.9,21.15,-0.168,0.033,0.957,0,21.53546389550725,,119.37792605914282,-1.0,3.0,52.155727,21.183555,34.0
22839,2026-05-11 19:23:06.900000+00:00,52.1555455,21.1818647,84.9,19.78,-0.164,0.08,0.956,0,20.046710271484944,,117.06532870659068,-1.0,3.0,52.155727,21.183555,34.0
22844,2026-05-11 19:23:07.400000+00:00,52.1555383,21.1819028,85.0,19.76,-0.168,0.085,0.969,0,19.58184817958576,,114.64975936341018,-1.0,3.0,52.155727,21.183555,34.0
22849,2026-05-11 19:23:07.900000+00:00,52.1555322,21.1819411,85.2,18.46,-0.167,0.056,0.955,0,19.435999202254703,,112.21104239610202,-1.0,3.0,52.155727,21.183555,34.0
22854,2026-05-11 19:23:08.400000+00:00,52.1555276,21.1819782,85.3,18.43,-0.165,0.051,0.967,0,18.591424818248143,,109.83088586049487,-1.0,3.0,52.155727,21.183555,34.0
22859,2026-05-11 19:23:08.900000+00:00,52.1555238,21.1820127,85.4,16.7,-0.163,0.023,0.963,0,17.21685587293882,,107.61472516866549,-1.0,3.0,52.155727,21.183555,34.0
22864,2026-05-11 19:23:09.400000+00:00,52.1555183,21.1820464,85.4,16.75,-0.148,-0.035,0.974,0,17.128645189773916,,105.50089700874238,-1.0,3.0,52.155727,21.183555,34.0
22869,2026-05-11 19:23:09.900000+00:00,52.1555123,21.1820792,85.5,16.75,-0.138,-0.063,0.951,0,16.811794923047124,,103.4711520464507,-1.0,3.0,52.155727,21.183555,34.0
22874,2026-05-11 19:23:10.400000+00:00,52.1555043,21.182111,85.5,16.9,-0.152,-0.127,0.965,0,16.881880934377794,,101.57472396571356,-1.0,3.0,52.155727,21.183555,34.0
22879,2026-05-11 19:23:10.900000+00:00,52.1554957,21.1821447,85.8,16.53,-0.154,-0.124,0.943,0,17.927837722437015,,99.58932762498448,-1.0,3.0,52.155727,21.183555,34.0
22884,2026-05-11 19:23:11.400000+00:00,52.1554843,21.1821727,85.9,16.51,-0.177,-0.092,0.98,0,16.506098197084473,,98.08638673733392,-1.0,3.0,52.155727,21.183555,34.0
22889,2026-05-11 19:23:11.900000+00:00,52.155472,21.1821989,86.2,15.71,-0.15,0.012,0.955,0,16.204487242958827,,96.7611817681299,-1.0,3.0,52.155727,21.183555,34.0
22894,2026-05-11 19:23:12.400000+00:00,52.1554612,21.182226,86.3,14.82,-0.152,0.082,0.97,0,15.872916955696068,,95.36047009308804,-1.0,3.0,52.155727,21.183555,34.0
22899,2026-05-11 19:23:12.900000+00:00,52.1554534,21.182254,86.4,13.83,-0.14,0.134,0.95,0,15.104568552252143,,93.82388136651905,-1.0,3.0,52.155727,21.183555,34.0
22904,2026-05-11 19:23:13.400000+00:00,52.1554485,21.1822812,86.6,13.22,-0.16,0.133,0.963,0,13.924331673519823,,92.25199031121346,-1.0,3.0,52.155727,21.183555,34.0
22909,2026-05-11 19:23:13.900000+00:00,52.1554479,21.1823101,86.7,13.82,-0.172,0.182,0.959,0,14.203437139521492,,90.42012874170372,-1.0,3.0,52.155727,21.183555,34.0
22914,2026-05-11 19:23:14.400000+00:00,52.1554505,21.1823377,86.8,13.32,-0.19,0.128,0.972,0,13.715644039708398,,88.5531910192313,-1.0,3.0,52.155727,21.183555,34.0
22919,2026-05-11 19:23:14.900000+00:00,52.1554559,21.1823633,86.8,13.04,-0.198,0.136,0.957,0,13.29683844176601,,86.70692579913498,-1.0,3.0,52.155727,21.183555,34.0
22924,2026-05-11 19:23:15.400000+00:00,52.1554651,21.1823875,86.8,13.77,-0.207,0.152,0.951,0,13.98376446705918,,84.8041913492772,-1.0,3.0,52.155727,21.183555,34.0
22929,2026-05-11 19:23:15.900000+00:00,52.1554764,21.1824108,87.2,13.73,-0.213,0.131,0.976,0,14.58852703690746,,82.88225355698269,-1.0,3.0,52.155727,21.183555,34.0
22934,2026-05-11 19:23:16.400000+00:00,52.1554906,21.1824295,87.3,13.82,-0.197,0.12,0.941,0,14.615476940967758,,81.15682630508614,-1.0,3.0,52.155727,21.183555,34.0
22939,2026-05-11 19:23:16.900000+00:00,52.155505,21.1824473,87.5,12.87,-0.188,0.075,0.966,0,14.469032507879666,34.0,79.49724176275551,-1.0,3.0,52.155727,21.183555,34.0
22944,2026-05-11 19:23:17.400000+00:00,52.1555199,21.1824612,87.8,12.38,-0.177,0.075,0.966,0,13.744653708971684,34.0,78.09187561963758,-1.0,3.0,52.155727,21.183555,34.0
22949,2026-05-11 19:23:17.900000+00:00,52.1555335,21.1824737,88.1,12.51,-0.148,0.043,0.945,0,12.50002272078577,34.0,76.84035631987896,-1.0,3.0,52.155727,21.183555,34.0
22954,2026-05-11 19:23:18.400000+00:00,52.1555481,21.1824871,88.3,12.06,-0.128,-0.07,0.974,0,13.41453112002628,34.0,75.5194129906229,-1.0,3.0,52.155727,21.183555,34.0
22959,2026-05-11 19:23:18.900000+00:00,52.1555622,21.1825029,88.6,12.59,-0.125,-0.06,0.971,0,13.698887587943783,34.0,74.07678773091473,-1.0,3.0,52.155727,21.183555,34.0
22964,2026-05-11 19:23:19.400000+00:00,52.155575,21.1825216,88.8,12.64,-0.111,-0.073,0.948,0,13.761661668563574,34.0,72.4964209350269,-1.0,3.0,52.155727,21.183555,34.0
22969,2026-05-11 19:23:19.900000+00:00,52.1555872,21.1825416,88.9,12.97,-0.105,-0.078,0.978,0,13.853041598813013,34.0,70.86040952929581,-1.0,3.0,52.155727,21.183555,34.0
22974,2026-05-11 19:23:20.400000+00:00,52.1555997,21.1825648,89.0,14.98,-0.069,-0.114,0.971,0,15.16603149407378,34.0,69.01870279644491,-1.0,3.0,52.155727,21.183555,34.0
22979,2026-05-11 19:23:20.900000+00:00,52.1556115,21.1825918,89.0,16.66,-0.061,-0.106,0.969,0,16.282781756600816,34.0,66.95294157727376,-1.0,3.0,52.155727,21.183555,34.0
22984,2026-05-11 19:23:21.400000+00:00,52.155623,21.182622,89.0,18.15,-0.053,-0.118,0.973,0,17.458789608858375,34.0,64.69136894109981,-1.0,3.0,52.155727,21.183555,34.0
22989,2026-05-11 19:23:21.900000+00:00,52.1556324,21.1826569,89.2,19.35,-0.052,-0.136,0.969,0,18.721550985273517,34.0,62.16490687025723,-1.0,3.0,52.155727,21.183555,34.0
22994,2026-05-11 19:23:22.400000+00:00,52.1556416,21.1826973,89.2,21.52,-0.026,-0.153,0.959,0,21.16674223229997,34.0,59.2779267857338,-1.0,3.0,52.155727,21.183555,34.0
22999,2026-05-11 19:23:22.900000+00:00,52.1556502,21.1827431,89.0,24.43,-0.06,-0.139,0.969,0,23.526332127493493,34.0,56.042356018266,-1.0,3.0,52.155727,21.183555,34.0
23004,2026-05-11 19:23:23.400000+00:00,52.1556578,21.182792,88.6,25.87,-0.073,-0.118,0.963,0,24.77765042989823,34.0,52.61758853381766,-1.0,3.0,52.155727,21.183555,34.0
23009,2026-05-11 19:23:23.900000+00:00,52.1556619,21.1828438,88.6,27.3,-0.076,-0.136,0.962,0,25.654242948395755,34.0,49.05515089734057,-1.0,3.0,52.155727,21.183555,34.0
23014,2026-05-11 19:23:24.400000+00:00,52.1556703,21.1829012,88.4,29.5,-0.078,-0.111,0.978,0,28.98497542845405,34.0,45.045681181420086,-1.0,3.0,52.155727,21.183555,34.0
23019,2026-05-11 19:23:24.900000+00:00,52.1556762,21.1829606,88.6,29.74,-0.072,-0.062,0.953,0,29.55626719802428,34.0,40.9415541862855,-1.0,3.0,52.155727,21.183555,34.0
23024,2026-05-11 19:23:25.400000+00:00,52.155682,21.1830215,88.6,29.97,-0.119,-0.048,0.976,0,30.2714152440446,34.0,36.73776023505709,-1.0,3.0,52.155727,21.183555,34.0
23029,2026-05-11 19:23:25.900000+00:00,52.1556865,21.1830832,88.5,30.37,-0.143,-0.029,0.966,0,30.51948317504656,34.0,32.499746142530384,-1.0,3.0,52.155727,21.183555,34.0
23034,2026-05-11 19:23:26.400000+00:00,52.1556915,21.1831444,88.7,29.86,-0.166,0.034,0.957,0,30.325858206917875,34.0,28.287927768694622,-1.0,3.0,52.155727,21.183555,34.0
23039,2026-05-11 19:23:26.900000+00:00,52.1556973,21.1832027,88.9,27.95,-0.235,0.057,0.977,0,29.01010112115468,34.0,24.259758748181145,-1.0,3.0,52.155727,21.183555,34.0
23044,2026-05-11 19:23:27.400000+00:00,52.1557048,21.1832577,88.9,26.8,-0.19,0.039,0.927,0,27.674400502327327,34.0,20.431490339435413,-1.0,3.0,52.155727,21.183555,34.0
23049,2026-05-11 19:23:27.900000+00:00,52.1557122,21.1833097,89.1,25.71,-0.211,0.013,0.936,0,26.219687718164817,34.0,16.815100018674528,-1.0,3.0,52.155727,21.183555,34.0
23054,2026-05-11 19:23:28.400000+00:00,52.1557217,21.1833568,89.1,23.48,-0.282,0.002,0.985,0,24.352930746689708,34.0,13.534047097009177,-1.0,3.0,52.155727,21.183555,34.0
23059,2026-05-11 19:23:28.900000+00:00,52.15573,21.1833991,89.1,20.79,-0.255,-0.006,0.935,0,21.81384139650767,34.0,10.640731846440003,-1.0,3.0,52.155727,21.183555,34.0
23064,2026-05-11 19:23:29.400000+00:00,52.1557378,21.1834376,89.1,19.39,-0.216,-0.055,0.911,0,19.914987137996523,34.0,8.098563801638614,-1.0,3.0,52.155727,21.183555,34.0
23069,2026-05-11 19:23:29.900000+00:00,52.1557448,21.1834737,89.0,17.5,-0.262,-0.058,0.977,0,18.59629140075264,34.0,5.888871523742331,-1.0,3.0,52.155727,21.183555,34.0
23074,2026-05-11 19:23:30.400000+00:00,52.1557501,21.1835048,89.0,14.45,-0.306,-0.042,0.912,0,15.854193270772328,34.0,4.280877206766205,-1.0,3.0,52.155727,21.183555,34.0
23079,2026-05-11 19:23:30.900000+00:00,52.1557547,21.1835302,89.1,11.39,-0.322,-0.034,0.956,0,13.00827394833678,34.0,3.514169864648541,-1.0,3.0,52.155727,21.183555,34.0
23084,2026-05-11 19:23:31.400000+00:00,52.1557583,21.1835492,89.2,8.42,-0.313,-0.052,0.938,0,9.767412665934874,34.0,3.502820584427992,-1.0,3.0,52.155727,21.183555,34.0
23089,2026-05-11 19:23:31.900000+00:00,52.1557608,21.1835618,89.2,5.14,-0.334,-0.04,0.938,0,6.50451541982153,34.0,3.7869095280931,-1.0,3.0,52.155727,21.183555,34.0
23094,2026-05-11 19:23:32.400000+00:00,52.1557621,21.1835683,89.2,2.01,-0.316,-0.046,0.947,0,3.358054801629923,34.0,4.007018356726401,-1.0,3.0,52.155727,21.183555,34.0
23099,2026-05-11 19:23:32.900000+00:00,52.1557625,21.1835698,89.3,0.23,-0.238,-0.048,0.957,0,0.8033635364133969,34.0,4.074497395958217,-1.0,3.0,52.155727,21.183555,34.0
23104,2026-05-11 19:23:33.400000+00:00,52.1557629,21.18357,89.3,0.1,-0.126,-0.06,0.96,0,0.3349701575987516,34.0,4.120969717321498,-1.0,3.0,52.155727,21.183555,34.0
23109,2026-05-11 19:23:33.900000+00:00,52.1557631,21.1835703,89.4,0.13,-0.135,-0.058,0.964,0,0.2176055456772483,34.0,4.147618843048691,-1.0,3.0,52.155727,21.183555,34.0
23114,2026-05-11 19:23:34.400000+00:00,52.1557636,21.1835707,89.5,0.03,-0.133,-0.058,0.966,0,0.4459185158824234,34.0,4.208312487431981,-1.0,3.0,52.155727,21.183555,34.0
23119,2026-05-11 19:23:34.900000+00:00,52.1557641,21.1835712,89.6,0.1,-0.135,-0.056,0.966,0,0.4696348078968524,34.0,4.270801991606878,-1.0,3.0,52.155727,21.183555,34.0
23124,2026-05-11 19:23:35.400000+00:00,52.1557647,21.1835718,89.7,0.07,-0.137,-0.054,0.966,0,0.5635617713715001,34.0,4.345895593574663,-1.0,3.0,52.155727,21.183555,34.0
23129,2026-05-11 19:23:35.900000+00:00,52.1557652,21.1835727,89.8,0.1,-0.137,-0.056,0.966,0,0.5963751251244545,34.0,4.415941556519144,-1.0,3.0,52.155727,21.183555,34.0
23134,2026-05-11 19:23:36.400000+00:00,52.1557657,21.1835735,89.9,0.15,-0.136,-0.054,0.965,0,0.560935680440684,34.0,4.484498468859851,-1.0,3.0,52.155727,21.183555,34.0
23139,2026-05-11 19:23:36.900000+00:00,52.1557661,21.1835739,90.0,0.21,-0.137,-0.054,0.967,0,0.3757078421272037,34.0,4.534878966359303,-1.0,3.0,52.155727,21.183555,34.0
23144,2026-05-11 19:23:37.400000+00:00,52.1557666,21.1835744,90.1,0.04,-0.134,-0.056,0.966,0,0.4696348015009008,34.0,4.59791108718473,-1.0,3.0,52.155727,21.183555,34.0
23149,2026-05-11 19:23:37.900000+00:00,52.155767,21.1835748,90.2,0.05,-0.136,-0.056,0.966,0,0.3757078400498854,34.0,4.648380389577232,-1.0,3.0,52.155727,21.183555,34.0
23154,2026-05-11 19:23:38.400000+00:00,52.1557673,21.1835751,90.3,0.04,-0.136,-0.056,0.966,0,0.2817808852661062,34.0,4.686256982135695,-1.0,3.0,52.155727,21.183555,34.0
23159,2026-05-11 19:23:38.900000+00:00,52.1557675,21.1835755,90.4,0.09,-0.134,-0.056,0.964,0,0.2534570417810246,34.0,4.715547922434267,-1.0,3.0,52.155727,21.183555,34.0
23164,2026-05-11 19:23:39.400000+00:00,52.1557678,21.1835759,90.5,0.06,-0.13,-0.056,0.963,0,0.3103043095778887,34.0,4.755525991537323,-1.0,3.0,52.155727,21.183555,34.0
23169,2026-05-11 19:23:39.900000+00:00,52.1557682,21.1835762,90.7,0.05,-0.135,-0.058,0.966,0,0.3525167758439396,34.0,4.804097883121722,-1.0,3.0,52.155727,21.183555,34.0
23174,2026-05-11 19:23:40.400000+00:00,52.1557685,21.1835765,90.8,0.12,-0.135,-0.057,0.964,0,0.2817808831887878,34.0,4.842079342710346,-1.0,3.0,52.155727,21.183555,34.0
23179,2026-05-11 19:23:40.900000+00:00,52.1557686,21.1835767,90.9,0.14,-0.136,-0.055,0.967,0,0.1267285167090352,34.0,4.856818924348247,-1.0,3.0,52.155727,21.183555,34.0
23184,2026-05-11 19:23:41.400000+00:00,52.1557689,21.1835767,91.0,0.08,-0.133,-0.056,0.964,0,0.2401810414833782,34.0,4.888600623638937,-1.0,3.0,52.155727,21.183555,34.0
23189,2026-05-11 19:23:41.900000+00:00,52.1557693,21.1835772,91.1,0.46,-0.108,-0.061,0.961,0,0.4035714444379767,34.0,4.941356154606928,-1.0,3.0,52.155727,21.183555,34.0
23194,2026-05-11 19:23:42.400000+00:00,52.1557696,21.1835791,91.2,1.18,-0.094,-0.063,0.971,0,0.963660076258434,34.0,5.0141129984380814,-1.0,3.0,52.155727,21.183555,34.0
23199,2026-05-11 19:23:42.900000+00:00,52.1557701,21.1835833,91.2,2.47,-0.056,-0.063,0.97,0,2.1014502791976777,34.0,5.166757690926514,-1.0,3.0,52.155727,21.183555,34.0
23204,2026-05-11 19:23:43.400000+00:00,52.1557716,21.1835901,91.2,3.87,-0.044,-0.055,0.975,0,3.54938047749832,34.0,5.507116166987878,-1.0,3.0,52.155727,21.183555,34.0
23209,2026-05-11 19:23:43.900000+00:00,52.1557736,21.1836011,91.1,5.67,-0.032,-0.047,0.977,0,5.635290076955162,34.0,6.06139439714351,-1.0,3.0,52.155727,21.183555,34.0
23214,2026-05-11 19:23:44.400000+00:00,52.1557754,21.1836148,90.8,6.68,-0.023,-0.038,0.974,0,6.881793346498555,34.0,6.753289099838244,-1.0,3.0,52.155727,21.183555,34.0
23219,2026-05-11 19:23:44.900000+00:00,52.1557807,21.1836319,90.8,9.44,-0.027,-0.049,0.982,0,9.410205321132525,34.0,7.948369875650976,-1.0,3.0,52.155727,21.183555,34.0
23224,2026-05-11 19:23:45.400000+00:00,52.155787,21.183653,90.5,11.8,-0.02,-0.037,0.972,0,11.526138777313625,34.0,9.445009695405616,-1.0,3.0,52.155727,21.183555,34.0
23229,2026-05-11 19:23:45.900000+00:00,52.1557944,21.1836769,90.5,13.26,-0.038,-0.05,0.979,0,13.14952894480234,34.0,11.194829320506347,-1.0,3.0,52.155727,21.183555,34.0
23234,2026-05-11 19:23:46.400000+00:00,52.1558033,21.1837043,90.5,15.56,-0.04,-0.09,0.983,0,15.228266896704064,34.0,13.255954374651562,-1.0,3.0,52.155727,21.183555,34.0
23239,2026-05-11 19:23:46.900000+00:00,52.1558127,21.183735,90.6,17.43,-0.038,-0.072,0.967,0,16.85294789990504,34.0,15.543421867547272,-1.0,3.0,52.155727,21.183555,34.0
23244,2026-05-11 19:23:47.400000+00:00,52.1558215,21.1837689,90.5,18.45,-0.027,-0.074,0.952,0,18.080261916121227,34.0,17.981938071918613,-1.0,3.0,52.155727,21.183555,34.0
23249,2026-05-11 19:23:47.900000+00:00,52.1558314,21.1838076,90.5,21.66,-0.008,-0.138,0.959,0,20.595023571977546,34.0,20.77780683381969,-1.0,3.0,52.155727,21.183555,34.0
23254,2026-05-11 19:23:48.400000+00:00,52.1558411,21.1838532,90.6,23.97,-0.014,-0.123,0.984,0,23.706040862858224,34.0,23.97527529355312,-1.0,3.0,52.155727,21.183555,34.0
23259,2026-05-11 19:23:48.900000+00:00,52.1558504,21.1839023,90.8,25.59,-0.06,-0.102,1.014,0,25.240258506779774,34.0,27.379302802836456,-1.0,3.0,52.155727,21.183555,34.0
23264,2026-05-11 19:23:49.400000+00:00,52.1558595,21.1839541,91.0,27.18,-0.043,-0.064,0.915,0,26.46579409917671,34.0,30.9573441485959,-1.0,3.0,52.155727,21.183555,34.0
23269,2026-05-11 19:23:49.900000+00:00,52.1558695,21.1840085,90.9,28.58,-0.057,-0.045,0.963,0,27.89396007924709,34.0,34.759402689936536,-1.0,3.0,52.155727,21.183555,34.0
23274,2026-05-11 19:23:50.400000+00:00,52.1558792,21.184064,91.0,28.92,-0.072,0.014,0.97,0,28.34520317198985,34.0,38.62860179470018,-1.0,3.0,52.155727,21.183555,34.0
23279,2026-05-11 19:23:50.900000+00:00,52.1558902,21.1841212,91.2,29.83,-0.068,-0.002,1.015,0,29.44353291886824,34.0,42.67657725939735,-1.0,3.0,52.155727,21.183555,34.0
23284,2026-05-11 19:23:51.400000+00:00,52.1559013,21.1841819,91.2,31.44,-0.068,-0.012,0.969,0,31.11099071607502,34.0,46.95374797056488,-1.0,3.0,52.155727,21.183555,34.0
23289,2026-05-11 19:23:51.900000+00:00,52.1559125,21.1842442,91.2,32.52,-0.067,-0.018,0.965,0,31.887342488842023,34.0,51.342680738397696,-1.0,3.0,52.155727,21.183555,34.0
23294,2026-05-11 19:23:52.400000+00:00,52.1559234,21.1843088,91.2,33.56,-0.068,0.0,0.96,0,32.90849510172256,34.0,55.86922656373111,-1.0,3.0,52.155727,21.183555,34.0
23299,2026-05-11 19:23:52.900000+00:00,52.1559348,21.1843748,91.2,34.04,-0.072,-0.011,0.96,0,33.67829035626037,34.0,60.5119092494284,-1.0,3.0,52.155727,21.183555,34.0
23304,2026-05-11 19:23:53.400000+00:00,52.1559464,21.1844422,91.3,34.98,-0.079,0.005,0.973,0,34.38361211786282,34.0,65.25647206451028,-1.0,3.0,52.155727,21.183555,34.0
23309,2026-05-11 19:23:53.900000+00:00,52.1559595,21.1845118,91.3,36.21,-0.064,0.007,0.958,0,35.75885290767572,34.0,70.20612678684319,-1.0,3.0,52.155727,21.183555,34.0
23314,2026-05-11 19:23:54.400000+00:00,52.1559733,21.1845835,91.2,37.39,-0.076,-0.002,0.966,0,36.910067972145534,34.0,75.31975857625088,-1.0,3.0,52.155727,21.183555,34.0
23319,2026-05-11 19:23:54.900000+00:00,52.155987,21.1846564,91.2,38.67,-0.072,-0.007,0.968,0,37.449338910755344,,80.50741496347794,-1.0,3.0,52.155727,21.183555,34.0
23324,2026-05-11 19:23:55.400000+00:00,52.1560011,21.1847318,91.2,39.64,-0.073,-0.027,0.961,0,38.71726362524348,,85.87195361435927,-1.0,3.0,52.155727,21.183555,34.0
23329,2026-05-11 19:23:55.900000+00:00,52.1560147,21.1848095,91.3,40.13,-0.077,-0.035,0.979,0,39.68756421148056,,91.36544877912937,-1.0,3.0,52.155727,21.183555,34.0
23334,2026-05-11 19:23:56.400000+00:00,52.1560303,21.1848884,91.5,41.23,-0.073,-0.028,0.962,0,40.7169687284065,,97.01496222072107,-1.0,3.0,52.155727,21.183555,34.0
23339,2026-05-11 19:23:56.900000+00:00,52.1560451,21.1849703,91.5,42.31,-0.094,-0.026,0.975,0,41.9364440956036,,102.82654854053092,-1.0,3.0,52.155727,21.183555,34.0
23344,2026-05-11 19:23:57.400000+00:00,52.1560589,21.1850537,91.3,42.37,-0.116,-0.02,0.949,0,42.42820634707788,,108.69792666650667,-1.0,3.0,52.155727,21.183555,34.0
23349,2026-05-11 19:23:57.900000+00:00,52.1560742,21.185136,91.3,42.28,-0.155,-0.006,0.97,0,42.23926636129974,,114.55691607160156,-1.0,3.0,52.155727,21.183555,34.0
23354,2026-05-11 19:23:58.400000+00:00,52.156089,21.1852169,91.4,41.7,-0.148,-0.011,0.962,0,41.465471651111685,,120.30803542003169,-1.0,3.0,52.155727,21.183555,34.0
23359,2026-05-11 19:23:58.900000+00:00,52.1561029,21.1852981,91.4,41.19,-0.163,-0.001,0.977,0,41.407252304503785,,126.04596376145706,-1.0,3.0,52.155727,21.183555,34.0
23364,2026-05-11 19:23:59.400000+00:00,52.1561183,21.185378,91.5,41.27,-0.147,-0.008,0.949,0,41.136399197061394,,131.7562673140186,-1.0,3.0,52.155727,21.183555,34.0
23369,2026-05-11 19:23:59.900000+00:00,52.1561336,21.185456,91.6,39.9,-0.148,-0.002,0.955,0,40.22256610956251,,137.3407687144697,-1.0,3.0,52.155727,21.183555,34.0
23374,2026-05-11 19:24:00.400000+00:00,52.1561477,21.1855353,91.4,40.52,-0.142,-0.002,0.976,0,40.55336370385949,,142.96548250509406,-1.0,3.0,52.155727,21.183555,34.0
23379,2026-05-11 19:24:00.900000+00:00,52.1561605,21.1856145,91.2,40.14,-0.123,0.0,0.953,0,40.22854564405159,,148.5373563145922,-1.0,3.0,52.155727,21.183555,34.0
23384,2026-05-11 19:24:01.400000+00:00,52.1561753,21.1856939,91.1,40.95,-0.116,-0.02,0.947,0,40.75989378262015,,154.19501135466223,-1.0,3.0,52.155727,21.183555,34.0
23389,2026-05-11 19:24:01.900000+00:00,52.1561895,21.1857735,91.1,40.63,-0.13,-0.011,0.984,0,40.71715995506609,,159.84434849808574,-1.0,3.0,52.155727,21.183555,34.0
23394,2026-05-11 19:24:02.400000+00:00,52.1562052,21.185853,91.3,41.27,-0.107,-0.018,0.96,0,41.02188457126064,,165.5411169800073,-1.0,3.0,52.155727,21.183555,34.0
23399,2026-05-11 19:24:02.900000+00:00,52.1562195,21.1859335,91.2,41.17,-0.112,0.0,0.964,0,41.16399494857678,,171.252706217589,-1.0,3.0,52.155727,21.183555,34.0
23404,2026-05-11 19:24:03.400000+00:00,52.1562337,21.1860147,91.3,41.8,-0.108,-0.007,0.976,0,41.472334735180574,,177.00638664048,-1.0,3.0,52.155727,21.183555,34.0
23409,2026-05-11 19:24:03.900000+00:00,52.1562486,21.1860966,91.4,42.43,-0.109,-0.006,0.968,0,41.958958749994046,,182.8304352635681,-1.0,3.0,52.155727,21.183555,34.0
23414,2026-05-11 19:24:04.400000+00:00,52.1562633,21.1861791,91.4,42.27,-0.105,-0.017,0.939,0,42.19663652331196,,188.68650621188263,-1.0,3.0,52.155727,21.183555,34.0
23419,2026-05-11 19:24:04.900000+00:00,52.1562779,21.1862609,91.5,41.7,-0.152,-0.008,0.973,0,41.84411749316619,,187.1001285797295,-1.0,3.0,52.156702,21.188915,35.0
23424,2026-05-11 19:24:05.400000+00:00,52.1562915,21.18634,92.1,40.4,-0.143,-0.008,0.951,0,40.34904118879528,,181.4970758051473,-1.0,3.0,52.156702,21.188915,35.0
23429,2026-05-11 19:24:05.900000+00:00,52.1563059,21.186419,92.4,41.4,-0.156,-0.011,0.973,0,40.47947083369729,,175.87839156197882,-1.0,3.0,52.156702,21.188915,35.0
23434,2026-05-11 19:24:06.400000+00:00,52.1563198,21.186499,92.4,40.71,-0.147,-0.016,0.946,0,40.83964454963745,,170.20774798924867,-1.0,3.0,52.156702,21.188915,35.0
23439,2026-05-11 19:24:06.900000+00:00,52.1563352,21.1865772,92.7,40.56,-0.155,-0.006,0.969,0,40.340378240659234,,164.61473621864823,-1.0,3.0,52.156702,21.188915,35.0
23444,2026-05-11 19:24:07.400000+00:00,52.1563494,21.1866537,93.0,39.0,-0.153,-0.007,0.952,0,39.257232610587856,,159.16765487032535,-1.0,3.0,52.156702,21.188915,35.0
23449,2026-05-11 19:24:07.900000+00:00,52.1563646,21.1867307,93.1,39.42,-0.145,-0.008,0.956,0,39.73021651751385,,153.6606922184002,-1.0,3.0,52.156702,21.188915,35.0
23454,2026-05-11 19:24:08.400000+00:00,52.1563783,21.1868081,93.1,39.34,-0.126,0.002,0.971,0,39.56770409265879,,148.1685139227375,-1.0,3.0,52.156702,21.188915,35.0
23459,2026-05-11 19:24:08.900000+00:00,52.1563924,21.1868848,93.2,39.38,-0.118,0.0,0.955,0,39.3281793829712,,142.71219693256765,-1.0,3.0,52.156702,21.188915,35.0
23464,2026-05-11 19:24:09.400000+00:00,52.1564059,21.1869627,93.3,39.5,-0.117,-0.006,0.961,0,39.75987895817629,,137.1928697192529,-1.0,3.0,52.156702,21.188915,35.0
23469,2026-05-11 19:24:09.900000+00:00,52.1564205,21.187041,93.2,40.29,-0.113,-0.011,0.966,0,40.196179995203664,,131.61814282352572,-1.0,3.0,52.156702,21.188915,35.0
23474,2026-05-11 19:24:10.400000+00:00,52.1564342,21.1871194,93.1,40.03,-0.115,-0.005,0.968,0,40.039817666492254,,126.06110618367656,-1.0,3.0,52.156702,21.188915,35.0
23479,2026-05-11 19:24:10.900000+00:00,52.1564479,21.1871985,92.9,40.2,-0.117,-0.013,0.961,0,40.370587781025925,,120.45802358046994,-1.0,3.0,52.156702,21.188915,35.0
23484,2026-05-11 19:24:11.400000+00:00,52.1564615,21.1872757,93.1,39.68,-0.145,-0.003,0.958,0,39.451088575267775,,114.98397364729983,-1.0,3.0,52.156702,21.188915,35.0
23489,2026-05-11 19:24:11.900000+00:00,52.1564765,21.1873527,93.3,38.98,-0.148,-0.013,0.958,0,39.68137437585956,,109.48797121894756,-1.0,3.0,52.156702,21.188915,35.0
23494,2026-05-11 19:24:12.400000+00:00,52.1564903,21.1874296,93.3,40.36,-0.147,-0.009,0.957,0,39.354108682278586,,104.03035074695208,-1.0,3.0,52.156702,21.188915,35.0
23499,2026-05-11 19:24:12.900000+00:00,52.1565024,21.1875065,93.4,38.81,-0.149,-0.01,0.969,0,38.99388812013719,,98.61601708688512,-1.0,3.0,52.156702,21.188915,35.0
23504,2026-05-11 19:24:13.400000+00:00,52.1565157,21.1875817,93.4,38.53,-0.172,-0.011,0.962,0,38.440580629569936,,93.2851706426814,-1.0,3.0,52.156702,21.188915,35.0
23509,2026-05-11 19:24:13.900000+00:00,52.1565278,21.1876549,93.5,36.62,-0.217,0.003,0.957,0,37.23623025272519,,88.11768724258403,-1.0,3.0,52.156702,21.188915,35.0
23514,2026-05-11 19:24:14.400000+00:00,52.1565395,21.1877248,93.5,35.46,-0.204,0.001,0.947,0,35.58802013228679,,83.1801386867692,-1.0,3.0,52.156702,21.188915,35.0
23519,2026-05-11 19:24:14.900000+00:00,52.1565505,21.1877916,93.6,33.74,-0.215,-0.009,0.96,0,33.971838747608714,35.0,78.46650422704127,-1.0,3.0,52.156702,21.188915,35.0
23524,2026-05-11 19:24:15.400000+00:00,52.1565617,21.1878552,93.7,32.2,-0.227,-0.006,0.944,0,32.50017173077635,35.0,73.96213528754791,-1.0,3.0,52.156702,21.188915,35.0
23529,2026-05-11 19:24:15.900000+00:00,52.1565724,21.1879161,93.8,31.1,-0.224,-0.019,0.951,0,31.115028164054365,35.0,69.65071325997972,-1.0,3.0,52.156702,21.188915,35.0
23534,2026-05-11 19:24:16.400000+00:00,52.156582,21.1879735,93.8,28.75,-0.23,-0.012,0.958,0,29.22227104540824,35.0,65.59924348243435,-1.0,3.0,52.156702,21.188915,35.0
23539,2026-05-11 19:24:16.900000+00:00,52.1565908,21.1880273,93.8,26.77,-0.232,-0.001,0.943,0,27.34826397090941,35.0,61.8071279987548,-1.0,3.0,52.156702,21.188915,35.0
23544,2026-05-11 19:24:17.400000+00:00,52.1565993,21.1880776,94.0,25.52,-0.22,-0.007,0.949,0,25.62616458456518,35.0,58.25650212118586,-1.0,3.0,52.156702,21.188915,35.0
23549,2026-05-11 19:24:17.900000+00:00,52.1566089,21.1881242,94.0,23.4,-0.24,-0.012,0.953,0,24.144677940725444,35.0,54.9315673634664,-1.0,3.0,52.156702,21.188915,35.0
23554,2026-05-11 19:24:18.400000+00:00,52.1566167,21.1881678,94.1,22.08,-0.216,-0.022,0.962,0,22.307114168311276,35.0,51.847892969595286,-1.0,3.0,52.156702,21.188915,35.0
23559,2026-05-11 19:24:18.900000+00:00,52.156624,21.1882082,94.0,19.99,-0.215,-0.014,0.947,0,20.686210323599514,35.0,48.990753691673824,-1.0,3.0,52.156702,21.188915,35.0
23564,2026-05-11 19:24:19.400000+00:00,52.1566308,21.1882459,94.2,18.57,-0.204,-0.006,0.958,0,19.300972087747827,35.0,46.32657193061577,-1.0,3.0,52.156702,21.188915,35.0
23569,2026-05-11 19:24:19.900000+00:00,52.1566366,21.1882815,94.3,18.01,-0.168,-0.013,0.955,0,18.09185794474008,35.0,43.82405211534225,-1.0,3.0,52.156702,21.188915,35.0
23574,2026-05-11 19:24:20.400000+00:00,52.1566422,21.1883145,94.4,16.25,-0.202,-0.008,0.95,0,16.817375958745423,35.0,41.50141498729805,-1.0,3.0,52.156702,21.188915,35.0
23579,2026-05-11 19:24:20.900000+00:00,52.1566466,21.1883461,94.5,15.67,-0.2,0.001,1.076,0,15.915830386537392,35.0,39.29540643915778,-1.0,3.0,52.156702,21.188915,35.0
23584,2026-05-11 19:24:21.400000+00:00,52.1566499,21.1883763,94.3,14.95,-0.101,-0.025,0.845,0,15.06690140426417,35.0,37.2031736105084,-1.0,3.0,52.156702,21.188915,35.0
23589,2026-05-11 19:24:21.900000+00:00,52.1566551,21.1884049,94.5,15.19,-0.13,-0.013,0.96,0,14.651487958045903,35.0,35.18689723902582,-1.0,3.0,52.156702,21.188915,35.0
23594,2026-05-11 19:24:22.400000+00:00,52.1566596,21.1884342,94.4,15.47,-0.089,-0.022,0.828,0,14.835492377925387,35.0,33.13660088412023,-1.0,3.0,52.156702,21.188915,35.0
23599,2026-05-11 19:24:22.900000+00:00,52.1566625,21.1884635,94.3,14.5,-0.191,-0.006,1.137,0,14.577474512032447,35.0,31.112270005028577,-1.0,3.0,52.156702,21.188915,35.0
23604,2026-05-11 19:24:23.400000+00:00,52.1566682,21.1884939,94.1,15.49,-0.089,-0.038,0.926,0,15.613461617990833,35.0,28.971650033445872,-1.0,3.0,52.156702,21.188915,35.0
23609,2026-05-11 19:24:23.900000+00:00,52.1566728,21.1885246,94.2,15.39,-0.134,-0.011,1.014,0,15.522246343507202,35.0,26.829715073864342,-1.0,3.0,52.156702,21.188915,35.0
23614,2026-05-11 19:24:24.400000+00:00,52.1566791,21.1885583,94.2,17.75,0.013,-0.053,0.86,0,17.303958701897436,35.0,24.466424704597664,-1.0,3.0,52.156702,21.188915,35.0
23619,2026-05-11 19:24:24.900000+00:00,52.1566848,21.1885945,94.2,18.57,-0.087,-0.005,1.061,0,18.35676080168129,35.0,21.94753423678729,-1.0,3.0,52.156702,21.188915,35.0
23624,2026-05-11 19:24:25.400000+00:00,52.1566916,21.1886342,94.1,21.58,0.019,-0.045,0.914,0,20.245303569676185,35.0,19.190640698535795,-1.0,3.0,52.156702,21.188915,35.0
23629,2026-05-11 19:24:25.900000+00:00,52.1566988,21.1886771,94.2,22.31,-0.047,-0.024,1.024,0,21.845575722105124,35.0,16.23308946111825,-1.0,3.0,52.156702,21.188915,35.0
23634,2026-05-11 19:24:26.400000+00:00,52.1567073,21.1887241,94.2,24.08,-0.04,-0.024,0.958,0,24.067279900055787,35.0,13.036244771412385,-1.0,3.0,52.156702,21.188915,35.0
23639,2026-05-11 19:24:26.900000+00:00,52.1567169,21.1887733,94.3,25.79,-0.051,-0.017,0.973,0,25.35850519812592,35.0,9.80752089458908,-1.0,3.0,52.156702,21.188915,35.0
23644,2026-05-11 19:24:27.400000+00:00,52.1567261,21.1888246,94.4,26.89,-0.048,-0.019,0.975,0,26.251657573528835,35.0,6.724033931213072,-1.0,3.0,52.156702,21.188915,35.0
23649,2026-05-11 19:24:27.900000+00:00,52.1567358,21.1888793,94.4,28.64,-0.04,-0.02,0.969,0,27.96700290679552,35.0,4.478466321189583,-1.0,3.0,52.156702,21.188915,35.0
23654,2026-05-11 19:24:28.400000+00:00,52.1567463,21.1889373,94.4,30.23,-0.042,-0.026,0.972,0,29.702433571192437,35.0,5.155493001677272,-1.0,3.0,52.156702,21.188915,35.0
23659,2026-05-11 19:24:28.900000+00:00,52.1567566,21.1889981,94.4,31.29,-0.045,-0.012,0.977,0,30.980920392841817,35.0,8.306446844603137,-1.0,3.0,52.156702,21.188915,35.0
23664,2026-05-11 19:24:29.400000+00:00,52.1567691,21.1890619,94.5,34.1,-0.033,-0.021,0.963,0,32.89600772942975,35.0,12.493820416564212,-1.0,3.0,52.156702,21.188915,35.0
23669,2026-05-11 19:24:29.900000+00:00,52.1567822,21.1891271,94.7,34.68,-0.039,-0.008,0.977,0,33.698098511331764,35.0,16.99657869441341,-1.0,3.0,52.156702,21.188915,35.0
23674,2026-05-11 19:24:30.400000+00:00,52.1567952,21.1891969,94.7,35.61,-0.063,0.001,0.979,0,35.828826610795566,35.0,21.845421216712623,-1.0,3.0,52.156702,21.188915,35.0
23679,2026-05-11 19:24:30.900000+00:00,52.1568089,21.1892684,94.8,36.95,-0.063,-0.002,0.96,0,36.79177200310831,35.0,26.879536576019035,-1.0,3.0,52.156702,21.188915,35.0
23684,2026-05-11 19:24:31.400000+00:00,52.1568232,21.189341,95.0,37.74,-0.079,-0.021,0.971,0,37.451869000705,35.0,32.03388399819072,-1.0,3.0,52.156702,21.188915,35.0
23689,2026-05-11 19:24:31.900000+00:00,52.1568355,21.1894158,94.9,38.39,-0.073,-0.024,0.968,0,38.03649406172372,35.0,37.24948800126549,-1.0,3.0,52.156702,21.188915,35.0
23694,2026-05-11 19:24:32.400000+00:00,52.1568482,21.1894925,94.9,39.33,-0.092,-0.004,0.966,0,39.02086034310419,35.0,42.61849209001313,-1.0,3.0,52.156702,21.188915,35.0
23699,2026-05-11 19:24:32.900000+00:00,52.1568588,21.1895674,95.1,37.83,-0.152,0.011,0.967,0,37.75489531871745,35.0,47.79904304503146,-1.0,3.0,52.156702,21.188915,35.0
23704,2026-05-11 19:24:33.400000+00:00,52.1568721,21.1896434,94.9,38.43,-0.146,0.007,0.947,0,38.818010503509406,35.0,53.16834944242856,-1.0,3.0,52.156702,21.188915,35.0
23709,2026-05-11 19:24:33.900000+00:00,52.156886,21.1897177,94.9,37.75,-0.15,0.01,0.964,0,38.15306034300819,35.0,58.45633832938881,-1.0,3.0,52.156702,21.188915,35.0
23714,2026-05-11 19:24:34.400000+00:00,52.1568994,21.1897911,95.0,37.53,-0.153,-0.004,0.961,0,37.61431571490676,35.0,63.66935381553706,-1.0,3.0,52.156702,21.188915,35.0
23719,2026-05-11 19:24:34.900000+00:00,52.1569133,21.1898633,95.0,36.96,-0.152,-0.006,0.973,0,37.16764840742675,35.0,68.82605265191816,-1.0,3.0,52.156702,21.188915,35.0
23724,2026-05-11 19:24:35.400000+00:00,52.1569254,21.1899355,95.0,36.72,-0.129,0.001,0.948,0,36.76188445331522,35.0,73.91601030187128,-1.0,3.0,52.156702,21.188915,35.0
23729,2026-05-11 19:24:35.900000+00:00,52.1569379,21.1900074,94.9,36.04,-0.127,0.001,0.971,0,36.705767537825935,35.0,79.00346149570616,-1.0,3.0,52.156702,21.188915,35.0
23734,2026-05-11 19:24:36.400000+00:00,52.1569527,21.1900783,95.1,36.74,-0.115,-0.003,0.978,0,36.784623710639735,,84.1121737913685,-1.0,3.0,52.156702,21.188915,35.0
23739,2026-05-11 19:24:36.900000+00:00,52.1569657,21.1901511,95.0,37.18,-0.107,0.006,0.953,0,37.24113237581505,,89.27730296803774,-1.0,3.0,52.156702,21.188915,35.0
23744,2026-05-11 19:24:37.400000+00:00,52.1569801,21.1902233,95.0,37.33,-0.117,0.004,0.972,0,37.28940862042866,,94.45537664124102,-1.0,3.0,52.156702,21.188915,35.0
23749,2026-05-11 19:24:37.900000+00:00,52.1569948,21.1902947,95.2,37.13,-0.127,-0.008,0.965,0,36.9916234818618,,99.5928705897671,-1.0,3.0,52.156702,21.188915,35.0
23754,2026-05-11 19:24:38.400000+00:00,52.1570099,21.1903673,95.2,37.41,-0.127,-0.008,0.952,0,37.652454984819926,,103.1909620163863,-1.0,3.0,52.15726,21.191824,36.0
23759,2026-05-11 19:24:38.900000+00:00,52.1570246,21.19044,95.3,37.38,-0.125,-0.007,0.979,0,37.59749371375696,,97.97477811373868,-1.0,3.0,52.15726,21.191824,36.0
23764,2026-05-11 19:24:39.400000+00:00,52.1570397,21.1905138,95.1,37.76,-0.118,-0.002,0.943,0,38.211098777170456,,92.67510575782278,-1.0,3.0,52.15726,21.191824,36.0
23769,2026-05-11 19:24:39.900000+00:00,52.1570541,21.1905883,94.7,37.31,-0.125,-0.001,0.959,0,38.36528594400823,,87.3506116598028,-1.0,3.0,52.15726,21.191824,36.0
23774,2026-05-11 19:24:40.400000+00:00,52.1570698,21.1906613,94.6,37.67,-0.131,-0.008,0.971,0,37.994726762430126,,82.08810137081028,-1.0,3.0,52.15726,21.191824,36.0
23779,2026-05-11 19:24:40.900000+00:00,52.1570859,21.1907345,94.5,37.76,-0.126,-0.007,0.972,0,38.194312403154974,36.0,76.80316253309255,-1.0,3.0,52.15726,21.191824,36.0
23784,2026-05-11 19:24:41.400000+00:00,52.1571014,21.1908079,94.3,37.71,-0.122,-0.002,0.97,0,38.12774885794541,36.0,71.52435760138738,-1.0,3.0,52.15726,21.191824,36.0
23789,2026-05-11 19:24:41.900000+00:00,52.157117,21.1908831,94.0,37.94,-0.104,-0.012,0.964,0,38.99033797491423,36.0,66.12635735022327,-1.0,3.0,52.15726,21.191824,36.0
23794,2026-05-11 19:24:42.400000+00:00,52.157133,21.1909584,93.9,38.61,-0.1,-0.012,0.96,0,39.14049130634599,36.0,60.71444957794912,-1.0,3.0,52.15726,21.191824,36.0
23799,2026-05-11 19:24:42.900000+00:00,52.1571494,21.1910337,93.8,39.15,-0.105,-0.021,0.96,0,39.24645184306738,36.0,55.297395945717874,-1.0,3.0,52.15726,21.191824,36.0
23804,2026-05-11 19:24:43.400000+00:00,52.1571652,21.1911102,93.6,39.82,-0.102,-0.021,0.971,0,39.64650016535887,36.0,49.8217579644414,-1.0,3.0,52.15726,21.191824,36.0
23809,2026-05-11 19:24:43.900000+00:00,52.157181,21.191187,93.5,39.85,-0.103,-0.033,0.968,0,39.78616452039696,36.0,44.33369463660237,-1.0,3.0,52.15726,21.191824,36.0
23814,2026-05-11 19:24:44.400000+00:00,52.1571969,21.1912657,93.5,40.41,-0.092,-0.028,0.957,0,40.69700091113694,36.0,38.72686260610516,-1.0,3.0,52.15726,21.191824,36.0
23819,2026-05-11 19:24:44.900000+00:00,52.157213,21.191345,93.4,40.85,-0.108,-0.034,0.973,0,41.02702890141063,36.0,33.09157466898903,-1.0,3.0,52.15726,21.191824,36.0
23824,2026-05-11 19:24:45.400000+00:00,52.1572288,21.1914259,93.2,41.31,-0.109,-0.02,0.989,0,41.70033657154552,36.0,27.37816465779032,-1.0,3.0,52.15726,21.191824,36.0
23829,2026-05-11 19:24:45.900000+00:00,52.1572449,21.1915065,93.1,41.2,-0.108,-0.02,0.957,0,41.63367190225299,36.0,21.72409925485369,-1.0,3.0,52.15726,21.191824,36.0
23834,2026-05-11 19:24:46.400000+00:00,52.1572614,21.1915881,93.2,41.68,-0.099,-0.023,0.933,0,42.2001147092052,36.0,16.093302530472336,-1.0,3.0,52.15726,21.191824,36.0
23839,2026-05-11 19:24:46.900000+00:00,52.1572774,21.1916711,93.1,42.27,-0.107,-0.019,0.975,0,42.73201788529787,36.0,10.60840921225897,-1.0,3.0,52.15726,21.191824,36.0
23844,2026-05-11 19:24:47.400000+00:00,52.1572934,21.1917547,93.1,42.95,-0.096,-0.023,0.961,0,43.0132422541005,36.0,6.01184072735197,-1.0,3.0,52.15726,21.191824,36.0
23849,2026-05-11 19:24:47.900000+00:00,52.1573105,21.1918385,93.1,43.63,-0.104,-0.015,0.981,0,43.37686251330329,36.0,5.7017992804080295,-1.0,3.0,52.15726,21.191824,36.0
23854,2026-05-11 19:24:48.400000+00:00,52.1573287,21.191923,93.0,44.13,-0.088,-0.015,0.953,0,43.98705031925251,36.0,10.196376069529451,-1.0,3.0,52.15726,21.191824,36.0
23859,2026-05-11 19:24:48.900000+00:00,52.1573468,21.1920092,93.0,44.93,-0.104,-0.032,0.967,0,44.74973977246843,36.0,15.898778406208525,-1.0,3.0,52.15726,21.191824,36.0
23864,2026-05-11 19:24:49.400000+00:00,52.1573637,21.1920967,92.9,45.32,-0.094,-0.022,0.972,0,45.05654887656997,36.0,21.886783729579264,-1.0,3.0,52.15726,21.191824,36.0
23869,2026-05-11 19:24:49.900000+00:00,52.1573818,21.1921852,92.9,46.25,-0.091,-0.015,0.967,0,45.81998110472404,36.0,28.117015183614683,-1.0,3.0,52.15726,21.191824,36.0
23874,2026-05-11 19:24:50.400000+00:00,52.1574003,21.1922748,93.0,46.23,-0.093,-0.012,0.968,0,46.43398476746008,36.0,34.48326045602477,-1.0,3.0,52.15726,21.191824,36.0
23879,2026-05-11 19:24:50.900000+00:00,52.1574188,21.192365,93.1,46.84,-0.092,-0.015,0.963,0,46.71336744714037,36.0,40.91242798587022,-1.0,3.0,52.15726,21.191824,36.0
23884,2026-05-11 19:24:51.400000+00:00,52.1574367,21.1924554,93.2,46.41,-0.09,-0.013,0.968,0,46.656747759652426,36.0,47.34231265148068,-1.0,3.0,52.15726,21.191824,36.0
23889,2026-05-11 19:24:51.900000+00:00,52.1574537,21.1925468,93.2,46.86,-0.14,-0.018,0.967,0,46.91029582355153,36.0,53.806574275001296,-1.0,3.0,52.15726,21.191824,36.0
23894,2026-05-11 19:24:52.400000+00:00,52.1574724,21.192637,93.1,46.82,-0.151,0.001,0.952,0,46.76433220696916,36.0,60.28022229839409,-1.0,3.0,52.15726,21.191824,36.0
23899,2026-05-11 19:24:52.900000+00:00,52.1574911,21.1927268,93.1,46.71,-0.13,0.0,0.96,0,46.57823128395638,36.0,66.73284191346544,-1.0,3.0,52.15726,21.191824,36.0
23904,2026-05-11 19:24:53.400000+00:00,52.1575108,21.1928165,93.1,47.39,-0.116,-0.021,0.952,0,46.79543499702269,36.0,73.22435148059627,-1.0,3.0,52.15726,21.191824,36.0
23909,2026-05-11 19:24:53.900000+00:00,52.1575306,21.1929066,93.1,46.9,-0.123,-0.035,0.995,0,47.00737162931119,36.0,79.7466047372083,-1.0,3.0,52.15726,21.191824,36.0
23914,2026-05-11 19:24:54.400000+00:00,52.1575483,21.1929981,92.9,47.28,-0.108,-0.018,0.967,0,47.12269838155324,,86.27137586673705,-1.0,3.0,52.15726,21.191824,36.0
23919,2026-05-11 19:24:54.900000+00:00,52.1575677,21.1930899,92.9,47.67,-0.116,-0.012,0.959,0,47.68897818711379,,92.88747001441232,-1.0,3.0,52.15726,21.191824,36.0
23924,2026-05-11 19:24:55.400000+00:00,52.157587,21.1931815,92.9,47.71,-0.107,-0.017,0.945,0,47.570028209653,,99.48777965290908,-1.0,3.0,52.15726,21.191824,36.0
23929,2026-05-11 19:24:55.900000+00:00,52.1576046,21.1932721,93.1,47.51,-0.131,-0.017,0.977,0,46.67701667458268,,105.95684616010632,-1.0,3.0,52.15726,21.191824,36.0
23934,2026-05-11 19:24:56.400000+00:00,52.157624,21.193364,92.9,47.56,-0.121,-0.018,0.956,0,47.73536532723056,,112.58210852528488,-1.0,3.0,52.15726,21.191824,36.0
23939,2026-05-11 19:24:56.900000+00:00,52.1576438,21.1934562,92.8,47.78,-0.12,-0.019,0.968,0,47.97955197403434,,119.2429083794626,-1.0,3.0,52.15726,21.191824,36.0
23944,2026-05-11 19:24:57.400000+00:00,52.1576623,21.1935482,93.0,47.04,-0.113,-0.015,0.982,0,47.55244084671713,,125.83982202920414,-1.0,3.0,52.15726,21.191824,36.0
23949,2026-05-11 19:24:57.900000+00:00,52.1576809,21.1936404,93.3,47.88,-0.097,-0.023,0.926,0,47.67072712199057,,132.45418252659536,-1.0,3.0,52.15726,21.191824,36.0
23954,2026-05-11 19:24:58.400000+00:00,52.1576995,21.1937329,93.3,47.69,-0.124,-0.017,0.981,0,47.81070646897898,,139.08832670531066,-1.0,3.0,52.15726,21.191824,36.0
23959,2026-05-11 19:24:58.900000+00:00,52.1577191,21.1938254,93.3,47.87,-0.111,-0.028,0.95,0,48.06606682590503,,145.76194110378668,-1.0,3.0,52.15726,21.191824,36.0
23964,2026-05-11 19:24:59.400000+00:00,52.1577383,21.1939187,93.5,47.74,-0.116,-0.017,0.966,0,48.33482319752849,,152.47136821511944,-1.0,3.0,52.15726,21.191824,36.0
23969,2026-05-11 19:24:59.900000+00:00,52.1577578,21.1940121,93.5,48.3,-0.11,-0.02,0.969,0,48.45821780491292,,159.19910022994452,-1.0,3.0,52.15726,21.191824,36.0
23974,2026-05-11 19:25:00.400000+00:00,52.1577776,21.1941062,93.6,48.7,-0.105,-0.02,0.962,0,48.86119855932175,,165.9833941112648,-1.0,3.0,52.15726,21.191824,36.0
23979,2026-05-11 19:25:00.900000+00:00,52.1577976,21.1941992,93.7,48.59,-0.125,-0.035,0.951,0,48.40317539193638,,172.70513163589644,-1.0,3.0,52.15726,21.191824,36.0
23984,2026-05-11 19:25:01.400000+00:00,52.1578172,21.1942928,93.8,48.41,-0.132,-0.024,0.968,0,48.576967681455095,,179.44998465033598,-1.0,3.0,52.15726,21.191824,36.0
23989,2026-05-11 19:25:01.900000+00:00,52.1578365,21.1943867,93.7,48.36,-0.136,-0.019,0.954,0,48.639588524545246,,186.2027028332606,-1.0,3.0,52.15726,21.191824,36.0
23994,2026-05-11 19:25:02.400000+00:00,52.1578559,21.1944791,93.6,47.54,-0.141,-0.008,0.967,0,47.96742687509692,,192.86333081750237,-1.0,3.0,52.15726,21.191824,36.0
23999,2026-05-11 19:25:02.900000+00:00,52.1578756,21.1945717,93.6,47.65,-0.125,-0.017,0.96,0,48.13851466783632,,199.54831380830151,-1.0,3.0,52.15726,21.191824,36.0
24004,2026-05-11 19:25:03.400000+00:00,52.1578944,21.1946647,93.6,48.07,-0.114,-0.021,0.964,0,48.09381335767379,,206.224738641764,-1.0,3.0,52.15726,21.191824,36.0
24009,2026-05-11 19:25:03.900000+00:00,52.1579137,21.1947574,93.6,48.15,-0.121,-0.024,0.97,0,48.08101613032334,,212.9011036420432,-1.0,3.0,52.15726,21.191824,36.0
24014,2026-05-11 19:25:04.400000+00:00,52.1579331,21.1948505,93.7,48.43,-0.118,-0.009,0.969,0,48.2927702983865,,208.6955554244627,-1.0,3.0,52.158472,21.197781,37.0
24019,2026-05-11 19:25:04.900000+00:00,52.1579527,21.1949435,93.7,48.53,-0.112,-0.015,0.939,0,48.29803234081742,,201.9929431243732,-1.0,3.0,52.158472,21.197781,37.0
24024,2026-05-11 19:25:05.400000+00:00,52.1579721,21.1950376,93.8,48.65,-0.13,-0.022,0.983,0,48.758052576012766,,195.2251039496299,-1.0,3.0,52.158472,21.197781,37.0
24029,2026-05-11 19:25:05.900000+00:00,52.1579916,21.1951316,93.9,48.91,-0.11,-0.02,0.954,0,48.73706500456628,,188.46095274162545,-1.0,3.0,52.158472,21.197781,37.0
24034,2026-05-11 19:25:06.400000+00:00,52.158011,21.195226,93.8,48.9,-0.129,-0.007,0.972,0,48.89770878214976,,181.6741274258644,-1.0,3.0,52.158472,21.197781,37.0
24039,2026-05-11 19:25:06.900000+00:00,52.1580311,21.1953208,93.7,49.18,-0.112,-0.003,0.958,0,49.26422173346539,,174.83962471046658,-1.0,3.0,52.158472,21.197781,37.0
24044,2026-05-11 19:25:07.400000+00:00,52.1580511,21.1954153,93.7,49.09,-0.13,-0.011,0.97,0,49.09879303241899,,168.02850841785173,-1.0,3.0,52.158472,21.197781,37.0
24049,2026-05-11 19:25:07.900000+00:00,52.1580705,21.1955099,93.8,48.86,-0.139,-0.018,0.971,0,48.99080444723449,,161.22999193065365,-1.0,3.0,52.158472,21.197781,37.0
24054,2026-05-11 19:25:08.400000+00:00,52.1580897,21.1956047,93.8,48.77,-0.128,-0.007,0.948,0,49.03352756941216,,154.42499013207248,-1.0,3.0,52.158472,21.197781,37.0
24059,2026-05-11 19:25:08.900000+00:00,52.1581087,21.1956991,93.8,48.34,-0.143,0.0,0.96,0,48.79683627915228,,147.6528014019992,-1.0,3.0,52.158472,21.197781,37.0
24064,2026-05-11 19:25:09.400000+00:00,52.1581284,21.1957924,93.8,48.18,-0.154,-0.008,0.963,0,48.46323488638813,,140.9322039865594,-1.0,3.0,52.158472,21.197781,37.0
24069,2026-05-11 19:25:09.900000+00:00,52.1581474,21.1958848,93.9,47.7,-0.144,-0.012,0.946,0,47.86441067023101,,134.2926966712417,-1.0,3.0,52.158472,21.197781,37.0
24074,2026-05-11 19:25:10.400000+00:00,52.1581671,21.1959763,93.8,47.33,-0.164,0.001,0.966,0,47.62811026195092,,127.69255035734714,-1.0,3.0,52.158472,21.197781,37.0
24079,2026-05-11 19:25:10.900000+00:00,52.1581864,21.1960665,93.8,46.88,-0.143,-0.002,0.948,0,46.91965310103309,,121.19126604195031,-1.0,3.0,52.158472,21.197781,37.0
24084,2026-05-11 19:25:11.400000+00:00,52.1582052,21.196156,93.8,46.48,-0.159,-0.02,0.957,0,46.46393007069763,,114.75221995322072,-1.0,3.0,52.158472,21.197781,37.0
24089,2026-05-11 19:25:11.900000+00:00,52.1582234,21.1962446,93.9,46.0,-0.147,-0.012,0.954,0,45.891156003014,,108.3912451533311,-1.0,3.0,52.158472,21.197781,37.0
24094,2026-05-11 19:25:12.400000+00:00,52.1582412,21.1963329,93.8,45.68,-0.152,-0.006,0.977,0,45.65045925626566,,102.06285517083396,-1.0,3.0,52.158472,21.197781,37.0
24099,2026-05-11 19:25:12.900000+00:00,52.1582593,21.1964202,93.8,45.51,-0.138,-0.005,0.954,0,45.26041679654615,,95.79390473759877,-1.0,3.0,52.158472,21.197781,37.0
24104,2026-05-11 19:25:13.400000+00:00,52.1582765,21.1965065,93.9,44.72,-0.153,-0.017,0.97,0,44.56750047248752,,89.61779056448853,-1.0,3.0,52.158472,21.197781,37.0
24109,2026-05-11 19:25:13.900000+00:00,52.1582941,21.1965925,94.0,44.65,-0.148,-0.029,0.951,0,44.527671675476384,,83.45305108200587,-1.0,3.0,52.158472,21.197781,37.0
24114,2026-05-11 19:25:14.400000+00:00,52.1583113,21.1966782,94.1,44.36,-0.163,-0.03,0.97,0,44.28728871456314,37.0,77.3216359974364,-1.0,3.0,52.158472,21.197781,37.0
24119,2026-05-11 19:25:14.900000+00:00,52.1583279,21.1967634,94.1,43.61,-0.153,-0.017,0.968,0,43.90615422909964,37.0,71.24182173221486,-1.0,3.0,52.158472,21.197781,37.0
24124,2026-05-11 19:25:15.400000+00:00,52.1583452,21.196848,94.0,43.55,-0.149,-0.013,0.956,0,43.79934115683136,37.0,65.1884930557441,-1.0,3.0,52.158472,21.197781,37.0
24129,2026-05-11 19:25:15.900000+00:00,52.1583608,21.1969318,94.2,42.55,-0.148,-0.023,0.954,0,43.01200782170418,37.0,59.23388307527684,-1.0,3.0,52.158472,21.197781,37.0
24134,2026-05-11 19:25:16.400000+00:00,52.1583777,21.197014,94.3,42.35,-0.156,-0.01,0.965,0,42.5798172313754,37.0,53.3619540170648,-1.0,3.0,52.158472,21.197781,37.0
24139,2026-05-11 19:25:16.900000+00:00,52.1583949,21.1970947,94.5,41.77,-0.148,0.006,0.949,0,41.96011636291374,37.0,47.59504750855078,-1.0,3.0,52.158472,21.197781,37.0
24144,2026-05-11 19:25:17.400000+00:00,52.1584123,21.1971744,94.5,41.14,-0.156,0.012,0.96,0,41.54987211649552,37.0,41.90883781524124,-1.0,3.0,52.158472,21.197781,37.0
24149,2026-05-11 19:25:17.900000+00:00,52.1584297,21.1972533,94.5,40.91,-0.149,-0.034,0.959,0,41.17988670794152,37.0,36.30349409275516,-1.0,3.0,52.158472,21.197781,37.0
24154,2026-05-11 19:25:18.400000+00:00,52.158446,21.1973324,94.5,40.65,-0.141,-0.039,0.969,0,40.983463412847065,37.0,30.737887745683647,-1.0,3.0,52.158472,21.197781,37.0
24159,2026-05-11 19:25:18.900000+00:00,52.158461,21.1974118,94.5,40.96,-0.122,-0.036,0.959,0,40.80481475333344,37.0,25.214967430493296,-1.0,3.0,52.158472,21.197781,37.0
24164,2026-05-11 19:25:19.400000+00:00,52.1584762,21.1974913,94.8,41.23,-0.119,-0.016,0.975,0,40.89910131921081,37.0,19.76763930257402,-1.0,3.0,52.158472,21.197781,37.0
24169,2026-05-11 19:25:19.900000+00:00,52.1584908,21.197571,95.0,41.55,-0.098,-0.008,0.94,0,40.85285577290216,37.0,14.477044057335538,-1.0,3.0,52.158472,21.197781,37.0
24174,2026-05-11 19:25:20.400000+00:00,52.1585069,21.1976518,95.2,41.57,-0.108,-0.003,0.966,0,41.72601985637479,37.0,9.630020297285032,-1.0,3.0,52.158472,21.197781,37.0
24179,2026-05-11 19:25:20.900000+00:00,52.158524,21.1977331,95.3,42.34,-0.101,-0.006,0.977,0,42.212456153331466,37.0,6.641527622067618,-1.0,3.0,52.158472,21.197781,37.0
24184,2026-05-11 19:25:21.400000+00:00,52.1585407,21.197816,95.3,42.63,-0.091,-0.005,0.974,0,42.85557983187096,37.0,8.003506857944206,-1.0,3.0,52.158472,21.197781,37.0
24189,2026-05-11 19:25:21.900000+00:00,52.1585588,21.1979003,95.3,43.46,-0.105,-0.01,0.992,0,43.86678367627375,37.0,12.624777317030986,-1.0,3.0,52.158472,21.197781,37.0
24194,2026-05-11 19:25:22.400000+00:00,52.1585767,21.1979857,95.4,44.49,-0.074,-0.013,0.901,0,44.32503785090985,37.0,18.18035583318,-1.0,3.0,52.158472,21.197781,37.0
24199,2026-05-11 19:25:22.900000+00:00,52.1585948,21.1980726,95.4,44.49,-0.116,0.005,1.009,0,45.07403512605077,37.0,24.127407301156676,-1.0,3.0,52.158472,21.197781,37.0
24204,2026-05-11 19:25:23.400000+00:00,52.1586132,21.1981609,95.4,45.76,-0.078,-0.017,0.97,0,45.80234487416143,37.0,30.300291131136174,-1.0,3.0,52.158472,21.197781,37.0
24209,2026-05-11 19:25:23.900000+00:00,52.1586316,21.1982504,95.4,46.39,-0.09,-0.017,0.961,0,46.36078282592704,37.0,36.60949074460716,-1.0,3.0,52.158472,21.197781,37.0
24214,2026-05-11 19:25:24.400000+00:00,52.1586502,21.1983409,95.4,47.03,-0.088,-0.017,0.958,0,46.87734189595201,37.0,43.02801766468778,-1.0,3.0,52.158472,21.197781,37.0
24219,2026-05-11 19:25:24.900000+00:00,52.1586685,21.198433,95.4,47.76,-0.09,-0.014,0.98,0,47.54856300273772,37.0,49.55384180761117,-1.0,3.0,52.158472,21.197781,37.0
24224,2026-05-11 19:25:25.400000+00:00,52.1586862,21.1985269,95.4,47.95,-0.079,-0.037,0.974,0,48.24710461043363,37.0,56.18076721423873,-1.0,3.0,52.158472,21.197781,37.0
24229,2026-05-11 19:25:25.900000+00:00,52.158704,21.1986226,95.4,49.17,-0.088,-0.04,0.964,0,49.11602303002047,37.0,62.939950460273565,-1.0,3.0,52.158472,21.197781,37.0
24234,2026-05-11 19:25:26.400000+00:00,52.1587226,21.1987188,95.5,49.26,-0.121,-0.02,0.962,0,49.53981038159338,37.0,69.77806725371194,-1.0,3.0,52.158472,21.197781,37.0
24239,2026-05-11 19:25:26.900000+00:00,52.1587409,21.1988153,95.5,49.27,-0.133,-0.04,0.94,0,49.60887961898043,37.0,76.62959297449575,-1.0,3.0,52.158472,21.197781,37.0
24244,2026-05-11 19:25:27.400000+00:00,52.1587586,21.1989112,95.5,49.1,-0.147,-0.03,0.99,0,49.1868556075342,,83.42414636255481,-1.0,3.0,52.158472,21.197781,37.0
24249,2026-05-11 19:25:27.900000+00:00,52.1587752,21.1990068,95.5,48.77,-0.132,-0.03,0.95,0,48.79859431797992,,90.15949993501016,-1.0,3.0,52.158472,21.197781,37.0
24254,2026-05-11 19:25:28.400000+00:00,52.1587918,21.1991013,95.5,48.44,-0.157,-0.03,0.964,0,48.278958298094494,,96.83094326154898,-1.0,3.0,52.158472,21.197781,37.0
24259,2026-05-11 19:25:28.900000+00:00,52.1588083,21.1991946,95.4,47.49,-0.146,-0.005,0.951,0,47.690369459418704,,103.4264321891284,-1.0,3.0,52.158472,21.197781,37.0
24264,2026-05-11 19:25:29.400000+00:00,52.1588244,21.1992865,95.3,46.66,-0.152,-0.006,0.952,0,46.94108969925931,,109.92022165546275,-1.0,3.0,52.158472,21.197781,37.0
24269,2026-05-11 19:25:29.900000+00:00,52.1588405,21.1993789,95.3,47.04,-0.147,-0.012,0.964,0,47.17725734181285,,116.44882027131897,-1.0,3.0,52.158472,21.197781,37.0
24274,2026-05-11 19:25:30.400000+00:00,52.1588561,21.1994695,95.4,45.63,-0.152,-0.004,0.977,0,46.21766229180432,,122.8454913672437,-1.0,3.0,52.158472,21.197781,37.0
24279,2026-05-11 19:25:30.900000+00:00,52.1588718,21.1995597,95.5,46.32,-0.143,-0.006,0.958,0,46.05031527170341,,129.22259011791226,-1.0,3.0,52.158472,21.197781,37.0
24284,2026-05-11 19:25:31.400000+00:00,52.1588875,21.1996496,95.5,45.89,-0.155,-0.004,0.954,0,45.908568022829726,,135.5822162341173,-1.0,3.0,52.158472,21.197781,37.0
24289,2026-05-11 19:25:31.900000+00:00,52.1589036,21.1997382,95.4,45.44,-0.151,-0.016,0.96,0,45.38470509377797,,141.87490133481202,-1.0,3.0,52.158472,21.197781,37.0
24294,2026-05-11 19:25:32.400000+00:00,52.1589192,21.1998262,95.5,44.98,-0.149,-0.013,0.953,0,44.98944703477569,,148.1112743724909,-1.0,3.0,52.158472,21.197781,37.0
24299,2026-05-11 19:25:32.900000+00:00,52.1589344,21.1999135,95.6,44.54,-0.149,-0.009,0.971,0,44.57074555534207,,154.28878442976398,-1.0,3.0,52.158472,21.197781,37.0
24304,2026-05-11 19:25:33.400000+00:00,52.1589495,21.2000003,95.8,44.45,-0.134,-0.008,0.958,0,44.312629868835806,,160.43141953518492,-1.0,3.0,52.158472,21.197781,37.0
24309,2026-05-11 19:25:33.900000+00:00,52.1589652,21.2000864,95.7,44.19,-0.135,-0.018,0.96,0,44.11640588527234,,166.55179212652766,-1.0,3.0,52.158472,21.197781,37.0
24314,2026-05-11 19:25:34.400000+00:00,52.1589805,21.2001724,95.8,44.06,-0.132,-0.02,0.97,0,43.97904652611665,,172.65163735228458,-1.0,3.0,52.158472,21.197781,37.0
24319,2026-05-11 19:25:34.900000+00:00,52.1589957,21.2002581,95.7,43.89,-0.131,0.001,0.964,0,43.815234621504665,,178.72908098459914,-1.0,3.0,52.158472,21.197781,37.0
24324,2026-05-11 19:25:35.400000+00:00,52.159011,21.200344,95.7,43.8,-0.142,-0.022,0.963,0,43.93184957163854,,184.82356131103677,-1.0,3.0,52.158472,21.197781,37.0
24329,2026-05-11 19:25:35.900000+00:00,52.1590251,21.2004292,95.6,43.41,-0.152,-0.015,0.973,0,43.34168072045786,,190.8302611000142,-1.0,3.0,52.158472,21.197781,37.0
24334,2026-05-11 19:25:36.400000+00:00,52.1590396,21.2005139,95.6,43.16,-0.149,-0.013,0.96,0,43.18958969086314,,196.8197008484657,-1.0,3.0,52.158472,21.197781,37.0
24339,2026-05-11 19:25:36.900000+00:00,52.1590542,21.2005975,95.6,42.66,-0.146,-0.006,0.948,0,42.69129399343712,,202.3635782039333,-1.0,3.0,52.158472,21.197781,37.0
24344,2026-05-11 19:25:37.400000+00:00,52.1590691,21.2006801,95.5,42.0,-0.159,-0.014,0.974,0,42.286242360840944,,196.506560572162,-1.0,3.0,52.159439,21.203497,38.0
24349,2026-05-11 19:25:37.900000+00:00,52.1590836,21.2007618,95.5,41.69,-0.142,-0.007,0.955,0,41.772208672545446,,190.71980939085088,-1.0,3.0,52.159439,21.203497,38.0
24354,2026-05-11 19:25:38.400000+00:00,52.1590978,21.2008425,95.5,41.18,-0.154,0.0,0.958,0,41.23375620216505,,185.0076022928216,-1.0,3.0,52.159439,21.203497,38.0
24359,2026-05-11 19:25:38.900000+00:00,52.1591129,21.200922,95.6,40.49,-0.151,-0.01,0.954,0,40.874817910537104,,179.35623193386243,-1.0,3.0,52.159439,21.203497,38.0
24364,2026-05-11 19:25:39.400000+00:00,52.1591271,21.2010011,95.6,40.32,-0.154,-0.01,0.964,0,40.47893455178025,,173.7532283756516,-1.0,3.0,52.159439,21.203497,38.0
24369,2026-05-11 19:25:39.900000+00:00,52.1591408,21.201079,95.6,39.64,-0.155,-0.004,0.975,0,39.80144390200475,,168.24270608121702,-1.0,3.0,52.159439,21.203497,38.0
24374,2026-05-11 19:25:40.400000+00:00,52.1591545,21.2011563,95.6,39.27,-0.148,-0.005,0.957,0,39.518238571613,,162.77351808801586,-1.0,3.0,52.159439,21.203497,38.0
24379,2026-05-11 19:25:40.900000+00:00,52.1591687,21.2012325,95.6,38.82,-0.15,-0.009,0.952,0,39.113948464426095,,157.3687076940775,-1.0,3.0,52.159439,21.203497,38.0
24384,2026-05-11 19:25:41.400000+00:00,52.1591823,21.2013083,95.6,38.93,-0.157,-0.021,0.959,0,38.78843032613548,,152.0051912991381,-1.0,3.0,52.159439,21.203497,38.0
24389,2026-05-11 19:25:41.900000+00:00,52.1591957,21.2013834,95.6,38.22,-0.153,-0.016,0.961,0,38.41353588921836,,146.69445155442818,-1.0,3.0,52.159439,21.203497,38.0
24394,2026-05-11 19:25:42.400000+00:00,52.1592088,21.2014576,95.6,37.78,-0.149,-0.004,0.954,0,37.92215645485252,,141.451971515597,-1.0,3.0,52.159439,21.203497,38.0
24399,2026-05-11 19:25:42.900000+00:00,52.1592219,21.2015318,95.6,38.07,-0.125,-0.019,0.963,0,37.922146145606256,,136.2113827429436,-1.0,3.0,52.159439,21.203497,38.0
24404,2026-05-11 19:25:43.400000+00:00,52.1592343,21.2016059,95.6,37.93,-0.121,-0.02,0.962,0,37.723597584608,,130.9931340248094,-1.0,3.0,52.159439,21.203497,38.0
24409,2026-05-11 19:25:43.900000+00:00,52.1592475,21.2016807,95.8,38.28,-0.12,-0.014,0.972,0,38.22746123999069,,125.71449086029004,-1.0,3.0,52.159439,21.203497,38.0
24414,2026-05-11 19:25:44.400000+00:00,52.1592593,21.2017559,95.8,38.2,-0.116,-0.015,0.954,0,38.12319042851665,,120.43736923282064,-1.0,3.0,52.159439,21.203497,38.0
24419,2026-05-11 19:25:44.900000+00:00,52.1592707,21.2018304,95.8,37.84,-0.145,-0.016,0.968,0,37.711416804820566,,115.21621562738017,-1.0,3.0,52.159439,21.203497,38.0
24424,2026-05-11 19:25:45.400000+00:00,52.1592814,21.2019043,95.8,37.22,-0.147,-0.012,0.965,0,37.29284134244151,,110.04941624829117,-1.0,3.0,52.159439,21.203497,38.0
24429,2026-05-11 19:25:45.900000+00:00,52.159292,21.2019776,95.8,36.97,-0.14,-0.005,0.914,0,36.98763691069602,,104.92603860529748,-1.0,3.0,52.159439,21.203497,38.0
24434,2026-05-11 19:25:46.400000+00:00,52.1593031,21.20205,95.6,36.58,-0.175,-0.018,1.01,0,36.652524254316205,,99.85633176774728,-1.0,3.0,52.159439,21.203497,38.0
24439,2026-05-11 19:25:46.900000+00:00,52.1593137,21.2021222,95.5,36.35,-0.13,-0.038,0.92,0,36.46198384613572,,94.8105199477722,-1.0,3.0,52.159439,21.203497,38.0
24444,2026-05-11 19:25:47.400000+00:00,52.1593245,21.2021932,95.6,35.42,-0.188,-0.026,1.0,0,35.92724927978975,,89.84465000829677,-1.0,3.0,52.159439,21.203497,38.0
24449,2026-05-11 19:25:47.900000+00:00,52.1593351,21.202263,95.7,35.28,-0.136,-0.031,0.949,0,35.31665767182825,,84.96572024283995,-1.0,3.0,52.159439,21.203497,38.0
24454,2026-05-11 19:25:48.400000+00:00,52.159345,21.2023319,95.7,34.56,-0.16,-0.011,0.95,0,34.75566245088991,,80.16097697509421,-1.0,3.0,52.159439,21.203497,38.0
24459,2026-05-11 19:25:48.900000+00:00,52.1593542,21.2024003,95.7,34.24,-0.139,-0.025,0.963,0,34.3922365156626,38.0,75.40264081776347,-1.0,3.0,52.159439,21.203497,38.0
24464,2026-05-11 19:25:49.400000+00:00,52.1593636,21.2024676,95.7,33.78,-0.158,-0.029,0.964,0,33.899890356133064,38.0,70.71864768693689,-1.0,3.0,52.159439,21.203497,38.0
24469,2026-05-11 19:25:49.900000+00:00,52.1593723,21.202535,95.6,34.02,-0.142,-0.032,0.953,0,33.82795220266592,38.0,66.04003328027908,-1.0,3.0,52.159439,21.203497,38.0
24474,2026-05-11 19:25:50.400000+00:00,52.1593809,21.2026009,95.5,32.86,-0.167,-0.02,0.951,0,33.09061264780368,38.0,61.46735607789527,-1.0,3.0,52.159439,21.203497,38.0
24479,2026-05-11 19:25:50.900000+00:00,52.1593898,21.2026657,95.5,32.68,-0.132,-0.021,0.957,0,32.6139967180551,38.0,56.9698965118337,-1.0,3.0,52.159439,21.203497,38.0
24484,2026-05-11 19:25:51.400000+00:00,52.1593986,21.2027289,95.6,31.47,-0.217,-0.019,0.962,0,31.829790645604927,38.0,52.58768229515107,-1.0,3.0,52.159439,21.203497,38.0
24489,2026-05-11 19:25:51.900000+00:00,52.1594064,21.202789,95.5,29.62,-0.228,-0.012,0.947,0,30.17106013558021,38.0,48.43161688821867,-1.0,3.0,52.159439,21.203497,38.0
24494,2026-05-11 19:25:52.400000+00:00,52.1594141,21.2028458,95.5,27.98,-0.222,-0.056,0.952,0,28.569964411151123,38.0,44.50739250379864,-1.0,3.0,52.159439,21.203497,38.0
24499,2026-05-11 19:25:52.900000+00:00,52.1594192,21.2028991,95.4,25.95,-0.233,-0.048,0.95,0,26.494460439734528,38.0,40.84474236624736,-1.0,3.0,52.159439,21.203497,38.0
24504,2026-05-11 19:25:53.400000+00:00,52.159423,21.2029494,95.4,23.95,-0.256,-0.072,0.942,0,24.89113430280737,38.0,37.39652180059235,-1.0,3.0,52.159439,21.203497,38.0
24509,2026-05-11 19:25:53.900000+00:00,52.1594225,21.2029953,95.0,21.84,-0.243,-0.074,0.952,0,22.547036020305207,38.0,34.27228375625997,-1.0,3.0,52.159439,21.203497,38.0
24514,2026-05-11 19:25:54.400000+00:00,52.1594233,21.2030385,95.0,20.65,-0.203,-0.04,0.944,0,21.22705980904105,38.0,31.324962931610983,-1.0,3.0,52.159439,21.203497,38.0
24519,2026-05-11 19:25:54.900000+00:00,52.159424,21.2030791,94.8,19.95,-0.168,-0.069,0.959,0,19.94829553965325,38.0,28.555529343265707,-1.0,3.0,52.159439,21.203497,38.0
24524,2026-05-11 19:25:55.400000+00:00,52.159424,21.2031189,94.9,19.46,-0.181,-0.011,0.951,0,19.54750693197044,38.0,25.8457200085798,-1.0,3.0,52.159439,21.203497,38.0
