Record,Time,lat,lon,Altitude,Speed,GForceX,GForceY,GForceZ,Lap,speed_kmh,nearest_stop_id,nearest_distance_m,direction,course_id,reconstructed_lat,reconstructed_lon,reconstructed_stop
5,2026-05-11 19:55:37.100000+00:00,52.1571675,21.1911946,90.2,36.76,0.035,0.058,0.956,0,1.9950453673974495,36.0,44.151032982480224,-1.0,5.0,52.15726,21.191824,36.0
10,2026-05-11 19:55:37.600000+00:00,52.1571542,21.1911243,90.0,36.5,0.031,0.05,0.969,0,36.13366423922667,36.0,49.160371458924274,-1.0,5.0,52.15726,21.191824,36.0
15,2026-05-11 19:55:38.100000+00:00,52.1571423,21.1910533,89.8,36.56,0.031,0.041,0.99,0,36.15094438344828,36.0,54.17990876418372,-1.0,5.0,52.15726,21.191824,36.0
20,2026-05-11 19:55:38.600000+00:00,52.1571279,21.1909833,89.8,36.63,0.01,0.067,0.96,0,36.26319389243717,36.0,59.201887174427256,-1.0,5.0,52.15726,21.191824,36.0
25,2026-05-11 19:55:39.100000+00:00,52.1571134,21.1909138,89.8,36.42,-0.122,-0.033,0.956,0,36.05614269573881,36.0,64.19598003416091,-1.0,5.0,52.15726,21.191824,36.0
30,2026-05-11 19:55:39.600000+00:00,52.1571003,21.190843,89.7,36.28,-0.12,-0.014,0.969,0,36.32189774947092,36.0,69.23762824267668,-1.0,5.0,52.15726,21.191824,36.0
35,2026-05-11 19:55:40.100000+00:00,52.157085,21.1907717,89.6,36.74,-0.105,0.013,0.973,0,37.1007976336439,36.0,74.37627098809412,-1.0,5.0,52.15726,21.191824,36.0
40,2026-05-11 19:55:40.600000+00:00,52.1570719,21.1906996,89.5,37.15,-0.091,0.003,0.974,0,36.9337014357187,36.0,79.5046594116634,-1.0,5.0,52.15726,21.191824,36.0
45,2026-05-11 19:55:41.100000+00:00,52.1570546,21.1906304,89.5,37.21,-0.086,-0.004,0.963,0,36.702612055834905,,84.56736373118567,-1.0,5.0,52.15726,21.191824,36.0
50,2026-05-11 19:55:41.600000+00:00,52.1570344,21.1905602,89.5,38.67,-0.093,-0.041,0.955,0,38.08434937715084,,89.78914874946774,-1.0,5.0,52.15726,21.191824,36.0
55,2026-05-11 19:55:42.100000+00:00,52.1570201,21.1904871,89.2,37.88,-0.1,-0.073,0.965,0,37.68561168964407,,95.02165221661406,-1.0,5.0,52.15726,21.191824,36.0
60,2026-05-11 19:55:42.600000+00:00,52.1570067,21.1904122,89.1,38.64,-0.1,-0.043,0.972,0,38.32095127194221,,100.34400486058703,-1.0,5.0,52.15726,21.191824,36.0
65,2026-05-11 19:55:43.100000+00:00,52.1569937,21.190336,89.0,39.57,-0.092,0.0,0.965,0,38.84734062957055,,102.22075721626236,-1.0,5.0,52.156702,21.188915,35.0
70,2026-05-11 19:55:43.600000+00:00,52.1569805,21.1902567,89.5,40.46,-0.089,-0.04,0.965,0,40.3580113000292,,96.6254279536618,-1.0,5.0,52.156702,21.188915,35.0
75,2026-05-11 19:55:44.100000+00:00,52.1569638,21.190177,89.5,41.22,-0.097,-0.032,0.982,0,41.36653934729831,,90.88010056854306,-1.0,5.0,52.156702,21.188915,35.0
80,2026-05-11 19:55:44.600000+00:00,52.1569502,21.1900959,89.6,41.27,-0.086,-0.022,0.94,0,41.295224544994994,,85.15539010912032,-1.0,5.0,52.156702,21.188915,35.0
85,2026-05-11 19:55:45.100000+00:00,52.1569345,21.1900148,89.6,42.08,-0.107,-0.029,0.988,0,41.77002809967648,35.0,79.35584904758989,-1.0,5.0,52.156702,21.188915,35.0
90,2026-05-11 19:55:45.600000+00:00,52.1569181,21.1899334,89.5,41.82,-0.104,-0.027,0.964,0,42.08206007390749,35.0,73.51178435429135,-1.0,5.0,52.156702,21.188915,35.0
95,2026-05-11 19:55:46.100000+00:00,52.1569037,21.1898498,89.3,42.66,-0.125,-0.011,0.961,0,42.64962834760704,35.0,67.59953806239298,-1.0,5.0,52.156702,21.188915,35.0
100,2026-05-11 19:55:46.600000+00:00,52.1568889,21.1897686,88.9,41.96,-0.129,-0.002,0.97,0,41.60600306893404,35.0,61.82863299457113,-1.0,5.0,52.156702,21.188915,35.0
105,2026-05-11 19:55:47.100000+00:00,52.156876,21.1896852,88.6,41.57,-0.135,0.003,0.96,0,42.24556390813767,35.0,55.99092539615717,-1.0,5.0,52.156702,21.188915,35.0
110,2026-05-11 19:55:47.600000+00:00,52.1568594,21.189607,88.5,40.61,-0.135,0.003,0.958,0,40.64386053785381,35.0,50.34716429951392,-1.0,5.0,52.156702,21.188915,35.0
115,2026-05-11 19:55:48.100000+00:00,52.1568429,21.1895276,88.2,41.76,-0.133,-0.007,0.967,0,41.17557584363751,35.0,44.6309433217436,-1.0,5.0,52.156702,21.188915,35.0
120,2026-05-11 19:55:48.600000+00:00,52.1568297,21.1894495,87.7,40.88,-0.14,-0.017,0.961,0,39.78959761607133,35.0,39.13004928258365,-1.0,5.0,52.156702,21.188915,35.0
125,2026-05-11 19:55:49.100000+00:00,52.1568181,21.1893715,87.2,39.8,-0.147,-0.03,0.97,0,39.42097738124121,35.0,33.71153833779484,-1.0,5.0,52.156702,21.188915,35.0
130,2026-05-11 19:55:49.600000+00:00,52.1568009,21.1892961,86.8,39.53,-0.139,-0.03,0.943,0,39.5116333928567,35.0,28.22829632662757,-1.0,5.0,52.156702,21.188915,35.0
135,2026-05-11 19:55:50.100000+00:00,52.1567871,21.1892189,86.4,39.95,-0.146,-0.015,0.968,0,39.49530305194443,35.0,22.78906254874172,-1.0,5.0,52.156702,21.188915,35.0
140,2026-05-11 19:55:50.600000+00:00,52.156773,21.1891433,86.1,38.24,-0.204,-0.01,0.974,0,38.81061491078043,35.0,17.461003420737253,-1.0,5.0,52.156702,21.188915,35.0
145,2026-05-11 19:55:51.100000+00:00,52.1567591,21.1890705,86.1,36.57,-0.221,-0.001,0.933,0,37.4490429999759,35.0,12.36292262381544,-1.0,5.0,52.156702,21.188915,35.0
150,2026-05-11 19:55:51.600000+00:00,52.1567466,21.1890005,86.0,35.27,-0.232,0.004,0.96,0,35.80893416569276,35.0,7.656028212801255,-1.0,5.0,52.156702,21.188915,35.0
155,2026-05-11 19:55:52.100000+00:00,52.1567328,21.1889353,85.8,32.49,-0.264,0.012,0.962,0,33.876730776174746,35.0,3.694191467812082,-1.0,5.0,52.156702,21.188915,35.0
160,2026-05-11 19:55:52.600000+00:00,52.1567204,21.1888739,85.6,30.94,-0.273,0.02,0.932,0,31.74998894223485,35.0,3.4709148115596,-1.0,5.0,52.156702,21.188915,35.0
165,2026-05-11 19:55:53.100000+00:00,52.1567099,21.1888191,85.6,26.9,-0.3,0.008,0.963,0,28.198465808961146,35.0,6.6008688470350645,-1.0,5.0,52.156702,21.188915,35.0
170,2026-05-11 19:55:53.600000+00:00,52.1567007,21.1887689,85.3,25.87,-0.234,0.006,0.958,0,25.733524434062147,35.0,9.967775813518143,-1.0,5.0,52.156702,21.188915,35.0
175,2026-05-11 19:55:54.100000+00:00,52.1566923,21.188721,85.0,23.49,-0.217,0.01,0.952,0,24.46949463706344,35.0,13.278275873089806,-1.0,5.0,52.156702,21.188915,35.0
180,2026-05-11 19:55:54.600000+00:00,52.1566844,21.1886778,85.1,20.6,-0.263,0.019,0.959,0,22.141270307643733,35.0,16.299353761854338,-1.0,5.0,52.156702,21.188915,35.0
185,2026-05-11 19:55:55.100000+00:00,52.1566758,21.1886397,85.2,18.86,-0.249,0.027,0.95,0,19.94013627299775,35.0,19.00518519338034,-1.0,5.0,52.156702,21.188915,35.0
190,2026-05-11 19:55:55.600000+00:00,52.1566679,21.1886057,85.2,16.85,-0.204,0.017,0.961,0,17.85748034297067,35.0,21.437988242958728,-1.0,5.0,52.156702,21.188915,35.0
195,2026-05-11 19:55:56.100000+00:00,52.1566603,21.188576,85.5,14.96,-0.252,0.018,0.956,0,15.80594647935902,35.0,23.58635952831927,-1.0,5.0,52.156702,21.188915,35.0
200,2026-05-11 19:55:56.600000+00:00,52.1566511,21.1885517,85.6,12.44,-0.194,0.014,0.961,0,14.025268361553044,35.0,25.42185388636615,-1.0,5.0,52.156702,21.188915,35.0
205,2026-05-11 19:55:57.100000+00:00,52.1566427,21.1885286,86.1,12.66,-0.138,0.0,0.969,0,13.18942754135498,35.0,27.171870657364742,-1.0,5.0,52.156702,21.188915,35.0
210,2026-05-11 19:55:57.600000+00:00,52.1566366,21.1885036,86.1,12.65,-0.15,0.005,1.029,0,13.214872255760728,35.0,28.991987705937145,-1.0,5.0,52.156702,21.188915,35.0
215,2026-05-11 19:55:58.100000+00:00,52.1566313,21.1884787,86.3,12.88,-0.103,-0.008,0.869,0,12.945401897940526,35.0,30.78449007461509,-1.0,5.0,52.156702,21.188915,35.0
220,2026-05-11 19:55:58.600000+00:00,52.1566265,21.1884522,86.3,12.75,-0.108,-0.005,1.012,0,13.57155707163781,35.0,32.668689406007985,-1.0,5.0,52.156702,21.188915,35.0
225,2026-05-11 19:55:59.100000+00:00,52.1566221,21.1884247,86.3,13.4,-0.092,-0.004,0.944,0,13.959085190054754,35.0,34.60743027875351,-1.0,5.0,52.156702,21.188915,35.0
230,2026-05-11 19:55:59.600000+00:00,52.156618,21.1883967,86.1,14.24,-0.1,-0.014,0.855,0,14.139178909679968,35.0,36.570608523783896,-1.0,5.0,52.156702,21.188915,35.0
235,2026-05-11 19:56:00.100000+00:00,52.156613,21.1883709,86.1,13.11,-0.182,0.012,1.097,0,13.28951883287367,35.0,38.41437676886242,-1.0,5.0,52.156702,21.188915,35.0
240,2026-05-11 19:56:00.600000+00:00,52.156608,21.1883435,86.0,13.66,-0.115,-0.008,0.948,0,14.04089545031476,35.0,40.36374509687774,-1.0,5.0,52.156702,21.188915,35.0
245,2026-05-11 19:56:01.100000+00:00,52.1566025,21.1883168,86.0,13.45,-0.166,0.016,0.984,0,13.833858136666818,35.0,42.28159094384674,-1.0,5.0,52.156702,21.188915,35.0
250,2026-05-11 19:56:01.600000+00:00,52.1565969,21.1882898,86.1,14.81,-0.016,-0.032,0.884,0,13.999061500869116,35.0,44.222419360433975,-1.0,5.0,52.156702,21.188915,35.0
255,2026-05-11 19:56:02.100000+00:00,52.1565909,21.1882617,86.1,14.84,-0.096,0.006,1.028,0,14.614039997823,35.0,46.24773069264664,-1.0,5.0,52.156702,21.188915,35.0
260,2026-05-11 19:56:02.600000+00:00,52.1565848,21.1882308,86.0,16.35,-0.024,-0.042,0.945,0,15.943673058778552,35.0,48.46036215384301,-1.0,5.0,52.156702,21.188915,35.0
265,2026-05-11 19:56:03.100000+00:00,52.1565784,21.1881995,85.9,16.15,-0.11,0.0,1.007,0,16.205146191693633,35.0,50.70844982903674,-1.0,5.0,52.156702,21.188915,35.0
270,2026-05-11 19:56:03.600000+00:00,52.1565734,21.1881669,85.5,17.31,-0.056,-0.011,0.926,0,16.505086173943152,35.0,52.999868868312014,-1.0,5.0,52.156702,21.188915,35.0
275,2026-05-11 19:56:04.100000+00:00,52.1565674,21.1881314,85.4,17.89,-0.083,-0.004,1.002,0,18.086281152347848,35.0,55.51182939956271,-1.0,5.0,52.156702,21.188915,35.0
280,2026-05-11 19:56:04.600000+00:00,52.156561,21.1880961,85.1,18.25,-0.041,-0.017,0.962,0,18.07973178800659,35.0,58.02265617377688,-1.0,5.0,52.156702,21.188915,35.0
285,2026-05-11 19:56:05.100000+00:00,52.1565537,21.1880567,85.2,19.97,-0.029,-0.021,0.974,0,20.215549223712014,35.0,60.82985321701877,-1.0,5.0,52.156702,21.188915,35.0
290,2026-05-11 19:56:05.600000+00:00,52.1565464,21.188013,85.2,21.94,-0.051,-0.007,0.976,0,22.245796938861613,35.0,63.91943623766639,-1.0,5.0,52.156702,21.188915,35.0
295,2026-05-11 19:56:06.100000+00:00,52.1565384,21.1879668,85.3,23.04,-0.041,-0.007,0.955,0,23.57884668878346,35.0,67.19427455484602,-1.0,5.0,52.156702,21.188915,35.0
300,2026-05-11 19:56:06.600000+00:00,52.1565299,21.1879174,85.2,25.25,-0.041,-0.01,0.981,0,25.200284442427503,35.0,70.6943131948925,-1.0,5.0,52.156702,21.188915,35.0
305,2026-05-11 19:56:07.100000+00:00,52.1565212,21.1878641,85.2,26.69,-0.049,0.0,0.974,0,27.09037928215429,35.0,74.45651122607453,-1.0,5.0,52.156702,21.188915,35.0
310,2026-05-11 19:56:07.600000+00:00,52.1565124,21.1878083,85.3,28.35,-0.049,-0.006,0.98,0,28.298629975374865,35.0,78.38598924154437,-1.0,5.0,52.156702,21.188915,35.0
315,2026-05-11 19:56:08.100000+00:00,52.1565055,21.1877501,85.3,28.41,-0.057,-0.008,0.964,0,29.115282034534157,,82.41703596754317,-1.0,5.0,52.156702,21.188915,35.0
320,2026-05-11 19:56:08.600000+00:00,52.1564922,21.1876921,85.0,30.29,-0.06,-0.012,0.968,0,30.413111656520165,,86.62504482551812,-1.0,5.0,52.156702,21.188915,35.0
325,2026-05-11 19:56:09.100000+00:00,52.1564814,21.1876323,85.1,30.33,-0.068,-0.01,0.985,0,30.61854064373798,,90.87724461258694,-1.0,5.0,52.156702,21.188915,35.0
330,2026-05-11 19:56:09.600000+00:00,52.1564716,21.1875714,84.9,31.49,-0.064,-0.021,0.966,0,30.92446922267896,,95.1717308006608,-1.0,5.0,52.156702,21.188915,35.0
335,2026-05-11 19:56:10.100000+00:00,52.1564604,21.1875087,84.8,32.5,-0.061,-0.013,0.971,0,32.07556364465631,,99.62642362831852,-1.0,5.0,52.156702,21.188915,35.0
340,2026-05-11 19:56:10.600000+00:00,52.1564485,21.1874421,84.7,34.05,-0.068,-0.019,0.973,0,34.07145224474414,,104.35832744160864,-1.0,5.0,52.156702,21.188915,35.0
345,2026-05-11 19:56:11.100000+00:00,52.1564359,21.1873741,84.4,34.89,-0.061,-0.014,0.965,0,34.890098091659304,,109.20326687290812,-1.0,5.0,52.156702,21.188915,35.0
350,2026-05-11 19:56:11.600000+00:00,52.1564227,21.1873044,84.2,36.08,-0.071,-0.02,0.981,0,35.82899609140861,,114.17802731620544,-1.0,5.0,52.156702,21.188915,35.0
355,2026-05-11 19:56:12.100000+00:00,52.1564096,21.1872327,84.2,36.8,-0.068,-0.011,0.953,0,36.74586598171502,,119.28114403728875,-1.0,5.0,52.156702,21.188915,35.0
360,2026-05-11 19:56:12.600000+00:00,52.1563943,21.1871597,84.4,37.8,-0.087,-0.02,0.979,0,37.89049233302984,,124.53660550742768,-1.0,5.0,52.156702,21.188915,35.0
365,2026-05-11 19:56:13.100000+00:00,52.1563809,21.1870847,84.4,38.29,-0.082,0.005,0.963,0,38.36860396926018,,129.8655129655969,-1.0,5.0,52.156702,21.188915,35.0
370,2026-05-11 19:56:13.600000+00:00,52.1563661,21.1870085,84.2,39.42,-0.088,-0.019,0.983,0,39.25849275136718,,135.31602097786123,-1.0,5.0,52.156702,21.188915,35.0
375,2026-05-11 19:56:14.100000+00:00,52.1563515,21.1869319,84.1,39.42,-0.085,-0.019,0.964,0,39.39805588731431,,140.7867518388464,-1.0,5.0,52.156702,21.188915,35.0
380,2026-05-11 19:56:14.600000+00:00,52.1563379,21.1868512,84.1,40.41,-0.093,-0.015,0.96,0,41.10626700317251,,146.4955318970868,-1.0,5.0,52.156702,21.188915,35.0
385,2026-05-11 19:56:15.100000+00:00,52.156323,21.1867709,84.0,40.8,-0.093,-0.021,0.983,0,41.20603274869039,,152.21807684196295,-1.0,5.0,52.156702,21.188915,35.0
390,2026-05-11 19:56:15.600000+00:00,52.1563098,21.1866919,83.9,40.1,-0.096,-0.014,0.966,0,40.21638435175162,,157.8031084921601,-1.0,5.0,52.156702,21.188915,35.0
395,2026-05-11 19:56:16.100000+00:00,52.1562949,21.1866091,84.1,41.68,-0.103,-0.015,0.966,0,42.38291044038421,,163.689544394555,-1.0,5.0,52.156702,21.188915,35.0
400,2026-05-11 19:56:16.600000+00:00,52.1562813,21.1865288,83.7,41.12,-0.103,-0.009,0.96,0,40.91689513467316,,169.3721224733385,-1.0,5.0,52.156702,21.188915,35.0
405,2026-05-11 19:56:17.100000+00:00,52.1562645,21.1864475,83.3,42.23,-0.105,-0.005,0.964,0,42.13707989648145,,175.21875900295026,-1.0,5.0,52.156702,21.188915,35.0
410,2026-05-11 19:56:17.600000+00:00,52.156251,21.1863644,83.2,41.93,-0.107,-0.015,0.981,0,42.22365362570998,,181.0817190916369,-1.0,5.0,52.156702,21.188915,35.0
415,2026-05-11 19:56:18.100000+00:00,52.1562365,21.1862796,83.2,42.84,-0.095,-0.014,0.948,0,43.23941264064752,,187.08696716771524,-1.0,5.0,52.156702,21.188915,35.0
420,2026-05-11 19:56:18.600000+00:00,52.1562222,21.1861955,83.2,42.17,-0.111,-0.024,0.972,0,42.86527980778805,,188.3620540511777,-1.0,5.0,52.155727,21.183555,34.0
425,2026-05-11 19:56:19.100000+00:00,52.1562082,21.1861121,83.0,42.92,-0.108,-0.024,0.94,0,42.47003837733574,,182.46609883906396,-1.0,5.0,52.155727,21.183555,34.0
430,2026-05-11 19:56:19.600000+00:00,52.1561945,21.1860281,83.1,42.12,-0.125,-0.026,0.983,0,42.692043827159374,,176.54101941789864,-1.0,5.0,52.155727,21.183555,34.0
435,2026-05-11 19:56:20.100000+00:00,52.1561793,21.1859419,83.5,43.7,-0.113,-0.017,0.964,0,44.05376061955842,,170.42358510368825,-1.0,5.0,52.155727,21.183555,34.0
440,2026-05-11 19:56:20.600000+00:00,52.1561652,21.1858555,83.5,43.3,-0.12,0.016,0.971,0,43.9136068602492,,164.32942518967224,-1.0,5.0,52.155727,21.183555,34.0
445,2026-05-11 19:56:21.100000+00:00,52.1561499,21.1857701,83.6,43.55,-0.129,-0.006,0.955,0,43.6986423262505,,158.26106969770004,-1.0,5.0,52.155727,21.183555,34.0
450,2026-05-11 19:56:21.600000+00:00,52.1561348,21.1856875,83.6,41.36,-0.14,-0.003,0.962,0,42.33424132444468,,152.38175936054833,-1.0,5.0,52.155727,21.183555,34.0
455,2026-05-11 19:56:22.100000+00:00,52.1561205,21.1856039,83.5,42.67,-0.139,-0.009,0.956,0,42.62875278082854,,146.46391470449987,-1.0,5.0,52.155727,21.183555,34.0
460,2026-05-11 19:56:22.600000+00:00,52.1561062,21.1855206,83.6,41.83,-0.147,0.012,0.989,0,42.486843531622185,,140.5658289975608,-1.0,5.0,52.155727,21.183555,34.0
465,2026-05-11 19:56:23.100000+00:00,52.1560923,21.1854431,83.3,39.12,-0.13,-0.011,0.939,0,39.65975415433374,,135.0587028290354,-1.0,5.0,52.155727,21.183555,34.0
470,2026-05-11 19:56:23.600000+00:00,52.1560782,21.1853656,83.2,40.46,-0.143,-0.006,0.97,0,39.70499238314231,,129.54496948536016,-1.0,5.0,52.155727,21.183555,34.0
475,2026-05-11 19:56:24.100000+00:00,52.1560641,21.185285,83.4,40.8,-0.147,-0.016,0.978,0,41.16710314823277,,123.82973409351268,-1.0,5.0,52.155727,21.183555,34.0
480,2026-05-11 19:56:24.600000+00:00,52.156049,21.1852062,83.7,39.38,-0.144,-0.019,0.97,0,40.54905391982242,,118.19798842071046,-1.0,5.0,52.155727,21.183555,34.0
485,2026-05-11 19:56:25.100000+00:00,52.156035,21.1851265,83.8,40.55,-0.131,0.011,0.947,0,40.72008052408017,,112.54490029969068,-1.0,5.0,52.155727,21.183555,34.0
490,2026-05-11 19:56:25.600000+00:00,52.1560217,21.185049,83.7,39.03,-0.145,0.0,0.98,0,39.52771372007767,,107.05877326661752,-1.0,5.0,52.155727,21.183555,34.0
495,2026-05-11 19:56:26.100000+00:00,52.1560052,21.1849727,83.5,39.27,-0.133,0.0,0.944,0,39.737097373893135,,101.54198269571285,-1.0,5.0,52.155727,21.183555,34.0
500,2026-05-11 19:56:26.600000+00:00,52.1559927,21.1848969,83.2,38.02,-0.146,0.013,0.982,0,38.55305478152869,,96.19362648211576,-1.0,5.0,52.155727,21.183555,34.0
505,2026-05-11 19:56:27.100000+00:00,52.1559805,21.1848217,83.0,37.83,-0.127,0.002,0.951,0,38.20642839803271,,90.89526032290384,-1.0,5.0,52.155727,21.183555,34.0
510,2026-05-11 19:56:27.600000+00:00,52.1559674,21.1847477,82.9,36.86,-0.147,-0.011,0.968,0,37.83030119331843,,85.64434891543367,-1.0,5.0,52.155727,21.183555,34.0
515,2026-05-11 19:56:28.100000+00:00,52.1559538,21.1846746,82.8,36.91,-0.138,-0.001,0.944,0,37.51998197826136,,80.43470557676373,-1.0,5.0,52.155727,21.183555,34.0
520,2026-05-11 19:56:28.600000+00:00,52.1559409,21.1846013,82.7,36.71,-0.141,-0.009,0.968,0,37.45562675946824,34.0,75.23688491201537,-1.0,5.0,52.155727,21.183555,34.0
525,2026-05-11 19:56:29.100000+00:00,52.155928,21.1845291,82.6,36.61,-0.137,-0.001,0.954,0,36.93658239999971,34.0,70.11083164776281,-1.0,5.0,52.155727,21.183555,34.0
530,2026-05-11 19:56:29.600000+00:00,52.1559156,21.1844571,82.5,36.53,-0.117,-0.021,0.956,0,36.73207975329328,34.0,65.01624268216506,-1.0,5.0,52.155727,21.183555,34.0
535,2026-05-11 19:56:30.100000+00:00,52.1559038,21.1843857,82.3,36.24,-0.116,-0.013,0.964,0,36.320538733483325,34.0,59.98337530397247,-1.0,5.0,52.155727,21.183555,34.0
540,2026-05-11 19:56:30.600000+00:00,52.1558866,21.1843153,82.1,37.12,-0.105,-0.013,0.964,0,37.22024876971116,34.0,54.81963960673878,-1.0,5.0,52.155727,21.183555,34.0
545,2026-05-11 19:56:31.100000+00:00,52.1558739,21.1842429,81.9,37.16,-0.11,-0.023,0.966,0,36.98661491496486,34.0,49.69003015991838,-1.0,5.0,52.155727,21.183555,34.0
550,2026-05-11 19:56:31.600000+00:00,52.1558602,21.1841699,81.9,37.34,-0.102,-0.018,0.973,0,37.49639301529512,34.0,44.48641876404457,-1.0,5.0,52.155727,21.183555,34.0
555,2026-05-11 19:56:32.100000+00:00,52.1558461,21.1840958,82.1,37.58,-0.098,-0.032,0.963,0,38.10703610281737,34.0,39.19826514317663,-1.0,5.0,52.155727,21.183555,34.0
560,2026-05-11 19:56:32.600000+00:00,52.1558321,21.1840213,81.9,37.71,-0.107,-0.026,0.987,0,38.2712223182864,34.0,33.88972580795864,-1.0,5.0,52.155727,21.183555,34.0
565,2026-05-11 19:56:33.100000+00:00,52.155819,21.183946,81.8,38.78,-0.085,-0.031,0.907,0,38.44433395071872,34.0,28.568408138693677,-1.0,5.0,52.155727,21.183555,34.0
570,2026-05-11 19:56:33.600000+00:00,52.1558044,21.1838689,81.8,38.91,-0.128,-0.023,1.024,0,39.633098686033605,34.0,23.079029839985733,-1.0,5.0,52.155727,21.183555,34.0
575,2026-05-11 19:56:34.100000+00:00,52.1557907,21.183791,82.0,39.28,-0.085,-0.03,0.941,0,39.804200818862405,34.0,17.58913848454428,-1.0,5.0,52.155727,21.183555,34.0
580,2026-05-11 19:56:34.600000+00:00,52.1557765,21.1837124,82.1,39.85,-0.122,-0.023,0.96,0,40.24608016927358,34.0,12.06634011270957,-1.0,5.0,52.155727,21.183555,34.0
585,2026-05-11 19:56:35.100000+00:00,52.1557625,21.1836343,82.3,39.04,-0.152,-0.018,0.998,0,39.9653603979583,34.0,6.6969064740036615,-1.0,5.0,52.155727,21.183555,34.0
590,2026-05-11 19:56:35.600000+00:00,52.1557496,21.1835562,82.4,39.0,-0.127,-0.015,0.921,0,39.727380222513744,34.0,2.5143383957305354,-1.0,5.0,52.155727,21.183555,34.0
595,2026-05-11 19:56:36.100000+00:00,52.1557367,21.1834785,82.7,38.29,-0.154,-0.023,0.984,0,39.53770556573312,34.0,5.329123686845546,-1.0,5.0,52.155727,21.183555,34.0
600,2026-05-11 19:56:36.600000+00:00,52.1557232,21.1834032,82.8,37.12,-0.197,-0.012,0.96,0,38.53300619042093,34.0,10.364417085225728,-1.0,5.0,52.155727,21.183555,34.0
605,2026-05-11 19:56:37.100000+00:00,52.1557116,21.1833306,83.0,35.77,-0.199,-0.003,0.948,0,36.84945745824424,34.0,15.404052462015793,-1.0,5.0,52.155727,21.183555,34.0
610,2026-05-11 19:56:37.600000+00:00,52.1557015,21.1832603,83.3,34.26,-0.196,0.002,0.966,0,35.464405697347416,34.0,20.30341588555753,-1.0,5.0,52.155727,21.183555,34.0
615,2026-05-11 19:56:38.100000+00:00,52.1556916,21.1831924,83.6,33.42,-0.216,0.0,0.954,0,34.28029880008298,34.0,25.04782232911332,-1.0,5.0,52.155727,21.183555,34.0
620,2026-05-11 19:56:38.600000+00:00,52.1556836,21.1831273,83.9,31.62,-0.215,-0.045,0.953,0,32.61125557266442,34.0,29.574114060033114,-1.0,5.0,52.155727,21.183555,34.0
625,2026-05-11 19:56:39.100000+00:00,52.1556768,21.1830649,84.2,29.91,-0.222,-0.03,0.976,0,31.12966736408545,34.0,33.89741306337141,-1.0,5.0,52.155727,21.183555,34.0
630,2026-05-11 19:56:39.600000+00:00,52.1556705,21.1830064,84.4,28.29,-0.201,-0.016,0.937,0,29.173626224301707,34.0,37.949179965332526,-1.0,5.0,52.155727,21.183555,34.0
635,2026-05-11 19:56:40.100000+00:00,52.1556654,21.182951,84.4,26.45,-0.192,0.022,0.959,0,27.51626560868666,34.0,41.77035897531079,-1.0,5.0,52.155727,21.183555,34.0
640,2026-05-11 19:56:40.600000+00:00,52.1556598,21.1828986,84.5,25.62,-0.183,0.041,0.958,0,26.125655839730147,34.0,45.39882251746448,-1.0,5.0,52.155727,21.183555,34.0
645,2026-05-11 19:56:41.100000+00:00,52.1556546,21.1828497,84.5,23.81,-0.184,0.085,0.96,0,24.377067193608315,34.0,48.784464310793865,-1.0,5.0,52.155727,21.183555,34.0
650,2026-05-11 19:56:41.600000+00:00,52.1556477,21.1828036,84.5,22.61,-0.173,0.076,0.967,0,23.30773145086625,34.0,52.013452052199305,-1.0,5.0,52.155727,21.183555,34.0
655,2026-05-11 19:56:42.100000+00:00,52.1556405,21.1827606,84.6,21.54,-0.154,0.08,0.961,0,21.893437260237093,34.0,55.0409571302492,-1.0,5.0,52.155727,21.183555,34.0
660,2026-05-11 19:56:42.600000+00:00,52.1556309,21.1827201,84.9,20.62,-0.157,0.083,0.966,0,21.32610795058305,34.0,57.9506895358392,-1.0,5.0,52.155727,21.183555,34.0
665,2026-05-11 19:56:43.100000+00:00,52.1556205,21.1826815,85.0,19.72,-0.166,0.094,0.962,0,20.7074647457455,34.0,60.75556476472862,-1.0,5.0,52.155727,21.183555,34.0
670,2026-05-11 19:56:43.600000+00:00,52.1556092,21.1826453,85.2,18.32,-0.17,0.061,0.974,0,19.950082220801537,34.0,63.4271334471874,-1.0,5.0,52.155727,21.183555,34.0
675,2026-05-11 19:56:44.100000+00:00,52.1555975,21.1826118,85.5,17.63,-0.135,0.018,0.964,0,18.934083036285863,34.0,65.93678924337458,-1.0,5.0,52.155727,21.183555,34.0
680,2026-05-11 19:56:44.600000+00:00,52.1555857,21.1825785,85.6,18.03,-0.119,-0.042,0.965,0,18.888690656323465,34.0,68.44473309739138,-1.0,5.0,52.155727,21.183555,34.0
685,2026-05-11 19:56:45.100000+00:00,52.155575,21.1825446,85.8,17.9,-0.133,-0.056,0.985,0,18.725560271170067,34.0,70.9715378314702,-1.0,5.0,52.155727,21.183555,34.0
690,2026-05-11 19:56:45.600000+00:00,52.1555651,21.1825112,85.7,17.72,-0.119,-0.073,0.96,0,18.21990936294891,34.0,73.44858865131134,-1.0,5.0,52.155727,21.183555,34.0
695,2026-05-11 19:56:46.100000+00:00,52.155557,21.1824755,85.8,18.18,-0.088,-0.095,0.942,0,18.696041037635897,34.0,76.03102676755503,-1.0,5.0,52.155727,21.183555,34.0
700,2026-05-11 19:56:46.600000+00:00,52.1555505,21.182438,85.9,18.74,-0.107,-0.111,0.977,0,19.140480749396424,34.0,78.68868224273946,-1.0,5.0,52.155727,21.183555,34.0
705,2026-05-11 19:56:47.100000+00:00,52.155545,21.1823978,86.2,19.18,-0.111,-0.109,0.961,0,20.23070058635087,,81.49705412566578,-1.0,5.0,52.155727,21.183555,34.0
710,2026-05-11 19:56:47.600000+00:00,52.1555416,21.1823556,86.4,20.41,-0.121,-0.143,0.939,0,20.90602690710054,,84.38037601907858,-1.0,5.0,52.155727,21.183555,34.0
715,2026-05-11 19:56:48.100000+00:00,52.1555398,21.182313,86.5,21.11,-0.106,-0.117,0.954,0,20.974099434653308,,87.24891219475971,-1.0,5.0,52.155727,21.183555,34.0
720,2026-05-11 19:56:48.600000+00:00,52.15554,21.1822694,86.5,22.02,-0.091,-0.129,0.955,0,21.416319077934347,,90.13508084172022,-1.0,5.0,52.155727,21.183555,34.0
725,2026-05-11 19:56:49.100000+00:00,52.1555417,21.1822245,86.5,22.29,-0.132,-0.14,0.964,0,22.09621846085848,,93.07619606720372,-1.0,5.0,52.155727,21.183555,34.0
730,2026-05-11 19:56:49.600000+00:00,52.155546,21.1821774,86.5,23.05,-0.117,-0.119,0.987,0,23.38960632964352,,96.11100942775494,-1.0,5.0,52.155727,21.183555,34.0
735,2026-05-11 19:56:50.100000+00:00,52.1555528,21.1821284,86.5,24.37,-0.116,-0.096,0.963,0,24.676156864229256,,99.23177795542544,-1.0,5.0,52.155727,21.183555,34.0
740,2026-05-11 19:56:50.600000+00:00,52.1555613,21.1820787,86.4,24.95,-0.091,-0.095,0.94,0,25.342710081983835,,102.38492000428424,-1.0,5.0,52.155727,21.183555,34.0
745,2026-05-11 19:56:51.100000+00:00,52.1555713,21.182028,86.3,25.44,-0.097,-0.096,0.982,0,26.158409371766474,,105.6010460659203,-1.0,5.0,52.155727,21.183555,34.0
750,2026-05-11 19:56:51.600000+00:00,52.1555825,21.1819768,86.3,26.14,-0.104,-0.122,0.977,0,26.699450094726192,,108.85736683134004,-1.0,5.0,52.155727,21.183555,34.0
755,2026-05-11 19:56:52.100000+00:00,52.155596,21.1819268,86.1,26.26,-0.091,-0.101,0.942,0,26.8323411491175,,112.02706728376924,-1.0,5.0,52.155727,21.183555,34.0
760,2026-05-11 19:56:52.600000+00:00,52.1556084,21.1818709,86.1,28.87,-0.102,-0.094,0.96,0,29.196862103561145,,115.64390495718894,-1.0,5.0,52.155727,21.183555,34.0
765,2026-05-11 19:56:53.100000+00:00,52.1556244,21.1818199,86.0,28.05,-0.115,-0.088,0.962,0,28.135610989059945,,118.91722333838192,-1.0,5.0,52.155727,21.183555,34.0
770,2026-05-11 19:56:53.600000+00:00,52.1556402,21.1817651,86.2,29.08,-0.129,-0.093,0.962,0,29.741098878593075,,122.4879997807226,-1.0,5.0,52.155727,21.183555,34.0
775,2026-05-11 19:56:54.100000+00:00,52.1556566,21.1817092,86.6,29.65,-0.154,-0.105,0.946,0,30.435086098082888,,126.16371436157668,-1.0,5.0,52.155727,21.183555,34.0
780,2026-05-11 19:56:54.600000+00:00,52.1556754,21.1816582,86.7,28.81,-0.17,-0.075,0.983,0,29.224423455759144,,129.52696278456807,-1.0,5.0,52.155727,21.183555,34.0
785,2026-05-11 19:56:55.100000+00:00,52.1556943,21.1816085,86.9,28.37,-0.15,-0.073,0.942,0,28.721058142246548,,132.8401011522921,-1.0,5.0,52.155727,21.183555,34.0
790,2026-05-11 19:56:55.600000+00:00,52.1557152,21.1815628,86.7,27.59,-0.196,-0.078,0.961,0,27.99739095981785,,135.9142868534334,-1.0,5.0,52.155727,21.183555,34.0
795,2026-05-11 19:56:56.100000+00:00,52.1557358,21.181519,86.6,26.19,-0.214,-0.049,0.951,0,27.108058125655138,,138.89940541565852,-1.0,5.0,52.155727,21.183555,34.0
800,2026-05-11 19:56:56.600000+00:00,52.1557561,21.181478,86.7,25.04,-0.199,-0.021,0.947,0,25.87849610572028,,141.72988918946086,-1.0,5.0,52.155727,21.183555,34.0
805,2026-05-11 19:56:57.100000+00:00,52.1557751,21.1814397,86.9,23.0,-0.216,0.033,0.969,0,24.192824500085493,,144.40482507105375,-1.0,5.0,52.155727,21.183555,34.0
810,2026-05-11 19:56:57.600000+00:00,52.1557926,21.1814039,87.1,20.88,-0.196,0.048,0.955,0,22.48345901780463,,146.92916805378383,-1.0,5.0,52.155727,21.183555,34.0
815,2026-05-11 19:56:58.100000+00:00,52.155807,21.1813685,87.4,20.0,-0.185,0.109,0.969,0,20.862633380499624,,149.42796897413828,-1.0,5.0,52.155727,21.183555,34.0
820,2026-05-11 19:56:58.600000+00:00,52.1558194,21.1813343,87.3,19.03,-0.191,0.032,0.951,0,19.512647180269585,,151.84405775610094,-1.0,5.0,52.155727,21.183555,34.0
825,2026-05-11 19:56:59.100000+00:00,52.1558318,21.1813049,87.1,16.89,-0.179,-0.004,0.97,0,17.52401595560119,,153.943396702728,-1.0,5.0,52.155727,21.183555,34.0
830,2026-05-11 19:56:59.600000+00:00,52.1558435,21.1812779,87.1,15.73,-0.174,0.015,0.953,0,16.236405950511216,,155.88281165663554,-1.0,5.0,52.155727,21.183555,34.0
835,2026-05-11 19:57:00.100000+00:00,52.1558538,21.1812522,86.8,14.46,-0.196,0.024,0.959,0,15.078139086803253,,157.72830159589293,-1.0,5.0,52.155727,21.183555,34.0
840,2026-05-11 19:57:00.600000+00:00,52.1558629,21.1812299,86.6,12.5,-0.196,0.011,0.956,0,13.155029908493225,,159.33633724184105,-1.0,5.0,52.155727,21.183555,34.0
845,2026-05-11 19:57:01.100000+00:00,52.1558701,21.1812062,86.3,12.33,-0.204,-0.003,0.956,0,12.990043213521016,,161.0230641615598,-1.0,5.0,52.155727,21.183555,34.0
850,2026-05-11 19:57:01.600000+00:00,52.1558765,21.1811856,86.2,10.63,-0.232,-0.005,0.952,0,11.341745569467246,,162.49282542160722,-1.0,5.0,52.155727,21.183555,34.0
855,2026-05-11 19:57:02.100000+00:00,52.1558816,21.1811688,86.0,8.33,-0.269,0.013,0.951,0,9.206781096909554,,163.69152319995877,-1.0,5.0,52.155727,21.183555,34.0
860,2026-05-11 19:57:02.600000+00:00,52.1558851,21.1811572,85.9,5.19,-0.275,0.027,0.956,0,6.349472906833837,,164.51964401334533,-1.0,5.0,52.155727,21.183555,34.0
865,2026-05-11 19:57:03.100000+00:00,52.1558865,21.1811495,85.9,2.84,-0.258,0.026,0.955,0,3.944693833196391,,165.05859121788689,-1.0,5.0,52.155727,21.183555,34.0
870,2026-05-11 19:57:03.600000+00:00,52.1558866,21.1811461,85.9,0.47,-0.25,0.022,0.955,0,1.6719381794250143,,165.2903912102766,-1.0,5.0,52.155727,21.183555,34.0
875,2026-05-11 19:57:04.100000+00:00,52.1558855,21.1811434,86.0,0.09,-0.132,-0.001,0.965,0,1.5919659178072516,,165.4604501234765,-1.0,5.0,52.155727,21.183555,34.0
880,2026-05-11 19:57:04.600000+00:00,52.1558843,21.18114,86.1,0.09,-0.121,-0.004,0.974,0,1.92664442641978,,165.67694215572322,-1.0,5.0,52.155727,21.183555,34.0
885,2026-05-11 19:57:05.100000+00:00,52.1558832,21.1811369,86.2,0.06,-0.115,-0.005,0.971,0,1.7589995234607871,,165.87439344679933,-1.0,5.0,52.155727,21.183555,34.0
890,2026-05-11 19:57:05.600000+00:00,52.1558821,21.1811335,86.3,0.01,-0.113,-0.003,0.972,0,1.887998110236134,,166.09232471128703,-1.0,5.0,52.155727,21.183555,34.0
895,2026-05-11 19:57:06.100000+00:00,52.1558812,21.18113,86.4,0.01,-0.117,-0.006,0.972,0,1.864033310068634,,166.31946042171143,-1.0,5.0,52.155727,21.183555,34.0
900,2026-05-11 19:57:06.600000+00:00,52.1558808,21.1811267,86.5,0.37,-0.082,-0.009,0.972,0,1.652234396787034,,166.5388156626083,-1.0,5.0,52.155727,21.183555,34.0
905,2026-05-11 19:57:07.100000+00:00,52.1558815,21.1811228,86.6,1.53,-0.045,-0.019,0.973,0,1.995906169880971,,166.81146598921097,-1.0,5.0,52.155727,21.183555,34.0
910,2026-05-11 19:57:07.600000+00:00,52.1558831,21.1811172,86.7,2.82,-0.04,0.002,0.981,0,3.03426980716146,,167.20984253656593,-1.0,5.0,52.155727,21.183555,34.0
915,2026-05-11 19:57:08.100000+00:00,52.1558845,21.1811076,86.8,4.29,-0.039,0.0,0.976,0,4.846734325869446,,167.8773952286287,-1.0,5.0,52.155727,21.183555,34.0
920,2026-05-11 19:57:08.600000+00:00,52.1558866,21.1810961,86.8,6.04,-0.028,0.007,0.982,0,5.893498044714735,,168.68206658792562,-1.0,5.0,52.155727,21.183555,34.0
925,2026-05-11 19:57:09.100000+00:00,52.1558896,21.1810829,86.8,6.79,-0.013,-0.004,0.974,0,6.914178414200659,,169.61282745619565,-1.0,5.0,52.155727,21.183555,34.0
930,2026-05-11 19:57:09.600000+00:00,52.1558932,21.1810658,86.7,9.21,-0.008,-0.015,0.976,0,8.879965683471243,,170.81562455229562,-1.0,5.0,52.155727,21.183555,34.0
935,2026-05-11 19:57:10.100000+00:00,52.1558975,21.1810467,86.6,9.87,0.01,-0.021,0.981,0,9.993275201364282,,172.16302265134095,-1.0,5.0,52.155727,21.183555,34.0
940,2026-05-11 19:57:10.600000+00:00,52.1559041,21.1810258,86.3,12.11,0.029,-0.026,0.979,0,11.54578991306606,,173.66189392629002,-1.0,5.0,52.155727,21.183555,34.0
945,2026-05-11 19:57:11.100000+00:00,52.1559107,21.1809944,86.3,16.49,0.022,-0.062,0.981,0,16.303163317793153,,175.8740608912078,-1.0,5.0,52.155727,21.183555,34.0
950,2026-05-11 19:57:11.600000+00:00,52.15592,21.1809604,86.2,18.86,0.012,-0.069,0.973,0,18.28478993751729,,178.29953646303628,-1.0,5.0,52.155727,21.183555,34.0
955,2026-05-11 19:57:12.100000+00:00,52.1559308,21.1809219,86.0,20.59,-0.017,-0.049,0.987,0,20.79349739779509,,181.05354935441025,-1.0,5.0,52.155727,21.183555,34.0
960,2026-05-11 19:57:12.600000+00:00,52.155943,21.1808797,85.9,22.75,-0.036,-0.086,0.955,0,22.913885843426883,,184.082197654278,-1.0,5.0,52.155727,21.183555,34.0
965,2026-05-11 19:57:13.100000+00:00,52.1559572,21.1808358,85.9,24.56,-0.048,-0.067,0.975,0,24.376260192787043,,187.2611193517016,-1.0,5.0,52.155727,21.183555,34.0
970,2026-05-11 19:57:13.600000+00:00,52.1559731,21.1807906,85.7,25.7,-0.06,-0.065,0.964,0,25.591894027117316,,190.5619917689491,-1.0,5.0,52.155727,21.183555,34.0
975,2026-05-11 19:57:14.100000+00:00,52.1559902,21.1807439,85.7,26.35,-0.058,-0.075,0.965,0,26.71300241461684,,193.9930796015609,-1.0,5.0,52.155727,21.183555,34.0
980,2026-05-11 19:57:14.600000+00:00,52.1560101,21.1806977,85.6,28.04,-0.06,-0.059,0.991,0,27.726912054818847,,197.44996906700092,-1.0,5.0,52.155727,21.183555,34.0
985,2026-05-11 19:57:15.100000+00:00,52.156029,21.180648,85.3,29.06,-0.039,-0.03,0.965,0,28.72090212428161,,201.13798978400357,-1.0,5.0,52.155727,21.183555,34.0
990,2026-05-11 19:57:15.600000+00:00,52.1560483,21.1805927,85.1,30.94,-0.053,-0.003,0.96,0,31.24969888026864,,205.221227305408,-1.0,5.0,52.155727,21.183555,34.0
995,2026-05-11 19:57:16.100000+00:00,52.156068,21.1805358,84.8,32.28,-0.054,-0.006,0.968,0,32.09131961040235,,209.43020303466383,-1.0,5.0,52.155727,21.183555,34.0
1000,2026-05-11 19:57:16.600000+00:00,52.1560891,21.1804778,84.7,33.44,-0.056,0.004,0.97,0,33.12033608594255,,213.75221541292277,-1.0,5.0,52.155727,21.183555,34.0
1005,2026-05-11 19:57:17.100000+00:00,52.1561116,21.1804178,84.6,34.3,-0.06,-0.007,0.968,0,34.54008223898002,,218.24985823098424,-1.0,5.0,52.155727,21.183555,34.0
1010,2026-05-11 19:57:17.600000+00:00,52.1561329,21.180356,84.5,34.6,-0.066,-0.017,0.98,0,34.816958201854646,,222.853173949082,-1.0,5.0,52.155727,21.183555,34.0
1015,2026-05-11 19:57:18.100000+00:00,52.1561568,21.1802929,84.4,36.58,-0.066,-0.014,0.958,0,36.424152938410735,,227.6133815816281,-1.0,5.0,52.155727,21.183555,34.0
1020,2026-05-11 19:57:18.600000+00:00,52.1561794,21.1802267,84.3,36.94,-0.053,-0.023,0.978,0,37.21121627642251,,232.5613415747878,-1.0,5.0,52.155727,21.183555,34.0
1025,2026-05-11 19:57:19.100000+00:00,52.1562017,21.1801572,83.8,39.48,-0.048,-0.022,0.96,0,38.52371973078253,,237.7307647737813,-1.0,5.0,52.155727,21.183555,34.0
1030,2026-05-11 19:57:19.600000+00:00,52.1562258,21.1800867,83.5,40.41,-0.051,-0.018,0.975,0,39.64070091829626,,243.0200557699252,-1.0,5.0,52.155727,21.183555,34.0
1035,2026-05-11 19:57:20.100000+00:00,52.1562511,21.1800126,83.4,41.59,-0.058,-0.009,0.968,0,41.65295557795415,,248.58876290717384,-1.0,5.0,52.157967,21.174575,33.0
1040,2026-05-11 19:57:20.600000+00:00,52.1562772,21.179936,83.4,42.54,-0.072,0.0,0.964,0,43.03738986221491,,254.35406608751217,-1.0,5.0,52.157967,21.174575,33.0
1045,2026-05-11 19:57:21.100000+00:00,52.1563039,21.1798587,83.5,43.21,-0.084,-0.016,0.967,0,43.571912215001056,,260.1916612083242,-1.0,5.0,52.157967,21.174575,33.0
1050,2026-05-11 19:57:21.600000+00:00,52.1563294,21.1797781,83.3,44.23,-0.078,-0.019,0.97,0,44.542909067908326,,266.2230656888656,-1.0,5.0,52.157967,21.174575,33.0
1055,2026-05-11 19:57:22.100000+00:00,52.1563558,21.179698,83.3,44.45,-0.086,-0.016,0.961,0,44.66120891101247,,272.25413872267274,-1.0,5.0,52.157967,21.174575,33.0
1060,2026-05-11 19:57:22.600000+00:00,52.1563836,21.1796168,83.3,45.25,-0.095,-0.012,0.978,0,45.67345020256301,,278.4059677432766,-1.0,5.0,52.157967,21.174575,33.0
1065,2026-05-11 19:57:23.100000+00:00,52.156412,21.1795367,83.1,45.22,-0.111,-0.015,0.969,0,45.44083633868031,,284.5117544040912,-1.0,5.0,52.157967,21.174575,33.0
1070,2026-05-11 19:57:23.600000+00:00,52.1564382,21.1794547,83.2,45.34,-0.118,-0.008,0.965,0,45.411218930682736,,290.6843700744856,-1.0,5.0,52.157967,21.174575,33.0
1075,2026-05-11 19:57:24.100000+00:00,52.1564661,21.179375,83.1,44.04,-0.107,-0.005,0.969,0,45.07107363124267,,296.76412601687724,-1.0,5.0,52.157967,21.174575,33.0
1080,2026-05-11 19:57:24.600000+00:00,52.1564936,21.179292,83.1,46.04,-0.105,-0.02,0.978,0,46.33279090132499,,303.0547232648231,-1.0,5.0,52.157967,21.174575,33.0
1085,2026-05-11 19:57:25.100000+00:00,52.1565217,21.1792091,83.1,46.79,-0.108,-0.017,0.937,0,46.51994911339095,,309.36377086087964,-1.0,5.0,52.157967,21.174575,33.0
1090,2026-05-11 19:57:25.600000+00:00,52.1565488,21.179129,83.0,44.34,-0.117,0.012,0.998,0,44.92899238363134,,315.46392917229787,-1.0,5.0,52.157967,21.174575,33.0
1095,2026-05-11 19:57:26.100000+00:00,52.1565757,21.1790462,82.8,45.97,-0.089,-0.005,0.945,0,46.019564182843226,,321.73901421018127,-1.0,5.0,52.157967,21.174575,33.0
1100,2026-05-11 19:57:26.600000+00:00,52.1566034,21.1789619,82.8,46.37,-0.124,0.028,0.992,0,46.970901661901685,,328.14271735696343,-1.0,5.0,52.157967,21.174575,33.0
1105,2026-05-11 19:57:27.100000+00:00,52.1566308,21.1788773,82.8,46.68,-0.078,-0.02,0.929,0,46.98821730987011,,328.9582882561348,-1.0,5.0,52.157967,21.174575,33.0
1110,2026-05-11 19:57:27.600000+00:00,52.1566586,21.1787923,82.8,46.95,-0.106,0.015,0.999,0,47.31183239545229,,322.38869522383214,-1.0,5.0,52.157967,21.174575,33.0
1115,2026-05-11 19:57:28.100000+00:00,52.1566875,21.1787082,82.8,47.28,-0.085,-0.002,0.918,0,47.3462587789072,,315.81884632262063,-1.0,5.0,52.157967,21.174575,33.0
1120,2026-05-11 19:57:28.600000+00:00,52.1567166,21.1786238,82.6,47.12,-0.111,0.008,0.999,0,47.55309092811631,,309.2209769487671,-1.0,5.0,52.157967,21.174575,33.0
1125,2026-05-11 19:57:29.100000+00:00,52.1567461,21.1785421,82.5,46.77,-0.107,-0.003,0.98,0,46.56312480583976,,302.768069228398,-1.0,5.0,52.157967,21.174575,33.0
1130,2026-05-11 19:57:29.600000+00:00,52.1567756,21.1784597,82.6,46.67,-0.136,0.003,0.992,0,46.85973671619482,,296.2730708814198,-1.0,5.0,52.157967,21.174575,33.0
1135,2026-05-11 19:57:30.100000+00:00,52.1568043,21.1783756,82.6,46.68,-0.106,0.004,0.903,0,47.26812171549404,,289.7145603484247,-1.0,5.0,52.157967,21.174575,33.0
1140,2026-05-11 19:57:30.600000+00:00,52.1568317,21.1782936,82.4,45.31,-0.154,0.011,0.994,0,45.86258928718448,,283.34900637119915,-1.0,5.0,52.157967,21.174575,33.0
1145,2026-05-11 19:57:31.100000+00:00,52.1568606,21.178213,82.4,45.42,-0.107,-0.011,0.988,0,45.85396948950294,,276.99506854918707,-1.0,5.0,52.157967,21.174575,33.0
1150,2026-05-11 19:57:31.600000+00:00,52.1568886,21.1781336,82.1,45.28,-0.098,0.006,0.962,0,44.98267169519107,,270.7595369446827,-1.0,5.0,52.157967,21.174575,33.0
1155,2026-05-11 19:57:32.100000+00:00,52.1569167,21.1780521,82.0,46.03,-0.091,-0.001,0.949,0,45.91895396430211,,264.39113796609774,-1.0,5.0,52.157967,21.174575,33.0
1160,2026-05-11 19:57:32.600000+00:00,52.1569449,21.1779701,82.0,46.11,-0.095,-0.019,0.955,0,46.172275649023184,,257.98767927029905,-1.0,5.0,52.157967,21.174575,33.0
1165,2026-05-11 19:57:33.100000+00:00,52.1569736,21.1778883,82.0,46.1,-0.075,-0.002,0.957,0,46.284005261287135,,251.57253956313025,-1.0,5.0,52.157967,21.174575,33.0
1170,2026-05-11 19:57:33.600000+00:00,52.1570013,21.1778041,82.0,47.08,-0.101,-0.029,0.98,0,46.92728330981868,,245.0595936168045,-1.0,5.0,52.157967,21.174575,33.0
1175,2026-05-11 19:57:34.100000+00:00,52.1570297,21.1777201,81.9,47.14,-0.079,0.022,0.973,0,47.10862887713118,,238.525157734042,-1.0,5.0,52.157967,21.174575,33.0
1180,2026-05-11 19:57:34.600000+00:00,52.1570582,21.1776342,82.0,47.37,-0.1,0.005,0.993,0,47.96608157134605,,231.86969389342764,-1.0,5.0,52.157967,21.174575,33.0
1185,2026-05-11 19:57:35.100000+00:00,52.1570869,21.1775492,82.0,47.57,-0.096,-0.016,0.956,0,47.65468595969706,,225.2602497943067,-1.0,5.0,52.157967,21.174575,33.0
1190,2026-05-11 19:57:35.600000+00:00,52.1571162,21.177465,81.9,47.61,-0.093,-0.003,0.958,0,47.54594874488358,,218.6716907353808,-1.0,5.0,52.157967,21.174575,33.0
1195,2026-05-11 19:57:36.100000+00:00,52.1571463,21.1773819,81.9,47.49,-0.103,0.008,0.991,0,47.39912481836754,,212.11350756872503,-1.0,5.0,52.157967,21.174575,33.0
1200,2026-05-11 19:57:36.600000+00:00,52.1571759,21.1772983,81.8,46.76,-0.106,-0.023,0.974,0,47.409385676207975,,205.5498853038896,-1.0,5.0,52.157967,21.174575,33.0
1205,2026-05-11 19:57:37.100000+00:00,52.1572052,21.1772129,81.7,47.87,-0.088,0.004,0.942,0,48.05942984088471,,198.89074926457425,-1.0,5.0,52.157967,21.174575,33.0
1210,2026-05-11 19:57:37.600000+00:00,52.1572347,21.1771283,81.5,47.84,-0.098,-0.005,0.972,0,47.79576145942881,,192.2727267231409,-1.0,5.0,52.157967,21.174575,33.0
1215,2026-05-11 19:57:38.100000+00:00,52.1572648,21.177042,81.5,48.51,-0.078,-0.015,0.958,0,48.759024484167874,,185.52287757895533,-1.0,5.0,52.157967,21.174575,33.0
1220,2026-05-11 19:57:38.600000+00:00,52.157295,21.1769558,81.4,48.69,-0.09,-0.001,0.979,0,48.75595944118869,,178.7762637453773,-1.0,5.0,52.157967,21.174575,33.0
1225,2026-05-11 19:57:39.100000+00:00,52.1573258,21.1768693,81.4,49.57,-0.062,0.004,0.958,0,49.12330778472388,,171.98533173142548,-1.0,5.0,52.157967,21.174575,33.0
1230,2026-05-11 19:57:39.600000+00:00,52.1573563,21.1767805,81.4,49.76,-0.07,-0.004,0.976,0,49.98576648309814,,165.06770966465265,-1.0,5.0,52.157967,21.174575,33.0
1235,2026-05-11 19:57:40.100000+00:00,52.1573874,21.1766911,81.5,50.4,-0.068,-0.016,0.96,0,50.4782937054789,,158.08768910801766,-1.0,5.0,52.157967,21.174575,33.0
1240,2026-05-11 19:57:40.600000+00:00,52.1574181,21.1765998,81.5,50.75,-0.088,0.012,0.987,0,51.13743241473058,,151.0099250679771,-1.0,5.0,52.157967,21.174575,33.0
1245,2026-05-11 19:57:41.100000+00:00,52.1574488,21.1765081,81.5,51.28,-0.083,-0.015,0.958,0,51.30977720748689,,143.90959053580835,-1.0,5.0,52.157967,21.174575,33.0
1250,2026-05-11 19:57:41.600000+00:00,52.1574795,21.1764157,81.4,51.51,-0.103,0.003,0.945,0,51.61181486687496,,136.76812456119015,-1.0,5.0,52.157967,21.174575,33.0
1255,2026-05-11 19:57:42.100000+00:00,52.1575109,21.1763261,81.4,50.3,-0.136,0.015,0.981,0,50.68236428847139,,129.7749423604886,-1.0,5.0,52.157967,21.174575,33.0
1260,2026-05-11 19:57:42.600000+00:00,52.1575414,21.176236,81.3,50.37,-0.121,-0.009,0.954,0,50.54371152970142,,122.79407731813218,-1.0,5.0,52.157967,21.174575,33.0
1265,2026-05-11 19:57:43.100000+00:00,52.1575712,21.1761466,81.2,49.76,-0.139,-0.005,0.961,0,49.97296152803301,,115.89166520364316,-1.0,5.0,52.157967,21.174575,33.0
1270,2026-05-11 19:57:43.600000+00:00,52.1576018,21.1760577,81.3,49.68,-0.137,-0.011,0.955,0,50.06754476406061,,108.99258646553945,-1.0,5.0,52.157967,21.174575,33.0
1275,2026-05-11 19:57:44.100000+00:00,52.157632,21.1759693,81.4,49.49,-0.138,0.0,0.975,0,49.69690223570616,,102.14891660896814,-1.0,5.0,52.157967,21.174575,33.0
1280,2026-05-11 19:57:44.600000+00:00,52.1576615,21.1758815,81.4,48.75,-0.124,0.012,0.957,0,49.16797320443172,,95.37966558555868,-1.0,5.0,52.157967,21.174575,33.0
1285,2026-05-11 19:57:45.100000+00:00,52.157691,21.1757936,81.5,48.81,-0.127,-0.005,0.974,0,49.21103254556997,,88.61317094556918,-1.0,5.0,52.157967,21.174575,33.0
1290,2026-05-11 19:57:45.600000+00:00,52.1577204,21.1757066,81.4,48.76,-0.105,0.0,0.957,0,48.78498035853946,,81.91961752898335,-1.0,5.0,52.157967,21.174575,33.0
1295,2026-05-11 19:57:46.100000+00:00,52.15775,21.1756198,81.5,48.75,-0.107,-0.006,0.977,0,48.77652897662871,33.0,75.24656173607954,-1.0,5.0,52.157967,21.174575,33.0
1300,2026-05-11 19:57:46.600000+00:00,52.1577793,21.1755331,81.4,48.59,-0.106,0.006,0.954,0,48.617239691661226,33.0,68.61004544875063,-1.0,5.0,52.157967,21.174575,33.0
1305,2026-05-11 19:57:47.100000+00:00,52.1578086,21.1754464,81.3,48.51,-0.111,0.002,0.975,0,48.61721513899344,33.0,61.998564152051735,-1.0,5.0,52.157967,21.174575,33.0
1310,2026-05-11 19:57:47.600000+00:00,52.157838,21.1753603,81.4,48.24,-0.118,-0.009,0.962,0,48.39816120395263,33.0,55.45773399617551,-1.0,5.0,52.157967,21.174575,33.0
1315,2026-05-11 19:57:48.100000+00:00,52.1578678,21.1752749,81.4,48.24,-0.117,0.005,0.953,0,48.25553830639551,33.0,49.00248061533869,-1.0,5.0,52.157967,21.174575,33.0
1320,2026-05-11 19:57:48.600000+00:00,52.1578969,21.1751894,81.4,47.56,-0.13,0.016,0.963,0,48.02385231588479,33.0,42.63097324863485,-1.0,5.0,52.157967,21.174575,33.0
1325,2026-05-11 19:57:49.100000+00:00,52.1579255,21.1751045,81.4,47.3,-0.12,0.018,0.963,0,47.572387387013066,33.0,36.41427742395984,-1.0,5.0,52.157967,21.174575,33.0
1330,2026-05-11 19:57:49.600000+00:00,52.1579537,21.1750205,81.4,46.85,-0.122,0.011,0.969,0,47.03080374796573,33.0,30.42645901155086,-1.0,5.0,52.157967,21.174575,33.0
1335,2026-05-11 19:57:50.100000+00:00,52.1579816,21.1749367,81.5,46.47,-0.12,-0.001,0.94,0,46.82959496465482,33.0,24.72728799104188,-1.0,5.0,52.157967,21.174575,33.0
1340,2026-05-11 19:57:50.600000+00:00,52.1580092,21.1748538,81.5,45.45,-0.183,0.015,0.987,0,46.32649280530944,33.0,19.5890975121773,-1.0,5.0,52.157967,21.174575,33.0
1345,2026-05-11 19:57:51.100000+00:00,52.1580361,21.1747735,81.6,44.08,-0.205,-0.005,0.942,0,44.93692650089918,33.0,15.56905469189431,-1.0,5.0,52.157967,21.174575,33.0
1350,2026-05-11 19:57:51.600000+00:00,52.1580622,21.1746959,81.7,42.42,-0.206,0.006,0.97,0,43.466102889433984,33.0,13.419295177608843,-1.0,5.0,52.157967,21.174575,33.0
1355,2026-05-11 19:57:52.100000+00:00,52.1580876,21.1746216,81.7,40.86,-0.2,-0.003,0.953,0,41.77641680435684,33.0,13.7817392022382,-1.0,5.0,52.157967,21.174575,33.0
1360,2026-05-11 19:57:52.600000+00:00,52.158112,21.1745503,81.8,39.2,-0.212,0.019,0.961,0,40.09956911336596,33.0,16.211067221404967,-1.0,5.0,52.157967,21.174575,33.0
1365,2026-05-11 19:57:53.100000+00:00,52.1581356,21.1744834,81.8,36.81,-0.228,0.023,0.955,0,37.903433739149726,33.0,19.761396277251016,-1.0,5.0,52.157967,21.174575,33.0
1370,2026-05-11 19:57:53.600000+00:00,52.1581577,21.174421,81.8,34.01,-0.28,0.041,0.955,0,35.38881163465886,33.0,23.66450158113735,-1.0,5.0,52.157967,21.174575,33.0
1375,2026-05-11 19:57:54.100000+00:00,52.1581777,21.1743639,81.8,30.61,-0.294,0.041,0.948,0,32.29416097472394,33.0,27.500570648991854,-1.0,5.0,52.157967,21.174575,33.0
1380,2026-05-11 19:57:54.600000+00:00,52.1581959,21.1743126,81.9,27.9,-0.271,0.021,0.957,0,29.106183552784803,33.0,31.116559515818395,-1.0,5.0,52.157967,21.174575,33.0
1385,2026-05-11 19:57:55.100000+00:00,52.1582129,21.1742661,81.9,25.54,-0.238,0.014,0.95,0,26.586643953363826,33.0,34.520452843307346,-1.0,5.0,52.157967,21.174575,33.0
1390,2026-05-11 19:57:55.600000+00:00,52.1582285,21.1742236,81.9,22.91,-0.272,0.03,0.961,0,24.325212338399336,33.0,37.68447711333436,-1.0,5.0,52.157967,21.174575,33.0
1395,2026-05-11 19:57:56.100000+00:00,52.1582422,21.1741865,81.9,19.98,-0.264,0.033,0.952,0,21.268304264799163,33.0,40.481737333692514,-1.0,5.0,52.157967,21.174575,33.0
1400,2026-05-11 19:57:56.600000+00:00,52.1582542,21.1741527,82.0,18.01,-0.23,0.027,0.952,0,19.18059227910947,33.0,43.00864753282035,-1.0,5.0,52.157967,21.174575,33.0
1405,2026-05-11 19:57:57.100000+00:00,52.1582641,21.1741243,82.0,13.88,-0.362,0.072,0.94,0,16.043413997608017,33.0,45.12915109104174,-1.0,5.0,52.157967,21.174575,33.0
1410,2026-05-11 19:57:57.600000+00:00,52.1582705,21.1741041,82.1,8.65,-0.393,0.074,0.94,0,11.166343874098851,33.0,46.59181364088718,-1.0,5.0,52.157967,21.174575,33.0
1415,2026-05-11 19:57:58.100000+00:00,52.1582737,21.174093,82.1,3.84,-0.366,0.056,0.955,0,6.0237837835133945,33.0,47.37257355930273,-1.0,5.0,52.157967,21.174575,33.0
1420,2026-05-11 19:57:58.600000+00:00,52.1582747,21.1740873,82.3,1.36,-0.243,0.038,0.952,0,2.911815258928567,33.0,47.72293390143662,-1.0,5.0,52.157967,21.174575,33.0
1425,2026-05-11 19:57:59.100000+00:00,52.1582743,21.1740844,82.4,0.11,-0.174,0.019,0.968,0,1.4599092165734553,33.0,47.8292696321563,-1.0,5.0,52.157967,21.174575,33.0
1430,2026-05-11 19:57:59.600000+00:00,52.1582739,21.1740822,82.6,0.03,-0.097,0.003,0.973,0,1.1269997929616682,33.0,47.902704223035,-1.0,5.0,52.157967,21.174575,33.0
1435,2026-05-11 19:58:00.100000+00:00,52.1582736,21.1740803,82.7,0.16,-0.103,0.003,0.971,0,0.9636092290473006,33.0,47.97003756338525,-1.0,5.0,52.157967,21.174575,33.0
1440,2026-05-11 19:58:00.600000+00:00,52.1582731,21.1740784,82.9,0.13,-0.104,0.003,0.972,0,1.0154296197983577,33.0,48.0218844251032,-1.0,5.0,52.157967,21.174575,33.0
1445,2026-05-11 19:58:01.100000+00:00,52.1582727,21.1740765,83.0,0.05,-0.104,0.006,0.972,0,0.9866156270729288,33.0,48.08194954249301,-1.0,5.0,52.157967,21.174575,33.0
1450,2026-05-11 19:58:01.600000+00:00,52.1582724,21.174075,83.1,0.24,-0.104,0.002,0.972,0,0.7748962071665949,33.0,48.13083073754576,-1.0,5.0,52.157967,21.174575,33.0
1455,2026-05-11 19:58:02.100000+00:00,52.158272,21.174074,83.2,0.05,-0.103,0.003,0.973,0,0.5863351113169717,33.0,48.147856989334464,-1.0,5.0,52.157967,21.174575,33.0
1460,2026-05-11 19:58:02.600000+00:00,52.1582717,21.1740726,83.4,0.07,-0.107,0.003,0.972,0,0.7283585643026144,33.0,48.192235838981176,-1.0,5.0,52.157967,21.174575,33.0
1465,2026-05-11 19:58:03.100000+00:00,52.1582714,21.1740714,83.5,0.06,-0.1,0.003,0.971,0,0.6364466638086201,33.0,48.22706650252619,-1.0,5.0,52.157967,21.174575,33.0
1470,2026-05-11 19:58:03.600000+00:00,52.158271,21.1740701,83.7,0.16,-0.1,0.004,0.972,0,0.7143112449027589,33.0,48.25911218916004,-1.0,5.0,52.157967,21.174575,33.0
1475,2026-05-11 19:58:04.100000+00:00,52.1582708,21.174069,83.8,0.1,-0.102,0.002,0.973,0,0.5634999359685792,33.0,48.29713783407687,-1.0,5.0,52.157967,21.174575,33.0
1480,2026-05-11 19:58:04.600000+00:00,52.1582706,21.1740678,83.9,0.06,-0.105,0.002,0.974,0,0.6107504172046557,33.0,48.340142623922176,-1.0,5.0,52.157967,21.174575,33.0
1485,2026-05-11 19:58:05.100000+00:00,52.1582703,21.1740667,84.1,0.04,-0.104,0.003,0.972,0,0.5912533113677301,33.0,48.370614916285554,-1.0,5.0,52.157967,21.174575,33.0
1490,2026-05-11 19:58:05.600000+00:00,52.1582701,21.1740657,84.2,0.08,-0.105,0.003,0.971,0,0.5165974956038548,33.0,48.40405171097802,-1.0,5.0,52.157967,21.174575,33.0
1495,2026-05-11 19:58:06.100000+00:00,52.1582697,21.1740646,84.3,0.08,-0.103,0.003,0.972,0,0.6280510325269181,33.0,48.42701490533977,-1.0,5.0,52.157967,21.174575,33.0
1500,2026-05-11 19:58:06.600000+00:00,52.1582694,21.1740634,84.4,0.09,-0.102,0.002,0.974,0,0.6364466864118841,33.0,48.46275173068495,-1.0,5.0,52.157967,21.174575,33.0
1505,2026-05-11 19:58:07.100000+00:00,52.1582692,21.1740623,84.5,0.11,-0.105,0.004,0.973,0,0.5634999530913799,33.0,48.50140641916845,-1.0,5.0,52.157967,21.174575,33.0
1510,2026-05-11 19:58:07.600000+00:00,52.1582688,21.174061,84.6,0.08,-0.104,0.004,0.973,0,0.7143112745091179,33.0,48.53462942603947,-1.0,5.0,52.157967,21.174575,33.0
1515,2026-05-11 19:58:08.100000+00:00,52.1582683,21.1740595,84.7,0.02,-0.107,0.006,0.969,0,0.8384621505719405,33.0,48.57023711391011,-1.0,5.0,52.157967,21.174575,33.0
1520,2026-05-11 19:58:08.600000+00:00,52.1582678,21.1740575,84.9,0.1,-0.105,0.0,0.973,0,1.0607445113711265,33.0,48.63085177590478,-1.0,5.0,52.157967,21.174575,33.0
1525,2026-05-11 19:58:09.100000+00:00,52.1582672,21.1740557,85.0,0.04,-0.104,0.004,0.97,0,1.0061545980390594,33.0,48.674281569422895,-1.0,5.0,52.157967,21.174575,33.0
1530,2026-05-11 19:58:09.600000+00:00,52.1582668,21.1740542,85.1,0.11,-0.105,0.002,0.973,0,0.8033255134814613,33.0,48.71835770437961,-1.0,5.0,52.157967,21.174575,33.0
1535,2026-05-11 19:58:10.100000+00:00,52.1582664,21.1740529,85.2,0.1,-0.101,0.002,0.974,0,0.7143113052836602,33.0,48.752681450213394,-1.0,5.0,52.157967,21.174575,33.0
1540,2026-05-11 19:58:10.600000+00:00,52.158266,21.1740517,85.3,0.05,-0.101,0.002,0.972,0,0.6707697487725979,33.0,48.7821906662148,-1.0,5.0,52.157967,21.174575,33.0
1545,2026-05-11 19:58:11.100000+00:00,52.1582656,21.1740506,85.4,0.06,-0.103,0.003,0.972,0,0.6280510727411593,33.0,48.80685976192351,-1.0,5.0,52.157967,21.174575,33.0
1550,2026-05-11 19:58:11.600000+00:00,52.1582653,21.1740497,85.4,0.02,-0.104,0.004,0.972,0,0.5030773193398875,33.0,48.82921017204718,-1.0,5.0,52.157967,21.174575,33.0
1555,2026-05-11 19:58:12.100000+00:00,52.158265,21.1740486,85.5,0.06,-0.105,0.002,0.972,0,0.5912533688703694,33.0,48.861676041824616,-1.0,5.0,52.157967,21.174575,33.0
1560,2026-05-11 19:58:12.600000+00:00,52.1582647,21.1740477,85.5,0.12,-0.102,0.002,0.972,0,0.5030773245756834,33.0,48.88421826725152,-1.0,5.0,52.157967,21.174575,33.0
1565,2026-05-11 19:58:13.100000+00:00,52.1582644,21.1740466,85.6,0.14,-0.09,-0.001,0.975,0,0.5912533726704081,33.0,48.91690241346898,-1.0,5.0,52.157967,21.174575,33.0
1570,2026-05-11 19:58:13.600000+00:00,52.1582649,21.1740442,85.6,1.28,-0.034,-0.01,0.973,0,1.2448901961691836,33.0,49.075177672205776,-1.0,5.0,52.157967,21.174575,33.0
1575,2026-05-11 19:58:14.100000+00:00,52.1582664,21.1740395,85.6,2.78,-0.031,-0.018,0.978,0,2.6021223861221148,33.0,49.42440907539101,-1.0,5.0,52.157967,21.174575,33.0
1580,2026-05-11 19:58:14.600000+00:00,52.1582687,21.1740325,85.7,4.18,-0.031,-0.015,0.979,0,3.900153020973228,33.0,49.94978753651847,-1.0,5.0,52.157967,21.174575,33.0
1585,2026-05-11 19:58:15.100000+00:00,52.158272,21.1740234,85.7,5.53,-0.024,-0.018,0.98,0,5.191987492991289,33.0,50.65636477062522,-1.0,5.0,52.157967,21.174575,33.0
1590,2026-05-11 19:58:15.600000+00:00,52.1582767,21.1740116,85.7,7.14,-0.016,-0.02,0.98,0,6.910021699352278,33.0,51.60440360586541,-1.0,5.0,52.157967,21.174575,33.0
1595,2026-05-11 19:58:16.100000+00:00,52.1582826,21.1739965,85.8,9.05,-0.005,-0.025,0.983,0,8.792942700844197,33.0,52.809733097572085,-1.0,5.0,52.157967,21.174575,33.0
1600,2026-05-11 19:58:16.600000+00:00,52.1582897,21.1739785,85.8,10.88,-0.003,-0.026,0.973,0,10.510516684744015,33.0,54.252398497200886,-1.0,5.0,52.157967,21.174575,33.0
1605,2026-05-11 19:58:17.100000+00:00,52.1582979,21.1739578,85.8,12.33,-0.006,-0.031,0.975,0,12.102270019652988,33.0,55.91512370704477,-1.0,5.0,52.157967,21.174575,33.0
1610,2026-05-11 19:58:17.600000+00:00,52.158308,21.1739338,85.8,14.75,0.008,-0.035,0.976,0,14.29460411130983,33.0,57.88738550752148,-1.0,5.0,52.157967,21.174575,33.0
1615,2026-05-11 19:58:18.100000+00:00,52.1583195,21.1739063,85.8,16.39,-0.007,-0.032,0.981,0,16.346279474510016,33.0,60.14304384962079,-1.0,5.0,52.157967,21.174575,33.0
1620,2026-05-11 19:58:18.600000+00:00,52.1583322,21.1738769,85.8,17.64,-0.054,-0.006,0.97,0,17.660526116482462,33.0,62.58496395938794,-1.0,5.0,52.157967,21.174575,33.0
1625,2026-05-11 19:58:19.100000+00:00,52.1583451,21.1738476,85.8,17.32,-0.106,-0.002,0.961,0,17.713265289056316,33.0,65.03687456991963,-1.0,5.0,52.157967,21.174575,33.0
1630,2026-05-11 19:58:19.600000+00:00,52.1583581,21.1738182,85.9,17.22,-0.118,0.001,0.97,0,17.799881704315013,33.0,67.5017672514046,-1.0,5.0,52.157967,21.174575,33.0
1635,2026-05-11 19:58:20.100000+00:00,52.1583706,21.1737889,86.0,17.41,-0.127,0.003,0.964,0,17.52847152919874,33.0,69.92625187944175,-1.0,5.0,52.157967,21.174575,33.0
1640,2026-05-11 19:58:20.600000+00:00,52.1583823,21.1737593,86.1,17.0,-0.113,0.056,0.969,0,17.29452780186117,33.0,72.31030238583475,-1.0,5.0,52.157967,21.174575,33.0
1645,2026-05-11 19:58:21.100000+00:00,52.158393,21.1737295,86.1,16.57,-0.112,0.055,0.966,0,16.959032920700455,33.0,74.63541535445873,-1.0,5.0,52.157967,21.174575,33.0
1650,2026-05-11 19:58:21.600000+00:00,52.1584023,21.1736995,86.1,16.32,-0.112,0.094,0.97,0,16.508991542866358,33.0,76.87484515231442,-1.0,5.0,52.157967,21.174575,33.0
1655,2026-05-11 19:58:22.100000+00:00,52.1584096,21.1736686,86.1,16.15,-0.11,0.119,0.968,0,16.263106273191813,33.0,79.02659480361018,-1.0,5.0,52.157967,21.174575,33.0
1660,2026-05-11 19:58:22.600000+00:00,52.1584143,21.1736374,86.0,15.59,-0.12,0.118,0.972,0,15.779245668800383,,81.02248320421636,-1.0,5.0,52.157967,21.174575,33.0
1665,2026-05-11 19:58:23.100000+00:00,52.1584163,21.1736053,86.0,15.59,-0.122,0.102,0.96,0,15.84716112390604,,82.89583249110308,-1.0,5.0,52.157967,21.174575,33.0
1670,2026-05-11 19:58:23.600000+00:00,52.1584156,21.1735731,86.0,15.47,-0.128,0.116,0.965,0,15.825101724560994,,84.61308933141503,-1.0,5.0,52.157967,21.174575,33.0
1675,2026-05-11 19:58:24.100000+00:00,52.1584117,21.1735419,86.0,15.62,-0.136,0.141,0.959,0,15.638885203902245,,86.09156134678753,-1.0,5.0,52.157967,21.174575,33.0
1680,2026-05-11 19:58:24.600000+00:00,52.1584064,21.1735151,85.9,13.32,-0.143,0.09,0.966,0,13.829960285788612,,87.26308099480657,-1.0,5.0,52.157967,21.174575,33.0
1685,2026-05-11 19:58:25.100000+00:00,52.158398,21.1734869,85.9,15.44,-0.151,0.077,0.969,0,15.396902645017002,,88.3533988544771,-1.0,5.0,52.157967,21.174575,33.0
1690,2026-05-11 19:58:25.600000+00:00,52.1583879,21.1734604,86.0,15.28,-0.14,0.067,0.971,0,15.32288523135813,,89.28364406502641,-1.0,5.0,52.157967,21.174575,33.0
1695,2026-05-11 19:58:26.100000+00:00,52.1583762,21.1734358,85.9,15.49,-0.118,0.083,0.959,0,15.288115058463168,,90.05270888649163,-1.0,5.0,52.157967,21.174575,33.0
1700,2026-05-11 19:58:26.600000+00:00,52.1583629,21.1734119,85.9,16.04,-0.117,0.073,0.975,0,15.84851133681842,,90.73672822535482,-1.0,5.0,52.157967,21.174575,33.0
1705,2026-05-11 19:58:27.100000+00:00,52.1583483,21.1733896,86.0,15.86,-0.132,0.035,1.002,0,16.0184661598791,,91.30479554937853,-1.0,5.0,52.157967,21.174575,33.0
1710,2026-05-11 19:58:27.600000+00:00,52.1583334,21.1733681,86.0,16.05,-0.11,0.007,0.965,0,15.93144882904534,,91.85950601399932,-1.0,5.0,52.157967,21.174575,33.0
1715,2026-05-11 19:58:28.100000+00:00,52.1583182,21.1733461,86.1,16.03,-0.099,-0.044,0.963,0,16.274086550623778,,92.48067528292304,-1.0,5.0,52.157967,21.174575,33.0
1720,2026-05-11 19:58:28.600000+00:00,52.1583038,21.173323,86.1,16.47,-0.093,-0.08,0.96,0,16.17515104043266,,93.25699171652454,-1.0,5.0,52.157967,21.174575,33.0
1725,2026-05-11 19:58:29.100000+00:00,52.1582909,21.1732976,86.1,16.44,-0.112,-0.125,0.967,0,16.19560722061647,,94.28922296423316,-1.0,5.0,52.157967,21.174575,33.0
1730,2026-05-11 19:58:29.600000+00:00,52.1582792,21.1732698,86.0,16.96,-0.132,-0.092,0.959,0,16.55829836633116,,95.56433267501578,-1.0,5.0,52.157967,21.174575,33.0
1735,2026-05-11 19:58:30.100000+00:00,52.1582693,21.1732402,86.1,16.45,-0.133,-0.12,0.962,0,16.558408968392943,,97.0616579521208,-1.0,5.0,52.157967,21.174575,33.0
1740,2026-05-11 19:58:30.600000+00:00,52.158262,21.1732083,86.1,17.14,-0.154,-0.152,0.961,0,16.722427965014617,,98.8336030445446,-1.0,5.0,52.157967,21.174575,33.0
1745,2026-05-11 19:58:31.100000+00:00,52.1582577,21.1731749,86.1,17.29,-0.163,-0.141,0.962,0,16.761949808338738,,100.8314184780188,-1.0,5.0,52.157967,21.174575,33.0
1750,2026-05-11 19:58:31.600000+00:00,52.1582563,21.1731405,86.2,17.31,-0.166,-0.171,0.955,0,16.932912533130928,,103.00823615026272,-1.0,5.0,52.157967,21.174575,33.0
1755,2026-05-11 19:58:32.100000+00:00,52.1582586,21.1731041,86.2,18.15,-0.168,-0.155,0.951,0,17.97266644788394,,105.44833382783884,-1.0,5.0,52.157967,21.174575,33.0
1760,2026-05-11 19:58:32.600000+00:00,52.1582639,21.1730685,86.4,17.87,-0.15,-0.125,0.958,0,17.992654173886,,107.94054696289896,-1.0,5.0,52.157967,21.174575,33.0
1765,2026-05-11 19:58:33.100000+00:00,52.1582722,21.1730332,86.3,18.73,-0.147,-0.129,0.96,0,18.567602577002013,,110.51554758839772,-1.0,5.0,52.157967,21.174575,33.0
1770,2026-05-11 19:58:33.600000+00:00,52.1582834,21.1729989,86.4,18.95,-0.154,-0.133,0.967,0,19.08435098363675,,113.125697471848,-1.0,5.0,52.157967,21.174575,33.0
1775,2026-05-11 19:58:34.100000+00:00,52.1582968,21.1729652,86.5,19.89,-0.16,-0.138,0.946,0,19.724579055926405,,115.77608745329526,-1.0,5.0,52.157967,21.174575,33.0
1780,2026-05-11 19:58:34.600000+00:00,52.1583128,21.1729344,86.5,19.72,-0.163,-0.107,0.968,0,19.82249884484428,,118.33689521903176,-1.0,5.0,52.157967,21.174575,33.0
1785,2026-05-11 19:58:35.100000+00:00,52.15833,21.1729053,86.8,19.42,-0.163,-0.07,0.958,0,19.846978005088165,,120.84130414682544,-1.0,5.0,52.157967,21.174575,33.0
1790,2026-05-11 19:58:35.600000+00:00,52.1583488,21.1728818,86.8,18.84,-0.162,-0.048,0.976,0,18.96745219023567,,123.0589208010101,-1.0,5.0,52.157967,21.174575,33.0
1795,2026-05-11 19:58:36.100000+00:00,52.1583674,21.1728595,86.8,18.19,-0.141,-0.034,0.964,0,18.485440723114216,,125.20825882248997,-1.0,5.0,52.157967,21.174575,33.0
1800,2026-05-11 19:58:36.600000+00:00,52.1583858,21.1728381,87.0,17.89,-0.118,-0.01,0.971,0,18.096424231048687,,127.30780448594898,-1.0,5.0,52.157967,21.174575,33.0
1805,2026-05-11 19:58:37.100000+00:00,52.1584044,21.1728182,87.1,17.4,-0.091,0.025,0.966,0,17.81233401325901,,129.33563611371196,-1.0,5.0,52.157967,21.174575,33.0
1810,2026-05-11 19:58:37.600000+00:00,52.1584223,21.1727978,87.2,17.21,-0.062,0.055,0.972,0,17.486089492840662,,131.38020703430047,-1.0,5.0,52.157967,21.174575,33.0
1815,2026-05-11 19:58:38.100000+00:00,52.15844,21.172776,87.2,18.35,-0.023,0.006,0.967,0,17.760956893811766,,133.51666010856255,-1.0,5.0,52.157967,21.174575,33.0
1820,2026-05-11 19:58:38.600000+00:00,52.1584588,21.1727522,87.3,19.53,-0.005,-0.024,0.986,0,19.057457112481867,,135.8384378318171,-1.0,5.0,52.157967,21.174575,33.0
1825,2026-05-11 19:58:39.100000+00:00,52.1584799,21.1727271,87.4,21.67,0.024,-0.037,0.967,0,20.91275020948735,,138.35797994754606,-1.0,5.0,52.157967,21.174575,33.0
1830,2026-05-11 19:58:39.600000+00:00,52.1585031,21.1726993,87.4,23.58,0.003,-0.021,0.969,0,23.052704546019623,,141.15784340760317,-1.0,5.0,52.157967,21.174575,33.0
1835,2026-05-11 19:58:40.100000+00:00,52.1585275,21.17267,87.4,24.66,-0.019,0.012,0.977,0,24.26315012923456,,144.1244019774364,-1.0,5.0,52.157967,21.174575,33.0
1840,2026-05-11 19:58:40.600000+00:00,52.1585529,21.172638,87.4,26.08,-0.038,-0.003,0.968,0,25.701099899555743,,147.3226980738779,-1.0,5.0,52.157967,21.174575,33.0
1845,2026-05-11 19:58:41.100000+00:00,52.1585795,21.1726054,87.3,26.88,-0.032,0.0,0.959,0,26.643810524498605,,150.6344883134444,-1.0,5.0,52.157967,21.174575,33.0
1850,2026-05-11 19:58:41.600000+00:00,52.158607,21.1725688,87.4,28.28,-0.03,0.021,0.983,0,28.42311829337892,,154.25223712031692,-1.0,5.0,52.157967,21.174575,33.0
1855,2026-05-11 19:58:42.100000+00:00,52.1586353,21.1725319,87.3,29.48,-0.026,0.01,0.983,0,29.01387771295464,,157.9456875771759,-1.0,5.0,52.157967,21.174575,33.0
1860,2026-05-11 19:58:42.600000+00:00,52.1586645,21.1724912,87.2,31.38,-0.021,0.016,0.969,0,30.758878869088186,,161.93068186119274,-1.0,5.0,52.157967,21.174575,33.0
1865,2026-05-11 19:58:43.100000+00:00,52.1586939,21.1724478,87.2,32.06,-0.035,0.024,0.971,0,31.755256229620077,,166.1016719689063,-1.0,5.0,52.157967,21.174575,33.0
1870,2026-05-11 19:58:43.600000+00:00,52.1587239,21.1724026,87.2,32.57,-0.051,0.025,0.965,0,32.70643683625563,,170.4244455515991,-1.0,5.0,52.157967,21.174575,33.0
1875,2026-05-11 19:58:44.100000+00:00,52.1587534,21.1723575,87.1,32.47,-0.104,0.037,0.972,0,32.379983256293855,,174.7246310007814,-1.0,5.0,52.159833,21.170371,32.0
1880,2026-05-11 19:58:44.600000+00:00,52.1587823,21.1723106,87.1,32.47,-0.125,0.044,0.967,0,32.64890103184874,,176.50916422196516,-1.0,5.0,52.159833,21.170371,32.0
1885,2026-05-11 19:58:45.100000+00:00,52.1588108,21.1722634,87.1,32.14,-0.116,0.034,0.957,0,32.52757847021551,,171.99822546177109,-1.0,5.0,52.159833,21.170371,32.0
1890,2026-05-11 19:58:45.600000+00:00,52.158839,21.1722163,87.1,31.92,-0.122,0.023,0.962,0,32.32437259026962,,167.51478907268162,-1.0,5.0,52.159833,21.170371,32.0
1895,2026-05-11 19:58:46.100000+00:00,52.1588665,21.1721693,87.1,31.61,-0.126,0.028,0.972,0,31.899893050274148,,163.0881023067718,-1.0,5.0,52.159833,21.170371,32.0
1900,2026-05-11 19:58:46.600000+00:00,52.1588934,21.1721222,87.1,31.55,-0.106,0.012,0.971,0,31.606191647381163,,158.70041123889803,-1.0,5.0,52.159833,21.170371,32.0
1905,2026-05-11 19:58:47.100000+00:00,52.1589206,21.1720746,87.0,31.93,-0.084,-0.003,0.966,0,31.949580535756063,,154.26520643773887,-1.0,5.0,52.159833,21.170371,32.0
1910,2026-05-11 19:58:47.600000+00:00,52.1589481,21.1720263,87.1,32.31,-0.079,-0.007,0.97,0,32.36490155734307,,149.7722202016984,-1.0,5.0,52.159833,21.170371,32.0
1915,2026-05-11 19:58:48.100000+00:00,52.1589762,21.1719771,87.0,33.45,-0.065,-0.008,0.974,0,33.015699712572896,,145.1892611640396,-1.0,5.0,52.159833,21.170371,32.0
1920,2026-05-11 19:58:48.600000+00:00,52.1590049,21.1719273,87.0,33.75,-0.057,-0.005,0.968,0,33.559032418330304,,140.53183430590047,-1.0,5.0,52.159833,21.170371,32.0
1925,2026-05-11 19:58:49.100000+00:00,52.1590344,21.1718755,87.0,35.07,-0.048,-0.008,0.966,0,34.714095327308044,,135.7132748330084,-1.0,5.0,52.159833,21.170371,32.0
1930,2026-05-11 19:58:49.600000+00:00,52.1590643,21.1718218,87.0,35.78,-0.058,0.02,0.971,0,35.61812221878774,,130.76775652848215,-1.0,5.0,52.159833,21.170371,32.0
1935,2026-05-11 19:58:50.100000+00:00,52.159095,21.1717666,87.0,36.51,-0.048,0.0,0.968,0,36.59409661141777,,125.68677087420798,-1.0,5.0,52.159833,21.170371,32.0
1940,2026-05-11 19:58:50.600000+00:00,52.1591264,21.17171,87.0,37.59,-0.065,-0.01,0.97,0,37.4799445303169,,120.4827567378974,-1.0,5.0,52.159833,21.170371,32.0
1945,2026-05-11 19:58:51.100000+00:00,52.1591586,21.1716528,86.9,38.2,-0.076,-0.006,0.971,0,38.12910067770435,,115.18989657605178,-1.0,5.0,52.159833,21.170371,32.0
1950,2026-05-11 19:58:51.600000+00:00,52.1591913,21.1715946,87.0,38.8,-0.073,-0.006,0.976,0,38.76162823017158,,109.80933553073878,-1.0,5.0,52.159833,21.170371,32.0
1955,2026-05-11 19:58:52.100000+00:00,52.1592244,21.1715356,87.0,39.46,-0.079,-0.001,0.945,0,39.26767138330566,,104.35870109773832,-1.0,5.0,52.159833,21.170371,32.0
1960,2026-05-11 19:58:52.600000+00:00,52.1592578,21.1714761,87.0,39.73,-0.085,0.004,0.978,0,39.61096492618182,,98.8608335415347,-1.0,5.0,52.159833,21.170371,32.0
1965,2026-05-11 19:58:53.100000+00:00,52.1592912,21.1714161,87.0,39.88,-0.103,0.001,0.981,0,39.79246614262465,,93.3373457276481,-1.0,5.0,52.159833,21.170371,32.0
1970,2026-05-11 19:58:53.600000+00:00,52.1593248,21.1713559,87.1,39.82,-0.1,0.009,0.981,0,39.97282828542495,,87.78951241225626,-1.0,5.0,52.159833,21.170371,32.0
1975,2026-05-11 19:58:54.100000+00:00,52.1593583,21.1712962,87.1,39.65,-0.114,0.0,0.958,0,39.73743196752589,,82.2755100298149,-1.0,5.0,52.159833,21.170371,32.0
1980,2026-05-11 19:58:54.600000+00:00,52.1593914,21.1712369,87.2,39.32,-0.13,0.012,0.969,0,39.37644849942068,32.0,76.81165520759205,-1.0,5.0,52.159833,21.170371,32.0
1985,2026-05-11 19:58:55.100000+00:00,52.1594241,21.1711781,87.2,38.86,-0.121,0.003,0.963,0,38.97934145364732,32.0,71.40320355593359,-1.0,5.0,52.159833,21.170371,32.0
1990,2026-05-11 19:58:55.600000+00:00,52.1594565,21.1711205,87.3,38.29,-0.124,0.009,0.968,0,38.381974089934594,32.0,66.08009313420528,-1.0,5.0,52.159833,21.170371,32.0
1995,2026-05-11 19:58:56.100000+00:00,52.1594886,21.1710636,87.3,37.98,-0.124,0.006,0.962,0,37.96627710840771,32.0,60.81643852648717,-1.0,5.0,52.159833,21.170371,32.0
2000,2026-05-11 19:58:56.600000+00:00,52.1595199,21.1710076,87.2,37.2,-0.124,0.014,0.965,0,37.20775230509128,32.0,55.658111012191824,-1.0,5.0,52.159833,21.170371,32.0
2005,2026-05-11 19:58:57.100000+00:00,52.1595512,21.1709521,87.3,36.54,-0.125,0.003,0.967,0,37.026581237634055,32.0,50.52846336297232,-1.0,5.0,52.159833,21.170371,32.0
2010,2026-05-11 19:58:57.600000+00:00,52.159582,21.1708969,87.4,36.47,-0.124,0.013,0.968,0,36.64769793744436,32.0,45.45202514994359,-1.0,5.0,52.159833,21.170371,32.0
2015,2026-05-11 19:58:58.100000+00:00,52.1596123,21.170843,87.4,35.73,-0.118,0.005,0.958,0,35.90625321698994,32.0,40.48322245338538,-1.0,5.0,52.159833,21.170371,32.0
2020,2026-05-11 19:58:58.600000+00:00,52.1596424,21.1707892,87.4,35.77,-0.119,0.008,0.964,0,35.761952770231844,32.0,35.5382528703996,-1.0,5.0,52.159833,21.170371,32.0
2025,2026-05-11 19:58:59.100000+00:00,52.1596723,21.1707363,87.5,35.29,-0.104,0.011,0.968,0,35.32789894154649,32.0,30.663247771345823,-1.0,5.0,52.159833,21.170371,32.0
2030,2026-05-11 19:58:59.600000+00:00,52.1597019,21.170683,87.5,35.19,-0.09,0.005,0.956,0,35.31097962524651,32.0,25.79655059995889,-1.0,5.0,52.159833,21.170371,32.0
2035,2026-05-11 19:59:00.100000+00:00,52.1597316,21.1706298,87.5,35.34,-0.097,0.005,0.958,0,35.3284066768539,32.0,20.9471642292016,-1.0,5.0,52.159833,21.170371,32.0
2040,2026-05-11 19:59:00.600000+00:00,52.1597615,21.1705765,87.5,35.22,-0.106,0.008,0.98,0,35.47259072960644,32.0,16.115579686033907,-1.0,5.0,52.159833,21.170371,32.0
2045,2026-05-11 19:59:01.100000+00:00,52.1597911,21.1705233,87.5,35.69,-0.097,0.003,0.959,0,35.27454554124156,32.0,11.385838776528995,-1.0,5.0,52.159833,21.170371,32.0
2050,2026-05-11 19:59:01.600000+00:00,52.159821,21.1704694,87.5,35.67,-0.096,0.0,0.969,0,35.69058675258269,32.0,6.843575258075725,-1.0,5.0,52.159833,21.170371,32.0
2055,2026-05-11 19:59:02.100000+00:00,52.1598509,21.1704155,87.4,36.0,-0.088,0.004,0.962,0,35.69057355839318,32.0,3.629872331033564,-1.0,5.0,52.159833,21.170371,32.0
2060,2026-05-11 19:59:02.600000+00:00,52.1598815,21.1703615,87.4,36.16,-0.092,0.002,0.979,0,36.104898928012936,32.0,5.431748819676317,-1.0,5.0,52.159833,21.170371,32.0
2065,2026-05-11 19:59:03.100000+00:00,52.1599118,21.1703065,87.3,36.25,-0.088,-0.003,0.962,0,36.30626582869864,32.0,9.804770894821038,-1.0,5.0,52.159833,21.170371,32.0
2070,2026-05-11 19:59:03.600000+00:00,52.1599429,21.1702517,87.3,36.65,-0.103,0.004,0.976,0,36.66512055797366,32.0,14.682013019511556,-1.0,5.0,52.159833,21.170371,32.0
2075,2026-05-11 19:59:04.100000+00:00,52.1599735,21.1701965,87.4,36.46,-0.123,0.004,0.959,0,36.53997494401054,32.0,19.640840665158635,-1.0,5.0,52.159833,21.170371,32.0
2080,2026-05-11 19:59:04.600000+00:00,52.160004,21.1701426,87.2,36.19,-0.121,0.009,0.964,0,36.01445312833239,32.0,24.582124061203896,-1.0,5.0,52.159833,21.170371,32.0
2085,2026-05-11 19:59:05.100000+00:00,52.1600345,21.1700888,87.3,35.7,-0.123,0.006,0.967,0,35.97835438065985,32.0,29.539404895513947,-1.0,5.0,52.159833,21.170371,32.0
2090,2026-05-11 19:59:05.600000+00:00,52.1600645,21.1700351,87.3,35.49,-0.128,0.004,0.972,0,35.67153983248258,32.0,34.462063150632616,-1.0,5.0,52.159833,21.170371,32.0
2095,2026-05-11 19:59:06.100000+00:00,52.1600946,21.1699825,87.3,35.26,-0.123,-0.004,0.955,0,35.32852646718408,32.0,39.35031095767965,-1.0,5.0,52.159833,21.170371,32.0
2100,2026-05-11 19:59:06.600000+00:00,52.1601242,21.1699307,87.3,34.52,-0.134,0.007,0.979,0,34.768158245204155,32.0,44.16477856178274,-1.0,5.0,52.159833,21.170371,32.0
2105,2026-05-11 19:59:07.100000+00:00,52.1601538,21.1698792,87.4,34.58,-0.12,0.012,0.954,0,34.660478103653894,32.0,48.96806646720628,-1.0,5.0,52.159833,21.170371,32.0
2110,2026-05-11 19:59:07.600000+00:00,52.160183,21.1698295,87.2,33.18,-0.154,0.011,0.971,0,33.798415350727424,32.0,53.656442518489655,-1.0,5.0,52.159833,21.170371,32.0
2115,2026-05-11 19:59:08.100000+00:00,52.1602107,21.1697801,87.3,31.56,-0.187,0.016,0.958,0,32.8702662164233,32.0,58.21116344345685,-1.0,5.0,52.159833,21.170371,32.0
2120,2026-05-11 19:59:08.600000+00:00,52.1602375,21.1697317,87.4,31.69,-0.171,-0.013,0.962,0,32.022236889812746,32.0,62.648087054739264,-1.0,5.0,52.159833,21.170371,32.0
2125,2026-05-11 19:59:09.100000+00:00,52.1602642,21.1696868,87.5,30.16,-0.198,-0.036,0.945,0,30.71198050522532,32.0,66.91171935873908,-1.0,5.0,52.159833,21.170371,32.0
2130,2026-05-11 19:59:09.600000+00:00,52.1602907,21.1696461,87.5,28.78,-0.212,-0.069,0.94,0,29.1493489031862,32.0,70.95973358925485,-1.0,5.0,52.159833,21.170371,32.0
2135,2026-05-11 19:59:10.100000+00:00,52.1603171,21.1696095,87.6,26.79,-0.226,-0.007,1.0,0,27.74609783992368,32.0,74.8053453210223,-1.0,5.0,52.159833,21.170371,32.0
2140,2026-05-11 19:59:10.600000+00:00,52.1603422,21.1695765,87.6,25.28,-0.206,0.006,0.924,0,25.816560984073853,32.0,78.37747390535628,-1.0,5.0,52.159833,21.170371,32.0
2145,2026-05-11 19:59:11.100000+00:00,52.1603654,21.1695456,87.8,23.12,-0.24,0.004,0.954,0,23.98551413999692,,81.69896171443953,-1.0,5.0,52.159833,21.170371,32.0
2150,2026-05-11 19:59:11.600000+00:00,52.1603871,21.1695181,88.0,21.42,-0.192,0.04,0.97,0,22.005468514523876,,84.7407011151841,-1.0,5.0,52.159833,21.170371,32.0
2155,2026-05-11 19:59:12.100000+00:00,52.160407,21.1694904,88.1,20.55,-0.138,0.084,0.976,0,20.950129321298405,,87.64692680237599,-1.0,5.0,52.159833,21.170371,32.0
2160,2026-05-11 19:59:12.600000+00:00,52.1604249,21.1694615,88.1,20.17,-0.134,0.012,0.946,0,20.170121328577554,,90.44744962335233,-1.0,5.0,52.159833,21.170371,32.0
2165,2026-05-11 19:59:13.100000+00:00,52.1604426,21.1694336,88.1,19.3,-0.15,0.001,0.97,0,19.71215811645821,,93.18503409940811,-1.0,5.0,52.159833,21.170371,32.0
2170,2026-05-11 19:59:13.600000+00:00,52.1604596,21.1694065,88.1,18.48,-0.148,0.013,0.968,0,19.03645708525061,,95.82857086418164,-1.0,5.0,52.159833,21.170371,32.0
2175,2026-05-11 19:59:14.100000+00:00,52.1604752,21.1693799,88.0,17.29,-0.155,-0.026,0.966,0,18.07363775400229,,98.3356008042405,-1.0,5.0,52.159833,21.170371,32.0
2180,2026-05-11 19:59:14.600000+00:00,52.1604892,21.1693527,87.8,17.15,-0.151,-0.032,0.955,0,17.438073073502647,,100.7420358413069,-1.0,5.0,52.159833,21.170371,32.0
2185,2026-05-11 19:59:15.100000+00:00,52.1605039,21.1693285,87.6,15.89,-0.181,-0.021,0.935,0,16.726286779084706,,103.06414193579936,-1.0,5.0,52.159833,21.170371,32.0
2190,2026-05-11 19:59:15.600000+00:00,52.1605168,21.169307,87.7,13.76,-0.258,0.008,0.965,0,14.7703245160536,,105.1143431075466,-1.0,5.0,52.159833,21.170371,32.0
2195,2026-05-11 19:59:16.100000+00:00,52.1605269,21.1692887,87.7,10.77,-0.276,-0.015,0.956,0,12.089819135114784,,106.78871344145652,-1.0,5.0,52.159833,21.170371,32.0
2200,2026-05-11 19:59:16.600000+00:00,52.1605353,21.1692778,87.5,7.53,-0.308,-0.017,0.953,0,8.595620696007648,,107.97766079187852,-1.0,5.0,52.159833,21.170371,32.0
2205,2026-05-11 19:59:17.100000+00:00,52.1605404,21.1692694,87.5,4.33,-0.296,0.004,0.944,0,5.80441934623868,,108.78351145430784,-1.0,5.0,52.159833,21.170371,32.0
2210,2026-05-11 19:59:17.600000+00:00,52.1605429,21.1692644,87.6,1.78,-0.28,0.0,0.955,0,3.1680088205593315,,109.22012680748182,-1.0,5.0,52.159833,21.170371,32.0
2215,2026-05-11 19:59:18.100000+00:00,52.1605428,21.1692625,87.7,0.43,-0.217,-0.021,0.967,0,0.936577111118942,,109.30171064803224,-1.0,5.0,52.159833,21.170371,32.0
2220,2026-05-11 19:59:18.600000+00:00,52.1605422,21.1692605,87.8,0.07,-0.106,-0.039,0.962,0,1.0934288070734524,,109.3480097702859,-1.0,5.0,52.159833,21.170371,32.0
2225,2026-05-11 19:59:19.100000+00:00,52.1605415,21.1692587,87.9,0.05,-0.115,-0.037,0.963,0,1.0467056740176897,,109.3770273321432,-1.0,5.0,52.159833,21.170371,32.0
2230,2026-05-11 19:59:19.600000+00:00,52.1605406,21.1692565,88.0,0.03,-0.109,-0.036,0.97,0,1.298706069504775,,109.40919105129254,-1.0,5.0,52.159833,21.170371,32.0
2235,2026-05-11 19:59:20.100000+00:00,52.1605397,21.1692546,88.1,0.05,-0.114,-0.036,0.967,0,1.178961202858239,,109.42740025696102,-1.0,5.0,52.159833,21.170371,32.0
2240,2026-05-11 19:59:20.600000+00:00,52.1605388,21.1692526,88.2,0.04,-0.112,-0.036,0.969,0,1.218204155615912,,109.45060593043836,-1.0,5.0,52.159833,21.170371,32.0
2245,2026-05-11 19:59:21.100000+00:00,52.1605379,21.1692509,88.2,0.03,-0.114,-0.036,0.967,0,1.102850201001268,,109.4597828658534,-1.0,5.0,52.159833,21.170371,32.0
2250,2026-05-11 19:59:21.600000+00:00,52.1605371,21.1692493,88.3,0.02,-0.114,-0.034,0.968,0,1.0137628799072145,,109.47235730079356,-1.0,5.0,52.159833,21.170371,32.0
2255,2026-05-11 19:59:22.100000+00:00,52.1605364,21.1692475,88.3,0.08,-0.113,-0.04,0.97,0,1.0467057623028766,,109.5026016854828,-1.0,5.0,52.159833,21.170371,32.0
2260,2026-05-11 19:59:22.600000+00:00,52.1605358,21.1692457,88.5,0.15,-0.113,-0.036,0.969,0,1.0061150045705285,,109.54096310945695,-1.0,5.0,52.159833,21.170371,32.0
2265,2026-05-11 19:59:23.100000+00:00,52.1605351,21.1692439,88.6,0.13,-0.113,-0.039,0.971,0,1.0467057813851717,,109.57156642825409,-1.0,5.0,52.159833,21.170371,32.0
2270,2026-05-11 19:59:23.600000+00:00,52.1605344,21.1692422,88.7,0.14,-0.113,-0.033,0.969,0,1.005569287848305,,109.597561526836,-1.0,5.0,52.159833,21.170371,32.0
2275,2026-05-11 19:59:24.100000+00:00,52.1605338,21.1692406,88.8,0.03,-0.113,-0.036,0.971,0,0.9210020692686148,,109.62683369922227,-1.0,5.0,52.159833,21.170371,32.0
2280,2026-05-11 19:59:24.600000+00:00,52.1605331,21.1692391,88.9,0.11,-0.11,-0.033,0.969,0,0.9256324105355748,,109.64354885105502,-1.0,5.0,52.159833,21.170371,32.0
2285,2026-05-11 19:59:25.100000+00:00,52.1605325,21.1692377,88.9,0.02,-0.113,-0.034,0.971,0,0.8387603707556102,,109.66348947584562,-1.0,5.0,52.159833,21.170371,32.0
2290,2026-05-11 19:59:25.600000+00:00,52.1605319,21.1692364,89.0,0.07,-0.115,-0.036,0.972,0,0.7989945700431487,,109.67873664295146,-1.0,5.0,52.159833,21.170371,32.0
2295,2026-05-11 19:59:26.100000+00:00,52.1605314,21.1692351,89.1,0.23,-0.115,-0.036,0.969,0,0.7535821662797271,,109.70196515548948,-1.0,5.0,52.159833,21.170371,32.0
2300,2026-05-11 19:59:26.600000+00:00,52.1605308,21.1692337,89.2,0.06,-0.112,-0.036,0.97,0,0.8387603964825388,,109.72224759202824,-1.0,5.0,52.159833,21.170371,32.0
2305,2026-05-11 19:59:27.100000+00:00,52.1605303,21.1692324,89.2,0.17,-0.11,-0.037,0.971,0,0.7535821809728718,,109.74567768167203,-1.0,5.0,52.159833,21.170371,32.0
2310,2026-05-11 19:59:27.600000+00:00,52.1605298,21.1692309,89.3,0.06,-0.11,-0.04,0.971,0,0.8384292568465943,,109.77886690654528,-1.0,5.0,52.159833,21.170371,32.0
2315,2026-05-11 19:59:28.100000+00:00,52.1605292,21.1692294,89.4,0.08,-0.114,-0.039,0.972,0,0.8794713673175111,,109.80432993786228,-1.0,5.0,52.159833,21.170371,32.0
2320,2026-05-11 19:59:28.600000+00:00,52.1605286,21.1692279,89.5,0.06,-0.116,-0.032,0.964,0,0.8794713756367668,,109.82992291874514,-1.0,5.0,52.159833,21.170371,32.0
2325,2026-05-11 19:59:29.100000+00:00,52.160528,21.1692264,89.6,0.14,-0.105,-0.032,0.969,0,0.8794713839560226,,109.85564575837503,-1.0,5.0,52.159833,21.170371,32.0
2330,2026-05-11 19:59:29.600000+00:00,52.1605281,21.1692238,89.6,1.25,-0.054,-0.051,0.968,0,1.2794484467293104,,109.9895796641306,-1.0,5.0,52.159833,21.170371,32.0
2335,2026-05-11 19:59:30.100000+00:00,52.1605291,21.16922,89.6,2.17,-0.048,-0.043,0.976,0,2.0307723279110723,,110.2521858079098,-1.0,5.0,52.159833,21.170371,32.0
2340,2026-05-11 19:59:30.600000+00:00,52.1605311,21.1692144,89.6,3.99,-0.032,-0.029,0.979,0,3.18248397893842,,110.68039590928782,-1.0,5.0,52.159833,21.170371,32.0
2345,2026-05-11 19:59:31.100000+00:00,52.1605347,21.1692063,89.6,5.73,-0.014,-0.026,0.981,0,4.912503839786226,,111.35504338882262,-1.0,5.0,52.159833,21.170371,32.0
2350,2026-05-11 19:59:31.600000+00:00,52.1605397,21.1691962,89.6,7.33,0.002,-0.036,0.975,0,6.374163157691011,,112.23618355606888,-1.0,5.0,52.159833,21.170371,32.0
2355,2026-05-11 19:59:32.100000+00:00,52.1605454,21.1691811,89.6,9.22,0.006,-0.027,0.968,0,8.70765224187866,,113.41569250472814,-1.0,5.0,52.159833,21.170371,32.0
2360,2026-05-11 19:59:32.600000+00:00,52.1605533,21.1691631,89.5,11.43,0.009,-0.033,0.998,0,10.869894374900284,,114.90817412498389,-1.0,5.0,52.159833,21.170371,32.0
2365,2026-05-11 19:59:33.100000+00:00,52.1605629,21.169142,89.3,14.03,0.031,-0.024,0.966,0,12.90195012572486,,116.68450873713078,-1.0,5.0,52.159833,21.170371,32.0
2370,2026-05-11 19:59:33.600000+00:00,52.1605732,21.1691148,89.2,16.27,0.022,-0.072,0.982,0,15.698931758506616,,118.81509605934714,-1.0,5.0,52.159833,21.170371,32.0
2375,2026-05-11 19:59:34.100000+00:00,52.1605857,21.1690832,89.1,19.06,0.023,-0.092,0.965,0,18.46653429649061,,121.33349833928489,-1.0,5.0,52.159833,21.170371,32.0
2380,2026-05-11 19:59:34.600000+00:00,52.1606002,21.1690474,89.0,21.5,-0.003,-0.086,1.0,0,21.06908614901725,,124.21477419565072,-1.0,5.0,52.159833,21.170371,32.0
2385,2026-05-11 19:59:35.100000+00:00,52.1606181,21.1690105,88.9,23.8,-0.029,-0.13,0.939,0,23.104208581616543,,127.41159775834684,-1.0,5.0,52.159833,21.170371,32.0
2390,2026-05-11 19:59:35.600000+00:00,52.1606379,21.16897,88.9,25.68,-0.05,-0.124,0.974,0,25.43475926780414,,130.9326657083117,-1.0,5.0,52.159833,21.170371,32.0
2395,2026-05-11 19:59:36.100000+00:00,52.1606608,21.1689307,88.8,27.03,-0.056,-0.088,0.969,0,26.6209152316815,,134.62992516871927,-1.0,5.0,52.159833,21.170371,32.0
2400,2026-05-11 19:59:36.600000+00:00,52.1606857,21.1688896,88.9,28.37,-0.056,-0.094,0.963,0,28.369997055313764,,138.56887465160474,-1.0,5.0,52.159833,21.170371,32.0
2405,2026-05-11 19:59:37.100000+00:00,52.160713,21.1688496,88.8,29.62,-0.054,-0.075,0.97,0,29.38772361132421,,142.63616620970197,-1.0,5.0,52.159833,21.170371,32.0
2410,2026-05-11 19:59:37.600000+00:00,52.1607416,21.1688079,88.9,31.0,-0.048,-0.06,0.972,0,30.719995861789528,,146.8878507659837,-1.0,5.0,52.159833,21.170371,32.0
2415,2026-05-11 19:59:38.100000+00:00,52.1607723,21.1687667,88.9,32.02,-0.052,-0.003,0.978,0,31.836127694751436,,151.27680184896744,-1.0,5.0,52.159833,21.170371,32.0
2420,2026-05-11 19:59:38.600000+00:00,52.1608031,21.1687228,88.7,33.16,-0.039,0.024,0.97,0,32.75519111563952,,155.80815406476566,-1.0,5.0,52.159833,21.170371,32.0
2425,2026-05-11 19:59:39.100000+00:00,52.1608345,21.1686765,88.6,34.75,-0.042,0.026,0.978,0,33.89748031651212,,160.504694538062,-1.0,5.0,52.159833,21.170371,32.0
2430,2026-05-11 19:59:39.600000+00:00,52.1608662,21.1686276,88.5,35.19,-0.033,0.036,0.969,0,34.941026381313826,,165.3525855974739,-1.0,5.0,52.159833,21.170371,32.0
2435,2026-05-11 19:59:40.100000+00:00,52.1608985,21.1685761,88.4,36.71,-0.039,0.012,0.965,0,36.17253110027072,,170.37458966459735,-1.0,5.0,52.159833,21.170371,32.0
2440,2026-05-11 19:59:40.600000+00:00,52.1609316,21.1685222,88.4,37.42,-0.041,0.011,0.983,0,37.45666547528674,,175.57617744757545,-1.0,5.0,52.159833,21.170371,32.0
2445,2026-05-11 19:59:41.100000+00:00,52.1609655,21.1684678,88.4,37.58,-0.093,0.045,0.982,0,38.08435078602548,,180.8642173791465,-1.0,5.0,52.159833,21.170371,32.0
2450,2026-05-11 19:59:41.600000+00:00,52.1609991,21.1684144,88.4,37.26,-0.115,0.046,0.96,0,37.56907290671483,,184.2336194915536,-1.0,5.0,52.162,21.166262,31.0
2455,2026-05-11 19:59:42.100000+00:00,52.1610309,21.1683586,88.5,37.35,-0.101,0.049,0.969,0,37.405809953658526,,179.06505436649266,-1.0,5.0,52.162,21.166262,31.0
2460,2026-05-11 19:59:42.600000+00:00,52.1610621,21.1683017,88.5,37.31,-0.092,0.043,0.968,0,37.48155724583551,,173.87803333017806,-1.0,5.0,52.162,21.166262,31.0
2465,2026-05-11 19:59:43.100000+00:00,52.1610933,21.1682462,88.6,37.01,-0.123,0.027,0.968,0,36.97174856086989,,168.76874326909785,-1.0,5.0,52.162,21.166262,31.0
2470,2026-05-11 19:59:43.600000+00:00,52.1611233,21.1681902,88.6,36.41,-0.121,0.016,0.953,0,36.51415797425364,,163.71306931111158,-1.0,5.0,52.162,21.166262,31.0
2475,2026-05-11 19:59:44.100000+00:00,52.1611537,21.1681349,88.7,36.28,-0.125,0.005,0.982,0,36.468840094022816,,158.67045359980082,-1.0,5.0,52.162,21.166262,31.0
2480,2026-05-11 19:59:44.600000+00:00,52.1611835,21.1680802,88.9,35.68,-0.12,0.019,0.964,0,35.92915554560678,,153.7017513829577,-1.0,5.0,52.162,21.166262,31.0
2485,2026-05-11 19:59:45.100000+00:00,52.1612131,21.168026,89.0,35.4,-0.121,0.024,0.955,0,35.63923537423793,,148.77515135338635,-1.0,5.0,52.162,21.166262,31.0
2490,2026-05-11 19:59:45.600000+00:00,52.161242,21.167973,89.0,34.79,-0.118,0.019,0.977,0,34.826403079182704,,143.96208179156002,-1.0,5.0,52.162,21.166262,31.0
2495,2026-05-11 19:59:46.100000+00:00,52.1612704,21.1679191,89.1,34.72,-0.101,0.013,0.954,0,34.89584283119617,,139.13319626764914,-1.0,5.0,52.162,21.166262,31.0
2500,2026-05-11 19:59:46.600000+00:00,52.1612989,21.1678659,89.1,34.61,-0.102,0.015,0.974,0,34.68837209341855,,134.3380196338703,-1.0,5.0,52.162,21.166262,31.0
2505,2026-05-11 19:59:47.100000+00:00,52.1613278,21.1678133,89.2,34.78,-0.092,0.009,0.961,0,34.67978364825422,,129.55227837479816,-1.0,5.0,52.162,21.166262,31.0
2510,2026-05-11 19:59:47.600000+00:00,52.1613563,21.1677604,89.3,34.82,-0.096,0.007,0.969,0,34.577506687754735,,124.77766040763548,-1.0,5.0,52.162,21.166262,31.0
2515,2026-05-11 19:59:48.100000+00:00,52.1613851,21.1677072,89.4,34.63,-0.097,0.004,0.976,0,34.846789271122425,,119.96943666073946,-1.0,5.0,52.162,21.166262,31.0
2520,2026-05-11 19:59:48.600000+00:00,52.1614141,21.1676545,89.5,34.79,-0.093,0.013,0.967,0,34.76975468014988,,115.179403255379,-1.0,5.0,52.162,21.166262,31.0
2525,2026-05-11 19:59:49.100000+00:00,52.1614433,21.1676014,89.5,34.89,-0.096,0.008,0.963,0,35.02289816539172,,110.3577168557866,-1.0,5.0,52.162,21.166262,31.0
2530,2026-05-11 19:59:49.600000+00:00,52.1614727,21.1675492,89.5,34.86,-0.101,0.0,0.975,0,34.80310499371356,,105.57863215141867,-1.0,5.0,52.162,21.166262,31.0
2535,2026-05-11 19:59:50.100000+00:00,52.1615015,21.167497,89.5,34.44,-0.113,0.014,0.961,0,34.480033762107475,,100.84142258492622,-1.0,5.0,52.162,21.166262,31.0
2540,2026-05-11 19:59:50.600000+00:00,52.1615308,21.1674459,89.5,34.33,-0.123,0.008,0.963,0,34.35235756663841,,96.1421507712994,-1.0,5.0,52.162,21.166262,31.0
2545,2026-05-11 19:59:51.100000+00:00,52.1615586,21.1673938,89.6,33.74,-0.14,0.014,0.95,0,33.91278006952418,,91.48207968975066,-1.0,5.0,52.162,21.166262,31.0
2550,2026-05-11 19:59:51.600000+00:00,52.1615858,21.1673431,89.7,33.13,-0.134,0.019,0.975,0,33.07885537172549,,86.94374894363176,-1.0,5.0,52.162,21.166262,31.0
2555,2026-05-11 19:59:52.100000+00:00,52.1616127,21.167293,89.8,32.67,-0.119,0.014,0.935,0,32.698920045470395,,82.46394452195577,-1.0,5.0,52.162,21.166262,31.0
2560,2026-05-11 19:59:52.600000+00:00,52.1616392,21.1672442,89.7,31.86,-0.123,0.093,0.986,0,32.0080738583828,31.0,78.09020837773444,-1.0,5.0,52.162,21.166262,31.0
2565,2026-05-11 19:59:53.100000+00:00,52.1616641,21.167195,89.6,31.38,-0.116,0.045,0.972,0,31.325038551740658,31.0,73.79140004288837,-1.0,5.0,52.162,21.166262,31.0
2570,2026-05-11 19:59:53.600000+00:00,52.1616884,21.167145,89.6,31.36,-0.097,0.034,0.957,0,31.32854142579364,31.0,69.48496836058614,-1.0,5.0,52.162,21.166262,31.0
2575,2026-05-11 19:59:54.100000+00:00,52.1617121,21.1670961,89.4,30.97,-0.102,0.046,0.96,0,30.606816241967078,31.0,65.28258740544356,-1.0,5.0,52.162,21.166262,31.0
2580,2026-05-11 19:59:54.600000+00:00,52.1617351,21.1670452,89.5,31.08,-0.111,0.045,0.976,0,31.04780702709965,31.0,61.00489993833352,-1.0,5.0,52.162,21.166262,31.0
2585,2026-05-11 19:59:55.100000+00:00,52.1617575,21.1669941,89.4,31.15,-0.112,0.039,0.963,0,30.845197098831008,31.0,56.75209792928149,-1.0,5.0,52.162,21.166262,31.0
2590,2026-05-11 19:59:55.600000+00:00,52.1617798,21.1669438,89.4,30.54,-0.113,0.053,0.973,0,30.47941240568122,31.0,52.55784272653969,-1.0,5.0,52.162,21.166262,31.0
2595,2026-05-11 19:59:56.100000+00:00,52.1618014,21.1668934,89.3,30.34,-0.105,0.054,0.96,0,30.19479990634776,31.0,48.39977513807498,-1.0,5.0,52.162,21.166262,31.0
2600,2026-05-11 19:59:56.600000+00:00,52.1618217,21.1668414,89.2,30.29,-0.107,0.036,0.968,0,30.27093482820316,31.0,44.215348752068415,-1.0,5.0,52.162,21.166262,31.0
2605,2026-05-11 19:59:57.100000+00:00,52.1618414,21.1667894,89.1,30.18,-0.099,0.025,0.966,0,30.01575798439533,31.0,40.064410651364696,-1.0,5.0,52.162,21.166262,31.0
2610,2026-05-11 19:59:57.600000+00:00,52.1618618,21.1667381,88.9,30.06,-0.101,-0.003,0.961,0,30.02492639684857,31.0,35.92737622044599,-1.0,5.0,52.162,21.166262,31.0
2615,2026-05-11 19:59:58.100000+00:00,52.1618821,21.1666855,88.9,30.59,-0.1,0.015,0.971,0,30.519913859925182,31.0,31.722804076982573,-1.0,5.0,52.162,21.166262,31.0
2620,2026-05-11 19:59:58.600000+00:00,52.1619025,21.1666331,88.8,30.35,-0.104,0.005,0.978,0,30.479635272280444,31.0,27.53691570223397,-1.0,5.0,52.162,21.166262,31.0
2625,2026-05-11 19:59:59.100000+00:00,52.1619226,21.1665792,88.8,31.27,-0.094,0.014,0.959,0,30.97867568930163,31.0,23.28526912566969,-1.0,5.0,52.162,21.166262,31.0
2630,2026-05-11 19:59:59.600000+00:00,52.1619431,21.1665256,88.7,31.39,-0.091,0.021,0.974,0,31.021097143998198,31.0,19.060984876678702,-1.0,5.0,52.162,21.166262,31.0
2635,2026-05-11 20:00:00.100000+00:00,52.1619638,21.1664704,88.9,31.83,-0.065,0.008,0.951,0,31.77383371152531,31.0,14.773980285783145,-1.0,5.0,52.162,21.166262,31.0
2640,2026-05-11 20:00:00.600000+00:00,52.1619849,21.1664141,89.1,32.24,-0.076,-0.001,0.977,0,32.40177827807008,31.0,10.509794157149274,-1.0,5.0,52.162,21.166262,31.0
2645,2026-05-11 20:00:01.100000+00:00,52.1620064,21.1663568,89.2,33.11,-0.073,-0.003,0.962,0,32.98781891023014,31.0,6.505388538366779,-1.0,5.0,52.162,21.166262,31.0
2650,2026-05-11 20:00:01.600000+00:00,52.1620286,21.1662994,89.2,33.43,-0.08,-0.001,0.975,0,33.325201545571105,31.0,4.076942885207844,-1.0,5.0,52.162,21.166262,31.0
2655,2026-05-11 20:00:02.100000+00:00,52.1620516,21.1662413,89.2,34.37,-0.075,-0.001,0.969,0,33.959476893300895,31.0,5.908835576513854,-1.0,5.0,52.162,21.166262,31.0
2660,2026-05-11 20:00:02.600000+00:00,52.1620746,21.1661824,89.1,34.69,-0.086,0.01,0.977,0,34.29024519046774,31.0,9.914097203798123,-1.0,5.0,52.162,21.166262,31.0
2665,2026-05-11 20:00:03.100000+00:00,52.1620975,21.1661232,89.1,34.54,-0.118,0.017,0.956,0,34.37184146552423,31.0,14.393525936061168,-1.0,5.0,52.162,21.166262,31.0
2670,2026-05-11 20:00:03.600000+00:00,52.1621203,21.1660648,89.1,34.14,-0.125,0.022,0.972,0,33.99708798551839,31.0,18.970209552272056,-1.0,5.0,52.162,21.166262,31.0
2675,2026-05-11 20:00:04.100000+00:00,52.1621427,21.1660069,89.0,33.51,-0.124,0.021,0.975,0,33.61825619570421,31.0,23.54896302695335,-1.0,5.0,52.162,21.166262,31.0
2680,2026-05-11 20:00:04.600000+00:00,52.1621648,21.1659491,89.0,33.26,-0.124,0.011,0.965,0,33.44904859284675,31.0,28.130524564882755,-1.0,5.0,52.162,21.166262,31.0
2685,2026-05-11 20:00:05.100000+00:00,52.1621869,21.1658928,88.9,32.64,-0.12,0.017,0.968,0,32.826179192943826,31.0,32.65119359750072,-1.0,5.0,52.162,21.166262,31.0
2690,2026-05-11 20:00:05.600000+00:00,52.1622083,21.1658365,88.8,32.83,-0.124,0.014,0.964,0,32.52752497321351,31.0,37.13266918656041,-1.0,5.0,52.162,21.166262,31.0
2695,2026-05-11 20:00:06.100000+00:00,52.16223,21.1657807,88.7,32.7,-0.099,0.009,0.957,0,32.447003627196054,31.0,41.615547885393305,-1.0,5.0,52.162,21.166262,31.0
2700,2026-05-11 20:00:06.600000+00:00,52.1622517,21.165725,88.6,32.61,-0.112,0.007,0.966,0,32.40552466970736,31.0,46.09761683088155,-1.0,5.0,52.162,21.166262,31.0
2705,2026-05-11 20:00:07.100000+00:00,52.1622735,21.1656689,88.6,32.8,-0.112,0.007,0.983,0,32.61428465697467,31.0,50.61149530078324,-1.0,5.0,52.162,21.166262,31.0
2710,2026-05-11 20:00:07.600000+00:00,52.1622952,21.1656131,88.6,32.27,-0.11,0.019,0.961,0,32.44696972151675,31.0,55.104918106412725,-1.0,5.0,52.162,21.166262,31.0
2715,2026-05-11 20:00:08.100000+00:00,52.1623167,21.1655577,88.5,32.08,-0.125,0.015,0.968,0,32.19532593118626,31.0,59.56516503305545,-1.0,5.0,52.162,21.166262,31.0
2720,2026-05-11 20:00:08.600000+00:00,52.162338,21.1655028,88.5,31.76,-0.126,0.014,0.976,0,31.902194023875257,31.0,63.98632641101958,-1.0,5.0,52.162,21.166262,31.0
2725,2026-05-11 20:00:09.100000+00:00,52.1623593,21.1654487,88.6,31.37,-0.12,0.007,0.975,0,31.570833191556137,31.0,68.36445407647827,-1.0,5.0,52.162,21.166262,31.0
2730,2026-05-11 20:00:09.600000+00:00,52.1623806,21.165395,88.6,31.3,-0.093,0.0,0.965,0,31.40567980770976,31.0,72.72119921500037,-1.0,5.0,52.162,21.166262,31.0
2735,2026-05-11 20:00:10.100000+00:00,52.162402,21.1653413,88.6,31.72,-0.081,0.001,0.962,0,31.449212728914333,31.0,77.08497358229829,-1.0,5.0,52.162,21.166262,31.0
2740,2026-05-11 20:00:10.600000+00:00,52.1624237,21.1652873,88.6,31.91,-0.098,0.003,0.975,0,31.703829859400432,,81.48517546949758,-1.0,5.0,52.162,21.166262,31.0
2745,2026-05-11 20:00:11.100000+00:00,52.1624448,21.1652333,88.6,31.81,-0.083,0.019,0.969,0,31.443157388762817,,85.84723973880327,-1.0,5.0,52.162,21.166262,31.0
2750,2026-05-11 20:00:11.600000+00:00,52.1624659,21.1651787,88.6,32.03,-0.082,0.001,0.963,0,31.692070823517327,,90.2432980221624,-1.0,5.0,52.162,21.166262,31.0
2755,2026-05-11 20:00:12.100000+00:00,52.1624872,21.1651239,88.6,32.11,-0.092,0.011,0.974,0,31.86062253908336,,94.6637907313142,-1.0,5.0,52.162,21.166262,31.0
2760,2026-05-11 20:00:12.600000+00:00,52.1625087,21.1650686,88.7,32.31,-0.094,0.008,0.962,0,32.1537348963238,,99.1253895564368,-1.0,5.0,52.162,21.166262,31.0
2765,2026-05-11 20:00:13.100000+00:00,52.1625302,21.1650135,88.7,32.13,-0.106,0.017,0.972,0,32.07080476324622,,103.57613205806722,-1.0,5.0,52.162,21.166262,31.0
2770,2026-05-11 20:00:13.600000+00:00,52.1625515,21.1649582,88.7,32.02,-0.103,0.008,0.961,0,32.06827992799402,,108.02576785038748,-1.0,5.0,52.162,21.166262,31.0
2775,2026-05-11 20:00:14.100000+00:00,52.1625728,21.1649028,88.7,32.1,-0.101,0.008,0.963,0,32.10987107926913,,112.4813640811272,-1.0,5.0,52.162,21.166262,31.0
2780,2026-05-11 20:00:14.600000+00:00,52.1625942,21.1648475,88.8,32.06,-0.109,0.005,0.977,0,32.110902952252594,,116.93792619812535,-1.0,5.0,52.162,21.166262,31.0
2785,2026-05-11 20:00:15.100000+00:00,52.1626155,21.1647926,88.8,31.78,-0.105,0.006,0.964,0,31.902051937310496,,121.36592576891726,-1.0,5.0,52.162,21.166262,31.0
2790,2026-05-11 20:00:15.600000+00:00,52.1626368,21.164738,88.8,31.86,-0.1,0.003,0.967,0,31.777621447670644,,125.77721134329612,-1.0,5.0,52.162,21.166262,31.0
2795,2026-05-11 20:00:16.100000+00:00,52.1626583,21.1646839,88.8,31.63,-0.101,0.012,0.971,0,31.657458745523964,,130.17294763266406,-1.0,5.0,52.162,21.166262,31.0
2800,2026-05-11 20:00:16.600000+00:00,52.1626796,21.1646296,88.8,31.54,-0.103,0.014,0.962,0,31.653376972918107,,134.5675534944884,-1.0,5.0,52.162,21.166262,31.0
2805,2026-05-11 20:00:17.100000+00:00,52.1627008,21.1645754,88.9,31.47,-0.105,0.017,0.964,0,31.56888685039909,,138.95038194930743,-1.0,5.0,52.162,21.166262,31.0
2810,2026-05-11 20:00:17.600000+00:00,52.1627216,21.1645213,88.9,31.43,-0.107,0.019,0.967,0,31.35623819810725,,143.30275638844358,-1.0,5.0,52.162,21.166262,31.0
2815,2026-05-11 20:00:18.100000+00:00,52.1627423,21.1644678,88.8,31.19,-0.097,0.015,0.973,0,31.06416007118639,,147.6151381202974,-1.0,5.0,52.162,21.166262,31.0
2820,2026-05-11 20:00:18.600000+00:00,52.1627628,21.1644138,88.8,31.33,-0.1,0.014,0.96,0,31.18755484174671,,151.94351442790713,-1.0,5.0,52.162,21.166262,31.0
2825,2026-05-11 20:00:19.100000+00:00,52.1627837,21.1643593,88.8,31.45,-0.1,0.014,0.964,0,31.565196539463475,,156.3251753415065,-1.0,5.0,52.162,21.166262,31.0
2830,2026-05-11 20:00:19.600000+00:00,52.1628041,21.1643051,88.7,31.45,-0.094,0.015,0.968,0,31.22915255431901,,160.65901945275328,-1.0,5.0,52.162,21.166262,31.0
2835,2026-05-11 20:00:20.100000+00:00,52.1628245,21.1642507,88.7,31.42,-0.093,0.014,0.971,0,31.312902442707237,,165.00439044764315,-1.0,5.0,52.162,21.166262,31.0
2840,2026-05-11 20:00:20.600000+00:00,52.1628448,21.1641963,88.7,31.2,-0.095,0.023,0.97,0,31.27120841079054,,169.3437789323723,-1.0,5.0,52.162,21.166262,31.0
2845,2026-05-11 20:00:21.100000+00:00,52.1628646,21.1641411,88.7,31.28,-0.088,0.075,0.966,0,31.4035592772585,,173.69801666487822,-1.0,5.0,52.162,21.166262,31.0
2850,2026-05-11 20:00:21.600000+00:00,52.1628836,21.1640851,88.7,31.4,-0.086,0.063,0.958,0,31.428380157969407,,178.04900368274073,-1.0,5.0,52.162,21.166262,31.0
2855,2026-05-11 20:00:22.100000+00:00,52.1629014,21.1640271,88.8,31.64,-0.092,0.06,0.972,0,31.850076995287328,,182.44124871983703,-1.0,5.0,52.162,21.166262,31.0
2860,2026-05-11 20:00:22.600000+00:00,52.1629184,21.1639689,88.9,31.66,-0.083,0.071,0.975,0,31.65734347463245,,186.79774762248067,-1.0,5.0,52.162,21.166262,31.0
2865,2026-05-11 20:00:23.100000+00:00,52.1629343,21.1639094,89.0,31.71,-0.078,0.048,0.96,0,31.87308862980753,,191.1639981762748,-1.0,5.0,52.162,21.166262,31.0
2870,2026-05-11 20:00:23.600000+00:00,52.1629495,21.1638498,88.9,32.02,-0.078,0.06,0.976,0,31.6987673566416,,195.4966651512153,-1.0,5.0,52.162,21.166262,31.0
2875,2026-05-11 20:00:24.100000+00:00,52.1629642,21.1637898,89.0,31.63,-0.081,0.061,0.962,0,31.729592751894668,,199.82557419323788,-1.0,5.0,52.162,21.166262,31.0
2880,2026-05-11 20:00:24.600000+00:00,52.1629782,21.1637282,89.0,32.0,-0.079,0.051,0.967,0,32.26165106552176,,204.20868921203092,-1.0,5.0,52.162,21.166262,31.0
2885,2026-05-11 20:00:25.100000+00:00,52.1629915,21.1636657,89.1,32.32,-0.089,0.062,0.973,0,32.488497422069685,,208.60690990184176,-1.0,5.0,52.162,21.166262,31.0
2890,2026-05-11 20:00:25.600000+00:00,52.163004,21.1636022,89.1,32.42,-0.087,0.058,0.964,0,32.75151067815906,,213.02134667303264,-1.0,5.0,52.162,21.166262,31.0
2895,2026-05-11 20:00:26.100000+00:00,52.1630153,21.1635384,89.2,32.45,-0.094,0.06,0.972,0,32.612355361878414,,217.38948059598752,-1.0,5.0,52.162,21.166262,31.0
2900,2026-05-11 20:00:26.600000+00:00,52.1630259,21.1634748,89.3,32.03,-0.098,0.059,0.971,0,32.36655515751728,,221.7123361252832,-1.0,5.0,52.162,21.166262,31.0
2905,2026-05-11 20:00:27.100000+00:00,52.1630353,21.1634107,89.3,32.11,-0.091,0.053,0.966,0,32.36680073641996,,226.0032659742492,-1.0,5.0,52.162,21.166262,31.0
2910,2026-05-11 20:00:27.600000+00:00,52.1630439,21.1633467,89.3,32.14,-0.098,0.059,0.962,0,32.17592159002796,,230.25125047629365,-1.0,5.0,52.162,21.166262,31.0
2915,2026-05-11 20:00:28.100000+00:00,52.1630519,21.1632829,89.3,31.96,-0.097,0.044,0.959,0,31.98032075435411,,234.46233588594637,-1.0,5.0,52.162,21.166262,31.0
2920,2026-05-11 20:00:28.600000+00:00,52.1630591,21.1632192,89.3,31.34,-0.104,0.05,0.976,0,31.809925460482557,,238.63194000908103,-1.0,5.0,52.162,21.166262,31.0
2925,2026-05-11 20:00:29.100000+00:00,52.1630655,21.1631578,89.2,31.08,-0.098,0.046,0.954,0,30.585976193005504,,242.62998899793337,-1.0,5.0,52.162,21.166262,31.0
2930,2026-05-11 20:00:29.600000+00:00,52.1630717,21.1630947,89.3,30.88,-0.1,0.051,0.965,0,31.383637253470265,,246.7271791686122,-1.0,5.0,52.162,21.166262,31.0
2935,2026-05-11 20:00:30.100000+00:00,52.1630767,21.1630309,89.3,31.29,-0.105,0.056,0.968,0,31.587055640848504,,245.8275708088601,-1.0,5.0,52.162,21.166262,31.0
2940,2026-05-11 20:00:30.600000+00:00,52.163081,21.1629673,89.3,31.2,-0.108,0.056,0.961,0,31.42330135493449,,242.16689460356355,-1.0,5.0,52.162,21.166262,31.0
2945,2026-05-11 20:00:31.100000+00:00,52.1630846,21.1629045,89.3,31.35,-0.107,0.056,0.968,0,30.97564869543862,,238.621783526102,-1.0,5.0,52.162,21.166262,31.0
2950,2026-05-11 20:00:31.600000+00:00,52.1630875,21.1628415,89.2,30.92,-0.105,0.052,0.958,0,31.026479350336405,,235.14241170994995,-1.0,5.0,52.162,21.166262,31.0
2955,2026-05-11 20:00:32.100000+00:00,52.1630897,21.1627777,89.3,30.96,-0.116,0.055,0.971,0,31.381835125299755,,231.7014796608581,-1.0,5.0,52.162,21.166262,31.0
2960,2026-05-11 20:00:32.600000+00:00,52.1630908,21.1627146,89.4,30.82,-0.115,0.055,0.964,0,31.001106296927595,,228.40932377422095,-1.0,5.0,52.162,21.166262,31.0
2965,2026-05-11 20:00:33.100000+00:00,52.1630911,21.1626517,89.4,30.63,-0.115,0.054,0.957,0,30.891307695698984,,225.22184158670223,-1.0,5.0,52.164468,21.16023,30.0
2970,2026-05-11 20:00:33.600000+00:00,52.1630908,21.1625888,89.5,30.69,-0.124,0.035,0.972,0,30.89130769413705,,222.11749432775224,-1.0,5.0,52.164468,21.16023,30.0
2975,2026-05-11 20:00:34.100000+00:00,52.1630908,21.1625271,89.4,30.38,-0.12,0.012,0.959,0,30.301050567417057,,219.08839076142328,-1.0,5.0,52.164468,21.16023,30.0
2980,2026-05-11 20:00:34.600000+00:00,52.1630906,21.1624658,89.4,30.32,-0.127,0.014,0.967,0,30.105035285197037,,216.13379772953647,-1.0,5.0,52.164468,21.16023,30.0
2985,2026-05-11 20:00:35.100000+00:00,52.1630903,21.1624044,89.3,30.08,-0.124,0.02,0.96,0,30.15467645741491,,213.22350321059687,-1.0,5.0,52.164468,21.16023,30.0
2990,2026-05-11 20:00:35.600000+00:00,52.1630904,21.1623436,89.3,29.87,-0.132,0.012,0.976,0,29.859165565759607,,210.35198026986237,-1.0,5.0,52.164468,21.16023,30.0
2995,2026-05-11 20:00:36.100000+00:00,52.1630904,21.1622839,89.1,29.3,-0.124,0.028,0.965,0,29.31884497716311,,207.5824353133929,-1.0,5.0,52.164468,21.16023,30.0
3000,2026-05-11 20:00:36.600000+00:00,52.1630902,21.1622244,89.0,29.34,-0.125,0.028,0.961,0,29.22106315866581,,204.88207993249736,-1.0,5.0,52.164468,21.16023,30.0
3005,2026-05-11 20:00:37.100000+00:00,52.1630901,21.1621654,88.9,28.99,-0.13,0.006,0.971,0,28.975183694087814,,202.2409522481038,-1.0,5.0,52.164468,21.16023,30.0
3010,2026-05-11 20:00:37.600000+00:00,52.1630896,21.1621066,88.9,28.97,-0.123,0.023,0.966,0,28.879627127738267,,199.68889022432205,-1.0,5.0,52.164468,21.16023,30.0
3015,2026-05-11 20:00:38.100000+00:00,52.1630895,21.1620486,88.8,28.54,-0.125,0.022,0.968,0,28.48408305106729,,197.1851306567568,-1.0,5.0,52.164468,21.16023,30.0
3020,2026-05-11 20:00:38.600000+00:00,52.1630892,21.1619905,88.8,28.57,-0.123,0.018,0.965,0,28.53409181918361,,194.7428563051728,-1.0,5.0,52.164468,21.16023,30.0
3025,2026-05-11 20:00:39.100000+00:00,52.1630888,21.161933,88.8,28.16,-0.134,0.02,0.977,0,28.240235228038166,,192.38480050981133,-1.0,5.0,52.164468,21.16023,30.0
3030,2026-05-11 20:00:39.600000+00:00,52.1630881,21.1618759,88.8,28.08,-0.124,0.014,0.951,0,28.04757808161733,,190.12146366656745,-1.0,5.0,52.164468,21.16023,30.0
3035,2026-05-11 20:00:40.100000+00:00,52.1630875,21.1618195,88.9,27.89,-0.128,0.015,0.957,0,27.7023720002221,,187.93008214083332,-1.0,5.0,52.164468,21.16023,30.0
3040,2026-05-11 20:00:40.600000+00:00,52.1630872,21.1617639,88.9,27.46,-0.13,0.017,0.969,0,27.306381142105348,,185.79568631047889,-1.0,5.0,52.164468,21.16023,30.0
3045,2026-05-11 20:00:41.100000+00:00,52.1630867,21.161709,89.0,27.27,-0.128,0.012,0.979,0,26.96452450063698,,183.75958797285605,-1.0,5.0,52.164468,21.16023,30.0
3050,2026-05-11 20:00:41.600000+00:00,52.1630865,21.1616541,89.0,27.05,-0.124,0.01,0.962,0,26.962028672484635,,181.74965087192265,-1.0,5.0,52.164468,21.16023,30.0
3055,2026-05-11 20:00:42.100000+00:00,52.1630864,21.1615995,89.1,26.78,-0.126,0.005,0.958,0,26.814341926551904,,179.7963731580011,-1.0,5.0,52.164468,21.16023,30.0
3060,2026-05-11 20:00:42.600000+00:00,52.1630863,21.1615448,89.2,26.77,-0.133,-0.027,0.978,0,26.863452067921344,,177.8961811697032,-1.0,5.0,52.164468,21.16023,30.0
3065,2026-05-11 20:00:43.100000+00:00,52.163088,21.1614913,89.2,25.93,-0.136,-0.037,0.976,0,26.30923651201981,,175.9199170159165,-1.0,5.0,52.164468,21.16023,30.0
3070,2026-05-11 20:00:43.600000+00:00,52.1630908,21.1614379,89.3,26.17,-0.128,-0.035,0.955,0,26.320531925345183,,173.89345447307633,-1.0,5.0,52.164468,21.16023,30.0
3075,2026-05-11 20:00:44.100000+00:00,52.1630944,21.1613852,89.3,26.29,-0.112,-0.055,0.967,0,26.04111086900921,,171.86365607140291,-1.0,5.0,52.164468,21.16023,30.0
3080,2026-05-11 20:00:44.600000+00:00,52.1630999,21.1613326,89.3,26.53,-0.116,-0.079,0.967,0,26.20461738926488,,169.70021446682722,-1.0,5.0,52.164468,21.16023,30.0
3085,2026-05-11 20:00:45.100000+00:00,52.1631076,21.16128,89.3,26.92,-0.124,-0.084,0.974,0,26.55739868434176,,167.3667562621909,-1.0,5.0,52.164468,21.16023,30.0
3090,2026-05-11 20:00:45.600000+00:00,52.1631175,21.1612278,89.3,26.96,-0.121,-0.089,0.964,0,26.832871973585043,,164.87113416816385,-1.0,5.0,52.164468,21.16023,30.0
3095,2026-05-11 20:00:46.100000+00:00,52.16313,21.1611776,89.3,26.59,-0.125,-0.112,0.965,0,26.607114180551232,,162.21169391996636,-1.0,5.0,52.164468,21.16023,30.0
3100,2026-05-11 20:00:46.600000+00:00,52.163145,21.1611275,89.2,27.54,-0.137,-0.15,0.965,0,27.378559218551853,,159.33943647495462,-1.0,5.0,52.164468,21.16023,30.0
3105,2026-05-11 20:00:47.100000+00:00,52.1631631,21.161079,89.2,27.88,-0.146,-0.156,0.967,0,27.88020427018096,,156.22699361445285,-1.0,5.0,52.164468,21.16023,30.0
3110,2026-05-11 20:00:47.600000+00:00,52.1631839,21.1610343,89.1,27.82,-0.141,-0.158,0.943,0,27.55375138475264,,152.96151112978063,-1.0,5.0,52.164468,21.16023,30.0
3115,2026-05-11 20:00:48.100000+00:00,52.1632079,21.1609924,89.2,28.27,-0.148,-0.155,0.97,0,28.153437599430227,,149.45517756161212,-1.0,5.0,52.164468,21.16023,30.0
3120,2026-05-11 20:00:48.600000+00:00,52.1632345,21.1609539,89.2,28.55,-0.124,-0.158,0.957,0,28.47827058341333,,145.7755525469048,-1.0,5.0,52.164468,21.16023,30.0
3125,2026-05-11 20:00:49.100000+00:00,52.1632633,21.1609179,89.3,29.37,-0.123,-0.151,0.963,0,29.05533569168641,,141.93602606503364,-1.0,5.0,52.164468,21.16023,30.0
3130,2026-05-11 20:00:49.600000+00:00,52.1632946,21.1608862,89.5,29.46,-0.126,-0.143,0.97,0,29.50097146016086,,137.93940179284175,-1.0,5.0,52.164468,21.16023,30.0
3135,2026-05-11 20:00:50.100000+00:00,52.1633275,21.1608572,89.6,29.97,-0.11,-0.119,0.949,0,29.943614440477766,,133.8389500950657,-1.0,5.0,52.164468,21.16023,30.0
3140,2026-05-11 20:00:50.600000+00:00,52.1633619,21.1608289,90.0,30.47,-0.096,-0.078,0.967,0,30.848849987361135,,129.59893713921807,-1.0,5.0,52.164468,21.16023,30.0
3145,2026-05-11 20:00:51.100000+00:00,52.1633947,21.1608044,89.8,28.99,-0.086,-0.068,0.971,0,28.885021206828075,,125.61168654653471,-1.0,5.0,52.164468,21.16023,30.0
3150,2026-05-11 20:00:51.600000+00:00,52.1634217,21.1607797,90.0,24.97,-0.073,-0.038,0.96,0,24.78719092557234,,122.23552724287512,-1.0,5.0,52.164468,21.16023,30.0
3155,2026-05-11 20:00:52.100000+00:00,52.1634413,21.1607573,90.1,20.75,-0.068,-0.026,0.968,0,19.163693207506785,,119.69510009291342,-1.0,5.0,52.164468,21.16023,30.0
3160,2026-05-11 20:00:52.600000+00:00,52.16346,21.1607268,90.3,22.23,-0.079,-0.011,0.972,0,21.177709457917825,,117.09464060039484,-1.0,5.0,52.164468,21.16023,30.0
3165,2026-05-11 20:00:53.100000+00:00,52.1634838,21.1606866,90.5,24.59,-0.112,0.0,0.958,0,27.437601123373685,,113.7831407985338,-1.0,5.0,52.164468,21.16023,30.0
3170,2026-05-11 20:00:53.600000+00:00,52.1634957,21.1606629,90.7,19.02,-0.129,0.009,0.965,0,15.04108772328742,,112.0743411522142,-1.0,5.0,52.164468,21.16023,30.0
3175,2026-05-11 20:00:54.100000+00:00,52.1635227,21.1606365,90.8,22.35,-0.125,0.003,0.964,0,25.20625438344743,,108.7078573675488,-1.0,5.0,52.164468,21.16023,30.0
3180,2026-05-11 20:00:54.600000+00:00,52.1635539,21.160598,91.1,27.12,-0.125,0.002,0.971,0,31.32773242520798,,104.6966178449272,-1.0,5.0,52.164468,21.16023,30.0
3185,2026-05-11 20:00:55.100000+00:00,52.1635629,21.1605441,91.2,24.88,-0.112,0.005,0.958,0,27.43333954249252,,102.89753550280976,-1.0,5.0,52.164468,21.16023,30.0
3190,2026-05-11 20:00:55.600000+00:00,52.163587,21.16052,91.3,21.23,-0.111,0.01,0.972,0,22.63531165887867,,99.9397299273319,-1.0,5.0,52.164468,21.16023,30.0
3195,2026-05-11 20:00:56.100000+00:00,52.163614,21.1604873,91.5,24.53,-0.093,0.0,0.964,0,26.928643464748383,,96.56854314085672,-1.0,5.0,52.164468,21.16023,30.0
3200,2026-05-11 20:00:56.600000+00:00,52.1636434,21.1604639,91.5,25.0,-0.093,0.0,0.976,0,26.19320086331798,,93.06890481314124,-1.0,5.0,52.164468,21.16023,30.0
3205,2026-05-11 20:00:57.100000+00:00,52.1636734,21.1604344,91.6,26.39,-0.093,-0.003,0.954,0,28.049111970511788,,89.44864149110353,-1.0,5.0,52.164468,21.16023,30.0
3210,2026-05-11 20:00:57.600000+00:00,52.1637042,21.1604047,91.5,26.78,-0.098,0.0,0.967,0,28.649336756435797,,85.76250665273655,-1.0,5.0,52.164468,21.16023,30.0
3215,2026-05-11 20:00:58.100000+00:00,52.163747,21.1604146,90.0,26.4,-0.096,0.0,0.958,0,34.6090247065556,,81.15423954600475,-1.0,5.0,52.164468,21.16023,30.0
3220,2026-05-11 20:00:58.600000+00:00,52.1637826,21.1603981,89.2,28.44,-0.101,-0.003,0.979,0,29.63097029717871,30.0,77.07063180007452,-1.0,5.0,52.164468,21.16023,30.0
3225,2026-05-11 20:00:59.100000+00:00,52.1638209,21.1603721,89.0,28.08,-0.101,-0.007,0.961,0,33.21536356501248,30.0,72.60407424234481,-1.0,5.0,52.164468,21.16023,30.0
3230,2026-05-11 20:00:59.600000+00:00,52.1638713,21.1603308,89.5,30.64,-0.103,-0.033,0.954,0,45.16108828380524,30.0,66.70527404714593,-1.0,5.0,52.164468,21.16023,30.0
3235,2026-05-11 20:01:00.100000+00:00,52.1639304,21.1602982,90.5,31.46,-0.12,-0.04,0.967,0,49.95079090941517,30.0,59.95910871882431,-1.0,5.0,52.164468,21.16023,30.0
3240,2026-05-11 20:01:00.600000+00:00,52.1639929,21.160287,91.0,31.99,-0.124,-0.031,0.96,0,50.339108237287306,30.0,52.9715729538628,-1.0,5.0,52.164468,21.16023,30.0
3245,2026-05-11 20:01:01.100000+00:00,52.1640497,21.1602738,91.2,31.27,-0.131,-0.037,0.959,0,45.93399282095834,30.0,46.60867971851337,-1.0,5.0,52.164468,21.16023,30.0
3250,2026-05-11 20:01:01.600000+00:00,52.1641014,21.1602652,91.4,31.19,-0.145,-0.061,0.969,0,41.606110522607416,30.0,40.83470137985622,-1.0,5.0,52.164468,21.16023,30.0
3255,2026-05-11 20:01:02.100000+00:00,52.16415,21.1602577,91.8,31.03,-0.149,-0.082,0.964,0,39.08326654127532,30.0,35.41042539706165,-1.0,5.0,52.164468,21.16023,30.0
3260,2026-05-11 20:01:02.600000+00:00,52.1641931,21.160247,91.5,30.76,-0.141,-0.075,0.956,0,34.90381493261029,30.0,30.589469391933196,-1.0,5.0,52.164468,21.16023,30.0
3265,2026-05-11 20:01:03.100000+00:00,52.1642346,21.1602424,91.1,30.72,-0.147,-0.071,0.968,0,33.301752348256045,30.0,25.966673294134317,-1.0,5.0,52.164468,21.16023,30.0
3270,2026-05-11 20:01:03.600000+00:00,52.1642779,21.1602366,90.8,30.22,-0.14,-0.073,0.967,0,34.78294887907659,30.0,21.142948435218813,-1.0,5.0,52.164468,21.16023,30.0
3275,2026-05-11 20:01:04.100000+00:00,52.1643201,21.160235,90.6,30.45,-0.128,-0.065,0.96,0,33.79460222917044,30.0,16.449265264594995,-1.0,5.0,52.164468,21.16023,30.0
3280,2026-05-11 20:01:04.600000+00:00,52.1643617,21.1602342,90.3,29.83,-0.133,-0.059,0.963,0,33.307421530577,30.0,11.823491591803414,-1.0,5.0,52.164468,21.16023,30.0
3285,2026-05-11 20:01:05.100000+00:00,52.1644032,21.1602359,90.2,29.75,-0.131,-0.038,0.969,0,33.235531136174686,30.0,7.216659949473518,-1.0,5.0,52.164468,21.16023,30.0
3290,2026-05-11 20:01:05.600000+00:00,52.164442,21.1602393,90.2,29.18,-0.124,-0.021,0.967,0,31.108256641641177,30.0,2.9598376488075337,-1.0,5.0,52.164468,21.16023,30.0
3295,2026-05-11 20:01:06.100000+00:00,52.1644804,21.16024,90.2,28.67,-0.126,0.003,0.964,0,30.74509518167772,30.0,1.5382947905274773,-1.0,5.0,52.164468,21.16023,30.0
3300,2026-05-11 20:01:06.600000+00:00,52.1645177,21.1602402,90.2,28.39,-0.127,0.002,0.966,0,29.86267101217709,30.0,5.57000639618951,-1.0,5.0,52.164468,21.16023,30.0
3305,2026-05-11 20:01:07.100000+00:00,52.1645539,21.1602412,90.2,27.83,-0.127,0.002,0.964,0,28.98600603197737,30.0,9.582143327202129,-1.0,5.0,52.164468,21.16023,30.0
3310,2026-05-11 20:01:07.600000+00:00,52.1645904,21.1602439,90.3,27.31,-0.125,0.0,0.964,0,29.25209302427297,30.0,13.643239679438269,-1.0,5.0,52.164468,21.16023,30.0
3315,2026-05-11 20:01:08.100000+00:00,52.1646263,21.1602455,90.3,27.27,-0.098,-0.019,0.975,0,28.75240285902429,30.0,17.633876510401326,-1.0,5.0,52.164468,21.16023,30.0
3320,2026-05-11 20:01:08.600000+00:00,52.1646619,21.160246,90.5,27.43,-0.095,-0.021,0.97,0,28.50254126379264,30.0,21.588297006800307,-1.0,5.0,52.164468,21.16023,30.0
3325,2026-05-11 20:01:09.100000+00:00,52.1646976,21.1602469,90.6,27.54,-0.092,-0.011,0.956,0,28.584961039406576,30.0,25.556363718383217,-1.0,5.0,52.164468,21.16023,30.0
3330,2026-05-11 20:01:09.600000+00:00,52.1647328,21.1602473,90.7,27.3,-0.096,0.001,0.969,0,28.1819268159128,30.0,29.468050486054292,-1.0,5.0,52.164468,21.16023,30.0
3335,2026-05-11 20:01:10.100000+00:00,52.164768,21.1602469,90.8,27.45,-0.095,-0.016,0.972,0,28.18192680973715,30.0,33.3783873788521,-1.0,5.0,52.164468,21.16023,30.0
3340,2026-05-11 20:01:10.600000+00:00,52.1648034,21.1602466,91.0,27.69,-0.089,-0.012,0.958,0,28.3417458137486,30.0,37.31196096221995,-1.0,5.0,52.164468,21.16023,30.0
3345,2026-05-11 20:01:11.100000+00:00,52.1648388,21.1602468,91.1,27.91,-0.094,-0.011,0.979,0,28.341533084327367,30.0,41.24699830533727,-1.0,5.0,52.164468,21.16023,30.0
3350,2026-05-11 20:01:11.600000+00:00,52.1648743,21.1602473,91.2,28.12,-0.087,-0.01,0.964,0,28.422483892528764,30.0,45.19390525228888,-1.0,5.0,52.164468,21.16023,30.0
3355,2026-05-11 20:01:12.100000+00:00,52.1649101,21.1602473,91.3,28.17,-0.087,-0.012,0.968,0,28.661604292171017,30.0,49.17343641077129,-1.0,5.0,52.164468,21.16023,30.0
3360,2026-05-11 20:01:12.600000+00:00,52.1649463,21.1602482,91.4,28.3,-0.089,-0.015,0.969,0,28.985215542232563,30.0,53.19901835654202,-1.0,5.0,52.164468,21.16023,30.0
3365,2026-05-11 20:01:13.100000+00:00,52.1649828,21.1602482,91.6,28.57,-0.083,-0.015,0.962,0,29.22202672569405,30.0,57.25660641752298,-1.0,5.0,52.164468,21.16023,30.0
3370,2026-05-11 20:01:13.600000+00:00,52.1650197,21.1602485,91.7,28.94,-0.088,-0.011,0.968,0,29.54263545731066,30.0,61.35921662734975,-1.0,5.0,52.164468,21.16023,30.0
3375,2026-05-11 20:01:14.100000+00:00,52.1650564,21.1602483,91.8,28.7,-0.105,-0.013,0.971,0,29.38231156584554,30.0,65.43899964698274,-1.0,5.0,52.164468,21.16023,30.0
3380,2026-05-11 20:01:14.600000+00:00,52.1650926,21.1602475,92.0,28.57,-0.115,-0.004,0.961,0,28.984508311097965,30.0,69.46260709110008,-1.0,5.0,52.164468,21.16023,30.0
3385,2026-05-11 20:01:15.100000+00:00,52.1651284,21.1602469,92.1,28.11,-0.106,-0.009,0.961,0,28.663118781291075,30.0,73.44217586361873,-1.0,5.0,52.164468,21.16023,30.0
3390,2026-05-11 20:01:15.600000+00:00,52.165164,21.1602462,92.2,28.34,-0.098,-0.01,0.974,0,28.503556541016017,30.0,77.399556275394,-1.0,5.0,52.164468,21.16023,30.0
3395,2026-05-11 20:01:16.100000+00:00,52.1651996,21.1602458,92.3,27.96,-0.094,-0.004,0.973,0,28.50216049669529,,81.35734593803717,-1.0,5.0,52.164468,21.16023,30.0
3400,2026-05-11 20:01:16.600000+00:00,52.165235,21.1602453,92.4,28.3,-0.088,0.008,0.969,0,28.342426520750763,,85.2928928704158,-1.0,5.0,52.164468,21.16023,30.0
3405,2026-05-11 20:01:17.100000+00:00,52.1652702,21.1602433,92.5,28.19,-0.09,0.065,0.974,0,28.19835184503029,,89.20518269015578,-1.0,5.0,52.164468,21.16023,30.0
3410,2026-05-11 20:01:17.600000+00:00,52.1653063,21.1602407,92.4,27.97,-0.079,0.069,0.955,0,28.929974513550576,,93.21756388247124,-1.0,5.0,52.164468,21.16023,30.0
3415,2026-05-11 20:01:18.100000+00:00,52.1653415,21.1602347,92.3,27.8,-0.091,0.082,0.966,0,28.334856552287786,,97.12929743014288,-1.0,5.0,52.164468,21.16023,30.0
3420,2026-05-11 20:01:18.600000+00:00,52.1653759,21.1602244,92.4,27.59,-0.093,0.092,0.98,0,28.00138978236205,,100.95459644695195,-1.0,5.0,52.164468,21.16023,30.0
3425,2026-05-11 20:01:19.100000+00:00,52.1654096,21.1602112,92.4,27.51,-0.084,0.084,0.961,0,27.748113515963684,,104.70899459734346,-1.0,5.0,52.164468,21.16023,30.0
3430,2026-05-11 20:01:19.600000+00:00,52.1654425,21.160195,92.4,27.67,-0.079,0.084,0.966,0,27.51503414318707,,108.38574841618504,-1.0,5.0,52.164468,21.16023,30.0
3435,2026-05-11 20:01:20.100000+00:00,52.1654747,21.1601765,92.4,27.63,-0.078,0.09,0.968,0,27.33340242974636,,111.99939205621544,-1.0,5.0,52.164468,21.16023,30.0
3440,2026-05-11 20:01:20.600000+00:00,52.1655064,21.1601551,92.4,27.72,-0.082,0.089,0.976,0,27.468892913586828,,115.57776921638204,-1.0,5.0,52.164468,21.16023,30.0
3445,2026-05-11 20:01:21.100000+00:00,52.1655376,21.1601318,92.4,27.95,-0.08,0.08,0.964,0,27.47476842902042,,119.12253888774568,-1.0,5.0,52.164468,21.16023,30.0
3450,2026-05-11 20:01:21.600000+00:00,52.1655682,21.1601049,92.4,28.5,-0.076,0.103,0.968,0,27.83302544313937,,122.63385448701234,-1.0,5.0,52.164468,21.16023,30.0
3455,2026-05-11 20:01:22.100000+00:00,52.1655978,21.1600751,92.4,28.36,-0.08,0.097,0.965,0,27.85218213144397,,126.0714964268306,-1.0,5.0,52.164468,21.16023,30.0
3460,2026-05-11 20:01:22.600000+00:00,52.165627,21.1600439,92.4,28.52,-0.078,0.1,0.969,0,27.951079835923093,,129.49849223816403,-1.0,5.0,52.164468,21.16023,30.0
3465,2026-05-11 20:01:23.100000+00:00,52.1656555,21.1600107,92.3,28.2,-0.08,0.097,0.972,0,28.043441976631147,,132.88844444271965,-1.0,5.0,52.164468,21.16023,30.0
3470,2026-05-11 20:01:23.600000+00:00,52.1656829,21.1599746,92.2,28.64,-0.08,0.079,0.967,0,28.204362367129995,,136.20920977594454,-1.0,5.0,52.164468,21.16023,30.0
3475,2026-05-11 20:01:24.100000+00:00,52.16571,21.1599368,92.1,28.65,-0.083,0.051,0.96,0,28.55349428769463,,139.54446716423172,-1.0,5.0,52.164468,21.16023,30.0
3480,2026-05-11 20:01:24.600000+00:00,52.1657372,21.1598975,92.0,29.16,-0.084,0.039,0.969,0,29.09761963893253,,137.43648948981027,-1.0,5.0,52.166466,21.15827,29.0
3485,2026-05-11 20:01:25.100000+00:00,52.1657642,21.1598573,92.0,29.55,-0.087,0.055,0.966,0,29.27417734865802,,133.45418548129723,-1.0,5.0,52.166466,21.15827,29.0
3490,2026-05-11 20:01:25.600000+00:00,52.1657906,21.1598157,91.9,29.38,-0.085,0.031,0.968,0,29.39485127004733,,129.43797083902484,-1.0,5.0,52.166466,21.15827,29.0
3495,2026-05-11 20:01:26.100000+00:00,52.1658173,21.1597739,91.8,29.79,-0.093,0.011,0.965,0,29.63595446131456,,125.3956969995566,-1.0,5.0,52.166466,21.15827,29.0
3500,2026-05-11 20:01:26.600000+00:00,52.165844,21.159731,91.8,30.0,-0.102,0.008,0.969,0,30.01262166879375,,121.296747822555,-1.0,5.0,52.166466,21.15827,29.0
3505,2026-05-11 20:01:27.100000+00:00,52.1658705,21.1596876,91.8,29.92,-0.115,0.011,0.964,0,30.0722923004141,,117.18712523995391,-1.0,5.0,52.166466,21.15827,29.0
3510,2026-05-11 20:01:27.600000+00:00,52.1658969,21.1596439,91.9,30.16,-0.115,-0.004,0.965,0,30.12063763422765,,113.07168498652575,-1.0,5.0,52.166466,21.15827,29.0
3515,2026-05-11 20:01:28.100000+00:00,52.1659233,21.159601,91.8,29.86,-0.123,-0.006,0.977,0,29.842005419977426,,109.00685984019194,-1.0,5.0,52.166466,21.15827,29.0
3520,2026-05-11 20:01:28.600000+00:00,52.1659502,21.1595589,91.8,29.53,-0.117,-0.008,0.974,0,29.853445581304808,,104.963576196892,-1.0,5.0,52.166466,21.15827,29.0
3525,2026-05-11 20:01:29.100000+00:00,52.1659768,21.1595163,91.7,29.71,-0.111,0.024,0.972,0,29.85218483270942,,100.91790134955367,-1.0,5.0,52.166466,21.15827,29.0
3530,2026-05-11 20:01:29.600000+00:00,52.166003,21.159473,91.6,30.02,-0.097,0.0,0.949,0,29.86830441645694,,96.86390255228496,-1.0,5.0,52.166466,21.15827,29.0
3535,2026-05-11 20:01:30.100000+00:00,52.1660294,21.1594296,91.6,29.91,-0.104,0.0,0.961,0,30.01580932628602,,92.80079811238062,-1.0,5.0,52.166466,21.15827,29.0
3540,2026-05-11 20:01:30.600000+00:00,52.1660561,21.1593862,91.6,30.07,-0.117,0.007,0.97,0,30.185407974184564,,88.73036578878299,-1.0,5.0,52.166466,21.15827,29.0
3545,2026-05-11 20:01:31.100000+00:00,52.1660824,21.1593423,91.6,29.95,-0.117,0.018,0.981,0,30.1346316554716,,84.66477293274914,-1.0,5.0,52.166466,21.15827,29.0
3550,2026-05-11 20:01:31.600000+00:00,52.1661084,21.1592981,91.5,30.03,-0.101,0.036,0.964,0,30.073448508436915,,80.6100896991737,-1.0,5.0,52.166466,21.15827,29.0
3555,2026-05-11 20:01:32.100000+00:00,52.1661339,21.1592528,91.4,30.01,-0.112,0.044,0.971,0,30.19350973359184,29.0,76.529613883012,-1.0,5.0,52.166466,21.15827,29.0
3560,2026-05-11 20:01:32.600000+00:00,52.1661586,21.1592071,91.3,29.98,-0.096,0.042,0.953,0,29.91127050226919,29.0,72.47988905148897,-1.0,5.0,52.166466,21.15827,29.0
3565,2026-05-11 20:01:33.100000+00:00,52.1661824,21.1591597,91.2,30.08,-0.097,0.054,0.967,0,30.08109034935213,29.0,68.38582561073946,-1.0,5.0,52.166466,21.15827,29.0
3570,2026-05-11 20:01:33.600000+00:00,52.1662059,21.1591111,91.2,30.42,-0.099,0.048,0.979,0,30.39007100698634,29.0,64.24445502661638,-1.0,5.0,52.166466,21.15827,29.0
3575,2026-05-11 20:01:34.100000+00:00,52.1662287,21.1590614,91.1,30.88,-0.081,0.04,0.964,0,30.477163124588643,29.0,60.0808381633282,-1.0,5.0,52.166466,21.15827,29.0
3580,2026-05-11 20:01:34.600000+00:00,52.1662514,21.1590106,91.1,30.79,-0.095,0.055,0.967,0,30.864208625559872,29.0,55.86453043407766,-1.0,5.0,52.166466,21.15827,29.0
3585,2026-05-11 20:01:35.100000+00:00,52.1662733,21.158959,91.0,30.99,-0.106,0.056,0.959,0,30.81369673419717,29.0,51.64696877488692,-1.0,5.0,52.166466,21.15827,29.0
3590,2026-05-11 20:01:35.600000+00:00,52.1662941,21.1589069,91.0,30.66,-0.114,0.058,0.969,0,30.526719735865537,29.0,47.45842073462918,-1.0,5.0,52.166466,21.15827,29.0
3595,2026-05-11 20:01:36.100000+00:00,52.1663129,21.1588543,90.9,30.37,-0.116,0.075,0.967,0,29.89547781200953,29.0,43.33531723517257,-1.0,5.0,52.166466,21.15827,29.0
3600,2026-05-11 20:01:36.600000+00:00,52.1663309,21.1588011,90.8,30.06,-0.115,0.066,0.968,0,29.83583450457169,29.0,39.21450032409245,-1.0,5.0,52.166466,21.15827,29.0
3605,2026-05-11 20:01:37.100000+00:00,52.1663482,21.1587475,90.7,29.68,-0.114,0.054,0.968,0,29.742898411862797,29.0,35.10275052942162,-1.0,5.0,52.166466,21.15827,29.0
3610,2026-05-11 20:01:37.600000+00:00,52.1663652,21.1586939,90.6,29.52,-0.105,0.016,0.966,0,29.63180609596979,29.0,31.00815334848723,-1.0,5.0,52.166466,21.15827,29.0
3615,2026-05-11 20:01:38.100000+00:00,52.1663817,21.1586406,90.4,29.56,-0.108,0.023,0.962,0,29.31848671803163,29.0,26.958421034512448,-1.0,5.0,52.166466,21.15827,29.0
3620,2026-05-11 20:01:38.600000+00:00,52.1663986,21.1585869,90.2,29.88,-0.114,-0.003,0.965,0,29.638783986414943,29.0,22.87621642530719,-1.0,5.0,52.166466,21.15827,29.0
3625,2026-05-11 20:01:39.100000+00:00,52.1664157,21.1585337,90.1,29.48,-0.124,0.007,0.963,0,29.49451291810897,29.0,18.83490114779669,-1.0,5.0,52.166466,21.15827,29.0
3630,2026-05-11 20:01:39.600000+00:00,52.1664326,21.1584805,90.0,29.39,-0.125,0.007,0.965,0,29.42052348961158,29.0,14.829445360702955,-1.0,5.0,52.166466,21.15827,29.0
3635,2026-05-11 20:01:40.100000+00:00,52.1664494,21.1584268,90.0,29.35,-0.13,-0.002,0.969,0,29.60229504555184,29.0,10.852447472270828,-1.0,5.0,52.166466,21.15827,29.0
3640,2026-05-11 20:01:40.600000+00:00,52.1664663,21.158374,90.1,29.08,-0.129,-0.001,0.965,0,29.24622361644293,29.0,7.093249332496669,-1.0,5.0,52.166466,21.15827,29.0
3645,2026-05-11 20:01:41.100000+00:00,52.166483,21.1583217,90.1,28.71,-0.128,0.002,0.968,0,28.954474710688864,29.0,4.000854225270636,-1.0,5.0,52.166466,21.15827,29.0
3650,2026-05-11 20:01:41.600000+00:00,52.1664998,21.1582699,90.2,28.51,-0.126,0.016,0.966,0,28.77423736810436,29.0,3.758394708900624,-1.0,5.0,52.166466,21.15827,29.0
3655,2026-05-11 20:01:42.100000+00:00,52.1665166,21.1582187,90.3,28.29,-0.132,0.0,0.963,0,28.51409272476806,29.0,6.625630331008132,-1.0,5.0,52.166466,21.15827,29.0
3660,2026-05-11 20:01:42.600000+00:00,52.166533,21.158168,90.2,27.95,-0.129,0.01,0.961,0,28.147018565531496,29.0,10.193129291111148,-1.0,5.0,52.166466,21.15827,29.0
3665,2026-05-11 20:01:43.100000+00:00,52.1665494,21.1581181,90.2,27.87,-0.131,0.005,0.965,0,27.800123609688924,29.0,13.904410577621816,-1.0,5.0,52.166466,21.15827,29.0
3670,2026-05-11 20:01:43.600000+00:00,52.1665657,21.1580685,90.1,27.57,-0.132,0.002,0.965,0,27.632450295984448,29.0,17.657081005608465,-1.0,5.0,52.166466,21.15827,29.0
3675,2026-05-11 20:01:44.100000+00:00,52.1665819,21.1580199,90.2,26.95,-0.131,0.004,0.967,0,27.162259907082674,29.0,21.37877990402417,-1.0,5.0,52.166466,21.15827,29.0
3680,2026-05-11 20:01:44.600000+00:00,52.1665979,21.1579723,90.0,26.59,-0.128,0.003,0.96,0,26.654494231116665,29.0,25.04733238546477,-1.0,5.0,52.166466,21.15827,29.0
3685,2026-05-11 20:01:45.100000+00:00,52.1666139,21.1579244,90.0,26.65,-0.126,0.007,0.963,0,26.783772047179845,29.0,28.7412492967076,-1.0,5.0,52.166466,21.15827,29.0
3690,2026-05-11 20:01:45.600000+00:00,52.1666296,21.1578768,90.0,26.39,-0.129,0.007,0.97,0,26.53988874473062,29.0,32.40545641280041,-1.0,5.0,52.166466,21.15827,29.0
3695,2026-05-11 20:01:46.100000+00:00,52.1666455,21.1578309,90.0,25.86,-0.125,0.004,0.965,0,25.886027687412994,29.0,35.98987974578211,-1.0,5.0,52.166466,21.15827,29.0
3700,2026-05-11 20:01:46.600000+00:00,52.1666613,21.1577856,89.9,25.38,-0.13,0.002,0.964,0,25.590209744889663,29.0,39.53596630076267,-1.0,5.0,52.166466,21.15827,29.0
3705,2026-05-11 20:01:47.100000+00:00,52.1666765,21.1577398,89.9,25.42,-0.133,-0.005,0.96,0,25.57187129077505,29.0,43.07569939329002,-1.0,5.0,52.166466,21.15827,29.0
3710,2026-05-11 20:01:47.600000+00:00,52.1666925,21.1576953,89.8,25.44,-0.134,-0.053,0.964,0,25.330040739325074,29.0,46.59057664001504,-1.0,5.0,52.166466,21.15827,29.0
3715,2026-05-11 20:01:48.100000+00:00,52.1667097,21.157653,89.8,25.06,-0.145,-0.077,0.968,0,24.92183844023728,29.0,50.05161380266249,-1.0,5.0,52.166466,21.15827,29.0
3720,2026-05-11 20:01:48.600000+00:00,52.1667282,21.1576117,89.8,24.93,-0.143,-0.05,0.956,0,25.11345015949506,29.0,53.533982053052185,-1.0,5.0,52.166466,21.15827,29.0
3725,2026-05-11 20:01:49.100000+00:00,52.1667478,21.1575718,89.8,24.72,-0.162,-0.08,0.963,0,25.10248639230657,29.0,57.00429511501535,-1.0,5.0,52.166466,21.15827,29.0
3730,2026-05-11 20:01:49.600000+00:00,52.1667675,21.1575349,89.9,24.48,-0.173,-0.105,0.962,0,24.022786777655597,29.0,60.31243248403273,-1.0,5.0,52.166466,21.15827,29.0
3735,2026-05-11 20:01:50.100000+00:00,52.1667899,21.1575013,89.7,24.37,-0.163,-0.111,0.964,0,24.36905533637484,29.0,63.60690710335172,-1.0,5.0,52.166466,21.15827,29.0
3740,2026-05-11 20:01:50.600000+00:00,52.1668144,21.1574704,89.5,24.6,-0.14,-0.13,0.956,0,24.798880013758392,29.0,66.8948212510826,-1.0,5.0,52.166466,21.15827,29.0
3745,2026-05-11 20:01:51.100000+00:00,52.166841,21.1574442,89.4,24.7,-0.133,-0.169,0.98,0,24.88073697273708,29.0,70.07802219103638,-1.0,5.0,52.166466,21.15827,29.0
3750,2026-05-11 20:01:51.600000+00:00,52.1668693,21.1574209,89.4,25.55,-0.126,-0.165,0.953,0,25.38220609357828,29.0,73.24476034383375,-1.0,5.0,52.166466,21.15827,29.0
3755,2026-05-11 20:01:52.100000+00:00,52.1668997,21.1574026,89.5,26.7,-0.114,-0.169,0.951,0,25.94437822317388,29.0,76.32508395453107,-1.0,5.0,52.166466,21.15827,29.0
3760,2026-05-11 20:01:52.600000+00:00,52.1669329,21.1573876,89.8,27.42,-0.118,-0.186,0.961,0,27.581785914193198,29.0,79.48144654102829,-1.0,5.0,52.166466,21.15827,29.0
3765,2026-05-11 20:01:53.100000+00:00,52.1669681,21.1573777,90.0,28.41,-0.112,-0.181,0.954,0,28.597492342824783,,82.58787465534382,-1.0,5.0,52.166466,21.15827,29.0
3770,2026-05-11 20:01:53.600000+00:00,52.1670041,21.1573732,90.1,29.22,-0.109,-0.195,0.953,0,28.9063126935729,,85.56408862144444,-1.0,5.0,52.166466,21.15827,29.0
3775,2026-05-11 20:01:54.100000+00:00,52.1670422,21.1573745,90.3,29.81,-0.126,-0.204,0.967,0,30.50967163585157,,88.51721004499105,-1.0,5.0,52.166466,21.15827,29.0
3780,2026-05-11 20:01:54.600000+00:00,52.1670808,21.157382,90.6,30.79,-0.131,-0.221,0.964,0,31.121980213330943,,91.33176335849208,-1.0,5.0,52.166466,21.15827,29.0
3785,2026-05-11 20:01:55.100000+00:00,52.167119,21.1573948,90.8,31.4,-0.131,-0.213,0.956,0,31.222287888514973,,93.99631845172466,-1.0,5.0,52.166466,21.15827,29.0
3790,2026-05-11 20:01:55.600000+00:00,52.1671565,21.1574158,91.1,31.13,-0.165,-0.2,0.958,0,31.744295213124214,,96.38100626765107,-1.0,5.0,52.166466,21.15827,29.0
3795,2026-05-11 20:01:56.100000+00:00,52.1671909,21.1574433,91.0,30.91,-0.177,-0.194,0.947,0,30.673342082007498,,98.3681336829029,-1.0,5.0,52.166466,21.15827,29.0
3800,2026-05-11 20:01:56.600000+00:00,52.1672235,21.1574753,91.0,30.1,-0.193,-0.187,0.949,0,30.465024316808613,,100.1621600244985,-1.0,5.0,52.166466,21.15827,29.0
3805,2026-05-11 20:01:57.100000+00:00,52.1672532,21.157511,91.2,29.07,-0.196,-0.17,0.954,0,29.541775299398083,,101.69409027231978,-1.0,5.0,52.166466,21.15827,29.0
3810,2026-05-11 20:01:57.600000+00:00,52.1672796,21.1575497,91.3,27.95,-0.19,-0.164,0.944,0,28.42315639629806,,102.94617363417798,-1.0,5.0,52.166466,21.15827,29.0
3815,2026-05-11 20:01:58.100000+00:00,52.1673025,21.1575914,91.4,27.08,-0.185,-0.144,0.953,0,27.485248546727767,,103.893108240601,-1.0,5.0,52.166466,21.15827,29.0
3820,2026-05-11 20:01:58.600000+00:00,52.1673217,21.1576349,91.3,26.13,-0.175,-0.131,0.95,0,26.31683676675898,,104.54508239764192,-1.0,5.0,52.166466,21.15827,29.0
3825,2026-05-11 20:01:59.100000+00:00,52.1673388,21.1576785,91.3,24.89,-0.176,-0.048,0.949,0,25.41289021019337,,105.10167213240734,-1.0,5.0,52.166466,21.15827,29.0
3830,2026-05-11 20:01:59.600000+00:00,52.1673554,21.1577185,91.4,23.65,-0.155,0.098,0.959,0,23.715861570700916,,105.80820133376577,-1.0,5.0,52.166466,21.15827,29.0
3835,2026-05-11 20:02:00.100000+00:00,52.1673733,21.157753,91.4,21.77,-0.118,0.146,0.943,0,22.1897213413565,,106.87164452770124,-1.0,5.0,52.166466,21.15827,29.0
3840,2026-05-11 20:02:00.600000+00:00,52.1673924,21.1577832,91.3,21.21,-0.121,0.144,0.94,0,21.301550558416864,,108.2292862739461,-1.0,5.0,52.166466,21.15827,29.0
3845,2026-05-11 20:02:01.100000+00:00,52.1674126,21.1578084,91.3,20.47,-0.134,0.163,0.966,0,20.363455667117385,,109.86448145604324,-1.0,5.0,52.166466,21.15827,29.0
3850,2026-05-11 20:02:01.600000+00:00,52.167435,21.157827,91.2,20.01,-0.155,0.204,0.978,0,20.12546062675937,,111.90390198487472,-1.0,5.0,52.166466,21.15827,29.0
3855,2026-05-11 20:02:02.100000+00:00,52.1674587,21.1578393,91.2,19.63,-0.139,0.189,0.954,0,19.91244438848605,,114.22495020364951,-1.0,5.0,52.166466,21.15827,29.0
3860,2026-05-11 20:02:02.600000+00:00,52.1674831,21.1578455,91.1,19.64,-0.134,0.177,0.976,0,19.7705509307706,,116.7433498543065,-1.0,5.0,52.166466,21.15827,29.0
3865,2026-05-11 20:02:03.100000+00:00,52.1675077,21.1578474,91.1,19.49,-0.12,0.153,0.975,0,19.71693259044752,,119.36386138923912,-1.0,5.0,52.166466,21.15827,29.0
3870,2026-05-11 20:02:03.600000+00:00,52.1675318,21.1578447,91.0,19.76,-0.104,0.161,0.969,0,19.34004350696802,,122.00972380399764,-1.0,5.0,52.166466,21.15827,29.0
3875,2026-05-11 20:02:04.100000+00:00,52.1675567,21.1578362,91.1,19.91,-0.097,0.155,0.966,0,20.367307076594543,,124.83695176282616,-1.0,5.0,52.166466,21.15827,29.0
3880,2026-05-11 20:02:04.600000+00:00,52.1675816,21.1578234,91.2,21.17,-0.091,0.112,0.972,0,20.902454385608067,,127.73386461839904,-1.0,5.0,52.166466,21.15827,29.0
3885,2026-05-11 20:02:05.100000+00:00,52.1676056,21.1578076,91.3,21.39,-0.075,0.082,0.951,0,20.72179724883148,,130.5831646250804,-1.0,5.0,52.166466,21.15827,29.0
3890,2026-05-11 20:02:05.600000+00:00,52.1676304,21.1577908,91.3,21.55,-0.075,0.015,0.982,0,21.5006293170691,,133.53663312512433,-1.0,5.0,52.166466,21.15827,29.0
3895,2026-05-11 20:02:06.100000+00:00,52.167656,21.1577738,91.3,22.18,-0.081,0.003,0.977,0,22.130313756895596,,136.58108732817857,-1.0,5.0,52.166466,21.15827,29.0
3900,2026-05-11 20:02:06.600000+00:00,52.167682,21.1577565,91.4,22.58,-0.076,-0.002,0.963,0,22.48247085849491,,139.6750080859736,-1.0,5.0,52.166466,21.15827,29.0
3905,2026-05-11 20:02:07.100000+00:00,52.1677086,21.1577384,91.5,23.09,-0.082,0.024,0.975,0,23.076376626968894,,142.84855213718765,-1.0,5.0,52.166466,21.15827,29.0
3910,2026-05-11 20:02:07.600000+00:00,52.1677351,21.1577189,91.6,23.12,-0.079,0.052,0.974,0,23.27678495103229,,146.03727175856713,-1.0,5.0,52.166466,21.15827,29.0
3915,2026-05-11 20:02:08.100000+00:00,52.1677616,21.1576983,91.7,23.51,-0.073,0.019,0.968,0,23.504146935607427,,149.24747433363345,-1.0,5.0,52.166466,21.15827,29.0
3920,2026-05-11 20:02:08.600000+00:00,52.1677884,21.1576777,91.7,23.69,-0.082,-0.008,0.966,0,23.72116872409512,,152.4921476882589,-1.0,5.0,52.166466,21.15827,29.0
3925,2026-05-11 20:02:09.100000+00:00,52.1678159,21.1576567,91.8,24.07,-0.073,0.009,0.967,0,24.311915923528343,,155.8212203326937,-1.0,5.0,52.166466,21.15827,29.0
3930,2026-05-11 20:02:09.600000+00:00,52.1678439,21.1576353,91.8,24.56,-0.08,0.011,0.973,0,24.757736247367216,,159.21321770789586,-1.0,5.0,52.166466,21.15827,29.0
3935,2026-05-11 20:02:10.100000+00:00,52.1678722,21.1576133,91.8,25.16,-0.074,-0.009,0.971,0,25.10080306790485,,162.65050595012434,-1.0,5.0,52.166466,21.15827,29.0
3940,2026-05-11 20:02:10.600000+00:00,52.1679011,21.1575909,91.9,25.63,-0.065,-0.004,0.971,0,25.618949746226743,,166.1615107569892,-1.0,5.0,52.166466,21.15827,29.0
3945,2026-05-11 20:02:11.100000+00:00,52.1679308,21.1575683,91.9,26.33,-0.08,-0.013,0.964,0,26.24021868547615,,167.4266090817838,-1.0,5.0,52.169269,21.156443,28.0
3950,2026-05-11 20:02:11.600000+00:00,52.1679613,21.157546,91.9,27.0,-0.082,-0.008,0.961,0,26.761349274429577,,163.71542084759025,-1.0,5.0,52.169269,21.156443,28.0
3955,2026-05-11 20:02:12.100000+00:00,52.1679922,21.1575229,92.0,27.67,-0.08,-0.005,0.977,0,27.21524540138851,,159.93988788701097,-1.0,5.0,52.169269,21.156443,28.0
3960,2026-05-11 20:02:12.600000+00:00,52.1680233,21.1574995,92.0,27.77,-0.081,0.0,0.971,0,27.42227428697205,,156.13539501595997,-1.0,5.0,52.169269,21.156443,28.0
3965,2026-05-11 20:02:13.100000+00:00,52.1680554,21.1574766,92.0,28.26,-0.08,-0.007,0.971,0,28.05187805231061,,152.248318423507,-1.0,5.0,52.169269,21.156443,28.0
3970,2026-05-11 20:02:13.600000+00:00,52.168088,21.1574531,92.0,28.83,-0.076,0.0,0.969,0,28.53692225135149,,148.29347143030333,-1.0,5.0,52.169269,21.156443,28.0
3975,2026-05-11 20:02:14.100000+00:00,52.1681209,21.1574294,92.0,29.43,-0.071,0.001,0.965,0,28.796301191335875,,144.30322692319265,-1.0,5.0,52.169269,21.156443,28.0
3980,2026-05-11 20:02:14.600000+00:00,52.1681546,21.1574055,92.0,29.51,-0.083,0.005,0.975,0,29.42232071491966,,140.22851323116402,-1.0,5.0,52.169269,21.156443,28.0
3985,2026-05-11 20:02:15.100000+00:00,52.1681888,21.1573809,92.0,30.11,-0.087,0.003,0.971,0,29.926907644830504,,136.0829889755625,-1.0,5.0,52.169269,21.156443,28.0
3990,2026-05-11 20:02:15.600000+00:00,52.1682233,21.157356,92.0,30.24,-0.089,0.004,0.969,0,30.20613536693806,,131.89909077617244,-1.0,5.0,52.169269,21.156443,28.0
3995,2026-05-11 20:02:16.100000+00:00,52.1682581,21.1573311,92.0,30.72,-0.088,0.007,0.967,0,30.42591104131232,,127.68657342896404,-1.0,5.0,52.169269,21.156443,28.0
4000,2026-05-11 20:02:16.600000+00:00,52.1682929,21.1573058,92.0,30.75,-0.098,0.012,0.967,0,30.5053706157171,,123.46196181386216,-1.0,5.0,52.169269,21.156443,28.0
4005,2026-05-11 20:02:17.100000+00:00,52.1683279,21.1572805,92.0,30.8,-0.112,-0.005,0.969,0,30.65167660404754,,119.21869887879686,-1.0,5.0,52.169269,21.156443,28.0
4010,2026-05-11 20:02:17.600000+00:00,52.1683628,21.1572552,92.0,30.67,-0.122,0.009,0.957,0,30.57850036237588,,114.98620959744336,-1.0,5.0,52.169269,21.156443,28.0
4015,2026-05-11 20:02:18.100000+00:00,52.1683972,21.1572303,92.0,30.19,-0.124,0.006,0.963,0,30.13292534899628,,110.8166864562712,-1.0,5.0,52.169269,21.156443,28.0
4020,2026-05-11 20:02:18.600000+00:00,52.1684314,21.1572059,92.1,29.79,-0.125,0.007,0.963,0,29.887375105301427,,106.68443034721946,-1.0,5.0,52.169269,21.156443,28.0
4025,2026-05-11 20:02:19.100000+00:00,52.1684652,21.1571819,92.1,29.52,-0.125,0.007,0.965,0,29.51529328118252,,102.60583317940058,-1.0,5.0,52.169269,21.156443,28.0
4030,2026-05-11 20:02:19.600000+00:00,52.1684988,21.1571581,92.2,28.96,-0.127,0.013,0.969,0,29.32928510205446,,98.55503395816235,-1.0,5.0,52.169269,21.156443,28.0
4035,2026-05-11 20:02:20.100000+00:00,52.1685321,21.1571349,92.3,28.7,-0.125,0.015,0.965,0,28.992117829847988,,94.55551476810204,-1.0,5.0,52.169269,21.156443,28.0
4040,2026-05-11 20:02:20.600000+00:00,52.1685649,21.1571118,92.3,28.37,-0.121,0.01,0.961,0,28.604936301960127,,90.60987397036423,-1.0,5.0,52.169269,21.156443,28.0
4045,2026-05-11 20:02:21.100000+00:00,52.1685972,21.1570893,92.4,27.77,-0.127,0.019,0.969,0,28.120839925933865,,86.73540318357327,-1.0,5.0,52.169269,21.156443,28.0
4050,2026-05-11 20:02:21.600000+00:00,52.1686292,21.1570676,92.4,27.55,-0.124,0.016,0.965,0,27.74691238947268,,82.92050595492032,-1.0,5.0,52.169269,21.156443,28.0
4055,2026-05-11 20:02:22.100000+00:00,52.1686607,21.1570458,92.4,27.24,-0.125,0.004,0.967,0,27.396882985711144,28.0,79.15333536287623,-1.0,5.0,52.169269,21.156443,28.0
4060,2026-05-11 20:02:22.600000+00:00,52.1686904,21.1570252,92.4,26.7,-0.127,0.018,0.967,0,25.840123252766183,28.0,75.60327650625078,-1.0,5.0,52.169269,21.156443,28.0
4065,2026-05-11 20:02:23.100000+00:00,52.16872,21.1570047,92.4,26.37,-0.126,0.012,0.962,0,25.747230861090205,28.0,72.07011083466419,-1.0,5.0,52.169269,21.156443,28.0
4070,2026-05-11 20:02:23.600000+00:00,52.1687494,21.1569845,92.4,26.2,-0.121,0.01,0.967,0,25.542362433154462,28.0,68.57114628288377,-1.0,5.0,52.169269,21.156443,28.0
4075,2026-05-11 20:02:24.100000+00:00,52.1687784,21.1569644,92.5,25.48,-0.124,0.011,0.971,0,25.228306904311392,28.0,65.11842597789469,-1.0,5.0,52.169269,21.156443,28.0
4080,2026-05-11 20:02:24.600000+00:00,52.168807,21.1569442,92.5,25.21,-0.125,0.008,0.971,0,24.95338060075966,28.0,61.70472799152701,-1.0,5.0,52.169269,21.156443,28.0
4085,2026-05-11 20:02:25.100000+00:00,52.1688352,21.1569249,92.5,24.95,-0.122,0.009,0.967,0,24.48543479092633,28.0,58.36848555031287,-1.0,5.0,52.169269,21.156443,28.0
4090,2026-05-11 20:02:25.600000+00:00,52.168863,21.1569055,92.5,24.36,-0.13,0.009,0.967,0,24.209748046152043,28.0,55.07268627072878,-1.0,5.0,52.169269,21.156443,28.0
4095,2026-05-11 20:02:26.100000+00:00,52.1688903,21.1568861,92.6,23.66,-0.149,0.019,0.971,0,23.84225612091259,28.0,51.830619683389536,-1.0,5.0,52.169269,21.156443,28.0
4100,2026-05-11 20:02:26.600000+00:00,52.168917,21.1568671,92.6,23.54,-0.126,0.01,0.965,0,23.32342561015576,28.0,48.66777355800897,-1.0,5.0,52.169269,21.156443,28.0
4105,2026-05-11 20:02:27.100000+00:00,52.1689432,21.1568491,92.7,22.81,-0.132,0.006,0.96,0,22.76196684148718,28.0,45.60127740299291,-1.0,5.0,52.169269,21.156443,28.0
4110,2026-05-11 20:02:27.600000+00:00,52.1689692,21.1568307,92.8,22.36,-0.127,0.014,0.966,0,22.691981937508096,28.0,42.54912996864799,-1.0,5.0,52.169269,21.156443,28.0
4115,2026-05-11 20:02:28.100000+00:00,52.1689948,21.1568128,92.9,22.05,-0.135,0.009,0.968,0,22.300675259299247,28.0,39.568618275113984,-1.0,5.0,52.169269,21.156443,28.0
4120,2026-05-11 20:02:28.600000+00:00,52.1690196,21.156796,92.9,21.53,-0.131,0.014,0.962,0,21.500530490107177,28.0,36.72385937110027,-1.0,5.0,52.169269,21.156443,28.0
4125,2026-05-11 20:02:29.100000+00:00,52.1690441,21.1567793,93.0,21.18,-0.13,0.01,0.966,0,21.25994133897387,28.0,33.93262306828531,-1.0,5.0,52.169269,21.156443,28.0
4130,2026-05-11 20:02:29.600000+00:00,52.1690681,21.1567628,93.0,20.53,-0.128,0.019,0.969,0,20.85283167586162,28.0,31.22046451465733,-1.0,5.0,52.169269,21.156443,28.0
4135,2026-05-11 20:02:30.100000+00:00,52.1690916,21.1567466,93.0,20.34,-0.122,0.011,0.97,0,20.426752539769648,28.0,28.59764635835496,-1.0,5.0,52.169269,21.156443,28.0
4140,2026-05-11 20:02:30.600000+00:00,52.1691145,21.156731,93.0,19.61,-0.125,0.014,0.969,0,19.86975467835154,28.0,26.094534747271396,-1.0,5.0,52.169269,21.156443,28.0
4145,2026-05-11 20:02:31.100000+00:00,52.1691369,21.156716,93.0,19.28,-0.119,0.013,0.968,0,19.38716872027402,28.0,23.71514671213309,-1.0,5.0,52.169269,21.156443,28.0
4150,2026-05-11 20:02:31.600000+00:00,52.1691587,21.1567016,93.0,18.75,-0.126,0.011,0.964,0,18.831105840269775,28.0,21.481766214931994,-1.0,5.0,52.169269,21.156443,28.0
4155,2026-05-11 20:02:32.100000+00:00,52.1691802,21.1566868,93.0,18.66,-0.125,0.011,0.969,0,18.68423368725972,28.0,19.33791927023546,-1.0,5.0,52.169269,21.156443,28.0
4160,2026-05-11 20:02:32.600000+00:00,52.1692011,21.1566728,93.0,18.05,-0.128,0.015,0.969,0,18.089749949077795,28.0,17.396049305242638,-1.0,5.0,52.169269,21.156443,28.0
4165,2026-05-11 20:02:33.100000+00:00,52.1692215,21.1566591,92.9,17.71,-0.119,0.012,0.966,0,17.663504494749393,28.0,15.65572720116506,-1.0,5.0,52.169269,21.156443,28.0
4170,2026-05-11 20:02:33.600000+00:00,52.1692415,21.1566454,93.0,17.36,-0.121,0.02,0.965,0,17.367824871639357,28.0,14.138179917180276,-1.0,5.0,52.169269,21.156443,28.0
4175,2026-05-11 20:02:34.100000+00:00,52.1692608,21.1566325,92.9,16.47,-0.123,0.014,0.971,0,16.699622595456084,28.0,12.955887579907822,-1.0,5.0,52.169269,21.156443,28.0
4180,2026-05-11 20:02:34.600000+00:00,52.1692796,21.1566193,92.8,16.72,-0.111,0.008,0.964,0,16.387644451834937,28.0,12.081164051179156,-1.0,5.0,52.169269,21.156443,28.0
4185,2026-05-11 20:02:35.100000+00:00,52.1692986,21.156606,92.8,16.49,-0.114,0.007,0.965,0,16.554138809008172,28.0,11.593497461986898,-1.0,5.0,52.169269,21.156443,28.0
4190,2026-05-11 20:02:35.600000+00:00,52.1693175,21.1565936,92.8,16.05,-0.124,0.006,0.972,0,16.31052518439312,28.0,11.600576569708428,-1.0,5.0,52.169269,21.156443,28.0
4195,2026-05-11 20:02:36.100000+00:00,52.1693361,21.1565815,92.8,15.77,-0.119,0.012,0.974,0,16.032783370228074,28.0,12.036959948066416,-1.0,5.0,52.169269,21.156443,28.0
4200,2026-05-11 20:02:36.600000+00:00,52.1693545,21.1565691,92.8,15.77,-0.116,0.007,0.966,0,15.93986057475934,28.0,12.819704691649958,-1.0,5.0,52.169269,21.156443,28.0
4205,2026-05-11 20:02:37.100000+00:00,52.1693729,21.1565572,92.8,15.5,-0.121,0.003,0.968,0,15.84769978662528,28.0,13.933186963128952,-1.0,5.0,52.169269,21.156443,28.0
4210,2026-05-11 20:02:37.600000+00:00,52.1693909,21.1565453,92.8,15.2,-0.116,0.008,0.966,0,15.550469340589132,28.0,15.24481059574201,-1.0,5.0,52.169269,21.156443,28.0
4215,2026-05-11 20:02:38.100000+00:00,52.1694087,21.1565341,92.8,15.27,-0.114,0.011,0.967,0,15.2751086583686,28.0,16.730322476030793,-1.0,5.0,52.169269,21.156443,28.0
4220,2026-05-11 20:02:38.600000+00:00,52.1694262,21.1565226,92.8,14.84,-0.114,0.011,0.97,0,15.105729859448934,28.0,18.303419313414302,-1.0,5.0,52.169269,21.156443,28.0
4225,2026-05-11 20:02:39.100000+00:00,52.1694435,21.1565114,92.8,14.8,-0.115,0.009,0.974,0,14.902346969512053,28.0,19.956375846711005,-1.0,5.0,52.169269,21.156443,28.0
4230,2026-05-11 20:02:39.600000+00:00,52.1694605,21.1565007,92.8,14.43,-0.103,0.003,0.971,0,14.589180708687266,28.0,21.65437736019411,-1.0,5.0,52.169269,21.156443,28.0
4235,2026-05-11 20:02:40.100000+00:00,52.1694777,21.1564892,92.8,14.98,-0.078,0.007,0.971,0,14.883230338830012,28.0,23.4193010483554,-1.0,5.0,52.169269,21.156443,28.0
4240,2026-05-11 20:02:40.600000+00:00,52.1694955,21.1564769,92.9,15.82,-0.058,0.005,0.974,0,15.477777339834027,28.0,25.29154246676908,-1.0,5.0,52.169269,21.156443,28.0
4245,2026-05-11 20:02:41.100000+00:00,52.1695145,21.1564644,92.9,17.01,-0.045,-0.006,0.972,0,16.40312576284013,28.0,27.33734044188654,-1.0,5.0,52.169269,21.156443,28.0
4250,2026-05-11 20:02:41.600000+00:00,52.1695349,21.1564506,93.0,18.09,-0.035,-0.01,0.973,0,17.682245690194524,28.0,29.57127372926041,-1.0,5.0,52.169269,21.156443,28.0
4255,2026-05-11 20:02:42.100000+00:00,52.1695566,21.1564368,93.0,19.05,-0.047,-0.025,0.975,0,18.64783724302637,28.0,31.982456130248583,-1.0,5.0,52.169269,21.156443,28.0
4260,2026-05-11 20:02:42.600000+00:00,52.1695795,21.1564227,93.0,19.71,-0.044,-0.016,0.976,0,19.59756082427794,28.0,34.55377053550672,-1.0,5.0,52.169269,21.156443,28.0
4265,2026-05-11 20:02:43.100000+00:00,52.1696038,21.1564083,93.0,20.71,-0.049,-0.015,0.969,0,20.69977951021489,28.0,37.30320238417215,-1.0,5.0,52.169269,21.156443,28.0
4270,2026-05-11 20:02:43.600000+00:00,52.1696292,21.1563936,93.0,21.91,-0.062,-0.015,0.977,0,21.5783995018093,28.0,40.19385672535472,-1.0,5.0,52.169269,21.156443,28.0
4275,2026-05-11 20:02:44.100000+00:00,52.1696557,21.1563789,93.0,22.72,-0.056,-0.012,0.969,0,22.410265689864893,28.0,43.22072658506776,-1.0,5.0,52.169269,21.156443,28.0
4280,2026-05-11 20:02:44.600000+00:00,52.1696831,21.1563634,93.1,23.42,-0.053,-0.013,0.978,0,23.21935482668173,28.0,46.36472316815567,-1.0,5.0,52.169269,21.156443,28.0
4285,2026-05-11 20:02:45.100000+00:00,52.1697119,21.1563475,93.1,24.89,-0.056,-0.015,0.971,0,24.343334022532005,28.0,49.677032882196364,-1.0,5.0,52.169269,21.156443,28.0
4290,2026-05-11 20:02:45.600000+00:00,52.1697417,21.1563308,93.2,25.36,-0.053,-0.015,0.967,0,25.2278930343744,28.0,53.11590210780015,-1.0,5.0,52.169269,21.156443,28.0
4295,2026-05-11 20:02:46.100000+00:00,52.1697725,21.1563145,93.2,26.27,-0.054,-0.017,0.975,0,25.925014565735168,28.0,56.668372186236304,-1.0,5.0,52.169269,21.156443,28.0
4300,2026-05-11 20:02:46.600000+00:00,52.1698041,21.1562983,93.2,26.39,-0.072,-0.016,0.972,0,26.52017540129158,28.0,60.313207927181146,-1.0,5.0,52.169269,21.156443,28.0
4305,2026-05-11 20:02:47.100000+00:00,52.1698365,21.1562822,93.3,27.3,-0.069,-0.02,0.969,0,27.117490382072617,28.0,64.0489281216166,-1.0,5.0,52.169269,21.156443,28.0
4310,2026-05-11 20:02:47.600000+00:00,52.1698696,21.1562661,93.3,27.97,-0.071,-0.014,0.963,0,27.654049972454203,28.0,67.86462982821692,-1.0,5.0,52.169269,21.156443,28.0
4315,2026-05-11 20:02:48.100000+00:00,52.1699032,21.1562492,93.3,28.41,-0.071,0.024,0.979,0,28.15116094359912,28.0,71.74769997182423,-1.0,5.0,52.169269,21.156443,28.0
4320,2026-05-11 20:02:48.600000+00:00,52.1699372,21.1562314,93.3,29.08,-0.067,0.018,0.966,0,28.58932110087137,28.0,75.68887967672954,-1.0,5.0,52.169269,21.156443,28.0
4325,2026-05-11 20:02:49.100000+00:00,52.1699716,21.1562135,93.3,29.46,-0.082,0.005,0.963,0,28.90928476206199,28.0,79.67794724379698,-1.0,5.0,52.169269,21.156443,28.0
4330,2026-05-11 20:02:49.600000+00:00,52.1700059,21.1561954,93.4,28.87,-0.104,0.007,0.979,0,28.863110765904096,,83.66137357687289,-1.0,5.0,52.169269,21.156443,28.0
4335,2026-05-11 20:02:50.100000+00:00,52.1700403,21.156177,93.5,28.71,-0.092,0.013,0.969,0,28.98486843134338,,87.66222133319327,-1.0,5.0,52.169269,21.156443,28.0
4340,2026-05-11 20:02:50.600000+00:00,52.1700746,21.1561584,93.6,29.08,-0.098,0.016,0.969,0,28.93964797265515,,91.65726276691989,-1.0,5.0,52.169269,21.156443,28.0
4345,2026-05-11 20:02:51.100000+00:00,52.1701087,21.1561394,93.7,28.71,-0.11,0.004,0.953,0,28.850665854943685,,95.63853372867584,-1.0,5.0,52.169269,21.156443,28.0
4350,2026-05-11 20:02:51.600000+00:00,52.1701422,21.1561209,93.8,28.07,-0.127,0.015,0.957,0,28.31682319101044,,99.54927215786604,-1.0,5.0,52.169269,21.156443,28.0
4355,2026-05-11 20:02:52.100000+00:00,52.170175,21.1561023,93.9,27.72,-0.126,0.022,0.974,0,27.80269098107305,,103.3873746192477,-1.0,5.0,52.169269,21.156443,28.0
4360,2026-05-11 20:02:52.600000+00:00,52.1702071,21.1560837,94.0,27.33,-0.121,0.011,0.968,0,27.27398801495177,,107.15138070377913,-1.0,5.0,52.169269,21.156443,28.0
4365,2026-05-11 20:02:53.100000+00:00,52.1702392,21.156064,93.9,27.92,-0.121,0.015,0.969,0,27.45957112178834,,110.93447900336837,-1.0,5.0,52.169269,21.156443,28.0
4370,2026-05-11 20:02:53.600000+00:00,52.1702704,21.1560466,93.9,26.11,-0.13,-0.001,0.964,0,26.399595516486308,,114.58528279472642,-1.0,5.0,52.169269,21.156443,28.0
4375,2026-05-11 20:02:54.100000+00:00,52.1703012,21.1560305,94.0,25.92,-0.126,-0.049,0.96,0,25.894835448891293,,118.17273565773289,-1.0,5.0,52.169269,21.156443,28.0
4380,2026-05-11 20:02:54.600000+00:00,52.1703319,21.1560166,94.0,25.28,-0.131,-0.032,0.965,0,25.508579500909164,,121.713994362688,-1.0,5.0,52.169269,21.156443,28.0
4385,2026-05-11 20:02:55.100000+00:00,52.1703625,21.156004,94.1,24.91,-0.126,-0.032,0.951,0,25.26761621473863,,125.2233217546125,-1.0,5.0,52.169269,21.156443,28.0
4390,2026-05-11 20:02:55.600000+00:00,52.1703924,21.1559926,94.1,24.15,-0.173,0.018,0.998,0,24.583809734080614,,128.6375116749784,-1.0,5.0,52.169269,21.156443,28.0
4395,2026-05-11 20:02:56.100000+00:00,52.1704211,21.1559818,94.1,23.53,-0.127,0.01,0.939,0,23.58133684163306,,131.9123710869441,-1.0,5.0,52.169269,21.156443,28.0
4400,2026-05-11 20:02:56.600000+00:00,52.1704492,21.1559709,94.1,23.0,-0.145,0.0,0.972,0,23.12484562486549,,135.12407396215949,-1.0,5.0,52.169269,21.156443,28.0
4405,2026-05-11 20:02:57.100000+00:00,52.1704766,21.155961,94.1,22.33,-0.134,0.005,0.956,0,22.46868928556223,,138.24395211004952,-1.0,5.0,52.169269,21.156443,28.0
4410,2026-05-11 20:02:57.600000+00:00,52.1705029,21.15595,94.1,21.43,-0.121,0.028,0.953,0,21.73759520371591,,141.26288308439285,-1.0,5.0,52.169269,21.156443,28.0
4415,2026-05-11 20:02:58.100000+00:00,52.1705283,21.1559381,94.2,20.75,-0.134,0.029,0.985,0,21.15816558886202,,144.19927356776464,-1.0,5.0,52.169269,21.156443,28.0
4420,2026-05-11 20:02:58.600000+00:00,52.1705531,21.1559248,94.2,20.56,-0.133,-0.014,0.958,0,20.90138977272557,,147.09388984512142,-1.0,5.0,52.169269,21.156443,28.0
4425,2026-05-11 20:02:59.100000+00:00,52.170577,21.1559112,94.3,19.75,-0.134,-0.029,0.961,0,20.266232931149187,,149.89667079631903,-1.0,5.0,52.169269,21.156443,28.0
4430,2026-05-11 20:02:59.600000+00:00,52.1706002,21.1558978,94.3,19.43,-0.138,-0.033,0.959,0,19.704962802892325,,152.62107794173684,-1.0,5.0,52.169269,21.156443,28.0
4435,2026-05-11 20:03:00.100000+00:00,52.1706226,21.1558855,94.3,18.46,-0.175,-0.03,0.962,0,18.923191195085806,,155.24129277624374,-1.0,5.0,52.169269,21.156443,28.0
4440,2026-05-11 20:03:00.600000+00:00,52.1706433,21.1558734,94.3,17.18,-0.161,-0.015,0.947,0,17.60531133070688,,157.67520517862746,-1.0,5.0,52.169269,21.156443,28.0
4445,2026-05-11 20:03:01.100000+00:00,52.1706628,21.1558615,94.3,15.94,-0.203,-0.035,0.973,0,16.669417466637583,,159.9768096023288,-1.0,5.0,52.169269,21.156443,28.0
4450,2026-05-11 20:03:01.600000+00:00,52.1706794,21.1558512,94.2,13.26,-0.271,0.001,0.938,0,14.219805182919975,,161.93931417515472,-1.0,5.0,52.169269,21.156443,28.0
4455,2026-05-11 20:03:02.100000+00:00,52.1706922,21.1558425,94.1,10.12,-0.283,-0.012,0.948,0,11.102463570448784,,163.46571617536108,-1.0,5.0,52.169269,21.156443,28.0
4460,2026-05-11 20:03:02.600000+00:00,52.1707013,21.1558365,94.1,6.73,-0.303,-0.024,0.949,0,7.858624244875873,,164.54789501681088,-1.0,5.0,52.169269,21.156443,28.0
4465,2026-05-11 20:03:03.100000+00:00,52.1707065,21.1558332,94.0,3.46,-0.297,-0.019,0.954,0,4.46735858956606,,165.16412982696437,-1.0,5.0,52.169269,21.156443,28.0
4470,2026-05-11 20:03:03.600000+00:00,52.1707082,21.1558322,93.9,0.81,-0.26,-0.027,0.952,0,1.4468901274871608,,165.364243475433,-1.0,5.0,52.169269,21.156443,28.0
4475,2026-05-11 20:03:04.100000+00:00,52.1707081,21.1558326,93.8,0.07,-0.122,-0.055,0.96,0,0.2120980515177608,,165.34661257042487,-1.0,5.0,52.169269,21.156443,28.0
4480,2026-05-11 20:03:04.600000+00:00,52.1707081,21.155833,93.8,0.11,-0.113,-0.052,0.97,0,0.1964075452042094,,165.3397467677769,-1.0,5.0,52.169269,21.156443,28.0
4485,2026-05-11 20:03:05.100000+00:00,52.170708,21.1558333,93.7,0.03,-0.107,-0.054,0.969,0,0.1676562435293847,,165.32383811444942,-1.0,5.0,52.169269,21.156443,28.0
4490,2026-05-11 20:03:05.600000+00:00,52.170708,21.1558336,93.6,0.08,-0.101,-0.047,0.968,0,0.1473056588438266,,165.31869356584656,-1.0,5.0,52.169269,21.156443,28.0
4495,2026-05-11 20:03:06.100000+00:00,52.170708,21.1558338,93.5,0.08,-0.11,-0.053,0.969,0,0.0982037720419802,,165.3152651845568,-1.0,5.0,52.169269,21.156443,28.0
4500,2026-05-11 20:03:06.600000+00:00,52.1707081,21.155834,93.5,0.11,-0.108,-0.052,0.969,0,0.1267029586763451,,165.32260070674442,-1.0,5.0,52.169269,21.156443,28.0
4505,2026-05-11 20:03:07.100000+00:00,52.1707082,21.1558342,93.4,0.06,-0.107,-0.048,0.969,0,0.126702962933663,,165.32993777722726,-1.0,5.0,52.169269,21.156443,28.0
4510,2026-05-11 20:03:07.600000+00:00,52.1707082,21.1558343,93.3,0.03,-0.11,-0.049,0.971,0,0.0491018850194022,,165.32822525934074,-1.0,5.0,52.169269,21.156443,28.0
4515,2026-05-11 20:03:08.100000+00:00,52.1707085,21.1558344,93.4,0.47,-0.107,-0.053,0.97,0,0.2451487873468016,,165.35880331571244,-1.0,5.0,52.169269,21.156443,28.0
4520,2026-05-11 20:03:08.600000+00:00,52.1707081,21.1558352,93.3,0.4,-0.105,-0.051,0.972,0,0.5068118406409164,,165.30206022579287,-1.0,5.0,52.169269,21.156443,28.0
4525,2026-05-11 20:03:09.100000+00:00,52.1707079,21.155835,93.2,0.22,-0.106,-0.05,0.967,0,0.1878366794243,,165.28395312142985,-1.0,5.0,52.169269,21.156443,28.0
4530,2026-05-11 20:03:09.600000+00:00,52.1707078,21.1558353,93.1,0.1,-0.105,-0.049,0.968,0,0.1676562416792877,,165.2680574795408,-1.0,5.0,52.169269,21.156443,28.0
4535,2026-05-11 20:03:10.100000+00:00,52.1707077,21.1558355,93.1,0.03,-0.106,-0.051,0.971,0,0.1267029624075563,,165.25387323589192,-1.0,5.0,52.169269,21.156443,28.0
4540,2026-05-11 20:03:10.600000+00:00,52.1707076,21.1558358,93.1,0.09,-0.106,-0.05,0.969,0,0.167656244693017,,165.23798041826578,-1.0,5.0,52.169269,21.156443,28.0
4545,2026-05-11 20:03:11.100000+00:00,52.1707076,21.1558363,93.1,0.04,-0.106,-0.051,0.969,0,0.2455094346548367,,165.22943821936357,-1.0,5.0,52.169269,21.156443,28.0
4550,2026-05-11 20:03:11.600000+00:00,52.1707073,21.1558367,93.1,0.05,-0.107,-0.051,0.969,0,0.3102625653559581,,165.190312484493,-1.0,5.0,52.169269,21.156443,28.0
4555,2026-05-11 20:03:12.100000+00:00,52.170707,21.1558368,93.1,0.07,-0.105,-0.052,0.97,0,0.2451487826225432,,165.1563089227683,-1.0,5.0,52.172031,21.154679,27.0
4560,2026-05-11 20:03:12.600000+00:00,52.1707066,21.155837,93.0,0.05,-0.108,-0.051,0.969,0,0.334960486143077,,165.10983277954537,-1.0,5.0,52.172031,21.154679,27.0
4565,2026-05-11 20:03:13.100000+00:00,52.1707064,21.1558373,93.0,0.08,-0.107,-0.051,0.971,0,0.2175720486288684,,165.083181237232,-1.0,5.0,52.172031,21.154679,27.0
4570,2026-05-11 20:03:13.600000+00:00,52.1707062,21.1558376,93.1,0.08,-0.107,-0.05,0.97,0,0.2175720480198565,,165.05653092394144,-1.0,5.0,52.172031,21.154679,27.0
4575,2026-05-11 20:03:14.100000+00:00,52.1707059,21.1558377,93.1,0.19,-0.107,-0.051,0.97,0,0.2451487875424296,,165.0225270570112,-1.0,5.0,52.172031,21.154679,27.0
4580,2026-05-11 20:03:14.600000+00:00,52.1707056,21.1558379,93.1,0.15,-0.107,-0.051,0.97,0,0.2594820125047143,,164.98681729499407,-1.0,5.0,52.172031,21.154679,27.0
4585,2026-05-11 20:03:15.100000+00:00,52.1707053,21.1558381,93.1,0.15,-0.105,-0.051,0.97,0,0.2594820121642823,,164.95110767630374,-1.0,5.0,52.172031,21.154679,27.0
4590,2026-05-11 20:03:15.600000+00:00,52.1707051,21.155838,93.1,0.13,-0.106,-0.051,0.969,0,0.1674802462526522,,164.93128146215275,-1.0,5.0,52.172031,21.154679,27.0
4595,2026-05-11 20:03:16.100000+00:00,52.1707049,21.155838,93.1,0.04,-0.107,-0.052,0.968,0,0.1601206960198276,,164.90974971686893,-1.0,5.0,52.172031,21.154679,27.0
4600,2026-05-11 20:03:16.600000+00:00,52.1707046,21.155838,93.1,0.04,-0.108,-0.05,0.969,0,0.240181036390652,,164.87745245200932,-1.0,5.0,52.172031,21.154679,27.0
4605,2026-05-11 20:03:17.100000+00:00,52.1707044,21.1558379,93.1,0.07,-0.113,-0.055,0.97,0,0.1674802460212887,,164.8576281619795,-1.0,5.0,52.172031,21.154679,27.0
4610,2026-05-11 20:03:17.600000+00:00,52.1707043,21.1558378,93.1,0.05,-0.109,-0.052,0.969,0,0.0939183443971139,,164.84857006744616,-1.0,5.0,52.172031,21.154679,27.0
4615,2026-05-11 20:03:18.100000+00:00,52.1707045,21.1558375,93.1,0.53,-0.078,-0.061,0.971,0,0.2175720522790366,,164.8752238061311,-1.0,5.0,52.172031,21.154679,27.0
4620,2026-05-11 20:03:18.600000+00:00,52.1707056,21.1558364,93.1,1.1,-0.058,-0.054,0.972,0,1.033101751086894,,165.01243373906317,-1.0,5.0,52.172031,21.154679,27.0
4625,2026-05-11 20:03:19.100000+00:00,52.1707078,21.1558342,93.1,2.24,-0.048,-0.05,0.978,0,2.0662034795953885,,165.2868855818802,-1.0,5.0,52.172031,21.154679,27.0
4630,2026-05-11 20:03:19.600000+00:00,52.1707111,21.1558306,93.1,3.5,-0.031,-0.04,0.97,0,3.178799844440727,,165.7037983774034,-1.0,5.0,52.172031,21.154679,27.0
4635,2026-05-11 20:03:20.100000+00:00,52.1707159,21.1558252,93.1,5.08,-0.02,-0.05,0.976,0,4.668866585679196,,165.81284701924102,-1.0,5.0,52.172031,21.154679,27.0
4640,2026-05-11 20:03:20.600000+00:00,52.1707223,21.155818,93.0,6.98,0.0,-0.052,0.973,0,6.225155189694863,,164.95379313305645,-1.0,5.0,52.172031,21.154679,27.0
4645,2026-05-11 20:03:21.100000+00:00,52.1707306,21.1558082,93.0,8.79,0.005,-0.047,0.982,0,8.204347699137395,,163.82496638385217,-1.0,5.0,52.172031,21.154679,27.0
4650,2026-05-11 20:03:21.600000+00:00,52.1707409,21.1557953,93.0,11.41,0.011,-0.068,0.979,0,10.39814387548375,,162.4007244021164,-1.0,5.0,52.172031,21.154679,27.0
4655,2026-05-11 20:03:22.100000+00:00,52.1707539,21.1557802,93.0,13.62,0.015,-0.063,0.967,0,12.778741933847677,,160.64129891155164,-1.0,5.0,52.172031,21.154679,27.0
4660,2026-05-11 20:03:22.600000+00:00,52.1707694,21.1557629,93.0,15.53,-0.001,-0.088,0.976,0,15.038303244275738,,158.56634101652656,-1.0,5.0,52.172031,21.154679,27.0
4665,2026-05-11 20:03:23.100000+00:00,52.1707875,21.1557445,93.0,17.51,-0.005,-0.096,0.975,0,17.076687064844492,,156.2009147083882,-1.0,5.0,52.172031,21.154679,27.0
4670,2026-05-11 20:03:23.600000+00:00,52.1708082,21.155725,92.9,19.79,-0.013,-0.096,0.972,0,19.139624090424228,,153.54480350211145,-1.0,5.0,52.172031,21.154679,27.0
4675,2026-05-11 20:03:24.100000+00:00,52.1708321,21.1557064,93.0,21.66,-0.006,-0.116,0.965,0,21.20227613373522,,150.60218994353684,-1.0,5.0,52.172031,21.154679,27.0
4680,2026-05-11 20:03:24.600000+00:00,52.1708584,21.155688,93.0,22.97,-0.044,-0.094,0.985,0,22.912351860116186,,147.42994592979036,-1.0,5.0,52.172031,21.154679,27.0
4685,2026-05-11 20:03:25.100000+00:00,52.170887,21.1556699,93.0,24.32,-0.034,-0.063,0.96,0,24.56156577846745,,144.04181725084732,-1.0,5.0,52.172031,21.154679,27.0
4690,2026-05-11 20:03:25.600000+00:00,52.1709169,21.1556517,93.0,25.81,-0.044,-0.045,0.974,0,25.55173284359473,,140.5241428206394,-1.0,5.0,52.172031,21.154679,27.0
4695,2026-05-11 20:03:26.100000+00:00,52.1709479,21.1556324,93.0,26.72,-0.042,0.0,0.968,0,26.566416845964422,,136.8648085944218,-1.0,5.0,52.172031,21.154679,27.0
4700,2026-05-11 20:03:26.600000+00:00,52.17098,21.1556126,93.1,27.45,-0.044,-0.008,0.974,0,27.47684957082155,,133.08342947457305,-1.0,5.0,52.172031,21.154679,27.0
4705,2026-05-11 20:03:27.100000+00:00,52.1710133,21.1555921,93.1,28.62,-0.054,-0.017,0.968,0,28.497042970411805,,129.16417858454153,-1.0,5.0,52.172031,21.154679,27.0
4710,2026-05-11 20:03:27.600000+00:00,52.1710475,21.1555717,93.1,29.4,-0.058,-0.005,0.971,0,29.155340872324096,,125.1632253569659,-1.0,5.0,52.172031,21.154679,27.0
4715,2026-05-11 20:03:28.100000+00:00,52.1710824,21.1555509,93.1,29.7,-0.058,-0.005,0.968,0,29.74912643490413,,121.0842869037634,-1.0,5.0,52.172031,21.154679,27.0
4720,2026-05-11 20:03:28.600000+00:00,52.171118,21.1555297,93.1,30.37,-0.063,-0.001,0.977,0,30.342913940590343,,116.92794455476312,-1.0,5.0,52.172031,21.154679,27.0
4725,2026-05-11 20:03:29.100000+00:00,52.1711546,21.1555082,93.2,30.82,-0.077,-0.004,0.964,0,31.145760799706945,,112.66945374341996,-1.0,5.0,52.172031,21.154679,27.0
4730,2026-05-11 20:03:29.600000+00:00,52.1711914,21.1554868,93.2,30.96,-0.085,0.007,0.964,0,31.279918735539542,,108.40060446197784,-1.0,5.0,52.172031,21.154679,27.0
4735,2026-05-11 20:03:30.100000+00:00,52.1712281,21.1554651,93.3,30.87,-0.106,0.013,0.973,0,31.254429778550072,,104.13700625096833,-1.0,5.0,52.172031,21.154679,27.0
4740,2026-05-11 20:03:30.600000+00:00,52.1712647,21.1554431,93.4,30.78,-0.101,0.009,0.973,0,31.22981991518953,,99.87887795802338,-1.0,5.0,52.172031,21.154679,27.0
4745,2026-05-11 20:03:31.100000+00:00,52.1713013,21.1554214,93.5,30.74,-0.098,0.009,0.97,0,31.179171362530425,,95.63871167141332,-1.0,5.0,52.172031,21.154679,27.0
4750,2026-05-11 20:03:31.600000+00:00,52.1713375,21.1553994,93.7,30.6,-0.103,0.021,0.966,0,30.929538328905195,,91.43352138545325,-1.0,5.0,52.172031,21.154679,27.0
4755,2026-05-11 20:03:32.100000+00:00,52.1713732,21.1553774,93.7,30.3,-0.117,0.019,0.961,0,30.554761131016512,,87.2837448023471,-1.0,5.0,52.172031,21.154679,27.0
4760,2026-05-11 20:03:32.600000+00:00,52.1714081,21.1553552,93.9,29.66,-0.122,0.025,0.965,0,29.992044651021985,,83.20991893575786,-1.0,5.0,52.172031,21.154679,27.0
4765,2026-05-11 20:03:33.100000+00:00,52.1714424,21.1553337,93.9,29.04,-0.12,0.025,0.965,0,29.41997034959738,27.0,79.2276605723879,-1.0,5.0,52.172031,21.154679,27.0
4770,2026-05-11 20:03:33.600000+00:00,52.1714761,21.1553117,94.0,28.76,-0.127,0.022,0.968,0,29.06246399371632,27.0,75.29164351954401,-1.0,5.0,52.172031,21.154679,27.0
4775,2026-05-11 20:03:34.100000+00:00,52.1715091,21.1552906,94.1,28.32,-0.116,0.019,0.959,0,28.378654285872795,27.0,71.46587365418327,-1.0,5.0,52.172031,21.154679,27.0
4780,2026-05-11 20:03:34.600000+00:00,52.1715416,21.1552696,94.2,27.65,-0.122,0.017,0.972,0,27.9882338701354,27.0,67.70213119026933,-1.0,5.0,52.172031,21.154679,27.0
4785,2026-05-11 20:03:35.100000+00:00,52.1715734,21.1552487,94.3,27.11,-0.12,0.024,0.968,0,27.44960905740679,27.0,64.01915759231181,-1.0,5.0,52.172031,21.154679,27.0
4790,2026-05-11 20:03:35.600000+00:00,52.1716048,21.1552276,94.5,26.74,-0.124,0.028,0.965,0,27.190116310935508,27.0,60.378714484211855,-1.0,5.0,52.172031,21.154679,27.0
4795,2026-05-11 20:03:36.100000+00:00,52.1716355,21.1552067,94.6,26.18,-0.117,0.025,0.97,0,26.634833091032995,27.0,56.8249057276486,-1.0,5.0,52.172031,21.154679,27.0
4800,2026-05-11 20:03:36.600000+00:00,52.1716654,21.1551857,94.7,25.64,-0.116,0.024,0.966,0,26.064349727583096,27.0,53.35422700819321,-1.0,5.0,52.172031,21.154679,27.0
4805,2026-05-11 20:03:37.100000+00:00,52.171695,21.1551648,94.9,25.39,-0.118,0.022,0.966,0,25.824383439077625,27.0,49.934257916805855,-1.0,5.0,52.172031,21.154679,27.0
4810,2026-05-11 20:03:37.600000+00:00,52.1717241,21.155145,94.9,24.99,-0.124,-0.007,0.964,0,25.24465788191195,27.0,46.63120832623788,-1.0,5.0,52.172031,21.154679,27.0
4815,2026-05-11 20:03:38.100000+00:00,52.1717527,21.1551262,95.0,24.57,-0.133,-0.002,0.967,0,24.687947496777497,27.0,43.44754088460079,-1.0,5.0,52.172031,21.154679,27.0
4820,2026-05-11 20:03:38.600000+00:00,52.1717809,21.1551085,95.0,23.52,-0.142,0.0,0.964,0,24.191986531078683,27.0,40.38914654962056,-1.0,5.0,52.172031,21.154679,27.0
4825,2026-05-11 20:03:39.100000+00:00,52.1718087,21.1550916,95.0,23.54,-0.126,-0.007,0.966,0,23.753340222880823,27.0,37.4529145461163,-1.0,5.0,52.172031,21.154679,27.0
4830,2026-05-11 20:03:39.600000+00:00,52.1718358,21.1550755,95.1,22.87,-0.125,0.0,0.956,0,23.09164475979928,27.0,34.673427016136515,-1.0,5.0,52.172031,21.154679,27.0
4835,2026-05-11 20:03:40.100000+00:00,52.1718626,21.1550601,95.1,22.53,-0.131,0.019,0.979,0,22.74958442125433,27.0,32.032349647813376,-1.0,5.0,52.172031,21.154679,27.0
4840,2026-05-11 20:03:40.600000+00:00,52.1718886,21.155045,95.1,21.79,-0.122,-0.008,0.945,0,22.096677998547417,27.0,29.55830430896608,-1.0,5.0,52.172031,21.154679,27.0
4845,2026-05-11 20:03:41.100000+00:00,52.1719145,21.1550308,95.1,21.65,-0.136,-0.001,0.983,0,21.87644961263389,27.0,27.26502849271794,-1.0,5.0,52.172031,21.154679,27.0
4850,2026-05-11 20:03:41.600000+00:00,52.1719397,21.1550167,95.1,21.26,-0.127,0.013,0.958,0,21.330010944822707,27.0,25.16788348304677,-1.0,5.0,52.172031,21.154679,27.0
4855,2026-05-11 20:03:42.100000+00:00,52.1719641,21.1550023,95.1,20.4,-0.122,0.046,0.954,0,20.774914464702515,27.0,23.268623736521008,-1.0,5.0,52.172031,21.154679,27.0
4860,2026-05-11 20:03:42.600000+00:00,52.1719877,21.154986,95.1,20.1,-0.136,0.028,0.978,0,20.519416656624013,27.0,21.482389555417026,-1.0,5.0,52.172031,21.154679,27.0
4865,2026-05-11 20:03:43.100000+00:00,52.1720103,21.1549706,95.1,19.51,-0.131,-0.003,0.957,0,19.6100891708257,27.0,20.018445048785484,-1.0,5.0,52.172031,21.154679,27.0
4870,2026-05-11 20:03:43.600000+00:00,52.172032,21.1549548,95.1,19.1,-0.122,0.008,0.971,0,19.02653341915963,27.0,18.80851949421476,-1.0,5.0,52.172031,21.154679,27.0
4875,2026-05-11 20:03:44.100000+00:00,52.172053,21.1549379,95.0,18.64,-0.127,0.007,0.966,0,18.748927285315936,27.0,17.82435791611335,-1.0,5.0,52.172031,21.154679,27.0
4880,2026-05-11 20:03:44.600000+00:00,52.1720733,21.1549205,95.0,18.21,-0.135,-0.014,0.949,0,18.361004621883527,27.0,17.12759113242464,-1.0,5.0,52.172031,21.154679,27.0
4885,2026-05-11 20:03:45.100000+00:00,52.1720924,21.1549031,95.0,17.24,-0.15,0.0,0.966,0,17.516322594866352,27.0,16.73821011655702,-1.0,5.0,52.172031,21.154679,27.0
4890,2026-05-11 20:03:45.600000+00:00,52.1721112,21.1548857,94.9,16.77,-0.164,-0.027,0.96,0,17.307042286929498,27.0,16.67999343387572,-1.0,5.0,52.172031,21.154679,27.0
4895,2026-05-11 20:03:46.100000+00:00,52.1721281,21.1548693,94.9,14.93,-0.244,-0.028,0.958,0,15.745103652202053,27.0,16.88168649198298,-1.0,5.0,52.172031,21.154679,27.0
4900,2026-05-11 20:03:46.600000+00:00,52.1721427,21.1548558,94.9,12.74,-0.246,-0.029,0.943,0,13.43747982680063,27.0,17.31000305783195,-1.0,5.0,52.172031,21.154679,27.0
4905,2026-05-11 20:03:47.100000+00:00,52.1721546,21.1548448,94.9,10.12,-0.261,-0.007,0.949,0,10.95163625971167,27.0,17.79693912742345,-1.0,5.0,52.172031,21.154679,27.0
4910,2026-05-11 20:03:47.600000+00:00,52.1721635,21.1548363,94.9,7.16,-0.278,-0.01,0.964,0,8.257676116291643,27.0,18.224731361541043,-1.0,5.0,52.172031,21.154679,27.0
4915,2026-05-11 20:03:48.100000+00:00,52.1721694,21.1548305,94.9,4.39,-0.287,-0.016,0.949,0,5.51562144139066,27.0,18.53573582537741,-1.0,5.0,52.172031,21.154679,27.0
4920,2026-05-11 20:03:48.600000+00:00,52.1721716,21.1548281,95.0,1.04,-0.293,-0.01,0.952,0,2.119178377420489,27.0,18.649601075611383,-1.0,5.0,52.172031,21.154679,27.0
4925,2026-05-11 20:03:49.100000+00:00,52.1721716,21.1548278,95.0,0.06,-0.141,-0.038,0.958,0,0.1473008128508097,27.0,18.63845489250226,-1.0,5.0,52.172031,21.154679,27.0
4930,2026-05-11 20:03:49.600000+00:00,52.1721718,21.1548272,95.1,0.13,-0.115,-0.045,0.975,0,0.33530397368617,27.0,18.634890289128418,-1.0,5.0,52.172031,21.154679,27.0
4935,2026-05-11 20:03:50.100000+00:00,52.1721719,21.1548268,95.1,0.17,-0.114,-0.043,0.969,0,0.2120920658698204,27.0,18.629460904648997,-1.0,5.0,52.172031,21.154679,27.0
4940,2026-05-11 20:03:50.600000+00:00,52.172172,21.1548261,95.2,0.06,-0.112,-0.045,0.967,0,0.3529031749912247,27.0,18.613042488047174,-1.0,5.0,52.172031,21.154679,27.0
4945,2026-05-11 20:03:51.100000+00:00,52.172172,21.1548255,95.2,0.15,-0.114,-0.043,0.969,0,0.2946016230527859,27.0,18.591022297995217,-1.0,5.0,52.172031,21.154679,27.0
4950,2026-05-11 20:03:51.600000+00:00,52.172172,21.1548249,95.3,0.11,-0.115,-0.042,0.969,0,0.2946016230527859,27.0,18.569066155894607,-1.0,5.0,52.172031,21.154679,27.0
4955,2026-05-11 20:03:52.100000+00:00,52.1721722,21.1548242,95.4,0.1,-0.115,-0.043,0.971,0,0.3791696548084365,27.0,18.562338672260992,-1.0,5.0,52.172031,21.154679,27.0
4960,2026-05-11 20:03:52.600000+00:00,52.1721722,21.1548235,95.4,0.05,-0.112,-0.045,0.968,0,0.3437018925369843,27.0,18.53691809092626,-1.0,5.0,52.172031,21.154679,27.0
4965,2026-05-11 20:03:53.100000+00:00,52.1721723,21.1548228,95.5,0.07,-0.115,-0.044,0.972,0,0.3529031715785792,27.0,18.521017703123466,-1.0,5.0,52.172031,21.154679,27.0
4970,2026-05-11 20:03:53.600000+00:00,52.1721723,21.1548223,95.6,0.05,-0.114,-0.04,0.968,0,0.2455013519295745,27.0,18.502986530875862,-1.0,5.0,52.172031,21.154679,27.0
4975,2026-05-11 20:03:54.100000+00:00,52.1721732,21.1548208,95.7,0.17,-0.111,-0.041,0.967,0,1.030349751371009,27.0,18.53446670085179,-1.0,5.0,52.172031,21.154679,27.0
4980,2026-05-11 20:03:54.600000+00:00,52.1721734,21.1548198,95.8,0.07,-0.111,-0.045,0.97,0,0.5164516226019666,27.0,18.51799090561797,-1.0,5.0,52.172031,21.154679,27.0
4985,2026-05-11 20:03:55.100000+00:00,52.1721736,21.1548189,95.8,0.01,-0.113,-0.044,0.97,0,0.4700174313921366,27.0,18.505293420594,-1.0,5.0,52.172031,21.154679,27.0
4990,2026-05-11 20:03:55.600000+00:00,52.1721742,21.154818,95.8,0.04,-0.104,-0.042,0.967,0,0.6527062706602188,27.0,18.531022137795105,-1.0,5.0,52.172031,21.154679,27.0
4995,2026-05-11 20:03:56.100000+00:00,52.1721749,21.1548171,95.9,0.06,-0.111,-0.046,0.969,0,0.7136883336502137,27.0,18.566740037635867,-1.0,5.0,52.172031,21.154679,27.0
5000,2026-05-11 20:03:56.600000+00:00,52.1721755,21.1548162,95.9,0.03,-0.111,-0.038,0.97,0,0.6527062619176733,27.0,18.593307631541613,-1.0,5.0,52.172031,21.154679,27.0
5005,2026-05-11 20:03:57.100000+00:00,52.1721762,21.1548153,96.0,0.05,-0.112,-0.044,0.971,0,0.7136883296537405,27.0,18.629914485847983,-1.0,5.0,52.172031,21.154679,27.0
5010,2026-05-11 20:03:57.600000+00:00,52.1721767,21.1548147,96.0,0.05,-0.109,-0.046,0.967,0,0.4970227116675501,27.0,18.6577901293208,-1.0,5.0,52.172031,21.154679,27.0
5015,2026-05-11 20:03:58.100000+00:00,52.1721771,21.1548141,96.0,0.06,-0.11,-0.042,0.969,0,0.4351374990740709,27.0,18.6762060709324,-1.0,5.0,52.172031,21.154679,27.0
5020,2026-05-11 20:03:58.600000+00:00,52.1721775,21.1548133,96.1,0.06,-0.113,-0.043,0.971,0,0.5068017845666405,27.0,18.6881113396925,-1.0,5.0,52.172031,21.154679,27.0
5025,2026-05-11 20:03:59.100000+00:00,52.1721779,21.1548129,96.1,0.07,-0.113,-0.043,0.969,0,0.3756699675514701,27.0,18.71356912986062,-1.0,5.0,52.172031,21.154679,27.0
5030,2026-05-11 20:03:59.600000+00:00,52.1721782,21.1548127,96.1,0.12,-0.111,-0.041,0.968,0,0.2594807819841503,27.0,18.73605281088384,-1.0,5.0,52.172031,21.154679,27.0
5035,2026-05-11 20:04:00.100000+00:00,52.1721783,21.1548124,96.2,0.14,-0.11,-0.042,0.969,0,0.1676519665723831,27.0,18.735825451259085,-1.0,5.0,52.172031,21.154679,27.0
5040,2026-05-11 20:04:00.600000+00:00,52.1721784,21.154812,96.1,0.03,-0.113,-0.042,0.969,0,0.2120920426656099,27.0,18.73232417724783,-1.0,5.0,52.172031,21.154679,27.0
5045,2026-05-11 20:04:01.100000+00:00,52.1721786,21.1548119,96.1,0.15,-0.111,-0.043,0.971,0,0.1674797695381341,27.0,18.74848807369954,-1.0,5.0,52.172031,21.154679,27.0
5050,2026-05-11 20:04:01.600000+00:00,52.1721787,21.154811,96.1,0.17,-0.112,-0.041,0.969,0,0.4490961614429195,27.0,18.7286461321698,-1.0,5.0,52.172031,21.154679,27.0
5055,2026-05-11 20:04:02.100000+00:00,52.172179,21.1548104,96.1,0.17,-0.113,-0.041,0.969,0,0.3801013315766809,27.0,18.73830437797612,-1.0,5.0,52.172031,21.154679,27.0
5060,2026-05-11 20:04:02.600000+00:00,52.1721792,21.15481,96.1,0.22,-0.112,-0.043,0.969,0,0.2534008871281222,27.0,18.74482304458479,-1.0,5.0,52.172031,21.154679,27.0
5065,2026-05-11 20:04:03.100000+00:00,52.1721793,21.15481,96.1,0.05,-0.109,-0.041,0.969,0,0.0800603454635506,27.0,18.754599239327646,-1.0,5.0,52.172031,21.154679,27.0
5070,2026-05-11 20:04:03.600000+00:00,52.1721795,21.1548102,96.0,0.18,-0.112,-0.043,0.968,0,0.1878349770643775,27.0,18.780649948911325,-1.0,5.0,52.172031,21.154679,27.0
5075,2026-05-11 20:04:04.100000+00:00,52.1721797,21.15481,96.0,0.13,-0.113,-0.041,0.968,0,0.18783498117489,27.0,18.7937189543045,-1.0,5.0,52.172031,21.154679,27.0
5080,2026-05-11 20:04:04.600000+00:00,52.1721798,21.1548101,95.9,0.1,-0.11,-0.043,0.971,0,0.0939174922633319,27.0,18.80674350035728,-1.0,5.0,52.172031,21.154679,27.0
5085,2026-05-11 20:04:05.100000+00:00,52.1721801,21.1548101,95.9,0.27,-0.114,-0.042,0.97,0,0.240181036390652,27.0,18.83609829723701,-1.0,5.0,52.172031,21.154679,27.0
5090,2026-05-11 20:04:05.600000+00:00,52.1721802,21.1548099,95.9,0.26,-0.11,-0.042,0.97,0,0.1267004433766936,27.0,18.83941977970768,-1.0,5.0,52.172031,21.154679,27.0
5095,2026-05-11 20:04:06.100000+00:00,52.1721804,21.1548102,95.8,0.15,-0.113,-0.046,0.969,0,0.2175687437893364,27.0,18.86869912102126,-1.0,5.0,52.172031,21.154679,27.0
5100,2026-05-11 20:04:06.600000+00:00,52.1721804,21.1548102,95.7,0.04,-0.112,-0.036,0.969,0,0.0,27.0,18.86869912102126,-1.0,5.0,52.172031,21.154679,27.0
5105,2026-05-11 20:04:07.100000+00:00,52.1721806,21.1548101,95.7,0.16,-0.11,-0.04,0.968,0,0.1674797640220476,27.0,18.88505250525625,-1.0,5.0,52.172031,21.154679,27.0
5110,2026-05-11 20:04:07.600000+00:00,52.172181,21.15481,95.6,0.38,-0.089,-0.045,0.972,0,0.3239836179246322,27.0,18.921021528882545,-1.0,5.0,52.172031,21.154679,27.0
5115,2026-05-11 20:04:08.100000+00:00,52.1721822,21.1548086,95.6,1.21,-0.053,-0.045,0.968,0,1.181319045414744,27.0,18.994138694229488,-1.0,5.0,52.172031,21.154679,27.0
5120,2026-05-11 20:04:08.600000+00:00,52.1721845,21.1548059,95.5,2.67,-0.03,-0.033,0.974,0,2.268966429044185,27.0,19.13691714184022,-1.0,5.0,52.172031,21.154679,27.0
5125,2026-05-11 20:04:09.100000+00:00,52.1721881,21.1548006,95.5,4.31,-0.009,-0.028,0.975,0,3.883162871750245,27.0,19.33705944814312,-1.0,5.0,52.172031,21.154679,27.0
5130,2026-05-11 20:04:09.600000+00:00,52.1721934,21.1547928,95.5,6.05,-0.01,-0.032,0.982,0,5.715964479676798,27.0,19.65502497072324,-1.0,5.0,52.172031,21.154679,27.0
5135,2026-05-11 20:04:10.100000+00:00,52.1722005,21.1547812,95.5,8.69,0.001,-0.046,0.989,0,8.046817538022305,27.0,20.09487416530005,-1.0,5.0,52.172031,21.154679,27.0
5140,2026-05-11 20:04:10.600000+00:00,52.1722096,21.1547671,95.4,10.77,0.01,-0.051,0.973,0,10.050281504447677,27.0,20.74830189784482,-1.0,5.0,52.172031,21.154679,27.0
5145,2026-05-11 20:04:11.100000+00:00,52.1722207,21.1547494,95.3,13.16,0.02,-0.051,0.986,0,12.429897947506923,27.0,21.633124368977604,-1.0,5.0,52.172031,21.154679,27.0
5150,2026-05-11 20:04:11.600000+00:00,52.1722349,21.1547296,95.2,16.16,0.025,-0.106,0.975,0,14.958561684651274,27.0,22.933728802744305,-1.0,5.0,52.172031,21.154679,27.0
5155,2026-05-11 20:04:12.100000+00:00,52.1722517,21.1547072,95.1,18.72,0.03,-0.042,0.964,0,17.37446311867378,27.0,24.615955165798304,-1.0,5.0,52.172031,21.154679,27.0
5160,2026-05-11 20:04:12.600000+00:00,52.1722712,21.1546823,95.1,20.62,0.016,-0.094,0.996,0,19.829295690059244,27.0,26.709969439426377,-1.0,5.0,52.172031,21.154679,27.0
5165,2026-05-11 20:04:13.100000+00:00,52.1722944,21.1546569,95.1,23.31,-0.015,-0.139,0.948,0,22.372533459372544,27.0,29.32749348763147,-1.0,5.0,52.172031,21.154679,27.0
5170,2026-05-11 20:04:13.600000+00:00,52.1723202,21.1546322,95.0,24.87,-0.042,-0.088,0.962,0,23.95275324313315,27.0,32.31555771366782,-1.0,5.0,52.172031,21.154679,27.0
5175,2026-05-11 20:04:14.100000+00:00,52.1723476,21.1546087,94.8,26.11,-0.047,-0.059,0.98,0,24.786065719178044,27.0,35.52924212117843,-1.0,5.0,52.172031,21.154679,27.0
5180,2026-05-11 20:04:14.600000+00:00,52.172376,21.1545858,94.5,26.89,-0.072,-0.04,0.969,0,25.365391246487818,27.0,38.88518733877751,-1.0,5.0,52.172031,21.154679,27.0
5185,2026-05-11 20:04:15.100000+00:00,52.1724062,21.1545623,94.5,27.0,-0.128,-0.019,0.955,0,26.790365708667604,27.0,42.47259642699136,-1.0,5.0,52.172031,21.154679,27.0
5190,2026-05-11 20:04:15.600000+00:00,52.1724354,21.1545406,94.4,26.26,-0.14,0.0,0.969,0,25.69116179931417,27.0,45.94703801139596,-1.0,5.0,52.172031,21.154679,27.0
5195,2026-05-11 20:04:16.100000+00:00,52.1724641,21.1545198,94.3,25.82,-0.129,0.001,0.963,0,25.144747935378,27.0,49.36708426227358,-1.0,5.0,52.172031,21.154679,27.0
5200,2026-05-11 20:04:16.600000+00:00,52.1724921,21.1544997,94.2,25.29,-0.127,0.021,0.969,0,24.49318575520993,27.0,52.709800135013815,-1.0,5.0,52.172031,21.154679,27.0
5205,2026-05-11 20:04:17.100000+00:00,52.17252,21.1544794,94.2,24.88,-0.129,0.012,0.968,0,24.459782359931054,27.0,56.05215176413735,-1.0,5.0,52.172031,21.154679,27.0
5210,2026-05-11 20:04:17.600000+00:00,52.1725471,21.1544597,94.0,24.37,-0.128,0.011,0.959,0,23.754839849540726,27.0,59.30432411402419,-1.0,5.0,52.172031,21.154679,27.0
5215,2026-05-11 20:04:18.100000+00:00,52.1725747,21.1544393,94.1,24.09,-0.152,0.007,0.957,0,24.26087011385004,27.0,62.6275518561875,-1.0,5.0,52.172031,21.154679,27.0
5220,2026-05-11 20:04:18.600000+00:00,52.1726011,21.1544209,94.2,22.26,-0.2,0.022,0.963,0,22.985807878408824,27.0,65.79035377532095,-1.0,5.0,52.172031,21.154679,27.0
5225,2026-05-11 20:04:19.100000+00:00,52.1726255,21.1544037,94.4,20.2,-0.229,0.014,0.958,0,21.282063896569262,27.0,68.71960168620967,-1.0,5.0,52.172031,21.154679,27.0
5230,2026-05-11 20:04:19.600000+00:00,52.1726479,21.1543893,94.5,18.09,-0.219,0.008,0.956,0,19.27695832134024,27.0,71.38438193006213,-1.0,5.0,52.172031,21.154679,27.0
5235,2026-05-11 20:04:20.100000+00:00,52.1726676,21.1543775,94.6,15.45,-0.263,0.035,0.963,0,16.80238729335847,27.0,73.7122521227897,-1.0,5.0,52.172031,21.154679,27.0
5240,2026-05-11 20:04:20.600000+00:00,52.1726836,21.1543685,94.7,12.69,-0.283,0.054,0.951,0,13.550446832135547,27.0,75.59201026972512,-1.0,5.0,52.172031,21.154679,27.0
5245,2026-05-11 20:04:21.100000+00:00,52.1726962,21.1543633,94.6,9.69,-0.239,0.039,0.968,0,10.40569553937812,27.0,77.03632588655444,-1.0,5.0,52.172031,21.154679,27.0
5250,2026-05-11 20:04:21.600000+00:00,52.1727069,21.1543573,94.7,9.15,-0.102,-0.004,0.958,0,9.05886268625274,27.0,78.29307611026455,-1.0,5.0,52.172031,21.154679,27.0
5255,2026-05-11 20:04:22.100000+00:00,52.1727179,21.1543513,94.8,10.02,-0.079,-0.031,0.975,0,9.286316653984292,27.0,79.58188704478185,-1.0,5.0,52.172031,21.154679,27.0
5260,2026-05-11 20:04:22.600000+00:00,52.1727303,21.1543479,94.9,11.22,-0.062,-0.111,0.974,0,10.06686532772393,,80.97050081280209,-1.0,5.0,52.172031,21.154679,27.0
5265,2026-05-11 20:04:23.100000+00:00,52.172745,21.1543481,94.9,12.54,-0.05,-0.127,0.973,0,11.769280717392432,,82.5377549392142,-1.0,5.0,52.172031,21.154679,27.0
5270,2026-05-11 20:04:23.600000+00:00,52.1727623,21.1543513,94.7,14.58,-0.044,-0.154,0.967,0,13.939272653166094,,84.3316857188616,-1.0,5.0,52.172031,21.154679,27.0
5275,2026-05-11 20:04:24.100000+00:00,52.1727814,21.1543607,94.6,16.95,-0.063,-0.189,0.944,0,15.972863060006755,,86.21780113224597,-1.0,5.0,52.172031,21.154679,27.0
5280,2026-05-11 20:04:24.600000+00:00,52.172802,21.1543748,94.6,18.2,-0.099,-0.079,0.977,0,17.88655371440139,,88.01162223654867,-1.0,5.0,52.173205,21.153264,26.0
5285,2026-05-11 20:04:25.100000+00:00,52.1728228,21.1543879,94.4,17.44,-0.106,-0.007,0.958,0,17.851573336189745,,87.63700282603271,-1.0,5.0,52.173205,21.153264,26.0
5290,2026-05-11 20:04:25.600000+00:00,52.172842,21.1544027,94.4,16.73,-0.122,0.017,0.977,0,17.00267840049335,,87.51605093379372,-1.0,5.0,52.173205,21.153264,26.0
5295,2026-05-11 20:04:26.100000+00:00,52.1728608,21.1544168,94.4,16.2,-0.117,0.033,0.974,0,16.56717756144948,,87.43524613627599,-1.0,5.0,52.173205,21.153264,26.0
5300,2026-05-11 20:04:26.600000+00:00,52.172879,21.1544291,94.3,15.01,-0.102,0.126,0.979,0,15.7729500424587,,87.33090306645877,-1.0,5.0,52.173205,21.153264,26.0
5305,2026-05-11 20:04:27.100000+00:00,52.1728987,21.1544361,94.2,15.69,-0.089,0.125,0.966,0,16.14203153054735,,86.88355260986974,-1.0,5.0,52.173205,21.153264,26.0
5310,2026-05-11 20:04:27.600000+00:00,52.1729182,21.1544396,94.1,15.3,-0.083,0.113,0.969,0,15.70606468146838,,86.27839681959496,-1.0,5.0,52.173205,21.153264,26.0
5315,2026-05-11 20:04:28.100000+00:00,52.1729382,21.1544401,94.0,16.35,-0.073,0.146,0.971,0,16.01395130571011,,85.51332830481226,-1.0,5.0,52.173205,21.153264,26.0
5320,2026-05-11 20:04:28.600000+00:00,52.1729583,21.1544366,93.9,16.6,-0.066,0.168,0.969,0,16.183627922344023,,84.5380512435685,-1.0,5.0,52.173205,21.153264,26.0
5325,2026-05-11 20:04:29.100000+00:00,52.1729781,21.154429,93.7,16.7,-0.071,0.158,0.974,0,16.28523173549226,,83.3553765671587,-1.0,5.0,52.173205,21.153264,26.0
5330,2026-05-11 20:04:29.600000+00:00,52.1729977,21.1544146,93.6,17.83,-0.073,0.191,0.974,0,17.21112259083583,,81.77914089877895,-1.0,5.0,52.173205,21.153264,26.0
5335,2026-05-11 20:04:30.100000+00:00,52.1730154,21.1543931,93.6,17.98,-0.101,0.203,0.96,0,17.6704542066207,26.0,79.83129084110826,-1.0,5.0,52.173205,21.153264,26.0
5340,2026-05-11 20:04:30.600000+00:00,52.1730306,21.1543667,93.6,17.79,-0.11,0.19,0.958,0,17.77942639412189,26.0,77.65711916534184,-1.0,5.0,52.173205,21.153264,26.0
5345,2026-05-11 20:04:31.100000+00:00,52.1730435,21.1543368,93.6,17.77,-0.121,0.18,0.967,0,17.949539174914296,26.0,75.32966347671135,-1.0,5.0,52.173205,21.153264,26.0
5350,2026-05-11 20:04:31.600000+00:00,52.173054,21.1543045,93.7,17.88,-0.114,0.146,0.964,0,17.949282631467945,26.0,72.91472205982306,-1.0,5.0,52.173205,21.153264,26.0
5355,2026-05-11 20:04:32.100000+00:00,52.173063,21.1542704,93.8,18.5,-0.091,0.136,0.963,0,18.227494443726727,26.0,70.42273132065536,-1.0,5.0,52.173205,21.153264,26.0
5360,2026-05-11 20:04:32.600000+00:00,52.1730703,21.1542338,94.1,18.98,-0.08,0.157,0.968,0,18.8968279875293,26.0,67.80879038786064,-1.0,5.0,52.173205,21.153264,26.0
5365,2026-05-11 20:04:33.100000+00:00,52.1730768,21.154196,94.7,19.05,-0.083,0.163,0.96,0,19.27529041231948,26.0,65.1352399611207,-1.0,5.0,52.173205,21.153264,26.0
5370,2026-05-11 20:04:33.600000+00:00,52.1730788,21.1541587,94.8,18.49,-0.114,0.172,0.953,0,18.383892015174737,26.0,62.60554149476474,-1.0,5.0,52.173205,21.153264,26.0
5375,2026-05-11 20:04:34.100000+00:00,52.1730794,21.1541235,94.6,18.15,-0.134,0.056,0.968,0,17.289617118936448,26.0,60.25311528862077,-1.0,5.0,52.173205,21.153264,26.0
5380,2026-05-11 20:04:34.600000+00:00,52.1730798,21.1540879,94.5,17.91,-0.113,-0.029,0.954,0,17.482273046374285,26.0,57.88356963574074,-1.0,5.0,52.173205,21.153264,26.0
5385,2026-05-11 20:04:35.100000+00:00,52.1730822,21.1540522,94.3,18.05,-0.103,-0.06,0.984,0,17.63343747113919,26.0,55.45730385966125,-1.0,5.0,52.173205,21.153264,26.0
5390,2026-05-11 20:04:35.600000+00:00,52.1730869,21.1540158,94.2,18.87,-0.091,-0.127,0.953,0,18.26395450891427,26.0,52.92290723377003,-1.0,5.0,52.173205,21.153264,26.0
5395,2026-05-11 20:04:36.100000+00:00,52.1730951,21.1539773,94.2,20.61,-0.104,-0.156,0.989,0,20.01074797822377,26.0,50.15385550725853,-1.0,5.0,52.173205,21.153264,26.0
5400,2026-05-11 20:04:36.600000+00:00,52.1731065,21.1539373,94.1,22.37,-0.063,-0.168,0.967,0,21.656815904648944,26.0,47.20284097530212,-1.0,5.0,52.173205,21.153264,26.0
5405,2026-05-11 20:04:37.100000+00:00,52.1731209,21.1538954,94.1,23.88,-0.062,-0.119,0.967,0,23.582655764276865,26.0,44.06106256676068,-1.0,5.0,52.173205,21.153264,26.0
5410,2026-05-11 20:04:37.600000+00:00,52.1731371,21.1538513,94.2,25.2,-0.064,-0.064,0.978,0,25.239984746483508,26.0,40.75537407201306,-1.0,5.0,52.173205,21.153264,26.0
5415,2026-05-11 20:04:38.100000+00:00,52.1731547,21.1538061,94.4,26.23,-0.059,-0.027,1.004,0,26.28816448436883,26.0,37.38829210168327,-1.0,5.0,52.173205,21.153264,26.0
5420,2026-05-11 20:04:38.600000+00:00,52.1731729,21.1537588,94.6,27.13,-0.016,0.034,0.948,0,27.41648328448766,26.0,33.93029041674317,-1.0,5.0,52.173205,21.153264,26.0
5425,2026-05-11 20:04:39.100000+00:00,52.1731916,21.1537096,94.6,29.18,-0.004,0.02,0.944,0,28.419880551113494,26.0,30.423420031255613,-1.0,5.0,52.173205,21.153264,26.0
5430,2026-05-11 20:04:39.600000+00:00,52.1732107,21.1536585,94.7,29.37,-0.038,0.008,0.995,0,29.38233663389132,26.0,26.90969534277389,-1.0,5.0,52.173205,21.153264,26.0
5435,2026-05-11 20:04:40.100000+00:00,52.1732304,21.1536049,94.8,31.05,-0.036,0.001,0.983,0,30.681321942135305,26.0,23.418008418216388,-1.0,5.0,52.173205,21.153264,26.0
5440,2026-05-11 20:04:40.600000+00:00,52.1732513,21.1535491,95.0,32.33,-0.027,-0.002,0.965,0,32.10283429766331,26.0,20.11198682116598,-1.0,5.0,52.173205,21.153264,26.0
5445,2026-05-11 20:04:41.100000+00:00,52.173273,21.1534913,95.2,33.35,-0.05,-0.006,0.974,0,33.27471851439101,26.0,17.24622317610272,-1.0,5.0,52.173205,21.153264,26.0
5450,2026-05-11 20:04:41.600000+00:00,52.1732953,21.1534337,95.1,33.82,-0.035,0.014,0.96,0,33.4449347879346,26.0,15.321217359439078,-1.0,5.0,52.173205,21.153264,26.0
5455,2026-05-11 20:04:42.100000+00:00,52.1733173,21.1533717,95.1,34.97,-0.043,0.014,0.966,0,35.16967193052354,26.0,14.486896358028648,-1.0,5.0,52.173205,21.153264,26.0
5460,2026-05-11 20:04:42.600000+00:00,52.1733405,21.1533096,95.1,36.14,-0.045,0.015,0.978,0,35.702416809120315,26.0,15.3844567303972,-1.0,5.0,52.173205,21.153264,26.0
5465,2026-05-11 20:04:43.100000+00:00,52.1733647,21.1532456,95.3,37.18,-0.044,0.014,0.98,0,36.91614183039969,26.0,17.802104496804454,-1.0,5.0,52.173205,21.153264,26.0
5470,2026-05-11 20:04:43.600000+00:00,52.1733888,21.1531794,95.3,38.22,-0.03,0.024,0.957,0,37.79890015078913,26.0,21.236279043281105,-1.0,5.0,52.173205,21.153264,26.0
5475,2026-05-11 20:04:44.100000+00:00,52.1734135,21.153111,95.3,39.2,-0.044,0.02,0.965,0,38.97318210571753,26.0,25.42367445172,-1.0,5.0,52.173205,21.153264,26.0
5480,2026-05-11 20:04:44.600000+00:00,52.1734393,21.1530428,95.4,39.17,-0.103,0.004,0.98,0,39.34370680827162,26.0,30.104709736294293,-1.0,5.0,52.173205,21.153264,26.0
5485,2026-05-11 20:04:45.100000+00:00,52.1734643,21.1529747,95.3,39.17,-0.115,0.021,0.975,0,38.9691076274357,26.0,34.93617904215171,-1.0,5.0,52.173205,21.153264,26.0
5490,2026-05-11 20:04:45.600000+00:00,52.1734896,21.1529071,95.3,38.89,-0.109,0.018,0.974,0,38.88323153300175,26.0,39.9226336438518,-1.0,5.0,52.173205,21.153264,26.0
5495,2026-05-11 20:04:46.100000+00:00,52.1735149,21.1528399,95.3,38.89,-0.094,0.015,0.966,0,38.71570725040314,26.0,44.98719754256637,-1.0,5.0,52.173205,21.153264,26.0
5500,2026-05-11 20:04:46.600000+00:00,52.1735401,21.1527722,95.3,39.3,-0.076,0.022,0.957,0,38.88351804869399,26.0,50.13147123106333,-1.0,5.0,52.173205,21.153264,26.0
5505,2026-05-11 20:04:47.100000+00:00,52.1735656,21.1527032,95.5,39.29,-0.089,0.025,0.979,0,39.55396472526589,26.0,55.409908992665,-1.0,5.0,52.173205,21.153264,26.0
5510,2026-05-11 20:04:47.600000+00:00,52.1735909,21.1526343,95.5,39.39,-0.073,0.015,0.969,0,39.42940866227085,26.0,60.70598172193981,-1.0,5.0,52.173205,21.153264,26.0
5515,2026-05-11 20:04:48.100000+00:00,52.1736166,21.1525646,95.6,39.96,-0.079,0.019,0.975,0,39.93096912746423,26.0,66.10162160108489,-1.0,5.0,52.173205,21.153264,26.0
5520,2026-05-11 20:04:48.600000+00:00,52.1736422,21.1524941,95.7,40.37,-0.076,0.027,0.954,0,40.22724153365215,26.0,71.55272245266167,-1.0,5.0,52.173205,21.153264,26.0
5525,2026-05-11 20:04:49.100000+00:00,52.1736677,21.1524232,95.6,40.42,-0.083,0.026,0.975,0,40.35578064371316,26.0,77.03618826530918,-1.0,5.0,52.173205,21.153264,26.0
5530,2026-05-11 20:04:49.600000+00:00,52.1736935,21.1523519,95.6,40.76,-0.081,0.02,0.962,0,40.6468203888733,,82.5784657677807,-1.0,5.0,52.173205,21.153264,26.0
5535,2026-05-11 20:04:50.100000+00:00,52.1737192,21.1522803,95.6,40.71,-0.093,0.023,0.98,0,40.73323161872209,,88.1421862737726,-1.0,5.0,52.173205,21.153264,26.0
5540,2026-05-11 20:04:50.600000+00:00,52.173745,21.1522081,95.6,41.01,-0.096,0.027,0.961,0,41.02797754005684,,93.75566514589444,-1.0,5.0,52.173205,21.153264,26.0
5545,2026-05-11 20:04:51.100000+00:00,52.1737705,21.1521368,95.6,40.73,-0.106,0.027,0.963,0,40.52524264930331,,99.31017534142852,-1.0,5.0,52.173205,21.153264,26.0
5550,2026-05-11 20:04:51.600000+00:00,52.1737967,21.1520656,95.7,40.71,-0.102,0.027,0.98,0,40.76831160000942,,104.91605475623328,-1.0,5.0,52.173205,21.153264,26.0
5555,2026-05-11 20:04:52.100000+00:00,52.1738222,21.151994,95.8,40.58,-0.094,0.015,0.957,0,40.65251454474805,,110.5006902635044,-1.0,5.0,52.173205,21.153264,26.0
5560,2026-05-11 20:04:52.600000+00:00,52.1738472,21.1519223,95.7,40.72,-0.093,0.026,0.955,0,40.49562466159152,,116.0624375729582,-1.0,5.0,52.173205,21.153264,26.0
5565,2026-05-11 20:04:53.100000+00:00,52.1738724,21.1518503,95.8,40.09,-0.112,0.034,0.993,0,40.70284810879606,,121.65972124193088,-1.0,5.0,52.173205,21.153264,26.0
5570,2026-05-11 20:04:53.600000+00:00,52.1738978,21.151779,95.8,40.53,-0.095,0.01,0.947,0,40.4848830833911,,127.23740884734522,-1.0,5.0,52.173205,21.153264,26.0
5575,2026-05-11 20:04:54.100000+00:00,52.1739227,21.1517078,95.8,40.29,-0.106,0.039,0.966,0,40.242625493366575,,132.78003627143136,-1.0,5.0,52.173205,21.153264,26.0
5580,2026-05-11 20:04:54.600000+00:00,52.1739471,21.1516367,95.8,39.86,-0.1,0.026,0.971,0,40.00296730741423,,138.28776129151953,-1.0,5.0,52.173205,21.153264,26.0
5585,2026-05-11 20:04:55.100000+00:00,52.1739717,21.1515668,95.6,39.6,-0.097,0.022,0.967,0,39.56929921578064,,143.74648469699227,-1.0,5.0,52.173205,21.153264,26.0
5590,2026-05-11 20:04:55.600000+00:00,52.1739972,21.1514979,95.5,39.65,-0.09,0.015,0.929,0,39.51163856609308,,149.21191327883673,-1.0,5.0,52.173205,21.153264,26.0
5595,2026-05-11 20:04:56.100000+00:00,52.1740226,21.1514275,95.6,39.6,-0.112,0.02,0.989,0,40.10331686724073,,154.7551489513434,-1.0,5.0,52.173205,21.153264,26.0
5600,2026-05-11 20:04:56.600000+00:00,52.1740472,21.1513566,95.7,39.88,-0.105,0.023,1.004,0,39.99583951133522,,160.27590037891713,-1.0,5.0,52.173205,21.153264,26.0
5605,2026-05-11 20:04:57.100000+00:00,52.1740717,21.151286,95.6,39.95,-0.077,0.025,0.965,0,39.82820062816332,,165.7758268269595,-1.0,5.0,52.173205,21.153264,26.0
5610,2026-05-11 20:04:57.600000+00:00,52.1740961,21.151214,95.7,40.18,-0.092,0.026,0.949,0,40.38905452756352,,171.34924435200148,-1.0,5.0,52.173205,21.153264,26.0
5615,2026-05-11 20:04:58.100000+00:00,52.1741202,21.1511431,95.7,39.38,-0.12,0.021,0.964,0,39.800196825094496,,176.84440291386903,-1.0,5.0,52.173205,21.153264,26.0
5620,2026-05-11 20:04:58.600000+00:00,52.1741445,21.1510718,95.9,39.07,-0.121,0.024,0.978,0,40.04960085759171,,182.376630525311,-1.0,5.0,52.173205,21.153264,26.0
5625,2026-05-11 20:04:59.100000+00:00,52.174168,21.1510016,95.9,38.56,-0.119,0.02,0.951,0,39.26751012809911,,187.7982943770331,-1.0,5.0,52.173205,21.153264,26.0
5630,2026-05-11 20:04:59.600000+00:00,52.1741911,21.1509309,96.1,38.6,-0.116,0.03,0.972,0,39.33155620201345,,193.2245938148759,-1.0,5.0,52.173205,21.153264,26.0
5635,2026-05-11 20:05:00.100000+00:00,52.174215,21.1508637,96.3,37.98,-0.114,0.032,0.968,0,38.14081745430667,,198.50630198327028,-1.0,5.0,52.173205,21.153264,26.0
5640,2026-05-11 20:05:00.600000+00:00,52.1742384,21.1507964,96.3,37.45,-0.112,0.023,0.962,0,37.98426292989103,,203.76309264158104,-1.0,5.0,52.173205,21.153264,26.0
5645,2026-05-11 20:05:01.100000+00:00,52.1742603,21.1507291,96.3,36.95,-0.117,0.026,0.978,0,37.40654333649274,,208.9271069226448,-1.0,5.0,52.173205,21.153264,26.0
5650,2026-05-11 20:05:01.600000+00:00,52.1742832,21.1506616,96.8,36.8,-0.109,0.024,0.956,0,37.87430078188709,,214.1661661394838,-1.0,5.0,52.173205,21.153264,26.0
5655,2026-05-11 20:05:02.100000+00:00,52.1743052,21.1505962,96.8,36.34,-0.117,0.02,0.966,0,36.62352386208563,,219.2315639553342,-1.0,5.0,52.173205,21.153264,26.0
5660,2026-05-11 20:05:02.600000+00:00,52.174327,21.1505316,96.8,35.94,-0.119,0.026,0.963,0,36.20215932241023,,224.24021621809013,-1.0,5.0,52.173205,21.153264,26.0
5665,2026-05-11 20:05:03.100000+00:00,52.1743488,21.1504679,96.7,36.07,-0.118,0.023,0.964,0,35.81564092199498,,229.19865808132667,-1.0,5.0,52.173205,21.153264,26.0
5670,2026-05-11 20:05:03.600000+00:00,52.1743702,21.150405,96.8,35.08,-0.116,0.03,0.967,0,35.31669211487119,,234.08772225221315,-1.0,5.0,52.173205,21.153264,26.0
5675,2026-05-11 20:05:04.100000+00:00,52.1743918,21.1503436,96.6,35.11,-0.115,0.029,0.951,0,34.7539140713705,,236.9930209536112,-1.0,5.0,52.173205,21.153264,26.0
5680,2026-05-11 20:05:04.600000+00:00,52.1744133,21.1502826,96.5,34.66,-0.128,0.024,0.975,0,34.54372341137196,,232.20505173555216,-1.0,5.0,52.173205,21.153264,26.0
5685,2026-05-11 20:05:05.100000+00:00,52.1744346,21.1502226,96.4,34.32,-0.114,0.027,0.958,0,34.038406641830015,,227.48851558220747,-1.0,5.0,52.173205,21.153264,26.0
5690,2026-05-11 20:05:05.600000+00:00,52.1744552,21.1501616,96.3,34.01,-0.115,0.024,0.979,0,34.19036297789588,,222.74535147111027,-1.0,5.0,52.173205,21.153264,26.0
5695,2026-05-11 20:05:06.100000+00:00,52.1744761,21.1501029,96.1,33.69,-0.12,0.026,0.974,0,33.32557894548779,,218.12880621275025,-1.0,5.0,52.175335,21.147227,25.0
5700,2026-05-11 20:05:06.600000+00:00,52.1744964,21.1500429,96.2,33.37,-0.126,0.017,0.944,0,33.64441281833479,,213.46216325860695,-1.0,5.0,52.175335,21.147227,25.0
5705,2026-05-11 20:05:07.100000+00:00,52.1745174,21.1499845,96.4,32.61,-0.134,0.021,0.995,0,33.23868136366957,,208.8601105350646,-1.0,5.0,52.175335,21.147227,25.0
5710,2026-05-11 20:05:07.600000+00:00,52.1745381,21.1499273,96.6,32.45,-0.117,0.01,0.93,0,32.60906471227951,,204.34691191725543,-1.0,5.0,52.175335,21.147227,25.0
5715,2026-05-11 20:05:08.100000+00:00,52.1745592,21.1498708,96.5,32.73,-0.133,-0.028,0.973,0,32.47893952137995,,199.85828179725084,-1.0,5.0,52.175335,21.147227,25.0
5720,2026-05-11 20:05:08.600000+00:00,52.1745831,21.1498158,96.9,31.67,-0.133,-0.023,0.959,0,33.09570284868742,,195.32958282276488,-1.0,5.0,52.175335,21.147227,25.0
5725,2026-05-11 20:05:09.100000+00:00,52.1746085,21.1497641,97.0,31.65,-0.123,-0.017,0.956,0,32.52453615205649,,190.9373016464929,-1.0,5.0,52.175335,21.147227,25.0
5730,2026-05-11 20:05:09.600000+00:00,52.1746342,21.1497143,97.2,31.05,-0.145,0.003,0.991,0,31.95595180390438,,186.65477851633045,-1.0,5.0,52.175335,21.147227,25.0
5735,2026-05-11 20:05:10.100000+00:00,52.1746577,21.1496666,97.5,29.76,-0.178,0.05,0.928,0,30.040766544109868,,182.610982475347,-1.0,5.0,52.175335,21.147227,25.0
5740,2026-05-11 20:05:10.600000+00:00,52.17468,21.1496217,97.4,27.9,-0.179,0.067,0.973,0,28.367559804087616,,178.80182691889095,-1.0,5.0,52.175335,21.147227,25.0
5745,2026-05-11 20:05:11.100000+00:00,52.1747004,21.1495777,97.0,26.82,-0.163,0.075,0.966,0,27.08190350884758,,175.1396777906481,-1.0,5.0,52.175335,21.147227,25.0
5750,2026-05-11 20:05:11.600000+00:00,52.1747173,21.1495338,96.3,25.69,-0.152,0.071,0.952,0,25.448617290302384,,171.64345152540866,-1.0,5.0,52.175335,21.147227,25.0
5755,2026-05-11 20:05:12.100000+00:00,52.174734,21.149492,95.8,24.58,-0.152,0.05,0.96,0,24.49370604015656,,168.28908090627365,-1.0,5.0,52.175335,21.147227,25.0
5760,2026-05-11 20:05:12.600000+00:00,52.1747493,21.1494512,95.5,22.98,-0.173,0.064,0.972,0,23.48009475464787,,165.0607008493925,-1.0,5.0,52.175335,21.147227,25.0
5765,2026-05-11 20:05:13.100000+00:00,52.1747625,21.149411,95.3,22.2,-0.17,0.038,0.971,0,22.388333515772576,,161.96291793887917,-1.0,5.0,52.175335,21.147227,25.0
5770,2026-05-11 20:05:13.600000+00:00,52.1747752,21.1493727,95.3,20.49,-0.181,0.044,0.936,0,21.377168022064016,,159.00658043222023,-1.0,5.0,52.175335,21.147227,25.0
5775,2026-05-11 20:05:14.100000+00:00,52.1747863,21.1493363,95.2,18.78,-0.212,0.072,0.968,0,19.959011768085308,,156.23943825935086,-1.0,5.0,52.175335,21.147227,25.0
5780,2026-05-11 20:05:14.600000+00:00,52.1747959,21.149302,95.3,17.73,-0.155,0.043,0.954,0,18.51136230449425,,153.66936553029845,-1.0,5.0,52.175335,21.147227,25.0
5785,2026-05-11 20:05:15.100000+00:00,52.1748052,21.1492706,95.2,16.29,-0.191,0.064,0.962,0,17.12039414885317,,151.29445302198232,-1.0,5.0,52.175335,21.147227,25.0
5790,2026-05-11 20:05:15.600000+00:00,52.1748134,21.1492428,95.3,13.77,-0.247,0.031,0.942,0,15.145809694677842,,149.19336077241337,-1.0,5.0,52.175335,21.147227,25.0
5795,2026-05-11 20:05:16.100000+00:00,52.1748204,21.1492203,95.3,11.37,-0.252,0.044,0.971,0,12.387147339348925,,147.4772091322513,-1.0,5.0,52.175335,21.147227,25.0
5800,2026-05-11 20:05:16.600000+00:00,52.1748262,21.1492033,95.3,8.43,-0.261,0.058,0.94,0,9.551280845893183,,146.15861885748652,-1.0,5.0,52.175335,21.147227,25.0
5805,2026-05-11 20:05:17.100000+00:00,52.17483,21.1491904,95.4,5.57,-0.274,0.052,0.95,0,7.02634248611442,,145.18398139138344,-1.0,5.0,52.175335,21.147227,25.0
5810,2026-05-11 20:05:17.600000+00:00,52.1748322,21.1491839,95.5,2.4,-0.258,0.056,0.965,0,3.6451120552817735,,144.68063021087514,-1.0,5.0,52.175335,21.147227,25.0
5815,2026-05-11 20:05:18.100000+00:00,52.1748332,21.1491818,95.5,0.21,-0.223,0.057,0.959,0,1.305380281125215,,144.5055917209516,-1.0,5.0,52.175335,21.147227,25.0
5820,2026-05-11 20:05:18.600000+00:00,52.1748333,21.1491811,95.7,0.29,-0.105,0.021,0.965,0,0.3528831516823789,,144.45726695661352,-1.0,5.0,52.175335,21.147227,25.0
5825,2026-05-11 20:05:19.100000+00:00,52.1748331,21.1491796,95.9,0.16,-0.103,0.016,0.975,0,0.7536656893872213,,144.37151737754263,-1.0,5.0,52.175335,21.147227,25.0
5830,2026-05-11 20:05:19.600000+00:00,52.174833,21.1491778,96.1,0.18,-0.096,0.02,0.972,0,0.8873709837158683,,144.26262646361874,-1.0,5.0,52.175335,21.147227,25.0
5835,2026-05-11 20:05:20.100000+00:00,52.1748331,21.1491757,96.4,0.23,-0.098,0.024,0.971,0,1.0341476669997507,,144.12628525144498,-1.0,5.0,52.175335,21.147227,25.0
5840,2026-05-11 20:05:20.600000+00:00,52.1748339,21.1491734,96.9,0.07,-0.099,0.016,0.972,0,1.2982288480904032,,143.94723769511404,-1.0,5.0,52.175335,21.147227,25.0
5845,2026-05-11 20:05:21.100000+00:00,52.1748345,21.1491709,97.3,0.03,-0.099,0.019,0.973,0,1.3180820341303057,,143.76422552978073,-1.0,5.0,52.175335,21.147227,25.0
5850,2026-05-11 20:05:21.600000+00:00,52.1748349,21.1491681,97.7,0.02,-0.095,0.019,0.973,0,1.4115325580998777,,143.57096438150748,-1.0,5.0,52.175335,21.147227,25.0
5855,2026-05-11 20:05:22.100000+00:00,52.1748353,21.1491656,98.0,0.11,-0.098,0.022,0.973,0,1.268521583075593,,143.39656948696626,-1.0,5.0,52.175335,21.147227,25.0
5860,2026-05-11 20:05:22.600000+00:00,52.1748357,21.1491631,98.3,0.06,-0.098,0.019,0.974,0,1.2685215736815616,,143.222178970968,-1.0,5.0,52.175335,21.147227,25.0
5865,2026-05-11 20:05:23.100000+00:00,52.1748358,21.1491603,98.6,0.06,-0.1,0.022,0.973,0,1.3770545325238974,,143.04187905875682,-1.0,5.0,52.175335,21.147227,25.0
5870,2026-05-11 20:05:23.600000+00:00,52.1748359,21.1491576,98.9,0.08,-0.095,0.02,0.975,0,1.3280433160928578,,142.86789114621087,-1.0,5.0,52.175335,21.147227,25.0
5875,2026-05-11 20:05:24.100000+00:00,52.174836,21.1491551,99.3,0.18,-0.097,0.02,0.975,0,1.2300414864225635,,142.7064943922547,-1.0,5.0,52.175335,21.147227,25.0
5880,2026-05-11 20:05:24.600000+00:00,52.1748359,21.1491523,99.6,0.14,-0.099,0.021,0.972,0,1.3770545266496028,,142.53493329815382,-1.0,5.0,52.175335,21.147227,25.0
5885,2026-05-11 20:05:25.100000+00:00,52.1748358,21.1491499,99.9,0.03,-0.098,0.02,0.973,0,1.181052591386455,,142.38854014483528,-1.0,5.0,52.175335,21.147227,25.0
5890,2026-05-11 20:05:25.600000+00:00,52.1748356,21.1491474,100.2,0.06,-0.099,0.018,0.973,0,1.237833210022897,,142.2402481924117,-1.0,5.0,52.175335,21.147227,25.0
5895,2026-05-11 20:05:26.100000+00:00,52.1748356,21.1491449,100.5,0.05,-0.097,0.018,0.973,0,1.2274332678179831,,142.0833160282078,-1.0,5.0,52.175335,21.147227,25.0
5900,2026-05-11 20:05:26.600000+00:00,52.1748356,21.1491423,100.8,0.08,-0.099,0.025,0.976,0,1.2765305974688372,,141.92013972248586,-1.0,5.0,52.175335,21.147227,25.0
5905,2026-05-11 20:05:27.100000+00:00,52.1748353,21.1491391,101.3,0.25,-0.099,0.011,0.964,0,1.5893671642580365,,141.7324286897691,-1.0,5.0,52.175335,21.147227,25.0
5910,2026-05-11 20:05:27.600000+00:00,52.1748353,21.1491365,101.7,0.04,-0.107,0.005,0.974,0,1.2765306060778567,,141.56934325265345,-1.0,5.0,52.175335,21.147227,25.0
5915,2026-05-11 20:05:28.100000+00:00,52.1748352,21.1491338,102.2,0.14,-0.103,0.005,0.972,0,1.32804333394061,,141.4043914873381,-1.0,5.0,52.175335,21.147227,25.0
5920,2026-05-11 20:05:28.600000+00:00,52.1748351,21.1491313,102.6,0.08,-0.1,0.003,0.966,0,1.2300415096769497,,141.25202551518623,-1.0,5.0,52.175335,21.147227,25.0
5925,2026-05-11 20:05:29.100000+00:00,52.1748352,21.1491285,103.0,0.39,-0.076,0.001,0.978,0,1.3770545510350376,,141.0721372314138,-1.0,5.0,52.175335,21.147227,25.0
5930,2026-05-11 20:05:29.600000+00:00,52.1748362,21.1491246,103.4,1.68,-0.035,-0.012,0.974,0,2.075429891568187,,140.78389455341187,-1.0,5.0,52.175335,21.147227,25.0
5935,2026-05-11 20:05:30.100000+00:00,52.1748391,21.1491201,103.6,3.06,-0.024,-0.006,0.979,0,3.2049777524776117,,140.3749205076983,-1.0,5.0,52.175335,21.147227,25.0
5940,2026-05-11 20:05:30.600000+00:00,52.1748424,21.1491128,103.6,4.81,-0.013,-0.003,0.978,0,4.452631306766142,,139.7730711269975,-1.0,5.0,52.175335,21.147227,25.0
5945,2026-05-11 20:05:31.100000+00:00,52.1748462,21.1491022,103.6,6.51,0.0,-0.011,0.976,0,6.028304342753111,,138.9425165025625,-1.0,5.0,52.175335,21.147227,25.0
5950,2026-05-11 20:05:31.600000+00:00,52.1748506,21.1490894,103.4,8.34,0.009,-0.013,0.979,0,7.204407955301642,,137.94788161341506,-1.0,5.0,52.175335,21.147227,25.0
5955,2026-05-11 20:05:32.100000+00:00,52.1748552,21.1490752,102.7,10.67,0.01,-0.004,0.989,0,7.884737700109592,,136.8567494386811,-1.0,5.0,52.175335,21.147227,25.0
5960,2026-05-11 20:05:32.600000+00:00,52.1748612,21.1490539,102.6,12.41,0.021,-0.01,0.984,0,11.508206151745084,,135.25912141127174,-1.0,5.0,52.175335,21.147227,25.0
5965,2026-05-11 20:05:33.100000+00:00,52.1748684,21.1490279,102.5,15.3,0.039,-0.009,0.96,0,14.00644480810779,,133.3143524695005,-1.0,5.0,52.175335,21.147227,25.0
5970,2026-05-11 20:05:33.600000+00:00,52.1748762,21.1489961,102.4,17.6,0.032,-0.018,0.989,0,16.815475262287965,,130.97931136790078,-1.0,5.0,52.175335,21.147227,25.0
5975,2026-05-11 20:05:34.100000+00:00,52.1748857,21.1489604,102.2,19.72,0.024,-0.03,0.971,0,19.10676489869876,,128.32571134489925,-1.0,5.0,52.175335,21.147227,25.0
5980,2026-05-11 20:05:34.600000+00:00,52.1748962,21.1489213,102.1,21.64,0.009,-0.015,0.97,0,20.95692120210767,,125.41527328126152,-1.0,5.0,52.175335,21.147227,25.0
5985,2026-05-11 20:05:35.100000+00:00,52.1749073,21.1488779,102.1,23.51,-0.011,-0.031,0.988,0,23.087079015472685,,122.20876762947093,-1.0,5.0,52.175335,21.147227,25.0
5990,2026-05-11 20:05:35.600000+00:00,52.1749194,21.1488319,102.0,25.02,-0.031,-0.056,0.948,0,24.57466111919661,,118.79567280912954,-1.0,5.0,52.175335,21.147227,25.0
5995,2026-05-11 20:05:36.100000+00:00,52.1749333,21.1487841,102.0,26.17,-0.046,-0.079,0.964,0,25.973263183039126,,115.1917487075248,-1.0,5.0,52.175335,21.147227,25.0
6000,2026-05-11 20:05:36.600000+00:00,52.1749486,21.1487347,102.0,27.77,-0.053,-0.065,0.979,0,27.171701984921107,,111.42730863917676,-1.0,5.0,52.175335,21.147227,25.0
6005,2026-05-11 20:05:37.100000+00:00,52.1749649,21.1486839,101.9,28.55,-0.051,-0.051,0.952,0,28.149075921955653,,107.532753772088,-1.0,5.0,52.175335,21.147227,25.0
6010,2026-05-11 20:05:37.600000+00:00,52.1749824,21.1486304,101.9,29.51,-0.046,-0.081,0.973,0,29.769961335479017,,103.41836147887156,-1.0,5.0,52.175335,21.147227,25.0
6015,2026-05-11 20:05:38.100000+00:00,52.1750016,21.148576,102.0,31.25,-0.058,-0.052,0.973,0,30.81636835227568,,99.17795887336648,-1.0,5.0,52.175335,21.147227,25.0
6020,2026-05-11 20:05:38.600000+00:00,52.1750207,21.1485198,101.8,31.84,-0.06,-0.007,0.968,0,31.54650302384635,,94.83109525423886,-1.0,5.0,52.175335,21.147227,25.0
6025,2026-05-11 20:05:39.100000+00:00,52.175041,21.1484624,101.8,32.8,-0.06,-0.017,0.98,0,32.53223551722674,,90.36296101129548,-1.0,5.0,52.175335,21.147227,25.0
6030,2026-05-11 20:05:39.600000+00:00,52.1750611,21.1484031,101.7,33.32,-0.062,-0.011,0.968,0,33.26582604015565,,85.78683235560298,-1.0,5.0,52.175335,21.147227,25.0
6035,2026-05-11 20:05:40.100000+00:00,52.175082,21.1483428,101.7,34.08,-0.07,-0.015,0.961,0,34.006880625849945,,81.12087210348515,-1.0,5.0,52.175335,21.147227,25.0
6040,2026-05-11 20:05:40.600000+00:00,52.1751032,21.1482822,101.7,34.27,-0.078,0.005,0.977,0,34.25354661913227,25.0,76.43142833266243,-1.0,5.0,52.175335,21.147227,25.0
6045,2026-05-11 20:05:41.100000+00:00,52.1751252,21.148222,101.6,34.31,-0.073,-0.004,0.957,0,34.40652201271018,25.0,71.74774904907528,-1.0,5.0,52.175335,21.147227,25.0
6050,2026-05-11 20:05:41.600000+00:00,52.1751472,21.1481606,101.6,34.72,-0.094,-0.004,0.978,0,34.91392461779172,25.0,66.99971888185682,-1.0,5.0,52.175335,21.147227,25.0
6055,2026-05-11 20:05:42.100000+00:00,52.175169,21.1480983,101.5,35.05,-0.088,0.002,0.96,0,35.21651056582105,25.0,62.21525775800251,-1.0,5.0,52.175335,21.147227,25.0
6060,2026-05-11 20:05:42.600000+00:00,52.1751908,21.1480356,101.5,35.28,-0.096,-0.002,0.97,0,35.38720464200486,25.0,57.4225849992966,-1.0,5.0,52.175335,21.147227,25.0
6065,2026-05-11 20:05:43.100000+00:00,52.1752127,21.1479729,101.7,34.66,-0.102,0.009,0.98,0,35.426746144957534,25.0,52.649580069956905,-1.0,5.0,52.175335,21.147227,25.0
6070,2026-05-11 20:05:43.600000+00:00,52.1752342,21.1479104,101.6,35.47,-0.098,0.004,0.951,0,35.18366585041731,25.0,47.93005233192331,-1.0,5.0,52.175335,21.147227,25.0
6075,2026-05-11 20:05:44.100000+00:00,52.175256,21.1478487,101.4,35.05,-0.109,0.003,0.978,0,34.960904033265244,25.0,43.294284964858136,-1.0,5.0,52.175335,21.147227,25.0
6080,2026-05-11 20:05:44.600000+00:00,52.1752776,21.1477872,101.4,34.52,-0.119,0.003,0.957,0,34.795989086022274,25.0,38.72958827056023,-1.0,5.0,52.175335,21.147227,25.0
6085,2026-05-11 20:05:45.100000+00:00,52.1752997,21.1477265,101.4,34.64,-0.118,-0.006,0.955,0,34.658332762472895,25.0,34.286327402028675,-1.0,5.0,52.175335,21.147227,25.0
6090,2026-05-11 20:05:45.600000+00:00,52.1753211,21.1476666,101.3,34.09,-0.137,0.012,0.985,0,34.03564719234561,25.0,30.0161363244278,-1.0,5.0,52.175335,21.147227,25.0
6095,2026-05-11 20:05:46.100000+00:00,52.175342,21.1476066,101.2,33.92,-0.118,0.013,0.928,0,33.8785804114189,25.0,25.89661130255876,-1.0,5.0,52.175335,21.147227,25.0
6100,2026-05-11 20:05:46.600000+00:00,52.1753627,21.1475472,101.1,33.45,-0.144,0.012,0.994,0,33.54334209275639,25.0,22.05060091330432,-1.0,5.0,52.175335,21.147227,25.0
6105,2026-05-11 20:05:47.100000+00:00,52.1753827,21.1474892,101.2,32.26,-0.157,0.01,0.95,0,32.66917650186246,25.0,18.649540829106297,-1.0,5.0,52.175335,21.147227,25.0
6110,2026-05-11 20:05:47.600000+00:00,52.1754021,21.1474334,100.9,31.33,-0.182,0.02,0.96,0,31.492427260382875,25.0,15.929780985921877,-1.0,5.0,52.175335,21.147227,25.0
6115,2026-05-11 20:05:48.100000+00:00,52.1754208,21.147381,100.8,29.28,-0.182,0.021,0.955,0,29.765766097132094,25.0,14.187944477130426,-1.0,5.0,52.175335,21.147227,25.0
6120,2026-05-11 20:05:48.600000+00:00,52.1754387,21.1473314,100.8,27.6,-0.201,0.029,0.958,0,28.255785181693465,25.0,13.551475503737556,-1.0,5.0,52.175335,21.147227,25.0
6125,2026-05-11 20:05:49.100000+00:00,52.1754535,21.1472829,100.4,26.09,-0.229,0.034,0.957,0,26.597043759536835,25.0,13.71687590678163,-1.0,5.0,52.175335,21.147227,25.0
6130,2026-05-11 20:05:49.600000+00:00,52.1754685,21.1472394,100.2,23.79,-0.209,0.027,0.964,0,24.50184542131568,25.0,14.868584889165346,-1.0,5.0,52.175335,21.147227,25.0
6135,2026-05-11 20:05:50.100000+00:00,52.1754827,21.1471998,100.4,21.63,-0.207,0.022,0.956,0,22.522121739239893,25.0,16.52789144746806,-1.0,5.0,52.175335,21.147227,25.0
6140,2026-05-11 20:05:50.600000+00:00,52.1754959,21.1471635,100.4,20.1,-0.205,0.025,0.963,0,20.71975024208477,25.0,18.4077890068842,-1.0,5.0,52.175335,21.147227,25.0
6145,2026-05-11 20:05:51.100000+00:00,52.175508,21.1471309,100.3,18.58,-0.168,0.029,0.955,0,18.708808938192917,25.0,20.32225048128005,-1.0,5.0,52.175335,21.147227,25.0
6150,2026-05-11 20:05:51.600000+00:00,52.1755189,21.1470992,100.1,17.6,-0.166,0.021,0.97,0,17.843187063216043,25.0,22.228282867879308,-1.0,5.0,52.175335,21.147227,25.0
6155,2026-05-11 20:05:52.100000+00:00,52.1755295,21.1470699,100.1,16.08,-0.194,0.019,0.965,0,16.701965423050297,25.0,24.135145621040834,-1.0,5.0,52.175335,21.147227,25.0
6160,2026-05-11 20:05:52.600000+00:00,52.1755391,21.1470429,100.1,14.58,-0.176,0.016,0.955,0,15.323016655056136,25.0,25.935579736528403,-1.0,5.0,52.175335,21.147227,25.0
6165,2026-05-11 20:05:53.100000+00:00,52.1755475,21.1470172,100.0,13.53,-0.173,0.018,0.962,0,14.298103592364438,25.0,27.622344841363084,-1.0,5.0,52.175335,21.147227,25.0
6170,2026-05-11 20:05:53.600000+00:00,52.1755552,21.1469952,99.7,12.07,-0.166,0.017,0.966,0,12.436624637119934,25.0,29.14383990098608,-1.0,5.0,52.175335,21.147227,25.0
6175,2026-05-11 20:05:54.100000+00:00,52.1755626,21.146975,99.6,11.14,-0.157,0.016,0.965,0,11.552319717750985,25.0,30.590473718480133,-1.0,5.0,52.175335,21.147227,25.0
6180,2026-05-11 20:05:54.600000+00:00,52.1755691,21.1469548,99.5,10.57,-0.146,0.024,0.972,0,11.199891808010191,25.0,31.970602913580866,-1.0,5.0,52.175335,21.147227,25.0
6185,2026-05-11 20:05:55.100000+00:00,52.175575,21.146936,99.6,9.58,-0.144,0.023,0.972,0,10.368587512054892,25.0,33.25564703072184,-1.0,5.0,52.175335,21.147227,25.0
6190,2026-05-11 20:05:55.600000+00:00,52.1755809,21.1469187,99.6,8.86,-0.127,0.013,0.956,0,9.718791245838768,25.0,34.49048037990863,-1.0,5.0,52.175335,21.147227,25.0
6195,2026-05-11 20:05:56.100000+00:00,52.1755859,21.1469022,99.5,8.7,-0.129,0.009,0.975,0,9.03598957617972,25.0,35.621329651731465,-1.0,5.0,52.175335,21.147227,25.0
6200,2026-05-11 20:05:56.600000+00:00,52.1755913,21.1468866,99.5,8.68,-0.12,0.005,0.969,0,8.79498001138867,25.0,36.75588982226928,-1.0,5.0,52.175335,21.147227,25.0
6205,2026-05-11 20:05:57.100000+00:00,52.1755963,21.1468708,99.6,8.37,-0.122,0.011,0.967,0,8.729204657835323,25.0,37.870459592524064,-1.0,5.0,52.175335,21.147227,25.0
6210,2026-05-11 20:05:57.600000+00:00,52.1756014,21.1468562,99.6,7.76,-0.119,0.008,0.964,0,8.249424158704427,25.0,38.94613872262183,-1.0,5.0,52.175335,21.147227,25.0
6215,2026-05-11 20:05:58.100000+00:00,52.1756063,21.1468412,99.7,8.07,-0.12,0.005,0.971,0,8.34416236777361,25.0,40.02685788171878,-1.0,5.0,52.175335,21.147227,25.0
6220,2026-05-11 20:05:58.600000+00:00,52.1756109,21.1468276,99.7,7.32,-0.114,0.003,0.973,0,7.62540379254932,25.0,41.02348244780654,-1.0,5.0,52.175335,21.147227,25.0
6225,2026-05-11 20:05:59.100000+00:00,52.1756156,21.1468142,99.6,7.25,-0.117,0.004,0.971,0,7.578998717306743,25.0,42.02227958230386,-1.0,5.0,52.175335,21.147227,25.0
6230,2026-05-11 20:05:59.600000+00:00,52.1756199,21.1468009,99.7,7.02,-0.116,0.013,0.971,0,7.381743823993792,25.0,42.98624891525175,-1.0,5.0,52.175335,21.147227,25.0
6235,2026-05-11 20:06:00.100000+00:00,52.1756237,21.1467881,99.6,6.89,-0.11,0.004,0.972,0,6.982017498649561,25.0,43.889074012921085,-1.0,5.0,52.175335,21.147227,25.0
6240,2026-05-11 20:06:00.600000+00:00,52.1756279,21.1467753,99.6,6.67,-0.114,0.005,0.972,0,7.127387469415381,25.0,44.82700069056233,-1.0,5.0,52.175335,21.147227,25.0
6245,2026-05-11 20:06:01.100000+00:00,52.1756322,21.1467622,99.8,6.87,-0.087,0.0,0.965,0,7.295025324796185,25.0,45.78930186224415,-1.0,5.0,52.175335,21.147227,25.0
6250,2026-05-11 20:06:01.600000+00:00,52.1756365,21.1467482,99.9,6.87,-0.083,-0.007,0.977,0,7.6874249005917505,25.0,46.79655042012024,-1.0,5.0,52.175335,21.147227,25.0
6255,2026-05-11 20:06:02.100000+00:00,52.1756418,21.1467329,100.0,8.26,-0.057,-0.009,0.977,0,8.627352398076242,25.0,47.94782594200508,-1.0,5.0,52.175335,21.147227,25.0
6260,2026-05-11 20:06:02.600000+00:00,52.1756479,21.1467157,100.2,9.29,-0.033,-0.014,0.97,0,9.75507025509176,25.0,49.25588466088241,-1.0,5.0,52.175335,21.147227,25.0
6265,2026-05-11 20:06:03.100000+00:00,52.1756544,21.1466967,100.2,11.06,-0.015,-0.022,0.978,0,10.681685158864502,25.0,50.6851148703049,-1.0,5.0,52.175335,21.147227,25.0
6270,2026-05-11 20:06:03.600000+00:00,52.1756624,21.1466747,100.2,12.88,0.003,-0.022,0.979,0,12.557389072127869,25.0,52.38038421244706,-1.0,5.0,52.175335,21.147227,25.0
6275,2026-05-11 20:06:04.100000+00:00,52.1756718,21.1466486,100.3,15.03,0.013,-0.003,0.979,0,14.86063733903938,25.0,54.3886318908913,-1.0,5.0,52.175335,21.147227,25.0
6280,2026-05-11 20:06:04.600000+00:00,52.1756823,21.1466183,100.4,17.36,0.012,-0.024,0.98,0,17.087074367397094,25.0,56.69379977917439,-1.0,5.0,52.175335,21.147227,25.0
6285,2026-05-11 20:06:05.100000+00:00,52.1756936,21.1465837,100.5,19.65,0.016,-0.029,0.981,0,19.246169217582697,25.0,59.281022687088814,-1.0,5.0,52.175335,21.147227,25.0
6290,2026-05-11 20:06:05.600000+00:00,52.1757071,21.1465454,100.4,21.83,0.016,-0.035,0.965,0,21.688779339272205,25.0,62.226648705221685,-1.0,5.0,52.175335,21.147227,25.0
6295,2026-05-11 20:06:06.100000+00:00,52.1757216,21.1465047,100.3,23.39,-0.009,-0.017,0.981,0,23.10956846639853,25.0,65.37478288189618,-1.0,5.0,52.175335,21.147227,25.0
6300,2026-05-11 20:06:06.600000+00:00,52.175738,21.1464612,100.2,25.2,-0.02,-0.021,0.97,0,25.07013718235841,25.0,68.81109419277212,-1.0,5.0,52.175335,21.147227,25.0
6305,2026-05-11 20:06:07.100000+00:00,52.1757542,21.1464153,100.0,26.64,-0.038,-0.012,0.987,0,26.00097968000832,25.0,72.36252592996361,-1.0,5.0,52.175335,21.147227,25.0
6310,2026-05-11 20:06:07.600000+00:00,52.1757708,21.1463659,99.9,27.82,-0.027,-0.014,0.96,0,27.656111744999457,25.0,76.13189381545743,-1.0,5.0,52.175335,21.147227,25.0
6315,2026-05-11 20:06:08.100000+00:00,52.1757877,21.1463136,99.8,28.76,-0.045,-0.02,0.975,0,29.024008228019,,80.08280339698649,-1.0,5.0,52.175335,21.147227,25.0
6320,2026-05-11 20:06:08.600000+00:00,52.1758057,21.1462607,99.6,29.42,-0.082,-0.006,0.985,0,29.70208643381187,,84.14941433911295,-1.0,5.0,52.175335,21.147227,25.0
6325,2026-05-11 20:06:09.100000+00:00,52.175824,21.1462067,99.4,30.03,-0.076,-0.006,0.937,0,30.29088793137458,,88.30111303911215,-1.0,5.0,52.175335,21.147227,25.0
6330,2026-05-11 20:06:09.600000+00:00,52.1758429,21.1461526,99.3,30.07,-0.104,-0.003,0.986,0,30.568764261296717,,92.50393657477238,-1.0,5.0,52.175335,21.147227,25.0
6335,2026-05-11 20:06:10.100000+00:00,52.1758614,21.1460979,99.0,30.34,-0.1,-0.023,0.961,0,30.66912523440441,,96.71613515137707,-1.0,5.0,52.175335,21.147227,25.0
6340,2026-05-11 20:06:10.600000+00:00,52.1758808,21.1460425,98.8,31.25,-0.068,-0.02,0.958,0,31.321481494597187,,101.0305751220643,-1.0,5.0,52.175335,21.147227,25.0
6345,2026-05-11 20:06:11.100000+00:00,52.1759001,21.1459847,98.9,31.39,-0.085,-0.012,0.977,0,32.31161834881112,,105.47271933077448,-1.0,5.0,52.175335,21.147227,25.0
6350,2026-05-11 20:06:11.600000+00:00,52.1759206,21.1459276,98.8,32.7,-0.071,-0.015,0.965,0,32.484848657249,,109.95903482002537,-1.0,5.0,52.175335,21.147227,25.0
6355,2026-05-11 20:06:12.100000+00:00,52.1759413,21.1458695,98.7,33.06,-0.081,-0.015,0.986,0,32.9896099940754,,114.5155620153662,-1.0,5.0,52.175335,21.147227,25.0
6360,2026-05-11 20:06:12.600000+00:00,52.1759628,21.1458117,98.6,33.12,-0.084,-0.005,0.958,0,33.18993146925766,,119.10956468052152,-1.0,5.0,52.175335,21.147227,25.0
6365,2026-05-11 20:06:13.100000+00:00,52.1759843,21.1457522,98.6,33.81,-0.082,0.006,0.968,0,33.90629806444203,,123.7988837288937,-1.0,5.0,52.175335,21.147227,25.0
6370,2026-05-11 20:06:13.600000+00:00,52.1760056,21.1456922,98.9,33.42,-0.075,-0.005,0.972,0,34.037506252995605,,128.50451388623182,-1.0,5.0,52.175335,21.147227,25.0
6375,2026-05-11 20:06:14.100000+00:00,52.1760273,21.1456298,99.1,35.08,-0.062,-0.001,0.971,0,35.21908717988953,,133.37098785854383,-1.0,5.0,52.175335,21.147227,25.0
6380,2026-05-11 20:06:14.600000+00:00,52.1760493,21.1455663,99.1,35.96,-0.06,-0.01,0.96,0,35.8073751564018,,138.31979314204662,-1.0,5.0,52.175335,21.147227,25.0
6385,2026-05-11 20:06:15.100000+00:00,52.1760726,21.1455037,99.0,36.17,-0.076,0.001,0.974,0,35.9521599872333,,143.302614261454,-1.0,5.0,52.175335,21.147227,25.0
6390,2026-05-11 20:06:15.600000+00:00,52.1760962,21.1454403,98.7,36.48,-0.093,0.003,0.977,0,36.41252752597144,,148.34997594248992,-1.0,5.0,52.175335,21.147227,25.0
6395,2026-05-11 20:06:16.100000+00:00,52.176119,21.1453745,98.6,37.13,-0.1,0.009,0.959,0,37.10553178847746,,153.4820679433856,-1.0,5.0,52.175335,21.147227,25.0
6400,2026-05-11 20:06:16.600000+00:00,52.1761414,21.1453078,98.9,36.92,-0.092,-0.001,0.965,0,37.33597293649304,,158.6410209097196,-1.0,5.0,52.175335,21.147227,25.0
6405,2026-05-11 20:06:17.100000+00:00,52.1761648,21.1452416,99.1,37.13,-0.099,-0.002,0.973,0,37.51416890532009,,163.83606277120666,-1.0,5.0,52.175335,21.147227,25.0
6410,2026-05-11 20:06:17.600000+00:00,52.1761884,21.1451747,99.2,37.6,-0.096,0.005,0.961,0,37.89187976689726,,169.08402944689183,-1.0,5.0,52.175335,21.147227,25.0
6415,2026-05-11 20:06:18.100000+00:00,52.1762118,21.1451082,99.1,37.22,-0.099,-0.005,0.971,0,37.64181768387629,,174.29783754701208,-1.0,5.0,52.175335,21.147227,25.0
6420,2026-05-11 20:06:18.600000+00:00,52.1762354,21.1450419,99.2,37.54,-0.107,0.001,0.957,0,37.63679551241761,,179.51355269713008,-1.0,5.0,52.175335,21.147227,25.0
6425,2026-05-11 20:06:19.100000+00:00,52.1762591,21.1449753,99.2,37.83,-0.095,0.001,0.955,0,37.80435507620099,,184.7531080594792,-1.0,5.0,52.175335,21.147227,25.0
6430,2026-05-11 20:06:19.600000+00:00,52.1762824,21.1449082,99.2,37.83,-0.107,0.005,0.993,0,37.85804335158648,,189.9969766706561,-1.0,5.0,52.175335,21.147227,25.0
6435,2026-05-11 20:06:20.100000+00:00,52.1763058,21.1448409,99.2,38.43,-0.083,-0.008,0.966,0,37.98292703133708,,195.25911845633968,-1.0,5.0,52.175335,21.147227,25.0
6440,2026-05-11 20:06:20.600000+00:00,52.1763299,21.1447735,99.0,38.98,-0.084,-0.012,0.967,0,38.30483635674631,,200.57056499307112,-1.0,5.0,52.175335,21.147227,25.0
6445,2026-05-11 20:06:21.100000+00:00,52.1763539,21.1447061,98.7,38.9,-0.088,0.003,0.975,0,38.2645561641824,,205.87633815955024,-1.0,5.0,52.175335,21.147227,25.0
6450,2026-05-11 20:06:21.600000+00:00,52.1763794,21.1446388,98.7,39.05,-0.08,-0.007,0.953,0,38.839670116783616,,211.2684861711004,-1.0,5.0,52.175335,21.147227,25.0
6455,2026-05-11 20:06:22.100000+00:00,52.1764047,21.1445704,98.7,39.07,-0.081,0.009,0.965,0,39.21716772502057,,216.71123013634025,-1.0,5.0,52.175335,21.147227,25.0
6460,2026-05-11 20:06:22.600000+00:00,52.176429,21.1445002,98.7,39.31,-0.085,0.012,0.997,0,39.57685119611197,,222.19595127158624,-1.0,5.0,52.175335,21.147227,25.0
6465,2026-05-11 20:06:23.100000+00:00,52.1764544,21.1444294,98.6,40.74,-0.07,0.0,0.94,0,40.27107140861633,,227.7823397366487,-1.0,5.0,52.175335,21.147227,25.0
6470,2026-05-11 20:06:23.600000+00:00,52.1764796,21.1443572,98.7,41.02,-0.096,0.001,0.985,0,40.786356444714194,,233.43694488810007,-1.0,5.0,52.175335,21.147227,25.0
6475,2026-05-11 20:06:24.100000+00:00,52.1765055,21.1442841,98.8,41.84,-0.072,0.0,0.968,0,41.44843984694815,,239.18586953016973,-1.0,5.0,52.175335,21.147227,25.0
6480,2026-05-11 20:06:24.600000+00:00,52.1765313,21.14421,98.8,41.99,-0.088,0.002,0.954,0,41.83465614991917,,244.9863782251904,-1.0,5.0,52.175335,21.147227,25.0
6485,2026-05-11 20:06:25.100000+00:00,52.1765567,21.1441355,98.7,41.7,-0.087,0.005,0.959,0,41.8489802204933,,250.78617106190103,-1.0,5.0,52.175335,21.147227,25.0
6490,2026-05-11 20:06:25.600000+00:00,52.176583,21.1440624,98.4,42.06,-0.089,-0.009,0.974,0,41.60951883414628,,256.5603280948445,-1.0,5.0,52.175335,21.147227,25.0
6495,2026-05-11 20:06:26.100000+00:00,52.1766094,21.1439888,98.1,42.66,-0.091,0.005,0.974,0,41.86177720651888,,262.3693997474053,-1.0,5.0,52.175335,21.147227,25.0
6500,2026-05-11 20:06:26.600000+00:00,52.1766357,21.143913,98.0,43.61,-0.076,0.0,0.951,0,42.75806913297739,,268.29903215392585,-1.0,5.0,52.175335,21.147227,25.0
6505,2026-05-11 20:06:27.100000+00:00,52.1766616,21.1438356,97.8,43.22,-0.093,0.01,0.99,0,43.2891443162068,,274.29709865106014,-1.0,5.0,52.175335,21.147227,25.0
6510,2026-05-11 20:06:27.600000+00:00,52.1766876,21.1437587,97.4,43.89,-0.078,-0.004,0.957,0,43.11240082192786,,280.2729722304489,-1.0,5.0,52.175335,21.147227,25.0
6515,2026-05-11 20:06:28.100000+00:00,52.1767145,21.1436815,97.2,43.95,-0.09,-0.008,0.973,0,43.59285291109469,,286.32021970045935,-1.0,5.0,52.175335,21.147227,25.0
6520,2026-05-11 20:06:28.600000+00:00,52.1767429,21.1436042,97.1,44.65,-0.088,-0.02,0.962,0,44.24055991508531,,292.4627732728908,-1.0,5.0,52.175335,21.147227,25.0
6525,2026-05-11 20:06:29.100000+00:00,52.1767714,21.1435259,96.9,44.59,-0.113,-0.001,0.958,0,44.70321330432066,,298.6689693811383,-1.0,5.0,52.175335,21.147227,25.0
6530,2026-05-11 20:06:29.600000+00:00,52.1767991,21.1434477,96.8,44.31,-0.128,0.007,0.975,0,44.33717862071138,,304.8219867197533,-1.0,5.0,52.175335,21.147227,25.0
6535,2026-05-11 20:06:30.100000+00:00,52.1768263,21.1433697,96.7,44.13,-0.115,0.008,0.952,0,44.05291355328221,,310.9340078967905,-1.0,5.0,52.175335,21.147227,25.0
6540,2026-05-11 20:06:30.600000+00:00,52.1768531,21.1432915,96.7,43.86,-0.127,0.007,0.975,0,43.98115984174991,,317.03413436002705,-1.0,5.0,52.178691,21.139517,24.0
6545,2026-05-11 20:06:31.100000+00:00,52.1768801,21.1432146,96.7,43.34,-0.111,0.0,0.96,0,43.50445946024912,,322.6673297503182,-1.0,5.0,52.178691,21.139517,24.0
6550,2026-05-11 20:06:31.600000+00:00,52.1769075,21.143139,96.7,43.36,-0.107,0.0,0.965,0,43.113791045777766,,316.73912232745886,-1.0,5.0,52.178691,21.139517,24.0
6555,2026-05-11 20:06:32.100000+00:00,52.1769341,21.1430625,96.3,43.49,-0.097,0.005,0.971,0,43.175253038803966,,310.82137260339454,-1.0,5.0,52.178691,21.139517,24.0
6560,2026-05-11 20:06:32.600000+00:00,52.1769609,21.1429877,95.7,43.45,-0.103,-0.001,0.972,0,42.53175851613836,,304.9826083933005,-1.0,5.0,52.178691,21.139517,24.0
6565,2026-05-11 20:06:33.100000+00:00,52.176988,21.1429111,95.3,44.06,-0.101,0.007,0.961,0,43.41657749105672,,299.03041337097113,-1.0,5.0,52.178691,21.139517,24.0
6570,2026-05-11 20:06:33.600000+00:00,52.1770155,21.1428354,95.1,43.07,-0.111,0.012,0.988,0,43.19673597129337,,293.1004966726434,-1.0,5.0,52.178691,21.139517,24.0
6575,2026-05-11 20:06:34.100000+00:00,52.1770426,21.1427596,94.8,43.33,-0.102,0.006,0.951,0,43.07678292543515,,287.19660937292,-1.0,5.0,52.178691,21.139517,24.0
6580,2026-05-11 20:06:34.600000+00:00,52.1770693,21.1426832,94.5,43.26,-0.109,0.01,0.973,0,43.17203830489032,,281.2931694817887,-1.0,5.0,52.178691,21.139517,24.0
6585,2026-05-11 20:06:35.100000+00:00,52.1770963,21.1426058,94.3,43.6,-0.097,-0.003,0.96,0,43.717498039923896,,275.32008870330566,-1.0,5.0,52.178691,21.139517,24.0
6590,2026-05-11 20:06:35.600000+00:00,52.177126,21.1425305,94.1,43.76,-0.11,-0.006,0.969,0,43.95511501217205,,269.26647120417255,-1.0,5.0,52.178691,21.139517,24.0
6595,2026-05-11 20:06:36.100000+00:00,52.1771535,21.1424545,93.8,43.69,-0.099,-0.004,0.954,0,43.32341970649242,,263.3376498319744,-1.0,5.0,52.178691,21.139517,24.0
6600,2026-05-11 20:06:36.600000+00:00,52.1771811,21.1423783,93.5,44.16,-0.094,-0.009,0.973,0,43.44865511117404,,257.39533866765703,-1.0,5.0,52.178691,21.139517,24.0
6605,2026-05-11 20:06:37.100000+00:00,52.1772107,21.1423034,93.2,44.44,-0.096,-0.024,0.971,0,43.74659947461769,,251.37869239698128,-1.0,5.0,52.178691,21.139517,24.0
6610,2026-05-11 20:06:37.600000+00:00,52.1772397,21.142226,93.2,44.43,-0.092,-0.022,0.973,0,44.53087212038106,,245.2804375071964,-1.0,5.0,52.178691,21.139517,24.0
6615,2026-05-11 20:06:38.100000+00:00,52.1772694,21.1421489,93.0,44.98,-0.08,-0.022,0.963,0,44.700808512507976,,239.15052020321417,-1.0,5.0,52.178691,21.139517,24.0
6620,2026-05-11 20:06:38.600000+00:00,52.1772994,21.1420708,92.8,45.74,-0.095,-0.023,0.971,0,45.24431061118393,,232.95163316474975,-1.0,5.0,52.178691,21.139517,24.0
6625,2026-05-11 20:06:39.100000+00:00,52.1773303,21.1419933,92.6,45.92,-0.091,-0.02,0.991,0,45.38363807519007,,226.72108812375504,-1.0,5.0,52.178691,21.139517,24.0
6630,2026-05-11 20:06:39.600000+00:00,52.1773624,21.1419164,92.6,45.96,-0.086,-0.019,0.96,0,45.67056802058552,,220.43557974488195,-1.0,5.0,52.178691,21.139517,24.0
6635,2026-05-11 20:06:40.100000+00:00,52.1773954,21.1418392,92.8,46.46,-0.096,-0.024,0.956,0,46.200601501655605,,214.07098323230767,-1.0,5.0,52.178691,21.139517,24.0
6640,2026-05-11 20:06:40.600000+00:00,52.1774288,21.1417627,92.8,46.33,-0.119,-0.035,0.959,0,46.10407150282229,,207.71472011125647,-1.0,5.0,52.178691,21.139517,24.0
6645,2026-05-11 20:06:41.100000+00:00,52.1774632,21.1416877,93.0,46.06,-0.121,-0.026,0.977,0,45.981164369462206,,201.3611731253957,-1.0,5.0,52.178691,21.139517,24.0
6650,2026-05-11 20:06:41.600000+00:00,52.1774977,21.1416135,93.0,46.25,-0.115,-0.036,0.973,0,45.71556358509635,,195.04217630280755,-1.0,5.0,52.178691,21.139517,24.0
6655,2026-05-11 20:06:42.100000+00:00,52.1775331,21.1415397,93.1,46.09,-0.103,-0.058,0.944,0,45.99962075834923,,188.67684389122817,-1.0,5.0,52.178691,21.139517,24.0
6660,2026-05-11 20:06:42.600000+00:00,52.1775701,21.1414675,93.2,46.43,-0.115,-0.043,0.954,0,46.19425227315467,,182.2709881293224,-1.0,5.0,52.178691,21.139517,24.0
6665,2026-05-11 20:06:43.100000+00:00,52.1776079,21.1413966,93.2,46.41,-0.11,-0.047,0.967,0,46.12401066538372,,175.8694982027104,-1.0,5.0,52.178691,21.139517,24.0
6670,2026-05-11 20:06:43.600000+00:00,52.1776473,21.1413275,93.4,46.65,-0.113,-0.044,0.972,0,46.32338702583776,,169.43578771033896,-1.0,5.0,52.178691,21.139517,24.0
6675,2026-05-11 20:06:44.100000+00:00,52.1776869,21.1412592,93.4,46.67,-0.113,-0.044,0.947,0,46.146376176370005,,163.02659589766603,-1.0,5.0,52.178691,21.139517,24.0
6680,2026-05-11 20:06:44.600000+00:00,52.1777266,21.1411931,93.4,46.12,-0.139,-0.023,0.981,0,45.42359530645085,,156.7191534504208,-1.0,5.0,52.178691,21.139517,24.0
6685,2026-05-11 20:06:45.100000+00:00,52.1777674,21.141128,93.5,46.23,-0.122,-0.027,0.942,0,45.69941343264705,,150.37804210182227,-1.0,5.0,52.178691,21.139517,24.0
6690,2026-05-11 20:06:45.600000+00:00,52.177808,21.1410649,93.6,45.85,-0.137,-0.004,0.966,0,44.90213078508379,,144.15243934868766,-1.0,5.0,52.178691,21.139517,24.0
6695,2026-05-11 20:06:46.100000+00:00,52.1778475,21.141005,93.3,45.42,-0.133,-0.016,0.96,0,43.18399834199435,,138.17105481169628,-1.0,5.0,52.178691,21.139517,24.0
6700,2026-05-11 20:06:46.600000+00:00,52.1778886,21.140946,93.4,45.13,-0.135,-0.015,0.974,0,43.83746520020858,,132.11615322409577,-1.0,5.0,52.178691,21.139517,24.0
6705,2026-05-11 20:06:47.100000+00:00,52.1779304,21.1408869,93.4,44.67,-0.139,-0.032,0.979,0,44.29179954264692,,126.00718565572782,-1.0,5.0,52.178691,21.139517,24.0
6710,2026-05-11 20:06:47.600000+00:00,52.1779724,21.1408281,93.6,44.52,-0.13,-0.036,0.946,0,44.31680940993905,,119.90301209469078,-1.0,5.0,52.178691,21.139517,24.0
6715,2026-05-11 20:06:48.100000+00:00,52.1780139,21.140769,93.6,44.37,-0.131,-0.007,0.956,0,44.110572452874464,,113.82574990522356,-1.0,5.0,52.178691,21.139517,24.0
6720,2026-05-11 20:06:48.600000+00:00,52.1780553,21.1407112,93.5,43.93,-0.13,-0.002,0.972,0,43.632552045589016,,107.82827970712528,-1.0,5.0,52.178691,21.139517,24.0
6725,2026-05-11 20:06:49.100000+00:00,52.1780967,21.1406538,93.5,43.86,-0.126,0.012,0.97,0,43.50507916213069,,101.8589794885892,-1.0,5.0,52.178691,21.139517,24.0
6730,2026-05-11 20:06:49.600000+00:00,52.178137,21.1405959,93.5,43.31,-0.126,0.019,0.949,0,42.99978610978443,,95.95115577518912,-1.0,5.0,52.178691,21.139517,24.0
6735,2026-05-11 20:06:50.100000+00:00,52.1781769,21.1405379,93.4,43.15,-0.125,0.008,0.972,0,42.79265555837473,,90.0747779568103,-1.0,5.0,52.178691,21.139517,24.0
6740,2026-05-11 20:06:50.600000+00:00,52.1782163,21.1404806,93.3,42.76,-0.12,0.0,0.951,0,42.265151529764665,,84.27984421158625,-1.0,5.0,52.178691,21.139517,24.0
6745,2026-05-11 20:06:51.100000+00:00,52.178256,21.1404241,93.2,42.43,-0.132,0.006,0.969,0,42.185417793208096,24.0,78.51848989702289,-1.0,5.0,52.178691,21.139517,24.0
6750,2026-05-11 20:06:51.600000+00:00,52.1782954,21.1403682,93.1,42.17,-0.124,0.0,0.97,0,41.81080918683307,24.0,72.82550101521363,-1.0,5.0,52.178691,21.139517,24.0
6755,2026-05-11 20:06:52.100000+00:00,52.1783346,21.1403132,93.0,41.73,-0.123,0.003,0.964,0,41.4006103177266,24.0,67.21472849123585,-1.0,5.0,52.178691,21.139517,24.0
6760,2026-05-11 20:06:52.600000+00:00,52.1783736,21.1402579,92.9,41.68,-0.123,0.003,0.956,0,41.37583578757336,24.0,61.62560657566934,-1.0,5.0,52.178691,21.139517,24.0
6765,2026-05-11 20:06:53.100000+00:00,52.1784122,21.1402033,92.8,41.13,-0.129,0.004,0.967,0,40.908697608776855,24.0,56.13269867437609,-1.0,5.0,52.178691,21.139517,24.0
6770,2026-05-11 20:06:53.600000+00:00,52.1784506,21.1401493,92.7,41.01,-0.122,0.0,0.968,0,40.59488675157672,24.0,50.72794133750647,-1.0,5.0,52.178691,21.139517,24.0
6775,2026-05-11 20:06:54.100000+00:00,52.1784891,21.1400958,92.6,41.12,-0.123,0.011,0.955,0,40.49590183435673,24.0,45.4041528136091,-1.0,5.0,52.178691,21.139517,24.0
6780,2026-05-11 20:06:54.600000+00:00,52.1785269,21.1400428,92.4,40.5,-0.127,0.004,0.973,0,39.9105104477416,24.0,40.2280607397335,-1.0,5.0,52.178691,21.139517,24.0
6785,2026-05-11 20:06:55.100000+00:00,52.1785646,21.1399897,92.3,40.37,-0.123,0.0,0.963,0,39.88189522571885,24.0,35.16222889389839,-1.0,5.0,52.178691,21.139517,24.0
6790,2026-05-11 20:06:55.600000+00:00,52.1786022,21.139938,92.2,39.93,-0.133,0.001,0.97,0,39.37481865219978,24.0,30.35660276044736,-1.0,5.0,52.178691,21.139517,24.0
6795,2026-05-11 20:06:56.100000+00:00,52.1786395,21.1398864,92.0,39.55,-0.114,0.013,0.95,0,39.15971249437551,24.0,25.830270586766005,-1.0,5.0,52.178691,21.139517,24.0
6800,2026-05-11 20:06:56.600000+00:00,52.1786766,21.1398352,91.8,39.04,-0.116,0.008,0.974,0,38.9105893973527,24.0,21.755420133056365,-1.0,5.0,52.178691,21.139517,24.0
6805,2026-05-11 20:06:57.100000+00:00,52.1787132,21.1397838,91.8,39.04,-0.122,0.018,0.971,0,38.66987085188039,24.0,18.358426955007115,-1.0,5.0,52.178691,21.139517,24.0
6810,2026-05-11 20:06:57.600000+00:00,52.1787496,21.1397324,91.7,38.81,-0.112,0.012,0.966,0,38.54866748378606,24.0,16.06756298390884,-1.0,5.0,52.178691,21.139517,24.0
6815,2026-05-11 20:06:58.100000+00:00,52.1787856,21.1396811,91.7,38.72,-0.126,0.002,0.964,0,38.27481102957976,24.0,15.357296945712369,-1.0,5.0,52.178691,21.139517,24.0
6820,2026-05-11 20:06:58.600000+00:00,52.1788213,21.1396303,91.6,38.31,-0.118,0.017,0.962,0,37.93243083696463,24.0,16.419595424256602,-1.0,5.0,52.178691,21.139517,24.0
6825,2026-05-11 20:06:59.100000+00:00,52.1788567,21.1395798,91.5,37.84,-0.13,0.01,0.972,0,37.65464346725096,24.0,18.916028059438027,-1.0,5.0,52.178691,21.139517,24.0
6830,2026-05-11 20:06:59.600000+00:00,52.1788918,21.1395297,91.4,37.67,-0.12,0.005,0.964,0,37.34456437806324,24.0,22.344726955778462,-1.0,5.0,52.178691,21.139517,24.0
6835,2026-05-11 20:07:00.100000+00:00,52.178927,21.1394806,91.3,37.41,-0.125,0.003,0.962,0,37.08386801936998,24.0,26.359109194226505,-1.0,5.0,52.178691,21.139517,24.0
6840,2026-05-11 20:07:00.600000+00:00,52.1789619,21.1394312,91.2,36.97,-0.126,0.001,0.97,0,36.99803631364984,24.0,30.68554555817606,-1.0,5.0,52.178691,21.139517,24.0
6845,2026-05-11 20:07:01.100000+00:00,52.1789966,21.1393825,91.1,36.91,-0.111,0.011,0.962,0,36.65216742270788,24.0,35.19693121428914,-1.0,5.0,52.178691,21.139517,24.0
6850,2026-05-11 20:07:01.600000+00:00,52.1790311,21.1393337,91.0,37.21,-0.1,0.009,0.978,0,36.56308742744359,24.0,39.829148976000006,-1.0,5.0,52.178691,21.139517,24.0
6855,2026-05-11 20:07:02.100000+00:00,52.1790659,21.1392845,90.9,37.23,-0.09,-0.007,0.951,0,36.87318411181701,24.0,44.59953749772145,-1.0,5.0,52.178691,21.139517,24.0
6860,2026-05-11 20:07:02.600000+00:00,52.1791011,21.1392347,90.8,37.59,-0.101,0.003,0.957,0,37.30809234399205,24.0,49.49706133898939,-1.0,5.0,52.178691,21.139517,24.0
6865,2026-05-11 20:07:03.100000+00:00,52.1791363,21.1391847,90.7,37.68,-0.094,0.006,0.973,0,37.37249437073516,24.0,54.45288592193192,-1.0,5.0,52.178691,21.139517,24.0
6870,2026-05-11 20:07:03.600000+00:00,52.1791719,21.1391339,90.6,37.97,-0.088,0.008,0.979,0,37.87201360905157,24.0,59.51269764914374,-1.0,5.0,52.178691,21.139517,24.0
6875,2026-05-11 20:07:04.100000+00:00,52.1792077,21.139083,90.5,38.44,-0.086,-0.006,0.964,0,38.02489259886896,24.0,64.62738755637825,-1.0,5.0,52.178691,21.139517,24.0
6880,2026-05-11 20:07:04.600000+00:00,52.179244,21.1390315,90.5,38.91,-0.093,0.0,0.964,0,38.52019923127112,24.0,69.8352442640113,-1.0,5.0,52.178691,21.139517,24.0
6885,2026-05-11 20:07:05.100000+00:00,52.1792803,21.1389796,90.4,38.65,-0.101,0.007,0.964,0,38.64935636801889,24.0,75.07640748484451,-1.0,5.0,52.178691,21.139517,24.0
6890,2026-05-11 20:07:05.600000+00:00,52.1793169,21.1389278,90.3,38.72,-0.107,0.017,0.958,0,38.79807175188928,,80.35979630793997,-1.0,5.0,52.178691,21.139517,24.0
6895,2026-05-11 20:07:06.100000+00:00,52.1793532,21.1388762,90.2,38.59,-0.12,0.005,0.966,0,38.55239787886299,,85.62064920471373,-1.0,5.0,52.178691,21.139517,24.0
6900,2026-05-11 20:07:06.600000+00:00,52.1793892,21.1388245,90.2,38.43,-0.121,0.005,0.965,0,38.40408021040933,,90.86747799392596,-1.0,5.0,52.178691,21.139517,24.0
6905,2026-05-11 20:07:07.100000+00:00,52.179425,21.1387731,90.1,38.2,-0.125,0.012,0.981,0,38.18656535801517,,96.09420489240576,-1.0,5.0,52.178691,21.139517,24.0
6910,2026-05-11 20:07:07.600000+00:00,52.1794609,21.1387228,90.0,38.16,-0.116,0.0,0.948,0,37.89257526078361,,101.29820806100882,-1.0,5.0,52.178691,21.139517,24.0
6915,2026-05-11 20:07:08.100000+00:00,52.1794964,21.1386719,90.0,37.71,-0.134,0.02,0.967,0,37.84407596756551,,106.4927103860714,-1.0,5.0,52.178691,21.139517,24.0
6920,2026-05-11 20:07:08.600000+00:00,52.1795318,21.1386217,89.9,37.91,-0.109,0.005,0.956,0,37.55759288093261,,111.65756738122332,-1.0,5.0,52.178691,21.139517,24.0
6925,2026-05-11 20:07:09.100000+00:00,52.1795675,21.1385717,89.8,37.59,-0.113,0.004,0.977,0,37.67510983195386,,116.84729565477794,-1.0,5.0,52.178691,21.139517,24.0
6930,2026-05-11 20:07:09.600000+00:00,52.179603,21.138522,89.7,37.6,-0.109,0.02,0.951,0,37.45767174840668,,122.01083079732472,-1.0,5.0,52.178691,21.139517,24.0
6935,2026-05-11 20:07:10.100000+00:00,52.1796388,21.1384722,89.5,38.04,-0.099,0.001,0.945,0,37.67206469619059,,127.2089916532634,-1.0,5.0,52.178691,21.139517,24.0
6940,2026-05-11 20:07:10.600000+00:00,52.1796744,21.138422,89.4,37.8,-0.129,0.013,0.994,0,37.67851652374434,,132.4068435102231,-1.0,5.0,52.178691,21.139517,24.0
6945,2026-05-11 20:07:11.100000+00:00,52.1797099,21.1383721,89.3,37.98,-0.11,0.005,0.951,0,37.52166139168021,,137.5866055498604,-1.0,5.0,52.178691,21.139517,24.0
6950,2026-05-11 20:07:11.600000+00:00,52.1797455,21.1383222,89.2,37.75,-0.116,0.013,0.975,0,37.58232806226852,,142.777796495497,-1.0,5.0,52.178691,21.139517,24.0
6955,2026-05-11 20:07:12.100000+00:00,52.1797809,21.1382725,89.0,37.83,-0.102,0.008,0.973,0,37.396897739475634,,147.94495806804318,-1.0,5.0,52.178691,21.139517,24.0
6960,2026-05-11 20:07:12.600000+00:00,52.1798164,21.1382229,88.9,37.65,-0.107,0.01,0.98,0,37.42563720444503,,153.11909335649264,-1.0,5.0,52.178691,21.139517,24.0
6965,2026-05-11 20:07:13.100000+00:00,52.1798519,21.1381733,88.8,37.68,-0.101,0.005,0.953,0,37.42562456041972,,158.29479146876562,-1.0,5.0,52.178691,21.139517,24.0
6970,2026-05-11 20:07:13.600000+00:00,52.1798869,21.1381233,88.6,37.73,-0.114,0.008,0.966,0,37.25162861322018,,163.44251777409298,-1.0,5.0,52.178691,21.139517,24.0
6975,2026-05-11 20:07:14.100000+00:00,52.1799221,21.1380736,88.4,37.53,-0.118,0.007,0.965,0,37.27564539243176,,168.59795511029307,-1.0,5.0,52.178691,21.139517,24.0
6980,2026-05-11 20:07:14.600000+00:00,52.1799574,21.1380244,88.2,37.63,-0.101,0.012,0.966,0,37.17625830577721,,173.74372302108495,-1.0,5.0,52.178691,21.139517,24.0
6985,2026-05-11 20:07:15.100000+00:00,52.1799924,21.1379741,88.2,37.41,-0.103,0.01,0.969,0,37.34879702027767,,178.90760685544709,-1.0,5.0,52.178691,21.139517,24.0
6990,2026-05-11 20:07:15.600000+00:00,52.1800276,21.1379239,88.0,37.49,-0.107,-0.012,0.965,0,37.43673063665644,,184.0867384119176,-1.0,5.0,52.178691,21.139517,24.0
6995,2026-05-11 20:07:16.100000+00:00,52.1800633,21.1378737,87.9,37.93,-0.099,0.003,0.954,0,37.738972882507525,,189.3117986399001,-1.0,5.0,52.178691,21.139517,24.0
7000,2026-05-11 20:07:16.600000+00:00,52.1800989,21.1378236,87.8,37.84,-0.102,0.011,0.975,0,37.646272118430446,,194.52474741252524,-1.0,5.0,52.178691,21.139517,24.0
7005,2026-05-11 20:07:17.100000+00:00,52.1801346,21.1377732,87.7,37.85,-0.105,0.012,0.969,0,37.80313476411594,,199.75962562591533,-1.0,5.0,52.178691,21.139517,24.0
7010,2026-05-11 20:07:17.600000+00:00,52.1801703,21.1377231,87.6,37.88,-0.11,-0.001,0.97,0,37.706895267883255,,204.9830918477612,-1.0,5.0,52.178691,21.139517,24.0
7015,2026-05-11 20:07:18.100000+00:00,52.180206,21.1376723,87.6,38.03,-0.103,0.005,0.961,0,37.93192035554877,,210.23578482131373,-1.0,5.0,52.178691,21.139517,24.0
7020,2026-05-11 20:07:18.600000+00:00,52.1802419,21.1376216,87.5,38.08,-0.105,0.001,0.983,0,38.0205483812033,,215.502945909935,-1.0,5.0,52.178691,21.139517,24.0
7025,2026-05-11 20:07:19.100000+00:00,52.1802781,21.1375711,87.4,38.48,-0.091,0.011,0.956,0,38.138529455751,,220.78921556442745,-1.0,5.0,52.178691,21.139517,24.0
7030,2026-05-11 20:07:19.600000+00:00,52.1803139,21.1375198,87.3,38.19,-0.103,0.012,0.983,0,38.153811054082624,,226.07332929142635,-1.0,5.0,52.178691,21.139517,24.0
7035,2026-05-11 20:07:20.100000+00:00,52.1803498,21.1374686,87.3,38.26,-0.096,0.004,0.967,0,38.18164218543704,,231.36287733992287,-1.0,5.0,52.178691,21.139517,24.0
7040,2026-05-11 20:07:20.600000+00:00,52.1803859,21.1374178,87.3,38.01,-0.104,0.006,0.969,0,38.173735700536106,,236.65423872614923,-1.0,5.0,52.178691,21.139517,24.0
7045,2026-05-11 20:07:21.100000+00:00,52.1804216,21.1373669,87.3,38.13,-0.111,0.007,0.968,0,37.96413394071542,,241.91481005646463,-1.0,5.0,52.178691,21.139517,24.0
7050,2026-05-11 20:07:21.600000+00:00,52.1804572,21.1373162,87.2,38.03,-0.107,0.001,0.958,0,37.8392306787032,,247.1587861393836,-1.0,5.0,52.178691,21.139517,24.0
7055,2026-05-11 20:07:22.100000+00:00,52.1804929,21.137267,87.1,37.79,-0.107,0.009,0.974,0,37.42009581422851,,252.34987446377067,-1.0,5.0,52.178691,21.139517,24.0
7060,2026-05-11 20:07:22.600000+00:00,52.1805283,21.1372177,87.0,37.35,-0.101,0.0,0.957,0,37.268815641744574,,257.5188948207918,-1.0,5.0,52.178691,21.139517,24.0
7065,2026-05-11 20:07:23.100000+00:00,52.1805638,21.1371678,87.0,37.53,-0.097,0.008,0.973,0,37.52135433579847,,262.7219519582573,-1.0,5.0,52.178691,21.139517,24.0
7070,2026-05-11 20:07:23.600000+00:00,52.1805987,21.1371175,86.9,37.41,-0.1,0.009,0.96,0,37.28854597691961,,267.88914842025133,-1.0,5.0,52.178691,21.139517,24.0
7075,2026-05-11 20:07:24.100000+00:00,52.1806338,21.1370682,86.9,37.3,-0.104,0.002,0.96,0,37.0864585426678,,273.03268068851315,-1.0,5.0,52.178691,21.139517,24.0
7080,2026-05-11 20:07:24.600000+00:00,52.1806689,21.1370187,86.8,37.32,-0.101,0.007,0.954,0,37.15059191480366,,278.1848340593639,-1.0,5.0,52.178691,21.139517,24.0
7085,2026-05-11 20:07:25.100000+00:00,52.1807038,21.1369692,86.7,37.16,-0.11,0.002,0.978,0,37.02961014855835,,283.3196962938356,-1.0,5.0,52.178691,21.139517,24.0
7090,2026-05-11 20:07:25.600000+00:00,52.1807387,21.1369195,86.6,37.1,-0.101,0.002,0.964,0,37.09410144328314,,288.4632193095487,-1.0,5.0,52.178691,21.139517,24.0
7095,2026-05-11 20:07:26.100000+00:00,52.1807737,21.1368697,86.6,37.49,-0.105,0.007,0.968,0,37.18668626565629,,293.6199983178094,-1.0,5.0,52.178691,21.139517,24.0
7100,2026-05-11 20:07:26.600000+00:00,52.1808087,21.1368199,86.5,37.26,-0.103,0.002,0.968,0,37.18667361143317,,298.77705357348714,-1.0,5.0,52.178691,21.139517,24.0
7105,2026-05-11 20:07:27.100000+00:00,52.1808439,21.1367705,86.5,37.07,-0.116,0.022,0.968,0,37.17908598146347,,303.93508093217787,-1.0,5.0,52.178691,21.139517,24.0
7110,2026-05-11 20:07:27.600000+00:00,52.1808786,21.1367209,86.4,36.9,-0.116,0.009,0.959,0,36.9412147014034,,309.0579485877162,-1.0,5.0,52.178691,21.139517,24.0
7115,2026-05-11 20:07:28.100000+00:00,52.1809132,21.1366719,86.3,36.83,-0.109,0.001,0.95,0,36.68724042157793,,314.1470620043204,-1.0,5.0,52.178691,21.139517,24.0
7120,2026-05-11 20:07:28.600000+00:00,52.1809476,21.1366229,86.2,36.56,-0.118,0.009,0.985,0,36.56647895041519,,319.2188951318423,-1.0,5.0,52.178691,21.139517,24.0
7125,2026-05-11 20:07:29.100000+00:00,52.1809822,21.1365744,86.2,36.44,-0.104,0.007,0.993,0,36.52675227791287,,324.2873175481656,-1.0,5.0,52.178691,21.139517,24.0
7130,2026-05-11 20:07:29.600000+00:00,52.1810165,21.1365257,86.1,36.95,-0.088,0.013,0.95,0,36.40932290700131,,329.33813653858147,-1.0,5.0,52.178691,21.139517,24.0
7135,2026-05-11 20:07:30.100000+00:00,52.1810505,21.1364766,86.1,36.66,-0.094,0.008,0.967,0,36.35838226417434,,334.37986856512305,-1.0,5.0,52.178691,21.139517,24.0
7140,2026-05-11 20:07:30.600000+00:00,52.1810849,21.1364277,86.0,36.6,-0.103,0.01,0.975,0,36.534155869853066,,339.44825253566614,-1.0,5.0,52.178691,21.139517,24.0
7145,2026-05-11 20:07:31.100000+00:00,52.1811191,21.1363783,86.1,36.48,-0.095,0.006,0.961,0,36.575867840604246,,344.5205523152473,-1.0,5.0,52.178691,21.139517,24.0
7150,2026-05-11 20:07:31.600000+00:00,52.1811533,21.1363284,86.1,36.98,-0.087,0.003,0.951,0,36.73905529382491,,349.61427256241814,-1.0,5.0,52.178691,21.139517,24.0
7155,2026-05-11 20:07:32.100000+00:00,52.1811881,21.1362792,86.1,36.99,-0.103,0.004,0.982,0,36.87242918819624,,354.730757856108,-1.0,5.0,52.178691,21.139517,24.0
7160,2026-05-11 20:07:32.600000+00:00,52.1812231,21.13623,86.0,37.53,-0.11,0.008,0.979,0,36.9935535294461,,359.8647740678255,-1.0,5.0,52.178691,21.139517,24.0
7165,2026-05-11 20:07:33.100000+00:00,52.1812587,21.1361834,85.9,36.54,-0.098,0.005,0.96,0,36.54652866437493,,364.9406402845581,-1.0,5.0,52.178691,21.139517,24.0
7170,2026-05-11 20:07:33.600000+00:00,52.1812931,21.1361355,85.9,36.31,-0.097,0.001,0.959,0,36.21342019701275,,369.9673601086088,-1.0,5.0,52.178691,21.139517,24.0
7175,2026-05-11 20:07:34.100000+00:00,52.1813268,21.1360867,85.8,36.8,-0.09,0.004,0.952,0,36.08086753466496,,374.9715825024881,-1.0,5.0,52.178691,21.139517,24.0
7180,2026-05-11 20:07:34.600000+00:00,52.1813612,21.1360373,85.8,36.94,-0.103,0.002,0.971,0,36.69580031317452,,380.06233223306646,-1.0,5.0,52.178691,21.139517,24.0
7185,2026-05-11 20:07:35.100000+00:00,52.1813953,21.1359871,85.8,37.27,-0.089,0.0,0.969,0,36.777854762067165,,385.1612724590287,-1.0,5.0,52.178691,21.139517,24.0
7190,2026-05-11 20:07:35.600000+00:00,52.1814304,21.1359381,85.6,37.18,-0.093,0.011,0.969,0,36.99023953980793,,390.2960522546507,-1.0,5.0,52.178691,21.139517,24.0
7195,2026-05-11 20:07:36.100000+00:00,52.1814654,21.1358875,85.7,37.59,-0.105,-0.001,0.965,0,37.44578492850325,,395.4904798482887,-1.0,5.0,52.178691,21.139517,24.0
7200,2026-05-11 20:07:36.600000+00:00,52.1815011,21.1358383,85.5,37.55,-0.101,0.007,0.971,0,37.41974241368522,,400.6859968279418,-1.0,5.0,52.178691,21.139517,24.0
7205,2026-05-11 20:07:37.100000+00:00,52.181537,21.1357898,85.3,37.48,-0.111,0.004,0.966,0,37.322031459528425,,405.8690071091268,-1.0,5.0,52.178691,21.139517,24.0
7210,2026-05-11 20:07:37.600000+00:00,52.1815725,21.1357405,85.3,37.14,-0.105,0.004,0.958,0,37.32936598117684,,401.7449722368714,-1.0,5.0,52.178691,21.139517,24.0
7215,2026-05-11 20:07:38.100000+00:00,52.181608,21.135692,85.5,37.14,-0.109,-0.003,0.969,0,37.07595218067684,,396.5960549148254,-1.0,5.0,52.178691,21.139517,24.0
7220,2026-05-11 20:07:38.600000+00:00,52.1816434,21.135643,85.7,37.17,-0.108,-0.008,0.974,0,37.17295672684861,,391.4333061086117,-1.0,5.0,52.178691,21.139517,24.0
7225,2026-05-11 20:07:39.100000+00:00,52.1816787,21.135594,85.7,36.99,-0.108,-0.003,0.966,0,37.11194097856606,,386.27898277522297,-1.0,5.0,52.178691,21.139517,24.0
7230,2026-05-11 20:07:39.600000+00:00,52.181714,21.1355448,85.7,37.29,-0.103,0.001,0.96,0,37.1756385286826,,381.11575629793634,-1.0,5.0,52.178691,21.139517,24.0
7235,2026-05-11 20:07:40.100000+00:00,52.1817489,21.1354961,85.6,36.9,-0.12,0.008,0.98,0,36.77271927290115,,376.0084784014597,-1.0,5.0,52.184309,21.131893,23.0
7240,2026-05-11 20:07:40.600000+00:00,52.1817835,21.135448,85.5,36.59,-0.12,0.006,0.956,0,36.39878776146316,,370.9531849739933,-1.0,5.0,52.184309,21.131893,23.0
7245,2026-05-11 20:07:41.100000+00:00,52.1818181,21.1354006,85.4,36.16,-0.117,0.001,0.967,0,36.17680771815109,,365.9290830284869,-1.0,5.0,52.184309,21.131893,23.0
7250,2026-05-11 20:07:41.600000+00:00,52.1818524,21.1353539,85.4,36.13,-0.126,0.002,0.966,0,35.77203558616765,,360.961437285833,-1.0,5.0,52.184309,21.131893,23.0
7255,2026-05-11 20:07:42.100000+00:00,52.1818863,21.135307,85.4,35.71,-0.124,0.0,0.972,0,35.59021343941388,,356.01855183280355,-1.0,5.0,52.184309,21.131893,23.0
7260,2026-05-11 20:07:42.600000+00:00,52.1819204,21.1352609,85.4,35.29,-0.121,0.007,0.968,0,35.46055331601112,,351.0945161515295,-1.0,5.0,52.184309,21.131893,23.0
7265,2026-05-11 20:07:43.100000+00:00,52.1819544,21.1352159,85.4,35.32,-0.121,0.018,0.974,0,35.0561933376593,,346.2279893107507,-1.0,5.0,52.184309,21.131893,23.0
7270,2026-05-11 20:07:43.600000+00:00,52.1819878,21.1351705,85.5,34.7,-0.113,0.007,0.969,0,34.80989852125639,,341.39411760167053,-1.0,5.0,52.184309,21.131893,23.0
7275,2026-05-11 20:07:44.100000+00:00,52.1820213,21.1351267,85.6,34.55,-0.114,0.01,0.944,0,34.374759624644696,,336.6233002147333,-1.0,5.0,52.184309,21.131893,23.0
7280,2026-05-11 20:07:44.600000+00:00,52.1820536,21.1350822,85.7,34.0,-0.117,0.01,0.981,0,33.85125578427803,,331.92211780121085,-1.0,5.0,52.184309,21.131893,23.0
7285,2026-05-11 20:07:45.100000+00:00,52.1820848,21.1350389,85.8,33.71,-0.115,0.004,0.963,0,32.79856847725598,,327.3669570772026,-1.0,5.0,52.184309,21.131893,23.0
7290,2026-05-11 20:07:45.600000+00:00,52.182117,21.1349965,85.9,33.27,-0.129,0.01,0.955,0,33.13300781830236,,322.76803502074733,-1.0,5.0,52.184309,21.131893,23.0
7295,2026-05-11 20:07:46.100000+00:00,52.182149,21.1349557,85.9,32.49,-0.14,0.009,0.963,0,32.5190235708729,,318.2575444152483,-1.0,5.0,52.184309,21.131893,23.0
7300,2026-05-11 20:07:46.600000+00:00,52.1821803,21.1349158,85.8,32.04,-0.128,0.008,0.964,0,31.805393919185025,,313.8462260422714,-1.0,5.0,52.184309,21.131893,23.0
7305,2026-05-11 20:07:47.100000+00:00,52.1822114,21.1348763,85.8,31.78,-0.116,0.0,0.969,0,31.558357419291728,,309.4697680314864,-1.0,5.0,52.184309,21.131893,23.0
7310,2026-05-11 20:07:47.600000+00:00,52.1822423,21.1348368,85.9,31.73,-0.1,0.004,0.978,0,31.432171759901088,,305.110252410195,-1.0,5.0,52.184309,21.131893,23.0
7315,2026-05-11 20:07:48.100000+00:00,52.182273,21.1347978,85.8,31.74,-0.093,0.006,0.969,0,31.15487052081127,,300.79009698482434,-1.0,5.0,52.184309,21.131893,23.0
7320,2026-05-11 20:07:48.600000+00:00,52.1823036,21.1347584,85.8,31.64,-0.098,0.007,0.958,0,31.21303054535455,,296.4605364469176,-1.0,5.0,52.184309,21.131893,23.0
7325,2026-05-11 20:07:49.100000+00:00,52.1823342,21.1347187,85.8,31.57,-0.098,0.005,0.974,0,31.304489567327728,,292.1176535879293,-1.0,5.0,52.184309,21.131893,23.0
7330,2026-05-11 20:07:49.600000+00:00,52.1823652,21.1346795,85.8,31.92,-0.084,-0.007,0.967,0,31.404737578567342,,287.7640134702903,-1.0,5.0,52.184309,21.131893,23.0
7335,2026-05-11 20:07:50.100000+00:00,52.182396,21.1346397,85.8,32.12,-0.089,0.008,0.965,0,31.460400665675223,,283.4002835587152,-1.0,5.0,52.184309,21.131893,23.0
7340,2026-05-11 20:07:50.600000+00:00,52.1824272,21.1346001,85.8,32.53,-0.086,-0.008,0.971,0,31.651628495305747,,279.0123955474664,-1.0,5.0,52.184309,21.131893,23.0
7345,2026-05-11 20:07:51.100000+00:00,52.1824588,21.1345605,85.8,32.47,-0.086,0.005,0.964,0,31.9049544235946,,274.5914438421205,-1.0,5.0,52.184309,21.131893,23.0
7350,2026-05-11 20:07:51.600000+00:00,52.1824907,21.1345198,85.8,32.61,-0.095,-0.003,0.972,0,32.42562311820962,,270.09613096162576,-1.0,5.0,52.184309,21.131893,23.0
7355,2026-05-11 20:07:52.100000+00:00,52.1825229,21.1344791,85.8,32.9,-0.103,0.003,0.972,0,32.615122778754746,,265.57615122044035,-1.0,5.0,52.184309,21.131893,23.0
7360,2026-05-11 20:07:52.600000+00:00,52.182555,21.1344388,85.8,32.58,-0.11,0.009,0.958,0,32.431724830306024,,261.0829521104765,-1.0,5.0,52.184309,21.131893,23.0
7365,2026-05-11 20:07:53.100000+00:00,52.1825871,21.1343994,85.8,32.26,-0.117,0.008,0.966,0,32.16413164120971,,256.6310003953928,-1.0,5.0,52.184309,21.131893,23.0
7370,2026-05-11 20:07:53.600000+00:00,52.182618,21.13436,85.9,31.82,-0.113,0.021,0.961,0,31.40181221699577,,252.27902877258967,-1.0,5.0,52.184309,21.131893,23.0
7375,2026-05-11 20:07:54.100000+00:00,52.182649,21.1343213,86.0,31.54,-0.112,0.012,0.967,0,31.254871999002265,,247.95097220466303,-1.0,5.0,52.184309,21.131893,23.0
7380,2026-05-11 20:07:54.600000+00:00,52.1826799,21.1342825,86.1,31.58,-0.105,0.016,0.955,0,31.221250130394207,,243.62708471358735,-1.0,5.0,52.184309,21.131893,23.0
7385,2026-05-11 20:07:55.100000+00:00,52.182711,21.1342439,86.1,31.62,-0.102,-0.009,0.96,0,31.28871556464489,,239.296265085071,-1.0,5.0,52.184309,21.131893,23.0
7390,2026-05-11 20:07:55.600000+00:00,52.1827421,21.1342049,86.2,31.73,-0.118,0.01,0.992,0,31.40800703100649,,234.9476985607533,-1.0,5.0,52.184309,21.131893,23.0
7395,2026-05-11 20:07:56.100000+00:00,52.182773,21.134166,86.3,31.37,-0.109,0.013,0.967,0,31.25119628405987,,230.6207005739654,-1.0,5.0,52.184309,21.131893,23.0
7400,2026-05-11 20:07:56.600000+00:00,52.1828039,21.1341269,86.4,31.13,-0.114,0.02,0.957,0,31.311273897454605,,226.28504142047893,-1.0,5.0,52.184309,21.131893,23.0
7405,2026-05-11 20:07:57.100000+00:00,52.1828345,21.1340883,86.4,30.84,-0.122,0.007,0.965,0,30.971082069678676,,221.99751716676627,-1.0,5.0,52.184309,21.131893,23.0
7410,2026-05-11 20:07:57.600000+00:00,52.1828647,21.1340505,86.5,30.37,-0.125,0.018,0.969,0,30.477716168434327,,217.7801856107013,-1.0,5.0,52.184309,21.131893,23.0
7415,2026-05-11 20:07:58.100000+00:00,52.1828946,21.1340129,86.6,30.01,-0.125,0.01,0.96,0,30.22747607784554,,213.59726457452103,-1.0,5.0,52.184309,21.131893,23.0
7420,2026-05-11 20:07:58.600000+00:00,52.1829239,21.1339755,86.6,29.65,-0.114,0.015,0.962,0,29.7878874359139,,209.47325242574425,-1.0,5.0,52.184309,21.131893,23.0
7425,2026-05-11 20:07:59.100000+00:00,52.1829529,21.1339382,86.7,29.52,-0.115,0.03,0.961,0,29.56868747246953,,205.37889282776345,-1.0,5.0,52.184309,21.131893,23.0
7430,2026-05-11 20:07:59.600000+00:00,52.1829816,21.1339016,86.8,28.71,-0.125,0.035,0.989,0,29.167559349492027,,201.34195335048,-1.0,5.0,52.184309,21.131893,23.0
7435,2026-05-11 20:08:00.100000+00:00,52.1830099,21.1338655,86.8,28.76,-0.113,0.016,0.957,0,28.76409141568527,,197.36137589745653,-1.0,5.0,52.184309,21.131893,23.0
7440,2026-05-11 20:08:00.600000+00:00,52.1830379,21.13383,86.8,28.49,-0.119,0.018,0.97,0,28.393568665126544,,193.43369705319617,-1.0,5.0,52.184309,21.131893,23.0
7445,2026-05-11 20:08:01.100000+00:00,52.1830665,21.1337961,86.7,28.02,-0.123,0.018,0.966,0,28.305559910869427,,189.5326785011001,-1.0,5.0,52.184309,21.131893,23.0
7450,2026-05-11 20:08:01.600000+00:00,52.1830939,21.1337614,86.8,26.98,-0.12,0.015,0.965,0,27.773290160374582,,185.69256877999183,-1.0,5.0,52.184309,21.131893,23.0
7455,2026-05-11 20:08:02.100000+00:00,52.1831205,21.1337275,86.8,26.96,-0.125,0.008,0.959,0,27.0266794003797,,181.95529130184093,-1.0,5.0,52.184309,21.131893,23.0
7460,2026-05-11 20:08:02.600000+00:00,52.1831471,21.1336945,86.8,26.47,-0.125,0.005,0.972,0,26.756916373665675,,178.26097627029955,-1.0,5.0,52.184309,21.131893,23.0
7465,2026-05-11 20:08:03.100000+00:00,52.1831733,21.1336626,86.8,26.02,-0.121,0.012,0.962,0,26.176183865501603,,174.65155725296117,-1.0,5.0,52.184309,21.131893,23.0
7470,2026-05-11 20:08:03.600000+00:00,52.1831987,21.1336307,86.8,25.39,-0.122,0.024,0.978,0,25.66579911055925,,171.10742182550408,-1.0,5.0,52.184309,21.131893,23.0
7475,2026-05-11 20:08:04.100000+00:00,52.1832234,21.1335991,86.8,25.11,-0.114,0.009,0.958,0,25.13292518809152,,167.63439739584084,-1.0,5.0,52.184309,21.131893,23.0
7480,2026-05-11 20:08:04.600000+00:00,52.183248,21.133568,86.9,24.38,-0.134,0.017,0.978,0,24.918858035522437,,164.19382047524778,-1.0,5.0,52.184309,21.131893,23.0
7485,2026-05-11 20:08:05.100000+00:00,52.1832718,21.133538,86.9,23.44,-0.145,0.019,0.962,0,24.081857818090118,,160.87017708786288,-1.0,5.0,52.184309,21.131893,23.0
7490,2026-05-11 20:08:05.600000+00:00,52.183295,21.1335091,87.0,23.02,-0.125,0.009,0.959,0,23.371957548405867,,157.64755744765196,-1.0,5.0,52.184309,21.131893,23.0
7495,2026-05-11 20:08:06.100000+00:00,52.1833177,21.1334808,87.0,22.44,-0.126,0.012,0.963,0,22.87505572713679,,154.49425214201986,-1.0,5.0,52.184309,21.131893,23.0
7500,2026-05-11 20:08:06.600000+00:00,52.1833396,21.1334525,87.1,22.12,-0.126,0.03,0.968,0,22.369584635964458,,151.40526221069177,-1.0,5.0,52.184309,21.131893,23.0
7505,2026-05-11 20:08:07.100000+00:00,52.1833608,21.1334247,87.1,21.76,-0.104,0.007,0.969,0,21.778457014219764,,148.39630874350422,-1.0,5.0,52.184309,21.131893,23.0
7510,2026-05-11 20:08:07.600000+00:00,52.1833822,21.1333965,87.1,22.23,-0.07,0.0,0.971,0,22.02633868204892,,145.35301386993893,-1.0,5.0,52.184309,21.131893,23.0
7515,2026-05-11 20:08:08.100000+00:00,52.1834045,21.1333678,87.2,22.9,-0.062,-0.008,0.973,0,22.742558510003743,,142.21551923014997,-1.0,5.0,52.184309,21.131893,23.0
7520,2026-05-11 20:08:08.600000+00:00,52.1834279,21.1333382,87.3,23.71,-0.046,-0.008,0.977,0,23.70840326898202,,138.94922272609475,-1.0,5.0,52.184309,21.131893,23.0
7525,2026-05-11 20:08:09.100000+00:00,52.1834521,21.1333078,87.3,24.8,-0.031,-0.006,0.974,0,24.45531221401373,,135.58288993815515,-1.0,5.0,52.184309,21.131893,23.0
7530,2026-05-11 20:08:09.600000+00:00,52.1834774,21.133276,87.3,26.01,-0.03,-0.014,0.968,0,25.572359097246053,,132.06431373963665,-1.0,5.0,52.184309,21.131893,23.0
7535,2026-05-11 20:08:10.100000+00:00,52.1835037,21.1332421,87.2,27.21,-0.03,-0.008,0.965,0,26.837743867186003,,128.36740820337056,-1.0,5.0,52.184309,21.131893,23.0
7540,2026-05-11 20:08:10.600000+00:00,52.1835311,21.1332068,87.2,28.3,-0.038,-0.004,0.981,0,27.954790122144324,,124.51869494191467,-1.0,5.0,52.184309,21.131893,23.0
7545,2026-05-11 20:08:11.100000+00:00,52.1835594,21.1331693,87.2,29.67,-0.038,-0.013,0.964,0,29.192357795393644,,120.49461008862234,-1.0,5.0,52.184309,21.131893,23.0
7550,2026-05-11 20:08:11.600000+00:00,52.1835885,21.133132,87.0,30.15,-0.073,-0.004,0.972,0,29.63143108481217,,116.4212896863416,-1.0,5.0,52.184309,21.131893,23.0
7555,2026-05-11 20:08:12.100000+00:00,52.1836179,21.1330949,86.9,30.06,-0.111,0.016,0.977,0,29.76045593911432,,112.3381646566258,-1.0,5.0,52.184309,21.131893,23.0
7560,2026-05-11 20:08:12.600000+00:00,52.183647,21.1330577,86.7,30.07,-0.101,0.01,0.957,0,29.601109413528302,,108.2765317540664,-1.0,5.0,52.184309,21.131893,23.0
7565,2026-05-11 20:08:13.100000+00:00,52.1836759,21.13302,86.6,30.12,-0.095,0.012,0.975,0,29.627925312505464,,104.2086747415202,-1.0,5.0,52.184309,21.131893,23.0
7570,2026-05-11 20:08:13.600000+00:00,52.1837051,21.132982,86.5,30.38,-0.065,-0.007,0.948,0,29.907486047061678,,100.1071243972955,-1.0,5.0,52.184309,21.131893,23.0
7575,2026-05-11 20:08:14.100000+00:00,52.1837349,21.1329436,86.3,30.74,-0.077,0.002,0.981,0,30.405774873675405,,95.94531592828012,-1.0,5.0,52.184309,21.131893,23.0
7580,2026-05-11 20:08:14.600000+00:00,52.1837647,21.132905,86.2,30.7,-0.116,0.014,0.953,0,30.466726530498565,,91.7788505539479,-1.0,5.0,52.184309,21.131893,23.0
7585,2026-05-11 20:08:15.100000+00:00,52.1837945,21.1328668,86.1,30.45,-0.127,0.013,0.954,0,30.34499495343192,,87.6392763678422,-1.0,5.0,52.184309,21.131893,23.0
7590,2026-05-11 20:08:15.600000+00:00,52.1838238,21.1328292,86.1,29.96,-0.133,0.023,0.979,0,29.848265611428555,,83.57433860715182,-1.0,5.0,52.184309,21.131893,23.0
7595,2026-05-11 20:08:16.100000+00:00,52.1838529,21.1327924,86.1,29.42,-0.117,0.018,0.953,0,29.480336780316254,23.0,79.57393135450243,-1.0,5.0,52.184309,21.131893,23.0
7600,2026-05-11 20:08:16.600000+00:00,52.1838822,21.1327558,86.1,29.9,-0.088,0.006,0.967,0,29.54723443506856,23.0,75.58024617116256,-1.0,5.0,52.184309,21.131893,23.0
7605,2026-05-11 20:08:17.100000+00:00,52.1839116,21.1327187,86.1,29.95,-0.085,0.012,0.969,0,29.76038233925341,23.0,71.56533448581175,-1.0,5.0,52.184309,21.131893,23.0
7610,2026-05-11 20:08:17.600000+00:00,52.1839413,21.1326808,86.1,30.27,-0.093,0.007,0.973,0,30.191085070988045,23.0,67.50111060823617,-1.0,5.0,52.184309,21.131893,23.0
7615,2026-05-11 20:08:18.100000+00:00,52.1839709,21.1326426,86.1,30.16,-0.118,0.012,0.971,0,30.219219915769163,23.0,63.44378626474515,-1.0,5.0,52.184309,21.131893,23.0
7620,2026-05-11 20:08:18.600000+00:00,52.1840001,21.1326047,86.1,29.66,-0.123,0.01,0.963,0,29.87681797569903,23.0,59.448278058836,-1.0,5.0,52.184309,21.131893,23.0
7625,2026-05-11 20:08:19.100000+00:00,52.1840291,21.1325677,86.1,29.41,-0.124,0.021,0.97,0,29.47745169609882,23.0,55.538673947537085,-1.0,5.0,52.184309,21.131893,23.0
7630,2026-05-11 20:08:19.600000+00:00,52.1840577,21.1325307,86.2,29.29,-0.111,0.013,0.952,0,29.22587682676268,23.0,51.68169861803035,-1.0,5.0,52.184309,21.131893,23.0
7635,2026-05-11 20:08:20.100000+00:00,52.1840862,21.1324948,86.2,28.89,-0.121,0.017,0.977,0,28.830008348265068,23.0,47.928115277349846,-1.0,5.0,52.184309,21.131893,23.0
7640,2026-05-11 20:08:20.600000+00:00,52.1841143,21.1324587,86.2,28.76,-0.128,0.013,0.967,0,28.63786409827816,23.0,44.22837739529638,-1.0,5.0,52.184309,21.131893,23.0
7645,2026-05-11 20:08:21.100000+00:00,52.1841423,21.1324237,86.2,28.36,-0.116,0.014,0.961,0,28.243335971908117,23.0,40.65302712596735,-1.0,5.0,52.184309,21.131893,23.0
7650,2026-05-11 20:08:21.600000+00:00,52.1841699,21.1323891,86.1,28.24,-0.125,0.012,0.977,0,27.86974027243786,23.0,37.19113933202322,-1.0,5.0,52.184309,21.131893,23.0
7655,2026-05-11 20:08:22.100000+00:00,52.184197,21.1323547,86.1,27.77,-0.129,-0.022,0.956,0,27.493026238859265,23.0,33.85113447881237,-1.0,5.0,52.184309,21.131893,23.0
7660,2026-05-11 20:08:22.600000+00:00,52.1842251,21.1323225,86.1,27.74,-0.131,-0.063,0.965,0,27.49441755218438,23.0,30.731964077365717,-1.0,5.0,52.184309,21.131893,23.0
7665,2026-05-11 20:08:23.100000+00:00,52.1842537,21.132292,86.1,27.33,-0.139,-0.043,0.978,0,27.35746506772133,23.0,27.888666751847342,-1.0,5.0,52.184309,21.131893,23.0
7670,2026-05-11 20:08:23.600000+00:00,52.1842826,21.1322634,86.1,27.17,-0.138,-0.028,0.953,0,27.06345698327656,23.0,25.422530021032504,-1.0,5.0,52.184309,21.131893,23.0
7675,2026-05-11 20:08:24.100000+00:00,52.1843114,21.1322354,86.2,26.53,-0.134,-0.003,0.969,0,26.843050055151448,23.0,23.345060421118063,-1.0,5.0,52.184309,21.131893,23.0
7680,2026-05-11 20:08:24.600000+00:00,52.1843398,21.1322077,86.2,26.3,-0.125,-0.004,0.944,0,26.49259303890474,23.0,21.726673164460717,-1.0,5.0,52.184309,21.131893,23.0
7685,2026-05-11 20:08:25.100000+00:00,52.1843681,21.1321809,86.3,25.71,-0.135,-0.007,0.967,0,26.199318623208452,23.0,20.69882591106191,-1.0,5.0,52.184309,21.131893,23.0
7690,2026-05-11 20:08:25.600000+00:00,52.1843953,21.1321548,86.4,24.48,-0.191,0.039,0.972,0,25.265602756928224,23.0,20.264625978130667,-1.0,5.0,52.184309,21.131893,23.0
7695,2026-05-11 20:08:26.100000+00:00,52.1844202,21.1321292,86.5,23.06,-0.179,0.042,0.952,0,23.56512167958132,23.0,20.30278937572041,-1.0,5.0,52.184309,21.131893,23.0
7700,2026-05-11 20:08:26.600000+00:00,52.184444,21.1321039,86.6,22.42,-0.137,0.026,0.967,0,22.744206387171506,23.0,20.78644488410769,-1.0,5.0,52.184309,21.131893,23.0
7705,2026-05-11 20:08:27.100000+00:00,52.1844668,21.1320791,86.7,21.61,-0.142,0.048,0.964,0,21.94069141453324,23.0,21.653087611619465,-1.0,5.0,52.184309,21.131893,23.0
7710,2026-05-11 20:08:27.600000+00:00,52.1844883,21.1320542,86.7,20.68,-0.151,0.05,0.959,0,21.111089210638617,23.0,22.76562517159121,-1.0,5.0,52.184309,21.131893,23.0
7715,2026-05-11 20:08:28.100000+00:00,52.1845089,21.1320293,86.8,19.93,-0.145,0.033,0.967,0,20.527828616960388,23.0,24.092045638298803,-1.0,5.0,52.184309,21.131893,23.0
7720,2026-05-11 20:08:28.600000+00:00,52.1845287,21.1320058,86.8,19.41,-0.139,0.039,0.954,0,19.6048165461622,23.0,25.61136032324974,-1.0,5.0,52.184309,21.131893,23.0
7725,2026-05-11 20:08:29.100000+00:00,52.1845474,21.1319823,86.9,18.5,-0.157,0.024,0.958,0,18.899836240544083,23.0,27.198996597498382,-1.0,5.0,52.184309,21.131893,23.0
7730,2026-05-11 20:08:29.600000+00:00,52.1845656,21.1319601,87.0,17.75,-0.153,0.01,0.978,0,18.195138698653047,23.0,28.8970130571045,-1.0,5.0,52.184309,21.131893,23.0
7735,2026-05-11 20:08:30.100000+00:00,52.1845831,21.1319393,87.1,16.59,-0.162,0.01,0.943,0,17.336092235389735,23.0,30.64154949449399,-1.0,5.0,52.184309,21.131893,23.0
7740,2026-05-11 20:08:30.600000+00:00,52.184599,21.1319203,87.2,14.89,-0.198,0.03,0.966,0,15.78053249878348,23.0,32.300196552981035,-1.0,5.0,52.184309,21.131893,23.0
7745,2026-05-11 20:08:31.100000+00:00,52.1846132,21.1319028,87.3,13.4,-0.185,0.04,0.953,0,14.249033964262404,23.0,33.8320944742628,-1.0,5.0,52.184309,21.131893,23.0
7750,2026-05-11 20:08:31.600000+00:00,52.1846257,21.131887,87.4,11.79,-0.203,0.042,0.954,0,12.661017822559328,23.0,35.21780894588901,-1.0,5.0,52.184309,21.131893,23.0
7755,2026-05-11 20:08:32.100000+00:00,52.1846363,21.1318738,87.5,9.78,-0.217,0.024,0.954,0,10.677163486063971,23.0,36.41763175229273,-1.0,5.0,52.184309,21.131893,23.0
7760,2026-05-11 20:08:32.600000+00:00,52.1846446,21.1318629,87.5,7.62,-0.229,0.028,0.96,0,8.531309210089255,23.0,37.37339809949918,-1.0,5.0,52.184309,21.131893,23.0
7765,2026-05-11 20:08:33.100000+00:00,52.184651,21.1318553,87.6,5.39,-0.228,0.04,0.967,0,6.338071194475578,23.0,38.11542279306999,-1.0,5.0,52.184309,21.131893,23.0
7770,2026-05-11 20:08:33.600000+00:00,52.184655,21.1318496,87.7,3.42,-0.23,0.034,0.96,0,4.252513136155468,23.0,38.58705291113232,-1.0,5.0,52.184309,21.131893,23.0
7775,2026-05-11 20:08:34.100000+00:00,52.1846567,21.1318467,87.8,1.1,-0.223,0.034,0.963,0,1.969458609401739,23.0,38.791117990246775,-1.0,5.0,52.184309,21.131893,23.0
7780,2026-05-11 20:08:34.600000+00:00,52.1846566,21.1318465,87.9,0.61,-0.156,0.013,0.973,0,0.1266790942664344,23.0,38.78114761729677,-1.0,5.0,52.184309,21.131893,23.0
7785,2026-05-11 20:08:35.100000+00:00,52.1846566,21.1318462,88.0,0.07,-0.102,0.005,0.967,0,0.1472594725558544,23.0,38.78282489596644,-1.0,5.0,52.184309,21.131893,23.0
7790,2026-05-11 20:08:35.600000+00:00,52.1846566,21.1318459,88.1,0.09,-0.101,0.003,0.967,0,0.1472594709946317,23.0,38.7845128877393,-1.0,5.0,52.184309,21.131893,23.0
7795,2026-05-11 20:08:36.100000+00:00,52.1846566,21.1318457,88.1,0.08,-0.101,0.005,0.973,0,0.0981729801426802,23.0,38.78564416662535,-1.0,5.0,52.184309,21.131893,23.0
7800,2026-05-11 20:08:36.600000+00:00,52.1846565,21.1318455,88.2,0.15,-0.105,0.004,0.972,0,0.1266790944375281,23.0,38.77569954846352,-1.0,5.0,52.184309,21.131893,23.0
7805,2026-05-11 20:08:37.100000+00:00,52.1846565,21.1318452,88.2,0.06,-0.102,0.006,0.972,0,0.147259471325792,23.0,38.77741302155355,-1.0,5.0,52.184309,21.131893,23.0
7810,2026-05-11 20:08:37.600000+00:00,52.1846565,21.1318447,88.3,0.06,-0.101,0.009,0.972,0,0.2454324532504684,23.0,38.78029261254693,-1.0,5.0,52.184309,21.131893,23.0
7815,2026-05-11 20:08:38.100000+00:00,52.1846564,21.1318443,88.3,0.15,-0.101,0.005,0.972,0,0.2120410226729991,23.0,38.77153904576775,-1.0,5.0,52.184309,21.131893,23.0
7820,2026-05-11 20:08:38.600000+00:00,52.1846563,21.131844,88.3,0.09,-0.103,0.005,0.972,0,0.1676156668472405,23.0,38.76221772466883,-1.0,5.0,52.184309,21.131893,23.0
7825,2026-05-11 20:08:39.100000+00:00,52.1846562,21.1318438,88.3,0.23,-0.101,0.005,0.974,0,0.1266790961607158,23.0,38.7523174463463,-1.0,5.0,52.184309,21.131893,23.0
7830,2026-05-11 20:08:39.600000+00:00,52.1846561,21.1318435,88.3,0.04,-0.104,0.005,0.975,0,0.167615667429125,23.0,38.74301587875054,-1.0,5.0,52.184309,21.131893,23.0
7835,2026-05-11 20:08:40.100000+00:00,52.1846561,21.131843,88.4,0.03,-0.101,0.006,0.973,0,0.2454324538969805,23.0,38.74599999205176,-1.0,5.0,52.184309,21.131893,23.0
7840,2026-05-11 20:08:40.600000+00:00,52.1846562,21.1318428,88.4,0.01,-0.098,0.008,0.972,0,0.1266790983404719,23.0,38.75827801478391,-1.0,5.0,52.184309,21.131893,23.0
7845,2026-05-11 20:08:41.100000+00:00,52.1846563,21.1318428,88.4,0.0,-0.101,0.007,0.973,0,0.0800603454635506,23.0,38.76935408379726,-1.0,5.0,52.184309,21.131893,23.0
7850,2026-05-11 20:08:41.600000+00:00,52.1846563,21.1318426,88.4,0.08,-0.101,0.005,0.972,0,0.0981729823662233,23.0,38.77056013301803,-1.0,5.0,52.184309,21.131893,23.0
7855,2026-05-11 20:08:42.100000+00:00,52.1846564,21.1318425,88.4,0.22,-0.101,0.008,0.974,0,0.0939102933078971,23.0,38.78224051915971,-1.0,5.0,52.184309,21.131893,23.0
7860,2026-05-11 20:08:42.600000+00:00,52.1846564,21.1318423,88.4,0.03,-0.101,0.004,0.969,0,0.0981729821454499,23.0,38.783453358282166,-1.0,5.0,52.184309,21.131893,23.0
7865,2026-05-11 20:08:43.100000+00:00,52.1846565,21.131842,88.4,0.07,-0.101,0.007,0.972,0,0.1676156641237963,23.0,38.79635626735914,-1.0,5.0,52.184309,21.131893,23.0
7870,2026-05-11 20:08:43.600000+00:00,52.1846565,21.1318418,88.4,0.05,-0.101,0.006,0.974,0,0.0981729803634537,23.0,38.79758064521814,-1.0,5.0,52.184309,21.131893,23.0
7875,2026-05-11 20:08:44.100000+00:00,52.1846565,21.1318413,88.4,0.09,-0.1,0.003,0.972,0,0.2454324516892457,23.0,38.80066238422694,-1.0,5.0,52.184309,21.131893,23.0
7880,2026-05-11 20:08:44.600000+00:00,52.1846565,21.131841,88.4,0.02,-0.104,0.004,0.974,0,0.147259471325792,23.0,38.80252568435409,-1.0,5.0,52.184309,21.131893,23.0
7885,2026-05-11 20:08:45.100000+00:00,52.1846564,21.1318407,88.4,0.06,-0.097,0.004,0.971,0,0.1676156641237963,23.0,38.79332723773695,-1.0,5.0,52.184309,21.131893,23.0
7890,2026-05-11 20:08:45.600000+00:00,52.1846564,21.1318405,88.4,0.08,-0.103,0.005,0.971,0,0.0981729821454499,23.0,38.79458286170063,-1.0,5.0,52.184309,21.131893,23.0
7895,2026-05-11 20:08:46.100000+00:00,52.1846563,21.1318402,88.4,0.13,-0.1,0.003,0.973,0,0.1676156668472405,23.0,38.78540369421165,-1.0,5.0,52.184309,21.131893,23.0
7900,2026-05-11 20:08:46.600000+00:00,52.1846564,21.13184,88.4,0.04,-0.101,0.002,0.967,0,0.1266790979982846,23.0,38.79774270874828,-1.0,5.0,52.184309,21.131893,23.0
7905,2026-05-11 20:08:47.100000+00:00,52.1846563,21.1318398,88.5,0.15,-0.099,0.006,0.97,0,0.1266790979982846,23.0,38.7879441736662,-1.0,5.0,52.184309,21.131893,23.0
7910,2026-05-11 20:08:47.600000+00:00,52.1846563,21.1318393,88.5,0.09,-0.097,0.001,0.969,0,0.2454324543543357,23.0,38.79114649858049,-1.0,5.0,52.184309,21.131893,23.0
7915,2026-05-11 20:08:48.100000+00:00,52.1846568,21.1318383,88.5,0.86,-0.058,-0.008,0.973,0,0.6333954810445922,23.0,38.85298060533134,-1.0,5.0,52.184309,21.131893,23.0
7920,2026-05-11 20:08:48.600000+00:00,52.1846582,21.1318362,88.5,1.66,-0.058,-0.003,0.974,0,1.5227854082694945,23.0,39.02188509817376,-1.0,5.0,52.184309,21.131893,23.0
7925,2026-05-11 20:08:49.100000+00:00,52.1846605,21.1318329,88.5,2.71,-0.039,-0.004,0.979,0,2.4524756758603425,23.0,39.29919856047001,-1.0,5.0,52.184309,21.131893,23.0
7930,2026-05-11 20:08:49.600000+00:00,52.1846642,21.1318277,88.5,4.41,-0.02,-0.002,0.979,0,3.910251302281324,23.0,39.74654608726798,-1.0,5.0,52.184309,21.131893,23.0
7935,2026-05-11 20:08:50.100000+00:00,52.1846692,21.1318201,88.5,6.07,-0.009,-0.009,0.979,0,5.471866094061173,23.0,40.35959502284737,-1.0,5.0,52.184309,21.131893,23.0
7940,2026-05-11 20:08:50.600000+00:00,52.1846759,21.1318096,88.5,8.08,0.01,-0.008,0.983,0,7.438917732086048,23.0,41.19172869221441,-1.0,5.0,52.184309,21.131893,23.0
7945,2026-05-11 20:08:51.100000+00:00,52.1846845,21.1317964,88.5,10.03,0.018,-0.014,0.976,0,9.45455635832852,23.0,42.26989154377292,-1.0,5.0,52.184309,21.131893,23.0
7950,2026-05-11 20:08:51.600000+00:00,52.1846951,21.1317792,88.5,12.5,0.023,-0.003,0.985,0,11.97083894471604,23.0,43.6277515907994,-1.0,5.0,52.184309,21.131893,23.0
7955,2026-05-11 20:08:52.100000+00:00,52.1847078,21.1317594,88.5,15.02,0.035,-0.011,0.98,0,14.065653026060875,23.0,45.27028929135821,-1.0,5.0,52.184309,21.131893,23.0
7960,2026-05-11 20:08:52.600000+00:00,52.184723,21.131737,88.4,17.36,0.033,-0.029,0.965,0,16.400813760118933,23.0,47.24728723712781,-1.0,5.0,52.184309,21.131893,23.0
7965,2026-05-11 20:08:53.100000+00:00,52.1847404,21.1317103,88.3,19.92,0.034,-0.022,0.984,0,19.126628906470923,23.0,49.560240184162616,-1.0,5.0,52.184309,21.131893,23.0
7970,2026-05-11 20:08:53.600000+00:00,52.1847596,21.13168,88.2,22.24,0.008,-0.016,0.99,0,21.389179994786133,23.0,52.16634069521886,-1.0,5.0,52.184309,21.131893,23.0
7975,2026-05-11 20:08:54.100000+00:00,52.1847809,21.1316478,88.1,24.11,-0.014,-0.035,0.954,0,23.251310536492426,23.0,55.0713396041218,-1.0,5.0,52.184309,21.131893,23.0
7980,2026-05-11 20:08:54.600000+00:00,52.1848041,21.131614,88.1,25.17,-0.034,-0.054,0.985,0,24.905036655098197,23.0,58.24594670581903,-1.0,5.0,52.184309,21.131893,23.0
7985,2026-05-11 20:08:55.100000+00:00,52.184829,21.1315791,88.1,26.59,-0.034,-0.028,0.961,0,26.28460903667931,23.0,61.65457413659797,-1.0,5.0,52.184309,21.131893,23.0
7990,2026-05-11 20:08:55.600000+00:00,52.1848555,21.1315429,88.1,28.13,-0.031,-0.042,0.968,0,27.674248687992023,23.0,65.28744970110112,-1.0,5.0,52.184309,21.131893,23.0
7995,2026-05-11 20:08:56.100000+00:00,52.1848831,21.1315044,88.2,29.5,-0.04,-0.035,0.978,0,29.07584012410801,23.0,69.11619320423908,-1.0,5.0,52.184309,21.131893,23.0
8000,2026-05-11 20:08:56.600000+00:00,52.1849125,21.131465,88.3,30.75,-0.036,-0.03,0.973,0,30.464074417145845,23.0,73.1755475518777,-1.0,5.0,52.184309,21.131893,23.0
8005,2026-05-11 20:08:57.100000+00:00,52.1849429,21.1314237,88.5,31.9,-0.048,0.007,0.975,0,31.67543606200548,23.0,77.40809557121132,-1.0,5.0,52.184309,21.131893,23.0
8010,2026-05-11 20:08:57.600000+00:00,52.1849742,21.1313806,88.5,33.1,-0.038,-0.018,0.965,0,32.7952724249175,,81.80114765927796,-1.0,5.0,52.184309,21.131893,23.0
8015,2026-05-11 20:08:58.100000+00:00,52.1850073,21.1313361,88.8,34.28,-0.051,-0.037,0.962,0,34.34209482245908,,86.43273216791971,-1.0,5.0,52.184309,21.131893,23.0
8020,2026-05-11 20:08:58.600000+00:00,52.1850414,21.131291,88.9,35.51,-0.048,-0.005,0.983,0,35.14832620254851,,91.1962835376043,-1.0,5.0,52.184309,21.131893,23.0
8025,2026-05-11 20:08:59.100000+00:00,52.1850762,21.1312449,89.0,36.22,-0.061,-0.003,0.958,0,35.89278414255122,,96.07217784972954,-1.0,5.0,52.184309,21.131893,23.0
8030,2026-05-11 20:08:59.600000+00:00,52.1851114,21.1311977,89.0,36.59,-0.072,-0.01,0.965,0,36.48240996507216,,101.0331930461342,-1.0,5.0,52.184309,21.131893,23.0
8035,2026-05-11 20:09:00.100000+00:00,52.185147,21.1311503,89.1,36.87,-0.091,0.0,0.992,0,36.79233864730101,,106.0498249212864,-1.0,5.0,52.184309,21.131893,23.0
8040,2026-05-11 20:09:00.600000+00:00,52.185183,21.1311032,89.1,37.71,-0.069,-0.015,0.95,0,36.94863794174764,,111.10395944221315,-1.0,5.0,52.184309,21.131893,23.0
8045,2026-05-11 20:09:01.100000+00:00,52.1852195,21.1310558,89.1,37.86,-0.083,-0.011,0.98,0,37.35326902763212,,116.22337453351489,-1.0,5.0,52.184309,21.131893,23.0
8050,2026-05-11 20:09:01.600000+00:00,52.1852564,21.1310082,89.1,38.32,-0.079,-0.015,0.96,0,37.66513602851999,,121.39398361202136,-1.0,5.0,52.184309,21.131893,23.0
8055,2026-05-11 20:09:02.100000+00:00,52.1852937,21.1309601,89.0,38.76,-0.077,-0.013,0.973,0,38.068549849002885,,126.6251586752776,-1.0,5.0,52.184309,21.131893,23.0
8060,2026-05-11 20:09:02.600000+00:00,52.1853317,21.1309118,89.0,39.15,-0.072,-0.002,0.968,0,38.5699909798272,,131.93480979603746,-1.0,5.0,52.184309,21.131893,23.0
8065,2026-05-11 20:09:03.100000+00:00,52.1853702,21.1308623,89.0,39.51,-0.072,-0.01,0.97,0,39.24840123283308,,137.33775598580323,-1.0,5.0,52.184309,21.131893,23.0
8070,2026-05-11 20:09:03.600000+00:00,52.1854091,21.1308127,88.9,39.8,-0.085,-0.014,0.97,0,39.53059569838181,,142.78598767424273,-1.0,5.0,52.184309,21.131893,23.0
8075,2026-05-11 20:09:04.100000+00:00,52.1854483,21.1307629,88.9,40.04,-0.09,-0.014,0.969,0,39.780330231311325,,148.27291326493523,-1.0,5.0,52.184309,21.131893,23.0
8080,2026-05-11 20:09:04.600000+00:00,52.1854876,21.1307123,89.0,40.17,-0.099,0.004,0.959,0,40.08562668345904,,153.80058206717246,-1.0,5.0,52.184309,21.131893,23.0
8085,2026-05-11 20:09:05.100000+00:00,52.1855273,21.1306619,89.0,40.53,-0.099,-0.011,0.959,0,40.277089302693575,,159.36164405101073,-1.0,5.0,52.184309,21.131893,23.0
8090,2026-05-11 20:09:05.600000+00:00,52.1855667,21.1306113,89.0,40.31,-0.111,0.001,0.979,0,40.148470397380606,,164.90386767960868,-1.0,5.0,52.184309,21.131893,23.0
8095,2026-05-11 20:09:06.100000+00:00,52.1856062,21.130561,88.9,40.49,-0.105,-0.002,0.976,0,40.120600693589445,,167.52861448994534,-1.0,5.0,52.18669,21.128854,22.0
8100,2026-05-11 20:09:06.600000+00:00,52.1856456,21.1305104,88.9,40.27,-0.111,-0.004,0.948,0,40.148443129701015,,161.98177847906004,-1.0,5.0,52.18669,21.128854,22.0
8105,2026-05-11 20:09:07.100000+00:00,52.1856851,21.1304605,88.9,39.93,-0.123,-0.004,0.968,0,40.00004580625039,,156.46248804990577,-1.0,5.0,52.18669,21.128854,22.0
8110,2026-05-11 20:09:07.600000+00:00,52.1857245,21.1304111,88.9,39.91,-0.108,0.009,0.965,0,39.786717095784105,,150.97773397477806,-1.0,5.0,52.18669,21.128854,22.0
8115,2026-05-11 20:09:08.100000+00:00,52.1857638,21.1303614,88.9,39.81,-0.102,0.004,0.978,0,39.81332011648801,,145.48952245958375,-1.0,5.0,52.18669,21.128854,22.0
8120,2026-05-11 20:09:08.600000+00:00,52.1858031,21.1303114,88.9,40.22,-0.088,0.0,0.953,0,39.90370668880572,,139.9900567045014,-1.0,5.0,52.18669,21.128854,22.0
8125,2026-05-11 20:09:09.100000+00:00,52.1858427,21.1302611,89.0,40.24,-0.092,0.004,0.977,0,40.183655349722535,,134.45613387881536,-1.0,5.0,52.18669,21.128854,22.0
8130,2026-05-11 20:09:09.600000+00:00,52.1858825,21.1302103,89.0,40.73,-0.085,0.0,0.978,0,40.46088093257776,,128.88633074003653,-1.0,5.0,52.18669,21.128854,22.0
8135,2026-05-11 20:09:10.100000+00:00,52.1859225,21.1301593,89.1,40.8,-0.09,0.0,0.963,0,40.647472487588615,,123.29581162139117,-1.0,5.0,52.18669,21.128854,22.0
8140,2026-05-11 20:09:10.600000+00:00,52.1859623,21.1301083,89.2,41.0,-0.1,0.0,0.967,0,40.52142740945706,,117.72582652909992,-1.0,5.0,52.18669,21.128854,22.0
8145,2026-05-11 20:09:11.100000+00:00,52.1860019,21.1300574,89.2,40.69,-0.107,0.0,0.975,0,40.3652239445139,,112.18178727244248,-1.0,5.0,52.18669,21.128854,22.0
8150,2026-05-11 20:09:11.600000+00:00,52.1860417,21.1300064,89.3,40.69,-0.111,0.001,0.953,0,40.52139979110201,,106.62419941930142,-1.0,5.0,52.18669,21.128854,22.0
8155,2026-05-11 20:09:12.100000+00:00,52.1860812,21.1299557,89.3,40.56,-0.103,-0.005,0.973,0,40.241561533978526,,101.11192920695656,-1.0,5.0,52.18669,21.128854,22.0
8160,2026-05-11 20:09:12.600000+00:00,52.1861209,21.1299053,89.2,40.69,-0.091,-0.003,0.962,0,40.276886457930765,,95.609190842256,-1.0,5.0,52.18669,21.128854,22.0
8165,2026-05-11 20:09:13.100000+00:00,52.1861605,21.1298544,89.2,40.74,-0.096,-0.003,0.969,0,40.365168787913085,,90.09915487187804,-1.0,5.0,52.18669,21.128854,22.0
8170,2026-05-11 20:09:13.600000+00:00,52.1862001,21.1298026,89.3,40.95,-0.088,-0.003,0.96,0,40.640067290538255,,84.55483321439625,-1.0,5.0,52.18669,21.128854,22.0
8175,2026-05-11 20:09:14.100000+00:00,52.18624,21.1297512,89.3,40.96,-0.102,-0.002,0.973,0,40.70571583707317,22.0,79.02466539885343,-1.0,5.0,52.18669,21.128854,22.0
8180,2026-05-11 20:09:14.600000+00:00,52.18628,21.1296999,89.3,40.81,-0.103,0.003,0.961,0,40.73820215622753,22.0,73.51172781309674,-1.0,5.0,52.18669,21.128854,22.0
8185,2026-05-11 20:09:15.100000+00:00,52.1863201,21.1296487,89.2,40.82,-0.106,0.003,0.963,0,40.770878970531776,22.0,68.02133930368717,-1.0,5.0,52.18669,21.128854,22.0
8190,2026-05-11 20:09:15.600000+00:00,52.18636,21.1295973,89.2,40.72,-0.113,0.0,0.979,0,40.70567363683233,22.0,62.56366138737292,-1.0,5.0,52.18669,21.128854,22.0
8195,2026-05-11 20:09:16.100000+00:00,52.1863999,21.1295463,89.2,40.82,-0.104,-0.005,0.944,0,40.58426104414562,22.0,57.16659986890683,-1.0,5.0,52.18669,21.128854,22.0
8200,2026-05-11 20:09:16.600000+00:00,52.1864399,21.1294963,89.1,40.38,-0.105,0.002,0.977,0,40.346853442334336,22.0,51.87215800257029,-1.0,5.0,52.18669,21.128854,22.0
8205,2026-05-11 20:09:17.100000+00:00,52.18648,21.1294456,89.1,40.96,-0.1,-0.007,0.971,0,40.62000376814032,22.0,46.60315869690554,-1.0,5.0,52.18669,21.128854,22.0
8210,2026-05-11 20:09:17.600000+00:00,52.1865207,21.1293953,89.2,40.9,-0.108,0.005,0.966,0,40.88183095463685,22.0,41.42632767646567,-1.0,5.0,52.18669,21.128854,22.0
8215,2026-05-11 20:09:18.100000+00:00,52.1865612,21.1293445,89.2,40.83,-0.1,-0.005,0.96,0,40.90345474046689,22.0,36.376682794092574,-1.0,5.0,52.18669,21.128854,22.0
8220,2026-05-11 20:09:18.600000+00:00,52.1866018,21.1292944,89.3,40.72,-0.119,-0.004,0.994,0,40.7587168636502,22.0,31.58447548903916,-1.0,5.0,52.18669,21.128854,22.0
8225,2026-05-11 20:09:19.100000+00:00,52.1866422,21.1292435,89.3,40.77,-0.098,-0.004,0.95,0,40.869978676127424,22.0,27.07996266530806,-1.0,5.0,52.18669,21.128854,22.0
8230,2026-05-11 20:09:19.600000+00:00,52.1866823,21.1291929,89.4,40.47,-0.108,0.006,0.957,0,40.589881549503446,22.0,23.11954332622313,-1.0,5.0,52.18669,21.128854,22.0
8235,2026-05-11 20:09:20.100000+00:00,52.1867222,21.1291427,89.4,40.34,-0.105,-0.001,0.972,0,40.343125508872255,22.0,20.00444424080417,-1.0,5.0,52.18669,21.128854,22.0
8240,2026-05-11 20:09:20.600000+00:00,52.1867618,21.1290926,89.3,40.19,-0.101,0.009,0.96,0,40.12310017966578,22.0,18.11967068627224,-1.0,5.0,52.18669,21.128854,22.0
8245,2026-05-11 20:09:21.100000+00:00,52.1868015,21.1290428,89.3,40.17,-0.107,-0.007,0.963,0,40.09643896294911,22.0,17.871147827554456,-1.0,5.0,52.18669,21.128854,22.0
8250,2026-05-11 20:09:21.600000+00:00,52.186841,21.1289936,89.2,39.68,-0.116,0.002,0.964,0,39.79019368972386,22.0,19.29998850821284,-1.0,5.0,52.18669,21.128854,22.0
8255,2026-05-11 20:09:22.100000+00:00,52.1868802,21.128944,89.2,39.67,-0.113,-0.003,0.975,0,39.71959983942876,22.0,22.021271787574047,-1.0,5.0,52.18669,21.128854,22.0
8260,2026-05-11 20:09:22.600000+00:00,52.1869192,21.128894,89.2,39.63,-0.106,0.002,0.979,0,39.71422007466629,22.0,25.631345947975884,-1.0,5.0,52.18669,21.128854,22.0
8265,2026-05-11 20:09:23.100000+00:00,52.1869583,21.1288445,89.2,39.83,-0.104,-0.004,0.941,0,39.62623135847527,22.0,29.84062755137646,-1.0,5.0,52.18669,21.128854,22.0
8270,2026-05-11 20:09:23.600000+00:00,52.1869972,21.1287949,89.2,39.63,-0.112,0.014,0.983,0,39.53006016943497,22.0,34.3958654976766,-1.0,5.0,52.18669,21.128854,22.0
8275,2026-05-11 20:09:24.100000+00:00,52.1870361,21.128746,89.2,39.25,-0.098,0.003,0.96,0,39.31937173927004,22.0,39.182517458554,-1.0,5.0,52.18669,21.128854,22.0
8280,2026-05-11 20:09:24.600000+00:00,52.1870746,21.1286973,89.2,39.08,-0.109,0.01,0.967,0,39.00595957410801,22.0,44.07960638398992,-1.0,5.0,52.18669,21.128854,22.0
8285,2026-05-11 20:09:25.100000+00:00,52.1871128,21.1286487,89.2,38.78,-0.103,0.012,0.956,0,38.78622306966422,22.0,49.05225481113048,-1.0,5.0,52.18669,21.128854,22.0
8290,2026-05-11 20:09:25.600000+00:00,52.1871513,21.1286004,89.2,38.76,-0.104,0.003,0.963,0,38.88592489785842,22.0,54.12936586737911,-1.0,5.0,52.18669,21.128854,22.0
8295,2026-05-11 20:09:26.100000+00:00,52.1871897,21.1285522,89.2,38.87,-0.103,0.007,0.972,0,38.79252849190766,22.0,59.250942635454926,-1.0,5.0,52.18669,21.128854,22.0
8300,2026-05-11 20:09:26.600000+00:00,52.1872282,21.1285038,89.1,38.84,-0.1,-0.01,0.972,0,38.91584400255756,22.0,64.43135592004548,-1.0,5.0,52.18669,21.128854,22.0
8305,2026-05-11 20:09:27.100000+00:00,52.1872666,21.1284554,89.1,38.97,-0.082,0.003,0.946,0,38.85245050878988,22.0,69.63567065282105,-1.0,5.0,52.18669,21.128854,22.0
8310,2026-05-11 20:09:27.600000+00:00,52.1873054,21.128407,89.1,39.27,-0.088,-0.002,0.974,0,39.106328875534615,22.0,74.90778447354678,-1.0,5.0,52.18669,21.128854,22.0
8315,2026-05-11 20:09:28.100000+00:00,52.1873441,21.1283577,89.1,39.42,-0.09,0.01,0.958,0,39.31310894204604,,80.21693690761008,-1.0,5.0,52.18669,21.128854,22.0
8320,2026-05-11 20:09:28.600000+00:00,52.1873836,21.1283088,89.1,39.91,-0.082,-0.003,0.97,0,39.70081906137127,,85.61337486235126,-1.0,5.0,52.18669,21.128854,22.0
8325,2026-05-11 20:09:29.100000+00:00,52.1874234,21.1282587,89.1,40.2,-0.087,0.0,0.99,0,40.24951818194366,,91.09019772106046,-1.0,5.0,52.18669,21.128854,22.0
8330,2026-05-11 20:09:29.600000+00:00,52.1874635,21.1282081,89.0,40.91,-0.065,-0.007,0.932,0,40.589614547247145,,96.6252390693675,-1.0,5.0,52.18669,21.128854,22.0
8335,2026-05-11 20:09:30.100000+00:00,52.187504,21.1281566,89.0,40.89,-0.1,0.001,0.994,0,41.113481501103216,,102.239380119399,-1.0,5.0,52.18669,21.128854,22.0
8340,2026-05-11 20:09:30.600000+00:00,52.1875449,21.1281048,89.1,41.22,-0.087,-0.002,0.978,0,41.45664081896789,,107.9124667171017,-1.0,5.0,52.18669,21.128854,22.0
8345,2026-05-11 20:09:31.100000+00:00,52.1875856,21.1280527,89.1,41.36,-0.088,0.002,0.942,0,41.42101755631182,,113.58441812236924,-1.0,5.0,52.18669,21.128854,22.0
8350,2026-05-11 20:09:31.600000+00:00,52.1876264,21.1280003,89.1,41.1,-0.114,0.005,0.991,0,41.57494555680711,,119.28380891368263,-1.0,5.0,52.18669,21.128854,22.0
8355,2026-05-11 20:09:32.100000+00:00,52.1876667,21.1279489,89.2,40.81,-0.115,0.001,0.949,0,40.95700975357065,,124.90805517587506,-1.0,5.0,52.18669,21.128854,22.0
8360,2026-05-11 20:09:32.600000+00:00,52.1877065,21.1278976,89.2,40.38,-0.126,0.02,0.976,0,40.61195160732064,,130.4862991169364,-1.0,5.0,52.18669,21.128854,22.0
8365,2026-05-11 20:09:33.100000+00:00,52.1877461,21.1278466,89.2,40.23,-0.091,0.003,0.958,0,40.39501526853973,,136.04015742160453,-1.0,5.0,52.18669,21.128854,22.0
8370,2026-05-11 20:09:33.600000+00:00,52.1877857,21.1277957,89.1,40.4,-0.102,0.007,0.971,0,40.36460357951623,,141.59500059555523,-1.0,5.0,52.18669,21.128854,22.0
8375,2026-05-11 20:09:34.100000+00:00,52.1878253,21.1277447,89.1,40.67,-0.096,-0.011,0.966,0,40.39498763302706,,147.157240734314,-1.0,5.0,52.18669,21.128854,22.0
8380,2026-05-11 20:09:34.600000+00:00,52.1878651,21.1276939,89.1,40.56,-0.105,-0.007,0.953,0,40.46019576301419,,152.7349679112449,-1.0,5.0,52.18669,21.128854,22.0
8385,2026-05-11 20:09:35.100000+00:00,52.1879048,21.1276431,89.1,40.5,-0.115,0.007,0.97,0,40.39716141457994,,158.30615830806332,-1.0,5.0,52.18669,21.128854,22.0
8390,2026-05-11 20:09:35.600000+00:00,52.1879443,21.1275927,89.0,40.02,-0.105,0.001,0.963,0,40.15002474191268,,163.84680340801998,-1.0,5.0,52.18669,21.128854,22.0
8395,2026-05-11 20:09:36.100000+00:00,52.1879839,21.1275428,88.9,40.06,-0.116,0.014,0.963,0,40.062596974527466,,169.38124696796592,-1.0,5.0,52.18669,21.128854,22.0
8400,2026-05-11 20:09:36.600000+00:00,52.1880234,21.1274934,88.8,39.99,-0.107,0.009,0.939,0,39.84945776380682,,174.89007462072243,-1.0,5.0,52.18669,21.128854,22.0
8405,2026-05-11 20:09:37.100000+00:00,52.1880625,21.1274438,88.8,39.53,-0.13,0.015,0.994,0,39.65597466553653,,180.370111561205,-1.0,5.0,52.18669,21.128854,22.0
8410,2026-05-11 20:09:37.600000+00:00,52.1881013,21.127395,88.7,39.32,-0.114,0.007,0.963,0,39.22564699919885,,185.79441363294293,-1.0,5.0,52.18669,21.128854,22.0
8415,2026-05-11 20:09:38.100000+00:00,52.18814,21.1273463,88.7,39.11,-0.118,0.006,0.951,0,39.13226310789912,,191.2070214464775,-1.0,5.0,52.18669,21.128854,22.0
8420,2026-05-11 20:09:38.600000+00:00,52.1881784,21.1272974,88.7,39.08,-0.101,0.0,0.973,0,39.002692916780624,,196.60014062536445,-1.0,5.0,52.18669,21.128854,22.0
8425,2026-05-11 20:09:39.100000+00:00,52.1882167,21.1272479,88.7,39.34,-0.091,-0.003,0.962,0,39.12181204121425,,202.00736006354916,-1.0,5.0,52.18669,21.128854,22.0
8430,2026-05-11 20:09:39.600000+00:00,52.1882553,21.1271981,88.7,39.48,-0.09,0.0,0.964,0,39.40150931653716,,207.45507209424468,-1.0,5.0,52.18669,21.128854,22.0
8435,2026-05-11 20:09:40.100000+00:00,52.1882942,21.1271479,88.7,39.78,-0.095,-0.014,0.974,0,39.71166980230336,,212.9468873576254,-1.0,5.0,52.18669,21.128854,22.0
8440,2026-05-11 20:09:40.600000+00:00,52.1883338,21.127098,88.7,40.27,-0.086,0.003,0.968,0,40.06247914017315,,218.49379618404333,-1.0,5.0,52.18669,21.128854,22.0
8445,2026-05-11 20:09:41.100000+00:00,52.1883734,21.1270473,88.7,40.49,-0.087,-0.003,0.956,0,40.30371528088816,,224.07153546792304,-1.0,5.0,52.18669,21.128854,22.0
8450,2026-05-11 20:09:41.600000+00:00,52.188413,21.1269959,88.7,40.73,-0.093,0.0,0.962,0,40.51673785755377,,229.6765611326427,-1.0,5.0,52.18669,21.128854,22.0
8455,2026-05-11 20:09:42.100000+00:00,52.1884531,21.1269445,88.7,41.07,-0.1,-0.001,0.972,0,40.83071635743181,,235.32896466957428,-1.0,5.0,52.18669,21.128854,22.0
8460,2026-05-11 20:09:42.600000+00:00,52.1884934,21.1268921,88.9,41.33,-0.09,0.002,0.963,0,41.260866750497534,,241.038560748277,-1.0,5.0,52.18669,21.128854,22.0
8465,2026-05-11 20:09:43.100000+00:00,52.1885344,21.1268406,88.9,41.5,-0.092,-0.002,0.966,0,41.42955604891738,,246.7796762585736,-1.0,5.0,52.18669,21.128854,22.0
8470,2026-05-11 20:09:43.600000+00:00,52.1885758,21.1267895,89.0,41.43,-0.099,0.018,0.991,0,41.56496577914001,,252.54311125896845,-1.0,5.0,52.18669,21.128854,22.0
8475,2026-05-11 20:09:44.100000+00:00,52.188617,21.1267384,89.0,41.55,-0.1,0.013,0.96,0,41.43737991807861,,258.2885186501418,-1.0,5.0,52.18669,21.128854,22.0
8480,2026-05-11 20:09:44.600000+00:00,52.1886578,21.126687,89.1,40.92,-0.121,0.021,0.967,0,41.27274461068003,,264.00892813230263,-1.0,5.0,52.18669,21.128854,22.0
8485,2026-05-11 20:09:45.100000+00:00,52.1886979,21.1266359,89.1,40.86,-0.115,0.018,0.968,0,40.73981551014614,,269.6539260796842,-1.0,5.0,52.18669,21.128854,22.0
8490,2026-05-11 20:09:45.600000+00:00,52.1887376,21.1265853,89.2,40.45,-0.116,0.016,0.956,0,40.33635854474678,,275.24352432366703,-1.0,5.0,52.18669,21.128854,22.0
8495,2026-05-11 20:09:46.100000+00:00,52.188777,21.1265352,89.3,39.75,-0.113,0.006,0.956,0,39.99601342397256,,280.7868671718014,-1.0,5.0,52.18669,21.128854,22.0
8500,2026-05-11 20:09:46.600000+00:00,52.188816,21.126485,89.3,39.61,-0.124,0.004,0.971,0,39.77430822141329,,286.29777852851714,-1.0,5.0,52.18669,21.128854,22.0
8505,2026-05-11 20:09:47.100000+00:00,52.1888545,21.1264356,89.4,38.94,-0.121,0.014,0.971,0,39.21685797993798,,291.7325033176337,-1.0,5.0,52.18669,21.128854,22.0
8510,2026-05-11 20:09:47.600000+00:00,52.1888927,21.1263861,89.5,38.96,-0.107,0.002,0.944,0,39.05886375101966,,297.1440307594024,-1.0,5.0,52.18669,21.128854,22.0
8515,2026-05-11 20:09:48.100000+00:00,52.1889307,21.1263372,89.6,38.43,-0.123,0.009,0.97,0,38.75051789492333,,302.5145188604362,-1.0,5.0,52.18669,21.128854,22.0
8520,2026-05-11 20:09:48.600000+00:00,52.1889685,21.1262885,89.6,38.4,-0.115,0.007,0.955,0,38.564001448734025,,307.85936103635254,-1.0,5.0,52.18669,21.128854,22.0
8525,2026-05-11 20:09:49.100000+00:00,52.1890059,21.1262401,89.6,38.03,-0.111,0.009,0.978,0,38.22150609198489,,313.15637472444547,-1.0,5.0,52.18669,21.128854,22.0
8530,2026-05-11 20:09:49.600000+00:00,52.1890439,21.1261929,89.6,38.19,-0.103,0.002,0.951,0,38.23929529971775,,318.4619876483314,-1.0,5.0,52.18669,21.128854,22.0
8535,2026-05-11 20:09:50.100000+00:00,52.1890812,21.1261444,89.6,38.12,-0.113,0.005,0.973,0,38.18936928481156,,322.95107223878966,-1.0,5.0,52.18669,21.128854,22.0
8540,2026-05-11 20:09:50.600000+00:00,52.1891187,21.1260965,89.6,37.92,-0.104,0.003,0.968,0,38.13242919079536,,317.6550481225909,-1.0,5.0,52.191381,21.123251,21.0
8545,2026-05-11 20:09:51.100000+00:00,52.1891558,21.1260481,89.6,38.12,-0.104,0.008,0.959,0,38.03359213759384,,312.3734531493813,-1.0,5.0,52.191381,21.123251,21.0
8550,2026-05-11 20:09:51.600000+00:00,52.1891932,21.1260001,89.6,38.25,-0.107,-0.002,0.963,0,38.09973349896027,,307.0820986212273,-1.0,5.0,52.191381,21.123251,21.0
8555,2026-05-11 20:09:52.100000+00:00,52.1892309,21.1259522,89.6,38.13,-0.11,0.0,0.984,0,38.25858721822658,,301.7684846025141,-1.0,5.0,52.191381,21.123251,21.0
8560,2026-05-11 20:09:52.600000+00:00,52.1892679,21.1259032,89.7,38.01,-0.092,0.0,0.966,0,38.15599349270087,,296.4708192209846,-1.0,5.0,52.191381,21.123251,21.0
8565,2026-05-11 20:09:53.100000+00:00,52.1893053,21.1258547,89.8,38.18,-0.096,0.015,0.955,0,38.251931077971214,,291.15873288111675,-1.0,5.0,52.191381,21.123251,21.0
8570,2026-05-11 20:09:53.600000+00:00,52.1893431,21.1258063,89.8,38.63,-0.089,0.008,0.962,0,38.47278555216793,,285.8155619269517,-1.0,5.0,52.191381,21.123251,21.0
8575,2026-05-11 20:09:54.100000+00:00,52.1893811,21.1257579,89.9,38.41,-0.105,0.017,0.996,0,38.598851134866166,,280.45476864932255,-1.0,5.0,52.191381,21.123251,21.0
8580,2026-05-11 20:09:54.600000+00:00,52.189419,21.1257089,90.0,38.62,-0.084,-0.007,0.962,0,38.71799882001663,,275.0778875428473,-1.0,5.0,52.191381,21.123251,21.0
8585,2026-05-11 20:09:55.100000+00:00,52.189457,21.1256592,90.1,38.92,-0.088,0.004,0.957,0,38.99475500537039,,269.6631612172469,-1.0,5.0,52.191381,21.123251,21.0
8590,2026-05-11 20:09:55.600000+00:00,52.1894949,21.1256094,90.3,38.39,-0.096,0.004,0.999,0,38.96308365024413,,264.25316397844654,-1.0,5.0,52.191381,21.123251,21.0
8595,2026-05-11 20:09:56.100000+00:00,52.1895329,21.125559,90.4,39.19,-0.076,-0.014,0.949,0,39.21056553343875,,258.8095394850507,-1.0,5.0,52.191381,21.123251,21.0
8600,2026-05-11 20:09:56.600000+00:00,52.1895713,21.1255097,90.5,38.99,-0.096,0.014,0.968,0,39.12334761059758,,253.37624062069904,-1.0,5.0,52.191381,21.123251,21.0
8605,2026-05-11 20:09:57.100000+00:00,52.1896103,21.1254599,90.5,39.94,-0.069,-0.011,0.939,0,39.65271879774918,,247.86926365422107,-1.0,5.0,52.191381,21.123251,21.0
8610,2026-05-11 20:09:57.600000+00:00,52.189649,21.1254089,90.6,39.66,-0.115,0.005,1.004,0,39.83132865463473,,242.33914816471565,-1.0,5.0,52.191381,21.123251,21.0
8615,2026-05-11 20:09:58.100000+00:00,52.1896882,21.1253592,90.6,39.95,-0.078,-0.01,0.952,0,39.748758826154095,,236.81868984497032,-1.0,5.0,52.191381,21.123251,21.0
8620,2026-05-11 20:09:58.600000+00:00,52.1897278,21.1253094,90.6,40.01,-0.088,0.004,0.941,0,40.03202356823366,,231.2587501225392,-1.0,5.0,52.191381,21.123251,21.0
8625,2026-05-11 20:09:59.100000+00:00,52.1897674,21.1252598,90.6,39.88,-0.116,0.002,0.987,0,39.97215143487803,,225.70708621661177,-1.0,5.0,52.191381,21.123251,21.0
8630,2026-05-11 20:09:59.600000+00:00,52.1898066,21.1252097,90.7,39.76,-0.104,0.002,0.962,0,39.8695008468906,,220.1701159612053,-1.0,5.0,52.191381,21.123251,21.0
8635,2026-05-11 20:10:00.100000+00:00,52.189846,21.1251601,90.7,39.79,-0.11,-0.008,0.952,0,39.84524477082955,,214.6361473473346,-1.0,5.0,52.191381,21.123251,21.0
8640,2026-05-11 20:10:00.600000+00:00,52.189885,21.1251105,90.8,39.46,-0.117,0.003,0.974,0,39.59219359578103,,209.1375617589221,-1.0,5.0,52.191381,21.123251,21.0
8645,2026-05-11 20:10:01.100000+00:00,52.1899238,21.1250615,90.8,39.09,-0.114,0.004,0.972,0,39.28506316154522,,203.6814688640633,-1.0,5.0,52.191381,21.123251,21.0
8650,2026-05-11 20:10:01.600000+00:00,52.1899629,21.1250137,90.7,39.14,-0.097,-0.011,0.947,0,39.11921064654068,,198.2484133981915,-1.0,5.0,52.191381,21.123251,21.0
8655,2026-05-11 20:10:02.100000+00:00,52.1900016,21.1249649,90.8,39.12,-0.102,0.008,0.981,0,39.16165031104234,,192.80943059732937,-1.0,5.0,52.191381,21.123251,21.0
8660,2026-05-11 20:10:02.600000+00:00,52.1900408,21.1249167,90.8,39.08,-0.101,-0.014,0.957,0,39.30114071538581,,187.35100924392677,-1.0,5.0,52.191381,21.123251,21.0
8665,2026-05-11 20:10:03.100000+00:00,52.1900802,21.1248699,90.9,38.98,-0.116,-0.008,0.964,0,39.02071647204483,,181.9327776050908,-1.0,5.0,52.191381,21.123251,21.0
8670,2026-05-11 20:10:03.600000+00:00,52.1901191,21.124823,90.9,38.65,-0.11,-0.015,0.958,0,38.72697641647569,,176.554673195413,-1.0,5.0,52.191381,21.123251,21.0
8675,2026-05-11 20:10:04.100000+00:00,52.1901578,21.1247764,90.9,38.03,-0.132,0.002,0.973,0,38.51068750356661,,171.20669865000792,-1.0,5.0,52.191381,21.123251,21.0
8680,2026-05-11 20:10:04.600000+00:00,52.1901957,21.1247283,91.1,38.07,-0.118,-0.01,0.956,0,38.4449213098403,,165.86732539494895,-1.0,5.0,52.191381,21.123251,21.0
8685,2026-05-11 20:10:05.100000+00:00,52.1902341,21.1246837,91.1,37.75,-0.125,-0.005,0.955,0,37.74000156278905,,160.62872757398506,-1.0,5.0,52.191381,21.123251,21.0
8690,2026-05-11 20:10:05.600000+00:00,52.1902724,21.1246391,91.0,37.69,-0.124,-0.014,0.955,0,37.67480169069367,,155.39915893795808,-1.0,5.0,52.191381,21.123251,21.0
8695,2026-05-11 20:10:06.100000+00:00,52.1903105,21.1245956,91.0,37.05,-0.127,0.007,0.97,0,37.23239870105471,,150.23316424658591,-1.0,5.0,52.191381,21.123251,21.0
8700,2026-05-11 20:10:06.600000+00:00,52.1903482,21.124552,91.0,36.87,-0.117,-0.002,0.981,0,36.99884827100232,,145.09857333015134,-1.0,5.0,52.191381,21.123251,21.0
8705,2026-05-11 20:10:07.100000+00:00,52.1903855,21.1245088,90.9,36.57,-0.111,-0.004,0.949,0,36.62405555273829,,140.0161482216768,-1.0,5.0,52.191381,21.123251,21.0
8710,2026-05-11 20:10:07.600000+00:00,52.190423,21.124466,90.9,36.59,-0.113,-0.007,0.97,0,36.64182116479284,,134.93321955565895,-1.0,5.0,52.191381,21.123251,21.0
8715,2026-05-11 20:10:08.100000+00:00,52.1904606,21.1244241,90.9,36.45,-0.118,-0.006,0.971,0,36.456456944851695,,129.87977768917577,-1.0,5.0,52.191381,21.123251,21.0
8720,2026-05-11 20:10:08.600000+00:00,52.1904986,21.1243831,90.9,36.2,-0.12,-0.002,0.969,0,36.47578504259067,,124.83008739673126,-1.0,5.0,52.191381,21.123251,21.0
8725,2026-05-11 20:10:09.100000+00:00,52.1905367,21.1243427,91.0,36.09,-0.119,-0.005,0.961,0,36.38124704669397,,119.79846890539218,-1.0,5.0,52.191381,21.123251,21.0
8730,2026-05-11 20:10:09.600000+00:00,52.1905744,21.1243032,90.9,35.69,-0.125,0.01,0.965,0,35.87252960477781,,114.8417774120736,-1.0,5.0,52.191381,21.123251,21.0
8735,2026-05-11 20:10:10.100000+00:00,52.1906116,21.1242634,91.0,35.44,-0.11,0.007,0.968,0,35.61690896451427,,109.91782641843972,-1.0,5.0,52.191381,21.123251,21.0
8740,2026-05-11 20:10:10.600000+00:00,52.1906487,21.1242226,91.0,35.46,-0.094,-0.003,0.978,0,35.82201013198073,,104.96162167273744,-1.0,5.0,52.191381,21.123251,21.0
8745,2026-05-11 20:10:11.100000+00:00,52.1906861,21.1241826,91.0,35.99,-0.086,-0.012,0.962,0,35.804617510184364,,100.01614554078378,-1.0,5.0,52.191381,21.123251,21.0
8750,2026-05-11 20:10:11.600000+00:00,52.1907236,21.1241428,90.9,35.69,-0.108,-0.008,0.976,0,35.81796100405436,,95.07369429965924,-1.0,5.0,52.191381,21.123251,21.0
8755,2026-05-11 20:10:12.100000+00:00,52.1907615,21.1241041,90.9,35.48,-0.09,0.003,0.965,0,35.79744432641169,,90.14913578514326,-1.0,5.0,52.191381,21.123251,21.0
8760,2026-05-11 20:10:12.600000+00:00,52.1907996,21.1240644,90.9,35.81,-0.105,-0.007,0.967,0,36.19508576622744,,85.16880655494438,-1.0,5.0,52.191381,21.123251,21.0
8765,2026-05-11 20:10:13.100000+00:00,52.1908376,21.1240255,91.0,35.65,-0.108,-0.012,0.952,0,35.917394110654925,,80.23856253721301,-1.0,5.0,52.191381,21.123251,21.0
8770,2026-05-11 20:10:13.600000+00:00,52.1908755,21.123987,91.0,35.59,-0.111,-0.009,0.976,0,35.745432779223,21.0,75.34244749604723,-1.0,5.0,52.191381,21.123251,21.0
8775,2026-05-11 20:10:14.100000+00:00,52.1909136,21.1239495,91.1,35.69,-0.104,-0.011,0.953,0,35.62542770576084,21.0,70.48554455680785,-1.0,5.0,52.191381,21.123251,21.0
8780,2026-05-11 20:10:14.600000+00:00,52.1909514,21.1239117,91.2,35.14,-0.11,0.0,0.98,0,35.49672117101517,21.0,65.65248135883687,-1.0,5.0,52.191381,21.123251,21.0
8785,2026-05-11 20:10:15.100000+00:00,52.1909891,21.1238743,91.2,35.36,-0.096,-0.004,0.947,0,35.32607632359832,21.0,60.86199033646314,-1.0,5.0,52.191381,21.123251,21.0
8790,2026-05-11 20:10:15.600000+00:00,52.1910268,21.1238366,91.2,35.15,-0.114,-0.018,0.974,0,35.40279808622328,21.0,56.07698412841555,-1.0,5.0,52.191381,21.123251,21.0
8795,2026-05-11 20:10:16.100000+00:00,52.1910647,21.1238,91.4,35.07,-0.111,-0.001,0.964,0,35.261336964888095,21.0,51.35631582767871,-1.0,5.0,52.191381,21.123251,21.0
8800,2026-05-11 20:10:16.600000+00:00,52.1911018,21.1237639,91.4,34.88,-0.109,-0.001,0.964,0,34.585364598889655,21.0,46.75661638655827,-1.0,5.0,52.191381,21.123251,21.0
8805,2026-05-11 20:10:17.100000+00:00,52.1911386,21.1237278,91.5,34.47,-0.118,0.0,0.978,0,34.37930638985991,21.0,42.223645047579325,-1.0,5.0,52.191381,21.123251,21.0
8810,2026-05-11 20:10:17.600000+00:00,52.1911753,21.1236926,91.4,34.15,-0.106,-0.017,0.945,0,34.08471730860729,21.0,37.80593933060079,-1.0,5.0,52.191381,21.123251,21.0
8815,2026-05-11 20:10:18.100000+00:00,52.1912125,21.1236579,91.2,34.12,-0.108,-0.008,0.981,0,34.307906954621394,21.0,33.47187466933702,-1.0,5.0,52.191381,21.123251,21.0
8820,2026-05-11 20:10:18.600000+00:00,52.1912498,21.1236221,91.2,34.21,-0.106,0.0,0.953,0,34.648047697632606,21.0,29.20154794514016,-1.0,5.0,52.191381,21.123251,21.0
8825,2026-05-11 20:10:19.100000+00:00,52.1912866,21.1235865,91.0,34.45,-0.096,-0.003,0.958,0,34.25345512442264,21.0,25.163408947529756,-1.0,5.0,52.191381,21.123251,21.0
8830,2026-05-11 20:10:19.600000+00:00,52.1913243,21.1235514,91.1,34.42,-0.102,-0.002,0.975,0,34.75284828524811,21.0,21.425520941156197,-1.0,5.0,52.191381,21.123251,21.0
8835,2026-05-11 20:10:20.100000+00:00,52.1913627,21.1235173,91.3,34.73,-0.092,-0.012,0.974,0,35.003365539322765,21.0,18.26613907432989,-1.0,5.0,52.191381,21.123251,21.0
8840,2026-05-11 20:10:20.600000+00:00,52.191401,21.1234824,91.4,35.09,-0.091,0.0,0.969,0,35.12285912682728,21.0,15.929465453123136,-1.0,5.0,52.191381,21.123251,21.0
8845,2026-05-11 20:10:21.100000+00:00,52.1914391,21.1234472,91.4,35.43,-0.081,0.0,0.962,0,35.05547564185473,21.0,14.85267523387034,-1.0,5.0,52.191381,21.123251,21.0
8850,2026-05-11 20:10:21.600000+00:00,52.1914779,21.1234122,91.7,34.8,-0.09,-0.003,0.976,0,35.49657972154923,21.0,15.38952928207299,-1.0,5.0,52.191381,21.123251,21.0
8855,2026-05-11 20:10:22.100000+00:00,52.1915165,21.1233759,91.8,36.01,-0.09,-0.004,0.964,0,35.67087239204123,21.0,17.30599195359079,-1.0,5.0,52.191381,21.123251,21.0
8860,2026-05-11 20:10:22.600000+00:00,52.1915559,21.1233387,91.8,36.06,-0.089,-0.012,0.968,0,36.446407993548505,21.0,20.346055988391686,-1.0,5.0,52.191381,21.123251,21.0
8865,2026-05-11 20:10:23.100000+00:00,52.1915968,21.1233014,92.1,36.15,-0.101,-0.006,0.966,0,37.51451592651227,21.0,24.2405525234072,-1.0,5.0,52.191381,21.123251,21.0
8870,2026-05-11 20:10:23.600000+00:00,52.1916373,21.1232653,92.3,36.62,-0.1,-0.008,0.958,0,36.94932142441831,21.0,28.51592474924323,-1.0,5.0,52.191381,21.123251,21.0
8875,2026-05-11 20:10:24.100000+00:00,52.1916779,21.1232308,92.4,36.19,-0.105,-0.008,0.96,0,36.65025319350461,21.0,33.042475811436645,-1.0,5.0,52.191381,21.123251,21.0
8880,2026-05-11 20:10:24.600000+00:00,52.1917188,21.1231954,92.5,36.71,-0.092,0.005,0.967,0,37.06838828924699,21.0,37.75236703761932,-1.0,5.0,52.191381,21.123251,21.0
8885,2026-05-11 20:10:25.100000+00:00,52.1917604,21.1231594,92.7,36.94,-0.1,0.005,0.973,0,37.70145317462652,21.0,42.64691653493119,-1.0,5.0,52.191381,21.123251,21.0
8890,2026-05-11 20:10:25.600000+00:00,52.1918017,21.1231239,92.8,36.91,-0.092,0.005,0.971,0,37.3744166908229,21.0,47.575223627102176,-1.0,5.0,52.191381,21.123251,21.0
8895,2026-05-11 20:10:26.100000+00:00,52.1918432,21.1230889,92.8,36.64,-0.11,0.01,0.975,0,37.40280954129043,21.0,52.568679896785234,-1.0,5.0,52.191381,21.123251,21.0
8900,2026-05-11 20:10:26.600000+00:00,52.1918845,21.123054,93.0,36.57,-0.107,0.008,0.959,0,37.23803878937596,21.0,57.57455296503889,-1.0,5.0,52.191381,21.123251,21.0
8905,2026-05-11 20:10:27.100000+00:00,52.1919246,21.1230197,93.0,36.27,-0.119,0.01,0.969,0,36.24997283447885,21.0,62.46799343183133,-1.0,5.0,52.191381,21.123251,21.0
8910,2026-05-11 20:10:27.600000+00:00,52.1919643,21.1229857,93.2,35.92,-0.117,-0.007,0.949,0,35.89798011002899,21.0,67.33391663366125,-1.0,5.0,52.191381,21.123251,21.0
8915,2026-05-11 20:10:28.100000+00:00,52.1920047,21.1229527,93.2,35.68,-0.115,-0.002,0.996,0,36.17271366668713,21.0,72.27166065735881,-1.0,5.0,52.191381,21.123251,21.0
8920,2026-05-11 20:10:28.600000+00:00,52.1920451,21.1229204,93.2,35.92,-0.1,-0.001,0.933,0,36.02019764211754,21.0,77.20659024869818,-1.0,5.0,52.191381,21.123251,21.0
8925,2026-05-11 20:10:29.100000+00:00,52.1920853,21.1228887,93.2,35.69,-0.105,-0.004,0.967,0,35.74734225078359,,82.1162150302628,-1.0,5.0,52.191381,21.123251,21.0
8930,2026-05-11 20:10:29.600000+00:00,52.1921262,21.1228572,93.1,35.94,-0.096,0.0,0.959,0,36.21070427974241,,87.10195073703532,-1.0,5.0,52.191381,21.123251,21.0
8935,2026-05-11 20:10:30.100000+00:00,52.1921667,21.1228259,93.0,36.03,-0.111,0.003,0.97,0,35.87923529426241,,92.04591170684476,-1.0,5.0,52.191381,21.123251,21.0
8940,2026-05-11 20:10:30.600000+00:00,52.1922068,21.1227952,92.9,35.9,-0.107,0.0,0.962,0,35.46398331503728,,96.9386482296496,-1.0,5.0,52.191381,21.123251,21.0
8945,2026-05-11 20:10:31.100000+00:00,52.1922469,21.1227663,92.7,35.87,-0.111,0.0,0.968,0,35.09777150726657,,101.79465875282403,-1.0,5.0,52.191381,21.123251,21.0
8950,2026-05-11 20:10:31.600000+00:00,52.1922869,21.1227362,92.5,35.85,-0.103,0.002,0.969,0,35.26715709113806,,106.6687511662917,-1.0,5.0,52.191381,21.123251,21.0
8955,2026-05-11 20:10:32.100000+00:00,52.1923266,21.1227059,92.4,35.88,-0.112,0.004,0.96,0,35.09068449414581,,111.51804405743296,-1.0,5.0,52.191381,21.123251,21.0
8960,2026-05-11 20:10:32.600000+00:00,52.1923661,21.1226764,92.3,35.53,-0.112,0.0,0.967,0,34.78045228298666,,116.33006716265952,-1.0,5.0,52.191381,21.123251,21.0
8965,2026-05-11 20:10:33.100000+00:00,52.1924055,21.1226475,92.1,35.3,-0.115,0.006,0.973,0,34.585869550808475,,121.11921553145056,-1.0,5.0,52.191381,21.123251,21.0
8970,2026-05-11 20:10:33.600000+00:00,52.192445,21.1226179,92.1,35.36,-0.104,0.004,0.955,0,34.800899766097004,,125.93625422781987,-1.0,5.0,52.191381,21.123251,21.0
8975,2026-05-11 20:10:34.100000+00:00,52.1924848,21.1225881,92.1,35.36,-0.108,0.0,0.967,0,35.060123908576735,,130.7905186448162,-1.0,5.0,52.191381,21.123251,21.0
8980,2026-05-11 20:10:34.600000+00:00,52.1925245,21.1225588,92.0,35.22,-0.109,0.005,0.974,0,34.88550867717758,,135.62358700729425,-1.0,5.0,52.191381,21.123251,21.0
8985,2026-05-11 20:10:35.100000+00:00,52.1925641,21.1225292,91.9,35.1,-0.104,0.004,0.975,0,34.87365100750537,,140.4542380681541,-1.0,5.0,52.191381,21.123251,21.0
8990,2026-05-11 20:10:35.600000+00:00,52.1926039,21.1225,91.9,35.45,-0.101,-0.001,0.951,0,34.938297207405455,,145.29695113639164,-1.0,5.0,52.191381,21.123251,21.0
8995,2026-05-11 20:10:36.100000+00:00,52.1926435,21.1224712,91.8,35.13,-0.106,-0.003,0.97,0,34.711924568337786,,150.10984439185114,-1.0,5.0,52.191381,21.123251,21.0
9000,2026-05-11 20:10:36.600000+00:00,52.1926833,21.1224426,91.7,35.46,-0.106,-0.008,0.977,0,34.81854100954117,,154.93918254946664,-1.0,5.0,52.191381,21.123251,21.0
9005,2026-05-11 20:10:37.100000+00:00,52.1927231,21.1224147,91.6,35.43,-0.102,-0.015,0.958,0,34.68147036714066,,159.7518848065233,-1.0,5.0,52.191381,21.123251,21.0
9010,2026-05-11 20:10:37.600000+00:00,52.1927632,21.1223881,91.4,35.28,-0.095,-0.005,0.954,0,34.656933223065934,,164.56428555740115,-1.0,5.0,52.191381,21.123251,21.0
9015,2026-05-11 20:10:38.100000+00:00,52.1928033,21.1223612,91.3,35.27,-0.114,-0.003,0.978,0,34.712656490031186,,169.38406747088038,-1.0,5.0,52.191381,21.123251,21.0
9020,2026-05-11 20:10:38.600000+00:00,52.1928433,21.1223346,91.2,35.32,-0.103,-0.007,0.956,0,34.582774165688775,,174.1862135156042,-1.0,5.0,52.191381,21.123251,21.0
9025,2026-05-11 20:10:39.100000+00:00,52.1928836,21.1223087,91.1,35.42,-0.113,0.004,0.98,0,34.677907185508474,,179.00242003473755,-1.0,5.0,52.191381,21.123251,21.0
9030,2026-05-11 20:10:39.600000+00:00,52.1929238,21.1222816,91.1,35.27,-0.105,-0.003,0.97,0,34.82406940139293,,183.83764200402695,-1.0,5.0,52.191381,21.123251,21.0
9035,2026-05-11 20:10:40.100000+00:00,52.1929644,21.122254,91.2,35.28,-0.105,0.0,0.975,0,35.213903330166,,188.72670418922695,-1.0,5.0,52.191381,21.123251,21.0
9040,2026-05-11 20:10:40.600000+00:00,52.1930051,21.1222268,91.2,35.56,-0.098,-0.008,0.967,0,35.21292511883271,,193.61639242037583,-1.0,5.0,52.191381,21.123251,21.0
9045,2026-05-11 20:10:41.100000+00:00,52.1930453,21.1222012,91.2,35.2,-0.1,-0.014,0.958,0,34.549602663859815,,198.4149231076518,-1.0,5.0,52.191381,21.123251,21.0
9050,2026-05-11 20:10:41.600000+00:00,52.193086,21.1221759,91.1,35.27,-0.098,-0.012,0.965,0,34.87010092185455,,203.25793581621448,-1.0,5.0,52.191381,21.123251,21.0
9055,2026-05-11 20:10:42.100000+00:00,52.1931274,21.1221504,91.1,35.55,-0.095,-0.003,0.976,0,35.42890162084556,,208.1784692415401,-1.0,5.0,52.191381,21.123251,21.0
9060,2026-05-11 20:10:42.600000+00:00,52.1931689,21.1221251,91.1,35.67,-0.083,0.0,0.964,0,35.46932879698081,,213.10447196221955,-1.0,5.0,52.191381,21.123251,21.0
9065,2026-05-11 20:10:43.100000+00:00,52.1932105,21.1220997,91.0,35.88,-0.1,-0.009,0.966,0,35.561503945535726,,218.0433149234709,-1.0,5.0,52.191381,21.123251,21.0
9070,2026-05-11 20:10:43.600000+00:00,52.1932524,21.1220749,90.9,36.05,-0.075,-0.006,0.959,0,35.68503750300175,,222.99858826629065,-1.0,5.0,52.191381,21.123251,21.0
9075,2026-05-11 20:10:44.100000+00:00,52.193295,21.1220496,90.8,36.5,-0.071,-0.008,0.981,0,36.29556682920824,,228.038787009549,-1.0,5.0,52.191381,21.123251,21.0
9080,2026-05-11 20:10:44.600000+00:00,52.1933384,21.122024,90.8,37.29,-0.063,0.0,0.979,0,36.94785754103033,,233.16939270820765,-1.0,5.0,52.191381,21.123251,21.0
9085,2026-05-11 20:10:45.100000+00:00,52.1933827,21.1219982,90.7,37.95,-0.043,-0.02,0.961,0,37.659146098819214,,238.3983592000341,-1.0,5.0,52.191381,21.123251,21.0
9090,2026-05-11 20:10:45.600000+00:00,52.1934283,21.121972,90.6,39.0,-0.049,-0.013,0.962,0,38.70568952092667,,243.7721302335684,-1.0,5.0,52.191381,21.123251,21.0
9095,2026-05-11 20:10:46.100000+00:00,52.193475,21.1219452,90.5,40.04,-0.042,-0.002,0.978,0,39.63415767116575,,249.2748419381537,-1.0,5.0,52.191381,21.123251,21.0
9100,2026-05-11 20:10:46.600000+00:00,52.193523,21.1219175,90.5,41.22,-0.035,-0.009,0.965,0,40.7625958080894,,254.93456637260715,-1.0,5.0,52.191381,21.123251,21.0
9105,2026-05-11 20:10:47.100000+00:00,52.1935722,21.1218889,90.5,42.16,-0.047,-0.005,0.975,0,41.81572729527839,,260.7408979543935,-1.0,5.0,52.191381,21.123251,21.0
9110,2026-05-11 20:10:47.600000+00:00,52.1936222,21.1218593,90.4,42.82,-0.055,-0.003,0.974,0,42.58449506705068,,266.6546737410264,-1.0,5.0,52.191381,21.123251,21.0
9115,2026-05-11 20:10:48.100000+00:00,52.1936729,21.121829,90.4,43.6,-0.065,0.003,0.957,0,43.22868617848734,,272.6581941972242,-1.0,5.0,52.191381,21.123251,21.0
9120,2026-05-11 20:10:48.600000+00:00,52.1937245,21.121798,90.4,43.99,-0.07,-0.003,0.987,0,44.02348716120845,,278.7722317621496,-1.0,5.0,52.191381,21.123251,21.0
9125,2026-05-11 20:10:49.100000+00:00,52.1937765,21.1217671,90.3,44.77,-0.051,-0.013,0.948,0,44.30730920645097,,284.9254430180503,-1.0,5.0,52.191381,21.123251,21.0
9130,2026-05-11 20:10:49.600000+00:00,52.1938291,21.1217365,90.1,44.95,-0.076,0.009,0.98,0,44.709288308096816,,291.1338052807616,-1.0,5.0,52.191381,21.123251,21.0
9135,2026-05-11 20:10:50.100000+00:00,52.1938824,21.1217053,90.0,45.84,-0.063,-0.007,0.977,0,45.33613785745172,,297.4294955976241,-1.0,5.0,52.191381,21.123251,21.0
9140,2026-05-11 20:10:50.600000+00:00,52.1939365,21.1216732,90.0,46.48,-0.061,-0.001,0.924,0,46.088585751374985,,303.8301365972233,-1.0,5.0,52.191381,21.123251,21.0
9145,2026-05-11 20:10:51.100000+00:00,52.1939908,21.1216407,89.8,46.55,-0.089,-0.001,1.019,0,46.30633619284072,,310.2612454363413,-1.0,5.0,52.191381,21.123251,21.0
9150,2026-05-11 20:10:51.600000+00:00,52.1940458,21.1216078,89.6,47.33,-0.071,0.001,0.966,0,46.90007466790677,,316.7748152620847,-1.0,5.0,52.191381,21.123251,21.0
9155,2026-05-11 20:10:52.100000+00:00,52.1941008,21.1215749,89.5,47.09,-0.095,0.02,0.971,0,46.90006779105856,,323.28839735363323,-1.0,5.0,52.191381,21.123251,21.0
9160,2026-05-11 20:10:52.600000+00:00,52.1941563,21.1215417,89.4,47.61,-0.078,-0.012,0.945,0,47.32657866653815,,329.8612273524807,-1.0,5.0,52.191381,21.123251,21.0
9165,2026-05-11 20:10:53.100000+00:00,52.1942122,21.1215083,89.2,47.92,-0.085,-0.008,0.962,0,47.66103104949135,,336.48049492863413,-1.0,5.0,52.191381,21.123251,21.0
9170,2026-05-11 20:10:53.600000+00:00,52.1942683,21.1214753,89.2,48.16,-0.07,0.0,0.973,0,47.74446575737241,,343.1109631747751,-1.0,5.0,52.191381,21.123251,21.0
9175,2026-05-11 20:10:54.100000+00:00,52.1943252,21.1214414,89.2,48.75,-0.073,0.004,0.984,0,48.49719449611174,,349.84632877494204,-1.0,5.0,52.191381,21.123251,21.0
9180,2026-05-11 20:10:54.600000+00:00,52.1943832,21.1214079,89.2,49.35,-0.07,-0.003,0.955,0,49.25947325938007,,356.68657257466333,-1.0,5.0,52.191381,21.123251,21.0
9185,2026-05-11 20:10:55.100000+00:00,52.1944414,21.1213743,89.1,49.79,-0.061,-0.004,0.936,0,49.42678527291535,,363.5500811937146,-1.0,5.0,52.191381,21.123251,21.0
9190,2026-05-11 20:10:55.600000+00:00,52.1945007,21.12134,89.1,50.33,-0.077,0.012,0.985,0,50.37160358925673,,370.544917988219,-1.0,5.0,52.191381,21.123251,21.0
9195,2026-05-11 20:10:56.100000+00:00,52.1945602,21.1213055,88.9,50.94,-0.069,-0.003,0.953,0,50.55532630527905,,377.5654089500192,-1.0,5.0,52.191381,21.123251,21.0
9200,2026-05-11 20:10:56.600000+00:00,52.1946202,21.1212706,88.8,51.33,-0.083,0.004,0.986,0,50.9982715399471,,384.6475677596004,-1.0,5.0,52.191381,21.123251,21.0
9205,2026-05-11 20:10:57.100000+00:00,52.1946809,21.1212346,88.7,51.81,-0.064,-0.006,0.929,0,51.70842512741917,,391.82894792609,-1.0,5.0,52.191381,21.123251,21.0
9210,2026-05-11 20:10:57.600000+00:00,52.1947421,21.1211988,88.6,52.26,-0.092,0.018,1.021,0,52.05159740068781,,399.05762883522266,-1.0,5.0,52.198556,21.118732,20.0
9215,2026-05-11 20:10:58.100000+00:00,52.1948035,21.121162,88.4,52.93,-0.065,-0.009,0.936,0,52.369545704851966,,406.3310449865812,-1.0,5.0,52.198556,21.118732,20.0
9220,2026-05-11 20:10:58.600000+00:00,52.1948657,21.1211249,88.3,53.29,-0.087,0.012,0.996,0,53.02156636699628,,413.6949464975988,-1.0,5.0,52.198556,21.118732,20.0
9225,2026-05-11 20:10:59.100000+00:00,52.194928,21.1210874,88.2,53.28,-0.107,0.0,0.937,0,53.16438831223063,,421.0788176883125,-1.0,5.0,52.198556,21.118732,20.0
9230,2026-05-11 20:10:59.600000+00:00,52.1949903,21.1210506,88.2,52.95,-0.132,0.01,0.983,0,53.04644491901286,,426.82047668468994,-1.0,5.0,52.198556,21.118732,20.0
9235,2026-05-11 20:11:00.100000+00:00,52.1950521,21.1210143,88.2,52.79,-0.117,0.003,0.948,0,52.58659444093678,,419.5209922774476,-1.0,5.0,52.198556,21.118732,20.0
9240,2026-05-11 20:11:00.600000+00:00,52.1951139,21.1209769,88.2,52.19,-0.129,0.017,0.982,0,52.77190120455715,,412.1938227647949,-1.0,5.0,52.198556,21.118732,20.0
9245,2026-05-11 20:11:01.100000+00:00,52.1951748,21.1209407,88.1,52.0,-0.113,-0.007,0.937,0,51.892390949044426,,404.9900416481283,-1.0,5.0,52.198556,21.118732,20.0
9250,2026-05-11 20:11:01.600000+00:00,52.1952355,21.1209048,88.1,51.69,-0.111,0.028,0.982,0,51.691603228734685,,397.8146408047304,-1.0,5.0,52.198556,21.118732,20.0
9255,2026-05-11 20:11:02.100000+00:00,52.1952963,21.120869,88.2,51.81,-0.095,-0.001,0.961,0,51.75018797905029,,390.6316113599693,-1.0,5.0,52.198556,21.118732,20.0
9260,2026-05-11 20:11:02.600000+00:00,52.1953573,21.1208342,88.1,51.65,-0.103,0.009,0.97,0,51.73675916676592,,383.4535839768535,-1.0,5.0,52.198556,21.118732,20.0
9265,2026-05-11 20:11:03.100000+00:00,52.1954184,21.1207986,88.1,51.88,-0.092,0.011,0.959,0,51.94305829021231,,376.2451231759798,-1.0,5.0,52.198556,21.118732,20.0
9270,2026-05-11 20:11:03.600000+00:00,52.1954801,21.1207618,88.2,51.85,-0.095,0.018,0.973,0,52.59496422319109,,368.94437129585424,-1.0,5.0,52.198556,21.118732,20.0
9275,2026-05-11 20:11:04.100000+00:00,52.1955422,21.1207251,88.2,52.38,-0.092,0.009,0.978,0,52.87910627190085,,361.6051258961952,-1.0,5.0,52.198556,21.118732,20.0
9280,2026-05-11 20:11:04.600000+00:00,52.1956041,21.1206888,88.3,52.46,-0.092,0.007,0.964,0,52.66185320194879,,354.29695773394155,-1.0,5.0,52.198556,21.118732,20.0
9285,2026-05-11 20:11:05.100000+00:00,52.195666,21.1206523,88.3,52.66,-0.091,0.004,0.949,0,52.69512667333108,,346.98390103095875,-1.0,5.0,52.198556,21.118732,20.0
9290,2026-05-11 20:11:05.600000+00:00,52.195728,21.120616,88.2,52.04,-0.11,0.013,1.002,0,52.73718405310584,,339.6659501733877,-1.0,5.0,52.198556,21.118732,20.0
9295,2026-05-11 20:11:06.100000+00:00,52.1957901,21.1205802,88.2,52.78,-0.084,0.004,0.935,0,52.7302781361124,,332.3509185377595,-1.0,5.0,52.198556,21.118732,20.0
9300,2026-05-11 20:11:06.600000+00:00,52.1958519,21.1205439,88.2,52.11,-0.115,0.007,0.993,0,52.58648586285678,,325.0541841901916,-1.0,5.0,52.198556,21.118732,20.0
9305,2026-05-11 20:11:07.100000+00:00,52.1959136,21.1205077,88.1,52.41,-0.087,0.003,0.956,0,52.49453010348348,,317.7706476844124,-1.0,5.0,52.198556,21.118732,20.0
9310,2026-05-11 20:11:07.600000+00:00,52.1959754,21.1204714,88.1,52.45,-0.095,0.011,0.969,0,52.58646909745442,,310.47457914059424,-1.0,5.0,52.198556,21.118732,20.0
9315,2026-05-11 20:11:08.100000+00:00,52.1960374,21.1204348,88.2,52.59,-0.091,0.007,0.948,0,52.787053480773885,,303.1505056339772,-1.0,5.0,52.198556,21.118732,20.0
9320,2026-05-11 20:11:08.600000+00:00,52.1960995,21.1203981,88.2,52.62,-0.101,0.01,0.984,0,52.879029359383786,,295.81391932405273,-1.0,5.0,52.198556,21.118732,20.0
9325,2026-05-11 20:11:09.100000+00:00,52.1961614,21.1203616,88.2,52.71,-0.092,0.012,0.972,0,52.69505881017398,,288.50350030926944,-1.0,5.0,52.198556,21.118732,20.0
9330,2026-05-11 20:11:09.600000+00:00,52.1962232,21.1203257,88.1,52.32,-0.094,0.002,0.956,0,52.52026480959314,,281.21956639093685,-1.0,5.0,52.198556,21.118732,20.0
9335,2026-05-11 20:11:10.100000+00:00,52.1962853,21.1202892,88.1,52.9,-0.099,-0.004,0.964,0,52.8456563089283,,273.88959553168064,-1.0,5.0,52.198556,21.118732,20.0
9340,2026-05-11 20:11:10.600000+00:00,52.1963472,21.1202518,88.1,52.63,-0.097,0.009,0.971,0,52.84679377497454,,266.5568067188591,-1.0,5.0,52.198556,21.118732,20.0
9345,2026-05-11 20:11:11.100000+00:00,52.1964095,21.1202146,88.0,53.0,-0.098,0.015,0.979,0,53.11339571093699,,259.18877199129525,-1.0,5.0,52.198556,21.118732,20.0
9350,2026-05-11 20:11:11.600000+00:00,52.1964713,21.1201779,88.0,52.81,-0.094,0.012,0.952,0,52.6532203589203,,251.88575400087475,-1.0,5.0,52.198556,21.118732,20.0
9355,2026-05-11 20:11:12.100000+00:00,52.1965334,21.1201421,87.8,52.42,-0.11,0.01,0.991,0,52.7301802541876,,244.5767495678988,-1.0,5.0,52.198556,21.118732,20.0
9360,2026-05-11 20:11:12.600000+00:00,52.1965958,21.120106,87.9,53.04,-0.094,-0.006,0.926,0,53.00571284522359,,237.2299281474756,-1.0,5.0,52.198556,21.118732,20.0
9365,2026-05-11 20:11:13.100000+00:00,52.1966577,21.1200691,87.9,52.45,-0.107,0.015,0.986,0,52.76203648570527,,229.9134937768921,-1.0,5.0,52.198556,21.118732,20.0
9370,2026-05-11 20:11:13.600000+00:00,52.1967198,21.1200329,87.8,52.81,-0.096,0.0,0.954,0,52.79587936443637,,222.5964242438647,-1.0,5.0,52.198556,21.118732,20.0
9375,2026-05-11 20:11:14.100000+00:00,52.1967816,21.1199961,87.8,52.56,-0.11,0.005,0.984,0,52.66998285218767,,215.29462470260285,-1.0,5.0,52.198556,21.118732,20.0
9380,2026-05-11 20:11:14.600000+00:00,52.1968433,21.1199598,87.8,52.61,-0.096,-0.002,0.949,0,52.511031315288506,,208.01766110426377,-1.0,5.0,52.198556,21.118732,20.0
9385,2026-05-11 20:11:15.100000+00:00,52.1969051,21.1199243,87.8,52.31,-0.103,0.001,0.984,0,52.45465650357475,,200.7537729956438,-1.0,5.0,52.198556,21.118732,20.0
9390,2026-05-11 20:11:15.600000+00:00,52.1969669,21.1198894,87.6,52.67,-0.091,-0.001,0.96,0,52.35759836615137,,193.50816827211705,-1.0,5.0,52.198556,21.118732,20.0
9395,2026-05-11 20:11:16.100000+00:00,52.1970282,21.1198536,87.6,51.92,-0.105,0.005,0.971,0,52.12666186077468,,186.290127778671,-1.0,5.0,52.198556,21.118732,20.0
9400,2026-05-11 20:11:16.600000+00:00,52.1970895,21.1198173,87.6,51.93,-0.106,0.011,0.969,0,52.20985892142768,,179.05976678995637,-1.0,5.0,52.198556,21.118732,20.0
9405,2026-05-11 20:11:17.100000+00:00,52.1971507,21.119781,87.6,52.23,-0.11,0.004,0.947,0,52.134601391676846,,171.84128945331415,-1.0,5.0,52.198556,21.118732,20.0
9410,2026-05-11 20:11:17.600000+00:00,52.1972114,21.1197463,87.6,51.39,-0.119,0.014,0.983,0,51.49361711261694,,164.7209973194162,-1.0,5.0,52.198556,21.118732,20.0
9415,2026-05-11 20:11:18.100000+00:00,52.1972716,21.1197116,87.7,51.67,-0.088,-0.006,0.949,0,51.11599969407148,,157.65393262663434,-1.0,5.0,52.198556,21.118732,20.0
9420,2026-05-11 20:11:18.600000+00:00,52.1973322,21.1196768,87.8,51.71,-0.1,0.008,0.968,0,51.434324612281095,,150.54679591931637,-1.0,5.0,52.198556,21.118732,20.0
9425,2026-05-11 20:11:19.100000+00:00,52.1973925,21.1196421,87.7,51.72,-0.096,-0.002,0.959,0,51.19147866213688,,143.47631549077377,-1.0,5.0,52.198556,21.118732,20.0
9430,2026-05-11 20:11:19.600000+00:00,52.197453,21.1196066,87.8,51.62,-0.092,0.0,0.949,0,51.47403546187832,,136.36609640678626,-1.0,5.0,52.198556,21.118732,20.0
9435,2026-05-11 20:11:20.100000+00:00,52.1975136,21.1195711,87.8,51.49,-0.101,0.0,0.983,0,51.54937048048464,,129.25020439702337,-1.0,5.0,52.198556,21.118732,20.0
9440,2026-05-11 20:11:20.600000+00:00,52.1975745,21.1195359,87.9,51.85,-0.089,-0.004,0.943,0,51.72612901300878,,122.1187834117926,-1.0,5.0,52.198556,21.118732,20.0
9445,2026-05-11 20:11:21.100000+00:00,52.1976355,21.1194998,87.9,51.92,-0.093,0.013,0.958,0,51.95053060467311,,114.95609926580316,-1.0,5.0,52.198556,21.118732,20.0
9450,2026-05-11 20:11:21.600000+00:00,52.1976971,21.1194642,87.9,52.47,-0.094,0.007,0.976,0,52.319912782038976,,107.75707466824414,-1.0,5.0,52.198556,21.118732,20.0
9455,2026-05-11 20:11:22.100000+00:00,52.1977586,21.1194277,87.9,52.41,-0.097,0.009,0.966,0,52.39377907107473,,100.54864291725276,-1.0,5.0,52.198556,21.118732,20.0
9460,2026-05-11 20:11:22.600000+00:00,52.1978202,21.1193911,88.0,52.3,-0.104,-0.001,0.932,0,52.48578645446483,,93.33781324905743,-1.0,5.0,52.198556,21.118732,20.0
9465,2026-05-11 20:11:23.100000+00:00,52.1978821,21.1193555,87.9,52.56,-0.119,0.02,0.983,0,52.546346422137454,,86.14483196682372,-1.0,5.0,52.198556,21.118732,20.0
9470,2026-05-11 20:11:23.600000+00:00,52.1979441,21.1193195,87.9,52.61,-0.105,0.013,0.972,0,52.687340850114495,20.0,78.94773319994881,-1.0,5.0,52.198556,21.118732,20.0
9475,2026-05-11 20:11:24.100000+00:00,52.1980058,21.1192827,87.9,52.37,-0.113,0.007,0.934,0,52.59461187986407,20.0,71.77492090467744,-1.0,5.0,52.198556,21.118732,20.0
9480,2026-05-11 20:11:24.600000+00:00,52.1980674,21.1192463,87.9,52.19,-0.11,0.012,0.979,0,52.45224935095872,20.0,64.65580619041482,-1.0,5.0,52.198556,21.118732,20.0
9485,2026-05-11 20:11:25.100000+00:00,52.1981291,21.1192094,87.9,52.33,-0.1,0.013,0.958,0,52.611463635382925,20.0,57.54977463957502,-1.0,5.0,52.198556,21.118732,20.0
9490,2026-05-11 20:11:25.600000+00:00,52.1981913,21.1191737,88.0,52.39,-0.111,0.007,0.979,0,52.78915000095724,20.0,50.50518840398789,-1.0,5.0,52.198556,21.118732,20.0
9495,2026-05-11 20:11:26.100000+00:00,52.198253,21.1191376,88.0,52.71,-0.104,0.005,0.962,0,52.47762836500622,20.0,43.58117183006809,-1.0,5.0,52.198556,21.118732,20.0
9500,2026-05-11 20:11:26.600000+00:00,52.1983146,21.1191009,88.0,52.22,-0.116,0.014,0.943,0,52.50253014882598,20.0,36.77836843311759,-1.0,5.0,52.198556,21.118732,20.0
9505,2026-05-11 20:11:27.100000+00:00,52.1983758,21.1190638,88.0,51.6,-0.135,0.011,0.982,0,52.26986652691969,20.0,30.21377654975035,-1.0,5.0,52.198556,21.118732,20.0
9510,2026-05-11 20:11:27.600000+00:00,52.1984369,21.1190278,87.9,52.01,-0.117,0.022,0.948,0,52.00900253185053,20.0,24.120833684007746,-1.0,5.0,52.198556,21.118732,20.0
9515,2026-05-11 20:11:28.100000+00:00,52.1984975,21.1189922,87.7,51.63,-0.12,0.026,0.975,0,51.56584373788506,20.0,18.88916797336684,-1.0,5.0,52.198556,21.118732,20.0
9520,2026-05-11 20:11:28.600000+00:00,52.1985577,21.1189547,87.7,51.18,-0.117,0.028,0.957,0,51.58980884921251,20.0,15.179154808063872,-1.0,5.0,52.198556,21.118732,20.0
9525,2026-05-11 20:11:29.100000+00:00,52.1986173,21.1189164,87.6,51.04,-0.125,0.036,0.988,0,51.283884296466354,20.0,14.29710646160798,-1.0,5.0,52.198556,21.118732,20.0
9530,2026-05-11 20:11:29.600000+00:00,52.1986762,21.1188782,87.5,50.74,-0.112,0.047,0.968,0,50.74471034269527,20.0,16.671066582559437,-1.0,5.0,52.198556,21.118732,20.0
9535,2026-05-11 20:11:30.100000+00:00,52.1987332,21.1188404,87.4,49.71,-0.165,0.045,0.958,0,49.26009952314754,20.0,21.04325913385097,-1.0,5.0,52.198556,21.118732,20.0
9540,2026-05-11 20:11:30.600000+00:00,52.1987889,21.1188025,87.4,48.61,-0.145,0.045,0.969,0,48.31636821045782,20.0,26.339264323036232,-1.0,5.0,52.198556,21.118732,20.0
9545,2026-05-11 20:11:31.100000+00:00,52.1988457,21.1187634,87.7,48.39,-0.122,0.034,0.974,0,49.35625131883402,20.0,32.284177387464915,-1.0,5.0,52.198556,21.118732,20.0
9550,2026-05-11 20:11:31.600000+00:00,52.1989025,21.1187235,88.2,48.1,-0.115,0.034,0.942,0,49.5101686699921,20.0,38.53339699125552,-1.0,5.0,52.198556,21.118732,20.0
9555,2026-05-11 20:11:32.100000+00:00,52.198956,21.1186848,88.3,46.52,-0.192,0.053,0.976,0,46.85337773046969,20.0,44.59414914164942,-1.0,5.0,52.198556,21.118732,20.0
9560,2026-05-11 20:11:32.600000+00:00,52.1990083,21.1186466,88.3,45.02,-0.176,0.041,0.953,0,45.87594814058272,20.0,50.629133599422985,-1.0,5.0,52.198556,21.118732,20.0
9565,2026-05-11 20:11:33.100000+00:00,52.1990583,21.11861,88.3,43.83,-0.194,0.048,0.963,0,43.87449012223558,20.0,56.46872514119625,-1.0,5.0,52.198556,21.118732,20.0
9570,2026-05-11 20:11:33.600000+00:00,52.1991059,21.1185742,88.4,42.33,-0.172,0.041,0.96,0,41.96288412377879,20.0,62.08468218414509,-1.0,5.0,52.198556,21.118732,20.0
9575,2026-05-11 20:11:34.100000+00:00,52.1991533,21.118539,88.4,41.26,-0.167,0.005,0.963,0,41.694686869165935,20.0,67.70673477278253,-1.0,5.0,52.198556,21.118732,20.0
9580,2026-05-11 20:11:34.600000+00:00,52.199199,21.1185052,88.4,40.47,-0.145,-0.002,0.96,0,40.171385336695046,20.0,73.15012241026972,-1.0,5.0,52.198556,21.118732,20.0
9585,2026-05-11 20:11:35.100000+00:00,52.1992442,21.118473,88.3,39.92,-0.124,0.001,0.959,0,39.486456635372015,20.0,78.53383695043239,-1.0,5.0,52.198556,21.118732,20.0
9590,2026-05-11 20:11:35.600000+00:00,52.19929,21.1184418,88.2,39.59,-0.134,-0.01,0.939,0,39.73550549646184,,83.97931700688356,-1.0,5.0,52.198556,21.118732,20.0
9595,2026-05-11 20:11:36.100000+00:00,52.1993347,21.1184114,88.1,38.55,-0.183,0.017,1.004,0,38.77158307582248,,89.30184857028479,-1.0,5.0,52.198556,21.118732,20.0
9600,2026-05-11 20:11:36.600000+00:00,52.1993779,21.1183818,88.1,37.28,-0.151,0.021,0.939,0,37.51221111344062,,94.45628453766744,-1.0,5.0,52.198556,21.118732,20.0
9605,2026-05-11 20:11:37.100000+00:00,52.1994202,21.1183523,88.0,36.53,-0.16,0.026,0.93,0,36.82961021719144,,99.5180977170745,-1.0,5.0,52.198556,21.118732,20.0
9610,2026-05-11 20:11:37.600000+00:00,52.1994608,21.1183237,88.0,34.95,-0.188,0.052,0.976,0,35.40476886007549,,104.38656546637438,-1.0,5.0,52.198556,21.118732,20.0
9615,2026-05-11 20:11:38.100000+00:00,52.1994988,21.1182949,88.1,33.2,-0.211,0.063,0.979,0,33.54510036020171,,108.98499963992217,-1.0,5.0,52.198556,21.118732,20.0
9620,2026-05-11 20:11:38.600000+00:00,52.1995344,21.1182669,88.1,31.44,-0.224,0.046,0.957,0,31.64035131154709,,113.31690552476704,-1.0,5.0,52.198556,21.118732,20.0
9625,2026-05-11 20:11:39.100000+00:00,52.1995685,21.1182397,88.4,29.64,-0.177,0.056,0.944,0,30.38857345313804,,117.47803648172378,-1.0,5.0,52.198556,21.118732,20.0
9630,2026-05-11 20:11:39.600000+00:00,52.1996006,21.1182127,88.6,28.13,-0.18,0.078,1.002,0,28.91351097766339,,121.42655002054823,-1.0,5.0,52.198556,21.118732,20.0
9635,2026-05-11 20:11:40.100000+00:00,52.1996304,21.1181867,88.7,26.3,-0.174,0.062,0.934,0,27.055034335427116,,125.1148857783381,-1.0,5.0,52.198556,21.118732,20.0
9640,2026-05-11 20:11:40.600000+00:00,52.1996583,21.1181633,88.8,24.17,-0.2,0.055,0.952,0,25.115314690221588,,128.55232020646892,-1.0,5.0,52.198556,21.118732,20.0
9645,2026-05-11 20:11:41.100000+00:00,52.1996838,21.1181395,88.9,22.73,-0.196,0.044,0.949,0,23.51975157293833,,131.74670904890644,-1.0,5.0,52.198556,21.118732,20.0
9650,2026-05-11 20:11:41.600000+00:00,52.1997069,21.1181165,89.1,20.81,-0.184,0.006,0.959,0,21.66567089255996,,134.67397894881748,-1.0,5.0,52.198556,21.118732,20.0
9655,2026-05-11 20:11:42.100000+00:00,52.1997288,21.1180966,89.2,19.29,-0.206,0.052,0.986,0,20.069055533281382,,137.41147162166567,-1.0,5.0,52.198556,21.118732,20.0
9660,2026-05-11 20:11:42.600000+00:00,52.1997485,21.1180782,89.3,17.46,-0.186,0.044,0.945,0,18.173403812276792,,139.88647917825813,-1.0,5.0,52.198556,21.118732,20.0
9665,2026-05-11 20:11:43.100000+00:00,52.1997662,21.1180626,89.5,14.99,-0.252,0.042,0.946,0,16.10607282228952,,142.09128262539193,-1.0,5.0,52.198556,21.118732,20.0
9670,2026-05-11 20:11:43.600000+00:00,52.1997808,21.1180504,89.6,11.94,-0.278,0.019,0.957,0,13.1326564950603,,143.89598175929504,-1.0,5.0,52.198556,21.118732,20.0
9675,2026-05-11 20:11:44.100000+00:00,52.1997922,21.1180405,89.8,9.07,-0.254,0.048,0.947,0,10.339207418012773,,145.31372922969314,-1.0,5.0,52.198556,21.118732,20.0
9680,2026-05-11 20:11:44.600000+00:00,52.1998001,21.1180338,89.9,6.19,-0.268,0.044,0.952,0,7.128217879447951,,146.2928532506951,-1.0,5.0,52.198556,21.118732,20.0
9685,2026-05-11 20:11:45.100000+00:00,52.1998048,21.1180303,90.0,3.23,-0.265,0.055,0.963,0,4.136247574675116,,146.86464878134672,-1.0,5.0,52.198556,21.118732,20.0
9690,2026-05-11 20:11:45.600000+00:00,52.1998067,21.1180293,90.1,0.63,-0.225,0.043,0.959,0,1.5983338689891633,,147.0865968677363,-1.0,5.0,52.198556,21.118732,20.0
9695,2026-05-11 20:11:46.100000+00:00,52.1998069,21.1180293,90.2,0.26,-0.114,0.013,0.97,0,0.1601206909271013,,147.10762413999214,-1.0,5.0,52.198556,21.118732,20.0
9700,2026-05-11 20:11:46.600000+00:00,52.1998072,21.1180293,90.4,0.13,-0.098,0.008,0.97,0,0.2401810465761045,,147.1391657177834,-1.0,5.0,52.198556,21.118732,20.0
9705,2026-05-11 20:11:47.100000+00:00,52.1998072,21.1180292,90.5,0.06,-0.09,0.009,0.972,0,0.0490697648827682,,147.14138414137054,-1.0,5.0,52.198556,21.118732,20.0
9710,2026-05-11 20:11:47.600000+00:00,52.1998073,21.118029,90.7,0.19,-0.092,0.006,0.971,0,0.1266531716552797,,147.15633539644546,-1.0,5.0,52.198556,21.118732,20.0
9715,2026-05-11 20:11:48.100000+00:00,52.1998073,21.1180288,90.8,0.05,-0.089,0.008,0.975,0,0.098139527984027,,147.1607739018715,-1.0,5.0,52.198556,21.118732,20.0
9720,2026-05-11 20:11:48.600000+00:00,52.1998074,21.1180288,90.9,0.12,-0.091,0.008,0.972,0,0.0800603403708244,,147.17128723449557,-1.0,5.0,52.198556,21.118732,20.0
9725,2026-05-11 20:11:49.100000+00:00,52.1998075,21.1180285,91.0,0.12,-0.09,0.008,0.973,0,0.1675715830883914,,147.18845958044238,-1.0,5.0,52.198556,21.118732,20.0
9730,2026-05-11 20:11:49.600000+00:00,52.1998076,21.1180283,91.1,0.12,-0.091,0.01,0.973,0,0.126653175570521,,147.20341299223313,-1.0,5.0,52.198556,21.118732,20.0
9735,2026-05-11 20:11:50.100000+00:00,52.1998077,21.1180281,91.3,0.12,-0.086,0.007,0.973,0,0.1266531709708578,,147.21836698630383,-1.0,5.0,52.198556,21.118732,20.0
9740,2026-05-11 20:11:50.600000+00:00,52.1998076,21.1180276,91.4,0.18,-0.091,0.011,0.972,0,0.2580808048002522,,147.2189631893408,-1.0,5.0,52.198556,21.118732,20.0
9745,2026-05-11 20:11:51.100000+00:00,52.1998076,21.118027,91.5,0.15,-0.092,0.01,0.973,0,0.2944185835254028,,147.2323029263008,-1.0,5.0,52.198556,21.118732,20.0
9750,2026-05-11 20:11:51.600000+00:00,52.1998076,21.1180266,91.6,0.09,-0.094,0.004,0.973,0,0.1962790562038321,,147.24120172210243,-1.0,5.0,52.198556,21.118732,20.0
9755,2026-05-11 20:11:52.100000+00:00,52.1998076,21.1180263,91.7,0.04,-0.094,0.009,0.975,0,0.1472092917627014,,147.24787877820216,-1.0,5.0,52.198556,21.118732,20.0
9760,2026-05-11 20:11:52.600000+00:00,52.1998076,21.1180258,91.8,0.26,-0.092,0.007,0.974,0,0.2453488190842721,,147.25901284068647,-1.0,5.0,52.198556,21.118732,20.0
9765,2026-05-11 20:11:53.100000+00:00,52.1998077,21.1180257,92.0,0.03,-0.093,0.008,0.975,0,0.093901547871339,,147.27174917821904,-1.0,5.0,52.198556,21.118732,20.0
9770,2026-05-11 20:11:53.600000+00:00,52.1998077,21.1180258,92.1,0.07,-0.09,0.007,0.973,0,0.0490697643307212,,147.26952167942113,-1.0,5.0,52.198556,21.118732,20.0
9775,2026-05-11 20:11:54.100000+00:00,52.1998077,21.1180261,92.1,0.02,-0.095,0.007,0.976,0,0.1472092914314732,,147.26284087342776,-1.0,5.0,52.198556,21.118732,20.0
9780,2026-05-11 20:11:54.600000+00:00,52.1998077,21.1180266,92.2,0.13,-0.091,0.005,0.972,0,0.2453488185322251,,147.25171183199427,-1.0,5.0,52.198556,21.118732,20.0
9785,2026-05-11 20:11:55.100000+00:00,52.1998076,21.118027,92.3,0.09,-0.092,0.008,0.974,0,0.2119790714512306,,147.2323029263008,-1.0,5.0,52.198556,21.118732,20.0
9790,2026-05-11 20:11:55.600000+00:00,52.1998076,21.1180272,92.3,0.12,-0.092,0.006,0.974,0,0.0981395273215707,,147.22785521967458,-1.0,5.0,52.198556,21.118732,20.0
9795,2026-05-11 20:11:56.100000+00:00,52.1998078,21.1180276,92.4,0.15,-0.094,0.007,0.976,0,0.2533063461991679,,147.23998667422086,-1.0,5.0,52.198556,21.118732,20.0
9800,2026-05-11 20:11:56.600000+00:00,52.199808,21.1180274,92.5,0.05,-0.092,0.009,0.973,0,0.1878030954541969,,147.26545469755163,-1.0,5.0,52.198556,21.118732,20.0
9805,2026-05-11 20:11:57.100000+00:00,52.1998085,21.1180272,92.6,0.03,-0.094,0.007,0.974,0,0.4121563387711794,,147.32245800119742,-1.0,5.0,52.198556,21.118732,20.0
9810,2026-05-11 20:11:57.600000+00:00,52.1998088,21.1180271,92.6,0.13,-0.094,0.009,0.971,0,0.2451423552888715,,147.35621567724462,-1.0,5.0,52.198556,21.118732,20.0
9815,2026-05-11 20:11:58.100000+00:00,52.1998091,21.1180269,92.7,0.17,-0.091,0.005,0.973,0,0.2594577016120801,,147.3921953832701,-1.0,5.0,52.198556,21.118732,20.0
9820,2026-05-11 20:11:58.600000+00:00,52.1998093,21.1180269,92.8,0.18,-0.096,0.009,0.972,0,0.1601206909271013,,147.41321932428465,-1.0,5.0,52.198556,21.118732,20.0
9825,2026-05-11 20:11:59.100000+00:00,52.1998097,21.1180267,92.8,0.21,-0.076,0.008,0.974,0,0.3349416593601004,,147.45971101422592,-1.0,5.0,52.198556,21.118732,20.0
9830,2026-05-11 20:11:59.600000+00:00,52.199811,21.1180256,92.9,1.08,-0.041,-0.008,0.971,0,1.172425355284348,,147.62080836948113,-1.0,5.0,52.198556,21.118732,20.0
9835,2026-05-11 20:12:00.100000+00:00,52.1998137,21.1180234,93.0,2.42,-0.02,-0.01,0.979,0,2.416202950431143,,147.95352490257733,-1.0,5.0,52.198556,21.118732,20.0
9840,2026-05-11 20:12:00.600000+00:00,52.1998179,21.1180196,93.0,4.22,-0.015,-0.002,0.981,0,3.844939659062566,,148.47952677057762,-1.0,5.0,52.198556,21.118732,20.0
9845,2026-05-11 20:12:01.100000+00:00,52.1998237,21.1180144,93.0,5.62,0.0,-0.013,0.973,0,5.298385953754527,,149.2049401201159,-1.0,5.0,52.198556,21.118732,20.0
9850,2026-05-11 20:12:01.600000+00:00,52.1998314,21.1180073,93.1,7.35,0.0,-0.021,0.99,0,7.0810160734374135,,150.17255154998537,-1.0,5.0,52.198556,21.118732,20.0
9855,2026-05-11 20:12:02.100000+00:00,52.1998415,21.1179983,93.1,9.62,0.022,-0.012,0.966,0,9.213491526121228,,151.43502106569372,-1.0,5.0,52.198556,21.118732,20.0
9860,2026-05-11 20:12:02.600000+00:00,52.1998532,21.1179866,93.2,11.4,0.022,-0.01,0.98,0,10.986478564522168,,152.92667041146268,-1.0,5.0,52.198556,21.118732,20.0
9865,2026-05-11 20:12:03.100000+00:00,52.199868,21.1179718,93.2,14.81,0.026,-0.022,0.977,0,13.897424740677945,,154.81449940871494,-1.0,5.0,52.198556,21.118732,20.0
9870,2026-05-11 20:12:03.600000+00:00,52.1998849,21.1179555,93.3,16.36,0.025,-0.014,1.0,0,15.717506956485034,,156.9576640606439,-1.0,5.0,52.198556,21.118732,20.0
9875,2026-05-11 20:12:04.100000+00:00,52.1999047,21.1179367,93.2,19.06,0.039,0.0,0.952,0,18.340847936670784,,159.4630826200234,-1.0,5.0,52.198556,21.118732,20.0
9880,2026-05-11 20:12:04.600000+00:00,52.1999258,21.1179128,93.3,21.08,0.022,-0.006,0.993,0,20.564583592193323,,162.2249187642577,-1.0,5.0,52.198556,21.118732,20.0
9885,2026-05-11 20:12:05.100000+00:00,52.1999489,21.1178862,93.4,22.93,0.007,-0.022,0.967,0,22.63612331949751,,165.26254755403414,-1.0,5.0,52.198556,21.118732,20.0
9890,2026-05-11 20:12:05.600000+00:00,52.1999743,21.1178592,93.5,24.35,-0.02,-0.007,0.967,0,24.27047626750608,,168.5529802502199,-1.0,5.0,52.198556,21.118732,20.0
9895,2026-05-11 20:12:06.100000+00:00,52.2000004,21.1178303,93.5,25.53,-0.027,0.002,0.972,0,25.253437714237517,,171.9654783644626,-1.0,5.0,52.198556,21.118732,20.0
9900,2026-05-11 20:12:06.600000+00:00,52.2000275,21.1178002,93.6,26.64,-0.031,-0.01,0.975,0,26.24657355896549,,175.5149701756162,-1.0,5.0,52.198556,21.118732,20.0
9905,2026-05-11 20:12:07.100000+00:00,52.2000557,21.1177685,93.7,28.24,-0.034,-0.039,0.975,0,27.416797728626296,,179.2220665173249,-1.0,5.0,52.198556,21.118732,20.0
9910,2026-05-11 20:12:07.600000+00:00,52.2000854,21.1177363,93.7,29.06,-0.024,-0.018,0.975,0,28.54892879835375,,183.10084423981507,-1.0,5.0,52.198556,21.118732,20.0
9915,2026-05-11 20:12:08.100000+00:00,52.2001171,21.1177035,93.8,30.08,-0.023,-0.012,0.976,0,30.0523221110577,,187.20476130862968,-1.0,5.0,52.198556,21.118732,20.0
9920,2026-05-11 20:12:08.600000+00:00,52.20015,21.1176691,93.7,31.62,-0.046,-0.018,0.982,0,31.2844705932025,,191.4764711579044,-1.0,5.0,52.198556,21.118732,20.0
9925,2026-05-11 20:12:09.100000+00:00,52.2001838,21.1176334,93.8,32.46,-0.044,-0.023,0.965,0,32.23565050955771,,195.87774690942112,-1.0,5.0,52.198556,21.118732,20.0
9930,2026-05-11 20:12:09.600000+00:00,52.2002192,21.1175973,93.8,33.78,-0.047,-0.016,0.95,0,33.421843627707354,,200.45703810946185,-1.0,5.0,52.198556,21.118732,20.0
9935,2026-05-11 20:12:10.100000+00:00,52.2002554,21.1175601,93.8,34.68,-0.053,-0.013,0.987,0,34.251243867156454,,205.15026662482117,-1.0,5.0,52.198556,21.118732,20.0
9940,2026-05-11 20:12:10.600000+00:00,52.2002928,21.1175223,93.7,35.3,-0.043,-0.009,0.971,0,35.22204316307673,,209.985145170388,-1.0,5.0,52.198556,21.118732,20.0
9945,2026-05-11 20:12:11.100000+00:00,52.2003312,21.1174831,93.6,36.39,-0.05,-0.01,0.967,0,36.26476112433812,,214.9624894449506,-1.0,5.0,52.198556,21.118732,20.0
9950,2026-05-11 20:12:11.600000+00:00,52.2003705,21.1174429,93.5,37.18,-0.041,0.005,0.972,0,37.13586938433336,,220.06150055655792,-1.0,5.0,52.198556,21.118732,20.0
9955,2026-05-11 20:12:12.100000+00:00,52.2004108,21.1174015,93.3,38.48,-0.042,0.006,0.958,0,38.12702391988185,,225.29789206552397,-1.0,5.0,52.198556,21.118732,20.0
9960,2026-05-11 20:12:12.600000+00:00,52.2004522,21.1173582,93.2,39.59,-0.042,0.005,0.976,0,39.370307473245546,,230.70131012764995,-1.0,5.0,52.198556,21.118732,20.0
9965,2026-05-11 20:12:13.100000+00:00,52.2004954,21.1173135,93.1,40.59,-0.047,-0.007,0.987,0,40.95473430902227,,236.32937417156128,-1.0,5.0,52.198556,21.118732,20.0
9970,2026-05-11 20:12:13.600000+00:00,52.2005391,21.1172677,93.0,41.62,-0.03,-0.016,0.952,0,41.582551507292834,,242.0418053413173,-1.0,5.0,52.198556,21.118732,20.0
9975,2026-05-11 20:12:14.100000+00:00,52.2005841,21.117222,92.9,42.74,-0.067,-0.019,0.988,0,42.436001947660976,,247.88582211336836,-1.0,5.0,52.198556,21.118732,20.0
9980,2026-05-11 20:12:14.600000+00:00,52.2006303,21.1171755,92.8,43.45,-0.065,-0.006,0.936,0,43.45940797141955,,253.87615353878644,-1.0,5.0,52.198556,21.118732,20.0
9985,2026-05-11 20:12:15.100000+00:00,52.2006776,21.1171284,92.7,43.53,-0.098,-0.002,1.009,0,44.363997958788765,,259.9967701585589,-1.0,5.0,52.198556,21.118732,20.0
9990,2026-05-11 20:12:15.600000+00:00,52.2007245,21.117082,92.6,43.74,-0.081,-0.009,0.964,0,43.911876481222095,,266.058805843722,-1.0,5.0,52.198556,21.118732,20.0
9995,2026-05-11 20:12:16.100000+00:00,52.2007721,21.1170352,92.5,44.4,-0.081,-0.018,0.957,0,44.49300780620906,,272.2045307230202,-1.0,5.0,52.198556,21.118732,20.0
10000,2026-05-11 20:12:16.600000+00:00,52.20082,21.1169882,92.3,44.6,-0.084,-0.013,0.972,0,44.74938205406194,,278.3877385590939,-1.0,5.0,52.198556,21.118732,20.0
10005,2026-05-11 20:12:17.100000+00:00,52.2008688,21.1169405,92.3,45.31,-0.081,-0.015,0.998,0,45.54393635838704,,284.6832030749109,-1.0,5.0,52.198556,21.118732,20.0
10010,2026-05-11 20:12:17.600000+00:00,52.2009179,21.1168924,92.4,45.48,-0.067,-0.013,0.956,0,45.850850590047095,,291.02181924598494,-1.0,5.0,52.198556,21.118732,20.0
10015,2026-05-11 20:12:18.100000+00:00,52.2009679,21.1168448,92.2,46.66,-0.062,-0.016,0.948,0,46.34593913186062,,297.4371876084448,-1.0,5.0,52.198556,21.118732,20.0
10020,2026-05-11 20:12:18.600000+00:00,52.2010184,21.1167972,92.2,46.71,-0.086,-0.015,1.005,0,46.69211258709188,,303.903557058565,-1.0,5.0,52.198556,21.118732,20.0
10025,2026-05-11 20:12:19.100000+00:00,52.2010697,21.1167491,92.2,47.6,-0.052,-0.008,0.947,0,47.36953951339412,,310.4656219635079,-1.0,5.0,52.198556,21.118732,20.0
10030,2026-05-11 20:12:19.600000+00:00,52.2011216,21.1166999,92.3,47.95,-0.074,-0.014,0.992,0,48.05549112097362,,317.12114722302005,-1.0,5.0,52.198556,21.118732,20.0
10035,2026-05-11 20:12:20.100000+00:00,52.2011744,21.1166496,92.4,48.85,-0.053,-0.017,0.959,0,48.94976312606558,,323.9002509416736,-1.0,5.0,52.204095,21.113727,19.0
10040,2026-05-11 20:12:20.600000+00:00,52.2012278,21.1165986,92.6,49.05,-0.066,0.003,0.991,0,49.53779504380747,,330.7610484165552,-1.0,5.0,52.204095,21.113727,19.0
10045,2026-05-11 20:12:21.100000+00:00,52.2012818,21.1165479,92.8,49.67,-0.057,-0.02,0.969,0,49.87935065601658,,337.67350452596685,-1.0,5.0,52.204095,21.113727,19.0
10050,2026-05-11 20:12:21.600000+00:00,52.2013365,21.116497,93.0,50.16,-0.056,-0.011,0.972,0,50.41439881742429,,344.66241620858574,-1.0,5.0,52.204095,21.113727,19.0
10055,2026-05-11 20:12:22.100000+00:00,52.2013916,21.1164451,93.1,50.34,-0.084,-0.006,0.964,0,50.93635411157017,,351.7219169937897,-1.0,5.0,52.204095,21.113727,19.0
10060,2026-05-11 20:12:22.600000+00:00,52.2014464,21.1163936,93.3,50.03,-0.099,-0.002,0.975,0,50.63022623219553,,346.06355436239454,-1.0,5.0,52.204095,21.113727,19.0
10065,2026-05-11 20:12:23.100000+00:00,52.2015003,21.116343,93.4,49.8,-0.097,0.0,0.944,0,49.78542508949552,,339.1522421097212,-1.0,5.0,52.204095,21.113727,19.0
10070,2026-05-11 20:12:23.600000+00:00,52.2015541,21.1162922,93.5,49.58,-0.106,0.008,0.967,0,49.7651140851065,,332.2433549851798,-1.0,5.0,52.204095,21.113727,19.0
10075,2026-05-11 20:12:24.100000+00:00,52.201608,21.1162418,93.6,49.54,-0.09,0.004,0.962,0,49.73652693319325,,325.3395009867266,-1.0,5.0,52.204095,21.113727,19.0
10080,2026-05-11 20:12:24.600000+00:00,52.2016619,21.1161915,93.7,49.27,-0.084,0.001,0.959,0,49.712132630506446,,318.43941688617707,-1.0,5.0,52.204095,21.113727,19.0
10085,2026-05-11 20:12:25.100000+00:00,52.2017158,21.1161411,93.7,49.25,-0.089,-0.009,0.978,0,49.73649711085248,,311.53593039730185,-1.0,5.0,52.204095,21.113727,19.0
10090,2026-05-11 20:12:25.600000+00:00,52.20177,21.1160916,93.8,49.58,-0.093,-0.006,0.964,0,49.72783085789587,,304.6367691446765,-1.0,5.0,52.204095,21.113727,19.0
10095,2026-05-11 20:12:26.100000+00:00,52.2018237,21.1160421,93.8,49.46,-0.111,-0.003,0.928,0,49.37889850964224,,297.7851094746111,-1.0,5.0,52.204095,21.113727,19.0
10100,2026-05-11 20:12:26.600000+00:00,52.2018767,21.1159934,93.8,48.65,-0.136,0.014,0.989,0,48.69790746414889,,291.02866385062674,-1.0,5.0,52.204095,21.113727,19.0
10105,2026-05-11 20:12:27.100000+00:00,52.2019291,21.1159448,93.8,48.46,-0.11,-0.007,0.959,0,48.25564778692968,,284.3326930899685,-1.0,5.0,52.204095,21.113727,19.0
10110,2026-05-11 20:12:27.600000+00:00,52.2019812,21.1158972,93.8,47.61,-0.122,0.012,0.943,0,47.80534201963592,,277.7015484771232,-1.0,5.0,52.204095,21.113727,19.0
10115,2026-05-11 20:12:28.100000+00:00,52.202033,21.1158499,93.8,47.35,-0.122,0.012,0.979,0,47.52384765109969,,271.10994337124856,-1.0,5.0,52.204095,21.113727,19.0
10120,2026-05-11 20:12:28.600000+00:00,52.202084,21.1158035,93.7,46.77,-0.118,0.004,0.961,0,46.74931592799394,,264.6267527937546,-1.0,5.0,52.204095,21.113727,19.0
10125,2026-05-11 20:12:29.100000+00:00,52.2021339,21.1157569,93.7,45.94,-0.124,0.019,0.952,0,46.03080139955114,,258.2400293497239,-1.0,5.0,52.204095,21.113727,19.0
10130,2026-05-11 20:12:29.600000+00:00,52.202184,21.1157112,93.6,46.05,-0.111,0.011,0.937,0,45.95272564750931,,251.8677914481423,-1.0,5.0,52.204095,21.113727,19.0
10135,2026-05-11 20:12:30.100000+00:00,52.2022331,21.1156655,93.6,45.11,-0.139,0.016,0.993,0,45.255585875374415,,245.5898112066623,-1.0,5.0,52.204095,21.113727,19.0
10140,2026-05-11 20:12:30.600000+00:00,52.2022825,21.1156206,93.5,45.18,-0.104,0.009,0.945,0,45.27203738155135,,239.3135230050824,-1.0,5.0,52.204095,21.113727,19.0
10145,2026-05-11 20:12:31.100000+00:00,52.2023314,21.1155756,93.5,44.71,-0.127,0.019,0.971,0,44.94682665406025,,233.0809480915542,-1.0,5.0,52.204095,21.113727,19.0
10150,2026-05-11 20:12:31.600000+00:00,52.2023801,21.1155311,93.3,44.64,-0.113,0.01,0.941,0,44.6870299358553,,226.886081533211,-1.0,5.0,52.204095,21.113727,19.0
10155,2026-05-11 20:12:32.100000+00:00,52.2024281,21.1154865,93.2,43.95,-0.13,0.017,0.962,0,44.22315864790911,,220.7535199958924,-1.0,5.0,52.204095,21.113727,19.0
10160,2026-05-11 20:12:32.600000+00:00,52.2024763,21.1154419,93.1,44.33,-0.121,0.006,0.958,0,44.36235913603301,,214.60285358188403,-1.0,5.0,52.204095,21.113727,19.0
10165,2026-05-11 20:12:33.100000+00:00,52.202524,21.1153972,93.0,43.68,-0.127,0.019,0.981,0,44.03899976690949,,208.4956845983155,-1.0,5.0,52.204095,21.113727,19.0
10170,2026-05-11 20:12:33.600000+00:00,52.2025718,21.1153534,92.9,43.89,-0.116,0.017,0.963,0,43.89051830926552,,202.41335367348893,-1.0,5.0,52.204095,21.113727,19.0
10175,2026-05-11 20:12:34.100000+00:00,52.2026192,21.1153092,92.8,43.63,-0.119,0.011,0.956,0,43.70861660073632,,196.35406511712048,-1.0,5.0,52.204095,21.113727,19.0
10180,2026-05-11 20:12:34.600000+00:00,52.2026667,21.1152648,92.7,43.57,-0.126,0.016,0.979,0,43.82683057990067,,190.27871456542977,-1.0,5.0,52.204095,21.113727,19.0
10185,2026-05-11 20:12:35.100000+00:00,52.2027137,21.115221,92.6,43.51,-0.106,0.007,0.958,0,43.33317186279055,,184.2730713811157,-1.0,5.0,52.204095,21.113727,19.0
10190,2026-05-11 20:12:35.600000+00:00,52.2027604,21.1151774,92.5,43.06,-0.12,0.015,0.958,0,43.07594347272708,,178.30361643906642,-1.0,5.0,52.204095,21.113727,19.0
10195,2026-05-11 20:12:36.100000+00:00,52.2028072,21.1151345,92.4,43.07,-0.126,0.018,0.997,0,42.97617299112532,,172.35238963255387,-1.0,5.0,52.204095,21.113727,19.0
10200,2026-05-11 20:12:36.600000+00:00,52.2028534,21.1150912,92.3,42.89,-0.106,0.009,0.942,0,42.6554302339002,,166.44253600681452,-1.0,5.0,52.204095,21.113727,19.0
10205,2026-05-11 20:12:37.100000+00:00,52.2028995,21.1150474,92.1,42.64,-0.124,0.019,0.97,0,42.70893791407626,,160.5238590991272,-1.0,5.0,52.204095,21.113727,19.0
10210,2026-05-11 20:12:37.600000+00:00,52.2029451,21.115004,91.9,41.79,-0.118,0.009,0.957,0,42.26424922860614,,154.66748914179584,-1.0,5.0,52.204095,21.113727,19.0
10215,2026-05-11 20:12:38.100000+00:00,52.2029909,21.1149611,91.8,42.29,-0.127,0.004,0.974,0,42.279951847037296,,148.81310130997642,-1.0,5.0,52.204095,21.113727,19.0
10220,2026-05-11 20:12:38.600000+00:00,52.2030366,21.1149192,91.7,41.83,-0.108,0.009,0.961,0,41.968000008949424,,143.00803493784903,-1.0,5.0,52.204095,21.113727,19.0
10225,2026-05-11 20:12:39.100000+00:00,52.2030822,21.1148778,91.6,41.85,-0.12,0.027,0.989,0,41.77837891490957,,137.23358536732832,-1.0,5.0,52.204095,21.113727,19.0
10230,2026-05-11 20:12:39.600000+00:00,52.2031279,21.1148367,91.5,42.34,-0.083,-0.004,0.934,0,41.77709410693609,,131.46427497377553,-1.0,5.0,52.204095,21.113727,19.0
10235,2026-05-11 20:12:40.100000+00:00,52.2031738,21.1147956,91.5,42.23,-0.094,0.001,0.979,0,41.91738600145341,,125.67988431730546,-1.0,5.0,52.204095,21.113727,19.0
10240,2026-05-11 20:12:40.600000+00:00,52.2032201,21.1147545,91.5,42.47,-0.083,0.005,0.975,0,42.19840315428928,,119.86302010054264,-1.0,5.0,52.204095,21.113727,19.0
10245,2026-05-11 20:12:41.100000+00:00,52.2032667,21.1147113,91.4,43.24,-0.084,0.001,0.972,0,42.90906116509665,,113.93941196606283,-1.0,5.0,52.204095,21.113727,19.0
10250,2026-05-11 20:12:41.600000+00:00,52.2033142,21.1146681,91.4,43.89,-0.071,0.0,0.954,0,43.53699555941631,,107.93925222383044,-1.0,5.0,52.204095,21.113727,19.0
10255,2026-05-11 20:12:42.100000+00:00,52.2033623,21.1146243,91.5,44.58,-0.082,-0.001,0.975,0,44.099906555006406,,101.86670285069,-1.0,5.0,52.204095,21.113727,19.0
10260,2026-05-11 20:12:42.600000+00:00,52.2034108,21.1145797,91.5,45.01,-0.071,0.0,0.976,0,44.571214829583816,,95.73239273290515,-1.0,5.0,52.204095,21.113727,19.0
10265,2026-05-11 20:12:43.100000+00:00,52.20346,21.1145341,91.4,45.82,-0.061,0.0,0.97,0,45.30058481310289,,89.50252376102846,-1.0,5.0,52.204095,21.113727,19.0
10270,2026-05-11 20:12:43.600000+00:00,52.2035101,21.1144889,91.4,46.34,-0.066,0.004,0.965,0,45.833188372571385,,83.22071556415473,-1.0,5.0,52.204095,21.113727,19.0
10275,2026-05-11 20:12:44.100000+00:00,52.2035608,21.1144425,91.4,46.94,-0.062,0.009,0.98,0,46.53931902274911,19.0,76.84924700081079,-1.0,5.0,52.204095,21.113727,19.0
10280,2026-05-11 20:12:44.600000+00:00,52.2036123,21.1143955,91.3,47.78,-0.06,0.002,0.967,0,47.241969136877536,19.0,70.40030945485587,-1.0,5.0,52.204095,21.113727,19.0
10285,2026-05-11 20:12:45.100000+00:00,52.2036644,21.1143476,91.3,48.36,-0.075,0.013,0.987,0,47.87699531539344,19.0,63.88364114434759,-1.0,5.0,52.204095,21.113727,19.0
10290,2026-05-11 20:12:45.600000+00:00,52.2037166,21.1142994,91.3,48.3,-0.088,0.012,0.949,0,48.019071762941415,19.0,57.37541964096183,-1.0,5.0,52.204095,21.113727,19.0
10295,2026-05-11 20:12:46.100000+00:00,52.2037686,21.1142511,91.3,47.92,-0.131,0.02,0.967,0,47.9040224557056,19.0,50.91998488189768,-1.0,5.0,52.204095,21.113727,19.0
10300,2026-05-11 20:12:46.600000+00:00,52.2038203,21.1142035,91.3,47.53,-0.11,0.012,0.967,0,47.52570531764979,19.0,44.58046121751247,-1.0,5.0,52.204095,21.113727,19.0
10305,2026-05-11 20:12:47.100000+00:00,52.2038717,21.1141569,91.3,47.26,-0.118,0.023,0.956,0,47.07641211115336,19.0,38.40280030759969,-1.0,5.0,52.204095,21.113727,19.0
10310,2026-05-11 20:12:47.600000+00:00,52.2039225,21.1141101,91.4,46.92,-0.116,0.017,0.968,0,46.70524986580105,19.0,32.39563528896073,-1.0,5.0,52.204095,21.113727,19.0
10315,2026-05-11 20:12:48.100000+00:00,52.2039728,21.1140633,91.4,46.33,-0.114,0.002,0.971,0,46.35707431399957,19.0,26.64292786780727,-1.0,5.0,52.204095,21.113727,19.0
10320,2026-05-11 20:12:48.600000+00:00,52.2040229,21.114018,91.4,45.9,-0.126,0.004,0.966,0,45.8568259892701,19.0,21.389767033205064,-1.0,5.0,52.204095,21.113727,19.0
10325,2026-05-11 20:12:49.100000+00:00,52.2040724,21.1139725,91.4,45.25,-0.121,0.015,0.966,0,45.485328033801984,19.0,16.917504526619283,-1.0,5.0,52.204095,21.113727,19.0
10330,2026-05-11 20:12:49.600000+00:00,52.2041216,21.1139276,91.4,45.08,-0.116,0.016,0.95,0,45.13177755617687,19.0,13.986385907994272,-1.0,5.0,52.204095,21.113727,19.0
10335,2026-05-11 20:12:50.100000+00:00,52.2041701,21.1138827,91.4,44.51,-0.123,0.008,0.967,0,44.64348350266853,19.0,13.502347510533296,-1.0,5.0,52.204095,21.113727,19.0
10340,2026-05-11 20:12:50.600000+00:00,52.2042183,21.1138388,91.4,44.06,-0.126,0.008,0.974,0,44.19352586011162,19.0,15.684955665027392,-1.0,5.0,52.204095,21.113727,19.0
10345,2026-05-11 20:12:51.100000+00:00,52.2042661,21.1137951,91.4,43.63,-0.127,0.02,0.973,0,43.866113768715344,19.0,19.583262033426266,-1.0,5.0,52.204095,21.113727,19.0
10350,2026-05-11 20:12:51.600000+00:00,52.2043132,21.1137516,91.4,43.32,-0.115,0.014,0.953,0,43.329633749602,19.0,24.32057723459432,-1.0,5.0,52.204095,21.113727,19.0
10355,2026-05-11 20:12:52.100000+00:00,52.2043598,21.1137084,91.4,42.97,-0.118,0.018,0.97,0,42.90880360169766,19.0,29.471685526634896,-1.0,5.0,52.204095,21.113727,19.0
10360,2026-05-11 20:12:52.600000+00:00,52.2044059,21.1136653,91.4,42.55,-0.115,0.012,0.954,0,42.53678618812601,19.0,34.82525230465194,-1.0,5.0,52.204095,21.113727,19.0
10365,2026-05-11 20:12:53.100000+00:00,52.2044518,21.1136221,91.4,42.34,-0.118,0.02,0.969,0,42.42241172284552,19.0,40.31320762500035,-1.0,5.0,52.204095,21.113727,19.0
10370,2026-05-11 20:12:53.600000+00:00,52.2044969,21.1135794,91.4,41.44,-0.108,0.007,0.956,0,41.74515862367093,19.0,45.8071760065834,-1.0,5.0,52.204095,21.113727,19.0
10375,2026-05-11 20:12:54.100000+00:00,52.2045416,21.1135372,91.5,41.09,-0.127,0.026,0.988,0,41.345069413124975,19.0,51.31637347857777,-1.0,5.0,52.204095,21.113727,19.0
10380,2026-05-11 20:12:54.600000+00:00,52.2045857,21.113495,91.5,41.11,-0.097,0.007,0.944,0,40.92997976904003,19.0,56.80763676509916,-1.0,5.0,52.204095,21.113727,19.0
10385,2026-05-11 20:12:55.100000+00:00,52.2046296,21.1134528,91.6,40.79,-0.102,0.013,0.981,0,40.7919280568948,19.0,62.31237903156542,-1.0,5.0,52.204095,21.113727,19.0
10390,2026-05-11 20:12:55.600000+00:00,52.2046732,21.1134109,91.6,39.9,-0.078,0.002,0.952,0,40.51026456203271,19.0,67.8054765639938,-1.0,5.0,52.204095,21.113727,19.0
10395,2026-05-11 20:12:56.100000+00:00,52.2047178,21.1133675,91.7,41.54,-0.084,0.016,0.963,0,41.5742161458839,19.0,73.4576919225924,-1.0,5.0,52.204095,21.113727,19.0
10400,2026-05-11 20:12:56.600000+00:00,52.2047622,21.1133239,91.6,41.44,-0.102,0.005,0.963,0,41.487275898198185,19.0,79.11139794632761,-1.0,5.0,52.204095,21.113727,19.0
10405,2026-05-11 20:12:57.100000+00:00,52.2048069,21.1132802,91.6,41.94,-0.095,0.001,0.968,0,41.71843403115826,,84.81328419488763,-1.0,5.0,52.204095,21.113727,19.0
10410,2026-05-11 20:12:57.600000+00:00,52.2048511,21.1132367,91.6,41.81,-0.114,0.018,0.976,0,41.32478137684026,,90.47019642605164,-1.0,5.0,52.204095,21.113727,19.0
10415,2026-05-11 20:12:58.100000+00:00,52.204895,21.1131929,91.8,41.69,-0.108,0.007,0.953,0,41.19588115255138,,96.11376740233578,-1.0,5.0,52.204095,21.113727,19.0
10420,2026-05-11 20:12:58.600000+00:00,52.2049385,21.1131493,91.8,41.5,-0.111,0.021,0.962,0,40.87155009053159,,101.71977138908424,-1.0,5.0,52.204095,21.113727,19.0
10425,2026-05-11 20:12:59.100000+00:00,52.2049827,21.1131061,91.8,41.47,-0.114,0.013,0.964,0,41.248921372474506,,107.3939833798276,-1.0,5.0,52.204095,21.113727,19.0
10430,2026-05-11 20:12:59.600000+00:00,52.2050268,21.1130629,91.9,41.35,-0.107,0.026,0.968,0,41.180248804758186,,113.06353174250664,-1.0,5.0,52.204095,21.113727,19.0
10435,2026-05-11 20:13:00.100000+00:00,52.2050706,21.1130197,92.0,41.27,-0.091,0.018,0.949,0,40.97450099753743,,118.70738300961156,-1.0,5.0,52.204095,21.113727,19.0
10440,2026-05-11 20:13:00.600000+00:00,52.2051144,21.1129759,92.0,41.39,-0.105,0.016,0.982,0,41.12754297335199,,124.3723431647586,-1.0,5.0,52.204095,21.113727,19.0
10445,2026-05-11 20:13:01.100000+00:00,52.205158,21.1129319,91.9,41.39,-0.1,0.017,0.971,0,41.04262363058549,,130.02689312982525,-1.0,5.0,52.204095,21.113727,19.0
10450,2026-05-11 20:13:01.600000+00:00,52.2052012,21.1128866,91.9,41.44,-0.091,0.015,0.961,0,41.11189104072868,,135.68231005878417,-1.0,5.0,52.204095,21.113727,19.0
10455,2026-05-11 20:13:02.100000+00:00,52.2052447,21.1128413,91.9,41.52,-0.089,0.01,0.968,0,41.31413977066518,,141.37227883804823,-1.0,5.0,52.204095,21.113727,19.0
10460,2026-05-11 20:13:02.600000+00:00,52.2052883,21.1127945,91.8,41.74,-0.084,0.012,0.956,0,41.7815288316536,,147.12013823393255,-1.0,5.0,52.204095,21.113727,19.0
10465,2026-05-11 20:13:03.100000+00:00,52.2053322,21.112747,91.8,41.99,-0.091,0.016,0.995,0,42.17120695743436,,152.92300055935104,-1.0,5.0,52.204095,21.113727,19.0
10470,2026-05-11 20:13:03.600000+00:00,52.2053762,21.1126991,91.7,42.22,-0.085,0.005,0.947,0,42.346543462178985,,158.75185145762586,-1.0,5.0,52.204095,21.113727,19.0
10475,2026-05-11 20:13:04.100000+00:00,52.2054206,21.1126511,91.7,42.58,-0.094,0.011,0.985,0,42.64037685141117,,164.62730266951775,-1.0,5.0,52.204095,21.113727,19.0
10480,2026-05-11 20:13:04.600000+00:00,52.2054649,21.1126035,91.6,42.85,-0.082,0.001,0.956,0,42.46539782178929,,170.48381553009006,-1.0,5.0,52.204095,21.113727,19.0
10485,2026-05-11 20:13:05.100000+00:00,52.2055097,21.1125552,91.6,43.3,-0.086,0.016,0.972,0,42.98864570816886,,176.41425727660345,-1.0,5.0,52.204095,21.113727,19.0
10490,2026-05-11 20:13:05.600000+00:00,52.2055548,21.1125063,91.5,43.52,-0.075,-0.005,0.946,0,43.35145084130137,,182.3956548587105,-1.0,5.0,52.204095,21.113727,19.0
10495,2026-05-11 20:13:06.100000+00:00,52.2056004,21.112457,91.4,44.16,-0.09,0.012,0.983,0,43.79349798938059,,188.4414823592818,-1.0,5.0,52.204095,21.113727,19.0
10500,2026-05-11 20:13:06.600000+00:00,52.2056462,21.1124073,91.3,44.26,-0.084,-0.002,0.99,0,44.035425253443286,,190.1864437087776,-1.0,5.0,52.206974,21.110648,18.0
10505,2026-05-11 20:13:07.100000+00:00,52.2056925,21.1123573,91.2,44.41,-0.086,0.007,0.937,0,44.450352989337205,,184.04299781163104,-1.0,5.0,52.206974,21.110648,18.0
10510,2026-05-11 20:13:07.600000+00:00,52.2057392,21.1123078,91.1,44.76,-0.093,0.008,0.98,0,44.58363741622279,,177.88897018843866,-1.0,5.0,52.206974,21.110648,18.0
10515,2026-05-11 20:13:08.100000+00:00,52.2057864,21.1122591,91.1,44.91,-0.084,0.01,0.964,0,44.70885699804765,,171.72976675293046,-1.0,5.0,52.206974,21.110648,18.0
10520,2026-05-11 20:13:08.600000+00:00,52.2058333,21.1122089,91.0,45.12,-0.096,0.008,0.969,0,44.90542172607282,,165.53418230052318,-1.0,5.0,52.206974,21.110648,18.0
10525,2026-05-11 20:13:09.100000+00:00,52.2058807,21.112159,91.0,45.36,-0.093,0.011,0.986,0,45.16069503358483,,159.3125991288919,-1.0,5.0,52.206974,21.110648,18.0
10530,2026-05-11 20:13:09.600000+00:00,52.2059283,21.1121087,91.1,45.29,-0.093,0.007,0.972,0,45.40168970871791,,153.0605395185098,-1.0,5.0,52.206974,21.110648,18.0
10535,2026-05-11 20:13:10.100000+00:00,52.2059759,21.112058,91.1,45.53,-0.085,0.019,0.948,0,45.50864879150912,,146.79523726112447,-1.0,5.0,52.206974,21.110648,18.0
10540,2026-05-11 20:13:10.600000+00:00,52.2060233,21.1120076,91.1,45.49,-0.106,0.015,0.983,0,45.29411099014236,,140.56509340320406,-1.0,5.0,52.206974,21.110648,18.0
10545,2026-05-11 20:13:11.100000+00:00,52.2060705,21.1119568,91.1,45.14,-0.091,0.017,0.968,0,45.26778457731089,,134.33914229375262,-1.0,5.0,52.206974,21.110648,18.0
10550,2026-05-11 20:13:11.600000+00:00,52.2061177,21.1119052,91.2,45.34,-0.094,0.011,0.974,0,45.48505754173906,,128.082707791007,-1.0,5.0,52.206974,21.110648,18.0
10555,2026-05-11 20:13:12.100000+00:00,52.2061646,21.1118538,91.2,45.41,-0.086,0.013,0.942,0,45.23091745807681,,121.86638965871056,-1.0,5.0,52.206974,21.110648,18.0
10560,2026-05-11 20:13:12.600000+00:00,52.2062115,21.111802,91.2,45.31,-0.105,0.017,0.978,0,45.34061389808952,,115.6386438224676,-1.0,5.0,52.206974,21.110648,18.0
10565,2026-05-11 20:13:13.100000+00:00,52.206258,21.1117498,91.2,45.01,-0.095,0.016,0.973,0,45.18669215934776,,109.432511761974,-1.0,5.0,52.206974,21.110648,18.0
10570,2026-05-11 20:13:13.600000+00:00,52.2063048,21.1116974,91.2,45.14,-0.094,0.006,0.98,0,45.44020405909456,,103.20132579482404,-1.0,5.0,52.206974,21.110648,18.0
10575,2026-05-11 20:13:14.100000+00:00,52.2063514,21.1116448,91.2,45.42,-0.083,0.019,0.95,0,45.36400000896831,,96.9868107053554,-1.0,5.0,52.206974,21.110648,18.0
10580,2026-05-11 20:13:14.600000+00:00,52.2063985,21.1115926,91.2,45.55,-0.093,0.011,0.976,0,45.583216814216165,,90.76427277346988,-1.0,5.0,52.206974,21.110648,18.0
10585,2026-05-11 20:13:15.100000+00:00,52.2064455,21.1115398,91.2,45.34,-0.101,0.023,0.967,0,45.68327555110218,,84.53617452177788,-1.0,5.0,52.206974,21.110648,18.0
10590,2026-05-11 20:13:15.600000+00:00,52.2064921,21.1114862,91.3,45.04,-0.108,0.019,0.968,0,45.6448451898271,18.0,78.31747578932489,-1.0,5.0,52.206974,21.110648,18.0
10595,2026-05-11 20:13:16.100000+00:00,52.2065385,21.111433,91.3,45.25,-0.096,0.023,0.961,0,45.400939242009855,18.0,72.15496174814179,-1.0,5.0,52.206974,21.110648,18.0
10600,2026-05-11 20:13:16.600000+00:00,52.2065849,21.1113795,91.3,45.29,-0.102,0.02,0.971,0,45.48570127406513,18.0,66.00405677452072,-1.0,5.0,52.206974,21.110648,18.0
10605,2026-05-11 20:13:17.100000+00:00,52.2066309,21.1113267,91.3,44.79,-0.099,0.02,0.972,0,45.026061555166834,18.0,59.95294043354833,-1.0,5.0,52.206974,21.110648,18.0
10610,2026-05-11 20:13:17.600000+00:00,52.2066764,21.1112733,91.3,45.02,-0.099,0.022,0.944,0,44.87046564336026,18.0,53.94980389960328,-1.0,5.0,52.206974,21.110648,18.0
10615,2026-05-11 20:13:18.100000+00:00,52.2067216,21.1112199,91.2,44.41,-0.111,0.022,0.984,0,44.67568246581863,18.0,48.02452779156803,-1.0,5.0,52.206974,21.110648,18.0
10620,2026-05-11 20:13:18.600000+00:00,52.2067667,21.1111662,91.1,44.7,-0.111,0.017,0.947,0,44.697441393928976,18.0,42.168720047019136,-1.0,5.0,52.206974,21.110648,18.0
10625,2026-05-11 20:13:19.100000+00:00,52.2068113,21.1111134,91.1,43.91,-0.122,0.028,0.981,0,44.113950531948056,18.0,36.51054069935857,-1.0,5.0,52.206974,21.110648,18.0
10630,2026-05-11 20:13:19.600000+00:00,52.2068554,21.1110607,91.0,43.84,-0.102,0.016,0.954,0,43.76154686151438,18.0,31.060647347512425,-1.0,5.0,52.206974,21.110648,18.0
10635,2026-05-11 20:13:20.100000+00:00,52.2068994,21.1110081,91.0,43.33,-0.125,0.027,0.973,0,43.66795275178525,18.0,25.90195079611826,-1.0,5.0,52.206974,21.110648,18.0
10640,2026-05-11 20:13:20.600000+00:00,52.2069426,21.1109554,91.0,43.55,-0.117,0.021,0.965,0,43.18228402784577,18.0,21.235692374921666,-1.0,5.0,52.206974,21.110648,18.0
10645,2026-05-11 20:13:21.100000+00:00,52.2069858,21.1109031,91.0,43.16,-0.112,0.01,0.968,0,43.06505167182844,18.0,17.432333962346956,-1.0,5.0,52.206974,21.110648,18.0
10650,2026-05-11 20:13:21.600000+00:00,52.2070288,21.1108509,91.0,42.58,-0.103,0.008,0.958,0,42.907246086037176,18.0,15.109131650950896,-1.0,5.0,52.206974,21.110648,18.0
10655,2026-05-11 20:13:22.100000+00:00,52.2070717,21.1107986,91.0,42.71,-0.118,0.015,0.963,0,42.87236843935133,18.0,14.944279347404123,-1.0,5.0,52.206974,21.110648,18.0
10660,2026-05-11 20:13:22.600000+00:00,52.2071139,21.1107464,91.0,42.51,-0.115,0.014,0.967,0,42.39505873593695,18.0,16.939684783551566,-1.0,5.0,52.206974,21.110648,18.0
10665,2026-05-11 20:13:23.100000+00:00,52.2071559,21.1106951,91.0,42.14,-0.118,0.012,0.958,0,42.00147908550164,18.0,20.479407532388255,-1.0,5.0,52.206974,21.110648,18.0
10670,2026-05-11 20:13:23.600000+00:00,52.2071978,21.1106447,91.0,41.92,-0.119,0.004,0.964,0,41.67389684969535,18.0,24.88644051500213,-1.0,5.0,52.206974,21.110648,18.0
10675,2026-05-11 20:13:24.100000+00:00,52.2072397,21.1105947,90.9,41.55,-0.125,0.006,0.977,0,41.557741253384165,18.0,29.766892952724533,-1.0,5.0,52.206974,21.110648,18.0
10680,2026-05-11 20:13:24.600000+00:00,52.207281,21.1105442,91.0,41.36,-0.113,0.016,0.959,0,41.31758776932524,18.0,34.86190154942642,-1.0,5.0,52.206974,21.110648,18.0
10685,2026-05-11 20:13:25.100000+00:00,52.207322,21.1104937,91.0,40.96,-0.121,0.007,0.959,0,41.12561821425331,18.0,40.09882435634005,-1.0,5.0,52.206974,21.110648,18.0
10690,2026-05-11 20:13:25.600000+00:00,52.2073627,21.1104436,91.1,40.64,-0.123,0.012,0.988,0,40.815675912725176,18.0,45.41019675102424,-1.0,5.0,52.206974,21.110648,18.0
10695,2026-05-11 20:13:26.100000+00:00,52.2074035,21.1103943,91.1,40.84,-0.103,0.007,0.943,0,40.64482173777557,18.0,50.79076725599779,-1.0,5.0,52.206974,21.110648,18.0
10700,2026-05-11 20:13:26.600000+00:00,52.2074437,21.1103449,91.2,40.14,-0.128,0.013,0.985,0,40.28926965303356,18.0,56.16369537379106,-1.0,5.0,52.206974,21.110648,18.0
10705,2026-05-11 20:13:27.100000+00:00,52.2074832,21.1102973,91.1,40.08,-0.099,0.001,0.956,0,39.31206270226662,18.0,61.4568646488599,-1.0,5.0,52.206974,21.110648,18.0
10710,2026-05-11 20:13:27.600000+00:00,52.2075232,21.1102481,91.1,40.33,-0.104,0.003,0.945,0,40.10231204754701,18.0,66.87205985715087,-1.0,5.0,52.206974,21.110648,18.0
10715,2026-05-11 20:13:28.100000+00:00,52.2075636,21.1101995,91.2,39.72,-0.11,0.018,0.989,0,40.18312512133073,18.0,72.33375729081322,-1.0,5.0,52.206974,21.110648,18.0
10720,2026-05-11 20:13:28.600000+00:00,52.2076042,21.1101508,91.3,40.46,-0.09,0.003,0.945,0,40.34114730161658,18.0,77.83537280292737,-1.0,5.0,52.206974,21.110648,18.0
10725,2026-05-11 20:13:29.100000+00:00,52.2076449,21.1101021,91.4,40.01,-0.104,0.01,0.983,0,40.4056700796707,,83.36043834994122,-1.0,5.0,52.206974,21.110648,18.0
10730,2026-05-11 20:13:29.600000+00:00,52.2076855,21.110053,91.4,40.7,-0.083,0.001,0.964,0,40.45765963322017,,88.89891241156663,-1.0,5.0,52.206974,21.110648,18.0
10735,2026-05-11 20:13:30.100000+00:00,52.207726,21.1100026,91.4,40.91,-0.107,0.012,0.967,0,40.77692109128035,,94.47826895529488,-1.0,5.0,52.206974,21.110648,18.0
10740,2026-05-11 20:13:30.600000+00:00,52.2077662,21.1099538,91.4,40.01,-0.089,0.01,0.957,0,40.11277585279999,,99.98607338249089,-1.0,5.0,52.206974,21.110648,18.0
10745,2026-05-11 20:13:31.100000+00:00,52.2078068,21.109904,91.4,40.33,-0.102,0.009,0.982,0,40.66303675184742,,105.57226526975062,-1.0,5.0,52.206974,21.110648,18.0
10750,2026-05-11 20:13:31.600000+00:00,52.2078479,21.109854,91.5,40.76,-0.1,0.0,0.98,0,41.042285947096445,,111.2198705147347,-1.0,5.0,52.206974,21.110648,18.0
10755,2026-05-11 20:13:32.100000+00:00,52.2078888,21.1098042,91.4,41.17,-0.08,0.001,0.92,0,40.8552563957761,,116.84652676813997,-1.0,5.0,52.206974,21.110648,18.0
10760,2026-05-11 20:13:32.600000+00:00,52.2079302,21.1097532,91.5,41.72,-0.11,0.009,0.992,0,41.528800275116005,,122.56648106290058,-1.0,5.0,52.206974,21.110648,18.0
10765,2026-05-11 20:13:33.100000+00:00,52.2079716,21.1097026,91.5,41.41,-0.088,0.0,0.968,0,41.41084643646254,,128.27703645635472,-1.0,5.0,52.206974,21.110648,18.0
10770,2026-05-11 20:13:33.600000+00:00,52.2080134,21.1096516,91.6,41.52,-0.082,0.005,0.957,0,41.78480894830806,,134.04324965481246,-1.0,5.0,52.206974,21.110648,18.0
10775,2026-05-11 20:13:34.100000+00:00,52.2080553,21.1096008,91.7,41.73,-0.1,0.013,0.978,0,41.790350719736296,,139.81514852292625,-1.0,5.0,52.206974,21.110648,18.0
10780,2026-05-11 20:13:34.600000+00:00,52.2080973,21.1095493,91.6,42.4,-0.095,0.01,0.962,0,42.06002952237946,,145.62367093971284,-1.0,5.0,52.206974,21.110648,18.0
10785,2026-05-11 20:13:35.100000+00:00,52.2081395,21.1094981,91.6,42.36,-0.09,0.009,0.964,0,42.10015384662267,,151.4431938927452,-1.0,5.0,52.206974,21.110648,18.0
10790,2026-05-11 20:13:35.600000+00:00,52.2081819,21.1094455,91.6,42.61,-0.083,0.006,0.964,0,42.64087826544501,,157.3334238139773,-1.0,5.0,52.206974,21.110648,18.0
10795,2026-05-11 20:13:36.100000+00:00,52.2082248,21.1093931,91.7,42.91,-0.091,0.0,0.997,0,42.90135033180858,,163.26619568666803,-1.0,5.0,52.206974,21.110648,18.0
10800,2026-05-11 20:13:36.600000+00:00,52.2082682,21.1093402,91.7,43.67,-0.066,-0.007,0.946,0,43.36882207371265,,169.2659810549152,-1.0,5.0,52.206974,21.110648,18.0
10805,2026-05-11 20:13:37.100000+00:00,52.2083121,21.1092866,91.7,43.85,-0.08,0.006,0.984,0,43.89504727420587,,175.3398020084284,-1.0,5.0,52.206974,21.110648,18.0
10810,2026-05-11 20:13:37.600000+00:00,52.2083565,21.1092328,91.7,44.27,-0.066,0.001,0.968,0,44.27462598427832,,181.46948379252945,-1.0,5.0,52.206974,21.110648,18.0
10815,2026-05-11 20:13:38.100000+00:00,52.2084014,21.1091779,91.8,45.11,-0.063,0.005,0.973,0,44.918144364217774,,187.6874630805517,-1.0,5.0,52.206974,21.110648,18.0
10820,2026-05-11 20:13:38.600000+00:00,52.208447,21.1091217,91.9,45.93,-0.056,0.001,0.974,0,45.749386664856296,,194.0199568408221,-1.0,5.0,52.206974,21.110648,18.0
10825,2026-05-11 20:13:39.100000+00:00,52.2084934,21.1090654,91.9,46.52,-0.064,-0.01,0.957,0,46.29133465111732,,200.43246024260213,-1.0,5.0,52.206974,21.110648,18.0
10830,2026-05-11 20:13:39.600000+00:00,52.2085405,21.1090082,91.9,47.3,-0.065,-0.016,0.968,0,47.00450766965835,,206.9446347905932,-1.0,5.0,52.206974,21.110648,18.0
10835,2026-05-11 20:13:40.100000+00:00,52.2085887,21.1089504,92.0,48.07,-0.067,-0.007,0.989,0,47.887598296762654,,213.58276084694796,-1.0,5.0,52.206974,21.110648,18.0
10840,2026-05-11 20:13:40.600000+00:00,52.2086373,21.1088923,92.0,48.68,-0.055,0.003,0.958,0,48.23284427908681,,220.27011332644287,-1.0,5.0,52.206974,21.110648,18.0
10845,2026-05-11 20:13:41.100000+00:00,52.2086866,21.1088331,92.0,49.25,-0.063,-0.01,0.971,0,49.00394753930283,,227.06425169689425,-1.0,5.0,52.206974,21.110648,18.0
10850,2026-05-11 20:13:41.600000+00:00,52.2087363,21.108773,92.1,49.58,-0.07,0.0,0.973,0,49.52383147199672,,233.92983406696743,-1.0,5.0,52.206974,21.110648,18.0
10855,2026-05-11 20:13:42.100000+00:00,52.2087868,21.1087122,92.1,50.46,-0.066,-0.007,0.949,0,50.24298065680752,,240.8966927818313,-1.0,5.0,52.206974,21.110648,18.0
10860,2026-05-11 20:13:42.600000+00:00,52.208838,21.1086507,92.1,51.08,-0.069,-0.001,0.981,0,50.89784487183583,,247.9554303247504,-1.0,5.0,52.206974,21.110648,18.0
10865,2026-05-11 20:13:43.100000+00:00,52.20889,21.1085888,92.2,51.6,-0.058,0.008,0.985,0,51.53044640925626,,255.1040229067028,-1.0,5.0,52.206974,21.110648,18.0
10870,2026-05-11 20:13:43.600000+00:00,52.2089422,21.1085256,92.3,52.29,-0.071,0.001,0.971,0,52.03734384657697,,262.3204547951429,-1.0,5.0,52.206974,21.110648,18.0
10875,2026-05-11 20:13:44.100000+00:00,52.208995,21.1084617,92.4,53.0,-0.069,0.004,0.968,0,52.62772531897944,,269.61943455604086,-1.0,5.0,52.206974,21.110648,18.0
10880,2026-05-11 20:13:44.600000+00:00,52.2090481,21.1083969,92.4,53.54,-0.065,0.0,0.951,0,53.08405676983257,,276.9806974943619,-1.0,5.0,52.206974,21.110648,18.0
10885,2026-05-11 20:13:45.100000+00:00,52.2091019,21.1083314,92.3,53.96,-0.07,0.001,0.967,0,53.73854201606377,,284.4337749515763,-1.0,5.0,52.211146,21.105595,17.0
10890,2026-05-11 20:13:45.600000+00:00,52.2091565,21.1082661,92.2,54.51,-0.078,0.003,0.978,0,54.19517202302633,,286.4667120988421,-1.0,5.0,52.211146,21.105595,17.0
10895,2026-05-11 20:13:46.100000+00:00,52.2092118,21.1081999,92.2,55.24,-0.069,0.004,0.944,0,54.90818175401329,,278.8526447364188,-1.0,5.0,52.211146,21.105595,17.0
10900,2026-05-11 20:13:46.600000+00:00,52.2092672,21.1081334,92.1,55.34,-0.082,0.004,0.989,0,55.05981145457231,,271.2176587639906,-1.0,5.0,52.211146,21.105595,17.0
10905,2026-05-11 20:13:47.100000+00:00,52.2093233,21.1080661,92.0,55.96,-0.063,0.008,0.976,0,55.743789707507226,,263.48868020086724,-1.0,5.0,52.211146,21.105595,17.0
10910,2026-05-11 20:13:47.600000+00:00,52.2093801,21.107998,92.0,57.06,-0.073,0.007,0.984,0,56.42777150280672,,255.66581505220157,-1.0,5.0,52.211146,21.105595,17.0
10915,2026-05-11 20:13:48.100000+00:00,52.2094373,21.1079296,92.0,56.93,-0.059,0.0,0.963,0,56.77300794261954,,247.7966330345033,-1.0,5.0,52.211146,21.105595,17.0
10920,2026-05-11 20:13:48.600000+00:00,52.2094952,21.1078607,92.0,57.82,-0.057,0.019,0.916,0,57.37017332310601,,239.84700333227812,-1.0,5.0,52.211146,21.105595,17.0
10925,2026-05-11 20:13:49.100000+00:00,52.2095535,21.1077908,91.9,58.16,-0.08,0.012,1.003,0,57.9183228759406,,231.8206939615502,-1.0,5.0,52.211146,21.105595,17.0
10930,2026-05-11 20:13:49.600000+00:00,52.2096121,21.1077205,91.9,58.27,-0.116,0.002,0.948,0,58.22804257476376,,223.7526054989929,-1.0,5.0,52.211146,21.105595,17.0
10935,2026-05-11 20:13:50.100000+00:00,52.2096704,21.1076501,91.9,57.99,-0.122,0.02,0.977,0,58.06383962331604,,215.70690527265407,-1.0,5.0,52.211146,21.105595,17.0
10940,2026-05-11 20:13:50.600000+00:00,52.2097281,21.107581,91.8,57.32,-0.11,0.018,0.956,0,57.29876400042794,,207.7709773169699,-1.0,5.0,52.211146,21.105595,17.0
10945,2026-05-11 20:13:51.100000+00:00,52.2097854,21.107512,91.7,57.05,-0.122,0.012,0.965,0,57.011728692073866,,199.87494075038765,-1.0,5.0,52.211146,21.105595,17.0
10950,2026-05-11 20:13:51.600000+00:00,52.2098425,21.1074427,91.7,56.88,-0.121,0.017,0.961,0,56.97064678011716,,191.9841257796912,-1.0,5.0,52.211146,21.105595,17.0
10955,2026-05-11 20:13:52.100000+00:00,52.2098991,21.1073741,91.7,56.26,-0.132,0.005,0.973,0,56.44448912623672,,184.1684342419213,-1.0,5.0,52.211146,21.105595,17.0
10960,2026-05-11 20:13:52.600000+00:00,52.2099557,21.107307,91.6,56.37,-0.126,0.011,0.957,0,56.00882222954437,,176.42242146495272,-1.0,5.0,52.211146,21.105595,17.0
10965,2026-05-11 20:13:53.100000+00:00,52.2100116,21.1072401,91.5,55.41,-0.125,0.019,0.98,0,55.49828192397055,,168.74668042822557,-1.0,5.0,52.211146,21.105595,17.0
10970,2026-05-11 20:13:53.600000+00:00,52.210067,21.1071732,91.5,55.38,-0.115,0.016,0.947,0,55.17596256015793,,161.1154323870898,-1.0,5.0,52.211146,21.105595,17.0
10975,2026-05-11 20:13:54.100000+00:00,52.2101221,21.1071065,91.6,54.88,-0.125,0.019,0.964,0,54.92454251162567,,153.52126578094823,-1.0,5.0,52.211146,21.105595,17.0
10980,2026-05-11 20:13:54.600000+00:00,52.2101776,21.1070419,91.4,54.89,-0.12,0.017,0.992,0,54.57745427407071,,145.9944279221623,-1.0,5.0,52.211146,21.105595,17.0
10985,2026-05-11 20:13:55.100000+00:00,52.210232,21.1069767,91.3,54.53,-0.114,0.018,0.944,0,54.03659091586013,,138.53532201513278,-1.0,5.0,52.211146,21.105595,17.0
10990,2026-05-11 20:13:55.600000+00:00,52.2102862,21.1069116,91.2,53.98,-0.125,0.013,0.958,0,53.8785016053124,,131.10234893131002,-1.0,5.0,52.211146,21.105595,17.0
10995,2026-05-11 20:13:56.100000+00:00,52.2103401,21.1068462,91.2,53.63,-0.125,0.018,0.968,0,53.77291300594128,,123.68550345589192,-1.0,5.0,52.211146,21.105595,17.0
11000,2026-05-11 20:13:56.600000+00:00,52.2103933,21.1067806,91.3,53.3,-0.118,0.016,0.958,0,53.383293489007286,,116.32179496625056,-1.0,5.0,52.211146,21.105595,17.0
11005,2026-05-11 20:13:57.100000+00:00,52.2104469,21.1067167,91.3,52.88,-0.126,0.015,0.98,0,53.14294193349542,,109.01438909823858,-1.0,5.0,52.211146,21.105595,17.0
11010,2026-05-11 20:13:57.600000+00:00,52.2104996,21.1066523,91.3,52.59,-0.116,0.003,0.943,0,52.70946411258681,,101.76413361777269,-1.0,5.0,52.211146,21.105595,17.0
11015,2026-05-11 20:13:58.100000+00:00,52.2105522,21.1065895,91.3,52.36,-0.128,-0.002,0.954,0,52.17810950579158,,94.61056591797085,-1.0,5.0,52.211146,21.105595,17.0
11020,2026-05-11 20:13:58.600000+00:00,52.210605,21.1065282,91.3,51.63,-0.149,0.005,1.044,0,51.87739556874207,,87.53129470770705,-1.0,5.0,52.211146,21.105595,17.0
11025,2026-05-11 20:13:59.100000+00:00,52.2106572,21.1064669,91.2,51.78,-0.084,-0.004,0.857,0,51.48670877796107,,80.51940364071024,-1.0,5.0,52.211146,21.105595,17.0
11030,2026-05-11 20:13:59.600000+00:00,52.2107091,21.106406,91.2,50.79,-0.156,0.007,1.021,0,51.17712307271047,17.0,73.57679606752468,-1.0,5.0,52.211146,21.105595,17.0
11035,2026-05-11 20:14:00.100000+00:00,52.2107608,21.106346,91.2,51.02,-0.111,-0.028,0.936,0,50.79004023520381,17.0,66.7303386503852,-1.0,5.0,52.211146,21.105595,17.0
11040,2026-05-11 20:14:00.600000+00:00,52.2108126,21.1062867,91.1,50.94,-0.142,0.018,0.978,0,50.65730168556403,17.0,59.96268325381676,-1.0,5.0,52.211146,21.105595,17.0
11045,2026-05-11 20:14:01.100000+00:00,52.2108637,21.1062267,91.1,50.45,-0.114,0.005,0.952,0,50.399299437739714,17.0,53.271804041056605,-1.0,5.0,52.211146,21.105595,17.0
11050,2026-05-11 20:14:01.600000+00:00,52.2109143,21.1061682,91.1,49.54,-0.132,0.028,0.997,0,49.64590858303291,17.0,46.78759498091674,-1.0,5.0,52.211146,21.105595,17.0
11055,2026-05-11 20:14:02.100000+00:00,52.2109654,21.1061095,90.9,50.14,-0.113,-0.013,0.935,0,50.029477555099234,17.0,40.40013809909578,-1.0,5.0,52.211146,21.105595,17.0
11060,2026-05-11 20:14:02.600000+00:00,52.211016,21.1060518,91.0,49.24,-0.134,-0.009,0.979,0,49.42004082492689,17.0,34.317183183677926,-1.0,5.0,52.211146,21.105595,17.0
11065,2026-05-11 20:14:03.100000+00:00,52.2110663,21.1059948,91.0,49.16,-0.12,-0.017,0.957,0,49.02666405440587,17.0,28.64576432641864,-1.0,5.0,52.211146,21.105595,17.0
11070,2026-05-11 20:14:03.600000+00:00,52.2111168,21.1059395,90.9,49.14,-0.129,-0.008,0.955,0,48.68869603582795,17.0,23.69603917608008,-1.0,5.0,52.211146,21.105595,17.0
11075,2026-05-11 20:14:04.100000+00:00,52.2111672,21.1058861,90.9,47.71,-0.137,-0.006,0.976,0,48.108380890811965,17.0,19.97370778251583,-1.0,5.0,52.211146,21.105595,17.0
11080,2026-05-11 20:14:04.600000+00:00,52.2112171,21.1058319,90.8,48.24,-0.118,0.015,0.967,0,47.98944055922419,17.0,17.97336880378511,-1.0,5.0,52.211146,21.105595,17.0
11085,2026-05-11 20:14:05.100000+00:00,52.2112666,21.1057793,90.9,47.37,-0.116,-0.003,0.944,0,47.29033716959546,17.0,18.371612642242248,-1.0,5.0,52.211146,21.105595,17.0
11090,2026-05-11 20:14:05.600000+00:00,52.2113154,21.1057252,90.8,47.09,-0.125,0.011,0.968,0,47.2312104857692,17.0,20.82086365829373,-1.0,5.0,52.211146,21.105595,17.0
11095,2026-05-11 20:14:06.100000+00:00,52.2113633,21.105671,90.8,46.43,-0.127,0.021,0.99,0,46.66485601513885,17.0,24.71129932440864,-1.0,5.0,52.211146,21.105595,17.0
11100,2026-05-11 20:14:06.600000+00:00,52.2114101,21.1056175,90.7,46.2,-0.117,0.023,0.954,0,45.745979049355775,17.0,29.406567678474502,-1.0,5.0,52.211146,21.105595,17.0
11105,2026-05-11 20:14:07.100000+00:00,52.2114566,21.1055628,90.6,45.72,-0.116,0.032,0.96,0,45.89117102424508,17.0,34.60675814126891,-1.0,5.0,52.211146,21.105595,17.0
11110,2026-05-11 20:14:07.600000+00:00,52.2115023,21.1055079,90.6,45.4,-0.12,0.036,0.958,0,45.43121894710048,17.0,40.06075766394774,-1.0,5.0,52.211146,21.105595,17.0
11115,2026-05-11 20:14:08.100000+00:00,52.2115476,21.105453,90.5,45.38,-0.122,0.016,0.966,0,45.173698207281234,17.0,45.69196956773139,-1.0,5.0,52.211146,21.105595,17.0
11120,2026-05-11 20:14:08.600000+00:00,52.2115931,21.1054003,90.6,44.38,-0.121,0.016,0.98,0,44.66915275680204,17.0,51.45472272112399,-1.0,5.0,52.211146,21.105595,17.0
11125,2026-05-11 20:14:09.100000+00:00,52.2116386,21.1053485,90.7,44.2,-0.116,0.016,0.956,0,44.41506636892324,17.0,57.291690663727145,-1.0,5.0,52.211146,21.105595,17.0
11130,2026-05-11 20:14:09.600000+00:00,52.211683,21.1052951,90.7,43.71,-0.12,0.003,0.973,0,44.156753378794924,17.0,63.111135746978015,-1.0,5.0,52.211146,21.105595,17.0
11135,2026-05-11 20:14:10.100000+00:00,52.2117267,21.1052415,90.6,43.85,-0.125,0.002,0.959,0,43.765730455089226,17.0,68.91673115295511,-1.0,5.0,52.211146,21.105595,17.0
11140,2026-05-11 20:14:10.600000+00:00,52.211771,21.1051908,90.7,43.06,-0.119,0.021,0.969,0,43.3184711080936,17.0,74.75467049326609,-1.0,5.0,52.211146,21.105595,17.0
11145,2026-05-11 20:14:11.100000+00:00,52.2118141,21.105139,90.7,42.49,-0.116,0.012,0.956,0,42.85321446975176,,80.52458885489322,-1.0,5.0,52.211146,21.105595,17.0
11150,2026-05-11 20:14:11.600000+00:00,52.211857,21.105089,90.8,41.77,-0.157,0.018,0.974,0,42.20515034256205,,86.2497437465279,-1.0,5.0,52.211146,21.105595,17.0
11155,2026-05-11 20:14:12.100000+00:00,52.2118985,21.1050396,90.9,40.57,-0.183,0.046,0.951,0,41.12401330298889,,91.83342324900693,-1.0,5.0,52.211146,21.105595,17.0
11160,2026-05-11 20:14:12.600000+00:00,52.2119379,21.104991,91.0,38.89,-0.173,0.021,0.976,0,39.54013795793029,,97.19730429898848,-1.0,5.0,52.211146,21.105595,17.0
11165,2026-05-11 20:14:13.100000+00:00,52.211976,21.1049439,90.8,38.12,-0.172,-0.008,0.918,0,38.26615384037569,,102.40014718049542,-1.0,5.0,52.211146,21.105595,17.0
11170,2026-05-11 20:14:13.600000+00:00,52.2120139,21.1049004,90.9,36.19,-0.209,-0.072,1.011,0,37.09533445184681,,107.48575476797012,-1.0,5.0,52.211146,21.105595,17.0
11175,2026-05-11 20:14:14.100000+00:00,52.2120513,21.1048615,90.9,35.2,-0.182,-0.069,0.943,0,35.506535629211214,,112.3879518705427,-1.0,5.0,52.211146,21.105595,17.0
11180,2026-05-11 20:14:14.600000+00:00,52.2120882,21.1048248,91.0,34.15,-0.18,-0.046,0.953,0,34.59590225578956,,117.17571045786246,-1.0,5.0,52.211146,21.105595,17.0
11185,2026-05-11 20:14:15.100000+00:00,52.2121245,21.1047921,91.1,32.98,-0.198,-0.039,0.961,0,33.1951803930654,,121.78260525399122,-1.0,5.0,52.211146,21.105595,17.0
11190,2026-05-11 20:14:15.600000+00:00,52.2121591,21.1047605,91.0,31.43,-0.185,0.054,0.962,0,31.743389171512295,,126.18723218294038,-1.0,5.0,52.211146,21.105595,17.0
11195,2026-05-11 20:14:16.100000+00:00,52.2121917,21.1047299,91.0,29.54,-0.169,0.053,0.944,0,30.10860562288404,,130.36296891627015,-1.0,5.0,52.211146,21.105595,17.0
11200,2026-05-11 20:14:16.600000+00:00,52.2122227,21.1046987,91.1,28.4,-0.149,0.116,1.004,0,29.15864217553116,,134.39911845148902,-1.0,5.0,52.211146,21.105595,17.0
11205,2026-05-11 20:14:17.100000+00:00,52.2122515,21.1046671,91.1,27.36,-0.149,0.062,0.93,0,27.783911481101622,,138.23092052449385,-1.0,5.0,52.211146,21.105595,17.0
11210,2026-05-11 20:14:17.600000+00:00,52.2122791,21.1046379,91.1,26.22,-0.171,0.066,0.969,0,26.333426067377086,,141.8704975767099,-1.0,5.0,52.211146,21.105595,17.0
11215,2026-05-11 20:14:18.100000+00:00,52.2123042,21.1046087,91.0,24.8,-0.163,0.048,0.938,0,24.677962330956465,,145.26446002006924,-1.0,5.0,52.211146,21.105595,17.0
11220,2026-05-11 20:14:18.600000+00:00,52.2123274,21.1045805,91.0,22.94,-0.186,0.064,0.954,0,23.159596870340305,,148.4412623615363,-1.0,5.0,52.211146,21.105595,17.0
11225,2026-05-11 20:14:19.100000+00:00,52.2123484,21.104553,90.9,21.2,-0.174,0.057,0.963,0,21.555888507031373,,151.38130119091292,-1.0,5.0,52.211146,21.105595,17.0
11230,2026-05-11 20:14:19.600000+00:00,52.2123681,21.1045274,90.7,19.45,-0.185,0.01,0.986,0,20.160943925631933,,154.13486668475232,-1.0,5.0,52.211146,21.105595,17.0
11235,2026-05-11 20:14:20.100000+00:00,52.2123863,21.1045036,90.5,18.45,-0.158,0.034,0.935,0,18.67153433119486,,156.68506201740237,-1.0,5.0,52.211146,21.105595,17.0
11240,2026-05-11 20:14:20.600000+00:00,52.2124034,21.1044815,90.4,17.69,-0.143,0.03,0.933,0,17.463093434725348,,159.07389391910044,-1.0,5.0,52.211146,21.105595,17.0
11245,2026-05-11 20:14:21.100000+00:00,52.2124195,21.1044615,90.4,15.42,-0.225,0.054,1.018,0,16.198883314290697,,161.29767258777468,-1.0,5.0,52.211146,21.105595,17.0
11250,2026-05-11 20:14:21.600000+00:00,52.2124328,21.1044436,90.2,13.63,-0.199,0.031,0.906,0,13.801677856700817,,163.18037131247058,-1.0,5.0,52.211146,21.105595,17.0
11255,2026-05-11 20:14:22.100000+00:00,52.212444,21.1044274,90.2,11.06,-0.229,0.052,0.989,0,11.98157950267348,,164.80344366108173,-1.0,5.0,52.211146,21.105595,17.0
11260,2026-05-11 20:14:22.600000+00:00,52.2124534,21.1044138,90.2,9.17,-0.206,0.027,0.944,0,10.05712962225995,,166.16640948848118,-1.0,5.0,52.211146,21.105595,17.0
11265,2026-05-11 20:14:23.100000+00:00,52.2124607,21.1044036,90.1,6.62,-0.231,0.048,0.95,0,7.693763706194742,,167.21330328047736,-1.0,5.0,52.211146,21.105595,17.0
11270,2026-05-11 20:14:23.600000+00:00,52.2124654,21.1043974,89.9,4.11,-0.242,0.044,0.954,0,4.838327175885935,,167.87531585680435,-1.0,5.0,52.211146,21.105595,17.0
11275,2026-05-11 20:14:24.100000+00:00,52.2124677,21.1043935,89.9,1.44,-0.244,0.043,0.968,0,2.6553626473311285,,168.22801152951646,-1.0,5.0,52.211146,21.105595,17.0
11280,2026-05-11 20:14:24.600000+00:00,52.2124679,21.104392,89.9,0.3,-0.187,0.038,0.963,0,0.7530566974227926,,168.2971910687767,-1.0,5.0,52.211146,21.105595,17.0
11285,2026-05-11 20:14:25.100000+00:00,52.2124676,21.1043907,89.9,0.07,-0.084,0.012,0.967,0,0.6814545956620678,,168.3112204218568,-1.0,5.0,52.211146,21.105595,17.0
11290,2026-05-11 20:14:25.600000+00:00,52.2124673,21.1043897,90.0,0.12,-0.094,0.011,0.973,0,0.5461995404480078,,168.315327987748,-1.0,5.0,52.211146,21.105595,17.0
11295,2026-05-11 20:14:26.100000+00:00,52.2124669,21.1043886,90.0,0.04,-0.092,0.011,0.974,0,0.627485000405093,,168.31309332500547,-1.0,5.0,52.211146,21.105595,17.0
11300,2026-05-11 20:14:26.600000+00:00,52.2124665,21.1043877,90.0,0.14,-0.093,0.01,0.975,0,0.5454160151985403,,168.30424327418132,-1.0,5.0,52.211146,21.105595,17.0
11305,2026-05-11 20:14:27.100000+00:00,52.2124661,21.1043867,90.0,0.18,-0.094,0.011,0.975,0,0.5858340752044954,,168.2987596519072,-1.0,5.0,52.211146,21.105595,17.0
11310,2026-05-11 20:14:27.600000+00:00,52.2124657,21.1043856,90.1,0.08,-0.093,0.011,0.972,0,0.6274850129403695,,168.29665106173428,-1.0,5.0,52.211146,21.105595,17.0
11315,2026-05-11 20:14:28.100000+00:00,52.2124654,21.1043848,90.1,0.03,-0.092,0.011,0.974,0,0.4601098018330417,,168.29426465567636,-1.0,5.0,52.211146,21.105595,17.0
11320,2026-05-11 20:14:28.600000+00:00,52.2124651,21.1043841,90.1,0.06,-0.094,0.011,0.972,0,0.4190512808700494,,168.2885621035908,-1.0,5.0,52.211146,21.105595,17.0
11325,2026-05-11 20:14:29.100000+00:00,52.2124649,21.1043833,90.1,0.05,-0.095,0.01,0.973,0,0.4238546205799485,,168.29591143043652,-1.0,5.0,52.211146,21.105595,17.0
11330,2026-05-11 20:14:29.600000+00:00,52.2124646,21.1043829,90.1,0.27,-0.092,0.012,0.976,0,0.3101458642540708,,168.28021672676047,-1.0,5.0,52.211146,21.105595,17.0
11335,2026-05-11 20:14:30.100000+00:00,52.2124643,21.1043821,90.1,0.07,-0.091,0.009,0.973,0,0.4601098114524513,,168.27791392345358,-1.0,5.0,52.211146,21.105595,17.0
11340,2026-05-11 20:14:30.600000+00:00,52.2124644,21.1043814,90.2,0.06,-0.088,0.011,0.971,0,0.3525999260066666,,168.3110260470297,-1.0,5.0,52.211146,21.105595,17.0
11345,2026-05-11 20:14:31.100000+00:00,52.2124644,21.1043808,90.2,0.05,-0.09,0.011,0.973,0,0.2943347305696167,,168.3311134640377,-1.0,5.0,52.211146,21.105595,17.0
11350,2026-05-11 20:14:31.600000+00:00,52.2124643,21.1043801,90.2,0.05,-0.093,0.013,0.974,0,0.3525999275261614,,168.3448758291466,-1.0,5.0,52.211146,21.105595,17.0
11355,2026-05-11 20:14:32.100000+00:00,52.2124643,21.1043798,90.2,0.23,-0.092,0.01,0.974,0,0.1471673656160932,,168.3549273309502,-1.0,5.0,52.211146,21.105595,17.0
11360,2026-05-11 20:14:32.600000+00:00,52.2124643,21.1043792,90.3,0.09,-0.093,0.011,0.974,0,0.2943347312321865,,168.3750359785599,-1.0,5.0,52.211146,21.105595,17.0
11365,2026-05-11 20:14:33.100000+00:00,52.2124643,21.1043787,90.3,0.18,-0.09,0.013,0.973,0,0.2452789421734067,,168.39179893178516,-1.0,5.0,52.211146,21.105595,17.0
11370,2026-05-11 20:14:33.600000+00:00,52.2124644,21.1043785,90.4,0.03,-0.093,0.011,0.974,0,0.12663151847089,,168.40818496393976,-1.0,5.0,52.211146,21.105595,17.0
11375,2026-05-11 20:14:34.100000+00:00,52.2124646,21.1043783,90.4,0.29,-0.092,0.012,0.974,0,0.187788490144789,,168.43425059568088,-1.0,5.0,52.211146,21.105595,17.0
11380,2026-05-11 20:14:34.600000+00:00,52.2124647,21.1043779,90.5,0.1,-0.091,0.013,0.974,0,0.2119273100371486,,168.45734451245428,-1.0,5.0,52.211146,21.105595,17.0
11385,2026-05-11 20:14:35.100000+00:00,52.2124648,21.1043774,90.5,0.03,-0.092,0.01,0.973,0,0.2580143755414437,,168.4837951662425,-1.0,5.0,52.214046,21.102094,16.0
11390,2026-05-11 20:14:35.600000+00:00,52.2124649,21.1043771,90.5,0.01,-0.093,0.011,0.975,0,0.167534748281741,,168.50353827630397,-1.0,5.0,52.214046,21.102094,16.0
11395,2026-05-11 20:14:36.100000+00:00,52.2124651,21.1043764,90.6,0.19,-0.09,0.01,0.973,0,0.3788874278772144,,168.546383464476,-1.0,5.0,52.214046,21.102094,16.0
11400,2026-05-11 20:14:36.600000+00:00,52.2124652,21.1043758,90.7,0.13,-0.091,0.014,0.974,0,0.305028834063228,,168.576201060928,-1.0,5.0,52.214046,21.102094,16.0
11405,2026-05-11 20:14:37.100000+00:00,52.2124654,21.1043752,90.8,0.15,-0.091,0.012,0.974,0,0.3350694963780667,,168.61569883765105,-1.0,5.0,52.214046,21.102094,16.0
11410,2026-05-11 20:14:37.600000+00:00,52.2124656,21.1043748,90.8,0.04,-0.091,0.013,0.971,0,0.2532630285775019,,168.64848229959637,-1.0,5.0,52.214046,21.102094,16.0
11415,2026-05-11 20:14:38.100000+00:00,52.2124659,21.1043743,90.9,0.07,-0.085,0.01,0.975,0,0.3432909637435293,,168.6942999857769,-1.0,5.0,52.214046,21.102094,16.0
11420,2026-05-11 20:14:38.600000+00:00,52.2124666,21.1043735,90.9,0.82,-0.047,0.002,0.971,0,0.6841691274621282,,168.7888922708016,-1.0,5.0,52.214046,21.102094,16.0
11425,2026-05-11 20:14:39.100000+00:00,52.2124683,21.1043712,91.0,1.98,-0.038,-0.001,0.974,0,1.7678840894230483,,169.03062078520807,-1.0,5.0,52.214046,21.102094,16.0
11430,2026-05-11 20:14:39.600000+00:00,52.2124711,21.1043677,91.1,3.12,-0.017,-0.001,0.98,0,2.823667531156465,,169.41909176968974,-1.0,5.0,52.214046,21.102094,16.0
11435,2026-05-11 20:14:40.100000+00:00,52.2124755,21.104362,91.2,4.62,-0.004,-0.002,0.979,0,4.497523686091114,,170.03631267115406,-1.0,5.0,52.214046,21.102094,16.0
11440,2026-05-11 20:14:40.600000+00:00,52.2124817,21.1043539,91.3,6.64,0.016,-0.006,0.987,0,6.358268006512677,,170.90842314397642,-1.0,5.0,52.214046,21.102094,16.0
11445,2026-05-11 20:14:41.100000+00:00,52.2124901,21.1043431,91.4,9.01,0.019,-0.013,0.972,0,8.561284865622003,,172.0842876468314,-1.0,5.0,52.214046,21.102094,16.0
11450,2026-05-11 20:14:41.600000+00:00,52.2125006,21.1043299,91.5,10.95,0.024,-0.01,0.981,0,10.611162708614703,,173.54421801382583,-1.0,5.0,52.214046,21.102094,16.0
11455,2026-05-11 20:14:42.100000+00:00,52.2125131,21.1043126,91.6,13.98,0.041,-0.008,0.976,0,13.121510556723306,,175.3363472341968,-1.0,5.0,52.214046,21.102094,16.0
11460,2026-05-11 20:14:42.600000+00:00,52.2125281,21.1042919,91.7,16.0,0.04,-0.013,0.988,0,15.726789890002836,,177.48567174667411,-1.0,5.0,52.214046,21.102094,16.0
11465,2026-05-11 20:14:43.100000+00:00,52.2125454,21.1042683,91.8,18.69,0.044,-0.018,0.963,0,18.05173198572445,,179.95622615300525,-1.0,5.0,52.214046,21.102094,16.0
11470,2026-05-11 20:14:43.600000+00:00,52.2125644,21.1042407,92.0,20.68,0.019,-0.002,0.989,0,20.3642637327414,,182.7285091181759,-1.0,5.0,52.214046,21.102094,16.0
11475,2026-05-11 20:14:44.100000+00:00,52.2125851,21.1042092,92.2,23.85,0.007,-0.031,0.957,0,22.658956812520337,,185.8002751281554,-1.0,5.0,52.214046,21.102094,16.0
11480,2026-05-11 20:14:44.600000+00:00,52.2126089,21.1041777,92.2,24.84,-0.019,-0.023,0.988,0,24.53261774120172,,189.17084639824188,-1.0,5.0,52.214046,21.102094,16.0
11485,2026-05-11 20:14:45.100000+00:00,52.2126342,21.1041452,92.2,25.96,-0.032,-0.029,0.975,0,25.777073350558904,,192.72084706818697,-1.0,5.0,52.214046,21.102094,16.0
11490,2026-05-11 20:14:45.600000+00:00,52.2126602,21.1041085,92.3,27.23,-0.025,-0.012,0.959,0,27.521180622655084,,196.48603975816903,-1.0,5.0,52.214046,21.102094,16.0
11495,2026-05-11 20:14:46.100000+00:00,52.2126878,21.1040701,92.5,28.76,-0.024,-0.017,0.979,0,29.03631082369143,,200.46558132042964,-1.0,5.0,52.214046,21.102094,16.0
11500,2026-05-11 20:14:46.600000+00:00,52.2127162,21.1040295,92.7,30.07,-0.039,-0.008,0.978,0,30.22658069102909,,198.1262928731884,-1.0,5.0,52.214046,21.102094,16.0
11505,2026-05-11 20:14:47.100000+00:00,52.2127462,21.1039884,92.8,31.36,-0.037,-0.015,0.974,0,31.35869619579984,,193.77291209510463,-1.0,5.0,52.214046,21.102094,16.0
11510,2026-05-11 20:14:47.600000+00:00,52.2127771,21.1039453,92.9,32.7,-0.036,-0.007,0.971,0,32.54263405002565,,189.2541955681893,-1.0,5.0,52.214046,21.102094,16.0
11515,2026-05-11 20:14:48.100000+00:00,52.2128092,21.1039017,93.0,33.29,-0.039,-0.009,0.959,0,33.435180807184324,,184.6133953021376,-1.0,5.0,52.214046,21.102094,16.0
11520,2026-05-11 20:14:48.600000+00:00,52.2128423,21.1038569,93.1,34.5,-0.05,-0.007,0.986,0,34.427155619390355,,179.83538533993007,-1.0,5.0,52.214046,21.102094,16.0
11525,2026-05-11 20:14:49.100000+00:00,52.2128762,21.1038101,93.3,35.37,-0.049,-0.007,0.966,0,35.54813416396764,,174.90031526249547,-1.0,5.0,52.214046,21.102094,16.0
11530,2026-05-11 20:14:49.600000+00:00,52.2129112,21.103762,93.5,36.85,-0.037,-0.019,0.963,0,36.63244304852002,,169.81521032803045,-1.0,5.0,52.214046,21.102094,16.0
11535,2026-05-11 20:14:50.100000+00:00,52.2129474,21.1037124,93.6,37.91,-0.048,-0.024,0.972,0,37.84131610323137,,164.5627470530555,-1.0,5.0,52.214046,21.102094,16.0
11540,2026-05-11 20:14:50.600000+00:00,52.2129846,21.1036618,93.7,38.71,-0.041,-0.028,0.969,0,38.77013558865318,,159.1823377125257,-1.0,5.0,52.214046,21.102094,16.0
11545,2026-05-11 20:14:51.100000+00:00,52.2130233,21.1036105,93.7,40.18,-0.047,-0.032,0.969,0,39.91567695770412,,153.6466937123739,-1.0,5.0,52.214046,21.102094,16.0
11550,2026-05-11 20:14:51.600000+00:00,52.2130623,21.1035578,93.8,40.87,-0.059,-0.031,0.972,0,40.53687667819848,,148.02274174891016,-1.0,5.0,52.214046,21.102094,16.0
11555,2026-05-11 20:14:52.100000+00:00,52.2131028,21.1035036,93.9,42.09,-0.056,-0.015,0.973,0,41.93159953469729,,142.20724544159253,-1.0,5.0,52.214046,21.102094,16.0
11560,2026-05-11 20:14:52.600000+00:00,52.2131444,21.1034504,93.8,42.68,-0.081,-0.024,0.96,0,42.311920781033,,136.34864062029575,-1.0,5.0,52.214046,21.102094,16.0
11565,2026-05-11 20:14:53.100000+00:00,52.2131869,21.1033988,93.8,42.42,-0.11,-0.016,0.959,0,42.40827325015282,,130.49257948045786,-1.0,5.0,52.214046,21.102094,16.0
11570,2026-05-11 20:14:53.600000+00:00,52.213229,21.1033464,93.8,42.34,-0.13,-0.012,0.981,0,42.38857506777316,,124.63480839060291,-1.0,5.0,52.214046,21.102094,16.0
11575,2026-05-11 20:14:54.100000+00:00,52.213271,21.1032942,93.8,42.34,-0.129,-0.004,0.97,0,42.26541569834435,,118.79740560385238,-1.0,5.0,52.214046,21.102094,16.0
11580,2026-05-11 20:14:54.600000+00:00,52.2133131,21.1032437,93.8,41.68,-0.119,-0.013,0.916,0,41.82991328613524,,113.03561278913624,-1.0,5.0,52.214046,21.102094,16.0
11585,2026-05-11 20:14:55.100000+00:00,52.2133549,21.1031936,93.9,40.95,-0.134,-0.004,1.016,0,41.52016517568218,,107.32190142454331,-1.0,5.0,52.214046,21.102094,16.0
11590,2026-05-11 20:14:55.600000+00:00,52.2133967,21.1031453,94.0,40.9,-0.122,-0.002,0.944,0,41.00367453256446,,101.70051208986602,-1.0,5.0,52.214046,21.102094,16.0
11595,2026-05-11 20:14:56.100000+00:00,52.2134378,21.1030953,94.0,40.99,-0.115,0.004,0.952,0,41.04044135598572,,96.06023704534437,-1.0,5.0,52.214046,21.102094,16.0
11600,2026-05-11 20:14:56.600000+00:00,52.2134785,21.1030492,93.8,40.09,-0.135,0.018,0.997,0,39.66303374580545,,90.6490551651764,-1.0,5.0,52.214046,21.102094,16.0
11605,2026-05-11 20:14:57.100000+00:00,52.2135188,21.1030001,94.0,40.2,-0.109,0.004,0.947,0,40.26305516567736,,85.13261271217391,-1.0,5.0,52.214046,21.102094,16.0
11610,2026-05-11 20:14:57.600000+00:00,52.2135586,21.1029517,94.0,39.48,-0.126,-0.004,0.978,0,39.73686593240203,16.0,79.69950172773122,-1.0,5.0,52.214046,21.102094,16.0
11615,2026-05-11 20:14:58.100000+00:00,52.2135989,21.1029051,94.2,39.2,-0.115,0.022,0.942,0,39.54161862787227,16.0,74.33294331629422,-1.0,5.0,52.214046,21.102094,16.0
11620,2026-05-11 20:14:58.600000+00:00,52.2136387,21.1028575,94.3,39.28,-0.127,0.012,0.985,0,39.50361691280469,16.0,68.97118765004498,-1.0,5.0,52.214046,21.102094,16.0
11625,2026-05-11 20:14:59.100000+00:00,52.2136771,21.1028096,94.3,38.64,-0.116,-0.002,0.956,0,38.69439246050706,16.0,63.71517082766288,-1.0,5.0,52.214046,21.102094,16.0
11630,2026-05-11 20:14:59.600000+00:00,52.2137158,21.1027619,94.4,38.67,-0.119,0.011,0.961,0,38.82627558125003,16.0,58.47029416762211,-1.0,5.0,52.214046,21.102094,16.0
11635,2026-05-11 20:15:00.100000+00:00,52.2137542,21.1027157,94.5,37.72,-0.121,0.009,0.971,0,38.19371658037456,16.0,53.35632600994549,-1.0,5.0,52.214046,21.102094,16.0
11640,2026-05-11 20:15:00.600000+00:00,52.2137917,21.1026688,94.6,37.74,-0.121,0.007,0.966,0,37.82402373190177,16.0,48.30332712289293,-1.0,5.0,52.214046,21.102094,16.0
11645,2026-05-11 20:15:01.100000+00:00,52.2138291,21.1026218,94.7,37.58,-0.119,-0.002,0.955,0,37.79040330816172,16.0,43.29857832454562,-1.0,5.0,52.214046,21.102094,16.0
11650,2026-05-11 20:15:01.600000+00:00,52.2138659,21.1025742,94.9,37.22,-0.123,0.006,0.97,0,37.59303349408456,16.0,38.3589744277032,-1.0,5.0,52.214046,21.102094,16.0
11655,2026-05-11 20:15:02.100000+00:00,52.2139031,21.1025294,94.8,36.8,-0.118,0.0,0.963,0,37.01285761285296,16.0,33.651807500187175,-1.0,5.0,52.214046,21.102094,16.0
11660,2026-05-11 20:15:02.600000+00:00,52.2139405,21.1024855,94.8,36.82,-0.12,0.009,0.963,0,36.88230519828733,16.0,29.138903817456672,-1.0,5.0,52.214046,21.102094,16.0
11665,2026-05-11 20:15:03.100000+00:00,52.2139774,21.102442,94.8,36.34,-0.119,0.01,0.961,0,36.44282265395477,16.0,24.90632476951079,-1.0,5.0,52.214046,21.102094,16.0
11670,2026-05-11 20:15:03.600000+00:00,52.2140137,21.1023976,94.8,36.25,-0.118,0.002,0.948,0,36.31753879766077,16.0,20.993964008711703,-1.0,5.0,52.214046,21.102094,16.0
11675,2026-05-11 20:15:04.100000+00:00,52.2140498,21.1023544,94.8,35.91,-0.122,0.001,0.978,0,35.838340261241626,16.0,17.746242150302155,-1.0,5.0,52.214046,21.102094,16.0
11680,2026-05-11 20:15:04.600000+00:00,52.2140852,21.1023099,94.8,35.79,-0.112,0.003,0.937,0,35.77345041475408,16.0,15.34163416399453,-1.0,5.0,52.214046,21.102094,16.0
11685,2026-05-11 20:15:05.100000+00:00,52.2141209,21.1022667,94.8,35.2,-0.137,0.011,1.014,0,35.580565621791656,16.0,14.415482276391762,-1.0,5.0,52.214046,21.102094,16.0
11690,2026-05-11 20:15:05.600000+00:00,52.2141562,21.1022245,94.8,35.0,-0.11,0.006,0.96,0,35.03173978660484,16.0,15.139457807796727,-1.0,5.0,52.214046,21.102094,16.0
11695,2026-05-11 20:15:06.100000+00:00,52.2141914,21.102182,94.9,35.24,-0.08,-0.004,0.955,0,35.05449575640325,16.0,17.24359947636975,-1.0,5.0,52.214046,21.102094,16.0
11700,2026-05-11 20:15:06.600000+00:00,52.2142266,21.1021392,94.8,35.2,-0.108,0.006,0.981,0,35.14220622684194,16.0,20.31654859131469,-1.0,5.0,52.214046,21.102094,16.0
11705,2026-05-11 20:15:07.100000+00:00,52.2142626,21.1020972,94.5,35.78,-0.064,-0.007,0.937,0,35.42822580406231,16.0,24.085807844741623,-1.0,5.0,52.214046,21.102094,16.0
11710,2026-05-11 20:15:07.600000+00:00,52.214299,21.1020546,94.2,36.11,-0.073,0.004,1.002,0,35.85993739153526,16.0,28.260093801898847,-1.0,5.0,52.214046,21.102094,16.0
11715,2026-05-11 20:15:08.100000+00:00,52.214336,21.1020112,94.0,36.83,-0.061,-0.007,0.984,0,36.4790030349443,16.0,32.7362446197773,-1.0,5.0,52.214046,21.102094,16.0
11720,2026-05-11 20:15:08.600000+00:00,52.2143737,21.1019664,94.0,37.18,-0.077,0.0,0.988,0,37.33558054935363,16.0,37.46125633766886,-1.0,5.0,52.214046,21.102094,16.0
11725,2026-05-11 20:15:09.100000+00:00,52.2144115,21.10192,94.1,37.47,-0.074,-0.012,0.941,0,37.8668220751175,16.0,42.33538571330617,-1.0,5.0,52.214046,21.102094,16.0
11730,2026-05-11 20:15:09.600000+00:00,52.2144501,21.1018747,94.3,37.76,-0.102,-0.01,0.968,0,38.06309554807212,16.0,47.35277619260484,-1.0,5.0,52.214046,21.102094,16.0
11735,2026-05-11 20:15:10.100000+00:00,52.2144888,21.1018292,94.4,38.21,-0.079,-0.008,0.984,0,38.18537423202811,16.0,52.43822363102692,-1.0,5.0,52.214046,21.102094,16.0
11740,2026-05-11 20:15:10.600000+00:00,52.2145272,21.1017838,94.5,38.15,-0.077,-0.008,0.966,0,37.96194303420345,16.0,57.529513701078464,-1.0,5.0,52.214046,21.102094,16.0
11745,2026-05-11 20:15:11.100000+00:00,52.2145669,21.101739,94.5,38.85,-0.071,-0.015,0.951,0,38.64146633364756,16.0,62.768355314645234,-1.0,5.0,52.214046,21.102094,16.0
11750,2026-05-11 20:15:11.600000+00:00,52.2146067,21.1016947,94.5,39.18,-0.082,-0.015,0.974,0,38.568613320262536,16.0,68.02371830232168,-1.0,5.0,52.214046,21.102094,16.0
11755,2026-05-11 20:15:12.100000+00:00,52.2146474,21.1016506,94.5,39.97,-0.077,-0.008,0.978,0,39.11164574815916,16.0,73.37933438630147,-1.0,5.0,52.214046,21.102094,16.0
11760,2026-05-11 20:15:12.600000+00:00,52.214685,21.1016087,94.4,40.02,-0.077,-0.015,0.954,0,36.45013641764376,16.0,78.36967778944431,-1.0,5.0,52.214046,21.102094,16.0
11765,2026-05-11 20:15:13.100000+00:00,52.2147267,21.1015651,94.3,40.78,-0.073,0.004,0.972,0,39.64824657755617,,83.83009108682737,-1.0,5.0,52.214046,21.102094,16.0
11770,2026-05-11 20:15:13.600000+00:00,52.2147685,21.1015196,94.5,40.45,-0.084,0.019,0.98,0,40.22523600698103,,89.36280328044434,-1.0,5.0,52.214046,21.102094,16.0
11775,2026-05-11 20:15:14.100000+00:00,52.2148099,21.101474,94.6,41.21,-0.054,0.011,0.951,0,39.986615237778565,,94.86506151265218,-1.0,5.0,52.214046,21.102094,16.0
11780,2026-05-11 20:15:14.600000+00:00,52.2148527,21.1014284,94.6,41.18,-0.095,0.027,0.99,0,40.92047791009544,,100.51188890407538,-1.0,5.0,52.214046,21.102094,16.0
11785,2026-05-11 20:15:15.100000+00:00,52.2148954,21.1013821,94.5,41.48,-0.09,0.016,0.919,0,41.0424589342125,,106.17450224202908,-1.0,5.0,52.214046,21.102094,16.0
11790,2026-05-11 20:15:15.600000+00:00,52.2149376,21.1013353,94.5,41.24,-0.104,0.016,1.007,0,40.84696229428748,,111.80738351207928,-1.0,5.0,52.214046,21.102094,16.0
11795,2026-05-11 20:15:16.100000+00:00,52.214979,21.1012885,94.5,41.25,-0.093,0.015,0.976,0,40.3187987961101,,117.36550472778994,-1.0,5.0,52.214046,21.102094,16.0
11800,2026-05-11 20:15:16.600000+00:00,52.2150214,21.1012413,94.6,41.65,-0.089,0.022,0.947,0,41.08971625093952,,123.03829442392978,-1.0,5.0,52.214046,21.102094,16.0
11805,2026-05-11 20:15:17.100000+00:00,52.2150634,21.1011928,94.5,41.48,-0.087,0.024,0.974,0,41.19053504189212,,128.7172171509635,-1.0,5.0,52.214046,21.102094,16.0
11810,2026-05-11 20:15:17.600000+00:00,52.2151056,21.1011442,94.5,41.5,-0.08,0.016,0.969,0,41.34959948192077,,134.42247219049673,-1.0,5.0,52.214046,21.102094,16.0
11815,2026-05-11 20:15:18.100000+00:00,52.215148,21.1010944,94.5,42.02,-0.076,0.031,0.969,0,41.82159291832558,,140.18995107648422,-1.0,5.0,52.214046,21.102094,16.0
11820,2026-05-11 20:15:18.600000+00:00,52.2151904,21.1010449,94.4,42.25,-0.071,0.028,0.963,0,41.735793903768176,,145.95067611222944,-1.0,5.0,52.214046,21.102094,16.0
11825,2026-05-11 20:15:19.100000+00:00,52.215233,21.1009944,94.3,42.37,-0.075,0.023,0.971,0,42.152503040470016,,151.76709902440206,-1.0,5.0,52.214046,21.102094,16.0
11830,2026-05-11 20:15:19.600000+00:00,52.2152758,21.1009441,94.0,42.75,-0.082,0.019,0.956,0,42.2247462506804,,157.5988632632984,-1.0,5.0,52.214046,21.102094,16.0
11835,2026-05-11 20:15:20.100000+00:00,52.2153186,21.100892,93.9,42.96,-0.085,0.016,0.943,0,42.74667738903435,,163.4943631972951,-1.0,5.0,52.214046,21.102094,16.0
11840,2026-05-11 20:15:20.600000+00:00,52.2153613,21.1008392,93.8,42.66,-0.113,0.006,0.989,0,42.88898851447071,,169.40722373134955,-1.0,5.0,52.214046,21.102094,16.0
11845,2026-05-11 20:15:21.100000+00:00,52.2154038,21.1007862,93.7,42.97,-0.123,0.029,0.969,0,42.82094595318822,,175.31082932278716,-1.0,5.0,52.214046,21.102094,16.0
11850,2026-05-11 20:15:21.600000+00:00,52.2154453,21.1007336,93.5,42.47,-0.113,0.024,0.956,0,42.06693976671937,,181.1078148911234,-1.0,5.0,52.214046,21.102094,16.0
11855,2026-05-11 20:15:22.100000+00:00,52.2154859,21.1006813,93.3,42.12,-0.115,0.02,0.966,0,41.408852672705706,,186.81133772858684,-1.0,5.0,52.214046,21.102094,16.0
11860,2026-05-11 20:15:22.600000+00:00,52.2155267,21.1006288,93.2,41.63,-0.122,0.034,0.959,0,41.595313078684114,,192.54377890583245,-1.0,5.0,52.214046,21.102094,16.0
11865,2026-05-11 20:15:23.100000+00:00,52.2155669,21.1005762,93.2,41.47,-0.122,0.017,0.969,0,41.24980928834415,,198.22544335231183,-1.0,5.0,52.214046,21.102094,16.0
11870,2026-05-11 20:15:23.600000+00:00,52.2156066,21.1005235,93.1,41.51,-0.114,0.017,0.962,0,40.9691669109588,,203.86601182301257,-1.0,5.0,52.214046,21.102094,16.0
11875,2026-05-11 20:15:24.100000+00:00,52.2156461,21.1004707,93.1,40.87,-0.118,0.033,0.974,0,40.87611785349305,,209.49396975929804,-1.0,5.0,52.214046,21.102094,16.0
11880,2026-05-11 20:15:24.600000+00:00,52.2156848,21.1004179,93.0,41.0,-0.089,0.018,0.966,0,40.382632424170126,,215.04913306368408,-1.0,5.0,52.214046,21.102094,16.0
11885,2026-05-11 20:15:25.100000+00:00,52.2157231,21.100365,92.9,41.25,-0.082,0.022,0.962,0,40.169109482676646,,220.5730369367253,-1.0,5.0,52.214046,21.102094,16.0
11890,2026-05-11 20:15:25.600000+00:00,52.2157618,21.1003107,92.8,41.41,-0.086,0.025,0.985,0,40.85840082005269,,226.1883898889648,-1.0,5.0,52.214046,21.102094,16.0
11895,2026-05-11 20:15:26.100000+00:00,52.2158009,21.1002561,92.8,41.69,-0.075,0.017,0.94,0,41.19727294943105,,231.85510763082652,-1.0,5.0,52.214046,21.102094,16.0
11900,2026-05-11 20:15:26.600000+00:00,52.2158398,21.1001999,92.8,41.66,-0.101,0.026,1.01,0,41.59171109952104,,237.56498452546907,-1.0,5.0,52.214046,21.102094,16.0
11905,2026-05-11 20:15:27.100000+00:00,52.2158788,21.1001429,92.8,41.96,-0.081,0.007,0.936,0,41.91243118969748,,243.3170978807408,-1.0,5.0,52.214046,21.102094,16.0
11910,2026-05-11 20:15:27.600000+00:00,52.2159179,21.1000862,92.8,41.81,-0.101,0.01,0.988,0,41.87420753615909,,249.07048516799065,-1.0,5.0,52.214046,21.102094,16.0
11915,2026-05-11 20:15:28.100000+00:00,52.2159567,21.1000286,92.8,42.4,-0.091,0.025,0.933,0,41.99071345372668,,254.83274433071367,-1.0,5.0,52.214046,21.102094,16.0
11920,2026-05-11 20:15:28.600000+00:00,52.2159949,21.0999705,92.8,41.7,-0.12,0.048,1.036,0,41.80341179308202,,260.5615249948361,-1.0,5.0,52.214046,21.102094,16.0
11925,2026-05-11 20:15:29.100000+00:00,52.216033,21.0999122,92.8,42.16,-0.071,0.028,0.925,0,41.81189591890345,,263.97306328847026,-1.0,5.0,52.214046,21.102094,16.0
11930,2026-05-11 20:15:29.600000+00:00,52.2160712,21.0998537,92.6,42.27,-0.098,0.025,0.954,0,41.93738680546956,,258.19618698384875,-1.0,5.0,52.217545,21.096925,15.0
11935,2026-05-11 20:15:30.100000+00:00,52.2161083,21.0997951,92.4,42.04,-0.089,0.032,0.978,0,41.33363431626943,,252.49360472081955,-1.0,5.0,52.217545,21.096925,15.0
11940,2026-05-11 20:15:30.600000+00:00,52.216146,21.0997361,92.3,41.84,-0.11,0.015,0.998,0,41.81569866981712,,246.7295770834103,-1.0,5.0,52.217545,21.096925,15.0
11945,2026-05-11 20:15:31.100000+00:00,52.2161835,21.0996768,92.3,41.68,-0.091,-0.003,0.938,0,41.80251487637462,,240.9657216782203,-1.0,5.0,52.217545,21.096925,15.0
11950,2026-05-11 20:15:31.600000+00:00,52.2162208,21.0996174,92.3,41.49,-0.121,0.016,0.982,0,41.72188843874137,,235.21254639988152,-1.0,5.0,52.217545,21.096925,15.0
11955,2026-05-11 20:15:32.100000+00:00,52.2162582,21.0995585,92.3,41.43,-0.117,0.015,0.953,0,41.608541301638105,,229.4811600268872,-1.0,5.0,52.217545,21.096925,15.0
11960,2026-05-11 20:15:32.600000+00:00,52.2162952,21.0995004,92.2,40.94,-0.117,-0.006,0.973,0,41.105637919359296,,223.8225641881762,-1.0,5.0,52.217545,21.096925,15.0
11965,2026-05-11 20:15:33.100000+00:00,52.2163318,21.0994431,92.1,40.97,-0.108,0.005,0.946,0,40.60282504660337,,218.23693966236675,-1.0,5.0,52.217545,21.096925,15.0
11970,2026-05-11 20:15:33.600000+00:00,52.2163684,21.0993863,92.1,40.53,-0.104,0.01,0.979,0,40.43342166955772,,212.68100507438731,-1.0,5.0,52.217545,21.096925,15.0
11975,2026-05-11 20:15:34.100000+00:00,52.2164051,21.0993299,92.2,40.63,-0.085,0.007,0.96,0,40.35670964457231,,207.1430476369173,-1.0,5.0,52.217545,21.096925,15.0
11980,2026-05-11 20:15:34.600000+00:00,52.216442,21.0992729,92.0,40.53,-0.095,0.012,0.981,0,40.67515789170354,,201.56283438181916,-1.0,5.0,52.217545,21.096925,15.0
11985,2026-05-11 20:15:35.100000+00:00,52.2164784,21.0992164,91.9,40.19,-0.11,0.018,0.961,0,40.21593608904896,,196.0473408884879,-1.0,5.0,52.217545,21.096925,15.0
11990,2026-05-11 20:15:35.600000+00:00,52.2165134,21.0991591,91.9,39.61,-0.117,0.006,0.963,0,39.68820804320772,,190.58604075567732,-1.0,5.0,52.217545,21.096925,15.0
11995,2026-05-11 20:15:36.100000+00:00,52.2165487,21.0991037,91.8,39.23,-0.118,0.026,0.963,0,39.20650791111981,,185.21151203731455,-1.0,5.0,52.217545,21.096925,15.0
12000,2026-05-11 20:15:36.600000+00:00,52.2165833,21.0990474,91.7,39.08,-0.115,0.023,0.97,0,39.11488742114483,,179.83820813041646,-1.0,5.0,52.217545,21.096925,15.0
12005,2026-05-11 20:15:37.100000+00:00,52.2166174,21.0989915,91.6,38.83,-0.114,0.026,0.96,0,38.69312381137672,,174.52342004172274,-1.0,5.0,52.217545,21.096925,15.0
12010,2026-05-11 20:15:37.600000+00:00,52.2166514,21.0989365,91.4,38.44,-0.118,0.023,0.96,0,38.32462953198179,,169.26854112198106,-1.0,5.0,52.217545,21.096925,15.0
12015,2026-05-11 20:15:38.100000+00:00,52.2166851,21.0988818,91.4,37.98,-0.115,0.007,0.971,0,38.05049153564365,,164.05409948939146,-1.0,5.0,52.217545,21.096925,15.0
12020,2026-05-11 20:15:38.600000+00:00,52.2167182,21.0988275,91.4,37.62,-0.116,0.006,0.954,0,37.57204679279037,,158.90513299427576,-1.0,5.0,52.217545,21.096925,15.0
12025,2026-05-11 20:15:39.100000+00:00,52.2167512,21.0987743,91.4,37.17,-0.118,0.017,0.983,0,37.13448286975051,,153.82859805801488,-1.0,5.0,52.217545,21.096925,15.0
12030,2026-05-11 20:15:39.600000+00:00,52.2167836,21.0987212,91.4,36.45,-0.119,0.015,0.956,0,36.759484902349776,,148.80119536199524,-1.0,5.0,52.217545,21.096925,15.0
12035,2026-05-11 20:15:40.100000+00:00,52.2168156,21.0986684,91.3,36.38,-0.112,0.028,0.969,0,36.429433160226125,,143.82125717992793,-1.0,5.0,52.217545,21.096925,15.0
12040,2026-05-11 20:15:40.600000+00:00,52.2168468,21.0986161,91.3,35.79,-0.119,0.033,0.969,0,35.80575224299041,,138.92503464697447,-1.0,5.0,52.217545,21.096925,15.0
12045,2026-05-11 20:15:41.100000+00:00,52.2168773,21.0985645,91.2,35.61,-0.105,0.017,0.947,0,35.16914652599564,,134.11726822911044,-1.0,5.0,52.217545,21.096925,15.0
12050,2026-05-11 20:15:41.600000+00:00,52.2169076,21.0985128,91.2,35.22,-0.124,0.029,0.986,0,35.093578230174124,,129.3217518557455,-1.0,5.0,52.217545,21.096925,15.0
12055,2026-05-11 20:15:42.100000+00:00,52.2169375,21.0984613,91.3,34.8,-0.113,0.021,0.956,0,34.80169456157514,,124.56790494111134,-1.0,5.0,52.217545,21.096925,15.0
12060,2026-05-11 20:15:42.600000+00:00,52.2169671,21.098411,91.3,34.52,-0.114,0.028,0.968,0,34.210003585647385,,119.9073363723552,-1.0,5.0,52.217545,21.096925,15.0
12065,2026-05-11 20:15:43.100000+00:00,52.2169959,21.0983605,91.3,33.81,-0.114,0.027,0.967,0,33.84121858173171,,115.28971175179072,-1.0,5.0,52.217545,21.096925,15.0
12070,2026-05-11 20:15:43.600000+00:00,52.2170245,21.0983114,91.2,33.63,-0.115,0.02,0.95,0,33.23131109879115,,110.77197657440746,-1.0,5.0,52.217545,21.096925,15.0
12075,2026-05-11 20:15:44.100000+00:00,52.2170525,21.0982618,91.2,33.17,-0.14,0.022,0.961,0,33.08210364524266,,106.26780798868572,-1.0,5.0,52.217545,21.096925,15.0
12080,2026-05-11 20:15:44.600000+00:00,52.2170806,21.0982141,91.2,33.18,-0.109,-0.028,0.928,0,32.45830328911587,,101.8776543167539,-1.0,5.0,52.217545,21.096925,15.0
12085,2026-05-11 20:15:45.100000+00:00,52.2171091,21.0981668,91.2,32.47,-0.147,-0.006,0.994,0,32.54089030748953,,97.49978688203116,-1.0,5.0,52.217545,21.096925,15.0
12090,2026-05-11 20:15:45.600000+00:00,52.2171376,21.0981204,91.2,32.19,-0.134,0.006,0.969,0,32.22761771317193,,93.1890362642426,-1.0,5.0,52.217545,21.096925,15.0
12095,2026-05-11 20:15:46.100000+00:00,52.2171654,21.0980753,91.1,31.7,-0.121,-0.016,0.962,0,31.380555996126105,,89.00950923117207,-1.0,5.0,52.217545,21.096925,15.0
12100,2026-05-11 20:15:46.600000+00:00,52.2171931,21.0980296,91.2,31.34,-0.148,-0.002,0.991,0,31.532348316872596,,84.81684660579481,-1.0,5.0,52.217545,21.096925,15.0
12105,2026-05-11 20:15:47.100000+00:00,52.2172201,21.097986,91.2,31.2,-0.119,-0.008,0.929,0,30.40767801274608,,80.80681727732546,-1.0,5.0,52.217545,21.096925,15.0
12110,2026-05-11 20:15:47.600000+00:00,52.2172472,21.0979432,91.2,31.04,-0.12,0.02,0.975,0,30.190462052780045,15.0,76.86403605206843,-1.0,5.0,52.217545,21.096925,15.0
12115,2026-05-11 20:15:48.100000+00:00,52.2172733,21.0978992,91.3,30.12,-0.112,0.082,0.946,0,30.040380614997535,15.0,72.92072299007827,-1.0,5.0,52.217545,21.096925,15.0
12120,2026-05-11 20:15:48.600000+00:00,52.2172992,21.0978558,91.3,29.55,-0.124,0.031,0.993,0,29.71768977132797,15.0,69.05068542328935,-1.0,5.0,52.217545,21.096925,15.0
12125,2026-05-11 20:15:49.100000+00:00,52.2173245,21.0978125,91.4,29.43,-0.119,0.03,0.96,0,29.34900569819443,15.0,65.24358622846833,-1.0,5.0,52.217545,21.096925,15.0
12130,2026-05-11 20:15:49.600000+00:00,52.2173492,21.0977695,91.4,28.56,-0.13,0.038,0.954,0,28.91203322464338,15.0,61.513720470148726,-1.0,5.0,52.217545,21.096925,15.0
12135,2026-05-11 20:15:50.100000+00:00,52.2173721,21.0977282,91.5,26.46,-0.172,0.066,0.97,0,27.32229315614948,15.0,57.997557645425246,-1.0,5.0,52.217545,21.096925,15.0
12140,2026-05-11 20:15:50.600000+00:00,52.217393,21.0976889,91.6,25.34,-0.164,0.05,0.97,0,25.525966601274323,15.0,54.71679010012343,-1.0,5.0,52.217545,21.096925,15.0
12145,2026-05-11 20:15:51.100000+00:00,52.217415,21.0976512,91.5,24.7,-0.174,0.031,0.948,0,25.53782825494913,15.0,51.541222983444605,-1.0,5.0,52.217545,21.096925,15.0
12150,2026-05-11 20:15:51.600000+00:00,52.2174344,21.0976143,91.5,23.39,-0.188,0.034,0.956,0,23.85011894118789,15.0,48.54248432299768,-1.0,5.0,52.217545,21.096925,15.0
12155,2026-05-11 20:15:52.100000+00:00,52.2174531,21.0975824,91.4,21.34,-0.192,0.026,0.96,0,21.655699203069545,15.0,45.93661570130266,-1.0,5.0,52.217545,21.096925,15.0
12160,2026-05-11 20:15:52.600000+00:00,52.2174698,21.0975521,91.4,19.55,-0.206,0.022,0.962,0,19.991121042459262,15.0,43.53202111710776,-1.0,5.0,52.217545,21.096925,15.0
12165,2026-05-11 20:15:53.100000+00:00,52.2174831,21.0975211,91.5,17.85,-0.181,0.029,0.965,0,18.56313771518853,15.0,41.18866030984476,-1.0,5.0,52.217545,21.096925,15.0
12170,2026-05-11 20:15:53.600000+00:00,52.2174995,21.0974955,91.3,17.94,-0.141,0.013,0.939,0,18.16779965614589,15.0,39.19339526142472,-1.0,5.0,52.217545,21.096925,15.0
12175,2026-05-11 20:15:54.100000+00:00,52.2175198,21.0974751,91.0,17.68,-0.235,0.047,0.974,0,19.08561157869497,15.0,37.580321943861456,-1.0,5.0,52.217545,21.096925,15.0
12180,2026-05-11 20:15:54.600000+00:00,52.2175363,21.0974583,90.8,15.35,-0.218,0.039,0.944,0,15.569447899212207,15.0,36.34407498536222,-1.0,5.0,52.217545,21.096925,15.0
12185,2026-05-11 20:15:55.100000+00:00,52.2175493,21.0974471,90.8,11.6,-0.239,0.056,0.964,0,11.76873413892111,15.0,35.571403356075486,-1.0,5.0,52.217545,21.096925,15.0
12190,2026-05-11 20:15:55.600000+00:00,52.2175569,21.0974348,90.8,8.97,-0.246,0.038,0.958,0,8.568625386675635,15.0,34.75544440054307,-1.0,5.0,52.217545,21.096925,15.0
12195,2026-05-11 20:15:56.100000+00:00,52.2175626,21.0974268,90.8,5.88,-0.26,0.043,0.948,0,6.018543023107132,15.0,34.24121421611501,-1.0,5.0,52.217545,21.096925,15.0
12200,2026-05-11 20:15:56.600000+00:00,52.2175653,21.0974227,91.0,2.84,-0.26,0.033,0.96,0,2.9524548304994487,15.0,33.980982045463655,-1.0,5.0,52.217545,21.096925,15.0
12205,2026-05-11 20:15:57.100000+00:00,52.2175662,21.0974242,91.0,0.74,-0.224,0.031,0.962,0,1.0298125439697303,15.0,34.08971860022659,-1.0,5.0,52.217545,21.096925,15.0
12210,2026-05-11 20:15:57.600000+00:00,52.217565,21.0974264,90.9,1.29,-0.131,0.008,0.971,0,1.4448027881683585,15.0,34.23030943352437,-1.0,5.0,52.217545,21.096925,15.0
12215,2026-05-11 20:15:58.100000+00:00,52.2175636,21.0974282,91.1,1.74,-0.1,0.007,0.966,0,1.4268183447308405,15.0,34.3429507520243,-1.0,5.0,52.217545,21.096925,15.0
12220,2026-05-11 20:15:58.600000+00:00,52.2175664,21.097431,91.2,2.49,-0.096,0.007,0.97,0,2.628956515632767,15.0,34.55340041568166,-1.0,5.0,52.217545,21.096925,15.0
12225,2026-05-11 20:15:59.100000+00:00,52.2175703,21.0974325,91.4,3.15,-0.103,0.004,0.973,0,3.207868925381168,15.0,34.68781975246166,-1.0,5.0,52.217545,21.096925,15.0
12230,2026-05-11 20:15:59.600000+00:00,52.2175731,21.0974317,91.4,3.07,-0.099,0.005,0.973,0,2.275774924971332,15.0,34.66017767352192,-1.0,5.0,52.217545,21.096925,15.0
12235,2026-05-11 20:16:00.100000+00:00,52.2175727,21.0974277,91.4,1.72,-0.101,0.007,0.971,0,1.987969222854884,15.0,34.38478248823881,-1.0,5.0,52.217545,21.096925,15.0
12240,2026-05-11 20:16:00.600000+00:00,52.2175735,21.0974285,91.3,2.11,-0.098,0.003,0.976,0,0.7511303956908918,15.0,34.44713343250781,-1.0,5.0,52.217545,21.096925,15.0
12245,2026-05-11 20:16:01.100000+00:00,52.2175749,21.0974272,91.4,2.52,-0.1,0.006,0.973,0,1.2895321403850446,15.0,34.373654455181445,-1.0,5.0,52.217545,21.096925,15.0
12250,2026-05-11 20:16:01.600000+00:00,52.2175778,21.0974258,91.6,3.26,-0.1,0.005,0.973,0,2.4211738944516545,15.0,34.311503761910174,-1.0,5.0,52.217545,21.096925,15.0
12255,2026-05-11 20:16:02.100000+00:00,52.2175803,21.0974235,91.8,3.46,-0.1,0.005,0.971,0,2.2975566767830804,15.0,34.18650780924622,-1.0,5.0,52.217545,21.096925,15.0
12260,2026-05-11 20:16:02.600000+00:00,52.2175802,21.0974184,91.9,2.65,-0.1,0.003,0.971,0,2.5028378907227946,15.0,33.84010253273009,-1.0,5.0,52.217545,21.096925,15.0
12265,2026-05-11 20:16:03.100000+00:00,52.2175763,21.0974122,92.0,1.34,-0.098,0.005,0.972,0,4.358604601179368,15.0,33.37258896424463,-1.0,5.0,52.217545,21.096925,15.0
12270,2026-05-11 20:16:03.600000+00:00,52.2175702,21.0974046,92.0,1.02,-0.101,0.004,0.973,0,6.143852032931068,15.0,32.79279737732669,-1.0,5.0,52.217545,21.096925,15.0
12275,2026-05-11 20:16:04.100000+00:00,52.2175663,21.0973988,92.2,1.35,-0.098,0.005,0.974,0,4.224049930166064,15.0,32.36451289524336,-1.0,5.0,52.217545,21.096925,15.0
12280,2026-05-11 20:16:04.600000+00:00,52.2175627,21.0973923,92.4,1.5,-0.098,0.006,0.973,0,4.297897294033695,15.0,31.895702637784613,-1.0,5.0,52.217545,21.096925,15.0
12285,2026-05-11 20:16:05.100000+00:00,52.217562,21.0973869,92.8,0.96,-0.102,0.006,0.975,0,2.707347480222408,15.0,31.523772654656792,-1.0,5.0,52.217545,21.096925,15.0
12290,2026-05-11 20:16:05.600000+00:00,52.2175564,21.0973787,93.2,2.0,-0.099,0.004,0.973,0,6.023129303049211,15.0,30.934403652608992,-1.0,5.0,52.217545,21.096925,15.0
12295,2026-05-11 20:16:06.100000+00:00,52.2175557,21.0973715,93.6,1.65,-0.098,0.004,0.973,0,3.575801459865887,15.0,30.44117923682685,-1.0,5.0,52.217545,21.096925,15.0
12300,2026-05-11 20:16:06.600000+00:00,52.2175581,21.097367,93.5,0.09,-0.099,0.004,0.973,0,2.9264225556469365,15.0,30.146567350384583,-1.0,5.0,52.217545,21.096925,15.0
12305,2026-05-11 20:16:07.100000+00:00,52.2175592,21.097361,93.6,0.32,-0.103,0.005,0.971,0,3.071949745425067,15.0,29.74454170189467,-1.0,5.0,52.217545,21.096925,15.0
12310,2026-05-11 20:16:07.600000+00:00,52.2175599,21.0973548,93.8,0.39,-0.097,0.004,0.974,0,3.092316850675894,15.0,29.327063434235267,-1.0,5.0,52.217545,21.096925,15.0
12315,2026-05-11 20:16:08.100000+00:00,52.21756,21.0973491,93.7,0.4,-0.1,0.006,0.97,0,2.797005238179507,15.0,28.94001676551225,-1.0,5.0,52.217545,21.096925,15.0
12320,2026-05-11 20:16:08.600000+00:00,52.2175594,21.0973424,93.7,0.78,-0.074,-0.004,0.975,0,3.3212821654542486,15.0,28.48051993566944,-1.0,5.0,52.217545,21.096925,15.0
12325,2026-05-11 20:16:09.100000+00:00,52.2175589,21.0973401,93.9,0.93,-0.037,-0.009,0.972,0,1.197068216542622,15.0,28.32099263063614,-1.0,5.0,52.217545,21.096925,15.0
12330,2026-05-11 20:16:09.600000+00:00,52.2175592,21.0973386,93.9,0.37,-0.022,-0.01,0.98,0,0.7739629029134755,15.0,28.22080429171345,-1.0,5.0,52.217545,21.096925,15.0
12335,2026-05-11 20:16:10.100000+00:00,52.2175589,21.09733,94.0,1.62,-0.006,-0.011,0.979,0,4.22514610216764,15.0,27.633978686547117,-1.0,5.0,52.217545,21.096925,15.0
12340,2026-05-11 20:16:10.600000+00:00,52.2175598,21.0973176,94.3,3.09,0.006,-0.011,0.973,0,6.124751714304973,15.0,26.796549346625618,-1.0,5.0,52.217545,21.096925,15.0
12345,2026-05-11 20:16:11.100000+00:00,52.2175636,21.0973061,94.3,4.55,0.013,-0.018,0.979,0,6.4088856450201,15.0,26.04477535772882,-1.0,5.0,52.217545,21.096925,15.0
12350,2026-05-11 20:16:11.600000+00:00,52.2175674,21.09729,94.7,5.9,0.024,-0.008,0.978,0,8.46282111412442,15.0,24.99014596017372,-1.0,5.0,52.217545,21.096925,15.0
12355,2026-05-11 20:16:12.100000+00:00,52.2175755,21.0972705,95.6,7.87,0.024,-0.005,0.986,0,11.555897669657924,15.0,23.780343415597574,-1.0,5.0,52.217545,21.096925,15.0
12360,2026-05-11 20:16:12.600000+00:00,52.2175861,21.0972448,96.8,12.38,0.028,-0.034,0.964,0,15.196291682400192,15.0,22.26061672620989,-1.0,5.0,52.217545,21.096925,15.0
12365,2026-05-11 20:16:13.100000+00:00,52.2175946,21.0972199,98.4,12.81,0.031,-0.016,0.974,0,13.981377813428828,15.0,20.833417198797232,-1.0,5.0,52.217545,21.096925,15.0
12370,2026-05-11 20:16:13.600000+00:00,52.2176067,21.0971886,98.9,15.69,0.035,-0.02,0.981,0,18.153479024610853,15.0,19.22374183072848,-1.0,5.0,52.217545,21.096925,15.0
12375,2026-05-11 20:16:14.100000+00:00,52.2176214,21.0971528,99.0,18.45,0.008,-0.012,0.97,0,21.139008740533207,15.0,17.691998365587313,-1.0,5.0,52.217545,21.096925,15.0
12380,2026-05-11 20:16:14.600000+00:00,52.2176379,21.0971064,101.5,19.58,-0.02,-0.025,0.971,0,26.315127541631867,15.0,16.106735916221186,-1.0,5.0,52.217545,21.096925,15.0
12385,2026-05-11 20:16:15.100000+00:00,52.2176543,21.0970616,101.9,22.0,-0.031,-0.027,0.985,0,25.598237281545018,15.0,15.307182972321948,-1.0,5.0,52.217545,21.096925,15.0
12390,2026-05-11 20:16:15.600000+00:00,52.2176732,21.0970163,99.4,25.79,-0.029,-0.024,0.964,0,26.882582130842263,15.0,15.55302757639463,-1.0,5.0,52.217545,21.096925,15.0
12395,2026-05-11 20:16:16.100000+00:00,52.2176909,21.0969674,99.0,27.32,-0.031,-0.024,0.96,0,27.85876245605848,15.0,16.47847746382997,-1.0,5.0,52.217545,21.096925,15.0
12400,2026-05-11 20:16:16.600000+00:00,52.2177144,21.0969152,99.1,29.13,-0.029,-0.028,0.969,0,31.773313725993788,15.0,18.84824831885471,-1.0,5.0,52.217545,21.096925,15.0
12405,2026-05-11 20:16:17.100000+00:00,52.217737,21.096865,98.9,30.51,-0.041,-0.02,0.994,0,30.55611672458463,15.0,21.737196049230327,-1.0,5.0,52.217545,21.096925,15.0
12410,2026-05-11 20:16:17.600000+00:00,52.2177587,21.0968166,98.7,31.56,-0.042,-0.024,0.955,0,29.41802978035876,15.0,24.88341254465984,-1.0,5.0,52.217545,21.096925,15.0
12415,2026-05-11 20:16:18.100000+00:00,52.2177826,21.0967652,98.3,32.89,-0.044,-0.016,0.981,0,31.6504993616286,15.0,28.574906331823986,-1.0,5.0,52.217545,21.096925,15.0
12420,2026-05-11 20:16:18.600000+00:00,52.2178065,21.0967154,97.7,33.69,-0.046,-0.028,0.952,0,31.028973685220475,15.0,32.39428303729968,-1.0,5.0,52.217545,21.096925,15.0
12425,2026-05-11 20:16:19.100000+00:00,52.2178294,21.0966648,96.7,34.81,-0.061,-0.014,0.979,0,30.85649827059179,15.0,36.253039171652325,-1.0,5.0,52.217545,21.096925,15.0
12430,2026-05-11 20:16:19.600000+00:00,52.217854,21.0966115,95.5,35.9,-0.049,-0.025,0.963,0,32.73183763649288,15.0,40.45598149135957,-1.0,5.0,52.217545,21.096925,15.0
12435,2026-05-11 20:16:20.100000+00:00,52.2178815,21.0965548,94.8,36.74,-0.049,-0.027,0.981,0,35.47105907963226,15.0,45.122951175677215,-1.0,5.0,52.217545,21.096925,15.0
12440,2026-05-11 20:16:20.600000+00:00,52.2179072,21.0964998,93.3,37.83,-0.048,-0.027,0.95,0,33.92832024017628,15.0,49.60979296267792,-1.0,5.0,52.217545,21.096925,15.0
12445,2026-05-11 20:16:21.100000+00:00,52.2179351,21.0964417,92.2,38.68,-0.057,-0.027,0.992,0,36.20863526313137,15.0,54.45748771659343,-1.0,5.0,52.217545,21.096925,15.0
12450,2026-05-11 20:16:21.600000+00:00,52.217966,21.0963798,91.9,39.68,-0.05,-0.024,0.96,0,39.16425062122923,15.0,59.7575894063283,-1.0,5.0,52.217545,21.096925,15.0
12455,2026-05-11 20:16:22.100000+00:00,52.2179988,21.0963179,91.7,40.46,-0.057,0.004,0.97,0,40.14241285126546,15.0,65.24395424683237,-1.0,5.0,52.217545,21.096925,15.0
12460,2026-05-11 20:16:22.600000+00:00,52.2180321,21.0962545,91.4,41.1,-0.054,-0.003,0.965,0,40.9611299791362,15.0,70.8525980685727,-1.0,5.0,52.217545,21.096925,15.0
12465,2026-05-11 20:16:23.100000+00:00,52.218066,21.0961902,91.2,42.17,-0.069,0.004,0.976,0,41.60897813825672,15.0,76.56368789211537,-1.0,5.0,52.217545,21.096925,15.0
12470,2026-05-11 20:16:23.600000+00:00,52.2180999,21.0961235,91.0,43.17,-0.058,-0.013,0.944,0,42.50818549265811,,82.39252423073947,-1.0,5.0,52.217545,21.096925,15.0
12475,2026-05-11 20:16:24.100000+00:00,52.2181335,21.0960541,91.0,43.51,-0.07,0.018,1.001,0,43.38631940968229,,88.33003505835508,-1.0,5.0,52.217545,21.096925,15.0
12480,2026-05-11 20:16:24.600000+00:00,52.2181682,21.0959853,90.9,44.02,-0.059,0.009,0.975,0,43.71015162845677,,94.34079777439442,-1.0,5.0,52.217545,21.096925,15.0
12485,2026-05-11 20:16:25.100000+00:00,52.2182023,21.0959154,90.6,44.34,-0.086,0.032,0.963,0,43.82718997092661,,100.36151176632195,-1.0,5.0,52.217545,21.096925,15.0
12490,2026-05-11 20:16:25.600000+00:00,52.2182359,21.0958435,90.5,44.56,-0.1,0.032,0.97,0,44.35486343984349,,106.44387334621032,-1.0,5.0,52.217545,21.096925,15.0
12495,2026-05-11 20:16:26.100000+00:00,52.2182688,21.0957716,90.2,44.57,-0.097,0.034,0.971,0,44.01721350934677,,112.479015616546,-1.0,5.0,52.217545,21.096925,15.0
12500,2026-05-11 20:16:26.600000+00:00,52.218301,21.0956992,89.9,44.37,-0.106,0.024,0.977,0,43.88237207627902,,118.49094714966444,-1.0,5.0,52.217545,21.096925,15.0
12505,2026-05-11 20:16:27.100000+00:00,52.2183329,21.0956265,89.7,44.85,-0.068,0.02,0.953,0,43.861231063024405,,124.50197384067069,-1.0,5.0,52.217545,21.096925,15.0
12510,2026-05-11 20:16:27.600000+00:00,52.2183645,21.0955536,89.3,44.76,-0.081,0.023,0.992,0,43.801839647513226,,130.50695018826408,-1.0,5.0,52.217545,21.096925,15.0
12515,2026-05-11 20:16:28.100000+00:00,52.2183966,21.0954785,89.0,45.39,-0.073,0.024,0.958,0,44.91489612211866,,136.66545981766086,-1.0,5.0,52.217545,21.096925,15.0
12520,2026-05-11 20:16:28.600000+00:00,52.2184281,21.095402,89.0,45.66,-0.077,0.012,0.958,0,45.21004248260551,,142.85424684372924,-1.0,5.0,52.217545,21.096925,15.0
12525,2026-05-11 20:16:29.100000+00:00,52.2184592,21.0953257,89.0,45.6,-0.089,0.025,0.987,0,44.95046136153647,,149.01028678704782,-1.0,5.0,52.217545,21.096925,15.0
12530,2026-05-11 20:16:29.600000+00:00,52.21849,21.0952478,89.1,46.09,-0.082,0.014,0.972,0,45.47522028288058,,155.23090080912226,-1.0,5.0,52.217545,21.096925,15.0
12535,2026-05-11 20:16:30.100000+00:00,52.2185209,21.0951686,89.1,46.17,-0.088,0.024,0.959,0,46.0552100089774,,161.53198329411646,-1.0,5.0,52.217545,21.096925,15.0
12540,2026-05-11 20:16:30.600000+00:00,52.2185515,21.0950889,88.9,45.97,-0.083,0.027,0.961,0,46.13424583749684,,167.8434218960179,-1.0,5.0,52.217545,21.096925,15.0
12545,2026-05-11 20:16:31.100000+00:00,52.2185824,21.0950095,88.8,46.45,-0.086,0.013,0.957,0,46.13793901733023,,174.16865359596437,-1.0,5.0,52.217545,21.096925,15.0
12550,2026-05-11 20:16:31.600000+00:00,52.2186128,21.094929,88.8,46.1,-0.183,0.011,1.004,0,46.38294339612284,,180.51958117776607,-1.0,5.0,52.217545,21.096925,15.0
12555,2026-05-11 20:16:32.100000+00:00,52.2186422,21.0948482,88.8,45.66,-0.1,0.011,0.953,0,46.09432997362398,,186.8195838670203,-1.0,5.0,52.217545,21.096925,15.0
12560,2026-05-11 20:16:32.600000+00:00,52.2186714,21.0947672,88.8,46.11,-0.094,0.025,0.963,0,46.09726922825289,,193.1222390910527,-1.0,5.0,52.217545,21.096925,15.0
12565,2026-05-11 20:16:33.100000+00:00,52.2187008,21.0946864,88.7,46.18,-0.09,0.014,0.971,0,46.0942850195241,,199.4351577378584,-1.0,5.0,52.217545,21.096925,15.0
12570,2026-05-11 20:16:33.600000+00:00,52.2187303,21.0946057,88.7,45.74,-0.089,0.014,0.965,0,46.09306847677288,,205.75546963088985,-1.0,5.0,52.217545,21.096925,15.0
12575,2026-05-11 20:16:34.100000+00:00,52.2187594,21.0945242,88.8,46.08,-0.087,0.012,0.942,0,46.26837131310783,,212.09436663970328,-1.0,5.0,52.217545,21.096925,15.0
12580,2026-05-11 20:16:34.600000+00:00,52.2187881,21.0944419,88.9,46.54,-0.095,0.034,0.983,0,46.448534985173865,,218.4524096264408,-1.0,5.0,52.217545,21.096925,15.0
12585,2026-05-11 20:16:35.100000+00:00,52.2188163,21.0943594,89.0,46.27,-0.083,0.019,1.003,0,46.337439485115496,,224.79138339596784,-1.0,5.0,52.217545,21.096925,15.0
12590,2026-05-11 20:16:35.600000+00:00,52.2188444,21.0942759,89.1,46.94,-0.061,0.02,0.935,0,46.72775988092384,,231.1819295624416,-1.0,5.0,52.217545,21.096925,15.0
12595,2026-05-11 20:16:36.100000+00:00,52.2188728,21.0941916,89.2,47.28,-0.072,0.019,0.975,0,47.18729639397032,,237.641293714915,-1.0,5.0,52.217545,21.096925,15.0
12600,2026-05-11 20:16:36.600000+00:00,52.2189014,21.0941068,89.3,47.5,-0.071,0.017,0.968,0,47.4793279420531,,244.1462134013509,-1.0,5.0,52.217545,21.096925,15.0
12605,2026-05-11 20:16:37.100000+00:00,52.2189302,21.0940212,89.4,47.98,-0.081,0.033,0.971,0,47.9002934351432,,250.71246841818,-1.0,5.0,52.217545,21.096925,15.0
12610,2026-05-11 20:16:37.600000+00:00,52.2189587,21.0939357,89.4,47.66,-0.087,0.036,0.961,0,47.74202931343305,,257.2573926071532,-1.0,5.0,52.217545,21.096925,15.0
12615,2026-05-11 20:16:38.100000+00:00,52.2189861,21.09385,89.4,47.51,-0.106,0.039,0.979,0,47.414380683147606,,263.7430938380213,-1.0,5.0,52.217545,21.096925,15.0
12620,2026-05-11 20:16:38.600000+00:00,52.2190129,21.0937636,89.5,47.7,-0.084,0.033,0.95,0,47.50009838584893,,270.2313086736105,-1.0,5.0,52.217545,21.096925,15.0
12625,2026-05-11 20:16:39.100000+00:00,52.2190395,21.093678,89.4,46.66,-0.107,0.044,1.005,0,47.07768495822683,,276.6677466946885,-1.0,5.0,52.217545,21.096925,15.0
12630,2026-05-11 20:16:39.600000+00:00,52.2190658,21.0935924,89.3,47.32,-0.072,0.049,0.931,0,46.96950279028732,,283.0889363198328,-1.0,5.0,52.217545,21.096925,15.0
12635,2026-05-11 20:16:40.100000+00:00,52.2190929,21.0935054,89.1,47.49,-0.083,0.038,0.976,0,47.871147567398175,,289.6442679053638,-1.0,5.0,52.217545,21.096925,15.0
12640,2026-05-11 20:16:40.600000+00:00,52.2191185,21.0934177,89.2,47.4,-0.066,0.04,0.971,0,47.64867448859325,,296.1436529695555,-1.0,5.0,52.217545,21.096925,15.0
12645,2026-05-11 20:16:41.100000+00:00,52.2191437,21.0933285,89.1,48.01,-0.069,0.041,0.964,0,48.17889747983664,,302.7047465069519,-1.0,5.0,52.217545,21.096925,15.0
12650,2026-05-11 20:16:41.600000+00:00,52.2191677,21.093238,89.2,48.36,-0.066,0.044,0.977,0,48.36901935824215,,309.2654648650411,-1.0,5.0,52.217545,21.096925,15.0
12655,2026-05-11 20:16:42.100000+00:00,52.2191905,21.0931468,89.1,49.0,-0.058,0.041,0.951,0,48.31316544496468,,315.79432013089814,-1.0,5.0,52.217545,21.096925,15.0
12660,2026-05-11 20:16:42.600000+00:00,52.2192138,21.0930538,89.1,49.54,-0.064,0.042,0.972,0,49.2818310513054,,322.4628985604569,-1.0,5.0,52.217545,21.096925,15.0
12665,2026-05-11 20:16:43.100000+00:00,52.219238,21.0929589,88.9,49.92,-0.054,0.031,0.968,0,50.41810375698132,,329.30211465957456,-1.0,5.0,52.22005,21.08828,14.0
12670,2026-05-11 20:16:43.600000+00:00,52.219263,21.0928641,88.9,50.46,-0.068,0.034,0.994,0,50.62259895638308,,324.3080046007317,-1.0,5.0,52.22005,21.08828,14.0
12675,2026-05-11 20:16:44.100000+00:00,52.2192865,21.0927674,88.8,50.98,-0.054,0.031,0.969,0,51.024969107422535,,317.2606350066953,-1.0,5.0,52.22005,21.08828,14.0
12680,2026-05-11 20:16:44.600000+00:00,52.2193094,21.0926697,88.7,51.21,-0.072,-0.003,0.966,0,51.30758250553476,,310.16709407468915,-1.0,5.0,52.22005,21.08828,14.0
12685,2026-05-11 20:16:45.100000+00:00,52.2193334,21.0925717,88.6,51.5,-0.086,-0.004,0.973,0,51.76540403916129,,303.0231774909232,-1.0,5.0,52.22005,21.08828,14.0
12690,2026-05-11 20:16:45.600000+00:00,52.2193569,21.0924734,88.5,51.87,-0.08,0.012,0.955,0,51.75518291004148,,295.87622698265113,-1.0,5.0,52.22005,21.08828,14.0
12695,2026-05-11 20:16:46.100000+00:00,52.2193804,21.0923752,88.4,51.67,-0.104,0.005,0.963,0,51.70946966867855,,288.73791176103833,-1.0,5.0,52.22005,21.08828,14.0
12700,2026-05-11 20:16:46.600000+00:00,52.2194035,21.0922775,88.3,51.54,-0.112,0.006,0.968,0,51.36492176943399,,281.6461004435116,-1.0,5.0,52.22005,21.08828,14.0
12705,2026-05-11 20:16:47.100000+00:00,52.2194265,21.0921796,88.2,51.35,-0.098,0.011,0.988,0,51.42770769238134,,274.5461054744888,-1.0,5.0,52.22005,21.08828,14.0
12710,2026-05-11 20:16:47.600000+00:00,52.2194496,21.0920813,88.3,51.6,-0.09,0.002,0.938,0,51.63953551343698,,267.4192289127075,-1.0,5.0,52.22005,21.08828,14.0
12715,2026-05-11 20:16:48.100000+00:00,52.2194723,21.0919833,88.4,51.35,-0.108,0.007,0.998,0,51.38802871461483,,260.3256225406445,-1.0,5.0,52.22005,21.08828,14.0
12720,2026-05-11 20:16:48.600000+00:00,52.2194952,21.0918847,88.5,51.74,-0.078,-0.005,0.929,0,51.719923489216185,,253.18941116269065,-1.0,5.0,52.22005,21.08828,14.0
12725,2026-05-11 20:16:49.100000+00:00,52.2195181,21.0917862,88.7,51.44,-0.117,0.006,0.979,0,51.67404014508488,,246.06255849170128,-1.0,5.0,52.22005,21.08828,14.0
12730,2026-05-11 20:16:49.600000+00:00,52.2195413,21.0916888,88.7,51.44,-0.101,0.006,0.972,0,51.25649251890728,,239.0036135847516,-1.0,5.0,52.22005,21.08828,14.0
12735,2026-05-11 20:16:50.100000+00:00,52.2195638,21.0915911,88.7,51.02,-0.101,0.012,0.966,0,51.19376674308103,,231.94659818643493,-1.0,5.0,52.22005,21.08828,14.0
12740,2026-05-11 20:16:50.600000+00:00,52.219586,21.0914937,88.8,50.71,-0.11,0.005,0.966,0,50.97179147871032,,224.9204832511053,-1.0,5.0,52.22005,21.08828,14.0
12745,2026-05-11 20:16:51.100000+00:00,52.2196081,21.0913968,88.8,50.56,-0.111,0.015,0.965,0,50.71400614370177,,217.93351430877263,-1.0,5.0,52.22005,21.08828,14.0
12750,2026-05-11 20:16:51.600000+00:00,52.2196301,21.0913004,88.7,50.55,-0.104,0.008,0.962,0,50.456223318714855,,210.9859945431552,-1.0,5.0,52.22005,21.08828,14.0
12755,2026-05-11 20:16:52.100000+00:00,52.2196517,21.0912043,88.7,50.47,-0.111,0.009,0.957,0,50.20714047655617,,204.07220214261451,-1.0,5.0,52.22005,21.08828,14.0
12760,2026-05-11 20:16:52.600000+00:00,52.2196738,21.0911097,88.6,49.85,-0.106,0.013,0.955,0,49.65828326675945,,197.25065133063973,-1.0,5.0,52.22005,21.08828,14.0
12765,2026-05-11 20:16:53.100000+00:00,52.2196953,21.0910144,88.6,49.56,-0.118,0.019,0.999,0,49.8111847644696,,190.4016948041508,-1.0,5.0,52.22005,21.08828,14.0
12770,2026-05-11 20:16:53.600000+00:00,52.2197167,21.0909196,88.6,49.5,-0.103,0.013,0.939,0,49.55336748940869,,183.59354210462303,-1.0,5.0,52.22005,21.08828,14.0
12775,2026-05-11 20:16:54.100000+00:00,52.2197374,21.0908252,88.6,49.03,-0.127,0.025,0.982,0,49.17762398883758,,176.83314874851067,-1.0,5.0,52.22005,21.08828,14.0
12780,2026-05-11 20:16:54.600000+00:00,52.219758,21.0907322,88.6,48.43,-0.103,0.006,0.948,0,48.50437159230552,,170.17407978775677,-1.0,5.0,52.22005,21.08828,14.0
12785,2026-05-11 20:16:55.100000+00:00,52.2197779,21.0906397,88.6,47.65,-0.153,0.025,0.96,0,48.0852171514097,,163.56923328304885,-1.0,5.0,52.22005,21.08828,14.0
12790,2026-05-11 20:16:55.600000+00:00,52.219797,21.09055,88.6,45.89,-0.195,0.028,0.978,0,46.57746393147384,,157.17419861753442,-1.0,5.0,52.22005,21.08828,14.0
12795,2026-05-11 20:16:56.100000+00:00,52.2198154,21.0904634,88.6,44.32,-0.18,0.023,0.938,0,44.95726639901345,,151.0069301386887,-1.0,5.0,52.22005,21.08828,14.0
12800,2026-05-11 20:16:56.600000+00:00,52.2198329,21.09038,88.6,42.51,-0.213,0.018,0.971,0,43.23859528417031,,145.07783604795102,-1.0,5.0,52.22005,21.08828,14.0
12805,2026-05-11 20:16:57.100000+00:00,52.2198501,21.0903014,88.6,40.27,-0.231,0.028,0.934,0,40.93699269657047,,139.48340634302753,-1.0,5.0,52.22005,21.08828,14.0
12810,2026-05-11 20:16:57.600000+00:00,52.219866,21.0902273,88.6,37.47,-0.259,0.04,0.953,0,38.50908892700989,,134.2216353327632,-1.0,5.0,52.22005,21.08828,14.0
12815,2026-05-11 20:16:58.100000+00:00,52.2198805,21.0901575,88.7,35.18,-0.218,0.035,0.954,0,36.14988264386514,,129.2794436681038,-1.0,5.0,52.22005,21.08828,14.0
12820,2026-05-11 20:16:58.600000+00:00,52.2198946,21.0900929,88.6,32.72,-0.237,0.037,0.967,0,33.63559742180991,,124.700532732814,-1.0,5.0,52.22005,21.08828,14.0
12825,2026-05-11 20:16:59.100000+00:00,52.2199078,21.0900328,88.7,30.43,-0.231,0.039,0.962,0,31.314699272014437,,120.445780898292,-1.0,5.0,52.22005,21.08828,14.0
12830,2026-05-11 20:16:59.600000+00:00,52.21992,21.0899772,88.7,27.85,-0.23,0.04,0.955,0,28.966851729807995,,116.51598199041014,-1.0,5.0,52.22005,21.08828,14.0
12835,2026-05-11 20:17:00.100000+00:00,52.2199313,21.0899261,88.7,26.0,-0.204,0.035,0.959,0,26.64608440051187,,112.90890736562312,-1.0,5.0,52.22005,21.08828,14.0
12840,2026-05-11 20:17:00.600000+00:00,52.219942,21.0898786,88.6,24.0,-0.203,0.034,0.961,0,24.82259888444701,,109.55916982369745,-1.0,5.0,52.22005,21.08828,14.0
12845,2026-05-11 20:17:01.100000+00:00,52.219952,21.0898348,88.6,22.29,-0.18,0.037,0.967,0,22.926141741925296,,106.47437587324325,-1.0,5.0,52.22005,21.08828,14.0
12850,2026-05-11 20:17:01.600000+00:00,52.2199613,21.0897932,88.7,20.79,-0.181,0.034,0.955,0,21.719825274718268,,103.55219056875862,-1.0,5.0,52.22005,21.08828,14.0
12855,2026-05-11 20:17:02.100000+00:00,52.2199701,21.0897541,88.7,19.48,-0.17,0.029,0.962,0,20.4307551168475,,100.81011398443697,-1.0,5.0,52.22005,21.08828,14.0
12860,2026-05-11 20:17:02.600000+00:00,52.2199783,21.089718,88.8,18.13,-0.149,0.024,0.959,0,18.884018237225703,,98.28256426044948,-1.0,5.0,52.22005,21.08828,14.0
12865,2026-05-11 20:17:03.100000+00:00,52.2199863,21.0896834,88.8,17.44,-0.14,0.024,0.965,0,18.13883458492516,,95.86368248955851,-1.0,5.0,52.22005,21.08828,14.0
12870,2026-05-11 20:17:03.600000+00:00,52.2199936,21.0896515,88.8,15.93,-0.168,0.026,0.956,0,16.70206391861182,,93.63881296712673,-1.0,5.0,52.22005,21.08828,14.0
12875,2026-05-11 20:17:04.100000+00:00,52.2200002,21.0896215,88.9,14.83,-0.168,0.031,0.968,0,15.634236906580815,,91.55253566709013,-1.0,5.0,52.22005,21.08828,14.0
12880,2026-05-11 20:17:04.600000+00:00,52.2200064,21.089594,88.9,13.71,-0.152,0.015,0.948,0,14.372414026999516,,89.64276416763082,-1.0,5.0,52.22005,21.08828,14.0
12885,2026-05-11 20:17:05.100000+00:00,52.220012,21.089568,88.9,12.53,-0.151,0.022,0.972,0,13.517500979985618,,87.84209152296107,-1.0,5.0,52.22005,21.08828,14.0
12890,2026-05-11 20:17:05.600000+00:00,52.2200172,21.0895441,89.0,11.56,-0.142,0.019,0.972,0,12.439653893629828,,86.18950131205007,-1.0,5.0,52.22005,21.08828,14.0
12895,2026-05-11 20:17:06.100000+00:00,52.2200219,21.0895217,89.0,10.76,-0.136,0.025,0.963,0,11.613135879392456,,84.6440654115372,-1.0,5.0,52.22005,21.08828,14.0
12900,2026-05-11 20:17:06.600000+00:00,52.2200263,21.0895009,89.1,9.99,-0.128,0.018,0.965,0,10.792923649540132,,83.21118625143002,-1.0,5.0,52.22005,21.08828,14.0
12905,2026-05-11 20:17:07.100000+00:00,52.2200302,21.0894819,89.1,9.26,-0.127,0.015,0.968,0,9.828178353067004,,81.90473098747356,-1.0,5.0,52.22005,21.08828,14.0
12910,2026-05-11 20:17:07.600000+00:00,52.2200338,21.0894643,89.1,8.32,-0.135,0.016,0.964,0,9.100788349433328,,80.69630233811164,-1.0,5.0,52.22005,21.08828,14.0
12915,2026-05-11 20:17:08.100000+00:00,52.2200369,21.0894481,89.2,7.43,-0.152,0.02,0.97,0,8.324275643083633,14.0,79.58595613704205,-1.0,5.0,52.22005,21.08828,14.0
12920,2026-05-11 20:17:08.600000+00:00,52.2200396,21.0894338,89.3,6.15,-0.164,0.017,0.963,0,7.339330694322975,14.0,78.6069927643804,-1.0,5.0,52.22005,21.08828,14.0
12925,2026-05-11 20:17:09.100000+00:00,52.2200416,21.0894222,89.4,4.84,-0.162,0.026,0.961,0,5.910523191837485,14.0,77.81388182416185,-1.0,5.0,52.22005,21.08828,14.0
12930,2026-05-11 20:17:09.600000+00:00,52.220043,21.0894126,89.5,3.69,-0.176,0.017,0.963,0,4.840119630709904,14.0,77.15823514070341,-1.0,5.0,52.22005,21.08828,14.0
12935,2026-05-11 20:17:10.100000+00:00,52.2200435,21.0894052,89.7,1.82,-0.179,0.021,0.961,0,3.6515170814869946,14.0,76.65361770525413,-1.0,5.0,52.22005,21.08828,14.0
12940,2026-05-11 20:17:10.600000+00:00,52.2200435,21.0894014,89.8,0.56,-0.16,0.022,0.963,0,1.863801905083778,14.0,76.39476789491795,-1.0,5.0,52.22005,21.08828,14.0
12945,2026-05-11 20:17:11.100000+00:00,52.2200432,21.0893993,90.0,0.12,-0.097,0.004,0.97,0,1.0576286046483634,14.0,76.25204309781289,-1.0,5.0,52.22005,21.08828,14.0
12950,2026-05-11 20:17:11.600000+00:00,52.2200428,21.0893969,90.1,0.06,-0.091,0.001,0.972,0,1.2199215357138793,14.0,76.08901510797874,-1.0,5.0,52.22005,21.08828,14.0
12955,2026-05-11 20:17:12.100000+00:00,52.2200425,21.0893949,90.3,0.16,-0.083,0.003,0.972,0,1.0099240960053817,14.0,75.95313904943598,-1.0,5.0,52.22005,21.08828,14.0
12960,2026-05-11 20:17:12.600000+00:00,52.2200421,21.0893929,90.4,0.14,-0.084,0.003,0.972,0,1.0318983974103495,14.0,75.81740708620308,-1.0,5.0,52.22005,21.08828,14.0
12965,2026-05-11 20:17:13.100000+00:00,52.2200418,21.0893911,90.5,0.02,-0.088,0.002,0.976,0,0.914941173765959,14.0,75.6951915215814,-1.0,5.0,52.22005,21.08828,14.0
12970,2026-05-11 20:17:13.600000+00:00,52.2200414,21.0893892,90.6,0.11,-0.083,0.002,0.975,0,0.9853902808377724,14.0,75.5663203593446,-1.0,5.0,52.22005,21.08828,14.0
12975,2026-05-11 20:17:14.100000+00:00,52.2200411,21.0893873,90.7,0.06,-0.088,0.003,0.973,0,0.9623546155301024,14.0,75.43733055798094,-1.0,5.0,52.22005,21.08828,14.0
12980,2026-05-11 20:17:14.600000+00:00,52.2200407,21.0893853,90.8,0.15,-0.084,0.003,0.974,0,1.031898428387103,14.0,75.30169749887403,-1.0,5.0,52.22005,21.08828,14.0
12985,2026-05-11 20:17:15.100000+00:00,52.2200404,21.0893831,91.0,0.11,-0.085,0.001,0.974,0,1.105450736090212,14.0,75.15231123267674,-1.0,5.0,52.22005,21.08828,14.0
12990,2026-05-11 20:17:15.600000+00:00,52.22004,21.0893809,91.1,0.1,-0.085,0.002,0.974,0,1.1255616244657818,14.0,75.0031058305836,-1.0,5.0,52.22005,21.08828,14.0
12995,2026-05-11 20:17:16.100000+00:00,52.2200397,21.0893788,91.2,0.07,-0.084,0.002,0.974,0,1.0576286825441403,14.0,74.86056979726926,-1.0,5.0,52.22005,21.08828,14.0
13000,2026-05-11 20:17:16.600000+00:00,52.2200392,21.0893768,91.3,0.08,-0.082,0.001,0.971,0,1.059481645493561,14.0,74.72521619386461,-1.0,5.0,52.22005,21.08828,14.0
13005,2026-05-11 20:17:17.100000+00:00,52.2200389,21.0893749,91.4,0.08,-0.085,0.0,0.973,0,0.9623546615040426,14.0,74.59634699487314,-1.0,5.0,52.22005,21.08828,14.0
13010,2026-05-11 20:17:17.600000+00:00,52.2200385,21.0893725,91.6,0.12,-0.084,0.003,0.976,0,1.2199216456904378,14.0,74.43362919791588,-1.0,5.0,52.22005,21.08828,14.0
13015,2026-05-11 20:17:18.100000+00:00,52.2200382,21.0893706,91.7,0.09,-0.086,0.0,0.974,0,0.962354677238312,14.0,74.30479946761875,-1.0,5.0,52.22005,21.08828,14.0
13020,2026-05-11 20:17:18.600000+00:00,52.2200379,21.0893687,91.8,0.07,-0.084,0.002,0.974,0,0.9623546777708856,14.0,74.17598683034286,-1.0,5.0,52.22005,21.08828,14.0
13025,2026-05-11 20:17:19.100000+00:00,52.2200376,21.089367,91.9,0.25,-0.083,0.003,0.974,0,0.8677094872430678,14.0,74.0608132956866,-1.0,5.0,52.22005,21.08828,14.0
13030,2026-05-11 20:17:19.600000+00:00,52.2200373,21.0893653,92.0,0.33,-0.085,0.003,0.975,0,0.8677094883370673,14.0,73.94565678524297,-1.0,5.0,52.22005,21.08828,14.0
13035,2026-05-11 20:17:20.100000+00:00,52.2200367,21.0893631,92.0,0.14,-0.084,0.002,0.973,0,1.18113602797267,14.0,73.79712441877797,-1.0,5.0,52.22005,21.08828,14.0
13040,2026-05-11 20:17:20.600000+00:00,52.2200358,21.0893611,91.9,0.32,-0.087,0.001,0.975,0,1.217145192804817,14.0,73.66298691575868,-1.0,5.0,52.22005,21.08828,14.0
13045,2026-05-11 20:17:21.100000+00:00,52.2200351,21.0893586,91.9,0.04,-0.083,0.001,0.974,0,1.3481856825959515,14.0,73.49443666477444,-1.0,5.0,52.22005,21.08828,14.0
13050,2026-05-11 20:17:21.600000+00:00,52.2200345,21.0893563,92.0,0.21,-0.084,0.005,0.973,0,1.2261063136848125,14.0,73.33933536605564,-1.0,5.0,52.22005,21.08828,14.0
13055,2026-05-11 20:17:22.100000+00:00,52.2200344,21.0893547,92.1,0.2,-0.083,0.004,0.975,0,0.7888321240370121,14.0,73.23063387653572,-1.0,5.0,52.22005,21.08828,14.0
13060,2026-05-11 20:17:22.600000+00:00,52.2200344,21.0893536,92.2,0.11,-0.08,0.004,0.974,0,0.5395217153921992,14.0,73.15572136488397,-1.0,5.0,52.22005,21.08828,14.0
13065,2026-05-11 20:17:23.100000+00:00,52.2200348,21.0893528,92.4,0.09,-0.084,0.004,0.975,0,0.506474244283874,14.0,73.10019732935383,-1.0,5.0,52.22005,21.08828,14.0
13070,2026-05-11 20:17:23.600000+00:00,52.2200352,21.0893523,92.5,0.09,-0.083,0.004,0.974,0,0.4033556746658902,14.0,73.06513007024493,-1.0,5.0,52.22005,21.08828,14.0
13075,2026-05-11 20:17:24.100000+00:00,52.2200354,21.0893518,92.7,0.18,-0.08,0.003,0.974,0,0.2928820438640275,14.0,73.03058009277814,-1.0,5.0,52.22005,21.08828,14.0
13080,2026-05-11 20:17:24.600000+00:00,52.2200357,21.0893516,92.8,0.08,-0.084,0.001,0.973,0,0.2594408084475702,14.0,73.0162248604837,-1.0,5.0,52.22005,21.08828,14.0
13085,2026-05-11 20:17:25.100000+00:00,52.2200361,21.0893514,92.9,0.22,-0.086,0.003,0.973,0,0.334928573614905,14.0,73.00164823814156,-1.0,5.0,52.22005,21.08828,14.0
13090,2026-05-11 20:17:25.600000+00:00,52.2200364,21.0893514,93.0,0.09,-0.085,0.003,0.974,0,0.240181036390652,14.0,73.0009493358315,-1.0,5.0,52.22005,21.08828,14.0
13095,2026-05-11 20:17:26.100000+00:00,52.2200368,21.0893514,93.1,0.08,-0.084,0.002,0.974,0,0.3202413971323814,14.0,73.0000411680015,-1.0,5.0,52.22005,21.08828,14.0
13100,2026-05-11 20:17:26.600000+00:00,52.2200373,21.0893515,93.2,0.11,-0.086,0.002,0.974,0,0.4032953345028764,14.0,73.00575491873026,-1.0,5.0,52.22005,21.08828,14.0
13105,2026-05-11 20:17:27.100000+00:00,52.2200376,21.0893515,93.3,0.06,-0.085,0.003,0.973,0,0.240181036390652,14.0,73.00511702612708,-1.0,5.0,52.22005,21.08828,14.0
13110,2026-05-11 20:17:27.600000+00:00,52.2200379,21.0893516,93.3,0.03,-0.088,0.002,0.974,0,0.2451378899161444,14.0,73.01130535523521,-1.0,5.0,52.22005,21.08828,14.0
13115,2026-05-11 20:17:28.100000+00:00,52.220038,21.0893516,93.4,0.06,-0.083,0.003,0.974,0,0.0800603505562769,14.0,73.01110120854239,-1.0,5.0,52.22005,21.08828,14.0
13120,2026-05-11 20:17:28.600000+00:00,52.2200381,21.0893514,93.4,0.17,-0.085,0.001,0.974,0,0.1266185508400132,14.0,72.99727671025828,-1.0,5.0,52.22005,21.08828,14.0
13125,2026-05-11 20:17:29.100000+00:00,52.2200381,21.0893515,93.4,0.09,-0.083,0.002,0.974,0,0.0490474234512211,14.0,73.00408773231294,-1.0,5.0,52.22005,21.08828,14.0
13130,2026-05-11 20:17:29.600000+00:00,52.2200382,21.0893511,93.5,0.17,-0.085,0.002,0.973,0,0.2118963346087922,14.0,72.97664279025753,-1.0,5.0,52.22005,21.08828,14.0
13135,2026-05-11 20:17:30.100000+00:00,52.2200382,21.0893505,93.6,0.02,-0.082,0.002,0.973,0,0.2942845478445902,14.0,72.93577655255251,-1.0,5.0,52.22005,21.08828,14.0
13140,2026-05-11 20:17:30.600000+00:00,52.2200382,21.0893499,93.7,0.18,-0.083,0.002,0.973,0,0.29428454628461,14.0,72.89491032247693,-1.0,5.0,52.22005,21.08828,14.0
13145,2026-05-11 20:17:31.100000+00:00,52.2200384,21.0893488,93.9,0.25,-0.084,0.002,0.976,0,0.5627808343375508,14.0,72.81959143980855,-1.0,5.0,52.22005,21.08828,14.0
13150,2026-05-11 20:17:31.600000+00:00,52.2200384,21.0893481,94.0,0.12,-0.083,0.003,0.973,0,0.343331969639217,14.0,72.77191393642404,-1.0,5.0,52.22005,21.08828,14.0
13155,2026-05-11 20:17:32.100000+00:00,52.2200386,21.0893475,94.2,0.17,-0.086,0.003,0.973,0,0.3350254174026033,14.0,72.73065634699013,-1.0,5.0,52.22005,21.08828,14.0
13160,2026-05-11 20:17:32.600000+00:00,52.2200387,21.0893465,94.4,0.19,-0.083,0.003,0.975,0,0.4969654282333806,14.0,72.66235207638032,-1.0,5.0,52.22005,21.08828,14.0
13165,2026-05-11 20:17:33.100000+00:00,52.2200388,21.0893457,94.5,0.21,-0.084,0.002,0.971,0,0.4004637870766827,14.0,72.60767144337055,-1.0,5.0,52.22005,21.08828,14.0
13170,2026-05-11 20:17:33.600000+00:00,52.2200386,21.0893436,94.8,0.27,-0.084,0.002,0.974,0,1.04236758817263,14.0,72.46502333756158,-1.0,5.0,52.22005,21.08828,14.0
13175,2026-05-11 20:17:34.100000+00:00,52.2200386,21.0893427,95.0,0.18,-0.083,0.002,0.973,0,0.4414268154510886,14.0,72.40372345451674,-1.0,5.0,52.22005,21.08828,14.0
13180,2026-05-11 20:17:34.600000+00:00,52.2200385,21.0893417,95.2,0.06,-0.084,0.002,0.973,0,0.4969654316833859,14.0,72.33580828772556,-1.0,5.0,52.22005,21.08828,14.0
13185,2026-05-11 20:17:35.100000+00:00,52.2200383,21.0893398,95.4,0.07,-0.084,0.002,0.973,0,0.9455570946227894,14.0,72.20679529229652,-1.0,5.0,52.22005,21.08828,14.0
13190,2026-05-11 20:17:35.600000+00:00,52.2200382,21.0893384,95.7,0.08,-0.083,0.001,0.972,0,0.6913154333744019,14.0,72.11164236243309,-1.0,5.0,52.22005,21.08828,14.0
13195,2026-05-11 20:17:36.100000+00:00,52.2200381,21.089337,95.9,0.07,-0.084,0.001,0.972,0,0.6913154327708875,14.0,72.01649172342995,-1.0,5.0,52.22005,21.08828,14.0
13200,2026-05-11 20:17:36.600000+00:00,52.2200378,21.0893356,96.1,0.06,-0.083,0.004,0.973,0,0.7274574267602302,14.0,71.92175957739903,-1.0,5.0,52.22005,21.08828,14.0
13205,2026-05-11 20:17:37.100000+00:00,52.2200376,21.0893344,96.3,0.12,-0.085,0.003,0.973,0,0.6099608363016358,14.0,71.84045198822568,-1.0,5.0,52.22005,21.08828,14.0
13210,2026-05-11 20:17:37.600000+00:00,52.2200375,21.0893334,96.4,0.07,-0.082,0.002,0.972,0,0.4969654402230613,14.0,71.77255769211936,-1.0,5.0,52.22005,21.08828,14.0
13215,2026-05-11 20:17:38.100000+00:00,52.2200373,21.0893323,96.5,0.15,-0.083,0.002,0.974,0,0.5627808434167754,14.0,71.69807293966535,-1.0,5.0,52.22005,21.08828,14.0
13220,2026-05-11 20:17:38.600000+00:00,52.2200373,21.0893315,96.7,0.26,-0.084,0.002,0.973,0,0.392379402477806,14.0,71.64358638804865,-1.0,5.0,52.22005,21.08828,14.0
13225,2026-05-11 20:17:39.100000+00:00,52.2200371,21.0893305,96.8,0.08,-0.082,0.002,0.972,0,0.5159492537800957,14.0,71.57592060816431,-1.0,5.0,52.22005,21.08828,14.0
13230,2026-05-11 20:17:39.600000+00:00,52.2200369,21.0893294,97.0,0.1,-0.084,0.002,0.974,0,0.5627808480287462,14.0,71.50145188148969,-1.0,5.0,52.22005,21.08828,14.0
13235,2026-05-11 20:17:40.100000+00:00,52.2200369,21.0893287,97.1,0.31,-0.083,0.001,0.974,0,0.3433319812353773,14.0,71.45377679418725,-1.0,5.0,52.22005,21.08828,14.0
13240,2026-05-11 20:17:40.600000+00:00,52.2200367,21.0893276,97.2,0.05,-0.083,0.003,0.973,0,0.5627808489090349,14.0,71.37931628918453,-1.0,5.0,52.22005,21.08828,14.0
13245,2026-05-11 20:17:41.100000+00:00,52.2200364,21.0893269,97.3,0.1,-0.083,0.002,0.974,0,0.4190033262428113,14.0,71.33234118774514,-1.0,5.0,52.22005,21.08828,14.0
13250,2026-05-11 20:17:41.600000+00:00,52.2200364,21.0893263,97.4,0.08,-0.083,0.003,0.976,0,0.294284558212089,14.0,71.29147753000731,-1.0,5.0,52.22005,21.08828,14.0
13255,2026-05-11 20:17:42.100000+00:00,52.2200364,21.0893255,97.5,0.21,-0.084,0.002,0.973,0,0.3923794104294586,14.0,71.23699266950064,-1.0,5.0,52.22005,21.08828,14.0
13260,2026-05-11 20:17:42.600000+00:00,52.2200364,21.0893247,97.6,0.21,-0.084,0.002,0.974,0,0.3923794119894388,14.0,71.18250782756525,-1.0,5.0,52.22005,21.08828,14.0
13265,2026-05-11 20:17:43.100000+00:00,52.2200365,21.0893241,97.7,0.1,-0.084,0.003,0.973,0,0.3049804268117453,14.0,71.14140863113913,-1.0,5.0,52.22005,21.08828,14.0
13270,2026-05-11 20:17:43.600000+00:00,52.2200364,21.0893234,97.8,0.04,-0.084,0.002,0.974,0,0.3525429199229801,14.0,71.09396999998174,-1.0,5.0,52.22005,21.08828,14.0
13275,2026-05-11 20:17:44.100000+00:00,52.2200364,21.0893228,97.9,0.1,-0.082,0.003,0.973,0,0.294284558212089,14.0,71.05310640400714,-1.0,5.0,52.22005,21.08828,14.0
13280,2026-05-11 20:17:44.600000+00:00,52.2200363,21.089322,97.9,0.14,-0.085,0.003,0.974,0,0.4004638088711572,14.0,70.99885941815565,-1.0,5.0,52.22005,21.08828,14.0
13285,2026-05-11 20:17:45.100000+00:00,52.2200363,21.0893213,98.0,0.12,-0.085,0.003,0.972,0,0.3433319843138611,14.0,70.95118541273403,-1.0,5.0,52.22005,21.08828,14.0
13290,2026-05-11 20:17:45.600000+00:00,52.2200363,21.0893207,98.1,0.11,-0.083,0.002,0.974,0,0.2942845604347069,14.0,70.91032199093283,-1.0,5.0,52.22005,21.08828,14.0
13295,2026-05-11 20:17:46.100000+00:00,52.2200363,21.0893202,98.1,0.04,-0.082,0.003,0.973,0,0.2452371318756122,14.0,70.87626914798953,-1.0,5.0,52.22005,21.08828,14.0
13300,2026-05-11 20:17:46.600000+00:00,52.2200362,21.0893196,98.2,0.07,-0.083,0.003,0.974,0,0.3049804267536519,14.0,70.83564583174186,-1.0,5.0,52.22005,21.08828,14.0
13305,2026-05-11 20:17:47.100000+00:00,52.2200361,21.0893194,98.2,0.02,-0.085,0.001,0.974,0,0.1266185573114235,14.0,70.82226662304467,-1.0,5.0,52.22005,21.08828,14.0
13310,2026-05-11 20:17:47.600000+00:00,52.220036,21.089319,98.1,0.2,-0.085,0.003,0.975,0,0.2118963451222499,14.0,70.79526826428803,-1.0,5.0,52.22005,21.08828,14.0
13315,2026-05-11 20:17:48.100000+00:00,52.2200359,21.0893187,98.1,0.09,-0.085,0.002,0.975,0,0.1675127149055357,14.0,70.77508231411556,-1.0,5.0,52.22005,21.08828,14.0
13320,2026-05-11 20:17:48.600000+00:00,52.2200359,21.089318,98.2,0.1,-0.085,0.003,0.974,0,0.3433319889661506,14.0,70.72740903290027,-1.0,5.0,52.22005,21.08828,14.0
13325,2026-05-11 20:17:49.100000+00:00,52.2200357,21.0893175,98.2,0.06,-0.084,0.002,0.973,0,0.2928820402459755,14.0,70.69385357408225,-1.0,5.0,52.22005,21.08828,14.0
13330,2026-05-11 20:17:49.600000+00:00,52.2200356,21.0893166,98.3,0.08,-0.086,0.003,0.974,0,0.4486282628210349,14.0,70.63281110157959,-1.0,5.0,52.22005,21.08828,14.0
13335,2026-05-11 20:17:50.100000+00:00,52.2200355,21.0893157,98.3,0.15,-0.086,0.0,0.974,0,0.4486282637990363,14.0,70.57177084337962,-1.0,5.0,52.22005,21.08828,14.0
13340,2026-05-11 20:17:50.600000+00:00,52.2200354,21.0893151,98.4,0.09,-0.086,0.003,0.974,0,0.3049804332057308,14.0,70.53116381408856,-1.0,5.0,52.22005,21.08828,14.0
13345,2026-05-11 20:17:51.100000+00:00,52.2200355,21.0893145,98.5,0.03,-0.084,0.002,0.974,0,0.3049804332057308,14.0,70.49004650630253,-1.0,5.0,52.22005,21.08828,14.0
13350,2026-05-11 20:17:51.600000+00:00,52.2200355,21.0893138,98.6,0.08,-0.084,0.001,0.973,0,0.3433319920584599,14.0,70.44237399916165,-1.0,5.0,52.22005,21.08828,14.0
13355,2026-05-11 20:17:52.100000+00:00,52.2200356,21.0893129,98.7,0.17,-0.083,0.002,0.973,0,0.4486282637990363,14.0,70.38082686824882,-1.0,5.0,52.22005,21.08828,14.0
13360,2026-05-11 20:17:52.600000+00:00,52.2200358,21.0893125,98.7,0.05,-0.083,0.003,0.975,0,0.2532371173714968,14.0,70.35308256567497,-1.0,5.0,52.22005,21.08828,14.0
13365,2026-05-11 20:17:53.100000+00:00,52.2200358,21.0893119,98.8,0.02,-0.066,-0.001,0.975,0,0.2942845621879152,14.0,70.31222001765823,-1.0,5.0,52.22005,21.08828,14.0
13370,2026-05-11 20:17:53.600000+00:00,52.2200362,21.0893097,98.9,1.21,-0.034,-0.012,0.973,0,1.1255617193500496,14.0,70.16140359942001,-1.0,5.0,52.22005,21.08828,14.0
13375,2026-05-11 20:17:54.100000+00:00,52.220037,21.0893054,98.9,2.23,-0.012,-0.014,0.978,0,2.204147241929666,14.0,69.86665414992773,-1.0,5.0,52.22005,21.08828,14.0
13380,2026-05-11 20:17:54.600000+00:00,52.2200381,21.0892979,99.0,4.03,-0.001,-0.018,0.982,0,3.78250571885775,14.0,69.35341135324275,-1.0,5.0,52.22005,21.08828,14.0
13385,2026-05-11 20:17:55.100000+00:00,52.2200399,21.0892878,99.1,5.22,0.007,-0.019,0.979,0,5.159143601759729,14.0,68.66194478196957,-1.0,5.0,52.22005,21.08828,14.0
13390,2026-05-11 20:17:55.600000+00:00,52.2200423,21.0892728,99.2,7.8,0.024,-0.022,0.976,0,7.603885719338331,14.0,67.6363559117517,-1.0,5.0,52.22005,21.08828,14.0
13395,2026-05-11 20:17:56.100000+00:00,52.2200463,21.0892547,99.3,9.85,0.03,-0.026,0.985,0,9.437527612226976,14.0,66.39921052953304,-1.0,5.0,52.22005,21.08828,14.0
13400,2026-05-11 20:17:56.600000+00:00,52.2200514,21.0892321,99.4,11.86,0.038,-0.023,0.993,0,11.812808128655773,14.0,64.8585751867793,-1.0,5.0,52.22005,21.08828,14.0
13405,2026-05-11 20:17:57.100000+00:00,52.220057,21.0892058,99.4,14.3,0.047,-0.034,0.967,0,13.65638916643258,14.0,63.071594541646846,-1.0,5.0,52.22005,21.08828,14.0
13410,2026-05-11 20:17:57.600000+00:00,52.2200651,21.0891745,99.5,16.77,0.056,-0.031,0.966,0,16.66531249791433,14.0,60.95771462357388,-1.0,5.0,52.22005,21.08828,14.0
13415,2026-05-11 20:17:58.100000+00:00,52.2200734,21.0891378,99.6,18.95,0.033,-0.033,0.977,0,19.18776329440427,14.0,58.49242666056709,-1.0,5.0,52.22005,21.08828,14.0
13420,2026-05-11 20:17:58.600000+00:00,52.2200819,21.0890983,99.6,20.85,0.021,-0.007,1.0,0,20.53413346374175,14.0,55.85646758546202,-1.0,5.0,52.22005,21.08828,14.0
13425,2026-05-11 20:17:59.100000+00:00,52.2200924,21.0890557,99.7,22.08,0.0,0.006,0.963,0,22.52183919196019,14.0,53.05165818990723,-1.0,5.0,52.22005,21.08828,14.0
13430,2026-05-11 20:17:59.600000+00:00,52.2201024,21.0890101,99.7,23.64,-0.009,-0.003,0.952,0,23.755345996507003,14.0,50.075545550893686,-1.0,5.0,52.22005,21.08828,14.0
13435,2026-05-11 20:18:00.100000+00:00,52.2201115,21.0889625,99.6,24.44,-0.036,-0.028,1.014,0,24.456884884986685,14.0,46.99306154727985,-1.0,5.0,52.22005,21.08828,14.0
13440,2026-05-11 20:18:00.600000+00:00,52.2201229,21.0889133,99.7,25.52,-0.02,-0.014,0.951,0,25.79959460826228,14.0,43.89620129381753,-1.0,5.0,52.22005,21.08828,14.0
13445,2026-05-11 20:18:01.100000+00:00,52.2201341,21.0888623,99.7,26.63,-0.024,-0.024,0.949,0,26.57272556183032,14.0,40.754457295758336,-1.0,5.0,52.22005,21.08828,14.0
13450,2026-05-11 20:18:01.600000+00:00,52.2201452,21.0888092,99.7,27.6,-0.031,-0.016,0.994,0,27.518534596244155,14.0,37.57189055491209,-1.0,5.0,52.22005,21.08828,14.0
13455,2026-05-11 20:18:02.100000+00:00,52.2201572,21.0887542,99.8,28.74,-0.025,-0.026,0.965,0,28.63572010235816,14.0,34.43226642651911,-1.0,5.0,52.22005,21.08828,14.0
13460,2026-05-11 20:18:02.600000+00:00,52.2201697,21.0886971,99.7,30.16,-0.015,-0.021,0.984,0,29.74032582546965,14.0,31.37639634570872,-1.0,5.0,52.22005,21.08828,14.0
13465,2026-05-11 20:18:03.100000+00:00,52.2201832,21.0886381,99.7,31.11,-0.007,-0.018,0.962,0,30.89041168938412,14.0,28.53856083292866,-1.0,5.0,52.22005,21.08828,14.0
13470,2026-05-11 20:18:03.600000+00:00,52.2201968,21.088576,99.7,32.52,-0.068,-0.046,0.992,0,32.34600321830028,14.0,25.942953707683422,-1.0,5.0,52.22005,21.08828,14.0
13475,2026-05-11 20:18:04.100000+00:00,52.2202117,21.088515,99.8,31.63,-0.133,-0.06,0.958,0,32.20926039819894,14.0,24.07406075092508,-1.0,5.0,52.22005,21.08828,14.0
13480,2026-05-11 20:18:04.600000+00:00,52.2202272,21.0884574,99.9,30.22,-0.169,-0.021,0.927,0,30.856481144858748,14.0,23.114447855039955,-1.0,5.0,52.22005,21.08828,14.0
13485,2026-05-11 20:18:05.100000+00:00,52.2202426,21.0884031,100.1,28.25,-0.185,-0.007,0.984,0,29.34806030720986,14.0,22.99938234600753,-1.0,5.0,52.22005,21.08828,14.0
13490,2026-05-11 20:18:05.600000+00:00,52.2202574,21.0883516,100.2,27.35,-0.139,0.007,0.941,0,27.90035068185018,14.0,23.57196902165545,-1.0,5.0,52.22005,21.08828,14.0
13495,2026-05-11 20:18:06.100000+00:00,52.2202722,21.0883024,100.2,26.78,-0.112,-0.011,0.968,0,26.88331183466121,14.0,24.754587501716557,-1.0,5.0,52.22005,21.08828,14.0
13500,2026-05-11 20:18:06.600000+00:00,52.2202873,21.0882553,100.2,25.69,-0.116,-0.021,0.966,0,26.073216145996003,14.0,26.440148745602052,-1.0,5.0,52.22005,21.08828,14.0
13505,2026-05-11 20:18:07.100000+00:00,52.2203016,21.0882097,100.2,24.92,-0.114,0.021,0.97,0,25.1254164808508,14.0,28.383557741628664,-1.0,5.0,52.22005,21.08828,14.0
13510,2026-05-11 20:18:07.600000+00:00,52.2203146,21.0881651,100.2,23.8,-0.128,0.013,0.966,0,24.22477383984556,14.0,30.44549945089591,-1.0,5.0,52.22005,21.08828,14.0
13515,2026-05-11 20:18:08.100000+00:00,52.2203263,21.0881212,100.2,23.0,-0.111,0.038,0.957,0,23.48095344205655,14.0,32.57198035125385,-1.0,5.0,52.22005,21.08828,14.0
13520,2026-05-11 20:18:08.600000+00:00,52.2203362,21.0880786,100.1,22.08,-0.117,0.014,0.978,0,22.346879390708427,14.0,34.655357744080284,-1.0,5.0,52.22005,21.08828,14.0
13525,2026-05-11 20:18:09.100000+00:00,52.2203455,21.0880362,100.2,21.79,-0.115,-0.019,0.942,0,22.08867025210672,14.0,36.8168245132085,-1.0,5.0,52.22005,21.08828,14.0
13530,2026-05-11 20:18:09.600000+00:00,52.2203552,21.0879964,100.3,20.89,-0.129,-0.027,0.986,0,21.008752553134865,14.0,39.050341029476186,-1.0,5.0,52.22005,21.08828,14.0
13535,2026-05-11 20:18:10.100000+00:00,52.2203636,21.0879578,100.3,19.54,-0.157,-0.027,0.943,0,20.091131727709318,14.0,41.20328261963617,-1.0,5.0,52.22005,21.08828,14.0
13540,2026-05-11 20:18:10.600000+00:00,52.2203713,21.0879219,100.4,17.82,-0.178,-0.008,0.96,0,18.655852411480847,14.0,43.2607197168332,-1.0,5.0,52.22005,21.08828,14.0
13545,2026-05-11 20:18:11.100000+00:00,52.2203784,21.08789,100.4,16.45,-0.172,-0.027,0.959,0,16.646582652701166,14.0,45.15824659833563,-1.0,5.0,52.22005,21.08828,14.0
13550,2026-05-11 20:18:11.600000+00:00,52.2203852,21.0878621,100.3,13.94,-0.226,-0.031,0.931,0,14.727306467853955,14.0,46.90052666250618,-1.0,5.0,52.22005,21.08828,14.0
13555,2026-05-11 20:18:12.100000+00:00,52.2203898,21.0878383,100.2,11.42,-0.263,-0.003,0.976,0,12.240356401073203,14.0,48.30101326525575,-1.0,5.0,52.22005,21.08828,14.0
13560,2026-05-11 20:18:12.600000+00:00,52.2203926,21.0878207,99.8,7.96,-0.268,-0.015,0.944,0,8.918598412175289,14.0,49.29705464690618,-1.0,5.0,52.22005,21.08828,14.0
13565,2026-05-11 20:18:13.100000+00:00,52.2203942,21.0878086,99.6,4.67,-0.268,-0.002,0.947,0,6.071361354036002,14.0,49.96043627971617,-1.0,5.0,52.22005,21.08828,14.0
13570,2026-05-11 20:18:13.600000+00:00,52.2203949,21.087802,99.5,2.4,-0.242,-0.012,0.949,0,3.2852573460111025,14.0,50.30990801343597,-1.0,5.0,52.22005,21.08828,14.0
13575,2026-05-11 20:18:14.100000+00:00,52.2203952,21.087801,99.4,0.1,-0.213,-0.02,0.966,0,0.5461209125165246,14.0,50.37943597601383,-1.0,5.0,52.22005,21.08828,14.0
13580,2026-05-11 20:18:14.600000+00:00,52.2203951,21.0878011,99.4,0.11,-0.077,-0.044,0.96,0,0.0938896743538175,14.0,50.36655190372857,-1.0,5.0,52.22005,21.08828,14.0
13585,2026-05-11 20:18:15.100000+00:00,52.2203948,21.0878007,99.5,0.13,-0.09,-0.041,0.971,0,0.3101237002897675,14.0,50.358803830456914,-1.0,5.0,52.22005,21.08828,14.0
13590,2026-05-11 20:18:15.600000+00:00,52.2203944,21.0878006,99.5,0.17,-0.086,-0.04,0.972,0,0.3239755500640834,14.0,50.32936938954261,-1.0,5.0,52.22005,21.08828,14.0
13595,2026-05-11 20:18:16.100000+00:00,52.220394,21.0878005,99.5,0.1,-0.084,-0.039,0.97,0,0.3239755554011545,14.0,50.299957976336025,-1.0,5.0,52.22005,21.08828,14.0
13600,2026-05-11 20:18:16.600000+00:00,52.2203937,21.0878003,99.6,0.08,-0.088,-0.04,0.97,0,0.2594405092147797,14.0,50.28344787353,-1.0,5.0,52.22005,21.08828,14.0
13605,2026-05-11 20:18:17.100000+00:00,52.220393,21.0877996,99.6,0.06,-0.089,-0.04,0.973,0,0.6572277044031897,14.0,50.25535274951428,-1.0,5.0,52.22005,21.08828,14.0
13610,2026-05-11 20:18:17.600000+00:00,52.2203923,21.0877992,99.7,0.3,-0.087,-0.04,0.971,0,0.5937702310004648,14.0,50.214075600924,-1.0,5.0,52.22005,21.08828,14.0
13615,2026-05-11 20:18:18.100000+00:00,52.2203917,21.087799,99.8,0.04,-0.088,-0.041,0.972,0,0.4902756129846004,14.0,50.17242005413176,-1.0,5.0,52.22005,21.08828,14.0
13620,2026-05-11 20:18:18.600000+00:00,52.2203909,21.087799,99.9,0.16,-0.085,-0.04,0.971,0,0.6404827789865841,14.0,50.10508806571434,-1.0,5.0,52.22005,21.08828,14.0
13625,2026-05-11 20:18:19.100000+00:00,52.2203901,21.0877986,100.0,0.03,-0.084,-0.04,0.972,0,0.6698566791545556,14.0,50.055670963000686,-1.0,5.0,52.22005,21.08828,14.0
13630,2026-05-11 20:18:19.600000+00:00,52.2203893,21.0877984,100.1,0.15,-0.086,-0.039,0.971,0,0.6479511070368862,14.0,49.99743716073743,-1.0,5.0,52.22005,21.08828,14.0
13635,2026-05-11 20:18:20.100000+00:00,52.2203884,21.0877982,100.2,0.03,-0.089,-0.041,0.972,0,0.7271896874218249,14.0,49.93091737092236,-1.0,5.0,52.22005,21.08828,14.0
13640,2026-05-11 20:18:20.600000+00:00,52.2203875,21.0877975,100.3,0.14,-0.089,-0.041,0.972,0,0.7981587436125911,14.0,49.88694793609836,-1.0,5.0,52.22005,21.08828,14.0
13645,2026-05-11 20:18:21.100000+00:00,52.2203868,21.0877969,100.4,0.1,-0.087,-0.038,0.973,0,0.6329892033349214,14.0,49.85539115560527,-1.0,5.0,52.22005,21.08828,14.0
13650,2026-05-11 20:18:21.600000+00:00,52.2203861,21.0877961,100.5,0.1,-0.084,-0.044,0.969,0,0.6841289936036679,14.0,49.8329807070498,-1.0,5.0,52.22005,21.08828,14.0
13655,2026-05-11 20:18:22.100000+00:00,52.2203852,21.0877951,100.7,0.03,-0.088,-0.033,0.967,0,0.87163272400595,14.0,49.80312790824473,-1.0,5.0,52.22005,21.08828,14.0
13660,2026-05-11 20:18:22.600000+00:00,52.2203844,21.0877939,100.9,0.02,-0.089,-0.037,0.968,0,0.8698427250750869,14.0,49.79091638492573,-1.0,5.0,52.22005,21.08828,14.0
13665,2026-05-11 20:18:23.100000+00:00,52.2203836,21.087792,101.0,0.72,-0.049,-0.043,0.976,0,1.1307715325759886,14.0,49.810806660744745,-1.0,5.0,52.22005,21.08828,14.0
13670,2026-05-11 20:18:23.600000+00:00,52.2203836,21.0877894,101.1,1.52,-0.02,-0.045,0.977,0,1.2752231185569949,14.0,49.92918524953619,-1.0,5.0,52.22005,21.08828,14.0
13675,2026-05-11 20:18:24.100000+00:00,52.2203837,21.0877835,101.1,3.15,-0.007,-0.035,0.974,0,2.894882807571826,14.0,50.20731337456458,-1.0,5.0,52.22005,21.08828,14.0
13680,2026-05-11 20:18:24.600000+00:00,52.2203844,21.0877742,101.2,4.64,-0.002,-0.046,0.979,0,4.595673476837821,14.0,50.693318501998114,-1.0,5.0,52.22005,21.08828,14.0
13685,2026-05-11 20:18:25.100000+00:00,52.2203859,21.0877623,101.3,6.45,0.012,-0.048,0.971,0,5.958863014170528,14.0,51.368898665518,-1.0,5.0,52.22005,21.08828,14.0
13690,2026-05-11 20:18:25.600000+00:00,52.220388,21.0877462,101.3,8.71,0.015,-0.051,0.977,0,8.073569833075396,14.0,52.295517022361096,-1.0,5.0,52.22005,21.08828,14.0
13695,2026-05-11 20:18:26.100000+00:00,52.2203907,21.087726,101.4,10.52,0.02,-0.047,0.983,0,10.140573226425944,14.0,53.47379346083678,-1.0,5.0,52.22005,21.08828,14.0
13700,2026-05-11 20:18:26.600000+00:00,52.2203942,21.0877022,101.4,12.76,0.031,-0.053,0.983,0,12.004802714253808,14.0,54.90068957848927,-1.0,5.0,52.22005,21.08828,14.0
13705,2026-05-11 20:18:27.100000+00:00,52.2203979,21.0876735,101.5,14.9,0.04,-0.043,0.967,0,14.384804543755878,14.0,56.59925125958248,-1.0,5.0,52.22005,21.08828,14.0
13710,2026-05-11 20:18:27.600000+00:00,52.2204026,21.0876403,101.7,17.0,0.042,-0.052,0.982,0,16.712718563490462,14.0,58.61891802744961,-1.0,5.0,52.22005,21.08828,14.0
13715,2026-05-11 20:18:28.100000+00:00,52.2204071,21.0876012,101.8,19.23,0.03,-0.05,0.958,0,19.512858335479297,14.0,60.949957901670565,-1.0,5.0,52.22005,21.08828,14.0
13720,2026-05-11 20:18:28.600000+00:00,52.2204124,21.0875589,101.9,21.57,0.007,-0.026,0.983,0,21.17635593220682,14.0,63.53610489824268,-1.0,5.0,52.22005,21.08828,14.0
13725,2026-05-11 20:18:29.100000+00:00,52.2204182,21.0875143,102.0,22.66,-0.031,-0.037,1.0,0,22.36238383293872,14.0,66.30947509080737,-1.0,5.0,52.22005,21.08828,14.0
13730,2026-05-11 20:18:29.600000+00:00,52.2204246,21.0874665,102.2,24.05,-0.014,-0.034,0.945,0,23.99785358468764,14.0,69.32543331030067,-1.0,5.0,52.22005,21.08828,14.0
13735,2026-05-11 20:18:30.100000+00:00,52.2204308,21.0874155,102.3,25.71,-0.029,-0.024,0.976,0,25.501711277334348,14.0,72.53307377466446,-1.0,5.0,52.22005,21.08828,14.0
13740,2026-05-11 20:18:30.600000+00:00,52.2204386,21.0873641,102.5,26.01,-0.031,-0.013,0.97,0,25.972063510748715,14.0,75.89407783673956,-1.0,5.0,52.22005,21.08828,14.0
13745,2026-05-11 20:18:31.100000+00:00,52.2204465,21.0873106,102.5,27.35,-0.021,-0.024,0.96,0,26.991614812622917,14.0,79.40184588346719,-1.0,5.0,52.22005,21.08828,14.0
13750,2026-05-11 20:18:31.600000+00:00,52.2204553,21.0872551,102.6,28.97,-0.03,-0.052,0.966,0,28.11801772536825,,83.09944954018964,-1.0,5.0,52.22005,21.08828,14.0
13755,2026-05-11 20:18:32.100000+00:00,52.2204659,21.0871986,102.6,29.26,-0.031,-0.036,0.971,0,28.9818545438022,,86.97925171232174,-1.0,5.0,52.22005,21.08828,14.0
13760,2026-05-11 20:18:32.600000+00:00,52.2204768,21.0871397,102.6,31.43,-0.044,-0.029,0.971,0,30.177927851512003,,91.02859498762268,-1.0,5.0,52.22005,21.08828,14.0
13765,2026-05-11 20:18:33.100000+00:00,52.2204883,21.0870781,102.5,31.95,-0.043,-0.019,0.964,0,31.58461242175732,,95.28241168292276,-1.0,5.0,52.22005,21.08828,14.0
13770,2026-05-11 20:18:33.600000+00:00,52.2205002,21.087015,102.4,33.06,-0.048,0.003,0.974,0,32.38183839634032,,99.658463122751,-1.0,5.0,52.22005,21.08828,14.0
13775,2026-05-11 20:18:34.100000+00:00,52.2205102,21.0869484,102.0,34.19,-0.037,0.019,0.963,0,33.6320467947096,,104.14829149026032,-1.0,5.0,52.22005,21.08828,14.0
13780,2026-05-11 20:18:34.600000+00:00,52.220521,21.0868806,101.6,34.91,-0.044,0.007,0.967,0,34.35952897306762,,108.76787669249332,-1.0,5.0,52.22005,21.08828,14.0
13785,2026-05-11 20:18:35.100000+00:00,52.2205332,21.0868121,101.5,35.85,-0.043,0.01,0.977,0,34.988105993248915,,113.51572757306204,-1.0,5.0,52.22005,21.08828,14.0
13790,2026-05-11 20:18:35.600000+00:00,52.2205468,21.0867417,101.7,36.79,-0.041,0.002,0.973,0,36.20503644950276,,118.45970810696296,-1.0,5.0,52.22005,21.08828,14.0
13795,2026-05-11 20:18:36.100000+00:00,52.2205605,21.0866698,101.7,37.49,-0.04,0.0,0.97,0,36.9310326462052,,123.50637071108515,-1.0,5.0,52.22005,21.08828,14.0
13800,2026-05-11 20:18:36.600000+00:00,52.2205742,21.0865954,101.8,38.76,-0.037,0.001,0.967,0,38.10360811492168,,128.71139021004694,-1.0,5.0,52.22005,21.08828,14.0
13805,2026-05-11 20:18:37.100000+00:00,52.2205877,21.086519,101.7,39.42,-0.032,0.006,0.967,0,38.99935777565047,,134.03523210678225,-1.0,5.0,52.22005,21.08828,14.0
13810,2026-05-11 20:18:37.600000+00:00,52.2206007,21.0864394,101.5,40.65,-0.032,0.015,0.975,0,40.40474357828955,,139.53762194794666,-1.0,5.0,52.22005,21.08828,14.0
13815,2026-05-11 20:18:38.100000+00:00,52.2206149,21.0863592,101.4,41.75,-0.03,-0.004,0.972,0,40.94543047506956,,145.14294837693012,-1.0,5.0,52.22005,21.08828,14.0
13820,2026-05-11 20:18:38.600000+00:00,52.2206293,21.0862766,101.3,42.47,-0.054,0.004,0.973,0,42.12107173669579,,150.91171471646012,-1.0,5.0,52.22005,21.08828,14.0
13825,2026-05-11 20:18:39.100000+00:00,52.2206445,21.0861927,101.5,43.21,-0.055,-0.002,0.971,0,42.91189287632093,,156.8043131545459,-1.0,5.0,52.22005,21.08828,14.0
13830,2026-05-11 20:18:39.600000+00:00,52.2206601,21.0861079,101.6,43.75,-0.058,0.003,0.954,0,43.42637502224135,,162.7760861393635,-1.0,5.0,52.22005,21.08828,14.0
13835,2026-05-11 20:18:40.100000+00:00,52.2206749,21.0860224,101.4,44.63,-0.068,0.019,0.987,0,43.57680014680716,,168.75890138575838,-1.0,5.0,52.22005,21.08828,14.0
13840,2026-05-11 20:18:40.600000+00:00,52.2206901,21.0859353,101.3,44.59,-0.056,0.007,0.969,0,44.41914466320578,,174.86416319291664,-1.0,5.0,52.22005,21.08828,14.0
13845,2026-05-11 20:18:41.100000+00:00,52.2207059,21.0858465,101.4,45.05,-0.061,0.005,0.979,0,45.353226064269535,,181.10663527673185,-1.0,5.0,52.22005,21.08828,14.0
13850,2026-05-11 20:18:41.600000+00:00,52.2207232,21.0857579,101.5,45.79,-0.053,0.007,0.979,0,45.609238898332535,,187.4069569640449,-1.0,5.0,52.22005,21.08828,14.0
13855,2026-05-11 20:18:42.100000+00:00,52.2207392,21.0856668,101.4,46.98,-0.047,0.006,0.91,0,46.48144026106525,,186.86179412278287,-1.0,5.0,52.220967,21.082949,13.0
13860,2026-05-11 20:18:42.600000+00:00,52.2207557,21.0855745,101.3,47.79,-0.081,0.033,1.022,0,47.15803615819302,,180.38618188716617,-1.0,5.0,52.220967,21.082949,13.0
13865,2026-05-11 20:18:43.100000+00:00,52.2207729,21.0854827,101.3,47.61,-0.037,0.029,0.959,0,47.08349947164577,,173.94024246376785,-1.0,5.0,52.220967,21.082949,13.0
13870,2026-05-11 20:18:43.600000+00:00,52.2207895,21.0853878,101.3,48.41,-0.052,0.038,0.964,0,48.40539977974837,,167.2997000168416,-1.0,5.0,52.220967,21.082949,13.0
13875,2026-05-11 20:18:44.100000+00:00,52.220806,21.0852923,101.1,49.28,-0.051,0.036,0.975,0,48.66662840014214,,160.62663903098482,-1.0,5.0,52.220967,21.082949,13.0
13880,2026-05-11 20:18:44.600000+00:00,52.2208225,21.085195,101.1,50.07,-0.042,0.024,0.953,0,49.51688442961666,,153.83915593026194,-1.0,5.0,52.220967,21.082949,13.0
13885,2026-05-11 20:18:45.100000+00:00,52.2208395,21.0850967,101.1,50.53,-0.049,0.037,0.968,0,50.09699727317886,,146.986853140153,-1.0,5.0,52.220967,21.082949,13.0
13890,2026-05-11 20:18:45.600000+00:00,52.220856,21.0849964,101.1,52.01,-0.041,0.031,0.976,0,50.93643225929056,,140.0141383262855,-1.0,5.0,52.220967,21.082949,13.0
13895,2026-05-11 20:18:46.100000+00:00,52.2208724,21.0848956,100.8,52.52,-0.044,0.026,0.961,0,51.15268781089297,,133.01910027033912,-1.0,5.0,52.220967,21.082949,13.0
13900,2026-05-11 20:18:46.600000+00:00,52.2208887,21.0847936,100.6,52.63,-0.098,0.031,0.976,0,51.701464056257215,,125.95553620981522,-1.0,5.0,52.220967,21.082949,13.0
13905,2026-05-11 20:18:47.100000+00:00,52.2209046,21.0846912,100.4,52.29,-0.115,0.028,0.948,0,51.81169522540277,,118.88140288249907,-1.0,5.0,52.220967,21.082949,13.0
13910,2026-05-11 20:18:47.600000+00:00,52.2209205,21.0845893,100.2,51.9,-0.121,0.035,0.976,0,51.57399742980985,,111.85685948740785,-1.0,5.0,52.220967,21.082949,13.0
13915,2026-05-11 20:18:48.100000+00:00,52.2209367,21.0844931,99.7,51.93,-0.097,0.018,0.965,0,48.932811452230894,,105.23807147945308,-1.0,5.0,52.220967,21.082949,13.0
13920,2026-05-11 20:18:48.600000+00:00,52.2209536,21.0843923,99.6,52.14,-0.087,0.025,0.971,0,51.25681068753457,,98.3288980591458,-1.0,5.0,52.220967,21.082949,13.0
13925,2026-05-11 20:18:49.100000+00:00,52.2209696,21.0842904,99.4,52.61,-0.081,0.025,0.961,0,51.59376294027339,,91.37662011674178,-1.0,5.0,52.220967,21.082949,13.0
13930,2026-05-11 20:18:49.600000+00:00,52.2209854,21.0841878,99.2,52.92,-0.071,0.019,0.967,0,51.88712232844205,,84.41183525920363,-1.0,5.0,52.220967,21.082949,13.0
13935,2026-05-11 20:18:50.100000+00:00,52.2210016,21.0840849,98.9,53.15,-0.074,0.013,0.974,0,52.1086000162709,13.0,77.47306501721171,-1.0,5.0,52.220967,21.082949,13.0
13940,2026-05-11 20:18:50.600000+00:00,52.221017,21.0839804,98.6,53.94,-0.066,0.02,0.975,0,52.71552293046125,13.0,70.47856077695003,-1.0,5.0,52.220967,21.082949,13.0
13945,2026-05-11 20:18:51.100000+00:00,52.2210325,21.083875,98.4,54.38,-0.072,0.013,0.958,0,53.16341060428252,13.0,63.4981517570011,-1.0,5.0,52.220967,21.082949,13.0
13950,2026-05-11 20:18:51.600000+00:00,52.2210484,21.0837687,98.2,54.25,-0.085,0.018,0.985,0,53.66777102760076,13.0,56.56675497851044,-1.0,5.0,52.220967,21.082949,13.0
13955,2026-05-11 20:18:52.100000+00:00,52.2210646,21.0836615,98.1,54.95,-0.076,0.008,0.963,0,54.15369448049604,13.0,49.73398151095797,-1.0,5.0,52.220967,21.082949,13.0
13960,2026-05-11 20:18:52.600000+00:00,52.2210806,21.0835534,97.8,55.01,-0.084,0.006,0.968,0,54.544522244412505,13.0,43.06585310230902,-1.0,5.0,52.220967,21.082949,13.0
13965,2026-05-11 20:18:53.100000+00:00,52.2210971,21.0834452,97.6,55.03,-0.088,0.015,0.967,0,54.687491439542455,13.0,36.76672936578539,-1.0,5.0,52.220967,21.082949,13.0
13970,2026-05-11 20:18:53.600000+00:00,52.2211139,21.0833366,97.5,55.34,-0.102,0.022,0.961,0,54.9361779763512,13.0,31.047537166680662,-1.0,5.0,52.220967,21.082949,13.0
13975,2026-05-11 20:18:54.100000+00:00,52.2211306,21.083229,97.4,54.77,-0.12,0.027,0.976,0,54.44103841974388,13.0,26.35775340862726,-1.0,5.0,52.220967,21.082949,13.0
13980,2026-05-11 20:18:54.600000+00:00,52.2211473,21.0831221,97.3,54.39,-0.11,0.02,0.972,0,54.10827596217354,13.0,23.2589930100457,-1.0,5.0,52.220967,21.082949,13.0
13985,2026-05-11 20:18:55.100000+00:00,52.2211634,21.0830194,96.8,53.75,-0.11,0.027,0.952,0,51.99351666851819,13.0,22.35903034124931,-1.0,5.0,52.220967,21.082949,13.0
13990,2026-05-11 20:18:55.600000+00:00,52.2211781,21.082925,95.6,53.54,-0.122,0.031,0.986,0,47.77193907882474,13.0,23.53011345186544,-1.0,5.0,52.220967,21.082949,13.0
13995,2026-05-11 20:18:56.100000+00:00,52.2211929,21.0828249,94.9,53.44,-0.09,0.021,0.894,0,50.5048134204992,13.0,26.503308899563997,-1.0,5.0,52.220967,21.082949,13.0
14000,2026-05-11 20:18:56.600000+00:00,52.2212078,21.0827214,94.7,52.87,-0.138,0.047,1.047,0,52.1455484610598,13.0,30.94052901122529,-1.0,5.0,52.220967,21.082949,13.0
14005,2026-05-11 20:18:57.100000+00:00,52.221222,21.0826211,94.2,53.33,-0.083,0.015,0.952,0,50.48981594045506,13.0,36.095814892977074,-1.0,5.0,52.220967,21.082949,13.0
14010,2026-05-11 20:18:57.600000+00:00,52.2212359,21.0825227,93.4,52.79,-0.108,0.04,0.959,0,49.52778020309762,13.0,41.6811653231462,-1.0,5.0,52.220967,21.082949,13.0
14015,2026-05-11 20:18:58.100000+00:00,52.2212499,21.0824218,93.1,52.22,-0.112,0.036,0.959,0,50.740938535494905,13.0,47.74171317271484,-1.0,5.0,52.220967,21.082949,13.0
14020,2026-05-11 20:18:58.600000+00:00,52.2212633,21.0823184,93.1,51.92,-0.108,0.058,0.983,0,51.8359496578423,13.0,54.13644448147215,-1.0,5.0,52.220967,21.082949,13.0
14025,2026-05-11 20:18:59.100000+00:00,52.2212758,21.0822152,93.1,51.6,-0.11,0.043,0.96,0,51.59538416829098,13.0,60.64369201536299,-1.0,5.0,52.220967,21.082949,13.0
14030,2026-05-11 20:18:59.600000+00:00,52.2212885,21.0821131,93.2,51.18,-0.112,0.045,0.973,0,51.097836891217895,13.0,67.23328607925467,-1.0,5.0,52.220967,21.082949,13.0
14035,2026-05-11 20:19:00.100000+00:00,52.2213004,21.0820117,93.2,50.53,-0.103,0.043,0.96,0,50.63701011368134,13.0,73.83095641320489,-1.0,5.0,52.220967,21.082949,13.0
14040,2026-05-11 20:19:00.600000+00:00,52.2213117,21.0819109,93.2,50.28,-0.109,0.036,0.964,0,50.2593232949204,,80.43462341527314,-1.0,5.0,52.220967,21.082949,13.0
14045,2026-05-11 20:19:01.100000+00:00,52.2213225,21.0818104,93.2,49.92,-0.117,0.04,0.978,0,50.043868813975415,,87.05361592250004,-1.0,5.0,52.220967,21.082949,13.0
14050,2026-05-11 20:19:01.600000+00:00,52.2213331,21.081711,93.1,49.39,-0.103,0.032,0.95,0,49.48484150119879,,93.64347590158384,-1.0,5.0,52.220967,21.082949,13.0
14055,2026-05-11 20:19:02.100000+00:00,52.2213438,21.0816128,93.3,49.29,-0.116,0.037,0.973,0,48.9190579132443,,100.20173024972036,-1.0,5.0,52.220967,21.082949,13.0
14060,2026-05-11 20:19:02.600000+00:00,52.2213542,21.0815137,93.4,48.71,-0.107,0.03,0.947,0,49.31257865039858,,106.832156007071,-1.0,5.0,52.220967,21.082949,13.0
14065,2026-05-11 20:19:03.100000+00:00,52.2213637,21.0814169,93.3,48.53,-0.124,0.038,0.979,0,48.08185455130272,,113.30526412128796,-1.0,5.0,52.220967,21.082949,13.0
14070,2026-05-11 20:19:03.600000+00:00,52.2213726,21.0813216,93.2,47.92,-0.112,0.03,0.973,0,47.28078775774095,,119.68108106170718,-1.0,5.0,52.220967,21.082949,13.0
14075,2026-05-11 20:19:04.100000+00:00,52.2213814,21.0812293,92.8,47.38,-0.111,0.033,0.96,0,45.8143612878491,,125.88224125852324,-1.0,5.0,52.220967,21.082949,13.0
14080,2026-05-11 20:19:04.600000+00:00,52.22139,21.0811378,92.3,47.65,-0.099,0.029,0.967,0,45.40213439307142,,132.03996329054146,-1.0,5.0,52.220967,21.082949,13.0
14085,2026-05-11 20:19:05.100000+00:00,52.2213986,21.0810461,92.0,47.46,-0.081,0.028,0.949,0,45.49908559553396,,138.22382078414344,-1.0,5.0,52.220967,21.082949,13.0
14090,2026-05-11 20:19:05.600000+00:00,52.2214072,21.0809533,91.7,47.53,-0.089,0.034,1.003,0,46.032441488397886,,144.4899054481981,-1.0,5.0,52.220967,21.082949,13.0
14095,2026-05-11 20:19:06.100000+00:00,52.2214155,21.080859,91.5,48.14,-0.053,0.021,0.932,0,46.725213447867226,,150.8520731389708,-1.0,5.0,52.220967,21.082949,13.0
14100,2026-05-11 20:19:06.600000+00:00,52.2214238,21.0807621,91.5,48.18,-0.084,0.028,0.987,0,47.98777966449595,,157.39228336728738,-1.0,5.0,52.220967,21.082949,13.0
14105,2026-05-11 20:19:07.100000+00:00,52.221432,21.0806648,91.5,48.69,-0.073,0.015,0.953,0,48.17109592557045,,163.9648935461294,-1.0,5.0,52.220967,21.082949,13.0
14110,2026-05-11 20:19:07.600000+00:00,52.22144,21.0805663,91.5,49.1,-0.077,0.015,0.978,0,48.73290995825858,,170.61756828056676,-1.0,5.0,52.220967,21.082949,13.0
14115,2026-05-11 20:19:08.100000+00:00,52.2214478,21.080468,91.4,49.24,-0.077,0.01,0.957,0,48.61483510205079,,177.25931195437155,-1.0,5.0,52.220967,21.082949,13.0
14120,2026-05-11 20:19:08.600000+00:00,52.2214553,21.0803682,91.3,49.82,-0.083,0.03,0.971,0,49.31469043476368,,183.9968658165224,-1.0,5.0,52.220967,21.082949,13.0
14125,2026-05-11 20:19:09.100000+00:00,52.2214625,21.0802676,91.2,49.92,-0.078,0.03,0.974,0,49.67570986563001,,190.78491222422124,-1.0,5.0,52.220967,21.082949,13.0
14130,2026-05-11 20:19:09.600000+00:00,52.2214693,21.0801658,91.2,50.57,-0.071,0.033,0.959,0,50.22460194545153,,197.6465061549422,-1.0,5.0,52.220967,21.082949,13.0
14135,2026-05-11 20:19:10.100000+00:00,52.2214759,21.0800641,91.1,50.3,-0.078,0.039,0.984,0,50.1587172743202,,204.50311687996788,-1.0,5.0,52.220967,21.082949,13.0
14140,2026-05-11 20:19:10.600000+00:00,52.2214817,21.0799612,91.1,50.9,-0.074,0.03,0.954,0,50.68133310417179,,211.42149956021055,-1.0,5.0,52.220967,21.082949,13.0
14145,2026-05-11 20:19:11.100000+00:00,52.2214881,21.0798582,91.1,50.95,-0.09,0.033,0.972,0,50.7763882752567,,218.37185861886215,-1.0,5.0,52.220967,21.082949,13.0
14150,2026-05-11 20:19:11.600000+00:00,52.2214934,21.0797551,91.0,51.29,-0.085,0.028,0.966,0,50.74395946735691,,225.3033237765372,-1.0,5.0,52.220967,21.082949,13.0
14155,2026-05-11 20:19:12.100000+00:00,52.2214985,21.0796521,90.9,51.16,-0.09,0.028,0.966,0,50.68192869066411,,232.2295431509664,-1.0,5.0,52.220967,21.082949,13.0
14160,2026-05-11 20:19:12.600000+00:00,52.2215035,21.0795488,90.8,51.09,-0.092,0.025,0.972,0,50.82221488505855,,239.17937459416413,-1.0,5.0,52.220967,21.082949,13.0
14165,2026-05-11 20:19:13.100000+00:00,52.2215087,21.0794446,90.8,51.4,-0.08,0.021,0.966,0,51.27501387516768,,246.2002845547448,-1.0,5.0,52.220967,21.082949,13.0
14170,2026-05-11 20:19:13.600000+00:00,52.2215132,21.0793399,90.8,51.61,-0.091,0.027,0.962,0,51.47717615232272,,253.24120124564905,-1.0,5.0,52.220967,21.082949,13.0
14175,2026-05-11 20:19:14.100000+00:00,52.2215178,21.0792348,90.8,51.44,-0.084,0.025,0.959,0,51.67851849443896,,260.3171434811296,-1.0,5.0,52.220967,21.082949,13.0
14180,2026-05-11 20:19:14.600000+00:00,52.221522,21.0791293,90.8,52.03,-0.095,0.031,0.984,0,51.85244824568407,,267.4147484091972,-1.0,5.0,52.220967,21.082949,13.0
14185,2026-05-11 20:19:15.100000+00:00,52.221526,21.0790237,90.8,52.17,-0.078,0.026,0.964,0,51.8912583949571,,274.51937733389195,-1.0,5.0,52.220967,21.082949,13.0
14190,2026-05-11 20:19:15.600000+00:00,52.2215297,21.0789176,90.8,52.12,-0.09,0.038,0.966,0,52.121815938313546,,281.65501191262456,-1.0,5.0,52.220967,21.082949,13.0
14195,2026-05-11 20:19:16.100000+00:00,52.2215331,21.0788119,90.8,52.1,-0.088,0.028,0.972,0,51.91279910973387,,288.7619350166256,-1.0,5.0,52.220967,21.082949,13.0
14200,2026-05-11 20:19:16.600000+00:00,52.2215361,21.0787053,90.8,52.32,-0.082,0.032,0.965,0,52.337931803352745,,295.92422654934245,-1.0,5.0,52.220967,21.082949,13.0
14205,2026-05-11 20:19:17.100000+00:00,52.221539,21.0785989,90.8,52.55,-0.094,0.03,0.978,0,52.23632065831185,,303.0759538808021,-1.0,5.0,52.220967,21.082949,13.0
14210,2026-05-11 20:19:17.600000+00:00,52.2215415,21.0784924,90.9,52.7,-0.091,0.025,0.969,0,52.2720734287813,,310.22998573207605,-1.0,5.0,52.220967,21.082949,13.0
14215,2026-05-11 20:19:18.100000+00:00,52.2215444,21.0783863,90.9,52.58,-0.084,0.031,0.958,0,52.08932285166859,,317.37114018067126,-1.0,5.0,52.220967,21.082949,13.0
14220,2026-05-11 20:19:18.600000+00:00,52.2215468,21.0782799,90.9,52.67,-0.096,0.031,0.964,0,52.2200502581131,,324.52541655314184,-1.0,5.0,52.220967,21.082949,13.0
14225,2026-05-11 20:19:19.100000+00:00,52.2215492,21.0781733,91.0,52.5,-0.096,0.028,0.963,0,52.31807265111518,,331.6973349830415,-1.0,5.0,52.220967,21.082949,13.0
14230,2026-05-11 20:19:19.600000+00:00,52.2215515,21.0780671,91.1,52.45,-0.114,0.032,0.985,0,52.1191297501904,,338.8444058427214,-1.0,5.0,52.220967,21.082949,13.0
14235,2026-05-11 20:19:20.100000+00:00,52.2215534,21.0779616,91.3,52.23,-0.113,0.039,0.983,0,51.76562288386511,,345.9400778917121,-1.0,5.0,52.220967,21.082949,13.0
14240,2026-05-11 20:19:20.600000+00:00,52.2215547,21.0778563,91.3,51.82,-0.106,0.031,0.955,0,51.65566123472725,,353.01381252629426,-1.0,5.0,52.220967,21.082949,13.0
14245,2026-05-11 20:19:21.100000+00:00,52.221556,21.0777513,91.4,51.57,-0.111,0.021,0.973,0,51.50855243270972,,360.0714367117677,-1.0,5.0,52.220967,21.082949,13.0
14250,2026-05-11 20:19:21.600000+00:00,52.2215576,21.0776468,91.6,51.15,-0.105,0.005,0.962,0,51.26881100642719,,367.1052456079565,-1.0,5.0,52.221421,21.072244,12.0
14255,2026-05-11 20:19:22.100000+00:00,52.2215593,21.077543,91.6,51.02,-0.105,0.02,0.963,0,50.92767348710708,,361.2910516741477,-1.0,5.0,52.221421,21.072244,12.0
14260,2026-05-11 20:19:22.600000+00:00,52.2215606,21.0774392,91.6,50.72,-0.099,0.015,0.954,0,50.920119719961214,,354.2331150395196,-1.0,5.0,52.221421,21.072244,12.0
14265,2026-05-11 20:19:23.100000+00:00,52.221562,21.0773356,91.6,50.92,-0.102,0.015,0.965,0,50.82374980894715,,347.1898729087732,-1.0,5.0,52.221421,21.072244,12.0
14270,2026-05-11 20:19:23.600000+00:00,52.2215639,21.0772329,91.7,50.91,-0.103,0.021,0.998,0,50.39293911952583,,340.2111100376022,-1.0,5.0,52.221421,21.072244,12.0
14275,2026-05-11 20:19:24.100000+00:00,52.2215652,21.0771294,91.8,50.98,-0.081,0.015,0.952,0,50.77300806077911,,333.1755510081701,-1.0,5.0,52.221421,21.072244,12.0
14280,2026-05-11 20:19:24.600000+00:00,52.2215663,21.0770256,91.8,51.2,-0.093,0.019,0.977,0,50.91709194182072,,326.11918230905746,-1.0,5.0,52.221421,21.072244,12.0
14285,2026-05-11 20:19:25.100000+00:00,52.2215675,21.0769218,91.9,51.03,-0.074,0.015,0.96,0,50.91853827189676,,319.0640657514226,-1.0,5.0,52.221421,21.072244,12.0
14290,2026-05-11 20:19:25.600000+00:00,52.2215694,21.076819,92.1,51.19,-0.088,0.016,0.973,0,50.44195628948787,,312.0818436678864,-1.0,5.0,52.221421,21.072244,12.0
14295,2026-05-11 20:19:26.100000+00:00,52.221571,21.0767155,92.2,51.42,-0.083,0.019,0.962,0,50.7784928129288,,305.0512684078112,-1.0,5.0,52.221421,21.072244,12.0
14300,2026-05-11 20:19:26.600000+00:00,52.2215726,21.0766119,92.2,51.15,-0.094,0.02,0.973,0,50.827521121099934,,298.01493251094627,-1.0,5.0,52.221421,21.072244,12.0
14305,2026-05-11 20:19:27.100000+00:00,52.2215748,21.0765082,92.4,51.72,-0.093,0.023,0.989,0,50.89090932421285,,290.9768253077475,-1.0,5.0,52.221421,21.072244,12.0
14310,2026-05-11 20:19:27.600000+00:00,52.2215769,21.0764047,92.6,51.63,-0.083,0.018,0.954,0,50.79016108934824,,283.9531331962439,-1.0,5.0,52.221421,21.072244,12.0
14315,2026-05-11 20:19:28.100000+00:00,52.2215784,21.0763007,92.6,51.47,-0.096,0.021,0.966,0,51.02168808519014,,276.89277849640314,-1.0,5.0,52.221421,21.072244,12.0
14320,2026-05-11 20:19:28.600000+00:00,52.22158,21.0761963,92.7,51.26,-0.094,0.017,0.97,0,51.21975476674274,,269.8073264996551,-1.0,5.0,52.221421,21.072244,12.0
14325,2026-05-11 20:19:29.100000+00:00,52.2215815,21.0760917,92.7,51.6,-0.086,0.019,0.964,0,51.31587779282881,,262.7090631385067,-1.0,5.0,52.221421,21.072244,12.0
14330,2026-05-11 20:19:29.600000+00:00,52.2215828,21.0759866,92.7,51.76,-0.082,0.018,0.955,0,51.55755707341545,,255.57687087499087,-1.0,5.0,52.221421,21.072244,12.0
14335,2026-05-11 20:19:30.100000+00:00,52.2215842,21.0758818,92.7,51.37,-0.089,0.015,0.972,0,51.41213152494916,,248.46751678881645,-1.0,5.0,52.221421,21.072244,12.0
14340,2026-05-11 20:19:30.600000+00:00,52.2215857,21.0757762,92.8,51.85,-0.084,0.016,0.947,0,51.80619705438529,,241.30651214652352,-1.0,5.0,52.221421,21.072244,12.0
14345,2026-05-11 20:19:31.100000+00:00,52.2215868,21.0756705,92.8,51.79,-0.098,0.027,0.973,0,51.84880013329827,,234.1373158543747,-1.0,5.0,52.221421,21.072244,12.0
14350,2026-05-11 20:19:31.600000+00:00,52.2215878,21.0755648,92.8,51.75,-0.09,0.015,0.966,0,51.84750086074531,,226.9692398084053,-1.0,5.0,52.221421,21.072244,12.0
14355,2026-05-11 20:19:32.100000+00:00,52.2215886,21.0754588,92.8,51.94,-0.089,0.024,0.966,0,51.99240044799467,,219.7810716866747,-1.0,5.0,52.221421,21.072244,12.0
14360,2026-05-11 20:19:32.600000+00:00,52.2215893,21.0753527,92.7,52.08,-0.095,0.012,0.962,0,52.04051782223283,,212.58737701100463,-1.0,5.0,52.221421,21.072244,12.0
14365,2026-05-11 20:19:33.100000+00:00,52.2215902,21.0752461,92.8,52.28,-0.088,0.013,0.972,0,52.28769267345137,,205.36420071342053,-1.0,5.0,52.221421,21.072244,12.0
14370,2026-05-11 20:19:33.600000+00:00,52.2215911,21.0751393,92.8,52.38,-0.088,0.007,0.96,0,52.38577373643964,,198.13031547256068,-1.0,5.0,52.221421,21.072244,12.0
14375,2026-05-11 20:19:34.100000+00:00,52.2215923,21.0750326,92.9,52.42,-0.102,0.01,0.976,0,52.34058908501569,,190.9097203796235,-1.0,5.0,52.221421,21.072244,12.0
14380,2026-05-11 20:19:34.600000+00:00,52.2215931,21.0749261,92.9,52.45,-0.102,0.007,0.966,0,52.23760519895808,,183.7018981199036,-1.0,5.0,52.221421,21.072244,12.0
14385,2026-05-11 20:19:35.100000+00:00,52.2215936,21.0748195,92.8,52.31,-0.108,0.006,0.969,0,52.28425595735527,,176.48756005565343,-1.0,5.0,52.221421,21.072244,12.0
14390,2026-05-11 20:19:35.600000+00:00,52.2215942,21.0747135,92.8,52.24,-0.103,0.007,0.966,0,51.990667817061485,,169.31914455682417,-1.0,5.0,52.221421,21.072244,12.0
14395,2026-05-11 20:19:36.100000+00:00,52.2215954,21.0746078,92.8,52.1,-0.108,0.005,0.961,0,51.850211790626645,,162.1836431556391,-1.0,5.0,52.221421,21.072244,12.0
14400,2026-05-11 20:19:36.600000+00:00,52.2215966,21.0745021,92.9,52.17,-0.106,0.008,0.972,0,51.85021038846182,,155.0542385164456,-1.0,5.0,52.221421,21.072244,12.0
14405,2026-05-11 20:19:37.100000+00:00,52.2215973,21.074396,92.9,52.28,-0.105,-0.002,0.966,0,52.04050844846419,,147.89742731092522,-1.0,5.0,52.221421,21.072244,12.0
14410,2026-05-11 20:19:37.600000+00:00,52.2215986,21.0742902,93.0,52.26,-0.111,-0.001,0.958,0,51.90078915464607,,140.77745570888555,-1.0,5.0,52.221421,21.072244,12.0
14415,2026-05-11 20:19:38.100000+00:00,52.2215998,21.074185,93.0,51.81,-0.11,0.0,0.971,0,51.60502045135468,,133.70573284233575,-1.0,5.0,52.221421,21.072244,12.0
14420,2026-05-11 20:19:38.600000+00:00,52.2216009,21.0740794,93.1,51.87,-0.111,0.0,0.988,0,51.79974505809455,,126.6161034458194,-1.0,5.0,52.221421,21.072244,12.0
14425,2026-05-11 20:19:39.100000+00:00,52.2216018,21.0739739,93.1,51.8,-0.099,-0.008,0.947,0,51.748228102070215,,119.5419700991548,-1.0,5.0,52.221421,21.072244,12.0
14430,2026-05-11 20:19:39.600000+00:00,52.2216034,21.0738691,93.1,51.61,-0.109,0.001,0.971,0,51.4158494522106,,112.54309076508918,-1.0,5.0,52.221421,21.072244,12.0
14435,2026-05-11 20:19:40.100000+00:00,52.2216051,21.0737639,93.2,51.83,-0.109,-0.004,0.946,0,51.61401874388713,,105.53868976578484,-1.0,5.0,52.221421,21.072244,12.0
14440,2026-05-11 20:19:40.600000+00:00,52.2216064,21.0736593,93.2,51.61,-0.12,0.006,0.987,0,51.31235143208946,,98.58856272744582,-1.0,5.0,52.221421,21.072244,12.0
14445,2026-05-11 20:19:41.100000+00:00,52.221608,21.0735551,93.2,51.28,-0.099,-0.007,0.953,0,51.1216618481249,,91.69965873735843,-1.0,5.0,52.221421,21.072244,12.0
14450,2026-05-11 20:19:41.600000+00:00,52.2216096,21.0734514,93.2,51.0,-0.126,0.0,0.97,0,50.87650892537538,,84.87861116119572,-1.0,5.0,52.221421,21.072244,12.0
14455,2026-05-11 20:19:42.100000+00:00,52.2216115,21.0733483,93.2,50.72,-0.125,0.006,0.972,0,50.58897885222783,12.0,78.14954676431772,-1.0,5.0,52.221421,21.072244,12.0
14460,2026-05-11 20:19:42.600000+00:00,52.2216134,21.073246,93.3,50.24,-0.117,0.002,0.963,0,50.19679000379427,12.0,71.52969817405186,-1.0,5.0,52.221421,21.072244,12.0
14465,2026-05-11 20:19:43.100000+00:00,52.2216151,21.0731443,93.3,50.17,-0.125,0.007,0.976,0,49.89802564356411,12.0,65.0146645454168,-1.0,5.0,52.221421,21.072244,12.0
14470,2026-05-11 20:19:43.600000+00:00,52.2216164,21.0730435,93.2,49.63,-0.114,0.007,0.948,0,49.44900183074936,12.0,58.63542282988865,-1.0,5.0,52.221421,21.072244,12.0
14475,2026-05-11 20:19:44.100000+00:00,52.2216181,21.0729437,93.2,49.07,-0.124,0.01,0.989,0,48.9665076567855,12.0,52.46039005002772,-1.0,5.0,52.221421,21.072244,12.0
14480,2026-05-11 20:19:44.600000+00:00,52.2216196,21.0728446,93.3,48.9,-0.11,0.003,0.957,0,48.61910121069151,12.0,46.49187004300368,-1.0,5.0,52.221421,21.072244,12.0
14485,2026-05-11 20:19:45.100000+00:00,52.2216216,21.072746,93.4,48.57,-0.12,0.002,0.952,0,48.38553867458067,12.0,40.827661305378975,-1.0,5.0,52.221421,21.072244,12.0
14490,2026-05-11 20:19:45.600000+00:00,52.2216235,21.0726479,93.6,48.18,-0.112,0.0,0.965,0,48.137846779452765,12.0,35.55273564813867,-1.0,5.0,52.221421,21.072244,12.0
14495,2026-05-11 20:19:46.100000+00:00,52.2216253,21.0725501,93.6,48.16,-0.101,-0.011,0.949,0,47.988310534348,12.0,30.835745058551588,-1.0,5.0,52.221421,21.072244,12.0
14500,2026-05-11 20:19:46.600000+00:00,52.2216273,21.0724529,93.7,47.76,-0.123,0.0,0.994,0,47.69927457826017,12.0,26.99475335157063,-1.0,5.0,52.221421,21.072244,12.0
14505,2026-05-11 20:19:47.100000+00:00,52.2216295,21.0723562,93.8,47.66,-0.115,-0.002,0.958,0,47.45985552363141,12.0,24.411460530050345,-1.0,5.0,52.221421,21.072244,12.0
14510,2026-05-11 20:19:47.600000+00:00,52.2216315,21.0722601,93.8,47.19,-0.124,-0.001,0.949,0,47.160075281288805,12.0,23.43221145688723,-1.0,5.0,52.221421,21.072244,12.0
14515,2026-05-11 20:19:48.100000+00:00,52.2216337,21.0721648,93.8,46.57,-0.132,0.002,0.981,0,46.773691713186935,12.0,24.25868551285849,-1.0,5.0,52.221421,21.072244,12.0
14520,2026-05-11 20:19:48.600000+00:00,52.2216362,21.0720703,93.9,46.2,-0.118,-0.003,0.952,0,46.39134624466665,12.0,26.69470577453315,-1.0,5.0,52.221421,21.072244,12.0
14525,2026-05-11 20:19:49.100000+00:00,52.221638,21.0719775,93.7,46.13,-0.113,0.002,0.969,0,45.53717942397855,12.0,30.19572315497819,-1.0,5.0,52.221421,21.072244,12.0
14530,2026-05-11 20:19:49.600000+00:00,52.2216391,21.071887,93.3,45.72,-0.121,0.001,0.969,0,44.39505526000408,12.0,34.34431112843361,-1.0,5.0,52.221421,21.072244,12.0
14535,2026-05-11 20:19:50.100000+00:00,52.22164,21.0717976,92.9,45.48,-0.118,0.005,0.971,0,43.85273634240378,12.0,38.95734086392063,-1.0,5.0,52.221421,21.072244,12.0
14540,2026-05-11 20:19:50.600000+00:00,52.2216415,21.0717088,92.6,44.58,-0.113,0.01,0.96,0,43.56909477964236,12.0,43.93512270410447,-1.0,5.0,52.221421,21.072244,12.0
14545,2026-05-11 20:19:51.100000+00:00,52.2216441,21.0716178,92.6,44.83,-0.1,0.003,0.953,0,44.6800583034166,12.0,49.345392806059,-1.0,5.0,52.221421,21.072244,12.0
14550,2026-05-11 20:19:51.600000+00:00,52.2216466,21.0715269,92.7,44.52,-0.113,0.015,0.969,0,44.62740109196942,12.0,54.912980190172526,-1.0,5.0,52.221421,21.072244,12.0
14555,2026-05-11 20:19:52.100000+00:00,52.2216489,21.0714372,92.8,44.17,-0.123,0.021,0.981,0,44.03246440663193,12.0,60.51958928342184,-1.0,5.0,52.221421,21.072244,12.0
14560,2026-05-11 20:19:52.600000+00:00,52.2216511,21.0713483,92.9,43.65,-0.114,0.007,0.952,0,43.637138550224186,12.0,66.16181551319156,-1.0,5.0,52.221421,21.072244,12.0
14565,2026-05-11 20:19:53.100000+00:00,52.221653,21.0712606,92.8,43.19,-0.127,0.018,0.973,0,43.03991718461079,12.0,71.7839484468772,-1.0,5.0,52.221421,21.072244,12.0
14570,2026-05-11 20:19:53.600000+00:00,52.2216546,21.0711748,92.9,41.7,-0.182,0.036,0.951,0,42.10065122475638,12.0,77.32624742267,-1.0,5.0,52.221421,21.072244,12.0
14575,2026-05-11 20:19:54.100000+00:00,52.2216563,21.0710925,92.9,39.93,-0.184,0.028,0.97,0,40.387499562121306,,82.68776624611058,-1.0,5.0,52.221421,21.072244,12.0
14580,2026-05-11 20:19:54.600000+00:00,52.2216577,21.0710129,92.9,38.83,-0.157,0.016,0.934,0,39.05641308881009,,87.89469000591323,-1.0,5.0,52.221421,21.072244,12.0
14585,2026-05-11 20:19:55.100000+00:00,52.2216596,21.0709347,92.9,38.47,-0.124,0.017,0.957,0,38.38383964569432,,93.050866238102,-1.0,5.0,52.221421,21.072244,12.0
14590,2026-05-11 20:19:55.600000+00:00,52.2216615,21.0708579,92.9,37.65,-0.137,0.009,0.971,0,37.6977483716737,,98.1339593848134,-1.0,5.0,52.221421,21.072244,12.0
14595,2026-05-11 20:19:56.100000+00:00,52.2216637,21.0707828,92.8,36.82,-0.162,0.018,0.961,0,36.87535678518056,,103.12926154851672,-1.0,5.0,52.221421,21.072244,12.0
14600,2026-05-11 20:19:56.600000+00:00,52.2216653,21.0707097,92.8,35.91,-0.165,0.014,0.968,0,35.87523073741717,,107.98773530540277,-1.0,5.0,52.221421,21.072244,12.0
14605,2026-05-11 20:19:57.100000+00:00,52.2216672,21.070639,92.7,34.92,-0.17,-0.026,0.96,0,34.708606901605535,,112.7065300243694,-1.0,5.0,52.221421,21.072244,12.0
14610,2026-05-11 20:19:57.600000+00:00,52.2216706,21.0705698,92.5,34.64,-0.163,-0.082,0.932,0,34.04855465360459,,117.37360822458412,-1.0,5.0,52.221421,21.072244,12.0
14615,2026-05-11 20:19:58.100000+00:00,52.2216758,21.0705034,92.4,32.47,-0.201,-0.038,0.975,0,32.83131151157782,,121.90622185051366,-1.0,5.0,52.221421,21.072244,12.0
14620,2026-05-11 20:19:58.600000+00:00,52.2216813,21.070438,92.3,32.35,-0.16,-0.013,0.965,0,32.37666038737022,,126.38211952463952,-1.0,5.0,52.221421,21.072244,12.0
14625,2026-05-11 20:19:59.100000+00:00,52.2216866,21.0703747,92.2,31.02,-0.15,0.023,0.952,0,31.33449730923356,,130.71507153035074,-1.0,5.0,52.221421,21.072244,12.0
14630,2026-05-11 20:19:59.600000+00:00,52.2216914,21.0703138,92.1,30.2,-0.158,0.033,0.969,0,30.114968785306903,,134.87748296544908,-1.0,5.0,52.221421,21.072244,12.0
14635,2026-05-11 20:20:00.100000+00:00,52.2216959,21.0702553,92.1,28.76,-0.171,0.011,0.966,0,28.9169794540148,,138.8742895890202,-1.0,5.0,52.221421,21.072244,12.0
14640,2026-05-11 20:20:00.600000+00:00,52.221699,21.0701989,92.2,27.45,-0.17,0.057,0.968,0,27.77283015361129,,142.69876132778646,-1.0,5.0,52.221421,21.072244,12.0
14645,2026-05-11 20:20:01.100000+00:00,52.2217003,21.0701451,92.1,26.1,-0.166,0.049,0.953,0,26.40704539967859,,146.30931474469816,-1.0,5.0,52.221421,21.072244,12.0
14650,2026-05-11 20:20:01.600000+00:00,52.2217009,21.0700946,92.0,25.11,-0.175,0.003,0.957,0,24.772679895175177,,149.68657418576876,-1.0,5.0,52.221421,21.072244,12.0
14655,2026-05-11 20:20:02.100000+00:00,52.2217017,21.0700469,92.1,23.36,-0.199,0.012,0.953,0,23.403510983891,,152.88446922031272,-1.0,5.0,52.221421,21.072244,12.0
14660,2026-05-11 20:20:02.600000+00:00,52.221702,21.0700015,92.2,21.84,-0.19,0.0,0.962,0,22.26799184488053,,155.9198992193249,-1.0,5.0,52.221421,21.072244,12.0
14665,2026-05-11 20:20:03.100000+00:00,52.2217022,21.0699593,92.2,19.83,-0.208,0.0,0.949,0,20.697856980568133,,158.74163658443757,-1.0,5.0,52.221421,21.072244,12.0
14670,2026-05-11 20:20:03.600000+00:00,52.2217024,21.0699209,92.1,18.31,-0.211,-0.038,0.96,0,18.834185887097927,,161.31129784974345,-1.0,5.0,52.221421,21.072244,12.0
14675,2026-05-11 20:20:04.100000+00:00,52.2217033,21.0698858,92.1,16.52,-0.206,-0.017,0.959,0,17.23007342674467,,163.6766837494983,-1.0,5.0,52.221421,21.072244,12.0
14680,2026-05-11 20:20:04.600000+00:00,52.2217037,21.0698551,92.1,13.76,-0.276,0.012,0.94,0,15.06039982277779,,165.73803537598127,-1.0,5.0,52.221421,21.072244,12.0
14685,2026-05-11 20:20:05.100000+00:00,52.2217044,21.0698309,92.2,10.66,-0.277,0.006,0.944,0,11.882254902197824,,167.3715235575224,-1.0,5.0,52.221421,21.072244,12.0
14690,2026-05-11 20:20:05.600000+00:00,52.2217048,21.0698131,92.2,7.73,-0.302,0.003,0.963,0,8.735985585598796,,168.57083256203472,-1.0,5.0,52.221421,21.072244,12.0
14695,2026-05-11 20:20:06.100000+00:00,52.221704,21.0698018,92.1,4.67,-0.298,0.0,0.96,0,5.579037201880343,,169.31047675002472,-1.0,5.0,52.221421,21.072244,12.0
14700,2026-05-11 20:20:06.600000+00:00,52.2217026,21.0697973,91.9,1.58,-0.281,-0.001,0.951,0,2.475352266072185,,169.582870631686,-1.0,5.0,52.221421,21.072244,12.0
14705,2026-05-11 20:20:07.100000+00:00,52.2217016,21.0697958,91.9,0.16,-0.164,-0.021,0.969,0,1.0872886330569431,,169.66281108902413,-1.0,5.0,52.221421,21.072244,12.0
14710,2026-05-11 20:20:07.600000+00:00,52.2217008,21.0697947,92.0,0.11,-0.11,-0.035,0.962,0,0.8374246367870674,,169.72013661000267,-1.0,5.0,52.221421,21.072244,12.0
14715,2026-05-11 20:20:08.100000+00:00,52.2217001,21.0697936,92.0,0.08,-0.11,-0.035,0.964,0,0.7779043284772234,,169.77955448505438,-1.0,5.0,52.221421,21.072244,12.0
14720,2026-05-11 20:20:08.600000+00:00,52.2216994,21.0697927,92.1,0.12,-0.111,-0.034,0.971,0,0.713383736079267,,169.82562472746503,-1.0,5.0,52.221421,21.072244,12.0
14725,2026-05-11 20:20:09.100000+00:00,52.2216987,21.0697916,92.1,0.17,-0.109,-0.035,0.967,0,0.777904341354728,,169.8851371275699,-1.0,5.0,52.221421,21.072244,12.0
14730,2026-05-11 20:20:09.600000+00:00,52.2216979,21.0697907,92.2,0.01,-0.108,-0.031,0.97,0,0.7778568332240099,,169.92928427328778,-1.0,5.0,52.221421,21.072244,12.0
14735,2026-05-11 20:20:10.100000+00:00,52.221697,21.0697896,92.2,0.1,-0.111,-0.032,0.969,0,0.900135697428622,,169.98488065477045,-1.0,5.0,52.221421,21.072244,12.0
14740,2026-05-11 20:20:10.600000+00:00,52.2216957,21.069789,92.2,0.1,-0.112,-0.035,0.971,0,1.081586490797632,,169.99905036472666,-1.0,5.0,52.221421,21.072244,12.0
14745,2026-05-11 20:20:11.100000+00:00,52.2216945,21.0697884,92.1,0.04,-0.11,-0.036,0.969,0,1.0047824914849597,,170.01534011069768,-1.0,5.0,52.221421,21.072244,12.0
14750,2026-05-11 20:20:11.600000+00:00,52.2216933,21.0697875,92.1,0.11,-0.108,-0.035,0.97,0,1.0572767056615382,,170.05185197779176,-1.0,5.0,52.221421,21.072244,12.0
14755,2026-05-11 20:20:12.100000+00:00,52.2216923,21.0697867,92.1,0.1,-0.111,-0.032,0.968,0,0.8915806375425023,,170.0857213479754,-1.0,5.0,52.221421,21.072244,12.0
14760,2026-05-11 20:20:12.600000+00:00,52.2216912,21.0697859,92.1,0.15,-0.107,-0.031,0.969,0,0.9641155954665456,,170.11771010960135,-1.0,5.0,52.221421,21.072244,12.0
14765,2026-05-11 20:20:13.100000+00:00,52.2216904,21.0697851,92.1,0.07,-0.107,-0.034,0.97,0,0.7511113907057908,,170.15566727655258,-1.0,5.0,52.221421,21.072244,12.0
14770,2026-05-11 20:20:13.600000+00:00,52.2216895,21.0697845,92.1,0.04,-0.109,-0.035,0.97,0,0.7783182856663571,,170.1783165882449,-1.0,5.0,52.221421,21.072244,12.0
14775,2026-05-11 20:20:14.100000+00:00,52.2216885,21.0697838,92.1,0.05,-0.11,-0.034,0.972,0,0.8711107824854992,,170.20579517499166,-1.0,5.0,52.221421,21.072244,12.0
14780,2026-05-11 20:20:14.600000+00:00,52.2216876,21.0697828,92.1,0.06,-0.111,-0.036,0.969,0,0.8716246311279996,,170.2554146446337,-1.0,5.0,52.221421,21.072244,12.0
14785,2026-05-11 20:20:15.100000+00:00,52.2216866,21.0697818,92.1,0.06,-0.109,-0.027,0.965,0,0.938889260610451,,170.30317724381098,-1.0,5.0,52.221421,21.072244,12.0
14790,2026-05-11 20:20:15.600000+00:00,52.2216855,21.0697809,92.1,0.26,-0.102,-0.026,0.968,0,0.9850948896008164,,170.34239669914294,-1.0,5.0,52.221421,21.072244,12.0
14795,2026-05-11 20:20:16.100000+00:00,52.2216845,21.0697791,92.1,0.68,-0.06,-0.039,0.968,0,1.1917796189835728,,170.44402284820276,-1.0,5.0,52.221421,21.072244,12.0
14800,2026-05-11 20:20:16.600000+00:00,52.2216836,21.0697756,92.0,1.66,-0.04,-0.039,0.973,0,1.861688759219077,,170.66174605793657,-1.0,5.0,52.221421,21.072244,12.0
14805,2026-05-11 20:20:17.100000+00:00,52.2216825,21.0697691,92.0,3.31,-0.014,-0.028,0.972,0,3.307368509545784,,171.07717807017298,-1.0,5.0,52.221421,21.072244,12.0
14810,2026-05-11 20:20:17.600000+00:00,52.2216811,21.069759,91.9,5.34,-0.006,-0.03,0.975,0,5.078829671878999,,171.72892655419224,-1.0,5.0,52.221421,21.072244,12.0
14815,2026-05-11 20:20:18.100000+00:00,52.2216797,21.0697447,91.9,6.85,0.002,-0.035,0.982,0,7.102519885575418,,172.66319258137605,-1.0,5.0,52.221421,21.072244,12.0
14820,2026-05-11 20:20:18.600000+00:00,52.2216782,21.0697272,91.8,8.62,0.012,-0.034,0.977,0,8.666588492010531,,173.8112104918125,-1.0,5.0,52.221421,21.072244,12.0
14825,2026-05-11 20:20:19.100000+00:00,52.2216766,21.0697053,91.8,11.69,0.029,-0.025,0.96,0,10.81710347946026,,175.25392007686366,-1.0,5.0,52.221421,21.072244,12.0
14830,2026-05-11 20:20:19.600000+00:00,52.2216748,21.0696792,91.7,12.99,0.022,-0.035,1.0,0,12.8817668739257,,176.9765047443907,-1.0,5.0,52.221421,21.072244,12.0
14835,2026-05-11 20:20:20.100000+00:00,52.2216716,21.0696465,91.7,16.4,0.035,-0.056,0.978,0,16.24125249582329,,179.12015482960817,-1.0,5.0,52.221421,21.072244,12.0
14840,2026-05-11 20:20:20.600000+00:00,52.2216686,21.0696085,91.8,19.41,0.019,-0.051,0.981,0,18.7914608651742,,181.6267526400356,-1.0,5.0,52.221421,21.072244,12.0
14845,2026-05-11 20:20:21.100000+00:00,52.2216659,21.0695665,91.8,20.87,0.016,-0.037,0.968,0,20.71227031817721,,184.4106366535771,-1.0,5.0,52.221421,21.072244,12.0
14850,2026-05-11 20:20:21.600000+00:00,52.2216632,21.0695219,91.8,21.94,-0.025,-0.027,0.987,0,21.980897115096568,,187.3725970071891,-1.0,5.0,52.221421,21.072244,12.0
14855,2026-05-11 20:20:22.100000+00:00,52.221662,21.0694752,91.9,23.54,-0.025,-0.059,0.961,0,22.924449388582527,,190.50246389661731,-1.0,5.0,52.222015,21.063928,11.0
14860,2026-05-11 20:20:22.600000+00:00,52.2216606,21.0694232,92.0,26.31,-0.032,-0.079,0.956,0,25.52834626843117,,193.9886378724752,-1.0,5.0,52.222015,21.063928,11.0
14865,2026-05-11 20:20:23.100000+00:00,52.2216598,21.0693685,92.0,27.25,-0.043,-0.056,0.982,0,26.835605534729154,,197.6681398360961,-1.0,5.0,52.222015,21.063928,11.0
14870,2026-05-11 20:20:23.600000+00:00,52.2216594,21.0693103,92.0,28.86,-0.034,-0.05,0.971,0,28.546355154622177,,201.59158976780745,-1.0,5.0,52.222015,21.063928,11.0
14875,2026-05-11 20:20:24.100000+00:00,52.2216592,21.069249,92.0,30.67,-0.036,-0.061,0.963,0,30.06540004943073,,205.7289007081521,-1.0,5.0,52.222015,21.063928,11.0
14880,2026-05-11 20:20:24.600000+00:00,52.2216598,21.0691853,92.0,31.3,-0.053,-0.057,0.977,0,31.245761423901847,,210.04114200381343,-1.0,5.0,52.222015,21.063928,11.0
14885,2026-05-11 20:20:25.100000+00:00,52.2216608,21.0691189,91.9,32.99,-0.044,-0.048,0.958,0,32.57613972096363,,214.54251307126097,-1.0,5.0,52.222015,21.063928,11.0
14890,2026-05-11 20:20:25.600000+00:00,52.2216625,21.0690503,91.9,33.81,-0.05,-0.004,0.975,0,33.67282015156698,,219.20309503639183,-1.0,5.0,52.222015,21.063928,11.0
14895,2026-05-11 20:20:26.100000+00:00,52.2216641,21.0689798,91.9,34.83,-0.045,-0.003,0.96,0,34.60088843710804,,223.99148996313588,-1.0,5.0,52.222015,21.063928,11.0
14900,2026-05-11 20:20:26.600000+00:00,52.2216666,21.0689081,92.0,35.9,-0.045,-0.012,0.976,0,35.22262817266962,,228.8736901442764,-1.0,5.0,52.222015,21.063928,11.0
14905,2026-05-11 20:20:27.100000+00:00,52.2216688,21.0688332,92.1,37.16,-0.043,-0.02,0.977,0,36.77737356793229,,233.96883050546,-1.0,5.0,52.222015,21.063928,11.0
14910,2026-05-11 20:20:27.600000+00:00,52.2216712,21.0687561,92.1,38.55,-0.039,-0.005,0.972,0,37.86296045323318,,239.2159493938447,-1.0,5.0,52.222015,21.063928,11.0
14915,2026-05-11 20:20:28.100000+00:00,52.221674,21.0686769,92.1,39.32,-0.036,-0.004,0.977,0,38.90876057059781,,244.61078157692788,-1.0,5.0,52.222015,21.063928,11.0
14920,2026-05-11 20:20:28.600000+00:00,52.2216771,21.0685955,92.2,40.38,-0.037,-0.006,0.974,0,40.00020138887993,,250.1586934190641,-1.0,5.0,52.222015,21.063928,11.0
14925,2026-05-11 20:20:29.100000+00:00,52.2216787,21.0685112,91.9,42.07,-0.033,-0.01,0.96,0,41.36529086589943,,255.88449836303383,-1.0,5.0,52.222015,21.063928,11.0
14930,2026-05-11 20:20:29.600000+00:00,52.2216818,21.0684267,91.8,42.3,-0.059,-0.011,0.987,0,41.51778884533029,,261.6431238020104,-1.0,5.0,52.222015,21.063928,11.0
14935,2026-05-11 20:20:30.100000+00:00,52.2216846,21.0683389,91.7,43.53,-0.054,-0.007,0.971,0,43.12035208692761,,267.6218643293759,-1.0,5.0,52.222015,21.063928,11.0
14940,2026-05-11 20:20:30.600000+00:00,52.2216886,21.0682501,91.8,43.74,-0.068,-0.007,0.97,0,43.670074245844994,,273.68324129075364,-1.0,5.0,52.222015,21.063928,11.0
14945,2026-05-11 20:20:31.100000+00:00,52.2216927,21.06816,91.8,44.7,-0.06,-0.009,0.969,0,44.31182975058773,,279.83402490083046,-1.0,5.0,52.222015,21.063928,11.0
14950,2026-05-11 20:20:31.600000+00:00,52.2216971,21.0680689,91.9,44.9,-0.071,-0.015,0.974,0,44.81918638316985,,284.2787560747632,-1.0,5.0,52.222015,21.063928,11.0
14955,2026-05-11 20:20:32.100000+00:00,52.2217017,21.067976,91.9,45.96,-0.066,-0.026,0.951,0,45.71194553170504,,277.9361723871814,-1.0,5.0,52.222015,21.063928,11.0
14960,2026-05-11 20:20:32.600000+00:00,52.2217066,21.0678819,91.9,46.53,-0.075,-0.024,0.976,0,46.3183225709808,,271.5085803774442,-1.0,5.0,52.222015,21.063928,11.0
14965,2026-05-11 20:20:33.100000+00:00,52.2217124,21.0677869,92.0,46.94,-0.054,-0.017,0.982,0,46.82411416399368,,265.0077205264691,-1.0,5.0,52.222015,21.063928,11.0
14970,2026-05-11 20:20:33.600000+00:00,52.2217181,21.0676906,92.1,47.35,-0.082,-0.017,0.957,0,47.45083331187952,,258.4205777527356,-1.0,5.0,52.222015,21.063928,11.0
14975,2026-05-11 20:20:34.100000+00:00,52.2217246,21.0675944,92.1,47.3,-0.105,-0.008,0.962,0,47.46794994055348,,251.82893680522628,-1.0,5.0,52.222015,21.063928,11.0
14980,2026-05-11 20:20:34.600000+00:00,52.2217309,21.0674981,92.1,47.74,-0.095,-0.004,0.954,0,47.49942400324703,,245.23346653077775,-1.0,5.0,52.222015,21.063928,11.0
14985,2026-05-11 20:20:35.100000+00:00,52.2217385,21.0674028,92.1,47.23,-0.082,-0.017,0.964,0,47.13478659482844,,238.68696860182743,-1.0,5.0,52.222015,21.063928,11.0
14990,2026-05-11 20:20:35.600000+00:00,52.2217461,21.067306,92.2,47.81,-0.086,-0.021,0.99,0,47.86440054833744,,232.039145384243,-1.0,5.0,52.222015,21.063928,11.0
14995,2026-05-11 20:20:36.100000+00:00,52.2217547,21.067209,92.2,48.2,-0.073,-0.016,0.97,0,48.0698163666114,,225.36350329572824,-1.0,5.0,52.222015,21.063928,11.0
15000,2026-05-11 20:20:36.600000+00:00,52.2217635,21.0671111,92.3,49.09,-0.074,-0.021,0.972,0,48.52969352232735,,218.624257894922,-1.0,5.0,52.222015,21.063928,11.0
15005,2026-05-11 20:20:37.100000+00:00,52.2217727,21.0670124,92.3,49.33,-0.074,-0.003,0.946,0,48.96507211258941,,211.82536322565335,-1.0,5.0,52.222015,21.063928,11.0
15010,2026-05-11 20:20:37.600000+00:00,52.2217826,21.0669129,92.4,49.69,-0.089,-0.005,0.964,0,49.43974098973924,,204.96270293912036,-1.0,5.0,52.222015,21.063928,11.0
15015,2026-05-11 20:20:38.100000+00:00,52.2217927,21.0668144,92.5,49.12,-0.121,-0.002,0.975,0,48.981860584205606,,198.1651293631464,-1.0,5.0,52.222015,21.063928,11.0
15020,2026-05-11 20:20:38.600000+00:00,52.2218029,21.0667167,92.5,48.81,-0.127,-0.005,0.963,0,48.608298387061446,,191.42065452711077,-1.0,5.0,52.222015,21.063928,11.0
15025,2026-05-11 20:20:39.100000+00:00,52.2218134,21.0666194,92.6,48.3,-0.116,0.003,0.947,0,48.45599475180273,,184.6996627062754,-1.0,5.0,52.222015,21.063928,11.0
15030,2026-05-11 20:20:39.600000+00:00,52.2218241,21.0665228,92.7,47.93,-0.116,0.01,0.989,0,48.14613970276536,,178.02404220186418,-1.0,5.0,52.222015,21.063928,11.0
15035,2026-05-11 20:20:40.100000+00:00,52.2218349,21.0664262,92.7,48.3,-0.089,-0.007,0.942,0,48.1604376912659,,171.3480082966031,-1.0,5.0,52.222015,21.063928,11.0
15040,2026-05-11 20:20:40.600000+00:00,52.2218456,21.0663303,92.6,47.88,-0.101,0.003,0.978,0,47.80831615930287,,164.72166663392747,-1.0,5.0,52.222015,21.063928,11.0
15045,2026-05-11 20:20:41.100000+00:00,52.2218566,21.0662339,92.5,48.15,-0.095,-0.013,0.952,0,48.092984271835945,,158.05890926163272,-1.0,5.0,52.222015,21.063928,11.0
15050,2026-05-11 20:20:41.600000+00:00,52.2218687,21.0661389,92.3,48.09,-0.105,-0.016,0.97,0,47.58954108103391,,151.47925621405705,-1.0,5.0,52.222015,21.063928,11.0
15055,2026-05-11 20:20:42.100000+00:00,52.221881,21.0660438,92.3,47.97,-0.117,-0.006,0.96,0,47.670367140504254,,144.89327239258134,-1.0,5.0,52.222015,21.063928,11.0
15060,2026-05-11 20:20:42.600000+00:00,52.2218941,21.0659501,92.2,47.44,-0.124,0.004,0.963,0,47.13710052250055,,138.39686205750564,-1.0,5.0,52.222015,21.063928,11.0
15065,2026-05-11 20:20:43.100000+00:00,52.2219072,21.0658571,92.1,46.99,-0.133,0.011,0.976,0,46.802437956223606,,131.95292514583272,-1.0,5.0,52.222015,21.063928,11.0
15070,2026-05-11 20:20:43.600000+00:00,52.2219202,21.0657639,92.1,47.06,-0.118,0.008,0.97,0,46.88018705360105,,125.50216603921366,-1.0,5.0,52.222015,21.063928,11.0
15075,2026-05-11 20:20:44.100000+00:00,52.2219333,21.0656716,92.0,46.56,-0.12,0.0,0.95,0,46.4678891594682,,119.11826241815196,-1.0,5.0,52.222015,21.063928,11.0
15080,2026-05-11 20:20:44.600000+00:00,52.2219464,21.0655795,92.0,46.16,-0.122,0.003,0.967,0,46.37232188817398,,112.75592206219684,-1.0,5.0,52.222015,21.063928,11.0
15085,2026-05-11 20:20:45.100000+00:00,52.2219597,21.0654883,92.0,46.0,-0.125,-0.003,0.948,0,45.97926424843639,,106.46291839371428,-1.0,5.0,52.222015,21.063928,11.0
15090,2026-05-11 20:20:45.600000+00:00,52.2219737,21.0653981,92.0,45.58,-0.123,0.009,0.97,0,45.63667025014757,,100.2461372603105,-1.0,5.0,52.222015,21.063928,11.0
15095,2026-05-11 20:20:46.100000+00:00,52.2219874,21.0653086,91.9,45.6,-0.118,0.016,0.985,0,45.245110249984585,,94.09434144091976,-1.0,5.0,52.222015,21.063928,11.0
15100,2026-05-11 20:20:46.600000+00:00,52.2220014,21.0652199,91.9,44.9,-0.117,0.006,0.971,0,44.92386118311075,,88.01515471354311,-1.0,5.0,52.222015,21.063928,11.0
15105,2026-05-11 20:20:47.100000+00:00,52.2220155,21.0651315,91.9,45.01,-0.108,0.006,0.933,0,44.80148587458793,,81.98050141569186,-1.0,5.0,52.222015,21.063928,11.0
15110,2026-05-11 20:20:47.600000+00:00,52.2220299,21.0650447,91.8,44.29,-0.128,0.023,0.968,0,44.10468273534601,11.0,76.08583494574913,-1.0,5.0,52.222015,21.063928,11.0
15115,2026-05-11 20:20:48.100000+00:00,52.2220441,21.0649589,91.7,43.86,-0.114,0.019,0.984,0,43.58942266334925,11.0,70.29773585040701,-1.0,5.0,52.222015,21.063928,11.0
15120,2026-05-11 20:20:48.600000+00:00,52.2220585,21.0648735,91.6,43.53,-0.113,0.011,0.948,0,43.442266933673466,11.0,64.58728349405881,-1.0,5.0,52.222015,21.063928,11.0
15125,2026-05-11 20:20:49.100000+00:00,52.2220727,21.0647901,91.5,42.0,-0.183,0.033,0.948,0,42.4541608986891,11.0,59.07427196404671,-1.0,5.0,52.222015,21.063928,11.0
15130,2026-05-11 20:20:49.600000+00:00,52.2220866,21.0647094,91.4,40.72,-0.185,0.027,0.975,0,41.114158725532434,11.0,53.81980090596222,-1.0,5.0,52.222015,21.063928,11.0
15135,2026-05-11 20:20:50.100000+00:00,52.2220996,21.0646317,91.4,39.07,-0.188,0.026,0.946,0,39.50378984853852,11.0,48.849203816748926,-1.0,5.0,52.222015,21.063928,11.0
15140,2026-05-11 20:20:50.600000+00:00,52.2221136,21.064558,91.3,37.09,-0.222,-0.047,0.943,0,37.84418085953277,11.0,44.29292212386024,-1.0,5.0,52.222015,21.063928,11.0
15145,2026-05-11 20:20:51.100000+00:00,52.2221337,21.0644912,91.1,35.25,-0.235,-0.06,0.984,0,36.500883844388646,11.0,40.571211190338616,-1.0,5.0,52.222015,21.063928,11.0
15150,2026-05-11 20:20:51.600000+00:00,52.2221515,21.0644263,91.1,34.42,-0.192,-0.042,0.948,0,34.87477218514699,11.0,37.18232647896071,-1.0,5.0,52.222015,21.063928,11.0
15155,2026-05-11 20:20:52.100000+00:00,52.2221685,21.0643629,91.1,33.9,-0.17,-0.039,0.957,0,33.94277746898579,11.0,34.18991243165471,-1.0,5.0,52.222015,21.063928,11.0
15160,2026-05-11 20:20:52.600000+00:00,52.222186,21.0643016,91.1,32.94,-0.165,0.006,0.948,0,33.168921737976504,11.0,31.76783764897854,-1.0,5.0,52.222015,21.063928,11.0
15165,2026-05-11 20:20:53.100000+00:00,52.222203,21.0642436,91.0,31.1,-0.178,0.057,0.98,0,31.53444423098716,11.0,29.986219074254283,-1.0,5.0,52.222015,21.063928,11.0
15170,2026-05-11 20:20:53.600000+00:00,52.2222189,21.0641884,90.9,29.07,-0.195,0.056,0.953,0,29.916249773625363,11.0,28.786890774495625,-1.0,5.0,52.222015,21.063928,11.0
15175,2026-05-11 20:20:54.100000+00:00,52.2222339,21.0641363,91.0,27.48,-0.206,0.042,0.957,0,28.23375608679745,11.0,28.17431052208167,-1.0,5.0,52.222015,21.063928,11.0
15180,2026-05-11 20:20:54.600000+00:00,52.2222466,21.0640879,90.8,25.55,-0.179,0.04,0.957,0,25.82369877253325,11.0,27.96143356326161,-1.0,5.0,52.222015,21.063928,11.0
15185,2026-05-11 20:20:55.100000+00:00,52.2222571,21.0640394,90.7,24.38,-0.182,0.008,0.941,0,25.22853673528716,11.0,27.969366039336983,-1.0,5.0,52.222015,21.063928,11.0
15190,2026-05-11 20:20:55.600000+00:00,52.222266,21.0639938,90.7,23.04,-0.174,0.011,0.973,0,23.472154373074048,11.0,28.26754175125347,-1.0,5.0,52.222015,21.063928,11.0
15195,2026-05-11 20:20:56.100000+00:00,52.2222745,21.0639524,90.6,21.09,-0.22,0.0,0.954,0,21.414646918449137,11.0,28.902912734590387,-1.0,5.0,52.222015,21.063928,11.0
15200,2026-05-11 20:20:56.600000+00:00,52.222282,21.0639144,90.4,18.98,-0.231,-0.01,0.947,0,19.58047822663529,11.0,29.70349555411629,-1.0,5.0,52.222015,21.063928,11.0
15205,2026-05-11 20:20:57.100000+00:00,52.2222904,21.0638811,90.4,16.73,-0.237,-0.002,0.983,0,17.662379648686233,11.0,30.78927703563128,-1.0,5.0,52.222015,21.063928,11.0
15210,2026-05-11 20:20:57.600000+00:00,52.2222966,21.0638528,90.3,13.8,-0.291,-0.001,0.935,0,14.740598771751875,11.0,31.72872491007004,-1.0,5.0,52.222015,21.063928,11.0
15215,2026-05-11 20:20:58.100000+00:00,52.2223011,21.0638307,90.3,10.31,-0.302,0.014,0.957,0,11.42199379256147,11.0,32.49596337406438,-1.0,5.0,52.222015,21.063928,11.0
15220,2026-05-11 20:20:58.600000+00:00,52.2223041,21.0638152,90.3,6.83,-0.304,0.005,0.938,0,7.972360818283557,11.0,33.051991732406904,-1.0,5.0,52.222015,21.063928,11.0
15225,2026-05-11 20:20:59.100000+00:00,52.2223054,21.0638052,90.4,3.84,-0.292,0.007,0.951,0,5.013708742934217,11.0,33.35687110277646,-1.0,5.0,52.222015,21.063928,11.0
15230,2026-05-11 20:20:59.600000+00:00,52.222306,21.0638024,90.4,0.61,-0.249,0.003,0.958,0,1.4548486578033362,11.0,33.469707005682395,-1.0,5.0,52.222015,21.063928,11.0
15235,2026-05-11 20:21:00.100000+00:00,52.2223059,21.0638022,90.4,0.15,-0.109,-0.03,0.961,0,0.126614676403292,11.0,33.46244329605117,-1.0,5.0,52.222015,21.063928,11.0
15240,2026-05-11 20:21:00.600000+00:00,52.2223057,21.0638019,90.4,0.27,-0.108,-0.029,0.974,0,0.2174563747192792,11.0,33.446188813136274,-1.0,5.0,52.222015,21.063928,11.0
15245,2026-05-11 20:21:01.100000+00:00,52.2223055,21.0638015,90.4,0.04,-0.101,-0.027,0.971,0,0.2532293519927105,11.0,33.43170879591832,-1.0,5.0,52.222015,21.063928,11.0
15250,2026-05-11 20:21:01.600000+00:00,52.2223054,21.0638013,90.4,0.21,-0.102,-0.03,0.968,0,0.1266146708184932,11.0,33.42448031411128,-1.0,5.0,52.222015,21.063928,11.0
15255,2026-05-11 20:21:02.100000+00:00,52.2223053,21.0638009,90.4,0.08,-0.103,-0.029,0.969,0,0.2118870632702749,11.0,33.42078620012713,-1.0,5.0,52.222015,21.063928,11.0
15260,2026-05-11 20:21:02.600000+00:00,52.2223052,21.0638004,90.5,0.14,-0.103,-0.028,0.971,0,0.2579627194549254,11.0,33.41888862489137,-1.0,5.0,52.222015,21.063928,11.0
15265,2026-05-11 20:21:03.100000+00:00,52.2223049,21.0637995,90.5,0.12,-0.103,-0.028,0.971,0,0.5025183395681561,11.0,33.40269224747156,-1.0,5.0,52.222015,21.063928,11.0
15270,2026-05-11 20:21:03.600000+00:00,52.2223047,21.0637989,90.5,0.09,-0.105,-0.027,0.969,0,0.3350122236750233,11.0,33.391971344283306,-1.0,5.0,52.222015,21.063928,11.0
15275,2026-05-11 20:21:04.100000+00:00,52.2223044,21.0637984,90.5,0.08,-0.103,-0.028,0.97,0,0.3432521526468723,11.0,33.36878622135048,-1.0,5.0,52.222015,21.063928,11.0
15280,2026-05-11 20:21:04.600000+00:00,52.2223039,21.0637974,90.6,0.22,-0.102,-0.029,0.968,0,0.6330733901738489,11.0,33.33328822846018,-1.0,5.0,52.222015,21.063928,11.0
15285,2026-05-11 20:21:05.100000+00:00,52.2223034,21.0637963,90.7,0.25,-0.103,-0.028,0.971,0,0.6717852411802087,11.0,33.29981907144258,-1.0,5.0,52.222015,21.063928,11.0
15290,2026-05-11 20:21:05.600000+00:00,52.222303,21.0637955,90.8,0.07,-0.103,-0.027,0.973,0,0.5064587192047494,11.0,33.271729193870016,-1.0,5.0,52.222015,21.063928,11.0
15295,2026-05-11 20:21:06.100000+00:00,52.2223026,21.0637944,90.9,0.29,-0.103,-0.03,0.97,0,0.6273822535230132,11.0,33.249351940713744,-1.0,5.0,52.222015,21.063928,11.0
15300,2026-05-11 20:21:06.600000+00:00,52.222302,21.0637938,91.0,0.14,-0.103,-0.03,0.968,0,0.5633314254068169,11.0,33.19641930046843,-1.0,5.0,52.222015,21.063928,11.0
15305,2026-05-11 20:21:07.100000+00:00,52.2223015,21.0637935,91.0,0.08,-0.102,-0.033,0.972,0,0.4264857824230657,11.0,33.148617258998456,-1.0,5.0,52.222015,21.063928,11.0
15310,2026-05-11 20:21:07.600000+00:00,52.2223012,21.0637932,91.0,0.02,-0.101,-0.034,0.97,0,0.2816657143476455,11.0,33.122218929918056,-1.0,5.0,52.222015,21.063928,11.0
15315,2026-05-11 20:21:08.100000+00:00,52.2223007,21.0637927,91.0,0.18,-0.102,-0.029,0.969,0,0.4694428595758599,11.0,33.078277711486784,-1.0,5.0,52.222015,21.063928,11.0
15320,2026-05-11 20:21:08.600000+00:00,52.2223007,21.0637928,91.0,0.23,-0.105,-0.029,0.969,0,0.0490449261660624,11.0,33.07638042546622,-1.0,5.0,52.222015,21.063928,11.0
15325,2026-05-11 20:21:09.100000+00:00,52.2223006,21.0637927,91.0,0.04,-0.1,-0.031,0.971,0,0.0938885706771291,11.0,33.06759869474385,-1.0,5.0,52.222015,21.063928,11.0
15330,2026-05-11 20:21:09.600000+00:00,52.2223005,21.0637915,91.0,0.76,-0.044,-0.048,0.969,0,0.5939595462745035,11.0,33.07980302272163,-1.0,5.0,52.222015,21.063928,11.0
15335,2026-05-11 20:21:10.100000+00:00,52.2223009,21.0637876,91.0,2.28,-0.028,-0.045,0.978,0,1.939374936087529,11.0,33.19804555665057,-1.0,5.0,52.222015,21.063928,11.0
15340,2026-05-11 20:21:10.600000+00:00,52.2223019,21.063781,91.1,3.42,-0.018,-0.039,0.98,0,3.334502754068422,11.0,33.436417325738795,-1.0,5.0,52.222015,21.063928,11.0
15345,2026-05-11 20:21:11.100000+00:00,52.2223032,21.0637714,91.1,5.2,-0.003,-0.041,0.976,0,4.821974758274439,11.0,33.775164503262594,-1.0,5.0,52.222015,21.063928,11.0
15350,2026-05-11 20:21:11.600000+00:00,52.2223047,21.0637581,91.0,7.43,0.003,-0.039,0.974,0,6.632599144690698,11.0,34.229067668963886,-1.0,5.0,52.222015,21.063928,11.0
15355,2026-05-11 20:21:12.100000+00:00,52.2223069,21.0637417,91.0,9.25,0.013,-0.04,0.973,0,8.23395566447407,11.0,34.85047116667137,-1.0,5.0,52.222015,21.063928,11.0
15360,2026-05-11 20:21:12.600000+00:00,52.2223094,21.0637205,90.9,11.58,0.014,-0.044,0.98,0,10.588414001972913,11.0,35.65692561281781,-1.0,5.0,52.222015,21.063928,11.0
15365,2026-05-11 20:21:13.100000+00:00,52.2223123,21.0636948,90.9,13.46,0.022,-0.035,0.98,0,12.81659189954974,11.0,36.67677971417047,-1.0,5.0,52.222015,21.063928,11.0
15370,2026-05-11 20:21:13.600000+00:00,52.2223154,21.0636646,90.8,16.08,0.025,-0.058,0.967,0,15.01805865733832,11.0,37.916809406465816,-1.0,5.0,52.222015,21.063928,11.0
15375,2026-05-11 20:21:14.100000+00:00,52.2223192,21.0636289,90.9,18.21,0.019,-0.079,0.993,0,17.771374355598372,11.0,39.48759096954288,-1.0,5.0,52.222015,21.063928,11.0
15380,2026-05-11 20:21:14.600000+00:00,52.2223236,21.0635885,90.9,20.86,0.028,-0.046,0.972,0,20.12484218799308,11.0,41.38018221825045,-1.0,5.0,52.222015,21.063928,11.0
15385,2026-05-11 20:21:15.100000+00:00,52.2223284,21.0635443,90.7,22.84,0.005,-0.078,0.956,0,22.01583088577947,11.0,43.5609525457666,-1.0,5.0,52.222015,21.063928,11.0
15390,2026-05-11 20:21:15.600000+00:00,52.2223344,21.0634966,90.7,24.13,-0.025,-0.064,0.981,0,23.882490445420817,11.0,46.09673464225863,-1.0,5.0,52.222015,21.063928,11.0
15395,2026-05-11 20:21:16.100000+00:00,52.2223412,21.0634461,90.6,25.59,-0.037,-0.035,0.997,0,25.358934936873105,11.0,48.92031606616722,-1.0,5.0,52.222015,21.063928,11.0
15400,2026-05-11 20:21:16.600000+00:00,52.2223493,21.063393,90.6,26.74,-0.035,-0.088,0.969,0,26.838083705633952,11.0,52.05669057365965,-1.0,5.0,52.222015,21.063928,11.0
15405,2026-05-11 20:21:17.100000+00:00,52.2223591,21.0633383,90.6,28.65,-0.038,-0.059,0.945,0,27.95130368135535,11.0,55.47579084504075,-1.0,5.0,52.222015,21.063928,11.0
15410,2026-05-11 20:21:17.600000+00:00,52.2223705,21.0632818,90.5,30.31,-0.037,-0.075,0.947,0,29.17469862829909,11.0,59.16234251131681,-1.0,5.0,52.222015,21.063928,11.0
15415,2026-05-11 20:21:18.100000+00:00,52.2223838,21.0632238,90.3,30.97,-0.046,-0.051,1.005,0,30.37360412678189,11.0,63.10876010767265,-1.0,5.0,52.222015,21.063928,11.0
15420,2026-05-11 20:21:18.600000+00:00,52.2223977,21.0631637,90.3,31.69,-0.043,-0.02,0.964,0,31.506699229324607,11.0,67.24127484955494,-1.0,5.0,52.222015,21.063928,11.0
15425,2026-05-11 20:21:19.100000+00:00,52.222412,21.0631019,90.2,32.59,-0.04,0.016,0.979,0,32.39982421001183,11.0,71.52135541211076,-1.0,5.0,52.222015,21.063928,11.0
15430,2026-05-11 20:21:19.600000+00:00,52.2224276,21.0630404,90.6,33.8,-0.038,0.008,0.97,0,32.64605322824149,11.0,75.89789509212021,-1.0,5.0,52.222015,21.063928,11.0
15435,2026-05-11 20:21:20.100000+00:00,52.2224416,21.0629736,90.8,35.23,-0.044,-0.001,0.977,0,34.6261775079349,,80.47791882217388,-1.0,5.0,52.222015,21.063928,11.0
15440,2026-05-11 20:21:20.600000+00:00,52.2224562,21.0629048,90.8,35.8,-0.044,-0.007,0.977,0,35.71000691265149,,85.233039189155,-1.0,5.0,52.222015,21.063928,11.0
15445,2026-05-11 20:21:21.100000+00:00,52.2224709,21.0628333,90.8,37.03,-0.045,-0.016,0.966,0,36.989192217914095,,90.16854684029654,-1.0,5.0,52.222015,21.063928,11.0
15450,2026-05-11 20:21:21.600000+00:00,52.2224864,21.0627602,90.8,38.12,-0.042,-0.019,0.962,0,37.93858509923125,,95.2653856356978,-1.0,5.0,52.222015,21.063928,11.0
15455,2026-05-11 20:21:22.100000+00:00,52.2225037,21.0626876,91.0,38.91,-0.044,-0.015,0.974,0,38.20542759225149,,100.45947541282231,-1.0,5.0,52.222015,21.063928,11.0
15460,2026-05-11 20:21:22.600000+00:00,52.2225219,21.0626136,91.4,39.81,-0.042,-0.014,0.979,0,39.10883021026448,,105.79873106062932,-1.0,5.0,52.222015,21.063928,11.0
15465,2026-05-11 20:21:23.100000+00:00,52.2225401,21.0625371,91.5,41.13,-0.04,-0.02,0.952,0,40.24924763494614,,111.29189286218345,-1.0,5.0,52.222015,21.063928,11.0
15470,2026-05-11 20:21:23.600000+00:00,52.2225582,21.0624563,91.6,42.23,-0.043,-0.017,0.98,0,42.19444783696216,,117.03929906526186,-1.0,5.0,52.222015,21.063928,11.0
15475,2026-05-11 20:21:24.100000+00:00,52.2225771,21.0623731,91.8,43.17,-0.059,-0.012,0.975,0,43.52032057773224,,122.98338465194723,-1.0,5.0,52.222015,21.063928,11.0
15480,2026-05-11 20:21:24.600000+00:00,52.222596,21.0622896,91.8,43.97,-0.056,-0.02,0.964,0,43.65828855939737,,128.954490710068,-1.0,5.0,52.222015,21.063928,11.0
15485,2026-05-11 20:21:25.100000+00:00,52.2226152,21.0622044,91.8,44.38,-0.066,-0.018,0.969,0,44.523641096074925,,135.05100428751277,-1.0,5.0,52.222015,21.063928,11.0
15490,2026-05-11 20:21:25.600000+00:00,52.2226355,21.0621192,91.8,44.76,-0.062,-0.026,0.967,0,44.83528780384599,,141.2148344274529,-1.0,5.0,52.222015,21.063928,11.0
15495,2026-05-11 20:21:26.100000+00:00,52.222657,21.0620338,91.7,45.36,-0.066,-0.015,0.963,0,45.28310228894996,,147.4604593140625,-1.0,5.0,52.222015,21.063928,11.0
15500,2026-05-11 20:21:26.600000+00:00,52.222679,21.0619475,91.6,46.16,-0.07,-0.014,0.955,0,45.84396086116179,,153.79011472060307,-1.0,5.0,52.222015,21.063928,11.0
15505,2026-05-11 20:21:27.100000+00:00,52.2227011,21.0618601,91.6,46.2,-0.111,0.003,0.975,0,46.3729758622216,,160.19392687039976,-1.0,5.0,52.222015,21.063928,11.0
15510,2026-05-11 20:21:27.600000+00:00,52.2227237,21.0617745,91.6,45.56,-0.116,0.0,0.945,0,45.71513660748321,,166.51884355382296,-1.0,5.0,52.222015,21.063928,11.0
15515,2026-05-11 20:21:28.100000+00:00,52.2227462,21.0616889,91.6,45.28,-0.124,0.0,0.972,0,45.683489011061496,,172.84031715900107,-1.0,5.0,52.222015,21.063928,11.0
15520,2026-05-11 20:21:28.600000+00:00,52.2227687,21.0616048,91.5,44.94,-0.118,-0.008,0.962,0,45.00834438634518,,179.07314457140936,-1.0,5.0,52.222015,21.063928,11.0
15525,2026-05-11 20:21:29.100000+00:00,52.2227917,21.0615208,91.5,45.03,-0.128,-0.004,0.965,0,45.12524679182714,,185.32707902555345,-1.0,5.0,52.222015,21.063928,11.0
15530,2026-05-11 20:21:29.600000+00:00,52.2228151,21.0614377,91.5,44.81,-0.126,-0.023,0.963,0,44.855416496387,,191.54824461855023,-1.0,5.0,52.222015,21.063928,11.0
15535,2026-05-11 20:21:30.100000+00:00,52.2228393,21.0613566,91.4,44.38,-0.123,-0.014,0.949,0,44.24277311198558,,197.69044292652683,-1.0,5.0,52.222015,21.063928,11.0
15540,2026-05-11 20:21:30.600000+00:00,52.2228632,21.0612755,91.4,43.77,-0.136,0.001,0.995,0,44.13810282141728,,203.81735928685407,-1.0,5.0,52.222015,21.063928,11.0
15545,2026-05-11 20:21:31.100000+00:00,52.2228871,21.0611944,91.5,43.68,-0.11,-0.003,0.95,0,44.13808353176137,,209.94447031168716,-1.0,5.0,52.222015,21.063928,11.0
15550,2026-05-11 20:21:31.600000+00:00,52.2229116,21.0611147,91.5,43.46,-0.122,0.008,0.975,0,43.73366360731594,,216.017924105148,-1.0,5.0,52.222015,21.063928,11.0
15555,2026-05-11 20:21:32.100000+00:00,52.222937,21.0610364,91.7,42.89,-0.121,0.001,0.966,0,43.45355378485553,,222.0529830432987,-1.0,5.0,52.222015,21.063928,11.0
15560,2026-05-11 20:21:32.600000+00:00,52.2229615,21.0609589,91.6,42.98,-0.121,0.005,0.968,0,42.77199797683858,,227.9935032365156,-1.0,5.0,52.222015,21.063928,11.0
15565,2026-05-11 20:21:33.100000+00:00,52.2229863,21.0608835,91.7,41.5,-0.164,0.009,0.963,0,41.97248258841204,,233.82253819925296,-1.0,5.0,52.222015,21.063928,11.0
15570,2026-05-11 20:21:33.600000+00:00,52.2230101,21.0608104,91.7,39.71,-0.176,0.03,0.954,0,40.60028123343391,,239.4612720549622,-1.0,5.0,52.222015,21.063928,11.0
15575,2026-05-11 20:21:34.100000+00:00,52.2230333,21.0607395,91.7,38.91,-0.165,0.025,0.958,0,39.42214465465735,,244.93628679574053,-1.0,5.0,52.222015,21.063928,11.0
15580,2026-05-11 20:21:34.600000+00:00,52.2230551,21.0606705,91.8,37.45,-0.209,0.034,0.944,0,38.07607502420677,,250.22458093399305,-1.0,5.0,52.222015,21.063928,11.0
15585,2026-05-11 20:21:35.100000+00:00,52.2230759,21.0606065,91.9,34.41,-0.238,0.04,0.954,0,35.53206069324101,,255.15945954468376,-1.0,5.0,52.222015,21.063928,11.0
15590,2026-05-11 20:21:35.600000+00:00,52.2230949,21.0605472,92.0,31.28,-0.246,0.045,0.969,0,32.82098372416264,,259.7179256518366,-1.0,5.0,52.222015,21.063928,11.0
15595,2026-05-11 20:21:36.100000+00:00,52.2231135,21.0604915,92.1,30.47,-0.149,0.016,0.966,0,31.112633711057395,,264.0383997125601,-1.0,5.0,52.222015,21.063928,11.0
15600,2026-05-11 20:21:36.600000+00:00,52.2231318,21.0604374,92.1,29.96,-0.138,0.0,0.946,0,30.309128620382584,,268.24684672597533,-1.0,5.0,52.222015,21.063928,11.0
15605,2026-05-11 20:21:37.100000+00:00,52.2231501,21.0603871,92.3,27.78,-0.218,0.029,0.953,0,28.691794859668818,,272.22595860902527,-1.0,5.0,52.222015,21.063928,11.0
15610,2026-05-11 20:21:37.600000+00:00,52.2231669,21.0603407,92.4,25.98,-0.214,0.031,0.957,0,26.434073302822934,,275.89251237895576,-1.0,5.0,52.222015,21.063928,11.0
15615,2026-05-11 20:21:38.100000+00:00,52.2231824,21.0602981,92.4,23.8,-0.228,0.047,0.965,0,24.300166864706068,,279.2628198585748,-1.0,5.0,52.222015,21.063928,11.0
15620,2026-05-11 20:21:38.600000+00:00,52.2231965,21.0602597,92.3,20.92,-0.269,0.065,0.945,0,21.9569487294938,,282.3075709065207,-1.0,5.0,52.222015,21.063928,11.0
15625,2026-05-11 20:21:39.100000+00:00,52.2232088,21.060227,92.2,18.1,-0.243,0.049,0.961,0,18.81937322334505,,284.91562296849844,-1.0,5.0,52.222015,21.063928,11.0
15630,2026-05-11 20:21:39.600000+00:00,52.2232191,21.0601989,92.2,14.95,-0.28,0.055,0.953,0,16.060056830887977,,287.1428908093582,-1.0,5.0,52.222015,21.063928,11.0
15635,2026-05-11 20:21:40.100000+00:00,52.2232269,21.0601762,92.2,11.39,-0.274,0.069,0.943,0,12.764768642288978,,288.91517383489884,-1.0,5.0,52.222015,21.063928,11.0
15640,2026-05-11 20:21:40.600000+00:00,52.2232326,21.0601576,92.3,9.01,-0.265,0.056,0.967,0,10.19994523904334,,290.3315111867845,-1.0,5.0,52.222015,21.063928,11.0
15645,2026-05-11 20:21:41.100000+00:00,52.2232365,21.060143,92.4,6.66,-0.211,0.042,0.958,0,7.811564660912194,,291.41349938642304,-1.0,5.0,52.222015,21.063928,11.0
15650,2026-05-11 20:21:41.600000+00:00,52.2232398,21.0601323,92.4,5.18,-0.181,0.032,0.968,0,5.875239136920806,,292.2293666419535,-1.0,5.0,52.222015,21.063928,11.0
15655,2026-05-11 20:21:42.100000+00:00,52.2232422,21.060124,92.5,3.75,-0.171,0.037,0.964,0,4.501343705869449,,292.85395581530764,-1.0,5.0,52.222015,21.063928,11.0
15660,2026-05-11 20:21:42.600000+00:00,52.2232435,21.0601185,92.6,1.74,-0.192,0.036,0.961,0,2.8912407316096105,,293.2528011616509,-1.0,5.0,52.222015,21.063928,11.0
15665,2026-05-11 20:21:43.100000+00:00,52.2232437,21.0601158,92.7,0.19,-0.195,0.042,0.96,0,1.3338306578842472,,293.42591192321845,-1.0,5.0,52.222015,21.063928,11.0
15670,2026-05-11 20:21:43.600000+00:00,52.2232432,21.0601148,92.8,0.36,-0.098,0.019,0.964,0,0.633065352159969,,293.4603199134113,-1.0,5.0,52.222015,21.063928,11.0
15675,2026-05-11 20:21:44.100000+00:00,52.223243,21.0601136,92.9,0.14,-0.095,0.015,0.977,0,0.6099198449511519,,293.52232654282983,-1.0,5.0,52.222015,21.063928,11.0
15680,2026-05-11 20:21:44.600000+00:00,52.2232428,21.0601123,93.1,0.09,-0.093,0.015,0.972,0,0.6573695961376981,,293.59037494547385,-1.0,5.0,52.222015,21.063928,11.0
15685,2026-05-11 20:21:45.100000+00:00,52.2232425,21.0601109,93.3,0.14,-0.093,0.014,0.975,0,0.7274106534222532,,293.659298877264,-1.0,5.0,52.222015,21.063928,11.0
15690,2026-05-11 20:21:45.600000+00:00,52.2232423,21.0601098,93.5,0.1,-0.091,0.012,0.976,0,0.5627435163929061,,293.71531148439846,-1.0,5.0,52.222015,21.063928,11.0
15695,2026-05-11 20:21:46.100000+00:00,52.2232419,21.0601082,93.8,0.17,-0.091,0.015,0.973,0,0.8475329216197284,,293.7911696500907,-1.0,5.0,52.222015,21.063928,11.0
15700,2026-05-11 20:21:46.600000+00:00,52.2232414,21.0601058,94.0,0.08,-0.09,0.015,0.972,0,1.2432601880076843,,293.9101674270548,-1.0,5.0,52.222015,21.063928,11.0
15705,2026-05-11 20:21:47.100000+00:00,52.2232409,21.0601039,94.2,0.0,-0.092,0.013,0.972,0,1.0141774025586026,,293.99904144732034,-1.0,5.0,52.222015,21.063928,11.0
15710,2026-05-11 20:21:47.600000+00:00,52.2232408,21.060103,94.5,0.14,-0.091,0.015,0.974,0,0.4485969161827536,,294.04820645385706,-1.0,5.0,52.222015,21.063928,11.0
15715,2026-05-11 20:21:48.100000+00:00,52.2232406,21.060102,94.7,0.06,-0.088,0.014,0.975,0,0.5159156206907091,,294.0982600947322,-1.0,5.0,52.222015,21.063928,11.0
15720,2026-05-11 20:21:48.600000+00:00,52.2232404,21.0601011,94.9,0.1,-0.09,0.015,0.974,0,0.4695403840051248,,294.1422858628884,-1.0,5.0,52.222015,21.063928,11.0
15725,2026-05-11 20:21:49.100000+00:00,52.2232404,21.0601007,95.1,0.08,-0.087,0.018,0.971,0,0.1961755517464087,,294.1664333134325,-1.0,5.0,52.222015,21.063928,11.0
15730,2026-05-11 20:21:49.600000+00:00,52.2232406,21.0601011,95.4,0.08,-0.096,0.011,0.971,0,0.2532261491091476,,294.1525879744429,-1.0,5.0,52.222015,21.063928,11.0
15735,2026-05-11 20:21:50.100000+00:00,52.2232407,21.0601012,95.8,0.16,-0.096,0.004,0.972,0,0.093888031895955,,294.1517030650611,-1.0,5.0,52.222015,21.063928,11.0
15740,2026-05-11 20:21:50.600000+00:00,52.2232409,21.0601015,96.1,0.15,-0.099,0.003,0.975,0,0.2174542786071732,,294.14389882434784,-1.0,5.0,52.222015,21.063928,11.0
15745,2026-05-11 20:21:51.100000+00:00,52.2232409,21.0601017,96.3,0.13,-0.093,0.006,0.97,0,0.098087775548694,,294.13182663043733,-1.0,5.0,52.222015,21.063928,11.0
15750,2026-05-11 20:21:51.600000+00:00,52.2232408,21.0601015,96.6,0.04,-0.096,0.004,0.972,0,0.126613077780107,,294.1387461898773,-1.0,5.0,52.222015,21.063928,11.0
15755,2026-05-11 20:21:52.100000+00:00,52.223241,21.0601018,96.8,0.18,-0.093,0.004,0.972,0,0.2174542794384115,,294.13094386581383,-1.0,5.0,52.222015,21.063928,11.0
15760,2026-05-11 20:21:52.600000+00:00,52.2232411,21.0601023,97.0,0.02,-0.093,0.006,0.974,0,0.2579578085568965,,294.1059188135284,-1.0,5.0,52.222015,21.063928,11.0
15765,2026-05-11 20:21:53.100000+00:00,52.2232412,21.0601024,97.1,0.06,-0.094,0.003,0.972,0,0.0938880237369596,,294.1050377583299,-1.0,5.0,52.222015,21.063928,11.0
15770,2026-05-11 20:21:53.600000+00:00,52.2232413,21.0601027,97.3,0.19,-0.096,0.006,0.974,0,0.1675033888706124,,294.09208660985144,-1.0,5.0,52.222015,21.063928,11.0
15775,2026-05-11 20:21:54.100000+00:00,52.2232412,21.0601028,97.4,0.15,-0.096,0.003,0.972,0,0.0938880315498008,,294.0808959961168,-1.0,5.0,52.222015,21.063928,11.0
15780,2026-05-11 20:21:54.600000+00:00,52.2232414,21.0601034,97.5,0.04,-0.095,0.006,0.973,0,0.3350067750160557,,294.0549966296968,-1.0,5.0,52.222015,21.063928,11.0
15785,2026-05-11 20:21:55.100000+00:00,52.2232413,21.0601034,97.6,0.14,-0.095,0.005,0.976,0,0.0800603454635506,,294.04984033504513,-1.0,5.0,52.222015,21.063928,11.0
15790,2026-05-11 20:21:55.600000+00:00,52.2232411,21.0601035,97.7,0.09,-0.093,0.005,0.975,0,0.1674632453958041,,294.0334934778168,-1.0,5.0,52.222015,21.063928,11.0
15795,2026-05-11 20:21:56.100000+00:00,52.223241,21.0601038,97.8,0.07,-0.091,0.006,0.973,0,0.1675033894526854,,294.01023217904645,-1.0,5.0,52.222015,21.063928,11.0
15800,2026-05-11 20:21:56.600000+00:00,52.2232409,21.0601043,97.9,0.14,-0.093,0.005,0.974,0,0.2579578075012593,,293.9749004505009,-1.0,5.0,52.222015,21.063928,11.0
15805,2026-05-11 20:21:57.100000+00:00,52.2232407,21.0601044,97.9,0.21,-0.096,0.006,0.973,0,0.1674632503946165,,293.9585542108012,-1.0,5.0,52.222015,21.063928,11.0
15810,2026-05-11 20:21:57.600000+00:00,52.2232404,21.0601044,97.9,0.17,-0.093,0.005,0.974,0,0.2401810414833782,,293.94309007470355,-1.0,5.0,52.222015,21.063928,11.0
15815,2026-05-11 20:21:58.100000+00:00,52.2232402,21.0601045,98.0,0.12,-0.095,0.004,0.974,0,0.1674632505563422,,293.9267464302868,-1.0,5.0,52.222015,21.063928,11.0
15820,2026-05-11 20:21:58.600000+00:00,52.22324,21.0601045,98.0,0.13,-0.096,0.005,0.975,0,0.1601206960198276,,293.9164397668672,-1.0,5.0,52.222015,21.063928,11.0
15825,2026-05-11 20:21:59.100000+00:00,52.2232396,21.0601044,98.0,0.07,-0.094,0.006,0.976,0,0.3239750745981566,,293.9018669109764,-1.0,5.0,52.222015,21.063928,11.0
15830,2026-05-11 20:21:59.600000+00:00,52.2232392,21.0601041,98.1,0.04,-0.095,0.006,0.975,0,0.3524234289450317,,293.89937425066137,-1.0,5.0,52.222015,21.063928,11.0
15835,2026-05-11 20:22:00.100000+00:00,52.2232388,21.060104,98.1,0.0,-0.095,0.006,0.973,0,0.3239750797659452,,293.88481464310945,-1.0,5.0,52.222015,21.063928,11.0
15840,2026-05-11 20:22:00.600000+00:00,52.2232385,21.060104,98.2,0.2,-0.094,0.006,0.974,0,0.240181036390652,,293.8693706094244,-1.0,5.0,52.222015,21.063928,11.0
15845,2026-05-11 20:22:01.100000+00:00,52.2232381,21.0601038,98.2,0.14,-0.095,0.007,0.974,0,0.33492649708023,,293.86085975132914,-1.0,5.0,52.222015,21.063928,11.0
15850,2026-05-11 20:22:01.600000+00:00,52.2232375,21.0601032,98.2,0.1,-0.094,0.005,0.972,0,0.563328187129701,,293.8662241094643,-1.0,5.0,52.222015,21.063928,11.0
15855,2026-05-11 20:22:02.100000+00:00,52.2232371,21.0601029,98.2,0.08,-0.094,0.006,0.974,0,0.3524234364775714,,293.8637721752312,-1.0,5.0,52.222015,21.063928,11.0
15860,2026-05-11 20:22:02.600000+00:00,52.2232365,21.0601025,98.2,0.1,-0.095,0.006,0.973,0,0.5188762705068704,,293.8570892976145,-1.0,5.0,52.222015,21.063928,11.0
15865,2026-05-11 20:22:03.100000+00:00,52.2232358,21.0601019,98.2,0.22,-0.093,0.006,0.976,0,0.6329804310509936,,293.8573699043885,-1.0,5.0,52.226542,21.059277,10.0
15870,2026-05-11 20:22:03.600000+00:00,52.2232352,21.0601015,98.3,0.14,-0.094,0.005,0.973,0,0.5188762726782119,,293.8507260187499,-1.0,5.0,52.226542,21.059277,10.0
15875,2026-05-11 20:22:04.100000+00:00,52.2232345,21.060101,98.3,0.06,-0.096,0.005,0.973,0,0.6117237009823447,,293.8450113202321,-1.0,5.0,52.226542,21.059277,10.0
15880,2026-05-11 20:22:04.600000+00:00,52.2232338,21.0601005,98.2,0.14,-0.094,0.004,0.972,0,0.6117237025319153,,293.83932107770613,-1.0,5.0,52.226542,21.059277,10.0
15885,2026-05-11 20:22:05.100000+00:00,52.2232332,21.0601001,98.2,0.1,-0.091,0.005,0.972,0,0.5188762760187374,,293.8327361246104,-1.0,5.0,52.226542,21.059277,10.0
15890,2026-05-11 20:22:05.600000+00:00,52.2232325,21.0600996,98.2,0.13,-0.093,0.004,0.972,0,0.6117237054096893,,293.8270910453203,-1.0,5.0,52.226542,21.059277,10.0
15895,2026-05-11 20:22:06.100000+00:00,52.2232318,21.060099,98.2,0.08,-0.095,0.004,0.972,0,0.6329804433735506,,293.82751698855543,-1.0,5.0,52.226542,21.059277,10.0
15900,2026-05-11 20:22:06.600000+00:00,52.2232311,21.0600982,98.2,0.06,-0.093,0.004,0.971,0,0.6841145728257737,,293.8400643391355,-1.0,5.0,52.226542,21.059277,10.0
15905,2026-05-11 20:22:07.100000+00:00,52.2232304,21.0600976,98.2,0.08,-0.096,0.006,0.975,0,0.6329804476864457,,293.84054476708894,-1.0,5.0,52.226542,21.059277,10.0
15910,2026-05-11 20:22:07.600000+00:00,52.2232298,21.0600971,98.2,0.12,-0.094,0.007,0.973,0,0.5393332287857442,,293.84011330894083,-1.0,5.0,52.226542,21.059277,10.0
15915,2026-05-11 20:22:08.100000+00:00,52.2232292,21.0600968,98.2,0.03,-0.096,0.004,0.973,0,0.5023897568225938,,293.8276007760604,-1.0,5.0,52.226542,21.059277,10.0
15920,2026-05-11 20:22:08.600000+00:00,52.2232286,21.0600964,98.3,0.06,-0.093,0.005,0.972,0,0.5188762837019465,,293.8211550816211,-1.0,5.0,52.226542,21.059277,10.0
15925,2026-05-11 20:22:09.100000+00:00,52.2232279,21.060096,98.3,0.07,-0.091,0.005,0.975,0,0.5937660868040091,,293.8096228030548,-1.0,5.0,52.226542,21.059277,10.0
15930,2026-05-11 20:22:09.600000+00:00,52.2232273,21.0600957,98.3,0.17,-0.095,0.006,0.974,0,0.5023897586662672,,293.7971621613897,-1.0,5.0,52.226542,21.059277,10.0
15935,2026-05-11 20:22:10.100000+00:00,52.2232268,21.0600953,98.3,0.05,-0.095,0.004,0.973,0,0.445787338639074,,293.7958701243322,-1.0,5.0,52.226542,21.059277,10.0
15940,2026-05-11 20:22:10.600000+00:00,52.2232262,21.060095,98.4,0.07,-0.097,0.006,0.975,0,0.5023897597336571,,293.78343999417893,-1.0,5.0,52.226542,21.059277,10.0
15945,2026-05-11 20:22:11.100000+00:00,52.2232257,21.0600947,98.4,0.18,-0.075,0.0,0.974,0,0.4264847212271004,,293.7761210219199,-1.0,5.0,52.226542,21.059277,10.0
15950,2026-05-11 20:22:11.600000+00:00,52.2232258,21.0600933,98.5,1.28,-0.036,-0.01,0.973,0,0.691266479675104,,293.86598025798736,-1.0,5.0,52.226542,21.059277,10.0
15955,2026-05-11 20:22:12.100000+00:00,52.2232266,21.0600898,98.5,2.6,-0.012,-0.014,0.977,0,1.8321343174063087,,294.11865251712766,-1.0,5.0,52.226542,21.059277,10.0
15960,2026-05-11 20:22:12.600000+00:00,52.2232286,21.0600831,98.5,4.43,0.002,-0.016,0.975,0,3.6553077540649017,,294.62620750555504,-1.0,5.0,52.226542,21.059277,10.0
15965,2026-05-11 20:22:13.100000+00:00,52.2232318,21.0600742,98.5,6.31,0.005,-0.022,0.98,0,5.06121569352761,,295.328093164771,-1.0,5.0,52.226542,21.059277,10.0
15970,2026-05-11 20:22:13.600000+00:00,52.2232366,21.0600614,98.5,8.38,0.015,-0.021,0.983,0,7.36045847959595,,296.34763333684,-1.0,5.0,52.226542,21.059277,10.0
15975,2026-05-11 20:22:14.100000+00:00,52.2232425,21.0600444,98.5,10.49,0.02,-0.026,0.981,0,9.582550862780945,,297.6775186078931,-1.0,5.0,52.226542,21.059277,10.0
15980,2026-05-11 20:22:14.600000+00:00,52.2232505,21.0600254,98.4,12.7,0.0,-0.047,0.958,0,11.307220295938048,,299.2356065052304,-1.0,5.0,52.226542,21.059277,10.0
15985,2026-05-11 20:22:15.100000+00:00,52.22326,21.0600046,98.3,13.43,-0.097,-0.046,0.976,0,12.724391174424955,,300.97939376905725,-1.0,5.0,52.226542,21.059277,10.0
15990,2026-05-11 20:22:15.600000+00:00,52.2232711,21.0599847,98.2,13.24,-0.104,-0.036,0.959,0,13.19945848787522,,302.7510781581294,-1.0,5.0,52.226542,21.059277,10.0
15995,2026-05-11 20:22:16.100000+00:00,52.2232825,21.059964,98.3,13.8,-0.128,-0.055,0.96,0,13.651541571917482,,304.5872349568789,-1.0,5.0,52.226542,21.059277,10.0
16000,2026-05-11 20:22:16.600000+00:00,52.2232954,21.0599457,98.1,14.09,-0.138,-0.105,0.989,0,13.682622275061094,,306.35679381264777,-1.0,5.0,52.226542,21.059277,10.0
16005,2026-05-11 20:22:17.100000+00:00,52.2233107,21.0599302,98.1,14.51,-0.131,-0.119,0.923,0,14.41634322390204,,308.0839449084435,-1.0,5.0,52.226542,21.059277,10.0
16010,2026-05-11 20:22:17.600000+00:00,52.2233286,21.059918,98.1,15.03,-0.143,-0.11,0.962,0,15.529722828603193,,309.7522945062031,-1.0,5.0,52.226542,21.059277,10.0
16015,2026-05-11 20:22:18.100000+00:00,52.2233477,21.0599095,98.0,16.03,-0.122,-0.109,0.957,0,15.849574570296047,,311.26843737357126,-1.0,5.0,52.226542,21.059277,10.0
16020,2026-05-11 20:22:18.600000+00:00,52.2233696,21.0599037,97.8,16.67,-0.124,-0.136,0.987,0,17.762462116574703,,312.7812536251105,-1.0,5.0,52.226542,21.059277,10.0
16025,2026-05-11 20:22:19.100000+00:00,52.2233945,21.0598982,97.6,17.5,-0.083,-0.07,0.959,0,20.116691438731216,,314.4508879296383,-1.0,5.0,52.226542,21.059277,10.0
16030,2026-05-11 20:22:19.600000+00:00,52.2234205,21.0598937,97.4,19.33,-0.048,-0.065,0.937,0,20.93235923999442,,316.1376185613994,-1.0,5.0,52.226542,21.059277,10.0
16035,2026-05-11 20:22:20.100000+00:00,52.2234476,21.0598923,97.3,20.83,-0.058,-0.097,0.997,0,21.70721575428137,,317.7205381463935,-1.0,5.0,52.226542,21.059277,10.0
16040,2026-05-11 20:22:20.600000+00:00,52.223476,21.0598922,97.1,23.06,-0.016,-0.058,0.938,0,22.737191493665687,,319.3213343163386,-1.0,5.0,52.226542,21.059277,10.0
16045,2026-05-11 20:22:21.100000+00:00,52.2235062,21.0598923,96.9,24.11,-0.041,-0.004,1.01,0,24.17827459502993,,321.03687642470555,-1.0,5.0,52.226542,21.059277,10.0
16050,2026-05-11 20:22:21.600000+00:00,52.2235387,21.0598922,96.4,26.08,-0.024,-0.007,0.924,0,26.0196590510932,,322.9239440884958,-1.0,5.0,52.226542,21.059277,10.0
16055,2026-05-11 20:22:22.100000+00:00,52.2235746,21.059892,96.0,27.64,-0.041,0.007,0.945,0,28.74183200870877,,325.04755743605784,-1.0,5.0,52.226542,21.059277,10.0
16060,2026-05-11 20:22:22.600000+00:00,52.2236121,21.0598902,95.8,29.55,-0.045,-0.003,0.983,0,30.035606025477534,,327.3941405204911,-1.0,5.0,52.226542,21.059277,10.0
16065,2026-05-11 20:22:23.100000+00:00,52.2236514,21.0598915,95.4,30.89,-0.051,-0.012,0.974,0,31.47017543405223,,324.1338667634192,-1.0,5.0,52.226542,21.059277,10.0
16070,2026-05-11 20:22:23.600000+00:00,52.2236945,21.0598955,94.9,32.4,-0.059,0.005,0.961,0,34.5617289863558,,319.4179076291354,-1.0,5.0,52.226542,21.059277,10.0
16075,2026-05-11 20:22:24.100000+00:00,52.2237379,21.0598955,94.4,34.04,-0.05,-0.008,0.974,0,34.746190679811754,,314.634846332673,-1.0,5.0,52.226542,21.059277,10.0
16080,2026-05-11 20:22:24.600000+00:00,52.2237825,21.059896,93.7,34.93,-0.08,0.0,0.962,0,35.70775684081625,,309.7255521165413,-1.0,5.0,52.226542,21.059277,10.0
16085,2026-05-11 20:22:25.100000+00:00,52.223828,21.0598954,93.1,35.84,-0.1,0.011,0.962,0,36.428646459523904,,304.70840250976426,-1.0,5.0,52.226542,21.059277,10.0
16090,2026-05-11 20:22:25.600000+00:00,52.2238751,21.0598907,92.8,36.47,-0.117,0.024,0.954,0,37.77880851615921,,299.4774219481349,-1.0,5.0,52.226542,21.059277,10.0
16095,2026-05-11 20:22:26.100000+00:00,52.2239225,21.0598873,92.3,37.3,-0.114,0.049,0.979,0,37.98522128591532,,294.22648593911424,-1.0,5.0,52.226542,21.059277,10.0
16100,2026-05-11 20:22:26.600000+00:00,52.2239703,21.059882,92.1,37.16,-0.11,0.03,0.985,0,38.35701828286238,,288.91394520980305,-1.0,5.0,52.226542,21.059277,10.0
16105,2026-05-11 20:22:27.100000+00:00,52.2240197,21.0598754,92.0,37.74,-0.113,0.037,1.0,0,39.68204548561008,,283.4131569306288,-1.0,5.0,52.226542,21.059277,10.0
16110,2026-05-11 20:22:27.600000+00:00,52.2240694,21.0598673,91.9,38.24,-0.108,0.036,0.978,0,39.987799741597904,,277.8649808731362,-1.0,5.0,52.226542,21.059277,10.0
16115,2026-05-11 20:22:28.100000+00:00,52.224119,21.0598593,91.9,38.3,-0.109,0.031,0.983,0,39.90328385715108,,272.3290296061154,-1.0,5.0,52.226542,21.059277,10.0
16120,2026-05-11 20:22:28.600000+00:00,52.2241681,21.0598503,91.9,38.38,-0.107,0.034,0.984,0,39.55665820526424,,266.8383552279174,-1.0,5.0,52.226542,21.059277,10.0
16125,2026-05-11 20:22:29.100000+00:00,52.2242164,21.0598409,91.7,38.33,-0.102,0.019,0.939,0,38.94297534827191,,261.43180473610096,-1.0,5.0,52.226542,21.059277,10.0
16130,2026-05-11 20:22:29.600000+00:00,52.2242645,21.0598305,91.6,37.9,-0.118,0.03,0.976,0,38.84533104881046,,256.0373045363788,-1.0,5.0,52.226542,21.059277,10.0
16135,2026-05-11 20:22:30.100000+00:00,52.2243118,21.0598197,91.7,37.97,-0.118,0.018,0.953,0,38.23716478979222,,250.72679782935535,-1.0,5.0,52.226542,21.059277,10.0
16140,2026-05-11 20:22:30.600000+00:00,52.2243586,21.0598101,91.7,37.34,-0.097,0.014,0.964,0,37.76288354242953,,245.48336561735567,-1.0,5.0,52.226542,21.059277,10.0
16145,2026-05-11 20:22:31.100000+00:00,52.2244051,21.0598004,91.7,36.97,-0.119,0.008,0.991,0,37.53077257949413,,240.27197354301168,-1.0,5.0,52.226542,21.059277,10.0
16150,2026-05-11 20:22:31.600000+00:00,52.2244509,21.059791,91.8,36.81,-0.11,-0.021,0.932,0,36.95629676523976,,235.14064663213895,-1.0,5.0,52.226542,21.059277,10.0
16155,2026-05-11 20:22:32.100000+00:00,52.2244968,21.0597824,91.8,37.36,-0.126,-0.101,0.968,0,36.98894483340453,,230.00654086126983,-1.0,5.0,52.226542,21.059277,10.0
16160,2026-05-11 20:22:32.600000+00:00,52.2245439,21.0597772,92.0,37.69,-0.108,-0.076,0.961,0,37.79456004746493,,224.7756553618185,-1.0,5.0,52.226542,21.059277,10.0
16165,2026-05-11 20:22:33.100000+00:00,52.2245888,21.0597721,91.9,36.75,-0.108,-0.04,0.965,0,36.03400507902645,,219.78842158662252,-1.0,5.0,52.226542,21.059277,10.0
16170,2026-05-11 20:22:33.600000+00:00,52.2246342,21.0597663,91.4,37.09,-0.105,-0.051,0.965,0,36.45852785174108,,214.73967437961892,-1.0,5.0,52.226542,21.059277,10.0
16175,2026-05-11 20:22:34.100000+00:00,52.2246814,21.0597616,91.4,37.81,-0.089,-0.023,0.971,0,37.85871746968738,,209.50577401032288,-1.0,5.0,52.226542,21.059277,10.0
16180,2026-05-11 20:22:34.600000+00:00,52.224729,21.0597576,91.3,37.93,-0.094,-0.027,0.947,0,38.15918201153433,,204.23685135218813,-1.0,5.0,52.226542,21.059277,10.0
16185,2026-05-11 20:22:35.100000+00:00,52.2247765,21.0597556,91.3,37.44,-0.123,-0.033,0.99,0,38.04131188710216,,199.00281384721748,-1.0,5.0,52.226542,21.059277,10.0
16190,2026-05-11 20:22:35.600000+00:00,52.2248234,21.0597517,91.2,37.38,-0.107,-0.017,0.946,0,37.59698464454437,,193.8156049566156,-1.0,5.0,52.226542,21.059277,10.0
16195,2026-05-11 20:22:36.100000+00:00,52.2248705,21.0597466,91.0,38.11,-0.128,-0.009,0.971,0,37.79128133875648,,188.5945103607139,-1.0,5.0,52.226542,21.059277,10.0
16200,2026-05-11 20:22:36.600000+00:00,52.2249175,21.0597429,91.2,36.81,-0.121,-0.012,0.963,0,37.67208952950245,,183.40242534959137,-1.0,5.0,52.226542,21.059277,10.0
16205,2026-05-11 20:22:37.100000+00:00,52.2249633,21.0597394,91.1,36.99,-0.096,0.012,0.982,0,36.70779237681124,,178.34643119235653,-1.0,5.0,52.226542,21.059277,10.0
16210,2026-05-11 20:22:37.600000+00:00,52.2250092,21.0597344,91.4,36.4,-0.12,-0.007,0.93,0,36.82942020391825,,173.2635789858858,-1.0,5.0,52.226542,21.059277,10.0
16215,2026-05-11 20:22:38.100000+00:00,52.225055,21.0597285,91.3,36.54,-0.119,-0.006,0.977,0,36.781624952857584,,168.18239948492,-1.0,5.0,52.226542,21.059277,10.0
16220,2026-05-11 20:22:38.600000+00:00,52.2250996,21.0597218,91.2,35.91,-0.112,-0.018,0.96,0,35.85777850589207,,163.2239130760809,-1.0,5.0,52.226542,21.059277,10.0
16225,2026-05-11 20:22:39.100000+00:00,52.2251448,21.0597143,91.0,35.99,-0.116,0.012,0.963,0,36.37372257292014,,158.19100447738342,-1.0,5.0,52.226542,21.059277,10.0
16230,2026-05-11 20:22:39.600000+00:00,52.2251881,21.0597064,90.8,35.5,-0.13,-0.021,0.973,0,34.88195501123476,,153.36152929769253,-1.0,5.0,52.226542,21.059277,10.0
16235,2026-05-11 20:22:40.100000+00:00,52.2252328,21.059699,90.5,35.6,-0.118,-0.023,0.932,0,35.9705138066634,,148.38690574391694,-1.0,5.0,52.226542,21.059277,10.0
16240,2026-05-11 20:22:40.600000+00:00,52.2252759,21.0596915,90.5,35.17,-0.13,-0.035,0.999,0,34.701488482917135,,143.586855533495,-1.0,5.0,52.226542,21.059277,10.0
16245,2026-05-11 20:22:41.100000+00:00,52.2253189,21.0596841,90.5,35.36,-0.121,-0.031,0.949,0,34.616704103122444,,138.80042004481476,-1.0,5.0,52.226542,21.059277,10.0
16250,2026-05-11 20:22:41.600000+00:00,52.2253617,21.059676,90.5,35.01,-0.118,-0.019,0.953,0,34.49531431121585,,134.0276190468435,-1.0,5.0,52.226542,21.059277,10.0
16255,2026-05-11 20:22:42.100000+00:00,52.2254006,21.0596653,89.7,33.26,-0.129,-0.019,0.984,0,31.58245868337434,,129.64431375713707,-1.0,5.0,52.226542,21.059277,10.0
16260,2026-05-11 20:22:42.600000+00:00,52.2254429,21.0596588,89.5,33.51,-0.122,-0.014,0.958,0,34.015221826963206,,124.95047027917254,-1.0,5.0,52.226542,21.059277,10.0
16265,2026-05-11 20:22:43.100000+00:00,52.2254853,21.0596542,89.3,33.62,-0.121,-0.018,0.951,0,34.020464463210565,,120.27572701674796,-1.0,5.0,52.226542,21.059277,10.0
16270,2026-05-11 20:22:43.600000+00:00,52.225528,21.0596503,89.2,33.53,-0.122,0.0,0.959,0,34.2392295851494,,115.58301013368852,-1.0,5.0,52.226542,21.059277,10.0
16275,2026-05-11 20:22:44.100000+00:00,52.2255692,21.0596448,89.1,32.97,-0.116,0.026,0.974,0,33.09496147459199,,111.0334483579128,-1.0,5.0,52.226542,21.059277,10.0
16280,2026-05-11 20:22:44.600000+00:00,52.2256113,21.059637,88.9,32.77,-0.117,0.025,0.996,0,33.92177352265774,,106.35434411100948,-1.0,5.0,52.226542,21.059277,10.0
16285,2026-05-11 20:22:45.100000+00:00,52.2256549,21.0596299,89.3,32.4,-0.104,0.022,0.919,0,35.07954388657552,,101.52741994909796,-1.0,5.0,52.226542,21.059277,10.0
16290,2026-05-11 20:22:45.600000+00:00,52.2256983,21.0596213,89.6,31.74,-0.187,0.036,0.973,0,35.00122047839732,,96.70177496107472,-1.0,5.0,52.226542,21.059277,10.0
16295,2026-05-11 20:22:46.100000+00:00,52.2257383,21.0596131,89.7,28.98,-0.236,0.032,0.962,0,32.27563977433443,,92.25286124880202,-1.0,5.0,52.226542,21.059277,10.0
16300,2026-05-11 20:22:46.600000+00:00,52.2257726,21.0596104,90.1,24.94,-0.261,0.013,0.947,0,27.492603753706646,,88.51586647186029,-1.0,5.0,52.226542,21.059277,10.0
16305,2026-05-11 20:22:47.100000+00:00,52.2258043,21.0596057,90.1,23.92,-0.273,-0.014,0.967,0,25.48358190821417,,85.028910733593,-1.0,5.0,52.226542,21.059277,10.0
16310,2026-05-11 20:22:47.600000+00:00,52.2258329,21.0596007,90.3,21.24,-0.28,-0.048,0.964,0,23.028179310813904,,81.87286303443113,-1.0,5.0,52.226542,21.059277,10.0
16315,2026-05-11 20:22:48.100000+00:00,52.2258584,21.0596002,90.3,19.46,-0.212,-0.149,0.931,0,20.41686103192836,10.0,79.13634151553644,-1.0,5.0,52.226542,21.059277,10.0
16320,2026-05-11 20:22:48.600000+00:00,52.2258822,21.0596065,90.4,19.36,-0.178,-0.192,0.975,0,19.30321868819514,10.0,76.72231574188918,-1.0,5.0,52.226542,21.059277,10.0
16325,2026-05-11 20:22:49.100000+00:00,52.2259051,21.0596178,90.7,17.56,-0.24,-0.186,0.926,0,19.15303058387874,10.0,74.52718741922403,-1.0,5.0,52.226542,21.059277,10.0
16330,2026-05-11 20:22:49.600000+00:00,52.2259238,21.0596353,90.8,15.8,-0.235,-0.175,0.947,0,17.256677055416528,10.0,72.94425276864212,-1.0,5.0,52.226542,21.059277,10.0
16335,2026-05-11 20:22:50.100000+00:00,52.225938,21.0596551,90.9,14.79,-0.217,-0.18,0.946,0,14.950934339818376,10.0,71.92997685409108,-1.0,5.0,52.226542,21.059277,10.0
16340,2026-05-11 20:22:50.600000+00:00,52.2259519,21.0596825,91.0,17.1,-0.184,-0.07,0.951,0,17.447049945283545,10.0,71.19203532864472,-1.0,5.0,52.226542,21.059277,10.0
16345,2026-05-11 20:22:51.100000+00:00,52.2259641,21.0597097,91.1,16.07,-0.142,0.018,0.968,0,16.53280129528697,10.0,70.69575070089552,-1.0,5.0,52.226542,21.059277,10.0
16350,2026-05-11 20:22:51.600000+00:00,52.2259763,21.0597344,91.1,15.32,-0.106,0.074,0.947,0,15.560477250866237,10.0,70.1952893966475,-1.0,5.0,52.226542,21.059277,10.0
16355,2026-05-11 20:22:52.100000+00:00,52.2259896,21.0597549,91.1,14.12,-0.108,0.1,0.983,0,14.644139832087085,10.0,69.51591855919231,-1.0,5.0,52.226542,21.059277,10.0
16360,2026-05-11 20:22:52.600000+00:00,52.2260049,21.0597709,91.1,13.54,-0.104,0.139,0.974,0,14.546883570365509,10.0,68.54554627269877,-1.0,5.0,52.226542,21.059277,10.0
16365,2026-05-11 20:22:53.100000+00:00,52.2260207,21.0597834,91.0,13.64,-0.11,0.163,0.97,0,14.05663180013619,10.0,67.45171814150233,-1.0,5.0,52.226542,21.059277,10.0
16370,2026-05-11 20:22:53.600000+00:00,52.2260367,21.0597914,90.8,13.19,-0.113,0.163,0.966,0,13.396987753773518,10.0,66.21577119444319,-1.0,5.0,52.226542,21.059277,10.0
16375,2026-05-11 20:22:54.100000+00:00,52.2260541,21.0597918,90.7,13.71,-0.121,0.173,0.968,0,13.93188148417318,10.0,64.59691687296353,-1.0,5.0,52.226542,21.059277,10.0
16380,2026-05-11 20:22:54.600000+00:00,52.2260713,21.0597868,90.6,14.25,-0.133,0.187,0.965,0,13.986988613230585,10.0,62.81029131897677,-1.0,5.0,52.226542,21.059277,10.0
16385,2026-05-11 20:22:55.100000+00:00,52.2260873,21.0597733,90.5,13.8,-0.153,0.182,0.96,0,14.419372956016812,10.0,60.819814634918494,-1.0,5.0,52.226542,21.059277,10.0
16390,2026-05-11 20:22:55.600000+00:00,52.2261022,21.0597563,90.3,14.49,-0.158,0.165,0.965,0,14.553527475813365,10.0,58.79893701824058,-1.0,5.0,52.226542,21.059277,10.0
16395,2026-05-11 20:22:56.100000+00:00,52.2261164,21.0597341,90.5,14.46,-0.158,0.165,0.95,0,15.740775100246308,10.0,56.64744690172418,-1.0,5.0,52.226542,21.059277,10.0
16400,2026-05-11 20:22:56.600000+00:00,52.2261288,21.0597088,90.6,14.04,-0.167,0.146,0.976,0,15.890121755464108,10.0,54.55271071432941,-1.0,5.0,52.226542,21.059277,10.0
16405,2026-05-11 20:22:57.100000+00:00,52.226139,21.0596822,90.7,13.77,-0.139,0.082,0.943,0,15.390046447366307,10.0,52.62864104934858,-1.0,5.0,52.226542,21.059277,10.0
16410,2026-05-11 20:22:57.600000+00:00,52.2261422,21.0596603,90.2,13.07,-0.131,0.001,0.973,0,11.041247958071605,10.0,51.55482317117232,-1.0,5.0,52.226542,21.059277,10.0
16415,2026-05-11 20:22:58.100000+00:00,52.2261469,21.0596361,90.0,12.97,-0.105,-0.044,0.956,0,12.450087283236469,10.0,50.28277891527999,-1.0,5.0,52.226542,21.059277,10.0
16420,2026-05-11 20:22:58.600000+00:00,52.2261552,21.0596132,90.0,13.23,-0.082,-0.062,0.965,0,13.048988384486009,10.0,48.726265954073234,-1.0,5.0,52.226542,21.059277,10.0
16425,2026-05-11 20:22:59.100000+00:00,52.2261667,21.0595894,90.2,13.84,-0.08,-0.126,0.959,0,14.865927507651223,10.0,46.84305926408268,-1.0,5.0,52.226542,21.059277,10.0
16430,2026-05-11 20:22:59.600000+00:00,52.2261805,21.0595676,90.3,15.22,-0.067,-0.101,0.967,0,15.374006152397502,10.0,44.80590906490722,-1.0,5.0,52.226542,21.059277,10.0
16435,2026-05-11 20:23:00.100000+00:00,52.2261954,21.0595472,90.2,15.63,-0.059,-0.134,0.966,0,15.568771376717894,10.0,42.70882042646795,-1.0,5.0,52.226542,21.059277,10.0
16440,2026-05-11 20:23:00.600000+00:00,52.2262157,21.0595287,90.2,18.68,-0.061,-0.168,0.973,0,18.61306381835598,10.0,40.12924237956576,-1.0,5.0,52.226542,21.059277,10.0
16445,2026-05-11 20:23:01.100000+00:00,52.2262377,21.0595116,90.0,19.98,-0.059,-0.151,0.962,0,19.507729445977027,10.0,37.419848168530535,-1.0,5.0,52.226542,21.059277,10.0
16450,2026-05-11 20:23:01.600000+00:00,52.2262631,21.0594955,89.9,22.81,-0.032,-0.124,0.983,0,21.81432963713447,10.0,34.39834800929604,-1.0,5.0,52.226542,21.059277,10.0
16455,2026-05-11 20:23:02.100000+00:00,52.2262906,21.0594776,89.9,24.38,-0.044,-0.08,0.959,0,23.70207265149148,10.0,31.1148136167008,-1.0,5.0,52.226542,21.059277,10.0
16460,2026-05-11 20:23:02.600000+00:00,52.2263212,21.0594582,90.1,25.57,-0.051,-0.033,0.956,0,26.280949961279127,10.0,27.47932815531392,-1.0,5.0,52.226542,21.059277,10.0
16465,2026-05-11 20:23:03.100000+00:00,52.2263521,21.0594375,90.4,25.09,-0.131,-0.013,0.984,0,26.74043982626276,10.0,23.77790150175329,-1.0,5.0,52.226542,21.059277,10.0
16470,2026-05-11 20:23:03.600000+00:00,52.2263814,21.0594211,90.3,25.2,-0.129,-0.008,0.955,0,24.798119897316468,10.0,20.37735489269848,-1.0,5.0,52.226542,21.059277,10.0
16475,2026-05-11 20:23:04.100000+00:00,52.2264106,21.0594021,90.3,24.53,-0.129,0.016,0.965,0,25.1660937870288,10.0,16.91404650840345,-1.0,5.0,52.226542,21.059277,10.0
16480,2026-05-11 20:23:04.600000+00:00,52.2264388,21.059381,90.6,23.62,-0.155,0.039,0.98,0,24.835315001545915,10.0,13.485557345499265,-1.0,5.0,52.226542,21.059277,10.0
16485,2026-05-11 20:23:05.100000+00:00,52.2264665,21.0593619,90.8,22.68,-0.173,0.03,0.936,0,24.073676528228184,10.0,10.19406209767828,-1.0,5.0,52.226542,21.059277,10.0
16490,2026-05-11 20:23:05.600000+00:00,52.2264923,21.059342,91.1,21.38,-0.165,0.0,0.962,0,22.844935115756417,10.0,7.081064479281211,-1.0,5.0,52.226542,21.059277,10.0
16495,2026-05-11 20:23:06.100000+00:00,52.2265169,21.0593257,91.2,20.08,-0.176,0.013,0.963,0,21.255211931948025,10.0,4.33501063789681,-1.0,5.0,52.226542,21.059277,10.0
16500,2026-05-11 20:23:06.600000+00:00,52.2265388,21.0593103,91.3,18.71,-0.178,0.018,0.964,0,19.09055742412537,10.0,2.295852599553647,-1.0,5.0,52.226542,21.059277,10.0
16505,2026-05-11 20:23:07.100000+00:00,52.2265593,21.0592949,91.3,17.55,-0.163,0.023,0.961,0,18.066587700781607,10.0,2.277487748394614,-1.0,5.0,52.226542,21.059277,10.0
16510,2026-05-11 20:23:07.600000+00:00,52.2265785,21.0592813,91.3,16.75,-0.154,0.0,0.96,0,16.756117998936734,10.0,4.06916851974254,-1.0,5.0,52.226542,21.059277,10.0
16515,2026-05-11 20:23:08.100000+00:00,52.2265961,21.0592683,91.3,14.48,-0.224,0.024,0.952,0,15.46573939748444,10.0,6.044760494510613,-1.0,5.0,52.226542,21.059277,10.0
16520,2026-05-11 20:23:08.600000+00:00,52.226611,21.0592569,91.4,12.47,-0.218,0.02,0.944,0,13.174043635328692,10.0,7.793635598777967,-1.0,5.0,52.226542,21.059277,10.0
16525,2026-05-11 20:23:09.100000+00:00,52.2266238,21.0592486,91.3,10.49,-0.227,0.018,0.978,0,11.026489370625942,10.0,9.299157941670904,-1.0,5.0,52.226542,21.059277,10.0
16530,2026-05-11 20:23:09.600000+00:00,52.226634,21.0592433,91.2,8.4,-0.236,0.018,0.95,0,8.569805078582219,10.0,10.484282587090558,-1.0,5.0,52.226542,21.059277,10.0
16535,2026-05-11 20:23:10.100000+00:00,52.2266413,21.0592387,91.1,5.63,-0.239,0.026,0.958,0,6.264656099387707,10.0,11.34562944585718,-1.0,5.0,52.226542,21.059277,10.0
16540,2026-05-11 20:23:10.600000+00:00,52.2266463,21.0592374,91.1,3.63,-0.241,0.027,0.95,0,4.053465420126313,10.0,11.90714002812535,-1.0,5.0,52.226542,21.059277,10.0
16545,2026-05-11 20:23:11.100000+00:00,52.2266478,21.0592371,91.0,1.01,-0.245,0.027,0.958,0,1.2098833506481468,10.0,12.07423869889569,-1.0,5.0,52.226542,21.059277,10.0
16550,2026-05-11 20:23:11.600000+00:00,52.2266466,21.0592373,90.8,0.04,-0.132,0.0,0.965,0,0.965717690832014,10.0,11.941174294838762,-1.0,5.0,52.226542,21.059277,10.0
16555,2026-05-11 20:23:12.100000+00:00,52.2266458,21.0592375,90.7,0.2,-0.103,-0.002,0.972,0,0.6479490149610285,10.0,11.85144638226004,-1.0,5.0,52.226542,21.059277,10.0
16560,2026-05-11 20:23:12.600000+00:00,52.2266452,21.0592376,90.7,0.06,-0.096,-0.001,0.971,0,0.4828588456859096,10.0,11.784928127729057,-1.0,5.0,52.226542,21.059277,10.0
16565,2026-05-11 20:23:13.100000+00:00,52.2266443,21.0592364,90.7,0.1,-0.097,-0.004,0.97,0,0.930318717968903,10.0,11.706541370696026,-1.0,5.0,52.226542,21.059277,10.0
16570,2026-05-11 20:23:13.600000+00:00,52.2266431,21.0592347,90.8,0.03,-0.099,-0.003,0.974,0,1.2720129402223943,10.0,11.605129317794663,-1.0,5.0,52.226542,21.059277,10.0
16575,2026-05-11 20:23:14.100000+00:00,52.226642,21.0592335,90.8,0.04,-0.098,-0.003,0.974,0,1.059188040673301,10.0,11.507456933747152,-1.0,5.0,52.226542,21.059277,10.0
16580,2026-05-11 20:23:14.600000+00:00,52.226641,21.0592324,90.9,0.05,-0.103,-0.004,0.971,0,0.9653823025733989,10.0,11.41974816412834,-1.0,5.0,52.226542,21.059277,10.0
16585,2026-05-11 20:23:15.100000+00:00,52.2266398,21.0592309,91.0,0.08,-0.1,-0.003,0.968,0,1.2100004997770095,10.0,11.31909228232923,-1.0,5.0,52.226542,21.059277,10.0
16590,2026-05-11 20:23:15.600000+00:00,52.2266385,21.0592293,91.0,0.13,-0.1,-0.003,0.973,0,1.303416934253245,10.0,11.21137787551265,-1.0,5.0,52.226542,21.059277,10.0
16595,2026-05-11 20:23:16.100000+00:00,52.2266372,21.0592277,91.1,0.11,-0.099,-0.006,0.972,0,1.3034169430775089,10.0,11.10556984410296,-1.0,5.0,52.226542,21.059277,10.0
16600,2026-05-11 20:23:16.600000+00:00,52.226636,21.0592264,91.2,0.11,-0.098,-0.004,0.971,0,1.15300691313241,10.0,11.00586099104663,-1.0,5.0,52.226542,21.059277,10.0
16605,2026-05-11 20:23:17.100000+00:00,52.2266346,21.059225,91.3,0.08,-0.098,-0.003,0.972,0,1.3144049965683855,10.0,10.88876910372224,-1.0,5.0,52.226542,21.059277,10.0
16610,2026-05-11 20:23:17.600000+00:00,52.2266332,21.0592234,91.4,0.15,-0.099,-0.006,0.972,0,1.3681946621290817,10.0,10.778104690256123,-1.0,5.0,52.226542,21.059277,10.0
16615,2026-05-11 20:23:18.100000+00:00,52.226632,21.0592222,91.5,0.07,-0.1,-0.004,0.974,0,1.1266328718856051,10.0,10.680941298930891,-1.0,5.0,52.226542,21.059277,10.0
16620,2026-05-11 20:23:18.600000+00:00,52.2266307,21.0592208,91.6,0.12,-0.099,-0.003,0.971,0,1.246835909898243,10.0,10.579748561168683,-1.0,5.0,52.226542,21.059277,10.0
16625,2026-05-11 20:23:19.100000+00:00,52.2266295,21.0592196,91.7,0.08,-0.098,-0.004,0.971,0,1.1266328891931494,10.0,10.485665464479414,-1.0,5.0,52.226542,21.059277,10.0
16630,2026-05-11 20:23:19.600000+00:00,52.2266282,21.0592184,91.9,0.1,-0.1,-0.004,0.974,0,1.1956350457670315,10.0,10.382820741243922,-1.0,5.0,52.226542,21.059277,10.0
16635,2026-05-11 20:23:20.100000+00:00,52.2266268,21.0592169,92.0,0.14,-0.097,-0.003,0.972,0,1.3406728936393282,10.0,10.279540520086844,-1.0,5.0,52.226542,21.059277,10.0
16640,2026-05-11 20:23:20.600000+00:00,52.2266253,21.0592153,92.1,0.11,-0.098,-0.002,0.973,0,1.4345162852959228,10.0,10.171301404050183,-1.0,5.0,52.226542,21.059277,10.0
16645,2026-05-11 20:23:21.100000+00:00,52.226624,21.0592141,92.2,0.1,-0.103,-0.004,0.974,0,1.1956350739333368,10.0,10.07432643489155,-1.0,5.0,52.226542,21.059277,10.0
16650,2026-05-11 20:23:21.600000+00:00,52.2266226,21.0592129,92.3,0.18,-0.098,-0.005,0.972,0,1.2659399930733244,10.0,9.96917498343735,-1.0,5.0,52.226542,21.059277,10.0
16655,2026-05-11 20:23:22.100000+00:00,52.2266215,21.059212,92.5,0.07,-0.1,-0.004,0.973,0,0.9850729007807194,10.0,9.88665744779841,-1.0,5.0,52.226542,21.059277,10.0
16660,2026-05-11 20:23:22.600000+00:00,52.2266204,21.059211,92.6,0.03,-0.1,-0.003,0.972,0,1.0079992237151818,10.0,9.80847433346281,-1.0,5.0,52.226542,21.059277,10.0
16665,2026-05-11 20:23:23.100000+00:00,52.2266195,21.0592102,92.7,0.22,-0.1,-0.003,0.975,0,0.8204257136404645,10.0,9.744957519224975,-1.0,5.0,52.226542,21.059277,10.0
16670,2026-05-11 20:23:23.600000+00:00,52.2266186,21.0592093,92.8,0.09,-0.1,-0.006,0.973,0,0.8449747242693716,10.0,9.685605893924969,-1.0,5.0,52.226542,21.059277,10.0
16675,2026-05-11 20:23:24.100000+00:00,52.2266177,21.0592085,92.9,0.22,-0.098,-0.002,0.973,0,0.8204257205001193,10.0,9.624015209957916,-1.0,5.0,52.226542,21.059277,10.0
16680,2026-05-11 20:23:24.600000+00:00,52.2266168,21.0592074,93.0,0.12,-0.097,-0.004,0.972,0,0.9000998756478531,10.0,9.57348725259858,-1.0,5.0,52.226542,21.059277,10.0
16685,2026-05-11 20:23:25.100000+00:00,52.2266162,21.0592068,93.1,0.13,-0.1,-0.005,0.97,0,0.5633164916730954,10.0,9.53600659958894,-1.0,5.0,52.226542,21.059277,10.0
16690,2026-05-11 20:23:25.600000+00:00,52.2266156,21.0592062,93.2,0.06,-0.099,-0.004,0.972,0,0.5633164937500008,10.0,9.499022479724209,-1.0,5.0,52.226542,21.059277,10.0
16695,2026-05-11 20:23:26.100000+00:00,52.2266151,21.0592057,93.3,0.15,-0.098,-0.005,0.973,0,0.4694304142208767,10.0,9.468585875754584,-1.0,5.0,52.226542,21.059277,10.0
16700,2026-05-11 20:23:26.600000+00:00,52.2266149,21.0592053,93.5,0.06,-0.098,-0.005,0.973,0,0.253214599885489,10.0,9.463532149081583,-1.0,5.0,52.226542,21.059277,10.0
16705,2026-05-11 20:23:27.100000+00:00,52.2266147,21.0592051,93.6,0.08,-0.096,-0.001,0.973,0,0.1877721670285712,10.0,9.451541080764272,-1.0,5.0,52.226542,21.059277,10.0
16710,2026-05-11 20:23:27.600000+00:00,52.2266146,21.0592049,93.7,0.08,-0.099,-0.004,0.974,0,0.1266073031579264,10.0,9.449104891463035,-1.0,5.0,52.226542,21.059277,10.0
16715,2026-05-11 20:23:28.100000+00:00,52.2266148,21.0592049,93.8,0.04,-0.099,-0.004,0.974,0,0.1601206960198276,10.0,9.468111603138412,-1.0,5.0,52.226542,21.059277,10.0
16720,2026-05-11 20:23:28.600000+00:00,52.226615,21.0592051,93.9,0.13,-0.1,-0.002,0.971,0,0.1877721669131876,10.0,9.4800882223773,-1.0,5.0,52.226542,21.059277,10.0
16725,2026-05-11 20:23:29.100000+00:00,52.2266152,21.0592051,93.9,0.16,-0.099,-0.002,0.974,0,0.1601206909271013,10.0,9.499137069369638,-1.0,5.0,52.226542,21.059277,10.0
16730,2026-05-11 20:23:29.600000+00:00,52.2266156,21.0592052,93.9,0.04,-0.096,-0.005,0.973,0,0.3239745152649694,10.0,9.533780597823029,-1.0,5.0,52.226542,21.059277,10.0
16735,2026-05-11 20:23:30.100000+00:00,52.226616,21.0592051,93.9,0.15,-0.097,-0.002,0.973,0,0.3239745101640509,10.0,9.575470013581564,-1.0,5.0,52.226542,21.059277,10.0
16740,2026-05-11 20:23:30.600000+00:00,52.2266164,21.059205,93.9,0.08,-0.097,-0.005,0.973,0,0.3239745100971758,10.0,9.617189237833658,-1.0,5.0,52.226542,21.059277,10.0
16745,2026-05-11 20:23:31.100000+00:00,52.226617,21.059205,93.9,0.02,-0.097,-0.002,0.973,0,0.4803620829667565,10.0,9.674640324719398,-1.0,5.0,52.226542,21.059277,10.0
16750,2026-05-11 20:23:31.600000+00:00,52.2266176,21.059205,93.9,0.13,-0.101,-0.003,0.973,0,0.4803620829667565,10.0,9.73220963057706,-1.0,5.0,52.226542,21.059277,10.0
16755,2026-05-11 20:23:32.100000+00:00,52.2266181,21.0592052,93.8,0.0,-0.1,-0.005,0.972,0,0.4121422491402901,10.0,9.773449483433316,-1.0,5.0,52.226542,21.059277,10.0
16760,2026-05-11 20:23:32.600000+00:00,52.2266187,21.0592052,93.8,0.14,-0.098,-0.003,0.973,0,0.4803620829667565,10.0,9.831270242415869,-1.0,5.0,52.226542,21.059277,10.0
16765,2026-05-11 20:23:33.100000+00:00,52.2266195,21.0592055,93.8,0.03,-0.099,-0.004,0.972,0,0.6571625490543029,10.0,9.898469482738788,-1.0,5.0,52.226542,21.059277,10.0
16770,2026-05-11 20:23:33.600000+00:00,52.2266203,21.0592056,93.7,0.15,-0.099,-0.003,0.972,0,0.642357475945903,10.0,9.972687294826644,-1.0,5.0,52.226542,21.059277,10.0
16775,2026-05-11 20:23:34.100000+00:00,52.226621,21.0592056,93.7,0.1,-0.1,-0.003,0.971,0,0.5604224284303072,10.0,10.040713414170147,-1.0,5.0,52.226542,21.059277,10.0
16780,2026-05-11 20:23:34.600000+00:00,52.2266217,21.0592057,93.6,0.05,-0.097,-0.005,0.971,0,0.562563988108905,10.0,10.105606170015529,-1.0,5.0,52.226542,21.059277,10.0
16785,2026-05-11 20:23:35.100000+00:00,52.2266226,21.059206,93.6,0.17,-0.098,-0.005,0.971,0,0.7354092847553991,10.0,10.1837630104489,-1.0,5.0,52.226542,21.059277,10.0
16790,2026-05-11 20:23:35.600000+00:00,52.2266234,21.0592062,93.5,0.05,-0.101,-0.003,0.973,0,0.6479490277525844,10.0,10.255724101778997,-1.0,5.0,52.226542,21.059277,10.0
16795,2026-05-11 20:23:36.100000+00:00,52.2266242,21.0592061,93.4,0.08,-0.102,-0.002,0.97,0,0.642357475617049,10.0,10.337497494880378,-1.0,5.0,52.226542,21.059277,10.0
16800,2026-05-11 20:23:36.600000+00:00,52.226625,21.0592056,93.4,0.06,-0.102,-0.004,0.972,0,0.6858145464453583,10.0,10.432065841898297,-1.0,5.0,52.226542,21.059277,10.0
16805,2026-05-11 20:23:37.100000+00:00,52.2266256,21.0592052,93.4,0.12,-0.1,-0.003,0.973,0,0.5188706102871772,10.0,10.503792891774197,-1.0,5.0,52.226542,21.059277,10.0
16810,2026-05-11 20:23:37.600000+00:00,52.2266262,21.0592047,93.3,0.05,-0.097,-0.002,0.973,0,0.5393247033955935,10.0,10.578693454049995,-1.0,5.0,52.226542,21.059277,10.0
16815,2026-05-11 20:23:38.100000+00:00,52.2266269,21.0592041,93.3,0.08,-0.097,-0.003,0.972,0,0.6329699820156988,10.0,10.66660592807664,-1.0,5.0,52.226542,21.059277,10.0
16820,2026-05-11 20:23:38.600000+00:00,52.2266274,21.0592035,93.3,0.08,-0.098,-0.002,0.972,0,0.49680899604718,10.0,10.734840787102652,-1.0,5.0,52.226542,21.059277,10.0
16825,2026-05-11 20:23:39.100000+00:00,52.2266278,21.0592028,93.3,0.07,-0.099,-0.003,0.974,0,0.4694639625379548,10.0,10.79644188329535,-1.0,5.0,52.226542,21.059277,10.0
16830,2026-05-11 20:23:39.600000+00:00,52.2266283,21.0592022,93.2,0.04,-0.099,-0.002,0.971,0,0.4968089884113288,10.0,10.864706483725314,-1.0,5.0,52.226542,21.059277,10.0
16835,2026-05-11 20:23:40.100000+00:00,52.2266287,21.0592014,93.2,0.07,-0.098,-0.002,0.971,0,0.506429110583186,10.0,10.929576425833622,-1.0,5.0,52.226542,21.059277,10.0
16840,2026-05-11 20:23:40.600000+00:00,52.2266293,21.0592008,93.2,0.16,-0.098,-0.002,0.971,0,0.5633164484042344,10.0,11.00767956128076,-1.0,5.0,52.226542,21.059277,10.0
16845,2026-05-11 20:23:41.100000+00:00,52.2266299,21.0592,93.1,0.0,-0.099,-0.003,0.971,0,0.6202125603648541,10.0,11.092218932488654,-1.0,5.0,52.226542,21.059277,10.0
16850,2026-05-11 20:23:41.600000+00:00,52.2266305,21.0591995,93.0,0.11,-0.098,-0.004,0.972,0,0.5393246925993285,10.0,11.167109488431128,-1.0,5.0,52.226542,21.059277,10.0
16855,2026-05-11 20:23:42.100000+00:00,52.2266312,21.059199,93.0,0.05,-0.097,-0.004,0.973,0,0.6117161880854766,10.0,11.25180098041371,-1.0,5.0,52.226542,21.059277,10.0
16860,2026-05-11 20:23:42.600000+00:00,52.2266317,21.0591985,92.9,0.09,-0.098,-0.004,0.972,0,0.4694303634361982,10.0,11.316891220938787,-1.0,5.0,52.226542,21.059277,10.0
16865,2026-05-11 20:23:43.100000+00:00,52.2266321,21.0591979,92.9,0.05,-0.101,-0.003,0.972,0,0.434893352623987,10.0,11.375409746347556,-1.0,5.0,52.226542,21.059277,10.0
16870,2026-05-11 20:23:43.600000+00:00,52.2266323,21.0591975,92.9,0.11,-0.098,-0.004,0.971,0,0.2532145410180509,10.0,11.407907757957554,-1.0,5.0,52.226542,21.059277,10.0
16875,2026-05-11 20:23:44.100000+00:00,52.2266324,21.059197,92.8,0.05,-0.098,-0.004,0.972,0,0.2579400055028259,10.0,11.43388627949999,-1.0,5.0,52.226542,21.059277,10.0
16880,2026-05-11 20:23:44.600000+00:00,52.2266324,21.0591965,92.8,0.04,-0.1,-0.004,0.974,0,0.2452007098317585,10.0,11.450154934305132,-1.0,5.0,52.226542,21.059277,10.0
16885,2026-05-11 20:23:45.100000+00:00,52.2266324,21.0591961,92.8,0.01,-0.099,-0.003,0.969,0,0.1961605631861613,10.0,11.46322608010448,-1.0,5.0,52.226542,21.059277,10.0
16890,2026-05-11 20:23:45.600000+00:00,52.2266326,21.059196,92.7,0.12,-0.098,-0.004,0.973,0,0.1674621533574707,10.0,11.48600226844906,-1.0,5.0,52.226542,21.059277,10.0
16895,2026-05-11 20:23:46.100000+00:00,52.2266325,21.0591957,92.7,0.06,-0.099,-0.003,0.972,0,0.1674935201781518,10.0,11.486087722580631,-1.0,5.0,52.226542,21.059277,10.0
16900,2026-05-11 20:23:46.600000+00:00,52.2266326,21.0591955,92.7,0.01,-0.098,-0.004,0.973,0,0.1266072713180166,10.0,11.502398872890844,-1.0,5.0,52.226542,21.059277,10.0
16905,2026-05-11 20:23:47.100000+00:00,52.2266327,21.0591954,92.6,0.05,-0.096,-0.004,0.972,0,0.0938860722669837,10.0,11.515424847786482,-1.0,5.0,52.226542,21.059277,10.0
16910,2026-05-11 20:23:47.600000+00:00,52.2266329,21.0591952,92.6,0.19,-0.1,-0.003,0.972,0,0.1877721411020364,10.0,11.541476890350154,-1.0,5.0,52.226542,21.059277,10.0
16915,2026-05-11 20:23:48.100000+00:00,52.2266333,21.0591952,92.5,0.09,-0.102,-0.004,0.968,0,0.3202413920396552,10.0,11.58044902314304,-1.0,5.0,52.226542,21.059277,10.0
16920,2026-05-11 20:23:48.600000+00:00,52.2266338,21.0591953,92.4,0.15,-0.087,-0.011,0.968,0,0.4032944533980424,10.0,11.625958098822702,-1.0,5.0,52.226542,21.059277,10.0
16925,2026-05-11 20:23:49.100000+00:00,52.226635,21.0591948,92.4,0.76,-0.06,-0.018,0.972,0,0.9915212071178202,10.0,11.759463837882842,-1.0,5.0,52.226542,21.059277,10.0
16930,2026-05-11 20:23:49.600000+00:00,52.2266371,21.0591936,92.4,1.82,-0.04,-0.011,0.971,0,1.7812833395549807,10.0,12.003787266344451,-1.0,5.0,52.226542,21.059277,10.0
16935,2026-05-11 20:23:50.100000+00:00,52.2266404,21.0591912,92.3,3.17,-0.021,-0.01,0.978,0,2.892293435741922,10.0,12.404434981512017,-1.0,5.0,52.226542,21.059277,10.0
16940,2026-05-11 20:23:50.600000+00:00,52.2266454,21.0591875,92.3,4.82,-0.008,-0.014,0.98,0,4.395054389863178,10.0,13.013631251617705,-1.0,5.0,52.226542,21.059277,10.0
16945,2026-05-11 20:23:51.100000+00:00,52.2266519,21.0591816,92.3,6.34,0.004,-0.003,0.977,0,5.954190486133822,10.0,13.8404478372221,-1.0,5.0,52.226542,21.059277,10.0
16950,2026-05-11 20:23:51.600000+00:00,52.2266601,21.0591732,92.1,8.74,0.008,-0.012,0.985,0,7.750339026563297,10.0,14.914319090854702,-1.0,5.0,52.226542,21.059277,10.0
16955,2026-05-11 20:23:52.100000+00:00,52.2266707,21.0591642,91.7,10.48,0.022,-0.008,0.971,0,9.565504642446747,10.0,16.242736858202843,-1.0,5.0,52.226542,21.059277,10.0
16960,2026-05-11 20:23:52.600000+00:00,52.2266831,21.0591502,91.4,13.16,0.031,-0.029,0.979,0,12.070275910634804,10.0,17.909581672774106,-1.0,5.0,52.226542,21.059277,10.0
16965,2026-05-11 20:23:53.100000+00:00,52.2266988,21.0591348,91.3,15.17,0.039,-0.065,0.965,0,14.663798576353733,10.0,19.944911637126253,-1.0,5.0,52.226542,21.059277,10.0
16970,2026-05-11 20:23:53.600000+00:00,52.2267176,21.0591165,91.3,18.18,0.021,-0.041,0.994,0,17.523743996472295,10.0,22.37774980292936,-1.0,5.0,52.226542,21.059277,10.0
16975,2026-05-11 20:23:54.100000+00:00,52.2267385,21.0590963,91.4,20.12,0.038,-0.031,0.967,0,19.44507360454317,10.0,25.077752042712493,-1.0,5.0,52.226542,21.059277,10.0
16980,2026-05-11 20:23:54.600000+00:00,52.2267627,21.0590744,91.4,23.01,0.0,-0.07,0.97,0,22.152150615710944,10.0,28.1543756444763,-1.0,5.0,52.226542,21.059277,10.0
16985,2026-05-11 20:23:55.100000+00:00,52.2267892,21.0590521,91.4,24.0,-0.028,-0.062,0.97,0,23.868652653498884,10.0,31.46751174433976,-1.0,5.0,52.226542,21.059277,10.0
16990,2026-05-11 20:23:55.600000+00:00,52.2268172,21.0590288,91.4,25.48,-0.036,-0.049,0.966,0,25.161037700283284,10.0,34.959944491421616,-1.0,5.0,52.226542,21.059277,10.0
16995,2026-05-11 20:23:56.100000+00:00,52.2268464,21.059004,91.0,26.65,-0.038,-0.085,0.959,0,26.351944979989824,10.0,38.618900480458855,-1.0,5.0,52.226542,21.059277,10.0
17000,2026-05-11 20:23:56.600000+00:00,52.2268777,21.0589811,90.9,27.21,-0.124,-0.072,0.983,0,27.46022246782503,10.0,42.42142831027055,-1.0,5.0,52.226542,21.059277,10.0
17005,2026-05-11 20:23:57.100000+00:00,52.2269091,21.058961,90.9,26.38,-0.144,-0.024,0.961,0,27.00235940459348,10.0,46.14639189493017,-1.0,5.0,52.226542,21.059277,10.0
17010,2026-05-11 20:23:57.600000+00:00,52.2269378,21.058943,91.4,25.17,-0.121,-0.01,0.956,0,24.6145506920292,10.0,49.54277373092505,-1.0,5.0,52.226542,21.059277,10.0
17015,2026-05-11 20:23:58.100000+00:00,52.2269683,21.0589212,91.3,26.23,-0.121,0.007,0.958,0,26.656125917953844,10.0,53.23787118873228,-1.0,5.0,52.226542,21.059277,10.0
17020,2026-05-11 20:23:58.600000+00:00,52.2269986,21.0589015,91.3,25.65,-0.128,0.009,0.968,0,26.11122489581473,10.0,56.84956464435717,-1.0,5.0,52.226542,21.059277,10.0
17025,2026-05-11 20:23:59.100000+00:00,52.2270289,21.0588825,91.2,25.13,-0.125,-0.005,0.974,0,25.98617093586107,10.0,60.44182670208465,-1.0,5.0,52.226542,21.059277,10.0
17030,2026-05-11 20:23:59.600000+00:00,52.2270578,21.0588633,91.1,24.63,-0.099,-0.026,0.958,0,24.97989282195396,10.0,63.90222635284426,-1.0,5.0,52.226542,21.059277,10.0
17035,2026-05-11 20:24:00.100000+00:00,52.2270877,21.0588442,91.0,25.27,-0.075,-0.03,0.983,0,25.7053039740435,10.0,67.46057287940783,-1.0,5.0,52.226542,21.059277,10.0
17040,2026-05-11 20:24:00.600000+00:00,52.2271185,21.0588242,91.1,26.47,-0.069,-0.019,0.956,0,26.53754489136077,10.0,71.13686308362352,-1.0,5.0,52.226542,21.059277,10.0
17045,2026-05-11 20:24:01.100000+00:00,52.2271486,21.0588036,91.1,26.17,-0.088,0.011,0.974,0,26.129964991177715,10.0,74.76145277004568,-1.0,5.0,52.226542,21.059277,10.0
17050,2026-05-11 20:24:01.600000+00:00,52.2271784,21.0587824,90.9,25.62,-0.108,0.007,0.961,0,26.02476145631997,10.0,78.37389454750995,-1.0,5.0,52.226542,21.059277,10.0
17055,2026-05-11 20:24:02.100000+00:00,52.2272088,21.058761,90.8,26.11,-0.11,0.008,0.97,0,26.504503480164757,,82.05264182204921,-1.0,5.0,52.226542,21.059277,10.0
17060,2026-05-11 20:24:02.600000+00:00,52.2272388,21.0587385,90.9,26.2,-0.103,0.001,0.96,0,26.431343939304973,,85.7234088081718,-1.0,5.0,52.226542,21.059277,10.0
17065,2026-05-11 20:24:03.100000+00:00,52.2272683,21.0587168,91.1,25.21,-0.111,0.004,0.956,0,25.90450595901753,,89.32064679655936,-1.0,5.0,52.226542,21.059277,10.0
17070,2026-05-11 20:24:03.600000+00:00,52.2272971,21.0586945,91.4,24.75,-0.151,0.03,1.074,0,25.519292801486685,,92.8649892176122,-1.0,5.0,52.226542,21.059277,10.0
17075,2026-05-11 20:24:04.100000+00:00,52.2273234,21.0586736,91.8,23.08,-0.116,-0.049,0.863,0,23.417867016218143,,96.11726030770662,-1.0,5.0,52.226542,21.059277,10.0
17080,2026-05-11 20:24:04.600000+00:00,52.2273479,21.0586582,92.3,21.0,-0.167,0.002,0.964,0,21.01840706974497,,99.02866736379508,-1.0,5.0,52.226542,21.059277,10.0
17085,2026-05-11 20:24:05.100000+00:00,52.227368,21.0586434,92.8,16.72,-0.175,-0.002,0.96,0,17.653119441714082,,101.48018577784735,-1.0,5.0,52.226542,21.059277,10.0
17090,2026-05-11 20:24:05.600000+00:00,52.2273856,21.058634,93.2,15.38,-0.179,0.009,1.074,0,14.825481454308868,,103.5240132985916,-1.0,5.0,52.226542,21.059277,10.0
17095,2026-05-11 20:24:06.100000+00:00,52.2274022,21.0586238,93.7,14.73,-0.121,-0.026,0.841,0,14.200164052053577,,105.4905484370842,-1.0,5.0,52.226542,21.059277,10.0
17100,2026-05-11 20:24:06.600000+00:00,52.2274218,21.0586149,94.0,16.21,-0.104,0.035,0.963,0,16.287488835114164,,107.7229467136328,-1.0,5.0,52.226542,21.059277,10.0
17105,2026-05-11 20:24:07.100000+00:00,52.2274444,21.0586023,94.3,18.69,-0.134,-0.009,0.995,0,19.119600710025534,,110.36474795149677,-1.0,5.0,52.226542,21.059277,10.0
17110,2026-05-11 20:24:07.600000+00:00,52.2274656,21.0585898,94.6,18.11,-0.118,0.014,0.966,0,18.045815226054383,,112.86269683979272,-1.0,5.0,52.226542,21.059277,10.0
17115,2026-05-11 20:24:08.100000+00:00,52.2274823,21.0585827,94.8,15.58,-0.069,-0.016,0.94,0,13.815998165430573,,114.7534577881198,-1.0,5.0,52.226542,21.059277,10.0
17120,2026-05-11 20:24:08.600000+00:00,52.227497,21.0585803,94.8,13.71,-0.076,0.037,1.031,0,11.827574343297234,,116.3113209400844,-1.0,5.0,52.226542,21.059277,10.0
17125,2026-05-11 20:24:09.100000+00:00,52.2275181,21.0585704,93.6,15.45,-0.031,-0.012,0.906,0,17.576526397524844,,118.728977839517,-1.0,5.0,52.226542,21.059277,10.0
17130,2026-05-11 20:24:09.600000+00:00,52.2275411,21.0585465,92.6,19.15,-0.036,-0.02,0.941,0,21.82745378714467,,121.72761080469536,-1.0,5.0,52.226542,21.059277,10.0
17135,2026-05-11 20:24:10.100000+00:00,52.2275646,21.0585273,93.3,19.58,-0.042,-0.005,1.046,0,21.038661893962505,,124.6470182570394,-1.0,5.0,52.226542,21.059277,10.0
17140,2026-05-11 20:24:10.600000+00:00,52.2275908,21.0585069,93.6,21.9,-0.026,0.01,0.918,0,23.23928094260401,,127.87386854484517,-1.0,5.0,52.226542,21.059277,10.0
17145,2026-05-11 20:24:11.100000+00:00,52.2276157,21.0584833,93.7,20.32,-0.01,-0.06,0.915,0,23.05091555877386,,126.8475492572472,-1.0,5.0,52.228671,21.057776,9.0
17150,2026-05-11 20:24:11.600000+00:00,52.2276451,21.0584619,94.0,23.6,-0.032,-0.003,1.016,0,25.77123931143188,,123.26985141118222,-1.0,5.0,52.228671,21.057776,9.0
17155,2026-05-11 20:24:12.100000+00:00,52.2276785,21.0584376,93.8,27.0,-0.031,-0.038,0.986,0,29.2752180323967,,119.20580963321562,-1.0,5.0,52.228671,21.057776,9.0
17160,2026-05-11 20:24:12.600000+00:00,52.2277117,21.0584106,93.8,27.86,-0.031,-0.043,0.94,0,29.695280407740015,,115.0933199870846,-1.0,5.0,52.228671,21.057776,9.0
17165,2026-05-11 20:24:13.100000+00:00,52.2277488,21.058383,93.5,28.89,-0.013,-0.02,0.992,0,32.640790520717495,,110.56415699400988,-1.0,5.0,52.228671,21.057776,9.0
17170,2026-05-11 20:24:13.600000+00:00,52.227787,21.0583553,93.5,31.26,-0.03,-0.008,0.969,0,33.46403985779454,,105.9193043106193,-1.0,5.0,52.228671,21.057776,9.0
17175,2026-05-11 20:24:14.100000+00:00,52.2278249,21.0583228,93.8,32.21,-0.033,-0.021,0.984,0,34.27386376954429,,101.1849177782206,-1.0,5.0,52.228671,21.057776,9.0
17180,2026-05-11 20:24:14.600000+00:00,52.2278663,21.0582924,94.0,34.22,-0.027,-0.024,0.953,0,36.34325684188566,,96.14280228695878,-1.0,5.0,52.228671,21.057776,9.0
17185,2026-05-11 20:24:15.100000+00:00,52.2279087,21.0582635,94.2,33.65,-0.039,-0.009,0.971,0,36.785243654151735,,91.03492855668884,-1.0,5.0,52.228671,21.057776,9.0
17190,2026-05-11 20:24:15.600000+00:00,52.2279522,21.0582335,94.8,35.39,-0.04,-0.016,0.973,0,37.80607487381823,,85.78601958469109,-1.0,5.0,52.228671,21.057776,9.0
17195,2026-05-11 20:24:16.100000+00:00,52.2279965,21.058202,95.2,36.85,-0.041,-0.008,0.985,0,38.6846804954691,,80.41751432505843,-1.0,5.0,52.228671,21.057776,9.0
17200,2026-05-11 20:24:16.600000+00:00,52.2280429,21.0581697,95.8,37.47,-0.028,-0.022,0.944,0,40.38394258999895,9.0,74.81210316177886,-1.0,5.0,52.228671,21.057776,9.0
17205,2026-05-11 20:24:17.100000+00:00,52.2280896,21.0581369,95.6,39.18,-0.045,-0.008,0.985,0,40.70125342594702,9.0,69.1639686396852,-1.0,5.0,52.228671,21.057776,9.0
17210,2026-05-11 20:24:17.600000+00:00,52.228137,21.0581049,95.6,41.15,-0.034,-0.016,0.971,0,41.06513793531443,9.0,63.46304966498234,-1.0,5.0,52.228671,21.057776,9.0
17215,2026-05-11 20:24:18.100000+00:00,52.2281851,21.0580727,95.4,41.01,-0.051,-0.02,0.978,0,41.62068380464706,9.0,57.68496140629981,-1.0,5.0,52.228671,21.057776,9.0
17220,2026-05-11 20:24:18.600000+00:00,52.228237,21.0580352,95.7,42.34,-0.1,0.025,0.976,0,45.438774325176205,9.0,51.38624679935329,-1.0,5.0,52.228671,21.057776,9.0
17225,2026-05-11 20:24:19.100000+00:00,52.2282882,21.0579999,95.6,41.53,-0.091,0.005,0.945,0,44.4961604864876,9.0,45.21461783297501,-1.0,5.0,52.228671,21.057776,9.0
17230,2026-05-11 20:24:19.600000+00:00,52.2283392,21.0579677,96.0,40.68,-0.114,0.023,0.977,0,43.777697529717486,9.0,39.1365768587145,-1.0,5.0,52.228671,21.057776,9.0
17235,2026-05-11 20:24:20.100000+00:00,52.2283879,21.0579348,96.8,39.51,-0.106,-0.002,0.958,0,42.19555406530874,9.0,33.28547430901883,-1.0,5.0,52.228671,21.057776,9.0
17240,2026-05-11 20:24:20.600000+00:00,52.2284363,21.0579002,97.0,41.48,-0.106,0.004,0.953,0,42.30115008249262,9.0,27.434148925755533,-1.0,5.0,52.228671,21.057776,9.0
17245,2026-05-11 20:24:21.100000+00:00,52.2284826,21.0578667,97.3,39.21,-0.115,0.003,0.968,0,40.545084818128124,9.0,21.840933686000653,-1.0,5.0,52.228671,21.057776,9.0
17250,2026-05-11 20:24:21.600000+00:00,52.2285272,21.0578349,96.9,39.34,-0.116,0.006,0.971,0,38.96357209326053,9.0,16.485370437237236,-1.0,5.0,52.228671,21.057776,9.0
17255,2026-05-11 20:24:22.100000+00:00,52.2285723,21.0578071,96.7,39.01,-0.111,-0.003,0.943,0,38.595052409311045,9.0,11.177473872865232,-1.0,5.0,52.228671,21.057776,9.0
17260,2026-05-11 20:24:22.600000+00:00,52.2286212,21.0577818,96.7,39.87,-0.118,-0.014,0.974,0,41.06833341408196,9.0,5.55157945749442,-1.0,5.0,52.228671,21.057776,9.0
17265,2026-05-11 20:24:23.100000+00:00,52.2286675,21.0577509,96.9,39.37,-0.121,-0.038,0.964,0,40.04543750401095,9.0,1.753255741852378,-1.0,5.0,52.228671,21.057776,9.0
17270,2026-05-11 20:24:23.600000+00:00,52.2287156,21.0577233,96.9,39.27,-0.134,-0.052,0.965,0,40.81821324978013,9.0,6.121900337207956,-1.0,5.0,52.228671,21.057776,9.0
17275,2026-05-11 20:24:24.100000+00:00,52.2287611,21.057698,97.1,37.31,-0.125,-0.037,0.962,0,38.4822375391552,9.0,11.339997663415431,-1.0,5.0,52.228671,21.057776,9.0
17280,2026-05-11 20:24:24.600000+00:00,52.2288083,21.057675,97.3,37.27,-0.132,-0.021,0.987,0,39.43574857651696,9.0,16.745229325323375,-1.0,5.0,52.228671,21.057776,9.0
17285,2026-05-11 20:24:25.100000+00:00,52.2288559,21.057652,97.7,37.57,-0.108,0.006,0.932,0,39.74271533823703,9.0,22.226919243055843,-1.0,5.0,52.228671,21.057776,9.0
17290,2026-05-11 20:24:25.600000+00:00,52.2289039,21.057629,98.3,37.15,-0.118,0.038,0.955,0,40.04988994736126,9.0,27.765225212710316,-1.0,5.0,52.228671,21.057776,9.0
17295,2026-05-11 20:24:26.100000+00:00,52.2289493,21.0576067,98.4,36.04,-0.146,0.058,0.969,0,37.95676475871125,9.0,33.023983700891314,-1.0,5.0,52.228671,21.057776,9.0
17300,2026-05-11 20:24:26.600000+00:00,52.2289933,21.0575823,98.2,35.91,-0.168,0.059,0.975,0,37.203160798791615,9.0,38.189179418440666,-1.0,5.0,52.228671,21.057776,9.0
17305,2026-05-11 20:24:27.100000+00:00,52.2290346,21.0575567,98.0,33.96,-0.142,0.034,0.951,0,35.36781166726049,9.0,43.10115203168338,-1.0,5.0,52.228671,21.057776,9.0
17310,2026-05-11 20:24:27.600000+00:00,52.229074,21.0575318,96.9,32.67,-0.176,0.008,0.971,0,33.82457674481307,9.0,47.79850416146315,-1.0,5.0,52.228671,21.057776,9.0
17315,2026-05-11 20:24:28.100000+00:00,52.2291108,21.0575049,96.5,30.96,-0.173,0.001,0.95,0,32.280426563858335,9.0,52.27308826432382,-1.0,5.0,52.228671,21.057776,9.0
17320,2026-05-11 20:24:28.600000+00:00,52.2291448,21.0574791,96.3,29.51,-0.168,0.007,0.956,0,30.017007409299836,9.0,56.43153096026011,-1.0,5.0,52.228671,21.057776,9.0
17325,2026-05-11 20:24:29.100000+00:00,52.2291781,21.057456,96.1,28.71,-0.161,0.007,0.97,0,28.96680584103209,9.0,60.45235943149501,-1.0,5.0,52.228671,21.057776,9.0
17330,2026-05-11 20:24:29.600000+00:00,52.2292081,21.0574334,95.9,26.77,-0.153,0.03,0.967,0,26.451647271921956,9.0,64.11922340584417,-1.0,5.0,52.228671,21.057776,9.0
17335,2026-05-11 20:24:30.100000+00:00,52.229237,21.0574088,95.9,25.87,-0.153,0.018,0.953,0,26.093317926515333,9.0,67.7232585293063,-1.0,5.0,52.228671,21.057776,9.0
17340,2026-05-11 20:24:30.600000+00:00,52.2292677,21.0573882,95.9,24.68,-0.164,0.024,0.99,0,26.573441009596213,9.0,71.41377435764072,-1.0,5.0,52.228671,21.057776,9.0
17345,2026-05-11 20:24:31.100000+00:00,52.2292945,21.0573667,95.6,22.69,-0.19,0.008,0.953,0,23.906531344013228,9.0,74.72450917268958,-1.0,5.0,52.228671,21.057776,9.0
17350,2026-05-11 20:24:31.600000+00:00,52.2293194,21.0573489,95.5,20.46,-0.203,0.019,0.936,0,21.76221669100947,9.0,77.74569677222792,-1.0,5.0,52.228671,21.057776,9.0
17355,2026-05-11 20:24:32.100000+00:00,52.2293405,21.0573323,95.3,17.96,-0.201,0.034,0.93,0,18.751714224352668,,80.34468842355754,-1.0,5.0,52.228671,21.057776,9.0
17360,2026-05-11 20:24:32.600000+00:00,52.2293593,21.0573156,96.2,15.45,-0.231,0.027,0.959,0,17.134935944256608,,82.70988125795165,-1.0,5.0,52.228671,21.057776,9.0
17365,2026-05-11 20:24:33.100000+00:00,52.2293759,21.0573028,96.7,12.47,-0.267,0.023,0.959,0,14.69769291661126,,84.74849412391022,-1.0,5.0,52.228671,21.057776,9.0
17370,2026-05-11 20:24:33.600000+00:00,52.2293876,21.05729,97.2,9.75,-0.276,0.029,0.946,0,11.275611193092118,,86.28381583110672,-1.0,5.0,52.228671,21.057776,9.0
17375,2026-05-11 20:24:34.100000+00:00,52.2293956,21.0572814,97.5,6.32,-0.276,0.034,0.929,0,7.668540334453779,,87.33023938033122,-1.0,5.0,52.228671,21.057776,9.0
17380,2026-05-11 20:24:34.600000+00:00,52.229399,21.0572759,97.7,3.1,-0.274,0.026,0.972,0,3.831917253981662,,87.82376289493445,-1.0,5.0,52.228671,21.057776,9.0
17385,2026-05-11 20:24:35.100000+00:00,52.2294007,21.0572737,97.9,0.47,-0.234,0.021,0.961,0,1.736731172874214,,88.05613368385065,-1.0,5.0,52.228671,21.057776,9.0
17390,2026-05-11 20:24:35.600000+00:00,52.2294016,21.0572724,98.2,0.14,-0.085,-0.011,0.963,0,0.9620633079659052,,88.18275636637594,-1.0,5.0,52.228671,21.057776,9.0
17395,2026-05-11 20:24:36.100000+00:00,52.2294027,21.0572713,98.3,0.16,-0.089,-0.011,0.978,0,1.0327292202914289,,88.3245816341947,-1.0,5.0,52.228671,21.057776,9.0
17400,2026-05-11 20:24:36.600000+00:00,52.2294035,21.0572699,98.5,0.26,-0.083,-0.008,0.974,0,0.9388965371495492,,88.4436487417817,-1.0,5.0,52.228671,21.057776,9.0
17405,2026-05-11 20:24:37.100000+00:00,52.2294041,21.0572678,98.6,0.09,-0.083,-0.008,0.973,0,1.1363062449876944,,88.56089501896807,-1.0,5.0,52.228671,21.057776,9.0
17410,2026-05-11 20:24:37.600000+00:00,52.2294045,21.0572655,98.7,0.36,-0.084,-0.008,0.973,0,1.1724361697670318,,88.66314856379988,-1.0,5.0,52.228671,21.057776,9.0
17415,2026-05-11 20:24:38.100000+00:00,52.229405,21.0572627,98.8,0.14,-0.086,-0.01,0.974,0,1.4302011888075332,,88.78920849938707,-1.0,5.0,52.228671,21.057776,9.0
17420,2026-05-11 20:24:38.600000+00:00,52.2294053,21.0572595,99.0,0.34,-0.085,-0.011,0.973,0,1.5874612690696777,,88.90588229566536,-1.0,5.0,52.228671,21.057776,9.0
17425,2026-05-11 20:24:39.100000+00:00,52.2294055,21.0572565,99.1,0.29,-0.063,-0.015,0.972,0,1.4798007324435842,,89.00733092104558,-1.0,5.0,52.228671,21.057776,9.0
17430,2026-05-11 20:24:39.600000+00:00,52.2294065,21.0572535,99.3,0.81,-0.031,-0.022,0.974,0,1.6748544527133264,,89.19069951216032,-1.0,5.0,52.228671,21.057776,9.0
17435,2026-05-11 20:24:40.100000+00:00,52.2294089,21.0572511,99.4,1.9,-0.012,-0.02,0.979,0,2.253227320605809,,89.50063374695219,-1.0,5.0,52.228671,21.057776,9.0
17440,2026-05-11 20:24:40.600000+00:00,52.2294137,21.0572496,99.5,3.77,0.0,-0.02,0.976,0,3.9126586252003057,,90.03082747763892,-1.0,5.0,52.228671,21.057776,9.0
17445,2026-05-11 20:24:41.100000+00:00,52.2294197,21.0572439,99.6,5.68,0.009,-0.025,0.981,0,5.557645952289276,,90.7974535341883,-1.0,5.0,52.228671,21.057776,9.0
17450,2026-05-11 20:24:41.600000+00:00,52.2294285,21.0572379,99.6,7.84,0.02,-0.027,0.977,0,7.634990485935075,,91.85775137176698,-1.0,5.0,52.228671,21.057776,9.0
17455,2026-05-11 20:24:42.100000+00:00,52.2294389,21.0572289,99.6,9.58,0.037,-0.025,0.978,0,9.423608286198728,,93.16276240983116,-1.0,5.0,52.228671,21.057776,9.0
17460,2026-05-11 20:24:42.600000+00:00,52.2294517,21.0572186,99.8,11.77,0.031,-0.023,0.978,0,11.42482314501784,,94.7478606498974,-1.0,5.0,52.228671,21.057776,9.0
17465,2026-05-11 20:24:43.100000+00:00,52.2294678,21.0572048,99.6,15.1,0.05,-0.027,0.971,0,14.55810888538132,,96.76480569742064,-1.0,5.0,52.228671,21.057776,9.0
17470,2026-05-11 20:24:43.600000+00:00,52.2294861,21.0571881,99.6,16.76,0.046,-0.065,0.979,0,16.78438942326201,,99.08550155299444,-1.0,5.0,52.228671,21.057776,9.0
17475,2026-05-11 20:24:44.100000+00:00,52.2295062,21.0571691,99.7,18.64,0.047,-0.041,0.969,0,18.59472001870425,,101.65321181449616,-1.0,5.0,52.228671,21.057776,9.0
17480,2026-05-11 20:24:44.600000+00:00,52.2295294,21.0571482,99.9,20.7,0.028,-0.02,0.976,0,21.21390650891413,,104.58914002541412,-1.0,5.0,52.228671,21.057776,9.0
17485,2026-05-11 20:24:45.100000+00:00,52.2295561,21.0571287,99.9,22.77,-0.002,-0.036,0.979,0,23.41738408698701,,107.84155403812144,-1.0,5.0,52.228671,21.057776,9.0
17490,2026-05-11 20:24:45.600000+00:00,52.229583,21.057105,100.0,24.27,-0.004,-0.039,0.957,0,24.47190833681625,,111.23148389694884,-1.0,5.0,52.228671,21.057776,9.0
17495,2026-05-11 20:24:46.100000+00:00,52.2296125,21.0570824,100.1,25.43,-0.029,-0.11,0.972,0,26.08866934859964,,114.85449745121092,-1.0,5.0,52.228671,21.057776,9.0
17500,2026-05-11 20:24:46.600000+00:00,52.2296436,21.0570577,100.0,27.0,-0.03,-0.038,0.962,0,27.688473356288725,,118.6985681244156,-1.0,5.0,52.228671,21.057776,9.0
17505,2026-05-11 20:24:47.100000+00:00,52.2296767,21.0570328,99.7,28.72,-0.034,-0.056,0.971,0,29.177675354918133,,122.75092840454448,-1.0,5.0,52.228671,21.057776,9.0
17510,2026-05-11 20:24:47.600000+00:00,52.2297105,21.057009,99.6,28.86,-0.1,-0.045,0.98,0,29.469840278199506,,126.84332971787506,-1.0,5.0,52.228671,21.057776,9.0
17515,2026-05-11 20:24:48.100000+00:00,52.2297447,21.0569871,99.5,28.89,-0.132,-0.036,0.953,0,29.41133126306428,,130.92315243834847,-1.0,5.0,52.228671,21.057776,9.0
17520,2026-05-11 20:24:48.600000+00:00,52.2297793,21.056966,99.3,28.74,-0.116,-0.03,0.969,0,29.570150463525877,,135.02159926074586,-1.0,5.0,52.228671,21.057776,9.0
17525,2026-05-11 20:24:49.100000+00:00,52.2298141,21.0569451,98.8,28.68,-0.088,-0.034,0.954,0,29.686198480964432,,139.13532242943114,-1.0,5.0,52.228671,21.057776,9.0
17530,2026-05-11 20:24:49.600000+00:00,52.2298492,21.0569246,98.5,29.18,-0.089,-0.034,0.984,0,29.845087882290343,,143.26905584589977,-1.0,5.0,52.228671,21.057776,9.0
17535,2026-05-11 20:24:50.100000+00:00,52.2298845,21.0569053,98.2,29.12,-0.074,-0.047,0.977,0,29.803852305583952,,147.3908831664103,-1.0,5.0,52.228671,21.057776,9.0
17540,2026-05-11 20:24:50.600000+00:00,52.2299211,21.056886,98.1,30.33,-0.058,-0.047,0.948,0,30.792540523027892,,151.29953066474366,-1.0,5.0,52.23118,21.056043,8.0
17545,2026-05-11 20:24:51.100000+00:00,52.2299587,21.0568668,98.0,30.72,-0.061,0.0,0.971,0,31.540677085228666,,146.9355862760662,-1.0,5.0,52.23118,21.056043,8.0
17550,2026-05-11 20:24:51.600000+00:00,52.2299978,21.056847,97.6,32.9,-0.056,0.016,0.974,0,32.77474618871349,,142.40298265549234,-1.0,5.0,52.23118,21.056043,8.0
17555,2026-05-11 20:24:52.100000+00:00,52.2300369,21.0568236,97.7,32.38,-0.047,0.039,0.988,0,33.34036106335272,,137.77687003169166,-1.0,5.0,52.23118,21.056043,8.0
17560,2026-05-11 20:24:52.600000+00:00,52.2300768,21.0568001,97.6,33.16,-0.031,0.022,0.947,0,33.959037498865435,,133.06642216987794,-1.0,5.0,52.23118,21.056043,8.0
17565,2026-05-11 20:24:53.100000+00:00,52.2301173,21.0567739,97.6,34.24,-0.031,0.021,0.981,0,34.87696914433368,,128.22347096629295,-1.0,5.0,52.23118,21.056043,8.0
17570,2026-05-11 20:24:53.600000+00:00,52.2301584,21.0567466,97.9,34.61,-0.081,0.039,0.966,0,35.52372692410079,,123.2900081850049,-1.0,5.0,52.23118,21.056043,8.0
17575,2026-05-11 20:24:54.100000+00:00,52.230198,21.0567179,97.9,34.62,-0.096,0.048,0.94,0,34.68713893304267,,118.47321636094844,-1.0,5.0,52.23118,21.056043,8.0
17580,2026-05-11 20:24:54.600000+00:00,52.2302352,21.0566913,97.3,33.88,-0.122,0.047,1.037,0,32.5135420985277,,113.9579316873916,-1.0,5.0,52.23118,21.056043,8.0
17585,2026-05-11 20:24:55.100000+00:00,52.2302684,21.0566663,95.4,33.84,-0.089,0.02,0.942,0,29.270842775664715,,109.89501416620304,-1.0,5.0,52.23118,21.056043,8.0
17590,2026-05-11 20:24:55.600000+00:00,52.230303,21.0566395,94.1,33.82,-0.107,0.038,0.939,0,30.66011122813069,,105.64142965823716,-1.0,5.0,52.23118,21.056043,8.0
17595,2026-05-11 20:24:56.100000+00:00,52.2303393,21.0566149,93.1,33.17,-0.122,-0.002,1.001,0,31.465970118526265,,101.27115979120944,-1.0,5.0,52.23118,21.056043,8.0
17600,2026-05-11 20:24:56.600000+00:00,52.2303755,21.0565891,92.4,33.12,-0.116,-0.045,0.935,0,31.62281841189068,,96.879750897208,-1.0,5.0,52.23118,21.056043,8.0
17605,2026-05-11 20:24:57.100000+00:00,52.230413,21.0565682,91.9,32.51,-0.125,-0.043,0.998,0,31.72365851404354,,92.48345117744496,-1.0,5.0,52.23118,21.056043,8.0
17610,2026-05-11 20:24:57.600000+00:00,52.2304514,21.0565464,91.7,32.07,-0.081,-0.016,0.972,0,32.54866045432425,,87.9720754788544,-1.0,5.0,52.23118,21.056043,8.0
17615,2026-05-11 20:24:58.100000+00:00,52.2304883,21.0565228,91.7,31.29,-0.095,-0.049,0.928,0,31.728027645130247,,83.56709141346792,-1.0,5.0,52.23118,21.056043,8.0
17620,2026-05-11 20:24:58.600000+00:00,52.2305251,21.0564991,91.7,30.79,-0.106,-0.004,0.995,0,31.67145297390174,8.0,79.1698506818937,-1.0,5.0,52.23118,21.056043,8.0
17625,2026-05-11 20:24:59.100000+00:00,52.2305606,21.0564758,91.7,30.21,-0.096,-0.002,0.969,0,30.631941564197504,8.0,74.91640183882896,-1.0,5.0,52.23118,21.056043,8.0
17630,2026-05-11 20:24:59.600000+00:00,52.2305959,21.0564525,91.8,30.1,-0.092,-0.007,0.952,0,30.48343089145656,8.0,70.68350663892285,-1.0,5.0,52.23118,21.056043,8.0
17635,2026-05-11 20:25:00.100000+00:00,52.2306296,21.0564291,92.1,29.13,-0.102,-0.009,0.973,0,29.318929411919765,8.0,66.61145917822286,-1.0,5.0,52.23118,21.056043,8.0
17640,2026-05-11 20:25:00.600000+00:00,52.2306631,21.0564083,92.3,28.52,-0.116,-0.012,0.973,0,28.69411645246128,8.0,62.62997479926546,-1.0,5.0,52.23118,21.056043,8.0
17645,2026-05-11 20:25:01.100000+00:00,52.2306962,21.0563909,92.3,27.27,-0.146,0.01,0.95,0,27.839669952119998,8.0,58.7827260248697,-1.0,5.0,52.23118,21.056043,8.0
17650,2026-05-11 20:25:01.600000+00:00,52.2307283,21.0563719,92.5,26.48,-0.126,0.016,0.98,0,27.3360551117331,8.0,54.995178048831605,-1.0,5.0,52.23118,21.056043,8.0
17655,2026-05-11 20:25:02.100000+00:00,52.2307589,21.0563523,92.7,25.75,-0.09,0.001,0.973,0,26.31626379482204,8.0,51.344217664900654,-1.0,5.0,52.23118,21.056043,8.0
17660,2026-05-11 20:25:02.600000+00:00,52.230789,21.0563323,93.1,24.7,-0.1,-0.007,0.96,0,26.017321268550283,8.0,47.733253984920495,-1.0,5.0,52.23118,21.056043,8.0
17665,2026-05-11 20:25:03.100000+00:00,52.2308188,21.0563138,93.6,24.7,-0.127,0.017,0.952,0,25.524435849216605,8.0,44.195583279119006,-1.0,5.0,52.23118,21.056043,8.0
17670,2026-05-11 20:25:03.600000+00:00,52.2308468,21.0562991,93.7,22.87,-0.13,0.008,0.974,0,23.547307678411794,8.0,40.95024369626545,-1.0,5.0,52.23118,21.056043,8.0
17675,2026-05-11 20:25:04.100000+00:00,52.2308747,21.0562837,94.1,22.73,-0.106,0.005,0.958,0,23.5787800313196,8.0,37.69849799499816,-1.0,5.0,52.23118,21.056043,8.0
17680,2026-05-11 20:25:04.600000+00:00,52.2309013,21.0562687,94.5,22.0,-0.105,0.005,0.965,0,22.530479833509684,8.0,34.592706973211314,-1.0,5.0,52.23118,21.056043,8.0
17685,2026-05-11 20:25:05.100000+00:00,52.2309271,21.0562533,94.9,21.2,-0.112,0.004,0.976,0,21.992657951043487,8.0,31.558395622028325,-1.0,5.0,52.23118,21.056043,8.0
17690,2026-05-11 20:25:05.600000+00:00,52.2309504,21.0562395,94.7,19.96,-0.108,0.004,0.972,0,19.843505108033057,8.0,28.825185103599445,-1.0,5.0,52.23118,21.056043,8.0
17695,2026-05-11 20:25:06.100000+00:00,52.2309744,21.0562247,95.0,19.83,-0.102,0.002,0.968,0,20.53932330975455,8.0,25.9958966263081,-1.0,5.0,52.23118,21.056043,8.0
17700,2026-05-11 20:25:06.600000+00:00,52.2309974,21.0562107,95.1,19.22,-0.098,0.002,0.941,0,19.65193280512388,8.0,23.295970819324204,-1.0,5.0,52.23118,21.056043,8.0
17705,2026-05-11 20:25:07.100000+00:00,52.2310203,21.0561988,95.4,18.1,-0.115,0.003,1.006,0,19.24002378602352,8.0,20.686394543976423,-1.0,5.0,52.23118,21.056043,8.0
17710,2026-05-11 20:25:07.600000+00:00,52.2310416,21.0561854,95.6,17.1,-0.114,-0.005,0.975,0,18.274963570845426,8.0,18.190259726674107,-1.0,5.0,52.23118,21.056043,8.0
17715,2026-05-11 20:25:08.100000+00:00,52.2310629,21.0561732,96.1,17.06,-0.102,-0.004,0.946,0,18.07173929564381,8.0,15.753465327615247,-1.0,5.0,52.23118,21.056043,8.0
17720,2026-05-11 20:25:08.600000+00:00,52.2310827,21.0561629,96.5,15.04,-0.17,0.019,0.971,0,16.637101203674128,8.0,13.554906102173671,-1.0,5.0,52.23118,21.056043,8.0
17725,2026-05-11 20:25:09.100000+00:00,52.2310995,21.0561512,96.9,13.71,-0.155,0.01,0.954,0,14.622611630060357,8.0,11.594155823795289,-1.0,5.0,52.23118,21.056043,8.0
17730,2026-05-11 20:25:09.600000+00:00,52.2311148,21.0561423,97.3,11.76,-0.147,0.011,0.969,0,13.00343671224125,8.0,9.91444274414975,-1.0,5.0,52.23118,21.056043,8.0
17735,2026-05-11 20:25:10.100000+00:00,52.2311285,21.056132,97.8,11.03,-0.128,0.009,0.961,0,12.075251324684292,8.0,8.33861319772098,-1.0,5.0,52.23118,21.056043,8.0
17740,2026-05-11 20:25:10.600000+00:00,52.2311411,21.0561247,98.2,9.73,-0.139,0.0,0.97,0,10.703880202249367,8.0,7.047645112438346,-1.0,5.0,52.23118,21.056043,8.0
17745,2026-05-11 20:25:11.100000+00:00,52.2311517,21.0561126,99.0,8.27,-0.126,0.009,0.965,0,10.354826489891762,8.0,5.689521116741901,-1.0,5.0,52.23118,21.056043,8.0
17750,2026-05-11 20:25:11.600000+00:00,52.2311616,21.0561037,99.7,7.64,-0.121,0.014,0.972,0,9.048020865797575,8.0,4.612533982830727,-1.0,5.0,52.23118,21.056043,8.0
17755,2026-05-11 20:25:12.100000+00:00,52.2311707,21.0560971,100.1,7.27,-0.112,0.003,0.968,0,7.971960070907044,8.0,3.826816185653532,-1.0,5.0,52.23118,21.056043,8.0
17760,2026-05-11 20:25:12.600000+00:00,52.231178,21.0560887,100.5,6.07,-0.108,0.0,0.971,0,7.150022859163035,8.0,3.1203031692741563,-1.0,5.0,52.23118,21.056043,8.0
17765,2026-05-11 20:25:13.100000+00:00,52.231185,21.0560809,101.2,5.37,-0.102,0.002,0.972,0,6.784980423003892,8.0,2.640352971430556,-1.0,5.0,52.23118,21.056043,8.0
17770,2026-05-11 20:25:13.600000+00:00,52.2311919,21.0560756,101.7,4.87,-0.091,0.0,0.969,0,6.104954113752608,8.0,2.5846087173317875,-1.0,5.0,52.23118,21.056043,8.0
17775,2026-05-11 20:25:14.100000+00:00,52.2311978,21.0560706,102.2,4.21,-0.082,0.0,0.973,0,5.321947645136906,8.0,2.729597458702971,-1.0,5.0,52.23118,21.056043,8.0
17780,2026-05-11 20:25:14.600000+00:00,52.2312041,21.0560654,102.8,4.67,-0.078,-0.004,0.974,0,5.651685119255673,8.0,3.0835981937525574,-1.0,5.0,52.23118,21.056043,8.0
17785,2026-05-11 20:25:15.100000+00:00,52.2312101,21.0560614,103.2,4.11,-0.07,-0.004,0.976,0,5.188629581411192,8.0,3.573863169803057,-1.0,5.0,52.23118,21.056043,8.0
17790,2026-05-11 20:25:15.600000+00:00,52.2312173,21.056059,103.8,4.41,-0.072,-0.003,0.975,0,5.883249969583683,8.0,4.288323847557512,-1.0,5.0,52.23118,21.056043,8.0
17795,2026-05-11 20:25:16.100000+00:00,52.2312237,21.0560565,104.3,3.78,-0.067,-0.004,0.975,0,5.268466390210836,8.0,4.945433604295324,-1.0,5.0,52.23118,21.056043,8.0
17800,2026-05-11 20:25:16.600000+00:00,52.2312299,21.056054,104.6,4.2,-0.067,-0.008,0.974,0,5.112876250103405,8.0,5.59897145567606,-1.0,5.0,52.23118,21.056043,8.0
17805,2026-05-11 20:25:17.100000+00:00,52.2312351,21.0560531,104.7,3.8,-0.066,-0.006,0.973,0,4.186463643561536,8.0,6.165331797833811,-1.0,5.0,52.23118,21.056043,8.0
17810,2026-05-11 20:25:17.600000+00:00,52.231241,21.056051,104.9,3.92,-0.058,-0.01,0.976,0,4.834498957459954,8.0,6.804737192284989,-1.0,5.0,52.23118,21.056043,8.0
17815,2026-05-11 20:25:18.100000+00:00,52.2312474,21.056049,105.2,4.22,-0.042,-0.009,0.975,0,5.216870558336726,8.0,7.505669564221532,-1.0,5.0,52.23118,21.056043,8.0
17820,2026-05-11 20:25:18.600000+00:00,52.2312552,21.0560467,105.6,5.48,-0.023,-0.014,0.975,0,6.345731847389364,8.0,8.36565443572741,-1.0,5.0,52.23118,21.056043,8.0
17825,2026-05-11 20:25:19.100000+00:00,52.2312627,21.0560408,105.9,6.11,0.003,-0.029,0.974,0,6.665145817087133,8.0,9.197040952716858,-1.0,5.0,52.23118,21.056043,8.0
17830,2026-05-11 20:25:19.600000+00:00,52.2312725,21.0560357,106.2,7.7,0.02,-0.03,0.979,0,8.234822282926997,8.0,10.29753908628748,-1.0,5.0,52.23118,21.056043,8.0
17835,2026-05-11 20:25:20.100000+00:00,52.2312844,21.0560287,106.4,9.77,0.034,-0.033,0.977,0,10.126643150039513,8.0,11.649529937242816,-1.0,5.0,52.23118,21.056043,8.0
17840,2026-05-11 20:25:20.600000+00:00,52.2312985,21.0560192,106.7,11.91,0.041,-0.05,0.979,0,12.211896746278663,8.0,13.275918464743045,-1.0,5.0,52.23118,21.056043,8.0
17845,2026-05-11 20:25:21.100000+00:00,52.2313145,21.0560017,107.4,13.8,0.049,-0.068,0.988,0,15.418265720822443,8.0,15.21791040879254,-1.0,5.0,52.23118,21.056043,8.0
17850,2026-05-11 20:25:21.600000+00:00,52.2313333,21.055987,107.8,15.95,0.058,-0.057,0.967,0,16.688327153540126,8.0,17.467617875131886,-1.0,5.0,52.23118,21.056043,8.0
17855,2026-05-11 20:25:22.100000+00:00,52.231356,21.0559744,108.2,18.8,0.056,-0.052,0.979,0,19.195207208931507,8.0,20.120238974558266,-1.0,5.0,52.23118,21.056043,8.0
17860,2026-05-11 20:25:22.600000+00:00,52.2313809,21.0559608,108.5,20.88,0.045,-0.05,0.974,0,21.02088192288411,8.0,23.02982997710587,-1.0,5.0,52.23118,21.056043,8.0
17865,2026-05-11 20:25:23.100000+00:00,52.2314087,21.055947,108.7,22.92,0.024,-0.012,0.978,0,23.262714102318757,8.0,26.25727627144394,-1.0,5.0,52.23118,21.056043,8.0
17870,2026-05-11 20:25:23.600000+00:00,52.2314372,21.0559306,108.6,24.66,0.012,0.012,0.956,0,24.192845119048226,8.0,29.606072609806784,-1.0,5.0,52.23118,21.056043,8.0
17875,2026-05-11 20:25:24.100000+00:00,52.2314683,21.055913,108.9,25.76,-0.003,0.011,0.999,0,26.35199713575413,8.0,33.257603736795105,-1.0,5.0,52.23118,21.056043,8.0
17880,2026-05-11 20:25:24.600000+00:00,52.2314998,21.0558941,109.0,26.97,0.008,0.004,0.977,0,26.867942972517493,8.0,36.97779260466724,-1.0,5.0,52.23118,21.056043,8.0
17885,2026-05-11 20:25:25.100000+00:00,52.2315334,21.0558754,109.2,28.49,0.015,0.001,0.958,0,28.42014375005643,8.0,40.92044799110136,-1.0,5.0,52.23118,21.056043,8.0
17890,2026-05-11 20:25:25.600000+00:00,52.2315687,21.0558555,109.3,29.25,0.0,0.003,0.996,0,29.89846102338044,8.0,45.06834347539394,-1.0,5.0,52.23118,21.056043,8.0
17895,2026-05-11 20:25:26.100000+00:00,52.231605,21.0558324,109.6,30.66,0.003,-0.011,0.962,0,31.191272904546764,8.0,49.386404473237576,-1.0,5.0,52.23118,21.056043,8.0
17900,2026-05-11 20:25:26.600000+00:00,52.2316433,21.0558091,109.7,32.15,0.001,0.004,0.93,0,32.722449216231915,8.0,53.92319224541424,-1.0,5.0,52.23118,21.056043,8.0
17905,2026-05-11 20:25:27.100000+00:00,52.2316791,21.0557827,109.0,31.46,-0.047,-0.003,0.983,0,31.44938753435199,8.0,58.25995898989014,-1.0,5.0,52.23118,21.056043,8.0
17910,2026-05-11 20:25:27.600000+00:00,52.231715,21.0557554,108.4,32.48,-0.079,-0.022,0.974,0,31.70614818599863,8.0,62.63077081186236,-1.0,5.0,52.23118,21.056043,8.0
17915,2026-05-11 20:25:28.100000+00:00,52.2317532,21.0557316,108.5,32.5,-0.092,0.003,0.967,0,32.73403379473291,8.0,67.17258927286012,-1.0,5.0,52.23118,21.056043,8.0
17920,2026-05-11 20:25:28.600000+00:00,52.2317911,21.055707,108.5,32.62,-0.083,-0.001,0.96,0,32.65261455736161,8.0,71.70073407389972,-1.0,5.0,52.23118,21.056043,8.0
17925,2026-05-11 20:25:29.100000+00:00,52.2318269,21.055682,108.7,31.29,-0.137,0.015,0.98,0,31.17308101661711,8.0,76.01748738676932,-1.0,5.0,52.23118,21.056043,8.0
17930,2026-05-11 20:25:29.600000+00:00,52.2318626,21.0556587,108.7,30.35,-0.134,0.05,0.952,0,30.780440908855503,,80.2872994936727,-1.0,5.0,52.23118,21.056043,8.0
17935,2026-05-11 20:25:30.100000+00:00,52.2318972,21.0556357,108.6,29.21,-0.132,0.032,0.973,0,29.90869063792224,,84.43540157225294,-1.0,5.0,52.23118,21.056043,8.0
17940,2026-05-11 20:25:30.600000+00:00,52.2319297,21.0556128,108.6,27.96,-0.126,0.012,0.938,0,28.339150891855788,,88.36146862679536,-1.0,5.0,52.23118,21.056043,8.0
17945,2026-05-11 20:25:31.100000+00:00,52.2319611,21.0555897,108.8,26.58,-0.153,0.012,1.007,0,27.572918014840887,,92.1776765087403,-1.0,5.0,52.23118,21.056043,8.0
17950,2026-05-11 20:25:31.600000+00:00,52.2319914,21.0555678,109.2,25.77,-0.134,0.02,0.932,0,26.52884745302004,,95.85221733131416,-1.0,5.0,52.23118,21.056043,8.0
17955,2026-05-11 20:25:32.100000+00:00,52.2320198,21.0555471,109.2,24.8,-0.136,0.008,0.966,0,24.89983155418236,,99.30102811405264,-1.0,5.0,52.23118,21.056043,8.0
17960,2026-05-11 20:25:32.600000+00:00,52.2320471,21.0555289,109.0,23.26,-0.17,-0.017,0.973,0,23.60820180318215,,102.57732683629416,-1.0,5.0,52.23118,21.056043,8.0
17965,2026-05-11 20:25:33.100000+00:00,52.2320734,21.0555133,108.6,22.36,-0.13,-0.01,0.934,0,22.40227481767127,,105.68875386726565,-1.0,5.0,52.23118,21.056043,8.0
17970,2026-05-11 20:25:33.600000+00:00,52.2320983,21.0554978,108.3,21.07,-0.133,0.03,0.992,0,21.334705562235246,,108.65154268847232,-1.0,5.0,52.23118,21.056043,8.0
17975,2026-05-11 20:25:34.100000+00:00,52.2321216,21.0554819,108.2,19.92,-0.13,0.023,0.959,0,20.21776844267916,,111.45652844046496,-1.0,5.0,52.23118,21.056043,8.0
17980,2026-05-11 20:25:34.600000+00:00,52.2321444,21.0554682,108.2,19.31,-0.13,0.013,0.965,0,19.45062399512083,,114.15799452618069,-1.0,5.0,52.23118,21.056043,8.0
17985,2026-05-11 20:25:35.100000+00:00,52.2321655,21.0554544,108.5,16.55,-0.134,0.02,0.953,0,18.19759970777014,,116.68425248639367,-1.0,5.0,52.23118,21.056043,8.0
17990,2026-05-11 20:25:35.600000+00:00,52.2321848,21.0554391,108.4,16.62,-0.114,0.061,0.994,0,17.17662581278508,,119.05790604109576,-1.0,5.0,52.23118,21.056043,8.0
17995,2026-05-11 20:25:36.100000+00:00,52.232203,21.0554268,108.2,15.55,-0.161,0.047,0.911,0,15.769867000337088,,121.246468072246,-1.0,5.0,52.23118,21.056043,8.0
18000,2026-05-11 20:25:36.600000+00:00,52.2322179,21.0554137,108.3,12.49,-0.216,0.03,0.989,0,13.548489654311409,,123.10993766072272,-1.0,5.0,52.23118,21.056043,8.0
18005,2026-05-11 20:25:37.100000+00:00,52.2322311,21.0554052,108.2,10.75,-0.225,0.016,0.951,0,11.360157736144782,,124.68742310690936,-1.0,5.0,52.23118,21.056043,8.0
18010,2026-05-11 20:25:37.600000+00:00,52.2322407,21.0553975,108.2,7.93,-0.252,0.051,0.97,0,8.563100059069969,,125.87076343052344,-1.0,5.0,52.23118,21.056043,8.0
18015,2026-05-11 20:25:38.100000+00:00,52.2322473,21.0553939,108.1,5.19,-0.241,0.027,0.964,0,5.571039757646246,,126.6440648973807,-1.0,5.0,52.23118,21.056043,8.0
18020,2026-05-11 20:25:38.600000+00:00,52.2322508,21.055392,108.1,2.79,-0.224,0.036,0.957,0,2.952929828885809,,127.05393520256985,-1.0,5.0,52.23118,21.056043,8.0
18025,2026-05-11 20:25:39.100000+00:00,52.2322519,21.0553912,108.1,0.28,-0.179,0.024,0.965,0,0.9640776318388632,,127.18757295570929,-1.0,5.0,52.23118,21.056043,8.0
18030,2026-05-11 20:25:39.600000+00:00,52.2322524,21.0553908,108.0,0.24,-0.071,-0.003,0.964,0,0.4457697879560041,,127.24918198356184,-1.0,5.0,52.23118,21.056043,8.0
18035,2026-05-11 20:25:40.100000+00:00,52.2322524,21.0553892,107.9,0.17,-0.07,0.0,0.977,0,0.7845429437224252,,127.2872580580904,-1.0,5.0,52.23118,21.056043,8.0
18040,2026-05-11 20:25:40.600000+00:00,52.232252,21.0553866,107.9,0.17,-0.072,0.0,0.972,0,1.3144882646730156,,127.30765966418144,-1.0,5.0,52.23118,21.056043,8.0
18045,2026-05-11 20:25:41.100000+00:00,52.2322516,21.0553839,107.8,0.14,-0.072,-0.002,0.975,0,1.3620971879444048,,127.33072042685862,-1.0,5.0,52.23118,21.056043,8.0
18050,2026-05-11 20:25:41.600000+00:00,52.232251,21.0553811,107.7,0.13,-0.071,-0.001,0.971,0,1.4545583306834136,,127.33566934332204,-1.0,5.0,52.23118,21.056043,8.0
18055,2026-05-11 20:25:42.100000+00:00,52.2322504,21.0553788,107.6,0.08,-0.073,0.0,0.973,0,1.2258208039951668,,127.328837504232,-1.0,5.0,52.23118,21.056043,8.0
18060,2026-05-11 20:25:42.600000+00:00,52.2322497,21.0553764,107.5,0.08,-0.07,0.0,0.974,0,1.3034437509170882,,127.31427245456268,-1.0,5.0,52.23118,21.056043,8.0
18065,2026-05-11 20:25:43.100000+00:00,52.2322487,21.0553738,107.4,0.26,-0.075,0.0,0.97,0,1.505420533867911,,127.27369180072556,-1.0,5.0,52.23118,21.056043,8.0
18070,2026-05-11 20:25:43.600000+00:00,52.2322478,21.0553714,107.4,0.13,-0.069,0.0,0.973,0,1.379882177466628,,127.2389207250608,-1.0,5.0,52.23118,21.056043,8.0
18075,2026-05-11 20:25:44.100000+00:00,52.232247,21.055369,107.3,0.13,-0.072,0.001,0.973,0,1.3398174013800264,,127.21479924597264,-1.0,5.0,52.23118,21.056043,8.0
18080,2026-05-11 20:25:44.600000+00:00,52.2322459,21.055366,107.3,0.15,-0.072,0.001,0.974,0,1.7144863214834811,,127.1746607937247,-1.0,5.0,52.23118,21.056043,8.0
18085,2026-05-11 20:25:45.100000+00:00,52.2322448,21.0553633,107.2,0.08,-0.075,-0.001,0.976,0,1.5900702748932818,,127.12751485762892,-1.0,5.0,52.23118,21.056043,8.0
18090,2026-05-11 20:25:45.600000+00:00,52.2322438,21.0553607,107.2,0.23,-0.07,0.001,0.972,0,1.5054206530410386,,127.08859432817532,-1.0,5.0,52.23118,21.056043,8.0
18095,2026-05-11 20:25:46.100000+00:00,52.2322426,21.055358,107.1,0.04,-0.072,-0.001,0.974,0,1.6357707071876304,,127.03182112779658,-1.0,5.0,52.23118,21.056043,8.0
18100,2026-05-11 20:25:46.600000+00:00,52.2322414,21.0553552,107.1,0.22,-0.071,0.0,0.976,0,1.6757040071046638,,126.97794120378803,-1.0,5.0,52.23118,21.056043,8.0
18105,2026-05-11 20:25:47.100000+00:00,52.2322404,21.0553526,107.0,0.13,-0.074,0.0,0.976,0,1.505420737053318,,126.94007547995696,-1.0,5.0,52.23118,21.056043,8.0
18110,2026-05-11 20:25:47.600000+00:00,52.2322394,21.0553503,106.9,0.21,-0.07,-0.002,0.975,0,1.3830601766751651,,126.89494595700818,-1.0,5.0,52.23118,21.056043,8.0
18115,2026-05-11 20:25:48.100000+00:00,52.2322383,21.0553478,106.9,0.12,-0.071,0.0,0.971,0,1.5093951929493004,,126.844858319406,-1.0,5.0,52.23118,21.056043,8.0
18120,2026-05-11 20:25:48.600000+00:00,52.2322371,21.0553455,106.8,0.1,-0.071,-0.002,0.975,0,1.4815129352078402,,126.77968433193304,-1.0,5.0,52.23118,21.056043,8.0
18125,2026-05-11 20:25:49.100000+00:00,52.2322361,21.0553437,106.8,0.09,-0.074,-0.001,0.975,0,1.1916242337432326,,126.72261604412851,-1.0,5.0,52.23118,21.056043,8.0
18130,2026-05-11 20:25:49.600000+00:00,52.2322351,21.0553419,106.7,0.03,-0.072,0.0,0.975,0,1.1916242564680342,,126.66573829765218,-1.0,5.0,52.23118,21.056043,8.0
18135,2026-05-11 20:25:50.100000+00:00,52.2322341,21.0553402,106.7,0.09,-0.074,-0.003,0.974,0,1.155775446414037,,126.60647656381646,-1.0,5.0,52.23118,21.056043,8.0
18140,2026-05-11 20:25:50.600000+00:00,52.232233,21.0553382,106.6,0.09,-0.072,0.002,0.971,0,1.3180668594445804,,126.54484971823024,-1.0,5.0,52.23118,21.056043,8.0
18145,2026-05-11 20:25:51.100000+00:00,52.232232,21.0553363,106.5,0.08,-0.072,-0.002,0.973,0,1.2283845595651088,,126.49114920716929,-1.0,5.0,52.23118,21.056043,8.0
18150,2026-05-11 20:25:51.600000+00:00,52.2322309,21.0553345,106.5,0.12,-0.071,0.0,0.974,0,1.2468245076232414,,126.4247790902489,-1.0,5.0,52.23118,21.056043,8.0
18155,2026-05-11 20:25:52.100000+00:00,52.2322305,21.0553327,106.5,0.65,-0.033,-0.008,0.971,0,0.9389127496160544,,126.43052156589071,-1.0,5.0,52.23118,21.056043,8.0
18160,2026-05-11 20:25:52.600000+00:00,52.232231,21.0553301,106.5,1.91,-0.017,-0.015,0.972,0,1.3362514373472492,,126.54971740512543,-1.0,5.0,52.23118,21.056043,8.0
18165,2026-05-11 20:25:53.100000+00:00,52.2322328,21.0553283,106.5,2.56,-0.003,-0.007,0.98,0,1.6898911622146215,,126.78158760970166,-1.0,5.0,52.23118,21.056043,8.0
18170,2026-05-11 20:25:53.600000+00:00,52.2322364,21.0553247,106.5,3.68,0.015,0.0,0.97,0,3.379782268353696,,127.24535922247264,-1.0,5.0,52.23118,21.056043,8.0
18175,2026-05-11 20:25:54.100000+00:00,52.2322415,21.0553206,106.6,5.33,0.02,0.012,0.982,0,4.551175582446277,,127.8762224740654,-1.0,5.0,52.23118,21.056043,8.0
18180,2026-05-11 20:25:54.600000+00:00,52.2322475,21.0553151,106.8,5.84,0.031,0.006,0.975,0,5.508889532196927,,128.63617715372976,-1.0,5.0,52.23118,21.056043,8.0
18185,2026-05-11 20:25:55.100000+00:00,52.2322562,21.0553045,106.8,9.56,0.041,0.008,0.981,0,8.690783952768168,,129.80738054431626,-1.0,5.0,52.23118,21.056043,8.0
18190,2026-05-11 20:25:55.600000+00:00,52.232268,21.0552919,106.9,11.35,0.066,-0.004,0.955,0,11.288009930149297,,131.3497688576023,-1.0,5.0,52.23118,21.056043,8.0
18195,2026-05-11 20:25:56.100000+00:00,52.2322815,21.0552772,107.1,13.22,0.053,-0.019,1.003,0,12.991192466752809,,133.12268931441133,-1.0,5.0,52.23118,21.056043,8.0
18200,2026-05-11 20:25:56.600000+00:00,52.2322987,21.0552607,107.2,15.74,0.064,-0.042,0.962,0,15.97125668717632,,135.32288918804178,-1.0,5.0,52.23118,21.056043,8.0
18205,2026-05-11 20:25:57.100000+00:00,52.2323185,21.0552427,107.3,18.06,0.047,-0.05,0.989,0,18.143435892558053,,137.82960458636006,-1.0,5.0,52.23118,21.056043,8.0
18210,2026-05-11 20:25:57.600000+00:00,52.2323441,21.055228,107.6,21.36,0.041,-0.105,0.935,0,21.725982956379937,,140.8402022919932,-1.0,5.0,52.23118,21.056043,8.0
18215,2026-05-11 20:25:58.100000+00:00,52.2323714,21.0552083,107.3,23.97,-0.014,-0.104,1.008,0,23.8959109692265,,144.15888053811474,-1.0,5.0,52.23118,21.056043,8.0
18220,2026-05-11 20:25:58.600000+00:00,52.232401,21.0551947,106.9,25.05,-0.015,-0.08,0.918,0,24.61826269499638,,147.5494476274437,-1.0,5.0,52.23118,21.056043,8.0
18225,2026-05-11 20:25:59.100000+00:00,52.232432,21.055178,106.6,26.51,-0.03,-0.058,1.049,0,26.134689961362422,,151.1668857165144,-1.0,5.0,52.23118,21.056043,8.0
18230,2026-05-11 20:25:59.600000+00:00,52.2324633,21.055161,106.1,27.41,-0.021,-0.068,0.918,0,26.40894414696928,,154.82357509073435,-1.0,5.0,52.23118,21.056043,8.0
18235,2026-05-11 20:26:00.100000+00:00,52.2324947,21.0551409,105.8,26.88,0.031,-0.051,0.941,0,27.001906744306684,,158.57271394033148,-1.0,5.0,52.23118,21.056043,8.0
18240,2026-05-11 20:26:00.600000+00:00,52.2325246,21.0551155,106.1,26.29,-0.032,0.009,1.011,0,26.984174693327912,,162.3082456430391,-1.0,5.0,52.23118,21.056043,8.0
18245,2026-05-11 20:26:01.100000+00:00,52.2325579,21.0550907,106.0,29.01,-0.021,0.002,0.981,0,29.302465457428404,,166.37645432635992,-1.0,5.0,52.23118,21.056043,8.0
18250,2026-05-11 20:26:01.600000+00:00,52.2325941,21.055063,106.2,31.15,-0.018,-0.027,0.946,0,32.00665979405313,,170.81872688022509,-1.0,5.0,52.23118,21.056043,8.0
18255,2026-05-11 20:26:02.100000+00:00,52.2326318,21.0550335,106.4,32.68,-0.039,-0.015,0.977,0,33.46986079422693,,175.4626367422258,-1.0,5.0,52.23118,21.056043,8.0
18260,2026-05-11 20:26:02.600000+00:00,52.232672,21.0550047,106.6,32.9,-0.07,0.001,0.973,0,35.146087217520616,,180.3437576167766,-1.0,5.0,52.23118,21.056043,8.0
18265,2026-05-11 20:26:03.100000+00:00,52.2327112,21.0549765,106.7,33.13,-0.093,0.011,0.957,0,34.29477746446118,,185.10658195751927,-1.0,5.0,52.23118,21.056043,8.0
18270,2026-05-11 20:26:03.600000+00:00,52.2327497,21.0549501,106.7,32.54,-0.094,0.008,0.972,0,33.4311243719823,,189.7497220798556,-1.0,5.0,52.23118,21.056043,8.0
18275,2026-05-11 20:26:04.100000+00:00,52.2327875,21.0549252,106.5,31.91,-0.096,0.007,0.97,0,32.63288120236227,,194.2812149984904,-1.0,5.0,52.23118,21.056043,8.0
18280,2026-05-11 20:26:04.600000+00:00,52.2328251,21.0549017,106.2,32.21,-0.098,-0.002,0.972,0,32.2327101746679,,198.75497677962656,-1.0,5.0,52.234531,21.053934,7.0
18285,2026-05-11 20:26:05.100000+00:00,52.2328629,21.0548814,105.9,31.35,-0.101,-0.027,0.948,0,31.857730636076525,,196.3849069305649,-1.0,5.0,52.234531,21.053934,7.0
18290,2026-05-11 20:26:05.600000+00:00,52.232902,21.0548635,105.5,31.91,-0.08,-0.051,0.963,0,32.51076669612203,,191.8782252605754,-1.0,5.0,52.234531,21.053934,7.0
18295,2026-05-11 20:26:06.100000+00:00,52.2329428,21.0548466,105.4,31.65,-0.079,-0.035,1.005,0,33.699338402201384,,187.21621427739868,-1.0,5.0,52.234531,21.053934,7.0
18300,2026-05-11 20:26:06.600000+00:00,52.2329821,21.0548277,105.3,32.35,-0.04,-0.017,0.945,0,32.800116748053775,,182.6669383965513,-1.0,5.0,52.234531,21.053934,7.0
18305,2026-05-11 20:26:07.100000+00:00,52.2330202,21.0548087,105.3,32.41,-0.028,0.019,0.973,0,31.89397753239352,,178.24146387378556,-1.0,5.0,52.234531,21.053934,7.0
18310,2026-05-11 20:26:07.600000+00:00,52.2330597,21.0547861,105.2,33.44,-0.03,0.037,0.957,0,33.50919437528058,,173.58744181571467,-1.0,5.0,52.234531,21.053934,7.0
18315,2026-05-11 20:26:08.100000+00:00,52.2331011,21.0547642,105.1,34.61,-0.031,0.036,0.984,0,34.841061359366726,,168.75029276483272,-1.0,5.0,52.234531,21.053934,7.0
18320,2026-05-11 20:26:08.600000+00:00,52.2331434,21.0547392,105.1,34.82,-0.024,0.028,0.982,0,36.015808171522806,,163.74817983079615,-1.0,5.0,52.234531,21.053934,7.0
18325,2026-05-11 20:26:09.100000+00:00,52.2331873,21.0547147,105.0,36.24,-0.022,0.015,0.961,0,37.1428283976539,,158.58984427822872,-1.0,5.0,52.234531,21.053934,7.0
18330,2026-05-11 20:26:09.600000+00:00,52.2332321,21.0546885,105.1,36.72,-0.028,0.031,0.942,0,38.0982902680493,,153.29842693313265,-1.0,5.0,52.234531,21.053934,7.0
18335,2026-05-11 20:26:10.100000+00:00,52.2332775,21.054661,105.1,37.5,-0.017,0.04,0.993,0,38.767928849783424,,147.91449741920383,-1.0,5.0,52.234531,21.053934,7.0
18340,2026-05-11 20:26:10.600000+00:00,52.2333243,21.0546322,105.0,38.27,-0.016,0.031,0.964,0,40.041032032933046,,142.3543005272827,-1.0,5.0,52.234531,21.053934,7.0
18345,2026-05-11 20:26:11.100000+00:00,52.2333693,21.0546005,105.1,38.26,-0.037,0.03,0.979,0,39.23713110239032,,136.91732137847993,-1.0,5.0,52.234531,21.053934,7.0
18350,2026-05-11 20:26:11.600000+00:00,52.2334154,21.0545687,105.1,39.51,-0.047,-0.011,0.947,0,40.06631783379453,,131.3636389428369,-1.0,5.0,52.234531,21.053934,7.0
18355,2026-05-11 20:26:12.100000+00:00,52.233461,21.0545379,104.9,38.87,-0.082,0.002,0.984,0,39.50785687108491,,125.8857227122882,-1.0,5.0,52.234531,21.053934,7.0
18360,2026-05-11 20:26:12.600000+00:00,52.2335056,21.0545066,104.7,38.7,-0.086,-0.004,0.944,0,38.86541117249719,,120.50282730726614,-1.0,5.0,52.234531,21.053934,7.0
18365,2026-05-11 20:26:13.100000+00:00,52.2335491,21.0544736,104.9,37.94,-0.089,-0.002,0.985,0,38.40161319636971,,115.20024492351394,-1.0,5.0,52.234531,21.053934,7.0
18370,2026-05-11 20:26:13.600000+00:00,52.233592,21.0544431,104.9,37.53,-0.092,-0.033,0.967,0,37.46050312021452,,110.01753915922605,-1.0,5.0,52.234531,21.053934,7.0
18375,2026-05-11 20:26:14.100000+00:00,52.2336346,21.0544151,104.6,37.16,-0.099,-0.01,0.987,0,36.76529566921301,,104.92157267005044,-1.0,5.0,52.234531,21.053934,7.0
18380,2026-05-11 20:26:14.600000+00:00,52.2336766,21.0543882,104.2,37.63,-0.079,0.006,0.933,0,36.1196949799498,,99.9132788947642,-1.0,5.0,52.234531,21.053934,7.0
18385,2026-05-11 20:26:15.100000+00:00,52.2337149,21.0543644,102.7,37.05,-0.087,0.004,0.999,0,32.808662295563785,,95.36222865073285,-1.0,5.0,52.234531,21.053934,7.0
18390,2026-05-11 20:26:15.600000+00:00,52.233745,21.0543477,98.7,37.79,-0.066,-0.022,0.953,0,25.451352326872207,,91.82773947632056,-1.0,5.0,52.234531,21.053934,7.0
18395,2026-05-11 20:26:16.100000+00:00,52.2337823,21.0543256,96.5,37.88,-0.08,-0.038,0.947,0,31.76776979257048,,87.41859642128972,-1.0,5.0,52.234531,21.053934,7.0
18400,2026-05-11 20:26:16.600000+00:00,52.2338249,21.0543032,95.9,37.67,-0.085,0.026,0.996,0,35.83057878127784,,82.44213347801558,-1.0,5.0,52.234531,21.053934,7.0
18405,2026-05-11 20:26:17.100000+00:00,52.2338685,21.0542822,95.9,36.3,-0.09,0.02,0.956,0,36.39332032211582,7.0,77.38893700580095,-1.0,5.0,52.234531,21.053934,7.0
18410,2026-05-11 20:26:17.600000+00:00,52.2339125,21.0542608,95.8,37.95,-0.089,0.021,0.976,0,36.75609388870107,7.0,72.28523591506254,-1.0,5.0,52.234531,21.053934,7.0
18415,2026-05-11 20:26:18.100000+00:00,52.2339548,21.0542366,95.8,35.86,-0.066,0.018,0.959,0,35.88412227740493,7.0,67.30287847244672,-1.0,5.0,52.234531,21.053934,7.0
18420,2026-05-11 20:26:18.600000+00:00,52.2339979,21.0542134,95.8,36.63,-0.084,0.029,0.975,0,36.33270054392205,7.0,62.256814123513145,-1.0,5.0,52.234531,21.053934,7.0
18425,2026-05-11 20:26:19.100000+00:00,52.2340408,21.0541893,95.6,36.23,-0.082,0.02,0.977,0,36.321820833990365,7.0,57.21330137175564,-1.0,5.0,52.234531,21.053934,7.0
18430,2026-05-11 20:26:19.600000+00:00,52.2340823,21.0541623,95.7,35.84,-0.08,0.031,0.979,0,35.76541181624582,7.0,52.25936115986511,-1.0,5.0,52.234531,21.053934,7.0
18435,2026-05-11 20:26:20.100000+00:00,52.2341221,21.0541344,95.8,34.48,-0.052,0.03,0.967,0,34.67643652966579,7.0,47.47154512801684,-1.0,5.0,52.234531,21.053934,7.0
18440,2026-05-11 20:26:20.600000+00:00,52.2341626,21.0541096,95.8,33.81,-0.088,0.018,0.949,0,34.629575008859526,7.0,42.67395858329519,-1.0,5.0,52.234531,21.053934,7.0
18445,2026-05-11 20:26:21.100000+00:00,52.2342022,21.0540842,95.9,33.62,-0.073,-0.004,0.962,0,34.062313016623584,7.0,37.964743767579954,-1.0,5.0,52.234531,21.053934,7.0
18450,2026-05-11 20:26:21.600000+00:00,52.2342435,21.0540618,96.1,33.34,-0.094,-0.031,0.982,0,34.84132523945943,7.0,33.13203391648775,-1.0,5.0,52.234531,21.053934,7.0
18455,2026-05-11 20:26:22.100000+00:00,52.2342836,21.0540413,96.4,33.91,-0.06,-0.025,0.955,0,33.640931628812154,7.0,28.46353169001973,-1.0,5.0,52.234531,21.053934,7.0
18460,2026-05-11 20:26:22.600000+00:00,52.2343242,21.0540207,96.5,33.99,-0.064,-0.023,0.973,0,34.037672650248346,7.0,23.74099534061568,-1.0,5.0,52.234531,21.053934,7.0
18465,2026-05-11 20:26:23.100000+00:00,52.2343659,21.0540021,96.8,34.27,-0.067,-0.006,0.967,0,34.60840173538952,7.0,18.93498157743208,-1.0,5.0,52.234531,21.053934,7.0
18470,2026-05-11 20:26:23.600000+00:00,52.2344062,21.0539798,96.9,34.41,-0.063,0.015,0.954,0,34.06669352205932,7.0,14.223307693172194,-1.0,5.0,52.234531,21.053934,7.0
18475,2026-05-11 20:26:24.100000+00:00,52.2344475,21.0539579,97.0,34.67,-0.053,0.045,0.976,0,34.76480654072798,7.0,9.42634942675898,-1.0,5.0,52.234531,21.053934,7.0
18480,2026-05-11 20:26:24.600000+00:00,52.2344907,21.0539364,97.0,34.99,-0.045,0.032,0.976,0,36.15695145074364,7.0,4.484135036198314,-1.0,5.0,52.234531,21.053934,7.0
18485,2026-05-11 20:26:25.100000+00:00,52.2345344,21.0539139,96.9,35.1,-0.041,0.017,0.965,0,36.68450421853402,7.0,1.42004491590877,-1.0,5.0,52.234531,21.053934,7.0
18490,2026-05-11 20:26:25.600000+00:00,52.2345781,21.0538912,96.8,35.54,-0.049,0.012,0.971,0,36.71411031490581,7.0,5.9936851126071415,-1.0,5.0,52.234531,21.053934,7.0
18495,2026-05-11 20:26:26.100000+00:00,52.2346218,21.053868,96.7,35.51,-0.054,0.017,0.969,0,36.78916957501854,7.0,11.051706039393816,-1.0,5.0,52.234531,21.053934,7.0
18500,2026-05-11 20:26:26.600000+00:00,52.2346663,21.0538451,96.5,35.27,-0.058,0.017,0.96,0,37.35430994081807,7.0,16.217065870989458,-1.0,5.0,52.234531,21.053934,7.0
18505,2026-05-11 20:26:27.100000+00:00,52.2347095,21.053822,96.3,34.56,-0.088,0.019,1.024,0,36.39339823731728,7.0,21.263286515647565,-1.0,5.0,52.234531,21.053934,7.0
18510,2026-05-11 20:26:27.600000+00:00,52.2347513,21.0537983,96.2,34.46,-0.06,0.011,0.901,0,35.42534178641133,7.0,26.181341776825725,-1.0,5.0,52.234531,21.053934,7.0
18515,2026-05-11 20:26:28.100000+00:00,52.2347932,21.0537762,96.2,34.34,-0.087,0.023,0.974,0,35.251986681469354,7.0,31.072641407487485,-1.0,5.0,52.234531,21.053934,7.0
18520,2026-05-11 20:26:28.600000+00:00,52.2348351,21.0537528,96.1,33.73,-0.082,-0.002,0.976,0,35.4530999292884,7.0,35.995501534022765,-1.0,5.0,52.234531,21.053934,7.0
18525,2026-05-11 20:26:29.100000+00:00,52.2348763,21.0537283,96.2,33.87,-0.081,0.014,0.951,0,35.10418738869465,7.0,40.87108221023901,-1.0,5.0,52.234531,21.053934,7.0
18530,2026-05-11 20:26:29.600000+00:00,52.2349167,21.0537039,96.3,33.47,-0.072,0.003,0.97,0,34.48602434720291,7.0,45.6607654239805,-1.0,5.0,52.234531,21.053934,7.0
18535,2026-05-11 20:26:30.100000+00:00,52.2349561,21.0536793,96.4,33.26,-0.132,-0.015,0.981,0,33.77117844079928,7.0,50.35073297611039,-1.0,5.0,52.234531,21.053934,7.0
18540,2026-05-11 20:26:30.600000+00:00,52.2349933,21.0536556,96.4,31.29,-0.115,-0.015,0.957,0,31.9691466801144,7.0,54.79004978935456,-1.0,5.0,52.234531,21.053934,7.0
18545,2026-05-11 20:26:31.100000+00:00,52.23503,21.0536339,96.5,30.34,-0.159,0.015,0.956,0,31.24922161862836,7.0,59.13014930450809,-1.0,5.0,52.234531,21.053934,7.0
18550,2026-05-11 20:26:31.600000+00:00,52.2350642,21.0536122,96.9,28.54,-0.151,0.011,0.988,0,29.37520146458649,7.0,63.20943872257014,-1.0,5.0,52.234531,21.053934,7.0
18555,2026-05-11 20:26:32.100000+00:00,52.2350964,21.0535923,97.0,27.58,-0.143,0.019,0.951,0,27.564120047866187,7.0,67.0376795262354,-1.0,5.0,52.234531,21.053934,7.0
18560,2026-05-11 20:26:32.600000+00:00,52.2351278,21.0535725,97.1,26.48,-0.111,0.028,0.953,0,26.94835498772653,7.0,70.78015696249983,-1.0,5.0,52.234531,21.053934,7.0
18565,2026-05-11 20:26:33.100000+00:00,52.2351579,21.0535562,96.9,25.77,-0.11,0.022,0.969,0,25.388851274565592,7.0,74.30432891285794,-1.0,5.0,52.234531,21.053934,7.0
18570,2026-05-11 20:26:33.600000+00:00,52.2351843,21.053542,96.1,24.2,-0.126,0.019,0.976,0,22.25313630184361,7.0,77.3931877613345,-1.0,5.0,52.234531,21.053934,7.0
18575,2026-05-11 20:26:34.100000+00:00,52.2352103,21.0535276,95.4,23.09,-0.138,0.015,0.963,0,21.98050191546836,,80.4451064619932,-1.0,5.0,52.234531,21.053934,7.0
18580,2026-05-11 20:26:34.600000+00:00,52.2352339,21.0535139,94.7,21.44,-0.152,0.03,0.972,0,20.05275911530152,,83.23008719852152,-1.0,5.0,52.234531,21.053934,7.0
18585,2026-05-11 20:26:35.100000+00:00,52.2352563,21.053501,94.2,19.54,-0.178,0.066,0.96,0,19.016205333518336,,85.87104814727692,-1.0,5.0,52.234531,21.053934,7.0
18590,2026-05-11 20:26:35.600000+00:00,52.2352777,21.053488,94.1,17.76,-0.166,0.038,0.932,0,18.28016286858329,,88.4099203648946,-1.0,5.0,52.234531,21.053934,7.0
18595,2026-05-11 20:26:36.100000+00:00,52.2352966,21.053476,94.0,15.24,-0.215,0.049,0.987,0,16.235054865279313,,90.6643420757209,-1.0,5.0,52.234531,21.053934,7.0
18600,2026-05-11 20:26:36.600000+00:00,52.2353115,21.0534646,93.9,12.22,-0.222,0.047,0.942,0,13.173578759186444,,92.48722258141184,-1.0,5.0,52.234531,21.053934,7.0
18605,2026-05-11 20:26:37.100000+00:00,52.2353228,21.0534558,93.9,8.71,-0.263,0.067,0.982,0,10.023047095518152,,93.87349757498744,-1.0,5.0,52.234531,21.053934,7.0
18610,2026-05-11 20:26:37.600000+00:00,52.2353296,21.0534485,93.8,5.27,-0.258,0.053,0.947,0,6.515300962218963,,94.75533876044004,-1.0,5.0,52.234531,21.053934,7.0
18615,2026-05-11 20:26:38.100000+00:00,52.2353339,21.0534463,93.9,2.06,-0.26,0.049,0.971,0,3.607629765848407,,95.2557044221018,-1.0,5.0,52.234531,21.053934,7.0
18620,2026-05-11 20:26:38.600000+00:00,52.2353342,21.0534451,93.7,0.11,-0.145,0.031,0.973,0,0.6355013026132968,,95.31548349631652,-1.0,5.0,52.234531,21.053934,7.0
18625,2026-05-11 20:26:39.100000+00:00,52.235334,21.0534444,93.6,0.11,-0.049,0.014,0.964,0,0.3787271924051124,,95.3113103765612,-1.0,5.0,52.234531,21.053934,7.0
18630,2026-05-11 20:26:39.600000+00:00,52.2353333,21.0534429,93.3,0.27,-0.059,0.008,0.973,0,0.92464680227421,,95.27420360776132,-1.0,5.0,52.234531,21.053934,7.0
18635,2026-05-11 20:26:40.100000+00:00,52.2353329,21.0534418,93.1,0.18,-0.057,0.009,0.976,0,0.6272461197844756,,95.2588889284201,-1.0,5.0,52.234531,21.053934,7.0
18640,2026-05-11 20:26:40.600000+00:00,52.2353325,21.053441,92.9,0.16,-0.057,0.01,0.974,0,0.5063695319395857,,95.2364477537411,-1.0,5.0,52.234531,21.053934,7.0
18645,2026-05-11 20:26:41.100000+00:00,52.2353326,21.0534409,92.7,0.04,-0.053,0.009,0.973,0,0.0938810567274024,,95.24925404799558,-1.0,5.0,52.234531,21.053934,7.0
18650,2026-05-11 20:26:41.600000+00:00,52.2353328,21.0534416,92.5,0.07,-0.056,0.011,0.975,0,0.3787272043684724,,95.25327426257036,-1.0,5.0,52.234531,21.053934,7.0
18655,2026-05-11 20:26:42.100000+00:00,52.2353332,21.0534425,92.3,0.06,-0.056,0.01,0.976,0,0.5452320399631622,,95.27335782786004,-1.0,5.0,52.234531,21.053934,7.0
18660,2026-05-11 20:26:42.600000+00:00,52.2353335,21.0534432,92.2,0.1,-0.055,0.01,0.975,0,0.4189064182761008,,95.2878600556554,-1.0,5.0,52.234531,21.053934,7.0
18665,2026-05-11 20:26:43.100000+00:00,52.2353336,21.0534434,92.0,0.03,-0.06,0.01,0.975,0,0.126592376095117,,95.29349733844197,-1.0,5.0,52.234531,21.053934,7.0
18670,2026-05-11 20:26:43.600000+00:00,52.2353338,21.0534439,91.9,0.01,-0.056,0.01,0.976,0,0.2928113079654685,,95.30239559666708,-1.0,5.0,52.234531,21.053934,7.0
18675,2026-05-11 20:26:44.100000+00:00,52.2353344,21.0534451,91.7,0.18,-0.057,0.008,0.976,0,0.7595542791054563,,95.33632198602068,-1.0,5.0,52.234531,21.053934,7.0
18680,2026-05-11 20:26:44.600000+00:00,52.2353347,21.053446,91.6,0.24,-0.056,0.009,0.977,0,0.5024045686267979,,95.34620194653796,-1.0,5.0,52.234531,21.053934,7.0
18685,2026-05-11 20:26:45.100000+00:00,52.2353351,21.0534467,91.4,0.08,-0.056,0.01,0.978,0,0.4694147326204886,,95.37129516636844,-1.0,5.0,52.234531,21.053934,7.0
18690,2026-05-11 20:26:45.600000+00:00,52.2353353,21.0534472,91.3,0.12,-0.053,0.01,0.976,0,0.2928112982443157,,95.3803052797564,-1.0,5.0,52.234531,21.053934,7.0
18695,2026-05-11 20:26:46.100000+00:00,52.2353355,21.0534474,91.1,0.15,-0.054,0.011,0.975,0,0.1877621006660148,,95.39642634334312,-1.0,5.0,52.234531,21.053934,7.0
18700,2026-05-11 20:26:46.600000+00:00,52.2353357,21.0534478,90.9,0.13,-0.056,0.011,0.975,0,0.2531847560440788,,95.4078244855923,-1.0,5.0,52.234531,21.053934,7.0
18705,2026-05-11 20:26:47.100000+00:00,52.235336,21.0534483,90.8,0.11,-0.057,0.011,0.975,0,0.3432007419118932,,95.427303552583,-1.0,5.0,52.234531,21.053934,7.0
18710,2026-05-11 20:26:47.600000+00:00,52.2353363,21.0534487,90.7,0.13,-0.058,0.011,0.974,0,0.3100819490619279,,95.4491600751284,-1.0,5.0,52.234531,21.053934,7.0
18715,2026-05-11 20:26:48.100000+00:00,52.2353364,21.0534488,90.5,0.09,-0.059,0.007,0.978,0,0.093881054535168,,95.45723448315358,-1.0,5.0,52.234531,21.053934,7.0
18720,2026-05-11 20:26:48.600000+00:00,52.2353366,21.0534491,90.4,0.09,-0.057,0.01,0.975,0,0.2174271581080636,,95.47103102172711,-1.0,5.0,52.234531,21.053934,7.0
18725,2026-05-11 20:26:49.100000+00:00,52.2353369,21.0534491,90.2,0.08,-0.056,0.008,0.975,0,0.2401810414833782,,95.50233129865012,-1.0,5.0,52.234531,21.053934,7.0
18730,2026-05-11 20:26:49.600000+00:00,52.235337,21.0534492,90.0,0.07,-0.057,0.008,0.974,0,0.0938810533745878,,95.51041092120045,-1.0,5.0,52.234531,21.053934,7.0
18735,2026-05-11 20:26:50.100000+00:00,52.2353375,21.0534493,89.9,0.4,-0.027,0.001,0.971,0,0.4032932798135668,,95.56023080160077,-1.0,5.0,52.234531,21.053934,7.0
18740,2026-05-11 20:26:50.600000+00:00,52.2353393,21.0534492,89.7,1.51,0.0,-0.003,0.973,0,1.4419200980695268,,95.75043533620054,-1.0,5.0,52.234531,21.053934,7.0
18745,2026-05-11 20:26:51.100000+00:00,52.2353426,21.0534485,89.5,3.31,0.027,-0.001,0.983,0,2.664191152377961,,96.1113473786124,-1.0,5.0,52.234531,21.053934,7.0
18750,2026-05-11 20:26:51.600000+00:00,52.2353476,21.0534464,89.3,4.55,0.024,0.009,0.981,0,4.133316860401617,,96.68260151672143,-1.0,5.0,52.234531,21.053934,7.0
18755,2026-05-11 20:26:52.100000+00:00,52.2353543,21.0534413,89.2,6.57,0.044,0.015,0.972,0,5.918254874703015,,97.50159450732444,-1.0,5.0,52.234531,21.053934,7.0
18760,2026-05-11 20:26:52.600000+00:00,52.2353626,21.053434,89.1,8.3,0.048,0.012,0.976,0,7.54764904821506,,98.5393262233048,-1.0,5.0,52.234531,21.053934,7.0
18765,2026-05-11 20:26:53.100000+00:00,52.2353721,21.0534217,89.2,9.94,0.059,-0.027,0.96,0,9.706550763070885,,99.8209260327423,-1.0,5.0,52.234531,21.053934,7.0
18770,2026-05-11 20:26:53.600000+00:00,52.2353836,21.0534076,89.4,12.01,0.051,-0.029,1.005,0,11.513532504739064,,101.35561871093604,-1.0,5.0,52.234531,21.053934,7.0
18775,2026-05-11 20:26:54.100000+00:00,52.2353993,21.0533941,89.5,14.29,0.086,-0.02,0.955,0,14.205785656429503,,103.31397439566746,-1.0,5.0,52.234531,21.053934,7.0
18780,2026-05-11 20:26:54.600000+00:00,52.2354177,21.0533778,89.6,17.34,0.082,-0.029,0.976,0,16.7593822625347,,105.62148932796596,-1.0,5.0,52.234531,21.053934,7.0
18785,2026-05-11 20:26:55.100000+00:00,52.2354395,21.0533597,89.8,20.14,0.055,-0.095,0.976,0,19.579824262044607,,108.32668601105182,-1.0,5.0,52.234531,21.053934,7.0
18790,2026-05-11 20:26:55.600000+00:00,52.2354639,21.0533414,90.0,21.79,0.038,-0.076,0.976,0,21.496798834716003,,111.30691310420366,-1.0,5.0,52.234531,21.053934,7.0
18795,2026-05-11 20:26:56.100000+00:00,52.2354916,21.0533226,90.1,24.3,0.003,-0.084,0.959,0,24.01609697653348,,114.6416324099913,-1.0,5.0,52.234531,21.053934,7.0
18800,2026-05-11 20:26:56.600000+00:00,52.2355207,21.0533058,90.0,24.67,-0.014,-0.078,0.971,0,24.71085021744497,,118.07200612531008,-1.0,5.0,52.234531,21.053934,7.0
18805,2026-05-11 20:26:57.100000+00:00,52.2355465,21.0532798,90.3,24.49,-0.018,-0.04,0.975,0,24.272639147154774,,121.38894793314245,-1.0,5.0,52.234531,21.053934,7.0
18810,2026-05-11 20:26:57.600000+00:00,52.2355772,21.0532577,90.6,26.55,-0.002,-0.014,0.972,0,26.86105321308636,,125.11683524632475,-1.0,5.0,52.234531,21.053934,7.0
18815,2026-05-11 20:26:58.100000+00:00,52.2356101,21.0532377,90.9,28.2,0.002,-0.02,0.983,0,28.105987092309128,,129.01964352593492,-1.0,5.0,52.234531,21.053934,7.0
18820,2026-05-11 20:26:58.600000+00:00,52.2356441,21.0532137,90.9,29.67,-0.002,-0.036,0.967,0,29.655096752087044,,133.13640302584088,-1.0,5.0,52.234531,21.053934,7.0
18825,2026-05-11 20:26:59.100000+00:00,52.2356794,21.053189,90.9,30.45,-0.024,-0.027,0.968,0,30.746776379129585,,137.40522157084862,-1.0,5.0,52.234531,21.053934,7.0
18830,2026-05-11 20:26:59.600000+00:00,52.2357146,21.0531643,91.3,30.86,-0.055,-0.024,0.971,0,30.67320026587561,,141.66380369909143,-1.0,5.0,52.234531,21.053934,7.0
18835,2026-05-11 20:27:00.100000+00:00,52.235752,21.0531418,91.4,30.73,-0.081,-0.023,0.958,0,31.910146325898765,,146.09431456847216,-1.0,5.0,52.234531,21.053934,7.0
18840,2026-05-11 20:27:00.600000+00:00,52.2357895,21.0531221,91.8,30.58,-0.094,-0.053,0.971,0,31.53812054663183,,150.4650785268481,-1.0,5.0,52.234531,21.053934,7.0
18845,2026-05-11 20:27:01.100000+00:00,52.2358253,21.0531034,92.0,29.76,-0.096,-0.049,0.958,0,30.092374348863828,,154.63554021085298,-1.0,5.0,52.234531,21.053934,7.0
18850,2026-05-11 20:27:01.600000+00:00,52.2358608,21.0530872,92.3,28.57,-0.068,-0.039,0.984,0,29.51044292231998,,158.71347479323995,-1.0,5.0,52.234531,21.053934,7.0
18855,2026-05-11 20:27:02.100000+00:00,52.2358978,21.0530723,92.3,30.69,-0.043,-0.009,0.977,0,30.50986853040663,,162.9160986233777,-1.0,5.0,52.234531,21.053934,7.0
18860,2026-05-11 20:27:02.600000+00:00,52.2359353,21.0530535,92.4,31.57,-0.024,0.033,0.968,0,31.4057768210828,,167.26743281605803,-1.0,5.0,52.234531,21.053934,7.0
18865,2026-05-11 20:27:03.100000+00:00,52.2359733,21.0530377,92.3,31.5,-0.014,0.05,0.97,0,31.393731665094887,,171.59846978331709,-1.0,5.0,52.234531,21.053934,7.0
18870,2026-05-11 20:27:03.600000+00:00,52.2360119,21.0530183,92.1,32.9,-0.01,0.028,0.961,0,32.33400024615865,,176.08004087657838,-1.0,5.0,52.234531,21.053934,7.0
18875,2026-05-11 20:27:04.100000+00:00,52.2360511,21.0529962,92.2,32.85,-0.01,0.04,0.981,0,33.20156013984438,,180.68940611016995,-1.0,5.0,52.234531,21.053934,7.0
18880,2026-05-11 20:27:04.600000+00:00,52.2360906,21.0529695,92.3,34.32,-0.004,0.031,0.951,0,34.22630031401197,,185.44080017693065,-1.0,5.0,52.234531,21.053934,7.0
18885,2026-05-11 20:27:05.100000+00:00,52.2361313,21.0529428,92.4,34.44,-0.01,0.019,0.996,0,35.11589217955419,,190.3170602525374,-1.0,5.0,52.234531,21.053934,7.0
18890,2026-05-11 20:27:05.600000+00:00,52.2361733,21.0529153,92.3,36.37,-0.003,-0.016,0.945,0,36.227877928745166,,195.34784460745516,-1.0,5.0,52.234531,21.053934,7.0
18895,2026-05-11 20:27:06.100000+00:00,52.2362156,21.0528871,92.4,36.9,-0.02,-0.017,0.972,0,36.57925132095613,,200.42680158520764,-1.0,5.0,52.234531,21.053934,7.0
18900,2026-05-11 20:27:06.600000+00:00,52.2362604,21.0528602,92.4,38.13,-0.015,-0.018,0.991,0,38.21508185056568,,205.73412179478208,-1.0,5.0,52.234531,21.053934,7.0
18905,2026-05-11 20:27:07.100000+00:00,52.2363062,21.0528321,92.4,39.43,-0.027,-0.005,0.96,0,39.17051585849844,,211.1744295688477,-1.0,5.0,52.234531,21.053934,7.0
18910,2026-05-11 20:27:07.600000+00:00,52.2363529,21.0528067,92.4,38.5,-0.084,-0.009,0.949,0,39.407679586829445,,216.64306961747943,-1.0,5.0,52.237693,21.050488,6.0
18915,2026-05-11 20:27:08.100000+00:00,52.2363983,21.0527796,92.4,37.67,-0.092,0.021,0.987,0,38.6998277563474,,212.3120400317802,-1.0,5.0,52.237693,21.050488,6.0
18920,2026-05-11 20:27:08.600000+00:00,52.2364409,21.0527496,92.3,36.89,-0.086,0.015,0.986,0,37.14226819696059,,207.60909845533703,-1.0,5.0,52.237693,21.050488,6.0
18925,2026-05-11 20:27:09.100000+00:00,52.2364823,21.0527165,92.2,37.08,-0.069,0.029,0.946,0,36.904748043332894,,202.85880528338703,-1.0,5.0,52.237693,21.050488,6.0
18930,2026-05-11 20:27:09.600000+00:00,52.2365255,21.0526886,92.2,36.82,-0.095,0.027,0.992,0,37.19295070224513,,198.26342781667944,-1.0,5.0,52.237693,21.050488,6.0
18935,2026-05-11 20:27:10.100000+00:00,52.2365691,21.0526624,92.4,36.83,-0.048,-0.013,0.922,0,37.19490877606157,,193.7565394085877,-1.0,5.0,52.237693,21.050488,6.0
18940,2026-05-11 20:27:10.600000+00:00,52.2366122,21.0526346,92.4,36.68,-0.054,-0.015,1.0,0,37.1004631574983,,189.2344532911642,-1.0,5.0,52.237693,21.050488,6.0
18945,2026-05-11 20:27:11.100000+00:00,52.236657,21.0526091,92.5,37.59,-0.036,-0.012,0.983,0,37.98361112486023,,184.74981564121805,-1.0,5.0,52.237693,21.050488,6.0
18950,2026-05-11 20:27:11.600000+00:00,52.2367027,21.0525816,92.7,38.74,-0.025,0.001,0.967,0,38.99284356122358,,180.1390370746281,-1.0,5.0,52.237693,21.050488,6.0
18955,2026-05-11 20:27:12.100000+00:00,52.2367496,21.0525549,93.0,39.0,-0.024,-0.001,0.984,0,39.7648405376321,,175.53811376870885,-1.0,5.0,52.237693,21.050488,6.0
18960,2026-05-11 20:27:12.600000+00:00,52.2367969,21.0525284,93.1,39.99,-0.003,-0.014,0.941,0,40.03543546450734,,170.97692875920958,-1.0,5.0,52.237693,21.050488,6.0
18965,2026-05-11 20:27:13.100000+00:00,52.236844,21.0524997,93.1,40.04,-0.019,0.0,1.006,0,40.24830966535095,,166.36574794046257,-1.0,5.0,52.237693,21.050488,6.0
18970,2026-05-11 20:27:13.600000+00:00,52.2368914,21.0524696,93.0,40.85,-0.003,-0.025,0.974,0,40.71714252283979,,161.71835769156587,-1.0,5.0,52.237693,21.050488,6.0
18975,2026-05-11 20:27:14.100000+00:00,52.236939,21.052439,93.0,41.25,-0.007,-0.008,0.975,0,40.95557569587693,,157.09639577279285,-1.0,5.0,52.237693,21.050488,6.0
18980,2026-05-11 20:27:14.600000+00:00,52.23699,21.052409,93.2,42.93,0.003,0.003,0.963,0,43.399260579250445,,152.38726528648067,-1.0,5.0,52.237693,21.050488,6.0
18985,2026-05-11 20:27:15.100000+00:00,52.2370416,21.0523791,93.3,43.37,-0.023,0.012,0.993,0,43.83506927175545,,147.74718478716568,-1.0,5.0,52.237693,21.050488,6.0
18990,2026-05-11 20:27:15.600000+00:00,52.2370939,21.0523481,93.6,43.65,-0.024,-0.006,0.976,0,44.54473410825656,,143.1130971018917,-1.0,5.0,52.237693,21.050488,6.0
18995,2026-05-11 20:27:16.100000+00:00,52.2371468,21.0523174,93.8,43.95,-0.036,0.004,0.986,0,44.947092507951325,,138.58939480813922,-1.0,5.0,52.237693,21.050488,6.0
19000,2026-05-11 20:27:16.600000+00:00,52.2371984,21.0522845,94.0,43.92,-0.05,0.0,0.941,0,44.34861050511473,,134.12616826921155,-1.0,5.0,52.237693,21.050488,6.0
19005,2026-05-11 20:27:17.100000+00:00,52.2372493,21.0522521,94.2,42.7,-0.086,0.013,0.97,0,43.73740938193719,,129.8628962797239,-1.0,5.0,52.237693,21.050488,6.0
19010,2026-05-11 20:27:17.600000+00:00,52.2372988,21.0522202,94.4,41.72,-0.083,-0.004,0.981,0,42.6044372978927,,125.83470324934652,-1.0,5.0,52.237693,21.050488,6.0
19015,2026-05-11 20:27:18.100000+00:00,52.2373486,21.0521913,94.5,41.72,-0.081,-0.021,0.927,0,42.31296498832667,,122.14414769390204,-1.0,5.0,52.237693,21.050488,6.0
19020,2026-05-11 20:27:18.600000+00:00,52.237397,21.0521624,94.7,40.64,-0.086,-0.035,1.001,0,41.25853326994015,,118.67312811189316,-1.0,5.0,52.237693,21.050488,6.0
19025,2026-05-11 20:27:19.100000+00:00,52.2374442,21.0521339,94.8,39.84,-0.072,-0.104,0.94,0,40.289148363102925,,115.44078509212044,-1.0,5.0,52.237693,21.050488,6.0
19030,2026-05-11 20:27:19.600000+00:00,52.2374942,21.0521136,94.9,40.27,-0.086,-0.146,0.942,0,41.24889585483769,,112.8800550741628,-1.0,5.0,52.237693,21.050488,6.0
19035,2026-05-11 20:27:20.100000+00:00,52.2375425,21.052097,94.7,40.58,-0.119,-0.144,0.973,0,39.51633701474699,,110.83465116512347,-1.0,5.0,52.237693,21.050488,6.0
19040,2026-05-11 20:27:20.600000+00:00,52.2375922,21.0520859,94.6,40.11,-0.132,-0.126,0.949,0,40.16042981306149,,109.383842467544,-1.0,5.0,52.237693,21.050488,6.0
19045,2026-05-11 20:27:21.100000+00:00,52.237641,21.052078,94.4,39.43,-0.128,-0.122,0.944,0,39.26096859384344,,108.42434949047356,-1.0,5.0,52.237693,21.050488,6.0
19050,2026-05-11 20:27:21.600000+00:00,52.2376907,21.0520778,94.4,38.8,-0.142,-0.1,0.98,0,39.790113367038096,,108.2566852424781,-1.0,5.0,52.237693,21.050488,6.0
19055,2026-05-11 20:27:22.100000+00:00,52.2377404,21.052082,94.4,38.37,-0.125,-0.063,0.969,0,39.84323901965744,,108.6702101298741,-1.0,5.0,52.237693,21.050488,6.0
19060,2026-05-11 20:27:22.600000+00:00,52.2377894,21.0520879,94.5,38.61,-0.097,-0.031,0.933,0,39.336071921337854,,109.4700846206688,-1.0,5.0,52.237693,21.050488,6.0
19065,2026-05-11 20:27:23.100000+00:00,52.2378375,21.052097,94.4,37.35,-0.087,0.003,0.957,0,38.76661451930856,,110.7355194980589,-1.0,5.0,52.237693,21.050488,6.0
19070,2026-05-11 20:27:23.600000+00:00,52.2378843,21.0521059,94.2,35.49,-0.143,0.067,0.986,0,37.72146675488488,,112.20436678794462,-1.0,5.0,52.237693,21.050488,6.0
19075,2026-05-11 20:27:24.100000+00:00,52.237929,21.0521114,94.0,34.93,-0.064,0.043,0.957,0,35.888421932558764,,113.61615674697777,-1.0,5.0,52.237693,21.050488,6.0
19080,2026-05-11 20:27:24.600000+00:00,52.2379737,21.0521148,93.9,34.65,-0.102,0.084,0.961,0,35.82577677262359,,115.08879558194774,-1.0,5.0,52.237693,21.050488,6.0
19085,2026-05-11 20:27:25.100000+00:00,52.2380172,21.0521142,93.9,33.38,-0.054,0.111,0.945,0,34.8274933665247,,116.45476681414868,-1.0,5.0,52.237693,21.050488,6.0
19090,2026-05-11 20:27:25.600000+00:00,52.2380623,21.0521164,93.7,33.16,-0.083,0.107,0.998,0,36.12332320980906,,118.2438878911366,-1.0,5.0,52.237693,21.050488,6.0
19095,2026-05-11 20:27:26.100000+00:00,52.2381055,21.0521112,93.7,32.29,-0.102,0.113,0.972,0,34.67990525116485,,119.66951960627254,-1.0,5.0,52.237693,21.050488,6.0
19100,2026-05-11 20:27:26.600000+00:00,52.2381439,21.0520999,93.6,31.02,-0.113,0.142,0.956,0,31.23836472296619,,120.6698437088284,-1.0,5.0,52.237693,21.050488,6.0
19105,2026-05-11 20:27:27.100000+00:00,52.2381804,21.0520854,93.5,29.78,-0.079,0.147,0.964,0,30.074313874148267,,121.5272864971888,-1.0,5.0,52.237693,21.050488,6.0
19110,2026-05-11 20:27:27.600000+00:00,52.2382155,21.0520666,93.4,29.33,-0.06,0.161,0.941,0,29.57418100517636,,122.18960261705624,-1.0,5.0,52.237693,21.050488,6.0
19115,2026-05-11 20:27:28.100000+00:00,52.2382485,21.0520423,93.3,29.05,0.121,0.218,0.953,0,28.981834392152336,,122.54445210620574,-1.0,5.0,52.237693,21.050488,6.0
19120,2026-05-11 20:27:28.600000+00:00,52.238279,21.0520133,93.3,28.41,-0.129,0.16,1.003,0,28.256108335207355,,122.61119289503236,-1.0,5.0,52.237693,21.050488,6.0
19125,2026-05-11 20:27:29.100000+00:00,52.2383068,21.0519809,93.3,27.3,-0.053,0.137,0.914,0,27.34395749158336,,122.4437578066252,-1.0,5.0,52.237693,21.050488,6.0
19130,2026-05-11 20:27:29.600000+00:00,52.2383322,21.051948,93.3,25.75,-0.026,0.138,0.962,0,25.955753920806416,,122.21093504552856,-1.0,5.0,52.237693,21.050488,6.0
19135,2026-05-11 20:27:30.100000+00:00,52.2383559,21.0519138,93.3,25.21,-0.009,0.126,0.99,0,25.32126841189715,,121.8993197600134,-1.0,5.0,52.237693,21.050488,6.0
19140,2026-05-11 20:27:30.600000+00:00,52.2383771,21.0518778,93.3,24.33,-0.053,0.112,0.963,0,24.486539738203422,,121.41881941665012,-1.0,5.0,52.237693,21.050488,6.0
19145,2026-05-11 20:27:31.100000+00:00,52.2383954,21.0518407,93.3,23.19,-0.021,0.129,0.983,0,23.35584623687437,,120.76617591143302,-1.0,5.0,52.237693,21.050488,6.0
19150,2026-05-11 20:27:31.600000+00:00,52.238411,21.0518015,93.3,22.45,-0.028,0.156,0.966,0,22.92033030055484,,119.89089236716788,-1.0,5.0,52.237693,21.050488,6.0
19155,2026-05-11 20:27:32.100000+00:00,52.2384238,21.0517616,93.3,22.11,-0.027,0.148,0.985,0,22.083495059311865,,118.84647366876465,-1.0,5.0,52.237693,21.050488,6.0
19160,2026-05-11 20:27:32.600000+00:00,52.2384334,21.0517204,93.2,21.28,-0.022,0.167,0.95,0,21.61198479022674,,117.56010216489857,-1.0,5.0,52.237693,21.050488,6.0
19165,2026-05-11 20:27:33.100000+00:00,52.2384391,21.0516791,93.1,20.33,-0.031,0.177,0.978,0,20.756067220060807,,116.02174012667318,-1.0,5.0,52.237693,21.050488,6.0
19170,2026-05-11 20:27:33.600000+00:00,52.2384416,21.0516374,93.1,20.71,-0.038,0.137,0.974,0,20.54204089794685,,114.25718196349774,-1.0,5.0,52.237693,21.050488,6.0
19175,2026-05-11 20:27:34.100000+00:00,52.2384418,21.0515985,93.0,18.53,-0.077,0.115,0.964,0,19.0722129339489,,112.47572322704364,-1.0,5.0,52.237693,21.050488,6.0
19180,2026-05-11 20:27:34.600000+00:00,52.2384393,21.0515621,92.9,17.86,-0.068,0.105,0.968,0,17.95775298027511,,110.61582748112065,-1.0,5.0,52.237693,21.050488,6.0
19185,2026-05-11 20:27:35.100000+00:00,52.2384353,21.0515279,92.7,17.07,-0.054,0.076,0.968,0,17.070347395424353,,108.75204560640626,-1.0,5.0,52.237693,21.050488,6.0
19190,2026-05-11 20:27:35.600000+00:00,52.2384296,21.0514968,92.6,15.02,-0.137,0.076,0.967,0,15.915687729399329,,106.89878837943968,-1.0,5.0,52.237693,21.050488,6.0
19195,2026-05-11 20:27:36.100000+00:00,52.2384238,21.0514702,92.5,13.66,-0.081,0.052,0.98,0,13.843240594747858,,105.24520973734452,-1.0,5.0,52.237693,21.050488,6.0
19200,2026-05-11 20:27:36.600000+00:00,52.2384169,21.0514449,92.5,13.08,-0.03,0.039,0.973,0,13.578371347275963,,103.56144510864532,-1.0,5.0,52.237693,21.050488,6.0
19205,2026-05-11 20:27:37.100000+00:00,52.2384088,21.0514203,92.4,13.41,-0.004,0.022,0.973,0,13.693561430440663,,101.81009741918186,-1.0,5.0,52.237693,21.050488,6.0
19210,2026-05-11 20:27:37.600000+00:00,52.2384003,21.0513947,92.4,14.14,0.021,-0.052,0.976,0,14.27711691823057,,99.98721009706549,-1.0,5.0,52.237693,21.050488,6.0
19215,2026-05-11 20:27:38.100000+00:00,52.2383913,21.0513667,92.4,15.51,0.039,-0.053,0.967,0,15.50371824029786,,98.02669007654356,-1.0,5.0,52.237693,21.050488,6.0
19220,2026-05-11 20:27:38.600000+00:00,52.2383824,21.0513355,92.4,16.99,0.063,-0.068,0.928,0,16.87462600828162,,95.95208430338494,-1.0,5.0,52.237693,21.050488,6.0
19225,2026-05-11 20:27:39.100000+00:00,52.2383729,21.0513017,92.3,18.45,0.056,-0.015,1.032,0,18.233246325245396,,93.7316171583922,-1.0,5.0,52.237693,21.050488,6.0
19230,2026-05-11 20:27:39.600000+00:00,52.2383616,21.051264,92.3,20.68,0.094,-0.003,0.928,0,20.578516558828323,,91.21030327834374,-1.0,5.0,52.237693,21.050488,6.0
19235,2026-05-11 20:27:40.100000+00:00,52.2383492,21.0512232,92.2,22.26,0.14,-0.002,1.017,0,22.33111528540833,,88.48907308410617,-1.0,5.0,52.237693,21.050488,6.0
19240,2026-05-11 20:27:40.600000+00:00,52.2383356,21.0511794,92.1,24.12,0.086,-0.062,0.937,0,24.07658924525833,,85.56978739912564,-1.0,5.0,52.237693,21.050488,6.0
19245,2026-05-11 20:27:41.100000+00:00,52.2383208,21.0511319,92.2,25.32,0.095,-0.014,0.921,0,26.129004773393223,,82.43555656169688,-1.0,5.0,52.237693,21.050488,6.0
19250,2026-05-11 20:27:41.600000+00:00,52.2383047,21.0510828,92.2,26.51,0.061,-0.007,1.039,0,27.306116451922005,6.0,79.16356893255382,-1.0,5.0,52.237693,21.050488,6.0
19255,2026-05-11 20:27:42.100000+00:00,52.2382886,21.0510321,92.2,27.82,0.03,-0.055,0.969,0,28.000111610629048,6.0,75.88676913077518,-1.0,5.0,52.237693,21.050488,6.0
19260,2026-05-11 20:27:42.600000+00:00,52.238272,21.0509796,92.2,29.36,0.069,-0.055,0.906,0,28.96786394378125,6.0,72.56443403349563,-1.0,5.0,52.237693,21.050488,6.0
19265,2026-05-11 20:27:43.100000+00:00,52.2382547,21.0509243,92.2,30.52,0.04,-0.023,1.013,0,30.44503756369781,6.0,69.16409711144958,-1.0,5.0,52.237693,21.050488,6.0
19270,2026-05-11 20:27:43.600000+00:00,52.2382368,21.0508675,92.1,31.65,0.008,-0.036,0.978,0,31.318619572246483,6.0,65.7582352553314,-1.0,5.0,52.237693,21.050488,6.0
19275,2026-05-11 20:27:44.100000+00:00,52.238219,21.0508105,92.0,31.62,0.03,-0.037,0.944,0,31.369397221022528,6.0,62.4752977587704,-1.0,5.0,52.237693,21.050488,6.0
19280,2026-05-11 20:27:44.600000+00:00,52.2382008,21.0507511,92.0,32.64,0.04,-0.03,1.001,0,32.564073254706415,6.0,59.238818303593256,-1.0,5.0,52.237693,21.050488,6.0
19285,2026-05-11 20:27:45.100000+00:00,52.2381817,21.05069,92.0,33.78,0.029,-0.037,0.928,0,33.63296388710997,6.0,56.05479016647076,-1.0,5.0,52.237693,21.050488,6.0
19290,2026-05-11 20:27:45.600000+00:00,52.2381624,21.0506264,92.1,34.53,0.025,-0.034,1.013,0,34.799921674808374,6.0,53.03888298528072,-1.0,5.0,52.237693,21.050488,6.0
19295,2026-05-11 20:27:46.100000+00:00,52.2381426,21.0505625,92.1,34.96,-0.005,-0.045,0.967,0,35.110687743016776,6.0,50.24996818634557,-1.0,5.0,52.237693,21.050488,6.0
19300,2026-05-11 20:27:46.600000+00:00,52.2381237,21.0504985,92.0,34.91,-0.028,-0.025,0.94,0,34.83548084743063,6.0,47.89699172341345,-1.0,5.0,52.237693,21.050488,6.0
19305,2026-05-11 20:27:47.100000+00:00,52.2381051,21.0504354,91.9,34.65,-0.045,0.005,0.992,0,34.333727756838016,6.0,45.963198014059685,-1.0,5.0,52.237693,21.050488,6.0
19310,2026-05-11 20:27:47.600000+00:00,52.2380866,21.050373,91.9,33.54,-0.054,0.001,0.968,0,33.989869503265346,6.0,44.461361791279074,-1.0,5.0,52.237693,21.050488,6.0
19315,2026-05-11 20:27:48.100000+00:00,52.2380701,21.0503122,91.8,32.45,-0.084,0.01,0.956,0,32.60464238202182,6.0,43.60691357952866,-1.0,5.0,52.237693,21.050488,6.0
19320,2026-05-11 20:27:48.600000+00:00,52.2380542,21.0502548,91.5,30.68,-0.075,0.012,0.993,0,30.8869420038196,6.0,43.188829667575256,-1.0,5.0,52.237693,21.050488,6.0
19325,2026-05-11 20:27:49.100000+00:00,52.2380383,21.0502,91.4,28.97,-0.084,0.038,0.968,0,29.730170605113784,6.0,43.11400828435721,-1.0,5.0,52.237693,21.050488,6.0
19330,2026-05-11 20:27:49.600000+00:00,52.2380226,21.050148,91.3,27.79,-0.085,0.016,0.951,0,28.424503243946432,6.0,43.35003985737588,-1.0,5.0,52.237693,21.050488,6.0
19335,2026-05-11 20:27:50.100000+00:00,52.2380074,21.050098,91.2,26.6,-0.095,0.0,0.976,0,27.368127149501845,6.0,43.90259434346063,-1.0,5.0,52.237693,21.050488,6.0
19340,2026-05-11 20:27:50.600000+00:00,52.2379924,21.0500502,91.3,25.44,-0.08,0.018,0.988,0,26.332969079790576,6.0,44.68862175303119,-1.0,5.0,52.237693,21.050488,6.0
19345,2026-05-11 20:27:51.100000+00:00,52.2379803,21.0500062,91.0,23.27,-0.106,0.024,0.979,0,23.64743578925928,6.0,45.7920786034127,-1.0,5.0,52.237693,21.050488,6.0
19350,2026-05-11 20:27:51.600000+00:00,52.2379692,21.0499657,90.8,21.73,-0.085,0.023,0.922,0,21.754112797341897,6.0,46.99083496763986,-1.0,5.0,52.237693,21.050488,6.0
19355,2026-05-11 20:27:52.100000+00:00,52.2379584,21.0499283,90.7,19.93,-0.124,0.04,0.997,0,20.27272372594154,6.0,48.20221439713737,-1.0,5.0,52.237693,21.050488,6.0
19360,2026-05-11 20:27:52.600000+00:00,52.2379474,21.0498951,90.4,17.77,-0.137,0.037,0.98,0,18.50684518349672,6.0,49.29696664176643,-1.0,5.0,52.237693,21.050488,6.0
19365,2026-05-11 20:27:53.100000+00:00,52.237939,21.0498666,90.2,15.07,-0.155,0.035,0.951,0,15.507028087892705,6.0,50.38539792541992,-1.0,5.0,52.237693,21.050488,6.0
19370,2026-05-11 20:27:53.600000+00:00,52.237932,21.0498439,89.9,11.55,-0.195,0.054,0.978,0,12.460664442121727,6.0,51.28267572990578,-1.0,5.0,52.237693,21.050488,6.0
19375,2026-05-11 20:27:54.100000+00:00,52.2379291,21.0498289,89.4,7.1,-0.197,0.043,0.964,0,7.71194105097975,6.0,51.99536496339138,-1.0,5.0,52.237693,21.050488,6.0
19380,2026-05-11 20:27:54.600000+00:00,52.2379249,21.0498189,89.3,4.64,-0.202,0.042,0.968,0,5.945061717090552,6.0,52.35266040306848,-1.0,5.0,52.237693,21.050488,6.0
19385,2026-05-11 20:27:55.100000+00:00,52.2379236,21.0498169,89.3,1.65,-0.169,0.047,0.965,0,1.4299361283903795,6.0,52.40033958278708,-1.0,5.0,52.237693,21.050488,6.0
19390,2026-05-11 20:27:55.600000+00:00,52.237923,21.0498167,89.4,0.3,-0.102,0.023,0.979,0,0.4902678658208792,6.0,52.3796096541532,-1.0,5.0,52.237693,21.050488,6.0
19395,2026-05-11 20:27:56.100000+00:00,52.2379236,21.049817,89.5,0.24,0.001,-0.011,0.97,0,0.5023754993691592,6.0,52.39440124148077,-1.0,5.0,52.237693,21.050488,6.0
19400,2026-05-11 20:27:56.600000+00:00,52.2379239,21.049817,89.6,0.28,-0.003,-0.01,0.979,0,0.2401810414833782,6.0,52.410734647567246,-1.0,5.0,52.237693,21.050488,6.0
19405,2026-05-11 20:27:57.100000+00:00,52.2379233,21.0498167,89.7,0.21,-0.008,-0.004,0.974,0,0.5023754990780831,6.0,52.395905194977296,-1.0,5.0,52.237693,21.050488,6.0
19410,2026-05-11 20:27:57.600000+00:00,52.2379223,21.049816,89.7,0.1,-0.003,-0.008,0.977,0,0.8710613226382566,6.0,52.38328296538855,-1.0,5.0,52.237693,21.050488,6.0
19415,2026-05-11 20:27:58.100000+00:00,52.2379213,21.0498155,89.7,0.08,-0.005,-0.009,0.977,0,0.8372925040118935,6.0,52.35902569108607,-1.0,5.0,52.237693,21.050488,6.0
19420,2026-05-11 20:27:58.600000+00:00,52.2379205,21.0498152,89.8,0.12,-0.004,-0.005,0.977,0,0.6571541661340982,6.0,52.33383665286893,-1.0,5.0,52.237693,21.050488,6.0
19425,2026-05-11 20:27:59.100000+00:00,52.2379198,21.049815,89.9,0.13,-0.006,-0.007,0.977,0,0.568935985125648,6.0,52.3081882915963,-1.0,5.0,52.237693,21.050488,6.0
19430,2026-05-11 20:27:59.600000+00:00,52.2379192,21.0498148,90.0,0.24,-0.007,-0.007,0.975,0,0.4902678674999977,6.0,52.28799467360461,-1.0,5.0,52.237693,21.050488,6.0
19435,2026-05-11 20:28:00.100000+00:00,52.2379187,21.0498145,90.1,0.36,-0.001,-0.005,0.977,0,0.4264679270774503,6.0,52.27919293810762,-1.0,5.0,52.237693,21.050488,6.0
19440,2026-05-11 20:28:00.600000+00:00,52.2379178,21.0498142,90.2,0.09,-0.005,-0.006,0.973,0,0.7354018072242758,6.0,52.24916364080771,-1.0,5.0,52.237693,21.050488,6.0
19445,2026-05-11 20:28:01.100000+00:00,52.237917,21.0498141,90.3,0.07,-0.006,-0.006,0.973,0,0.6423565184120099,6.0,52.21264942812942,-1.0,5.0,52.237693,21.050488,6.0
19450,2026-05-11 20:28:01.600000+00:00,52.2379161,21.0498143,90.4,0.24,-0.002,-0.003,0.977,0,0.7271844655430675,6.0,52.15300387354475,-1.0,5.0,52.237693,21.050488,6.0
19455,2026-05-11 20:28:02.100000+00:00,52.2379155,21.0498145,90.4,0.1,-0.003,-0.008,0.975,0,0.490267869134929,6.0,52.1093156304197,-1.0,5.0,52.237693,21.050488,6.0
19460,2026-05-11 20:28:02.600000+00:00,52.2379147,21.0498143,90.5,0.03,-0.007,-0.007,0.977,0,0.6479452470970147,6.0,52.07913569962909,-1.0,5.0,52.237693,21.050488,6.0
19465,2026-05-11 20:28:03.100000+00:00,52.2379139,21.049815,90.6,0.14,-0.005,-0.006,0.978,0,0.7266361802078912,6.0,51.99507070560993,-1.0,5.0,52.237693,21.050488,6.0
19470,2026-05-11 20:28:03.600000+00:00,52.2379133,21.0498151,90.6,0.08,-0.005,-0.006,0.977,0,0.4828575817520091,6.0,51.9575813178876,-1.0,5.0,52.237693,21.050488,6.0
19475,2026-05-11 20:28:04.100000+00:00,52.2379125,21.0498152,90.7,0.22,-0.006,-0.007,0.977,0,0.6423565238692898,6.0,51.90969137317787,-1.0,5.0,52.237693,21.050488,6.0
19480,2026-05-11 20:28:04.600000+00:00,52.2379116,21.0498148,90.8,0.19,-0.005,-0.005,0.979,0,0.7467541895817474,6.0,51.88677517789899,-1.0,5.0,52.237693,21.050488,6.0
19485,2026-05-11 20:28:05.100000+00:00,52.2379108,21.0498149,90.9,0.2,-0.005,-0.007,0.977,0,0.6423565189347512,6.0,51.83914151660631,-1.0,5.0,52.237693,21.050488,6.0
19490,2026-05-11 20:28:05.600000+00:00,52.2379101,21.0498151,90.9,0.07,-0.004,-0.008,0.976,0,0.5689359835338894,6.0,51.790774544878445,-1.0,5.0,52.237693,21.050488,6.0
19495,2026-05-11 20:28:06.100000+00:00,52.2379094,21.0498151,91.0,0.05,-0.003,-0.008,0.978,0,0.5604224335230334,6.0,51.75454000048255,-1.0,5.0,52.237693,21.050488,6.0
19500,2026-05-11 20:28:06.600000+00:00,52.2379088,21.0498154,91.0,0.18,-0.006,-0.006,0.978,0,0.502375513146761,6.0,51.70545884877773,-1.0,5.0,52.237693,21.050488,6.0
19505,2026-05-11 20:28:07.100000+00:00,52.2379078,21.0498152,91.1,0.1,-0.003,-0.008,0.977,0,0.8065858739410957,6.0,51.66602485206285,-1.0,5.0,52.237693,21.050488,6.0
19510,2026-05-11 20:28:07.600000+00:00,52.237907,21.049816,91.1,0.6,-0.005,-0.01,0.977,0,0.7510365461790298,6.0,51.576624894575154,-1.0,5.0,52.237693,21.050488,6.0
19515,2026-05-11 20:28:08.100000+00:00,52.2379061,21.0498149,91.2,0.18,-0.005,-0.008,0.975,0,0.9000176782131468,6.0,51.59705651100887,-1.0,5.0,52.237693,21.050488,6.0
19520,2026-05-11 20:28:08.600000+00:00,52.237905,21.0498141,91.3,0.06,-0.002,-0.009,0.976,0,0.964057297716807,6.0,51.58944902560535,-1.0,5.0,52.237693,21.050488,6.0
19525,2026-05-11 20:28:09.100000+00:00,52.2379037,21.049813,91.4,0.06,-0.005,-0.008,0.975,0,1.1722123775851978,6.0,51.59028069508059,-1.0,5.0,52.237693,21.050488,6.0
19530,2026-05-11 20:28:09.600000+00:00,52.2379026,21.0498119,91.4,0.18,-0.004,-0.008,0.974,0,1.032675273182061,6.0,51.60166670096049,-1.0,5.0,52.237693,21.050488,6.0
19535,2026-05-11 20:28:10.100000+00:00,52.2379016,21.0498106,91.5,0.04,-0.006,-0.008,0.976,0,1.023324826558161,6.0,51.630611178697215,-1.0,5.0,52.237693,21.050488,6.0
19540,2026-05-11 20:28:10.600000+00:00,52.2379002,21.0498091,91.6,0.37,0.017,-0.017,0.974,0,1.3405704162210084,6.0,51.65225975467038,-1.0,5.0,52.237693,21.050488,6.0
19545,2026-05-11 20:28:11.100000+00:00,52.237898,21.0498056,91.7,1.16,0.048,-0.028,0.975,0,2.4590294726574955,6.0,51.75747231660363,-1.0,5.0,52.237693,21.050488,6.0
19550,2026-05-11 20:28:11.600000+00:00,52.2378954,21.0498005,91.9,2.41,0.065,-0.028,0.972,0,3.2534586317550134,6.0,51.943569142505,-1.0,5.0,52.237693,21.050488,6.0
19555,2026-05-11 20:28:12.100000+00:00,52.2378918,21.0497932,92.0,3.6,0.078,-0.023,0.977,0,4.595249596447829,6.0,52.221314514349366,-1.0,5.0,52.237693,21.050488,6.0
19560,2026-05-11 20:28:12.600000+00:00,52.2378873,21.0497833,92.0,5.76,0.085,-0.027,0.97,0,6.044698583826181,6.0,52.62544463043551,-1.0,5.0,52.237693,21.050488,6.0
19565,2026-05-11 20:28:13.100000+00:00,52.237882,21.0497709,92.0,7.11,0.099,-0.043,0.976,0,7.413789784909321,6.0,53.16077811284237,-1.0,5.0,52.237693,21.050488,6.0
19570,2026-05-11 20:28:13.600000+00:00,52.2378759,21.049756,91.9,8.59,0.109,-0.036,0.967,0,8.787221831426036,6.0,53.834333076969656,-1.0,5.0,52.237693,21.050488,6.0
19575,2026-05-11 20:28:14.100000+00:00,52.2378679,21.0497376,91.8,11.09,0.119,-0.038,0.968,0,11.063548003364511,6.0,54.673749866504025,-1.0,5.0,52.237693,21.050488,6.0
19580,2026-05-11 20:28:14.600000+00:00,52.2378585,21.0497156,91.8,12.96,0.122,-0.031,0.969,0,13.152024331932273,6.0,55.72250527675116,-1.0,5.0,52.237693,21.050488,6.0
19585,2026-05-11 20:28:15.100000+00:00,52.237848,21.0496897,91.7,15.25,0.116,-0.045,0.973,0,15.228605754814993,6.0,57.02648894194002,-1.0,5.0,52.237693,21.050488,6.0
19590,2026-05-11 20:28:15.600000+00:00,52.2378368,21.0496591,91.7,17.52,0.104,-0.081,0.974,0,17.47791749902515,6.0,58.664482440402885,-1.0,5.0,52.237693,21.050488,6.0
19595,2026-05-11 20:28:16.100000+00:00,52.2378234,21.0496232,91.8,20.58,0.108,-0.059,0.968,0,20.61276302586321,6.0,60.64675804921716,-1.0,5.0,52.237693,21.050488,6.0
19600,2026-05-11 20:28:16.600000+00:00,52.2378094,21.0495837,91.9,22.17,0.08,-0.046,0.97,0,22.37566433515976,6.0,62.92319204149173,-1.0,5.0,52.237693,21.050488,6.0
19605,2026-05-11 20:28:17.100000+00:00,52.2377945,21.049541,92.0,24.27,0.06,-0.047,0.966,0,24.09501440295794,6.0,65.46548469472431,-1.0,5.0,52.237693,21.050488,6.0
19610,2026-05-11 20:28:17.600000+00:00,52.23778,21.0494967,92.0,24.48,0.049,-0.036,0.959,0,24.627060969040212,6.0,68.191535605602,-1.0,5.0,52.237693,21.050488,6.0
19615,2026-05-11 20:28:18.100000+00:00,52.2377655,21.0494504,92.0,25.75,0.04,-0.053,0.964,0,25.49603899293852,6.0,71.11305401943463,-1.0,5.0,52.237693,21.050488,6.0
19620,2026-05-11 20:28:18.600000+00:00,52.2377513,21.0494011,92.0,26.37,0.04,-0.064,0.99,0,26.71083310366483,6.0,74.29505355754509,-1.0,5.0,52.237693,21.050488,6.0
19625,2026-05-11 20:28:19.100000+00:00,52.2377369,21.0493498,92.1,27.48,0.04,-0.053,0.987,0,27.66764157846685,6.0,77.65850958861199,-1.0,5.0,52.237693,21.050488,6.0
19630,2026-05-11 20:28:19.600000+00:00,52.2377228,21.0492975,92.3,28.0,0.062,-0.038,0.957,0,28.016445453220545,,81.13397763266575,-1.0,5.0,52.237693,21.050488,6.0
19635,2026-05-11 20:28:20.100000+00:00,52.2377075,21.0492431,92.5,29.83,0.043,-0.05,0.986,0,29.349538634685885,,84.78596066657093,-1.0,5.0,52.237693,21.050488,6.0
19640,2026-05-11 20:28:20.600000+00:00,52.2376922,21.0491867,92.4,31.02,0.03,-0.048,0.969,0,30.243391208033884,,88.61120895645436,-1.0,5.0,52.237693,21.050488,6.0
19645,2026-05-11 20:28:21.100000+00:00,52.2376764,21.0491283,92.5,32.43,0.043,-0.05,0.964,0,31.30207818231558,,92.6062877255854,-1.0,5.0,52.237693,21.050488,6.0
19650,2026-05-11 20:28:21.600000+00:00,52.2376631,21.0490742,92.2,33.22,0.02,-0.097,0.956,0,28.58162783168957,,96.32920140410732,-1.0,5.0,52.237693,21.050488,6.0
19655,2026-05-11 20:28:22.100000+00:00,52.2376503,21.0490161,92.3,33.67,0.015,-0.039,0.996,0,30.2725150366214,,100.34050504808852,-1.0,5.0,52.237693,21.050488,6.0
19660,2026-05-11 20:28:22.600000+00:00,52.2376361,21.0489539,92.4,33.93,0.03,-0.051,0.955,0,32.54556767275568,,104.6550189994914,-1.0,5.0,52.237693,21.050488,6.0
19665,2026-05-11 20:28:23.100000+00:00,52.2376219,21.0488887,92.6,34.59,0.026,-0.046,0.964,0,33.92765357086914,,109.18995758883985,-1.0,5.0,52.237693,21.050488,6.0
19670,2026-05-11 20:28:23.600000+00:00,52.237608,21.0488209,92.6,35.43,0.02,-0.057,0.963,0,35.054308021845024,,113.91296568627844,-1.0,5.0,52.237693,21.050488,6.0
19675,2026-05-11 20:28:24.100000+00:00,52.2375949,21.0487517,92.6,36.21,0.016,-0.07,0.981,0,35.51146564014524,,118.73446665116543,-1.0,5.0,52.237693,21.050488,6.0
19680,2026-05-11 20:28:24.600000+00:00,52.2375806,21.0486811,92.6,36.07,0.037,0.009,0.966,0,36.45800367961503,,123.67297342330454,-1.0,5.0,52.237693,21.050488,6.0
19685,2026-05-11 20:28:25.100000+00:00,52.2375659,21.0486099,92.7,36.83,0.046,-0.006,0.978,0,36.838473468493,,128.66670118943318,-1.0,5.0,52.237693,21.050488,6.0
19690,2026-05-11 20:28:25.600000+00:00,52.2375503,21.0485371,92.7,37.97,0.047,-0.021,0.964,0,37.81448856359617,,133.78973893737478,-1.0,5.0,52.237693,21.050488,6.0
19695,2026-05-11 20:28:26.100000+00:00,52.2375335,21.0484642,93.0,37.71,0.046,-0.017,0.965,0,38.188473383211694,,138.94613733766602,-1.0,5.0,52.237693,21.050488,6.0
19700,2026-05-11 20:28:26.600000+00:00,52.2375175,21.0483889,93.0,39.52,-0.015,0.001,0.982,0,39.07733707756908,,144.26309738605173,-1.0,5.0,52.237693,21.050488,6.0
19705,2026-05-11 20:28:27.100000+00:00,52.2375021,21.0483153,93.1,38.35,-0.031,0.006,0.951,0,38.13288782213388,,149.46392193072182,-1.0,5.0,52.237693,21.050488,6.0
19710,2026-05-11 20:28:27.600000+00:00,52.2374873,21.0482431,93.2,37.36,-0.039,0.0,0.992,0,37.32878503025368,,154.5670592641549,-1.0,5.0,52.237693,21.050488,6.0
19715,2026-05-11 20:28:28.100000+00:00,52.2374732,21.048173,93.1,36.71,-0.036,0.0,0.97,0,36.17513919174782,,159.52219842244506,-1.0,5.0,52.237693,21.050488,6.0
19720,2026-05-11 20:28:28.600000+00:00,52.2374598,21.0481032,93.0,36.19,-0.026,0.006,0.959,0,35.86382919714756,,164.44907360076377,-1.0,5.0,52.237693,21.050488,6.0
19725,2026-05-11 20:28:29.100000+00:00,52.2374465,21.0480356,93.1,35.04,-0.038,0.013,0.973,0,34.8115298792816,,169.22949045960004,-1.0,5.0,52.237693,21.050488,6.0
19730,2026-05-11 20:28:29.600000+00:00,52.2374335,21.0479689,93.1,34.48,-0.036,0.006,0.968,0,34.31809635551721,,173.9469501198576,-1.0,5.0,52.237693,21.050488,6.0
19735,2026-05-11 20:28:30.100000+00:00,52.23742,21.0479039,93.1,33.61,-0.034,0.008,0.974,0,33.6512593138304,,178.5623712053737,-1.0,5.0,52.237693,21.050488,6.0
19740,2026-05-11 20:28:30.600000+00:00,52.2374069,21.0478403,93.1,33.31,-0.04,0.002,0.969,0,32.89848860171251,,183.07914033428017,-1.0,5.0,52.237693,21.050488,6.0
19745,2026-05-11 20:28:31.100000+00:00,52.2373936,21.047778,93.1,32.25,-0.031,0.0,0.971,0,32.34737922329915,,187.51528077634447,-1.0,5.0,52.237693,21.050488,6.0
19750,2026-05-11 20:28:31.600000+00:00,52.2373813,21.0477167,93.1,32.08,-0.04,0.0,0.974,0,31.62647862661785,,191.8669660059673,-1.0,5.0,52.237693,21.050488,6.0
19755,2026-05-11 20:28:32.100000+00:00,52.2373702,21.0476562,93.1,31.44,-0.044,-0.033,0.957,0,30.96472108728134,,196.14246075493705,-1.0,5.0,52.237693,21.050488,6.0
19760,2026-05-11 20:28:32.600000+00:00,52.2373599,21.0475966,93.2,30.17,-0.049,-0.033,0.969,0,30.36212539996722,,200.34234265056077,-1.0,5.0,52.237693,21.050488,6.0
19765,2026-05-11 20:28:33.100000+00:00,52.23735,21.0475378,93.1,29.73,-0.059,-0.045,0.976,0,29.89835272653395,,204.4811092329809,-1.0,5.0,52.237693,21.050488,6.0
19770,2026-05-11 20:28:33.600000+00:00,52.2373429,21.0474796,93.1,29.44,-0.053,-0.102,0.945,0,29.095142835151695,,208.52194102766785,-1.0,5.0,52.237693,21.050488,6.0
19775,2026-05-11 20:28:34.100000+00:00,52.2373387,21.0474214,92.9,28.76,-0.078,-0.115,0.971,0,28.73191763040322,,212.50275411242572,-1.0,5.0,52.237693,21.050488,6.0
19780,2026-05-11 20:28:34.600000+00:00,52.2373367,21.0473639,92.8,28.3,-0.077,-0.144,0.972,0,28.23671809747569,,216.39214736568735,-1.0,5.0,52.237693,21.050488,6.0
19785,2026-05-11 20:28:35.100000+00:00,52.23734,21.0473071,92.6,29.05,-0.064,-0.183,0.954,0,27.973127655706197,,220.1299470772207,-1.0,5.0,52.237693,21.050488,6.0
19790,2026-05-11 20:28:35.600000+00:00,52.2373474,21.0472494,92.2,29.8,-0.068,-0.169,1.004,0,28.903040707017347,,223.8543927738846,-1.0,5.0,52.237693,21.050488,6.0
19795,2026-05-11 20:28:36.100000+00:00,52.2373564,21.0471927,92.2,29.15,-0.061,-0.16,0.89,0,28.717681559699475,,227.49219229941133,-1.0,5.0,52.237693,21.050488,6.0
19800,2026-05-11 20:28:36.600000+00:00,52.2373686,21.0471352,92.2,30.05,-0.048,-0.179,0.924,0,29.835362650200956,,231.13955337616028,-1.0,5.0,52.237693,21.050488,6.0
19805,2026-05-11 20:28:37.100000+00:00,52.237383,21.047078,92.3,30.29,-0.051,-0.095,1.016,0,30.321384124675617,,234.7471294108254,-1.0,5.0,52.237693,21.050488,6.0
19810,2026-05-11 20:28:37.600000+00:00,52.2373987,21.0470217,92.6,30.41,-0.024,-0.077,0.993,0,30.33005583603693,,238.2939087330017,-1.0,5.0,52.237693,21.050488,6.0
19815,2026-05-11 20:28:38.100000+00:00,52.2374148,21.0469637,92.5,31.59,0.022,-0.026,0.937,0,31.221346070607428,,241.971159849212,-1.0,5.0,52.237693,21.050488,6.0
19820,2026-05-11 20:28:38.600000+00:00,52.2374307,21.0469033,92.7,31.85,0.013,0.006,0.979,0,32.23313695025375,,245.8348178904369,-1.0,5.0,52.237693,21.050488,6.0
19825,2026-05-11 20:28:39.100000+00:00,52.2374457,21.0468427,92.8,31.63,0.031,0.05,0.972,0,32.04631580282461,,249.74349129714096,-1.0,5.0,52.237693,21.050488,6.0
19830,2026-05-11 20:28:39.600000+00:00,52.2374576,21.0467795,92.8,32.36,0.042,0.074,0.941,0,32.41740292716614,,253.88147271021015,-1.0,5.0,52.237693,21.050488,6.0
19835,2026-05-11 20:28:40.100000+00:00,52.2374667,21.0467136,92.9,32.88,0.033,0.104,1.005,0,33.120789642265855,,258.2448159442092,-1.0,5.0,52.237693,21.050488,6.0
19840,2026-05-11 20:28:40.600000+00:00,52.2374747,21.0466461,92.7,34.06,0.05,0.099,0.956,0,33.708094270943526,,262.7360034241407,-1.0,5.0,52.237693,21.050488,6.0
19845,2026-05-11 20:28:41.100000+00:00,52.2374792,21.046576,92.7,34.43,0.036,0.079,0.97,0,34.557054222774056,,267.4444190753214,-1.0,5.0,52.237693,21.050488,6.0
19850,2026-05-11 20:28:41.600000+00:00,52.2374813,21.0465028,92.8,35.29,0.078,0.109,0.992,0,35.927971954806424,,272.3892793283677,-1.0,5.0,52.237693,21.050488,6.0
19855,2026-05-11 20:28:42.100000+00:00,52.2374792,21.0464267,92.8,37.5,0.068,0.098,0.951,0,37.348290221527,,277.5721537379476,-1.0,5.0,52.237693,21.050488,6.0
19860,2026-05-11 20:28:42.600000+00:00,52.2374742,21.0463474,92.8,39.01,0.076,0.115,0.993,0,39.084865479796,,282.99985440575705,-1.0,5.0,52.237693,21.050488,6.0
19865,2026-05-11 20:28:43.100000+00:00,52.2374674,21.0462691,92.8,39.79,0.052,0.095,0.97,0,38.7731601417137,,288.37709133846164,-1.0,5.0,52.237693,21.050488,6.0
19870,2026-05-11 20:28:43.600000+00:00,52.2374554,21.0461888,92.9,40.73,0.057,0.021,0.923,0,40.524890430972725,,293.9417045701595,-1.0,5.0,52.237693,21.050488,6.0
19875,2026-05-11 20:28:44.100000+00:00,52.2374449,21.0461064,92.8,41.89,0.012,-0.005,0.982,0,41.26456498329936,,299.6356820240353,-1.0,5.0,52.237693,21.050488,6.0
19880,2026-05-11 20:28:44.600000+00:00,52.237434,21.0460226,92.6,42.1,-0.026,0.002,0.967,0,42.00217349191059,,305.43015479475935,-1.0,5.0,52.237693,21.050488,6.0
19885,2026-05-11 20:28:45.100000+00:00,52.237424,21.0459387,92.4,42.47,-0.029,-0.001,0.997,0,41.90653790760139,,311.22323339755906,-1.0,5.0,52.237693,21.050488,6.0
19890,2026-05-11 20:28:45.600000+00:00,52.2374126,21.045855,92.2,42.94,-0.035,-0.026,0.964,0,42.039322627336304,,317.0190371562392,-1.0,5.0,52.237693,21.050488,6.0
19895,2026-05-11 20:28:46.100000+00:00,52.2374011,21.0457708,91.8,43.25,-0.01,-0.019,0.962,0,42.2960159242076,,322.85138555467586,-1.0,5.0,52.237693,21.050488,6.0
19900,2026-05-11 20:28:46.600000+00:00,52.2373895,21.0456847,91.5,44.02,0.0,-0.02,0.97,0,43.2228325561524,,328.81507369684766,-1.0,5.0,52.237693,21.050488,6.0
19905,2026-05-11 20:28:47.100000+00:00,52.2373785,21.0455969,91.4,44.67,0.007,-0.007,0.971,0,43.93842669304264,,334.88832502663644,-1.0,5.0,52.237693,21.050488,6.0
19910,2026-05-11 20:28:47.600000+00:00,52.2373665,21.0455076,91.2,46.04,0.017,-0.008,0.957,0,44.82393023269193,,341.07601186396494,-1.0,5.0,52.237693,21.050488,6.0
19915,2026-05-11 20:28:48.100000+00:00,52.2373546,21.0454161,91.0,46.79,0.004,0.016,0.993,0,45.86138173351766,,347.41277546217,-1.0,5.0,52.237693,21.050488,6.0
19920,2026-05-11 20:28:48.600000+00:00,52.2373412,21.0453241,90.8,46.74,-0.029,0.004,0.968,0,46.364283359174166,,353.80297111104784,-1.0,5.0,52.237693,21.050488,6.0
19925,2026-05-11 20:28:49.100000+00:00,52.2373279,21.045232,90.7,46.15,-0.039,0.007,0.983,0,46.39355524569877,,360.2004374360808,-1.0,5.0,52.237693,21.050488,6.0
19930,2026-05-11 20:28:49.600000+00:00,52.2373163,21.0451403,90.6,46.74,-0.038,0.014,0.962,0,45.90815235079421,,363.40202735884776,-1.0,5.0,52.237693,21.050488,6.0
19935,2026-05-11 20:28:50.100000+00:00,52.2373038,21.0450504,90.4,45.17,-0.096,0.032,0.963,0,45.19831167706033,,360.28091031416005,-1.0,5.0,52.237693,21.050488,6.0
19940,2026-05-11 20:28:50.600000+00:00,52.2372907,21.0449633,90.1,44.51,-0.097,0.028,0.966,0,43.97274597053356,,357.418807102593,-1.0,5.0,52.237693,21.050488,6.0
19945,2026-05-11 20:28:51.100000+00:00,52.2372783,21.0448773,89.8,43.0,-0.107,0.024,0.977,0,43.31733819973143,,354.6281415630209,-1.0,5.0,52.237693,21.050488,6.0
19950,2026-05-11 20:28:51.600000+00:00,52.2372673,21.0447928,89.5,41.25,-0.129,0.032,0.969,0,42.354668404197966,,351.86335622919734,-1.0,5.0,52.237693,21.050488,6.0
19955,2026-05-11 20:28:52.100000+00:00,52.2372566,21.0447153,89.4,38.35,-0.197,0.068,0.98,0,38.95069931028552,,349.448397816335,-1.0,5.0,52.237693,21.050488,6.0
19960,2026-05-11 20:28:52.600000+00:00,52.2372456,21.0446432,89.3,35.56,-0.171,0.055,0.972,0,36.42997372965535,,347.35382642674955,-1.0,5.0,52.237693,21.050488,6.0
19965,2026-05-11 20:28:53.100000+00:00,52.2372352,21.0445752,89.2,33.14,-0.141,0.021,0.992,0,34.36331900461137,,345.4368916920852,-1.0,5.0,52.237693,21.050488,6.0
19970,2026-05-11 20:28:53.600000+00:00,52.2372254,21.0445116,89.0,31.24,-0.138,0.032,0.939,0,32.15401658287831,,343.7008051205288,-1.0,5.0,52.237693,21.050488,6.0
19975,2026-05-11 20:28:54.100000+00:00,52.2372163,21.0444528,88.9,28.89,-0.185,0.053,0.973,0,29.73506071794701,,342.14332760893467,-1.0,5.0,52.237693,21.050488,6.0
19980,2026-05-11 20:28:54.600000+00:00,52.2372087,21.0443993,88.8,25.87,-0.174,0.024,0.955,0,26.92669328768741,,340.70195179086426,-1.0,5.0,52.237693,21.050488,6.0
19985,2026-05-11 20:28:55.100000+00:00,52.2372025,21.0443503,88.7,23.29,-0.173,0.009,0.971,0,24.531382822232388,,339.3432253065093,-1.0,5.0,52.237693,21.050488,6.0
19990,2026-05-11 20:28:55.600000+00:00,52.2371979,21.0443064,88.6,20.41,-0.182,-0.016,1.003,0,21.83629528547973,,338.0628885324329,-1.0,5.0,52.239705,21.041498,5.0
19995,2026-05-11 20:28:56.100000+00:00,52.2371943,21.0442666,88.6,19.12,-0.157,-0.049,0.942,0,19.725036252153394,,336.86895146347814,-1.0,5.0,52.239705,21.041498,5.0
20000,2026-05-11 20:28:56.600000+00:00,52.2371935,21.0442294,88.6,17.66,-0.19,-0.131,0.956,0,18.249835306576703,,335.5319701687708,-1.0,5.0,52.239705,21.041498,5.0
20005,2026-05-11 20:28:57.100000+00:00,52.2371956,21.0441965,88.6,15.34,-0.243,-0.068,0.972,0,16.217750711612457,,334.10031363193,-1.0,5.0,52.239705,21.041498,5.0
20010,2026-05-11 20:28:57.600000+00:00,52.2372,21.0441713,88.6,12.05,-0.237,-0.037,0.966,0,12.847546191045936,,332.749986496788,-1.0,5.0,52.239705,21.041498,5.0
20015,2026-05-11 20:28:58.100000+00:00,52.2372039,21.0441528,88.7,7.77,-0.275,0.062,0.98,0,9.592644201307325,,331.6988325777613,-1.0,5.0,52.239705,21.041498,5.0
20020,2026-05-11 20:28:58.600000+00:00,52.2372072,21.0441438,88.6,4.26,-0.184,0.07,0.967,0,5.143035978323807,,331.05732462689497,-1.0,5.0,52.239705,21.041498,5.0
20025,2026-05-11 20:28:59.100000+00:00,52.2372087,21.0441377,88.7,2.78,-0.101,0.035,0.972,0,3.222836559265399,,330.6914490090946,-1.0,5.0,52.239705,21.041498,5.0
20030,2026-05-11 20:28:59.600000+00:00,52.2372099,21.0441349,88.7,0.9,-0.12,0.056,0.976,0,1.675578136391772,,330.4758248009453,-1.0,5.0,52.239705,21.041498,5.0
20035,2026-05-11 20:29:00.100000+00:00,52.2372098,21.0441347,88.7,0.07,-0.046,-0.002,0.965,0,0.1265891683338139,,330.47776114965023,-1.0,5.0,52.239705,21.041498,5.0
20040,2026-05-11 20:29:00.600000+00:00,52.2372098,21.0441347,88.7,0.06,-0.031,-0.023,0.981,0,0.0,,330.47776114965023,-1.0,5.0,52.239705,21.041498,5.0
20045,2026-05-11 20:29:01.100000+00:00,52.2372098,21.0441346,88.6,0.08,-0.026,-0.019,0.975,0,0.0490284584480859,,330.4740618480766,-1.0,5.0,52.239705,21.041498,5.0
20050,2026-05-11 20:29:01.600000+00:00,52.2372097,21.044134,88.7,0.08,-0.027,-0.021,0.975,0,0.3048706096886356,,330.46120441562243,-1.0,5.0,52.239705,21.041498,5.0
20055,2026-05-11 20:29:02.100000+00:00,52.2372097,21.0441336,88.7,0.17,-0.027,-0.018,0.978,0,0.1961138326748279,,330.44641099026296,-1.0,5.0,52.239705,21.041498,5.0
20060,2026-05-11 20:29:02.600000+00:00,52.2372099,21.0441332,88.8,0.28,-0.014,-0.027,0.975,0,0.253178340059618,,330.41294498737426,-1.0,5.0,52.239705,21.041498,5.0
20065,2026-05-11 20:29:03.100000+00:00,52.2372106,21.0441314,88.8,1.53,0.017,-0.069,0.973,0,1.0454191221833515,,330.2810282769411,-1.0,5.0,52.239705,21.041498,5.0
20070,2026-05-11 20:29:03.600000+00:00,52.2372125,21.0441272,88.7,2.99,0.035,-0.084,0.974,0,2.5601116462272486,,329.94835793562345,-1.0,5.0,52.239705,21.041498,5.0
20075,2026-05-11 20:29:04.100000+00:00,52.2372148,21.0441198,88.8,5.01,0.041,-0.1,0.97,0,4.06864347837437,,329.4602409288304,-1.0,5.0,52.239705,21.041498,5.0
20080,2026-05-11 20:29:04.600000+00:00,52.2372174,21.044109,89.1,6.96,0.042,-0.119,0.966,0,5.689527625244028,,328.8190805591143,-1.0,5.0,52.239705,21.041498,5.0
20085,2026-05-11 20:29:05.100000+00:00,52.2372233,21.0440921,89.6,9.73,0.038,-0.163,0.968,0,9.537642700865076,,327.6455478136071,-1.0,5.0,52.239705,21.041498,5.0
20090,2026-05-11 20:29:05.600000+00:00,52.2372304,21.0440698,90.2,11.82,0.027,-0.172,0.964,0,12.32270496109652,,326.1630880503924,-1.0,5.0,52.239705,21.041498,5.0
20095,2026-05-11 20:29:06.100000+00:00,52.237244,21.0440544,90.2,13.51,0.022,-0.186,0.96,0,13.249953291997013,,324.32426434790153,-1.0,5.0,52.239705,21.041498,5.0
20100,2026-05-11 20:29:06.600000+00:00,52.237261,21.0440386,90.2,17.15,0.037,-0.133,0.957,0,15.660371671357668,,322.151851303273,-1.0,5.0,52.239705,21.041498,5.0
20105,2026-05-11 20:29:07.100000+00:00,52.2372808,21.0440212,90.2,18.56,0.041,-0.135,0.974,0,18.00170034155401,,319.6583547694054,-1.0,5.0,52.239705,21.041498,5.0
20110,2026-05-11 20:29:07.600000+00:00,52.2373037,21.0440041,90.1,20.82,0.038,-0.143,0.972,0,20.159808796615657,,316.8854444561028,-1.0,5.0,52.239705,21.041498,5.0
20115,2026-05-11 20:29:08.100000+00:00,52.2373293,21.0439843,90.1,23.3,0.05,-0.122,0.949,0,22.678208541940645,,313.7610385404235,-1.0,5.0,52.239705,21.041498,5.0
20120,2026-05-11 20:29:08.600000+00:00,52.2373573,21.0439633,90.0,24.7,0.037,-0.074,0.966,0,24.66827452879452,,310.36847407901,-1.0,5.0,52.239705,21.041498,5.0
20125,2026-05-11 20:29:09.100000+00:00,52.237386,21.04394,90.0,25.9,0.037,-0.027,0.982,0,25.660389797771728,,306.82635145240533,-1.0,5.0,52.239705,21.041498,5.0
20130,2026-05-11 20:29:09.600000+00:00,52.2374162,21.0439163,90.0,26.74,0.042,-0.045,0.958,0,26.82543300607512,,303.1298994379222,-1.0,5.0,52.239705,21.041498,5.0
20135,2026-05-11 20:29:10.100000+00:00,52.2374482,21.0438901,90.0,28.92,0.039,-0.061,0.973,0,28.659260054478043,,299.1736025131204,-1.0,5.0,52.239705,21.041498,5.0
20140,2026-05-11 20:29:10.600000+00:00,52.2374821,21.0438619,90.1,29.59,0.035,-0.035,1.005,0,30.459172930644897,,294.9665968708234,-1.0,5.0,52.239705,21.041498,5.0
20145,2026-05-11 20:29:11.100000+00:00,52.237517,21.043835,90.2,31.01,0.059,0.007,0.96,0,30.897269352760823,,290.71563790492604,-1.0,5.0,52.239705,21.041498,5.0
20150,2026-05-11 20:29:11.600000+00:00,52.2375525,21.0438048,90.1,32.07,0.054,-0.007,0.962,0,32.046986193753106,,286.28677443148564,-1.0,5.0,52.239705,21.041498,5.0
20155,2026-05-11 20:29:12.100000+00:00,52.2375885,21.0437731,90.1,33.08,0.045,-0.009,0.946,0,32.74511149933608,,281.7560041575605,-1.0,5.0,52.239705,21.041498,5.0
20160,2026-05-11 20:29:12.600000+00:00,52.2376254,21.0437396,90.0,34.25,0.035,-0.003,0.986,0,33.80097742596976,,277.07475059952947,-1.0,5.0,52.239705,21.041498,5.0
20165,2026-05-11 20:29:13.100000+00:00,52.2376629,21.0437047,89.9,35.13,0.035,-0.005,0.962,0,34.55628135618633,,272.2857071436869,-1.0,5.0,52.239705,21.041498,5.0
20170,2026-05-11 20:29:13.600000+00:00,52.2377016,21.0436684,89.8,36.34,0.039,-0.042,0.973,0,35.731029477919684,,267.3331471302229,-1.0,5.0,52.239705,21.041498,5.0
20175,2026-05-11 20:29:14.100000+00:00,52.2377417,21.0436323,89.8,36.97,0.029,-0.035,0.974,0,36.6597416579498,,262.2589118802301,-1.0,5.0,52.239705,21.041498,5.0
20180,2026-05-11 20:29:14.600000+00:00,52.2377825,21.0435939,89.7,37.99,0.045,-0.02,0.966,0,37.7017492756158,,257.033656492622,-1.0,5.0,52.239705,21.041498,5.0
20185,2026-05-11 20:29:15.100000+00:00,52.2378249,21.0435543,89.6,39.76,0.041,-0.017,0.969,0,39.10556848348664,,251.61556968928485,-1.0,5.0,52.239705,21.041498,5.0
20190,2026-05-11 20:29:15.600000+00:00,52.2378689,21.0435139,89.6,40.71,0.046,-0.019,0.974,0,40.41331084860193,,246.02002268502025,-1.0,5.0,52.239705,21.041498,5.0
20195,2026-05-11 20:29:16.100000+00:00,52.2379143,21.0434718,89.6,42.02,0.053,-0.023,0.963,0,41.79916640745204,,240.23149553635136,-1.0,5.0,52.239705,21.041498,5.0
20200,2026-05-11 20:29:16.600000+00:00,52.2379606,21.0434285,89.7,42.61,0.023,-0.017,1.004,0,42.71652582225788,,234.3151215789673,-1.0,5.0,52.239705,21.041498,5.0
20205,2026-05-11 20:29:17.100000+00:00,52.238007,21.0433846,89.6,43.44,0.033,-0.027,0.955,0,42.932721558456585,,228.3674269105541,-1.0,5.0,52.239705,21.041498,5.0
20210,2026-05-11 20:29:17.600000+00:00,52.2380544,21.0433405,89.5,44.25,0.016,-0.019,0.945,0,43.67574518850406,,222.3210577981216,-1.0,5.0,52.239705,21.041498,5.0
20215,2026-05-11 20:29:18.100000+00:00,52.2381023,21.0432955,89.5,44.69,0.01,-0.019,0.976,0,44.24236629407172,,216.19526892043083,-1.0,5.0,52.239705,21.041498,5.0
20220,2026-05-11 20:29:18.600000+00:00,52.2381514,21.0432499,89.5,45.27,0.017,-0.017,0.988,0,45.22234851423782,,209.93757153699664,-1.0,5.0,52.239705,21.041498,5.0
20225,2026-05-11 20:29:19.100000+00:00,52.2382017,21.0432041,89.6,45.92,0.02,-0.024,0.98,0,46.10757027045982,,203.56394938370568,-1.0,5.0,52.239705,21.041498,5.0
20230,2026-05-11 20:29:19.600000+00:00,52.238251,21.0431563,89.5,46.25,0.023,-0.024,0.954,0,45.90276224222647,,197.2053943199639,-1.0,5.0,52.239705,21.041498,5.0
20235,2026-05-11 20:29:20.100000+00:00,52.2383025,21.0431094,89.5,47.39,0.017,-0.034,0.929,0,47.2092832194238,,190.68306071819708,-1.0,5.0,52.239705,21.041498,5.0
20240,2026-05-11 20:29:20.600000+00:00,52.2383545,21.0430624,89.4,47.94,0.01,-0.026,0.989,0,47.58300347182549,,184.1138918554962,-1.0,5.0,52.239705,21.041498,5.0
20245,2026-05-11 20:29:21.100000+00:00,52.2384078,21.0430153,89.5,48.81,0.011,-0.034,0.996,0,48.51952834520703,,177.4261626562722,-1.0,5.0,52.239705,21.041498,5.0
20250,2026-05-11 20:29:21.600000+00:00,52.2384625,21.0429693,89.7,49.59,0.019,-0.047,0.96,0,49.25892335358362,,170.66032907364817,-1.0,5.0,52.239705,21.041498,5.0
20255,2026-05-11 20:29:22.100000+00:00,52.2385168,21.0429205,89.7,49.89,0.016,-0.043,0.949,0,49.62153444239195,,163.82382735010123,-1.0,5.0,52.239705,21.041498,5.0
20260,2026-05-11 20:29:22.600000+00:00,52.2385727,21.0428725,89.6,51.19,0.018,-0.018,0.963,0,50.563786866176486,,156.88181300155557,-1.0,5.0,52.239705,21.041498,5.0
20265,2026-05-11 20:29:23.100000+00:00,52.2386295,21.0428231,89.6,51.65,0.018,-0.019,0.999,0,51.52168796107284,,149.81001595135623,-1.0,5.0,52.239705,21.041498,5.0
20270,2026-05-11 20:29:23.600000+00:00,52.238686,21.042773,89.7,51.57,-0.01,-0.014,0.973,0,51.47268891497076,,142.74407222199852,-1.0,5.0,52.239705,21.041498,5.0
20275,2026-05-11 20:29:24.100000+00:00,52.238742,21.0427242,89.7,50.99,-0.03,0.007,0.97,0,50.81809138989272,,135.78510263687107,-1.0,5.0,52.239705,21.041498,5.0
20280,2026-05-11 20:29:24.600000+00:00,52.2387979,21.0426747,89.6,51.16,-0.034,0.012,0.927,0,50.9101549275381,,128.81597044886004,-1.0,5.0,52.239705,21.041498,5.0
20285,2026-05-11 20:29:25.100000+00:00,52.2388537,21.0426251,89.7,50.67,-0.056,0.024,1.007,0,50.86319676405435,,121.86291093267654,-1.0,5.0,52.239705,21.041498,5.0
20290,2026-05-11 20:29:25.600000+00:00,52.2389083,21.0425763,89.7,49.4,-0.095,0.026,0.966,0,49.831987137411154,,115.06091649779032,-1.0,5.0,52.239705,21.041498,5.0
20295,2026-05-11 20:29:26.100000+00:00,52.2389607,21.042529,89.8,47.33,-0.099,0.044,0.977,0,47.93427009034159,,108.52661893971,-1.0,5.0,52.239705,21.041498,5.0
20300,2026-05-11 20:29:26.600000+00:00,52.2390116,21.0424831,89.9,46.01,-0.095,0.046,0.975,0,46.55118892738039,,102.1966636678951,-1.0,5.0,52.239705,21.041498,5.0
20305,2026-05-11 20:29:27.100000+00:00,52.2390606,21.0424379,90.1,44.18,-0.098,0.044,0.937,0,45.05577216288157,,96.07405800141404,-1.0,5.0,52.239705,21.041498,5.0
20310,2026-05-11 20:29:27.600000+00:00,52.2391073,21.0423949,90.0,42.69,-0.102,0.051,0.972,0,42.92201464202505,,90.25970739051998,-1.0,5.0,52.239705,21.041498,5.0
20315,2026-05-11 20:29:28.100000+00:00,52.239151,21.0423532,90.1,40.11,-0.133,0.053,0.988,0,40.52163175158476,,84.76892819327423,-1.0,5.0,52.239705,21.041498,5.0
20320,2026-05-11 20:29:28.600000+00:00,52.239192,21.0423132,90.1,37.59,-0.172,0.073,0.981,0,38.23658016109758,5.0,79.59319055189945,-1.0,5.0,52.239705,21.041498,5.0
20325,2026-05-11 20:29:29.100000+00:00,52.2392298,21.0422765,90.2,34.06,-0.187,0.06,0.966,0,35.20756421813427,5.0,74.84674965618004,-1.0,5.0,52.239705,21.041498,5.0
20330,2026-05-11 20:29:29.600000+00:00,52.2392644,21.042243,90.3,30.84,-0.184,0.003,0.967,0,32.20371550664742,5.0,70.5238778645452,-1.0,5.0,52.239705,21.041498,5.0
20335,2026-05-11 20:29:30.100000+00:00,52.2392969,21.0422141,90.3,28.91,-0.169,-0.001,0.967,0,29.627157070344563,5.0,66.60927492694196,-1.0,5.0,52.239705,21.041498,5.0
20340,2026-05-11 20:29:30.600000+00:00,52.239327,21.0421877,90.4,26.64,-0.123,0.028,0.97,0,27.353979395983863,5.0,63.02508187826218,-1.0,5.0,52.239705,21.041498,5.0
20345,2026-05-11 20:29:31.100000+00:00,52.2393542,21.042163,90.5,24.48,-0.126,0.052,0.973,0,24.91688081207857,5.0,59.76551300512235,-1.0,5.0,52.239705,21.041498,5.0
20350,2026-05-11 20:29:31.600000+00:00,52.2393795,21.0421401,90.6,21.99,-0.168,0.07,0.984,0,23.15860007451996,5.0,56.75893008949746,-1.0,5.0,52.239705,21.041498,5.0
20355,2026-05-11 20:29:32.100000+00:00,52.2394009,21.0421193,90.7,18.98,-0.177,0.048,0.964,0,19.938006209439745,5.0,54.15852130049107,-1.0,5.0,52.239705,21.041498,5.0
20360,2026-05-11 20:29:32.600000+00:00,52.2394185,21.0421011,90.9,15.57,-0.179,0.057,0.958,0,16.6781545626149,5.0,51.97407189435105,-1.0,5.0,52.239705,21.041498,5.0
20365,2026-05-11 20:29:33.100000+00:00,52.2394339,21.0420877,91.0,12.52,-0.223,0.054,0.988,0,13.97031189116857,5.0,50.20979966442904,-1.0,5.0,52.239705,21.041498,5.0
20370,2026-05-11 20:29:33.600000+00:00,52.2394434,21.0420764,91.1,7.92,-0.235,0.084,0.97,0,9.409467674245125,5.0,48.96175319307161,-1.0,5.0,52.239705,21.041498,5.0
20375,2026-05-11 20:29:34.100000+00:00,52.2394482,21.0420701,91.2,3.33,-0.267,0.065,0.971,0,4.930267208719232,5.0,48.2999077823158,-1.0,5.0,52.239705,21.041498,5.0
20380,2026-05-11 20:29:34.600000+00:00,52.2394486,21.0420687,91.4,0.01,-0.16,0.038,0.971,0,0.7573967284329178,5.0,48.19673215474942,-1.0,5.0,52.239705,21.041498,5.0
20385,2026-05-11 20:29:35.100000+00:00,52.2394476,21.0420673,91.8,0.18,-0.003,0.0,0.968,0,1.0545431203416715,5.0,48.1858697212847,-1.0,5.0,52.239705,21.041498,5.0
20390,2026-05-11 20:29:35.600000+00:00,52.2394473,21.0420661,92.2,0.1,-0.004,-0.002,0.978,0,0.6354508185745454,5.0,48.14000951608089,-1.0,5.0,52.239705,21.041498,5.0
20395,2026-05-11 20:29:36.100000+00:00,52.2394478,21.0420651,92.6,0.17,-0.011,0.0,0.976,0,0.6329267030522759,5.0,48.05220093148333,-1.0,5.0,52.239705,21.041498,5.0
20400,2026-05-11 20:29:36.600000+00:00,52.2394485,21.0420641,92.9,0.09,-0.007,0.0,0.977,0,0.7445992349232836,5.0,47.95116148822965,-1.0,5.0,52.239705,21.041498,5.0
20405,2026-05-11 20:29:37.100000+00:00,52.2394487,21.0420636,93.0,0.01,-0.007,0.0,0.979,0,0.2927922741450419,5.0,47.91056527482316,-1.0,5.0,52.239705,21.041498,5.0
20410,2026-05-11 20:29:37.600000+00:00,52.2394489,21.0420633,93.0,0.08,-0.009,0.0,0.979,0,0.2174179425999898,5.0,47.88091641529776,-1.0,5.0,52.239705,21.041498,5.0
20415,2026-05-11 20:29:38.100000+00:00,52.2394493,21.0420633,93.1,0.15,-0.006,-0.001,0.977,0,0.3202413869469289,5.0,47.854476504661,-1.0,5.0,52.239705,21.041498,5.0
20420,2026-05-11 20:29:38.600000+00:00,52.2394498,21.0420633,93.1,0.23,-0.009,0.0,0.975,0,0.4003017425959321,5.0,47.82146423273899,-1.0,5.0,52.239705,21.041498,5.0
20425,2026-05-11 20:29:39.100000+00:00,52.2394503,21.0420635,93.2,0.13,-0.008,-0.003,0.978,0,0.4121354938447754,5.0,47.79946361510486,-1.0,5.0,52.239705,21.041498,5.0
20430,2026-05-11 20:29:39.600000+00:00,52.2394512,21.0420634,93.3,0.15,-0.006,-0.001,0.977,0,0.7222090702805543,5.0,47.73474446338357,-1.0,5.0,52.239705,21.041498,5.0
20435,2026-05-11 20:29:40.100000+00:00,52.2394526,21.0420635,93.4,0.14,-0.007,-0.001,0.978,0,1.1219165527996182,5.0,47.648376439954696,-1.0,5.0,52.239705,21.041498,5.0
20440,2026-05-11 20:29:40.600000+00:00,52.2394539,21.0420635,93.6,0.05,-0.007,-0.002,0.977,0,1.0407845113970635,5.0,47.56337533982215,-1.0,5.0,52.239705,21.041498,5.0
20445,2026-05-11 20:29:41.100000+00:00,52.2394553,21.0420637,93.8,0.21,-0.008,-0.001,0.976,0,1.1251254999358522,5.0,47.483204503820986,-1.0,5.0,52.239705,21.041498,5.0
20450,2026-05-11 20:29:41.600000+00:00,52.2394566,21.0420636,94.0,0.21,-0.008,-0.002,0.975,0,1.041938551740897,5.0,47.393289427535386,-1.0,5.0,52.239705,21.041498,5.0
20455,2026-05-11 20:29:42.100000+00:00,52.2394578,21.0420634,94.3,0.05,-0.008,-0.002,0.976,0,0.9657148170763714,5.0,47.3045640025349,-1.0,5.0,52.239705,21.041498,5.0
20460,2026-05-11 20:29:42.600000+00:00,52.2394588,21.042063,94.5,0.07,-0.007,-0.002,0.977,0,0.8242709885385744,5.0,47.217843830175326,-1.0,5.0,52.239705,21.041498,5.0
20465,2026-05-11 20:29:43.100000+00:00,52.23946,21.0420631,94.7,0.21,-0.007,-0.001,0.977,0,0.9619742559314388,5.0,47.14616294699301,-1.0,5.0,52.239705,21.041498,5.0
20470,2026-05-11 20:29:43.600000+00:00,52.2394612,21.0420629,94.9,0.09,-0.004,0.001,0.977,0,0.965714816313669,5.0,47.05805343993593,-1.0,5.0,52.239705,21.041498,5.0
20475,2026-05-11 20:29:44.100000+00:00,52.2394623,21.0420627,95.1,0.03,-0.006,0.001,0.975,0,0.8861054897479291,5.0,46.976548724492645,-1.0,5.0,52.239705,21.041498,5.0
20480,2026-05-11 20:29:44.600000+00:00,52.2394635,21.0420626,95.3,0.11,-0.001,-0.004,0.977,0,0.9619742556549238,5.0,46.89443822906236,-1.0,5.0,52.239705,21.041498,5.0
20485,2026-05-11 20:29:45.100000+00:00,52.2394658,21.0420617,95.4,1.22,0.073,-0.028,0.967,0,1.893514430270751,5.0,46.69807259565693,-1.0,5.0,52.239705,21.041498,5.0
20490,2026-05-11 20:29:45.600000+00:00,52.2394708,21.0420593,95.7,3.41,0.088,-0.024,0.973,0,4.172360236045261,5.0,46.24851452715264,-1.0,5.0,52.239705,21.041498,5.0
20495,2026-05-11 20:29:46.100000+00:00,52.2394767,21.0420533,95.9,5.41,0.094,-0.021,0.972,0,5.56460094770041,5.0,45.54254578083763,-1.0,5.0,52.239705,21.041498,5.0
20500,2026-05-11 20:29:46.600000+00:00,52.239484,21.0420453,96.1,7.05,0.105,-0.034,0.976,0,7.038448249508427,5.0,44.639360811833576,-1.0,5.0,52.239705,21.041498,5.0
20505,2026-05-11 20:29:47.100000+00:00,52.2394944,21.042035,96.4,9.84,0.106,-0.036,0.973,0,9.737867289812936,5.0,43.42110259546055,-1.0,5.0,52.239705,21.041498,5.0
20510,2026-05-11 20:29:47.600000+00:00,52.2395067,21.0420224,96.5,11.79,0.111,-0.03,0.96,0,11.624558470046267,5.0,41.96665074383355,-1.0,5.0,52.239705,21.041498,5.0
20515,2026-05-11 20:29:48.100000+00:00,52.2395217,21.0420075,96.7,13.89,0.103,-0.031,0.98,0,14.056255731348092,5.0,40.23681385960861,-1.0,5.0,52.239705,21.041498,5.0
20520,2026-05-11 20:29:48.600000+00:00,52.2395389,21.0419896,96.8,16.31,0.106,-0.03,0.973,0,16.328965960969562,5.0,38.2310302100496,-1.0,5.0,52.239705,21.041498,5.0
20525,2026-05-11 20:29:49.100000+00:00,52.2395586,21.0419704,96.9,18.16,0.085,0.0,0.983,0,18.36726509896228,5.0,36.0510547898779,-1.0,5.0,52.239705,21.041498,5.0
20530,2026-05-11 20:29:49.600000+00:00,52.2395795,21.0419499,97.0,18.83,0.024,0.0,0.951,0,19.518935556652565,5.0,33.78703097994207,-1.0,5.0,52.239705,21.041498,5.0
20535,2026-05-11 20:29:50.100000+00:00,52.2395999,21.0419285,97.1,19.61,0.003,0.037,0.988,0,19.41176251891805,5.0,31.557043083526093,-1.0,5.0,52.239705,21.041498,5.0
20540,2026-05-11 20:29:50.600000+00:00,52.2396198,21.0419047,96.9,19.73,0.035,0.024,0.981,0,19.74777078358228,5.0,29.268426979367437,-1.0,5.0,52.239705,21.041498,5.0
20545,2026-05-11 20:29:51.100000+00:00,52.2396403,21.0418815,96.8,19.85,0.004,0.018,0.969,0,19.968309727686183,5.0,27.08593056389834,-1.0,5.0,52.239705,21.041498,5.0
20550,2026-05-11 20:29:51.600000+00:00,52.2396601,21.0418589,96.9,19.12,-0.019,0.054,0.942,0,19.34028799824233,5.0,25.07618781427314,-1.0,5.0,52.239705,21.041498,5.0
20555,2026-05-11 20:29:52.100000+00:00,52.2396778,21.0418374,96.9,16.49,-0.181,0.088,0.98,0,17.661004452486626,5.0,23.307250863322263,-1.0,5.0,52.239705,21.041498,5.0
20560,2026-05-11 20:29:52.600000+00:00,52.2396913,21.0418184,96.7,13.45,-0.18,0.062,0.966,0,14.268257409175211,5.0,21.869561873893588,-1.0,5.0,52.239705,21.041498,5.0
20565,2026-05-11 20:29:53.100000+00:00,52.2397011,21.0418035,96.6,9.49,-0.221,0.064,0.975,0,10.72002437133986,5.0,20.806398255794537,-1.0,5.0,52.239705,21.041498,5.0
20570,2026-05-11 20:29:53.600000+00:00,52.2397071,21.0417931,96.5,5.72,-0.207,0.057,0.978,0,7.005086732072703,5.0,20.095084802396475,-1.0,5.0,52.239705,21.041498,5.0
20575,2026-05-11 20:29:54.100000+00:00,52.2397098,21.0417832,96.2,4.83,-0.06,0.008,0.959,0,5.313147059046727,5.0,19.4269573729988,-1.0,5.0,52.239705,21.041498,5.0
20580,2026-05-11 20:29:54.600000+00:00,52.2397135,21.0417765,96.0,4.04,-0.052,0.018,0.974,0,4.423145808305451,5.0,18.986951123535228,-1.0,5.0,52.239705,21.041498,5.0
20585,2026-05-11 20:29:55.100000+00:00,52.2397171,21.041772,96.0,3.57,-0.054,0.014,0.979,0,3.629606433014926,5.0,18.70545183891888,-1.0,5.0,52.239705,21.041498,5.0
20590,2026-05-11 20:29:55.600000+00:00,52.2397188,21.0417675,95.7,2.69,-0.029,0.007,0.976,0,2.5922028251968467,5.0,18.41463544261257,-1.0,5.0,52.239705,21.041498,5.0
20595,2026-05-11 20:29:56.100000+00:00,52.2397217,21.041763,95.6,3.4,-0.001,-0.003,0.967,0,3.2027561297641323,5.0,18.139477890936035,-1.0,5.0,52.239705,21.041498,5.0
20600,2026-05-11 20:29:56.600000+00:00,52.2397256,21.0417592,95.6,3.73,0.007,-0.003,0.975,0,3.635900269404564,5.0,17.932330385576194,-1.0,5.0,52.239705,21.041498,5.0
20605,2026-05-11 20:29:57.100000+00:00,52.2397289,21.0417533,95.5,4.13,0.011,-0.004,0.974,0,3.917494299096396,5.0,17.585657963935436,-1.0,5.0,52.239705,21.041498,5.0
20610,2026-05-11 20:29:57.600000+00:00,52.2397336,21.0417469,95.4,5.32,0.039,-0.014,0.972,0,4.899361284011054,5.0,17.243696559921577,-1.0,5.0,52.239705,21.041498,5.0
20615,2026-05-11 20:29:58.100000+00:00,52.2397386,21.0417383,95.3,6.22,0.055,-0.039,0.975,0,5.813824270918156,5.0,16.78345568962382,-1.0,5.0,52.239705,21.041498,5.0
20620,2026-05-11 20:29:58.600000+00:00,52.2397465,21.0417288,95.3,8.39,0.072,-0.056,0.97,0,7.854578857876048,5.0,16.378947444977552,-1.0,5.0,52.239705,21.041498,5.0
20625,2026-05-11 20:29:59.100000+00:00,52.2397556,21.0417174,95.2,9.87,0.09,-0.034,0.964,0,9.182290632672604,5.0,15.963619596328384,-1.0,5.0,52.239705,21.041498,5.0
20630,2026-05-11 20:29:59.600000+00:00,52.2397671,21.0417034,95.1,12.28,0.095,-0.057,0.981,0,11.483753899212823,5.0,15.597698186557883,-1.0,5.0,52.239705,21.041498,5.0
20635,2026-05-11 20:30:00.100000+00:00,52.2397816,21.0416883,95.1,14.29,0.095,-0.056,0.977,0,13.76828091599713,5.0,15.50650612819648,-1.0,5.0,52.239705,21.041498,5.0
20640,2026-05-11 20:30:00.600000+00:00,52.2397971,21.0416705,94.9,16.3,0.105,-0.042,0.968,0,15.170526743600858,5.0,15.583366344590331,-1.0,5.0,52.239705,21.041498,5.0
20645,2026-05-11 20:30:01.100000+00:00,52.2398157,21.0416501,94.8,18.75,0.107,-0.034,0.969,0,17.93803156473163,5.0,16.086605485220378,-1.0,5.0,52.239705,21.041498,5.0
20650,2026-05-11 20:30:01.600000+00:00,52.2398358,21.0416265,94.7,20.58,0.092,-0.039,0.971,0,19.81974595314893,5.0,16.973333075246547,-1.0,5.0,52.239705,21.041498,5.0
20655,2026-05-11 20:30:02.100000+00:00,52.2398588,21.041602,94.7,22.54,0.072,-0.03,0.969,0,21.985024423262796,5.0,18.509948664533827,-1.0,5.0,52.239705,21.041498,5.0
20660,2026-05-11 20:30:02.600000+00:00,52.2398837,21.0415769,94.8,23.6,0.057,-0.01,0.98,0,23.42708414670125,5.0,20.58399039591348,-1.0,5.0,52.239705,21.041498,5.0
20665,2026-05-11 20:30:03.100000+00:00,52.2399091,21.0415494,94.9,24.87,0.057,-0.005,0.966,0,24.3985688153674,5.0,22.963165286427525,-1.0,5.0,52.239705,21.041498,5.0
20670,2026-05-11 20:30:03.600000+00:00,52.2399359,21.0415205,94.8,26.6,0.056,-0.018,0.961,0,25.712054351023863,5.0,25.720577450590437,-1.0,5.0,52.239705,21.041498,5.0
20675,2026-05-11 20:30:04.100000+00:00,52.2399632,21.041489,94.8,27.63,0.05,-0.02,0.958,0,26.76176517690825,5.0,28.717069558296647,-1.0,5.0,52.239705,21.041498,5.0
20680,2026-05-11 20:30:04.600000+00:00,52.2399914,21.0414572,94.5,28.73,0.047,-0.02,0.992,0,27.436695359946484,5.0,31.96717209374112,-1.0,5.0,52.239705,21.041498,5.0
20685,2026-05-11 20:30:05.100000+00:00,52.2400218,21.0414245,94.4,29.57,0.055,-0.018,0.968,0,29.143738575292613,5.0,35.58028854813213,-1.0,5.0,52.239705,21.041498,5.0
20690,2026-05-11 20:30:05.600000+00:00,52.2400533,21.0413898,94.3,31.15,0.047,-0.018,0.976,0,30.420379107553213,5.0,39.423719080742806,-1.0,5.0,52.239705,21.041498,5.0
20695,2026-05-11 20:30:06.100000+00:00,52.2400857,21.041354,94.1,32.12,0.042,-0.006,0.959,0,31.319322878555823,5.0,43.45262288259899,-1.0,5.0,52.239705,21.041498,5.0
20700,2026-05-11 20:30:06.600000+00:00,52.2401193,21.0413178,94.0,32.88,0.043,-0.003,0.981,0,32.2271010185796,5.0,47.67408670867,-1.0,5.0,52.239705,21.041498,5.0
20705,2026-05-11 20:30:07.100000+00:00,52.2401536,21.0412793,93.9,33.82,0.044,-0.007,0.954,0,33.32183566587994,5.0,52.05741586706808,-1.0,5.0,52.239705,21.041498,5.0
20710,2026-05-11 20:30:07.600000+00:00,52.240189,21.0412403,93.7,34.94,0.041,-0.016,0.952,0,34.18772399465266,5.0,56.60664373808639,-1.0,5.0,52.239705,21.041498,5.0
20715,2026-05-11 20:30:08.100000+00:00,52.2402258,21.0411994,93.7,35.98,0.025,-0.006,0.987,0,35.638121638161515,5.0,61.37582771603074,-1.0,5.0,52.239705,21.041498,5.0
20720,2026-05-11 20:30:08.600000+00:00,52.240263,21.0411575,93.4,36.72,0.039,-0.028,0.967,0,36.17939043415114,5.0,66.23701629129734,-1.0,5.0,52.239705,21.041498,5.0
20725,2026-05-11 20:30:09.100000+00:00,52.2403015,21.0411147,93.2,37.94,0.036,-0.054,0.94,0,37.28735148252279,5.0,71.27792008641566,-1.0,5.0,52.239705,21.041498,5.0
20730,2026-05-11 20:30:09.600000+00:00,52.240341,21.0410701,93.1,38.54,0.032,-0.043,1.047,0,38.44674583602843,5.0,76.48675272348669,-1.0,5.0,52.239705,21.041498,5.0
20735,2026-05-11 20:30:10.100000+00:00,52.2403817,21.0410258,93.2,40.01,0.007,-0.033,0.905,0,39.15900873393135,,81.82714107361791,-1.0,5.0,52.239705,21.041498,5.0
20740,2026-05-11 20:30:10.600000+00:00,52.2404212,21.0409815,93.1,38.84,-0.045,-0.01,0.944,0,38.36327087538514,,87.05761359877472,-1.0,5.0,52.239705,21.041498,5.0
20745,2026-05-11 20:30:11.100000+00:00,52.2404602,21.0409394,93.1,36.97,-0.068,-0.03,1.035,0,37.42856160164256,,92.18674928947378,-1.0,5.0,52.239705,21.041498,5.0
20750,2026-05-11 20:30:11.600000+00:00,52.2404972,21.0408967,93.2,36.37,-0.076,-0.017,0.961,0,36.27255649352454,,97.138697535629,-1.0,5.0,52.239705,21.041498,5.0
20755,2026-05-11 20:30:12.100000+00:00,52.2405365,21.0408527,93.3,37.84,-0.108,-0.006,0.938,0,38.1479984575186,,102.36803158007928,-1.0,5.0,52.239705,21.041498,5.0
20760,2026-05-11 20:30:12.600000+00:00,52.2405759,21.0408129,93.3,37.08,-0.12,0.001,0.981,0,37.09073117568493,,107.48970239483404,-1.0,5.0,52.239705,21.041498,5.0
20765,2026-05-11 20:30:13.100000+00:00,52.2406111,21.0407804,93.0,32.54,-0.17,0.023,0.94,0,32.3735074616412,,111.97672354472172,-1.0,5.0,52.239705,21.041498,5.0
20770,2026-05-11 20:30:13.600000+00:00,52.240645,21.040753,93.2,29.51,-0.167,0.018,1.039,0,30.282727108352645,,116.18252695139614,-1.0,5.0,52.239705,21.041498,5.0
20775,2026-05-11 20:30:14.100000+00:00,52.2406765,21.0407263,93.2,27.58,-0.135,0.01,0.947,0,28.41365074375302,,120.12748460898143,-1.0,5.0,52.239705,21.041498,5.0
20780,2026-05-11 20:30:14.600000+00:00,52.2407059,21.0407002,93.2,26.29,-0.111,0.024,0.971,0,26.790822518976363,,123.8447459449464,-1.0,5.0,52.239705,21.041498,5.0
20785,2026-05-11 20:30:15.100000+00:00,52.2407335,21.0406765,93.2,24.14,-0.096,0.02,0.956,0,24.9651618666894,,127.31061142417728,-1.0,5.0,52.239705,21.041498,5.0
20790,2026-05-11 20:30:15.600000+00:00,52.2407594,21.0406542,93.0,22.83,-0.079,0.002,0.959,0,23.441103974797016,,130.56486384676242,-1.0,5.0,52.239705,21.041498,5.0
20795,2026-05-11 20:30:16.100000+00:00,52.2407843,21.0406355,92.9,21.91,-0.053,-0.011,1.009,0,21.941966843608817,,133.61145650754955,-1.0,5.0,52.239705,21.041498,5.0
20800,2026-05-11 20:30:16.600000+00:00,52.2408099,21.040618,92.7,22.63,-0.046,-0.079,0.91,0,22.218631462046176,,136.69218891236,-1.0,5.0,52.239705,21.041498,5.0
20805,2026-05-11 20:30:17.100000+00:00,52.2408388,21.0406018,92.6,22.22,-0.07,-0.158,0.931,0,24.462541302530656,,140.06466602419684,-1.0,5.0,52.239705,21.041498,5.0
20810,2026-05-11 20:30:17.600000+00:00,52.2408671,21.0405926,92.5,22.46,-0.088,-0.176,0.993,0,23.101634811240032,,143.172315900391,-1.0,5.0,52.239705,21.041498,5.0
20815,2026-05-11 20:30:18.100000+00:00,52.2408963,21.0405889,92.3,22.95,-0.082,-0.182,0.897,0,23.447887425491277,,146.21594507527965,-1.0,5.0,52.239705,21.041498,5.0
20820,2026-05-11 20:30:18.600000+00:00,52.2409255,21.0405883,92.0,22.82,-0.093,-0.218,0.971,0,23.379471836688182,,149.18079895511443,-1.0,5.0,52.239705,21.041498,5.0
20825,2026-05-11 20:30:19.100000+00:00,52.240957,21.0405969,91.7,24.1,-0.099,-0.216,0.997,0,25.569002177956627,,152.13706537766646,-1.0,5.0,52.239705,21.041498,5.0
20830,2026-05-11 20:30:19.600000+00:00,52.2409878,21.040611,91.5,24.42,-0.08,-0.241,0.936,0,25.60913020226846,,154.90028287099318,-1.0,5.0,52.239705,21.041498,5.0
20835,2026-05-11 20:30:20.100000+00:00,52.2410192,21.0406327,91.1,26.54,-0.072,-0.221,0.933,0,27.29724272385639,,157.56287177622843,-1.0,5.0,52.239705,21.041498,5.0
20840,2026-05-11 20:30:20.600000+00:00,52.241051,21.0406625,91.1,28.7,-0.066,-0.209,0.969,0,29.35301892330338,,160.11565425767736,-1.0,5.0,52.239705,21.041498,5.0
20845,2026-05-11 20:30:21.100000+00:00,52.24108,21.0406997,90.9,29.24,-0.031,-0.17,0.972,0,29.52355967467669,,162.26797448409093,-1.0,5.0,52.239705,21.041498,5.0
20850,2026-05-11 20:30:21.600000+00:00,52.24111,21.0407387,90.8,30.21,-0.016,-0.145,0.969,0,30.69888809319005,,164.5613573080918,-1.0,5.0,52.239705,21.041498,5.0
20855,2026-05-11 20:30:22.100000+00:00,52.2411408,21.0407818,91.0,31.96,-0.013,-0.14,0.957,0,32.473027265716496,,166.9354219333074,-1.0,5.0,52.239705,21.041498,5.0
20860,2026-05-11 20:30:22.600000+00:00,52.2411713,21.0408276,91.2,31.68,0.004,-0.155,0.918,0,33.17223875089316,,169.3145498643612,-1.0,5.0,52.239705,21.041498,5.0
20865,2026-05-11 20:30:23.100000+00:00,52.2412012,21.0408767,91.3,33.2,-0.001,-0.095,0.963,0,33.947520167126726,,171.664170578901,-1.0,5.0,52.239705,21.041498,5.0
20870,2026-05-11 20:30:23.600000+00:00,52.2412312,21.0409269,91.4,33.54,0.001,-0.093,0.958,0,34.38785518309533,,174.10388765089095,-1.0,5.0,52.239705,21.041498,5.0
20875,2026-05-11 20:30:24.100000+00:00,52.2412614,21.0409798,91.4,34.86,0.008,-0.074,0.947,0,35.45621404540685,,176.6240438101557,-1.0,5.0,52.239705,21.041498,5.0
20880,2026-05-11 20:30:24.600000+00:00,52.2412911,21.0410362,91.3,36.04,0.001,-0.063,1.02,0,36.46759386406636,,179.14738647048978,-1.0,5.0,52.239705,21.041498,5.0
20885,2026-05-11 20:30:25.100000+00:00,52.2413217,21.0410944,91.0,37.45,0.042,-0.048,0.962,0,37.60645960472888,,181.8572174061844,-1.0,5.0,52.239705,21.041498,5.0
20890,2026-05-11 20:30:25.600000+00:00,52.2413546,21.0411531,91.3,38.8,0.052,0.01,0.976,0,39.01160403031907,,184.9243874696756,-1.0,5.0,52.239705,21.041498,5.0
20895,2026-05-11 20:30:26.100000+00:00,52.2413884,21.0412127,91.5,39.68,0.049,0.029,0.962,0,39.82423303890401,,188.19085587596723,-1.0,5.0,52.239705,21.041498,5.0
20900,2026-05-11 20:30:26.600000+00:00,52.2414249,21.0412726,91.9,40.17,0.038,0.006,0.951,0,41.42759808142234,,191.8589883976739,-1.0,5.0,52.239705,21.041498,5.0
20905,2026-05-11 20:30:27.100000+00:00,52.2414635,21.0413318,92.4,41.03,0.027,0.036,0.989,0,42.39451129244504,,195.86347370613728,-1.0,5.0,52.239705,21.041498,5.0
20910,2026-05-11 20:30:27.600000+00:00,52.2415012,21.0413903,92.6,41.85,0.056,0.057,0.958,0,41.63504532615724,,199.8629072374032,-1.0,5.0,52.239705,21.041498,5.0
20915,2026-05-11 20:30:28.100000+00:00,52.2415418,21.0414475,92.6,42.71,0.028,0.052,1.005,0,42.92867693270541,,204.27178401243208,-1.0,5.0,52.239705,21.041498,5.0
20920,2026-05-11 20:30:28.600000+00:00,52.2415839,21.0415041,92.6,43.48,0.039,0.031,0.943,0,43.65743697925583,,208.92456053462865,-1.0,5.0,52.239705,21.041498,5.0
20925,2026-05-11 20:30:29.100000+00:00,52.2416273,21.0415624,92.7,44.36,0.041,0.033,0.972,0,44.99063908648476,,213.79498068386175,-1.0,5.0,52.239705,21.041498,5.0
20930,2026-05-11 20:30:29.600000+00:00,52.2416711,21.0416212,92.6,45.25,0.039,0.016,0.961,0,45.393658864392194,,218.7812261721184,-1.0,5.0,52.239705,21.041498,5.0
20935,2026-05-11 20:30:30.100000+00:00,52.2417171,21.0416782,92.4,45.61,0.022,0.025,0.985,0,46.22896649213511,,224.0714996084979,-1.0,5.0,52.239705,21.041498,5.0
20940,2026-05-11 20:30:30.600000+00:00,52.2417636,21.0417362,92.2,46.59,0.021,0.023,0.96,0,46.84440550095891,,226.6272652682416,-1.0,5.0,52.239705,21.041498,5.0
20945,2026-05-11 20:30:31.100000+00:00,52.2418117,21.0417933,92.2,47.07,0.025,0.038,1.017,0,47.607956103159424,,227.8948036483116,-1.0,5.0,52.239705,21.041498,5.0
20950,2026-05-11 20:30:31.600000+00:00,52.241861,21.0418479,92.1,47.51,0.044,0.018,0.924,0,47.68983149305527,,229.13768963938105,-1.0,5.0,52.239705,21.041498,5.0
20955,2026-05-11 20:30:32.100000+00:00,52.2419112,21.0419049,92.0,48.9,0.025,0.039,0.969,0,48.9498361141593,,230.6812259670094,-1.0,5.0,52.239705,21.041498,5.0
20960,2026-05-11 20:30:32.600000+00:00,52.2419627,21.0419565,91.6,48.47,-0.009,0.024,0.931,0,48.37239870102785,,232.0186807355189,-1.0,5.0,52.239705,21.041498,5.0
20965,2026-05-11 20:30:33.100000+00:00,52.2420143,21.0420086,91.5,47.4,-0.05,0.082,1.074,0,48.56909298118849,,233.57089279962585,-1.0,5.0,52.239705,21.041498,5.0
20970,2026-05-11 20:30:33.600000+00:00,52.2420661,21.042058,91.3,47.56,0.012,0.015,0.886,0,48.02446179447068,,235.1234818523628,-1.0,5.0,52.239705,21.041498,5.0
20975,2026-05-11 20:30:34.100000+00:00,52.2421187,21.0421076,91.1,47.27,-0.036,0.041,1.038,0,48.62755886367409,,236.84476762683744,-1.0,5.0,52.239705,21.041498,5.0
20980,2026-05-11 20:30:34.600000+00:00,52.242172,21.0421555,90.9,47.78,0.021,0.008,0.942,0,48.70645665509079,,238.6145753002364,-1.0,5.0,52.239705,21.041498,5.0
20985,2026-05-11 20:30:35.100000+00:00,52.2422254,21.0422018,90.7,47.78,-0.011,0.028,0.961,0,48.40387306873608,,240.4526484624708,-1.0,5.0,52.24265,21.038739,4.0
20990,2026-05-11 20:30:35.600000+00:00,52.2422795,21.0422477,90.5,48.27,-0.03,0.02,0.947,0,48.80884348563435,,242.4231636696607,-1.0,5.0,52.24265,21.038739,4.0
20995,2026-05-11 20:30:36.100000+00:00,52.2423334,21.0422931,90.4,47.7,-0.039,0.036,1.015,0,48.553952740520245,,244.53527073478676,-1.0,5.0,52.24265,21.038739,4.0
21000,2026-05-11 20:30:36.600000+00:00,52.2423871,21.0423366,90.3,47.64,-0.013,0.022,0.958,0,47.99060898652227,,246.6877844151311,-1.0,5.0,52.24265,21.038739,4.0
21005,2026-05-11 20:30:37.100000+00:00,52.2424397,21.0423768,90.4,45.3,-0.025,0.034,0.947,0,46.49483637208554,,248.7879229323019,-1.0,5.0,52.24265,21.038739,4.0
21010,2026-05-11 20:30:37.600000+00:00,52.2424931,21.042417,90.5,46.65,-0.029,0.035,1.001,0,47.07571339475504,,251.0304434596374,-1.0,5.0,52.24265,21.038739,4.0
21015,2026-05-11 20:30:38.100000+00:00,52.242546,21.0424562,90.2,46.09,-0.014,0.032,0.954,0,46.50777353732629,,253.35636181294043,-1.0,5.0,52.24265,21.038739,4.0
21020,2026-05-11 20:30:38.600000+00:00,52.2425997,21.0424947,90.1,46.42,-0.035,0.051,0.983,0,46.9527702414764,,255.7746506730636,-1.0,5.0,52.24265,21.038739,4.0
21025,2026-05-11 20:30:39.100000+00:00,52.2426531,21.04253,89.9,45.95,-0.012,0.047,0.932,0,46.121724779723486,,258.11702818874704,-1.0,5.0,52.24265,21.038739,4.0
21030,2026-05-11 20:30:39.600000+00:00,52.2427065,21.0425626,89.7,45.43,-0.03,0.082,1.026,0,45.64159245349088,,260.4120635345288,-1.0,5.0,52.24265,21.038739,4.0
21035,2026-05-11 20:30:40.100000+00:00,52.2427579,21.0425948,89.6,44.28,-0.018,0.02,0.914,0,44.07469602494184,,262.8025266259586,-1.0,5.0,52.24265,21.038739,4.0
21040,2026-05-11 20:30:40.600000+00:00,52.2428105,21.0426233,89.4,44.09,-0.022,0.08,1.031,0,44.368881442736495,,265.07030207085967,-1.0,5.0,52.24265,21.038739,4.0
21045,2026-05-11 20:30:41.100000+00:00,52.2428636,21.0426506,89.3,44.73,-0.017,-0.016,0.947,0,44.5688291268808,,267.38440329931586,-1.0,5.0,52.24265,21.038739,4.0
21050,2026-05-11 20:30:41.600000+00:00,52.2429159,21.0426791,89.0,44.22,-0.06,-0.068,0.965,0,44.14097319279645,,269.8921439447108,-1.0,5.0,52.24265,21.038739,4.0
21055,2026-05-11 20:30:42.100000+00:00,52.242969,21.042708,88.9,44.51,-0.032,-0.029,0.968,0,44.81058996108632,,272.55331256150765,-1.0,5.0,52.24265,21.038739,4.0
21060,2026-05-11 20:30:42.600000+00:00,52.2430213,21.0427374,88.9,43.78,-0.036,0.007,1.012,0,44.282586529901394,,275.34976981863383,-1.0,5.0,52.24265,21.038739,4.0
21065,2026-05-11 20:30:43.100000+00:00,52.2430754,21.0427663,89.0,44.54,-0.006,0.015,0.939,0,45.57081917818679,,278.25448056748223,-1.0,5.0,52.24265,21.038739,4.0
21070,2026-05-11 20:30:43.600000+00:00,52.2431288,21.0427933,89.0,43.74,-0.008,0.024,0.996,0,44.75424580342376,,281.1298695639558,-1.0,5.0,52.24265,21.038739,4.0
21075,2026-05-11 20:30:44.100000+00:00,52.2431818,21.0428193,89.1,43.4,-0.01,0.02,0.967,0,44.30491977551825,,284.0363112909232,-1.0,5.0,52.24265,21.038739,4.0
21080,2026-05-11 20:30:44.600000+00:00,52.243234,21.0428434,89.1,43.41,-0.015,0.035,0.95,0,43.42932591163095,,286.8991072841568,-1.0,5.0,52.24265,21.038739,4.0
21085,2026-05-11 20:30:45.100000+00:00,52.2432851,21.0428662,89.1,42.51,-0.029,0.017,0.985,0,42.4101539338251,,289.743494231591,-1.0,5.0,52.24265,21.038739,4.0
21090,2026-05-11 20:30:45.600000+00:00,52.243337,21.0428874,89.2,42.53,-0.032,0.009,0.997,0,42.83127865038007,,292.59683404414704,-1.0,5.0,52.24265,21.038739,4.0
21095,2026-05-11 20:30:46.100000+00:00,52.2433877,21.0429066,89.0,41.74,-0.014,0.002,0.955,0,41.66755598668516,,295.3744946960696,-1.0,5.0,52.24265,21.038739,4.0
21100,2026-05-11 20:30:46.600000+00:00,52.2434399,21.0429261,89.1,42.32,-0.035,-0.009,0.992,0,42.87083070511826,,298.3071782826731,-1.0,5.0,52.24265,21.038739,4.0
21105,2026-05-11 20:30:47.100000+00:00,52.2434928,21.0429449,89.2,42.31,-0.023,0.0,0.96,0,43.3430620579938,,301.3078845928639,-1.0,5.0,52.24265,21.038739,4.0
21110,2026-05-11 20:30:47.600000+00:00,52.2435432,21.042965,89.2,41.22,-0.069,-0.017,0.967,0,41.536055314809474,,304.3909030426752,-1.0,5.0,52.24265,21.038739,4.0
21115,2026-05-11 20:30:48.100000+00:00,52.2435926,21.0429846,89.1,39.64,-0.136,0.015,0.954,0,40.70018573294321,,307.48131458910063,-1.0,5.0,52.24265,21.038739,4.0
21120,2026-05-11 20:30:48.600000+00:00,52.2436397,21.0430012,89.4,37.52,-0.115,0.008,0.988,0,38.57648133623676,,310.3621434186528,-1.0,5.0,52.24265,21.038739,4.0
21125,2026-05-11 20:30:49.100000+00:00,52.2436849,21.0430184,89.5,36.6,-0.102,0.017,0.986,0,37.15658822926201,,313.26843402471184,-1.0,5.0,52.24265,21.038739,4.0
21130,2026-05-11 20:30:49.600000+00:00,52.243728,21.0430332,89.7,34.77,-0.082,0.129,0.957,0,35.260486334043925,,315.99243192818983,-1.0,5.0,52.24265,21.038739,4.0
21135,2026-05-11 20:30:50.100000+00:00,52.2437706,21.0430438,90.1,32.39,-0.059,0.119,0.962,0,34.49928018903291,,318.4834703293864,-1.0,5.0,52.24265,21.038739,4.0
21140,2026-05-11 20:30:50.600000+00:00,52.2438128,21.0430509,90.4,32.34,0.003,0.137,1.008,0,33.96427030772191,,320.7906828550238,-1.0,5.0,52.24265,21.038739,4.0
21145,2026-05-11 20:30:51.100000+00:00,52.2438534,21.043053,90.6,31.79,0.009,0.157,0.968,0,32.52079853367606,,322.7667378365465,-1.0,5.0,52.24265,21.038739,4.0
21150,2026-05-11 20:30:51.600000+00:00,52.2438923,21.0430501,90.7,31.15,-0.021,0.165,0.972,0,31.1759044589018,,324.4050752432611,-1.0,5.0,52.24265,21.038739,4.0
21155,2026-05-11 20:30:52.100000+00:00,52.2439284,21.0430414,90.6,28.6,-0.047,0.126,0.978,0,29.2147563096074,,325.6014681979452,-1.0,5.0,52.24265,21.038739,4.0
21160,2026-05-11 20:30:52.600000+00:00,52.2439635,21.0430315,90.7,27.66,-0.036,0.122,0.978,0,28.51716699616043,,326.7210636778282,-1.0,5.0,52.24265,21.038739,4.0
21165,2026-05-11 20:30:53.100000+00:00,52.2439953,21.043019,90.8,26.1,-0.07,0.162,0.979,0,26.186220288449924,,327.5595405100571,-1.0,5.0,52.24265,21.038739,4.0
21170,2026-05-11 20:30:53.600000+00:00,52.2440232,21.0430018,90.9,22.99,-0.118,0.207,0.974,0,23.875221611582404,,327.9509697683214,-1.0,5.0,52.24265,21.038739,4.0
21175,2026-05-11 20:30:54.100000+00:00,52.2440454,21.0429806,90.8,19.95,-0.135,0.156,0.98,0,20.5887431561898,,327.8352714882044,-1.0,5.0,52.24265,21.038739,4.0
21180,2026-05-11 20:30:54.600000+00:00,52.2440642,21.0429596,90.7,18.24,-0.081,0.097,0.964,0,18.23506026932852,,327.5747762628903,-1.0,5.0,52.24265,21.038739,4.0
21185,2026-05-11 20:30:55.100000+00:00,52.2440797,21.0429382,90.6,16.03,-0.108,0.076,0.957,0,16.249368467861935,,327.13141129098835,-1.0,5.0,52.24265,21.038739,4.0
21190,2026-05-11 20:30:55.600000+00:00,52.2440921,21.0429174,90.6,13.17,-0.175,0.087,0.987,0,14.230961115708936,,326.56921643408344,-1.0,5.0,52.24265,21.038739,4.0
21195,2026-05-11 20:30:56.100000+00:00,52.244101,21.0429007,90.7,10.03,-0.164,0.047,0.951,0,10.853082396339408,,326.0677053044798,-1.0,5.0,52.24265,21.038739,4.0
21200,2026-05-11 20:30:56.600000+00:00,52.2441063,21.0428899,90.8,5.54,-0.242,-0.004,0.979,0,6.784823207952412,,325.7214854909773,-1.0,5.0,52.24265,21.038739,4.0
21205,2026-05-11 20:30:57.100000+00:00,52.2441081,21.0428848,90.8,1.56,-0.206,-0.02,0.98,0,2.8856616845640075,,325.51988568031334,-1.0,5.0,52.24265,21.038739,4.0
21210,2026-05-11 20:30:57.600000+00:00,52.2441093,21.0428835,90.8,0.89,-0.021,-0.029,0.951,0,1.1528682041747356,,325.50963053810733,-1.0,5.0,52.24265,21.038739,4.0
21215,2026-05-11 20:30:58.100000+00:00,52.2441102,21.0428825,90.8,0.91,0.002,-0.02,0.974,0,0.8714852980532295,,325.50051540971884,-1.0,5.0,52.24265,21.038739,4.0
21220,2026-05-11 20:30:58.600000+00:00,52.2441108,21.0428806,90.8,1.35,0.036,-0.025,0.977,0,1.0479723175203357,,325.4216974520203,-1.0,5.0,52.24265,21.038739,4.0
21225,2026-05-11 20:30:59.100000+00:00,52.244112,21.0428771,90.7,2.48,0.082,-0.025,0.974,0,1.966397097265079,,325.28189133246605,-1.0,5.0,52.24265,21.038739,4.0
21230,2026-05-11 20:30:59.600000+00:00,52.2441145,21.0428714,90.6,4.05,0.1,-0.032,0.974,0,3.437080193593443,,325.0849606202139,-1.0,5.0,52.24265,21.038739,4.0
21235,2026-05-11 20:31:00.100000+00:00,52.2441186,21.0428629,90.5,6.08,0.115,-0.031,0.971,0,5.304395582666417,,324.8131628303859,-1.0,5.0,52.24265,21.038739,4.0
21240,2026-05-11 20:31:00.600000+00:00,52.2441239,21.0428506,90.6,8.27,0.128,-0.033,0.977,0,7.372946562866738,,324.3868525665306,-1.0,5.0,52.24265,21.038739,4.0
21245,2026-05-11 20:31:01.100000+00:00,52.244131,21.0428352,90.5,10.2,0.12,-0.067,0.971,0,9.449952284768962,,323.8831142658595,-1.0,5.0,52.24265,21.038739,4.0
21250,2026-05-11 20:31:01.600000+00:00,52.2441404,21.0428168,90.5,12.54,0.134,-0.064,0.966,0,11.747044482237136,,323.3394439032877,-1.0,5.0,52.24265,21.038739,4.0
21255,2026-05-11 20:31:02.100000+00:00,52.2441517,21.0427957,90.5,14.59,0.114,-0.069,0.972,0,13.741565058165383,,322.75496884220297,-1.0,5.0,52.24265,21.038739,4.0
21260,2026-05-11 20:31:02.600000+00:00,52.244164,21.0427728,90.4,15.05,0.011,-0.034,0.973,0,14.932829693471088,,322.1343232419107,-1.0,5.0,52.24265,21.038739,4.0
21265,2026-05-11 20:31:03.100000+00:00,52.2441765,21.0427505,90.4,14.61,-0.011,-0.033,0.934,0,14.82064406360934,,321.5722941207586,-1.0,5.0,52.24265,21.038739,4.0
21270,2026-05-11 20:31:03.600000+00:00,52.244189,21.0427297,90.4,14.3,-0.044,-0.089,0.963,0,14.286910287828384,,321.03742043240743,-1.0,5.0,52.24265,21.038739,4.0
21275,2026-05-11 20:31:04.100000+00:00,52.2442028,21.0427113,90.3,14.41,-0.062,-0.136,0.957,0,14.262630693442684,,319.61044071350864,-1.0,5.0,52.24265,21.038739,4.0
21280,2026-05-11 20:31:04.600000+00:00,52.2442187,21.042697,90.2,15.16,-0.096,-0.173,0.956,0,14.532108680235904,,317.9322847641424,-1.0,5.0,52.24265,21.038739,4.0
21285,2026-05-11 20:31:05.100000+00:00,52.2442368,21.0426905,90.1,15.0,-0.119,-0.155,0.956,0,14.837103648632862,,315.96661805163586,-1.0,5.0,52.24265,21.038739,4.0
21290,2026-05-11 20:31:05.600000+00:00,52.2442558,21.0426871,90.0,15.1,-0.122,-0.158,0.953,0,15.302502947088938,,313.8833113326588,-1.0,5.0,52.24265,21.038739,4.0
21295,2026-05-11 20:31:06.100000+00:00,52.2442746,21.0426887,89.9,15.29,-0.13,-0.15,0.953,0,15.071767283660256,,311.7915883717982,-1.0,5.0,52.24265,21.038739,4.0
21300,2026-05-11 20:31:06.600000+00:00,52.2442939,21.0426982,89.8,16.52,-0.173,-0.225,0.955,0,16.13817467016486,,309.59594266695046,-1.0,5.0,52.24265,21.038739,4.0
21305,2026-05-11 20:31:07.100000+00:00,52.2443126,21.0427127,89.9,15.71,-0.164,-0.211,0.942,0,16.572956775859534,,307.4376556703048,-1.0,5.0,52.24265,21.038739,4.0
21310,2026-05-11 20:31:07.600000+00:00,52.2443295,21.0427344,89.8,17.69,-0.111,-0.167,0.975,0,17.21110275738918,,305.44002156586765,-1.0,5.0,52.24265,21.038739,4.0
21315,2026-05-11 20:31:08.100000+00:00,52.2443446,21.0427568,89.8,15.87,-0.051,-0.103,0.976,0,16.3315784662195,,303.6438799634301,-1.0,5.0,52.24265,21.038739,4.0
21320,2026-05-11 20:31:08.600000+00:00,52.2443619,21.0427819,89.6,18.17,-0.006,-0.095,0.944,0,18.52638921393108,,301.5966652951331,-1.0,5.0,52.247067,21.043105,3.0
21325,2026-05-11 20:31:09.100000+00:00,52.2443816,21.0428086,89.6,19.92,-0.002,-0.14,0.979,0,20.495387875180796,,299.28394248360905,-1.0,5.0,52.247067,21.043105,3.0
21330,2026-05-11 20:31:09.600000+00:00,52.2444008,21.0428365,89.4,19.81,0.048,-0.085,0.982,0,20.5751918735362,,297.0309457365601,-1.0,5.0,52.247067,21.043105,3.0
21335,2026-05-11 20:31:10.100000+00:00,52.2444228,21.0428645,89.3,21.75,0.074,-0.013,0.973,0,22.329878136031656,,294.47718860194084,-1.0,5.0,52.247067,21.043105,3.0
21340,2026-05-11 20:31:10.600000+00:00,52.2444486,21.0428914,89.3,24.66,0.065,-0.018,0.966,0,24.50584715488232,,291.515744496798,-1.0,5.0,52.247067,21.043105,3.0
21345,2026-05-11 20:31:11.100000+00:00,52.244477,21.0429166,89.3,25.41,0.066,-0.004,0.966,0,25.87620225087424,,288.2803531917728,-1.0,5.0,52.247067,21.043105,3.0
21350,2026-05-11 20:31:11.600000+00:00,52.2445087,21.0429408,89.3,27.18,0.053,-0.009,0.968,0,28.01481005360193,,284.68955228325564,-1.0,5.0,52.247067,21.043105,3.0
21355,2026-05-11 20:31:12.100000+00:00,52.2445421,21.0429659,89.5,28.98,0.057,-0.049,0.983,0,29.435135016998277,,280.91574453207386,-1.0,5.0,52.247067,21.043105,3.0
21360,2026-05-11 20:31:12.600000+00:00,52.2445759,21.0429884,89.6,29.24,0.05,-0.031,0.961,0,29.22185241414863,,277.1114090681735,-1.0,5.0,52.247067,21.043105,3.0
21365,2026-05-11 20:31:13.100000+00:00,52.2446113,21.043013,89.6,30.65,0.042,-0.012,0.972,0,30.800197868224245,,273.13320887419184,-1.0,5.0,52.247067,21.043105,3.0
21370,2026-05-11 20:31:13.600000+00:00,52.2446482,21.0430368,89.5,31.39,0.041,-0.004,0.98,0,31.76256198682528,,268.9983645035809,-1.0,5.0,52.247067,21.043105,3.0
21375,2026-05-11 20:31:14.100000+00:00,52.2446864,21.0430594,89.3,32.49,0.045,0.004,0.962,0,32.5278006086824,,264.7288467208889,-1.0,5.0,52.247067,21.043105,3.0
21380,2026-05-11 20:31:14.600000+00:00,52.2447261,21.0430793,89.2,33.35,0.044,0.016,0.976,0,33.24725997673097,,260.302084426826,-1.0,5.0,52.247067,21.043105,3.0
21385,2026-05-11 20:31:15.100000+00:00,52.2447671,21.0430963,89.2,33.63,0.041,0.0,0.974,0,33.866054381357344,,255.73789771231597,-1.0,5.0,52.247067,21.043105,3.0
21390,2026-05-11 20:31:15.600000+00:00,52.2448101,21.0431128,89.2,35.57,0.046,0.002,0.973,0,35.36335405501054,,250.95639179575252,-1.0,5.0,52.247067,21.043105,3.0
21395,2026-05-11 20:31:16.100000+00:00,52.2448536,21.0431263,89.1,35.54,0.045,0.013,0.974,0,35.44942567870211,,246.12312272886984,-1.0,5.0,52.247067,21.043105,3.0
21400,2026-05-11 20:31:16.600000+00:00,52.2449001,21.0431381,89.2,37.12,0.051,0.016,0.973,0,37.67475764071045,,240.9588244049624,-1.0,5.0,52.247067,21.043105,3.0
21405,2026-05-11 20:31:17.100000+00:00,52.2449477,21.0431476,89.2,38.53,0.06,0.023,0.971,0,38.392207564522536,,235.67325460241423,-1.0,5.0,52.247067,21.043105,3.0
21410,2026-05-11 20:31:17.600000+00:00,52.2449967,21.0431539,89.2,39.42,0.057,0.03,0.978,0,39.35093996578824,,230.23092826545255,-1.0,5.0,52.247067,21.043105,3.0
21415,2026-05-11 20:31:18.100000+00:00,52.2450473,21.0431585,89.1,40.63,0.067,0.016,0.94,0,40.57324400605114,,224.60992824191777,-1.0,5.0,52.247067,21.043105,3.0
21420,2026-05-11 20:31:18.600000+00:00,52.2451,21.043162,89.0,42.23,0.042,0.011,0.985,0,42.22667209770805,,218.75484412810889,-1.0,5.0,52.247067,21.043105,3.0
21425,2026-05-11 20:31:19.100000+00:00,52.2451536,21.0431637,89.0,42.54,0.034,-0.025,0.96,0,42.92043679139648,,212.79790228392395,-1.0,5.0,52.247067,21.043105,3.0
21430,2026-05-11 20:31:19.600000+00:00,52.2452081,21.0431648,88.8,43.85,0.03,-0.033,0.967,0,43.636220909974526,,206.74034005621937,-1.0,5.0,52.247067,21.043105,3.0
21435,2026-05-11 20:31:20.100000+00:00,52.245264,21.0431683,88.7,44.92,0.001,-0.092,0.98,0,44.786608391455225,,200.53076572231285,-1.0,5.0,52.247067,21.043105,3.0
21440,2026-05-11 20:31:20.600000+00:00,52.2453206,21.0431746,88.7,45.12,-0.008,-0.088,0.97,0,45.419268448011685,,194.24862294613496,-1.0,5.0,52.247067,21.043105,3.0
21445,2026-05-11 20:31:21.100000+00:00,52.2453777,21.0431827,88.8,45.64,-0.05,-0.053,0.955,0,45.88656853903903,,187.91606093899296,-1.0,5.0,52.247067,21.043105,3.0
21450,2026-05-11 20:31:21.600000+00:00,52.2454337,21.0431905,88.8,45.32,-0.037,-0.003,0.977,0,44.99653739753116,,181.70793345631495,-1.0,5.0,52.247067,21.043105,3.0
21455,2026-05-11 20:31:22.100000+00:00,52.2454894,21.0431977,88.8,44.79,-0.059,0.024,0.967,0,44.73306346190915,,175.53460719437027,-1.0,5.0,52.247067,21.043105,3.0
21460,2026-05-11 20:31:22.600000+00:00,52.2455435,21.0432043,88.8,43.3,-0.094,0.035,0.973,0,43.43331037912679,,169.54031166390192,-1.0,5.0,52.247067,21.043105,3.0
21465,2026-05-11 20:31:23.100000+00:00,52.2455959,21.0432103,88.9,41.34,-0.091,0.033,0.981,0,42.0545950540521,,163.73587266568177,-1.0,5.0,52.247067,21.043105,3.0
21470,2026-05-11 20:31:23.600000+00:00,52.2456462,21.0432172,89.0,39.61,-0.142,0.031,0.966,0,40.41214629161093,,158.17031137609197,-1.0,5.0,52.247067,21.043105,3.0
21475,2026-05-11 20:31:24.100000+00:00,52.2456932,21.0432227,89.1,37.23,-0.166,0.039,0.975,0,37.72482481000245,,152.9696137678461,-1.0,5.0,52.247067,21.043105,3.0
21480,2026-05-11 20:31:24.600000+00:00,52.2457373,21.043228,89.2,35.01,-0.124,0.025,0.966,0,35.40207037122094,,148.09283772680794,-1.0,5.0,52.247067,21.043105,3.0
21485,2026-05-11 20:31:25.100000+00:00,52.2457788,21.043233,89.3,32.77,-0.106,0.035,0.975,0,33.31532250510643,,143.50613715671048,-1.0,5.0,52.247067,21.043105,3.0
21490,2026-05-11 20:31:25.600000+00:00,52.2458181,21.0432357,89.5,31.01,-0.121,0.045,0.98,0,31.49154072144568,,139.15612699422982,-1.0,5.0,52.247067,21.043105,3.0
21495,2026-05-11 20:31:26.100000+00:00,52.2458547,21.0432398,89.6,28.89,-0.162,0.063,0.966,0,29.370929615568564,,135.11364417325345,-1.0,5.0,52.247067,21.043105,3.0
21500,2026-05-11 20:31:26.600000+00:00,52.2458872,21.0432428,89.7,25.34,-0.177,0.046,0.978,0,26.061136166124065,,131.52279463949282,-1.0,5.0,52.247067,21.043105,3.0
21505,2026-05-11 20:31:27.100000+00:00,52.2459167,21.0432449,89.8,23.16,-0.117,0.005,0.968,0,23.64022519466753,,128.26165055967022,-1.0,5.0,52.247067,21.043105,3.0
21510,2026-05-11 20:31:27.600000+00:00,52.2459432,21.0432461,90.0,20.72,-0.132,0.037,0.969,0,21.224144889596275,,125.32954686744436,-1.0,5.0,52.247067,21.043105,3.0
21515,2026-05-11 20:31:28.100000+00:00,52.2459667,21.0432482,90.1,18.26,-0.172,0.041,0.976,0,18.842321573666855,,122.73559001795388,-1.0,5.0,52.247067,21.043105,3.0
21520,2026-05-11 20:31:28.600000+00:00,52.2459873,21.0432503,90.2,16.23,-0.138,0.034,0.982,0,16.524525716242437,,120.46400546631412,-1.0,5.0,52.247067,21.043105,3.0
21525,2026-05-11 20:31:29.100000+00:00,52.2460037,21.0432505,90.3,12.03,-0.229,0.062,0.958,0,13.13026294121186,,118.64779787265472,-1.0,5.0,52.247067,21.043105,3.0
21530,2026-05-11 20:31:29.600000+00:00,52.2460147,21.0432504,90.4,7.8,-0.249,0.062,0.977,0,8.806774615349129,,117.4283942122758,-1.0,5.0,52.247067,21.043105,3.0
21535,2026-05-11 20:31:30.100000+00:00,52.2460208,21.0432493,90.6,3.72,-0.252,0.056,0.967,0,4.913357801575265,,116.74620774277317,-1.0,5.0,52.247067,21.043105,3.0
21540,2026-05-11 20:31:30.600000+00:00,52.2460224,21.0432484,90.8,0.42,-0.154,0.041,0.972,0,1.3548071505633674,,116.56377994992069,-1.0,5.0,52.247067,21.043105,3.0
21545,2026-05-11 20:31:31.100000+00:00,52.2460226,21.0432479,90.9,0.22,-0.018,-0.004,0.965,0,0.2927618752876464,,116.53877246456432,-1.0,5.0,52.247067,21.043105,3.0
21550,2026-05-11 20:31:31.600000+00:00,52.2460229,21.0432463,91.0,0.09,-0.009,-0.01,0.977,0,0.8202516219181449,,116.4964849468855,-1.0,5.0,52.247067,21.043105,3.0
21555,2026-05-11 20:31:32.100000+00:00,52.2460233,21.0432443,91.2,0.15,-0.01,-0.007,0.976,0,1.0313527894106955,,116.44099005128751,-1.0,5.0,52.247067,21.043105,3.0
21560,2026-05-11 20:31:32.600000+00:00,52.2460235,21.043242,91.3,0.28,-0.008,-0.006,0.974,0,1.13874421135007,,116.40617387382864,-1.0,5.0,52.247067,21.043105,3.0
21565,2026-05-11 20:31:33.100000+00:00,52.2460239,21.0432396,91.5,0.21,-0.009,-0.006,0.975,0,1.2192569514247646,,116.3488560089986,-1.0,5.0,52.247067,21.043105,3.0
21570,2026-05-11 20:31:33.600000+00:00,52.2460244,21.043238,91.7,0.08,-0.008,-0.004,0.974,0,0.8805493925958986,,116.28489865024768,-1.0,5.0,52.247067,21.043105,3.0
21575,2026-05-11 20:31:34.100000+00:00,52.2460249,21.0432357,91.9,0.23,-0.007,-0.007,0.976,0,1.1963867048333017,,116.21737626300614,-1.0,5.0,52.247067,21.043105,3.0
21580,2026-05-11 20:31:34.600000+00:00,52.2460259,21.0432341,92.0,0.32,-0.01,-0.007,0.977,0,1.1207549389279887,,116.09821074103934,-1.0,5.0,52.247067,21.043105,3.0
21585,2026-05-11 20:31:35.100000+00:00,52.2460272,21.0432328,92.2,0.31,-0.01,-0.01,0.976,0,1.2203734940227202,,115.94739765369576,-1.0,5.0,52.247067,21.043105,3.0
21590,2026-05-11 20:31:35.600000+00:00,52.2460284,21.0432314,92.4,0.52,-0.009,-0.006,0.976,0,1.180655113854984,,115.8072188519116,-1.0,5.0,52.247067,21.043105,3.0
21595,2026-05-11 20:31:36.100000+00:00,52.2460296,21.0432305,92.5,0.07,-0.007,-0.004,0.979,0,1.0571757252071372,,115.6696121052119,-1.0,5.0,52.247067,21.043105,3.0
21600,2026-05-11 20:31:36.600000+00:00,52.2460311,21.0432309,92.6,0.41,-0.006,-0.004,0.976,0,1.2168067549685888,,115.5052936674593,-1.0,5.0,52.247067,21.043105,3.0
21605,2026-05-11 20:31:37.100000+00:00,52.2460324,21.0432307,92.7,0.32,-0.009,-0.006,0.979,0,1.0453916613587582,,115.36012842847376,-1.0,5.0,52.247067,21.043105,3.0
21610,2026-05-11 20:31:37.600000+00:00,52.2460335,21.0432298,92.8,0.24,-0.006,-0.006,0.974,0,0.9849864611170162,,115.23361738017564,-1.0,5.0,52.247067,21.043105,3.0
21615,2026-05-11 20:31:38.100000+00:00,52.2460346,21.0432285,93.0,0.05,-0.007,-0.004,0.976,0,1.0870361958848145,,115.10513746180008,-1.0,5.0,52.247067,21.043105,3.0
21620,2026-05-11 20:31:38.600000+00:00,52.2460354,21.0432269,93.1,0.06,-0.006,-0.005,0.975,0,1.0125925313595834,,115.0085076665002,-1.0,5.0,52.247067,21.043105,3.0
21625,2026-05-11 20:31:39.100000+00:00,52.2460359,21.0432252,93.3,0.1,-0.007,-0.004,0.977,0,0.9244784624753956,,114.9447575137428,-1.0,5.0,52.247067,21.043105,3.0
21630,2026-05-11 20:31:39.600000+00:00,52.2460362,21.0432232,93.5,0.05,-0.008,-0.008,0.978,0,1.0093663368433707,,114.90186736871172,-1.0,5.0,52.247067,21.043105,3.0
21635,2026-05-11 20:31:40.100000+00:00,52.2460366,21.0432214,93.6,0.18,-0.008,-0.006,0.976,0,0.9386546993229108,,114.84897793976413,-1.0,5.0,52.247067,21.043105,3.0
21640,2026-05-11 20:31:40.600000+00:00,52.2460372,21.0432197,93.8,0.17,-0.009,-0.007,0.977,0,0.9618558314280728,,114.77448763584952,-1.0,5.0,52.247067,21.043105,3.0
21645,2026-05-11 20:31:41.100000+00:00,52.2460381,21.0432183,94.0,0.05,-0.007,-0.007,0.978,0,0.9950566590665718,,114.6681933022017,-1.0,5.0,52.247067,21.043105,3.0
21650,2026-05-11 20:31:41.600000+00:00,52.2460387,21.0432166,94.2,0.1,-0.006,-0.007,0.979,0,0.961855804477472,,114.59389574604572,-1.0,5.0,52.247067,21.043105,3.0
21655,2026-05-11 20:31:42.100000+00:00,52.246039,21.0432148,94.3,0.03,-0.008,-0.005,0.977,0,0.9144424245435214,,114.55254857971772,-1.0,5.0,52.247067,21.043105,3.0
21660,2026-05-11 20:31:42.600000+00:00,52.2460395,21.0432131,94.4,0.23,-0.005,-0.006,0.978,0,0.9244783993245418,,114.48957168977633,-1.0,5.0,52.247067,21.043105,3.0
21665,2026-05-11 20:31:43.100000+00:00,52.2460401,21.0432112,94.6,0.27,-0.008,-0.007,0.98,0,1.0479363253681653,,114.41474577976388,-1.0,5.0,52.247067,21.043105,3.0
21670,2026-05-11 20:31:43.600000+00:00,52.2460409,21.04321,94.7,0.09,-0.007,-0.008,0.974,0,0.8696126524986983,,114.32083018504734,-1.0,5.0,52.247067,21.043105,3.0
21675,2026-05-11 20:31:44.100000+00:00,52.2460421,21.0432094,94.7,0.09,-0.012,-0.008,0.98,0,1.004735245765619,,114.18510773744482,-1.0,5.0,52.247067,21.043105,3.0
21680,2026-05-11 20:31:44.600000+00:00,52.2460436,21.0432092,94.8,0.08,-0.005,0.001,0.973,0,1.2049002701832503,,114.01779126945549,-1.0,5.0,52.247067,21.043105,3.0
21685,2026-05-11 20:31:45.100000+00:00,52.2460448,21.0432085,94.8,0.17,-0.006,-0.001,0.975,0,1.0201616196570702,,113.88165752471524,-1.0,5.0,52.247067,21.043105,3.0
21690,2026-05-11 20:31:45.600000+00:00,52.2460462,21.0432082,94.8,0.26,-0.007,-0.002,0.98,0,1.130450661655253,,113.7250196705254,-1.0,5.0,52.247067,21.043105,3.0
21695,2026-05-11 20:31:46.100000+00:00,52.2460476,21.0432079,94.8,0.22,0.011,-0.009,0.976,0,1.1304506560021887,,113.56838283661708,-1.0,5.0,52.247067,21.043105,3.0
21700,2026-05-11 20:31:46.600000+00:00,52.2460498,21.0432079,94.8,0.75,0.05,-0.02,0.973,0,1.7613276409399252,,113.32422085190176,-1.0,5.0,52.247067,21.043105,3.0
21705,2026-05-11 20:31:47.100000+00:00,52.2460535,21.043208,94.8,2.79,0.068,-0.02,0.973,0,2.962638398441692,,112.91401194296168,-1.0,5.0,52.247067,21.043105,3.0
21710,2026-05-11 20:31:47.600000+00:00,52.246058,21.0432064,94.8,3.68,0.08,-0.022,0.975,0,3.687097055093665,,112.4078625832176,-1.0,5.0,52.247067,21.043105,3.0
21715,2026-05-11 20:31:48.100000+00:00,52.2460653,21.0432066,94.9,6.19,0.082,-0.025,0.977,0,5.845227555365861,,111.59852604606208,-1.0,5.0,52.247067,21.043105,3.0
21720,2026-05-11 20:31:48.600000+00:00,52.2460749,21.0432072,95.0,7.53,0.1,-0.037,0.972,0,7.691418661755152,,110.5356906616032,-1.0,5.0,52.247067,21.043105,3.0
21725,2026-05-11 20:31:49.100000+00:00,52.2460868,21.0432051,95.0,10.18,0.114,-0.036,0.97,0,9.582631752212356,,109.20611176426208,-1.0,5.0,52.247067,21.043105,3.0
21730,2026-05-11 20:31:49.600000+00:00,52.246101,21.043204,94.8,12.5,0.11,-0.044,0.964,0,11.381349219353696,,107.62555045854704,-1.0,5.0,52.247067,21.043105,3.0
21735,2026-05-11 20:31:50.100000+00:00,52.2461173,21.0432014,94.5,14.43,0.121,-0.046,0.975,0,13.11192378158661,,105.80556438608656,-1.0,5.0,52.247067,21.043105,3.0
21740,2026-05-11 20:31:50.600000+00:00,52.246137,21.0432001,94.4,16.88,0.123,-0.064,0.972,0,15.784756592608254,,103.6137634818962,-1.0,5.0,52.247067,21.043105,3.0
21745,2026-05-11 20:31:51.100000+00:00,52.2461602,21.0432004,94.4,19.33,0.114,-0.041,0.971,0,18.574582677161896,,101.04052176235554,-1.0,5.0,52.247067,21.043105,3.0
21750,2026-05-11 20:31:51.600000+00:00,52.2461859,21.0432003,94.5,21.29,0.119,-0.047,0.959,0,20.575567622474946,,98.18844379418428,-1.0,5.0,52.247067,21.043105,3.0
21755,2026-05-11 20:31:52.100000+00:00,52.2462139,21.0431995,94.6,23.17,0.075,-0.032,0.974,0,22.42032695292328,,95.07831189132833,-1.0,5.0,52.247067,21.043105,3.0
21760,2026-05-11 20:31:52.600000+00:00,52.2462441,21.0432012,94.6,24.71,0.065,-0.023,0.97,0,24.19258088262484,,91.73639334282902,-1.0,5.0,52.247067,21.043105,3.0
21765,2026-05-11 20:31:53.100000+00:00,52.2462755,21.0432014,94.5,26.17,0.057,-0.019,0.971,0,25.139140182036687,,88.25514548338003,-1.0,5.0,52.247067,21.043105,3.0
21770,2026-05-11 20:31:53.600000+00:00,52.2463085,21.0432025,94.5,26.99,0.06,-0.02,0.969,0,26.425416270044444,,84.60215552184806,-1.0,5.0,52.247067,21.043105,3.0
21775,2026-05-11 20:31:54.100000+00:00,52.2463433,21.0432047,94.3,28.91,0.065,-0.023,0.97,0,27.881863695302872,,80.75752219802551,-1.0,5.0,52.247067,21.043105,3.0
21780,2026-05-11 20:31:54.600000+00:00,52.2463799,21.0432066,94.2,30.18,0.062,-0.017,0.979,0,29.316884502869964,3.0,76.71450571087006,-1.0,5.0,52.247067,21.043105,3.0
21785,2026-05-11 20:31:55.100000+00:00,52.2464181,21.0432076,94.1,31.19,0.054,-0.019,0.97,0,30.58698068198493,3.0,72.49170077080278,-1.0,5.0,52.247067,21.043105,3.0
21790,2026-05-11 20:31:55.600000+00:00,52.2464576,21.0432095,94.0,32.29,0.049,-0.01,0.963,0,31.637548615829576,3.0,68.13463811495328,-1.0,5.0,52.247067,21.043105,3.0
21795,2026-05-11 20:31:56.100000+00:00,52.2464992,21.0432122,94.0,33.47,0.041,-0.023,0.979,0,33.33139078971117,3.0,63.55689585324391,-1.0,5.0,52.247067,21.043105,3.0
21800,2026-05-11 20:31:56.600000+00:00,52.2465421,21.0432147,94.0,34.55,0.04,-0.025,0.966,0,34.36774396845969,3.0,58.84209814814749,-1.0,5.0,52.247067,21.043105,3.0
21805,2026-05-11 20:31:57.100000+00:00,52.2465859,21.0432197,93.9,34.39,0.035,-0.021,0.973,0,35.15197859482958,3.0,54.06280290149816,-1.0,5.0,52.247067,21.043105,3.0
21810,2026-05-11 20:31:57.600000+00:00,52.2466301,21.0432236,93.9,35.29,-0.017,-0.006,0.963,0,35.43827413852479,3.0,49.24748126297949,-1.0,5.0,52.247067,21.043105,3.0
21815,2026-05-11 20:31:58.100000+00:00,52.2466741,21.0432272,94.0,34.83,-0.04,0.0,0.96,0,35.270724482462946,3.0,44.47354729543213,-1.0,5.0,52.247067,21.043105,3.0
21820,2026-05-11 20:31:58.600000+00:00,52.2467175,21.0432334,93.9,34.3,-0.042,0.006,0.975,0,34.878847239137976,3.0,39.83362402336354,-1.0,5.0,52.247067,21.043105,3.0
21825,2026-05-11 20:31:59.100000+00:00,52.2467598,21.0432374,93.9,33.73,-0.035,-0.005,0.967,0,33.92223933117337,3.0,35.3283420313661,-1.0,5.0,52.247067,21.043105,3.0
21830,2026-05-11 20:31:59.600000+00:00,52.2468018,21.0432417,94.0,33.56,-0.034,-0.005,0.975,0,33.69134268164216,3.0,30.922595622353,-1.0,5.0,52.247067,21.043105,3.0
21835,2026-05-11 20:32:00.100000+00:00,52.2468429,21.0432454,94.1,33.26,-0.04,0.0,0.975,0,32.954747806750255,3.0,26.689131033761555,-1.0,5.0,52.247067,21.043105,3.0
21840,2026-05-11 20:32:00.600000+00:00,52.2468834,21.0432504,94.2,32.67,-0.036,0.0,0.969,0,32.51693726562812,3.0,22.68865891023178,-1.0,5.0,52.247067,21.043105,3.0
21845,2026-05-11 20:32:01.100000+00:00,52.2469232,21.0432552,94.4,31.89,-0.034,0.007,0.98,0,31.950767858638272,3.0,18.979939533039957,-1.0,5.0,52.247067,21.043105,3.0
21850,2026-05-11 20:32:01.600000+00:00,52.2469623,21.0432609,94.5,31.76,-0.033,0.009,0.967,0,31.42803834684577,3.0,15.754010658941231,-1.0,5.0,52.247067,21.043105,3.0
21855,2026-05-11 20:32:02.100000+00:00,52.2470009,21.0432661,94.4,31.34,-0.025,0.03,0.964,0,31.008233848174505,3.0,13.202745120458772,-1.0,5.0,52.247067,21.043105,3.0
21860,2026-05-11 20:32:02.600000+00:00,52.2470387,21.0432702,94.4,30.47,-0.032,0.029,0.971,0,30.32946962873388,3.0,11.678751710227257,-1.0,5.0,52.247067,21.043105,3.0
21865,2026-05-11 20:32:03.100000+00:00,52.2470761,21.0432735,94.5,30.05,-0.045,0.038,0.97,0,29.986231084385977,3.0,11.51601257244145,-1.0,5.0,52.247067,21.043105,3.0
21870,2026-05-11 20:32:03.600000+00:00,52.2471121,21.043278,94.6,28.45,-0.087,0.049,0.965,0,28.90600867344239,3.0,12.801028437896113,-1.0,5.0,52.247067,21.043105,3.0
21875,2026-05-11 20:32:04.100000+00:00,52.2471462,21.0432807,94.6,26.95,-0.067,0.044,0.976,0,27.33263909322131,3.0,14.853876624954278,-1.0,5.0,52.247067,21.043105,3.0
21880,2026-05-11 20:32:04.600000+00:00,52.2471784,21.043283,94.7,25.47,-0.072,0.038,0.973,0,25.804072122912423,3.0,17.328929471153174,-1.0,5.0,52.247067,21.043105,3.0
21885,2026-05-11 20:32:05.100000+00:00,52.247209,21.0432849,94.8,24.5,-0.083,0.037,0.979,0,24.51616253882185,3.0,19.982913147668565,-1.0,5.0,52.247067,21.043105,3.0
21890,2026-05-11 20:32:05.600000+00:00,52.2472385,21.0432861,94.9,23.68,-0.059,0.028,0.963,0,23.62512604672356,3.0,22.708429852532404,-1.0,5.0,52.247067,21.043105,3.0
21895,2026-05-11 20:32:06.100000+00:00,52.2472663,21.0432873,95.0,22.56,-0.029,0.007,0.972,0,22.26454782395881,3.0,25.399766794777776,-1.0,5.0,52.247067,21.043105,3.0
21900,2026-05-11 20:32:06.600000+00:00,52.247294,21.0432895,95.0,22.35,-0.036,0.011,0.97,0,22.202919773329327,3.0,28.193834424236503,-1.0,5.0,52.247067,21.043105,3.0
21905,2026-05-11 20:32:07.100000+00:00,52.2473205,21.0432908,95.1,21.42,-0.06,0.02,0.972,0,21.225559413828496,3.0,30.89597465317796,-1.0,5.0,52.247067,21.043105,3.0
21910,2026-05-11 20:32:07.600000+00:00,52.2473457,21.0432903,95.3,20.26,-0.044,0.025,0.971,0,20.176696071883043,3.0,33.459294476096616,-1.0,5.0,52.247067,21.043105,3.0
21915,2026-05-11 20:32:08.100000+00:00,52.2473705,21.0432904,95.5,20.13,-0.032,0.017,0.98,0,19.85502661378479,3.0,36.03080582345164,-1.0,5.0,52.247067,21.043105,3.0
21920,2026-05-11 20:32:08.600000+00:00,52.2473955,21.0432915,95.5,20.21,0.016,0.003,0.964,0,20.022348133625048,3.0,38.67132106333522,-1.0,5.0,52.247067,21.043105,3.0
21925,2026-05-11 20:32:09.100000+00:00,52.2474212,21.0432931,95.5,20.64,0.02,0.0,0.97,0,20.590450872205505,3.0,41.41479916863987,-1.0,5.0,52.247067,21.043105,3.0
21930,2026-05-11 20:32:09.600000+00:00,52.2474477,21.0432958,95.5,20.98,0.031,-0.01,0.969,0,21.25723105537907,3.0,44.28002020363995,-1.0,5.0,52.247067,21.043105,3.0
21935,2026-05-11 20:32:10.100000+00:00,52.2474753,21.043299,95.5,22.04,0.018,0.003,0.974,0,22.152258166346968,3.0,47.28295079204104,-1.0,5.0,52.247067,21.043105,3.0
21940,2026-05-11 20:32:10.600000+00:00,52.2475036,21.0433033,95.4,22.02,0.009,-0.036,0.965,0,22.75490592073686,3.0,50.38982792174726,-1.0,5.0,52.247067,21.043105,3.0
21945,2026-05-11 20:32:11.100000+00:00,52.2475325,21.043308,95.3,22.93,0.036,-0.027,0.967,0,23.251852623120467,3.0,53.57445827622863,-1.0,5.0,52.247067,21.043105,3.0
21950,2026-05-11 20:32:11.600000+00:00,52.2475625,21.0433134,95.2,23.86,0.039,-0.019,0.992,0,24.16351615062425,3.0,56.894482219571074,-1.0,5.0,52.247067,21.043105,3.0
21955,2026-05-11 20:32:12.100000+00:00,52.2475938,21.0433188,95.1,25.25,0.046,-0.045,0.956,0,25.19829512266727,3.0,60.35877677026854,-1.0,5.0,52.247067,21.043105,3.0
21960,2026-05-11 20:32:12.600000+00:00,52.2476265,21.0433252,95.1,26.36,0.058,-0.026,1.002,0,26.36702024269857,3.0,63.99422366886626,-1.0,5.0,52.247067,21.043105,3.0
21965,2026-05-11 20:32:13.100000+00:00,52.2476601,21.0433317,95.1,26.87,0.071,-0.053,0.956,0,27.08830228530208,3.0,67.73153693795858,-1.0,5.0,52.247067,21.043105,3.0
21970,2026-05-11 20:32:13.600000+00:00,52.2476954,21.0433393,95.0,28.76,0.085,-0.033,0.95,0,28.505770685277263,3.0,71.67241855822073,-1.0,5.0,52.247067,21.043105,3.0
21975,2026-05-11 20:32:14.100000+00:00,52.2477326,21.0433483,95.0,30.09,0.051,-0.037,0.987,0,30.10740371308903,3.0,75.84217850149275,-1.0,5.0,52.247067,21.043105,3.0
21980,2026-05-11 20:32:14.600000+00:00,52.247771,21.0433583,95.0,31.1,0.065,-0.043,0.943,0,31.131482204210908,,80.15811904050547,-1.0,5.0,52.247067,21.043105,3.0
21985,2026-05-11 20:32:15.100000+00:00,52.2478108,21.0433688,94.8,32.5,0.038,-0.046,0.921,0,32.27700110774071,,84.63421580135609,-1.0,5.0,52.247067,21.043105,3.0
21990,2026-05-11 20:32:15.600000+00:00,52.2478516,21.0433809,94.6,33.17,0.019,-0.042,0.974,0,33.19871305003245,,89.24258954306038,-1.0,5.0,52.247067,21.043105,3.0
21995,2026-05-11 20:32:16.100000+00:00,52.2478937,21.0433937,94.4,34.13,0.023,-0.053,0.985,0,34.28438672097248,,94.00253541862028,-1.0,5.0,52.247067,21.043105,3.0
22000,2026-05-11 20:32:16.600000+00:00,52.2479373,21.0434082,94.3,35.31,0.039,-0.076,0.948,0,35.62254723743133,,98.94988696453616,-1.0,5.0,52.247067,21.043105,3.0
22005,2026-05-11 20:32:17.100000+00:00,52.2479817,21.0434237,94.2,36.21,0.015,-0.064,0.994,0,36.34965816006464,,103.99845018726386,-1.0,5.0,52.247067,21.043105,3.0
22010,2026-05-11 20:32:17.600000+00:00,52.2480277,21.0434409,94.2,37.7,0.032,-0.072,0.973,0,37.78045802521993,,109.24518335740564,-1.0,5.0,52.247067,21.043105,3.0
22015,2026-05-11 20:32:18.100000+00:00,52.2480745,21.0434598,94.1,38.36,-0.013,-0.086,0.961,0,38.5965415599854,,114.60327861503087,-1.0,5.0,52.247067,21.043105,3.0
22020,2026-05-11 20:32:18.600000+00:00,52.2481207,21.0434823,94.0,38.44,-0.037,-0.069,0.967,0,38.59709117911289,,119.94864613401126,-1.0,5.0,52.247067,21.043105,3.0
22025,2026-05-11 20:32:19.100000+00:00,52.2481668,21.0435056,94.0,37.93,-0.045,-0.058,0.974,0,38.63446939309004,,125.29631363560226,-1.0,5.0,52.247067,21.043105,3.0
22030,2026-05-11 20:32:19.600000+00:00,52.2482127,21.0435303,94.0,38.48,-0.044,-0.069,0.966,0,38.69074380986138,,130.6448764873027,-1.0,5.0,52.247067,21.043105,3.0
22035,2026-05-11 20:32:20.100000+00:00,52.248258,21.0435579,94.0,37.9,-0.051,-0.046,0.954,0,38.70839528726648,,135.97505295027605,-1.0,5.0,52.247067,21.043105,3.0
22040,2026-05-11 20:32:20.600000+00:00,52.2483031,21.0435856,93.8,37.78,-0.096,-0.024,0.985,0,38.57563300086724,,141.2886552799796,-1.0,5.0,52.247067,21.043105,3.0
22045,2026-05-11 20:32:21.100000+00:00,52.2483461,21.0436138,93.7,35.75,-0.105,-0.013,0.959,0,37.09729394444561,,146.38661939471797,-1.0,5.0,52.247067,21.043105,3.0
22050,2026-05-11 20:32:21.600000+00:00,52.248387,21.0436439,93.5,34.5,-0.108,0.019,0.986,0,35.91504509896653,,151.29298458159076,-1.0,5.0,52.247067,21.043105,3.0
22055,2026-05-11 20:32:22.100000+00:00,52.248425,21.0436729,93.3,32.38,-0.163,0.023,0.957,0,33.57992721791491,,155.8735704934869,-1.0,5.0,52.247067,21.043105,3.0
22060,2026-05-11 20:32:22.600000+00:00,52.2484595,21.0436995,93.2,29.2,-0.158,0.024,0.971,0,30.54351232322866,,160.04109296551437,-1.0,5.0,52.247067,21.043105,3.0
22065,2026-05-11 20:32:23.100000+00:00,52.2484907,21.0437242,93.0,26.26,-0.18,0.023,0.973,0,27.758246111759902,,163.82456399733834,-1.0,5.0,52.247067,21.043105,3.0
22070,2026-05-11 20:32:23.600000+00:00,52.2485191,21.0437467,92.8,23.67,-0.17,0.021,0.975,0,25.270682412287297,,167.27164138832518,-1.0,5.0,52.247067,21.043105,3.0
22075,2026-05-11 20:32:24.100000+00:00,52.2485448,21.0437682,92.7,21.88,-0.125,0.01,0.989,0,23.11731105755326,,170.41374072661188,-1.0,5.0,52.247067,21.043105,3.0
22080,2026-05-11 20:32:24.600000+00:00,52.2485679,21.0437872,92.6,19.0,-0.163,0.051,0.957,0,20.70647883147733,,173.23417891058767,-1.0,5.0,52.247067,21.043105,3.0
22085,2026-05-11 20:32:25.100000+00:00,52.2485866,21.0438041,92.2,16.21,-0.157,0.046,0.96,0,17.110197078057034,,175.54671852166504,-1.0,5.0,52.247067,21.043105,3.0
22090,2026-05-11 20:32:25.600000+00:00,52.2486025,21.0438141,91.9,11.97,-0.228,0.068,0.984,0,13.640680320201223,,177.43315816833754,-1.0,5.0,52.247067,21.043105,3.0
22095,2026-05-11 20:32:26.100000+00:00,52.2486144,21.0438234,91.8,9.28,-0.23,0.064,0.964,0,10.561575765092924,,178.8788914484272,-1.0,5.0,52.247067,21.043105,3.0
22100,2026-05-11 20:32:26.600000+00:00,52.2486219,21.043829,91.6,5.38,-0.23,0.065,0.977,0,6.602177092997425,,179.78536533824422,-1.0,5.0,52.247067,21.043105,3.0
22105,2026-05-11 20:32:27.100000+00:00,52.2486248,21.0438306,91.3,2.12,-0.153,0.045,0.969,0,2.450627887799999,,180.12533844390595,-1.0,5.0,52.247067,21.043105,3.0
22110,2026-05-11 20:32:27.600000+00:00,52.2486263,21.0438317,91.2,0.8,-0.098,0.028,0.972,0,1.316389856771606,,180.3062748807296,-1.0,5.0,52.247067,21.043105,3.0
22115,2026-05-11 20:32:28.100000+00:00,52.2486268,21.0438325,91.2,0.06,-0.031,0.007,0.977,0,0.5603613800694638,,180.37468597585365,-1.0,5.0,52.247067,21.043105,3.0
22120,2026-05-11 20:32:28.600000+00:00,52.2486272,21.0438332,91.1,0.09,-0.015,0.0,0.974,0,0.4693395882629707,,180.4305426214761,-1.0,5.0,52.247067,21.043105,3.0
22125,2026-05-11 20:32:29.100000+00:00,52.2486276,21.0438339,91.1,0.19,-0.01,-0.003,0.976,0,0.4693395813868862,,180.48640552330684,-1.0,5.0,52.247067,21.043105,3.0
22130,2026-05-11 20:32:29.600000+00:00,52.248628,21.0438349,91.2,0.23,-0.011,0.0,0.975,0,0.5854996524518854,,180.54789463270149,-1.0,5.0,52.247067,21.043105,3.0
22135,2026-05-11 20:32:30.100000+00:00,52.2486285,21.0438358,91.2,0.02,-0.011,0.0,0.977,0,0.5956914229884723,,180.6182132257628,-1.0,5.0,52.247067,21.043105,3.0
22140,2026-05-11 20:32:30.600000+00:00,52.2486289,21.0438364,91.3,0.1,-0.009,-0.001,0.977,0,0.4347947207359581,,180.672224022106,-1.0,5.0,52.247067,21.043105,3.0
22145,2026-05-11 20:32:31.100000+00:00,52.2486293,21.0438369,91.4,0.05,-0.01,-0.002,0.976,0,0.4032596760011058,,180.72436176277503,-1.0,5.0,52.247067,21.043105,3.0
22150,2026-05-11 20:32:31.600000+00:00,52.2486297,21.0438372,91.5,0.06,-0.009,0.0,0.977,0,0.3523883145228039,,180.7727468641341,-1.0,5.0,52.247067,21.043105,3.0
22155,2026-05-11 20:32:32.100000+00:00,52.2486299,21.0438376,91.6,0.1,-0.01,0.001,0.978,0,0.2531392511403939,,180.8016337024672,-1.0,5.0,52.247067,21.043105,3.0
22160,2026-05-11 20:32:32.600000+00:00,52.24863,21.0438379,91.7,0.21,-0.009,0.0,0.979,0,0.1674294881847979,,180.81795640196776,-1.0,5.0,52.247067,21.043105,3.0
22165,2026-05-11 20:32:33.100000+00:00,52.2486301,21.0438381,91.8,0.06,-0.008,0.0,0.978,0,0.126569625948752,,180.8324015724389,-1.0,5.0,52.247067,21.043105,3.0
22170,2026-05-11 20:32:33.600000+00:00,52.2486303,21.0438382,91.9,0.12,-0.011,0.0,0.977,0,0.1674550393499376,,180.85565568356876,-1.0,5.0,52.247067,21.043105,3.0
22175,2026-05-11 20:32:34.100000+00:00,52.2486303,21.0438389,92.0,0.05,-0.01,-0.001,0.979,0,0.3431108893958424,,180.8688140840743,-1.0,5.0,52.247067,21.043105,3.0
22180,2026-05-11 20:32:34.600000+00:00,52.2486303,21.0438394,92.1,0.21,-0.011,-0.002,0.977,0,0.2450792058204728,,180.87822004250367,-1.0,5.0,52.247067,21.043105,3.0
22185,2026-05-11 20:32:35.100000+00:00,52.2486305,21.0438401,92.2,0.06,-0.01,0.0,0.977,0,0.378634015315939,,180.912769372509,-1.0,5.0,52.247067,21.043105,3.0
22190,2026-05-11 20:32:35.600000+00:00,52.2486307,21.0438407,92.3,0.13,-0.012,0.0,0.977,0,0.3348589750205235,,180.94544285795783,-1.0,5.0,52.247067,21.043105,3.0
22195,2026-05-11 20:32:36.100000+00:00,52.2486308,21.0438413,92.5,0.09,-0.01,0.0,0.977,0,0.3047975626359291,,180.96743797138015,-1.0,5.0,52.247067,21.043105,3.0
22200,2026-05-11 20:32:36.600000+00:00,52.248631,21.0438423,92.6,0.11,-0.011,0.0,0.977,0,0.5156490109143811,,181.00767368485484,-1.0,5.0,52.247067,21.043105,3.0
22205,2026-05-11 20:32:37.100000+00:00,52.2486312,21.0438434,92.7,0.12,-0.01,0.0,0.978,0,0.5624477745606324,,181.04981890658772,-1.0,5.0,52.247067,21.043105,3.0
22210,2026-05-11 20:32:37.600000+00:00,52.2486313,21.0438445,92.8,0.11,-0.012,0.0,0.977,0,0.5450857940192047,,181.0813068999356,-1.0,5.0,52.247067,21.043105,3.0
22215,2026-05-11 20:32:38.100000+00:00,52.2486314,21.0438454,92.9,0.23,-0.009,0.0,0.979,0,0.4483485452372682,,181.1090311136399,-1.0,5.0,52.247067,21.043105,3.0
22220,2026-05-11 20:32:38.600000+00:00,52.2486317,21.0438465,92.9,0.08,-0.01,0.0,0.978,0,0.590250619269428,,181.1619245036707,-1.0,5.0,52.247067,21.043105,3.0
22225,2026-05-11 20:32:39.100000+00:00,52.248632,21.0438476,93.0,0.08,-0.009,0.0,0.977,0,0.5902506165872324,,181.21483954284545,-1.0,5.0,52.247067,21.043105,3.0
22230,2026-05-11 20:32:39.600000+00:00,52.2486325,21.0438485,93.1,0.14,-0.011,0.0,0.977,0,0.5956913866893098,,181.2853280548717,-1.0,5.0,52.247067,21.043105,3.0
22235,2026-05-11 20:32:40.100000+00:00,52.2486328,21.0438495,93.2,0.18,-0.013,0.001,0.977,0,0.5458408007036046,,181.33637671562167,-1.0,5.0,52.247067,21.043105,3.0
22240,2026-05-11 20:32:40.600000+00:00,52.2486332,21.0438511,93.3,0.06,-0.009,0.0,0.978,0,0.8471174427674546,,181.40955079883904,-1.0,5.0,52.247067,21.043105,3.0
22245,2026-05-11 20:32:41.100000+00:00,52.2486335,21.0438527,93.4,0.04,-0.012,0.0,0.978,0,0.820207494491019,,181.4720985468737,-1.0,5.0,52.247067,21.043105,3.0
22250,2026-05-11 20:32:41.600000+00:00,52.2486339,21.0438543,93.5,0.07,-0.01,0.001,0.979,0,0.8471174332369386,,181.5453677048229,-1.0,5.0,52.247067,21.043105,3.0
22255,2026-05-11 20:32:42.100000+00:00,52.2486345,21.0438561,93.6,0.15,-0.01,0.0,0.978,0,1.0045768597491065,,181.64385591340007,-1.0,5.0,52.247067,21.043105,3.0
22260,2026-05-11 20:32:42.600000+00:00,52.2486349,21.0438577,93.7,0.19,-0.011,0.0,0.976,0,0.8471174149463401,,181.7172217804848,-1.0,5.0,52.247067,21.043105,3.0
22265,2026-05-11 20:32:43.100000+00:00,52.2486355,21.0438592,93.8,0.14,-0.012,0.0,0.977,0,0.8782493780573691,,181.81004481073816,-1.0,5.0,52.247067,21.043105,3.0
22270,2026-05-11 20:32:43.600000+00:00,52.248636,21.043861,93.9,0.21,-0.01,-0.001,0.978,0,0.968848988773371,,181.89801457534307,-1.0,5.0,52.247067,21.043105,3.0
22275,2026-05-11 20:32:44.100000+00:00,52.2486365,21.0438622,94.0,0.33,-0.01,0.0,0.978,0,0.7114836444786649,,181.97446600109583,-1.0,5.0,52.247067,21.043105,3.0
22280,2026-05-11 20:32:44.600000+00:00,52.2486367,21.0438643,94.1,0.1,-0.008,0.0,0.979,0,1.0417120875464532,,182.03633984302,-1.0,5.0,52.247067,21.043105,3.0
22285,2026-05-11 20:32:45.100000+00:00,52.2486367,21.0438661,94.1,0.1,-0.009,0.0,0.977,0,0.8822850155488275,,182.07117549091845,-1.0,5.0,52.247067,21.043105,3.0
22290,2026-05-11 20:32:45.600000+00:00,52.2486369,21.0438667,94.2,0.04,-0.009,0.0,0.977,0,0.3348589389243199,,182.1041223556959,-1.0,5.0,52.247067,21.043105,3.0
22295,2026-05-11 20:32:46.100000+00:00,52.2486372,21.0438673,94.3,0.04,-0.01,0.0,0.977,0,0.379708840293347,,182.14773371630804,-1.0,5.0,52.247067,21.043105,3.0
22300,2026-05-11 20:32:46.600000+00:00,52.2486378,21.0438684,94.3,0.08,-0.014,-0.002,0.976,0,0.7221194593943238,,182.23302924773597,-1.0,5.0,52.247067,21.043105,3.0
22305,2026-05-11 20:32:47.100000+00:00,52.2486382,21.0438694,94.5,0.11,-0.011,0.0,0.979,0,0.5854995595907463,,182.29508306893555,-1.0,5.0,52.247067,21.043105,3.0
22310,2026-05-11 20:32:47.600000+00:00,52.2486384,21.0438706,94.5,0.19,-0.01,0.001,0.978,0,0.6095950301938582,,182.33973197037852,-1.0,5.0,52.247067,21.043105,3.0
22315,2026-05-11 20:32:48.100000+00:00,52.2486386,21.0438717,94.6,0.05,-0.011,0.0,0.975,0,0.562447691248987,,182.38246078633745,-1.0,5.0,52.247067,21.043105,3.0
22320,2026-05-11 20:32:48.600000+00:00,52.2486388,21.043873,94.6,0.06,-0.012,0.0,0.978,0,0.6570158975956655,,182.4291148760812,-1.0,5.0,52.247067,21.043105,3.0
22325,2026-05-11 20:32:49.100000+00:00,52.2486389,21.0438738,94.6,0.11,-0.011,0.0,0.979,0,0.4002161562653704,,182.45538364871396,-1.0,5.0,52.247067,21.043105,3.0
22330,2026-05-11 20:32:49.600000+00:00,52.2486389,21.0438749,94.7,0.23,-0.008,0.0,0.978,0,0.5391741489123438,,182.47687964239077,-1.0,5.0,52.247067,21.043105,3.0
22335,2026-05-11 20:32:50.100000+00:00,52.2486389,21.0438755,94.7,0.12,-0.01,0.0,0.976,0,0.2940949905992739,,182.48861661523523,-1.0,5.0,52.247067,21.043105,3.0
22340,2026-05-11 20:32:50.600000+00:00,52.2486389,21.0438758,94.7,0.06,-0.011,0.0,0.978,0,0.1470474952996369,,182.49448824711132,-1.0,5.0,52.247067,21.043105,3.0
22345,2026-05-11 20:32:51.100000+00:00,52.2486389,21.0438759,94.7,0.02,-0.009,0.001,0.977,0,0.0490158322862041,,182.4964459237007,-1.0,5.0,52.247067,21.043105,3.0
22350,2026-05-11 20:32:51.600000+00:00,52.2486388,21.0438764,94.8,0.1,-0.013,0.001,0.977,0,0.2578244613890824,,182.49558864206685,-1.0,5.0,52.247067,21.043105,3.0
22355,2026-05-11 20:32:52.100000+00:00,52.2486387,21.043877,94.8,0.11,-0.01,0.0,0.978,0,0.3047975128042262,,182.4966988498913,-1.0,5.0,52.247067,21.043105,3.0
22360,2026-05-11 20:32:52.600000+00:00,52.2486385,21.0438773,94.8,0.21,-0.01,0.0,0.978,0,0.2173973400485883,,182.48128567133176,-1.0,5.0,52.247067,21.043105,3.0
22365,2026-05-11 20:32:53.100000+00:00,52.2486383,21.0438778,94.8,0.16,-0.011,0.0,0.977,0,0.2927497764651678,,182.46980153220036,-1.0,5.0,52.247067,21.043105,3.0
22370,2026-05-11 20:32:53.600000+00:00,52.2486381,21.0438782,94.8,0.03,-0.009,0.001,0.978,0,0.2531392244022108,,182.45636154857223,-1.0,5.0,52.247067,21.043105,3.0
22375,2026-05-11 20:32:54.100000+00:00,52.2486378,21.0438787,94.8,0.18,-0.009,0.0,0.978,0,0.3431482611055902,,182.4342467310736,-1.0,5.0,52.247067,21.043105,3.0
22380,2026-05-11 20:32:54.600000+00:00,52.2486376,21.0438793,94.8,0.21,-0.01,0.0,0.976,0,0.3348589312493411,,182.4247539885881,-1.0,5.0,52.247067,21.043105,3.0
22385,2026-05-11 20:32:55.100000+00:00,52.2486374,21.0438797,94.8,0.1,-0.012,0.0,0.976,0,0.2531392280056859,,182.4113354205904,-1.0,5.0,52.247067,21.043105,3.0
22390,2026-05-11 20:32:55.600000+00:00,52.2486369,21.0438804,94.8,0.32,-0.011,0.0,0.978,0,0.5272253076029385,,182.37190158814985,-1.0,5.0,52.247067,21.043105,3.0
22395,2026-05-11 20:32:56.100000+00:00,52.2486364,21.0438804,94.8,0.51,-0.013,-0.001,0.975,0,0.4003017324104796,,182.3186849408884,-1.0,5.0,52.247067,21.043105,3.0
22400,2026-05-11 20:32:56.600000+00:00,52.2486363,21.0438808,94.9,0.42,-0.009,-0.001,0.976,0,0.211779350233907,,182.31592867079527,-1.0,5.0,52.247067,21.043105,3.0
22405,2026-05-11 20:32:57.100000+00:00,52.2486362,21.0438818,94.9,0.09,-0.014,0.0,0.978,0,0.4966536665558182,,182.3250207050112,-1.0,5.0,52.247067,21.043105,3.0
22410,2026-05-11 20:32:57.600000+00:00,52.248636,21.0438832,94.9,0.15,-0.01,0.0,0.977,0,0.7046551225373455,,182.33140878320825,-1.0,5.0,52.247067,21.043105,3.0
22415,2026-05-11 20:32:58.100000+00:00,52.2486357,21.0438851,94.8,0.13,-0.009,0.0,0.977,0,0.9617734866525284,,182.33712273515144,-1.0,5.0,52.247067,21.043105,3.0
22420,2026-05-11 20:32:58.600000+00:00,52.2486356,21.0438859,94.5,0.23,-0.012,-0.001,0.977,0,0.4002161839771593,,182.3423568793027,-1.0,5.0,52.247067,21.043105,3.0
22425,2026-05-11 20:32:59.100000+00:00,52.2486353,21.0438861,94.2,0.13,-0.008,0.0,0.977,0,0.2594169306114695,,182.3144188862316,-1.0,5.0,52.247067,21.043105,3.0
22430,2026-05-11 20:32:59.600000+00:00,52.2486339,21.0438881,93.8,0.23,-0.012,0.0,0.975,0,1.4890648353674054,,182.2053134378204,-1.0,5.0,52.247067,21.043105,3.0
22435,2026-05-11 20:33:00.100000+00:00,52.2486338,21.0438885,93.6,0.04,-0.008,0.0,0.976,0,0.2117793570937363,,182.20265076561407,-1.0,5.0,52.247067,21.043105,3.0
22440,2026-05-11 20:33:00.600000+00:00,52.2486323,21.0438894,93.2,0.36,-0.01,0.0,0.977,0,1.2793670597680062,,182.0611346396872,-1.0,5.0,52.247067,21.043105,3.0
22445,2026-05-11 20:33:01.100000+00:00,52.2486315,21.0438896,93.0,0.34,-0.011,0.0,0.978,0,0.6479416591334168,,181.9800893335128,-1.0,5.0,52.247067,21.043105,3.0
22450,2026-05-11 20:33:01.600000+00:00,52.2486313,21.043889,92.8,0.08,-0.009,0.0,0.977,0,0.3348589703629488,,181.94684340393025,-1.0,5.0,52.247067,21.043105,3.0
22455,2026-05-11 20:33:02.100000+00:00,52.2486311,21.0438879,92.7,0.08,-0.01,0.0,0.977,0,0.562447776295265,,181.90362663492837,-1.0,5.0,52.247067,21.043105,3.0
22460,2026-05-11 20:33:02.600000+00:00,52.2486311,21.0438872,92.6,0.15,-0.01,0.0,0.976,0,0.3431108832088321,,181.8896691018771,-1.0,5.0,52.247067,21.043105,3.0
22465,2026-05-11 20:33:03.100000+00:00,52.2486314,21.0438866,92.5,0.05,-0.01,0.0,0.976,0,0.3797088700722726,,181.90961373522643,-1.0,5.0,52.247067,21.043105,3.0
22470,2026-05-11 20:33:03.600000+00:00,52.2486315,21.043886,92.5,0.04,-0.012,0.0,0.979,0,0.3047975594962997,,181.9083035688811,-1.0,5.0,52.247067,21.043105,3.0
22475,2026-05-11 20:33:04.100000+00:00,52.2486316,21.0438849,92.5,0.12,-0.012,0.0,0.979,0,0.5450857919548967,,181.8970644489631,-1.0,5.0,52.247067,21.043105,3.0
22480,2026-05-11 20:33:04.600000+00:00,52.2486318,21.0438837,92.4,0.06,-0.009,0.0,0.977,0,0.6095951117814347,,181.8945084757003,-1.0,5.0,52.247067,21.043105,3.0
22485,2026-05-11 20:33:05.100000+00:00,52.2486319,21.0438822,92.4,0.04,-0.012,0.001,0.976,0,0.7395836520513877,,181.8754110151388,-1.0,5.0,52.247067,21.043105,3.0
22490,2026-05-11 20:33:05.600000+00:00,52.2486321,21.0438809,92.4,0.09,-0.011,0.001,0.978,0,0.6570159894123168,,181.8709639992288,-1.0,5.0,52.247067,21.043105,3.0
22495,2026-05-11 20:33:06.100000+00:00,52.2486322,21.0438793,92.4,0.04,-0.012,0.0,0.976,0,0.7883293104226103,,181.84999961308097,-1.0,5.0,52.247067,21.043105,3.0
22500,2026-05-11 20:33:06.600000+00:00,52.2486323,21.0438779,92.4,0.12,-0.01,0.0,0.977,0,0.6908762164042992,,181.8330383424551,-1.0,5.0,52.247067,21.043105,3.0
22505,2026-05-11 20:33:07.100000+00:00,52.2486324,21.0438768,92.3,0.04,-0.012,0.0,0.978,0,0.5450857800478228,,181.82202713006905,-1.0,5.0,52.247067,21.043105,3.0
22510,2026-05-11 20:33:07.600000+00:00,52.2486326,21.0438757,92.3,0.06,-0.008,0.0,0.976,0,0.5624477625998631,,181.82169318787885,-1.0,5.0,52.247067,21.043105,3.0
22515,2026-05-11 20:33:08.100000+00:00,52.2486327,21.0438747,92.3,0.14,-0.011,0.0,0.976,0,0.4966537058092916,,181.8127069994703,-1.0,5.0,52.247067,21.043105,3.0
22520,2026-05-11 20:33:08.600000+00:00,52.2486329,21.0438738,92.2,0.15,-0.009,0.0,0.977,0,0.4693030812202992,,181.8163550645559,-1.0,5.0,52.247067,21.043105,3.0
22525,2026-05-11 20:33:09.100000+00:00,52.2486331,21.0438729,92.1,0.08,-0.011,0.0,0.978,0,0.4693030810885266,,181.8200264248591,-1.0,5.0,52.247067,21.043105,3.0
22530,2026-05-11 20:33:09.600000+00:00,52.2486335,21.0438719,92.0,0.13,-0.009,0.002,0.978,0,0.5854996015814637,,181.843068601004,-1.0,5.0,52.247067,21.043105,3.0
22535,2026-05-11 20:33:10.100000+00:00,52.2486338,21.0438711,91.9,0.08,-0.009,0.0,0.978,0,0.4598372364209669,,181.85939594309824,-1.0,5.0,52.247067,21.043105,3.0
22540,2026-05-11 20:33:10.600000+00:00,52.2486343,21.0438704,91.8,0.04,-0.011,0.0,0.978,0,0.5272253213677248,,181.89900139523635,-1.0,5.0,52.247067,21.043105,3.0
22545,2026-05-11 20:33:11.100000+00:00,52.2486347,21.0438695,91.8,0.1,-0.01,0.001,0.977,0,0.5451250107815817,,181.92407741469967,-1.0,5.0,52.247067,21.043105,3.0
22550,2026-05-11 20:33:11.600000+00:00,52.248635,21.0438688,91.7,0.11,-0.01,0.0,0.979,0,0.4188221500938093,,181.9424164140509,-1.0,5.0,52.247067,21.043105,3.0
22555,2026-05-11 20:33:12.100000+00:00,52.2486354,21.0438684,91.6,0.3,-0.01,-0.001,0.979,0,0.3754935154409782,,181.97726061617587,-1.0,5.0,52.247067,21.043105,3.0
22560,2026-05-11 20:33:12.600000+00:00,52.2486358,21.0438678,91.6,0.05,-0.01,0.0,0.976,0,0.4347946935486163,,182.00822778661055,-1.0,5.0,52.247067,21.043105,3.0
22565,2026-05-11 20:33:13.100000+00:00,52.2486362,21.0438672,91.5,0.03,-0.012,0.001,0.977,0,0.4347946880041212,,182.039209721651,-1.0,5.0,52.247067,21.043105,3.0
22570,2026-05-11 20:33:13.600000+00:00,52.2486367,21.0438666,91.4,0.1,-0.009,-0.001,0.978,0,0.4967226087255896,,182.08086551317945,-1.0,5.0,52.247067,21.043105,3.0
22575,2026-05-11 20:33:14.100000+00:00,52.2486373,21.0438659,91.4,0.14,-0.01,0.0,0.979,0,0.5903158287025307,,182.13126163273893,-1.0,5.0,52.247067,21.043105,3.0
22580,2026-05-11 20:33:14.600000+00:00,52.2486379,21.0438653,91.3,0.11,-0.008,0.0,0.977,0,0.5632402678400643,,182.1836147816879,-1.0,5.0,52.247067,21.043105,3.0
22585,2026-05-11 20:33:15.100000+00:00,52.2486387,21.0438646,91.2,0.06,-0.009,0.0,0.979,0,0.7265970204616677,,182.25537934946237,-1.0,5.0,52.247067,21.043105,3.0
22590,2026-05-11 20:33:15.600000+00:00,52.2486393,21.0438638,91.1,0.21,-0.011,0.0,0.978,0,0.6200895439632019,,182.30391499040425,-1.0,5.0,52.247067,21.043105,3.0
22595,2026-05-11 20:33:16.100000+00:00,52.24864,21.0438632,91.0,0.1,-0.012,-0.001,0.976,0,0.6329021761434849,,182.36699670998848,-1.0,5.0,52.247067,21.043105,3.0
22600,2026-05-11 20:33:16.600000+00:00,52.2486406,21.0438625,91.0,0.05,-0.007,0.0,0.977,0,0.5903158138686482,,182.41750845667133,-1.0,5.0,52.247067,21.043105,3.0
22605,2026-05-11 20:33:17.100000+00:00,52.2486412,21.0438618,91.0,0.04,-0.009,0.0,0.978,0,0.5903158111715787,,182.4680430610184,-1.0,5.0,52.247067,21.043105,3.0
22610,2026-05-11 20:33:17.600000+00:00,52.2486419,21.0438611,91.0,0.28,0.027,-0.012,0.969,0,0.6571136278721655,,182.52926864254027,-1.0,5.0,52.247067,21.043105,3.0
22615,2026-05-11 20:33:18.100000+00:00,52.2486436,21.0438614,90.9,1.36,0.051,-0.024,0.977,0,1.368946482499142,,182.71639015202925,-1.0,5.0,52.247067,21.043105,3.0
22620,2026-05-11 20:33:18.600000+00:00,52.2486466,21.0438639,90.9,2.78,0.072,-0.025,0.978,0,2.6963471035345785,,183.08443197988507,-1.0,5.0,52.247067,21.043105,3.0
22625,2026-05-11 20:33:19.100000+00:00,52.2486509,21.0438672,90.8,3.73,0.078,-0.032,0.976,0,3.8036610699526583,,183.60655184188604,-1.0,5.0,52.247067,21.043105,3.0
22630,2026-05-11 20:33:19.600000+00:00,52.2486552,21.0438719,90.5,3.23,0.085,-0.04,0.974,0,4.1423053146200495,,184.15570539175272,-1.0,5.0,52.247067,21.043105,3.0
22635,2026-05-11 20:33:20.100000+00:00,52.2486627,21.043879,90.3,7.8,0.103,-0.04,0.972,0,6.940143041143113,,185.0926239310428,-1.0,5.0,52.247067,21.043105,3.0
22640,2026-05-11 20:33:20.600000+00:00,52.2486724,21.0438883,90.1,9.14,0.114,-0.046,0.959,0,9.004894594077232,,186.3070664888576,-1.0,5.0,52.247067,21.043105,3.0
22645,2026-05-11 20:33:21.100000+00:00,52.2486843,21.0439008,89.9,11.06,0.092,-0.068,0.977,0,11.327267474748268,,187.81900498568527,-1.0,5.0,52.247067,21.043105,3.0
22650,2026-05-11 20:33:21.600000+00:00,52.2486983,21.0439171,89.7,13.71,-0.011,-0.055,0.975,0,13.764540214276172,,189.63064520001765,-1.0,5.0,52.247067,21.043105,3.0
22655,2026-05-11 20:33:22.100000+00:00,52.248712,21.0439363,89.6,13.83,-0.033,-0.082,0.969,0,14.452345724912645,,191.47061622226963,-1.0,5.0,52.247067,21.043105,3.0
22660,2026-05-11 20:33:22.600000+00:00,52.2487244,21.0439579,89.6,14.01,-0.044,-0.133,0.977,0,14.513716762907556,,193.22504055514057,-1.0,5.0,52.247067,21.043105,3.0
22665,2026-05-11 20:33:23.100000+00:00,52.248736,21.0439827,89.6,14.9,-0.037,-0.147,0.959,0,15.297526259418712,,194.96646919169447,-1.0,5.0,52.247067,21.043105,3.0
22670,2026-05-11 20:33:23.600000+00:00,52.2487459,21.0440142,89.7,17.34,-0.069,-0.198,0.967,0,17.35549399955916,,196.67893614029973,-1.0,5.0,52.247067,21.043105,3.0
22675,2026-05-11 20:33:24.100000+00:00,52.2487526,21.0440473,90.0,17.29,-0.084,-0.199,0.962,0,17.087937983780634,,198.10441122112243,-1.0,5.0,52.247067,21.043105,3.0
22680,2026-05-11 20:33:24.600000+00:00,52.2487548,21.0440854,90.1,18.43,-0.119,-0.211,0.948,0,18.757859338510126,,199.1899437232696,-1.0,5.0,52.247067,21.043105,3.0
22685,2026-05-11 20:33:25.100000+00:00,52.2487547,21.0441232,90.6,18.35,-0.118,-0.193,0.959,0,18.52810900431824,,200.0564882237341,-1.0,5.0,52.247067,21.043105,3.0
22690,2026-05-11 20:33:25.600000+00:00,52.2487505,21.0441631,91.0,19.81,-0.118,-0.19,0.939,0,19.844226409192625,,200.5778934249716,-1.0,5.0,52.247067,21.043105,3.0
22695,2026-05-11 20:33:26.100000+00:00,52.2487411,21.0442028,91.2,20.03,-0.127,-0.195,0.955,0,20.863789327372977,,200.5939625873476,-1.0,5.0,52.247067,21.043105,3.0
22700,2026-05-11 20:33:26.600000+00:00,52.2487277,21.0442401,91.3,20.86,-0.123,-0.168,0.974,0,21.19799579597366,,200.1785092094504,-1.0,5.0,52.247067,21.043105,3.0
22705,2026-05-11 20:33:27.100000+00:00,52.2487129,21.0442738,91.5,19.25,-0.071,-0.043,0.955,0,20.328590091392982,,199.56503252390632,-1.0,5.0,52.247067,21.043105,3.0
22710,2026-05-11 20:33:27.600000+00:00,52.2486969,21.0443047,91.7,19.58,-0.039,-0.02,0.971,0,19.836447211876603,,198.78972610019875,-1.0,5.0,52.247067,21.043105,3.0
22715,2026-05-11 20:33:28.100000+00:00,52.2486806,21.0443337,91.9,19.16,-0.035,-0.029,0.969,0,19.29643449576137,,197.9647982203197,-1.0,5.0,52.247067,21.043105,3.0
22720,2026-05-11 20:33:28.600000+00:00,52.248667,21.0443591,92.4,17.09,-0.014,-0.02,0.98,0,16.539523644439985,,197.3371764528725,-1.0,5.0,52.247067,21.043105,3.0
22725,2026-05-11 20:33:29.100000+00:00,52.2486563,21.0443783,93.0,14.5,-0.01,-0.002,0.969,0,12.726027087253083,,196.8373161970553,-1.0,5.0,52.247067,21.043105,3.0
22730,2026-05-11 20:33:29.600000+00:00,52.248647,21.0444013,93.3,14.0,-0.035,0.037,0.978,0,13.510442542716657,,196.6072588363859,-1.0,5.0,52.247067,21.043105,3.0
22735,2026-05-11 20:33:30.100000+00:00,52.2486387,21.044427,93.7,14.64,-0.026,0.099,0.97,0,14.242270023396824,,196.57784154550305,-1.0,5.0,52.247067,21.043105,3.0
22740,2026-05-11 20:33:30.600000+00:00,52.2486267,21.044462,94.1,17.76,-0.012,0.081,0.944,0,19.662445569271046,,196.5014325528187,-1.0,5.0,52.247067,21.043105,3.0
22745,2026-05-11 20:33:31.100000+00:00,52.2486162,21.0444978,94.5,18.09,-0.035,0.083,1.044,0,19.457321996826227,,196.6353378330848,-1.0,5.0,52.247067,21.043105,3.0
22750,2026-05-11 20:33:31.600000+00:00,52.2486049,21.0445238,94.8,15.91,-0.01,0.053,0.891,0,15.628744197558785,,196.3999600608874,-1.0,5.0,52.247067,21.043105,3.0
22755,2026-05-11 20:33:32.100000+00:00,52.2485914,21.0445485,95.0,15.86,-0.076,0.058,1.039,0,16.229405056639127,,195.93229135304185,-1.0,5.0,52.247067,21.043105,3.0
22760,2026-05-11 20:33:32.600000+00:00,52.2485845,21.0445834,94.7,16.21,-0.037,0.007,0.924,0,17.976380813061812,,196.47536987173893,-1.0,5.0,52.247067,21.043105,3.0
22765,2026-05-11 20:33:33.100000+00:00,52.2485788,21.0446161,94.6,14.17,-0.132,0.014,0.999,0,16.665176369311023,,197.084125486338,-1.0,5.0,52.247067,21.043105,3.0
22770,2026-05-11 20:33:33.600000+00:00,52.2485757,21.0446384,94.6,9.89,-0.165,0.077,0.948,0,11.2087693898297,,197.588060448184,-1.0,5.0,52.247067,21.043105,3.0
22775,2026-05-11 20:33:34.100000+00:00,52.2485749,21.0446597,95.0,8.76,-0.161,0.084,0.956,0,10.46001442370227,,198.2827760352547,-1.0,5.0,52.247067,21.043105,3.0
22780,2026-05-11 20:33:34.600000+00:00,52.2485727,21.044675,95.1,6.29,-0.203,0.041,0.996,0,7.703491052531278,,198.63449311920596,-1.0,5.0,52.247067,21.043105,3.0
22785,2026-05-11 20:33:35.100000+00:00,52.2485721,21.0446855,95.1,2.87,-0.199,0.089,0.963,0,5.169038629133299,,198.963926206522,-1.0,5.0,52.247067,21.043105,3.0
22790,2026-05-11 20:33:35.600000+00:00,52.2485731,21.0446895,95.2,0.1,-0.119,0.083,0.99,0,2.1177960802536555,,199.2047958270773,-1.0,5.0,52.247067,21.043105,3.0
22795,2026-05-11 20:33:36.100000+00:00,52.2485742,21.0446921,95.3,0.29,0.0,0.009,0.955,0,1.5490960344797642,,199.4034908861423,-1.0,5.0,52.247067,21.043105,3.0
22800,2026-05-11 20:33:36.600000+00:00,52.2485749,21.0446934,95.4,0.14,-0.005,0.025,0.967,0,0.8485904374886617,,199.51686788409305,-1.0,5.0,52.247067,21.043105,3.0
22805,2026-05-11 20:33:37.100000+00:00,52.2485759,21.0446946,95.6,0.49,-0.004,0.025,0.978,0,0.9934457007737488,,199.6545915852242,-1.0,5.0,52.247067,21.043105,3.0
22810,2026-05-11 20:33:37.600000+00:00,52.2485771,21.0446966,95.7,0.25,-0.004,0.02,0.98,0,1.3725940164204486,,199.84052895330504,-1.0,5.0,52.247067,21.043105,3.0
22815,2026-05-11 20:33:38.100000+00:00,52.248578,21.0446986,95.9,0.13,-0.004,0.022,0.977,0,1.2166370685422585,,199.99845062093328,-1.0,5.0,52.247067,21.043105,3.0
22820,2026-05-11 20:33:38.600000+00:00,52.2485787,21.0447008,96.0,0.15,-0.005,0.022,0.977,0,1.2152824909735056,,200.14510224701303,-1.0,5.0,52.247686,21.048533,2.0
22825,2026-05-11 20:33:39.100000+00:00,52.2485792,21.0447029,96.1,0.13,-0.001,0.021,0.976,0,1.104431830501747,,200.26941868119923,-1.0,5.0,52.247686,21.048533,2.0
22830,2026-05-11 20:33:39.600000+00:00,52.2485795,21.0447053,96.2,0.12,-0.003,0.02,0.978,0,1.2006500186674844,,200.38621241302943,-1.0,5.0,52.247686,21.048533,2.0
22835,2026-05-11 20:33:40.100000+00:00,52.2485796,21.0447075,96.2,0.14,-0.003,0.021,0.979,0,1.081317633668064,,200.47700970945047,-1.0,5.0,52.247686,21.048533,2.0
22840,2026-05-11 20:33:40.600000+00:00,52.2485796,21.0447095,96.2,0.15,-0.003,0.019,0.977,0,0.9803179451312704,,200.5511369491372,-1.0,5.0,52.247686,21.048533,2.0
22845,2026-05-11 20:33:41.100000+00:00,52.2485793,21.0447113,96.3,0.02,-0.007,0.02,0.978,0,0.9143936722786872,,200.5899411008842,-1.0,5.0,52.247686,21.048533,2.0
22850,2026-05-11 20:33:41.600000+00:00,52.248579,21.0447133,96.4,0.14,-0.003,0.022,0.979,0,1.009311761168356,,200.63624820278977,-1.0,5.0,52.247686,21.048533,2.0
22855,2026-05-11 20:33:42.100000+00:00,52.2485786,21.0447152,96.4,0.08,-0.001,0.02,0.978,0,0.9848238830127308,,200.6696098847129,-1.0,5.0,52.247686,21.048533,2.0
22860,2026-05-11 20:33:42.600000+00:00,52.2485784,21.0447175,96.5,0.21,-0.004,0.021,0.978,0,1.1386799301270232,,200.7365698105404,-1.0,5.0,52.247686,21.048533,2.0
22865,2026-05-11 20:33:43.100000+00:00,52.2485784,21.0447193,96.6,0.25,-0.003,0.024,0.975,0,0.8822861749500026,,200.8036106252691,-1.0,5.0,52.247686,21.048533,2.0
22870,2026-05-11 20:33:43.600000+00:00,52.2485783,21.0447211,96.7,0.16,-0.006,0.016,0.978,0,0.885911144064818,,200.8614007738994,-1.0,5.0,52.247686,21.048533,2.0
22875,2026-05-11 20:33:44.100000+00:00,52.2485784,21.0447228,96.7,0.19,-0.005,0.016,0.976,0,0.837107527770046,,200.93411766956916,-1.0,5.0,52.247686,21.048533,2.0
22880,2026-05-11 20:33:44.600000+00:00,52.2485783,21.0447248,96.8,0.09,-0.007,0.017,0.978,0,0.983581714791706,,200.99948523828704,-1.0,5.0,52.247686,21.048533,2.0
22885,2026-05-11 20:33:45.100000+00:00,52.2485784,21.0447268,96.9,0.26,0.018,0.008,0.978,0,0.983581714791706,,201.08351059265777,-1.0,5.0,52.247686,21.048533,2.0
22890,2026-05-11 20:33:45.600000+00:00,52.2485774,21.0447315,97.1,1.47,0.072,-0.007,0.971,0,2.4388967508570665,,201.166533963736,-1.0,5.0,52.247686,21.048533,2.0
22895,2026-05-11 20:33:46.100000+00:00,52.2485772,21.0447367,97.5,1.32,0.085,0.003,0.976,0,2.5538513366270017,,201.3430638284173,-1.0,5.0,52.247686,21.048533,2.0
22900,2026-05-11 20:33:46.600000+00:00,52.2485763,21.0447464,97.9,3.7,0.1,0.018,0.975,0,4.8088309688450055,,201.624842478445,-1.0,5.0,52.247686,21.048533,2.0
22905,2026-05-11 20:33:47.100000+00:00,52.2485743,21.044759,98.2,6.31,0.109,0.007,0.961,0,6.380194733844557,,201.91687511038847,-1.0,5.0,52.247686,21.048533,2.0
22910,2026-05-11 20:33:47.600000+00:00,52.2485705,21.0447787,98.1,8.92,0.111,-0.007,0.984,0,10.124053479102098,,202.31855437319865,-1.0,5.0,52.247686,21.048533,2.0
22915,2026-05-11 20:33:48.100000+00:00,52.248567,21.0447987,98.4,8.78,0.124,-0.003,0.963,0,10.195793596276218,,202.76824481656385,-1.0,5.0,52.247686,21.048533,2.0
22920,2026-05-11 20:33:48.600000+00:00,52.2485619,21.0448255,98.4,13.89,0.129,-0.048,0.969,0,13.756197901972314,,203.3474615684895,-1.0,5.0,52.247686,21.048533,2.0
22925,2026-05-11 20:33:49.100000+00:00,52.2485552,21.0448585,98.4,16.27,0.12,-0.045,0.953,0,17.041472794484203,,204.04510208122733,-1.0,5.0,52.247686,21.048533,2.0
22930,2026-05-11 20:33:49.600000+00:00,52.2485467,21.0448984,98.6,18.92,0.081,-0.067,0.994,0,20.707485307462917,,204.88631614016748,-1.0,5.0,52.247686,21.048533,2.0
22935,2026-05-11 20:33:50.100000+00:00,52.2485336,21.0449402,98.5,20.98,0.045,-0.055,0.97,0,23.016982526290903,,205.43651547610693,-1.0,5.0,52.247686,21.048533,2.0
22940,2026-05-11 20:33:50.600000+00:00,52.2485207,21.0449817,98.5,21.21,0.03,-0.02,0.96,0,22.813257131347555,,206.0396348243665,-1.0,5.0,52.247686,21.048533,2.0
22945,2026-05-11 20:33:51.100000+00:00,52.2485074,21.0450244,98.5,21.81,0.003,-0.008,0.983,0,23.48271252600196,,206.70673476791316,-1.0,5.0,52.247686,21.048533,2.0
22950,2026-05-11 20:33:51.600000+00:00,52.2484907,21.045077,97.6,21.66,-0.016,-0.008,0.954,0,29.04292664747209,,207.5691742030467,-1.0,5.0,52.247686,21.048533,2.0
22955,2026-05-11 20:33:52.100000+00:00,52.248474,21.0451258,96.9,21.72,-0.038,0.003,0.973,0,27.402852234300347,,208.33517729382595,-1.0,5.0,52.247686,21.048533,2.0
22960,2026-05-11 20:33:52.600000+00:00,52.2484594,21.0451723,96.5,21.07,-0.048,0.0,0.982,0,25.61491915684017,,209.23492817148252,-1.0,5.0,52.247686,21.048533,2.0
22965,2026-05-11 20:33:53.100000+00:00,52.2484481,21.0452135,96.2,19.56,-0.077,0.015,0.969,0,22.128422650403387,,210.2121062375088,-1.0,5.0,52.247686,21.048533,2.0
22970,2026-05-11 20:33:53.600000+00:00,52.2484376,21.0452516,95.9,18.38,-0.097,0.021,0.969,0,20.479902140062496,,211.1475187795493,-1.0,5.0,52.247686,21.048533,2.0
22975,2026-05-11 20:33:54.100000+00:00,52.2484263,21.0452892,95.8,18.06,-0.04,0.008,0.968,0,20.530739524439287,,212.02966620943064,-1.0,5.0,52.247686,21.048533,2.0
22980,2026-05-11 20:33:54.600000+00:00,52.2484159,21.0453229,95.7,17.05,-0.075,0.017,0.965,0,18.498241923498625,,212.82835198982468,-1.0,5.0,52.247686,21.048533,2.0
22985,2026-05-11 20:33:55.100000+00:00,52.2484075,21.045353,96.0,15.65,-0.078,0.025,0.982,0,16.214264619478705,,213.63428680451375,-1.0,5.0,52.247686,21.048533,2.0
22990,2026-05-11 20:33:55.600000+00:00,52.2484,21.0453795,96.2,13.34,-0.076,0.041,0.974,0,14.309972720710336,,214.35286072829453,-1.0,5.0,52.247686,21.048533,2.0
22995,2026-05-11 20:33:56.100000+00:00,52.2483924,21.0454047,96.2,13.67,-0.066,0.017,0.967,0,13.769368468278326,,215.01533061574247,-1.0,5.0,52.247686,21.048533,2.0
23000,2026-05-11 20:33:56.600000+00:00,52.2483857,21.0454273,96.3,12.38,-0.057,0.007,0.976,0,12.308008622379567,,215.63090861542176,-1.0,5.0,52.247686,21.048533,2.0
23005,2026-05-11 20:33:57.100000+00:00,52.2483798,21.0454478,96.4,10.26,-0.055,0.029,0.958,0,11.103171954292414,,216.2127822637512,-1.0,5.0,52.247686,21.048533,2.0
23010,2026-05-11 20:33:57.600000+00:00,52.2483762,21.045469,96.7,9.87,-0.084,0.023,0.982,0,10.783713406666726,,217.0109077226275,-1.0,5.0,52.247686,21.048533,2.0
23015,2026-05-11 20:33:58.100000+00:00,52.2483761,21.0454876,97.3,7.68,-0.089,0.017,0.976,0,9.117350221665143,,217.94422057840535,-1.0,5.0,52.247686,21.048533,2.0
23020,2026-05-11 20:33:58.600000+00:00,52.2483748,21.0455031,97.7,7.73,-0.086,0.026,0.972,0,7.668456432774787,,218.63453408099832,-1.0,5.0,52.247686,21.048533,2.0
23025,2026-05-11 20:33:59.100000+00:00,52.2483735,21.0455148,98.0,5.7,-0.087,0.034,0.973,0,5.828563806543839,,219.13410199444505,-1.0,5.0,52.247686,21.048533,2.0
23030,2026-05-11 20:33:59.600000+00:00,52.2483714,21.0455227,98.2,4.0,-0.106,0.034,0.973,0,4.221512211624376,,218.6491531971992,-1.0,5.0,52.247686,21.048533,2.0
23035,2026-05-11 20:34:00.100000+00:00,52.2483716,21.0455291,98.4,2.43,-0.11,0.034,0.977,0,3.141115931925143,,218.24859542916184,-1.0,5.0,52.247686,21.048533,2.0
23040,2026-05-11 20:34:00.600000+00:00,52.248374,21.0455338,98.8,0.62,-0.104,0.029,0.977,0,2.9998773687428284,,218.0422948593951,-1.0,5.0,52.247686,21.048533,2.0
23045,2026-05-11 20:34:01.100000+00:00,52.2483766,21.045536,99.2,0.23,-0.031,0.004,0.974,0,2.3443076776414675,,218.0037133455793,-1.0,5.0,52.247686,21.048533,2.0
23050,2026-05-11 20:34:01.600000+00:00,52.2483786,21.0455378,99.5,0.02,-0.018,0.002,0.972,0,1.828195729165815,,217.96750291755376,-1.0,5.0,52.247686,21.048533,2.0
23055,2026-05-11 20:34:02.100000+00:00,52.2483803,21.0455397,99.7,0.06,-0.011,0.001,0.978,0,1.6491582170951962,,217.91339650319384,-1.0,5.0,52.247686,21.048533,2.0
23060,2026-05-11 20:34:02.600000+00:00,52.2483818,21.0455418,100.0,0.09,-0.013,0.001,0.976,0,1.581679790887637,,217.8388907585017,-1.0,5.0,52.247686,21.048533,2.0
23065,2026-05-11 20:34:03.100000+00:00,52.2483831,21.045544,100.2,0.09,-0.013,0.001,0.977,0,1.498693063074222,,217.7503023413988,-1.0,5.0,52.247686,21.048533,2.0
23070,2026-05-11 20:34:03.600000+00:00,52.2483841,21.0455456,100.4,0.07,-0.011,0.0,0.978,0,1.1207257716242698,,217.68813936267767,-1.0,5.0,52.247686,21.048533,2.0
23075,2026-05-11 20:34:04.100000+00:00,52.2483855,21.0455474,100.6,0.14,-0.011,0.002,0.977,0,1.4264392315899683,,217.62924422834183,-1.0,5.0,52.247686,21.048533,2.0
23080,2026-05-11 20:34:04.600000+00:00,52.248387,21.0455492,100.9,0.01,-0.012,0.003,0.978,0,1.490170785369499,,217.57449673967125,-1.0,5.0,52.247686,21.048533,2.0
23085,2026-05-11 20:34:05.100000+00:00,52.2483885,21.0455507,101.2,0.14,-0.012,0.001,0.976,0,1.408102827266149,,217.53899369418733,-1.0,5.0,52.247686,21.048533,2.0
23090,2026-05-11 20:34:05.600000+00:00,52.2483898,21.0455522,101.4,0.17,-0.011,0.0,0.978,0,1.274289073496893,,217.4956581449658,-1.0,5.0,52.247686,21.048533,2.0
23095,2026-05-11 20:34:06.100000+00:00,52.2483913,21.0455539,101.7,0.05,-0.013,0.001,0.978,0,1.4616834651364354,,217.44777760020625,-1.0,5.0,52.247686,21.048533,2.0
23100,2026-05-11 20:34:06.600000+00:00,52.248393,21.045556,101.9,0.08,-0.011,0.002,0.978,0,1.7064374068066437,,217.3827277969081,-1.0,5.0,52.247686,21.048533,2.0
23105,2026-05-11 20:34:07.100000+00:00,52.2483949,21.0455582,102.2,0.1,-0.01,0.0,0.978,0,1.8646004582689637,,217.31963764152133,-1.0,5.0,52.247686,21.048533,2.0
23110,2026-05-11 20:34:07.600000+00:00,52.2483967,21.0455604,102.5,0.15,-0.012,0.0,0.978,0,1.7998826003635433,,217.2527930989555,-1.0,5.0,52.247686,21.048533,2.0
23115,2026-05-11 20:34:08.100000+00:00,52.2483986,21.0455623,102.8,0.05,-0.012,0.001,0.977,0,1.7835968103507227,,217.2092879514719,-1.0,5.0,52.247686,21.048533,2.0
23120,2026-05-11 20:34:08.600000+00:00,52.2484007,21.0455647,103.1,0.14,-0.01,0.0,0.978,0,2.0519611212992177,,217.14251526286583,-1.0,5.0,52.247686,21.048533,2.0
23125,2026-05-11 20:34:09.100000+00:00,52.2484025,21.0455667,103.4,0.14,-0.011,0.002,0.977,0,1.742917256163531,,217.08918172916285,-1.0,5.0,52.247686,21.048533,2.0
23130,2026-05-11 20:34:09.600000+00:00,52.2484045,21.0455687,103.7,0.04,-0.011,0.001,0.977,0,1.8774702624185864,,217.04428981334053,-1.0,5.0,52.247686,21.048533,2.0
23135,2026-05-11 20:34:10.100000+00:00,52.2484065,21.0455707,104.1,0.01,-0.012,0.0,0.979,0,1.8774702385292772,,216.9997019681396,-1.0,5.0,52.247686,21.048533,2.0
23140,2026-05-11 20:34:10.600000+00:00,52.2484082,21.0455726,104.3,0.2,-0.013,0.003,0.978,0,1.6491578881215958,,216.9493928898083,-1.0,5.0,52.247686,21.048533,2.0
23145,2026-05-11 20:34:11.100000+00:00,52.2484094,21.0455743,104.5,0.09,-0.011,0.002,0.976,0,1.2717450940419577,,216.89133295723812,-1.0,5.0,52.247686,21.048533,2.0
23150,2026-05-11 20:34:11.600000+00:00,52.2484104,21.0455754,104.7,0.3,-0.013,0.002,0.977,0,0.965234521592954,,216.86306348623955,-1.0,5.0,52.247686,21.048533,2.0
23155,2026-05-11 20:34:12.100000+00:00,52.2484113,21.0455765,104.8,0.13,-0.013,0.001,0.978,0,0.89994119421062,,216.83073731382004,-1.0,5.0,52.247686,21.048533,2.0
23160,2026-05-11 20:34:12.600000+00:00,52.2484121,21.0455776,105.0,0.11,-0.014,0.002,0.977,0,0.8372155828852342,,216.79433722513755,-1.0,5.0,52.247686,21.048533,2.0
23165,2026-05-11 20:34:13.100000+00:00,52.2484128,21.0455787,105.1,0.06,-0.012,0.001,0.978,0,0.7776792546525685,,216.75384747708145,-1.0,5.0,52.247686,21.048533,2.0
23170,2026-05-11 20:34:13.600000+00:00,52.2484135,21.0455794,105.2,0.18,-0.013,0.003,0.977,0,0.657114555348362,,216.7386673230418,-1.0,5.0,52.247686,21.048533,2.0
23175,2026-05-11 20:34:14.100000+00:00,52.2484141,21.0455803,105.4,0.19,-0.013,0.0,0.978,0,0.6521935283364171,,216.7067406851372,-1.0,5.0,52.247686,21.048533,2.0
23180,2026-05-11 20:34:14.600000+00:00,52.2484146,21.0455811,105.5,0.11,-0.011,0.001,0.977,0,0.5603626914393582,,216.67700345866956,-1.0,5.0,52.247686,21.048533,2.0
23185,2026-05-11 20:34:15.100000+00:00,52.248415,21.0455818,105.6,0.11,-0.012,0.002,0.978,0,0.4693407914675679,,216.6494428504391,-1.0,5.0,52.247686,21.048533,2.0
23190,2026-05-11 20:34:15.600000+00:00,52.2484155,21.0455822,105.7,0.3,-0.011,0.001,0.978,0,0.4457383676015776,,216.64499940291213,-1.0,5.0,52.247686,21.048533,2.0
23195,2026-05-11 20:34:16.100000+00:00,52.248416,21.0455831,105.7,0.18,-0.012,0.001,0.976,0,0.5956929820728271,,216.6090144120035,-1.0,5.0,52.247686,21.048533,2.0
23200,2026-05-11 20:34:16.600000+00:00,52.2484165,21.0455838,105.9,0.21,-0.012,0.001,0.976,0,0.5272264204126152,,216.58567686184423,-1.0,5.0,52.247686,21.048533,2.0
23205,2026-05-11 20:34:17.100000+00:00,52.2484169,21.0455843,105.9,0.13,-0.012,0.002,0.978,0,0.4032603940741341,,216.570809012276,-1.0,5.0,52.247686,21.048533,2.0
23210,2026-05-11 20:34:17.600000+00:00,52.2484172,21.0455847,106.0,0.13,-0.011,0.001,0.978,0,0.3100453917574988,,216.558089507462,-1.0,5.0,52.247686,21.048533,2.0
23215,2026-05-11 20:34:18.100000+00:00,52.2484174,21.0455851,106.1,0.06,-0.013,0.002,0.978,0,0.2531399805127293,,216.54120155389575,-1.0,5.0,52.247686,21.048533,2.0
23220,2026-05-11 20:34:18.600000+00:00,52.2484174,21.0455854,106.1,0.09,-0.013,0.001,0.978,0,0.1470482294536811,,216.5222733415782,-1.0,5.0,52.247686,21.048533,2.0
23225,2026-05-11 20:34:19.100000+00:00,52.2484174,21.0455854,106.1,0.07,-0.011,0.001,0.978,0,0.0,,216.5222733415782,-1.0,5.0,52.247686,21.048533,2.0
23230,2026-05-11 20:34:19.600000+00:00,52.2484172,21.0455852,106.1,0.33,-0.012,0.001,0.976,0,0.1877470112973075,,216.52654081721013,-1.0,5.0,52.247686,21.048533,2.0
23235,2026-05-11 20:34:20.100000+00:00,52.248417,21.0455852,106.1,0.1,-0.012,0.0,0.976,0,0.1601206909271013,,216.51819147724743,-1.0,5.0,52.247686,21.048533,2.0
23240,2026-05-11 20:34:20.600000+00:00,52.2484169,21.0455851,106.1,0.07,-0.012,0.0,0.98,0,0.0938735084292489,,216.52032758558204,-1.0,5.0,52.247686,21.048533,2.0
23245,2026-05-11 20:34:21.100000+00:00,52.2484167,21.0455853,106.1,0.07,-0.011,0.002,0.979,0,0.1877470118741895,,216.49936089053375,-1.0,5.0,52.247686,21.048533,2.0
23250,2026-05-11 20:34:21.600000+00:00,52.2484167,21.0455854,106.1,0.06,-0.011,0.001,0.978,0,0.0490160777775954,,216.4930506648295,-1.0,5.0,52.247686,21.048533,2.0
23255,2026-05-11 20:34:22.100000+00:00,52.2484166,21.0455855,106.0,0.06,-0.012,0.002,0.981,0,0.0938735042589641,,216.4825676421495,-1.0,5.0,52.247686,21.048533,2.0
23260,2026-05-11 20:34:22.600000+00:00,52.2484166,21.0455856,106.0,0.05,-0.012,0.0,0.976,0,0.0490160763290943,,216.4762573553053,-1.0,5.0,52.247686,21.048533,2.0
23265,2026-05-11 20:34:23.100000+00:00,52.2484165,21.0455857,105.9,0.1,-0.012,0.001,0.976,0,0.0938735086600017,,216.46577451845272,-1.0,5.0,52.247686,21.048533,2.0
23270,2026-05-11 20:34:23.600000+00:00,52.2484165,21.045586,105.9,0.09,-0.012,0.001,0.98,0,0.1470482324366953,,216.4468435639348,-1.0,5.0,52.247686,21.048533,2.0
23275,2026-05-11 20:34:24.100000+00:00,52.2484162,21.045586,105.8,0.12,-0.011,0.001,0.977,0,0.240181036390652,,216.4343276748155,-1.0,5.0,52.247686,21.048533,2.0
23280,2026-05-11 20:34:24.600000+00:00,52.2484162,21.045586,105.7,0.07,-0.013,0.001,0.978,0,0.0,,216.4343276748155,-1.0,5.0,52.247686,21.048533,2.0
23285,2026-05-11 20:34:25.100000+00:00,52.248416,21.0455859,105.6,0.1,-0.012,0.001,0.978,0,0.1674551130018424,,216.43229709884827,-1.0,5.0,52.247686,21.048533,2.0
23290,2026-05-11 20:34:25.600000+00:00,52.2484158,21.0455857,105.5,0.12,-0.012,0.001,0.977,0,0.1877470129125774,,216.43658020292352,-1.0,5.0,52.247686,21.048533,2.0
23295,2026-05-11 20:34:26.100000+00:00,52.2484155,21.0455855,105.5,0.12,-0.012,0.0,0.978,0,0.2594171041271509,,216.43669893653788,-1.0,5.0,52.247686,21.048533,2.0
23300,2026-05-11 20:34:26.600000+00:00,52.2484152,21.0455853,105.4,0.23,-0.012,0.0,0.977,0,0.2594171143969739,,216.4368236678683,-1.0,5.0,52.247686,21.048533,2.0
23305,2026-05-11 20:34:27.100000+00:00,52.2484149,21.0455855,105.3,0.12,-0.013,0.001,0.979,0,0.259417105217287,,216.4117046829228,-1.0,5.0,52.247686,21.048533,2.0
23310,2026-05-11 20:34:27.600000+00:00,52.2484146,21.0455857,105.2,0.14,-0.012,0.002,0.977,0,0.2594171143088494,,216.38658878090163,-1.0,5.0,52.247686,21.048533,2.0
23315,2026-05-11 20:34:28.100000+00:00,52.2484143,21.0455859,105.2,0.06,-0.011,0.0,0.976,0,0.2594171051291625,,216.3614759637373,-1.0,5.0,52.247686,21.048533,2.0
23320,2026-05-11 20:34:28.600000+00:00,52.2484139,21.0455862,105.1,0.13,-0.013,0.0,0.977,0,0.3523886078123122,,216.32589254753367,-1.0,5.0,52.247686,21.048533,2.0
23325,2026-05-11 20:34:29.100000+00:00,52.2484134,21.0455863,105.0,0.11,-0.013,0.001,0.978,0,0.4032915339259904,,216.29878386778108,-1.0,5.0,52.247686,21.048533,2.0
23330,2026-05-11 20:34:29.600000+00:00,52.248413,21.0455867,104.9,0.08,-0.013,0.002,0.979,0,0.3754940285261558,,216.2568989587743,-1.0,5.0,52.247686,21.048533,2.0
23335,2026-05-11 20:34:30.100000+00:00,52.2484126,21.045587,104.8,0.05,-0.015,0.002,0.978,0,0.3523886096103304,,216.2213332112185,-1.0,5.0,52.247686,21.048533,2.0
23340,2026-05-11 20:34:30.600000+00:00,52.2484122,21.0455874,104.8,0.13,-0.012,0.001,0.977,0,0.3754940339015042,,216.17945760039743,-1.0,5.0,52.247686,21.048533,2.0
23345,2026-05-11 20:34:31.100000+00:00,52.2484117,21.0455877,104.7,0.1,-0.012,0.0,0.977,0,0.4264559344982736,,216.13975050182503,-1.0,5.0,52.247686,21.048533,2.0
23350,2026-05-11 20:34:31.600000+00:00,52.2484112,21.0455877,104.6,0.05,-0.011,0.002,0.977,0,0.4003017375032058,,216.11900080772813,-1.0,5.0,52.247686,21.048533,2.0
23355,2026-05-11 20:34:32.100000+00:00,52.2484108,21.0455878,104.5,0.03,-0.013,0.001,0.978,0,0.3239708666095564,,216.09609324626575,-1.0,5.0,52.247686,21.048533,2.0
23360,2026-05-11 20:34:32.600000+00:00,52.2484102,21.0455875,104.4,0.33,-0.014,0.0,0.979,0,0.5023653245035368,,216.09017324299543,-1.0,5.0,52.247686,21.048533,2.0
23365,2026-05-11 20:34:33.100000+00:00,52.2484097,21.0455873,104.3,0.15,-0.013,0.0,0.978,0,0.4121307839900831,,216.08209792114232,-1.0,5.0,52.247686,21.048533,2.0
23370,2026-05-11 20:34:33.600000+00:00,52.2484091,21.0455871,104.3,0.08,-0.012,0.0,0.977,0,0.4902632328020824,,216.0698995814461,-1.0,5.0,52.247686,21.048533,2.0
23375,2026-05-11 20:34:34.100000+00:00,52.2484086,21.0455872,104.2,0.08,-0.012,0.002,0.978,0,0.4032915345705339,,216.04289806354777,-1.0,5.0,52.247686,21.048533,2.0
23380,2026-05-11 20:34:34.600000+00:00,52.2484082,21.0455875,104.0,0.15,-0.012,0.001,0.977,0,0.3523886156959312,,216.00740103966768,-1.0,5.0,52.247686,21.048533,2.0
23385,2026-05-11 20:34:35.100000+00:00,52.2484078,21.0455882,103.9,0.11,-0.011,0.001,0.976,0,0.4693408229634277,,215.9466283571638,-1.0,5.0,52.247686,21.048533,2.0
23390,2026-05-11 20:34:35.600000+00:00,52.2484074,21.045589,103.8,0.17,-0.012,0.0,0.976,0,0.5062800262214954,,215.87953781792643,-1.0,5.0,52.247686,21.048533,2.0
23395,2026-05-11 20:34:36.100000+00:00,52.2484072,21.0455898,103.7,0.1,-0.012,0.001,0.978,0,0.4235605665283607,,215.8207113970838,-1.0,5.0,52.247686,21.048533,2.0
23400,2026-05-11 20:34:36.600000+00:00,52.2484071,21.0455908,103.7,0.09,-0.011,0.0,0.978,0,0.4966561645996145,,215.7533761798002,-1.0,5.0,52.247686,21.048533,2.0
23405,2026-05-11 20:34:37.100000+00:00,52.2484069,21.0455916,103.6,0.04,-0.011,0.002,0.976,0,0.4235605737949744,,215.69454973033496,-1.0,5.0,52.247686,21.048533,2.0
23410,2026-05-11 20:34:37.600000+00:00,52.2484066,21.0455924,103.6,0.05,-0.012,0.002,0.977,0,0.4598389439307332,,215.6315913250929,-1.0,5.0,52.247686,21.048533,2.0
23415,2026-05-11 20:34:38.100000+00:00,52.2484063,21.0455931,103.5,0.06,-0.011,0.002,0.976,0,0.418823594249799,,215.57495397049863,-1.0,5.0,52.247686,21.048533,2.0
23420,2026-05-11 20:34:38.600000+00:00,52.248406,21.0455938,103.5,0.03,-0.01,0.002,0.978,0,0.418823594873346,,215.5183174320932,-1.0,5.0,52.247686,21.048533,2.0
23425,2026-05-11 20:34:39.100000+00:00,52.2484055,21.0455943,103.4,0.13,-0.011,0.003,0.979,0,0.4693675606075718,,215.46606532281407,-1.0,5.0,52.247686,21.048533,2.0
23430,2026-05-11 20:34:39.600000+00:00,52.2484051,21.0455949,103.4,0.13,-0.011,0.0,0.978,0,0.4347957224196928,,215.41162575122445,-1.0,5.0,52.247686,21.048533,2.0
23435,2026-05-11 20:34:40.100000+00:00,52.2484048,21.0455957,103.4,0.14,-0.012,0.002,0.977,0,0.4598389574975159,,215.348672449724,-1.0,5.0,52.247686,21.048533,2.0
23440,2026-05-11 20:34:40.600000+00:00,52.2484046,21.0455965,103.3,0.15,-0.013,0.0,0.977,0,0.4235605897285092,,215.28984622066048,-1.0,5.0,52.247686,21.048533,2.0
23445,2026-05-11 20:34:41.100000+00:00,52.2484045,21.0455977,103.3,0.14,-0.011,0.001,0.978,0,0.5936166843141089,,215.2098613717596,-1.0,5.0,52.247686,21.048533,2.0
23450,2026-05-11 20:34:41.600000+00:00,52.2484044,21.0455987,103.3,0.07,-0.01,0.0,0.977,0,0.4966561948605736,,215.14252066721428,-1.0,5.0,52.247686,21.048533,2.0
23455,2026-05-11 20:34:42.100000+00:00,52.2484044,21.0455998,103.3,0.18,-0.012,0.0,0.977,0,0.5391770003587446,,215.0729895664908,-1.0,5.0,52.247686,21.048533,2.0
23460,2026-05-11 20:34:42.600000+00:00,52.2484043,21.0456007,103.2,0.06,-0.012,0.002,0.977,0,0.4483507661103844,,215.01197252040117,-1.0,5.0,52.247686,21.048533,2.0
23465,2026-05-11 20:34:43.100000+00:00,52.2484043,21.0456017,103.2,0.05,-0.011,0.002,0.979,0,0.4901609085376996,,214.9487670134532,-1.0,5.0,52.247686,21.048533,2.0
23470,2026-05-11 20:34:43.600000+00:00,52.2484043,21.045603,103.2,0.09,-0.009,0.001,0.976,0,0.6372091829697898,,214.8666043053656,-1.0,5.0,52.247686,21.048533,2.0
23475,2026-05-11 20:34:44.100000+00:00,52.2484046,21.0456043,103.3,0.36,-0.001,0.0,0.981,0,0.6809717121903537,,214.79685316847295,-1.0,5.0,52.247686,21.048533,2.0
23480,2026-05-11 20:34:44.600000+00:00,52.2484041,21.0456069,103.3,1.66,0.042,-0.019,0.97,0,1.3358082350324605,,214.61187155391644,-1.0,5.0,52.247686,21.048533,2.0
23485,2026-05-11 20:34:45.100000+00:00,52.2484039,21.0456127,103.5,2.64,0.06,-0.024,0.976,0,2.8474389122093173,,214.2371274362776,-1.0,5.0,52.247686,21.048533,2.0
23490,2026-05-11 20:34:45.600000+00:00,52.2484042,21.0456203,103.7,3.78,0.074,-0.026,0.977,0,3.73295765506556,,213.7695360033004,-1.0,5.0,52.247686,21.048533,2.0
23495,2026-05-11 20:34:46.100000+00:00,52.2484028,21.0456319,104.0,6.11,0.088,-0.034,0.97,0,5.795288846911975,,212.97890253833387,-1.0,5.0,52.247686,21.048533,2.0
23500,2026-05-11 20:34:46.600000+00:00,52.2483997,21.0456465,104.2,7.97,0.1,-0.026,0.973,0,7.574498304466168,,211.92819573025983,-1.0,5.0,52.247686,21.048533,2.0
23505,2026-05-11 20:34:47.100000+00:00,52.2483946,21.0456645,104.4,10.18,0.11,-0.036,0.976,0,9.72188506062116,,210.57960729141212,-1.0,5.0,52.247686,21.048533,2.0
23510,2026-05-11 20:34:47.600000+00:00,52.2483878,21.0456877,104.4,13.07,0.117,-0.042,0.971,0,12.607722007097824,,208.8320391400407,-1.0,5.0,52.247686,21.048533,2.0
23515,2026-05-11 20:34:48.100000+00:00,52.2483789,21.0457147,104.3,15.26,0.121,-0.052,0.965,0,15.030600518749331,,206.7574180199112,-1.0,5.0,52.247686,21.048533,2.0
23520,2026-05-11 20:34:48.600000+00:00,52.2483693,21.0457454,104.0,17.59,0.117,-0.04,0.971,0,16.897106955472275,,204.42028495994,-1.0,5.0,52.247686,21.048533,2.0
23525,2026-05-11 20:34:49.100000+00:00,52.2483569,21.0457803,104.0,20.45,0.114,-0.048,0.984,0,19.778568340295667,,201.70249105221427,-1.0,5.0,52.247686,21.048533,2.0
23530,2026-05-11 20:34:49.600000+00:00,52.2483441,21.0458183,103.8,22.2,0.104,-0.037,0.967,0,21.25908844808721,,198.7729007731168,-1.0,5.0,52.247686,21.048533,2.0
23535,2026-05-11 20:34:50.100000+00:00,52.2483294,21.0458596,103.7,23.72,0.076,-0.037,0.968,0,23.41607907390742,,195.5575960582075,-1.0,5.0,52.247686,21.048533,2.0
23540,2026-05-11 20:34:50.600000+00:00,52.2483125,21.0459046,103.7,26.1,0.068,-0.028,0.968,0,25.87643681246393,,192.0200086681992,-1.0,5.0,52.247686,21.048533,2.0
23545,2026-05-11 20:34:51.100000+00:00,52.2482959,21.0459521,103.7,26.94,0.063,-0.022,0.993,0,26.80873905513178,,188.33776161390463,-1.0,5.0,52.247686,21.048533,2.0
23550,2026-05-11 20:34:51.600000+00:00,52.2482795,21.0460033,103.8,28.67,0.059,-0.024,0.965,0,28.3234654440405,,184.4298766909944,-1.0,5.0,52.247686,21.048533,2.0
23555,2026-05-11 20:34:52.100000+00:00,52.248259,21.0460549,103.5,30.43,0.059,-0.026,0.961,0,30.150794522651992,,180.33609325918349,-1.0,5.0,52.247686,21.048533,2.0
23560,2026-05-11 20:34:52.600000+00:00,52.2482356,21.0461079,102.9,31.65,0.043,-0.02,0.97,0,32.02898692304631,,176.04519142109402,-1.0,5.0,52.247686,21.048533,2.0
23565,2026-05-11 20:34:53.100000+00:00,52.2482155,21.0461646,102.8,32.47,0.042,-0.028,0.968,0,32.1148719172669,,171.65101303033703,-1.0,5.0,52.247686,21.048533,2.0
23570,2026-05-11 20:34:53.600000+00:00,52.2481958,21.0462249,102.8,32.9,0.008,0.002,0.978,0,33.50162638570564,,167.04484483363584,-1.0,5.0,52.247686,21.048533,2.0
23575,2026-05-11 20:34:54.100000+00:00,52.2481775,21.0462825,103.0,31.81,-0.059,0.015,0.958,0,31.8084633742414,,162.66674940185482,-1.0,5.0,52.247686,21.048533,2.0
23580,2026-05-11 20:34:54.600000+00:00,52.2481593,21.0463366,103.0,30.55,-0.081,0.029,0.999,0,30.25739114469065,,158.51929732582258,-1.0,5.0,52.247686,21.048533,2.0
23585,2026-05-11 20:34:55.100000+00:00,52.2481417,21.0463896,103.1,30.0,-0.033,0.003,0.96,0,29.553971861548916,,154.46743890330404,-1.0,5.0,52.247686,21.048533,2.0
23590,2026-05-11 20:34:55.600000+00:00,52.2481234,21.046441,103.2,30.16,-0.01,-0.012,0.959,0,29.14467587471963,,150.49633272364113,-1.0,5.0,52.247686,21.048533,2.0
23595,2026-05-11 20:34:56.100000+00:00,52.2481045,21.0464921,103.4,30.29,-0.005,-0.018,0.96,0,29.26313383286442,,146.52758792908077,-1.0,5.0,52.247686,21.048533,2.0
23600,2026-05-11 20:34:56.600000+00:00,52.2480859,21.046546,103.5,31.24,0.04,-0.032,0.963,0,30.327502679093907,,142.39352704403595,-1.0,5.0,52.247686,21.048533,2.0
23605,2026-05-11 20:34:57.100000+00:00,52.2480668,21.0466009,103.5,31.6,0.025,-0.013,0.993,0,30.95126242258303,,138.18233476723998,-1.0,5.0,52.247686,21.048533,2.0
23610,2026-05-11 20:34:57.600000+00:00,52.2480488,21.0466593,103.7,32.88,0.036,-0.024,0.973,0,32.04838713296909,,133.78626759758322,-1.0,5.0,52.247686,21.048533,2.0
23615,2026-05-11 20:34:58.100000+00:00,52.2480293,21.0467192,103.9,33.96,0.046,-0.044,0.964,0,33.2533994843816,,129.2470783577382,-1.0,5.0,52.247686,21.048533,2.0
23620,2026-05-11 20:34:58.600000+00:00,52.2480099,21.046782,104.0,34.95,0.041,-0.033,0.973,0,34.47881033334793,,124.52791927116424,-1.0,5.0,52.247686,21.048533,2.0
23625,2026-05-11 20:34:59.100000+00:00,52.2479881,21.0468446,104.0,35.8,0.036,-0.043,0.97,0,35.30073906385849,,119.75220835441117,-1.0,5.0,52.247686,21.048533,2.0
23630,2026-05-11 20:34:59.600000+00:00,52.2479655,21.0469082,103.9,36.77,0.037,-0.035,0.969,0,36.04485175871739,,114.89757729979075,-1.0,5.0,52.247686,21.048533,2.0
23635,2026-05-11 20:35:00.100000+00:00,52.247943,21.0469737,103.8,37.93,0.041,-0.026,0.964,0,36.81406770599912,,109.93450507634428,-1.0,5.0,52.247686,21.048533,2.0
23640,2026-05-11 20:35:00.600000+00:00,52.247921,21.0470418,103.9,38.53,0.038,-0.029,0.97,0,37.74218887429136,,104.82822135770446,-1.0,5.0,52.247686,21.048533,2.0
23645,2026-05-11 20:35:01.100000+00:00,52.2478972,21.0471098,103.7,38.54,-0.029,-0.002,0.964,0,38.39329656700632,,99.6952911530864,-1.0,5.0,52.247686,21.048533,2.0
23650,2026-05-11 20:35:01.600000+00:00,52.247874,21.0471771,103.5,37.8,-0.028,-0.013,0.928,0,37.85783694536746,,94.64562817835932,-1.0,5.0,52.247686,21.048533,2.0
23655,2026-05-11 20:35:02.100000+00:00,52.2478522,21.0472439,103.5,37.18,-0.031,-0.035,1.02,0,37.10426386151069,,89.6851982184492,-1.0,5.0,52.247686,21.048533,2.0
23660,2026-05-11 20:35:02.600000+00:00,52.2478292,21.047309,103.4,36.75,0.0,-0.074,0.952,0,36.84170802024224,,84.8362894080589,-1.0,5.0,52.247686,21.048533,2.0
23665,2026-05-11 20:35:03.100000+00:00,52.2478072,21.0473745,103.1,36.9,-0.047,-0.005,1.027,0,36.61994554095774,,80.01256402043565,-1.0,5.0,52.247686,21.048533,2.0
23670,2026-05-11 20:35:03.600000+00:00,52.2477841,21.047438,103.1,36.23,-0.066,-0.063,1.155,0,36.20540824862779,2.0,75.34029113168869,-1.0,5.0,52.247686,21.048533,2.0
23675,2026-05-11 20:35:04.100000+00:00,52.2477614,21.0475024,102.8,36.28,0.008,-0.039,0.899,0,36.42453766372261,2.0,70.66132174415795,-1.0,5.0,52.247686,21.048533,2.0
23680,2026-05-11 20:35:04.600000+00:00,52.2477401,21.0475665,102.7,35.45,-0.012,-0.026,0.97,0,35.74915696741985,2.0,66.07273901320023,-1.0,5.0,52.247686,21.048533,2.0
23685,2026-05-11 20:35:05.100000+00:00,52.2477231,21.0476321,103.1,35.16,0.01,-0.053,1.024,0,34.91684343244854,2.0,61.47093346697785,-1.0,5.0,52.247686,21.048533,2.0
23690,2026-05-11 20:35:05.600000+00:00,52.2477051,21.0476962,103.1,34.15,-0.023,-0.055,0.923,0,34.56699270759024,2.0,57.00807525054139,-1.0,5.0,52.247686,21.048533,2.0
23695,2026-05-11 20:35:06.100000+00:00,52.247685,21.0477565,103.1,33.6,-0.029,-0.083,0.94,0,33.65387431135745,2.0,52.86346595928357,-1.0,5.0,52.247686,21.048533,2.0
23700,2026-05-11 20:35:06.600000+00:00,52.2476634,21.047814,103.0,32.45,-0.088,-0.085,1.015,0,33.06701198980363,2.0,49.01328372444159,-1.0,5.0,52.247686,21.048533,2.0
23705,2026-05-11 20:35:07.100000+00:00,52.2476421,21.0478684,103.0,30.79,-0.076,-0.044,0.864,0,31.65174553508839,2.0,45.50789504467697,-1.0,5.0,52.247686,21.048533,2.0
23710,2026-05-11 20:35:07.600000+00:00,52.2476218,21.0479198,102.9,29.68,-0.075,0.012,1.022,0,29.98181157397081,2.0,42.35205044870402,-1.0,5.0,52.247686,21.048533,2.0
23715,2026-05-11 20:35:08.100000+00:00,52.2476021,21.0479691,102.8,28.13,-0.045,0.117,0.981,0,28.85684149474348,2.0,39.50709818515394,-1.0,5.0,52.247686,21.048533,2.0
23720,2026-05-11 20:35:08.600000+00:00,52.2475857,21.0480176,102.7,26.77,-0.009,0.103,0.958,0,27.15807533412062,2.0,36.817808086069846,-1.0,5.0,52.247686,21.048533,2.0
23725,2026-05-11 20:35:09.100000+00:00,52.2475734,21.0480675,102.8,25.55,-0.01,0.122,0.981,0,26.36736800255331,2.0,34.07450755162619,-1.0,5.0,52.247686,21.048533,2.0
23730,2026-05-11 20:35:09.600000+00:00,52.2475644,21.0481174,102.8,25.18,-0.005,0.138,0.969,0,25.498723265063777,2.0,31.35853335844283,-1.0,5.0,52.247686,21.048533,2.0
23735,2026-05-11 20:35:10.100000+00:00,52.2475574,21.0481665,102.6,24.78,0.007,0.131,0.973,0,24.71123347547168,2.0,28.758172636786835,-1.0,5.0,52.247686,21.048533,2.0
23740,2026-05-11 20:35:10.600000+00:00,52.2475481,21.0482122,101.9,23.71,-0.025,0.094,0.962,0,23.605767190148747,2.0,26.68521641634572,-1.0,5.0,52.247686,21.048533,2.0
23745,2026-05-11 20:35:11.100000+00:00,52.247543,21.0482586,101.1,22.78,-0.03,0.082,0.982,0,23.107505352414996,2.0,24.531901431132216,-1.0,5.0,52.247686,21.048533,2.0
23750,2026-05-11 20:35:11.600000+00:00,52.2475391,21.048303,100.6,21.31,-0.052,0.04,0.992,0,21.98640436916084,2.0,22.62733236200773,-1.0,5.0,52.247686,21.048533,2.0
23755,2026-05-11 20:35:12.100000+00:00,52.2475358,21.0483456,100.4,20.3,-0.072,0.032,0.96,0,21.047737464454567,2.0,21.01681777719852,-1.0,5.0,52.247686,21.048533,2.0
23760,2026-05-11 20:35:12.600000+00:00,52.247537,21.048385,100.6,18.32,-0.091,0.048,0.976,0,19.3365988054808,2.0,19.391235479676244,-1.0,5.0,52.247686,21.048533,2.0
23765,2026-05-11 20:35:13.100000+00:00,52.2475374,21.0484195,100.7,16.13,-0.08,0.05,0.98,0,16.91391382495678,2.0,18.24101036229623,-1.0,5.0,52.247686,21.048533,2.0
23770,2026-05-11 20:35:13.600000+00:00,52.2475391,21.0484498,101.0,13.32,-0.161,0.067,0.979,0,14.914396098435546,2.0,17.28872437090928,-1.0,5.0,52.247686,21.048533,2.0
23775,2026-05-11 20:35:14.100000+00:00,52.2475417,21.0484726,101.3,9.81,-0.184,0.044,0.976,0,11.368085390831023,2.0,16.563940520257464,-1.0,5.0,52.247686,21.048533,2.0
23780,2026-05-11 20:35:14.600000+00:00,52.2475461,21.0484889,101.7,6.13,-0.182,0.063,0.98,0,8.731875460662021,2.0,15.843237395941124,-1.0,5.0,52.247686,21.048533,2.0
23785,2026-05-11 20:35:15.100000+00:00,52.2475493,21.0484996,101.8,2.71,-0.148,0.065,0.976,0,5.837093394656044,2.0,15.36947922841413,-1.0,5.0,52.247686,21.048533,2.0
23790,2026-05-11 20:35:15.600000+00:00,52.2475536,21.0485047,102.1,0.52,-0.077,0.037,0.978,0,4.254503889278293,2.0,14.847739011359447,-1.0,5.0,52.247686,21.048533,2.0
23795,2026-05-11 20:35:16.100000+00:00,52.2475594,21.0485086,102.4,0.24,0.005,0.003,0.974,0,5.021608610885996,2.0,14.174946247179644,-1.0,5.0,52.247686,21.048533,2.0
23800,2026-05-11 20:35:16.600000+00:00,52.2475661,21.048513,102.9,0.06,0.015,-0.001,0.975,0,5.781394809154636,2.0,13.401618345422191,-1.0,5.0,52.247686,21.048533,2.0
23805,2026-05-11 20:35:17.100000+00:00,52.2475722,21.0485176,103.3,0.06,0.019,0.001,0.975,0,5.3790693039816455,2.0,12.69734056253908,-1.0,5.0,52.247686,21.048533,2.0
23810,2026-05-11 20:35:17.600000+00:00,52.2475778,21.0485211,103.6,0.05,0.017,0.0,0.977,0,4.800412304362414,2.0,12.058536119827997,-1.0,5.0,52.247686,21.048533,2.0
23815,2026-05-11 20:35:18.100000+00:00,52.2475841,21.0485247,104.0,0.07,0.017,0.0,0.976,0,5.343574918392889,2.0,11.344843739733331,-1.0,5.0,52.247686,21.048533,2.0
23820,2026-05-11 20:35:18.600000+00:00,52.2475896,21.0485273,104.3,0.07,0.018,-0.001,0.978,0,4.584039817196912,2.0,10.726212638805926,-1.0,5.0,52.247686,21.048533,2.0
23825,2026-05-11 20:35:19.100000+00:00,52.2475955,21.0485302,104.7,0.06,0.015,0.0,0.977,0,4.932815122926359,2.0,10.064946126105802,-1.0,5.0,52.247686,21.048533,2.0
23830,2026-05-11 20:35:19.600000+00:00,52.2476013,21.0485332,105.1,0.1,0.017,-0.002,0.978,0,4.87077935328215,2.0,9.41822012951407,-1.0,5.0,52.247686,21.048533,2.0
23835,2026-05-11 20:35:20.100000+00:00,52.2476075,21.0485367,105.5,0.11,0.019,-0.002,0.978,0,5.2518561573561415,2.0,8.732435496973647,-1.0,5.0,52.247686,21.048533,2.0
23840,2026-05-11 20:35:20.600000+00:00,52.2476137,21.0485401,105.9,0.06,0.016,0.0,0.977,0,5.236048947227984,2.0,8.05391092249422,-1.0,5.0,52.247686,21.048533,2.0
23845,2026-05-11 20:35:21.100000+00:00,52.2476201,21.0485434,106.3,0.1,0.016,-0.001,0.978,0,5.373124177612151,2.0,7.361871499264774,-1.0,5.0,52.247686,21.048533,2.0
23850,2026-05-11 20:35:21.600000+00:00,52.2476265,21.0485465,106.7,0.04,0.018,-0.002,0.978,0,5.344429064124861,2.0,6.6796286616957445,-1.0,5.0,52.247686,21.048533,2.0
23855,2026-05-11 20:35:22.100000+00:00,52.247632,21.0485488,107.0,0.12,0.018,-0.001,0.978,0,4.54535221486716,2.0,6.100110952211918,-1.0,5.0,52.247686,21.048533,2.0
23860,2026-05-11 20:35:22.600000+00:00,52.2476371,21.0485507,107.3,0.01,0.018,-0.001,0.977,0,4.187945081285189,2.0,5.569352618348658,-1.0,5.0,52.247686,21.048533,2.0
23865,2026-05-11 20:35:23.100000+00:00,52.2476423,21.0485528,107.6,0.04,0.018,0.0,0.975,0,4.28850691091213,2.0,5.042718715850445,-1.0,5.0,52.247686,21.048533,2.0
23870,2026-05-11 20:35:23.600000+00:00,52.2476469,21.0485545,107.8,0.05,0.018,-0.002,0.979,0,3.77587174205858,2.0,4.587493757954118,-1.0,5.0,52.247686,21.048533,2.0
23875,2026-05-11 20:35:24.100000+00:00,52.2476513,21.048556,108.0,0.14,0.016,0.0,0.976,0,3.598568947052711,2.0,4.164076049321392,-1.0,5.0,52.247686,21.048533,2.0
23880,2026-05-11 20:35:24.600000+00:00,52.2476554,21.0485573,108.2,0.09,0.016,0.0,0.977,0,3.3437533389544987,2.0,3.783414196674285,-1.0,5.0,52.247686,21.048533,2.0
23885,2026-05-11 20:35:25.100000+00:00,52.2476594,21.0485591,108.3,0.03,0.016,0.0,0.977,0,3.321733874943129,2.0,3.4504685315026538,-1.0,5.0,52.247686,21.048533,2.0
23890,2026-05-11 20:35:25.600000+00:00,52.2476637,21.0485613,108.4,0.17,0.018,0.0,0.975,0,3.607540175530042,2.0,3.1401554501090176,-1.0,5.0,52.247686,21.048533,2.0
23895,2026-05-11 20:35:26.100000+00:00,52.2476674,21.0485633,108.5,0.37,0.028,-0.003,0.973,0,3.120238179042129,2.0,2.9210747523104463,-1.0,5.0,52.247686,21.048533,2.0
23900,2026-05-11 20:35:26.600000+00:00,52.2476709,21.0485668,108.5,1.68,0.103,-0.035,0.964,0,3.2855877884534674,2.0,2.848528315905892,-1.0,5.0,52.247686,21.048533,2.0
23905,2026-05-11 20:35:27.100000+00:00,52.2476716,21.0485722,108.4,3.44,0.121,-0.026,0.969,0,2.705590479967726,2.0,3.112203387744724,-1.0,5.0,52.247686,21.048533,2.0
23910,2026-05-11 20:35:27.600000+00:00,52.2476728,21.0485823,108.4,5.19,0.125,-0.013,0.971,0,5.043063508501085,2.0,3.663205868832363,-1.0,5.0,52.247686,21.048533,2.0
23915,2026-05-11 20:35:28.100000+00:00,52.2476729,21.0485987,108.2,7.7,0.141,-0.029,0.962,0,8.039170110924006,2.0,4.704009165763105,-1.0,5.0,52.247686,21.048533,2.0
23920,2026-05-11 20:35:28.600000+00:00,52.2476734,21.0486176,108.2,9.12,0.15,-0.023,0.967,0,9.272838263151918,2.0,5.927446563105812,-1.0,5.0,52.247686,21.048533,2.0
23925,2026-05-11 20:35:29.100000+00:00,52.2476734,21.0486403,108.1,11.77,0.153,-0.017,0.981,0,11.126835954509662,2.0,7.438024389249231,-1.0,5.0,52.247686,21.048533,2.0
23930,2026-05-11 20:35:29.600000+00:00,52.2476733,21.0486693,108.1,14.3,0.16,-0.019,0.958,0,14.21512603086122,2.0,9.386012663121466,-1.0,5.0,52.247686,21.048533,2.0
23935,2026-05-11 20:35:30.100000+00:00,52.247673,21.0487037,107.9,16.57,0.144,-0.056,0.98,0,16.863523664153508,2.0,11.710647161141011,-1.0,5.0,52.247686,21.048533,2.0
23940,2026-05-11 20:35:30.600000+00:00,52.2476725,21.0487432,107.8,19.25,0.161,-0.051,0.936,0,19.36581285138709,2.0,14.3887277500794,-1.0,5.0,52.247686,21.048533,2.0
23945,2026-05-11 20:35:31.100000+00:00,52.2476722,21.0487875,107.7,22.1,0.131,-0.03,0.974,0,21.715814804984127,2.0,17.393928266849766,-1.0,5.0,52.247686,21.048533,2.0
23950,2026-05-11 20:35:31.600000+00:00,52.24767,21.0488345,107.5,23.66,0.114,-0.009,0.957,0,23.105175066814745,2.0,20.60278425910972,-1.0,5.0,52.247686,21.048533,2.0
23955,2026-05-11 20:35:32.100000+00:00,52.2476693,21.0488865,107.2,25.65,0.097,-0.011,0.975,0,25.494949627874316,2.0,24.13746935710434,-1.0,5.0,52.247686,21.048533,2.0
23960,2026-05-11 20:35:32.600000+00:00,52.2476679,21.0489404,107.0,27.0,0.1,-0.022,0.966,0,26.443875771083118,2.0,27.80832048187949,-1.0,5.0,52.247686,21.048533,2.0
23965,2026-05-11 20:35:33.100000+00:00,52.2476689,21.0489986,106.8,29.28,0.08,-0.047,0.978,0,28.539069963742847,2.0,31.754570578000617,-1.0,5.0,52.247686,21.048533,2.0
23970,2026-05-11 20:35:33.600000+00:00,52.2476688,21.0490603,106.7,30.39,0.09,-0.032,0.968,0,30.243535431912782,2.0,35.94897873632671,-1.0,5.0,52.247686,21.048533,2.0
23975,2026-05-11 20:35:34.100000+00:00,52.2476654,21.0491238,106.4,31.15,0.082,-0.025,0.97,0,31.24453460197234,2.0,40.28625945425453,-1.0,5.0,52.247686,21.048533,2.0
23980,2026-05-11 20:35:34.600000+00:00,52.2476615,21.0491894,106.1,32.67,0.077,-0.022,0.964,0,32.3063317733972,2.0,44.77003563309998,-1.0,5.0,52.247686,21.048533,2.0
23985,2026-05-11 20:35:35.100000+00:00,52.2476607,21.0492578,105.9,33.96,0.075,-0.018,0.961,0,33.53368492267092,2.0,49.42380819984401,-1.0,5.0,52.247686,21.048533,2.0
23990,2026-05-11 20:35:35.600000+00:00,52.2476585,21.0493278,105.6,34.5,0.068,-0.032,0.993,0,34.35701693088898,2.0,54.19554618319077,-1.0,5.0,52.247686,21.048533,2.0
23995,2026-05-11 20:35:36.100000+00:00,52.2476561,21.049401,105.2,35.85,0.084,-0.031,0.948,0,35.931794095649074,2.0,59.18605314487258,-1.0,5.0,52.247686,21.048533,2.0
24000,2026-05-11 20:35:36.600000+00:00,52.2476524,21.0494749,104.6,36.46,0.075,-0.023,0.974,0,36.34442237044863,2.0,64.23239108585281,-1.0,5.0,52.247686,21.048533,2.0
24005,2026-05-11 20:35:37.100000+00:00,52.2476484,21.0495504,104.2,37.33,0.071,-0.026,0.956,0,37.14607722177293,2.0,69.3896814662028,-1.0,5.0,52.247686,21.048533,2.0
24010,2026-05-11 20:35:37.600000+00:00,52.2476451,21.0496284,103.8,38.46,0.078,-0.021,0.993,0,38.32437853642344,2.0,74.71232492759471,-1.0,5.0,52.247686,21.048533,2.0
24015,2026-05-11 20:35:38.100000+00:00,52.2476403,21.0497084,103.2,39.71,0.085,-0.037,0.941,0,39.40139640081168,,80.18129449272755,-1.0,5.0,52.247686,21.048533,2.0
24020,2026-05-11 20:35:38.600000+00:00,52.2476366,21.0497911,103.0,40.82,0.071,-0.037,0.972,0,40.645095127568375,,85.82620773727677,-1.0,5.0,52.247686,21.048533,2.0
24025,2026-05-11 20:35:39.100000+00:00,52.2476334,21.0498761,102.8,41.63,0.064,-0.04,0.972,0,41.74309163384313,,89.5661100225934,-1.0,5.0,52.247478,21.051167,1.0
24030,2026-05-11 20:35:39.600000+00:00,52.2476304,21.0499612,102.8,41.31,-0.005,-0.005,0.963,0,41.78250914052612,,83.82078388227963,-1.0,5.0,52.247478,21.051167,1.0
24035,2026-05-11 20:35:40.100000+00:00,52.2476273,21.0500448,102.7,41.03,-0.007,-0.007,0.983,0,41.05325757880188,1.0,78.18142952087142,-1.0,5.0,52.247478,21.051167,1.0
24040,2026-05-11 20:35:40.600000+00:00,52.2476226,21.0501266,102.6,40.23,0.002,-0.012,0.951,0,40.27204324428779,1.0,72.63168529180832,-1.0,5.0,52.247478,21.051167,1.0
24045,2026-05-11 20:35:41.100000+00:00,52.247619,21.050207,102.4,39.73,-0.011,0.004,0.985,0,39.51488453193298,1.0,67.21032638909624,-1.0,5.0,52.247478,21.051167,1.0
24050,2026-05-11 20:35:41.600000+00:00,52.2476162,21.0502868,102.3,39.39,-0.003,0.002,0.967,0,39.17971652606657,1.0,61.8623820463265,-1.0,5.0,52.247478,21.051167,1.0
24055,2026-05-11 20:35:42.100000+00:00,52.247613,21.050365,102.1,38.74,-0.004,0.012,0.974,0,38.4167853838677,1.0,56.62551465992676,-1.0,5.0,52.247478,21.051167,1.0
24060,2026-05-11 20:35:42.600000+00:00,52.2476103,21.0504427,101.9,38.4,-0.009,0.002,0.983,0,38.14747680803505,1.0,51.45746523571509,-1.0,5.0,52.247478,21.051167,1.0
24065,2026-05-11 20:35:43.100000+00:00,52.2476068,21.0505192,101.8,37.8,-0.002,0.001,0.954,0,37.60253312786468,1.0,46.368944162171495,-1.0,5.0,52.247478,21.051167,1.0
24070,2026-05-11 20:35:43.600000+00:00,52.2476032,21.0505946,101.7,37.42,0.013,0.02,0.959,0,37.071008886861705,1.0,41.38066024711559,-1.0,5.0,52.247478,21.051167,1.0
24075,2026-05-11 20:35:44.100000+00:00,52.2475994,21.0506685,101.6,36.64,0.001,0.03,0.983,0,36.3510783041469,1.0,36.52366981145559,-1.0,5.0,52.247478,21.051167,1.0
24080,2026-05-11 20:35:44.600000+00:00,52.2475956,21.0507416,101.6,36.22,0.009,0.034,0.968,0,35.960336250794924,1.0,31.77624237676598,-1.0,5.0,52.247478,21.051167,1.0
24085,2026-05-11 20:35:45.100000+00:00,52.2475922,21.0508137,101.7,35.67,0.004,0.032,0.974,0,35.445920991666426,1.0,27.198687378066648,-1.0,5.0,52.247478,21.051167,1.0
24090,2026-05-11 20:35:45.600000+00:00,52.2475888,21.0508843,101.7,34.9,0.001,0.031,0.983,0,34.71288601050896,1.0,22.851712611017938,-1.0,5.0,52.247478,21.051167,1.0
24095,2026-05-11 20:35:46.100000+00:00,52.2475854,21.0509524,101.7,33.45,-0.042,0.047,0.956,0,33.49137510108919,1.0,18.86970553329202,-1.0,5.0,52.247478,21.051167,1.0
24100,2026-05-11 20:35:46.600000+00:00,52.2475816,21.0510174,101.6,31.89,-0.045,0.048,0.972,0,32.005967630389634,1.0,15.376373585256657,-1.0,5.0,52.247478,21.051167,1.0
24105,2026-05-11 20:35:47.100000+00:00,52.2475786,21.0510793,101.5,29.8,-0.071,0.05,0.972,0,30.43643819287703,1.0,12.679856224893555,-1.0,5.0,52.247478,21.051167,1.0
24110,2026-05-11 20:35:47.600000+00:00,52.2475757,21.0511363,101.4,27.22,-0.117,0.049,0.976,0,28.03599390124244,1.0,11.06296428820569,-1.0,5.0,52.247478,21.051167,1.0
24115,2026-05-11 20:35:48.100000+00:00,52.2475733,21.0511883,101.3,24.67,-0.114,0.052,0.973,0,25.56116455929102,1.0,10.695632154289909,-1.0,5.0,52.247478,21.051167,1.0
24120,2026-05-11 20:35:48.600000+00:00,52.2475721,21.0512347,101.3,22.18,-0.109,0.056,0.977,0,22.764174435043444,1.0,11.433555592797417,-1.0,5.0,52.247478,21.051167,1.0
24125,2026-05-11 20:35:49.100000+00:00,52.2475702,21.0512762,101.3,20.27,-0.064,0.052,0.974,0,20.398854916689668,1.0,12.663932142802404,-1.0,5.0,52.247478,21.051167,1.0
24130,2026-05-11 20:35:49.600000+00:00,52.2475684,21.0513146,101.3,18.89,-0.023,0.039,0.973,0,18.877618624797705,1.0,14.21321391531823,-1.0,5.0,52.247478,21.051167,1.0
24135,2026-05-11 20:35:50.100000+00:00,52.2475663,21.0513509,101.2,17.48,-0.047,0.04,0.972,0,17.872431171301237,1.0,15.91062402693366,-1.0,5.0,52.247478,21.051167,1.0
24140,2026-05-11 20:35:50.600000+00:00,52.2475647,21.0513829,101.1,15.26,-0.096,0.062,0.975,0,15.737664323879,1.0,17.577870949386174,-1.0,5.0,52.247478,21.051167,1.0
24145,2026-05-11 20:35:51.100000+00:00,52.2475631,21.0514106,101.1,13.11,-0.076,0.043,0.972,0,13.638005748160722,1.0,19.093849798793403,-1.0,5.0,52.247478,21.051167,1.0
24150,2026-05-11 20:35:51.600000+00:00,52.2475622,21.0514353,100.9,11.52,-0.064,0.038,0.973,0,12.128626247674095,1.0,20.525424777986046,-1.0,5.0,52.247478,21.051167,1.0
24155,2026-05-11 20:35:52.100000+00:00,52.2475604,21.0514547,100.8,8.83,-0.112,0.062,0.979,0,9.617877126199764,1.0,21.62355015386441,-1.0,5.0,52.247478,21.051167,1.0
24160,2026-05-11 20:35:52.600000+00:00,52.2475583,21.0514682,100.7,6.11,-0.111,0.051,0.979,0,6.82753956847378,1.0,22.365166449573827,-1.0,5.0,52.247478,21.051167,1.0
24165,2026-05-11 20:35:53.100000+00:00,52.2475565,21.0514772,100.6,4.2,-0.081,0.045,0.98,0,4.640942541460775,1.0,22.85103603655783,-1.0,5.0,52.247478,21.051167,1.0
24170,2026-05-11 20:35:53.600000+00:00,52.2475543,21.0514816,100.5,2.12,-0.063,0.043,0.975,0,2.784572222892391,1.0,23.03694130214488,-1.0,5.0,52.247478,21.051167,1.0
24175,2026-05-11 20:35:54.100000+00:00,52.2475527,21.0514826,100.6,0.45,-0.063,0.037,0.977,0,1.371546455766261,1.0,23.035500993317964,-1.0,5.0,52.247478,21.051167,1.0
24180,2026-05-11 20:35:54.600000+00:00,52.2475516,21.0514812,100.6,0.04,0.016,0.014,0.968,0,1.1164640480877832,1.0,22.902636158772108,-1.0,5.0,52.247478,21.051167,1.0
24185,2026-05-11 20:35:55.100000+00:00,52.2475506,21.05148,100.6,0.19,0.027,0.006,0.979,0,0.9934537493377628,1.0,22.78672343436634,-1.0,5.0,52.247478,21.051167,1.0
24190,2026-05-11 20:35:55.600000+00:00,52.2475501,21.051479,100.7,0.09,0.03,0.005,0.978,0,0.6328573644564629,1.0,22.70338014816081,-1.0,5.0,52.247478,21.051167,1.0
24195,2026-05-11 20:35:56.100000+00:00,52.2475497,21.0514782,100.7,0.33,0.029,0.005,0.976,0,0.5062858957729994,1.0,22.636730319694568,-1.0,5.0,52.247478,21.051167,1.0
24200,2026-05-11 20:35:56.600000+00:00,52.2475495,21.051478,100.7,0.42,0.03,0.004,0.975,0,0.1877480124197565,1.0,22.616160036498,-1.0,5.0,52.247478,21.051167,1.0
24205,2026-05-11 20:35:57.100000+00:00,52.2475481,21.0514774,100.7,0.28,0.029,0.004,0.976,0,1.1587878611076563,1.0,22.523578173179104,-1.0,5.0,52.247478,21.051167,1.0
24210,2026-05-11 20:35:57.600000+00:00,52.2475474,21.051476,100.6,0.13,0.031,0.004,0.976,0,0.8860003455750483,1.0,22.407255600877964,-1.0,5.0,52.247478,21.051167,1.0
24215,2026-05-11 20:35:58.100000+00:00,52.2475467,21.051474,100.4,0.1,0.03,0.003,0.976,0,1.1292215497231075,1.0,22.252635674785264,-1.0,5.0,52.247478,21.051167,1.0
24220,2026-05-11 20:35:58.600000+00:00,52.247546,21.0514723,100.3,0.15,0.028,0.003,0.978,0,1.0042136031964906,1.0,22.117239062885936,-1.0,5.0,52.247478,21.051167,1.0
24225,2026-05-11 20:35:59.100000+00:00,52.2475456,21.0514709,100.2,0.14,0.03,0.005,0.979,0,0.7572832334553039,1.0,22.01246714565133,-1.0,5.0,52.247478,21.051167,1.0
24230,2026-05-11 20:35:59.600000+00:00,52.247545,21.0514695,100.1,0.13,0.029,0.004,0.976,0,0.8376581004592245,1.0,21.90012384806576,-1.0,5.0,52.247478,21.051167,1.0
24235,2026-05-11 20:36:00.100000+00:00,52.2475445,21.0514684,100.2,0.19,0.03,0.003,0.975,0,0.671538966151739,1.0,21.810806231549904,-1.0,5.0,52.247478,21.051167,1.0
24240,2026-05-11 20:36:00.600000+00:00,52.2475438,21.0514675,100.3,0.04,0.031,0.004,0.979,0,0.7132247859940327,1.0,21.726838365768145,-1.0,5.0,52.247478,21.051167,1.0
24245,2026-05-11 20:36:01.100000+00:00,52.2475429,21.0514668,100.4,0.05,0.031,0.003,0.977,0,0.7980684464188907,1.0,21.648406770479635,-1.0,5.0,52.247478,21.051167,1.0
24250,2026-05-11 20:36:01.600000+00:00,52.2475423,21.0514661,100.5,0.11,0.029,0.004,0.975,0,0.5903207481612067,1.0,21.58128813996374,-1.0,5.0,52.247478,21.051167,1.0
24255,2026-05-11 20:36:02.100000+00:00,52.2475415,21.0514654,100.6,0.21,0.03,0.004,0.977,0,0.726601023795699,1.0,21.50696115168636,-1.0,5.0,52.247478,21.051167,1.0
24260,2026-05-11 20:36:02.600000+00:00,52.2475411,21.051465,100.8,0.09,0.031,0.002,0.977,0,0.3754960404627722,1.0,21.46666201203285,-1.0,5.0,52.247478,21.051167,1.0
24265,2026-05-11 20:36:03.100000+00:00,52.2475406,21.0514645,100.9,0.05,0.031,0.005,0.978,0,0.4693700545234093,1.0,21.416360042108533,-1.0,5.0,52.247478,21.051167,1.0
24270,2026-05-11 20:36:03.600000+00:00,52.2475402,21.051464,101.0,0.03,0.032,0.003,0.975,0,0.4032633319948285,1.0,21.36973476572017,-1.0,5.0,52.247478,21.051167,1.0
24275,2026-05-11 20:36:04.100000+00:00,52.2475396,21.0514634,101.1,0.15,0.03,0.002,0.977,0,0.5632440673046176,1.0,21.30955134320446,-1.0,5.0,52.247478,21.051167,1.0
24280,2026-05-11 20:36:04.600000+00:00,52.247539,21.0514628,101.2,0.1,0.032,0.004,0.978,0,0.5632440693813984,1.0,21.24948545841506,-1.0,5.0,52.247478,21.051167,1.0
24285,2026-05-11 20:36:05.100000+00:00,52.2475383,21.0514619,101.2,0.05,0.03,0.004,0.979,0,0.7132248207846593,1.0,21.16664339120315,-1.0,5.0,52.247478,21.051167,1.0
24290,2026-05-11 20:36:05.600000+00:00,52.2475372,21.0514609,101.0,0.06,0.029,0.005,0.976,0,1.0078868373481609,1.0,21.06353603408575,-1.0,5.0,52.247478,21.051167,1.0
24295,2026-05-11 20:36:06.100000+00:00,52.2475366,21.0514604,101.0,0.04,0.03,0.004,0.977,0,0.5392722025868503,1.0,21.01041742802892,-1.0,5.0,52.247478,21.051167,1.0
24300,2026-05-11 20:36:06.600000+00:00,52.2475357,21.0514595,100.9,0.18,0.03,0.004,0.976,0,0.8448661160834211,1.0,20.921269219519,-1.0,5.0,52.247478,21.051167,1.0
24305,2026-05-11 20:36:07.100000+00:00,52.2475347,21.0514584,100.7,0.06,0.027,0.004,0.976,0,0.965240458749046,1.0,20.816055319069985,-1.0,5.0,52.247478,21.051167,1.0
24310,2026-05-11 20:36:07.600000+00:00,52.247534,21.0514578,100.7,0.05,0.031,0.003,0.976,0,0.6329055808235972,1.0,20.75364354294147,-1.0,5.0,52.247478,21.051167,1.0
24315,2026-05-11 20:36:08.100000+00:00,52.2475333,21.0514572,100.6,0.05,0.03,0.004,0.978,0,0.632905578470343,1.0,20.6914169548516,-1.0,5.0,52.247478,21.051167,1.0
24320,2026-05-11 20:36:08.600000+00:00,52.2475325,21.0514566,100.6,0.03,0.03,0.005,0.978,0,0.7047796578178679,1.0,20.626107513140266,-1.0,5.0,52.247478,21.051167,1.0
24325,2026-05-11 20:36:09.100000+00:00,52.2475318,21.0514559,100.6,0.1,0.03,0.004,0.976,0,0.6571181129848888,1.0,20.557775196178053,-1.0,5.0,52.247478,21.051167,1.0
24330,2026-05-11 20:36:09.600000+00:00,52.2475306,21.051455,100.6,0.48,0.03,0.004,0.977,0,1.0571694914665386,1.0,20.460621381827387,-1.0,5.0,52.247478,21.051167,1.0
24335,2026-05-11 20:36:10.100000+00:00,52.2475299,21.0514543,100.5,0.1,0.031,0.003,0.977,0,0.657118111970789,1.0,20.39279549421636,-1.0,5.0,52.247478,21.051167,1.0
24340,2026-05-11 20:36:10.600000+00:00,52.2475291,21.0514534,100.5,0.16,0.032,0.006,0.976,0,0.7777111390300829,1.0,20.308968830569405,-1.0,5.0,52.247478,21.051167,1.0
24345,2026-05-11 20:36:11.100000+00:00,52.2475284,21.0514526,100.6,0.12,0.03,0.006,0.976,0,0.6839914558858806,1.0,20.234990907552824,-1.0,5.0,52.247478,21.051167,1.0
24350,2026-05-11 20:36:11.600000+00:00,52.2475276,21.0514518,100.5,0.05,0.033,0.005,0.976,0,0.7509921466492832,1.0,20.158144056728,-1.0,5.0,52.247478,21.051167,1.0
24355,2026-05-11 20:36:12.100000+00:00,52.2475266,21.0514507,100.4,0.15,0.031,0.004,0.976,0,0.9652405137371112,1.0,20.05587792339276,-1.0,5.0,52.247478,21.051167,1.0
24360,2026-05-11 20:36:12.600000+00:00,52.2475258,21.0514501,100.4,0.14,0.031,0.005,0.977,0,0.7047796763513713,1.0,19.99271144811071,-1.0,5.0,52.247478,21.051167,1.0
24365,2026-05-11 20:36:13.100000+00:00,52.247525,21.0514494,100.3,0.06,0.028,0.004,0.977,0,0.7266010803011757,1.0,19.9232559303166,-1.0,5.0,52.247478,21.051167,1.0
24370,2026-05-11 20:36:13.600000+00:00,52.2475239,21.0514485,100.2,0.04,0.031,0.005,0.974,0,0.9849798188549348,1.0,19.8323076028145,-1.0,5.0,52.247478,21.051167,1.0
24375,2026-05-11 20:36:14.100000+00:00,52.2475229,21.0514474,100.1,0.04,0.029,0.005,0.977,0,0.9652405388551164,1.0,19.73152392398733,-1.0,5.0,52.247478,21.051167,1.0
24380,2026-05-11 20:36:14.600000+00:00,52.2475217,21.0514464,100.0,0.17,0.03,0.006,0.974,0,1.0785444791897296,1.0,19.63221630781642,-1.0,5.0,52.247478,21.051167,1.0
24385,2026-05-11 20:36:15.100000+00:00,52.2475207,21.0514454,100.0,0.09,0.033,0.004,0.975,0,0.9387402188751682,1.0,19.53894477352607,-1.0,5.0,52.247478,21.051167,1.0
24390,2026-05-11 20:36:15.600000+00:00,52.2475198,21.0514445,99.9,0.07,0.03,0.005,0.976,0,0.8448662029787884,1.0,19.45536513055763,-1.0,5.0,52.247478,21.051167,1.0
24395,2026-05-11 20:36:16.100000+00:00,52.2475192,21.0514438,99.8,0.08,0.031,0.004,0.976,0,0.5903208510923814,1.0,19.39322431947388,-1.0,5.0,52.247478,21.051167,1.0
24400,2026-05-11 20:36:16.600000+00:00,52.2475183,21.0514432,99.7,0.21,0.031,0.003,0.976,0,0.7782535738821502,1.0,19.33009081735721,-1.0,5.0,52.247478,21.051167,1.0
24405,2026-05-11 20:36:17.100000+00:00,52.2475175,21.0514426,99.7,0.1,0.028,0.004,0.976,0,0.7047796993107869,1.0,19.26988825355896,-1.0,5.0,52.247478,21.051167,1.0
24410,2026-05-11 20:36:17.600000+00:00,52.2475166,21.0514421,99.7,0.08,0.032,0.004,0.975,0,0.7610842439805731,1.0,19.214143837260742,-1.0,5.0,52.247478,21.051167,1.0
24415,2026-05-11 20:36:18.100000+00:00,52.2475157,21.051442,99.7,0.07,0.032,0.004,0.977,0,0.7222084653736038,1.0,19.18539323033686,-1.0,5.0,52.247478,21.051167,1.0
24420,2026-05-11 20:36:18.600000+00:00,52.2475145,21.0514417,99.7,0.03,0.029,0.006,0.979,0,0.971913053896068,1.0,19.13672075425755,-1.0,5.0,52.247478,21.051167,1.0
24425,2026-05-11 20:36:19.100000+00:00,52.2475132,21.0514413,99.7,0.09,0.029,0.005,0.976,0,1.0590916755516304,1.0,19.079932230000427,-1.0,5.0,52.247478,21.051167,1.0
24430,2026-05-11 20:36:19.600000+00:00,52.2475122,21.0514409,99.7,0.15,0.03,0.004,0.977,0,0.8242625168602521,1.0,19.030749369174156,-1.0,5.0,52.247478,21.051167,1.0
24435,2026-05-11 20:36:20.100000+00:00,52.2475111,21.0514406,99.7,0.02,0.031,0.003,0.976,0,0.8928565609002573,1.0,18.986648881040527,-1.0,5.0,52.247478,21.051167,1.0
24440,2026-05-11 20:36:20.600000+00:00,52.24751,21.0514402,99.7,0.08,0.029,0.005,0.976,0,0.902225880526728,1.0,18.936570820462208,-1.0,5.0,52.247478,21.051167,1.0
24445,2026-05-11 20:36:21.100000+00:00,52.2475087,21.0514395,99.7,0.13,0.029,0.004,0.977,0,1.0958847750172127,1.0,18.86307147791156,-1.0,5.0,52.247478,21.051167,1.0
24450,2026-05-11 20:36:21.600000+00:00,52.2475073,21.0514388,99.8,0.11,0.03,0.005,0.978,0,1.1721877971276682,1.0,18.78858622539473,-1.0,5.0,52.247478,21.051167,1.0
24455,2026-05-11 20:36:22.100000+00:00,52.247506,21.051438,99.7,0.11,0.031,0.003,0.977,0,1.1122066175333418,1.0,18.710354162533022,-1.0,5.0,52.247478,21.051167,1.0
24460,2026-05-11 20:36:22.600000+00:00,52.247505,21.0514372,99.7,0.08,0.031,0.005,0.977,0,0.8914802871976496,1.0,18.63841849438512,-1.0,5.0,52.247478,21.051167,1.0
24465,2026-05-11 20:36:23.100000+00:00,52.2475037,21.0514366,99.7,0.08,0.03,0.008,0.977,0,1.0815399557013188,1.0,18.57531853037378,-1.0,5.0,52.247478,21.051167,1.0
24470,2026-05-11 20:36:23.600000+00:00,52.2475018,21.0514358,99.7,0.08,0.031,0.004,0.978,0,1.5708781509057348,1.0,18.490086851437333,-1.0,5.0,52.247478,21.051167,1.0
24475,2026-05-11 20:36:24.100000+00:00,52.2475003,21.0514351,99.7,0.09,0.03,0.004,0.977,0,1.248961325530013,1.0,18.419729557590323,-1.0,5.0,52.247478,21.051167,1.0
24480,2026-05-11 20:36:24.600000+00:00,52.2474988,21.0514344,99.7,0.19,0.032,0.005,0.977,0,1.2489613282886405,1.0,18.350742316461183,-1.0,5.0,52.247478,21.051167,1.0
24485,2026-05-11 20:36:25.100000+00:00,52.2474978,21.0514338,99.7,0.11,0.03,0.005,0.976,0,0.8529139669376056,1.0,18.296508308639822,-1.0,5.0,52.247478,21.051167,1.0
24490,2026-05-11 20:36:25.600000+00:00,52.2474971,21.0514326,99.7,0.08,0.03,0.006,0.977,0,0.8124398787592612,1.0,18.206165576681634,-1.0,5.0,52.247478,21.051167,1.0
24495,2026-05-11 20:36:26.100000+00:00,52.2474968,21.0514319,99.7,0.15,0.029,0.005,0.977,0,0.4188293552821943,1.0,18.154965016964454,-1.0,5.0,52.247478,21.051167,1.0
24500,2026-05-11 20:36:26.600000+00:00,52.2474963,21.0514312,99.7,0.14,0.03,0.006,0.975,0,0.5272310464318272,1.0,18.101293111177704,-1.0,5.0,52.247478,21.051167,1.0
24505,2026-05-11 20:36:27.100000+00:00,52.2474959,21.0514306,99.7,0.15,0.031,0.004,0.978,0,0.4347998028500622,1.0,18.05574794433141,-1.0,5.0,52.247478,21.051167,1.0
24510,2026-05-11 20:36:27.600000+00:00,52.2474956,21.0514302,99.7,0.2,0.029,0.005,0.977,0,0.31004796743891,1.0,18.025030168143942,-1.0,5.0,52.247478,21.051167,1.0
24515,2026-05-11 20:36:28.100000+00:00,52.2474953,21.0514297,99.7,0.06,0.031,0.005,0.976,0,0.3431527686814093,1.0,17.987594103670663,-1.0,5.0,52.247478,21.051167,1.0
24520,2026-05-11 20:36:28.600000+00:00,52.2474952,21.0514293,99.7,0.02,0.031,0.006,0.978,0,0.2117840154666366,1.0,17.959331251529484,-1.0,5.0,52.247478,21.051167,1.0
24525,2026-05-11 20:36:29.100000+00:00,52.2474951,21.051429,99.7,0.22,0.031,0.007,0.977,0,0.1674327915538723,1.0,17.93784166440861,-1.0,5.0,52.247478,21.051167,1.0
24530,2026-05-11 20:36:29.600000+00:00,52.2474948,21.0514284,99.7,0.06,0.031,0.006,0.979,0,0.379714707380862,1.0,17.893711474808804,-1.0,5.0,52.247478,21.051167,1.0
24535,2026-05-11 20:36:30.100000+00:00,52.2474947,21.0514279,99.7,0.19,0.03,0.006,0.978,0,0.2578304690621794,1.0,17.858698566054564,-1.0,5.0,52.247478,21.051167,1.0
24540,2026-05-11 20:36:30.600000+00:00,52.2474948,21.0514273,99.7,0.08,0.027,0.006,0.977,0,0.304804828640406,1.0,17.81923516315235,-1.0,5.0,52.247478,21.051167,1.0
24545,2026-05-11 20:36:31.100000+00:00,52.2474949,21.051427,99.7,0.03,0.03,0.006,0.975,0,0.167432794862318,1.0,17.80009449460739,-1.0,5.0,52.247478,21.051167,1.0
24550,2026-05-11 20:36:31.600000+00:00,52.2474947,21.0514267,99.7,0.12,0.029,0.008,0.975,0,0.2173999043395054,1.0,17.777448261942148,-1.0,5.0,52.247478,21.051167,1.0
24555,2026-05-11 20:36:32.100000+00:00,52.2474946,21.0514263,99.7,0.21,0.031,0.003,0.977,0,0.211784017921412,1.0,17.749205933236315,-1.0,5.0,52.247478,21.051167,1.0
24560,2026-05-11 20:36:32.600000+00:00,52.2474942,21.0514258,99.8,0.13,0.03,0.007,0.975,0,0.4032634895254943,1.0,17.71077217992034,-1.0,5.0,52.247478,21.051167,1.0
24565,2026-05-11 20:36:33.100000+00:00,52.247494,21.0514254,99.8,0.27,0.031,0.004,0.976,0,0.2531431372707615,1.0,17.68143038578979,-1.0,5.0,52.247478,21.051167,1.0
24570,2026-05-11 20:36:33.600000+00:00,52.2474935,21.0514258,99.8,0.66,0.072,-0.007,0.967,0,0.4457401641527562,1.0,17.70302494013012,-1.0,5.0,52.247478,21.051167,1.0
24575,2026-05-11 20:36:34.100000+00:00,52.2474933,21.0514286,99.8,1.81,0.092,-0.018,0.976,0,1.3817874252124418,1.0,17.89062264968661,-1.0,5.0,52.247478,21.051167,1.0
24580,2026-05-11 20:36:34.600000+00:00,52.2474927,21.0514341,99.8,3.26,0.111,-0.024,0.971,0,2.7384014046386023,1.0,18.257302877707204,-1.0,5.0,52.247478,21.051167,1.0
24585,2026-05-11 20:36:35.100000+00:00,52.2474921,21.0514429,99.8,5.18,0.124,-0.024,0.971,0,4.3401693770548375,1.0,18.84840451676947,-1.0,5.0,52.247478,21.051167,1.0
24590,2026-05-11 20:36:35.600000+00:00,52.2474904,21.0514556,99.8,7.11,0.14,-0.034,0.968,0,6.372217334789148,1.0,19.69601183568009,-1.0,5.0,52.247478,21.051167,1.0
24595,2026-05-11 20:36:36.100000+00:00,52.2474892,21.0514729,99.8,9.4,0.15,-0.038,0.964,0,8.534206909738508,1.0,20.86266737903676,-1.0,5.0,52.247478,21.051167,1.0
24600,2026-05-11 20:36:36.600000+00:00,52.2474878,21.0514951,99.8,11.7,0.156,-0.039,0.97,0,10.93936904324224,1.0,22.36338939342702,-1.0,5.0,52.247478,21.051167,1.0
24605,2026-05-11 20:36:37.100000+00:00,52.2474865,21.0515219,99.7,14.22,0.161,-0.036,0.969,0,13.177749048660353,1.0,24.179829819616945,-1.0,5.0,52.247478,21.051167,1.0
24610,2026-05-11 20:36:37.600000+00:00,52.2474841,21.051553,99.8,16.57,0.162,-0.045,0.962,0,15.36493598124658,1.0,26.287370188602207,-1.0,5.0,52.247478,21.051167,1.0
24615,2026-05-11 20:36:38.100000+00:00,52.2474809,21.0515893,99.8,19.16,0.16,-0.053,0.964,0,17.97670265444824,1.0,28.75170658343572,-1.0,5.0,52.247478,21.051167,1.0
24620,2026-05-11 20:36:38.600000+00:00,52.2474784,21.0516313,99.8,21.61,0.148,-0.044,0.97,0,20.684252863156104,1.0,31.609261979971997,-1.0,5.0,52.247478,21.051167,1.0
24625,2026-05-11 20:36:39.100000+00:00,52.2474748,21.051677,99.7,23.13,0.103,-0.031,0.964,0,22.58547637810337,1.0,34.72228049381376,-1.0,5.0,52.247478,21.051167,1.0
24630,2026-05-11 20:36:39.600000+00:00,52.2474709,21.0517237,99.6,23.37,0.033,-0.009,0.976,0,23.102959694422715,1.0,37.90798545450573,-1.0,5.0,52.247478,21.051167,1.0
24635,2026-05-11 20:36:40.100000+00:00,52.2474671,21.0517698,99.6,22.89,-0.013,0.008,0.956,0,22.800771478615736,1.0,41.05611654704653,-1.0,5.0,52.247478,21.051167,1.0
24640,2026-05-11 20:36:40.600000+00:00,52.2474633,21.0518137,99.4,21.24,-0.069,0.029,0.977,0,21.732515399611625,1.0,44.057239500672026,-1.0,5.0,52.247478,21.051167,1.0
24645,2026-05-11 20:36:41.100000+00:00,52.24746,21.051855,99.2,20.41,-0.007,0.029,0.972,0,20.41574685038973,1.0,46.8813302233242,-1.0,5.0,52.247478,21.051167,1.0
24650,2026-05-11 20:36:41.600000+00:00,52.2474574,21.0518955,99.1,19.66,0.004,0.067,0.98,0,19.96077276703048,1.0,49.64866877268127,-1.0,5.0,52.247478,21.051167,1.0
24655,2026-05-11 20:36:42.100000+00:00,52.2474575,21.0519358,98.9,19.01,0.019,0.101,0.976,0,19.75406847178685,1.0,52.389012554244495,-1.0,5.0,52.247478,21.051167,1.0
24660,2026-05-11 20:36:42.600000+00:00,52.247459,21.0519743,98.8,18.45,0.042,0.173,0.977,0,18.90976898029841,1.0,55.001042876425394,-1.0,5.0,52.247478,21.051167,1.0
24665,2026-05-11 20:36:43.100000+00:00,52.247463,21.0520125,98.5,18.06,0.043,0.177,0.969,0,18.996421635855533,1.0,57.58523974480986,-1.0,5.0,52.247478,21.051167,1.0
24670,2026-05-11 20:36:43.600000+00:00,52.2474698,21.0520474,98.3,17.82,0.031,0.127,0.962,0,17.952351913643437,1.0,59.943978720440086,-1.0,5.0,52.247478,21.051167,1.0
24675,2026-05-11 20:36:44.100000+00:00,52.2474802,21.0520797,98.1,17.68,0.03,0.178,0.968,0,17.888427785973022,1.0,62.13648039176514,-1.0,5.0,52.247478,21.051167,1.0
24680,2026-05-11 20:36:44.600000+00:00,52.2474946,21.0521081,98.0,18.17,0.051,0.232,0.975,0,18.074871157878544,1.0,64.09602492180309,-1.0,5.0,52.247478,21.051167,1.0
24685,2026-05-11 20:36:45.100000+00:00,52.2475112,21.0521318,97.7,19.05,0.063,0.177,0.952,0,17.651640424727905,1.0,65.7865710449174,-1.0,5.0,52.247478,21.051167,1.0
24690,2026-05-11 20:36:45.600000+00:00,52.2475278,21.0521503,97.5,18.88,0.062,0.166,0.972,0,16.089004079535997,1.0,67.17100548294927,-1.0,5.0,52.247478,21.051167,1.0
24695,2026-05-11 20:36:46.100000+00:00,52.2475483,21.0521653,97.4,20.62,0.068,0.171,0.943,0,17.98404917909155,1.0,68.41160629495472,-1.0,5.0,52.247478,21.051167,1.0
24700,2026-05-11 20:36:46.600000+00:00,52.247569,21.0521757,97.3,21.14,0.077,0.152,0.98,0,17.338822106918297,1.0,69.41303902200295,-1.0,5.0,52.247478,21.051167,1.0
24705,2026-05-11 20:36:47.100000+00:00,52.2475893,21.0521852,96.8,22.22,0.081,0.084,0.958,0,16.906203336616464,1.0,70.41441271775484,-1.0,5.0,52.247478,21.051167,1.0
24710,2026-05-11 20:36:47.600000+00:00,52.2476108,21.0521919,96.4,23.82,0.08,0.054,0.982,0,17.523471572678936,1.0,71.31985277058149,-1.0,5.0,52.247478,21.051167,1.0
24715,2026-05-11 20:36:48.100000+00:00,52.2476376,21.0521977,96.3,23.39,0.094,0.029,0.975,0,21.64370382984118,1.0,72.37863778911009,-1.0,5.0,52.247478,21.051167,1.0
24720,2026-05-11 20:36:48.600000+00:00,52.2476662,21.0522029,96.2,26.09,0.103,-0.024,0.95,0,23.03869076862197,1.0,73.56262370411704,-1.0,5.0,52.247478,21.051167,1.0
24725,2026-05-11 20:36:49.100000+00:00,52.2476954,21.0522076,96.2,28.0,0.095,-0.002,1.026,0,23.49086306283225,1.0,74.85403525227615,-1.0,5.0,52.247478,21.051167,1.0
24730,2026-05-11 20:36:49.600000+00:00,52.2477276,21.0522126,96.2,28.77,0.108,-0.007,0.902,0,25.895670181856737,1.0,76.40284891365462,-1.0,5.0,52.247478,21.051167,1.0
24735,2026-05-11 20:36:50.100000+00:00,52.2477612,21.0522167,96.2,29.32,0.061,-0.015,1.009,0,26.97524302547709,1.0,78.0932416830977,-1.0,5.0,52.247478,21.051167,1.0
24740,2026-05-11 20:36:50.600000+00:00,52.2477887,21.0522192,95.4,29.62,0.0,-0.005,0.908,0,22.050671870015435,1.0,79.52888014619292,-1.0,5.0,52.247478,21.051167,1.0
24745,2026-05-11 20:36:51.100000+00:00,52.2478178,21.052223,94.7,29.12,-0.015,-0.036,1.022,0,23.37190119242915,,81.21588554544714,-1.0,5.0,52.247478,21.051167,1.0
24750,2026-05-11 20:36:51.600000+00:00,52.2478508,21.0522313,94.6,27.42,-0.055,0.005,0.912,0,26.7313236714979,,83.47656918153983,-1.0,5.0,52.247478,21.051167,1.0
24755,2026-05-11 20:36:52.100000+00:00,52.2478834,21.0522384,94.8,26.49,-0.048,0.004,1.003,0,26.330678400071815,,85.74547714724271,-1.0,5.0,52.247478,21.051167,1.0
24760,2026-05-11 20:36:52.600000+00:00,52.2479138,21.0522447,94.7,25.3,-0.048,0.029,1.001,0,24.53346918164836,,87.9273604540967,-1.0,5.0,52.247478,21.051167,1.0
24765,2026-05-11 20:36:53.100000+00:00,52.2479421,21.0522487,94.7,23.76,-0.063,0.054,0.953,0,22.741754573553056,,89.92293586089173,-1.0,5.0,52.247478,21.051167,1.0
24770,2026-05-11 20:36:53.600000+00:00,52.2479685,21.0522529,94.6,22.19,-0.074,0.07,0.958,0,21.235956273927684,,91.8690587686798,-1.0,5.0,52.247478,21.051167,1.0
24775,2026-05-11 20:36:54.100000+00:00,52.2479929,21.0522574,94.6,20.24,-0.058,0.033,0.954,0,19.658860119643297,,93.74768754127956,-1.0,5.0,52.247478,21.051167,1.0
24780,2026-05-11 20:36:54.600000+00:00,52.2480158,21.0522615,94.6,18.91,-0.078,0.059,1.001,0,18.44363691434529,,95.54166022746374,-1.0,5.0,52.247478,21.051167,1.0
24785,2026-05-11 20:36:55.100000+00:00,52.2480359,21.052266,94.5,17.29,-0.026,0.047,0.96,0,16.24259655305718,,97.1918768792145,-1.0,5.0,52.247478,21.051167,1.0
24790,2026-05-11 20:36:55.600000+00:00,52.248054,21.0522679,94.5,14.71,-0.124,0.107,0.977,0,14.52081916767409,,98.5869718623971,-1.0,5.0,52.247478,21.051167,1.0
24795,2026-05-11 20:36:56.100000+00:00,52.2480675,21.0522679,94.3,11.78,-0.157,0.099,0.989,0,10.808146866752022,,99.56873245781983,-1.0,5.0,52.247478,21.051167,1.0
24800,2026-05-11 20:36:56.600000+00:00,52.2480777,21.0522676,94.2,8.33,-0.16,0.074,0.974,0,8.167479279951532,,100.30377513318174,-1.0,5.0,52.247478,21.051167,1.0
24805,2026-05-11 20:36:57.100000+00:00,52.2480837,21.0522667,94.4,4.77,-0.171,0.088,0.984,0,4.823835057828822,,100.70298990297655,-1.0,5.0,52.247478,21.051167,1.0
24810,2026-05-11 20:36:57.600000+00:00,52.2480858,21.0522659,94.5,1.76,-0.118,0.079,0.977,0,1.7263912814354705,,100.81888993656408,-1.0,5.0,52.247478,21.051167,1.0
24815,2026-05-11 20:36:58.100000+00:00,52.2480849,21.0522642,94.6,0.31,-0.033,0.046,0.976,0,1.101606635655957,,100.66592511287072,-1.0,5.0,52.247478,21.051167,1.0
24820,2026-05-11 20:36:58.600000+00:00,52.2480837,21.0522618,94.8,0.15,0.034,0.02,0.968,0,1.5188467142987254,,100.45523718609644,-1.0,5.0,52.247478,21.051167,1.0
24825,2026-05-11 20:36:59.100000+00:00,52.2480825,21.0522596,95.0,0.13,0.027,0.022,0.97,0,1.444248979023266,,100.25465203696076,-1.0,5.0,52.247478,21.051167,1.0
24830,2026-05-11 20:36:59.600000+00:00,52.2480813,21.0522572,95.1,0.07,0.026,0.018,0.976,0,1.518846762380369,,100.04396536071135,-1.0,5.0,52.247478,21.051167,1.0
24835,2026-05-11 20:37:00.100000+00:00,52.2480796,21.0522543,95.1,0.06,0.027,0.02,0.976,0,1.967990957601712,,99.77074648143024,-1.0,5.0,52.247478,21.051167,1.0
24840,2026-05-11 20:37:00.600000+00:00,52.2480788,21.0522521,95.2,0.19,0.029,0.021,0.975,0,1.2542258881471349,,99.59998891875432,-1.0,5.0,52.247478,21.051167,1.0
24845,2026-05-11 20:37:01.100000+00:00,52.2480781,21.0522502,95.3,0.13,0.028,0.02,0.975,0,1.0869298067552544,,99.45184783591276,-1.0,5.0,52.247478,21.051167,1.0
24850,2026-05-11 20:37:01.600000+00:00,52.2480775,21.052248,95.4,0.16,0.029,0.024,0.976,0,1.1805135318942817,,99.2960407239331,-1.0,5.0,52.247478,21.051167,1.0
24855,2026-05-11 20:37:02.100000+00:00,52.2480772,21.0522462,95.4,0.1,0.026,0.022,0.973,0,0.9144033081386496,,99.18284077177546,-1.0,5.0,52.247478,21.051167,1.0
24860,2026-05-11 20:37:02.600000+00:00,52.2480739,21.0522407,95.0,0.05,0.028,0.02,0.975,0,3.7746552853322983,,98.65897793941168,-1.0,5.0,52.247478,21.051167,1.0
24865,2026-05-11 20:37:03.100000+00:00,52.2480716,21.0522367,94.6,0.13,0.026,0.023,0.977,0,2.6897751997780586,,98.28545650276638,-1.0,5.0,52.247478,21.051167,1.0
24870,2026-05-11 20:37:03.600000+00:00,52.2480697,21.0522331,94.3,0.05,0.028,0.02,0.977,0,2.329736858958465,,97.96198235839456,-1.0,5.0,52.247478,21.051167,1.0
24875,2026-05-11 20:37:04.100000+00:00,52.2480679,21.0522298,94.0,0.04,0.027,0.019,0.978,0,2.1663738572327924,,97.66110833027064,-1.0,5.0,52.247478,21.051167,1.0
24880,2026-05-11 20:37:04.600000+00:00,52.2480663,21.0522267,93.8,0.07,0.029,0.019,0.976,0,1.9874064814404373,,97.38525901081688,-1.0,5.0,52.247478,21.051167,1.0
24885,2026-05-11 20:37:05.100000+00:00,52.2480651,21.052224,93.6,0.06,0.027,0.02,0.973,0,1.6353887662142108,,97.15946315967444,-1.0,5.0,52.247478,21.051167,1.0
24890,2026-05-11 20:37:05.600000+00:00,52.2480641,21.0522215,93.5,0.06,0.028,0.018,0.978,0,1.4637621533676044,,96.9587024932155,-1.0,5.0,52.247478,21.051167,1.0
24895,2026-05-11 20:37:06.100000+00:00,52.2480635,21.0522198,93.3,0.13,0.027,0.018,0.977,0,0.9618228506412044,,96.82817217625174,-1.0,5.0,52.247478,21.051167,1.0
24900,2026-05-11 20:37:06.600000+00:00,52.2480632,21.0522179,93.2,0.08,0.028,0.019,0.978,0,0.9617851248332564,,96.7100166640776,-1.0,5.0,52.247478,21.051167,1.0
24905,2026-05-11 20:37:07.100000+00:00,52.2480629,21.052216,93.1,0.23,0.029,0.019,0.978,0,0.9617851268780226,,96.5919013564527,-1.0,5.0,52.247478,21.051167,1.0
24910,2026-05-11 20:37:07.600000+00:00,52.2480628,21.0522146,93.0,0.06,0.027,0.022,0.976,0,0.690884965426444,,96.51396329269106,-1.0,5.0,52.247478,21.051167,1.0
24915,2026-05-11 20:37:08.100000+00:00,52.2480627,21.0522131,92.9,0.13,0.028,0.015,0.975,0,0.7395930273668866,,96.43102977505832,-1.0,5.0,52.247478,21.051167,1.0
24920,2026-05-11 20:37:08.600000+00:00,52.2480627,21.0522115,92.8,0.08,0.026,0.014,0.975,0,0.78426349433254,,96.35061237673447,-1.0,5.0,52.247478,21.051167,1.0
24925,2026-05-11 20:37:09.100000+00:00,52.248063,21.0522102,92.7,0.01,0.023,0.017,0.974,0,0.6809763017057991,,96.30784245792236,-1.0,5.0,52.247478,21.051167,1.0
24930,2026-05-11 20:37:09.600000+00:00,52.2480636,21.0522087,92.6,0.21,0.068,0.001,0.978,0,0.8782573111355177,,96.2776724646464,-1.0,5.0,52.247478,21.051167,1.0
24935,2026-05-11 20:37:10.100000+00:00,52.248066,21.0522082,92.5,2.13,0.131,-0.023,0.963,0,1.937015498422279,,96.43333923096384,-1.0,5.0,52.247478,21.051167,1.0
24940,2026-05-11 20:37:10.600000+00:00,52.2480708,21.0522086,92.4,3.74,0.137,-0.018,0.966,0,3.847895090090034,,96.81595220136523,-1.0,5.0,52.247478,21.051167,1.0
24945,2026-05-11 20:37:11.100000+00:00,52.2480782,21.05221,92.3,6.03,0.142,-0.016,0.97,0,5.964076278642285,,97.4474656697106,-1.0,5.0,52.247478,21.051167,1.0
24950,2026-05-11 20:37:11.600000+00:00,52.2480882,21.0522103,92.3,8.2,0.15,-0.028,0.966,0,8.007385051062117,,98.2271138208674,-1.0,5.0,52.247478,21.051167,1.0
24955,2026-05-11 20:37:12.100000+00:00,52.2481011,21.0522094,92.3,10.44,0.158,-0.027,0.971,0,10.33720223817446,,99.17951056413052,-1.0,5.0,52.247478,21.051167,1.0
24960,2026-05-11 20:37:12.600000+00:00,52.2481175,21.0522094,92.4,13.08,0.163,-0.032,0.968,0,13.129896936122254,,100.4619171903837,-1.0,5.0,52.247478,21.051167,1.0
24965,2026-05-11 20:37:13.100000+00:00,52.2481367,21.0522096,92.4,15.78,0.161,-0.031,0.958,0,15.371899265618836,,101.99369204330648,-1.0,5.0,52.247478,21.051167,1.0
24970,2026-05-11 20:37:13.600000+00:00,52.2481578,21.0522132,92.3,17.44,0.143,-0.037,0.977,0,16.98464638729261,,103.85932638615562,-1.0,5.0,52.247478,21.051167,1.0
24975,2026-05-11 20:37:14.100000+00:00,52.2481814,21.0522158,92.2,19.78,0.152,-0.035,0.96,0,18.93717343020889,,105.90380994662,-1.0,5.0,52.247478,21.051167,1.0
24980,2026-05-11 20:37:14.600000+00:00,52.2482102,21.0522171,92.4,22.8,0.124,-0.033,0.966,0,23.066183288137093,,108.3488151033528,-1.0,5.0,52.247478,21.051167,1.0
24985,2026-05-11 20:37:15.100000+00:00,52.2482402,21.0522187,92.7,24.14,0.107,-0.024,0.955,0,24.030904926850468,,110.94757812191376,-1.0,5.0,52.247478,21.051167,1.0
24990,2026-05-11 20:37:15.600000+00:00,52.2482712,21.05222,92.8,25.61,0.098,0.0,0.972,0,24.826886365524995,,113.65833693018172,-1.0,5.0,52.247478,21.051167,1.0
24995,2026-05-11 20:37:16.100000+00:00,52.2483046,21.0522228,92.7,27.98,0.106,0.029,0.975,0,26.7753538011072,,116.68121336771124,-1.0,5.0,52.247478,21.051167,1.0
25000,2026-05-11 20:37:16.600000+00:00,52.2483402,21.0522256,92.8,29.39,0.092,0.004,0.985,0,28.534508843350824,,119.9387284724267,-1.0,5.0,52.247478,21.051167,1.0
25005,2026-05-11 20:37:17.100000+00:00,52.2483774,21.0522275,92.8,30.47,0.087,0.003,0.992,0,29.7970067247929,,123.34588368336952,-1.0,5.0,52.247478,21.051167,1.0
25010,2026-05-11 20:37:17.600000+00:00,52.2484166,21.0522294,92.8,31.67,0.091,-0.015,0.933,0,31.397471243225887,,126.97929053136812,-1.0,5.0,52.247478,21.051167,1.0
25015,2026-05-11 20:37:18.100000+00:00,52.2484571,21.0522321,92.8,32.66,0.093,-0.019,0.952,0,32.451437951021035,,130.80770398836262,-1.0,5.0,52.247478,21.051167,1.0
25020,2026-05-11 20:37:18.600000+00:00,52.2484991,21.0522337,92.9,34.12,0.063,-0.017,0.979,0,33.63449031480096,,134.77820615127112,-1.0,5.0,52.247478,21.051167,1.0
25025,2026-05-11 20:37:19.100000+00:00,52.2485424,21.0522378,92.8,34.89,0.075,-0.025,0.98,0,34.72433301065708,,139.00467921475877,-1.0,5.0,52.247478,21.051167,1.0
25030,2026-05-11 20:37:19.600000+00:00,52.2485869,21.0522423,92.7,35.89,0.066,-0.039,0.987,0,35.69506891981875,,143.39745517618806,-1.0,5.0,52.247478,21.051167,1.0
25035,2026-05-11 20:37:20.100000+00:00,52.2486328,21.0522478,92.6,36.94,0.065,-0.054,0.942,0,36.84645352040658,,147.99487984900037,-1.0,5.0,52.247478,21.051167,1.0
25040,2026-05-11 20:37:20.600000+00:00,52.2486802,21.0522542,92.5,38.06,0.065,-0.033,0.966,0,38.07804397047033,,152.80101045607591,-1.0,5.0,52.247478,21.051167,1.0
25045,2026-05-11 20:37:21.100000+00:00,52.2487284,21.0522605,92.5,39.15,0.073,-0.023,0.989,0,38.71244452952369,,157.71324238463166,-1.0,5.0,52.247478,21.051167,1.0
25050,2026-05-11 20:37:21.600000+00:00,52.2487781,21.0522679,92.5,40.42,0.084,-0.034,0.94,0,39.95497231713176,,162.83740079388582,-1.0,5.0,52.247478,21.051167,1.0
25055,2026-05-11 20:37:22.100000+00:00,52.2488292,21.0522754,92.5,41.44,0.069,-0.035,0.968,0,41.075672497556894,,163.47130815580118,-1.0,5.0,52.250296,21.052437,0.0
25060,2026-05-11 20:37:22.600000+00:00,52.2488819,21.0522836,92.5,42.38,0.065,-0.032,0.989,0,42.38281299997416,,157.58713684066913,-1.0,5.0,52.250296,21.052437,0.0
25065,2026-05-11 20:37:23.100000+00:00,52.2489354,21.0522916,92.4,43.15,0.065,-0.029,0.959,0,43.01140367913001,,151.6152678344262,-1.0,5.0,52.250296,21.052437,0.0
25070,2026-05-11 20:37:23.600000+00:00,52.2489894,21.0523001,92.3,43.34,0.046,-0.009,0.962,0,43.432876986505526,,145.5858921965341,-1.0,5.0,52.250296,21.052437,0.0
25075,2026-05-11 20:37:24.100000+00:00,52.2490442,21.0523078,92.4,43.82,0.013,0.012,0.971,0,44.03510849833661,,139.47141579645256,-1.0,5.0,52.250296,21.052437,0.0
25080,2026-05-11 20:37:24.600000+00:00,52.2490986,21.0523168,92.3,43.65,0.001,0.006,0.961,0,43.775668954010165,,133.3960124598892,-1.0,5.0,52.250296,21.052437,0.0
25085,2026-05-11 20:37:25.100000+00:00,52.2491527,21.0523252,92.3,43.05,-0.003,0.014,1.02,0,43.50790152504542,,127.356777488292,-1.0,5.0,52.250296,21.052437,0.0
25090,2026-05-11 20:37:25.600000+00:00,52.2492065,21.052334,92.3,43.37,-0.009,0.02,0.915,0,43.28790017994789,,121.34961982876835,-1.0,5.0,52.250296,21.052437,0.0
25095,2026-05-11 20:37:26.100000+00:00,52.2492579,21.0523426,92.3,41.03,-0.075,0.029,0.981,0,41.36635247915893,,115.6102005232306,-1.0,5.0,52.250296,21.052437,0.0
25100,2026-05-11 20:37:26.600000+00:00,52.2493078,21.0523508,92.3,39.81,-0.02,0.004,0.986,0,40.15178498076232,,110.03940438388152,-1.0,5.0,52.250296,21.052437,0.0
25105,2026-05-11 20:37:27.100000+00:00,52.2493578,21.0523603,92.2,40.34,-0.01,-0.001,1.0,0,40.30008870045502,,104.45366512199492,-1.0,5.0,52.250296,21.052437,0.0
25110,2026-05-11 20:37:27.600000+00:00,52.2494058,21.0523702,92.1,38.9,0.003,0.008,0.9,0,38.73412060225647,,99.09012488516396,-1.0,5.0,52.250296,21.052437,0.0
25115,2026-05-11 20:37:28.100000+00:00,52.2494531,21.0523789,91.9,38.09,-0.031,0.044,1.039,0,38.10788510957731,,93.80962009771268,-1.0,5.0,52.250296,21.052437,0.0
25120,2026-05-11 20:37:28.600000+00:00,52.2494993,21.0523881,91.8,36.68,-0.04,0.022,0.93,0,37.26174616087367,,88.65152077204814,-1.0,5.0,52.250296,21.052437,0.0
25125,2026-05-11 20:37:29.100000+00:00,52.2495432,21.0523963,91.6,35.39,-0.042,0.025,0.963,0,35.37555715999821,,83.75338219457781,-1.0,5.0,52.250296,21.052437,0.0
25130,2026-05-11 20:37:29.600000+00:00,52.2495862,21.0524033,91.6,33.88,-0.096,0.04,1.004,0,34.59650267562477,0.0,78.95949385030706,-1.0,5.0,52.250296,21.052437,0.0
25135,2026-05-11 20:37:30.100000+00:00,52.2496262,21.0524114,91.5,31.64,-0.108,0.02,0.932,0,32.269303137537825,0.0,74.49874834725908,-1.0,5.0,52.250296,21.052437,0.0
25140,2026-05-11 20:37:30.600000+00:00,52.2496624,21.0524198,91.4,29.1,-0.111,0.002,0.969,0,29.272837509949845,0.0,70.46283474828111,-1.0,5.0,52.250296,21.052437,0.0
25145,2026-05-11 20:37:31.100000+00:00,52.2496973,21.0524301,91.3,28.24,-0.053,-0.057,0.98,0,28.393491772700628,0.0,66.57405968549267,-1.0,5.0,52.250296,21.052437,0.0
25150,2026-05-11 20:37:31.600000+00:00,52.249731,21.0524429,91.3,27.23,-0.042,-0.086,0.975,0,27.70018203098252,0.0,62.82641741239208,-1.0,5.0,52.250296,21.052437,0.0
25155,2026-05-11 20:37:32.100000+00:00,52.2497649,21.052461,91.3,28.78,-0.038,-0.169,0.971,0,28.55364262676656,0.0,59.07822138916763,-1.0,5.0,52.250296,21.052437,0.0
25160,2026-05-11 20:37:32.600000+00:00,52.2497971,21.0524842,91.3,27.89,-0.051,-0.201,0.943,0,28.176007380809867,0.0,55.56812513425184,-1.0,5.0,52.250296,21.052437,0.0
25165,2026-05-11 20:37:33.100000+00:00,52.2498273,21.0525138,91.2,27.94,-0.071,-0.229,0.976,0,28.197116845011735,0.0,52.37864174112547,-1.0,5.0,52.250296,21.052437,0.0
25170,2026-05-11 20:37:33.600000+00:00,52.249856,21.0525505,91.2,28.8,-0.075,-0.219,0.957,0,29.181106339286373,0.0,49.53211420038125,-1.0,5.0,52.250296,21.052437,0.0
25175,2026-05-11 20:37:34.100000+00:00,52.2498834,21.0525922,91.3,29.89,-0.073,-0.225,0.946,0,29.98275699563392,0.0,47.0798304246001,-1.0,5.0,52.250296,21.052437,0.0
25180,2026-05-11 20:37:34.600000+00:00,52.2499088,21.0526375,91.5,30.22,-0.066,-0.203,0.953,0,30.108518322639476,0.0,45.16639180504532,-1.0,5.0,52.250296,21.052437,0.0
25185,2026-05-11 20:37:35.100000+00:00,52.2499294,21.0526882,91.4,29.94,-0.056,-0.212,0.963,0,29.825126737795628,0.0,44.20561132508293,-1.0,5.0,52.250296,21.052437,0.0
25190,2026-05-11 20:37:35.600000+00:00,52.2499472,21.052741,91.4,29.91,-0.027,-0.167,0.96,0,29.54382167053435,0.0,43.96064260751996,-1.0,5.0,52.250296,21.052437,0.0
25195,2026-05-11 20:37:36.100000+00:00,52.2499664,21.0527979,91.5,32.41,-0.007,-0.136,0.956,0,31.84481159216085,0.0,44.122733612812326,-1.0,5.0,52.250296,21.052437,0.0
