Record,Time,lat,lon,Altitude,Speed,GForceX,GForceY,GForceZ,Lap,speed_kmh,nearest_stop_id,nearest_distance_m,direction,course_id,reconstructed_lat,reconstructed_lon,reconstructed_stop
31020,2026-05-11 20:47:18.600000+00:00,52.2499043,21.0523555,97.8,5.86,0.09,0.022,0.979,0,6.038691415374632,0.0,43.90699769797953,-1.0,6.0,52.250296,21.052437,0.0
31025,2026-05-11 20:47:19.100000+00:00,52.2498951,21.0523579,98.1,7.74,0.098,0.018,0.974,0,7.458897135273042,0.0,44.90209127195306,-1.0,6.0,52.250296,21.052437,0.0
31030,2026-05-11 20:47:19.600000+00:00,52.2498823,21.0523646,98.3,11.55,0.095,0.027,0.981,0,10.761054938711217,0.0,46.26461940806749,-1.0,6.0,52.250296,21.052437,0.0
31035,2026-05-11 20:47:20.100000+00:00,52.2498675,21.052372,98.2,13.5,0.098,0.024,0.967,0,12.391642962930344,0.0,47.852051175019184,-1.0,6.0,52.250296,21.052437,0.0
31040,2026-05-11 20:47:20.600000+00:00,52.2498519,21.0523771,97.9,13.41,0.103,0.051,0.971,0,12.737117388218694,0.0,49.5497403755253,-1.0,6.0,52.250296,21.052437,0.0
31045,2026-05-11 20:47:21.100000+00:00,52.2498343,21.0523854,97.6,15.6,0.109,0.035,0.972,0,14.666147539531304,0.0,51.45872961799299,-1.0,6.0,52.250296,21.052437,0.0
31050,2026-05-11 20:47:21.600000+00:00,52.2498159,21.0523962,97.4,16.49,0.1,0.024,0.978,0,15.653347469164231,0.0,53.45688808502369,-1.0,6.0,52.250296,21.052437,0.0
31055,2026-05-11 20:47:22.100000+00:00,52.2497948,21.0524097,97.3,18.6,0.104,0.014,0.957,0,18.142454090299594,0.0,55.761875621792,-1.0,6.0,52.250296,21.052437,0.0
31060,2026-05-11 20:47:22.600000+00:00,52.2497719,21.0524231,97.0,19.6,0.084,-0.039,0.984,0,19.474776799751105,0.0,58.28494266547175,-1.0,6.0,52.250296,21.052437,0.0
31065,2026-05-11 20:47:23.100000+00:00,52.2497455,21.0524363,96.7,22.23,0.085,-0.102,0.973,0,22.10401672694462,0.0,61.21282566556719,-1.0,6.0,52.250296,21.052437,0.0
31070,2026-05-11 20:47:23.600000+00:00,52.2497177,21.0524476,96.5,23.55,0.068,-0.114,0.936,0,22.93557876978681,0.0,64.30807473472237,-1.0,6.0,52.250296,21.052437,0.0
31075,2026-05-11 20:47:24.100000+00:00,52.2496876,21.0524565,96.4,24.6,0.03,-0.127,0.975,0,24.489818948972584,0.0,67.6640161748132,-1.0,6.0,52.250296,21.052437,0.0
31080,2026-05-11 20:47:24.600000+00:00,52.2496559,21.0524613,96.2,26.0,0.017,-0.116,0.97,0,25.48794742574098,0.0,71.19509339965431,-1.0,6.0,52.250296,21.052437,0.0
31085,2026-05-11 20:47:25.100000+00:00,52.2496221,21.0524673,96.1,27.37,0.011,-0.135,0.97,0,27.219733668715453,0.0,74.96264512432595,-1.0,6.0,52.250296,21.052437,0.0
31090,2026-05-11 20:47:25.600000+00:00,52.2495885,21.052466,96.0,27.56,0.018,-0.115,0.995,0,26.90782224087623,0.0,78.69517731949223,-1.0,6.0,52.250296,21.052437,0.0
31095,2026-05-11 20:47:26.100000+00:00,52.2495533,21.0524613,95.9,28.56,0.026,-0.136,0.93,0,28.275244054048358,,82.60103822970021,-1.0,6.0,52.250296,21.052437,0.0
31100,2026-05-11 20:47:26.600000+00:00,52.2495177,21.0524516,95.8,28.96,0.058,-0.087,0.946,0,28.895315595184577,,86.54871846643927,-1.0,6.0,52.250296,21.052437,0.0
31105,2026-05-11 20:47:27.100000+00:00,52.2494807,21.0524419,95.6,29.98,0.025,-0.044,0.981,0,30.001451228706674,,90.6578373724596,-1.0,6.0,52.250296,21.052437,0.0
31110,2026-05-11 20:47:27.600000+00:00,52.2494443,21.0524308,95.3,30.43,0.051,-0.043,0.988,0,29.645487775860804,,94.7056595325571,-1.0,6.0,52.250296,21.052437,0.0
31115,2026-05-11 20:47:28.100000+00:00,52.2494065,21.0524187,95.1,31.09,0.058,0.024,0.968,0,30.83848662267574,,98.91573252325256,-1.0,6.0,52.250296,21.052437,0.0
31120,2026-05-11 20:47:28.600000+00:00,52.2493676,21.0524086,95.1,31.98,0.069,0.019,0.945,0,31.534483389468143,,103.25147216180312,-1.0,6.0,52.250296,21.052437,0.0
31125,2026-05-11 20:47:29.100000+00:00,52.2493281,21.052399,95.0,32.04,0.053,-0.001,0.981,0,31.9719921896903,,107.6566539942232,-1.0,6.0,52.250296,21.052437,0.0
31130,2026-05-11 20:47:29.600000+00:00,52.249288,21.0523881,94.9,32.93,0.052,-0.007,0.93,0,32.54571344924542,,112.13390934862892,-1.0,6.0,52.250296,21.052437,0.0
31135,2026-05-11 20:47:30.100000+00:00,52.2492468,21.0523789,94.9,33.37,0.047,0.0,0.99,0,33.2916778140806,,116.73274250495604,-1.0,6.0,52.250296,21.052437,0.0
31140,2026-05-11 20:47:30.600000+00:00,52.2492054,21.0523678,94.7,34.23,0.059,-0.033,0.969,0,33.588554650495894,,121.36065179475688,-1.0,6.0,52.250296,21.052437,0.0
31145,2026-05-11 20:47:31.100000+00:00,52.2491631,21.0523574,94.7,34.6,0.033,0.006,0.976,0,34.24703302222651,,126.0892268460462,-1.0,6.0,52.250296,21.052437,0.0
31150,2026-05-11 20:47:31.600000+00:00,52.2491203,21.0523465,94.7,35.16,0.063,-0.018,0.963,0,34.679836787680976,,130.87696328210936,-1.0,6.0,52.250296,21.052437,0.0
31155,2026-05-11 20:47:32.100000+00:00,52.2490765,21.052336,94.6,35.78,0.043,0.027,0.987,0,35.442097037335806,,135.77641553346123,-1.0,6.0,52.250296,21.052437,0.0
31160,2026-05-11 20:47:32.600000+00:00,52.2490327,21.0523266,94.6,35.5,0.067,0.009,0.96,0,35.36782729359389,,140.67345729376075,-1.0,6.0,52.250296,21.052437,0.0
31165,2026-05-11 20:47:33.100000+00:00,52.2489885,21.0523172,94.6,36.1,0.054,0.01,0.969,0,35.68536464420466,,145.61592849208483,-1.0,6.0,52.250296,21.052437,0.0
31170,2026-05-11 20:47:33.600000+00:00,52.2489432,21.0523087,94.6,36.48,0.056,0.011,0.973,0,36.50586163359029,,150.67785074471956,-1.0,6.0,52.250296,21.052437,0.0
31175,2026-05-11 20:47:34.100000+00:00,52.2488974,21.0522997,94.5,37.03,0.063,0.002,0.958,0,36.932048049561175,,155.797851713004,-1.0,6.0,52.250296,21.052437,0.0
31180,2026-05-11 20:47:34.600000+00:00,52.248851,21.0522905,94.4,37.78,0.05,0.006,0.984,0,37.42070239012301,,160.98588660006556,-1.0,6.0,52.250296,21.052437,0.0
31185,2026-05-11 20:47:35.100000+00:00,52.2488037,21.0522796,94.3,38.63,0.052,-0.017,0.954,0,38.24357614449596,,165.732250680003,-1.0,6.0,52.250296,21.052437,0.0
31190,2026-05-11 20:47:35.600000+00:00,52.2487562,21.0522689,94.2,38.68,0.047,0.001,0.966,0,38.38861804571888,,160.71117908972602,-1.0,6.0,52.247478,21.051167,1.0
31195,2026-05-11 20:47:36.100000+00:00,52.248708,21.0522591,94.1,38.91,0.047,-0.003,0.974,0,38.88690875123135,,155.67161553798627,-1.0,6.0,52.247478,21.051167,1.0
31200,2026-05-11 20:47:36.600000+00:00,52.2486591,21.052249,94.0,39.37,0.044,-0.01,0.983,0,39.461278446182206,,150.57921875143504,-1.0,6.0,52.247478,21.051167,1.0
31205,2026-05-11 20:47:37.100000+00:00,52.2486096,21.0522384,93.9,39.87,0.053,-0.01,0.953,0,39.96901075102511,,145.44024942594942,-1.0,6.0,52.247478,21.051167,1.0
31210,2026-05-11 20:47:37.600000+00:00,52.2485597,21.0522275,93.7,40.37,0.049,0.0,0.98,0,40.30578538828743,,140.2840432420699,-1.0,6.0,52.247478,21.051167,1.0
31215,2026-05-11 20:47:38.100000+00:00,52.2485105,21.0522167,93.5,39.91,0.009,0.014,0.957,0,39.7438201147824,,135.2326677565579,-1.0,6.0,52.247478,21.051167,1.0
31220,2026-05-11 20:47:38.600000+00:00,52.2484614,21.0522053,93.3,39.84,0.004,0.006,0.964,0,39.70479600678145,,130.20649553326007,-1.0,6.0,52.247478,21.051167,1.0
31225,2026-05-11 20:47:39.100000+00:00,52.2484131,21.0521955,93.3,39.4,-0.005,0.008,0.994,0,38.96636112749819,,125.35606002735987,-1.0,6.0,52.247478,21.051167,1.0
31230,2026-05-11 20:47:39.600000+00:00,52.2483651,21.0521859,93.2,39.03,-0.001,-0.016,0.928,0,38.71598693037616,,120.58855624146844,-1.0,6.0,52.247478,21.051167,1.0
31235,2026-05-11 20:47:40.100000+00:00,52.2483174,21.0521761,93.2,37.93,-0.006,0.02,1.032,0,38.48970983561024,,115.89323494591166,-1.0,6.0,52.247478,21.051167,1.0
31240,2026-05-11 20:47:40.600000+00:00,52.2482703,21.0521668,93.2,37.88,0.021,-0.014,0.938,0,37.98295930621726,,111.33024004615584,-1.0,6.0,52.247478,21.051167,1.0
31245,2026-05-11 20:47:41.100000+00:00,52.2482234,21.0521578,93.2,37.65,0.004,0.001,0.964,0,37.80656105498425,,106.86301232584267,-1.0,6.0,52.247478,21.051167,1.0
31250,2026-05-11 20:47:41.600000+00:00,52.2481776,21.0521491,93.3,36.8,-0.002,0.024,0.989,0,36.91478056817668,,102.57618710696762,-1.0,6.0,52.247478,21.051167,1.0
31255,2026-05-11 20:47:42.100000+00:00,52.2481327,21.0521394,93.2,36.23,-0.001,0.008,0.977,0,36.26016830146432,,98.39797051847472,-1.0,6.0,52.247478,21.051167,1.0
31260,2026-05-11 20:47:42.600000+00:00,52.2480889,21.0521285,93.1,35.43,0.013,-0.001,0.965,0,35.471115784526866,,94.33489663138327,-1.0,6.0,52.247478,21.051167,1.0
31265,2026-05-11 20:47:43.100000+00:00,52.2480451,21.0521182,93.1,35.25,-0.006,0.016,0.944,0,35.42801132853907,,90.38702860371308,-1.0,6.0,52.247478,21.051167,1.0
31270,2026-05-11 20:47:43.600000+00:00,52.2480026,21.0521092,93.1,33.8,-0.066,0.015,0.991,0,34.310434274363544,,86.70161560774868,-1.0,6.0,52.247478,21.051167,1.0
31275,2026-05-11 20:47:44.100000+00:00,52.2479623,21.0521003,93.1,32.2,-0.033,0.042,0.975,0,32.557910184348415,,83.28922200402818,-1.0,6.0,52.247478,21.051167,1.0
31280,2026-05-11 20:47:44.600000+00:00,52.2479239,21.0520931,93.1,30.3,-0.031,0.028,0.969,0,30.94507915928104,,80.20847969989954,-1.0,6.0,52.247478,21.051167,1.0
31285,2026-05-11 20:47:45.100000+00:00,52.2478862,21.0520864,93.2,29.65,-0.036,0.025,0.994,0,30.360893647277063,1.0,77.317333507744,-1.0,6.0,52.247478,21.051167,1.0
31290,2026-05-11 20:47:45.600000+00:00,52.2478497,21.0520808,93.3,28.74,-0.07,0.042,0.978,0,29.35066455555484,1.0,74.68886414726751,-1.0,6.0,52.247478,21.051167,1.0
31295,2026-05-11 20:47:46.100000+00:00,52.2478168,21.0520748,93.4,25.58,-0.099,0.053,0.966,0,26.503536008581523,1.0,72.37922273376837,-1.0,6.0,52.247478,21.051167,1.0
31300,2026-05-11 20:47:46.600000+00:00,52.2477874,21.0520692,93.4,23.17,-0.104,0.062,0.944,0,23.697256984373794,1.0,70.39992036235355,-1.0,6.0,52.247478,21.051167,1.0
31305,2026-05-11 20:47:47.100000+00:00,52.2477617,21.052064,93.4,20.01,-0.106,0.051,0.976,0,20.73278401615303,1.0,68.73371610845311,-1.0,6.0,52.247478,21.051167,1.0
31310,2026-05-11 20:47:47.600000+00:00,52.2477387,21.052059,93.3,18.13,-0.081,0.053,0.981,0,18.576264191705736,1.0,67.29079914631475,-1.0,6.0,52.247478,21.051167,1.0
31315,2026-05-11 20:47:48.100000+00:00,52.247719,21.0520561,93.3,14.91,-0.15,0.079,0.973,0,15.835816762955432,1.0,66.1960064623062,-1.0,6.0,52.247478,21.051167,1.0
31320,2026-05-11 20:47:48.600000+00:00,52.2477039,21.0520531,93.3,11.16,-0.165,0.076,0.984,0,12.17821933173412,1.0,65.34568719896053,-1.0,6.0,52.247478,21.051167,1.0
31325,2026-05-11 20:47:49.100000+00:00,52.2476939,21.0520497,93.2,7.29,-0.14,0.062,0.988,0,8.177656110241145,1.0,64.71136668735222,-1.0,6.0,52.247478,21.051167,1.0
31330,2026-05-11 20:47:49.600000+00:00,52.2476865,21.0520472,93.1,4.94,-0.101,0.058,0.971,0,6.049872131274978,1.0,64.25188025063312,-1.0,6.0,52.247478,21.051167,1.0
31335,2026-05-11 20:47:50.100000+00:00,52.2476823,21.0520461,93.0,2.6,-0.085,0.057,0.975,0,3.4054896978361624,1.0,64.01482917561421,-1.0,6.0,52.247478,21.051167,1.0
31340,2026-05-11 20:47:50.600000+00:00,52.2476804,21.0520456,93.1,0.79,-0.057,0.029,0.98,0,1.5407638846188072,1.0,63.90830120251264,-1.0,6.0,52.247478,21.051167,1.0
31345,2026-05-11 20:47:51.100000+00:00,52.2476801,21.0520455,93.1,0.22,-0.004,0.012,0.981,0,0.2451317824736443,1.0,63.89018861667756,-1.0,6.0,52.247478,21.051167,1.0
31350,2026-05-11 20:47:51.600000+00:00,52.2476797,21.0520457,93.1,0.12,0.034,0.004,0.969,0,0.3349106875609936,1.0,63.8873069937922,-1.0,6.0,52.247478,21.051167,1.0
31355,2026-05-11 20:47:52.100000+00:00,52.247679,21.0520461,93.2,0.11,0.031,0.001,0.975,0,0.5937304056908737,1.0,63.88553418029101,-1.0,6.0,52.247478,21.051167,1.0
31360,2026-05-11 20:47:52.600000+00:00,52.2476785,21.0520463,93.3,0.12,0.032,-0.001,0.974,0,0.4121311686804769,1.0,63.87886457596705,-1.0,6.0,52.247478,21.051167,1.0
31365,2026-05-11 20:47:53.100000+00:00,52.2476777,21.0520461,93.3,0.08,0.03,-0.001,0.976,0,0.6479419832724875,1.0,63.83510702467515,-1.0,6.0,52.247478,21.051167,1.0
31370,2026-05-11 20:47:53.600000+00:00,52.2476771,21.0520458,93.4,0.06,0.031,0.0,0.975,0,0.5023660357454404,1.0,63.7927751720182,-1.0,6.0,52.247478,21.051167,1.0
31375,2026-05-11 20:47:54.100000+00:00,52.2476765,21.0520455,93.5,0.03,0.031,-0.002,0.976,0,0.5023660363275523,1.0,63.750491574114086,-1.0,6.0,52.247478,21.051167,1.0
31380,2026-05-11 20:47:54.600000+00:00,52.2476759,21.0520451,93.6,0.14,0.03,0.0,0.975,0,0.5188354525828837,1.0,63.70186746801154,-1.0,6.0,52.247478,21.051167,1.0
31385,2026-05-11 20:47:55.100000+00:00,52.2476753,21.0520441,93.6,0.04,0.03,0.0,0.976,0,0.6863041169641337,1.0,63.61494467816926,-1.0,6.0,52.247478,21.051167,1.0
31390,2026-05-11 20:47:55.600000+00:00,52.2476748,21.0520432,93.6,0.12,0.029,0.0,0.977,0,0.5956984385832166,1.0,63.53826645909761,-1.0,6.0,52.247478,21.051167,1.0
31395,2026-05-11 20:47:56.100000+00:00,52.2476743,21.0520422,93.5,0.05,0.032,0.0,0.975,0,0.6328563016617549,1.0,63.45521094439308,-1.0,6.0,52.247478,21.051167,1.0
31400,2026-05-11 20:47:56.600000+00:00,52.2476739,21.0520413,93.5,0.1,0.03,-0.002,0.974,0,0.545132738817288,1.0,63.38238265672454,-1.0,6.0,52.247478,21.051167,1.0
31405,2026-05-11 20:47:57.100000+00:00,52.2476733,21.0520407,93.5,0.09,0.03,-0.001,0.975,0,0.563243604528708,1.0,63.321113199114336,-1.0,6.0,52.247478,21.051167,1.0
31410,2026-05-11 20:47:57.600000+00:00,52.2476729,21.0520402,93.5,0.08,0.031,0.0,0.977,0,0.4032628895833774,1.0,63.2738914827045,-1.0,6.0,52.247478,21.051167,1.0
31415,2026-05-11 20:47:58.100000+00:00,52.2476724,21.0520397,93.5,0.15,0.029,0.0,0.978,0,0.4693696743572135,1.0,63.22288148869045,-1.0,6.0,52.247478,21.051167,1.0
31420,2026-05-11 20:47:58.600000+00:00,52.247672,21.0520395,93.5,0.18,0.03,0.001,0.977,0,0.3349106925412847,1.0,63.19489009773061,-1.0,6.0,52.247478,21.051167,1.0
31425,2026-05-11 20:47:59.100000+00:00,52.2476716,21.0520391,93.5,0.04,0.03,0.0,0.977,0,0.3754957436729342,1.0,63.15411999573907,-1.0,6.0,52.247478,21.051167,1.0
31430,2026-05-11 20:47:59.600000+00:00,52.2476712,21.0520385,93.5,0.09,0.031,0.0,0.978,0,0.4347990130877323,1.0,63.10056404151875,-1.0,6.0,52.247478,21.051167,1.0
31435,2026-05-11 20:48:00.100000+00:00,52.2476708,21.052038,93.5,0.16,0.031,0.0,0.976,0,0.4032628925893558,1.0,63.05342272370112,-1.0,6.0,52.247478,21.051167,1.0
31440,2026-05-11 20:48:00.600000+00:00,52.2476705,21.0520372,93.4,0.12,0.027,-0.002,0.978,0,0.459844491976195,1.0,62.99086358155412,-1.0,6.0,52.247478,21.051167,1.0
31445,2026-05-11 20:48:01.100000+00:00,52.2476699,21.0520365,93.4,0.12,0.03,0.0,0.976,0,0.5903201745835798,1.0,62.92339036716911,-1.0,6.0,52.247478,21.051167,1.0
31450,2026-05-11 20:48:01.600000+00:00,52.2476696,21.0520361,93.3,0.11,0.029,0.0,0.977,0,0.3100474811727339,1.0,62.88646402297963,-1.0,6.0,52.247478,21.051167,1.0
31455,2026-05-11 20:48:02.100000+00:00,52.2476691,21.0520357,93.3,0.19,0.031,0.0,0.978,0,0.4457398175462682,1.0,62.84202225613954,-1.0,6.0,52.247478,21.051167,1.0
31460,2026-05-11 20:48:02.600000+00:00,52.247669,21.0520355,93.3,0.19,0.029,0.0,0.976,0,0.1265712730467418,1.0,62.82544884557338,-1.0,6.0,52.247478,21.051167,1.0
31465,2026-05-11 20:48:03.100000+00:00,52.2476684,21.0520354,93.3,0.17,0.03,0.0,0.975,0,0.4828564874728341,1.0,62.79651747381766,-1.0,6.0,52.247478,21.051167,1.0
31470,2026-05-11 20:48:03.600000+00:00,52.247668,21.0520354,93.3,0.22,0.032,0.0,0.974,0,0.3202413920396552,1.0,62.7815361763441,-1.0,6.0,52.247478,21.051167,1.0
31475,2026-05-11 20:48:04.100000+00:00,52.2476676,21.0520352,93.3,0.15,0.03,-0.001,0.975,0,0.3349106953871654,1.0,62.75375820705265,-1.0,6.0,52.247478,21.051167,1.0
31480,2026-05-11 20:48:04.600000+00:00,52.2476671,21.052035,93.3,0.16,0.03,0.001,0.977,0,0.412131174301505,1.0,62.72227392947215,-1.0,6.0,52.247478,21.051167,1.0
31485,2026-05-11 20:48:05.100000+00:00,52.2476665,21.0520353,93.3,0.12,0.031,0.0,0.976,0,0.502366046029418,1.0,62.71918879838644,-1.0,6.0,52.247478,21.051167,1.0
31490,2026-05-11 20:48:05.600000+00:00,52.2476659,21.0520356,93.4,0.07,0.03,0.0,0.978,0,0.50236604661153,1.0,62.71618114012328,-1.0,6.0,52.247478,21.051167,1.0
31495,2026-05-11 20:48:06.100000+00:00,52.2476651,21.0520361,93.4,0.18,0.03,0.0,0.982,0,0.6857730088714888,1.0,62.71871387865629,-1.0,6.0,52.247478,21.051167,1.0
31500,2026-05-11 20:48:06.600000+00:00,52.2476642,21.0520366,93.5,0.04,0.032,0.0,0.969,0,0.7610839814214833,1.0,62.71771955006434,-1.0,6.0,52.247478,21.051167,1.0
31505,2026-05-11 20:48:07.100000+00:00,52.2476635,21.052037,93.5,0.02,0.027,-0.009,0.977,0,0.5937304235039931,1.0,62.7177837024667,-1.0,6.0,52.247478,21.051167,1.0
31510,2026-05-11 20:48:07.600000+00:00,52.2476627,21.0520372,93.6,0.08,0.026,-0.009,0.978,0,0.6479419882872246,1.0,62.70144917336327,-1.0,6.0,52.247478,21.051167,1.0
31515,2026-05-11 20:48:08.100000+00:00,52.247662,21.0520374,93.6,0.06,0.031,-0.007,0.976,0,0.5689322754268364,1.0,62.68886772440391,-1.0,6.0,52.247478,21.051167,1.0
31520,2026-05-11 20:48:08.600000+00:00,52.2476613,21.0520375,93.7,0.1,0.03,-0.008,0.977,0,0.5625619574292029,1.0,62.66994552298176,-1.0,6.0,52.247478,21.051167,1.0
31525,2026-05-11 20:48:09.100000+00:00,52.2476607,21.0520378,93.7,0.18,0.028,-0.009,0.976,0,0.5023660516565005,1.0,62.66759989706132,-1.0,6.0,52.247478,21.051167,1.0
31530,2026-05-11 20:48:09.600000+00:00,52.2476604,21.0520381,93.7,0.14,0.026,-0.008,0.976,0,0.2816218248493374,1.0,62.676118515721456,-1.0,6.0,52.247478,21.051167,1.0
31535,2026-05-11 20:48:10.100000+00:00,52.2476599,21.0520388,93.8,0.05,0.03,-0.007,0.975,0,0.5272302220148156,1.0,62.703255718332535,-1.0,6.0,52.247478,21.051167,1.0
31540,2026-05-11 20:48:10.600000+00:00,52.2476595,21.0520392,93.9,0.04,0.03,-0.008,0.975,0,0.3754957715940887,1.0,62.71470523357882,-1.0,6.0,52.247478,21.051167,1.0
31545,2026-05-11 20:48:11.100000+00:00,52.247659,21.0520397,94.0,0.17,0.028,-0.009,0.977,0,0.4693697138224457,1.0,62.7290751629327,-1.0,6.0,52.247478,21.051167,1.0
31550,2026-05-11 20:48:11.600000+00:00,52.2476585,21.0520399,94.1,0.07,0.029,-0.007,0.975,0,0.4121311788216881,1.0,62.724159254150095,-1.0,6.0,52.247478,21.051167,1.0
31555,2026-05-11 20:48:12.100000+00:00,52.247658,21.0520402,94.2,0.09,0.011,-0.013,0.972,0,0.4264568006650906,1.0,62.72574719624966,-1.0,6.0,52.247478,21.051167,1.0
31560,2026-05-11 20:48:12.600000+00:00,52.2476574,21.0520399,94.3,0.26,0.028,-0.01,0.978,0,0.5023660548581166,1.0,62.68512849412961,-1.0,6.0,52.247478,21.051167,1.0
31565,2026-05-11 20:48:13.100000+00:00,52.247657,21.0520396,94.3,0.06,0.028,-0.006,0.974,0,0.3523896593040608,1.0,62.651622628948736,-1.0,6.0,52.247478,21.051167,1.0
31570,2026-05-11 20:48:13.600000+00:00,52.2476565,21.0520396,94.4,0.09,0.028,-0.008,0.976,0,0.4003017375032058,1.0,62.63398228665022,-1.0,6.0,52.247478,21.051167,1.0
31575,2026-05-11 20:48:14.100000+00:00,52.2476563,21.052039,94.4,0.28,0.027,-0.009,0.977,0,0.3348646418884845,1.0,62.58819327717127,-1.0,6.0,52.247478,21.051167,1.0
31580,2026-05-11 20:48:14.600000+00:00,52.2476556,21.0520387,94.4,0.14,0.027,-0.007,0.977,0,0.5793938453446731,1.0,62.54420176669256,-1.0,6.0,52.247478,21.051167,1.0
31585,2026-05-11 20:48:15.100000+00:00,52.2476549,21.0520384,94.5,0.02,0.028,-0.008,0.974,0,0.5793938459335164,1.0,62.50028290154978,-1.0,6.0,52.247478,21.051167,1.0
31590,2026-05-11 20:48:15.600000+00:00,52.2476539,21.0520374,94.5,0.1,0.029,-0.008,0.976,0,0.9387394504663586,1.0,62.400724833699286,-1.0,6.0,52.247478,21.051167,1.0
31595,2026-05-11 20:48:16.100000+00:00,52.2476529,21.0520353,94.4,0.28,0.029,-0.008,0.978,0,1.3040469022753036,1.0,62.23013995428332,-1.0,6.0,52.247478,21.051167,1.0
31600,2026-05-11 20:48:16.600000+00:00,52.2476523,21.0520351,94.5,0.09,0.028,-0.007,0.976,0,0.4902635668726329,1.0,62.19638438265101,-1.0,6.0,52.247478,21.051167,1.0
31605,2026-05-11 20:48:17.100000+00:00,52.2476518,21.0520348,94.6,0.03,0.028,-0.006,0.976,0,0.4264568029705617,1.0,62.1596702749837,-1.0,6.0,52.247478,21.051167,1.0
31610,2026-05-11 20:48:17.600000+00:00,52.2476509,21.0520347,94.7,0.12,0.03,-0.01,0.975,0,0.7222084604225106,1.0,62.12215609441297,-1.0,6.0,52.247478,21.051167,1.0
31615,2026-05-11 20:48:18.100000+00:00,52.2476502,21.0520347,94.8,0.19,0.028,-0.009,0.977,0,0.560422423337581,1.0,62.0981117758972,-1.0,6.0,52.247478,21.051167,1.0
31620,2026-05-11 20:48:18.600000+00:00,52.2476495,21.0520349,94.9,0.19,0.026,-0.008,0.975,0,0.5689322801861302,1.0,62.08711327704156,-1.0,6.0,52.247478,21.051167,1.0
31625,2026-05-11 20:48:19.100000+00:00,52.2476487,21.0520351,95.0,0.12,0.028,-0.008,0.976,0,0.6479419929676464,1.0,62.072812394326405,-1.0,6.0,52.247478,21.051167,1.0
31630,2026-05-11 20:48:19.600000+00:00,52.2476481,21.0520353,95.1,0.21,0.028,-0.008,0.977,0,0.4902635687283543,1.0,62.06541224057768,-1.0,6.0,52.247478,21.051167,1.0
31635,2026-05-11 20:48:20.100000+00:00,52.2476474,21.0520356,95.2,0.17,0.028,-0.007,0.977,0,0.5793938473165801,1.0,62.06119654209651,-1.0,6.0,52.247478,21.051167,1.0
31640,2026-05-11 20:48:20.600000+00:00,52.2476468,21.0520358,95.3,0.11,0.025,-0.008,0.972,0,0.4902635693027442,1.0,62.05395788885295,-1.0,6.0,52.247478,21.051167,1.0
31645,2026-05-11 20:48:21.100000+00:00,52.2476461,21.0520362,95.4,0.1,0.026,-0.008,0.975,0,0.593730454218793,1.0,62.05642566404991,-1.0,6.0,52.247478,21.051167,1.0
31650,2026-05-11 20:48:21.600000+00:00,52.2476455,21.0520365,95.5,0.12,0.029,-0.009,0.976,0,0.5023660664033385,1.0,62.05584486419984,-1.0,6.0,52.247478,21.051167,1.0
31655,2026-05-11 20:48:22.100000+00:00,52.2476448,21.0520368,95.7,0.05,0.027,-0.008,0.976,0,0.5793938445777405,1.0,62.05201805669027,-1.0,6.0,52.247478,21.051167,1.0
31660,2026-05-11 20:48:22.600000+00:00,52.2476438,21.0520375,95.8,0.16,0.029,-0.009,0.974,0,0.8710317097643792,1.0,62.06437614153519,-1.0,6.0,52.247478,21.051167,1.0
31665,2026-05-11 20:48:23.100000+00:00,52.247643,21.0520379,95.9,0.1,0.026,-0.008,0.975,0,0.6698214262947041,1.0,62.06402466954359,-1.0,6.0,52.247478,21.051167,1.0
31670,2026-05-11 20:48:23.600000+00:00,52.2476423,21.0520383,96.0,0.04,0.029,-0.008,0.976,0,0.5937304549573518,1.0,62.06708467329236,-1.0,6.0,52.247478,21.051167,1.0
31675,2026-05-11 20:48:24.100000+00:00,52.2476418,21.0520385,96.1,0.2,0.029,-0.008,0.976,0,0.412131192545803,1.0,62.06375892716218,-1.0,6.0,52.247478,21.051167,1.0
31680,2026-05-11 20:48:24.600000+00:00,52.2476411,21.0520389,96.2,0.17,0.027,-0.009,0.975,0,0.5937304567085894,1.0,62.06700420295358,-1.0,6.0,52.247478,21.051167,1.0
31685,2026-05-11 20:48:25.100000+00:00,52.2476403,21.0520394,96.3,0.06,0.028,-0.009,0.977,0,0.6857730583889906,1.0,62.07363867161382,-1.0,6.0,52.247478,21.051167,1.0
31690,2026-05-11 20:48:25.600000+00:00,52.2476393,21.05204,96.4,0.04,0.027,-0.008,0.977,0,0.8529136387220639,1.0,62.0805068502825,-1.0,6.0,52.247478,21.051167,1.0
31695,2026-05-11 20:48:26.100000+00:00,52.2476384,21.0520406,96.6,0.13,0.028,-0.007,0.975,0,0.7782532730267159,1.0,62.090793399823525,-1.0,6.0,52.247478,21.051167,1.0
31700,2026-05-11 20:48:26.600000+00:00,52.2476377,21.0520411,96.6,0.03,0.027,-0.006,0.976,0,0.6116696885092149,1.0,62.10109749532911,-1.0,6.0,52.247478,21.051167,1.0
31705,2026-05-11 20:48:27.100000+00:00,52.2476369,21.0520418,96.7,0.04,0.029,-0.01,0.976,0,0.7266006716397622,1.0,62.121405267880014,-1.0,6.0,52.247478,21.051167,1.0
31710,2026-05-11 20:48:27.600000+00:00,52.2476362,21.0520424,96.8,0.03,0.029,-0.008,0.976,0,0.6329052615045263,1.0,62.13848739117647,-1.0,6.0,52.247478,21.051167,1.0
31715,2026-05-11 20:48:28.100000+00:00,52.2476347,21.0520436,97.0,0.06,0.028,-0.009,0.976,0,1.337219665424653,1.0,62.16989311837211,-1.0,6.0,52.247478,21.051167,1.0
31720,2026-05-11 20:48:28.600000+00:00,52.2476338,21.0520442,97.1,0.15,0.029,-0.009,0.974,0,0.7782532845499012,1.0,62.18114910823338,-1.0,6.0,52.247478,21.051167,1.0
31725,2026-05-11 20:48:29.100000+00:00,52.2476333,21.0520446,97.2,0.06,0.028,-0.009,0.976,0,0.4457398917111,1.0,62.19184286954333,-1.0,6.0,52.247478,21.051167,1.0
31730,2026-05-11 20:48:29.600000+00:00,52.2476326,21.052045,97.3,0.13,0.028,-0.008,0.976,0,0.5937304691131887,1.0,62.19644614041504,-1.0,6.0,52.247478,21.051167,1.0
31735,2026-05-11 20:48:30.100000+00:00,52.2476321,21.0520454,97.3,0.09,0.028,-0.007,0.975,0,0.4457398947295304,1.0,62.20728037140586,-1.0,6.0,52.247478,21.051167,1.0
31740,2026-05-11 20:48:30.600000+00:00,52.2476315,21.0520459,97.4,0.24,0.028,-0.008,0.975,0,0.5392719643375405,1.0,62.22166962032868,-1.0,6.0,52.247478,21.051167,1.0
31745,2026-05-11 20:48:31.100000+00:00,52.2476312,21.0520461,97.5,0.13,0.027,-0.008,0.976,0,0.2594177637417894,1.0,62.22562287644088,-1.0,6.0,52.247478,21.051167,1.0
31750,2026-05-11 20:48:31.600000+00:00,52.2476304,21.0520469,97.6,0.21,0.045,-0.016,0.973,0,0.7509916730343376,1.0,62.25373435028601,-1.0,6.0,52.247478,21.051167,1.0
31755,2026-05-11 20:48:32.100000+00:00,52.2476286,21.0520473,97.7,1.03,0.079,-0.031,0.968,0,1.4543631439271734,1.0,62.22577717970237,-1.0,6.0,52.247478,21.051167,1.0
31760,2026-05-11 20:48:32.600000+00:00,52.2476252,21.0520476,97.9,2.21,0.09,-0.035,0.971,0,2.7260209030604154,1.0,62.14480608041835,-1.0,6.0,52.247478,21.051167,1.0
31765,2026-05-11 20:48:33.100000+00:00,52.2476215,21.0520461,98.1,3.44,0.098,-0.036,0.973,0,3.0521176775194454,1.0,61.93903906275561,-1.0,6.0,52.247478,21.051167,1.0
31770,2026-05-11 20:48:33.600000+00:00,52.2476155,21.0520457,98.2,4.73,0.1,-0.037,0.974,0,4.807620583127518,1.0,61.74414958711712,-1.0,6.0,52.247478,21.051167,1.0
31775,2026-05-11 20:48:34.100000+00:00,52.2476076,21.0520445,98.3,6.3,0.108,-0.04,0.973,0,6.352060020924707,1.0,61.453098473706426,-1.0,6.0,52.247478,21.051167,1.0
31780,2026-05-11 20:48:34.600000+00:00,52.247598,21.0520427,98.3,7.83,0.115,-0.039,0.967,0,7.736270561625936,1.0,61.09198765277839,-1.0,6.0,52.247478,21.051167,1.0
31785,2026-05-11 20:48:35.100000+00:00,52.2475872,21.0520383,98.3,9.36,0.112,-0.06,0.962,0,8.911443460630837,1.0,60.54749414079779,-1.0,6.0,52.247478,21.051167,1.0
31790,2026-05-11 20:48:35.600000+00:00,52.2475723,21.0520367,98.4,11.29,0.106,-0.038,0.966,0,11.954744922469123,1.0,60.129852189740944,-1.0,6.0,52.247478,21.051167,1.0
31795,2026-05-11 20:48:36.100000+00:00,52.2475536,21.0520371,98.9,13.38,0.098,-0.048,0.971,0,14.972568748361706,1.0,59.82928227056203,-1.0,6.0,52.247478,21.051167,1.0
31800,2026-05-11 20:48:36.600000+00:00,52.247532,21.0520376,99.5,14.81,0.099,-0.044,0.963,0,17.294771642575412,1.0,59.5732024838484,-1.0,6.0,52.247478,21.051167,1.0
31805,2026-05-11 20:48:37.100000+00:00,52.2475095,21.0520368,100.1,16.19,0.076,-0.093,0.988,0,18.01784580955465,1.0,59.3188779265935,-1.0,6.0,52.247478,21.051167,1.0
31810,2026-05-11 20:48:37.600000+00:00,52.2474874,21.0520321,100.4,17.56,0.051,-0.107,0.938,0,17.842692462731723,1.0,58.90469252547755,-1.0,6.0,52.247478,21.051167,1.0
31815,2026-05-11 20:48:38.100000+00:00,52.2474647,21.0520255,100.6,17.72,0.006,-0.071,0.967,0,18.459398485932503,1.0,58.46481730355397,-1.0,6.0,52.247478,21.051167,1.0
31820,2026-05-11 20:48:38.600000+00:00,52.2474446,21.0520126,100.6,17.25,-0.044,-0.122,0.965,0,17.289871004244,1.0,57.6875737286564,-1.0,6.0,52.247478,21.051167,1.0
31825,2026-05-11 20:48:39.100000+00:00,52.2474249,21.0519968,100.8,17.14,-0.069,-0.156,0.959,0,17.57080025738443,1.0,56.79998030636058,-1.0,6.0,52.247478,21.051167,1.0
31830,2026-05-11 20:48:39.600000+00:00,52.2474047,21.0519803,101.3,17.55,-0.093,-0.159,0.968,0,18.081836602313448,1.0,55.96564970994534,-1.0,6.0,52.247478,21.051167,1.0
31835,2026-05-11 20:48:40.100000+00:00,52.2473884,21.0519571,101.6,17.33,-0.116,-0.2,0.968,0,17.309547181930423,1.0,54.7044435567852,-1.0,6.0,52.247478,21.051167,1.0
31840,2026-05-11 20:48:40.600000+00:00,52.2473738,21.0519292,102.1,18.21,-0.113,-0.165,0.95,0,17.99044000634183,1.0,53.16796114885817,-1.0,6.0,52.247478,21.051167,1.0
31845,2026-05-11 20:48:41.100000+00:00,52.2473648,21.0518974,102.3,17.88,-0.114,-0.181,0.96,0,17.172297151399167,1.0,51.29361606735156,-1.0,6.0,52.247478,21.051167,1.0
31850,2026-05-11 20:48:41.600000+00:00,52.247358,21.0518641,102.5,18.03,-0.096,-0.151,0.957,0,17.20668968357466,1.0,49.29830856861032,-1.0,6.0,52.247478,21.051167,1.0
31855,2026-05-11 20:48:42.100000+00:00,52.247363,21.0518177,101.4,18.97,-0.072,-0.165,0.963,0,23.09358661933884,1.0,46.107957501044055,-1.0,6.0,52.247478,21.051167,1.0
31860,2026-05-11 20:48:42.600000+00:00,52.2473654,21.0517734,100.8,19.2,-0.033,-0.144,0.953,0,21.79948254770193,1.0,43.14023147068269,-1.0,6.0,52.247478,21.051167,1.0
31865,2026-05-11 20:48:43.100000+00:00,52.2473682,21.0517331,100.9,19.76,0.004,-0.084,0.964,0,19.88073386344914,1.0,40.4274320696882,-1.0,6.0,52.247478,21.051167,1.0
31870,2026-05-11 20:48:43.600000+00:00,52.2473786,21.0516833,99.7,21.0,0.028,-0.094,0.964,0,25.791535709754317,1.0,36.84621865077303,-1.0,6.0,52.247478,21.051167,1.0
31875,2026-05-11 20:48:44.100000+00:00,52.2473838,21.0516398,99.6,21.37,0.029,-0.082,0.968,0,21.725108799263825,1.0,33.84937052922186,-1.0,6.0,52.247478,21.051167,1.0
31880,2026-05-11 20:48:44.600000+00:00,52.247395,21.0515884,98.9,22.38,0.067,-0.033,0.97,0,26.7429071901264,1.0,30.13663295990499,-1.0,6.0,52.247478,21.051167,1.0
31885,2026-05-11 20:48:45.100000+00:00,52.2474018,21.05154,98.6,23.73,0.09,0.002,0.98,0,24.34095117683996,1.0,26.769909861688703,-1.0,6.0,52.247478,21.051167,1.0
31890,2026-05-11 20:48:45.600000+00:00,52.2474103,21.0514854,97.7,24.44,0.074,0.004,0.96,0,27.615008897490963,1.0,22.946432002589997,-1.0,6.0,52.247478,21.051167,1.0
31895,2026-05-11 20:48:46.100000+00:00,52.2474214,21.0514268,96.4,25.68,0.039,-0.09,0.963,0,30.067350487389515,1.0,18.77339853520391,-1.0,6.0,52.247478,21.051167,1.0
31900,2026-05-11 20:48:46.600000+00:00,52.2474287,21.0513745,96.3,25.58,-0.01,-0.059,0.97,0,26.29373720990282,1.0,15.152835741729454,-1.0,6.0,52.247478,21.051167,1.0
31905,2026-05-11 20:48:47.100000+00:00,52.2474348,21.0513237,96.2,24.87,-0.028,0.036,0.975,0,25.375109871166597,1.0,11.69964762329384,-1.0,6.0,52.247478,21.051167,1.0
31910,2026-05-11 20:48:47.600000+00:00,52.2474391,21.0512766,96.1,22.69,-0.065,0.108,0.976,0,23.34233975951537,1.0,8.62460102101479,-1.0,6.0,52.247478,21.051167,1.0
31915,2026-05-11 20:48:48.100000+00:00,52.2474416,21.0512339,96.0,20.28,-0.107,0.092,0.981,0,21.025807153932604,1.0,6.093091854466676,-1.0,6.0,52.247478,21.051167,1.0
31920,2026-05-11 20:48:48.600000+00:00,52.2474433,21.0511965,96.0,17.8,-0.099,0.054,0.965,0,18.382868332167558,1.0,4.349847952289326,-1.0,6.0,52.247478,21.051167,1.0
31925,2026-05-11 20:48:49.100000+00:00,52.2474449,21.051165,95.9,14.2,-0.17,0.095,0.981,0,15.49344738862948,1.0,3.683069745087171,-1.0,6.0,52.247478,21.051167,1.0
31930,2026-05-11 20:48:49.600000+00:00,52.2474462,21.0511426,95.9,9.67,-0.226,0.106,0.983,0,11.029059570975589,1.0,3.906745428791902,-1.0,6.0,52.247478,21.051167,1.0
31935,2026-05-11 20:48:50.100000+00:00,52.2474465,21.0511299,95.9,4.61,-0.246,0.097,0.981,0,6.229809598136562,1.0,4.318318006391383,-1.0,6.0,52.247478,21.051167,1.0
31940,2026-05-11 20:48:50.600000+00:00,52.2474459,21.0511256,96.1,1.09,-0.168,0.062,0.988,0,2.1617827820104387,1.0,4.547985121031472,-1.0,6.0,52.247478,21.051167,1.0
31945,2026-05-11 20:48:51.100000+00:00,52.2474458,21.051125,96.2,0.08,-0.005,0.016,0.97,0,0.3048051427466403,1.0,4.582095207953413,-1.0,6.0,52.247478,21.051167,1.0
31950,2026-05-11 20:48:51.600000+00:00,52.2474455,21.0511244,96.2,0.17,0.022,0.006,0.97,0,0.3797149572791014,1.0,4.633664876149014,-1.0,6.0,52.247478,21.051167,1.0
31955,2026-05-11 20:48:52.100000+00:00,52.2474449,21.0511236,96.3,0.15,0.023,0.002,0.977,0,0.6200962164293432,1.0,4.71978640514495,-1.0,6.0,52.247478,21.051167,1.0
31960,2026-05-11 20:48:52.600000+00:00,52.247444,21.0511224,96.5,0.39,0.022,0.002,0.975,0,0.930144331424886,1.0,4.848968895740142,-1.0,6.0,52.247478,21.051167,1.0
31965,2026-05-11 20:48:53.100000+00:00,52.2474429,21.0511215,96.7,0.09,0.024,0.002,0.978,0,0.984980170473316,1.0,4.982785034277436,-1.0,6.0,52.247478,21.051167,1.0
31970,2026-05-11 20:48:53.600000+00:00,52.2474418,21.0511204,96.9,0.05,0.023,0.002,0.978,0,1.0326147487505994,1.0,5.125176224410622,-1.0,6.0,52.247478,21.051167,1.0
31975,2026-05-11 20:48:54.100000+00:00,52.2474409,21.0511192,97.1,0.3,0.021,0.002,0.977,0,0.9301443534698572,1.0,5.254344406276093,-1.0,6.0,52.247478,21.051167,1.0
31980,2026-05-11 20:48:54.600000+00:00,52.2474398,21.0511178,97.3,0.12,0.025,0.003,0.977,0,1.1164651149907947,1.0,5.4094063431764985,-1.0,6.0,52.247478,21.051167,1.0
31985,2026-05-11 20:48:55.100000+00:00,52.2474389,21.0511159,97.4,0.46,0.065,-0.01,0.971,0,1.177518786969869,1.0,5.568223771039214,-1.0,6.0,52.247478,21.051167,1.0
31990,2026-05-11 20:48:55.600000+00:00,52.2474383,21.0511123,97.5,1.8,0.087,-0.021,0.968,0,1.828831129358825,1.0,5.775379027998166,-1.0,6.0,52.247478,21.051167,1.0
31995,2026-05-11 20:48:56.100000+00:00,52.2474379,21.0511063,97.7,2.63,0.091,-0.02,0.974,0,2.9584132738836617,1.0,6.079375504362122,-1.0,6.0,52.247478,21.051167,1.0
32000,2026-05-11 20:48:56.600000+00:00,52.2474375,21.0510974,97.8,3.89,0.086,-0.016,0.973,0,4.374265378348699,1.0,6.536992366890911,-1.0,6.0,52.247478,21.051167,1.0
32005,2026-05-11 20:48:57.100000+00:00,52.2474377,21.0510869,97.9,5.25,0.1,-0.022,0.973,0,5.149291826989409,1.0,7.058163378075992,-1.0,6.0,52.247478,21.051167,1.0
32010,2026-05-11 20:48:57.600000+00:00,52.2474372,21.0510724,98.0,7.55,0.115,-0.028,0.967,0,7.118751876644705,1.0,7.877796905400586,-1.0,6.0,52.247478,21.051167,1.0
32015,2026-05-11 20:48:58.100000+00:00,52.247438,21.0510553,98.0,8.8,0.123,-0.03,0.973,0,8.406368947523697,1.0,8.80969765515208,-1.0,6.0,52.247478,21.051167,1.0
32020,2026-05-11 20:48:58.600000+00:00,52.247439,21.051035,97.9,10.04,0.11,-0.031,0.981,0,9.982638896970604,1.0,9.97811853633825,-1.0,6.0,52.247478,21.051167,1.0
32025,2026-05-11 20:48:59.100000+00:00,52.2474396,21.0510107,97.9,11.37,0.113,-0.026,0.954,0,11.92085143514868,1.0,11.465540188069092,-1.0,6.0,52.247478,21.051167,1.0
32030,2026-05-11 20:48:59.600000+00:00,52.2474398,21.0509835,97.9,13.36,0.114,-0.014,0.991,0,13.333628077992532,1.0,13.194945764715108,-1.0,6.0,52.247478,21.051167,1.0
32035,2026-05-11 20:49:00.100000+00:00,52.2474405,21.0509526,97.8,15.38,0.109,-0.016,0.939,0,15.156665699697044,1.0,15.18014372480879,-1.0,6.0,52.247478,21.051167,1.0
32040,2026-05-11 20:49:00.600000+00:00,52.2474403,21.0509187,97.8,16.89,0.104,-0.036,0.976,0,16.617587298958835,1.0,17.416141783234863,-1.0,6.0,52.247478,21.051167,1.0
32045,2026-05-11 20:49:01.100000+00:00,52.2474415,21.0508813,97.7,18.37,0.102,-0.043,0.957,0,18.35757257798626,1.0,19.86920752724857,-1.0,6.0,52.247478,21.051167,1.0
32050,2026-05-11 20:49:01.600000+00:00,52.2474431,21.0508403,97.6,20.06,0.097,-0.037,0.98,0,20.13781543529945,1.0,22.577538892302123,-1.0,6.0,52.247478,21.051167,1.0
32055,2026-05-11 20:49:02.100000+00:00,52.2474439,21.0507966,97.4,21.7,0.102,-0.042,0.957,0,21.43006885872005,1.0,25.50007549226143,-1.0,6.0,52.247478,21.051167,1.0
32060,2026-05-11 20:49:02.600000+00:00,52.2474455,21.0507501,97.4,22.63,0.072,-0.04,0.973,0,22.82894205032904,1.0,28.611425867138315,-1.0,6.0,52.247478,21.051167,1.0
32065,2026-05-11 20:49:03.100000+00:00,52.247448,21.0507014,97.4,23.76,0.052,-0.071,0.976,0,23.95511343651313,1.0,31.8727924359992,-1.0,6.0,52.247478,21.051167,1.0
32070,2026-05-11 20:49:03.600000+00:00,52.2474524,21.0506513,97.4,24.05,0.047,-0.036,0.963,0,24.80895627026093,1.0,35.2237296689639,-1.0,6.0,52.247478,21.051167,1.0
32075,2026-05-11 20:49:04.100000+00:00,52.2474561,21.0505994,97.4,25.66,0.06,-0.006,0.973,0,25.611777181743737,1.0,38.71848958570486,-1.0,6.0,52.247478,21.051167,1.0
32080,2026-05-11 20:49:04.600000+00:00,52.2474595,21.0505457,97.4,26.15,0.069,0.006,0.962,0,26.462575554534432,1.0,42.34768685992228,-1.0,6.0,52.247478,21.051167,1.0
32085,2026-05-11 20:49:05.100000+00:00,52.2474636,21.0504915,97.4,26.77,0.068,-0.004,0.968,0,26.76929796759243,1.0,46.01545899732397,-1.0,6.0,52.247478,21.051167,1.0
32090,2026-05-11 20:49:05.600000+00:00,52.2474664,21.0504355,97.4,27.64,0.068,-0.008,0.964,0,27.540974537204644,1.0,49.81673453644997,-1.0,6.0,52.247478,21.051167,1.0
32095,2026-05-11 20:49:06.100000+00:00,52.2474694,21.0503783,97.5,28.4,0.068,-0.01,0.974,0,28.14048127601761,1.0,53.70268404221346,-1.0,6.0,52.247478,21.051167,1.0
32100,2026-05-11 20:49:06.600000+00:00,52.2474718,21.0503179,97.5,29.28,0.059,-0.025,0.957,0,29.66862738467348,1.0,57.81027019095549,-1.0,6.0,52.247478,21.051167,1.0
32105,2026-05-11 20:49:07.100000+00:00,52.247474,21.0502561,97.5,30.3,0.068,-0.028,0.979,0,30.343742149349666,1.0,62.015055421330246,-1.0,6.0,52.247478,21.051167,1.0
32110,2026-05-11 20:49:07.600000+00:00,52.2474759,21.0501933,97.6,30.95,0.056,-0.015,0.955,0,30.82031116720845,1.0,66.2892520868684,-1.0,6.0,52.247478,21.051167,1.0
32115,2026-05-11 20:49:08.100000+00:00,52.2474777,21.0501292,97.7,31.67,0.066,0.0,0.936,0,31.45300171558666,1.0,70.65273211718858,-1.0,6.0,52.247478,21.051167,1.0
32120,2026-05-11 20:49:08.600000+00:00,52.2474806,21.0500648,97.8,31.92,0.055,0.007,1.02,0,31.65228787074877,1.0,75.03758730792562,-1.0,6.0,52.247478,21.051167,1.0
32125,2026-05-11 20:49:09.100000+00:00,52.2474836,21.049999,97.9,32.71,0.05,-0.027,0.961,0,32.34256270355704,1.0,79.51908526361154,-1.0,6.0,52.247478,21.051167,1.0
32130,2026-05-11 20:49:09.600000+00:00,52.2474885,21.0499324,97.9,33.37,0.054,-0.017,0.958,0,32.88025587303505,,84.05883410702887,-1.0,6.0,52.247478,21.051167,1.0
32135,2026-05-11 20:49:10.100000+00:00,52.2474919,21.0498639,97.8,33.79,0.04,-0.003,0.991,0,33.68687127105443,,88.72761821783233,-1.0,6.0,52.247478,21.051167,1.0
32140,2026-05-11 20:49:10.600000+00:00,52.2474963,21.0497954,97.8,34.41,0.063,0.006,0.936,0,33.7609927566228,,88.49386045156392,-1.0,6.0,52.247686,21.048533,2.0
32145,2026-05-11 20:49:11.100000+00:00,52.2475003,21.0497249,97.8,35.04,0.065,-0.014,0.972,0,34.7051170073454,,83.72962830186567,-1.0,6.0,52.247686,21.048533,2.0
32150,2026-05-11 20:49:11.600000+00:00,52.247501,21.0496522,97.8,35.69,0.048,-0.018,0.977,0,35.63983043146181,2.0,78.92225321368839,-1.0,6.0,52.247686,21.048533,2.0
32155,2026-05-11 20:49:12.100000+00:00,52.2475062,21.0495798,97.8,35.85,0.05,-0.013,0.962,0,35.73172464852048,2.0,74.01654929339678,-1.0,6.0,52.247686,21.048533,2.0
32160,2026-05-11 20:49:12.600000+00:00,52.2475111,21.0495056,97.7,36.91,0.052,-0.011,0.987,0,36.58162789340619,2.0,69.0107819891875,-1.0,6.0,52.247686,21.048533,2.0
32165,2026-05-11 20:49:13.100000+00:00,52.2475158,21.0494307,97.6,37.14,0.064,0.01,0.954,0,36.9061141747123,2.0,63.97788091441434,-1.0,6.0,52.247686,21.048533,2.0
32170,2026-05-11 20:49:13.600000+00:00,52.2475239,21.0493491,96.7,38.07,0.069,-0.02,0.973,0,40.5202169939871,2.0,58.410052820134894,-1.0,6.0,52.247686,21.048533,2.0
32175,2026-05-11 20:49:14.100000+00:00,52.2475292,21.0492712,96.3,38.31,0.023,0.01,0.966,0,38.41932793103904,2.0,53.19453548161864,-1.0,6.0,52.247686,21.048533,2.0
32180,2026-05-11 20:49:14.600000+00:00,52.2475349,21.0491932,95.7,38.31,0.018,-0.008,0.983,0,38.50468039161127,2.0,47.98354319372648,-1.0,6.0,52.247686,21.048533,2.0
32185,2026-05-11 20:49:15.100000+00:00,52.2475422,21.0491141,94.7,37.49,-0.004,-0.015,0.968,0,39.21049134569164,2.0,42.67000787543595,-1.0,6.0,52.247686,21.048533,2.0
32190,2026-05-11 20:49:15.600000+00:00,52.247549,21.049037,94.1,36.6,-0.016,-0.048,0.932,0,38.18224623838305,2.0,37.54158145535082,-1.0,6.0,52.247686,21.048533,2.0
32195,2026-05-11 20:49:16.100000+00:00,52.2475581,21.0489622,93.9,36.53,-0.031,-0.071,1.027,0,37.38156606574813,2.0,32.496810275932354,-1.0,6.0,52.247686,21.048533,2.0
32200,2026-05-11 20:49:16.600000+00:00,52.2475686,21.04889,93.9,35.86,-0.033,-0.074,0.941,0,36.3749778242044,2.0,27.588227513132686,-1.0,6.0,52.247686,21.048533,2.0
32205,2026-05-11 20:49:17.100000+00:00,52.2475797,21.0488209,93.7,33.93,-0.152,-0.005,0.972,0,35.01715713735999,2.0,22.888243489233744,-1.0,6.0,52.247686,21.048533,2.0
32210,2026-05-11 20:49:17.600000+00:00,52.2475901,21.0487615,93.5,29.24,-0.194,0.044,1.005,0,30.283228145795483,2.0,18.860104240902555,-1.0,6.0,52.247686,21.048533,2.0
32215,2026-05-11 20:49:18.100000+00:00,52.2476012,21.0487067,93.3,27.79,-0.069,-0.014,0.961,0,28.293166107470768,2.0,15.124509938951974,-1.0,6.0,52.247686,21.048533,2.0
32220,2026-05-11 20:49:18.600000+00:00,52.2476118,21.0486566,93.2,24.85,-0.114,0.042,0.99,0,25.98249203834592,2.0,11.78467117781903,-1.0,6.0,52.247686,21.048533,2.0
32225,2026-05-11 20:49:19.100000+00:00,52.2476219,21.0486125,93.2,21.39,-0.161,0.05,0.992,0,23.079365926711183,2.0,8.94960533163347,-1.0,6.0,52.247686,21.048533,2.0
32230,2026-05-11 20:49:19.600000+00:00,52.2476316,21.0485763,93.2,18.49,-0.142,0.072,0.955,0,19.369120846997795,2.0,6.7290496110763085,-1.0,6.0,52.247686,21.048533,2.0
32235,2026-05-11 20:49:20.100000+00:00,52.2476415,21.0485536,93.5,11.17,-0.255,0.172,0.98,0,13.661176881870013,2.0,5.143076241191824,-1.0,6.0,52.247686,21.048533,2.0
32240,2026-05-11 20:49:20.600000+00:00,52.2476489,21.0485448,94.0,6.49,-0.222,0.147,0.977,0,7.3284028315913075,2.0,4.202821144187879,-1.0,6.0,52.247686,21.048533,2.0
32245,2026-05-11 20:49:21.100000+00:00,52.247654,21.0485449,94.3,2.87,-0.147,0.103,0.987,0,4.083371916150578,2.0,3.649298942863316,-1.0,6.0,52.247686,21.048533,2.0
32250,2026-05-11 20:49:21.600000+00:00,52.247657,21.0485499,94.6,0.9,-0.097,0.1,0.973,0,3.4315213767241297,2.0,3.4237579181824103,-1.0,6.0,52.247686,21.048533,2.0
32255,2026-05-11 20:49:22.100000+00:00,52.2476578,21.048554,94.8,0.39,0.037,0.038,0.962,0,2.1092857560718303,2.0,3.446232984645031,-1.0,6.0,52.247686,21.048533,2.0
32260,2026-05-11 20:49:22.600000+00:00,52.2476581,21.0485585,95.1,0.76,0.038,0.023,0.982,0,2.218799090195242,2.0,3.555032022094896,-1.0,6.0,52.247686,21.048533,2.0
32265,2026-05-11 20:49:23.100000+00:00,52.2476594,21.0485668,95.6,0.55,0.049,0.024,0.978,0,4.199421727451008,2.0,3.747455219320908,-1.0,6.0,52.247686,21.048533,2.0
32270,2026-05-11 20:49:23.600000+00:00,52.247662,21.0485804,96.3,0.15,0.045,0.025,0.973,0,6.983730136722782,2.0,4.187484038272966,-1.0,6.0,52.247686,21.048533,2.0
32275,2026-05-11 20:49:24.100000+00:00,52.2476655,21.0485972,97.1,0.17,0.047,0.023,0.975,0,8.69853059267694,2.0,4.92939006000594,-1.0,6.0,52.247686,21.048533,2.0
32280,2026-05-11 20:49:24.600000+00:00,52.247668,21.0486109,97.8,0.46,0.086,0.009,0.969,0,7.00724676999827,2.0,5.668475840396856,-1.0,6.0,52.247686,21.048533,2.0
32285,2026-05-11 20:49:25.100000+00:00,52.2476775,21.0486487,99.7,1.66,0.108,-0.004,0.973,0,20.028687734638293,2.0,7.933245408379454,-1.0,6.0,52.247686,21.048533,2.0
32290,2026-05-11 20:49:25.600000+00:00,52.24769,21.0486951,102.3,2.37,0.116,0.0,0.972,0,24.848198770029946,2.0,11.044566005505535,-1.0,6.0,52.247686,21.048533,2.0
32295,2026-05-11 20:49:26.100000+00:00,52.2476987,21.0487195,104.1,2.96,0.117,0.01,0.972,0,13.840488537762278,2.0,12.775025058972494,-1.0,6.0,52.247686,21.048533,2.0
32300,2026-05-11 20:49:26.600000+00:00,52.2477012,21.0487114,104.9,5.05,0.116,-0.001,0.974,0,4.4463295401478815,2.0,12.262331919915386,-1.0,6.0,52.247686,21.048533,2.0
32305,2026-05-11 20:49:27.100000+00:00,52.2477054,21.0487054,105.4,4.95,0.135,0.01,0.972,0,4.467235157850211,2.0,11.933412423673984,-1.0,6.0,52.247686,21.048533,2.0
32310,2026-05-11 20:49:27.600000+00:00,52.2477122,21.0487017,106.1,6.17,0.147,0.001,0.964,0,5.738248459044862,2.0,11.84866489798298,-1.0,6.0,52.247686,21.048533,2.0
32315,2026-05-11 20:49:28.100000+00:00,52.2477209,21.048695,106.6,8.12,0.181,-0.017,0.953,0,7.700663198953892,2.0,11.691628097921438,-1.0,6.0,52.247686,21.048533,2.0
32320,2026-05-11 20:49:28.600000+00:00,52.247732,21.0486822,107.2,9.97,0.197,-0.026,0.975,0,10.878347219665187,2.0,11.37256797775601,-1.0,6.0,52.247686,21.048533,2.0
32325,2026-05-11 20:49:29.100000+00:00,52.2477441,21.0486611,107.7,14.71,0.202,0.0,0.951,0,14.17082111719483,2.0,10.853177078768011,-1.0,6.0,52.247686,21.048533,2.0
32330,2026-05-11 20:49:29.600000+00:00,52.2477524,21.0486231,107.2,19.33,0.159,-0.039,0.984,0,19.77621163481587,2.0,9.598888230155769,-1.0,6.0,52.247686,21.048533,2.0
32335,2026-05-11 20:49:30.100000+00:00,52.2477589,21.0485794,107.0,21.61,0.146,-0.029,0.962,0,22.04341141470454,2.0,8.699852822876842,-1.0,6.0,52.247686,21.048533,2.0
32340,2026-05-11 20:49:30.600000+00:00,52.2477661,21.0485318,106.9,23.55,0.126,-0.052,0.953,0,24.033513036292064,2.0,8.907088278773884,-1.0,6.0,52.247686,21.048533,2.0
32345,2026-05-11 20:49:31.100000+00:00,52.2477744,21.04848,106.8,25.46,0.091,-0.124,0.937,0,26.245831789635684,2.0,10.470942919646124,-1.0,6.0,52.247686,21.048533,2.0
32350,2026-05-11 20:49:31.600000+00:00,52.2477857,21.0484252,106.6,26.89,0.073,-0.089,1.002,0,28.34376082910721,2.0,13.295185262552662,-1.0,6.0,52.247686,21.048533,2.0
32355,2026-05-11 20:49:32.100000+00:00,52.2477969,21.0483679,106.4,28.36,0.079,-0.093,0.935,0,29.483221069466754,2.0,16.685325787698474,-1.0,6.0,52.247686,21.048533,2.0
32360,2026-05-11 20:49:32.600000+00:00,52.2478103,21.048309,106.4,29.94,0.065,-0.115,0.962,0,30.79965725749509,2.0,20.5812364609852,-1.0,6.0,52.247686,21.048533,2.0
32365,2026-05-11 20:49:33.100000+00:00,52.2478254,21.0482484,106.3,31.42,0.06,-0.116,0.958,0,32.06996720251622,2.0,24.81266316823208,-1.0,6.0,52.247686,21.048533,2.0
32370,2026-05-11 20:49:33.600000+00:00,52.2478425,21.0481858,106.1,33.43,0.047,-0.132,0.968,0,33.60002060391838,2.0,29.351951845570497,-1.0,6.0,52.247686,21.048533,2.0
32375,2026-05-11 20:49:34.100000+00:00,52.2478616,21.0481214,106.0,34.83,0.039,-0.142,0.961,0,35.075501858091435,2.0,34.15331922252173,-1.0,6.0,52.247686,21.048533,2.0
32380,2026-05-11 20:49:34.600000+00:00,52.2478826,21.0480556,105.9,36.16,0.033,-0.116,0.971,0,36.37197204552291,2.0,39.16892775573539,-1.0,6.0,52.247686,21.048533,2.0
32385,2026-05-11 20:49:35.100000+00:00,52.2479042,21.0479869,105.7,37.53,0.051,-0.083,0.966,0,37.85521261235338,2.0,44.39451582806896,-1.0,6.0,52.247686,21.048533,2.0
32390,2026-05-11 20:49:35.600000+00:00,52.2479276,21.0479204,105.1,38.05,0.05,-0.072,0.965,0,37.59614850041636,2.0,49.60872880864838,-1.0,6.0,52.247686,21.048533,2.0
32395,2026-05-11 20:49:36.100000+00:00,52.247952,21.0478558,104.0,39.05,0.056,-0.087,0.954,0,37.2056495775234,2.0,54.77529197064882,-1.0,6.0,52.247686,21.048533,2.0
32400,2026-05-11 20:49:36.600000+00:00,52.247978,21.0477869,103.1,40.27,0.042,-0.074,0.971,0,39.67202272646976,2.0,60.28447884530985,-1.0,6.0,52.247686,21.048533,2.0
32405,2026-05-11 20:49:37.100000+00:00,52.2480043,21.0477174,102.3,41.25,0.055,-0.075,0.967,0,40.04842281607196,2.0,65.84617505106799,-1.0,6.0,52.247686,21.048533,2.0
32410,2026-05-11 20:49:37.600000+00:00,52.2480321,21.0476446,101.3,42.44,0.033,-0.064,0.98,0,42.05607833593199,2.0,71.68703914892203,-1.0,6.0,52.247686,21.048533,2.0
32415,2026-05-11 20:49:38.100000+00:00,52.2480621,21.0475687,99.9,42.48,0.005,-0.043,0.955,0,44.28284854684755,2.0,77.83731198375114,-1.0,6.0,52.247686,21.048533,2.0
32420,2026-05-11 20:49:38.600000+00:00,52.2480882,21.0474914,99.2,41.49,-0.007,-0.029,0.958,0,43.26965717190273,,83.83584216524696,-1.0,6.0,52.247686,21.048533,2.0
32425,2026-05-11 20:49:39.100000+00:00,52.2481128,21.0474124,98.7,41.22,-0.014,-0.038,0.986,0,43.44370938888594,,89.84580029211133,-1.0,6.0,52.247686,21.048533,2.0
32430,2026-05-11 20:49:39.600000+00:00,52.2481373,21.0473337,98.3,41.9,-0.001,-0.04,0.989,0,43.27632548672714,,95.83553584349733,-1.0,6.0,52.247686,21.048533,2.0
32435,2026-05-11 20:49:40.100000+00:00,52.2481609,21.0472547,97.9,41.43,-0.005,-0.051,0.965,0,43.08663415540998,,101.79322886827993,-1.0,6.0,52.247686,21.048533,2.0
32440,2026-05-11 20:49:40.600000+00:00,52.2481852,21.047179,97.5,40.09,-0.08,-0.042,0.931,0,41.89621421195663,,107.60140398740558,-1.0,6.0,52.247686,21.048533,2.0
32445,2026-05-11 20:49:41.100000+00:00,52.2482092,21.0471066,97.2,38.57,-0.077,-0.018,0.991,0,40.35568633912807,,113.20078145868732,-1.0,6.0,52.247686,21.048533,2.0
32450,2026-05-11 20:49:41.600000+00:00,52.2482314,21.0470339,96.3,37.18,-0.066,-0.035,0.971,0,39.82129942271684,,118.7158556075748,-1.0,6.0,52.247686,21.048533,2.0
32455,2026-05-11 20:49:42.100000+00:00,52.2482518,21.0469594,95.5,36.7,-0.057,-0.023,0.952,0,40.00305680125599,,124.23641005985444,-1.0,6.0,52.247686,21.048533,2.0
32460,2026-05-11 20:49:42.600000+00:00,52.2482744,21.0468951,95.0,35.23,-0.067,-0.025,1.011,0,36.34183822714273,,129.28365202526416,-1.0,6.0,52.247686,21.048533,2.0
32465,2026-05-11 20:49:43.100000+00:00,52.2482965,21.0468339,94.6,33.22,-0.04,-0.027,0.94,0,34.827142447536914,,134.1207429754915,-1.0,6.0,52.247686,21.048533,2.0
32470,2026-05-11 20:49:43.600000+00:00,52.2483165,21.0467726,94.1,32.4,-0.058,-0.019,0.996,0,34.04709048061525,,138.84565278691835,-1.0,6.0,52.247686,21.048533,2.0
32475,2026-05-11 20:49:44.100000+00:00,52.2483381,21.0467137,93.4,31.52,-0.05,-0.024,0.993,0,33.65347572111515,,143.51950321447893,-1.0,6.0,52.247686,21.048533,2.0
32480,2026-05-11 20:49:44.600000+00:00,52.2483572,21.0466561,93.2,30.83,-0.051,-0.024,0.943,0,32.10841411846478,,147.9766141020881,-1.0,6.0,52.247686,21.048533,2.0
32485,2026-05-11 20:49:45.100000+00:00,52.2483752,21.0466016,92.9,28.35,-0.116,0.025,0.984,0,30.35291861949842,,152.1899392559894,-1.0,6.0,52.247686,21.048533,2.0
32490,2026-05-11 20:49:45.600000+00:00,52.2483905,21.0465521,92.8,25.25,-0.12,0.025,0.989,0,27.17969376623451,,155.95823070777791,-1.0,6.0,52.247686,21.048533,2.0
32495,2026-05-11 20:49:46.100000+00:00,52.2484035,21.0465036,92.9,23.1,-0.053,0.044,0.943,0,25.951293651068863,,159.5398805578128,-1.0,6.0,52.247686,21.048533,2.0
32500,2026-05-11 20:49:46.600000+00:00,52.2484144,21.0464591,92.8,22.02,-0.007,0.11,0.982,0,23.493050163384492,,162.77011777961286,-1.0,6.0,52.247686,21.048533,2.0
32505,2026-05-11 20:49:47.100000+00:00,52.24842,21.0464125,92.9,21.32,0.037,0.188,0.979,0,23.277337407433112,,165.83502202156467,-1.0,6.0,52.247686,21.048533,2.0
32510,2026-05-11 20:49:47.600000+00:00,52.248422,21.0463661,92.7,20.97,0.02,0.177,1.02,0,22.7997528385453,,168.69974881286024,-1.0,6.0,52.247686,21.048533,2.0
32515,2026-05-11 20:49:48.100000+00:00,52.248419,21.0463213,92.4,20.19,0.031,0.199,0.948,0,22.090160485995767,,171.21407911609327,-1.0,6.0,52.247686,21.048533,2.0
32520,2026-05-11 20:49:48.600000+00:00,52.2484107,21.0462792,92.4,20.36,0.06,0.249,0.988,0,21.67927859813545,,173.30890933230737,-1.0,6.0,52.247686,21.048533,2.0
32525,2026-05-11 20:49:49.100000+00:00,52.2484017,21.0462425,91.8,18.81,0.041,0.223,0.968,0,19.378310779240863,,175.06755478567823,-1.0,6.0,52.247686,21.048533,2.0
32530,2026-05-11 20:49:49.600000+00:00,52.2483848,21.0462061,91.6,20.34,0.062,0.228,0.977,0,22.391924887824885,,176.4427794851463,-1.0,6.0,52.247686,21.048533,2.0
32535,2026-05-11 20:49:50.100000+00:00,52.2483576,21.0461609,92.1,21.0,0.068,0.171,0.939,0,31.06556107679376,,177.92013296468625,-1.0,6.0,52.247686,21.048533,2.0
32540,2026-05-11 20:49:50.600000+00:00,52.2483278,21.0461201,92.6,21.74,0.049,0.084,0.973,0,31.13112738473126,,179.09908033636094,-1.0,6.0,52.247686,21.048533,2.0
32545,2026-05-11 20:49:51.100000+00:00,52.2483024,21.0460923,92.7,22.29,0.068,0.027,0.957,0,24.478706933805825,,179.74068136809282,-1.0,6.0,52.247686,21.048533,2.0
32550,2026-05-11 20:49:51.600000+00:00,52.2482731,21.0460612,92.9,22.99,0.144,0.115,0.974,0,27.975770226233514,,180.4960268871427,-1.0,6.0,52.247686,21.048533,2.0
32555,2026-05-11 20:49:52.100000+00:00,52.2482403,21.0460291,93.4,23.83,0.133,0.062,0.97,0,30.61278125762323,,181.26278052241423,-1.0,6.0,52.247686,21.048533,2.0
32560,2026-05-11 20:49:52.600000+00:00,52.2482059,21.0460013,93.7,25.59,0.153,0.035,0.95,0,30.72744247504317,,181.7914625946244,-1.0,6.0,52.247686,21.048533,2.0
32565,2026-05-11 20:49:53.100000+00:00,52.2481717,21.0459772,93.8,27.48,0.14,0.031,0.971,0,29.82020821962364,,182.18448374167676,-1.0,6.0,52.247686,21.048533,2.0
32570,2026-05-11 20:49:53.600000+00:00,52.2481354,21.0459542,93.8,29.11,0.146,0.049,0.941,0,31.1719770138288,,182.53452872662092,-1.0,6.0,52.247686,21.048533,2.0
32575,2026-05-11 20:49:54.100000+00:00,52.2480962,21.0459337,94.0,30.95,0.118,-0.022,1.038,0,32.953049768598696,,182.7408787147852,-1.0,6.0,52.247686,21.048533,2.0
32580,2026-05-11 20:49:54.600000+00:00,52.2480556,21.0459135,94.3,31.78,0.082,0.003,0.944,0,33.97909346529329,,183.0065437695812,-1.0,6.0,52.247686,21.048533,2.0
32585,2026-05-11 20:49:55.100000+00:00,52.2480155,21.0458969,94.2,32.04,0.057,0.033,0.967,0,33.1192711968399,,183.1642710984532,-1.0,6.0,52.247686,21.048533,2.0
32590,2026-05-11 20:49:55.600000+00:00,52.2479743,21.045879,93.7,31.76,0.013,0.013,0.983,0,34.13185587793841,,183.50297408775123,-1.0,6.0,52.247067,21.043105,3.0
32595,2026-05-11 20:49:56.100000+00:00,52.2479347,21.0458624,93.6,31.47,0.005,-0.02,0.968,0,32.73138974829067,,183.90241115501567,-1.0,6.0,52.247067,21.043105,3.0
32600,2026-05-11 20:49:56.600000+00:00,52.2478978,21.0458473,93.5,30.28,-0.045,-0.015,0.96,0,30.45534391476096,,184.34988976044883,-1.0,6.0,52.247067,21.043105,3.0
32605,2026-05-11 20:49:57.100000+00:00,52.2478622,21.0458317,93.6,29.29,-0.04,-0.033,0.978,0,29.50940641407949,,184.9421879208021,-1.0,6.0,52.247067,21.043105,3.0
32610,2026-05-11 20:49:57.600000+00:00,52.2478291,21.0458124,93.7,28.06,-0.107,-0.151,0.965,0,28.137955184181727,,185.89769488000323,-1.0,6.0,52.247067,21.043105,3.0
32615,2026-05-11 20:49:58.100000+00:00,52.247798,21.0457883,93.9,27.26,-0.168,-0.216,0.977,0,27.558963104331166,,187.2707724011364,-1.0,6.0,52.247067,21.043105,3.0
32620,2026-05-11 20:49:58.600000+00:00,52.247771,21.0457566,94.1,25.99,-0.176,-0.219,0.945,0,26.621485278900952,,189.25053504957003,-1.0,6.0,52.247067,21.043105,3.0
32625,2026-05-11 20:49:59.100000+00:00,52.2477487,21.0457173,94.2,26.11,-0.179,-0.229,0.966,0,26.26465998787941,,191.8166680675258,-1.0,6.0,52.247067,21.043105,3.0
32630,2026-05-11 20:49:59.600000+00:00,52.2477307,21.0456751,94.5,24.79,-0.163,-0.225,0.979,0,25.210044232868416,,189.89812241741328,-1.0,6.0,52.247067,21.043105,3.0
32635,2026-05-11 20:50:00.100000+00:00,52.2477161,21.045629,94.9,24.56,-0.13,-0.221,0.947,0,25.44095264878963,,186.37567309265737,-1.0,6.0,52.247067,21.043105,3.0
32640,2026-05-11 20:50:00.600000+00:00,52.2477082,21.0455778,95.1,25.5,-0.095,-0.229,0.95,0,25.881335466826293,,182.82261867628608,-1.0,6.0,52.247067,21.043105,3.0
32645,2026-05-11 20:50:01.100000+00:00,52.2477038,21.045526,95.3,25.42,-0.096,-0.228,0.964,0,25.633932818459265,,179.38691636723289,-1.0,6.0,52.247067,21.043105,3.0
32650,2026-05-11 20:50:01.600000+00:00,52.2477036,21.0454712,95.6,26.83,-0.046,-0.168,0.953,0,26.86171925864754,,175.95631995453516,-1.0,6.0,52.247067,21.043105,3.0
32655,2026-05-11 20:50:02.100000+00:00,52.2477063,21.045415,95.6,27.55,0.017,-0.1,0.957,0,27.63215790289385,,172.5838312417971,-1.0,6.0,52.247067,21.043105,3.0
32660,2026-05-11 20:50:02.600000+00:00,52.2477105,21.0453514,95.3,28.96,0.045,-0.086,0.968,0,31.355541502662334,,168.8451468325858,-1.0,6.0,52.247067,21.043105,3.0
32665,2026-05-11 20:50:03.100000+00:00,52.2477162,21.0452891,95.1,29.51,0.068,-0.084,0.962,0,30.876591529747795,,165.2890922074795,-1.0,6.0,52.247067,21.043105,3.0
32670,2026-05-11 20:50:03.600000+00:00,52.2477216,21.0452261,94.9,30.96,0.098,-0.06,0.96,0,31.181772084063542,,161.7109877147885,-1.0,6.0,52.247067,21.043105,3.0
32675,2026-05-11 20:50:04.100000+00:00,52.2477267,21.0451604,94.9,31.95,0.124,0.005,0.966,0,32.461875423805964,,157.99222858955653,-1.0,6.0,52.247067,21.043105,3.0
32680,2026-05-11 20:50:04.600000+00:00,52.2477317,21.0450913,94.7,33.89,0.119,-0.018,0.954,0,34.10636322843914,,154.1071112348288,-1.0,6.0,52.247067,21.043105,3.0
32685,2026-05-11 20:50:05.100000+00:00,52.2477355,21.0450203,94.6,34.77,0.097,-0.029,0.97,0,34.934672179017085,,150.092418796195,-1.0,6.0,52.247067,21.043105,3.0
32690,2026-05-11 20:50:05.600000+00:00,52.2477384,21.0449463,94.6,36.49,0.092,-0.042,0.97,0,36.34668298794115,,145.90186325456185,-1.0,6.0,52.247067,21.043105,3.0
32695,2026-05-11 20:50:06.100000+00:00,52.2477412,21.0448703,94.6,36.97,0.022,-0.014,0.979,0,37.32017308354541,,141.6457858276894,-1.0,6.0,52.247067,21.043105,3.0
32700,2026-05-11 20:50:06.600000+00:00,52.2477441,21.0447965,94.5,36.19,0.007,0.0,0.941,0,36.2488454447822,,137.5848311502712,-1.0,6.0,52.247067,21.043105,3.0
32705,2026-05-11 20:50:07.100000+00:00,52.2477472,21.0447228,94.3,35.97,0.0,0.003,1.016,0,36.21054917949481,,133.60838503889354,-1.0,6.0,52.247067,21.043105,3.0
32710,2026-05-11 20:50:07.600000+00:00,52.24775,21.04465,94.3,35.38,-0.001,0.0,0.946,0,35.75458393031918,,129.73519395929793,-1.0,6.0,52.247067,21.043105,3.0
32715,2026-05-11 20:50:08.100000+00:00,52.247752,21.0445795,94.1,34.12,-0.035,0.038,0.983,0,34.59392940943947,,126.00958308751352,-1.0,6.0,52.247067,21.043105,3.0
32720,2026-05-11 20:50:08.600000+00:00,52.247755,21.0445121,94.1,32.57,-0.031,0.02,0.968,0,33.12452055868548,,122.59352010536244,-1.0,6.0,52.247067,21.043105,3.0
32725,2026-05-11 20:50:09.100000+00:00,52.2477577,21.0444474,94.0,30.95,-0.056,0.038,0.971,0,31.78745738684616,,119.37628874150846,-1.0,6.0,52.247067,21.043105,3.0
32730,2026-05-11 20:50:09.600000+00:00,52.2477592,21.044387,94.0,28.23,-0.108,0.066,0.984,0,29.630495892816285,,116.3686602110534,-1.0,6.0,52.247067,21.043105,3.0
32735,2026-05-11 20:50:10.100000+00:00,52.2477614,21.044333,94.0,25.27,-0.107,0.064,0.98,0,26.527610489750952,,113.8032531189314,-1.0,6.0,52.247067,21.043105,3.0
32740,2026-05-11 20:50:10.600000+00:00,52.2477631,21.0442848,94.1,22.07,-0.113,0.044,0.98,0,23.665267515652477,,111.54600159783276,-1.0,6.0,52.247067,21.043105,3.0
32745,2026-05-11 20:50:11.100000+00:00,52.2477633,21.0442424,94.3,19.71,-0.057,0.01,0.958,0,20.783739693900007,,109.5015394337552,-1.0,6.0,52.247067,21.043105,3.0
32750,2026-05-11 20:50:11.600000+00:00,52.2477626,21.0442042,94.5,17.93,-0.027,0.002,0.98,0,18.732802281159103,,107.62226094581864,-1.0,6.0,52.247067,21.043105,3.0
32755,2026-05-11 20:50:12.100000+00:00,52.2477638,21.0441681,94.6,16.54,-0.09,0.058,0.973,0,17.721125805254164,,106.02557046423937,-1.0,6.0,52.247067,21.043105,3.0
32760,2026-05-11 20:50:12.600000+00:00,52.2477667,21.0441358,94.7,14.91,-0.093,0.04,0.974,0,16.00175673135617,,104.77609017399216,-1.0,6.0,52.247067,21.043105,3.0
32765,2026-05-11 20:50:13.100000+00:00,52.2477682,21.0441086,94.8,13.16,-0.074,0.029,0.974,0,13.386543470068371,,103.67034506189434,-1.0,6.0,52.247067,21.043105,3.0
32770,2026-05-11 20:50:13.600000+00:00,52.2477665,21.0440859,95.0,10.57,-0.127,0.055,0.984,0,11.209743332429714,,102.51492257972409,-1.0,6.0,52.247067,21.043105,3.0
32775,2026-05-11 20:50:14.100000+00:00,52.2477568,21.0440678,95.2,9.4,-0.11,0.046,0.983,0,11.790741895585285,,100.8941485475154,-1.0,6.0,52.247067,21.043105,3.0
32780,2026-05-11 20:50:14.600000+00:00,52.2477525,21.0440532,95.3,7.9,-0.055,0.02,0.975,0,7.941429010186758,,99.88591360984488,-1.0,6.0,52.247067,21.043105,3.0
32785,2026-05-11 20:50:15.100000+00:00,52.2477481,21.044042,95.3,6.56,-0.087,0.033,0.98,0,6.522876417699726,,99.02014226751857,-1.0,6.0,52.247067,21.043105,3.0
32790,2026-05-11 20:50:15.600000+00:00,52.2477435,21.0440355,95.3,5.3,-0.098,0.041,0.974,0,4.8697052062801225,,98.34385373466866,-1.0,6.0,52.247067,21.043105,3.0
32795,2026-05-11 20:50:16.100000+00:00,52.2477401,21.0440329,95.4,3.91,0.011,-0.005,0.965,0,3.005620848491706,,97.94071593971564,-1.0,6.0,52.247067,21.043105,3.0
32800,2026-05-11 20:50:16.600000+00:00,52.2477382,21.0440322,95.5,2.43,0.021,-0.015,0.979,0,1.5593642208884029,,97.74857968299608,-1.0,6.0,52.247067,21.043105,3.0
32805,2026-05-11 20:50:17.100000+00:00,52.2477362,21.0440309,95.5,1.74,0.03,-0.012,0.974,0,1.723343098737829,,97.52165587793031,-1.0,6.0,52.247067,21.043105,3.0
32810,2026-05-11 20:50:17.600000+00:00,52.2477352,21.0440301,95.5,1.18,0.028,-0.012,0.978,0,0.8914793823977757,,97.40161290616602,-1.0,6.0,52.247067,21.043105,3.0
32815,2026-05-11 20:50:18.100000+00:00,52.2477337,21.044028,95.5,1.16,0.027,-0.014,0.973,0,1.58168955781297,,97.18193712917908,-1.0,6.0,52.247067,21.043105,3.0
32820,2026-05-11 20:50:18.600000+00:00,52.2477321,21.044025,95.3,1.07,0.027,-0.012,0.977,0,1.9501942594252348,,96.91416982226892,-1.0,6.0,52.247067,21.043105,3.0
32825,2026-05-11 20:50:19.100000+00:00,52.2477295,21.0440195,95.2,1.03,0.027,-0.011,0.978,0,3.406016181512614,,96.45161387498942,-1.0,6.0,52.247067,21.043105,3.0
32830,2026-05-11 20:50:19.600000+00:00,52.2477278,21.0440152,95.1,0.13,0.029,-0.012,0.975,0,2.508962334827346,,96.11833011901471,-1.0,6.0,52.247067,21.043105,3.0
32835,2026-05-11 20:50:20.100000+00:00,52.247726,21.0440122,95.0,0.41,0.025,-0.009,0.977,0,2.058911135397673,,95.8336604093395,-1.0,6.0,52.247067,21.043105,3.0
32840,2026-05-11 20:50:20.600000+00:00,52.2477246,21.044009,95.1,0.66,0.026,-0.011,0.978,0,1.9278504983328,,95.57425158793929,-1.0,6.0,52.247067,21.043105,3.0
32845,2026-05-11 20:50:21.100000+00:00,52.2477215,21.0440047,95.4,0.3,0.025,-0.013,0.977,0,3.25609952538114,,95.12201997683738,-1.0,6.0,52.247067,21.043105,3.0
32850,2026-05-11 20:50:21.600000+00:00,52.2477181,21.0439995,95.6,0.42,0.029,-0.01,0.976,0,3.7291198891801423,,94.60481615412633,-1.0,6.0,52.247067,21.043105,3.0
32855,2026-05-11 20:50:22.100000+00:00,52.2477138,21.0439899,95.3,0.64,0.028,-0.012,0.975,0,5.830462948135914,,93.81840843098138,-1.0,6.0,52.247067,21.043105,3.0
32860,2026-05-11 20:50:22.600000+00:00,52.2477109,21.0439794,94.5,0.32,0.028,-0.012,0.974,0,5.646216694674362,,93.11281719904868,-1.0,6.0,52.247067,21.043105,3.0
32865,2026-05-11 20:50:23.100000+00:00,52.2477063,21.0439704,94.2,0.95,0.027,-0.013,0.977,0,5.746679416365174,,92.32790036087464,-1.0,6.0,52.247067,21.043105,3.0
32870,2026-05-11 20:50:23.600000+00:00,52.2477031,21.0439656,94.4,0.42,0.028,-0.011,0.976,0,3.478390918771847,,91.845417471452,-1.0,6.0,52.247067,21.043105,3.0
32875,2026-05-11 20:50:24.100000+00:00,52.2477009,21.0439608,94.5,0.17,0.028,-0.012,0.976,0,2.939045446439739,,91.44861976610332,-1.0,6.0,52.247067,21.043105,3.0
32880,2026-05-11 20:50:24.600000+00:00,52.2476981,21.0439574,94.5,0.48,0.027,-0.012,0.978,0,2.7933206498557235,,91.06117412412236,-1.0,6.0,52.247067,21.043105,3.0
32885,2026-05-11 20:50:25.100000+00:00,52.2476939,21.0439496,94.4,0.68,0.026,-0.012,0.976,0,5.091599459742625,,90.36293755121024,-1.0,6.0,52.247067,21.043105,3.0
32890,2026-05-11 20:50:25.600000+00:00,52.2476883,21.043941,94.2,1.61,0.026,-0.012,0.976,0,6.153919346763382,,89.51004200691114,-1.0,6.0,52.247067,21.043105,3.0
32895,2026-05-11 20:50:26.100000+00:00,52.2476861,21.0439368,93.9,0.77,0.03,-0.011,0.976,0,2.7093464488061243,,89.13944853876536,-1.0,6.0,52.247067,21.043105,3.0
32900,2026-05-11 20:50:26.600000+00:00,52.2476837,21.043933,94.0,0.51,0.03,-0.008,0.975,0,2.6760787816282265,,88.76900924852637,-1.0,6.0,52.247067,21.043105,3.0
32905,2026-05-11 20:50:27.100000+00:00,52.2476831,21.0439307,94.1,0.34,0.031,-0.008,0.975,0,1.2254600597294238,,88.618072889212,-1.0,6.0,52.247067,21.043105,3.0
32910,2026-05-11 20:50:27.600000+00:00,52.2476837,21.0439301,94.1,1.3,0.031,-0.009,0.977,0,0.5632435706079678,,88.64376876798119,-1.0,6.0,52.247067,21.043105,3.0
32915,2026-05-11 20:50:28.100000+00:00,52.247682,21.0439289,94.1,1.09,0.03,-0.008,0.976,0,1.482691429367549,,88.445785537561,-1.0,6.0,52.247067,21.043105,3.0
32920,2026-05-11 20:50:28.600000+00:00,52.2476757,21.0439228,94.3,1.14,0.027,-0.008,0.976,0,5.8634647909748345,,87.64087142109423,-1.0,6.0,52.247067,21.043105,3.0
32925,2026-05-11 20:50:29.100000+00:00,52.247672,21.0439166,94.5,1.03,0.028,-0.009,0.98,0,4.243893756878599,,87.05501760121308,-1.0,6.0,52.247067,21.043105,3.0
32930,2026-05-11 20:50:29.600000+00:00,52.2476703,21.0439109,94.6,0.46,0.032,-0.003,0.976,0,3.1078324795679437,,86.66283339756882,-1.0,6.0,52.247067,21.043105,3.0
32935,2026-05-11 20:50:30.100000+00:00,52.2476718,21.0439123,94.3,0.44,0.034,-0.007,0.976,0,1.3831464115769656,,86.85228966550852,-1.0,6.0,52.247067,21.043105,3.0
32940,2026-05-11 20:50:30.600000+00:00,52.2476752,21.0439138,94.0,0.98,0.029,-0.006,0.976,0,2.81960346721032,,87.20979517484608,-1.0,6.0,52.247067,21.043105,3.0
32945,2026-05-11 20:50:31.100000+00:00,52.2476785,21.0439129,93.8,1.31,0.033,-0.004,0.975,0,2.678569392071797,,87.45610802037714,-1.0,6.0,52.247067,21.043105,3.0
32950,2026-05-11 20:50:31.600000+00:00,52.2476812,21.0439129,93.5,0.98,0.028,-0.007,0.976,0,2.16162937844313,,87.68973130072021,-1.0,6.0,52.247067,21.043105,3.0
32955,2026-05-11 20:50:32.100000+00:00,52.2476837,21.0439137,93.2,0.6,0.029,-0.007,0.975,0,2.0395604744577733,,87.9404969178648,-1.0,6.0,52.247067,21.043105,3.0
32960,2026-05-11 20:50:32.600000+00:00,52.247687,21.0439141,93.0,0.61,0.027,-0.008,0.977,0,2.64925675152508,,88.24392427104625,-1.0,6.0,52.247067,21.043105,3.0
32965,2026-05-11 20:50:33.100000+00:00,52.2476902,21.0439124,92.8,1.04,0.03,-0.007,0.975,0,2.6940412433762,,88.4502201642597,-1.0,6.0,52.247067,21.043105,3.0
32970,2026-05-11 20:50:33.600000+00:00,52.247694,21.0439119,92.7,1.15,0.028,-0.01,0.975,0,3.052149117369394,,88.7605772569362,-1.0,6.0,52.247067,21.043105,3.0
32975,2026-05-11 20:50:34.100000+00:00,52.2476982,21.0439135,92.4,0.72,0.03,-0.008,0.975,0,3.45278412265448,,89.19505356009468,-1.0,6.0,52.247067,21.043105,3.0
32980,2026-05-11 20:50:34.600000+00:00,52.247702,21.043914,92.2,0.64,0.03,-0.01,0.975,0,3.0521491088697,,89.54885456324907,-1.0,6.0,52.247067,21.043105,3.0
32985,2026-05-11 20:50:35.100000+00:00,52.2477057,21.0439131,91.9,0.33,0.029,-0.007,0.976,0,2.9949020591505526,,89.83607742609189,-1.0,6.0,52.247067,21.043105,3.0
32990,2026-05-11 20:50:35.600000+00:00,52.2477102,21.0439117,91.7,0.45,0.031,-0.007,0.977,0,3.667489572515047,,90.17409071140442,-1.0,6.0,52.247067,21.043105,3.0
32995,2026-05-11 20:50:36.100000+00:00,52.2477122,21.043912,91.5,0.43,0.03,-0.008,0.975,0,1.6079451329667016,,90.36299362815244,-1.0,6.0,52.247067,21.043105,3.0
33000,2026-05-11 20:50:36.600000+00:00,52.2477097,21.0439015,91.9,0.68,0.03,-0.009,0.975,0,5.522253005741355,,89.70855924750872,-1.0,6.0,52.247067,21.043105,3.0
33005,2026-05-11 20:50:37.100000+00:00,52.2477073,21.0438894,92.4,0.9,0.032,-0.007,0.974,0,6.234516777054178,,88.99940861783845,-1.0,6.0,52.247067,21.043105,3.0
33010,2026-05-11 20:50:37.600000+00:00,52.2477047,21.0438768,92.9,0.69,0.03,-0.009,0.978,0,6.517472330541116,,88.25491930211672,-1.0,6.0,52.247067,21.043105,3.0
33015,2026-05-11 20:50:38.100000+00:00,52.2477011,21.0438622,93.7,0.99,0.027,-0.007,0.977,0,7.71504197383215,,87.34332510341063,-1.0,6.0,52.247067,21.043105,3.0
33020,2026-05-11 20:50:38.600000+00:00,52.2476962,21.0438451,94.5,0.95,0.029,-0.006,0.976,0,9.25449003025874,,86.21862057839853,-1.0,6.0,52.247067,21.043105,3.0
33025,2026-05-11 20:50:39.100000+00:00,52.2476881,21.0438273,95.5,0.29,0.029,-0.009,0.976,0,10.871038267596292,,84.78080390488671,-1.0,6.0,52.247067,21.043105,3.0
33030,2026-05-11 20:50:39.600000+00:00,52.2476813,21.0438087,96.7,0.26,0.032,-0.007,0.974,0,10.618875662563102,,83.43251133873801,-1.0,6.0,52.247067,21.043105,3.0
33035,2026-05-11 20:50:40.100000+00:00,52.2476745,21.0437924,97.7,0.19,0.03,-0.007,0.976,0,9.668217382622936,,82.17763978488388,-1.0,6.0,52.247067,21.043105,3.0
33040,2026-05-11 20:50:40.600000+00:00,52.2476679,21.0437782,98.5,0.41,0.028,-0.007,0.976,0,8.738858197684154,,81.02473013215321,-1.0,6.0,52.247067,21.043105,3.0
33045,2026-05-11 20:50:41.100000+00:00,52.2476639,21.043766,99.1,0.06,0.031,-0.006,0.974,0,6.783553915102388,,80.18930817687976,-1.0,6.0,52.247067,21.043105,3.0
33050,2026-05-11 20:50:41.600000+00:00,52.2476602,21.0437564,99.5,0.23,0.075,-0.028,0.966,0,5.560370093597256,3.0,79.48261704463377,-1.0,6.0,52.247067,21.043105,3.0
33055,2026-05-11 20:50:42.100000+00:00,52.2476567,21.0437479,99.8,0.71,0.086,-0.032,0.971,0,5.021059275972491,3.0,78.83721374566153,-1.0,6.0,52.247067,21.043105,3.0
33060,2026-05-11 20:50:42.600000+00:00,52.247657,21.0437413,99.6,1.6,0.089,-0.035,0.972,0,3.244019996445824,3.0,78.61648449560843,-1.0,6.0,52.247067,21.043105,3.0
33065,2026-05-11 20:50:43.100000+00:00,52.2476616,21.0437357,99.5,2.91,0.099,-0.035,0.973,0,4.593209545424847,3.0,78.83553507030652,-1.0,6.0,52.247067,21.043105,3.0
33070,2026-05-11 20:50:43.600000+00:00,52.2476701,21.0437257,99.3,5.9,0.105,-0.046,0.973,0,8.386677484369425,3.0,79.26484333235443,-1.0,6.0,52.247067,21.043105,3.0
33075,2026-05-11 20:50:44.100000+00:00,52.2476737,21.0437127,99.1,6.55,0.118,-0.049,0.966,0,6.993698100832641,3.0,79.13754458324858,-1.0,6.0,52.247067,21.043105,3.0
33080,2026-05-11 20:50:44.600000+00:00,52.247679,21.0436997,97.7,7.35,0.125,-0.051,0.97,0,7.655691955798297,3.0,79.18437638755415,-1.0,6.0,52.247067,21.043105,3.0
33085,2026-05-11 20:50:45.100000+00:00,52.2476874,21.0436864,96.8,6.07,0.129,-0.05,0.971,0,9.36627591322282,3.0,79.53404364325988,-1.0,6.0,52.247067,21.043105,3.0
33090,2026-05-11 20:50:45.600000+00:00,52.2476956,21.0436662,96.1,6.55,0.122,-0.054,0.966,0,11.880086596708152,3.0,79.65753374026782,-1.0,6.0,52.247067,21.043105,3.0
33095,2026-05-11 20:50:46.100000+00:00,52.2477114,21.0436448,95.7,8.26,0.112,-0.054,0.968,0,16.432973933802945,,80.52830448480739,-1.0,6.0,52.247067,21.043105,3.0
33100,2026-05-11 20:50:46.600000+00:00,52.2477227,21.0436141,94.8,12.96,0.112,-0.059,0.98,0,17.558258732541287,,80.72921741766211,-1.0,6.0,52.247067,21.043105,3.0
33105,2026-05-11 20:50:47.100000+00:00,52.2477301,21.0435838,94.6,15.22,0.107,-0.051,0.96,0,15.990129527099612,,80.61721670281227,-1.0,6.0,52.247067,21.043105,3.0
33110,2026-05-11 20:50:47.600000+00:00,52.2477336,21.043552,94.7,17.38,0.109,-0.05,0.967,0,15.83721603623536,,80.12632254440133,-1.0,6.0,52.247067,21.043105,3.0
33115,2026-05-11 20:50:48.100000+00:00,52.2477282,21.0435172,94.7,19.08,0.106,-0.04,0.96,0,17.59719025641824,3.0,78.69556834650307,-1.0,6.0,52.247067,21.043105,3.0
33120,2026-05-11 20:50:48.600000+00:00,52.2477233,21.0434772,94.5,21.72,0.116,-0.015,0.968,0,19.99534191735881,3.0,77.25121229951733,-1.0,6.0,52.247067,21.043105,3.0
33125,2026-05-11 20:50:49.100000+00:00,52.2477176,21.0434341,94.4,22.2,0.111,0.066,0.97,0,21.61351151208439,3.0,75.73342766220931,-1.0,6.0,52.247067,21.043105,3.0
33130,2026-05-11 20:50:49.600000+00:00,52.2477113,21.0433885,94.3,23.2,0.091,0.082,0.966,0,22.91370246882397,3.0,74.19713083338632,-1.0,6.0,52.247067,21.043105,3.0
33135,2026-05-11 20:50:50.100000+00:00,52.2477087,21.0433458,94.2,23.23,0.07,0.116,0.977,0,21.03345273657126,3.0,73.21277578651181,-1.0,6.0,52.247067,21.043105,3.0
33140,2026-05-11 20:50:50.600000+00:00,52.2477041,21.0433081,94.2,22.77,0.058,0.16,0.986,0,18.84275652132009,3.0,72.17904128395658,-1.0,6.0,52.247067,21.043105,3.0
33145,2026-05-11 20:50:51.100000+00:00,52.2477004,21.0432795,93.7,22.85,0.096,0.184,0.941,0,14.328372048574638,3.0,71.42575315742968,-1.0,6.0,52.247067,21.043105,3.0
33150,2026-05-11 20:50:51.600000+00:00,52.2476887,21.0432428,93.6,23.36,0.094,0.178,0.974,0,20.281836591096333,3.0,69.76353555744308,-1.0,6.0,52.247067,21.043105,3.0
33155,2026-05-11 20:50:52.100000+00:00,52.2476738,21.0432055,93.6,23.36,0.087,0.195,0.949,0,21.83070999512759,3.0,67.81909418658711,-1.0,6.0,52.247067,21.043105,3.0
33160,2026-05-11 20:50:52.600000+00:00,52.2476554,21.0431726,93.6,23.19,0.08,0.205,0.969,0,21.841965324613263,3.0,65.58875474662614,-1.0,6.0,52.247067,21.043105,3.0
33165,2026-05-11 20:50:53.100000+00:00,52.2476348,21.0431448,93.5,24.1,0.08,0.192,0.964,0,21.3936305165778,3.0,63.19459444109982,-1.0,6.0,52.247067,21.043105,3.0
33170,2026-05-11 20:50:53.600000+00:00,52.247612,21.0431261,93.5,23.77,0.102,0.178,0.944,0,20.42592475799927,3.0,60.61825761149614,-1.0,6.0,52.247067,21.043105,3.0
33175,2026-05-11 20:50:54.100000+00:00,52.2475872,21.0431148,93.4,24.69,0.124,0.173,0.977,0,20.61308564390495,3.0,57.84744840401963,-1.0,6.0,52.247067,21.043105,3.0
33180,2026-05-11 20:50:54.600000+00:00,52.2475689,21.0431234,93.0,26.33,0.12,0.143,0.978,0,15.245432080663868,3.0,55.82279035131957,-1.0,6.0,52.247067,21.043105,3.0
33185,2026-05-11 20:50:55.100000+00:00,52.2475471,21.0431319,92.2,27.13,0.116,0.101,0.949,0,17.943576165847855,3.0,53.416086766370015,-1.0,6.0,52.247067,21.043105,3.0
33190,2026-05-11 20:50:55.600000+00:00,52.2475181,21.0431324,91.9,28.34,0.107,0.031,0.972,0,23.218794214584968,3.0,50.19470488448875,-1.0,6.0,52.247067,21.043105,3.0
33195,2026-05-11 20:50:56.100000+00:00,52.247485,21.0431286,91.6,29.41,0.113,0.08,0.977,0,26.56535588557203,3.0,46.50724049167468,-1.0,6.0,52.247067,21.043105,3.0
33200,2026-05-11 20:50:56.600000+00:00,52.2474478,21.0431221,91.7,30.99,0.115,0.086,0.95,0,29.952388803766663,3.0,42.35902854886866,-1.0,6.0,52.247067,21.043105,3.0
33205,2026-05-11 20:50:57.100000+00:00,52.2474121,21.0431202,91.6,30.89,0.055,0.08,0.975,0,28.596713497135315,3.0,38.38731948264079,-1.0,6.0,52.247067,21.043105,3.0
33210,2026-05-11 20:50:57.600000+00:00,52.2473791,21.0431239,90.9,30.61,0.038,0.05,0.974,0,26.482091373523243,3.0,34.72778181742819,-1.0,6.0,52.247067,21.043105,3.0
33215,2026-05-11 20:50:58.100000+00:00,52.2473466,21.0431267,90.1,29.69,-0.018,0.069,0.987,0,26.055785558332435,3.0,31.12518137708188,-1.0,6.0,52.247067,21.043105,3.0
33220,2026-05-11 20:50:58.600000+00:00,52.2473136,21.0431264,89.7,27.96,-0.03,0.047,0.969,0,26.420323811511924,3.0,27.45934561386082,-1.0,6.0,52.247067,21.043105,3.0
33225,2026-05-11 20:50:59.100000+00:00,52.247281,21.0431256,89.4,26.91,-0.022,0.049,0.988,0,26.102618887453914,3.0,23.837006261538452,-1.0,6.0,52.247067,21.043105,3.0
33230,2026-05-11 20:50:59.600000+00:00,52.24725,21.0431259,89.0,26.0,-0.028,0.031,0.95,0,24.819143264780024,3.0,20.39835750000119,-1.0,6.0,52.247067,21.043105,3.0
33235,2026-05-11 20:51:00.100000+00:00,52.2472214,21.043126,88.5,24.13,-0.051,0.035,0.971,0,22.89731176357066,3.0,17.22792074535801,-1.0,6.0,52.247067,21.043105,3.0
33240,2026-05-11 20:51:00.600000+00:00,52.2471936,21.0431242,88.2,22.64,-0.053,0.036,0.98,0,22.274258190917937,3.0,14.13783382513501,-1.0,6.0,52.247067,21.043105,3.0
33245,2026-05-11 20:51:01.100000+00:00,52.2471678,21.0431213,88.1,20.24,-0.072,0.038,0.98,0,20.704425450502757,3.0,11.26324814335386,-1.0,6.0,52.247067,21.043105,3.0
33250,2026-05-11 20:51:01.600000+00:00,52.2471448,21.0431207,87.7,19.12,-0.059,0.048,0.96,0,18.416228411819343,3.0,8.716745388918195,-1.0,6.0,52.247067,21.043105,3.0
33255,2026-05-11 20:51:02.100000+00:00,52.2471239,21.0431213,87.2,18.1,0.006,0.03,0.97,0,16.73519706872134,3.0,6.423570583400351,-1.0,6.0,52.247067,21.043105,3.0
33260,2026-05-11 20:51:02.600000+00:00,52.2471043,21.0431227,86.9,16.33,-0.088,0.048,0.999,0,15.706826540528928,3.0,4.319074404375876,-1.0,6.0,52.247067,21.043105,3.0
33265,2026-05-11 20:51:03.100000+00:00,52.2470878,21.0431256,86.7,13.96,-0.102,0.051,0.971,0,13.286220604346047,3.0,2.7048387675697287,-1.0,6.0,52.247067,21.043105,3.0
33270,2026-05-11 20:51:03.600000+00:00,52.2470744,21.0431287,86.6,10.25,-0.145,0.078,0.975,0,10.835167502050886,3.0,1.8111971911429,-1.0,6.0,52.247067,21.043105,3.0
33275,2026-05-11 20:51:04.100000+00:00,52.2470649,21.0431306,86.4,6.78,-0.164,0.08,0.988,0,7.662542451129286,3.0,1.7584203130529246,-1.0,6.0,52.247067,21.043105,3.0
33280,2026-05-11 20:51:04.600000+00:00,52.2470601,21.0431327,86.4,3.09,-0.154,0.075,0.986,0,3.97837346049454,3.0,2.0359181807531765,-1.0,6.0,52.247067,21.043105,3.0
33285,2026-05-11 20:51:05.100000+00:00,52.2470584,21.0431353,86.4,0.39,-0.082,0.044,0.975,0,1.8645729155137267,3.0,2.2736980214462967,-1.0,6.0,52.247067,21.043105,3.0
33290,2026-05-11 20:51:05.600000+00:00,52.2470581,21.0431382,86.5,0.09,-0.008,-0.004,0.968,0,1.4416577077364694,3.0,2.467413374526477,-1.0,6.0,52.247067,21.043105,3.0
33295,2026-05-11 20:51:06.100000+00:00,52.247058,21.0431407,86.5,0.66,0.021,-0.013,0.975,0,1.228051921073833,3.0,2.6284252328976607,-1.0,6.0,52.247067,21.043105,3.0
33300,2026-05-11 20:51:06.600000+00:00,52.2470571,21.0431422,86.6,0.08,0.024,-0.003,0.969,0,1.029463490169345,3.0,2.761477965658347,-1.0,6.0,52.247067,21.043105,3.0
33305,2026-05-11 20:51:07.100000+00:00,52.2470564,21.0431442,86.6,0.04,0.039,0.001,0.969,0,1.129230958963469,3.0,2.9174301072523745,-1.0,6.0,52.247067,21.043105,3.0
33310,2026-05-11 20:51:07.600000+00:00,52.2470554,21.0431459,86.6,0.1,0.033,-0.003,0.976,0,1.1555747161509764,3.0,3.068716041476721,-1.0,6.0,52.247067,21.043105,3.0
33315,2026-05-11 20:51:08.100000+00:00,52.2470551,21.0431471,86.6,0.32,0.032,-0.001,0.973,0,0.6353574473755681,3.0,3.156868829666994,-1.0,6.0,52.247067,21.043105,3.0
33320,2026-05-11 20:51:08.600000+00:00,52.2470552,21.043148,86.6,0.14,0.034,-0.001,0.977,0,0.4483639659861159,3.0,3.2080372437913005,-1.0,6.0,52.247067,21.043105,3.0
33325,2026-05-11 20:51:09.100000+00:00,52.2470553,21.0431491,86.6,0.08,0.031,0.0,0.976,0,0.5451047408630982,3.0,3.2720811139648798,-1.0,6.0,52.247067,21.043105,3.0
33330,2026-05-11 20:51:09.600000+00:00,52.2470552,21.0431502,86.6,0.19,0.032,-0.001,0.976,0,0.545104739320974,3.0,3.345273590549327,-1.0,6.0,52.247067,21.043105,3.0
33335,2026-05-11 20:51:10.100000+00:00,52.2470554,21.0431512,86.6,0.08,0.035,-0.001,0.975,0,0.5156655562532089,3.0,3.3995026924482863,-1.0,6.0,52.247067,21.043105,3.0
33340,2026-05-11 20:51:10.600000+00:00,52.2470554,21.0431521,86.7,0.1,0.034,-0.003,0.976,0,0.4411582311209823,3.0,3.456271049462381,-1.0,6.0,52.247067,21.043105,3.0
33345,2026-05-11 20:51:11.100000+00:00,52.2470555,21.0431531,86.7,0.1,0.034,0.0,0.974,0,0.4966709038373527,3.0,3.515464224625371,-1.0,6.0,52.247067,21.043105,3.0
33350,2026-05-11 20:51:11.600000+00:00,52.2470558,21.043154,86.8,0.12,0.037,0.003,0.975,0,0.5023022127506707,3.0,3.56080468211015,-1.0,6.0,52.247067,21.043105,3.0
33355,2026-05-11 20:51:12.100000+00:00,52.2470561,21.043155,86.8,0.04,0.034,-0.001,0.975,0,0.5458564419130292,3.0,3.61333748697482,-1.0,6.0,52.247067,21.043105,3.0
33360,2026-05-11 20:51:12.600000+00:00,52.2470561,21.0431558,86.8,0.11,0.033,-0.001,0.975,0,0.392140644737793,3.0,3.664691616683192,-1.0,6.0,52.247067,21.043105,3.0
33365,2026-05-11 20:51:13.100000+00:00,52.2470561,21.0431566,86.9,0.09,0.033,0.001,0.976,0,0.3921406431787619,3.0,3.716134300979167,-1.0,6.0,52.247067,21.043105,3.0
33370,2026-05-11 20:51:13.600000+00:00,52.2470562,21.0431574,86.9,0.14,0.034,0.0,0.975,0,0.4002298622064659,3.0,3.76409958746028,-1.0,6.0,52.247067,21.043105,3.0
33375,2026-05-11 20:51:14.100000+00:00,52.2470563,21.0431581,86.9,0.17,0.034,0.001,0.976,0,0.3523394598974754,3.0,3.805804567864074,-1.0,6.0,52.247067,21.043105,3.0
33380,2026-05-11 20:51:14.600000+00:00,52.2470563,21.0431588,86.9,0.13,0.033,-0.001,0.976,0,0.3431230622090914,3.0,3.851100699208852,-1.0,6.0,52.247067,21.043105,3.0
33385,2026-05-11 20:51:15.100000+00:00,52.2470562,21.0431593,86.9,0.09,0.031,-0.002,0.975,0,0.2578327716065468,3.0,3.886910758291733,-1.0,6.0,52.247067,21.043105,3.0
33390,2026-05-11 20:51:15.600000+00:00,52.2470563,21.0431598,86.9,0.02,0.029,0.0,0.973,0,0.2578327730885136,3.0,3.915906629628727,-1.0,6.0,52.247067,21.043105,3.0
33395,2026-05-11 20:51:16.100000+00:00,52.2470565,21.0431604,86.9,0.12,0.031,-0.004,0.978,0,0.3348681399025019,3.0,3.948209512366232,-1.0,6.0,52.247067,21.043105,3.0
33400,2026-05-11 20:51:16.600000+00:00,52.2470564,21.0431611,86.9,0.21,0.031,-0.01,0.975,0,0.3523394580301592,3.0,3.997023841212968,-1.0,6.0,52.247067,21.043105,3.0
33405,2026-05-11 20:51:17.100000+00:00,52.2470564,21.0431619,86.9,0.13,0.032,-0.001,0.967,0,0.3921406420862736,3.0,4.049097785830752,-1.0,6.0,52.247067,21.043105,3.0
33410,2026-05-11 20:51:17.600000+00:00,52.2470564,21.0431626,86.9,0.06,0.026,-0.01,0.977,0,0.3431230598767006,3.0,4.094713498308493,-1.0,6.0,52.247067,21.043105,3.0
33415,2026-05-11 20:51:18.100000+00:00,52.2470563,21.0431633,86.8,0.04,0.036,-0.012,0.978,0,0.352339459144345,3.0,4.143554342798242,-1.0,6.0,52.247067,21.043105,3.0
33420,2026-05-11 20:51:18.600000+00:00,52.2470552,21.0431639,86.8,1.31,0.104,-0.042,0.965,0,0.9284755252816704,3.0,4.219121303790696,-1.0,6.0,52.247067,21.043105,3.0
33425,2026-05-11 20:51:19.100000+00:00,52.247052,21.043164,86.8,2.86,0.123,-0.045,0.971,0,2.5623999961512087,3.0,4.349252161925961,-1.0,6.0,52.247067,21.043105,3.0
33430,2026-05-11 20:51:19.600000+00:00,52.2470472,21.0431635,86.8,4.02,0.137,-0.027,0.971,0,3.85070420392264,3.0,4.5507176789473,-1.0,6.0,52.247067,21.043105,3.0
33435,2026-05-11 20:51:20.100000+00:00,52.2470402,21.0431637,86.7,6.21,0.147,-0.039,0.95,0,5.605081703095004,3.0,4.985069110626179,-1.0,6.0,52.247067,21.043105,3.0
33440,2026-05-11 20:51:20.600000+00:00,52.2470307,21.0431636,86.7,8.0,0.153,-0.042,0.977,0,7.605890935257605,3.0,5.6752389305552295,-1.0,6.0,52.247067,21.043105,3.0
33445,2026-05-11 20:51:21.100000+00:00,52.2470177,21.0431651,86.7,11.3,0.159,-0.038,0.969,0,10.433784252923848,3.0,6.8405108750427015,-1.0,6.0,52.247067,21.043105,3.0
33450,2026-05-11 20:51:21.600000+00:00,52.2470018,21.043167,86.7,13.44,0.147,-0.022,0.956,0,12.763619351096011,3.0,8.389141208265093,-1.0,6.0,52.247067,21.043105,3.0
33455,2026-05-11 20:51:22.100000+00:00,52.2469836,21.0431709,86.7,15.48,0.133,-0.016,0.96,0,14.695853277359696,3.0,10.301900547435633,-1.0,6.0,52.247067,21.043105,3.0
33460,2026-05-11 20:51:22.600000+00:00,52.2469628,21.0431747,86.7,17.61,0.104,-0.067,0.964,0,16.756402969183725,3.0,12.52054170405354,-1.0,6.0,52.247067,21.043105,3.0
33465,2026-05-11 20:51:23.100000+00:00,52.2469405,21.0431782,86.7,18.91,0.112,-0.019,0.967,0,17.935698805149478,3.0,14.922857621873106,-1.0,6.0,52.247067,21.043105,3.0
33470,2026-05-11 20:51:23.600000+00:00,52.2469167,21.043182,86.6,19.23,0.108,-0.032,0.958,0,19.14518967210796,3.0,17.515456417675562,-1.0,6.0,52.247067,21.043105,3.0
33475,2026-05-11 20:51:24.100000+00:00,52.2468915,21.0431846,86.6,20.78,0.11,-0.066,0.967,0,20.21542107549031,3.0,20.253181279626897,-1.0,6.0,52.247067,21.043105,3.0
33480,2026-05-11 20:51:24.600000+00:00,52.2468638,21.043187,86.5,22.75,0.093,-0.028,0.978,0,22.207897686310897,3.0,23.27424492289192,-1.0,6.0,52.247067,21.043105,3.0
33485,2026-05-11 20:51:25.100000+00:00,52.2468344,21.04319,86.6,23.92,0.079,-0.035,0.953,0,23.58363358503046,3.0,26.503406870910062,-1.0,6.0,52.247067,21.043105,3.0
33490,2026-05-11 20:51:25.600000+00:00,52.2468038,21.0431929,86.6,24.88,0.091,-0.021,0.962,0,24.53967317902213,3.0,29.872052086764786,-1.0,6.0,52.247067,21.043105,3.0
33495,2026-05-11 20:51:26.100000+00:00,52.2467726,21.043196,86.7,25.61,0.078,-0.044,0.96,0,25.02500567591048,3.0,33.31686376282994,-1.0,6.0,52.247067,21.043105,3.0
33500,2026-05-11 20:51:26.600000+00:00,52.2467399,21.0431975,86.8,26.86,0.063,-0.063,0.978,0,26.1900566595066,3.0,36.913002108703765,-1.0,6.0,52.247067,21.043105,3.0
33505,2026-05-11 20:51:27.100000+00:00,52.246706,21.043199,86.9,27.88,0.072,-0.019,0.972,0,27.15041555128568,3.0,40.64829151666112,-1.0,6.0,52.247067,21.043105,3.0
33510,2026-05-11 20:51:27.600000+00:00,52.2466709,21.0432009,86.9,28.65,0.078,0.008,0.967,0,28.116611097094665,3.0,44.52558565260264,-1.0,6.0,52.247067,21.043105,3.0
33515,2026-05-11 20:51:28.100000+00:00,52.2466349,21.0432039,87.0,29.46,0.074,-0.017,0.967,0,28.85921553815613,3.0,48.51681037912373,-1.0,6.0,52.247067,21.043105,3.0
33520,2026-05-11 20:51:28.600000+00:00,52.2465976,21.0432065,87.1,30.23,0.06,-0.058,0.962,0,29.889692979210515,3.0,52.65033369737632,-1.0,6.0,52.247067,21.043105,3.0
33525,2026-05-11 20:51:29.100000+00:00,52.2465592,21.0432075,87.2,31.0,0.048,-0.048,0.963,0,30.74708089040337,3.0,56.894354498052536,-1.0,6.0,52.247067,21.043105,3.0
33530,2026-05-11 20:51:29.600000+00:00,52.2465206,21.0432085,87.3,31.53,0.061,0.016,0.972,0,30.907181349218792,3.0,61.16414365597187,-1.0,6.0,52.247067,21.043105,3.0
33535,2026-05-11 20:51:30.100000+00:00,52.2464813,21.0432099,87.3,31.84,0.054,-0.029,0.964,0,31.47119950105428,3.0,65.51726451233857,-1.0,6.0,52.247067,21.043105,3.0
33540,2026-05-11 20:51:30.600000+00:00,52.2464415,21.0432109,87.5,32.39,0.038,-0.078,0.972,0,31.867788331457472,3.0,69.92510339200841,-1.0,6.0,52.247067,21.043105,3.0
33545,2026-05-11 20:51:31.100000+00:00,52.2464008,21.043209,87.5,33.52,0.041,-0.046,0.972,0,32.59786868953651,3.0,74.41566106748004,-1.0,6.0,52.247067,21.043105,3.0
33550,2026-05-11 20:51:31.600000+00:00,52.2463585,21.0432069,87.5,34.17,0.056,-0.016,0.957,0,33.88116796545,3.0,79.08646488976146,-1.0,6.0,52.247067,21.043105,3.0
33555,2026-05-11 20:51:32.100000+00:00,52.2463154,21.0432044,87.5,34.59,0.051,-0.029,0.971,0,34.52776349316501,,83.84763801922821,-1.0,6.0,52.247067,21.043105,3.0
33560,2026-05-11 20:51:32.600000+00:00,52.2462714,21.0432019,87.6,35.35,0.049,-0.037,0.978,0,35.24786196603147,,88.71231376771834,-1.0,6.0,52.247067,21.043105,3.0
33565,2026-05-11 20:51:33.100000+00:00,52.246227,21.043199,87.6,36.18,0.049,-0.03,0.962,0,35.5752067882559,,93.62271584657664,-1.0,6.0,52.247067,21.043105,3.0
33570,2026-05-11 20:51:33.600000+00:00,52.2461821,21.0431965,87.6,36.49,0.061,-0.017,0.964,0,35.96797829136065,,98.59338128080807,-1.0,6.0,52.247067,21.043105,3.0
33575,2026-05-11 20:51:34.100000+00:00,52.2461352,21.0431932,87.7,37.55,0.058,-0.015,0.98,0,37.58313074511632,,103.78528594997452,-1.0,6.0,52.247067,21.043105,3.0
33580,2026-05-11 20:51:34.600000+00:00,52.2460888,21.0431903,87.8,37.73,0.059,-0.026,0.963,0,37.175190129378535,,108.92579256963052,-1.0,6.0,52.247067,21.043105,3.0
33585,2026-05-11 20:51:35.100000+00:00,52.2460428,21.0431884,87.9,38.59,0.05,-0.023,0.966,0,36.83953456391065,,114.02729658693448,-1.0,6.0,52.247067,21.043105,3.0
33590,2026-05-11 20:51:35.600000+00:00,52.2459941,21.0431853,88.0,39.33,0.057,-0.017,0.969,0,39.01899006771622,,119.42622923685046,-1.0,6.0,52.247067,21.043105,3.0
33595,2026-05-11 20:51:36.100000+00:00,52.2459446,21.0431816,88.0,39.78,0.06,-0.016,0.96,0,39.67135279308207,,124.91409246395972,-1.0,6.0,52.247067,21.043105,3.0
33600,2026-05-11 20:51:36.600000+00:00,52.2458943,21.0431776,88.0,40.35,0.058,-0.014,0.968,0,40.31806066791665,,130.4919313482517,-1.0,6.0,52.247067,21.043105,3.0
33605,2026-05-11 20:51:37.100000+00:00,52.2458435,21.0431731,88.0,40.89,0.062,-0.013,0.964,0,40.73043167629334,,136.12596958955746,-1.0,6.0,52.247067,21.043105,3.0
33610,2026-05-11 20:51:37.600000+00:00,52.2457916,21.0431694,88.0,41.44,0.058,0.0,0.97,0,41.59088507584844,,141.8857669836211,-1.0,6.0,52.247067,21.043105,3.0
33615,2026-05-11 20:51:38.100000+00:00,52.2457388,21.0431672,88.1,42.07,0.056,-0.004,0.974,0,42.28561709972519,,147.7497982059842,-1.0,6.0,52.247067,21.043105,3.0
33620,2026-05-11 20:51:38.600000+00:00,52.2456861,21.0431631,88.2,41.99,0.051,-0.002,0.991,0,42.23964322571161,,153.60001375119185,-1.0,6.0,52.247067,21.043105,3.0
33625,2026-05-11 20:51:39.100000+00:00,52.245633,21.0431596,88.2,42.61,0.054,-0.012,0.954,0,42.54665012304785,,159.49684743153134,-1.0,6.0,52.247067,21.043105,3.0
33630,2026-05-11 20:51:39.600000+00:00,52.2455794,21.0431566,88.2,42.94,0.052,-0.001,0.972,0,42.93753648241543,,165.45087232413917,-1.0,6.0,52.247067,21.043105,3.0
33635,2026-05-11 20:51:40.100000+00:00,52.2455254,21.0431538,88.3,43.47,0.056,-0.009,0.959,0,43.254369520843845,,171.45029223901693,-1.0,6.0,52.247067,21.043105,3.0
33640,2026-05-11 20:51:40.600000+00:00,52.2454711,21.0431508,88.3,43.75,0.047,-0.008,0.976,0,43.49763448063634,,177.48337588624216,-1.0,6.0,52.247067,21.043105,3.0
33645,2026-05-11 20:51:41.100000+00:00,52.2454168,21.0431477,88.4,43.82,0.054,-0.009,0.95,0,43.49931939599456,,183.51689464533592,-1.0,6.0,52.247067,21.043105,3.0
33650,2026-05-11 20:51:41.600000+00:00,52.2453622,21.0431447,88.5,44.07,0.043,-0.01,0.993,0,43.73767909465705,,189.58437846067693,-1.0,6.0,52.247067,21.043105,3.0
33655,2026-05-11 20:51:42.100000+00:00,52.2453068,21.0431413,88.6,44.7,0.051,-0.027,0.941,0,44.38473525699019,,195.7409116797624,-1.0,6.0,52.247067,21.043105,3.0
33660,2026-05-11 20:51:42.600000+00:00,52.2452513,21.0431376,88.6,44.92,0.044,-0.013,0.979,0,44.47049430971074,,201.90882717059523,-1.0,6.0,52.247067,21.043105,3.0
33665,2026-05-11 20:51:43.100000+00:00,52.2451952,21.0431333,88.7,45.43,0.05,-0.033,0.96,0,44.96328894537776,,208.14358125292617,-1.0,6.0,52.247067,21.043105,3.0
33670,2026-05-11 20:51:43.600000+00:00,52.2451391,21.0431286,88.7,45.5,0.037,-0.04,0.965,0,44.97290759522785,,214.3787201778856,-1.0,6.0,52.247067,21.043105,3.0
33675,2026-05-11 20:51:44.100000+00:00,52.2450822,21.0431214,88.8,46.26,0.031,-0.075,0.969,0,45.690857714515126,,220.7025147059608,-1.0,6.0,52.247067,21.043105,3.0
33680,2026-05-11 20:51:44.600000+00:00,52.2450251,21.0431121,88.8,46.44,0.017,-0.068,0.969,0,45.94120940049631,,227.0494352625417,-1.0,6.0,52.247067,21.043105,3.0
33685,2026-05-11 20:51:45.100000+00:00,52.244967,21.0431006,88.8,46.99,0.017,-0.072,0.935,0,46.855415174852965,,233.50953809851063,-1.0,6.0,52.247067,21.043105,3.0
33690,2026-05-11 20:51:45.600000+00:00,52.2449095,21.0430859,88.7,46.87,-0.027,-0.079,0.999,0,46.59526770751615,,239.9065784103569,-1.0,6.0,52.247067,21.043105,3.0
33695,2026-05-11 20:51:46.100000+00:00,52.2448523,21.0430686,88.7,46.56,-0.035,-0.102,0.953,0,46.573126225412246,,246.2758727664534,-1.0,6.0,52.247067,21.043105,3.0
33700,2026-05-11 20:51:46.600000+00:00,52.244796,21.0430472,88.7,46.25,-0.04,-0.086,0.98,0,46.27860679029417,,252.55433740878655,-1.0,6.0,52.247067,21.043105,3.0
33705,2026-05-11 20:51:47.100000+00:00,52.2447405,21.0430226,88.7,45.74,-0.037,-0.105,0.963,0,46.040780458680175,,258.7558168723078,-1.0,6.0,52.247067,21.043105,3.0
33710,2026-05-11 20:51:47.600000+00:00,52.2446866,21.0429931,88.6,45.8,-0.05,-0.118,0.968,0,45.51109385794582,,264.79801767611315,-1.0,6.0,52.247067,21.043105,3.0
33715,2026-05-11 20:51:48.100000+00:00,52.2446336,21.0429593,88.6,45.33,-0.048,-0.11,0.975,0,45.55216376042653,,270.7634981908114,-1.0,6.0,52.247067,21.043105,3.0
33720,2026-05-11 20:51:48.600000+00:00,52.2445823,21.0429216,88.5,45.48,-0.023,-0.126,0.961,0,45.03729490142528,,276.56803546715884,-1.0,6.0,52.247067,21.043105,3.0
33725,2026-05-11 20:51:49.100000+00:00,52.2445313,21.0428797,88.4,45.62,-0.023,-0.136,0.971,0,45.70584609098491,,282.37389472586324,-1.0,6.0,52.247067,21.043105,3.0
33730,2026-05-11 20:51:49.600000+00:00,52.2444809,21.0428331,88.3,46.26,-0.018,-0.149,0.952,0,46.36789540187785,,288.1564132599508,-1.0,6.0,52.247067,21.043105,3.0
33735,2026-05-11 20:51:50.100000+00:00,52.2444309,21.0427828,88.3,47.36,-0.008,-0.14,0.967,0,47.01485558274825,,293.94060241325656,-1.0,6.0,52.247067,21.043105,3.0
33740,2026-05-11 20:51:50.600000+00:00,52.2443825,21.0427278,88.2,46.65,-0.013,-0.143,1.001,0,47.20605570057617,,299.6054070911179,-1.0,6.0,52.247067,21.043105,3.0
33745,2026-05-11 20:51:51.100000+00:00,52.2443349,21.0426683,88.2,47.58,0.008,-0.138,0.941,0,47.98960774157136,,305.24704837283167,-1.0,6.0,52.247067,21.043105,3.0
33750,2026-05-11 20:51:51.600000+00:00,52.2442888,21.0426045,88.3,47.86,-0.006,-0.131,0.952,0,48.376876994730935,,310.79536043322,-1.0,6.0,52.247067,21.043105,3.0
33755,2026-05-11 20:51:52.100000+00:00,52.2442448,21.0425386,88.5,47.07,-0.004,-0.139,0.971,0,47.79642510314255,,313.6426824666448,-1.0,6.0,52.247067,21.043105,3.0
33760,2026-05-11 20:51:52.600000+00:00,52.2442022,21.042467,88.4,49.04,0.004,-0.136,0.912,0,48.940035322549264,,306.9457763673464,-1.0,6.0,52.24265,21.038739,4.0
33765,2026-05-11 20:51:53.100000+00:00,52.2441612,21.0423938,88.4,48.86,-0.011,-0.134,0.979,0,48.63195739942136,,300.2625835518034,-1.0,6.0,52.24265,21.038739,4.0
33770,2026-05-11 20:51:53.600000+00:00,52.2441198,21.0423163,88.5,49.65,-0.01,-0.14,0.96,0,50.41741006795008,,293.3147289413289,-1.0,6.0,52.24265,21.038739,4.0
33775,2026-05-11 20:51:54.100000+00:00,52.2440809,21.0422347,88.5,49.77,-0.01,-0.149,0.96,0,50.69513646346355,,286.2916841618391,-1.0,6.0,52.24265,21.038739,4.0
33780,2026-05-11 20:51:54.600000+00:00,52.244044,21.0421506,88.6,50.1,0.0,-0.127,0.96,0,50.718590294602485,,279.25125359762023,-1.0,6.0,52.24265,21.038739,4.0
33785,2026-05-11 20:51:55.100000+00:00,52.2440096,21.0420637,88.6,50.09,-0.004,-0.135,0.974,0,50.72656162250781,,272.20665912809494,-1.0,6.0,52.24265,21.038739,4.0
33790,2026-05-11 20:51:55.600000+00:00,52.243978,21.0419732,88.6,51.11,-0.013,-0.165,0.951,0,51.07058789437447,,265.1316346060088,-1.0,6.0,52.24265,21.038739,4.0
33795,2026-05-11 20:51:56.100000+00:00,52.2439476,21.041879,88.7,51.49,-0.024,-0.151,0.928,0,52.19906541305112,,257.92331082960413,-1.0,6.0,52.24265,21.038739,4.0
33800,2026-05-11 20:51:56.600000+00:00,52.2439217,21.0417817,88.6,51.3,-0.029,-0.138,1.001,0,52.009750555088594,,250.8245762721482,-1.0,6.0,52.24265,21.038739,4.0
33805,2026-05-11 20:51:57.100000+00:00,52.2438988,21.0416805,88.5,51.85,-0.007,-0.136,0.94,0,52.88867968213652,,243.70465866004167,-1.0,6.0,52.24265,21.038739,4.0
33810,2026-05-11 20:51:57.600000+00:00,52.2438784,21.0415779,88.5,51.97,-0.042,-0.111,0.981,0,52.88094709509275,,236.68095568889197,-1.0,6.0,52.24265,21.038739,4.0
33815,2026-05-11 20:51:58.100000+00:00,52.2438599,21.0414746,88.4,51.61,-0.049,-0.122,0.958,0,52.7603868164648,,229.762309546697,-1.0,6.0,52.24265,21.038739,4.0
33820,2026-05-11 20:51:58.600000+00:00,52.2438435,21.0413694,88.3,51.43,-0.05,-0.12,0.968,0,53.21542699399194,,222.90474997034408,-1.0,6.0,52.24265,21.038739,4.0
33825,2026-05-11 20:51:59.100000+00:00,52.2438308,21.0412639,88.2,50.7,-0.054,-0.117,0.989,0,52.70730908372099,,216.3155918237185,-1.0,6.0,52.24265,21.038739,4.0
33830,2026-05-11 20:51:59.600000+00:00,52.2438209,21.0411589,88.1,51.03,-0.055,-0.121,0.943,0,52.0788740838399,,209.99455696565803,-1.0,6.0,52.24265,21.038739,4.0
33835,2026-05-11 20:52:00.100000+00:00,52.2438132,21.0410559,88.1,50.26,-0.066,-0.116,0.971,0,50.86672878308572,,203.9945969232756,-1.0,6.0,52.24265,21.038739,4.0
33840,2026-05-11 20:52:00.600000+00:00,52.243808,21.0409542,88.0,50.02,-0.025,-0.097,0.973,0,50.02804679285025,,198.31264397246147,-1.0,6.0,52.24265,21.038739,4.0
33845,2026-05-11 20:52:01.100000+00:00,52.243805,21.040853,88.0,49.34,-0.04,-0.094,0.974,0,49.66753167401989,,192.90191304908544,-1.0,6.0,52.24265,21.038739,4.0
33850,2026-05-11 20:52:01.600000+00:00,52.2438036,21.0407523,88.0,49.19,-0.031,-0.072,0.959,0,49.37704426450202,,187.7352082384794,-1.0,6.0,52.24265,21.038739,4.0
33855,2026-05-11 20:52:02.100000+00:00,52.2438033,21.040653,88.0,48.38,-0.023,-0.043,0.991,0,48.67861824049667,,182.83359610219915,-1.0,6.0,52.24265,21.038739,4.0
33860,2026-05-11 20:52:02.600000+00:00,52.2438033,21.0405544,88.1,48.16,-0.001,-0.013,0.988,0,48.334877650845925,,178.1109091535211,-1.0,6.0,52.24265,21.038739,4.0
33865,2026-05-11 20:52:03.100000+00:00,52.2438035,21.0404572,88.2,47.46,0.007,-0.01,0.967,0,47.648850148095,,173.6001187686053,-1.0,6.0,52.24265,21.038739,4.0
33870,2026-05-11 20:52:03.600000+00:00,52.2438037,21.0403609,88.3,46.85,0.008,-0.006,0.961,0,47.207661880890846,,169.2679285789129,-1.0,6.0,52.24265,21.038739,4.0
33875,2026-05-11 20:52:04.100000+00:00,52.2438046,21.040265,88.3,46.38,0.012,0.0,0.962,0,47.01682661468347,,165.160168518517,-1.0,6.0,52.24265,21.038739,4.0
33880,2026-05-11 20:52:04.600000+00:00,52.2438052,21.0401708,88.4,45.84,0.01,0.003,0.99,0,46.18044272504306,,161.2556994874315,-1.0,6.0,52.24265,21.038739,4.0
33885,2026-05-11 20:52:05.100000+00:00,52.2438051,21.0400772,88.4,45.4,0.012,0.01,0.966,0,45.88388688113734,,157.4758438872401,-1.0,6.0,52.24265,21.038739,4.0
33890,2026-05-11 20:52:05.600000+00:00,52.2438053,21.0399861,88.5,44.01,-0.027,0.032,0.975,0,44.658574735514414,,153.98881406960953,-1.0,6.0,52.24265,21.038739,4.0
33895,2026-05-11 20:52:06.100000+00:00,52.2438052,21.0398983,88.6,42.27,-0.05,0.045,0.947,0,43.04066341977597,,150.76558685082225,-1.0,6.0,52.24265,21.038739,4.0
33900,2026-05-11 20:52:06.600000+00:00,52.2438042,21.0398142,88.7,40.36,-0.04,0.056,1.004,0,41.234579032154514,,147.7516969794713,-1.0,6.0,52.24265,21.038739,4.0
33905,2026-05-11 20:52:07.100000+00:00,52.2438026,21.0397338,88.8,38.6,-0.047,0.05,0.968,0,39.433834762130665,,144.96006875157744,-1.0,6.0,52.24265,21.038739,4.0
33910,2026-05-11 20:52:07.600000+00:00,52.243801,21.0396576,88.9,36.66,-0.058,0.057,0.975,0,37.37609320058098,,142.44985860800233,-1.0,6.0,52.24265,21.038739,4.0
33915,2026-05-11 20:52:08.100000+00:00,52.2437991,21.0395856,88.9,34.74,-0.041,0.046,0.954,0,35.32801174108416,,140.17402973690898,-1.0,6.0,52.24265,21.038739,4.0
33920,2026-05-11 20:52:08.600000+00:00,52.2437973,21.0395177,88.9,32.39,-0.057,0.058,0.986,0,33.316562247494026,,138.15233066438873,-1.0,6.0,52.24265,21.038739,4.0
33925,2026-05-11 20:52:09.100000+00:00,52.2437957,21.0394539,89.0,30.89,-0.022,0.048,0.975,0,31.30173541657273,,136.37801253993345,-1.0,6.0,52.24265,21.038739,4.0
33930,2026-05-11 20:52:09.600000+00:00,52.2437938,21.039393,89.0,30.17,0.008,0.032,0.958,0,29.89262916481619,,134.75428961524491,-1.0,6.0,52.24265,21.038739,4.0
33935,2026-05-11 20:52:10.100000+00:00,52.2437912,21.0393334,89.0,28.94,0.003,0.068,0.986,0,29.29068478439779,,133.1928898459591,-1.0,6.0,52.24265,21.038739,4.0
33940,2026-05-11 20:52:10.600000+00:00,52.2437879,21.0392761,89.1,27.85,-0.017,0.065,0.971,0,28.213117281778764,,131.70724847442744,-1.0,6.0,52.24265,21.038739,4.0
33945,2026-05-11 20:52:11.100000+00:00,52.2437839,21.0392229,89.0,25.63,-0.068,0.092,0.969,0,26.27515996275227,,130.31747782827148,-1.0,6.0,52.24265,21.038739,4.0
33950,2026-05-11 20:52:11.600000+00:00,52.2437797,21.0391752,89.1,22.71,-0.073,0.087,0.979,0,23.62364358349585,,129.0799814472648,-1.0,6.0,52.24265,21.038739,4.0
33955,2026-05-11 20:52:12.100000+00:00,52.2437753,21.0391317,89.2,20.91,-0.06,0.07,0.98,0,21.613227250265567,,127.95238716584944,-1.0,6.0,52.24265,21.038739,4.0
33960,2026-05-11 20:52:12.600000+00:00,52.2437709,21.0390927,89.2,18.82,-0.025,0.053,0.977,0,19.440097288256897,,126.94357221574836,-1.0,6.0,52.24265,21.038739,4.0
33965,2026-05-11 20:52:13.100000+00:00,52.2437665,21.0390562,89.3,17.82,-0.021,0.056,0.957,0,18.236209425307432,,126.01361583773088,-1.0,6.0,52.24265,21.038739,4.0
33970,2026-05-11 20:52:13.600000+00:00,52.243762,21.0390246,89.3,15.34,-0.086,0.079,0.984,0,15.90413437785544,,125.16843140868706,-1.0,6.0,52.24265,21.038739,4.0
33975,2026-05-11 20:52:14.100000+00:00,52.2437577,21.0389974,89.4,13.11,-0.036,0.044,0.971,0,13.77101835201578,,124.420774578574,-1.0,6.0,52.24265,21.038739,4.0
33980,2026-05-11 20:52:14.600000+00:00,52.243754,21.0389732,89.5,11.92,-0.015,0.031,0.978,0,12.22738068977758,,123.79049542992544,-1.0,6.0,52.24265,21.038739,4.0
33985,2026-05-11 20:52:15.100000+00:00,52.2437502,21.0389509,89.5,10.83,-0.008,0.025,0.967,0,11.347174346960722,,123.1844463939598,-1.0,6.0,52.24265,21.038739,4.0
33990,2026-05-11 20:52:15.600000+00:00,52.2437465,21.0389305,89.6,10.04,-0.012,0.026,0.976,0,10.42983516317617,,122.62040845663424,-1.0,6.0,52.24265,21.038739,4.0
33995,2026-05-11 20:52:16.100000+00:00,52.2437431,21.0389129,89.6,8.68,-0.04,0.035,0.978,0,9.046956905949145,,122.12249764738613,-1.0,6.0,52.24265,21.038739,4.0
34000,2026-05-11 20:52:16.600000+00:00,52.2437399,21.0388986,89.7,6.85,-0.034,0.028,0.977,0,7.463519209564433,,121.67754300256358,-1.0,6.0,52.24265,21.038739,4.0
34005,2026-05-11 20:52:17.100000+00:00,52.2437372,21.0388862,89.7,5.52,-0.016,0.02,0.981,0,6.451545428748148,,121.30585025017656,-1.0,6.0,52.24265,21.038739,4.0
34010,2026-05-11 20:52:17.600000+00:00,52.2437351,21.0388758,89.8,4.75,-0.012,0.013,0.973,0,5.36827747699462,,121.01658335938065,-1.0,6.0,52.24265,21.038739,4.0
34015,2026-05-11 20:52:18.100000+00:00,52.2437336,21.0388672,89.8,3.44,-0.021,0.016,0.975,0,4.38353453598342,,120.80656848378236,-1.0,6.0,52.24265,21.038739,4.0
34020,2026-05-11 20:52:18.600000+00:00,52.2437324,21.0388624,89.9,1.8,-0.041,0.035,0.977,0,2.5415928935298724,,120.6502848796464,-1.0,6.0,52.24265,21.038739,4.0
34025,2026-05-11 20:52:19.100000+00:00,52.2437316,21.0388599,89.9,0.27,-0.033,0.03,0.978,0,1.3828033882266448,,120.54980256506984,-1.0,6.0,52.24265,21.038739,4.0
34030,2026-05-11 20:52:19.600000+00:00,52.243731,21.0388588,90.0,0.04,0.042,-0.004,0.971,0,0.7221639773982452,,120.47814769226248,-1.0,6.0,52.24265,21.038739,4.0
34035,2026-05-11 20:52:20.100000+00:00,52.2437307,21.0388581,90.1,0.05,0.043,-0.004,0.981,0,0.4188532141388215,,120.44164755468748,-1.0,6.0,52.24265,21.038739,4.0
34040,2026-05-11 20:52:20.600000+00:00,52.2437305,21.0388574,90.1,0.16,0.042,-0.003,0.975,0,0.3786683539766641,,120.4162590031183,-1.0,6.0,52.24265,21.038739,4.0
34045,2026-05-11 20:52:21.100000+00:00,52.2437302,21.0388566,90.1,0.09,0.044,-0.003,0.977,0,0.4598741911552377,,120.37934018715713,-1.0,6.0,52.24265,21.038739,4.0
34050,2026-05-11 20:52:21.600000+00:00,52.2437296,21.038855,90.2,0.12,0.04,-0.004,0.975,0,0.9197483864344228,,120.30557029840756,-1.0,6.0,52.24265,21.038739,4.0
34055,2026-05-11 20:52:22.100000+00:00,52.2437289,21.0388534,90.2,0.1,0.043,-0.004,0.975,0,0.9639827201766068,,120.22079474080648,-1.0,6.0,52.24265,21.038739,4.0
34060,2026-05-11 20:52:22.600000+00:00,52.243728,21.0388514,90.3,0.09,0.043,-0.002,0.975,0,1.2167234071711484,,120.11217679465372,-1.0,6.0,52.24265,21.038739,4.0
34065,2026-05-11 20:52:23.100000+00:00,52.2437277,21.0388506,90.3,0.05,0.043,-0.003,0.973,0,0.459874206007931,,120.0754270245082,-1.0,6.0,52.24265,21.038739,4.0
34070,2026-05-11 20:52:23.600000+00:00,52.2437274,21.0388498,90.3,0.09,0.042,-0.003,0.977,0,0.4598742135885961,,120.03869998794464,-1.0,6.0,52.24265,21.038739,4.0
34075,2026-05-11 20:52:24.100000+00:00,52.2437272,21.0388491,90.3,0.09,0.043,-0.002,0.975,0,0.3786683763620364,,120.01351860978576,-1.0,6.0,52.24265,21.038739,4.0
34080,2026-05-11 20:52:24.600000+00:00,52.2437271,21.0388486,90.3,0.06,0.041,-0.003,0.976,0,0.2578502521918744,,120.0002990620592,-1.0,6.0,52.24265,21.038739,4.0
34085,2026-05-11 20:52:25.100000+00:00,52.2437269,21.0388481,90.2,0.06,0.044,-0.003,0.975,0,0.2927724920548888,,119.97599058521917,-1.0,6.0,52.24265,21.038739,4.0
34090,2026-05-11 20:52:25.600000+00:00,52.2437267,21.0388475,90.2,0.05,0.041,-0.003,0.976,0,0.3348875217676903,,119.95127146110389,-1.0,6.0,52.24265,21.038739,4.0
34095,2026-05-11 20:52:26.100000+00:00,52.2437264,21.0388469,90.2,0.05,0.042,-0.002,0.977,0,0.379734055204347,,119.91546667288124,-1.0,6.0,52.24265,21.038739,4.0
34100,2026-05-11 20:52:26.600000+00:00,52.2437259,21.0388458,90.2,0.05,0.041,-0.004,0.975,0,0.671576223496068,,119.85540656530462,-1.0,6.0,52.24265,21.038739,4.0
34105,2026-05-11 20:52:27.100000+00:00,52.2437253,21.0388444,90.3,0.06,0.041,-0.003,0.976,0,0.8377065006412641,,119.78306411246466,-1.0,6.0,52.24265,21.038739,4.0
34110,2026-05-11 20:52:27.600000+00:00,52.2437247,21.0388432,90.3,0.07,0.04,-0.003,0.98,0,0.7594681198823864,,119.71159725673694,-1.0,6.0,52.24265,21.038739,4.0
34115,2026-05-11 20:52:28.100000+00:00,52.2437242,21.0388418,90.4,0.09,0.042,-0.003,0.974,0,0.7945098827491762,,119.6504837444648,-1.0,6.0,52.24265,21.038739,4.0
34120,2026-05-11 20:52:28.600000+00:00,52.2437236,21.0388405,90.4,0.06,0.046,0.0,0.974,0,0.7980406917141625,,119.57873316993371,-1.0,6.0,52.24265,21.038739,4.0
34125,2026-05-11 20:52:29.100000+00:00,52.2437231,21.0388392,90.4,0.11,0.045,-0.001,0.977,0,0.7525707302360168,,119.51814367891104,-1.0,6.0,52.24265,21.038739,4.0
34130,2026-05-11 20:52:29.600000+00:00,52.2437224,21.0388375,90.5,0.09,0.041,0.0,0.976,0,1.0042731915022214,,119.43387893538754,-1.0,6.0,52.24265,21.038739,4.0
34135,2026-05-11 20:52:30.100000+00:00,52.2437219,21.0388364,90.6,0.05,0.044,0.0,0.976,0,0.6715762655616516,,119.37418521642894,-1.0,6.0,52.24265,21.038739,4.0
34140,2026-05-11 20:52:30.600000+00:00,52.2437215,21.0388353,90.6,0.01,0.045,0.0,0.976,0,0.6271584751164946,,119.32563724319584,-1.0,6.0,52.24265,21.038739,4.0
34145,2026-05-11 20:52:31.100000+00:00,52.2437207,21.0388334,90.7,0.09,0.045,-0.001,0.977,0,1.1303679315327897,,119.22977225217346,-1.0,6.0,52.24265,21.038739,4.0
34150,2026-05-11 20:52:31.600000+00:00,52.24372,21.0388317,90.8,0.06,0.044,-0.002,0.976,0,1.0042732301989643,,119.14586153181746,-1.0,6.0,52.24265,21.038739,4.0
34155,2026-05-11 20:52:32.100000+00:00,52.2437195,21.0388303,90.8,0.07,0.043,-0.003,0.975,0,0.7945099455410018,,119.08532841604423,-1.0,6.0,52.24265,21.038739,4.0
34160,2026-05-11 20:52:32.600000+00:00,52.243719,21.0388291,90.9,0.11,0.045,-0.001,0.975,0,0.7115375359714655,,119.02556786964917,-1.0,6.0,52.24265,21.038739,4.0
34165,2026-05-11 20:52:33.100000+00:00,52.2437187,21.0388283,90.9,0.12,0.044,-0.002,0.976,0,0.4598742751691109,,118.98945808729049,-1.0,6.0,52.24265,21.038739,4.0
34170,2026-05-11 20:52:33.600000+00:00,52.2437186,21.0388275,91.0,0.02,0.044,-0.003,0.975,0,0.4002587645702695,,118.97558207782346,-1.0,6.0,52.24265,21.038739,4.0
34175,2026-05-11 20:52:34.100000+00:00,52.2437184,21.0388268,91.0,0.14,0.046,-0.002,0.976,0,0.3786684401846866,,118.95096692894109,-1.0,6.0,52.24265,21.038739,4.0
34180,2026-05-11 20:52:34.600000+00:00,52.2437182,21.0388262,91.0,0.03,0.042,-0.002,0.976,0,0.334887571252389,,118.92670965050688,-1.0,6.0,52.24265,21.038739,4.0
34185,2026-05-11 20:52:35.100000+00:00,52.2437181,21.0388257,91.0,0.02,0.045,-0.003,0.976,0,0.2578502994485773,,118.91390922481774,-1.0,6.0,52.24265,21.038739,4.0
34190,2026-05-11 20:52:35.600000+00:00,52.243718,21.0388252,91.0,0.07,0.042,-0.002,0.974,0,0.2578503015549004,,118.90111820720053,-1.0,6.0,52.24265,21.038739,4.0
34195,2026-05-11 20:52:36.100000+00:00,52.2437179,21.0388248,91.0,0.12,0.044,0.0,0.976,0,0.2117994692051887,,118.88867095786242,-1.0,6.0,52.24265,21.038739,4.0
34200,2026-05-11 20:52:36.600000+00:00,52.2437178,21.0388244,91.0,0.06,0.042,-0.002,0.977,0,0.2117994715393562,,118.87622968394172,-1.0,6.0,52.24265,21.038739,4.0
34205,2026-05-11 20:52:37.100000+00:00,52.2437178,21.0388242,91.0,0.12,0.043,-0.002,0.977,0,0.0980425365445468,,118.87556441114384,-1.0,6.0,52.24265,21.038739,4.0
34210,2026-05-11 20:52:37.600000+00:00,52.2437177,21.0388239,91.0,0.27,0.045,-0.002,0.976,0,0.16744378722717,,118.86346308300402,-1.0,6.0,52.24265,21.038739,4.0
34215,2026-05-11 20:52:38.100000+00:00,52.2437178,21.0388235,91.1,0.2,0.042,-0.002,0.975,0,0.2117994700234154,,118.8732482110488,-1.0,6.0,52.24265,21.038739,4.0
34220,2026-05-11 20:52:38.600000+00:00,52.2437177,21.038823,91.1,0.12,0.045,-0.002,0.975,0,0.2578503015488751,,118.8604988403716,-1.0,6.0,52.24265,21.038739,4.0
34225,2026-05-11 20:52:39.100000+00:00,52.2437177,21.0388227,91.1,0.12,0.044,-0.001,0.976,0,0.1470638059278193,,118.85951776332476,-1.0,6.0,52.24265,21.038739,4.0
34230,2026-05-11 20:52:39.600000+00:00,52.2437177,21.0388224,91.1,0.11,0.044,-0.002,0.973,0,0.1470638059278193,,118.858540188338,-1.0,6.0,52.24265,21.038739,4.0
34235,2026-05-11 20:52:40.100000+00:00,52.2437175,21.0388221,91.1,0.05,0.044,-0.001,0.974,0,0.2174083686853587,,118.83535234720505,-1.0,6.0,52.24265,21.038739,4.0
34240,2026-05-11 20:52:40.600000+00:00,52.2437174,21.0388218,91.2,0.07,0.046,0.0,0.974,0,0.1674437905354281,,118.82327462310631,-1.0,6.0,52.24265,21.038739,4.0
34245,2026-05-11 20:52:41.100000+00:00,52.2437172,21.0388215,91.2,0.1,0.043,-0.001,0.977,0,0.2174083731087059,,118.8000931663551,-1.0,6.0,52.24265,21.038739,4.0
34250,2026-05-11 20:52:41.600000+00:00,52.2437172,21.0388212,91.3,0.06,0.044,0.0,0.977,0,0.1470638075849442,,118.79912915001852,-1.0,6.0,52.24265,21.038739,4.0
34255,2026-05-11 20:52:42.100000+00:00,52.243717,21.0388208,91.3,0.1,0.044,-0.003,0.976,0,0.2531560684770966,,118.77563471812842,-1.0,6.0,52.24265,21.038739,4.0
34260,2026-05-11 20:52:42.600000+00:00,52.2437169,21.0388206,91.4,0.19,0.044,-0.001,0.976,0,0.1265780290597207,,118.7638896639223,-1.0,6.0,52.24265,21.038739,4.0
34265,2026-05-11 20:52:43.100000+00:00,52.2437168,21.0388204,91.5,0.04,0.044,-0.001,0.975,0,0.126578036880795,,118.75214604931224,-1.0,6.0,52.24265,21.038739,4.0
34270,2026-05-11 20:52:43.600000+00:00,52.2437166,21.0388202,91.5,0.04,0.043,-0.001,0.974,0,0.1877524347180024,,118.72929644439712,-1.0,6.0,52.24265,21.038739,4.0
34275,2026-05-11 20:52:44.100000+00:00,52.2437165,21.0388199,91.6,0.07,0.043,0.0,0.978,0,0.1674437907202073,,118.71723956224756,-1.0,6.0,52.24265,21.038739,4.0
34280,2026-05-11 20:52:44.600000+00:00,52.2437164,21.0388197,91.6,0.13,0.047,-0.003,0.976,0,0.1265780363576958,,118.70550096617896,-1.0,6.0,52.24265,21.038739,4.0
34285,2026-05-11 20:52:45.100000+00:00,52.2437163,21.0388195,91.7,0.1,0.045,-0.001,0.975,0,0.1265780312942146,,118.6937638145196,-1.0,6.0,52.24265,21.038739,4.0
34290,2026-05-11 20:52:45.600000+00:00,52.243716,21.0388194,91.7,0.04,0.044,-0.001,0.976,0,0.2451326579215818,,118.66012663761296,-1.0,6.0,52.24265,21.038739,4.0
34295,2026-05-11 20:52:46.100000+00:00,52.2437158,21.0388191,91.7,0.08,0.044,-0.002,0.975,0,0.2174083762473553,,118.63697061720032,-1.0,6.0,52.24265,21.038739,4.0
34300,2026-05-11 20:52:46.600000+00:00,52.2437156,21.0388189,91.7,0.08,0.044,0.0,0.976,0,0.1877524323427308,,118.6141298350784,-1.0,6.0,52.24265,21.038739,4.0
34305,2026-05-11 20:52:47.100000+00:00,52.2437156,21.0388184,91.7,0.16,0.046,0.0,0.976,0,0.2451063542931899,,118.61257337933606,-1.0,6.0,52.24265,21.038739,4.0
34310,2026-05-11 20:52:47.600000+00:00,52.2437155,21.0388177,91.7,0.11,0.044,-0.001,0.977,0,0.352364619209055,,118.5993025834891,-1.0,6.0,52.24265,21.038739,4.0
34315,2026-05-11 20:52:48.100000+00:00,52.2437153,21.0388172,91.8,0.1,0.045,-0.001,0.975,0,0.2927725471782438,,118.5755528263812,-1.0,6.0,52.24265,21.038739,4.0
34320,2026-05-11 20:52:48.600000+00:00,52.243715,21.0388168,91.8,0.19,0.043,-0.002,0.975,0,0.3100585288843764,,118.54100789721758,-1.0,6.0,52.24265,21.038739,4.0
34325,2026-05-11 20:52:49.100000+00:00,52.2437147,21.0388164,91.8,0.14,0.043,-0.001,0.975,0,0.3100585366267107,,118.50646854562572,-1.0,6.0,52.24265,21.038739,4.0
34330,2026-05-11 20:52:49.600000+00:00,52.2437144,21.038816,91.9,0.08,0.044,0.0,0.975,0,0.3100585305611564,,118.4719347792924,-1.0,6.0,52.24265,21.038739,4.0
34335,2026-05-11 20:52:50.100000+00:00,52.2437142,21.0388156,91.9,0.05,0.041,0.0,0.975,0,0.2531560780609067,,118.44851530818106,-1.0,6.0,52.24265,21.038739,4.0
34340,2026-05-11 20:52:50.600000+00:00,52.2437139,21.0388151,92.0,0.13,0.043,-0.001,0.976,0,0.3431676840171512,,118.41369471663891,-1.0,6.0,52.24265,21.038739,4.0
34345,2026-05-11 20:52:51.100000+00:00,52.2437136,21.0388146,92.1,0.1,0.044,-0.001,0.975,0,0.3431676934431016,,118.37888307151228,-1.0,6.0,52.24265,21.038739,4.0
34350,2026-05-11 20:52:51.600000+00:00,52.2437133,21.0388141,92.1,0.17,0.046,0.0,0.976,0,0.3431676863843427,,118.34408038354306,-1.0,6.0,52.24265,21.038739,4.0
34355,2026-05-11 20:52:52.100000+00:00,52.2437128,21.0388136,92.2,0.01,0.043,-0.001,0.974,0,0.469381099901945,,118.28706818064256,-1.0,6.0,52.24265,21.038739,4.0
34360,2026-05-11 20:52:52.600000+00:00,52.2437124,21.038813,92.2,0.02,0.044,-0.002,0.976,0,0.434816763540421,,118.24088348214356,-1.0,6.0,52.24265,21.038739,4.0
34365,2026-05-11 20:52:53.100000+00:00,52.2437121,21.0388125,92.3,0.06,0.043,0.0,0.977,0,0.343167696910328,,118.20610919249972,-1.0,6.0,52.24265,21.038739,4.0
34370,2026-05-11 20:52:53.600000+00:00,52.2437117,21.0388119,92.3,0.01,0.042,-0.002,0.976,0,0.4348167704298497,,118.15994804180968,-1.0,6.0,52.24265,21.038739,4.0
34375,2026-05-11 20:52:54.100000+00:00,52.2437114,21.0388116,92.3,0.04,0.042,-0.001,0.975,0,0.2816286548822033,,118.12576252683832,-1.0,6.0,52.24265,21.038739,4.0
34380,2026-05-11 20:52:54.600000+00:00,52.2437113,21.0388113,92.3,0.11,0.045,-0.002,0.975,0,0.1674438082917009,,118.11379972930828,-1.0,6.0,52.24265,21.038739,4.0
34385,2026-05-11 20:52:55.100000+00:00,52.2437109,21.038811,92.3,0.03,0.043,-0.001,0.976,0,0.3523951125674556,,118.06851058059466,-1.0,6.0,52.24265,21.038739,4.0
34390,2026-05-11 20:52:55.600000+00:00,52.2437105,21.0388108,92.3,0.07,0.043,-0.001,0.976,0,0.3349132592532872,,118.02350616706345,-1.0,6.0,52.24265,21.038739,4.0
34395,2026-05-11 20:52:56.100000+00:00,52.2437102,21.0388103,92.4,0.02,0.044,0.0,0.976,0,0.3431676986148326,,117.98877076121916,-1.0,6.0,52.24265,21.038739,4.0
34400,2026-05-11 20:52:56.600000+00:00,52.2437099,21.03881,92.4,0.04,0.045,-0.001,0.976,0,0.2816286661646555,,117.95460166879862,-1.0,6.0,52.24265,21.038739,4.0
34405,2026-05-11 20:52:57.100000+00:00,52.2437096,21.0388097,92.4,0.06,0.044,-0.001,0.976,0,0.2816286579974089,,117.92043565166264,-1.0,6.0,52.24265,21.038739,4.0
34410,2026-05-11 20:52:57.600000+00:00,52.2437093,21.0388093,92.5,0.04,0.042,0.0,0.976,0,0.3100585527037562,,117.88599606899749,-1.0,6.0,52.24265,21.038739,4.0
34415,2026-05-11 20:52:58.100000+00:00,52.243709,21.0388089,92.5,0.05,0.044,0.0,0.976,0,0.3100585456521764,,117.85156215939168,-1.0,6.0,52.24265,21.038739,4.0
34420,2026-05-11 20:52:58.600000+00:00,52.2437087,21.0388087,92.5,0.09,0.043,0.0,0.975,0,0.2594210438342825,,117.81768162710192,-1.0,6.0,52.24265,21.038739,4.0
34425,2026-05-11 20:52:59.100000+00:00,52.2437085,21.0388083,92.6,0.04,0.043,-0.001,0.975,0,0.2531560975708051,,117.79436665378444,-1.0,6.0,52.24265,21.038739,4.0
34430,2026-05-11 20:52:59.600000+00:00,52.2437081,21.0388079,92.6,0.15,0.059,-0.01,0.972,0,0.3755048852904548,,117.74883623060566,-1.0,6.0,52.24265,21.038739,4.0
34435,2026-05-11 20:53:00.100000+00:00,52.2437076,21.0388061,92.6,1.13,0.097,-0.022,0.966,0,0.968938228754764,,117.6884617508544,-1.0,6.0,52.24265,21.038739,4.0
34440,2026-05-11 20:53:00.600000+00:00,52.2437065,21.0388016,92.7,2.54,0.114,-0.034,0.969,0,2.3752510980364607,,117.55473226141252,-1.0,6.0,52.24265,21.038739,4.0
34445,2026-05-11 20:53:01.100000+00:00,52.2437052,21.0387942,92.7,3.32,0.124,-0.035,0.973,0,3.7739278842434394,,117.39306376079983,-1.0,6.0,52.24265,21.038739,4.0
34450,2026-05-11 20:53:01.600000+00:00,52.2437024,21.0387823,92.8,5.95,0.138,-0.038,0.968,0,6.249422191586215,,117.05867087308268,-1.0,6.0,52.24265,21.038739,4.0
34455,2026-05-11 20:53:02.100000+00:00,52.2436996,21.0387677,92.9,7.41,0.15,-0.045,0.965,0,7.499957768101309,,116.72655221941991,-1.0,6.0,52.24265,21.038739,4.0
34460,2026-05-11 20:53:02.600000+00:00,52.243696,21.0387495,92.9,9.4,0.157,-0.046,0.972,0,9.375861026064682,,116.31209033452907,-1.0,6.0,52.24265,21.038739,4.0
34465,2026-05-11 20:53:03.100000+00:00,52.243692,21.0387277,93.0,11.54,0.158,-0.051,0.962,0,11.156154257870122,,115.86766793723484,-1.0,6.0,52.24265,21.038739,4.0
34470,2026-05-11 20:53:03.600000+00:00,52.243687,21.0387019,93.0,13.59,0.144,-0.046,0.969,0,13.265869240530304,,115.33680305030184,-1.0,6.0,52.24265,21.038739,4.0
34475,2026-05-11 20:53:04.100000+00:00,52.2436814,21.0386724,93.1,15.4,0.132,-0.038,0.96,0,15.140325624680784,,114.77605634254012,-1.0,6.0,52.24265,21.038739,4.0
34480,2026-05-11 20:53:04.600000+00:00,52.2436753,21.0386403,93.2,16.87,0.12,-0.031,0.965,0,16.47625685148794,,114.2060404342228,-1.0,6.0,52.24265,21.038739,4.0
34485,2026-05-11 20:53:05.100000+00:00,52.2436687,21.0386052,93.2,18.58,0.124,-0.028,0.96,0,17.999542589135622,,113.6400058552348,-1.0,6.0,52.24265,21.038739,4.0
34490,2026-05-11 20:53:05.600000+00:00,52.2436615,21.0385681,93.3,19.55,0.115,-0.015,0.971,0,19.07855994884376,,113.07395810188795,-1.0,6.0,52.24265,21.038739,4.0
34495,2026-05-11 20:53:06.100000+00:00,52.2436529,21.0385293,93.4,20.61,0.119,0.029,0.967,0,20.22811956392999,,112.4276626427236,-1.0,6.0,52.24265,21.038739,4.0
34500,2026-05-11 20:53:06.600000+00:00,52.2436429,21.0384898,93.4,21.25,0.092,0.052,0.973,0,20.95325927793508,,111.7015742055564,-1.0,6.0,52.24265,21.038739,4.0
34505,2026-05-11 20:53:07.100000+00:00,52.2436311,21.0384517,93.5,20.87,0.049,0.109,0.96,0,20.93044560460032,,110.83318144231104,-1.0,6.0,52.24265,21.038739,4.0
34510,2026-05-11 20:53:07.600000+00:00,52.2436178,21.0384165,93.5,20.13,0.052,0.105,0.972,0,20.276427929167937,,109.83174336657888,-1.0,6.0,52.24265,21.038739,4.0
34515,2026-05-11 20:53:08.100000+00:00,52.2436034,21.0383846,93.5,19.66,0.038,0.115,0.967,0,19.428128678456627,,108.72464817789712,-1.0,6.0,52.24265,21.038739,4.0
34520,2026-05-11 20:53:08.600000+00:00,52.2435875,21.0383571,93.6,19.09,0.05,0.163,0.969,0,18.541221153907312,,107.43917994149236,-1.0,6.0,52.24265,21.038739,4.0
34525,2026-05-11 20:53:09.100000+00:00,52.2435693,21.0383354,93.6,18.75,0.075,0.192,0.96,0,18.04087361486428,,105.8506416314762,-1.0,6.0,52.24265,21.038739,4.0
34530,2026-05-11 20:53:09.600000+00:00,52.2435487,21.0383184,93.6,18.89,0.077,0.21,0.984,0,18.4783642207105,,103.953153382438,-1.0,6.0,52.24265,21.038739,4.0
34535,2026-05-11 20:53:10.100000+00:00,52.2435267,21.0383091,93.7,19.14,0.052,0.189,0.969,0,18.193733918163797,,101.78403697759144,-1.0,6.0,52.24265,21.038739,4.0
34540,2026-05-11 20:53:10.600000+00:00,52.2435045,21.0383061,93.8,19.05,0.06,0.17,0.961,0,17.8341369121716,,99.48264448401832,-1.0,6.0,52.24265,21.038739,4.0
34545,2026-05-11 20:53:11.100000+00:00,52.2434804,21.0383088,93.9,19.65,0.075,0.189,0.972,0,19.339888365591328,,96.87067531774294,-1.0,6.0,52.24265,21.038739,4.0
34550,2026-05-11 20:53:11.600000+00:00,52.2434558,21.038317,93.9,20.28,0.073,0.193,0.975,0,20.10088206150885,,94.09497141513444,-1.0,6.0,52.24265,21.038739,4.0
34555,2026-05-11 20:53:12.100000+00:00,52.2434327,21.0383333,94.1,20.98,0.081,0.183,0.967,0,20.14631903236716,,91.31057337810071,-1.0,6.0,52.24265,21.038739,4.0
34560,2026-05-11 20:53:12.600000+00:00,52.2434092,21.0383546,94.2,22.03,0.088,0.103,0.955,0,21.51744502536023,,88.3831969659645,-1.0,6.0,52.24265,21.038739,4.0
34565,2026-05-11 20:53:13.100000+00:00,52.2433857,21.0383775,94.2,22.42,0.089,0.0,0.958,0,21.908797706386096,,85.42860405278583,-1.0,6.0,52.24265,21.038739,4.0
34570,2026-05-11 20:53:13.600000+00:00,52.2433613,21.0384013,94.2,22.68,0.097,0.029,0.937,0,22.75363522255261,,82.36722322707665,-1.0,6.0,52.24265,21.038739,4.0
34575,2026-05-11 20:53:14.100000+00:00,52.2433366,21.0384272,94.0,23.83,0.076,-0.007,1.011,0,23.500019296113138,4.0,79.24304818836491,-1.0,6.0,52.24265,21.038739,4.0
34580,2026-05-11 20:53:14.600000+00:00,52.2433111,21.0384529,93.8,24.74,0.08,-0.046,0.962,0,23.9898364545348,4.0,76.04808906344,-1.0,6.0,52.24265,21.038739,4.0
34585,2026-05-11 20:53:15.100000+00:00,52.2432841,21.0384797,93.5,26.25,0.076,-0.063,0.976,0,25.295584287118213,4.0,72.68540351683802,-1.0,6.0,52.24265,21.038739,4.0
34590,2026-05-11 20:53:15.600000+00:00,52.2432564,21.038507,93.0,26.92,0.088,-0.06,0.924,0,25.901927684885734,4.0,69.25410196473456,-1.0,6.0,52.24265,21.038739,4.0
34595,2026-05-11 20:53:16.100000+00:00,52.243227,21.0385344,92.4,28.06,0.077,-0.043,1.004,0,27.1006119025124,4.0,65.65436401214895,-1.0,6.0,52.24265,21.038739,4.0
34600,2026-05-11 20:53:16.600000+00:00,52.243196,21.0385609,92.0,29.32,0.074,-0.054,0.92,0,28.0130099660572,4.0,61.9115757623219,-1.0,6.0,52.24265,21.038739,4.0
34605,2026-05-11 20:53:17.100000+00:00,52.2431633,21.0385872,91.5,30.54,0.062,-0.059,0.996,0,29.182211186100123,4.0,58.00459541259693,-1.0,6.0,52.24265,21.038739,4.0
34610,2026-05-11 20:53:17.600000+00:00,52.2431288,21.0386121,91.2,31.18,0.043,-0.047,0.973,0,30.1978009761439,4.0,53.93666562387856,-1.0,6.0,52.24265,21.038739,4.0
34615,2026-05-11 20:53:18.100000+00:00,52.2430924,21.0386353,90.9,31.94,0.052,-0.084,0.946,0,31.282605045149584,4.0,49.69674925695217,-1.0,6.0,52.24265,21.038739,4.0
34620,2026-05-11 20:53:18.600000+00:00,52.243054,21.038657,90.7,32.74,0.033,-0.057,0.982,0,32.53159775062414,4.0,45.2683593464326,-1.0,6.0,52.24265,21.038739,4.0
34625,2026-05-11 20:53:19.100000+00:00,52.2430151,21.0386783,90.6,33.31,0.041,-0.065,0.99,0,32.84729743995367,4.0,40.8070897826608,-1.0,6.0,52.24265,21.038739,4.0
34630,2026-05-11 20:53:19.600000+00:00,52.2429753,21.0386981,90.5,34.14,0.033,-0.087,0.956,0,33.309597091560875,4.0,36.27874500797552,-1.0,6.0,52.24265,21.038739,4.0
34635,2026-05-11 20:53:20.100000+00:00,52.2429347,21.0387163,90.2,34.77,0.037,-0.072,0.962,0,33.70675153511703,4.0,31.694901829956745,-1.0,6.0,52.24265,21.038739,4.0
34640,2026-05-11 20:53:20.600000+00:00,52.2428936,21.0387335,89.8,35.24,0.029,-0.086,0.973,0,33.96794775875647,4.0,27.0896725527973,-1.0,6.0,52.24265,21.038739,4.0
34645,2026-05-11 20:53:21.100000+00:00,52.2428509,21.038749,89.5,36.31,0.036,-0.084,0.951,0,35.02003801392157,4.0,22.349434311388592,-1.0,6.0,52.24265,21.038739,4.0
34650,2026-05-11 20:53:21.600000+00:00,52.242807,21.0387621,89.3,36.63,0.028,-0.082,0.983,0,35.728376944985484,4.0,17.528309149301332,-1.0,6.0,52.24265,21.038739,4.0
34655,2026-05-11 20:53:22.100000+00:00,52.242762,21.0387733,89.1,37.36,0.033,-0.094,0.963,0,36.44312760490533,4.0,12.670907172311288,-1.0,6.0,52.24265,21.038739,4.0
34660,2026-05-11 20:53:22.600000+00:00,52.2427159,21.0387821,88.9,37.83,0.027,-0.083,0.969,0,37.15908355387428,4.0,7.893501017388935,-1.0,6.0,52.24265,21.038739,4.0
34665,2026-05-11 20:53:23.100000+00:00,52.2426686,21.0387894,88.9,38.1,0.044,-0.049,0.967,0,38.03726162028883,4.0,4.006648778757883,-1.0,6.0,52.24265,21.038739,4.0
34670,2026-05-11 20:53:23.600000+00:00,52.2426206,21.0387963,88.9,38.97,0.064,-0.021,0.962,0,38.577546806743165,4.0,5.089981644431197,-1.0,6.0,52.24265,21.038739,4.0
34675,2026-05-11 20:53:24.100000+00:00,52.2425721,21.0388035,88.9,39.22,0.056,-0.011,0.981,0,38.98936143155349,4.0,9.711737606266274,-1.0,6.0,52.24265,21.038739,4.0
34680,2026-05-11 20:53:24.600000+00:00,52.2425234,21.0388123,88.9,39.56,0.067,-0.017,0.95,0,39.22732376793725,4.0,14.935778519771109,-1.0,6.0,52.24265,21.038739,4.0
34685,2026-05-11 20:53:25.100000+00:00,52.242474,21.038822,89.0,40.0,0.062,0.002,0.965,0,39.83465147125536,4.0,20.36990660512398,-1.0,6.0,52.24265,21.038739,4.0
34690,2026-05-11 20:53:25.600000+00:00,52.2424245,21.0388343,89.0,40.46,0.072,0.028,0.959,0,40.08597125520223,4.0,25.900411932116324,-1.0,6.0,52.24265,21.038739,4.0
34695,2026-05-11 20:53:26.100000+00:00,52.2423747,21.0388484,89.0,40.55,0.071,0.021,0.978,0,40.46479562314653,4.0,31.505167897575344,-1.0,6.0,52.24265,21.038739,4.0
34700,2026-05-11 20:53:26.600000+00:00,52.2423245,21.0388648,89.0,41.04,0.078,0.028,0.95,0,40.98654790045279,4.0,37.19364205114454,-1.0,6.0,52.24265,21.038739,4.0
34705,2026-05-11 20:53:27.100000+00:00,52.2422738,21.0388838,88.9,41.91,0.07,0.029,0.947,0,41.64556870318831,4.0,42.97763274781092,-1.0,6.0,52.24265,21.038739,4.0
34710,2026-05-11 20:53:27.600000+00:00,52.2422229,21.0389062,88.9,42.29,0.078,0.051,0.989,0,42.20433722256497,4.0,48.83674485771615,-1.0,6.0,52.24265,21.038739,4.0
34715,2026-05-11 20:53:28.100000+00:00,52.2421728,21.0389319,88.8,42.44,0.074,0.022,0.956,0,42.04239629985461,4.0,54.6635260557103,-1.0,6.0,52.24265,21.038739,4.0
34720,2026-05-11 20:53:28.600000+00:00,52.2421222,21.0389614,88.8,43.23,0.072,0.04,0.982,0,43.014494700957655,4.0,60.61071807188807,-1.0,6.0,52.24265,21.038739,4.0
34725,2026-05-11 20:53:29.100000+00:00,52.2420726,21.0389935,88.9,43.57,0.069,0.045,0.986,0,42.71431912076453,4.0,66.50122798441107,-1.0,6.0,52.24265,21.038739,4.0
34730,2026-05-11 20:53:29.600000+00:00,52.2420222,21.0390291,88.9,44.74,0.073,0.041,0.969,0,43.96289651893561,4.0,72.54878902328736,-1.0,6.0,52.24265,21.038739,4.0
34735,2026-05-11 20:53:30.100000+00:00,52.2419717,21.039067,88.9,44.73,0.087,0.052,0.94,0,44.49529871975327,4.0,78.66036526987523,-1.0,6.0,52.24265,21.038739,4.0
34740,2026-05-11 20:53:30.600000+00:00,52.2419218,21.0391086,88.9,44.66,0.078,0.059,0.991,0,44.85435299966254,,84.7925041896969,-1.0,6.0,52.24265,21.038739,4.0
34745,2026-05-11 20:53:31.100000+00:00,52.2418724,21.0391531,88.8,45.58,0.101,0.045,0.928,0,45.16743853888995,,90.94604137943524,-1.0,6.0,52.24265,21.038739,4.0
34750,2026-05-11 20:53:31.600000+00:00,52.2418236,21.0392005,88.7,45.68,0.07,0.061,1.005,0,45.45748403285932,,97.11543469386372,-1.0,6.0,52.24265,21.038739,4.0
34755,2026-05-11 20:53:32.100000+00:00,52.241775,21.0392511,88.7,46.06,0.077,0.036,0.96,0,46.14396253665499,,103.35459785042524,-1.0,6.0,52.24265,21.038739,4.0
34760,2026-05-11 20:53:32.600000+00:00,52.2417267,21.0393044,88.7,46.9,0.066,0.035,0.996,0,46.66962026890008,,109.64650220539949,-1.0,6.0,52.24265,21.038739,4.0
34765,2026-05-11 20:53:33.100000+00:00,52.2416787,21.0393599,88.7,47.31,0.067,0.008,0.958,0,47.08569734239524,,115.9827736965328,-1.0,6.0,52.24265,21.038739,4.0
34770,2026-05-11 20:53:33.600000+00:00,52.2416309,21.0394165,88.7,47.04,0.054,-0.002,0.962,0,47.26963908814571,,122.34807148366892,-1.0,6.0,52.24265,21.038739,4.0
34775,2026-05-11 20:53:34.100000+00:00,52.2415831,21.0394753,88.6,48.33,0.059,0.015,0.967,0,47.91070608878856,,128.79168672238202,-1.0,6.0,52.24265,21.038739,4.0
34780,2026-05-11 20:53:34.600000+00:00,52.2415358,21.0395358,88.6,48.46,0.062,0.028,0.968,0,48.10094918591728,,135.25114259554937,-1.0,6.0,52.24265,21.038739,4.0
34785,2026-05-11 20:53:35.100000+00:00,52.2414888,21.0395987,88.7,48.91,0.068,0.028,0.998,0,48.64922496593447,,141.7681064344126,-1.0,6.0,52.24265,21.038739,4.0
34790,2026-05-11 20:53:35.600000+00:00,52.2414418,21.0396636,88.6,49.2,0.067,0.0,0.933,0,49.27654804362808,,148.3642721036883,-1.0,6.0,52.24265,21.038739,4.0
34795,2026-05-11 20:53:36.100000+00:00,52.2413944,21.0397292,88.5,49.46,0.035,0.027,0.999,0,49.74271472065921,,155.0427055365651,-1.0,6.0,52.24265,21.038739,4.0
34800,2026-05-11 20:53:36.600000+00:00,52.2413479,21.0397956,88.5,49.27,0.029,0.024,0.94,0,49.45251343787626,,161.67507421293257,-1.0,6.0,52.24265,21.038739,4.0
34805,2026-05-11 20:53:37.100000+00:00,52.2413022,21.0398617,88.5,48.81,0.015,0.042,1.013,0,48.87455727730269,,168.2378500327575,-1.0,6.0,52.24265,21.038739,4.0
34810,2026-05-11 20:53:37.600000+00:00,52.2412572,21.0399289,88.5,48.45,0.036,0.026,0.988,0,48.8187450989623,,174.78355522159657,-1.0,6.0,52.24265,21.038739,4.0
34815,2026-05-11 20:53:38.100000+00:00,52.2412126,21.0399958,88.5,48.42,0.027,0.033,0.941,0,48.48330799355882,,181.29765367929824,-1.0,6.0,52.24265,21.038739,4.0
34820,2026-05-11 20:53:38.600000+00:00,52.2411689,21.0400627,88.4,48.18,0.023,0.031,0.975,0,47.95514291861318,,187.73945320680315,-1.0,6.0,52.24265,21.038739,4.0
34825,2026-05-11 20:53:39.100000+00:00,52.2411263,21.0401295,88.2,47.61,0.029,0.033,0.977,0,47.282529893484,,183.46617903346723,-1.0,6.0,52.239705,21.041498,5.0
34830,2026-05-11 20:53:39.600000+00:00,52.2410837,21.0401952,88.0,47.11,0.01,0.001,0.962,0,46.91066623775337,,177.1195795141279,-1.0,6.0,52.239705,21.041498,5.0
34835,2026-05-11 20:53:40.100000+00:00,52.2410406,21.0402591,88.0,46.84,0.009,-0.005,0.985,0,46.60485091042612,,170.79782810900474,-1.0,6.0,52.239705,21.041498,5.0
34840,2026-05-11 20:53:40.600000+00:00,52.2409967,21.0403207,88.0,46.39,0.007,-0.048,0.943,0,46.338448390450544,,164.48638093201214,-1.0,6.0,52.239705,21.041498,5.0
34845,2026-05-11 20:53:41.100000+00:00,52.2409517,21.0403797,88.0,46.1,-0.035,-0.083,1.003,0,46.20144196288824,,158.1628422790679,-1.0,6.0,52.239705,21.041498,5.0
34850,2026-05-11 20:53:41.600000+00:00,52.2409054,21.0404345,88.0,45.83,-0.04,-0.113,0.967,0,45.77967808841419,,151.85610862850905,-1.0,6.0,52.239705,21.041498,5.0
34855,2026-05-11 20:53:42.100000+00:00,52.2408587,21.0404863,88.0,45.1,-0.044,-0.106,0.977,0,45.19694566356224,,145.61117378069486,-1.0,6.0,52.239705,21.041498,5.0
34860,2026-05-11 20:53:42.600000+00:00,52.240811,21.0405342,88.1,44.47,-0.047,-0.128,0.952,0,44.831029039712064,,139.39577300417702,-1.0,6.0,52.239705,21.041498,5.0
34865,2026-05-11 20:53:43.100000+00:00,52.2407628,21.0405789,88.1,44.0,-0.047,-0.115,0.933,0,44.37723580403144,,133.2344945862985,-1.0,6.0,52.239705,21.041498,5.0
34870,2026-05-11 20:53:43.600000+00:00,52.2407138,21.0406191,88.0,44.29,-0.038,-0.086,1.005,0,43.90170196973564,,127.13878937503672,-1.0,6.0,52.239705,21.041498,5.0
34875,2026-05-11 20:53:44.100000+00:00,52.2406661,21.0406532,87.9,41.3,0.031,-0.032,0.909,0,41.68758306671901,,121.36703952653156,-1.0,6.0,52.239705,21.041498,5.0
34880,2026-05-11 20:53:44.600000+00:00,52.2406199,21.0406898,88.0,40.5,0.037,0.044,0.99,0,41.11028500223463,,115.66259282179335,-1.0,6.0,52.239705,21.041498,5.0
34885,2026-05-11 20:53:45.100000+00:00,52.2405763,21.0407265,88.2,39.25,0.046,0.014,0.979,0,39.270410877943775,,110.2095072282032,-1.0,6.0,52.239705,21.041498,5.0
34890,2026-05-11 20:53:45.600000+00:00,52.24053,21.0407635,88.2,41.33,0.055,0.034,0.966,0,41.26816524167703,,104.48308859372266,-1.0,6.0,52.239705,21.041498,5.0
34895,2026-05-11 20:53:46.100000+00:00,52.240482,21.0408052,88.3,43.0,0.063,0.026,0.959,0,43.52833534837875,,98.4378228171824,-1.0,6.0,52.239705,21.041498,5.0
34900,2026-05-11 20:53:46.600000+00:00,52.2404378,21.040849,88.3,42.47,0.086,0.039,0.971,0,41.39204935660656,,92.69528503613908,-1.0,6.0,52.239705,21.041498,5.0
34905,2026-05-11 20:53:47.100000+00:00,52.2403905,21.0408976,88.3,44.28,0.082,0.021,0.974,0,44.74047574631824,,86.49524795263305,-1.0,6.0,52.239705,21.041498,5.0
34910,2026-05-11 20:53:47.600000+00:00,52.2403441,21.0409456,88.3,44.64,0.066,-0.013,0.986,0,43.97417798610159,,80.40492220903678,-1.0,6.0,52.239705,21.041498,5.0
34915,2026-05-11 20:53:48.100000+00:00,52.2402963,21.0409954,88.4,45.46,0.059,-0.029,0.942,0,45.39350695386005,5.0,74.12273428820677,-1.0,6.0,52.239705,21.041498,5.0
34920,2026-05-11 20:53:48.600000+00:00,52.2402479,21.0410458,88.4,45.71,0.049,-0.018,0.972,0,45.95669600840274,5.0,67.76671768292348,-1.0,6.0,52.239705,21.041498,5.0
34925,2026-05-11 20:53:49.100000+00:00,52.240199,21.0410957,88.4,46.01,0.051,-0.028,0.989,0,46.16436796893428,5.0,61.38168567825545,-1.0,6.0,52.239705,21.041498,5.0
34930,2026-05-11 20:53:49.600000+00:00,52.2401491,21.0411459,88.5,46.88,0.041,-0.031,0.954,0,46.9222255612071,5.0,54.89390257050955,-1.0,6.0,52.239705,21.041498,5.0
34935,2026-05-11 20:53:50.100000+00:00,52.2400978,21.0412007,88.8,46.75,0.054,-0.021,0.972,0,49.07745390789994,5.0,48.14051572867319,-1.0,6.0,52.239705,21.041498,5.0
34940,2026-05-11 20:53:50.600000+00:00,52.2400476,21.0412524,88.8,47.39,0.054,-0.022,0.905,0,47.51508613580466,5.0,41.60434790674216,-1.0,6.0,52.239705,21.041498,5.0
34945,2026-05-11 20:53:51.100000+00:00,52.2399978,21.0413031,88.6,47.67,0.036,-0.006,1.011,0,46.9833431577324,5.0,35.15868421247986,-1.0,6.0,52.239705,21.041498,5.0
34950,2026-05-11 20:53:51.600000+00:00,52.2399471,21.0413533,88.4,47.99,0.061,-0.013,0.978,0,47.46878649149963,5.0,28.666693710066333,-1.0,6.0,52.239705,21.041498,5.0
34955,2026-05-11 20:53:52.100000+00:00,52.2398956,21.0414041,88.4,48.41,0.054,-0.006,0.965,0,48.16905278230049,5.0,22.137191964767688,-1.0,6.0,52.239705,21.041498,5.0
34960,2026-05-11 20:53:52.600000+00:00,52.2398434,21.0414557,88.1,48.43,0.029,-0.006,0.95,0,48.851574139400576,5.0,15.656590374421606,-1.0,6.0,52.239705,21.041498,5.0
34965,2026-05-11 20:53:53.100000+00:00,52.2397912,21.041506,87.9,48.18,0.031,-0.007,0.98,0,48.52461788748633,5.0,9.600469078425723,-1.0,6.0,52.239705,21.041498,5.0
34970,2026-05-11 20:53:53.600000+00:00,52.2397384,21.0415567,87.9,48.58,0.032,-0.002,0.98,0,49.03805690195639,5.0,5.456077421911356,-1.0,6.0,52.239705,21.041498,5.0
34975,2026-05-11 20:53:54.100000+00:00,52.2396855,21.0416067,87.8,48.57,0.04,-0.005,0.974,0,48.93429373262946,5.0,7.712589626870886,-1.0,6.0,52.239705,21.041498,5.0
34980,2026-05-11 20:53:54.600000+00:00,52.239633,21.0416575,87.7,48.91,0.051,0.002,0.974,0,48.85617082201746,5.0,13.49253245823486,-1.0,6.0,52.239705,21.041498,5.0
34985,2026-05-11 20:53:55.100000+00:00,52.2395799,21.0417082,87.7,49.02,0.049,0.0,0.958,0,49.24529338694104,5.0,19.95890491121789,-1.0,6.0,52.239705,21.041498,5.0
34990,2026-05-11 20:53:55.600000+00:00,52.2395269,21.0417573,87.6,48.6,0.048,-0.007,0.921,0,48.78442466007442,5.0,26.531658651117294,-1.0,6.0,52.239705,21.041498,5.0
34995,2026-05-11 20:53:56.100000+00:00,52.2394735,21.0418079,87.5,49.19,0.035,0.006,0.985,0,49.42818985732828,5.0,33.28522232212918,-1.0,6.0,52.239705,21.041498,5.0
35000,2026-05-11 20:53:56.600000+00:00,52.2394205,21.0418573,87.4,48.6,0.041,-0.002,1.006,0,48.857193438878,5.0,39.99149520085565,-1.0,6.0,52.239705,21.041498,5.0
35005,2026-05-11 20:53:57.100000+00:00,52.2393676,21.0419066,87.4,48.69,0.048,-0.018,0.944,0,48.7633736899901,5.0,46.70773220408133,-1.0,6.0,52.239705,21.041498,5.0
35010,2026-05-11 20:53:57.600000+00:00,52.2393145,21.0419571,87.3,49.28,0.028,0.006,0.972,0,49.19595011448742,5.0,53.503986432219385,-1.0,6.0,52.239705,21.041498,5.0
35015,2026-05-11 20:53:58.100000+00:00,52.2392609,21.0420082,87.2,48.95,0.044,-0.008,0.967,0,49.68994508626091,5.0,60.37747596353264,-1.0,6.0,52.239705,21.041498,5.0
35020,2026-05-11 20:53:58.600000+00:00,52.2392071,21.0420594,87.1,49.68,0.048,-0.009,0.99,0,49.852973452932936,5.0,67.27885006276422,-1.0,6.0,52.239705,21.041498,5.0
35025,2026-05-11 20:53:59.100000+00:00,52.2391523,21.0421105,87.0,50.03,0.052,-0.007,0.956,0,50.52198080182109,5.0,74.27260275723684,-1.0,6.0,52.239705,21.041498,5.0
35030,2026-05-11 20:53:59.600000+00:00,52.2390976,21.0421619,87.0,50.45,0.04,-0.008,0.929,0,50.52568189874287,,81.27247441779816,-1.0,6.0,52.239705,21.041498,5.0
35035,2026-05-11 20:54:00.100000+00:00,52.2390429,21.0422141,86.9,50.5,0.037,0.012,0.972,0,50.722450995753725,,88.30520855380472,-1.0,6.0,52.239705,21.041498,5.0
35040,2026-05-11 20:54:00.600000+00:00,52.2389886,21.0422665,87.0,50.35,0.046,-0.003,0.989,0,50.49604785388896,,95.31002019228886,-1.0,6.0,52.239705,21.041498,5.0
35045,2026-05-11 20:54:01.100000+00:00,52.2389339,21.042319,87.0,50.55,0.046,-0.014,0.949,0,50.79684990233024,,102.3569785742,-1.0,6.0,52.239705,21.041498,5.0
35050,2026-05-11 20:54:01.600000+00:00,52.2388791,21.0423715,87.0,50.6,0.028,0.006,0.977,0,50.865903819559335,,109.41432425330125,-1.0,6.0,52.239705,21.041498,5.0
35055,2026-05-11 20:54:02.100000+00:00,52.2388246,21.0424245,87.0,50.55,0.021,-0.002,0.968,0,50.78389097591635,,116.46295794678824,-1.0,6.0,52.239705,21.041498,5.0
35060,2026-05-11 20:54:02.600000+00:00,52.2387697,21.0424774,86.9,50.12,0.022,0.006,0.969,0,51.03438531836346,,123.5458915204389,-1.0,6.0,52.239705,21.041498,5.0
35065,2026-05-11 20:54:03.100000+00:00,52.238715,21.0425295,86.8,49.93,0.03,-0.001,0.973,0,50.69782769859926,,130.58133647594664,-1.0,6.0,52.239705,21.041498,5.0
35070,2026-05-11 20:54:03.600000+00:00,52.2386602,21.0425806,86.7,50.1,0.045,-0.009,0.939,0,50.52211855302411,,137.59028231688126,-1.0,6.0,52.239705,21.041498,5.0
35075,2026-05-11 20:54:04.100000+00:00,52.2386061,21.0426334,86.7,50.42,0.044,-0.005,0.998,0,50.45870177049911,,144.5960562550733,-1.0,6.0,52.239705,21.041498,5.0
35080,2026-05-11 20:54:04.600000+00:00,52.2385513,21.042686,86.8,50.79,0.064,-0.017,0.968,0,50.890826140619566,,151.66061951099616,-1.0,6.0,52.239705,21.041498,5.0
35085,2026-05-11 20:54:05.100000+00:00,52.2384957,21.0427392,86.8,51.19,0.059,-0.005,0.969,0,51.59211473159939,,158.82256217490635,-1.0,6.0,52.239705,21.041498,5.0
35090,2026-05-11 20:54:05.600000+00:00,52.2384394,21.0427931,86.8,51.43,0.061,0.0,0.953,0,52.24916333073111,,166.07608730007553,-1.0,6.0,52.239705,21.041498,5.0
35095,2026-05-11 20:54:06.100000+00:00,52.2383827,21.0428474,86.7,51.78,0.043,-0.006,0.958,0,52.62462868566397,,173.38204458747146,-1.0,6.0,52.239705,21.041498,5.0
35100,2026-05-11 20:54:06.600000+00:00,52.2383263,21.0429,86.6,51.8,0.032,-0.005,0.963,0,51.99926499916815,,180.59872389833205,-1.0,6.0,52.239705,21.041498,5.0
35105,2026-05-11 20:54:07.100000+00:00,52.2382702,21.0429544,86.6,51.8,0.035,0.001,1.02,0,52.23588196546655,,187.85215755499692,-1.0,6.0,52.239705,21.041498,5.0
35110,2026-05-11 20:54:07.600000+00:00,52.2382133,21.0430087,86.6,52.39,0.052,-0.006,0.958,0,52.762862863935695,,195.17771181279943,-1.0,6.0,52.239705,21.041498,5.0
35115,2026-05-11 20:54:08.100000+00:00,52.2381571,21.0430637,86.6,52.44,0.037,-0.005,0.927,0,52.45537930145018,,202.46236991309428,-1.0,6.0,52.239705,21.041498,5.0
35120,2026-05-11 20:54:08.600000+00:00,52.2381006,21.0431177,86.7,52.01,0.024,0.0,0.996,0,52.41220754367365,,209.73964202460576,-1.0,6.0,52.239705,21.041498,5.0
35125,2026-05-11 20:54:09.100000+00:00,52.2380439,21.0431727,86.7,52.65,0.048,0.0,1.003,0,52.7991765548804,,217.0717538022336,-1.0,6.0,52.239705,21.041498,5.0
35130,2026-05-11 20:54:09.600000+00:00,52.2379872,21.0432278,86.8,52.43,0.05,-0.011,0.948,0,52.824249918732335,,224.40751449403675,-1.0,6.0,52.239705,21.041498,5.0
35135,2026-05-11 20:54:10.100000+00:00,52.2379304,21.0432828,86.8,52.46,0.044,0.001,0.923,0,52.86805959390957,,231.74923414119468,-1.0,6.0,52.239705,21.041498,5.0
35140,2026-05-11 20:54:10.600000+00:00,52.2378732,21.0433369,86.8,52.63,0.02,0.0,0.983,0,52.92125815351191,,239.09680683779789,-1.0,6.0,52.239705,21.041498,5.0
35145,2026-05-11 20:54:11.100000+00:00,52.2378166,21.0433913,86.8,52.14,0.035,0.003,1.008,0,52.58060789508512,,246.39836337804212,-1.0,6.0,52.239705,21.041498,5.0
35150,2026-05-11 20:54:11.600000+00:00,52.2377597,21.0434452,86.8,52.43,0.021,-0.005,0.942,0,52.66432239924514,,253.7106414823672,-1.0,6.0,52.239705,21.041498,5.0
35155,2026-05-11 20:54:12.100000+00:00,52.2377029,21.0434992,86.8,52.46,0.013,0.017,0.972,0,52.61975377791373,,261.01711671000953,-1.0,6.0,52.239705,21.041498,5.0
35160,2026-05-11 20:54:12.600000+00:00,52.2376468,21.0435533,86.8,51.49,0.013,0.006,0.979,0,52.16112706644345,,268.26083703437166,-1.0,6.0,52.239705,21.041498,5.0
35165,2026-05-11 20:54:13.100000+00:00,52.2375911,21.0436062,87.0,50.91,0.01,-0.001,0.978,0,51.587371151960205,,275.42405439295885,-1.0,6.0,52.239705,21.041498,5.0
35170,2026-05-11 20:54:13.600000+00:00,52.2375357,21.0436585,87.0,50.63,0.024,0.017,0.969,0,51.2320473267642,,282.5376065120569,-1.0,6.0,52.239705,21.041498,5.0
35175,2026-05-11 20:54:14.100000+00:00,52.2374809,21.0437109,87.0,50.64,0.011,0.01,0.937,0,50.84152213797304,,289.597824976618,-1.0,6.0,52.239705,21.041498,5.0
35180,2026-05-11 20:54:14.600000+00:00,52.2374265,21.0437625,87.0,50.05,0.018,0.0,0.987,0,50.36730383817572,,296.5917816956549,-1.0,6.0,52.239705,21.041498,5.0
35185,2026-05-11 20:54:15.100000+00:00,52.2373722,21.0438138,87.0,50.06,0.036,0.0,1.022,0,50.2242882209739,,303.5656966377975,-1.0,6.0,52.239705,21.041498,5.0
35190,2026-05-11 20:54:15.600000+00:00,52.2373178,21.0438649,87.0,50.06,0.049,-0.011,0.931,0,50.24465191588389,,310.54212572042815,-1.0,6.0,52.239705,21.041498,5.0
35195,2026-05-11 20:54:16.100000+00:00,52.2372634,21.0439156,87.1,49.89,0.015,0.003,1.005,0,50.147167296411055,,317.5045217857496,-1.0,6.0,52.239705,21.041498,5.0
35200,2026-05-11 20:54:16.600000+00:00,52.2372098,21.0439659,87.1,49.47,0.034,-0.006,0.95,0,49.49393031201827,,324.3768269350449,-1.0,6.0,52.239705,21.041498,5.0
35205,2026-05-11 20:54:17.100000+00:00,52.2371562,21.0440148,87.0,48.72,0.039,-0.003,0.933,0,49.15553616024839,,331.19987306289954,-1.0,6.0,52.239705,21.041498,5.0
35210,2026-05-11 20:54:17.600000+00:00,52.2371027,21.0440653,87.1,49.56,0.036,0.002,0.97,0,49.47356250493937,,338.0698929925858,-1.0,6.0,52.239705,21.041498,5.0
35215,2026-05-11 20:54:18.100000+00:00,52.2370499,21.0441149,87.0,48.84,0.036,0.0,0.923,0,48.76766048582832,,344.84165937568883,-1.0,6.0,52.239705,21.041498,5.0
35220,2026-05-11 20:54:18.600000+00:00,52.236996,21.0441635,86.8,49.52,0.012,0.044,1.026,0,49.29412630322834,,351.6830898124897,-1.0,6.0,52.239705,21.041498,5.0
35225,2026-05-11 20:54:19.100000+00:00,52.2369436,21.0442134,86.8,48.3,0.033,0.014,0.936,0,48.56429852666621,,358.42745367028067,-1.0,6.0,52.239705,21.041498,5.0
35230,2026-05-11 20:54:19.600000+00:00,52.2368919,21.0442651,86.8,48.43,0.014,0.042,1.017,0,48.53603190208614,,365.1683838185965,-1.0,6.0,52.239705,21.041498,5.0
35235,2026-05-11 20:54:20.100000+00:00,52.2368406,21.0443171,86.8,48.29,0.038,0.027,0.921,0,48.34064950040887,,371.8817707161709,-1.0,6.0,52.239705,21.041498,5.0
35240,2026-05-11 20:54:20.600000+00:00,52.2367901,21.0443695,86.9,47.6,0.024,0.057,1.011,0,47.90258890699867,,378.5330735737375,-1.0,6.0,52.239705,21.041498,5.0
35245,2026-05-11 20:54:21.100000+00:00,52.2367409,21.0444209,87.0,46.12,0.038,0.03,0.962,0,46.76143793297079,,385.02549859252,-1.0,6.0,52.239705,21.041498,5.0
35250,2026-05-11 20:54:21.600000+00:00,52.2366921,21.0444653,87.1,45.08,0.02,0.052,0.994,0,44.72477944706207,,391.23355176704257,-1.0,6.0,52.239705,21.041498,5.0
35255,2026-05-11 20:54:22.100000+00:00,52.2366392,21.0445014,87.2,45.19,0.021,0.018,0.996,0,45.90160557976736,,397.5412707221331,-1.0,6.0,52.239705,21.041498,5.0
35260,2026-05-11 20:54:22.600000+00:00,52.2365915,21.044539,87.3,42.78,0.013,-0.036,0.951,0,42.40554940411117,,403.4071271217569,-1.0,6.0,52.239705,21.041498,5.0
35265,2026-05-11 20:54:23.100000+00:00,52.2365454,21.0445863,87.5,42.54,0.017,-0.021,0.963,0,43.588991581870005,,409.45971238819857,-1.0,6.0,52.239705,21.041498,5.0
35270,2026-05-11 20:54:23.600000+00:00,52.2364974,21.0446338,87.0,43.86,0.041,0.029,0.979,0,44.93503477424625,,415.7005965537864,-1.0,6.0,52.239705,21.041498,5.0
35275,2026-05-11 20:54:24.100000+00:00,52.2364491,21.0446841,86.7,45.22,0.058,0.019,0.961,0,45.86396835864039,,418.72261060022646,-1.0,6.0,52.239705,21.041498,5.0
35280,2026-05-11 20:54:24.600000+00:00,52.2364011,21.0447353,86.6,45.18,0.066,0.032,0.941,0,45.90149020769466,,417.2410213836763,-1.0,6.0,52.239705,21.041498,5.0
35285,2026-05-11 20:54:25.100000+00:00,52.2363534,21.044789,86.8,45.84,0.064,0.011,1.008,0,46.38521079528337,,415.6810019635969,-1.0,6.0,52.239705,21.041498,5.0
35290,2026-05-11 20:54:25.600000+00:00,52.2363062,21.0448416,87.1,45.82,0.059,-0.014,0.989,0,45.75004701554759,,414.2641265679389,-1.0,6.0,52.239705,21.041498,5.0
35295,2026-05-11 20:54:26.100000+00:00,52.236257,21.0448948,87.3,46.63,0.053,-0.033,0.932,0,47.24305632414251,,412.9884204425526,-1.0,6.0,52.239705,21.041498,5.0
35300,2026-05-11 20:54:26.600000+00:00,52.2362073,21.0449473,87.3,47.03,0.034,-0.034,0.979,0,47.39005411143114,,411.87927819756266,-1.0,6.0,52.239705,21.041498,5.0
35305,2026-05-11 20:54:27.100000+00:00,52.2361577,21.0449999,87.6,47.24,0.049,-0.021,0.98,0,47.34955563283419,,410.8617708891921,-1.0,6.0,52.239705,21.041498,5.0
35310,2026-05-11 20:54:27.600000+00:00,52.2361076,21.0450527,87.7,47.43,0.054,0.001,0.952,0,47.7388887478197,,409.9588495272433,-1.0,6.0,52.239705,21.041498,5.0
35315,2026-05-11 20:54:28.100000+00:00,52.2360568,21.0451051,87.8,47.1,0.033,0.01,0.963,0,48.10570427365349,,409.2203878341109,-1.0,6.0,52.239705,21.041498,5.0
35320,2026-05-11 20:54:28.600000+00:00,52.2360067,21.0451568,87.8,46.8,0.021,0.028,0.989,0,47.44861974909616,,408.59647101617145,-1.0,6.0,52.239705,21.041498,5.0
35325,2026-05-11 20:54:29.100000+00:00,52.2359583,21.0452094,87.8,46.45,0.026,0.016,0.941,0,46.54684544569546,,407.9346157924237,-1.0,6.0,52.239705,21.041498,5.0
35330,2026-05-11 20:54:29.600000+00:00,52.2359106,21.0452607,87.9,45.43,0.007,0.014,0.984,0,45.72770090449464,,407.41374488960827,-1.0,6.0,52.239705,21.041498,5.0
35335,2026-05-11 20:54:30.100000+00:00,52.2358647,21.0453123,87.8,44.15,-0.025,0.068,0.971,0,44.61451520571472,,406.8735777863318,-1.0,6.0,52.239705,21.041498,5.0
35340,2026-05-11 20:54:30.600000+00:00,52.235821,21.0453623,87.7,42.27,-0.011,0.112,0.99,0,42.72037739492293,,406.39535042696514,-1.0,6.0,52.239705,21.041498,5.0
35345,2026-05-11 20:54:31.100000+00:00,52.2357798,21.0454137,87.7,41.36,0.045,0.082,0.971,0,41.51039801976784,,405.7762986673879,-1.0,6.0,52.239705,21.041498,5.0
35350,2026-05-11 20:54:31.600000+00:00,52.2357396,21.0454659,87.6,40.87,0.053,0.076,0.948,0,41.12011179004167,,405.1327161645832,-1.0,6.0,52.239705,21.041498,5.0
35355,2026-05-11 20:54:32.100000+00:00,52.2357007,21.0455191,87.6,40.41,0.011,0.119,0.963,0,40.62378464982374,,404.43256727561845,-1.0,6.0,52.239705,21.041498,5.0
35360,2026-05-11 20:54:32.600000+00:00,52.2356648,21.0455719,87.6,38.15,0.0,0.118,0.989,0,38.681617137740176,,403.6461346822764,-1.0,6.0,52.239705,21.041498,5.0
35365,2026-05-11 20:54:33.100000+00:00,52.2356308,21.0456248,87.7,36.66,0.002,0.101,0.971,0,37.5989741935108,,402.8038892202484,-1.0,6.0,52.239705,21.041498,5.0
35370,2026-05-11 20:54:33.600000+00:00,52.2355989,21.0456755,87.7,35.16,-0.024,0.062,0.972,0,35.639717640924445,,402.0144779744854,-1.0,6.0,52.239705,21.041498,5.0
35375,2026-05-11 20:54:34.100000+00:00,52.2355685,21.0457235,87.8,33.3,-0.075,0.015,0.979,0,33.85600080377624,,401.3349502252956,-1.0,6.0,52.239705,21.041498,5.0
35380,2026-05-11 20:54:34.600000+00:00,52.2355396,21.0457681,87.9,30.96,-0.08,0.037,0.965,0,31.835971013798748,,400.795370651343,-1.0,6.0,52.239705,21.041498,5.0
35385,2026-05-11 20:54:35.100000+00:00,52.2355123,21.0458089,87.9,28.79,-0.06,0.048,0.99,0,29.62904484681413,,400.4019615962886,-1.0,6.0,52.239705,21.041498,5.0
35390,2026-05-11 20:54:35.600000+00:00,52.235487,21.0458478,87.9,26.97,-0.046,0.037,0.965,0,27.821713925969508,,400.0162364597412,-1.0,6.0,52.239705,21.041498,5.0
35395,2026-05-11 20:54:36.100000+00:00,52.2354631,21.0458843,87.9,25.24,-0.043,0.05,0.957,0,26.19916139747823,,399.6990416946688,-1.0,6.0,52.239705,21.041498,5.0
35400,2026-05-11 20:54:36.600000+00:00,52.2354414,21.0459167,87.9,22.32,-0.088,0.077,0.979,0,23.541126840275805,,399.47881083108246,-1.0,6.0,52.239705,21.041498,5.0
35405,2026-05-11 20:54:37.100000+00:00,52.2354219,21.0459464,87.8,20.14,-0.068,0.06,0.97,0,21.34900852983782,,399.2727953144749,-1.0,6.0,52.239705,21.041498,5.0
35410,2026-05-11 20:54:37.600000+00:00,52.2354046,21.0459731,87.8,17.88,-0.076,0.072,0.978,0,19.058130179658203,,399.089972434501,-1.0,6.0,52.239705,21.041498,5.0
35415,2026-05-11 20:54:38.100000+00:00,52.2353903,21.045995,87.7,14.54,-0.142,0.09,0.98,0,15.696136260193189,,398.960921296351,-1.0,6.0,52.239705,21.041498,5.0
35420,2026-05-11 20:54:38.600000+00:00,52.2353798,21.046012,87.6,10.13,-0.184,0.104,0.979,0,11.838147101897714,,398.82586393055567,-1.0,6.0,52.239705,21.041498,5.0
35425,2026-05-11 20:54:39.100000+00:00,52.2353728,21.0460227,87.7,6.04,-0.172,0.09,0.989,0,7.676626343148915,,398.7724508648213,-1.0,6.0,52.239705,21.041498,5.0
35430,2026-05-11 20:54:39.600000+00:00,52.2353681,21.0460294,87.7,3.7,-0.074,0.049,0.962,0,4.99504188233826,,398.7632918300061,-1.0,6.0,52.239705,21.041498,5.0
35435,2026-05-11 20:54:40.100000+00:00,52.2353661,21.0460336,87.7,1.1,-0.112,0.062,0.982,0,2.6085438064604034,,398.6898699001273,-1.0,6.0,52.239705,21.041498,5.0
35440,2026-05-11 20:54:40.600000+00:00,52.2353658,21.0460357,87.6,0.24,-0.005,0.016,0.982,0,1.057282491061015,,398.6027397009445,-1.0,6.0,52.239705,21.041498,5.0
35445,2026-05-11 20:54:41.100000+00:00,52.2353656,21.0460374,87.5,0.1,0.028,0.0,0.969,0,0.8487588484025186,,398.52913667904375,-1.0,6.0,52.239705,21.041498,5.0
35450,2026-05-11 20:54:41.600000+00:00,52.2353651,21.0460379,87.6,0.17,0.037,0.0,0.973,0,0.4694051708383553,,398.5393543525958,-1.0,6.0,52.239705,21.041498,5.0
35455,2026-05-11 20:54:42.100000+00:00,52.2353646,21.046039,87.6,0.05,0.032,-0.001,0.974,0,0.6716578130681227,,398.5185209376609,-1.0,6.0,52.239705,21.041498,5.0
35460,2026-05-11 20:54:42.600000+00:00,52.2353637,21.0460396,87.7,0.18,0.034,-0.002,0.976,0,0.7782840180235187,,398.55249206880126,-1.0,6.0,52.239705,21.041498,5.0
35465,2026-05-11 20:54:43.100000+00:00,52.2353632,21.04604,87.8,0.23,0.032,0.0,0.976,0,0.4457637448016913,,398.5679263492201,-1.0,6.0,52.239705,21.041498,5.0
35470,2026-05-11 20:54:43.600000+00:00,52.2353629,21.0460399,87.8,0.06,0.034,-0.001,0.976,0,0.2451344987253324,,398.5947850464154,-1.0,6.0,52.239705,21.041498,5.0
35475,2026-05-11 20:54:44.100000+00:00,52.2353628,21.0460396,87.8,0.01,0.036,-0.002,0.976,0,0.1674681087936667,,398.6175374397876,-1.0,6.0,52.239705,21.041498,5.0
35480,2026-05-11 20:54:44.600000+00:00,52.2353629,21.0460391,87.7,0.02,0.032,-0.002,0.977,0,0.2578941704955468,,398.6361844642202,-1.0,6.0,52.239705,21.041498,5.0
35485,2026-05-11 20:54:45.100000+00:00,52.2353628,21.0460382,87.7,0.09,0.033,-0.001,0.976,0,0.4484783487714819,,398.6899892353844,-1.0,6.0,52.239705,21.041498,5.0
35490,2026-05-11 20:54:45.600000+00:00,52.2353627,21.0460376,87.7,0.06,0.036,0.0,0.977,0,0.3048824205078129,,398.7282692352325,-1.0,6.0,52.239705,21.041498,5.0
35495,2026-05-11 20:54:46.100000+00:00,52.2353626,21.0460372,87.7,0.03,0.033,-0.002,0.977,0,0.2118336508620817,,398.7561984077293,-1.0,6.0,52.239705,21.041498,5.0
35500,2026-05-11 20:54:46.600000+00:00,52.2353624,21.0460369,87.7,0.12,0.035,0.003,0.975,0,0.2174271035699494,,398.7861781047631,-1.0,6.0,52.239705,21.041498,5.0
35505,2026-05-11 20:54:47.100000+00:00,52.235362,21.046037,87.8,0.11,0.035,0.001,0.976,0,0.3239730476908913,,398.8099092151924,-1.0,6.0,52.239705,21.041498,5.0
35510,2026-05-11 20:54:47.600000+00:00,52.2353617,21.0460373,87.8,0.02,0.039,0.003,0.975,0,0.2816431099719279,,398.8160663425007,-1.0,6.0,52.239705,21.041498,5.0
35515,2026-05-11 20:54:48.100000+00:00,52.2353615,21.0460373,87.8,0.04,0.037,0.004,0.976,0,0.1601206909271013,,398.8305224642134,-1.0,6.0,52.239705,21.041498,5.0
35520,2026-05-11 20:54:48.600000+00:00,52.2353614,21.0460374,87.9,0.04,0.038,0.004,0.975,0,0.0938810400548838,,398.8325762172344,-1.0,6.0,52.239705,21.041498,5.0
35525,2026-05-11 20:54:49.100000+00:00,52.2353613,21.0460375,87.9,0.06,0.038,0.004,0.975,0,0.0938810357695733,,398.8346303854733,-1.0,6.0,52.239705,21.041498,5.0
35530,2026-05-11 20:54:49.600000+00:00,52.235361,21.0460379,88.0,0.0,0.038,0.004,0.975,0,0.3100818831407833,,398.83562142924046,-1.0,6.0,52.239705,21.041498,5.0
35535,2026-05-11 20:54:50.100000+00:00,52.2353608,21.0460382,88.1,0.06,0.036,0.004,0.976,0,0.217427103406482,,398.8345601716383,-1.0,6.0,52.239705,21.041498,5.0
35540,2026-05-11 20:54:50.600000+00:00,52.2353607,21.0460386,88.1,0.04,0.039,0.002,0.977,0,0.2118336567098226,,398.8210969806603,-1.0,6.0,52.239705,21.041498,5.0
35545,2026-05-11 20:54:51.100000+00:00,52.2353605,21.046039,88.2,0.02,0.038,0.001,0.973,0,0.253184670477573,,398.8148670400308,-1.0,6.0,52.239705,21.041498,5.0
35550,2026-05-11 20:54:51.600000+00:00,52.2353604,21.0460394,88.3,0.03,0.034,-0.001,0.978,0,0.2118336613055787,,398.8014078352181,-1.0,6.0,52.239705,21.041498,5.0
35555,2026-05-11 20:54:52.100000+00:00,52.2353602,21.0460398,88.3,0.07,0.039,0.0,0.975,0,0.2531846670756206,,398.7951831675084,-1.0,6.0,52.239705,21.041498,5.0
35560,2026-05-11 20:54:52.600000+00:00,52.2353601,21.0460401,88.4,0.01,0.036,0.0,0.976,0,0.167468114217806,,398.7868999297466,-1.0,6.0,52.239705,21.041498,5.0
35565,2026-05-11 20:54:53.100000+00:00,52.23536,21.0460406,88.5,0.06,0.036,0.0,0.976,0,0.2578941866786324,,398.768274447101,-1.0,6.0,52.239705,21.041498,5.0
35570,2026-05-11 20:54:53.600000+00:00,52.2353598,21.0460409,88.5,0.1,0.037,0.0,0.974,0,0.2174271093988064,,398.7672286301357,-1.0,6.0,52.239705,21.041498,5.0
35575,2026-05-11 20:54:54.100000+00:00,52.2353596,21.0460411,88.6,0.09,0.035,-0.001,0.978,0,0.1877620726284917,,398.7713561163947,-1.0,6.0,52.239705,21.041498,5.0
35580,2026-05-11 20:54:54.600000+00:00,52.2353594,21.0460415,88.6,0.03,0.037,-0.001,0.977,0,0.2531846742424994,,398.7651438476008,-1.0,6.0,52.239705,21.041498,5.0
35585,2026-05-11 20:54:55.100000+00:00,52.2353592,21.0460418,88.7,0.05,0.034,0.0,0.977,0,0.2174271107439273,,398.76410488252736,-1.0,6.0,52.239705,21.041498,5.0
35590,2026-05-11 20:54:55.600000+00:00,52.2353589,21.0460422,88.7,0.08,0.035,-0.001,0.977,0,0.3100818801338141,,398.7651356336329,-1.0,6.0,52.239705,21.041498,5.0
35595,2026-05-11 20:54:56.100000+00:00,52.2353587,21.0460427,88.7,0.03,0.037,0.001,0.977,0,0.2928111891139639,,398.7537632883834,-1.0,6.0,52.239705,21.041498,5.0
35600,2026-05-11 20:54:56.600000+00:00,52.2353581,21.0460439,88.8,0.77,0.078,-0.017,0.967,0,0.7595540295935272,,398.7351737427092,-1.0,6.0,52.239705,21.041498,5.0
35605,2026-05-11 20:54:57.100000+00:00,52.2353566,21.0460465,88.8,1.97,0.094,-0.027,0.973,0,1.751362551912033,,398.70948007021815,-1.0,6.0,52.239705,21.041498,5.0
35610,2026-05-11 20:54:57.600000+00:00,52.2353539,21.0460503,88.7,3.38,0.116,-0.034,0.966,0,2.853770127785267,,398.7090174968311,-1.0,6.0,52.239705,21.041498,5.0
35615,2026-05-11 20:54:58.100000+00:00,52.2353494,21.0460565,88.7,5.34,0.127,-0.039,0.968,0,4.713862656362535,,398.7159938264797,-1.0,6.0,52.239705,21.041498,5.0
35620,2026-05-11 20:54:58.600000+00:00,52.2353435,21.046065,88.6,6.95,0.139,-0.051,0.964,0,6.299274753197074,,398.7076783837025,-1.0,6.0,52.239705,21.041498,5.0
35625,2026-05-11 20:54:59.100000+00:00,52.2353358,21.0460761,88.5,9.32,0.149,-0.058,0.958,0,8.223287539848645,,398.6993654416437,-1.0,6.0,52.237693,21.050488,6.0
35630,2026-05-11 20:54:59.600000+00:00,52.2353257,21.0460903,88.5,11.19,0.147,-0.054,0.977,0,10.670475756944068,,398.711820156192,-1.0,6.0,52.237693,21.050488,6.0
35635,2026-05-11 20:55:00.100000+00:00,52.2353144,21.0461097,88.5,13.69,0.152,0.009,0.978,0,13.127134907735972,,398.5533030887217,-1.0,6.0,52.237693,21.050488,6.0
35640,2026-05-11 20:55:00.600000+00:00,52.2353039,21.0461341,88.4,14.74,0.125,0.131,0.976,0,14.62158584758146,,398.0900902385815,-1.0,6.0,52.237693,21.050488,6.0
35645,2026-05-11 20:55:01.100000+00:00,52.2352962,21.0461628,88.3,15.37,0.074,0.107,0.956,0,15.362866310264367,,397.21068008159887,-1.0,6.0,52.237693,21.050488,6.0
35650,2026-05-11 20:55:01.600000+00:00,52.2352908,21.0461933,88.1,15.23,0.059,0.17,0.986,0,15.56670843116847,,396.07780540275934,-1.0,6.0,52.237693,21.050488,6.0
35655,2026-05-11 20:55:02.100000+00:00,52.2352888,21.0462251,87.9,15.94,0.07,0.175,0.986,0,15.673727168149842,,394.6322190322033,-1.0,6.0,52.237693,21.050488,6.0
35660,2026-05-11 20:55:02.600000+00:00,52.2352908,21.0462584,87.7,16.61,0.081,0.212,0.989,0,16.405510062372304,,392.8159348078193,-1.0,6.0,52.237693,21.050488,6.0
35665,2026-05-11 20:55:03.100000+00:00,52.2352982,21.0462938,87.7,17.74,0.086,0.17,0.956,0,18.340081815758506,,390.4902652520032,-1.0,6.0,52.237693,21.050488,6.0
35670,2026-05-11 20:55:03.600000+00:00,52.235309,21.0463281,87.7,18.5,0.104,0.169,0.963,0,18.91005049745486,,387.963600221379,-1.0,6.0,52.237693,21.050488,6.0
35675,2026-05-11 20:55:04.100000+00:00,52.2353225,21.0463603,87.9,17.28,0.081,0.112,0.966,0,19.13300397171842,,385.33707553555433,-1.0,6.0,52.237693,21.050488,6.0
35680,2026-05-11 20:55:04.600000+00:00,52.235339,21.0463922,88.1,21.25,0.094,0.075,0.98,0,20.47280455153531,,382.4974992011783,-1.0,6.0,52.237693,21.050488,6.0
35685,2026-05-11 20:55:05.100000+00:00,52.2353567,21.0464231,88.1,19.72,0.108,0.116,0.929,0,20.74472735644479,,379.6162913146476,-1.0,6.0,52.237693,21.050488,6.0
35690,2026-05-11 20:55:05.600000+00:00,52.2353765,21.0464523,88.0,21.94,0.091,0.113,1.01,0,21.3601972437345,,376.6597710781668,-1.0,6.0,52.237693,21.050488,6.0
35695,2026-05-11 20:55:06.100000+00:00,52.2353982,21.0464805,88.2,22.35,0.086,-0.02,0.985,0,22.203583301932586,,373.6087990586975,-1.0,6.0,52.237693,21.050488,6.0
35700,2026-05-11 20:55:06.600000+00:00,52.2354201,21.0465103,88.3,23.27,0.104,-0.025,0.956,0,22.82317078726001,,370.46353326045954,-1.0,6.0,52.237693,21.050488,6.0
35705,2026-05-11 20:55:07.100000+00:00,52.2354435,21.0465421,88.4,24.84,0.123,-0.013,0.946,0,24.3735020659987,,367.1053556218853,-1.0,6.0,52.237693,21.050488,6.0
35710,2026-05-11 20:55:07.600000+00:00,52.2354676,21.0465733,88.3,25.32,0.108,0.021,0.976,0,24.62300583013873,,363.72465889460375,-1.0,6.0,52.237693,21.050488,6.0
35715,2026-05-11 20:55:08.100000+00:00,52.2354937,21.0466029,88.3,25.44,0.109,0.083,0.968,0,25.441290093327936,,360.27367133048284,-1.0,6.0,52.237693,21.050488,6.0
35720,2026-05-11 20:55:08.600000+00:00,52.2355212,21.0466296,88.4,25.61,0.088,0.107,0.979,0,25.61459320333432,,356.8642593588223,-1.0,6.0,52.237693,21.050488,6.0
35725,2026-05-11 20:55:09.100000+00:00,52.2355494,21.0466505,88.3,24.51,0.08,0.092,0.964,0,24.79374109548678,,353.69696711175783,-1.0,6.0,52.237693,21.050488,6.0
35730,2026-05-11 20:55:09.600000+00:00,52.2355793,21.0466665,88.2,24.95,0.091,0.11,0.993,0,25.190703055698965,,350.6556159712804,-1.0,6.0,52.237693,21.050488,6.0
35735,2026-05-11 20:55:10.100000+00:00,52.2356106,21.0466774,88.3,25.33,0.096,0.125,0.962,0,25.622439479619924,,347.77816769548224,-1.0,6.0,52.237693,21.050488,6.0
35740,2026-05-11 20:55:10.600000+00:00,52.2356421,21.0466816,88.3,25.79,0.085,0.113,0.98,0,25.302944901908933,,345.2411329948968,-1.0,6.0,52.237693,21.050488,6.0
35745,2026-05-11 20:55:11.100000+00:00,52.2356742,21.0466816,88.3,26.33,0.111,0.095,0.964,0,25.699371443814208,,342.8937884526974,-1.0,6.0,52.237693,21.050488,6.0
35750,2026-05-11 20:55:11.600000+00:00,52.2357072,21.0466745,88.4,26.91,0.102,0.091,0.964,0,26.648268599648382,,340.8709497103071,-1.0,6.0,52.237693,21.050488,6.0
35755,2026-05-11 20:55:12.100000+00:00,52.2357402,21.046661,88.5,27.41,0.11,0.078,0.987,0,27.23644409413486,,339.21116367250704,-1.0,6.0,52.237693,21.050488,6.0
35760,2026-05-11 20:55:12.600000+00:00,52.2357736,21.0466432,88.6,28.33,0.099,0.015,0.989,0,28.12832379702139,,337.7843879664848,-1.0,6.0,52.237693,21.050488,6.0
35765,2026-05-11 20:55:13.100000+00:00,52.2358073,21.0466232,88.7,28.99,0.097,-0.015,0.949,0,28.707077902710687,,336.4932922895899,-1.0,6.0,52.237693,21.050488,6.0
35770,2026-05-11 20:55:13.600000+00:00,52.2358421,21.0466027,88.8,29.67,0.091,-0.04,0.969,0,29.618591013085524,,335.19639396267445,-1.0,6.0,52.237693,21.050488,6.0
35775,2026-05-11 20:55:14.100000+00:00,52.2358779,21.0465811,89.2,30.07,0.089,-0.005,0.988,0,30.555614768048745,,333.9375757797019,-1.0,6.0,52.237693,21.050488,6.0
35780,2026-05-11 20:55:14.600000+00:00,52.2359141,21.0465569,89.6,30.6,0.103,-0.003,0.974,0,31.316629009789317,,332.8440539344904,-1.0,6.0,52.237693,21.050488,6.0
35785,2026-05-11 20:55:15.100000+00:00,52.2359504,21.0465316,89.8,31.04,0.096,-0.005,0.963,0,31.598534997441693,,331.85826047926014,-1.0,6.0,52.237693,21.050488,6.0
35790,2026-05-11 20:55:15.600000+00:00,52.2359864,21.0465068,90.1,31.4,0.085,-0.01,0.959,0,31.281668475316287,,330.9189675923749,-1.0,6.0,52.237693,21.050488,6.0
35795,2026-05-11 20:55:16.100000+00:00,52.2360229,21.0464811,90.4,31.36,0.075,-0.021,0.976,0,31.823000689172986,,330.0535693731387,-1.0,6.0,52.237693,21.050488,6.0
35800,2026-05-11 20:55:16.600000+00:00,52.2360595,21.0464552,90.7,31.53,0.079,-0.016,0.966,0,31.93539437819663,,329.2504561770995,-1.0,6.0,52.237693,21.050488,6.0
35805,2026-05-11 20:55:17.100000+00:00,52.2360962,21.0464281,90.9,31.58,0.079,-0.01,0.97,0,32.24680309360076,,328.56801174870145,-1.0,6.0,52.237693,21.050488,6.0
35810,2026-05-11 20:55:17.600000+00:00,52.2361328,21.0464024,91.2,31.83,0.077,-0.016,0.968,0,31.89652093905646,,327.87029916386115,-1.0,6.0,52.237693,21.050488,6.0
35815,2026-05-11 20:55:18.100000+00:00,52.236169,21.0463752,91.4,31.79,0.079,-0.02,0.966,0,31.90294408337758,,327.3414930341028,-1.0,6.0,52.237693,21.050488,6.0
35820,2026-05-11 20:55:18.600000+00:00,52.2362053,21.0463482,91.5,31.9,0.077,-0.025,0.966,0,31.93491389852308,,326.8545244460457,-1.0,6.0,52.237693,21.050488,6.0
35825,2026-05-11 20:55:19.100000+00:00,52.2362419,21.046322,91.6,31.91,0.073,-0.024,0.964,0,31.99414601053705,,326.36325295753585,-1.0,6.0,52.237693,21.050488,6.0
35830,2026-05-11 20:55:19.600000+00:00,52.2362787,21.0462965,91.9,31.89,0.061,-0.041,0.969,0,32.005230798228084,,325.87934465677904,-1.0,6.0,52.237693,21.050488,6.0
35835,2026-05-11 20:55:20.100000+00:00,52.2363153,21.0462714,92.1,31.69,0.053,-0.016,0.973,0,31.781436248834545,,325.44186874689626,-1.0,6.0,52.237693,21.050488,6.0
35840,2026-05-11 20:55:20.600000+00:00,52.2363516,21.0462466,92.4,31.19,0.042,-0.006,0.959,0,31.5030617725768,,325.060900596732,-1.0,6.0,52.237693,21.050488,6.0
35845,2026-05-11 20:55:21.100000+00:00,52.2363873,21.0462225,92.5,30.36,0.027,0.006,0.96,0,30.927729464976597,,324.7256255197403,-1.0,6.0,52.237693,21.050488,6.0
35850,2026-05-11 20:55:21.600000+00:00,52.2364222,21.0461989,92.6,29.3,0.017,0.004,0.962,0,30.24217628983151,,324.4549584021466,-1.0,6.0,52.237693,21.050488,6.0
35855,2026-05-11 20:55:22.100000+00:00,52.2364558,21.0461756,92.7,28.41,0.014,0.009,0.976,0,29.225481262719057,,324.281278382367,-1.0,6.0,52.237693,21.050488,6.0
35860,2026-05-11 20:55:22.600000+00:00,52.2364882,21.0461536,92.9,27.35,0.021,0.026,0.964,0,28.092840228161013,,324.1328405186605,-1.0,6.0,52.237693,21.050488,6.0
35865,2026-05-11 20:55:23.100000+00:00,52.2365189,21.046132,93.0,25.87,0.015,0.062,0.968,0,26.763010856104195,,324.0824912098402,-1.0,6.0,52.237693,21.050488,6.0
35870,2026-05-11 20:55:23.600000+00:00,52.2365473,21.0461091,93.2,24.99,0.022,0.044,0.964,0,25.35820282852365,,324.25659971359363,-1.0,6.0,52.237693,21.050488,6.0
35875,2026-05-11 20:55:24.100000+00:00,52.2365749,21.046088,93.3,24.05,0.018,0.025,0.972,0,24.39845174909289,,324.3897033373589,-1.0,6.0,52.237693,21.050488,6.0
35880,2026-05-11 20:55:24.600000+00:00,52.2366012,21.0460666,93.3,23.21,0.011,-0.002,0.965,0,23.52523652266411,,324.6311177462925,-1.0,6.0,52.237693,21.050488,6.0
35885,2026-05-11 20:55:25.100000+00:00,52.2366266,21.0460466,93.4,22.32,-0.003,-0.035,0.97,0,22.576087827652387,,324.85296322829424,-1.0,6.0,52.237693,21.050488,6.0
35890,2026-05-11 20:55:25.600000+00:00,52.2366517,21.0460304,93.5,21.0,-0.063,-0.073,0.961,0,21.60790637118219,,324.8749967087462,-1.0,6.0,52.237693,21.050488,6.0
35895,2026-05-11 20:55:26.100000+00:00,52.2366757,21.0460188,93.6,19.34,-0.1,-0.099,0.968,0,20.03852687256665,,324.6736781776182,-1.0,6.0,52.237693,21.050488,6.0
35900,2026-05-11 20:55:26.600000+00:00,52.2366987,21.0460119,93.6,18.49,-0.057,-0.097,0.956,0,18.72206408170752,,324.233089308066,-1.0,6.0,52.237693,21.050488,6.0
35905,2026-05-11 20:55:27.100000+00:00,52.2367207,21.0460094,93.6,16.92,-0.094,-0.083,0.958,0,17.65587458070341,,323.56747636871813,-1.0,6.0,52.237693,21.050488,6.0
35910,2026-05-11 20:55:27.600000+00:00,52.2367412,21.0460115,93.6,16.25,-0.055,-0.04,0.972,0,16.44463503987221,,322.6778104497651,-1.0,6.0,52.237693,21.050488,6.0
35915,2026-05-11 20:55:28.100000+00:00,52.2367611,21.0460172,93.6,15.67,-0.04,-0.047,0.985,0,16.175258510153878,,321.59129611083586,-1.0,6.0,52.237693,21.050488,6.0
35920,2026-05-11 20:55:28.600000+00:00,52.2367803,21.0460267,93.6,16.16,-0.052,-0.066,0.979,0,16.061765391097055,,320.2960449122167,-1.0,6.0,52.237693,21.050488,6.0
35925,2026-05-11 20:55:29.100000+00:00,52.2367984,21.0460384,93.7,15.62,-0.033,-0.054,0.977,0,15.585023106094644,,318.90691533905044,-1.0,6.0,52.237693,21.050488,6.0
35930,2026-05-11 20:55:29.600000+00:00,52.2368151,21.0460519,93.7,14.42,-0.075,0.011,0.973,0,14.918741501658454,,317.4576525137846,-1.0,6.0,52.237693,21.050488,6.0
35935,2026-05-11 20:55:30.100000+00:00,52.2368281,21.0460642,93.8,11.3,-0.143,0.073,0.982,0,12.02874933612439,,316.2180988409784,-1.0,6.0,52.237693,21.050488,6.0
35940,2026-05-11 20:55:30.600000+00:00,52.2368365,21.0460741,93.9,7.74,-0.122,0.127,0.977,0,8.293762648355651,,315.2925372231681,-1.0,6.0,52.237693,21.050488,6.0
35945,2026-05-11 20:55:31.100000+00:00,52.236842,21.0460811,94.0,4.83,-0.046,0.088,0.973,0,5.582829495044516,,314.65369312118787,-1.0,6.0,52.237693,21.050488,6.0
35950,2026-05-11 20:55:31.600000+00:00,52.2368452,21.0460877,93.9,3.74,0.027,0.028,0.959,0,4.127295926332053,,314.1181189046556,-1.0,6.0,52.237693,21.050488,6.0
35955,2026-05-11 20:55:32.100000+00:00,52.2368485,21.0460918,93.9,2.51,0.006,0.039,0.982,0,3.3197824382603494,,313.7417768514288,-1.0,6.0,52.237693,21.050488,6.0
35960,2026-05-11 20:55:32.600000+00:00,52.2368519,21.0460946,94.1,2.96,-0.009,0.065,0.971,0,3.0486337375070938,,313.44683195195546,-1.0,6.0,52.237693,21.050488,6.0
35965,2026-05-11 20:55:33.100000+00:00,52.2368534,21.0460965,94.2,0.86,-0.009,0.079,0.974,0,1.5198537340943297,,313.2735960884095,-1.0,6.0,52.237693,21.050488,6.0
35970,2026-05-11 20:55:33.600000+00:00,52.2368537,21.0460965,94.3,0.24,0.032,0.034,0.973,0,0.240181036390652,,313.263655518768,-1.0,6.0,52.237693,21.050488,6.0
35975,2026-05-11 20:55:34.100000+00:00,52.2368544,21.0460962,94.4,0.46,0.055,0.011,0.976,0,0.5794029323257823,,313.2599758328654,-1.0,6.0,52.237693,21.050488,6.0
35980,2026-05-11 20:55:34.600000+00:00,52.236855,21.0460976,94.4,1.21,0.112,-0.038,0.966,0,0.8377935590683906,,313.1491048426057,-1.0,6.0,52.237693,21.050488,6.0
35985,2026-05-11 20:55:35.100000+00:00,52.2368574,21.0461008,94.5,2.95,0.118,-0.055,0.964,0,2.480621606663908,,312.86171157786924,-1.0,6.0,52.237693,21.050488,6.0
35990,2026-05-11 20:55:35.600000+00:00,52.2368612,21.0461074,94.5,5.27,0.12,-0.068,0.967,0,4.44146610164515,,312.3071788314367,-1.0,6.0,52.237693,21.050488,6.0
35995,2026-05-11 20:55:36.100000+00:00,52.2368662,21.0461184,94.4,6.93,0.102,-0.096,0.968,0,6.716431853339097,,311.42721849225376,-1.0,6.0,52.237693,21.050488,6.0
36000,2026-05-11 20:55:36.600000+00:00,52.236873,21.0461349,94.3,9.98,0.1,-0.104,0.961,0,9.751022592297998,,310.1307353757858,-1.0,6.0,52.237693,21.050488,6.0
36005,2026-05-11 20:55:37.100000+00:00,52.2368807,21.0461558,94.3,12.27,0.085,-0.126,0.969,0,11.95844396593847,,308.51895738387884,-1.0,6.0,52.237693,21.050488,6.0
36010,2026-05-11 20:55:37.600000+00:00,52.2368882,21.0461837,94.2,14.7,0.065,-0.138,0.967,0,14.938891165942955,,306.4582672360109,-1.0,6.0,52.237693,21.050488,6.0
36015,2026-05-11 20:55:38.100000+00:00,52.2368955,21.0462159,94.1,16.45,0.071,-0.089,0.961,0,16.834345093690143,,304.124151995166,-1.0,6.0,52.237693,21.050488,6.0
36020,2026-05-11 20:55:38.600000+00:00,52.236902,21.046251,93.9,17.94,0.062,-0.068,0.962,0,17.978716708130744,,301.6271144442289,-1.0,6.0,52.237693,21.050488,6.0
36025,2026-05-11 20:55:39.100000+00:00,52.2369084,21.0462886,93.8,19.23,0.07,-0.046,0.969,0,19.13365619859045,,298.97048854889726,-1.0,6.0,52.237693,21.050488,6.0
36030,2026-05-11 20:55:39.600000+00:00,52.2369154,21.0463277,93.6,19.9,0.087,-0.015,0.976,0,19.97263213767461,,296.19670470382573,-1.0,6.0,52.237693,21.050488,6.0
36035,2026-05-11 20:55:40.100000+00:00,52.2369225,21.0463693,93.4,21.8,0.101,-0.027,0.96,0,21.17325606316323,,293.2568632201661,-1.0,6.0,52.237693,21.050488,6.0
36040,2026-05-11 20:55:40.600000+00:00,52.2369308,21.0464142,93.2,23.05,0.073,-0.044,0.971,0,22.994971849234897,,290.063135216657,-1.0,6.0,52.237693,21.050488,6.0
36045,2026-05-11 20:55:41.100000+00:00,52.2369404,21.0464622,93.1,24.75,0.08,-0.015,0.969,0,24.757047612495303,,286.6252926820616,-1.0,6.0,52.237693,21.050488,6.0
36050,2026-05-11 20:55:41.600000+00:00,52.2369505,21.0465125,93.0,26.02,0.079,-0.037,0.968,0,25.953277310650005,,283.0214399075777,-1.0,6.0,52.237693,21.050488,6.0
36055,2026-05-11 20:55:42.100000+00:00,52.2369615,21.0465652,93.0,27.43,0.091,-0.016,0.968,0,27.29774015818188,,279.2321090957289,-1.0,6.0,52.237693,21.050488,6.0
36060,2026-05-11 20:55:42.600000+00:00,52.236973,21.0466208,93.0,29.04,0.08,-0.023,0.971,0,28.77279606957349,,275.2377249515216,-1.0,6.0,52.237693,21.050488,6.0
36065,2026-05-11 20:55:43.100000+00:00,52.2369847,21.0466792,92.9,29.96,0.074,-0.026,0.952,0,30.126022847305453,,271.0544920020668,-1.0,6.0,52.237693,21.050488,6.0
36070,2026-05-11 20:55:43.600000+00:00,52.2369971,21.0467398,92.9,31.29,0.057,-0.022,0.985,0,31.326055245781465,,266.7053378885516,-1.0,6.0,52.237693,21.050488,6.0
36075,2026-05-11 20:55:44.100000+00:00,52.2370091,21.046802,92.8,32.1,0.073,-0.017,0.959,0,31.973356473130472,,262.2648572452829,-1.0,6.0,52.237693,21.050488,6.0
36080,2026-05-11 20:55:44.600000+00:00,52.2370222,21.0468656,92.8,33.11,0.072,-0.006,0.961,0,32.898753496025854,,257.69771292891386,-1.0,6.0,52.237693,21.050488,6.0
36085,2026-05-11 20:55:45.100000+00:00,52.2370352,21.0469307,92.7,33.92,0.062,-0.016,0.976,0,33.571714695962854,,253.0360763292991,-1.0,6.0,52.237693,21.050488,6.0
36090,2026-05-11 20:55:45.600000+00:00,52.2370488,21.0469977,92.6,34.73,0.068,-0.007,0.976,0,34.60668152867337,,248.23135079568627,-1.0,6.0,52.237693,21.050488,6.0
36095,2026-05-11 20:55:46.100000+00:00,52.2370639,21.0470669,92.6,36.07,0.069,-0.019,0.952,0,36.01725897677651,,243.23521649181671,-1.0,6.0,52.237693,21.050488,6.0
36100,2026-05-11 20:55:46.600000+00:00,52.237078,21.0471376,92.4,36.76,0.06,-0.015,0.976,0,36.455038387853975,,238.17339567252915,-1.0,6.0,52.237693,21.050488,6.0
36105,2026-05-11 20:55:47.100000+00:00,52.2370939,21.0472101,92.5,37.84,0.063,-0.016,0.964,0,37.75634516663671,,232.93688749120264,-1.0,6.0,52.237693,21.050488,6.0
36110,2026-05-11 20:55:47.600000+00:00,52.2371094,21.0472844,92.4,38.52,0.06,-0.011,0.977,0,38.48386964445783,,227.59590999776952,-1.0,6.0,52.237693,21.050488,6.0
36115,2026-05-11 20:55:48.100000+00:00,52.2371253,21.0473602,92.3,39.54,0.066,-0.016,0.957,0,39.28332172876056,,222.14455515931712,-1.0,6.0,52.237693,21.050488,6.0
36120,2026-05-11 20:55:48.600000+00:00,52.2371419,21.0474376,92.3,40.23,0.058,-0.007,0.973,0,40.207987075064615,,216.56690750081304,-1.0,6.0,52.237693,21.050488,6.0
36125,2026-05-11 20:55:49.100000+00:00,52.2371583,21.047517,92.1,41.29,0.06,-0.009,0.951,0,41.08325481466743,,210.865220345558,-1.0,6.0,52.237693,21.050488,6.0
36130,2026-05-11 20:55:49.600000+00:00,52.237175,21.0475978,92.0,41.89,0.046,-0.008,0.988,0,41.810402864944365,,205.06291031647905,-1.0,6.0,52.237693,21.050488,6.0
36135,2026-05-11 20:55:50.100000+00:00,52.2371918,21.0476802,91.9,42.79,0.056,-0.017,0.968,0,42.5796156616036,,199.1531643545339,-1.0,6.0,52.237693,21.050488,6.0
36140,2026-05-11 20:55:50.600000+00:00,52.2372091,21.0477644,91.8,43.35,0.049,-0.016,0.964,0,43.54349274640264,,193.1104612330901,-1.0,6.0,52.237693,21.050488,6.0
36145,2026-05-11 20:55:51.100000+00:00,52.2372272,21.0478494,91.7,44.24,0.054,-0.017,0.971,0,44.121698075697296,,186.99108503327108,-1.0,6.0,52.237693,21.050488,6.0
36150,2026-05-11 20:55:51.600000+00:00,52.2372447,21.0479358,91.6,44.95,0.049,-0.018,0.965,0,44.61740787349936,,180.79903218817063,-1.0,6.0,52.237693,21.050488,6.0
36155,2026-05-11 20:55:52.100000+00:00,52.2372628,21.0480238,91.6,45.57,0.05,-0.01,0.969,0,45.51349132660064,,174.48425075503465,-1.0,6.0,52.237693,21.050488,6.0
36160,2026-05-11 20:55:52.600000+00:00,52.237281,21.0481133,91.4,46.2,0.052,-0.015,0.961,0,46.23639040824564,,168.068657041774,-1.0,6.0,52.237693,21.050488,6.0
36165,2026-05-11 20:55:53.100000+00:00,52.2372991,21.0482042,91.3,46.95,0.052,-0.006,0.973,0,46.86347628388192,,161.56480067356745,-1.0,6.0,52.237693,21.050488,6.0
36170,2026-05-11 20:55:53.600000+00:00,52.2373175,21.048296,91.2,47.71,0.041,-0.016,0.964,0,47.35744599857162,,154.99335605778523,-1.0,6.0,52.237693,21.050488,6.0
36175,2026-05-11 20:55:54.100000+00:00,52.2373364,21.0483887,91.1,48.02,0.03,0.009,0.978,0,47.90192814919657,,148.3485225016382,-1.0,6.0,52.237693,21.050488,6.0
36180,2026-05-11 20:55:54.600000+00:00,52.2373558,21.0484814,91.1,47.83,0.018,0.003,0.966,0,48.029859830266886,,141.68973915248534,-1.0,6.0,52.237693,21.050488,6.0
36185,2026-05-11 20:55:55.100000+00:00,52.2373749,21.0485741,90.9,47.81,0.014,0.005,0.971,0,47.95271094502948,,135.04088074108705,-1.0,6.0,52.237693,21.050488,6.0
36190,2026-05-11 20:55:55.600000+00:00,52.2373942,21.0486664,90.8,47.7,0.016,0.007,0.963,0,47.81835855047758,,128.41374355047878,-1.0,6.0,52.237693,21.050488,6.0
36195,2026-05-11 20:55:56.100000+00:00,52.2374135,21.048759,90.8,47.73,0.017,0.002,0.978,0,47.95755768077513,,121.76841583463931,-1.0,6.0,52.237693,21.050488,6.0
36200,2026-05-11 20:55:56.600000+00:00,52.2374328,21.0488515,90.7,47.69,0.023,0.012,0.966,0,47.9111278705388,,115.13146736531765,-1.0,6.0,52.237693,21.050488,6.0
36205,2026-05-11 20:55:57.100000+00:00,52.2374521,21.0489437,90.5,47.69,0.019,0.024,0.976,0,47.771907288033226,,108.51644680696928,-1.0,6.0,52.237693,21.050488,6.0
36210,2026-05-11 20:55:57.600000+00:00,52.2374714,21.0490355,90.4,47.46,0.019,0.009,0.974,0,47.58635999579342,,101.93045552671968,-1.0,6.0,52.237693,21.050488,6.0
36215,2026-05-11 20:55:58.100000+00:00,52.2374908,21.0491272,90.3,47.66,0.005,-0.02,0.951,0,47.56605438359605,,95.35167647666223,-1.0,6.0,52.237693,21.050488,6.0
36220,2026-05-11 20:55:58.600000+00:00,52.2375089,21.0492195,90.2,47.16,-0.004,-0.03,0.996,0,47.51650475534412,,88.77045651462258,-1.0,6.0,52.237693,21.050488,6.0
36225,2026-05-11 20:55:59.100000+00:00,52.237526,21.0493122,90.1,46.95,-0.029,-0.042,0.967,0,47.4662237478146,,82.19068383152515,-1.0,6.0,52.237693,21.050488,6.0
36230,2026-05-11 20:55:59.600000+00:00,52.2375413,21.049403,90.0,45.86,-0.085,-0.017,0.975,0,46.17199207428285,6.0,75.78363952459338,-1.0,6.0,52.237693,21.050488,6.0
36235,2026-05-11 20:56:00.100000+00:00,52.2375557,21.0494916,90.0,44.38,-0.08,0.0,0.963,0,44.94271001610105,6.0,69.54574998242948,-1.0,6.0,52.237693,21.050488,6.0
36240,2026-05-11 20:56:00.600000+00:00,52.2375678,21.0495769,89.9,42.56,-0.085,0.012,0.936,0,42.92825518350447,6.0,63.58362127379503,-1.0,6.0,52.237693,21.050488,6.0
36245,2026-05-11 20:56:01.100000+00:00,52.2375798,21.0496592,89.7,40.35,-0.073,0.077,1.028,0,41.47805265635414,6.0,57.8233160316344,-1.0,6.0,52.237693,21.050488,6.0
36250,2026-05-11 20:56:01.600000+00:00,52.2375923,21.049737,89.7,38.49,-0.053,0.049,0.968,0,39.43477772638684,6.0,52.35043416911323,-1.0,6.0,52.237693,21.050488,6.0
36255,2026-05-11 20:56:02.100000+00:00,52.2376045,21.0498118,89.7,37.21,-0.048,0.032,0.963,0,37.951386827749054,6.0,47.08527098163062,-1.0,6.0,52.237693,21.050488,6.0
36260,2026-05-11 20:56:02.600000+00:00,52.2376154,21.0498827,89.7,35.09,-0.089,0.042,1.012,0,35.83951418587027,6.0,42.11104938979323,-1.0,6.0,52.237693,21.050488,6.0
36265,2026-05-11 20:56:03.100000+00:00,52.2376262,21.0499497,89.6,32.71,-0.094,0.056,0.944,0,33.967682746473905,6.0,37.40022688674196,-1.0,6.0,52.237693,21.050488,6.0
36270,2026-05-11 20:56:03.600000+00:00,52.2376362,21.0500123,89.6,31.02,-0.076,0.045,0.965,0,31.71854650550864,6.0,33.00248708875333,-1.0,6.0,52.237693,21.050488,6.0
36275,2026-05-11 20:56:04.100000+00:00,52.2376471,21.050072,89.8,29.57,-0.067,0.043,1.032,0,30.542900449041777,6.0,28.78337886894802,-1.0,6.0,52.237693,21.050488,6.0
36280,2026-05-11 20:56:04.600000+00:00,52.2376559,21.0501287,89.7,27.74,-0.024,0.058,0.964,0,28.67774333001037,6.0,24.811660666231784,-1.0,6.0,52.237693,21.050488,6.0
36285,2026-05-11 20:56:05.100000+00:00,52.2376652,21.0501827,89.8,26.85,-0.019,0.04,0.951,0,27.50214497354998,6.0,21.017773768865464,-1.0,6.0,52.237693,21.050488,6.0
36290,2026-05-11 20:56:05.600000+00:00,52.2376745,21.0502346,89.8,25.48,-0.045,0.059,0.963,0,26.51246713815333,6.0,17.377297742302282,-1.0,6.0,52.237693,21.050488,6.0
36295,2026-05-11 20:56:06.100000+00:00,52.2376833,21.0502822,89.9,23.34,-0.067,0.059,0.948,0,24.37757043636069,6.0,14.055262774494048,-1.0,6.0,52.237693,21.050488,6.0
36300,2026-05-11 20:56:06.600000+00:00,52.2376907,21.0503258,90.0,21.29,-0.049,0.054,1.037,0,22.181980801244823,6.0,11.047862664496332,-1.0,6.0,52.237693,21.050488,6.0
36305,2026-05-11 20:56:07.100000+00:00,52.2376977,21.0503676,90.0,20.34,-0.038,0.036,0.972,0,21.246126985612623,6.0,8.215198164188353,-1.0,6.0,52.237693,21.050488,6.0
36310,2026-05-11 20:56:07.600000+00:00,52.2377043,21.0504074,90.0,19.68,-0.023,0.032,0.928,0,20.21588358538373,6.0,5.6303966857021255,-1.0,6.0,52.237693,21.050488,6.0
36315,2026-05-11 20:56:08.100000+00:00,52.2377104,21.0504443,89.9,17.69,-0.06,0.064,1.048,0,18.7388743320257,6.0,3.5494141281302616,-1.0,6.0,52.237693,21.050488,6.0
36320,2026-05-11 20:56:08.600000+00:00,52.237716,21.0504783,89.8,16.5,-0.049,0.033,0.907,0,17.26187926928191,6.0,2.6414013049913514,-1.0,6.0,52.237693,21.050488,6.0
36325,2026-05-11 20:56:09.100000+00:00,52.2377208,21.0505069,89.8,13.08,-0.136,0.097,1.01,0,14.539041572268308,6.0,3.348426330658341,-1.0,6.0,52.237693,21.050488,6.0
36330,2026-05-11 20:56:09.600000+00:00,52.2377243,21.0505299,89.7,10.86,-0.069,0.052,0.952,0,11.61935320731438,6.0,4.500407509754256,-1.0,6.0,52.237693,21.050488,6.0
36335,2026-05-11 20:56:10.100000+00:00,52.2377274,21.0505488,89.6,8.47,-0.102,0.081,0.992,0,9.59288576009261,6.0,5.636678385248261,-1.0,6.0,52.237693,21.050488,6.0
36340,2026-05-11 20:56:10.600000+00:00,52.2377299,21.0505611,89.7,5.17,-0.137,0.095,0.973,0,6.353905956954402,6.0,6.450799115329742,-1.0,6.0,52.237693,21.050488,6.0
36345,2026-05-11 20:56:11.100000+00:00,52.237731,21.0505672,89.7,1.81,-0.133,0.084,0.986,0,3.1176690559926983,6.0,6.851223476343126,-1.0,6.0,52.237693,21.050488,6.0
36350,2026-05-11 20:56:11.600000+00:00,52.2377318,21.0505681,89.7,0.18,-0.041,0.045,0.981,0,0.7777664034878753,6.0,6.9544021267797085,-1.0,6.0,52.237693,21.050488,6.0
36355,2026-05-11 20:56:12.100000+00:00,52.2377327,21.0505686,89.7,0.32,0.033,0.014,0.964,0,0.7611016498024958,6.0,7.043423644863425,-1.0,6.0,52.237693,21.050488,6.0
36360,2026-05-11 20:56:12.600000+00:00,52.2377332,21.050569,89.8,0.29,0.028,0.011,0.973,0,0.4457591385168787,6.0,7.099541926071926,-1.0,6.0,52.237693,21.050488,6.0
36365,2026-05-11 20:56:13.100000+00:00,52.2377341,21.0505696,89.8,0.28,0.029,0.009,0.978,0,0.7782780819490072,6.0,7.194481303070572,-1.0,6.0,52.237693,21.050488,6.0
36370,2026-05-11 20:56:13.600000+00:00,52.2377347,21.0505701,89.9,0.15,0.029,0.01,0.977,0,0.5392968132988456,6.0,7.263218620364577,-1.0,6.0,52.237693,21.050488,6.0
36375,2026-05-11 20:56:14.100000+00:00,52.2377351,21.0505708,89.9,0.18,0.027,0.011,0.978,0,0.4694011710168044,6.0,7.328303078045913,-1.0,6.0,52.237693,21.050488,6.0
36380,2026-05-11 20:56:14.600000+00:00,52.2377353,21.0505715,90.0,0.02,0.03,0.012,0.978,0,0.378710364823525,6.0,7.379194356274583,-1.0,6.0,52.237693,21.050488,6.0
36385,2026-05-11 20:56:15.100000+00:00,52.2377358,21.0505719,90.0,0.05,0.028,0.01,0.976,0,0.4457591380359148,6.0,7.435663581532111,-1.0,6.0,52.237693,21.050488,6.0
36390,2026-05-11 20:56:15.600000+00:00,52.2377364,21.050572,90.1,0.09,0.027,0.009,0.978,0,0.4828576015027431,6.0,7.483744190404274,-1.0,6.0,52.237693,21.050488,6.0
36395,2026-05-11 20:56:16.100000+00:00,52.2377373,21.0505723,90.2,0.08,0.03,0.013,0.977,0,0.7354019224682684,6.0,7.564155956585397,-1.0,6.0,52.237693,21.050488,6.0
36400,2026-05-11 20:56:16.600000+00:00,52.2377382,21.0505726,90.2,0.08,0.031,0.013,0.975,0,0.7354019218717385,6.0,7.645086550806517,-1.0,6.0,52.237693,21.050488,6.0
36405,2026-05-11 20:56:17.100000+00:00,52.2377392,21.050573,90.3,0.18,0.03,0.015,0.975,0,0.8242727913717472,6.0,7.738992734316536,-1.0,6.0,52.237693,21.050488,6.0
36410,2026-05-11 20:56:17.600000+00:00,52.2377405,21.0505735,90.4,0.1,0.028,0.01,0.978,0,1.0692641003625452,6.0,7.860877462292478,-1.0,6.0,52.237693,21.050488,6.0
36415,2026-05-11 20:56:18.100000+00:00,52.2377418,21.050574,90.5,0.12,0.029,0.013,0.976,0,1.0692640944743057,6.0,7.98366395695458,-1.0,6.0,52.237693,21.050488,6.0
36420,2026-05-11 20:56:18.600000+00:00,52.2377431,21.0505745,90.6,0.08,0.029,0.01,0.979,0,1.0692640970702385,6.0,8.107311246512317,-1.0,6.0,52.237693,21.050488,6.0
36425,2026-05-11 20:56:19.100000+00:00,52.2377444,21.050575,90.7,0.06,0.03,0.011,0.98,0,1.069264085152421,6.0,8.231780540475901,-1.0,6.0,52.237693,21.050488,6.0
36430,2026-05-11 20:56:19.600000+00:00,52.2377457,21.0505755,90.9,0.07,0.029,0.01,0.977,0,1.069264094492928,6.0,8.357035112752667,-1.0,6.0,52.237693,21.050488,6.0
36435,2026-05-11 20:56:20.100000+00:00,52.237747,21.050576,91.0,0.12,0.027,0.007,0.979,0,1.0692640871746957,6.0,8.483040176622419,-1.0,6.0,52.237693,21.050488,6.0
36440,2026-05-11 20:56:20.600000+00:00,52.2377484,21.0505767,91.1,0.05,0.026,0.008,0.978,0,1.1722098978489002,6.0,8.62723695008209,-1.0,6.0,52.237693,21.050488,6.0
36445,2026-05-11 20:56:21.100000+00:00,52.2377496,21.0505773,91.2,0.13,0.029,0.01,0.974,0,1.0047513369689345,6.0,8.751353819599021,-1.0,6.0,52.237693,21.050488,6.0
36450,2026-05-11 20:56:21.600000+00:00,52.2377509,21.0505779,91.4,0.07,0.029,0.011,0.974,0,1.081557548641208,6.0,8.883984054326488,-1.0,6.0,52.237693,21.050488,6.0
36455,2026-05-11 20:56:22.100000+00:00,52.237752,21.0505785,91.5,0.09,0.027,0.01,0.978,0,0.928495057764624,6.0,9.000943804594257,-1.0,6.0,52.237693,21.050488,6.0
36460,2026-05-11 20:56:22.600000+00:00,52.2377531,21.0505791,91.6,0.15,0.028,0.012,0.972,0,0.92849506028513,6.0,9.118227141700434,-1.0,6.0,52.237693,21.050488,6.0
36465,2026-05-11 20:56:23.100000+00:00,52.237754,21.0505798,91.7,0.26,0.045,0.0,0.975,0,0.7981009981140509,6.0,9.224061222966588,-1.0,6.0,52.237693,21.050488,6.0
36470,2026-05-11 20:56:23.600000+00:00,52.2377555,21.0505821,91.8,1.21,0.079,-0.017,0.971,0,1.6473453901470767,6.0,9.452849482311125,-1.0,6.0,52.237693,21.050488,6.0
36475,2026-05-11 20:56:24.100000+00:00,52.237757,21.0505873,91.9,2.94,0.116,-0.026,0.962,0,2.818130691372039,6.0,9.816601226816644,-1.0,6.0,52.237693,21.050488,6.0
36480,2026-05-11 20:56:24.600000+00:00,52.2377581,21.0505952,91.9,4.34,0.112,-0.027,0.98,0,3.972058648528383,6.0,10.280360433998482,-1.0,6.0,52.237693,21.050488,6.0
36485,2026-05-11 20:56:25.100000+00:00,52.2377595,21.0506066,92.1,6.17,0.127,-0.035,0.964,0,5.700453592497898,6.0,10.94986629790379,-1.0,6.0,52.237693,21.050488,6.0
36490,2026-05-11 20:56:25.600000+00:00,52.2377617,21.0506226,92.1,8.61,0.14,-0.028,0.995,0,8.03976142287883,6.0,11.931552403151017,-1.0,6.0,52.237693,21.050488,6.0
36495,2026-05-11 20:56:26.100000+00:00,52.237764,21.0506419,92.2,10.44,0.13,-0.048,0.936,0,9.63987761215352,6.0,13.12070217645056,-1.0,6.0,52.237693,21.050488,6.0
36500,2026-05-11 20:56:26.600000+00:00,52.237767,21.0506663,92.3,12.86,0.156,-0.048,0.976,0,12.2015217297866,6.0,14.66683211963614,-1.0,6.0,52.237693,21.050488,6.0
36505,2026-05-11 20:56:27.100000+00:00,52.2377708,21.0506948,92.3,15.04,0.124,-0.048,0.929,0,14.300295319218591,6.0,16.526918143274624,-1.0,6.0,52.237693,21.050488,6.0
36510,2026-05-11 20:56:27.600000+00:00,52.2377756,21.0507276,92.2,17.23,0.14,-0.041,0.962,0,16.53392267759308,6.0,18.722997420019105,-1.0,6.0,52.237693,21.050488,6.0
36515,2026-05-11 20:56:28.100000+00:00,52.2377798,21.0507636,92.1,18.21,0.096,-0.037,1.002,0,17.967465323631163,6.0,21.10326468096723,-1.0,6.0,52.237693,21.050488,6.0
36520,2026-05-11 20:56:28.600000+00:00,52.2377839,21.0508027,92.0,20.19,0.092,-0.053,0.949,0,19.44888005398758,6.0,23.69340466368081,-1.0,6.0,52.237693,21.050488,6.0
36525,2026-05-11 20:56:29.100000+00:00,52.2377883,21.0508439,92.0,20.88,0.074,-0.014,0.966,0,20.504325908838315,6.0,26.450271534729985,-1.0,6.0,52.237693,21.050488,6.0
36530,2026-05-11 20:56:29.600000+00:00,52.2377924,21.0508864,92.0,21.08,0.048,-0.01,0.986,0,21.09378560168496,6.0,29.29390998696013,-1.0,6.0,52.237693,21.050488,6.0
36535,2026-05-11 20:56:30.100000+00:00,52.2377966,21.0509298,92.0,21.43,0.04,-0.006,0.953,0,21.54211967342353,6.0,32.21421054907489,-1.0,6.0,52.237693,21.050488,6.0
36540,2026-05-11 20:56:30.600000+00:00,52.2378005,21.050973,92.0,21.22,0.015,0.0,0.976,0,21.4089242353496,6.0,35.12239875335111,-1.0,6.0,52.237693,21.050488,6.0
36545,2026-05-11 20:56:31.100000+00:00,52.2378043,21.0510155,91.9,20.53,0.007,0.002,0.982,0,21.05774123824601,6.0,37.99199208917018,-1.0,6.0,52.237693,21.050488,6.0
36550,2026-05-11 20:56:31.600000+00:00,52.2378071,21.0510566,91.9,20.02,0.006,-0.012,0.951,0,20.27473371927688,6.0,40.74410953893804,-1.0,6.0,52.237693,21.050488,6.0
36555,2026-05-11 20:56:32.100000+00:00,52.2378097,21.0510973,91.9,19.82,0.003,-0.005,0.963,0,20.06259073708548,6.0,43.47175963984579,-1.0,6.0,52.237693,21.050488,6.0
36560,2026-05-11 20:56:32.600000+00:00,52.237812,21.0511373,91.8,19.35,0.014,-0.004,0.974,0,19.697376553639007,6.0,46.15119729549476,-1.0,6.0,52.237693,21.050488,6.0
36565,2026-05-11 20:56:33.100000+00:00,52.2378145,21.0511769,91.8,19.17,0.006,-0.004,0.975,0,19.517901281796767,6.0,48.8168514282016,-1.0,6.0,52.237693,21.050488,6.0
36570,2026-05-11 20:56:33.600000+00:00,52.2378176,21.0512148,92.0,17.94,-0.025,0.02,0.991,0,18.746546467569804,6.0,51.393644792476834,-1.0,6.0,52.237693,21.050488,6.0
36575,2026-05-11 20:56:34.100000+00:00,52.2378197,21.0512507,92.1,17.3,-0.001,0.009,0.956,0,17.681090997500494,6.0,53.81242277021326,-1.0,6.0,52.237693,21.050488,6.0
36580,2026-05-11 20:56:34.600000+00:00,52.2378205,21.0512856,92.0,16.19,-0.029,0.019,0.973,0,17.122679523903138,6.0,56.1318723026256,-1.0,6.0,52.237693,21.050488,6.0
36585,2026-05-11 20:56:35.100000+00:00,52.2378211,21.0513152,91.9,13.17,-0.127,0.078,0.995,0,14.520171708369212,6.0,58.10066352782895,-1.0,6.0,52.237693,21.050488,6.0
36590,2026-05-11 20:56:35.600000+00:00,52.2378221,21.0513377,92.0,9.79,-0.125,0.076,0.972,0,11.060265096926702,6.0,59.61388863748207,-1.0,6.0,52.237693,21.050488,6.0
36595,2026-05-11 20:56:36.100000+00:00,52.2378233,21.0513535,92.0,6.32,-0.144,0.072,0.978,0,7.805737593870812,6.0,60.69038722382988,-1.0,6.0,52.237693,21.050488,6.0
36600,2026-05-11 20:56:36.600000+00:00,52.2378232,21.051361,92.0,2.76,-0.162,0.086,0.983,0,3.6779549858698672,6.0,61.18381670247299,-1.0,6.0,52.237693,21.050488,6.0
36605,2026-05-11 20:56:37.100000+00:00,52.2378236,21.0513615,91.9,0.14,-0.088,0.053,0.992,0,0.4032959536408984,6.0,61.22743132921692,-1.0,6.0,52.237693,21.050488,6.0
36610,2026-05-11 20:56:37.600000+00:00,52.237824,21.0513618,91.9,0.19,0.059,-0.015,0.95,0,0.352403260184532,6.0,61.2578378197519,-1.0,6.0,52.237693,21.050488,6.0
36615,2026-05-11 20:56:38.100000+00:00,52.2378245,21.0513631,91.9,0.73,0.068,-0.02,0.969,0,0.752642472071039,6.0,61.35705026522499,-1.0,6.0,52.237693,21.050488,6.0
36620,2026-05-11 20:56:38.600000+00:00,52.2378251,21.0513665,91.9,2.05,0.099,-0.038,0.972,0,1.7347771045510674,6.0,61.597800071002034,-1.0,6.0,52.237693,21.050488,6.0
36625,2026-05-11 20:56:39.100000+00:00,52.2378251,21.0513727,92.0,3.5,0.119,-0.044,0.972,0,3.0397222514637474,6.0,62.00788663553409,-1.0,6.0,52.237693,21.050488,6.0
36630,2026-05-11 20:56:39.600000+00:00,52.2378255,21.0513822,92.0,4.88,0.133,-0.048,0.969,0,4.668635216196628,6.0,62.647002082941285,-1.0,6.0,52.237693,21.050488,6.0
36635,2026-05-11 20:56:40.100000+00:00,52.2378263,21.0513957,92.1,7.32,0.137,-0.055,0.965,0,6.649666834279889,6.0,63.561542891607935,-1.0,6.0,52.237693,21.050488,6.0
36640,2026-05-11 20:56:40.600000+00:00,52.237826,21.0514133,92.2,9.57,0.147,-0.061,0.966,0,8.632230783253865,6.0,64.7199325071832,-1.0,6.0,52.237693,21.050488,6.0
36645,2026-05-11 20:56:41.100000+00:00,52.2378264,21.0514356,92.3,11.82,0.146,-0.072,0.958,0,10.937883327298447,6.0,66.20911776602492,-1.0,6.0,52.237693,21.050488,6.0
36650,2026-05-11 20:56:41.600000+00:00,52.237826,21.0514622,92.3,13.98,0.138,-0.063,0.967,0,13.045319984328176,6.0,67.96590112563828,-1.0,6.0,52.237693,21.050488,6.0
36655,2026-05-11 20:56:42.100000+00:00,52.2378251,21.0514923,92.3,15.52,0.113,-0.069,0.956,0,14.774941256358712,6.0,69.94676519167457,-1.0,6.0,52.237693,21.050488,6.0
36660,2026-05-11 20:56:42.600000+00:00,52.2378236,21.0515266,92.3,17.36,0.088,-0.078,0.981,0,16.859353331538795,6.0,72.19824881574127,-1.0,6.0,52.237693,21.050488,6.0
36665,2026-05-11 20:56:43.100000+00:00,52.2378212,21.0515637,92.2,18.78,0.072,-0.107,0.974,0,18.290512482894368,6.0,74.6232051107172,-1.0,6.0,52.237693,21.050488,6.0
36670,2026-05-11 20:56:43.600000+00:00,52.2378163,21.0516038,92.3,20.92,0.059,-0.134,0.957,0,20.047712359907607,6.0,77.20664811821814,-1.0,6.0,52.237693,21.050488,6.0
36675,2026-05-11 20:56:44.100000+00:00,52.2378099,21.0516465,92.3,22.24,0.063,-0.136,0.94,0,21.552786807424564,6.0,79.95094927817318,-1.0,6.0,52.237693,21.050488,6.0
36680,2026-05-11 20:56:44.600000+00:00,52.2378015,21.0516922,92.1,23.87,0.057,-0.133,0.99,0,23.393207288721,,82.88189580855305,-1.0,6.0,52.237693,21.050488,6.0
36685,2026-05-11 20:56:45.100000+00:00,52.2377906,21.0517391,92.0,24.99,0.025,-0.129,0.966,0,24.594291544783797,,85.88120512712058,-1.0,6.0,52.237693,21.050488,6.0
36690,2026-05-11 20:56:45.600000+00:00,52.2377771,21.0517863,92.0,25.96,0.028,-0.13,0.946,0,25.54071392555377,,88.9000120098017,-1.0,6.0,52.237693,21.050488,6.0
36695,2026-05-11 20:56:46.100000+00:00,52.2377608,21.0518336,91.9,26.93,0.025,-0.137,0.972,0,26.60981299785443,,91.93730023785616,-1.0,6.0,52.237693,21.050488,6.0
36700,2026-05-11 20:56:46.600000+00:00,52.2377418,21.0518804,91.6,28.06,0.017,-0.142,0.948,0,27.529320419408307,,94.96965490586844,-1.0,6.0,52.237693,21.050488,6.0
36705,2026-05-11 20:56:47.100000+00:00,52.2377212,21.0519274,91.3,28.54,0.008,-0.154,0.95,0,28.3369891909268,,98.0651064185967,-1.0,6.0,52.237693,21.050488,6.0
36710,2026-05-11 20:56:47.600000+00:00,52.2376968,21.0519726,91.0,29.29,0.002,-0.156,0.965,0,29.541466972642723,,101.0937345892032,-1.0,6.0,52.237693,21.050488,6.0
36715,2026-05-11 20:56:48.100000+00:00,52.2376682,21.0520142,90.6,30.34,-0.006,-0.165,0.938,0,30.66375467424032,,103.9621894619434,-1.0,6.0,52.237693,21.050488,6.0
36720,2026-05-11 20:56:48.600000+00:00,52.2376374,21.0520556,90.2,31.63,-0.013,-0.154,0.98,0,31.938027842327458,,106.92364006794068,-1.0,6.0,52.237693,21.050488,6.0
36725,2026-05-11 20:56:49.100000+00:00,52.237602,21.0520926,89.7,32.23,-0.006,-0.137,0.953,0,33.649748603438034,,109.73182593774312,-1.0,6.0,52.237693,21.050488,6.0
36730,2026-05-11 20:56:49.600000+00:00,52.237565,21.0521273,89.3,32.85,0.003,-0.135,0.927,0,34.16014317993103,,112.5309341480804,-1.0,6.0,52.237693,21.050488,6.0
36735,2026-05-11 20:56:50.100000+00:00,52.2375283,21.052161,89.1,33.35,-0.02,-0.136,0.966,0,33.709085331266245,,115.38469048121456,-1.0,6.0,52.237693,21.050488,6.0
36740,2026-05-11 20:56:50.600000+00:00,52.2374885,21.0521911,88.7,34.11,-0.002,-0.131,0.979,0,35.11550190203412,,118.18004142403372,-1.0,6.0,52.237693,21.050488,6.0
36745,2026-05-11 20:56:51.100000+00:00,52.2374471,21.05222,88.5,35.46,0.006,-0.132,0.941,0,36.04656060127829,,121.06778486564724,-1.0,6.0,52.237693,21.050488,6.0
36750,2026-05-11 20:56:51.600000+00:00,52.2374046,21.052246,88.3,35.97,0.005,-0.107,0.961,0,36.33509725518765,,123.93117871618972,-1.0,6.0,52.237693,21.050488,6.0
36755,2026-05-11 20:56:52.100000+00:00,52.2373606,21.0522707,88.1,36.41,0.022,-0.065,0.981,0,37.24998902478914,,126.89446028230672,-1.0,6.0,52.237693,21.050488,6.0
36760,2026-05-11 20:56:52.600000+00:00,52.2373144,21.0522951,87.7,37.33,0.051,-0.029,0.96,0,38.87434238295696,,130.0558117161617,-1.0,6.0,52.237693,21.050488,6.0
36765,2026-05-11 20:56:53.100000+00:00,52.2372684,21.0523207,87.4,38.06,0.045,-0.014,0.967,0,38.90781498406994,,133.4294426006118,-1.0,6.0,52.237693,21.050488,6.0
36770,2026-05-11 20:56:53.600000+00:00,52.2372229,21.0523475,87.2,38.1,0.013,0.017,0.969,0,38.72478799751413,,136.9875671798385,-1.0,6.0,52.237693,21.050488,6.0
36775,2026-05-11 20:56:54.100000+00:00,52.2371777,21.0523749,86.9,38.06,0.023,0.014,0.968,0,38.60033683063474,,140.68511179456922,-1.0,6.0,52.237693,21.050488,6.0
36780,2026-05-11 20:56:54.600000+00:00,52.2371329,21.0524023,86.7,37.82,-0.006,0.01,0.965,0,38.30028193129683,,144.46781786211665,-1.0,6.0,52.237693,21.050488,6.0
36785,2026-05-11 20:56:55.100000+00:00,52.237089,21.0524285,86.5,36.6,-0.023,0.02,0.976,0,37.420347454155625,,148.22665185742943,-1.0,6.0,52.237693,21.050488,6.0
36790,2026-05-11 20:56:55.600000+00:00,52.2370455,21.0524542,86.3,36.43,0.011,0.002,0.979,0,37.03561373954541,,152.01917391701355,-1.0,6.0,52.237693,21.050488,6.0
36795,2026-05-11 20:56:56.100000+00:00,52.2370018,21.0524801,86.1,36.68,0.008,-0.004,0.964,0,37.21956709699026,,155.9119938857737,-1.0,6.0,52.237693,21.050488,6.0
36800,2026-05-11 20:56:56.600000+00:00,52.2369585,21.0525062,85.9,36.22,0.006,0.005,1.001,0,36.95254854433237,,159.86616916099098,-1.0,6.0,52.237693,21.050488,6.0
36805,2026-05-11 20:56:57.100000+00:00,52.2369156,21.0525322,85.7,36.15,-0.011,0.017,0.977,0,36.6352052996459,,163.85642649941224,-1.0,6.0,52.237693,21.050488,6.0
36810,2026-05-11 20:56:57.600000+00:00,52.236874,21.0525579,85.5,35.05,-0.041,0.032,0.996,0,35.6089895934767,,167.81041862878266,-1.0,6.0,52.237693,21.050488,6.0
36815,2026-05-11 20:56:58.100000+00:00,52.2368334,21.0525814,85.4,33.8,-0.02,0.009,0.957,0,34.486142116682856,,171.62943429096535,-1.0,6.0,52.237693,21.050488,6.0
36820,2026-05-11 20:56:58.600000+00:00,52.2367939,21.0526047,85.3,33.06,-0.017,0.022,0.975,0,33.623931107303925,,175.4151484631352,-1.0,6.0,52.237693,21.050488,6.0
36825,2026-05-11 20:56:59.100000+00:00,52.236756,21.0526274,85.2,31.86,-0.034,0.039,0.983,0,32.319609560783874,,179.10581422339146,-1.0,6.0,52.237693,21.050488,6.0
36830,2026-05-11 20:56:59.600000+00:00,52.2367196,21.0526491,85.1,30.4,-0.057,0.038,0.968,0,31.023356750256816,,182.6784874439664,-1.0,6.0,52.237693,21.050488,6.0
36835,2026-05-11 20:57:00.100000+00:00,52.2366852,21.0526697,85.0,28.65,-0.077,0.055,0.983,0,29.33433111229427,,186.0885374910291,-1.0,6.0,52.237693,21.050488,6.0
36840,2026-05-11 20:57:00.600000+00:00,52.2366544,21.0526884,84.9,24.88,-0.146,0.091,0.987,0,26.30790901129711,,189.1778176878839,-1.0,6.0,52.237693,21.050488,6.0
36845,2026-05-11 20:57:01.100000+00:00,52.2366267,21.0527062,84.9,23.17,-0.076,0.035,0.973,0,23.832128861745264,,192.02570686066693,-1.0,6.0,52.237693,21.050488,6.0
36850,2026-05-11 20:57:01.600000+00:00,52.2366018,21.0527207,84.8,20.62,-0.075,0.025,0.973,0,21.164742237915057,,194.51832115197985,-1.0,6.0,52.237693,21.050488,6.0
36855,2026-05-11 20:57:02.100000+00:00,52.2365792,21.0527324,84.7,18.32,-0.067,0.036,0.984,0,18.98120513291834,,196.71408973619828,-1.0,6.0,52.237693,21.050488,6.0
36860,2026-05-11 20:57:02.600000+00:00,52.2365585,21.0527421,84.6,17.02,-0.003,-0.005,0.97,0,17.24138617164623,,198.68118290718135,-1.0,6.0,52.237693,21.050488,6.0
36865,2026-05-11 20:57:03.100000+00:00,52.2365396,21.05275,84.4,15.63,-0.053,0.022,0.968,0,15.619280844923718,,200.4352892965844,-1.0,6.0,52.237693,21.050488,6.0
36870,2026-05-11 20:57:03.600000+00:00,52.2365227,21.0527587,84.2,14.02,-0.08,0.04,0.978,0,14.18665276070555,,202.09582753356275,-1.0,6.0,52.237693,21.050488,6.0
36875,2026-05-11 20:57:04.100000+00:00,52.2365086,21.0527644,83.8,11.31,-0.059,0.029,0.981,0,11.629298836314735,,203.40458434735945,-1.0,6.0,52.237693,21.050488,6.0
36880,2026-05-11 20:57:04.600000+00:00,52.2364959,21.052769,83.6,10.16,-0.015,0.017,0.974,0,10.414795929720738,,204.55952809759975,-1.0,6.0,52.237693,21.050488,6.0
36885,2026-05-11 20:57:05.100000+00:00,52.2364849,21.0527724,83.3,9.36,-0.01,0.013,0.969,0,8.963021095310415,,205.5327424673337,-1.0,6.0,52.237693,21.050488,6.0
36890,2026-05-11 20:57:05.600000+00:00,52.2364761,21.0527721,83.0,6.22,-0.077,0.039,0.986,0,7.04684579696622,,206.1582213786468,-1.0,6.0,52.237693,21.050488,6.0
36895,2026-05-11 20:57:06.100000+00:00,52.2364685,21.0527745,82.9,5.37,-0.048,0.01,0.953,0,6.19732364202211,,206.83688420503367,-1.0,6.0,52.237693,21.050488,6.0
36900,2026-05-11 20:57:06.600000+00:00,52.2364604,21.0527756,82.9,6.14,0.016,-0.021,0.97,0,6.507276100654445,,207.4871390689135,-1.0,6.0,52.237693,21.050488,6.0
36905,2026-05-11 20:57:07.100000+00:00,52.2364535,21.0527786,82.7,5.78,0.032,-0.017,1.004,0,5.716631132355843,,208.1478024923917,-1.0,6.0,52.237693,21.050488,6.0
36910,2026-05-11 20:57:07.600000+00:00,52.2364457,21.0527834,82.6,6.02,0.044,-0.007,0.945,0,6.673446464934822,,208.9674991126555,-1.0,6.0,52.237693,21.050488,6.0
36915,2026-05-11 20:57:08.100000+00:00,52.2364376,21.0527882,82.5,6.35,0.038,-0.023,0.978,0,6.89871706048451,,209.81028152203103,-1.0,6.0,52.237693,21.050488,6.0
36920,2026-05-11 20:57:08.600000+00:00,52.2364287,21.0527955,82.4,6.92,0.039,-0.012,0.965,0,7.973779158864694,,210.84023111417864,-1.0,6.0,52.237693,21.050488,6.0
36925,2026-05-11 20:57:09.100000+00:00,52.2364197,21.0528052,82.6,7.52,0.029,-0.013,0.978,0,8.633440639832793,,212.0000043022484,-1.0,6.0,52.237693,21.050488,6.0
36930,2026-05-11 20:57:09.600000+00:00,52.2364108,21.0528089,82.4,6.83,0.009,-0.034,0.983,0,7.352674095143207,,212.84923081389385,-1.0,6.0,52.237693,21.050488,6.0
36935,2026-05-11 20:57:10.100000+00:00,52.2364019,21.0528111,82.3,6.4,0.003,0.015,0.946,0,7.206551656685583,,213.62431308992643,-1.0,6.0,52.237693,21.050488,6.0
36940,2026-05-11 20:57:10.600000+00:00,52.2363939,21.0528138,82.2,5.43,-0.011,0.015,0.982,0,6.540202256050497,,214.35895927410013,-1.0,6.0,52.237693,21.050488,6.0
36945,2026-05-11 20:57:11.100000+00:00,52.236387,21.0528177,82.1,4.38,-0.008,-0.001,0.98,0,5.845740889975661,,215.072567255664,-1.0,6.0,52.237693,21.050488,6.0
36950,2026-05-11 20:57:11.600000+00:00,52.2363805,21.0528208,82.1,4.8,0.039,-0.013,0.97,0,5.4213409746327565,,215.7166619478593,-1.0,6.0,52.237693,21.050488,6.0
36955,2026-05-11 20:57:12.100000+00:00,52.2363749,21.0528239,81.9,3.8,0.027,0.003,0.967,0,4.734006731650122,,216.2936323098061,-1.0,6.0,52.237693,21.050488,6.0
36960,2026-05-11 20:57:12.600000+00:00,52.2363689,21.052829,81.7,4.73,0.03,-0.048,0.974,0,5.415465458021577,,217.00127826654236,-1.0,6.0,52.237693,21.050488,6.0
36965,2026-05-11 20:57:13.100000+00:00,52.2363617,21.0528345,81.8,5.67,0.052,-0.04,0.979,0,6.36391497016396,,216.89760318455032,-1.0,6.0,52.237693,21.050488,6.0
36970,2026-05-11 20:57:13.600000+00:00,52.2363538,21.0528399,81.9,6.79,0.075,-0.026,0.959,0,6.856559114228536,,215.9462282482916,-1.0,6.0,52.237693,21.050488,6.0
36975,2026-05-11 20:57:14.100000+00:00,52.236346,21.0528441,81.7,6.31,0.082,-0.026,0.966,0,6.575470772518489,,215.03349038093037,-1.0,6.0,52.237693,21.050488,6.0
36980,2026-05-11 20:57:14.600000+00:00,52.236337,21.0528483,81.7,7.55,0.057,-0.025,0.979,0,7.493910217222945,,213.99553506035977,-1.0,6.0,52.237693,21.050488,6.0
36985,2026-05-11 20:57:15.100000+00:00,52.2363272,21.0528534,81.6,8.04,0.056,-0.017,0.964,0,8.234735648526922,,212.85294715884115,-1.0,6.0,52.237693,21.050488,6.0
36990,2026-05-11 20:57:15.600000+00:00,52.2363171,21.0528597,81.6,8.06,0.054,-0.022,0.972,0,8.655978061558168,,211.650813324455,-1.0,6.0,52.237693,21.050488,6.0
36995,2026-05-11 20:57:16.100000+00:00,52.2363072,21.0528649,81.5,7.72,0.009,-0.006,0.973,0,8.32593418250005,,210.49544559822004,-1.0,6.0,52.237693,21.050488,6.0
37000,2026-05-11 20:57:16.600000+00:00,52.2362983,21.0528714,81.4,6.89,0.0,-0.001,0.975,0,7.80559651806029,,209.41380961551891,-1.0,6.0,52.237693,21.050488,6.0
37005,2026-05-11 20:57:17.100000+00:00,52.2362893,21.052877,81.4,7.37,0.032,-0.014,0.969,0,7.710825833180923,,208.3429296496809,-1.0,6.0,52.234531,21.053934,7.0
37010,2026-05-11 20:57:17.600000+00:00,52.2362805,21.0528821,81.3,7.05,0.04,-0.015,0.968,0,7.475889135042943,,207.30468331136797,-1.0,6.0,52.234531,21.053934,7.0
37015,2026-05-11 20:57:18.100000+00:00,52.2362718,21.0528863,81.1,7.15,0.038,-0.019,0.98,0,7.263275698095274,,206.29805987540607,-1.0,6.0,52.234531,21.053934,7.0
37020,2026-05-11 20:57:18.600000+00:00,52.2362616,21.0528917,81.2,7.89,0.044,-0.025,0.963,0,8.58462828553776,,205.1066914703642,-1.0,6.0,52.234531,21.053934,7.0
37025,2026-05-11 20:57:19.100000+00:00,52.236252,21.0528966,81.1,7.57,0.054,-0.024,0.971,0,8.052525440615137,,203.98971373136789,-1.0,6.0,52.234531,21.053934,7.0
37030,2026-05-11 20:57:19.600000+00:00,52.2362411,21.0529033,81.2,8.77,0.049,-0.018,0.972,0,9.324389585924408,,202.69468614415828,-1.0,6.0,52.234531,21.053934,7.0
37035,2026-05-11 20:57:20.100000+00:00,52.2362302,21.0529098,81.2,8.98,0.047,-0.015,0.968,0,9.290296987129013,,201.4043748820069,-1.0,6.0,52.234531,21.053934,7.0
37040,2026-05-11 20:57:20.600000+00:00,52.2362186,21.0529174,81.3,9.08,0.047,-0.017,0.974,0,10.006661772229974,,200.0151069430746,-1.0,6.0,52.234531,21.053934,7.0
37045,2026-05-11 20:57:21.100000+00:00,52.2362073,21.0529245,81.3,8.97,0.046,-0.011,0.972,0,9.693450697509377,,198.66892507718725,-1.0,6.0,52.234531,21.053934,7.0
37050,2026-05-11 20:57:21.600000+00:00,52.2361958,21.0529304,81.4,8.76,0.027,-0.005,0.975,0,9.650684685253626,,197.33016629782048,-1.0,6.0,52.234531,21.053934,7.0
37055,2026-05-11 20:57:22.100000+00:00,52.2361852,21.0529359,81.5,7.83,-0.009,0.015,0.978,0,8.90453414875934,,196.0947421423204,-1.0,6.0,52.234531,21.053934,7.0
37060,2026-05-11 20:57:22.600000+00:00,52.2361753,21.0529402,81.6,6.97,-0.018,0.016,0.985,0,8.201578086281483,,194.96069083408892,-1.0,6.0,52.234531,21.053934,7.0
37065,2026-05-11 20:57:23.100000+00:00,52.2361655,21.0529454,81.6,7.27,0.034,-0.007,0.966,0,8.249758700434128,,193.81582788214837,-1.0,6.0,52.234531,21.053934,7.0
37070,2026-05-11 20:57:23.600000+00:00,52.2361562,21.052951,81.7,7.66,0.044,-0.009,0.981,0,7.93572826010633,,192.7136445801522,-1.0,6.0,52.234531,21.053934,7.0
37075,2026-05-11 20:57:24.100000+00:00,52.2361469,21.0529568,81.7,7.12,0.016,0.002,0.967,0,7.970186730508058,,191.60673073183037,-1.0,6.0,52.234531,21.053934,7.0
37080,2026-05-11 20:57:24.600000+00:00,52.2361383,21.0529607,81.8,6.97,0.0,0.014,0.971,0,7.145780525137258,,190.6177625062605,-1.0,6.0,52.234531,21.053934,7.0
37085,2026-05-11 20:57:25.100000+00:00,52.2361308,21.0529668,81.8,6.13,-0.011,0.019,0.979,0,6.708149357707872,,189.69142813197809,-1.0,6.0,52.234531,21.053934,7.0
37090,2026-05-11 20:57:25.600000+00:00,52.2361244,21.0529717,82.0,4.99,0.044,0.0,0.968,0,5.659129306559977,,188.90820952080747,-1.0,6.0,52.234531,21.053934,7.0
37095,2026-05-11 20:57:26.100000+00:00,52.236118,21.0529766,82.2,5.16,0.044,-0.004,0.967,0,5.659129458233108,,188.1250140153099,-1.0,6.0,52.234531,21.053934,7.0
37100,2026-05-11 20:57:26.600000+00:00,52.2361122,21.0529832,82.7,5.01,0.044,-0.008,0.983,0,5.659816065867774,,187.3643967104424,-1.0,6.0,52.234531,21.053934,7.0
37105,2026-05-11 20:57:27.100000+00:00,52.2361048,21.0529881,82.6,5.34,0.04,-0.01,0.978,0,6.393049292200575,,186.47694136791932,-1.0,6.0,52.234531,21.053934,7.0
37110,2026-05-11 20:57:27.600000+00:00,52.2360965,21.0529948,82.7,6.92,0.049,-0.001,0.969,0,7.412644152053524,,185.4532642980894,-1.0,6.0,52.234531,21.053934,7.0
37115,2026-05-11 20:57:28.100000+00:00,52.2360881,21.053001,82.8,6.66,0.046,-0.004,0.97,0,7.380188892213597,,184.4309398019923,-1.0,6.0,52.234531,21.053934,7.0
37120,2026-05-11 20:57:28.600000+00:00,52.2360804,21.0530064,82.8,5.74,0.042,0.0,0.976,0,6.709148654303238,,183.5004764451829,-1.0,6.0,52.234531,21.053934,7.0
37125,2026-05-11 20:57:29.100000+00:00,52.2360726,21.0530119,82.8,6.35,0.042,-0.001,0.967,0,6.802073334405336,,182.55724363918952,-1.0,6.0,52.234531,21.053934,7.0
37130,2026-05-11 20:57:29.600000+00:00,52.2360636,21.0530188,82.9,7.35,0.043,-0.01,0.971,0,7.960104960122472,,181.4559600316835,-1.0,6.0,52.234531,21.053934,7.0
37135,2026-05-11 20:57:30.100000+00:00,52.2360524,21.0530243,82.9,7.15,0.035,0.0,0.973,0,9.36347190573126,,180.15771658298053,-1.0,6.0,52.234531,21.053934,7.0
37140,2026-05-11 20:57:30.600000+00:00,52.2360412,21.0530303,82.9,6.89,-0.007,0.02,0.971,0,9.436994288573828,,178.8477867545888,-1.0,6.0,52.234531,21.053934,7.0
37145,2026-05-11 20:57:31.100000+00:00,52.2360294,21.0530423,83.2,7.26,0.03,0.002,0.971,0,11.129442847013284,,177.33490868316943,-1.0,6.0,52.234531,21.053934,7.0
37150,2026-05-11 20:57:31.600000+00:00,52.2360196,21.0530475,83.0,6.24,0.054,0.003,0.969,0,8.24976129575503,,176.18982731191016,-1.0,6.0,52.234531,21.053934,7.0
37155,2026-05-11 20:57:32.100000+00:00,52.2360083,21.0530543,82.9,7.29,0.072,0.003,0.973,0,9.641610891191734,,174.85072230208286,-1.0,6.0,52.234531,21.053934,7.0
37160,2026-05-11 20:57:32.600000+00:00,52.2359977,21.0530615,82.9,7.71,0.098,-0.013,0.965,0,9.19134670023285,,173.57541953876915,-1.0,6.0,52.234531,21.053934,7.0
37165,2026-05-11 20:57:33.100000+00:00,52.2359863,21.0530687,82.6,8.41,0.115,-0.01,0.975,0,9.785798914180935,,172.21654631356773,-1.0,6.0,52.234531,21.053934,7.0
37170,2026-05-11 20:57:33.600000+00:00,52.2359751,21.0530804,82.6,9.99,0.148,0.031,0.962,0,10.644720025599456,,170.77402501136456,-1.0,6.0,52.234531,21.053934,7.0
37175,2026-05-11 20:57:34.100000+00:00,52.2359643,21.0530938,82.3,10.83,0.154,0.0,0.952,0,10.859425601250056,,169.3348237009867,-1.0,6.0,52.234531,21.053934,7.0
37180,2026-05-11 20:57:34.600000+00:00,52.2359509,21.0531055,82.1,12.06,0.113,-0.092,0.966,0,12.165491124557724,,167.66341755327514,-1.0,6.0,52.234531,21.053934,7.0
37185,2026-05-11 20:57:35.100000+00:00,52.235935,21.0531204,81.8,14.47,0.096,-0.117,0.963,0,14.676926634918626,,165.65748261029802,-1.0,6.0,52.234531,21.053934,7.0
37190,2026-05-11 20:57:35.600000+00:00,52.2359168,21.0531332,81.6,16.7,0.084,-0.099,0.962,0,15.865040806281632,,163.45881745315674,-1.0,6.0,52.234531,21.053934,7.0
37195,2026-05-11 20:57:36.100000+00:00,52.2358938,21.0531468,81.4,19.64,0.065,-0.115,0.967,0,19.584026114725138,,160.7388872681467,-1.0,6.0,52.234531,21.053934,7.0
37200,2026-05-11 20:57:36.600000+00:00,52.2358669,21.0531619,81.3,20.89,0.068,-0.104,0.966,0,22.773261534295813,,157.57606227889158,-1.0,6.0,52.234531,21.053934,7.0
37205,2026-05-11 20:57:37.100000+00:00,52.2358397,21.0531681,81.2,20.99,0.078,-0.088,0.961,0,21.987563707435715,,154.5852306690162,-1.0,6.0,52.234531,21.053934,7.0
37210,2026-05-11 20:57:37.600000+00:00,52.2358122,21.0531753,80.9,21.97,0.067,-0.06,0.954,0,22.29781377572172,,151.54232479728552,-1.0,6.0,52.234531,21.053934,7.0
37215,2026-05-11 20:57:38.100000+00:00,52.2357849,21.0531827,80.7,21.47,0.082,0.005,0.984,0,22.15557445568388,,148.51783650409683,-1.0,6.0,52.234531,21.053934,7.0
37220,2026-05-11 20:57:38.600000+00:00,52.2357572,21.053193,80.4,22.82,0.093,0.013,0.968,0,22.74445422740476,,145.38520139815233,-1.0,6.0,52.234531,21.053934,7.0
37225,2026-05-11 20:57:39.100000+00:00,52.2357274,21.0532098,80.1,25.14,0.093,-0.011,0.96,0,25.2398974103256,,141.8805312811996,-1.0,6.0,52.234531,21.053934,7.0
37230,2026-05-11 20:57:39.600000+00:00,52.2356968,21.0532254,79.8,25.75,0.089,-0.024,0.964,0,25.664711610740987,,138.32100399381864,-1.0,6.0,52.234531,21.053934,7.0
37235,2026-05-11 20:57:40.100000+00:00,52.235664,21.0532431,79.6,26.98,0.082,-0.019,0.968,0,27.65665004514412,,134.48253262510892,-1.0,6.0,52.234531,21.053934,7.0
37240,2026-05-11 20:57:40.600000+00:00,52.2356291,21.0532626,79.4,28.87,0.083,-0.018,0.969,0,29.531566854405774,,130.38255225087627,-1.0,6.0,52.234531,21.053934,7.0
37245,2026-05-11 20:57:41.100000+00:00,52.2355943,21.0532845,79.2,28.93,0.078,-0.023,0.974,0,29.858530206420618,,126.2357301440346,-1.0,6.0,52.234531,21.053934,7.0
37250,2026-05-11 20:57:41.600000+00:00,52.2355594,21.0533054,78.9,29.11,0.078,-0.018,0.946,0,29.760889819712983,,122.10236238755353,-1.0,6.0,52.234531,21.053934,7.0
37255,2026-05-11 20:57:42.100000+00:00,52.2355226,21.0533275,78.7,30.45,0.072,-0.012,0.962,0,31.39162319930592,,117.74248988687032,-1.0,6.0,52.234531,21.053934,7.0
37260,2026-05-11 20:57:42.600000+00:00,52.2354853,21.0533509,78.6,31.76,0.067,-0.01,0.98,0,31.990647061787964,,113.29950743585142,-1.0,6.0,52.234531,21.053934,7.0
37265,2026-05-11 20:57:43.100000+00:00,52.2354469,21.0533754,78.6,32.24,0.074,-0.012,0.96,0,33.00668900610581,,108.7157415164394,-1.0,6.0,52.234531,21.053934,7.0
37270,2026-05-11 20:57:43.600000+00:00,52.2354077,21.0533997,78.7,32.99,0.066,-0.016,0.98,0,33.569132373193746,,104.05343199252736,-1.0,6.0,52.234531,21.053934,7.0
37275,2026-05-11 20:57:44.100000+00:00,52.2353689,21.0534259,78.5,32.79,0.063,-0.026,0.955,0,33.61480353495835,,99.38768496729956,-1.0,6.0,52.234531,21.053934,7.0
37280,2026-05-11 20:57:44.600000+00:00,52.2353283,21.0534522,78.5,34.87,0.032,-0.035,1.03,0,34.968904130726266,,94.53213754770628,-1.0,6.0,52.234531,21.053934,7.0
37285,2026-05-11 20:57:45.100000+00:00,52.2352869,21.053475,78.4,34.42,0.012,-0.111,0.938,0,34.979411959379014,,89.67606335470278,-1.0,6.0,52.234531,21.053934,7.0
37290,2026-05-11 20:57:45.600000+00:00,52.2352433,21.0534959,78.9,35.6,0.083,-0.084,0.935,0,36.37938581514075,,84.63666633245721,-1.0,6.0,52.234531,21.053934,7.0
37295,2026-05-11 20:57:46.100000+00:00,52.2352002,21.0535159,78.7,35.73,0.03,-0.046,0.978,0,35.87234174809696,7.0,79.67277401568958,-1.0,6.0,52.234531,21.053934,7.0
37300,2026-05-11 20:57:46.600000+00:00,52.2351565,21.0535351,78.5,36.0,0.065,0.004,0.979,0,36.23075517741317,7.0,74.66896421468506,-1.0,6.0,52.234531,21.053934,7.0
37305,2026-05-11 20:57:47.100000+00:00,52.2351133,21.0535573,78.2,36.03,0.073,0.05,0.936,0,36.25845673270025,7.0,69.64534320937862,-1.0,6.0,52.234531,21.053934,7.0
37310,2026-05-11 20:57:47.600000+00:00,52.2350696,21.0535807,78.0,36.1,0.056,0.057,1.035,0,36.81956923516417,7.0,64.54155644834076,-1.0,6.0,52.234531,21.053934,7.0
37315,2026-05-11 20:57:48.100000+00:00,52.2350268,21.0536078,77.9,36.35,0.041,0.028,0.935,0,36.75188326802976,7.0,59.43753232855175,-1.0,6.0,52.234531,21.053934,7.0
37320,2026-05-11 20:57:48.600000+00:00,52.2349839,21.0536356,77.9,35.63,0.029,0.039,0.968,0,36.95176617483356,7.0,54.30541955549928,-1.0,6.0,52.234531,21.053934,7.0
37325,2026-05-11 20:57:49.100000+00:00,52.234943,21.053662,77.8,34.02,-0.039,-0.022,0.98,0,35.21030650175057,7.0,49.4152337049086,-1.0,6.0,52.234531,21.053934,7.0
37330,2026-05-11 20:57:49.600000+00:00,52.2349026,21.053688,77.7,33.32,-0.068,-0.026,0.982,0,34.765958408419344,7.0,44.586834994335725,-1.0,6.0,52.234531,21.053934,7.0
37335,2026-05-11 20:57:50.100000+00:00,52.2348627,21.053711,77.6,31.98,-0.077,-0.07,0.953,0,33.87621528927639,7.0,39.88732300317335,-1.0,6.0,52.234531,21.053934,7.0
37340,2026-05-11 20:57:50.600000+00:00,52.2348247,21.0537279,77.4,30.51,-0.099,-0.08,0.994,0,31.531202716592222,7.0,35.54614524080174,-1.0,6.0,52.234531,21.053934,7.0
37345,2026-05-11 20:57:51.100000+00:00,52.2347891,21.0537395,77.1,28.03,-0.094,-0.048,0.982,0,29.063438605812834,7.0,31.608431164301063,-1.0,6.0,52.234531,21.053934,7.0
37350,2026-05-11 20:57:51.600000+00:00,52.2347581,21.0537411,76.7,24.84,-0.055,0.007,0.94,0,24.831103193562235,7.0,28.46479342593356,-1.0,6.0,52.234531,21.053934,7.0
37355,2026-05-11 20:57:52.100000+00:00,52.2347265,21.0537548,76.4,24.75,-0.03,0.094,0.979,0,26.17565039270788,7.0,24.92967685106628,-1.0,6.0,52.234531,21.053934,7.0
37360,2026-05-11 20:57:52.600000+00:00,52.2346999,21.0537676,75.8,21.38,-0.024,0.139,1.004,0,22.20157577248287,7.0,21.93459305365728,-1.0,6.0,52.234531,21.053934,7.0
37365,2026-05-11 20:57:53.100000+00:00,52.2346766,21.0537803,75.1,20.02,-0.04,0.011,0.979,0,19.665937992832937,7.0,19.278744554465344,-1.0,6.0,52.234531,21.053934,7.0
37370,2026-05-11 20:57:53.600000+00:00,52.2346527,21.0537943,74.7,18.89,-0.044,0.023,0.951,0,20.32844864102224,7.0,16.54182802788952,-1.0,6.0,52.234531,21.053934,7.0
37375,2026-05-11 20:57:54.100000+00:00,52.2346295,21.0538111,74.6,17.36,-0.051,0.05,0.962,0,20.318609930476903,7.0,13.784345652044506,-1.0,6.0,52.234531,21.053934,7.0
37380,2026-05-11 20:57:54.600000+00:00,52.2346104,21.0538237,74.5,16.26,-0.038,0.095,1.018,0,16.492355674080073,7.0,11.591773387783604,-1.0,6.0,52.234531,21.053934,7.0
37385,2026-05-11 20:57:55.100000+00:00,52.2345934,21.0538381,74.3,13.66,-0.124,0.075,0.943,0,15.33264463055685,7.0,9.528578395612334,-1.0,6.0,52.234531,21.053934,7.0
37390,2026-05-11 20:57:55.600000+00:00,52.23458,21.0538486,74.1,10.83,-0.149,0.053,0.983,0,11.899443445156214,7.0,7.969234754105506,-1.0,6.0,52.234531,21.053934,7.0
37395,2026-05-11 20:57:56.100000+00:00,52.2345709,21.0538548,73.9,6.88,-0.156,0.037,0.963,0,7.894279716448348,7.0,6.983798966392312,-1.0,6.0,52.234531,21.053934,7.0
37400,2026-05-11 20:57:56.600000+00:00,52.2345652,21.0538584,73.7,3.71,-0.176,0.071,0.992,0,4.892919883975004,7.0,6.400527599229096,-1.0,6.0,52.234531,21.053934,7.0
37405,2026-05-11 20:57:57.100000+00:00,52.2345628,21.0538626,74.0,0.83,-0.104,0.051,0.972,0,2.816514557099476,7.0,6.012075991700248,-1.0,6.0,52.234531,21.053934,7.0
37410,2026-05-11 20:57:57.600000+00:00,52.2345612,21.0538687,74.4,0.3,0.031,-0.015,0.969,0,3.2536812082552387,7.0,5.572382757644644,-1.0,6.0,52.234531,21.053934,7.0
37415,2026-05-11 20:57:58.100000+00:00,52.2345594,21.0538746,74.8,0.08,0.033,-0.016,0.981,0,3.231922107569843,7.0,5.13179474570658,-1.0,6.0,52.234531,21.053934,7.0
37420,2026-05-11 20:57:58.600000+00:00,52.2345575,21.0538802,75.1,0.16,0.033,-0.012,0.975,0,3.138960349269335,7.0,4.701679974992441,-1.0,6.0,52.234531,21.053934,7.0
37425,2026-05-11 20:57:59.100000+00:00,52.2345557,21.0538865,75.5,0.06,0.037,-0.012,0.976,0,3.4085937751638924,7.0,4.243429728704002,-1.0,6.0,52.234531,21.053934,7.0
37430,2026-05-11 20:57:59.600000+00:00,52.2345543,21.0538926,76.0,0.12,0.04,-0.012,0.977,0,3.1940357986882937,7.0,3.8289614830538143,-1.0,6.0,52.234531,21.053934,7.0
37435,2026-05-11 20:58:00.100000+00:00,52.2345523,21.0538985,76.5,0.62,0.092,-0.038,0.965,0,3.30642665781886,7.0,3.3843715520978,-1.0,6.0,52.234531,21.053934,7.0
37440,2026-05-11 20:58:00.600000+00:00,52.2345502,21.0539034,76.7,1.55,0.125,-0.023,0.964,0,2.9323796086201344,7.0,2.98334497382367,-1.0,6.0,52.234531,21.053934,7.0
37445,2026-05-11 20:58:01.100000+00:00,52.2345468,21.0539084,76.8,3.11,0.129,0.002,0.974,0,3.663299188221028,7.0,2.475046971652994,-1.0,6.0,52.234531,21.053934,7.0
37450,2026-05-11 20:58:01.600000+00:00,52.2345418,21.0539164,76.8,4.58,0.143,-0.004,0.96,0,5.60448479349233,7.0,1.696668760844504,-1.0,6.0,52.234531,21.053934,7.0
37455,2026-05-11 20:58:02.100000+00:00,52.2345353,21.0539255,76.6,6.31,0.148,-0.019,0.968,0,6.854851464123678,7.0,0.750783222215305,-1.0,6.0,52.234531,21.053934,7.0
37460,2026-05-11 20:58:02.600000+00:00,52.234528,21.053936,76.6,7.26,0.158,-0.047,0.947,0,7.788584820465578,7.0,0.360317645215337,-1.0,6.0,52.234531,21.053934,7.0
37465,2026-05-11 20:58:03.100000+00:00,52.2345167,21.0539506,77.0,10.76,0.126,-0.089,0.978,0,11.536477988097616,7.0,1.9509710238422704,-1.0,6.0,52.234531,21.053934,7.0
37470,2026-05-11 20:58:03.600000+00:00,52.2345023,21.0539673,77.2,13.24,0.13,-0.08,0.951,0,14.14065560638078,7.0,3.91495086823968,-1.0,6.0,52.234531,21.053934,7.0
37475,2026-05-11 20:58:04.100000+00:00,52.234486,21.0539835,77.6,14.84,0.117,-0.073,0.955,0,15.277140167334004,7.0,6.033305597265517,-1.0,6.0,52.234531,21.053934,7.0
37480,2026-05-11 20:58:04.600000+00:00,52.2344682,21.0540013,77.7,16.04,0.088,-0.108,0.983,0,16.710915378728178,7.0,8.352692854599766,-1.0,6.0,52.234531,21.053934,7.0
37485,2026-05-11 20:58:05.100000+00:00,52.2344497,21.0540175,78.2,16.35,0.076,-0.14,0.941,0,16.80664935236535,7.0,10.679800285021583,-1.0,6.0,52.234531,21.053934,7.0
37490,2026-05-11 20:58:05.600000+00:00,52.2344282,21.0540303,78.5,18.15,0.069,-0.133,0.968,0,18.32143836445106,7.0,13.17842563655571,-1.0,6.0,52.234531,21.053934,7.0
37495,2026-05-11 20:58:06.100000+00:00,52.2344039,21.0540446,78.4,18.9,0.092,-0.045,0.96,0,20.679585328830257,7.0,16.014552422303016,-1.0,6.0,52.234531,21.053934,7.0
37500,2026-05-11 20:58:06.600000+00:00,52.23438,21.0540579,78.4,20.55,0.076,-0.04,0.955,0,20.21514722949413,7.0,18.791225228803203,-1.0,6.0,52.234531,21.053934,7.0
37505,2026-05-11 20:58:07.100000+00:00,52.2343538,21.0540758,78.3,22.15,0.075,-0.063,0.976,0,22.737949288537784,7.0,21.942768777010475,-1.0,6.0,52.234531,21.053934,7.0
37510,2026-05-11 20:58:07.600000+00:00,52.2343267,21.0540911,78.6,22.35,0.065,-0.065,0.967,0,22.95668464336893,7.0,25.11022943025441,-1.0,6.0,52.234531,21.053934,7.0
37515,2026-05-11 20:58:08.100000+00:00,52.2342969,21.0541036,78.6,24.22,0.071,-0.058,0.957,0,24.632650966612218,7.0,28.47794783757427,-1.0,6.0,52.234531,21.053934,7.0
37520,2026-05-11 20:58:08.600000+00:00,52.2342657,21.0541223,78.6,25.59,0.07,-0.046,0.968,0,26.608477568774376,7.0,32.16649077209916,-1.0,6.0,52.234531,21.053934,7.0
37525,2026-05-11 20:58:09.100000+00:00,52.2342331,21.0541429,78.7,26.59,0.07,-0.037,0.969,0,27.98595661013496,7.0,36.0505441060406,-1.0,6.0,52.234531,21.053934,7.0
37530,2026-05-11 20:58:09.600000+00:00,52.2342009,21.0541616,79.0,27.12,0.074,-0.024,0.958,0,27.361442972749675,7.0,39.84372155981607,-1.0,6.0,52.234531,21.053934,7.0
37535,2026-05-11 20:58:10.100000+00:00,52.2341678,21.0541791,78.9,27.01,0.076,-0.026,0.971,0,27.854528643964105,7.0,43.69924789684704,-1.0,6.0,52.234531,21.053934,7.0
37540,2026-05-11 20:58:10.600000+00:00,52.2341353,21.0541931,78.9,26.54,0.066,-0.027,0.962,0,26.90986850943379,7.0,47.405869054315765,-1.0,6.0,52.234531,21.053934,7.0
37545,2026-05-11 20:58:11.100000+00:00,52.234101,21.05421,78.8,28.48,0.061,-0.024,0.989,0,28.68369216082503,7.0,51.37539135100035,-1.0,6.0,52.234531,21.053934,7.0
37550,2026-05-11 20:58:11.600000+00:00,52.2340644,21.0542304,78.6,30.95,0.072,-0.016,0.948,0,30.96227567419709,7.0,55.6715852890881,-1.0,6.0,52.234531,21.053934,7.0
37555,2026-05-11 20:58:12.100000+00:00,52.234026,21.0542527,78.2,31.11,0.071,-0.022,0.985,0,32.62970747350757,7.0,60.20168903181407,-1.0,6.0,52.234531,21.053934,7.0
37560,2026-05-11 20:58:12.600000+00:00,52.2339846,21.0542735,77.8,31.92,0.063,-0.021,0.959,0,34.67855996659058,7.0,65.00713666179158,-1.0,6.0,52.234531,21.053934,7.0
37565,2026-05-11 20:58:13.100000+00:00,52.2339444,21.0542937,77.4,31.73,0.066,-0.035,0.967,0,33.67380498766232,7.0,69.67482207035569,-1.0,6.0,52.234531,21.053934,7.0
37570,2026-05-11 20:58:13.600000+00:00,52.2339038,21.0543151,77.0,32.07,0.061,-0.033,0.971,0,34.15615367426764,7.0,74.41382936529703,-1.0,6.0,52.234531,21.053934,7.0
37575,2026-05-11 20:58:14.100000+00:00,52.2338603,21.054336,76.5,33.25,0.07,-0.034,0.958,0,36.30266440967679,7.0,79.44427694438936,-1.0,6.0,52.234531,21.053934,7.0
37580,2026-05-11 20:58:14.600000+00:00,52.2338182,21.054359,76.4,34.12,0.065,-0.034,0.946,0,35.542006034135355,,84.37872250676813,-1.0,6.0,52.234531,21.053934,7.0
37585,2026-05-11 20:58:15.100000+00:00,52.2337757,21.0543837,76.3,34.08,0.077,-0.008,0.969,0,36.11675581391985,,89.39478102040422,-1.0,6.0,52.234531,21.053934,7.0
37590,2026-05-11 20:58:15.600000+00:00,52.2337319,21.0544087,76.2,35.7,0.076,-0.024,0.973,0,37.14720596061139,,94.55367956527992,-1.0,6.0,52.234531,21.053934,7.0
37595,2026-05-11 20:58:16.100000+00:00,52.2336873,21.0544342,76.3,36.21,0.051,-0.021,0.983,0,37.832721896214,,99.80785962533082,-1.0,6.0,52.234531,21.053934,7.0
37600,2026-05-11 20:58:16.600000+00:00,52.2336421,21.0544599,76.2,36.6,0.076,-0.04,0.945,0,38.31856312467836,,105.1294425203781,-1.0,6.0,52.234531,21.053934,7.0
37605,2026-05-11 20:58:17.100000+00:00,52.233597,21.0544868,76.0,36.93,0.044,-0.009,1.012,0,38.44086179183876,,110.4684337261434,-1.0,6.0,52.234531,21.053934,7.0
37610,2026-05-11 20:58:17.600000+00:00,52.2335505,21.0545154,76.0,37.69,0.073,-0.03,0.944,0,39.78166859745343,,115.99325414404495,-1.0,6.0,52.234531,21.053934,7.0
37615,2026-05-11 20:58:18.100000+00:00,52.2335043,21.0545414,76.1,38.14,0.067,-0.02,0.968,0,39.12322128404132,,121.4263347555932,-1.0,6.0,52.234531,21.053934,7.0
37620,2026-05-11 20:58:18.600000+00:00,52.2334576,21.0545682,76.1,38.6,0.06,-0.018,0.974,0,39.63022791385596,,126.93028929882428,-1.0,6.0,52.234531,21.053934,7.0
37625,2026-05-11 20:58:19.100000+00:00,52.2334105,21.0545959,76.3,38.89,0.074,-0.017,0.936,0,40.079882299074605,,132.49693388375115,-1.0,6.0,52.234531,21.053934,7.0
37630,2026-05-11 20:58:19.600000+00:00,52.2333625,21.0546218,76.2,39.82,0.061,-0.011,1.008,0,40.472977092961095,,138.1160734816887,-1.0,6.0,52.234531,21.053934,7.0
37635,2026-05-11 20:58:20.100000+00:00,52.2333148,21.0546474,76.3,39.33,0.073,-0.015,0.939,0,40.19882570480428,,143.69707697040886,-1.0,6.0,52.234531,21.053934,7.0
37640,2026-05-11 20:58:20.600000+00:00,52.2332664,21.0546741,76.2,40.79,0.074,-0.012,0.974,0,40.90104095408224,,149.37678406109484,-1.0,6.0,52.234531,21.053934,7.0
37645,2026-05-11 20:58:21.100000+00:00,52.2332179,21.0547033,76.3,40.3,0.06,0.004,0.98,0,41.38484567989013,,155.12444975778985,-1.0,6.0,52.234531,21.053934,7.0
37650,2026-05-11 20:58:21.600000+00:00,52.2331684,21.0547358,76.5,41.75,0.081,0.049,0.977,0,42.71385003850973,,161.05284009933862,-1.0,6.0,52.234531,21.053934,7.0
37655,2026-05-11 20:58:22.100000+00:00,52.2331192,21.0547721,76.7,41.94,0.089,0.042,0.939,0,43.22442297517115,,167.03839879502414,-1.0,6.0,52.234531,21.053934,7.0
37660,2026-05-11 20:58:22.600000+00:00,52.2330694,21.0548077,76.8,41.62,0.086,0.053,0.986,0,43.523836068501566,,173.07144298591956,-1.0,6.0,52.234531,21.053934,7.0
37665,2026-05-11 20:58:23.100000+00:00,52.2330197,21.054841,76.9,41.53,0.082,0.021,0.944,0,43.00985204313909,,179.04076272651963,-1.0,6.0,52.234531,21.053934,7.0
37670,2026-05-11 20:58:23.600000+00:00,52.232971,21.0548758,76.7,42.32,0.047,-0.041,0.965,0,42.55979667373384,,184.9414410666839,-1.0,6.0,52.234531,21.053934,7.0
37675,2026-05-11 20:58:24.100000+00:00,52.2329207,21.0549088,76.6,42.09,0.029,-0.083,0.976,0,43.39959052312458,,190.96688724704663,-1.0,6.0,52.234531,21.053934,7.0
37680,2026-05-11 20:58:24.600000+00:00,52.2328702,21.054941,76.4,42.81,0.037,-0.06,0.977,0,43.403989679569136,,196.9943470875705,-1.0,6.0,52.234531,21.053934,7.0
37685,2026-05-11 20:58:25.100000+00:00,52.2328188,21.0549735,76.3,43.69,0.04,-0.047,0.971,0,44.1288630177987,,196.2435277786348,-1.0,6.0,52.23118,21.056043,8.0
37690,2026-05-11 20:58:25.600000+00:00,52.2327673,21.0550059,76.3,44.13,0.044,-0.039,0.968,0,44.185883585369815,,190.10709259092536,-1.0,6.0,52.23118,21.056043,8.0
37695,2026-05-11 20:58:26.100000+00:00,52.2327154,21.0550383,76.3,43.98,0.04,-0.032,0.961,0,44.484865372700135,,183.92940291713927,-1.0,6.0,52.23118,21.056043,8.0
37700,2026-05-11 20:58:26.600000+00:00,52.2326632,21.0550707,76.3,44.33,0.056,-0.021,0.949,0,44.7092966208356,,177.72080842810888,-1.0,6.0,52.23118,21.056043,8.0
37705,2026-05-11 20:58:27.100000+00:00,52.2326104,21.0551045,76.3,44.55,0.053,-0.025,0.991,0,45.40468662977661,,171.41481940959338,-1.0,6.0,52.23118,21.056043,8.0
37710,2026-05-11 20:58:27.600000+00:00,52.2325577,21.0551361,76.2,44.32,0.054,-0.032,0.949,0,44.94698093378835,,165.17512769042287,-1.0,6.0,52.23118,21.056043,8.0
37715,2026-05-11 20:58:28.100000+00:00,52.2325057,21.0551652,76.2,43.44,0.045,-0.031,0.979,0,44.00874993736655,,159.0717298828939,-1.0,6.0,52.23118,21.056043,8.0
37720,2026-05-11 20:58:28.600000+00:00,52.232452,21.055204,76.3,46.41,0.045,-0.023,0.965,0,47.013830667298926,,152.54537458350717,-1.0,6.0,52.23118,21.056043,8.0
37725,2026-05-11 20:58:29.100000+00:00,52.2323985,21.0552408,76.5,45.64,0.041,-0.051,0.979,0,46.47801311171546,,146.09083111225186,-1.0,6.0,52.23118,21.056043,8.0
37730,2026-05-11 20:58:29.600000+00:00,52.232345,21.0552726,76.5,44.79,0.055,-0.029,0.979,0,45.5822172064871,,139.7638269919446,-1.0,6.0,52.23118,21.056043,8.0
37735,2026-05-11 20:58:30.100000+00:00,52.2322911,21.055308,76.4,46.85,0.033,-0.034,1.005,0,46.512797264748194,,133.3037355678485,-1.0,6.0,52.23118,21.056043,8.0
37740,2026-05-11 20:58:30.600000+00:00,52.2322372,21.0553419,76.4,46.47,0.056,-0.033,0.924,0,46.24335712265052,,126.88205206257332,-1.0,6.0,52.23118,21.056043,8.0
37745,2026-05-11 20:58:31.100000+00:00,52.2321823,21.0553768,76.5,46.32,0.038,0.007,1.031,0,47.16701863395205,,120.3318066341722,-1.0,6.0,52.23118,21.056043,8.0
37750,2026-05-11 20:58:31.600000+00:00,52.2321269,21.0554119,76.7,46.58,0.022,-0.024,0.916,0,47.57566307217094,,113.72502210582128,-1.0,6.0,52.23118,21.056043,8.0
37755,2026-05-11 20:58:32.100000+00:00,52.232073,21.0554441,76.8,45.26,0.011,-0.008,0.981,0,45.950326631585725,,107.34761157059008,-1.0,6.0,52.23118,21.056043,8.0
37760,2026-05-11 20:58:32.600000+00:00,52.2320192,21.0554763,77.0,45.16,0.016,0.006,0.95,0,45.87515579453518,,100.98105379037,-1.0,6.0,52.23118,21.056043,8.0
37765,2026-05-11 20:58:33.100000+00:00,52.2319674,21.0555107,76.9,44.4,-0.044,0.034,1.0,0,44.770382130505965,,94.76305951645874,-1.0,6.0,52.23118,21.056043,8.0
37770,2026-05-11 20:58:33.600000+00:00,52.2319167,21.0555437,76.7,42.31,-0.041,0.024,0.946,0,43.69704020046108,,88.69459267644059,-1.0,6.0,52.23118,21.056043,8.0
37775,2026-05-11 20:58:34.100000+00:00,52.2318676,21.0555737,76.5,40.11,-0.051,0.028,0.993,0,41.97189488727373,,82.8690672361107,-1.0,6.0,52.23118,21.056043,8.0
37780,2026-05-11 20:58:34.600000+00:00,52.2318208,21.0556012,76.3,38.66,-0.043,0.008,0.981,0,39.82084559923426,8.0,77.34594637993946,-1.0,6.0,52.23118,21.056043,8.0
37785,2026-05-11 20:58:35.100000+00:00,52.2317757,21.0556277,76.1,37.98,0.001,-0.022,0.949,0,38.37418904449101,8.0,72.02457610017797,-1.0,6.0,52.23118,21.056043,8.0
37790,2026-05-11 20:58:35.600000+00:00,52.2317313,21.0556534,76.1,37.9,0.016,-0.02,0.97,0,37.71447357046874,8.0,66.79761406772086,-1.0,6.0,52.23118,21.056043,8.0
37795,2026-05-11 20:58:36.100000+00:00,52.2316866,21.0556797,76.0,37.21,0.016,-0.015,0.975,0,38.039670573266086,8.0,61.52556845163448,-1.0,6.0,52.23118,21.056043,8.0
37800,2026-05-11 20:58:36.600000+00:00,52.2316437,21.0557035,75.9,35.69,-0.02,0.003,0.978,0,36.27443136722183,8.0,56.50787770503506,-1.0,6.0,52.23118,21.056043,8.0
37805,2026-05-11 20:58:37.100000+00:00,52.2316027,21.0557266,75.8,34.8,-0.004,0.015,0.942,0,34.72412162738231,8.0,51.706072480794894,-1.0,6.0,52.23118,21.056043,8.0
37810,2026-05-11 20:58:37.600000+00:00,52.2315628,21.0557485,75.6,33.89,-0.015,0.046,0.964,0,33.70076474275561,8.0,47.05404949444237,-1.0,6.0,52.23118,21.056043,8.0
37815,2026-05-11 20:58:38.100000+00:00,52.2315246,21.0557724,75.5,32.32,-0.031,0.047,0.989,0,32.75156541143395,8.0,42.51915115836823,-1.0,6.0,52.23118,21.056043,8.0
37820,2026-05-11 20:58:38.600000+00:00,52.2314866,21.0557968,75.4,31.72,-0.02,0.007,0.958,0,32.69103236237064,8.0,37.99248962392781,-1.0,6.0,52.23118,21.056043,8.0
37825,2026-05-11 20:58:39.100000+00:00,52.231451,21.0558161,75.2,29.0,-0.059,0.032,0.997,0,30.03159159118368,8.0,33.86498538718164,-1.0,6.0,52.23118,21.056043,8.0
37830,2026-05-11 20:58:39.600000+00:00,52.2314183,21.0558342,74.8,26.7,-0.07,0.049,0.959,0,27.6432540757474,8.0,30.0723023234997,-1.0,6.0,52.23118,21.056043,8.0
37835,2026-05-11 20:58:40.100000+00:00,52.2313882,21.0558477,74.6,24.29,-0.082,0.039,0.978,0,24.9908395790026,8.0,26.699599188944365,-1.0,6.0,52.23118,21.056043,8.0
37840,2026-05-11 20:58:40.600000+00:00,52.2313607,21.0558605,74.2,22.04,-0.081,0.03,0.996,0,22.89376602132589,8.0,23.626383183050283,-1.0,6.0,52.23118,21.056043,8.0
37845,2026-05-11 20:58:41.100000+00:00,52.2313348,21.0558732,74.0,20.39,-0.036,0.039,0.94,0,21.65057306139489,8.0,20.736798110134952,-1.0,6.0,52.23118,21.056043,8.0
37850,2026-05-11 20:58:41.600000+00:00,52.2313124,21.0558805,73.6,17.48,-0.031,0.036,0.991,0,18.287270230640047,8.0,18.417940130285555,-1.0,6.0,52.23118,21.056043,8.0
37855,2026-05-11 20:58:42.100000+00:00,52.2312914,21.0558878,73.2,16.34,-0.045,0.042,0.967,0,17.189507727475558,8.0,16.283760032507782,-1.0,6.0,52.23118,21.056043,8.0
37860,2026-05-11 20:58:42.600000+00:00,52.2312717,21.0559007,72.9,15.7,-0.048,0.041,0.972,0,16.993075470879283,8.0,14.06734511831756,-1.0,6.0,52.23118,21.056043,8.0
37865,2026-05-11 20:58:43.100000+00:00,52.231254,21.0559143,72.7,13.81,-0.059,0.047,0.97,0,15.661437410220277,8.0,12.022169053688884,-1.0,6.0,52.23118,21.056043,8.0
37870,2026-05-11 20:58:43.600000+00:00,52.2312384,21.0559279,72.6,11.76,-0.106,0.046,0.971,0,14.158315869127591,8.0,10.179197672052798,-1.0,6.0,52.23118,21.056043,8.0
37875,2026-05-11 20:58:44.100000+00:00,52.2312253,21.0559416,72.6,9.36,-0.121,0.053,0.995,0,12.454920466332428,8.0,8.547655699860139,-1.0,6.0,52.23118,21.056043,8.0
37880,2026-05-11 20:58:44.600000+00:00,52.2312163,21.0559523,72.4,6.72,-0.074,0.039,0.988,0,8.913285308127845,8.0,7.378916186382793,-1.0,6.0,52.23118,21.056043,8.0
37885,2026-05-11 20:58:45.100000+00:00,52.2312089,21.0559587,72.4,4.65,-0.083,0.035,0.968,0,6.704317800124589,8.0,6.579369026456525,-1.0,6.0,52.23118,21.056043,8.0
37890,2026-05-11 20:58:45.600000+00:00,52.2312047,21.0559665,72.4,1.45,-0.121,0.058,0.983,0,5.0926664348257855,8.0,5.889586861913105,-1.0,6.0,52.23118,21.056043,8.0
37895,2026-05-11 20:58:46.100000+00:00,52.2312013,21.0559765,72.7,0.66,-0.086,0.049,0.981,0,5.608383864562279,8.0,5.11085456709124,-1.0,6.0,52.23118,21.056043,8.0
37900,2026-05-11 20:58:46.600000+00:00,52.2311975,21.0559906,73.2,0.69,0.045,-0.014,0.956,0,7.553690114888426,8.0,4.064720075958307,-1.0,6.0,52.23118,21.056043,8.0
37905,2026-05-11 20:58:47.100000+00:00,52.2311938,21.0560034,73.8,0.58,0.034,-0.01,0.983,0,6.940402529111919,8.0,3.1029174773297874,-1.0,6.0,52.23118,21.056043,8.0
37910,2026-05-11 20:58:47.600000+00:00,52.2311901,21.0560164,74.3,0.53,0.034,-0.008,0.974,0,7.0292165770176,8.0,2.1314519547657453,-1.0,6.0,52.23118,21.056043,8.0
37915,2026-05-11 20:58:48.100000+00:00,52.2311859,21.05603,74.9,0.41,0.036,-0.008,0.975,0,7.468547225234412,8.0,1.1019334711762991,-1.0,6.0,52.23118,21.056043,8.0
37920,2026-05-11 20:58:48.600000+00:00,52.2311824,21.0560423,75.4,0.37,0.033,-0.009,0.973,0,6.65046175327067,8.0,0.2710925178755148,-1.0,6.0,52.23118,21.056043,8.0
37925,2026-05-11 20:58:49.100000+00:00,52.2311791,21.0560541,75.9,0.28,0.034,-0.008,0.972,0,6.360784537907165,8.0,0.7625534199880308,-1.0,6.0,52.23118,21.056043,8.0
37930,2026-05-11 20:58:49.600000+00:00,52.231176,21.0560653,76.3,0.28,0.031,-0.009,0.975,0,6.026692034335852,8.0,1.5825168694066456,-1.0,6.0,52.23118,21.056043,8.0
37935,2026-05-11 20:58:50.100000+00:00,52.2311727,21.0560754,76.8,0.24,0.032,-0.01,0.975,0,5.613185065170922,8.0,2.351146898250348,-1.0,6.0,52.23118,21.056043,8.0
37940,2026-05-11 20:58:50.600000+00:00,52.2311694,21.0560852,77.3,0.03,0.035,-0.009,0.975,0,5.483830530885436,8.0,3.1063077780844988,-1.0,6.0,52.23118,21.056043,8.0
37945,2026-05-11 20:58:51.100000+00:00,52.2311665,21.0560952,77.8,0.18,0.034,-0.008,0.973,0,5.425399975070102,8.0,3.858983333461555,-1.0,6.0,52.23118,21.056043,8.0
37950,2026-05-11 20:58:51.600000+00:00,52.2311636,21.0561043,78.3,0.1,0.036,-0.008,0.975,0,5.030082307225635,8.0,4.555702935608783,-1.0,6.0,52.23118,21.056043,8.0
37955,2026-05-11 20:58:52.100000+00:00,52.2311611,21.0561131,78.7,0.17,0.033,-0.008,0.979,0,4.756685525811204,8.0,5.216208044086765,-1.0,6.0,52.23118,21.056043,8.0
37960,2026-05-11 20:58:52.600000+00:00,52.2311584,21.0561213,79.2,0.15,0.034,-0.008,0.977,0,4.565099125891289,8.0,5.848504143798893,-1.0,6.0,52.23118,21.056043,8.0
37965,2026-05-11 20:58:53.100000+00:00,52.231156,21.0561298,79.6,0.12,0.037,-0.009,0.976,0,4.589562190387597,8.0,6.485921209006009,-1.0,6.0,52.23118,21.056043,8.0
37970,2026-05-11 20:58:53.600000+00:00,52.2311538,21.0561375,80.1,0.15,0.033,-0.011,0.976,0,4.166321253636046,8.0,7.064535905254325,-1.0,6.0,52.23118,21.056043,8.0
37975,2026-05-11 20:58:54.100000+00:00,52.2311514,21.0561451,80.5,0.12,0.035,-0.01,0.976,0,4.192856153849212,8.0,7.646178218888029,-1.0,6.0,52.23118,21.056043,8.0
37980,2026-05-11 20:58:54.600000+00:00,52.2311492,21.0561518,80.9,0.03,0.035,-0.011,0.972,0,3.72771155507149,8.0,8.162948744811452,-1.0,6.0,52.23118,21.056043,8.0
37985,2026-05-11 20:58:55.100000+00:00,52.2311473,21.0561578,81.3,0.06,0.036,-0.009,0.976,0,3.312082969377027,8.0,8.62253456854663,-1.0,6.0,52.23118,21.056043,8.0
37990,2026-05-11 20:58:55.600000+00:00,52.2311453,21.0561633,81.7,0.19,0.035,-0.01,0.976,0,3.1364493208415323,8.0,9.056061145893716,-1.0,6.0,52.23118,21.056043,8.0
37995,2026-05-11 20:58:56.100000+00:00,52.231143,21.056169,82.2,0.07,0.035,-0.011,0.975,0,3.347052004383311,8.0,9.516452400645464,-1.0,6.0,52.23118,21.056043,8.0
38000,2026-05-11 20:58:56.600000+00:00,52.2311409,21.0561749,82.6,0.19,0.035,-0.01,0.973,0,3.3461230713839814,8.0,9.97979699466841,-1.0,6.0,52.23118,21.056043,8.0
38005,2026-05-11 20:58:57.100000+00:00,52.2311389,21.0561808,83.0,0.02,0.033,-0.008,0.973,0,3.3066212895499545,8.0,10.438392453263258,-1.0,6.0,52.23118,21.056043,8.0
38010,2026-05-11 20:58:57.600000+00:00,52.231137,21.0561867,83.4,0.15,0.037,-0.011,0.972,0,3.2686034292823583,8.0,10.892157544490573,-1.0,6.0,52.23118,21.056043,8.0
38015,2026-05-11 20:58:58.100000+00:00,52.2311351,21.0561908,83.6,0.68,0.088,-0.034,0.969,0,2.5210639392458174,8.0,11.235987452232225,-1.0,6.0,52.23118,21.056043,8.0
38020,2026-05-11 20:58:58.600000+00:00,52.2311326,21.056195,83.8,1.89,0.117,-0.031,0.971,0,2.871843133504426,8.0,11.616399042839758,-1.0,6.0,52.23118,21.056043,8.0
38025,2026-05-11 20:58:59.100000+00:00,52.2311284,21.0562012,83.9,2.64,0.133,-0.011,0.971,0,4.533137734847015,8.0,12.206645717927143,-1.0,6.0,52.23118,21.056043,8.0
38030,2026-05-11 20:58:59.600000+00:00,52.2311217,21.0562108,84.3,3.78,0.145,-0.002,0.969,0,7.136691128661762,8.0,13.13857528165075,-1.0,6.0,52.23118,21.056043,8.0
38035,2026-05-11 20:59:00.100000+00:00,52.2311156,21.0562208,84.3,5.39,0.153,-0.027,0.95,0,6.920609567617655,8.0,14.06791160753332,-1.0,6.0,52.23118,21.056043,8.0
38040,2026-05-11 20:59:00.600000+00:00,52.2311086,21.0562265,84.2,5.8,0.154,-0.019,0.974,0,6.262538524277081,8.0,14.805797699919545,-1.0,6.0,52.23118,21.056043,8.0
38045,2026-05-11 20:59:01.100000+00:00,52.2310986,21.0562359,84.4,9.47,0.156,-0.043,0.958,0,9.238090818846722,8.0,15.95352853062747,-1.0,6.0,52.23118,21.056043,8.0
38050,2026-05-11 20:59:01.600000+00:00,52.231085,21.0562472,84.6,11.93,0.139,-0.046,0.975,0,12.217017198227865,8.0,17.463972007265326,-1.0,6.0,52.23118,21.056043,8.0
38055,2026-05-11 20:59:02.100000+00:00,52.2310689,21.0562595,84.9,13.69,0.151,-0.036,0.951,0,14.231014038216175,8.0,19.235870321023835,-1.0,6.0,52.23118,21.056043,8.0
38060,2026-05-11 20:59:02.600000+00:00,52.2310507,21.0562704,85.1,15.77,0.112,-0.092,0.967,0,15.520337988515712,8.0,21.131922866288416,-1.0,6.0,52.23118,21.056043,8.0
38065,2026-05-11 20:59:03.100000+00:00,52.2310299,21.0562868,85.2,18.1,0.082,-0.1,0.97,0,18.492641695140847,8.0,23.542649962288813,-1.0,6.0,52.23118,21.056043,8.0
38070,2026-05-11 20:59:03.600000+00:00,52.2310081,21.0563027,85.2,19.33,0.098,-0.084,0.942,0,19.11543366440181,8.0,26.041908037970643,-1.0,6.0,52.23118,21.056043,8.0
38075,2026-05-11 20:59:04.100000+00:00,52.230986,21.0563137,85.2,18.11,0.094,-0.067,0.98,0,18.49724743521429,8.0,28.37648689520851,-1.0,6.0,52.23118,21.056043,8.0
38080,2026-05-11 20:59:04.600000+00:00,52.2309624,21.0563227,85.2,19.24,0.062,-0.088,0.957,0,19.40279737079461,8.0,30.794561947363977,-1.0,6.0,52.23118,21.056043,8.0
38085,2026-05-11 20:59:05.100000+00:00,52.230936,21.0563408,85.1,22.3,0.063,-0.074,0.951,0,22.923795025315485,8.0,33.87420762404664,-1.0,6.0,52.23118,21.056043,8.0
38090,2026-05-11 20:59:05.600000+00:00,52.2309066,21.0563608,85.1,25.18,0.063,-0.053,0.986,0,25.49910070633671,8.0,37.31820672757665,-1.0,6.0,52.23118,21.056043,8.0
38095,2026-05-11 20:59:06.100000+00:00,52.2308761,21.0563819,85.0,25.83,0.072,-0.029,0.982,0,26.51995735454356,8.0,40.92217495047248,-1.0,6.0,52.23118,21.056043,8.0
38100,2026-05-11 20:59:06.600000+00:00,52.2308445,21.0564028,84.9,26.5,0.088,-0.009,0.946,0,27.296023684539527,8.0,44.633816234238815,-1.0,6.0,52.23118,21.056043,8.0
38105,2026-05-11 20:59:07.100000+00:00,52.2308132,21.0564201,84.6,25.69,0.077,-0.028,0.968,0,26.455842639385224,8.0,48.198549032765136,-1.0,6.0,52.23118,21.056043,8.0
38110,2026-05-11 20:59:07.600000+00:00,52.2307805,21.0564373,84.4,27.56,0.082,-0.022,0.963,0,27.50477617768036,8.0,51.90824811912347,-1.0,6.0,52.23118,21.056043,8.0
38115,2026-05-11 20:59:08.100000+00:00,52.2307481,21.0564552,83.9,27.15,0.08,0.0,0.973,0,27.38434917042424,8.0,55.62812232980234,-1.0,6.0,52.23118,21.056043,8.0
38120,2026-05-11 20:59:08.600000+00:00,52.2307128,21.0564738,83.9,29.23,0.07,-0.028,0.939,0,29.69658248964312,8.0,59.6626918785875,-1.0,6.0,52.23118,21.056043,8.0
38125,2026-05-11 20:59:09.100000+00:00,52.2306768,21.056494,84.0,29.61,0.059,-0.01,1.01,0,30.476300002841263,8.0,63.829425305444005,-1.0,6.0,52.23118,21.056043,8.0
38130,2026-05-11 20:59:09.600000+00:00,52.2306394,21.0565188,84.1,30.79,0.082,-0.022,0.952,0,32.31785603772669,8.0,68.28970982429938,-1.0,6.0,52.23118,21.056043,8.0
38135,2026-05-11 20:59:10.100000+00:00,52.2306029,21.0565423,83.9,31.48,0.066,-0.023,0.963,0,31.412028668414216,8.0,72.62358740411868,-1.0,6.0,52.23118,21.056043,8.0
38140,2026-05-11 20:59:10.600000+00:00,52.2305638,21.0565694,84.0,32.99,0.059,-0.017,0.981,0,34.00741890917408,8.0,77.330513173299,-1.0,6.0,52.23118,21.056043,8.0
38145,2026-05-11 20:59:11.100000+00:00,52.2305242,21.0565925,84.1,33.59,0.07,-0.024,0.939,0,33.66666402901766,,81.96396075831312,-1.0,6.0,52.23118,21.056043,8.0
38150,2026-05-11 20:59:11.600000+00:00,52.2304846,21.056616,84.2,33.43,0.053,-0.035,0.985,0,33.73316636953345,,86.6142459512362,-1.0,6.0,52.23118,21.056043,8.0
38155,2026-05-11 20:59:12.100000+00:00,52.230442,21.0566419,84.4,35.83,0.047,-0.082,0.942,0,36.39363886680027,,91.6395711994012,-1.0,6.0,52.23118,21.056043,8.0
38160,2026-05-11 20:59:12.600000+00:00,52.2303997,21.0566662,84.4,35.24,0.045,-0.05,0.978,0,35.90067841995649,,96.59007426572232,-1.0,6.0,52.23118,21.056043,8.0
38165,2026-05-11 20:59:13.100000+00:00,52.2303569,21.0566887,84.5,36.08,0.063,-0.004,0.975,0,35.99828225124583,,101.54100515079146,-1.0,6.0,52.23118,21.056043,8.0
38170,2026-05-11 20:59:13.600000+00:00,52.230314,21.0567123,84.5,35.72,0.074,-0.001,0.93,0,36.243110119173146,,106.53858398593518,-1.0,6.0,52.23118,21.056043,8.0
38175,2026-05-11 20:59:14.100000+00:00,52.2302707,21.0567405,84.3,37.62,0.063,0.009,1.064,0,37.32236798363563,,111.71257731830508,-1.0,6.0,52.23118,21.056043,8.0
38180,2026-05-11 20:59:14.600000+00:00,52.2302261,21.0567673,84.4,38.13,0.104,-0.006,0.894,0,38.04849167365297,,116.9782012001454,-1.0,6.0,52.23118,21.056043,8.0
38185,2026-05-11 20:59:15.100000+00:00,52.2301794,21.0567944,84.9,38.27,0.066,0.017,0.984,0,39.67957440701451,,122.4661142367219,-1.0,6.0,52.23118,21.056043,8.0
38190,2026-05-11 20:59:15.600000+00:00,52.2301347,21.0568268,84.7,39.13,0.087,0.012,0.985,0,39.15517868826259,,127.9038748151554,-1.0,6.0,52.23118,21.056043,8.0
38195,2026-05-11 20:59:16.100000+00:00,52.2300892,21.0568601,84.6,39.88,0.073,0.023,0.947,0,39.91990463662559,,133.4480853077137,-1.0,6.0,52.23118,21.056043,8.0
38200,2026-05-11 20:59:16.600000+00:00,52.2300434,21.0568936,84.9,39.26,0.042,0.038,0.978,0,40.17919721095831,,139.02831472004016,-1.0,6.0,52.23118,21.056043,8.0
38205,2026-05-11 20:59:17.100000+00:00,52.2299996,21.0569281,85.0,38.73,0.045,0.068,0.992,0,38.93402631135196,,144.43480634335288,-1.0,6.0,52.23118,21.056043,8.0
38210,2026-05-11 20:59:17.600000+00:00,52.2299571,21.0569642,85.0,38.3,0.079,0.052,0.955,0,38.35506552178301,,149.7556812953515,-1.0,6.0,52.23118,21.056043,8.0
38215,2026-05-11 20:59:18.100000+00:00,52.2299154,21.0570007,85.0,37.5,0.064,0.009,0.951,0,37.88032569100359,,148.10380628976438,-1.0,6.0,52.228671,21.057776,9.0
38220,2026-05-11 20:59:18.600000+00:00,52.2298724,21.057037,85.0,39.1,0.039,-0.09,0.971,0,38.75558504639556,,142.756482670371,-1.0,6.0,52.228671,21.057776,9.0
38225,2026-05-11 20:59:19.100000+00:00,52.2298277,21.0570701,84.9,39.96,0.014,-0.124,0.978,0,39.29575727538315,,137.31090014708207,-1.0,6.0,52.228671,21.057776,9.0
38230,2026-05-11 20:59:19.600000+00:00,52.2297821,21.0571019,84.8,40.11,0.053,-0.057,0.96,0,39.69837320692202,,131.8033032512718,-1.0,6.0,52.228671,21.057776,9.0
38235,2026-05-11 20:59:20.100000+00:00,52.229736,21.0571327,84.9,40.4,0.058,-0.004,0.965,0,39.87852616683087,,126.26769709626578,-1.0,6.0,52.228671,21.057776,9.0
38240,2026-05-11 20:59:20.600000+00:00,52.2296897,21.0571648,85.0,40.29,0.06,-0.023,0.982,0,40.27163769539624,,120.6809344500414,-1.0,6.0,52.228671,21.057776,9.0
38245,2026-05-11 20:59:21.100000+00:00,52.2296431,21.0571977,85.0,40.68,0.058,-0.046,0.936,0,40.64693096739969,,115.04480137980472,-1.0,6.0,52.228671,21.057776,9.0
38250,2026-05-11 20:59:21.600000+00:00,52.229596,21.0572314,85.0,41.64,0.039,-0.027,0.941,0,41.17055466706895,,109.3388351150336,-1.0,6.0,52.228671,21.057776,9.0
38255,2026-05-11 20:59:22.100000+00:00,52.2295495,21.0572632,84.8,40.83,-0.003,0.005,1.009,0,40.36202477247699,,103.7405495609918,-1.0,6.0,52.228671,21.057776,9.0
38260,2026-05-11 20:59:22.600000+00:00,52.229503,21.0572921,84.6,40.4,0.027,-0.01,0.961,0,39.83421885121728,,98.20923049315446,-1.0,6.0,52.228671,21.057776,9.0
38265,2026-05-11 20:59:23.100000+00:00,52.2294562,21.0573237,84.5,40.15,0.009,-0.009,0.968,0,40.54609269343519,,92.58527119650844,-1.0,6.0,52.228671,21.057776,9.0
38270,2026-05-11 20:59:23.600000+00:00,52.2294105,21.0573526,84.2,40.15,0.019,-0.008,0.96,0,39.236312089758336,,87.13845026902715,-1.0,6.0,52.228671,21.057776,9.0
38275,2026-05-11 20:59:24.100000+00:00,52.2293656,21.0573823,84.1,38.84,0.008,0.002,0.971,0,38.78536223964741,,81.75811062503657,-1.0,6.0,52.228671,21.057776,9.0
38280,2026-05-11 20:59:24.600000+00:00,52.229321,21.0574079,83.8,38.41,0.014,-0.015,0.978,0,37.84936423992762,9.0,76.50129764582533,-1.0,6.0,52.228671,21.057776,9.0
38285,2026-05-11 20:59:25.100000+00:00,52.2292767,21.0574262,83.2,37.37,-0.004,-0.03,0.969,0,36.58440128666473,9.0,71.44027269330334,-1.0,6.0,52.228671,21.057776,9.0
38290,2026-05-11 20:59:25.600000+00:00,52.2292318,21.0574491,82.6,38.13,-0.013,-0.069,0.968,0,37.660271232713306,9.0,66.21358655007079,-1.0,6.0,52.228671,21.057776,9.0
38295,2026-05-11 20:59:26.100000+00:00,52.2291842,21.0574806,82.3,40.11,-0.008,-0.05,0.952,0,41.12027454609275,9.0,60.50799102353439,-1.0,6.0,52.228671,21.057776,9.0
38300,2026-05-11 20:59:26.600000+00:00,52.2291382,21.0575076,82.2,39.35,0.005,0.016,1.068,0,39.135453371899615,9.0,55.07262497440268,-1.0,6.0,52.228671,21.057776,9.0
38305,2026-05-11 20:59:27.100000+00:00,52.2290931,21.0575318,82.2,38.26,0.038,0.036,0.885,0,38.0073410865141,9.0,49.79509151238173,-1.0,6.0,52.228671,21.057776,9.0
38310,2026-05-11 20:59:27.600000+00:00,52.2290509,21.0575544,82.0,35.46,-0.039,0.095,1.011,0,35.55669745149407,9.0,44.85818640128653,-1.0,6.0,52.228671,21.057776,9.0
38315,2026-05-11 20:59:28.100000+00:00,52.2290105,21.0575785,82.0,34.7,0.012,0.059,0.937,0,34.43580842779412,9.0,40.07557251001917,-1.0,6.0,52.228671,21.057776,9.0
38320,2026-05-11 20:59:28.600000+00:00,52.2289735,21.0575968,81.6,31.72,-0.039,0.061,1.011,0,30.95177971001349,9.0,35.782292612437786,-1.0,6.0,52.228671,21.057776,9.0
38325,2026-05-11 20:59:29.100000+00:00,52.2289375,21.0576143,81.0,30.66,-0.08,0.036,0.968,0,30.07216775076553,9.0,31.613742602832545,-1.0,6.0,52.228671,21.057776,9.0
38330,2026-05-11 20:59:29.600000+00:00,52.2289054,21.0576339,80.7,27.59,-0.078,0.051,0.983,0,27.437860117017262,9.0,27.802937908889326,-1.0,6.0,52.228671,21.057776,9.0
38335,2026-05-11 20:59:30.100000+00:00,52.2288756,21.0576496,80.5,25.24,-0.061,0.028,0.965,0,25.069435567175624,9.0,24.32481861544084,-1.0,6.0,52.228671,21.057776,9.0
38340,2026-05-11 20:59:30.600000+00:00,52.2288473,21.0576642,80.3,24.28,-0.04,0.04,0.976,0,23.761347872605683,9.0,21.030549226469105,-1.0,6.0,52.228671,21.057776,9.0
38345,2026-05-11 20:59:31.100000+00:00,52.228822,21.0576766,80.1,22.1,-0.06,0.049,0.989,0,21.1482976792731,9.0,18.103888552037134,-1.0,6.0,52.228671,21.057776,9.0
38350,2026-05-11 20:59:31.600000+00:00,52.2287984,21.0576882,79.9,19.45,-0.032,0.031,0.968,0,19.7319541716424,9.0,15.376646454419882,-1.0,6.0,52.228671,21.057776,9.0
38355,2026-05-11 20:59:32.100000+00:00,52.2287772,21.057698,79.7,18.12,-0.066,0.033,0.959,0,17.640024960099854,9.0,12.948825369255124,-1.0,6.0,52.228671,21.057776,9.0
38360,2026-05-11 20:59:32.600000+00:00,52.2287581,21.0577098,79.6,16.3,-0.093,0.051,1.002,0,16.34973632421316,9.0,10.683146947618326,-1.0,6.0,52.228671,21.057776,9.0
38365,2026-05-11 20:59:33.100000+00:00,52.2287418,21.0577199,79.4,14.23,-0.097,0.037,0.967,0,13.95810308706337,9.0,8.750820500648489,-1.0,6.0,52.228671,21.057776,9.0
38370,2026-05-11 20:59:33.600000+00:00,52.2287284,21.0577285,79.3,11.43,-0.138,0.041,0.958,0,11.527231173039928,9.0,7.1556654232719525,-1.0,6.0,52.228671,21.057776,9.0
38375,2026-05-11 20:59:34.100000+00:00,52.2287193,21.0577336,79.0,7.71,-0.151,0.059,0.988,0,7.702794016271074,9.0,6.097858881019888,-1.0,6.0,52.228671,21.057776,9.0
38380,2026-05-11 20:59:34.600000+00:00,52.2287145,21.057738,78.7,4.0,-0.169,0.056,0.99,0,4.407195557307107,9.0,5.485861832947933,-1.0,6.0,52.228671,21.057776,9.0
38385,2026-05-11 20:59:35.100000+00:00,52.2287128,21.0577411,78.7,1.29,-0.121,0.048,0.978,0,2.040420994784807,9.0,5.220481506879698,-1.0,6.0,52.228671,21.057776,9.0
38390,2026-05-11 20:59:35.600000+00:00,52.2287124,21.0577442,78.6,0.24,-0.032,0.0,0.98,0,1.5535382121506096,9.0,5.087513617771403,-1.0,6.0,52.228671,21.057776,9.0
38395,2026-05-11 20:59:36.100000+00:00,52.2287116,21.0577492,78.3,0.14,0.036,-0.027,0.966,0,2.534165284197535,9.0,4.869553479537592,-1.0,6.0,52.228671,21.057776,9.0
38400,2026-05-11 20:59:36.600000+00:00,52.228711,21.0577536,78.0,0.14,0.028,-0.025,0.969,0,2.210490175820906,9.0,4.702172147626166,-1.0,6.0,52.228671,21.057776,9.0
38405,2026-05-11 20:59:37.100000+00:00,52.2287102,21.0577583,77.6,0.15,0.03,-0.027,0.978,0,2.392116914901394,9.0,4.522472839101044,-1.0,6.0,52.228671,21.057776,9.0
38410,2026-05-11 20:59:37.600000+00:00,52.2287095,21.0577624,77.1,0.26,0.027,-0.027,0.976,0,2.087197052413605,9.0,4.380066063664388,-1.0,6.0,52.228671,21.057776,9.0
38415,2026-05-11 20:59:38.100000+00:00,52.228709,21.0577648,76.9,0.19,0.033,-0.024,0.975,0,1.2431229706820484,9.0,4.293710188586673,-1.0,6.0,52.228671,21.057776,9.0
38420,2026-05-11 20:59:38.600000+00:00,52.2287085,21.0577668,76.6,0.22,0.051,-0.038,0.97,0,1.0593043478934323,9.0,4.2166259773170784,-1.0,6.0,52.228671,21.057776,9.0
38425,2026-05-11 20:59:39.100000+00:00,52.2287066,21.0577709,76.5,1.16,0.09,-0.05,0.971,0,2.5211516439869297,9.0,3.973749767530813,-1.0,6.0,52.228671,21.057776,9.0
38430,2026-05-11 20:59:39.600000+00:00,52.2287029,21.0577772,76.2,2.34,0.111,-0.051,0.969,0,4.280084266056488,9.0,3.5480596105409754,-1.0,6.0,52.228671,21.057776,9.0
38435,2026-05-11 20:59:40.100000+00:00,52.2286987,21.0577806,75.9,3.26,0.115,-0.05,0.964,0,3.753196663545733,9.0,3.095992260684039,-1.0,6.0,52.228671,21.057776,9.0
38440,2026-05-11 20:59:40.600000+00:00,52.2286927,21.0577873,75.8,4.92,0.132,-0.055,0.956,0,5.819753008126053,9.0,2.532696024158224,-1.0,6.0,52.228671,21.057776,9.0
38445,2026-05-11 20:59:41.100000+00:00,52.2286874,21.0577945,75.2,3.92,0.132,-0.057,0.975,0,5.520032851984091,9.0,2.2165531925489006,-1.0,6.0,52.228671,21.057776,9.0
38450,2026-05-11 20:59:41.600000+00:00,52.2286814,21.0578057,74.8,7.71,0.145,-0.038,0.969,0,7.296539951059399,9.0,2.3300418975575474,-1.0,6.0,52.228671,21.057776,9.0
38455,2026-05-11 20:59:42.100000+00:00,52.2286742,21.0578188,74.7,7.86,0.144,-0.025,0.954,0,8.631046777581508,9.0,2.9366665657013016,-1.0,6.0,52.228671,21.057776,9.0
38460,2026-05-11 20:59:42.600000+00:00,52.2286625,21.0578334,74.7,12.05,0.135,-0.035,0.97,0,11.789856998124266,9.0,4.022040211818734,-1.0,6.0,52.228671,21.057776,9.0
38465,2026-05-11 20:59:43.100000+00:00,52.2286471,21.0578509,74.7,14.4,0.124,-0.067,0.947,0,15.021847979159665,9.0,5.752036314990416,-1.0,6.0,52.228671,21.057776,9.0
38470,2026-05-11 20:59:43.600000+00:00,52.2286295,21.0578679,75.0,16.28,0.099,-0.077,0.975,0,16.37198701228908,9.0,7.776331278121805,-1.0,6.0,52.228671,21.057776,9.0
38475,2026-05-11 20:59:44.100000+00:00,52.2286095,21.0578884,75.2,18.51,0.1,-0.076,0.949,0,18.9062088901519,9.0,10.26496603395711,-1.0,6.0,52.228671,21.057776,9.0
38480,2026-05-11 20:59:44.600000+00:00,52.2285879,21.0579084,75.3,20.03,0.076,-0.094,0.961,0,19.88059249559776,9.0,12.9111962698283,-1.0,6.0,52.228671,21.057776,9.0
38485,2026-05-11 20:59:45.100000+00:00,52.2285651,21.057925,75.4,20.91,0.08,-0.125,0.961,0,19.986603564140395,9.0,15.545030354702966,-1.0,6.0,52.228671,21.057776,9.0
38490,2026-05-11 20:59:45.600000+00:00,52.2285416,21.0579358,75.4,20.49,0.068,-0.087,0.962,0,19.54538740780037,9.0,18.04127154529237,-1.0,6.0,52.228671,21.057776,9.0
38495,2026-05-11 20:59:46.100000+00:00,52.2285186,21.0579439,75.4,18.68,0.055,-0.076,0.958,0,18.83742031599638,9.0,20.4435447746869,-1.0,6.0,52.228671,21.057776,9.0
38500,2026-05-11 20:59:46.600000+00:00,52.2284932,21.0579603,75.5,21.02,0.064,-0.057,0.975,0,21.867859019957457,9.0,23.41864254652175,-1.0,6.0,52.228671,21.057776,9.0
38505,2026-05-11 20:59:47.100000+00:00,52.2284684,21.0579692,75.5,21.18,0.073,-0.032,0.969,0,20.32898391381772,9.0,26.08949710380525,-1.0,6.0,52.228671,21.057776,9.0
38510,2026-05-11 20:59:47.600000+00:00,52.2284393,21.0579885,75.5,24.34,0.09,-0.004,0.97,0,25.146579123933787,9.0,29.5507224612223,-1.0,6.0,52.228671,21.057776,9.0
38515,2026-05-11 20:59:48.100000+00:00,52.2284103,21.0580105,75.5,25.2,0.092,-0.013,0.977,0,25.60159794334244,9.0,33.09713344361935,-1.0,6.0,52.228671,21.057776,9.0
38520,2026-05-11 20:59:48.600000+00:00,52.2283807,21.0580342,75.5,26.34,0.078,-0.038,0.953,0,26.394332577229804,9.0,36.75927204155371,-1.0,6.0,52.228671,21.057776,9.0
38525,2026-05-11 20:59:49.100000+00:00,52.2283473,21.0580594,75.6,28.68,0.083,-0.029,0.961,0,29.45754658789813,9.0,40.84259941165729,-1.0,6.0,52.228671,21.057776,9.0
38530,2026-05-11 20:59:49.600000+00:00,52.2283133,21.0580837,75.7,27.88,0.091,0.012,0.97,0,29.714554959591958,9.0,44.95775304783915,-1.0,6.0,52.228671,21.057776,9.0
38535,2026-05-11 20:59:50.100000+00:00,52.228281,21.0581051,75.4,27.97,0.088,-0.005,0.967,0,27.90773190114911,9.0,48.81620271500353,-1.0,6.0,52.228671,21.057776,9.0
38540,2026-05-11 20:59:50.600000+00:00,52.2282465,21.0581358,75.3,31.02,0.066,-0.025,0.972,0,31.457205746551143,9.0,53.184289707466014,-1.0,6.0,52.228671,21.057776,9.0
38545,2026-05-11 20:59:51.100000+00:00,52.22821,21.0581573,74.8,29.14,0.051,-0.054,0.967,0,31.065849365579304,9.0,57.46395016687995,-1.0,6.0,52.228671,21.057776,9.0
38550,2026-05-11 20:59:51.600000+00:00,52.2281722,21.0581742,74.3,28.85,0.044,-0.033,0.962,0,31.37706619733818,9.0,61.73975999411955,-1.0,6.0,52.228671,21.057776,9.0
38555,2026-05-11 20:59:52.100000+00:00,52.2281353,21.058195,73.8,29.34,0.027,-0.013,0.976,0,31.253569451804356,9.0,66.05021526895982,-1.0,6.0,52.228671,21.057776,9.0
38560,2026-05-11 20:59:52.600000+00:00,52.2281008,21.0582141,73.4,28.7,0.015,-0.008,0.963,0,29.1657035735286,9.0,70.07363038533785,-1.0,6.0,52.228671,21.057776,9.0
38565,2026-05-11 20:59:53.100000+00:00,52.2280655,21.0582363,73.0,28.6,0.014,0.012,0.985,0,30.28561237531374,9.0,74.26963611545374,-1.0,6.0,52.228671,21.057776,9.0
38570,2026-05-11 20:59:53.600000+00:00,52.2280321,21.058257,72.9,28.19,0.022,0.004,0.955,0,28.602070660367936,9.0,78.2321123694105,-1.0,6.0,52.228671,21.057776,9.0
38575,2026-05-11 20:59:54.100000+00:00,52.2279986,21.0582795,72.9,27.93,0.013,0.011,0.975,0,29.001142685736276,,82.25670548362348,-1.0,6.0,52.228671,21.057776,9.0
38580,2026-05-11 20:59:54.600000+00:00,52.2279631,21.0583046,73.2,29.17,0.014,0.006,0.964,0,30.972268830229964,,86.55747921761017,-1.0,6.0,52.228671,21.057776,9.0
38585,2026-05-11 20:59:55.100000+00:00,52.2279299,21.0583291,73.4,27.81,-0.025,0.023,0.99,0,29.16926433304482,,90.60872775972771,-1.0,6.0,52.228671,21.057776,9.0
38590,2026-05-11 20:59:55.600000+00:00,52.2278987,21.0583532,73.5,26.68,-0.024,0.03,0.981,0,27.633582037587065,,94.4464065798198,-1.0,6.0,52.228671,21.057776,9.0
38595,2026-05-11 20:59:56.100000+00:00,52.2278678,21.0583774,73.4,25.55,-0.019,0.015,0.965,0,27.437845664341005,,98.25662625346727,-1.0,6.0,52.228671,21.057776,9.0
38600,2026-05-11 20:59:56.600000+00:00,52.227838,21.0584006,72.8,23.82,-0.018,0.003,0.955,0,26.43178967198751,,101.92731170951872,-1.0,6.0,52.228671,21.057776,9.0
38605,2026-05-11 20:59:57.100000+00:00,52.2278088,21.0584153,72.4,21.9,0.009,0.012,0.988,0,24.463823169051334,,105.29670258758034,-1.0,6.0,52.228671,21.057776,9.0
38610,2026-05-11 20:59:57.600000+00:00,52.2277849,21.0584262,71.1,18.07,0.004,0.017,0.972,0,19.86699982855749,,108.0242227149353,-1.0,6.0,52.228671,21.057776,9.0
38615,2026-05-11 20:59:58.100000+00:00,52.2277618,21.0584394,70.6,19.37,0.021,0.01,0.927,0,19.59406201521496,,110.7358762991469,-1.0,6.0,52.228671,21.057776,9.0
38620,2026-05-11 20:59:58.600000+00:00,52.2277405,21.0584477,70.2,17.21,0.014,-0.003,0.977,0,17.53187364282308,,113.12976039486796,-1.0,6.0,52.228671,21.057776,9.0
38625,2026-05-11 20:59:59.100000+00:00,52.2277216,21.058456,70.2,15.31,0.035,0.005,1.003,0,15.66927619832936,,115.2809281855972,-1.0,6.0,52.228671,21.057776,9.0
38630,2026-05-11 20:59:59.600000+00:00,52.227701,21.0584653,70.1,16.78,0.041,-0.028,0.947,0,17.111387248964224,,117.63352800281956,-1.0,6.0,52.228671,21.057776,9.0
38635,2026-05-11 21:00:00.100000+00:00,52.2276819,21.0584787,70.4,15.62,0.008,-0.017,0.971,0,16.643669618412027,,119.94512416984958,-1.0,6.0,52.228671,21.057776,9.0
38640,2026-05-11 21:00:00.600000+00:00,52.2276634,21.0584934,70.3,16.45,-0.018,-0.004,1.06,0,16.47229193173642,,122.23091345796246,-1.0,6.0,52.228671,21.057776,9.0
38645,2026-05-11 21:00:01.100000+00:00,52.2276472,21.0585071,70.2,15.62,0.042,-0.029,0.892,0,14.60654818450612,,124.25516209367862,-1.0,6.0,52.228671,21.057776,9.0
38650,2026-05-11 21:00:01.600000+00:00,52.2276293,21.0585167,69.9,15.16,0.014,-0.016,0.97,0,15.084255743848558,,126.34092201009184,-1.0,6.0,52.228671,21.057776,9.0
38655,2026-05-11 21:00:02.100000+00:00,52.2276047,21.0585184,69.5,18.68,0.052,0.003,1.0,0,19.71248160234979,,128.8987951106823,-1.0,6.0,52.228671,21.057776,9.0
38660,2026-05-11 21:00:02.600000+00:00,52.2275752,21.0585157,69.1,21.05,0.032,-0.044,0.924,0,23.6548877355085,,126.04612964102404,-1.0,6.0,52.226542,21.059277,10.0
38665,2026-05-11 21:00:03.100000+00:00,52.2275538,21.0585158,68.9,18.86,0.036,0.001,0.99,0,17.13298447234831,,123.87825645690678,-1.0,6.0,52.226542,21.059277,10.0
38670,2026-05-11 21:00:03.600000+00:00,52.2275346,21.0585368,68.6,17.69,0.028,-0.014,0.989,0,18.502404571717054,,121.34134715659968,-1.0,6.0,52.226542,21.059277,10.0
38675,2026-05-11 21:00:04.100000+00:00,52.227513,21.0585492,68.3,15.01,0.042,-0.013,0.907,0,18.331008219350533,,118.8059802384434,-1.0,6.0,52.226542,21.059277,10.0
38680,2026-05-11 21:00:04.600000+00:00,52.2274947,21.0585566,67.8,13.17,0.048,0.006,1.025,0,15.09377309942905,,116.74706371176563,-1.0,6.0,52.226542,21.059277,10.0
38685,2026-05-11 21:00:05.100000+00:00,52.227469,21.0585611,65.9,14.94,0.05,-0.033,0.952,0,20.69351076911273,,114.02892429305456,-1.0,6.0,52.226542,21.059277,10.0
38690,2026-05-11 21:00:05.600000+00:00,52.2274446,21.0585717,65.2,16.62,0.069,-0.035,0.939,0,20.21450769350776,,111.26877346366616,-1.0,6.0,52.226542,21.059277,10.0
38695,2026-05-11 21:00:06.100000+00:00,52.2274208,21.0585854,65.4,17.45,0.051,-0.012,1.04,0,20.20409220551271,,108.47924697470864,-1.0,6.0,52.226542,21.059277,10.0
38700,2026-05-11 21:00:06.600000+00:00,52.227395,21.0586097,66.3,19.18,0.067,-0.027,0.92,0,23.84652235835293,,105.1765996467778,-1.0,6.0,52.226542,21.059277,10.0
38705,2026-05-11 21:00:07.100000+00:00,52.2273607,21.0586458,67.5,22.17,0.095,-0.046,0.917,0,32.67251239639889,,100.67619689562189,-1.0,6.0,52.226542,21.059277,10.0
38710,2026-05-11 21:00:07.600000+00:00,52.2273245,21.0586872,68.8,22.82,0.075,-0.037,0.998,0,35.385456238328615,,95.83588579497928,-1.0,6.0,52.226542,21.059277,10.0
38715,2026-05-11 21:00:08.100000+00:00,52.2272927,21.0587161,69.2,23.48,0.104,-0.033,0.938,0,29.138065719534865,,91.80094073653906,-1.0,6.0,52.226542,21.059277,10.0
38720,2026-05-11 21:00:08.600000+00:00,52.2272598,21.0587413,69.4,25.01,0.062,-0.047,0.968,0,29.094784990270867,,87.76018779535171,-1.0,6.0,52.226542,21.059277,10.0
38725,2026-05-11 21:00:09.100000+00:00,52.2272267,21.0587653,69.6,25.4,0.112,-0.024,0.976,0,28.99601941999733,,83.7332098026565,-1.0,6.0,52.226542,21.059277,10.0
38730,2026-05-11 21:00:09.600000+00:00,52.2271926,21.0587938,70.0,26.38,0.09,-0.038,0.955,0,30.67013832733546,10.0,79.4777832901823,-1.0,6.0,52.226542,21.059277,10.0
38735,2026-05-11 21:00:10.100000+00:00,52.2271597,21.0588196,70.2,27.39,0.086,-0.028,0.986,0,29.22098774479216,10.0,75.42024238596505,-1.0,6.0,52.226542,21.059277,10.0
38740,2026-05-11 21:00:10.600000+00:00,52.2271232,21.0588517,70.5,28.59,0.091,-0.041,0.949,0,33.192290065009765,10.0,70.82164731509177,-1.0,6.0,52.226542,21.059277,10.0
38745,2026-05-11 21:00:11.100000+00:00,52.2270878,21.0588798,70.6,29.22,0.083,-0.025,0.974,0,31.513884471826486,10.0,66.44698617690794,-1.0,6.0,52.226542,21.059277,10.0
38750,2026-05-11 21:00:11.600000+00:00,52.2270508,21.0589061,70.7,30.39,0.084,-0.036,0.958,0,32.3082969441485,10.0,61.95990433817593,-1.0,6.0,52.226542,21.059277,10.0
38755,2026-05-11 21:00:12.100000+00:00,52.2270132,21.0589359,70.9,30.84,0.071,-0.026,0.959,0,33.46245692173209,10.0,57.31491200587738,-1.0,6.0,52.226542,21.059277,10.0
38760,2026-05-11 21:00:12.600000+00:00,52.2269755,21.0589648,70.9,31.06,0.025,-0.028,0.977,0,33.34453166954691,10.0,52.68490574732128,-1.0,6.0,52.226542,21.059277,10.0
38765,2026-05-11 21:00:13.100000+00:00,52.2269379,21.0589947,70.7,31.38,-0.003,-0.059,0.964,0,33.48391365130284,10.0,48.038007122475,-1.0,6.0,52.226542,21.059277,10.0
38770,2026-05-11 21:00:13.600000+00:00,52.2269016,21.0590217,70.7,30.47,-0.015,-0.053,0.973,0,31.93605969577355,10.0,43.60304561898712,-1.0,6.0,52.226542,21.059277,10.0
38775,2026-05-11 21:00:14.100000+00:00,52.2268651,21.0590453,70.5,30.3,-0.032,-0.084,0.972,0,31.430409125489145,10.0,39.24036959301851,-1.0,6.0,52.226542,21.059277,10.0
38780,2026-05-11 21:00:14.600000+00:00,52.2268319,21.0590623,70.0,26.78,-0.066,-0.038,0.962,0,27.856780741747222,10.0,35.3972847704919,-1.0,6.0,52.226542,21.059277,10.0
38785,2026-05-11 21:00:15.100000+00:00,52.2267987,21.0590772,69.8,27.0,-0.026,-0.012,0.947,0,27.56609887614811,10.0,31.621823254573695,-1.0,6.0,52.226542,21.059277,10.0
38790,2026-05-11 21:00:15.600000+00:00,52.2267666,21.0590903,69.8,25.5,-0.02,0.068,1.025,0,26.490158761997947,10.0,28.02545043286125,-1.0,6.0,52.226542,21.059277,10.0
38795,2026-05-11 21:00:16.100000+00:00,52.2267375,21.0591043,69.7,23.59,-0.017,0.111,0.978,0,24.28812119409268,10.0,24.717019228779296,-1.0,6.0,52.226542,21.059277,10.0
38800,2026-05-11 21:00:16.600000+00:00,52.2267105,21.0591205,69.7,22.2,-0.007,0.077,0.941,0,23.029959208733825,10.0,21.55629577774142,-1.0,6.0,52.226542,21.059277,10.0
38805,2026-05-11 21:00:17.100000+00:00,52.2266856,21.0591378,69.8,20.11,-0.032,0.061,0.975,0,21.66523437352552,10.0,18.570277226695406,-1.0,6.0,52.226542,21.059277,10.0
38810,2026-05-11 21:00:17.600000+00:00,52.2266624,21.0591577,69.9,18.93,-0.03,0.073,0.996,0,20.981686483828422,10.0,15.660836177862883,-1.0,6.0,52.226542,21.059277,10.0
38815,2026-05-11 21:00:18.100000+00:00,52.2266406,21.0591778,70.0,17.9,0.021,0.024,0.931,0,20.04430986103892,10.0,12.878572732651062,-1.0,6.0,52.226542,21.059277,10.0
38820,2026-05-11 21:00:18.600000+00:00,52.2266199,21.0591957,70.2,16.44,-0.036,0.035,0.984,0,18.75377379810701,10.0,10.280813621451474,-1.0,6.0,52.226542,21.059277,10.0
38825,2026-05-11 21:00:19.100000+00:00,52.226602,21.0592125,70.4,14.66,-0.061,0.043,0.978,0,16.53024061077205,10.0,7.988216282157831,-1.0,6.0,52.226542,21.059277,10.0
38830,2026-05-11 21:00:19.600000+00:00,52.2265875,21.0592238,70.4,11.56,-0.098,0.014,0.958,0,12.863582613777792,10.0,6.223115364996214,-1.0,6.0,52.226542,21.059277,10.0
38835,2026-05-11 21:00:20.100000+00:00,52.2265756,21.0592323,70.5,9.01,-0.125,0.047,1.002,0,10.399177009792588,10.0,4.81957298286998,-1.0,6.0,52.226542,21.059277,10.0
38840,2026-05-11 21:00:20.600000+00:00,52.2265684,21.0592368,70.4,4.96,-0.134,0.069,0.983,0,6.17233187790917,10.0,4.01428811613049,-1.0,6.0,52.226542,21.059277,10.0
38845,2026-05-11 21:00:21.100000+00:00,52.2265635,21.0592419,70.5,2.85,-0.121,0.055,0.977,0,4.652402346373817,10.0,3.3809618536489565,-1.0,6.0,52.226542,21.059277,10.0
38850,2026-05-11 21:00:21.600000+00:00,52.2265609,21.0592465,70.8,0.19,-0.094,0.045,0.979,0,3.0694933053546656,10.0,2.9550365506755574,-1.0,6.0,52.226542,21.059277,10.0
38855,2026-05-11 21:00:22.100000+00:00,52.2265586,21.0592515,71.3,0.05,0.039,-0.015,0.958,0,3.066442252950806,10.0,2.5345075103232846,-1.0,6.0,52.226542,21.059277,10.0
38860,2026-05-11 21:00:22.600000+00:00,52.226556,21.0592565,72.0,0.15,0.039,-0.016,0.981,0,3.216409274840077,10.0,2.091175578349096,-1.0,6.0,52.226542,21.059277,10.0
38865,2026-05-11 21:00:23.100000+00:00,52.2265535,21.059261,72.6,0.14,0.037,-0.013,0.976,0,2.9792697717114485,10.0,1.6801211883904088,-1.0,6.0,52.226542,21.059277,10.0
38870,2026-05-11 21:00:23.600000+00:00,52.2265512,21.0592657,73.1,0.08,0.042,-0.013,0.973,0,2.950123950895497,10.0,1.280191674764316,-1.0,6.0,52.226542,21.059277,10.0
38875,2026-05-11 21:00:24.100000+00:00,52.2265487,21.0592706,73.7,0.12,0.04,-0.013,0.974,0,3.1273484814308707,10.0,0.8631652739471174,-1.0,6.0,52.226542,21.059277,10.0
38880,2026-05-11 21:00:24.600000+00:00,52.2265461,21.0592746,74.3,0.11,0.037,-0.013,0.975,0,2.860216967904241,10.0,0.4843198230420471,-1.0,6.0,52.226542,21.059277,10.0
38885,2026-05-11 21:00:25.100000+00:00,52.2265436,21.0592788,74.8,0.03,0.042,-0.015,0.978,0,2.871995803713085,10.0,0.2160637527455884,-1.0,6.0,52.226542,21.059277,10.0
38890,2026-05-11 21:00:25.600000+00:00,52.2265414,21.0592824,75.3,0.07,0.041,-0.016,0.976,0,2.4938091428384643,10.0,0.3738038595521508,-1.0,6.0,52.226542,21.059277,10.0
38895,2026-05-11 21:00:26.100000+00:00,52.2265393,21.0592857,75.8,0.12,0.038,-0.014,0.974,0,2.33359064709601,10.0,0.6642850022473321,-1.0,6.0,52.226542,21.059277,10.0
38900,2026-05-11 21:00:26.600000+00:00,52.2265373,21.059289,76.2,0.07,0.039,-0.013,0.975,0,2.276587251057053,10.0,0.9701381702027856,-1.0,6.0,52.226542,21.059277,10.0
38905,2026-05-11 21:00:27.100000+00:00,52.2265355,21.0592923,76.7,0.06,0.04,-0.013,0.978,0,2.166959997814601,10.0,1.2682174210308512,-1.0,6.0,52.226542,21.059277,10.0
38910,2026-05-11 21:00:27.600000+00:00,52.2265337,21.0592954,77.1,0.02,0.039,-0.013,0.975,0,2.09472736875067,10.0,1.556410878557004,-1.0,6.0,52.226542,21.059277,10.0
38915,2026-05-11 21:00:28.100000+00:00,52.226532,21.0592982,77.5,0.12,0.038,-0.015,0.978,0,1.9333570226278287,10.0,1.8224872586647587,-1.0,6.0,52.226542,21.059277,10.0
38920,2026-05-11 21:00:28.600000+00:00,52.2265304,21.0593009,78.0,0.04,0.041,-0.011,0.973,0,1.842302553738581,10.0,2.076940602317426,-1.0,6.0,52.226542,21.059277,10.0
38925,2026-05-11 21:00:29.100000+00:00,52.2265289,21.0593035,78.4,0.03,0.041,-0.012,0.977,0,1.7515470933206057,10.0,2.3194173844516386,-1.0,6.0,52.226542,21.059277,10.0
38930,2026-05-11 21:00:29.600000+00:00,52.2265273,21.0593061,78.8,0.06,0.04,-0.013,0.977,0,1.807378425246792,10.0,2.5691049442982354,-1.0,6.0,52.226542,21.059277,10.0
38935,2026-05-11 21:00:30.100000+00:00,52.2265259,21.0593085,79.2,0.13,0.041,-0.014,0.974,0,1.6252823258540368,10.0,2.79431037297444,-1.0,6.0,52.226542,21.059277,10.0
38940,2026-05-11 21:00:30.600000+00:00,52.2265245,21.059311,79.6,0.15,0.04,-0.014,0.976,0,1.6611397095301657,10.0,3.0248061212235027,-1.0,6.0,52.226542,21.059277,10.0
38945,2026-05-11 21:00:31.100000+00:00,52.2265232,21.0593134,80.0,0.01,0.041,-0.013,0.975,0,1.5711403517585172,10.0,3.2429552018887966,-1.0,6.0,52.226542,21.059277,10.0
38950,2026-05-11 21:00:31.600000+00:00,52.2265219,21.0593157,80.4,0.07,0.039,-0.013,0.973,0,1.5347473923530937,10.0,3.4559146265953307,-1.0,6.0,52.226542,21.059277,10.0
38955,2026-05-11 21:00:32.100000+00:00,52.2265206,21.0593179,80.8,0.14,0.038,-0.015,0.976,0,1.4990753842298004,10.0,3.663715656973618,-1.0,6.0,52.226542,21.059277,10.0
38960,2026-05-11 21:00:32.600000+00:00,52.2265193,21.0593201,81.2,0.04,0.039,-0.012,0.975,0,1.4990754034282718,10.0,3.871560088879368,-1.0,6.0,52.226542,21.059277,10.0
38965,2026-05-11 21:00:33.100000+00:00,52.2265181,21.0593223,81.6,0.1,0.04,-0.014,0.977,0,1.444640320130745,10.0,4.07217585083258,-1.0,6.0,52.226542,21.059277,10.0
38970,2026-05-11 21:00:33.600000+00:00,52.2265168,21.0593242,81.9,0.46,0.067,-0.027,0.971,0,1.3969318555116366,10.0,4.264641238225989,-1.0,6.0,52.226542,21.059277,10.0
38975,2026-05-11 21:00:34.100000+00:00,52.2265149,21.0593254,82.2,1.17,0.1,-0.045,0.967,0,1.6310118035359191,10.0,4.466319826845776,-1.0,6.0,52.226542,21.059277,10.0
38980,2026-05-11 21:00:34.600000+00:00,52.2265115,21.059328,82.4,2.79,0.117,-0.039,0.971,0,3.005879426572959,10.0,4.854728429349104,-1.0,6.0,52.226542,21.059277,10.0
38985,2026-05-11 21:00:35.100000+00:00,52.2265069,21.0593318,82.6,4.0,0.131,-0.042,0.962,0,4.127418679869692,10.0,5.400423789030619,-1.0,6.0,52.226542,21.059277,10.0
38990,2026-05-11 21:00:35.600000+00:00,52.2265002,21.0593371,82.8,6.02,0.144,-0.044,0.974,0,5.960575729968503,10.0,6.19355802407669,-1.0,6.0,52.226542,21.059277,10.0
38995,2026-05-11 21:00:36.100000+00:00,52.2264916,21.0593464,82.9,8.34,0.156,-0.053,0.956,0,8.258707774428101,10.0,7.331525348661121,-1.0,6.0,52.226542,21.059277,10.0
39000,2026-05-11 21:00:36.600000+00:00,52.2264809,21.0593578,83.0,10.36,0.158,-0.059,0.965,0,10.229317443241628,10.0,8.743344831199515,-1.0,6.0,52.226542,21.059277,10.0
39005,2026-05-11 21:00:37.100000+00:00,52.226468,21.0593703,83.1,11.86,0.158,-0.049,0.956,0,12.01001760187657,10.0,10.39665787921641,-1.0,6.0,52.226542,21.059277,10.0
39010,2026-05-11 21:00:37.600000+00:00,52.2264525,21.0593851,83.2,14.57,0.11,-0.091,0.993,0,14.376027863019967,10.0,12.379533841471714,-1.0,6.0,52.226542,21.059277,10.0
39015,2026-05-11 21:00:38.100000+00:00,52.2264343,21.0594011,83.3,16.24,0.109,-0.078,0.941,0,16.549333015625887,10.0,14.658252711075288,-1.0,6.0,52.226542,21.059277,10.0
39020,2026-05-11 21:00:38.600000+00:00,52.2264141,21.0594187,83.3,18.01,0.107,-0.063,0.965,0,18.33127692388937,10.0,17.18749879905321,-1.0,6.0,52.226542,21.059277,10.0
39025,2026-05-11 21:00:39.100000+00:00,52.2263931,21.0594371,83.3,18.94,0.118,-0.052,0.957,0,19.08109810151848,10.0,19.82532166938477,-1.0,6.0,52.226542,21.059277,10.0
39030,2026-05-11 21:00:39.600000+00:00,52.2263703,21.0594564,83.3,19.99,0.095,-0.06,0.984,0,20.561667652180383,10.0,22.667601983509545,-1.0,6.0,52.226542,21.059277,10.0
39035,2026-05-11 21:00:40.100000+00:00,52.2263455,21.0594765,83.2,21.9,0.112,-0.063,0.945,0,22.167153137663917,10.0,25.73042561747453,-1.0,6.0,52.226542,21.059277,10.0
39040,2026-05-11 21:00:40.600000+00:00,52.2263202,21.0594986,83.1,22.83,0.077,-0.056,0.972,0,22.972525188397327,10.0,28.915048961126107,-1.0,6.0,52.226542,21.059277,10.0
39045,2026-05-11 21:00:41.100000+00:00,52.2262931,21.0595193,83.1,24.25,0.061,-0.097,0.971,0,23.953754886616128,10.0,32.22340644491336,-1.0,6.0,52.226542,21.059277,10.0
39050,2026-05-11 21:00:41.600000+00:00,52.2262639,21.0595381,83.0,25.07,0.045,-0.131,0.942,0,25.129953751349287,10.0,35.672399368153265,-1.0,6.0,52.226542,21.059277,10.0
39055,2026-05-11 21:00:42.100000+00:00,52.2262327,21.0595555,83.0,26.43,0.025,-0.129,0.979,0,26.39611620363189,10.0,39.276929662896414,-1.0,6.0,52.226542,21.059277,10.0
39060,2026-05-11 21:00:42.600000+00:00,52.2262005,21.0595695,82.9,26.74,0.015,-0.137,0.976,0,26.67801945044617,10.0,42.8820104078432,-1.0,6.0,52.226542,21.059277,10.0
39065,2026-05-11 21:00:43.100000+00:00,52.226167,21.0595806,82.8,27.62,0.015,-0.153,0.96,0,27.367057048465227,10.0,46.54396733108421,-1.0,6.0,52.226542,21.059277,10.0
39070,2026-05-11 21:00:43.600000+00:00,52.226132,21.0595876,82.7,28.26,0.017,-0.135,0.93,0,28.23061619977741,10.0,50.259292913003705,-1.0,6.0,52.226542,21.059277,10.0
39075,2026-05-11 21:00:44.100000+00:00,52.2260962,21.0595936,82.5,28.88,0.012,-0.126,0.986,0,28.81224618862231,10.0,54.05801062309241,-1.0,6.0,52.226542,21.059277,10.0
39080,2026-05-11 21:00:44.600000+00:00,52.2260596,21.0595962,82.5,29.26,0.051,-0.055,0.93,0,29.32981560996553,10.0,57.87900982263772,-1.0,6.0,52.226542,21.059277,10.0
39085,2026-05-11 21:00:45.100000+00:00,52.2260229,21.0595982,82.4,29.94,0.068,-0.036,0.95,0,29.3985133402329,10.0,61.72821867822546,-1.0,6.0,52.226542,21.059277,10.0
39090,2026-05-11 21:00:45.600000+00:00,52.2259845,21.0596008,82.4,30.46,0.063,-0.006,0.982,0,30.769603310615118,10.0,65.79750626053793,-1.0,6.0,52.226542,21.059277,10.0
39095,2026-05-11 21:00:46.100000+00:00,52.2259455,21.0596037,82.3,31.14,0.06,-0.043,0.955,0,31.255907835212444,10.0,69.96093301550792,-1.0,6.0,52.226542,21.059277,10.0
39100,2026-05-11 21:00:46.600000+00:00,52.2259058,21.0596062,82.1,32.35,0.059,-0.031,0.977,0,31.80759513001306,10.0,74.21069204250371,-1.0,6.0,52.226542,21.059277,10.0
39105,2026-05-11 21:00:47.100000+00:00,52.2258651,21.0596098,82.1,32.76,0.077,0.012,0.981,0,32.63235414096343,10.0,78.6070704418685,-1.0,6.0,52.226542,21.059277,10.0
39110,2026-05-11 21:00:47.600000+00:00,52.225824,21.0596133,81.9,32.99,0.082,0.01,0.967,0,32.94954006447317,,83.05893826279585,-1.0,6.0,52.226542,21.059277,10.0
39115,2026-05-11 21:00:48.100000+00:00,52.2257833,21.0596168,81.6,32.8,0.087,-0.002,0.973,0,32.62973783435824,,87.4807511467155,-1.0,6.0,52.226542,21.059277,10.0
39120,2026-05-11 21:00:48.600000+00:00,52.2257424,21.05962,81.4,33.49,0.086,0.001,0.994,0,32.782265782358,,91.92960214230337,-1.0,6.0,52.226542,21.059277,10.0
39125,2026-05-11 21:00:49.100000+00:00,52.2256993,21.059627,81.3,35.0,0.094,-0.004,0.937,0,34.67635171835539,,96.6888928444315,-1.0,6.0,52.226542,21.059277,10.0
39130,2026-05-11 21:00:49.600000+00:00,52.2256559,21.0596332,81.0,35.58,0.069,0.0,0.98,0,34.87897269601138,,101.4728959011934,-1.0,6.0,52.226542,21.059277,10.0
39135,2026-05-11 21:00:50.100000+00:00,52.2256116,21.0596428,80.9,35.34,0.075,0.008,0.969,0,35.777843549891564,,106.41368700570249,-1.0,6.0,52.226542,21.059277,10.0
39140,2026-05-11 21:00:50.600000+00:00,52.2255655,21.0596559,81.0,36.63,0.075,0.011,0.97,0,37.46278445273662,,111.6066986683065,-1.0,6.0,52.226542,21.059277,10.0
39145,2026-05-11 21:00:51.100000+00:00,52.2255196,21.0596689,81.0,36.26,0.079,0.0,0.983,0,37.296632732534,,116.77740713805916,-1.0,6.0,52.226542,21.059277,10.0
39150,2026-05-11 21:00:51.600000+00:00,52.2254744,21.0596793,81.0,36.84,0.086,-0.01,0.933,0,36.54493294003474,,121.83314128570916,-1.0,6.0,52.226542,21.059277,10.0
39155,2026-05-11 21:00:52.100000+00:00,52.2254275,21.059693,80.9,38.81,0.059,-0.041,0.961,0,38.14466780108746,,127.12472030565262,-1.0,6.0,52.226542,21.059277,10.0
39160,2026-05-11 21:00:52.600000+00:00,52.2253791,21.0597081,80.8,39.34,0.034,-0.071,1.0,0,39.45046379168586,,132.60055855671902,-1.0,6.0,52.226542,21.059277,10.0
39165,2026-05-11 21:00:53.100000+00:00,52.2253294,21.0597202,81.0,39.88,0.064,-0.034,0.96,0,40.23004094335914,,138.17289184492708,-1.0,6.0,52.226542,21.059277,10.0
39170,2026-05-11 21:00:53.600000+00:00,52.2252818,21.0597276,80.7,38.74,0.077,0.012,0.97,0,38.2811331480355,,143.4495684274254,-1.0,6.0,52.226542,21.059277,10.0
39175,2026-05-11 21:00:54.100000+00:00,52.2252341,21.059733,80.4,39.02,0.066,-0.009,0.989,0,38.280498582147416,,148.71146591781206,-1.0,6.0,52.226542,21.059277,10.0
39180,2026-05-11 21:00:54.600000+00:00,52.2251847,21.0597427,80.4,38.94,0.057,-0.064,0.935,0,39.83487264634462,,154.22216131992516,-1.0,6.0,52.226542,21.059277,10.0
39185,2026-05-11 21:00:55.100000+00:00,52.2251345,21.0597518,80.2,40.73,0.043,-0.049,0.97,0,40.43731378888008,,159.81320790161774,-1.0,6.0,52.226542,21.059277,10.0
39190,2026-05-11 21:00:55.600000+00:00,52.2250838,21.0597604,80.1,40.85,0.049,-0.029,0.984,0,40.8091240894864,,165.4536676074179,-1.0,6.0,52.226542,21.059277,10.0
39195,2026-05-11 21:00:56.100000+00:00,52.2250321,21.0597676,79.9,41.68,0.058,-0.023,0.986,0,41.54153903497967,,171.18634645095264,-1.0,6.0,52.226542,21.059277,10.0
39200,2026-05-11 21:00:56.600000+00:00,52.2249806,21.0597704,80.0,41.23,0.043,-0.058,0.936,0,41.253938794912784,,176.84240466623837,-1.0,6.0,52.226542,21.059277,10.0
39205,2026-05-11 21:00:57.100000+00:00,52.2249293,21.0597754,79.6,41.63,0.017,-0.034,0.999,0,41.14409305066051,,182.5090167331001,-1.0,6.0,52.226542,21.059277,10.0
39210,2026-05-11 21:00:57.600000+00:00,52.2248774,21.0597785,79.6,41.48,0.042,0.016,0.958,0,41.57912376041855,,188.22059388266587,-1.0,6.0,52.226542,21.059277,10.0
39215,2026-05-11 21:00:58.100000+00:00,52.2248266,21.059784,79.2,41.44,0.041,0.0,0.952,0,40.76000248430191,,193.8445985314744,-1.0,6.0,52.226542,21.059277,10.0
39220,2026-05-11 21:00:58.600000+00:00,52.2247755,21.0597886,79.0,40.8,0.032,0.009,0.98,0,40.9729896527356,,199.49282943610763,-1.0,6.0,52.226542,21.059277,10.0
39225,2026-05-11 21:00:59.100000+00:00,52.2247246,21.0597903,78.9,40.47,0.014,0.006,1.006,0,40.75924432331863,,205.08773178976645,-1.0,6.0,52.226542,21.059277,10.0
39230,2026-05-11 21:00:59.600000+00:00,52.2246773,21.0597894,78.1,39.54,0.032,-0.036,0.895,0,37.8711164080872,,210.26199370698455,-1.0,6.0,52.226542,21.059277,10.0
39235,2026-05-11 21:01:00.100000+00:00,52.2246274,21.0597928,77.9,39.25,0.001,0.008,1.037,0,39.98489592103819,,215.77320353258168,-1.0,6.0,52.226542,21.059277,10.0
39240,2026-05-11 21:01:00.600000+00:00,52.2245769,21.0597917,77.9,39.83,0.033,-0.009,0.942,0,40.43407422951498,,221.30362337939744,-1.0,6.0,52.226542,21.059277,10.0
39245,2026-05-11 21:01:01.100000+00:00,52.2245278,21.0597913,77.8,38.62,0.007,-0.004,0.985,0,39.31011995026051,,226.69179432934368,-1.0,6.0,52.226542,21.059277,10.0
39250,2026-05-11 21:01:01.600000+00:00,52.2244786,21.0597919,77.6,38.52,0.019,-0.001,0.956,0,39.39078989257013,,232.10458501830644,-1.0,6.0,52.226542,21.059277,10.0
39255,2026-05-11 21:01:02.100000+00:00,52.22443,21.0597902,77.5,38.11,0.009,0.0,0.971,0,38.918259940569314,,237.4309419104144,-1.0,6.0,52.226542,21.059277,10.0
39260,2026-05-11 21:01:02.600000+00:00,52.2243829,21.0597858,77.1,37.25,0.02,-0.009,0.974,0,37.770115521558736,,242.56938165381223,-1.0,6.0,52.226542,21.059277,10.0
39265,2026-05-11 21:01:03.100000+00:00,52.2243366,21.0597829,77.0,36.28,0.052,0.005,0.967,0,37.095215173855244,,247.63842414445108,-1.0,6.0,52.226542,21.059277,10.0
39270,2026-05-11 21:01:03.600000+00:00,52.2242903,21.0597802,76.8,36.43,-0.057,-0.028,0.96,0,37.09158411934977,,252.7126737081413,-1.0,6.0,52.226542,21.059277,10.0
39275,2026-05-11 21:01:04.100000+00:00,52.2242449,21.0597768,76.6,35.65,-0.161,0.0,0.96,0,36.38562511854211,,257.6844923608328,-1.0,6.0,52.226542,21.059277,10.0
39280,2026-05-11 21:01:04.600000+00:00,52.224198,21.0597779,76.8,35.77,-0.005,0.0,0.973,0,37.55217801921275,,262.8644435582405,-1.0,6.0,52.226542,21.059277,10.0
39285,2026-05-11 21:01:05.100000+00:00,52.2241544,21.059774,76.6,34.78,-0.069,-0.003,0.971,0,34.95867396047444,,267.6385452517069,-1.0,6.0,52.226542,21.059277,10.0
39290,2026-05-11 21:01:05.600000+00:00,52.2241104,21.0597732,76.4,34.92,-0.068,-0.004,0.953,0,35.22873759805724,,272.4857679660511,-1.0,6.0,52.226542,21.059277,10.0
39295,2026-05-11 21:01:06.100000+00:00,52.2240663,21.0597735,76.5,33.61,-0.094,0.026,1.044,0,35.306919667882994,,277.35475677821984,-1.0,6.0,52.226542,21.059277,10.0
39300,2026-05-11 21:01:06.600000+00:00,52.2240233,21.0597741,76.6,33.28,-0.037,0.016,0.933,0,34.427206859294515,,282.1059690091097,-1.0,6.0,52.226542,21.059277,10.0
39305,2026-05-11 21:01:07.100000+00:00,52.2239793,21.0597795,77.1,33.24,-0.078,0.007,0.987,0,35.32596272120651,,287.00741178512294,-1.0,6.0,52.226542,21.059277,10.0
39310,2026-05-11 21:01:07.600000+00:00,52.2239369,21.0597844,77.5,32.28,-0.083,0.035,0.984,0,34.03054270350279,,291.7283266308786,-1.0,6.0,52.226542,21.059277,10.0
39315,2026-05-11 21:01:08.100000+00:00,52.223898,21.0597877,77.8,30.14,-0.117,0.021,0.98,0,31.185498767242677,,296.0501200363934,-1.0,6.0,52.226542,21.059277,10.0
39320,2026-05-11 21:01:08.600000+00:00,52.2238605,21.0597903,78.3,28.82,-0.096,0.02,0.966,0,30.049696535202656,,300.2120200642842,-1.0,6.0,52.226542,21.059277,10.0
39325,2026-05-11 21:01:09.100000+00:00,52.2238258,21.0597936,78.7,26.58,-0.091,0.028,0.979,0,27.828042641831548,,304.0704915778819,-1.0,6.0,52.226542,21.059277,10.0
39330,2026-05-11 21:01:09.600000+00:00,52.2237929,21.0597963,79.2,25.41,-0.092,0.023,0.92,0,26.37311777895974,,307.7256046145182,-1.0,6.0,52.226542,21.059277,10.0
39335,2026-05-11 21:01:10.100000+00:00,52.2237642,21.0598004,79.8,21.44,-0.15,0.008,1.005,0,23.0651346060921,,310.9278610564916,-1.0,6.0,52.226542,21.059277,10.0
39340,2026-05-11 21:01:10.600000+00:00,52.2237384,21.0598003,79.9,19.8,-0.137,0.003,0.943,0,20.6556277902266,,313.7771697826229,-1.0,6.0,52.226542,21.059277,10.0
39345,2026-05-11 21:01:11.100000+00:00,52.2237159,21.0597999,80.0,17.76,-0.093,-0.001,0.975,0,18.014646278972634,,316.25992019927,-1.0,6.0,52.226542,21.059277,10.0
39350,2026-05-11 21:01:11.600000+00:00,52.2236941,21.0598042,80.3,16.24,-0.129,-0.021,0.958,0,17.580101123892277,,318.7015346931257,-1.0,6.0,52.226542,21.059277,10.0
39355,2026-05-11 21:01:12.100000+00:00,52.223675,21.0598076,80.4,13.79,-0.128,-0.013,0.968,0,15.382173175380863,,320.8379280695532,-1.0,6.0,52.226542,21.059277,10.0
39360,2026-05-11 21:01:12.600000+00:00,52.223659,21.0598093,80.7,11.35,-0.124,-0.023,0.964,0,12.836759500799396,,322.618778799663,-1.0,6.0,52.226542,21.059277,10.0
39365,2026-05-11 21:01:13.100000+00:00,52.2236444,21.0598136,81.1,9.9,-0.109,-0.02,0.944,0,11.87752575291223,,324.2648747238196,-1.0,6.0,52.226542,21.059277,10.0
39370,2026-05-11 21:01:13.600000+00:00,52.2236318,21.0598171,81.5,8.3,-0.106,-0.029,0.973,0,10.232604393854972,,325.68388361423155,-1.0,6.0,52.226542,21.059277,10.0
39375,2026-05-11 21:01:14.100000+00:00,52.2236219,21.0598197,81.9,6.11,-0.116,-0.031,0.967,0,8.027890518479197,,326.7976766557345,-1.0,6.0,52.226542,21.059277,10.0
39380,2026-05-11 21:01:14.600000+00:00,52.2236141,21.0598225,82.3,4.49,-0.118,-0.031,0.968,0,6.393910534726027,,327.68101663418,-1.0,6.0,52.226542,21.059277,10.0
39385,2026-05-11 21:01:15.100000+00:00,52.223609,21.059825,82.6,2.46,-0.125,-0.019,0.969,0,4.263192788771396,,328.2637789327287,-1.0,6.0,52.226542,21.059277,10.0
39390,2026-05-11 21:01:15.600000+00:00,52.2236065,21.059827,82.9,0.48,-0.135,-0.028,0.963,0,2.22893298663855,,328.5554699513969,-1.0,6.0,52.226542,21.059277,10.0
39395,2026-05-11 21:01:16.100000+00:00,52.2236064,21.0598282,83.0,0.3,-0.032,-0.034,0.974,0,0.5939423967710719,,328.57584640076266,-1.0,6.0,52.226542,21.059277,10.0
39400,2026-05-11 21:01:16.600000+00:00,52.2236059,21.0598298,83.3,0.15,-0.009,-0.033,0.97,0,0.8809023151745379,,328.64354822320024,-1.0,6.0,52.226542,21.059277,10.0
39405,2026-05-11 21:01:17.100000+00:00,52.2236054,21.0598316,83.5,0.06,-0.015,-0.033,0.972,0,0.9693022287203394,,328.7128468917916,-1.0,6.0,52.226542,21.059277,10.0
39410,2026-05-11 21:01:17.600000+00:00,52.2236049,21.0598333,83.8,0.03,-0.009,-0.033,0.977,0,0.924858156849727,,328.78140100432137,-1.0,6.0,52.226542,21.059277,10.0
39415,2026-05-11 21:01:18.100000+00:00,52.2236045,21.0598348,84.0,0.16,-0.011,-0.032,0.975,0,0.8023333632004183,,328.83737177172065,-1.0,6.0,52.226542,21.059277,10.0
39420,2026-05-11 21:01:18.600000+00:00,52.2236043,21.059836,84.2,0.06,-0.011,-0.03,0.976,0,0.6099152244697076,,328.86891504281795,-1.0,6.0,52.226542,21.059277,10.0
39425,2026-05-11 21:01:19.100000+00:00,52.223604,21.0598372,84.4,0.1,-0.013,-0.031,0.976,0,0.6356452453119611,,328.9115215200265,-1.0,6.0,52.226542,21.059277,10.0
39430,2026-05-11 21:01:19.600000+00:00,52.2236037,21.0598386,84.6,0.13,-0.011,-0.03,0.975,0,0.7274053833681371,,328.9557300160655,-1.0,6.0,52.226542,21.059277,10.0
39435,2026-05-11 21:01:20.100000+00:00,52.2236033,21.0598399,84.8,0.06,-0.012,-0.031,0.975,0,0.7134732610658829,,329.01021346701964,-1.0,6.0,52.226542,21.059277,10.0
39440,2026-05-11 21:01:20.600000+00:00,52.2236029,21.0598413,85.1,0.08,-0.011,-0.03,0.974,0,0.7576187817478299,,329.065513270282,-1.0,6.0,52.226542,21.059277,10.0
39445,2026-05-11 21:01:21.100000+00:00,52.2236026,21.0598424,85.2,0.1,-0.012,-0.032,0.977,0,0.5905284402339787,,329.10740261146054,-1.0,6.0,52.226542,21.059277,10.0
39450,2026-05-11 21:01:21.600000+00:00,52.2236024,21.0598437,85.4,0.08,-0.009,-0.031,0.975,0,0.6573645883033812,,329.1398615703811,-1.0,6.0,52.226542,21.059277,10.0
39455,2026-05-11 21:01:22.100000+00:00,52.223602,21.059845,85.6,0.12,-0.012,-0.033,0.976,0,0.7134732777452493,,329.1944275174773,-1.0,6.0,52.226542,21.059277,10.0
39460,2026-05-11 21:01:22.600000+00:00,52.2236017,21.0598463,85.8,0.1,-0.011,-0.031,0.976,0,0.6813050074876597,,329.23797213669206,-1.0,6.0,52.226542,21.059277,10.0
39465,2026-05-11 21:01:23.100000+00:00,52.2236015,21.0598476,86.0,0.09,-0.012,-0.032,0.975,0,0.6573646023491124,,329.2025996776716,-1.0,6.0,52.226542,21.059277,10.0
39470,2026-05-11 21:01:23.600000+00:00,52.2236012,21.0598487,86.2,0.06,-0.011,-0.033,0.975,0,0.5905284543471372,,329.12146242148776,-1.0,6.0,52.226542,21.059277,10.0
39475,2026-05-11 21:01:24.100000+00:00,52.223601,21.0598499,86.4,0.06,-0.009,-0.031,0.977,0,0.6099152653348247,,329.04053405698846,-1.0,6.0,52.226542,21.059277,10.0
39480,2026-05-11 21:01:24.600000+00:00,52.2236007,21.0598511,86.5,0.05,-0.012,-0.032,0.976,0,0.6356452896544,,328.9536475890603,-1.0,6.0,52.226542,21.059277,10.0
39485,2026-05-11 21:01:25.100000+00:00,52.2236006,21.0598521,86.7,0.12,-0.012,-0.032,0.977,0,0.4969266041116545,,328.8901834379134,-1.0,6.0,52.226542,21.059277,10.0
39490,2026-05-11 21:01:25.600000+00:00,52.2236005,21.0598527,86.8,0.09,-0.012,-0.031,0.977,0,0.3049576361842546,,328.8497215978597,-1.0,6.0,52.226542,21.059277,10.0
39495,2026-05-11 21:01:26.100000+00:00,52.2236006,21.0598533,86.9,0.15,-0.011,-0.033,0.976,0,0.3049576361842546,,328.8211834956025,-1.0,6.0,52.226542,21.059277,10.0
39500,2026-05-11 21:01:26.600000+00:00,52.2236006,21.0598537,87.0,0.05,-0.012,-0.033,0.976,0,0.1961739604595333,,328.7981848127882,-1.0,6.0,52.226542,21.059277,10.0
39505,2026-05-11 21:01:27.100000+00:00,52.2236006,21.0598541,87.1,0.03,-0.009,-0.031,0.976,0,0.1961739588996783,,328.7751867793921,-1.0,6.0,52.226542,21.059277,10.0
39510,2026-05-11 21:01:27.600000+00:00,52.2236006,21.0598543,87.2,0.07,-0.01,-0.032,0.976,0,0.0980869810096941,,328.76368800601705,-1.0,6.0,52.226542,21.059277,10.0
39515,2026-05-11 21:01:28.100000+00:00,52.2236006,21.0598545,87.3,0.12,-0.013,-0.032,0.977,0,0.0980869794498391,,328.7521893951848,-1.0,6.0,52.226542,21.059277,10.0
39520,2026-05-11 21:01:28.600000+00:00,52.2236006,21.0598547,87.4,0.12,-0.01,-0.031,0.977,0,0.0980869794498391,,328.7406909467296,-1.0,6.0,52.226542,21.059277,10.0
39525,2026-05-11 21:01:29.100000+00:00,52.2236007,21.0598548,87.5,0.05,-0.01,-0.032,0.976,0,0.0938878206756632,,328.74090537991214,-1.0,6.0,52.226542,21.059277,10.0
39530,2026-05-11 21:01:29.600000+00:00,52.2236007,21.0598548,87.5,0.08,-0.009,-0.032,0.974,0,0.0,,328.74090537991214,-1.0,6.0,52.226542,21.059277,10.0
39535,2026-05-11 21:01:30.100000+00:00,52.2236007,21.0598549,87.6,0.15,-0.009,-0.03,0.977,0,0.0490434903944021,,328.7351563613984,-1.0,6.0,52.226542,21.059277,10.0
39540,2026-05-11 21:01:30.600000+00:00,52.2236007,21.059855,87.7,0.15,-0.011,-0.031,0.976,0,0.0490434888345471,,328.7294073836733,-1.0,6.0,52.226542,21.059277,10.0
39545,2026-05-11 21:01:31.100000+00:00,52.2236006,21.0598553,87.8,0.03,-0.011,-0.032,0.975,0,0.1675023404495604,,328.7061965756135,-1.0,6.0,52.226542,21.059277,10.0
39550,2026-05-11 21:01:31.600000+00:00,52.2236004,21.0598559,87.9,0.11,-0.009,-0.031,0.976,0,0.3350046817722331,,328.65977498205297,-1.0,6.0,52.226542,21.059277,10.0
39555,2026-05-11 21:01:32.100000+00:00,52.2236001,21.0598561,87.9,0.1,-0.009,-0.03,0.978,0,0.2594378367348408,,328.6303856095646,-1.0,6.0,52.226542,21.059277,10.0
39560,2026-05-11 21:01:32.600000+00:00,52.2235996,21.0598563,88.1,0.09,-0.013,-0.033,0.975,0,0.412143825421928,,328.5890723293934,-1.0,6.0,52.226542,21.059277,10.0
39565,2026-05-11 21:01:33.100000+00:00,52.2235993,21.0598565,88.2,0.01,-0.01,-0.032,0.974,0,0.2594378368132022,,328.55968679384944,-1.0,6.0,52.226542,21.059277,10.0
39570,2026-05-11 21:01:33.600000+00:00,52.223599,21.0598566,88.3,0.23,-0.011,-0.029,0.975,0,0.245137092990164,,328.536052643718,-1.0,6.0,52.226542,21.059277,10.0
39575,2026-05-11 21:01:34.100000+00:00,52.2235985,21.0598568,88.4,0.07,-0.009,-0.03,0.978,0,0.412143830946596,,328.4947496128357,-1.0,6.0,52.226542,21.059277,10.0
39580,2026-05-11 21:01:34.600000+00:00,52.223598,21.0598571,88.5,0.07,-0.011,-0.032,0.975,0,0.4264842956676625,,328.44770042186457,-1.0,6.0,52.226542,21.059277,10.0
39585,2026-05-11 21:01:35.100000+00:00,52.2235975,21.0598574,88.7,0.05,-0.012,-0.032,0.975,0,0.4264843057993405,,328.40065517324393,-1.0,6.0,52.226542,21.059277,10.0
39590,2026-05-11 21:01:35.600000+00:00,52.2235971,21.0598574,88.7,0.03,-0.011,-0.031,0.977,0,0.3202413869469289,,328.37682587313765,-1.0,6.0,52.226542,21.059277,10.0
39595,2026-05-11 21:01:36.100000+00:00,52.2235965,21.0598575,88.9,0.11,-0.013,-0.031,0.975,0,0.4828591876776522,,328.3353376318125,-1.0,6.0,52.226542,21.059277,10.0
39600,2026-05-11 21:01:36.600000+00:00,52.2235959,21.0598575,89.0,0.08,-0.012,-0.032,0.976,0,0.4803620829667565,,328.29961077796594,-1.0,6.0,52.226542,21.059277,10.0
39605,2026-05-11 21:01:37.100000+00:00,52.2235954,21.0598573,89.2,0.08,-0.009,-0.031,0.974,0,0.4121438276298702,,328.2813528143347,-1.0,6.0,52.226542,21.059277,10.0
39610,2026-05-11 21:01:37.600000+00:00,52.2235948,21.059857,89.3,0.06,-0.011,-0.031,0.976,0,0.502389402061476,,328.26290766728414,-1.0,6.0,52.226542,21.059277,10.0
39615,2026-05-11 21:01:38.100000+00:00,52.2235944,21.0598567,89.5,0.06,-0.01,-0.032,0.975,0,0.3524229376086544,,328.25637338707133,-1.0,6.0,52.226542,21.059277,10.0
39620,2026-05-11 21:01:38.600000+00:00,52.2235938,21.0598564,89.6,0.13,-0.012,-0.029,0.975,0,0.502389403031828,,328.2379519828872,-1.0,6.0,52.226542,21.059277,10.0
39625,2026-05-11 21:01:39.100000+00:00,52.2235932,21.0598562,89.8,0.14,-0.01,-0.029,0.976,0,0.4902741984567302,,328.2137880653816,-1.0,6.0,52.226542,21.059277,10.0
39630,2026-05-11 21:01:39.600000+00:00,52.2235925,21.0598563,89.9,0.03,-0.013,-0.029,0.975,0,0.5625642797017527,,328.1664222681181,-1.0,6.0,52.226542,21.059277,10.0
39635,2026-05-11 21:01:40.100000+00:00,52.2235918,21.0598564,90.1,0.05,-0.01,-0.03,0.977,0,0.5625642746958148,,328.1190682393204,-1.0,6.0,52.226542,21.059277,10.0
39640,2026-05-11 21:01:40.600000+00:00,52.2235912,21.0598563,90.2,0.05,-0.012,-0.031,0.975,0,0.4828591882721942,,328.0891824299631,-1.0,6.0,52.226542,21.059277,10.0
39645,2026-05-11 21:01:41.100000+00:00,52.2235906,21.0598563,90.4,0.13,-0.014,-0.03,0.976,0,0.4803620829667565,,328.0535486233369,-1.0,6.0,52.226542,21.059277,10.0
39650,2026-05-11 21:01:41.600000+00:00,52.22359,21.0598563,90.5,0.09,-0.011,-0.031,0.976,0,0.4803620829667565,,328.0179245155225,-1.0,6.0,52.226542,21.059277,10.0
39655,2026-05-11 21:01:42.100000+00:00,52.2235894,21.0598563,90.7,0.1,-0.011,-0.03,0.975,0,0.4803620880594828,,327.9823101093025,-1.0,6.0,52.226542,21.059277,10.0
39660,2026-05-11 21:01:42.600000+00:00,52.2235886,21.0598561,90.8,0.14,-0.012,-0.029,0.975,0,0.647950037227085,,327.94636151094176,-1.0,6.0,52.226542,21.059277,10.0
39665,2026-05-11 21:01:43.100000+00:00,52.223588,21.059856,91.0,0.12,-0.012,-0.03,0.977,0,0.4828591886311631,,327.9165327813873,-1.0,6.0,52.226542,21.059277,10.0
39670,2026-05-11 21:01:43.600000+00:00,52.2235874,21.059856,91.1,0.17,-0.01,-0.032,0.975,0,0.4803620829667565,,327.8809526143282,-1.0,6.0,52.226542,21.059277,10.0
39675,2026-05-11 21:01:44.100000+00:00,52.2235867,21.0598558,91.3,0.17,-0.014,-0.03,0.975,0,0.5689414378448072,,327.8509810798748,-1.0,6.0,52.226542,21.059277,10.0
39680,2026-05-11 21:01:44.600000+00:00,52.2235861,21.059856,91.4,0.1,-0.009,-0.031,0.978,0,0.4902742012823217,,327.80389558650614,-1.0,6.0,52.226542,21.059277,10.0
39685,2026-05-11 21:01:45.100000+00:00,52.2235855,21.0598562,91.6,0.15,-0.01,-0.03,0.974,0,0.4902742015474765,,327.7568174754537,-1.0,6.0,52.226542,21.059277,10.0
39690,2026-05-11 21:01:45.600000+00:00,52.223585,21.0598564,91.7,0.17,-0.011,-0.031,0.975,0,0.4121438384147867,,327.71566976830843,-1.0,6.0,52.226542,21.059277,10.0
39695,2026-05-11 21:01:46.100000+00:00,52.2235844,21.0598567,91.8,0.1,-0.012,-0.029,0.977,0,0.5023894121531364,,327.6628397323622,-1.0,6.0,52.226542,21.059277,10.0
39700,2026-05-11 21:01:46.600000+00:00,52.223584,21.0598571,92.0,0.14,-0.011,-0.03,0.976,0,0.3755513233772619,,327.6160921076224,-1.0,6.0,52.226542,21.059277,10.0
39705,2026-05-11 21:01:47.100000+00:00,52.2235834,21.0598577,92.1,0.09,-0.012,-0.03,0.976,0,0.5633269897828161,,327.5459737338645,-1.0,6.0,52.226542,21.059277,10.0
39710,2026-05-11 21:01:47.600000+00:00,52.223583,21.0598583,92.2,0.11,-0.014,-0.031,0.977,0,0.4349070220070978,,327.4876979499564,-1.0,6.0,52.226542,21.059277,10.0
39715,2026-05-11 21:01:48.100000+00:00,52.2235826,21.0598588,92.3,0.14,-0.01,-0.031,0.977,0,0.4033437645222175,,327.4351892154417,-1.0,6.0,52.226542,21.059277,10.0
39720,2026-05-11 21:01:48.600000+00:00,52.2235822,21.0598594,92.4,0.15,-0.011,-0.031,0.975,0,0.4349070218440305,,327.3769151501187,-1.0,6.0,52.226542,21.059277,10.0
39725,2026-05-11 21:01:49.100000+00:00,52.2235818,21.0598602,92.5,0.08,-0.012,-0.03,0.974,0,0.5064499658994484,,327.30710863537934,-1.0,6.0,52.226542,21.059277,10.0
39730,2026-05-11 21:01:49.600000+00:00,52.2235814,21.059861,92.6,0.15,-0.012,-0.029,0.976,0,0.5064499666255929,,327.23730234891605,-1.0,6.0,52.226542,21.059277,10.0
39735,2026-05-11 21:01:50.100000+00:00,52.223581,21.0598618,92.6,0.18,-0.013,-0.03,0.976,0,0.5064499681551514,,327.1674962908655,-1.0,6.0,52.226542,21.059277,10.0
39740,2026-05-11 21:01:50.600000+00:00,52.2235808,21.0598624,92.7,0.1,-0.011,-0.03,0.975,0,0.33500479829304,,327.1210598077485,-1.0,6.0,52.226542,21.059277,10.0
39745,2026-05-11 21:01:51.100000+00:00,52.2235805,21.0598631,92.7,0.05,-0.013,-0.03,0.977,0,0.4189808713176959,,327.06293857423907,-1.0,6.0,52.226542,21.059277,10.0
39750,2026-05-11 21:01:51.600000+00:00,52.2235802,21.0598638,92.8,0.06,-0.011,-0.027,0.977,0,0.4189808719400049,,327.00481736570816,-1.0,6.0,52.226542,21.059277,10.0
39755,2026-05-11 21:01:52.100000+00:00,52.2235799,21.0598645,92.9,0.08,-0.011,-0.029,0.976,0,0.4189808751185432,,326.9466961818024,-1.0,6.0,52.226542,21.059277,10.0
39760,2026-05-11 21:01:52.600000+00:00,52.2235796,21.0598653,92.9,0.06,-0.013,-0.03,0.975,0,0.4600260504274981,,326.8828081862912,-1.0,6.0,52.226542,21.059277,10.0
39765,2026-05-11 21:01:53.100000+00:00,52.2235794,21.059866,93.0,0.06,-0.011,-0.03,0.976,0,0.3788095580109944,,326.83060489433734,-1.0,6.0,52.226542,21.059277,10.0
39770,2026-05-11 21:01:53.600000+00:00,52.2235792,21.0598668,93.0,0.07,-0.012,-0.028,0.977,0,0.4237637025688328,,326.7726350826077,-1.0,6.0,52.226542,21.059277,10.0
39775,2026-05-11 21:01:54.100000+00:00,52.2235791,21.0598674,93.1,0.11,-0.014,-0.03,0.975,0,0.3049577730213702,,326.7321172272653,-1.0,6.0,52.226542,21.059277,10.0
39780,2026-05-11 21:01:54.600000+00:00,52.2235789,21.0598683,93.1,0.14,-0.012,-0.031,0.976,0,0.4695372227348254,,326.6683817558251,-1.0,6.0,52.226542,21.059277,10.0
39785,2026-05-11 21:01:55.100000+00:00,52.2235787,21.0598691,93.2,0.04,-0.012,-0.031,0.977,0,0.4237637056949903,,326.610413075503,-1.0,6.0,52.226542,21.059277,10.0
39790,2026-05-11 21:01:55.600000+00:00,52.2235785,21.0598698,93.2,0.03,-0.011,-0.029,0.975,0,0.3788095621641964,,326.5582108475537,-1.0,6.0,52.226542,21.059277,10.0
39795,2026-05-11 21:01:56.100000+00:00,52.2235783,21.0598705,93.2,0.1,-0.011,-0.03,0.973,0,0.3788095643045137,,326.5060087509784,-1.0,6.0,52.226542,21.059277,10.0
39800,2026-05-11 21:01:56.600000+00:00,52.2235781,21.0598714,93.3,0.12,-0.012,-0.029,0.977,0,0.4695372302101881,,326.44227484813604,-1.0,6.0,52.226542,21.059277,10.0
39805,2026-05-11 21:01:57.100000+00:00,52.2235778,21.0598722,93.3,0.05,-0.01,-0.028,0.976,0,0.4600260653221701,,326.3783870402754,-1.0,6.0,52.226542,21.059277,10.0
39810,2026-05-11 21:01:57.600000+00:00,52.2235776,21.0598729,93.3,0.14,-0.012,-0.031,0.977,0,0.3788095692090785,,326.3261853682193,-1.0,6.0,52.226542,21.059277,10.0
39815,2026-05-11 21:01:58.100000+00:00,52.2235774,21.0598736,93.3,0.07,-0.012,-0.032,0.974,0,0.3788095698713697,,326.2739838281956,-1.0,6.0,52.226542,21.059277,10.0
39820,2026-05-11 21:01:58.600000+00:00,52.2235771,21.0598745,93.3,0.12,-0.012,-0.031,0.976,0,0.5025072280910783,,326.2043303075331,-1.0,6.0,52.226542,21.059277,10.0
39825,2026-05-11 21:01:59.100000+00:00,52.2235769,21.0598755,93.3,0.06,-0.013,-0.029,0.977,0,0.5159120898540168,,326.1348322126493,-1.0,6.0,52.226542,21.059277,10.0
39830,2026-05-11 21:01:59.600000+00:00,52.2235767,21.0598765,93.4,0.07,-0.013,-0.028,0.975,0,0.5159120903732342,,326.06533505160513,-1.0,6.0,52.222015,21.063928,11.0
39835,2026-05-11 21:02:00.100000+00:00,52.2235766,21.0598776,93.4,0.05,-0.011,-0.031,0.976,0,0.5453869325616282,,325.9959961085369,-1.0,6.0,52.222015,21.063928,11.0
39840,2026-05-11 21:02:00.600000+00:00,52.2235764,21.0598787,93.4,0.01,-0.011,-0.03,0.976,0,0.5627396251712602,,325.9207367314506,-1.0,6.0,52.222015,21.063928,11.0
39845,2026-05-11 21:02:01.100000+00:00,52.2235762,21.05988,93.5,0.1,-0.012,-0.031,0.978,0,0.6573649546616077,,325.8339497441117,-1.0,6.0,52.222015,21.063928,11.0
39850,2026-05-11 21:02:01.600000+00:00,52.2235761,21.0598813,93.5,0.02,-0.013,-0.03,0.975,0,0.6425727251991756,,325.7530901509993,-1.0,6.0,52.222015,21.063928,11.0
39855,2026-05-11 21:02:02.100000+00:00,52.2235758,21.0598826,93.5,0.22,-0.011,-0.031,0.975,0,0.6813053558175086,,325.66038317528904,-1.0,6.0,52.222015,21.063928,11.0
39860,2026-05-11 21:02:02.600000+00:00,52.2235757,21.0598842,93.5,0.1,-0.012,-0.031,0.972,0,0.7887698697233417,,325.5622401645037,-1.0,6.0,52.222015,21.063928,11.0
39865,2026-05-11 21:02:03.100000+00:00,52.2235756,21.0598858,93.6,0.05,-0.012,-0.029,0.976,0,0.788769873550047,,325.4641044342512,-1.0,6.0,52.222015,21.063928,11.0
39870,2026-05-11 21:02:03.600000+00:00,52.2235754,21.0598877,93.6,0.15,-0.01,-0.028,0.975,0,0.9454839447148454,,325.34275960787227,-1.0,6.0,52.222015,21.063928,11.0
39875,2026-05-11 21:02:04.100000+00:00,52.2235752,21.0598896,93.6,0.05,-0.012,-0.031,0.974,0,0.9454839512509228,,325.22142252922856,-1.0,6.0,52.222015,21.063928,11.0
39880,2026-05-11 21:02:04.600000+00:00,52.223575,21.0598914,93.6,0.12,-0.01,-0.031,0.979,0,0.8971872932342463,,325.1058542743735,-1.0,6.0,52.222015,21.063928,11.0
39885,2026-05-11 21:02:05.100000+00:00,52.2235749,21.0598932,93.7,0.06,-0.012,-0.032,0.976,0,0.886406264199635,,324.9962268628045,-1.0,6.0,52.222015,21.063928,11.0
39890,2026-05-11 21:02:05.600000+00:00,52.2235746,21.0598949,93.7,0.08,-0.011,-0.03,0.975,0,0.8676456728062615,,324.8804978833361,-1.0,6.0,52.222015,21.063928,11.0
39895,2026-05-11 21:02:06.100000+00:00,52.2235744,21.0598965,93.8,0.08,-0.011,-0.031,0.975,0,0.8008663576876093,,324.77646838038527,-1.0,6.0,52.222015,21.063928,11.0
39900,2026-05-11 21:02:06.600000+00:00,52.2235742,21.0598981,93.8,0.06,-0.01,-0.029,0.976,0,0.8008663601322765,,324.67244365321875,-1.0,6.0,52.222015,21.063928,11.0
39905,2026-05-11 21:02:07.100000+00:00,52.223574,21.0598996,93.9,0.09,-0.012,-0.029,0.977,0,0.7528769241724214,,324.57418248705085,-1.0,6.0,52.222015,21.063928,11.0
39910,2026-05-11 21:02:07.600000+00:00,52.2235738,21.059901,94.0,0.04,-0.01,-0.029,0.976,0,0.7050325736046841,,324.4816836835769,-1.0,6.0,52.222015,21.063928,11.0
39915,2026-05-11 21:02:08.100000+00:00,52.2235735,21.0599025,94.0,0.18,-0.011,-0.029,0.975,0,0.7738681844266299,,324.37748958650235,-1.0,6.0,52.222015,21.063928,11.0
39920,2026-05-11 21:02:08.600000+00:00,52.2235732,21.0599038,94.1,0.15,-0.012,-0.031,0.975,0,0.6813053907512858,,324.284813415103,-1.0,6.0,52.222015,21.063928,11.0
39925,2026-05-11 21:02:09.100000+00:00,52.2235729,21.059905,94.2,0.06,-0.012,-0.03,0.976,0,0.6356456269355402,,324.1978961076701,-1.0,6.0,52.222015,21.063928,11.0
39930,2026-05-11 21:02:09.600000+00:00,52.2235727,21.0599059,94.2,0.06,-0.011,-0.031,0.975,0,0.4695372806688843,,324.13419402491365,-1.0,6.0,52.222015,21.063928,11.0
39935,2026-05-11 21:02:10.100000+00:00,52.2235725,21.059907,94.3,0.08,-0.012,-0.032,0.977,0,0.562739669144555,,324.05897773793606,-1.0,6.0,52.222015,21.063928,11.0
39940,2026-05-11 21:02:10.600000+00:00,52.2235723,21.0599084,94.4,0.02,-0.012,-0.028,0.976,0,0.7050325977111382,,323.9664916574202,-1.0,6.0,52.222015,21.063928,11.0
39945,2026-05-11 21:02:11.100000+00:00,52.2235721,21.0599097,94.4,0.1,-0.012,-0.029,0.977,0,0.6573650102428426,,323.8797654320082,-1.0,6.0,52.222015,21.063928,11.0
39950,2026-05-11 21:02:11.600000+00:00,52.223572,21.0599109,94.5,0.18,-0.011,-0.029,0.975,0,0.5939428492132977,,323.80474302572736,-1.0,6.0,52.222015,21.063928,11.0
39955,2026-05-11 21:02:12.100000+00:00,52.2235718,21.0599123,94.6,0.15,-0.012,-0.03,0.975,0,0.7050326056027387,,323.7122663882926,-1.0,6.0,52.222015,21.063928,11.0
39960,2026-05-11 21:02:12.600000+00:00,52.2235716,21.0599134,94.6,0.05,-0.011,-0.032,0.976,0,0.5627396810757125,,323.6370598466,-1.0,6.0,52.222015,21.063928,11.0
39965,2026-05-11 21:02:13.100000+00:00,52.2235714,21.0599146,94.7,0.1,-0.01,-0.031,0.975,0,0.6099156452118566,,323.55609927183787,-1.0,6.0,52.222015,21.063928,11.0
39970,2026-05-11 21:02:13.600000+00:00,52.2235713,21.0599158,94.8,0.02,-0.008,-0.028,0.976,0,0.5939428570330547,,323.4810888164722,-1.0,6.0,52.222015,21.063928,11.0
39975,2026-05-11 21:02:14.100000+00:00,52.2235711,21.0599168,94.8,0.13,-0.012,-0.029,0.976,0,0.5159121507487275,,323.4116423790056,-1.0,6.0,52.222015,21.063928,11.0
39980,2026-05-11 21:02:14.600000+00:00,52.2235708,21.059918,94.8,0.04,-0.011,-0.03,0.974,0,0.6356456565529411,,323.32473829715946,-1.0,6.0,52.222015,21.063928,11.0
39985,2026-05-11 21:02:15.100000+00:00,52.2235706,21.0599192,94.9,0.06,-0.009,-0.031,0.976,0,0.6099156541056772,,323.2437848514748,-1.0,6.0,52.222015,21.063928,11.0
39990,2026-05-11 21:02:15.600000+00:00,52.2235704,21.0599205,94.9,0.07,-0.012,-0.031,0.976,0,0.6573650354288837,,323.15707926393367,-1.0,6.0,52.222015,21.063928,11.0
39995,2026-05-11 21:02:16.100000+00:00,52.2235703,21.0599218,94.9,0.07,-0.011,-0.03,0.975,0,0.6425728084602602,,323.0763280326379,-1.0,6.0,52.222015,21.063928,11.0
40000,2026-05-11 21:02:16.600000+00:00,52.2235702,21.059923,94.9,0.09,-0.01,-0.03,0.975,0,0.5939428728516742,,323.00133448217474,-1.0,6.0,52.222015,21.063928,11.0
40005,2026-05-11 21:02:17.100000+00:00,52.22357,21.059924,94.9,0.12,-0.011,-0.03,0.974,0,0.5159121592342971,,322.9318967452902,-1.0,6.0,52.222015,21.063928,11.0
40010,2026-05-11 21:02:17.600000+00:00,52.2235697,21.0599253,95.0,0.08,-0.012,-0.031,0.977,0,0.6813054377775228,,322.8392474992912,-1.0,6.0,52.222015,21.063928,11.0
40015,2026-05-11 21:02:18.100000+00:00,52.2235694,21.0599266,95.0,0.05,-0.013,-0.029,0.977,0,0.6813054382176589,,322.74659940076714,-1.0,6.0,52.222015,21.063928,11.0
40020,2026-05-11 21:02:18.600000+00:00,52.2235692,21.0599278,95.0,0.07,-0.009,-0.031,0.976,0,0.609915673346584,,322.6656600329292,-1.0,6.0,52.222015,21.063928,11.0
40025,2026-05-11 21:02:19.100000+00:00,52.223569,21.059929,95.0,0.12,-0.009,-0.031,0.975,0,0.6099156759042865,,322.58472260170663,-1.0,6.0,52.222015,21.063928,11.0
40030,2026-05-11 21:02:19.600000+00:00,52.2235688,21.0599301,95.0,0.12,-0.012,-0.03,0.976,0,0.5627397122375686,,322.5095388770439,-1.0,6.0,52.222015,21.063928,11.0
40035,2026-05-11 21:02:20.100000+00:00,52.2235685,21.059931,95.0,0.09,-0.011,-0.03,0.974,0,0.5025073056128617,,322.4399027988516,-1.0,6.0,52.222015,21.063928,11.0
40040,2026-05-11 21:02:20.600000+00:00,52.2235683,21.0599318,95.0,0.08,-0.009,-0.03,0.976,0,0.4237637936613355,,322.3819754655445,-1.0,6.0,52.222015,21.063928,11.0
40045,2026-05-11 21:02:21.100000+00:00,52.2235681,21.0599325,95.0,0.08,-0.012,-0.03,0.974,0,0.3788096322047042,,322.32979999028134,-1.0,6.0,52.222015,21.063928,11.0
40050,2026-05-11 21:02:21.600000+00:00,52.223568,21.0599332,95.0,0.06,-0.012,-0.031,0.974,0,0.3525163325480265,,322.283582298162,-1.0,6.0,52.222015,21.063928,11.0
40055,2026-05-11 21:02:22.100000+00:00,52.2235676,21.0599337,95.0,0.13,-0.013,-0.032,0.977,0,0.4033438139335922,,322.23099497042904,-1.0,6.0,52.222015,21.063928,11.0
40060,2026-05-11 21:02:22.600000+00:00,52.2235673,21.0599344,95.0,0.14,-0.012,-0.031,0.976,0,0.4189809578557404,,322.17286229297235,-1.0,6.0,52.222015,21.063928,11.0
40065,2026-05-11 21:02:23.100000+00:00,52.2235669,21.0599351,95.0,0.04,-0.012,-0.03,0.976,0,0.4694812623341956,,322.10877271047013,-1.0,6.0,52.222015,21.063928,11.0
40070,2026-05-11 21:02:23.600000+00:00,52.2235666,21.0599357,95.0,0.12,-0.012,-0.028,0.974,0,0.3798375514057511,,322.0563919452248,-1.0,6.0,52.222015,21.063928,11.0
40075,2026-05-11 21:02:24.100000+00:00,52.2235663,21.0599364,94.9,0.05,-0.011,-0.031,0.976,0,0.4189809612710776,,321.9982594375393,-1.0,6.0,52.222015,21.063928,11.0
40080,2026-05-11 21:02:24.600000+00:00,52.223566,21.059937,94.9,0.12,-0.012,-0.031,0.975,0,0.3798375544859814,,321.9458788451702,-1.0,6.0,52.222015,21.063928,11.0
40085,2026-05-11 21:02:25.100000+00:00,52.2235655,21.0599378,94.9,0.08,-0.01,-0.03,0.978,0,0.5605163802223471,,321.8700822786664,-1.0,6.0,52.222015,21.063928,11.0
40090,2026-05-11 21:02:25.600000+00:00,52.223565,21.0599385,94.8,0.09,-0.011,-0.03,0.977,0,0.5273514924226129,,321.8000390301252,-1.0,6.0,52.222015,21.063928,11.0
40095,2026-05-11 21:02:26.100000+00:00,52.2235646,21.0599391,94.8,0.06,-0.01,-0.031,0.975,0,0.4349071007565701,,321.7417044389091,-1.0,6.0,52.222015,21.063928,11.0
40100,2026-05-11 21:02:26.600000+00:00,52.2235642,21.0599398,94.8,0.17,-0.01,-0.03,0.976,0,0.4694812799314196,,321.6776179170496,-1.0,6.0,52.222015,21.063928,11.0
40105,2026-05-11 21:02:27.100000+00:00,52.2235637,21.0599405,94.8,0.12,-0.011,-0.029,0.975,0,0.5273515028312418,,321.60757793643506,-1.0,6.0,52.222015,21.063928,11.0
40110,2026-05-11 21:02:27.600000+00:00,52.2235632,21.0599411,94.9,0.13,-0.009,-0.031,0.974,0,0.4968210166755894,,321.54329256277606,-1.0,6.0,52.222015,21.063928,11.0
40115,2026-05-11 21:02:28.100000+00:00,52.2235627,21.0599417,94.9,0.05,-0.013,-0.031,0.975,0,0.4968210227413883,,321.4790091440817,-1.0,6.0,52.222015,21.063928,11.0
40120,2026-05-11 21:02:28.600000+00:00,52.2235623,21.0599422,95.0,0.03,-0.017,-0.033,0.975,0,0.4033438357708084,,321.42643307598667,-1.0,6.0,52.222015,21.063928,11.0
40125,2026-05-11 21:02:29.100000+00:00,52.2235619,21.0599429,95.0,0.19,-0.012,-0.029,0.977,0,0.4694812906008986,,321.36235040677536,-1.0,6.0,52.222015,21.063928,11.0
40130,2026-05-11 21:02:29.600000+00:00,52.2235615,21.0599434,95.1,0.1,-0.013,-0.029,0.975,0,0.4033438353615399,,321.30977622717097,-1.0,6.0,52.222015,21.063928,11.0
40135,2026-05-11 21:02:30.100000+00:00,52.2235611,21.0599439,95.2,0.09,-0.012,-0.03,0.975,0,0.4033438397995849,,321.2572032117569,-1.0,6.0,52.222015,21.063928,11.0
40140,2026-05-11 21:02:30.600000+00:00,52.2235607,21.0599444,95.3,0.18,-0.01,-0.028,0.975,0,0.4033438370990578,,321.2046313616791,-1.0,6.0,52.222015,21.063928,11.0
40145,2026-05-11 21:02:31.100000+00:00,52.2235603,21.0599451,95.4,0.03,-0.011,-0.031,0.974,0,0.4694812996462434,,321.14055132125253,-1.0,6.0,52.222015,21.063928,11.0
40150,2026-05-11 21:02:31.600000+00:00,52.2235597,21.0599457,95.5,0.09,-0.012,-0.032,0.976,0,0.56332707182129,,321.070329317302,-1.0,6.0,52.222015,21.063928,11.0
40155,2026-05-11 21:02:32.100000+00:00,52.2235592,21.0599462,95.7,0.07,-0.012,-0.03,0.976,0,0.4694392292802387,,321.0118138126221,-1.0,6.0,52.222015,21.063928,11.0
40160,2026-05-11 21:02:32.600000+00:00,52.2235587,21.0599468,95.8,0.06,-0.01,-0.03,0.978,0,0.4968210384410352,,320.94754522360944,-1.0,6.0,52.222015,21.063928,11.0
40165,2026-05-11 21:02:33.100000+00:00,52.2235582,21.0599475,95.9,0.11,-0.009,-0.031,0.974,0,0.5273515266467225,,320.8775226964271,-1.0,6.0,52.222015,21.063928,11.0
40170,2026-05-11 21:02:33.600000+00:00,52.2235576,21.0599481,96.0,0.1,-0.012,-0.031,0.975,0,0.5633270790905222,,320.80731250344763,-1.0,6.0,52.222015,21.063928,11.0
40175,2026-05-11 21:02:34.100000+00:00,52.223557,21.0599488,96.1,0.09,-0.011,-0.03,0.976,0,0.5904285668414728,,320.7313493792146,-1.0,6.0,52.222015,21.063928,11.0
40180,2026-05-11 21:02:34.600000+00:00,52.2235565,21.0599494,96.2,0.07,-0.012,-0.03,0.976,0,0.4968210470758409,,320.66708956231525,-1.0,6.0,52.222015,21.063928,11.0
40185,2026-05-11 21:02:35.100000+00:00,52.2235559,21.0599499,96.3,0.05,-0.009,-0.029,0.975,0,0.5393324100156482,,320.6026464436715,-1.0,6.0,52.222015,21.063928,11.0
40190,2026-05-11 21:02:35.600000+00:00,52.2235554,21.0599503,96.4,0.04,-0.015,-0.031,0.976,0,0.4457866952317882,,320.5499069377582,-1.0,6.0,52.222015,21.063928,11.0
40195,2026-05-11 21:02:36.100000+00:00,52.2235549,21.0599507,96.4,0.06,-0.01,-0.032,0.977,0,0.4457867007769419,,320.49717071339563,-1.0,6.0,52.222015,21.063928,11.0
40200,2026-05-11 21:02:36.600000+00:00,52.2235544,21.0599511,96.5,0.07,-0.012,-0.032,0.978,0,0.4457867010625608,,320.4444377727652,-1.0,6.0,52.222015,21.063928,11.0
40205,2026-05-11 21:02:37.100000+00:00,52.2235539,21.0599515,96.6,0.1,-0.011,-0.03,0.974,0,0.4457867027210493,,320.3917081171221,-1.0,6.0,52.222015,21.063928,11.0
40210,2026-05-11 21:02:37.600000+00:00,52.2235535,21.059952,96.6,0.14,-0.012,-0.03,0.977,0,0.4033438612717176,,320.3391604214532,-1.0,6.0,52.222015,21.063928,11.0
40215,2026-05-11 21:02:38.100000+00:00,52.2235527,21.0599523,96.7,0.39,0.013,-0.036,0.972,0,0.6571648283950162,,320.27438593590244,-1.0,6.0,52.222015,21.063928,11.0
40220,2026-05-11 21:02:38.600000+00:00,52.2235515,21.0599525,96.7,0.97,0.037,-0.038,0.978,0,0.9657183853839976,,320.19165071346345,-1.0,6.0,52.222015,21.063928,11.0
40225,2026-05-11 21:02:39.100000+00:00,52.2235488,21.0599527,96.7,1.9,0.045,-0.035,0.979,0,2.1638536464172216,,320.0200330920992,-1.0,6.0,52.222015,21.063928,11.0
40230,2026-05-11 21:02:39.600000+00:00,52.223545,21.0599519,96.6,2.97,0.064,-0.039,0.979,0,3.067488414044012,,319.841198737237,-1.0,6.0,52.222015,21.063928,11.0
40235,2026-05-11 21:02:40.100000+00:00,52.2235394,21.0599512,96.5,4.83,0.075,-0.04,0.974,0,4.496504138701006,,319.5508493701013,-1.0,6.0,52.222015,21.063928,11.0
40240,2026-05-11 21:02:40.600000+00:00,52.2235317,21.0599509,96.5,6.37,0.087,-0.044,0.982,0,6.166402250891174,,319.1148715568579,-1.0,6.0,52.222015,21.063928,11.0
40245,2026-05-11 21:02:41.100000+00:00,52.2235219,21.05995,96.6,8.15,0.091,-0.042,0.966,0,7.858320047450883,,318.5924783445401,-1.0,6.0,52.222015,21.063928,11.0
40250,2026-05-11 21:02:41.600000+00:00,52.2235097,21.0599504,96.5,9.98,0.069,-0.042,0.997,0,9.769332205967435,,317.85790348431743,-1.0,6.0,52.222015,21.063928,11.0
40255,2026-05-11 21:02:42.100000+00:00,52.2234961,21.0599529,96.6,11.7,0.079,-0.046,0.923,0,10.957022997293263,,316.9243193302697,-1.0,6.0,52.222015,21.063928,11.0
40260,2026-05-11 21:02:42.600000+00:00,52.2234803,21.0599521,96.5,13.25,0.049,-0.065,1.003,0,12.65561811209396,,316.06165039997626,-1.0,6.0,52.222015,21.063928,11.0
40265,2026-05-11 21:02:43.100000+00:00,52.223462,21.0599512,96.4,15.03,0.048,-0.073,0.962,0,14.6576909571064,,315.07023057118874,-1.0,6.0,52.222015,21.063928,11.0
40270,2026-05-11 21:02:43.600000+00:00,52.223442,21.0599491,96.4,15.75,0.028,-0.076,0.989,0,16.045158024784904,,314.06385079830306,-1.0,6.0,52.222015,21.063928,11.0
40275,2026-05-11 21:02:44.100000+00:00,52.2234207,21.0599447,96.3,17.3,0.039,-0.069,0.941,0,17.188846799164455,,313.1336349856241,-1.0,6.0,52.222015,21.063928,11.0
40280,2026-05-11 21:02:44.600000+00:00,52.223398,21.0599417,96.3,17.96,0.023,-0.041,0.973,0,18.23315892825684,,312.05919797479555,-1.0,6.0,52.222015,21.063928,11.0
40285,2026-05-11 21:02:45.100000+00:00,52.2233738,21.0599366,96.2,19.77,0.029,-0.023,0.97,0,19.535389247384774,,311.04561570944173,-1.0,6.0,52.222015,21.063928,11.0
40290,2026-05-11 21:02:45.600000+00:00,52.2233481,21.0599346,96.2,20.23,0.003,0.02,0.98,0,20.59887607855671,,309.7872345354418,-1.0,6.0,52.222015,21.063928,11.0
40295,2026-05-11 21:02:46.100000+00:00,52.2233219,21.0599344,96.1,20.77,0.015,0.08,0.969,0,20.976040298014603,,308.4159067365924,-1.0,6.0,52.222015,21.063928,11.0
40300,2026-05-11 21:02:46.600000+00:00,52.2232953,21.0599398,96.0,21.57,-0.009,0.086,0.985,0,21.46009524173328,,306.7075458518757,-1.0,6.0,52.222015,21.063928,11.0
40305,2026-05-11 21:02:47.100000+00:00,52.2232677,21.0599489,96.0,22.44,-0.014,0.071,0.942,0,22.54285862481793,,304.7437538296258,-1.0,6.0,52.222015,21.063928,11.0
40310,2026-05-11 21:02:47.600000+00:00,52.2232398,21.0599627,96.0,22.96,-0.04,0.118,1.014,0,23.3396838623723,,302.49869123466743,-1.0,6.0,52.222015,21.063928,11.0
40315,2026-05-11 21:02:48.100000+00:00,52.2232129,21.0599807,96.0,23.59,-0.029,0.101,0.956,0,23.275334865564552,,300.0647488261491,-1.0,6.0,52.222015,21.063928,11.0
40320,2026-05-11 21:02:48.600000+00:00,52.2231865,21.0600034,95.9,25.37,-0.003,0.1,0.931,0,23.88871467761849,,297.38250096886946,-1.0,6.0,52.222015,21.063928,11.0
40325,2026-05-11 21:02:49.100000+00:00,52.2231604,21.0600301,95.8,25.14,-0.02,0.121,0.993,0,24.659775982780097,,294.4819137952996,-1.0,6.0,52.222015,21.063928,11.0
40330,2026-05-11 21:02:49.600000+00:00,52.2231354,21.0600615,95.7,25.99,-0.042,0.156,1.005,0,25.253869713378123,,291.3554860573134,-1.0,6.0,52.222015,21.063928,11.0
40335,2026-05-11 21:02:50.100000+00:00,52.2231114,21.060098,95.6,26.95,-0.014,0.129,0.933,0,26.26108415937048,,287.97006163473293,-1.0,6.0,52.222015,21.063928,11.0
40340,2026-05-11 21:02:50.600000+00:00,52.2230888,21.0601391,95.5,28.08,-0.017,0.134,0.991,0,27.08668486390861,,284.3719552869333,-1.0,6.0,52.222015,21.063928,11.0
40345,2026-05-11 21:02:51.100000+00:00,52.2230673,21.0601834,95.3,29.01,-0.016,0.127,0.933,0,27.718734512160346,,280.63094372831154,-1.0,6.0,52.222015,21.063928,11.0
40350,2026-05-11 21:02:51.600000+00:00,52.2230473,21.0602329,95.2,29.65,-0.025,0.138,1.007,0,29.08179119271912,,276.6396754364688,-1.0,6.0,52.222015,21.063928,11.0
40355,2026-05-11 21:02:52.100000+00:00,52.2230287,21.0602845,95.0,30.2,-0.011,0.096,0.981,0,29.362914450674293,,272.5838674748444,-1.0,6.0,52.222015,21.063928,11.0
40360,2026-05-11 21:02:52.600000+00:00,52.2230109,21.0603386,94.8,30.46,-0.013,0.043,0.974,0,30.117720761964637,,268.4102668805795,-1.0,6.0,52.222015,21.063928,11.0
40365,2026-05-11 21:02:53.100000+00:00,52.2229936,21.0603952,94.6,31.67,-0.018,0.04,0.97,0,31.022510876663684,,264.1046727040122,-1.0,6.0,52.222015,21.063928,11.0
40370,2026-05-11 21:02:53.600000+00:00,52.2229764,21.0604533,94.5,32.21,-0.014,0.03,0.966,0,31.647577483633714,,259.710631987031,-1.0,6.0,52.222015,21.063928,11.0
40375,2026-05-11 21:02:54.100000+00:00,52.2229589,21.0605126,94.4,32.82,-0.01,-0.018,0.967,0,32.28201626310062,,255.2284129019028,-1.0,6.0,52.222015,21.063928,11.0
40380,2026-05-11 21:02:54.600000+00:00,52.2229409,21.060573,94.3,33.54,-0.012,-0.02,0.961,0,32.94203141184727,,250.65508917907732,-1.0,6.0,52.222015,21.063928,11.0
40385,2026-05-11 21:02:55.100000+00:00,52.222923,21.0606349,94.2,34.46,-0.013,-0.005,0.981,0,33.57086490393371,,245.9932211438065,-1.0,6.0,52.222015,21.063928,11.0
40390,2026-05-11 21:02:55.600000+00:00,52.2229052,21.0606978,94.2,34.65,-0.015,-0.011,0.972,0,33.98137850097024,,241.2738181104097,-1.0,6.0,52.222015,21.063928,11.0
40395,2026-05-11 21:02:56.100000+00:00,52.2228869,21.060762,94.1,35.76,-0.002,-0.036,0.951,0,34.728197910443804,,236.4508601249603,-1.0,6.0,52.222015,21.063928,11.0
40400,2026-05-11 21:02:56.600000+00:00,52.2228678,21.0608268,94.0,35.95,-0.03,-0.024,0.996,0,35.2681671536626,,231.55419413103675,-1.0,6.0,52.222015,21.063928,11.0
40405,2026-05-11 21:02:57.100000+00:00,52.2228486,21.0608927,94.0,36.5,-0.023,-0.018,0.971,0,35.78939816097161,,226.58467686618965,-1.0,6.0,52.222015,21.063928,11.0
40410,2026-05-11 21:02:57.600000+00:00,52.2228296,21.06096,93.9,37.36,-0.019,-0.031,0.963,0,36.343360319787095,,221.5372680723545,-1.0,6.0,52.222015,21.063928,11.0
40415,2026-05-11 21:02:58.100000+00:00,52.2228094,21.0610277,93.9,37.58,-0.016,-0.029,0.973,0,36.932109602583175,,216.4105063234493,-1.0,6.0,52.222015,21.063928,11.0
40420,2026-05-11 21:02:58.600000+00:00,52.2227885,21.0610967,93.8,38.29,-0.018,-0.023,0.975,0,37.75139491847106,,211.1712942192508,-1.0,6.0,52.222015,21.063928,11.0
40425,2026-05-11 21:02:59.100000+00:00,52.2227671,21.0611662,93.7,38.86,-0.021,-0.012,0.965,0,38.14947454241547,,205.87857650432755,-1.0,6.0,52.222015,21.063928,11.0
40430,2026-05-11 21:02:59.600000+00:00,52.2227465,21.0612376,93.7,39.23,-0.027,-0.015,0.976,0,38.70711587378933,,200.5039089234552,-1.0,6.0,52.222015,21.063928,11.0
40435,2026-05-11 21:03:00.100000+00:00,52.2227256,21.0613097,93.7,39.66,-0.017,-0.015,0.964,0,39.12012024501388,,195.0722043900826,-1.0,6.0,52.222015,21.063928,11.0
40440,2026-05-11 21:03:00.600000+00:00,52.2227051,21.0613832,93.8,40.26,-0.023,-0.02,0.97,0,39.60809806403149,,189.57137570286625,-1.0,6.0,52.222015,21.063928,11.0
40445,2026-05-11 21:03:01.100000+00:00,52.2226856,21.0614586,93.8,40.48,-0.023,-0.018,0.965,0,40.13993101323176,,183.99724011667055,-1.0,6.0,52.222015,21.063928,11.0
40450,2026-05-11 21:03:01.600000+00:00,52.2226669,21.0615356,93.9,40.99,-0.029,-0.014,0.98,0,40.62363494844675,,178.35968176635686,-1.0,6.0,52.222015,21.063928,11.0
40455,2026-05-11 21:03:02.100000+00:00,52.2226466,21.0616119,93.9,41.47,-0.026,-0.018,0.964,0,40.79785850141661,,172.69353820024384,-1.0,6.0,52.222015,21.063928,11.0
40460,2026-05-11 21:03:02.600000+00:00,52.2226273,21.0616896,93.8,41.57,-0.025,-0.002,0.969,0,41.12108944682864,,166.98560628548177,-1.0,6.0,52.222015,21.063928,11.0
40465,2026-05-11 21:03:03.100000+00:00,52.2226068,21.0617671,93.7,41.98,-0.036,-0.015,0.98,0,41.40158887056104,,161.23583875885842,-1.0,6.0,52.222015,21.063928,11.0
40470,2026-05-11 21:03:03.600000+00:00,52.2225862,21.0618453,93.7,42.48,-0.026,-0.004,0.965,0,41.74857393087899,,155.4380386886913,-1.0,6.0,52.222015,21.063928,11.0
40475,2026-05-11 21:03:04.100000+00:00,52.222566,21.0619244,93.7,42.87,-0.029,-0.008,0.969,0,42.03019277851775,,149.60255543781108,-1.0,6.0,52.222015,21.063928,11.0
40480,2026-05-11 21:03:04.600000+00:00,52.2225462,21.0620046,93.6,43.15,-0.027,-0.01,0.965,0,42.407928843190845,,143.71718906492146,-1.0,6.0,52.222015,21.063928,11.0
40485,2026-05-11 21:03:05.100000+00:00,52.2225258,21.0620854,93.6,43.67,-0.028,-0.025,0.969,0,42.86175323445208,,137.7674679773956,-1.0,6.0,52.222015,21.063928,11.0
40490,2026-05-11 21:03:05.600000+00:00,52.2225053,21.0621671,93.5,43.85,-0.027,-0.023,0.953,0,43.30048026547823,,131.75762930360835,-1.0,6.0,52.222015,21.063928,11.0
40495,2026-05-11 21:03:06.100000+00:00,52.2224851,21.0622499,93.3,44.32,-0.036,-0.028,0.971,0,43.71077998032359,,125.69389684303135,-1.0,6.0,52.222015,21.063928,11.0
40500,2026-05-11 21:03:06.600000+00:00,52.2224648,21.0623333,93.2,44.53,-0.033,-0.013,0.977,0,44.013818397148206,,119.58911840704768,-1.0,6.0,52.222015,21.063928,11.0
40505,2026-05-11 21:03:07.100000+00:00,52.2224446,21.0624178,93.1,44.96,-0.03,-0.022,0.959,0,44.48648036892288,,113.4219416095222,-1.0,6.0,52.222015,21.063928,11.0
40510,2026-05-11 21:03:07.600000+00:00,52.2224244,21.0625033,92.9,45.48,-0.031,-0.009,0.965,0,44.94374408503023,,107.19441257105008,-1.0,6.0,52.222015,21.063928,11.0
40515,2026-05-11 21:03:08.100000+00:00,52.2224036,21.0625891,92.8,45.77,-0.037,-0.015,1.001,0,45.25561655177252,,100.92164639784788,-1.0,6.0,52.222015,21.063928,11.0
40520,2026-05-11 21:03:08.600000+00:00,52.2223831,21.0626762,92.7,46.33,-0.021,-0.015,0.939,0,45.76239684404852,,94.58514608422688,-1.0,6.0,52.222015,21.063928,11.0
40525,2026-05-11 21:03:09.100000+00:00,52.2223624,21.0627642,92.6,46.71,-0.028,-0.002,0.985,0,46.23188150484759,,88.18657910096013,-1.0,6.0,52.222015,21.063928,11.0
40530,2026-05-11 21:03:09.600000+00:00,52.2223419,21.0628531,92.6,47.25,-0.014,-0.007,0.947,0,46.587588437875056,,81.74650444356763,-1.0,6.0,52.222015,21.063928,11.0
40535,2026-05-11 21:03:10.100000+00:00,52.2223213,21.0629429,92.5,47.58,-0.044,-0.015,0.986,0,47.028986766489496,11.0,75.25194140753908,-1.0,6.0,52.222015,21.063928,11.0
40540,2026-05-11 21:03:10.600000+00:00,52.2223009,21.0630331,92.4,47.82,-0.021,-0.02,0.96,0,47.1570818936533,11.0,68.75054829165542,-1.0,6.0,52.222015,21.063928,11.0
40545,2026-05-11 21:03:11.100000+00:00,52.2222805,21.0631245,92.3,48.5,-0.031,-0.021,0.984,0,47.709650746215694,11.0,62.18730323110759,-1.0,6.0,52.222015,21.063928,11.0
40550,2026-05-11 21:03:11.600000+00:00,52.2222598,21.0632168,92.3,48.84,-0.033,-0.013,0.968,0,48.20668371455689,11.0,55.56922835624489,-1.0,6.0,52.222015,21.063928,11.0
40555,2026-05-11 21:03:12.100000+00:00,52.2222398,21.0633104,92.2,49.34,-0.043,-0.008,0.967,0,48.61848068105037,11.0,48.93567234917494,-1.0,6.0,52.222015,21.063928,11.0
40560,2026-05-11 21:03:12.600000+00:00,52.2222198,21.0634048,92.1,49.71,-0.04,-0.017,0.968,0,48.98914129224293,11.0,42.29382829960412,-1.0,6.0,52.222015,21.063928,11.0
40565,2026-05-11 21:03:13.100000+00:00,52.2221993,21.0634997,92.1,49.84,-0.029,-0.011,0.959,0,49.35265675175647,11.0,35.653268950770894,-1.0,6.0,52.222015,21.063928,11.0
40570,2026-05-11 21:03:13.600000+00:00,52.222179,21.063596,92.0,50.37,-0.031,0.0,0.968,0,49.948419739292106,11.0,29.051689953794323,-1.0,6.0,52.222015,21.063928,11.0
40575,2026-05-11 21:03:14.100000+00:00,52.2221598,21.0636936,92.0,50.61,-0.038,-0.003,0.992,0,50.27554121978296,11.0,22.675663232122204,-1.0,6.0,52.222015,21.063928,11.0
40580,2026-05-11 21:03:14.600000+00:00,52.2221403,21.0637917,91.9,51.13,-0.026,-0.012,0.959,0,50.58271148370692,11.0,16.742854712168764,-1.0,6.0,52.222015,21.063928,11.0
40585,2026-05-11 21:03:15.100000+00:00,52.2221211,21.0638907,91.8,51.36,-0.031,-0.016,0.956,0,50.92976443571195,11.0,12.068280068313484,-1.0,6.0,52.222015,21.063928,11.0
40590,2026-05-11 21:03:15.600000+00:00,52.2221019,21.0639903,91.8,51.64,-0.043,-0.015,1.017,0,51.21040901143202,11.0,10.553675055815836,-1.0,6.0,52.222015,21.063928,11.0
40595,2026-05-11 21:03:16.100000+00:00,52.2220829,21.0640909,91.8,52.38,-0.009,-0.023,0.929,0,51.63107318910208,11.0,13.42148857776799,-1.0,6.0,52.222015,21.063928,11.0
40600,2026-05-11 21:03:16.600000+00:00,52.2220635,21.0641919,91.8,52.24,-0.045,-0.003,0.999,0,51.91350925063867,11.0,18.767954384621437,-1.0,6.0,52.222015,21.063928,11.0
40605,2026-05-11 21:03:17.100000+00:00,52.2220449,21.0642939,91.8,52.53,-0.022,-0.011,0.963,0,52.19539669984592,11.0,25.145278930425437,-1.0,6.0,52.222015,21.063928,11.0
40610,2026-05-11 21:03:17.600000+00:00,52.2220257,21.0643959,91.9,53.0,-0.032,0.001,0.961,0,52.3344883792782,11.0,31.8947903795156,-1.0,6.0,52.222015,21.063928,11.0
40615,2026-05-11 21:03:18.100000+00:00,52.2220067,21.064499,91.9,53.18,-0.036,-0.008,0.995,0,52.804099070372295,11.0,38.90655263064504,-1.0,6.0,52.222015,21.063928,11.0
40620,2026-05-11 21:03:18.600000+00:00,52.2219886,21.0646029,91.9,53.48,-0.031,-0.014,0.951,0,52.97836547647783,11.0,46.06674260832141,-1.0,6.0,52.222015,21.063928,11.0
40625,2026-05-11 21:03:19.100000+00:00,52.2219703,21.064707,91.9,53.76,-0.037,-0.01,0.967,0,53.11668473764987,11.0,53.296528480443605,-1.0,6.0,52.222015,21.063928,11.0
40630,2026-05-11 21:03:19.600000+00:00,52.2219524,21.0648114,92.0,53.51,-0.047,0.006,0.973,0,53.17094293595313,11.0,60.57708412231561,-1.0,6.0,52.222015,21.063928,11.0
40635,2026-05-11 21:03:20.100000+00:00,52.221935,21.0649161,92.0,53.58,-0.051,0.007,0.964,0,53.20646158814065,11.0,67.89313097632503,-1.0,6.0,52.222015,21.063928,11.0
40640,2026-05-11 21:03:20.600000+00:00,52.2219186,21.0650209,92.1,53.29,-0.063,0.007,0.984,0,53.05001716370439,11.0,75.21441154117436,-1.0,6.0,52.222015,21.063928,11.0
40645,2026-05-11 21:03:21.100000+00:00,52.2219022,21.0651254,92.1,53.13,-0.058,0.016,0.965,0,52.90748974153558,,82.52382237810086,-1.0,6.0,52.222015,21.063928,11.0
40650,2026-05-11 21:03:21.600000+00:00,52.2218867,21.0652298,92.0,52.78,-0.068,0.017,0.967,0,52.68564552101072,,89.81690062348203,-1.0,6.0,52.222015,21.063928,11.0
40655,2026-05-11 21:03:22.100000+00:00,52.2218719,21.065334,92.1,52.67,-0.055,-0.002,0.972,0,52.460924568838166,,97.08742321302776,-1.0,6.0,52.222015,21.063928,11.0
40660,2026-05-11 21:03:22.600000+00:00,52.221858,21.0654386,92.1,52.83,-0.052,0.006,0.952,0,52.49461381297367,,104.37021329020546,-1.0,6.0,52.222015,21.063928,11.0
40665,2026-05-11 21:03:23.100000+00:00,52.2218442,21.0655429,92.1,52.61,-0.062,0.023,0.987,0,52.333886427789885,,111.6320372153534,-1.0,6.0,52.222015,21.063928,11.0
40670,2026-05-11 21:03:23.600000+00:00,52.2218307,21.0656469,92.1,52.51,-0.047,0.002,0.967,0,52.13977443943596,,118.8688066293869,-1.0,6.0,52.222015,21.063928,11.0
40675,2026-05-11 21:03:24.100000+00:00,52.2218179,21.0657513,92.3,52.53,-0.053,0.005,0.973,0,52.2188598201416,,126.11941670055263,-1.0,6.0,52.222015,21.063928,11.0
40680,2026-05-11 21:03:24.600000+00:00,52.2218058,21.065856,92.4,52.6,-0.042,0.002,0.962,0,52.256369863374246,,133.37676944168365,-1.0,6.0,52.222015,21.063928,11.0
40685,2026-05-11 21:03:25.100000+00:00,52.221794,21.0659603,92.5,52.5,-0.053,-0.001,0.972,0,52.01946027717318,,140.60151175163898,-1.0,6.0,52.222015,21.063928,11.0
40690,2026-05-11 21:03:25.600000+00:00,52.2217826,21.0660649,92.6,52.59,-0.042,-0.004,0.974,0,52.107124947912816,,147.838611970109,-1.0,6.0,52.222015,21.063928,11.0
40695,2026-05-11 21:03:26.100000+00:00,52.2217711,21.0661697,92.6,52.64,-0.05,-0.005,0.98,0,52.21777199291537,,155.09107221103378,-1.0,6.0,52.222015,21.063928,11.0
40700,2026-05-11 21:03:26.600000+00:00,52.22176,21.0662746,92.7,52.74,-0.044,-0.015,0.956,0,52.21060217964037,,162.34246670675168,-1.0,6.0,52.222015,21.063928,11.0
40705,2026-05-11 21:03:27.100000+00:00,52.2217497,21.0663803,92.9,52.88,-0.047,-0.03,0.93,0,52.49287736723053,,169.63203485609492,-1.0,6.0,52.222015,21.063928,11.0
40710,2026-05-11 21:03:27.600000+00:00,52.2217384,21.0664854,92.9,52.59,-0.058,-0.037,0.985,0,52.3347305668586,,176.90074340724632,-1.0,6.0,52.222015,21.063928,11.0
40715,2026-05-11 21:03:28.100000+00:00,52.2217274,21.0665908,92.9,52.88,-0.046,-0.014,0.95,0,52.43880066453178,,184.18378304733704,-1.0,6.0,52.222015,21.063928,11.0
40720,2026-05-11 21:03:28.600000+00:00,52.2217167,21.0666964,92.9,52.84,-0.05,-0.021,0.988,0,52.49578559503992,,191.47446918757257,-1.0,6.0,52.222015,21.063928,11.0
40725,2026-05-11 21:03:29.100000+00:00,52.2217057,21.0668023,92.8,52.92,-0.041,-0.017,0.959,0,52.68058657883325,,198.7910831443809,-1.0,6.0,52.222015,21.063928,11.0
40730,2026-05-11 21:03:29.600000+00:00,52.221695,21.0669084,92.8,53.04,-0.05,-0.001,0.98,0,52.73776658519997,,206.11536504234684,-1.0,6.0,52.222015,21.063928,11.0
40735,2026-05-11 21:03:30.100000+00:00,52.2216845,21.0670148,92.8,53.38,-0.052,-0.012,0.944,0,52.85726533257383,,213.45597620632788,-1.0,6.0,52.222015,21.063928,11.0
40740,2026-05-11 21:03:30.600000+00:00,52.2216741,21.0671216,92.8,53.32,-0.055,-0.007,0.985,0,53.03834487611691,,220.82156728095316,-1.0,6.0,52.222015,21.063928,11.0
40745,2026-05-11 21:03:31.100000+00:00,52.2216645,21.0672282,92.8,53.0,-0.064,-0.007,0.975,0,52.84453849460083,,228.15857766980645,-1.0,6.0,52.222015,21.063928,11.0
40750,2026-05-11 21:03:31.600000+00:00,52.2216551,21.0673342,92.7,52.7,-0.075,-0.004,0.964,0,52.53024385613531,,235.4516882923705,-1.0,6.0,52.222015,21.063928,11.0
40755,2026-05-11 21:03:32.100000+00:00,52.2216462,21.0674395,92.7,52.29,-0.062,0.011,0.945,0,52.13428250009547,,242.68856792179625,-1.0,6.0,52.222015,21.063928,11.0
40760,2026-05-11 21:03:32.600000+00:00,52.2216383,21.0675447,92.8,51.71,-0.076,0.001,0.984,0,51.98223414273224,,249.90030018678263,-1.0,6.0,52.222015,21.063928,11.0
40765,2026-05-11 21:03:33.100000+00:00,52.2216306,21.0676493,92.8,51.64,-0.066,-0.002,0.955,0,51.67082005035406,,257.0684825183857,-1.0,6.0,52.222015,21.063928,11.0
40770,2026-05-11 21:03:33.600000+00:00,52.2216227,21.0677528,92.7,50.84,-0.078,-0.007,0.983,0,51.15477095581497,,264.1668860460037,-1.0,6.0,52.222015,21.063928,11.0
40775,2026-05-11 21:03:34.100000+00:00,52.2216161,21.0678559,92.8,50.96,-0.068,-0.008,0.965,0,50.84142356923262,,271.2150663094494,-1.0,6.0,52.222015,21.063928,11.0
40780,2026-05-11 21:03:34.600000+00:00,52.2216095,21.0679582,92.7,50.46,-0.08,-0.015,0.971,0,50.45120687801063,,278.21013806723136,-1.0,6.0,52.222015,21.063928,11.0
40785,2026-05-11 21:03:35.100000+00:00,52.2216031,21.0680596,92.8,50.17,-0.071,-0.018,0.965,0,49.99558817575638,,285.14171757910793,-1.0,6.0,52.222015,21.063928,11.0
40790,2026-05-11 21:03:35.600000+00:00,52.2215969,21.0681602,92.7,49.71,-0.081,-0.012,0.964,0,49.58902839619709,,278.87180871521707,-1.0,6.0,52.222015,21.063928,11.0
40795,2026-05-11 21:03:36.100000+00:00,52.2215912,21.0682602,92.8,49.48,-0.073,-0.013,0.969,0,49.25755038396686,,272.0322749358577,-1.0,6.0,52.221421,21.072244,12.0
40800,2026-05-11 21:03:36.600000+00:00,52.2215856,21.0683594,92.8,48.98,-0.067,-0.009,0.967,0,48.85948045784203,,265.24796486259896,-1.0,6.0,52.221421,21.072244,12.0
40805,2026-05-11 21:03:37.100000+00:00,52.2215797,21.0684576,92.7,48.67,-0.069,-0.004,0.973,0,48.39397226161067,,258.52942591227344,-1.0,6.0,52.221421,21.072244,12.0
40810,2026-05-11 21:03:37.600000+00:00,52.221574,21.0685556,92.7,48.45,-0.071,-0.003,0.966,0,48.28095898484328,,251.8261313699684,-1.0,6.0,52.221421,21.072244,12.0
40815,2026-05-11 21:03:38.100000+00:00,52.2215694,21.0686529,92.8,47.85,-0.066,-0.015,0.982,0,47.863389186708645,,245.1787423379797,-1.0,6.0,52.221421,21.072244,12.0
40820,2026-05-11 21:03:38.600000+00:00,52.2215651,21.0687501,92.8,48.08,-0.063,-0.009,0.958,0,47.79659438942124,,238.540403693318,-1.0,6.0,52.221421,21.072244,12.0
40825,2026-05-11 21:03:39.100000+00:00,52.2215606,21.0688461,92.8,47.2,-0.07,-0.007,0.969,0,47.22154411831752,,231.98213938926017,-1.0,6.0,52.221421,21.072244,12.0
40830,2026-05-11 21:03:39.600000+00:00,52.2215564,21.0689415,92.8,46.77,-0.072,-0.011,0.973,0,46.910309645510665,,225.4668958472158,-1.0,6.0,52.221421,21.072244,12.0
40835,2026-05-11 21:03:40.100000+00:00,52.2215527,21.0690365,92.8,46.8,-0.069,-0.011,0.962,0,46.6875309580085,,218.9825531868033,-1.0,6.0,52.221421,21.072244,12.0
40840,2026-05-11 21:03:40.600000+00:00,52.2215502,21.069131,92.9,46.32,-0.077,-0.014,0.966,0,46.39143331049855,,212.54117008375667,-1.0,6.0,52.221421,21.072244,12.0
40845,2026-05-11 21:03:41.100000+00:00,52.2215471,21.0692246,92.9,46.11,-0.072,-0.003,0.971,0,45.97386784919356,,206.15652066090183,-1.0,6.0,52.221421,21.072244,12.0
40850,2026-05-11 21:03:41.600000+00:00,52.2215446,21.0693175,92.9,45.63,-0.072,-0.01,0.963,0,45.60745025953484,,199.82405779066937,-1.0,6.0,52.221421,21.072244,12.0
40855,2026-05-11 21:03:42.100000+00:00,52.2215419,21.0694094,92.9,45.35,-0.078,-0.018,0.971,0,45.12485978644159,,193.558128173898,-1.0,6.0,52.221421,21.072244,12.0
40860,2026-05-11 21:03:42.600000+00:00,52.2215401,21.0695005,92.9,44.58,-0.059,-0.005,0.964,0,44.70392526809351,,187.35369936975,-1.0,6.0,52.221421,21.072244,12.0
40865,2026-05-11 21:03:43.100000+00:00,52.2215385,21.069591,93.0,44.34,-0.075,-0.014,0.966,0,44.40489884762943,,181.191942857218,-1.0,6.0,52.221421,21.072244,12.0
40870,2026-05-11 21:03:43.600000+00:00,52.2215368,21.0696795,93.0,43.13,-0.129,-0.016,0.973,0,43.42683799320278,,175.1656316313535,-1.0,6.0,52.221421,21.072244,12.0
40875,2026-05-11 21:03:44.100000+00:00,52.2215349,21.0697646,93.1,41.74,-0.104,-0.019,0.955,0,41.76566061528534,,169.36898043223565,-1.0,6.0,52.221421,21.072244,12.0
40880,2026-05-11 21:03:44.600000+00:00,52.2215336,21.0698492,93.1,41.21,-0.078,-0.01,0.971,0,41.50577446534365,,163.61167415899055,-1.0,6.0,52.221421,21.072244,12.0
40885,2026-05-11 21:03:45.100000+00:00,52.2215325,21.0699334,93.2,41.22,-0.059,-0.005,0.991,0,41.30593043437374,,157.88381538283502,-1.0,6.0,52.221421,21.072244,12.0
40890,2026-05-11 21:03:45.600000+00:00,52.2215307,21.0700176,93.1,41.39,-0.022,-0.013,0.939,0,41.3216790710675,,152.150381893513,-1.0,6.0,52.221421,21.072244,12.0
40895,2026-05-11 21:03:46.100000+00:00,52.2215301,21.0701032,93.2,41.73,-0.031,0.005,0.987,0,41.98593260333658,,146.3333478291075,-1.0,6.0,52.221421,21.072244,12.0
40900,2026-05-11 21:03:46.600000+00:00,52.2215314,21.07019,93.4,42.63,-0.011,-0.012,0.969,0,42.58445411556513,,140.4543670148978,-1.0,6.0,52.221421,21.072244,12.0
40905,2026-05-11 21:03:47.100000+00:00,52.2215312,21.0702776,93.4,42.98,-0.028,-0.036,0.966,0,42.96439762599404,,134.50894287246638,-1.0,6.0,52.221421,21.072244,12.0
40910,2026-05-11 21:03:47.600000+00:00,52.221531,21.0703661,93.5,43.57,-0.017,-0.022,0.96,0,43.405806765717465,,128.50451519457243,-1.0,6.0,52.221421,21.072244,12.0
40915,2026-05-11 21:03:48.100000+00:00,52.2215311,21.0704558,93.5,44.07,-0.024,-0.031,0.971,0,43.99413363189305,,122.42445621658428,-1.0,6.0,52.221421,21.072244,12.0
40920,2026-05-11 21:03:48.600000+00:00,52.2215311,21.0705459,93.7,44.5,-0.031,-0.023,0.973,0,44.19024383695809,,116.3192994052502,-1.0,6.0,52.221421,21.072244,12.0
40925,2026-05-11 21:03:49.100000+00:00,52.221531,21.0706365,93.7,44.64,-0.018,-0.032,0.958,0,44.4355448908064,,110.18265626340676,-1.0,6.0,52.221421,21.072244,12.0
40930,2026-05-11 21:03:49.600000+00:00,52.221531,21.0707273,93.8,44.11,-0.07,-0.016,0.976,0,44.5335643685962,,104.03792663158622,-1.0,6.0,52.221421,21.072244,12.0
40935,2026-05-11 21:03:50.100000+00:00,52.2215311,21.0708173,93.9,44.16,-0.057,-0.024,0.96,0,44.14127071606943,,97.95375499450952,-1.0,6.0,52.221421,21.072244,12.0
40940,2026-05-11 21:03:50.600000+00:00,52.2215308,21.0709057,94.0,43.13,-0.074,-0.025,0.971,0,43.35713105675224,,91.97787880677694,-1.0,6.0,52.221421,21.072244,12.0
40945,2026-05-11 21:03:51.100000+00:00,52.2215295,21.0709933,94.0,43.14,-0.068,-0.022,0.974,0,42.97670476815727,,86.04669997274182,-1.0,6.0,52.221421,21.072244,12.0
40950,2026-05-11 21:03:51.600000+00:00,52.221529,21.0710802,94.0,42.85,-0.075,-0.027,0.951,0,42.6226606035321,,80.18156493049233,-1.0,6.0,52.221421,21.072244,12.0
40955,2026-05-11 21:03:52.100000+00:00,52.2215287,21.0711665,94.0,42.4,-0.068,-0.033,0.969,0,42.32718795489703,12.0,74.36901880696458,-1.0,6.0,52.221421,21.072244,12.0
40960,2026-05-11 21:03:52.600000+00:00,52.2215278,21.0712517,94.0,41.53,-0.071,-0.041,0.955,0,41.79321530034223,12.0,68.62997899792016,-1.0,6.0,52.221421,21.072244,12.0
40965,2026-05-11 21:03:53.100000+00:00,52.2215256,21.0713347,94.0,40.47,-0.128,-0.093,0.961,0,40.74608398513533,12.0,63.023357724996494,-1.0,6.0,52.221421,21.072244,12.0
40970,2026-05-11 21:03:53.600000+00:00,52.2215222,21.071415,94.0,39.48,-0.14,-0.126,0.954,0,39.47772092543392,12.0,57.58110593944083,-1.0,6.0,52.221421,21.072244,12.0
40975,2026-05-11 21:03:54.100000+00:00,52.2215173,21.0714933,94.0,38.71,-0.139,-0.112,0.954,0,38.60270254017941,12.0,52.2462078431667,-1.0,6.0,52.221421,21.072244,12.0
40980,2026-05-11 21:03:54.600000+00:00,52.2215111,21.0715675,94.0,36.55,-0.164,-0.112,0.946,0,36.72893807290389,12.0,47.15914796824528,-1.0,6.0,52.221421,21.072244,12.0
40985,2026-05-11 21:03:55.100000+00:00,52.2215037,21.0716372,94.0,34.57,-0.178,-0.062,0.971,0,34.694499746662444,12.0,42.34530651250337,-1.0,6.0,52.221421,21.072244,12.0
40990,2026-05-11 21:03:55.600000+00:00,52.2214967,21.0717041,93.9,32.56,-0.161,-0.005,0.963,0,33.28680655643502,12.0,37.7285558802645,-1.0,6.0,52.221421,21.072244,12.0
40995,2026-05-11 21:03:56.100000+00:00,52.2214898,21.0717664,93.6,31.02,-0.137,-0.008,0.964,0,31.05088843024201,12.0,33.42111354656023,-1.0,6.0,52.221421,21.072244,12.0
41000,2026-05-11 21:03:56.600000+00:00,52.2214855,21.0718269,93.5,29.4,-0.14,0.015,0.97,0,29.87175868686048,12.0,29.30377216274544,-1.0,6.0,52.221421,21.072244,12.0
41005,2026-05-11 21:03:57.100000+00:00,52.2214825,21.071884,93.4,27.64,-0.158,-0.032,0.942,0,28.10797226090051,12.0,25.45857603485458,-1.0,6.0,52.221421,21.072244,12.0
41010,2026-05-11 21:03:57.600000+00:00,52.2214814,21.0719375,93.3,25.16,-0.214,-0.022,1.009,0,26.254293480648776,12.0,21.932188935483985,-1.0,6.0,52.221421,21.072244,12.0
41015,2026-05-11 21:03:58.100000+00:00,52.2214817,21.0719859,93.4,22.76,-0.199,-0.052,0.942,0,23.739396924082072,12.0,18.83263469195113,-1.0,6.0,52.221421,21.072244,12.0
41020,2026-05-11 21:03:58.600000+00:00,52.2214834,21.0720291,93.5,20.71,-0.193,-0.061,0.958,0,21.23146687129591,12.0,16.19996720162413,-1.0,6.0,52.221421,21.072244,12.0
41025,2026-05-11 21:03:59.100000+00:00,52.2214836,21.072067,93.4,18.47,-0.162,-0.103,0.947,0,18.589058515058586,12.0,13.922162947402995,-1.0,6.0,52.221421,21.072244,12.0
41030,2026-05-11 21:03:59.600000+00:00,52.2214837,21.0721011,93.4,15.9,-0.238,-0.098,0.971,0,16.724818979769832,12.0,11.973435157438333,-1.0,6.0,52.221421,21.072244,12.0
41035,2026-05-11 21:04:00.100000+00:00,52.2214837,21.072128,93.4,12.32,-0.27,-0.083,0.953,0,13.193327723956177,12.0,10.537868207982305,-1.0,6.0,52.221421,21.072244,12.0
41040,2026-05-11 21:04:00.600000+00:00,52.2214833,21.0721469,93.4,8.02,-0.283,-0.074,0.945,0,9.275191610707587,12.0,9.578073726490064,-1.0,6.0,52.221421,21.072244,12.0
41045,2026-05-11 21:04:01.100000+00:00,52.2214833,21.072158,93.4,4.45,-0.296,-0.071,0.952,0,5.444086955764022,12.0,9.07241097260243,-1.0,6.0,52.221421,21.072244,12.0
41050,2026-05-11 21:04:01.600000+00:00,52.221483,21.0721611,93.4,0.53,-0.255,-0.085,0.965,0,1.5392745014250826,12.0,8.911677531323432,-1.0,6.0,52.221421,21.072244,12.0
41055,2026-05-11 21:04:02.100000+00:00,52.2214833,21.0721609,93.5,0.33,-0.056,-0.077,0.945,0,0.259439599494106,12.0,8.946123021569502,-1.0,6.0,52.221421,21.072244,12.0
41060,2026-05-11 21:04:02.600000+00:00,52.2214832,21.0721607,93.6,0.09,-0.056,-0.085,0.975,0,0.1266160810088169,12.0,8.946150482595252,-1.0,6.0,52.221421,21.072244,12.0
41065,2026-05-11 21:04:03.100000+00:00,52.2214835,21.0721608,93.7,0.05,-0.056,-0.085,0.97,0,0.2451375601941047,12.0,8.96765840437651,-1.0,6.0,52.221421,21.072244,12.0
41070,2026-05-11 21:04:03.600000+00:00,52.2214841,21.0721613,93.8,0.1,-0.051,-0.083,0.966,0,0.5393376141152108,12.0,8.998097801889301,-1.0,6.0,52.221421,21.072244,12.0
41075,2026-05-11 21:04:04.100000+00:00,52.2214847,21.0721615,93.8,0.05,-0.051,-0.086,0.969,0,0.4902751302157923,12.0,9.041743591465414,-1.0,6.0,52.221421,21.072244,12.0
41080,2026-05-11 21:04:04.600000+00:00,52.2214855,21.0721617,93.9,0.23,-0.052,-0.083,0.969,0,0.6479507407442273,12.0,9.103200994916032,-1.0,6.0,52.221421,21.072244,12.0
41085,2026-05-11 21:04:05.100000+00:00,52.2214862,21.0721618,94.0,0.09,-0.05,-0.083,0.969,0,0.5625644825744779,12.0,9.160485352896345,-1.0,6.0,52.221421,21.072244,12.0
41090,2026-05-11 21:04:05.600000+00:00,52.2214867,21.0721615,94.0,0.06,-0.052,-0.085,0.968,0,0.4264867095848119,12.0,9.216995694087643,-1.0,6.0,52.221421,21.072244,12.0
41095,2026-05-11 21:04:06.100000+00:00,52.2214871,21.072161,94.1,0.04,-0.052,-0.084,0.969,0,0.4033508001728038,12.0,9.273016503638445,-1.0,6.0,52.221421,21.072244,12.0
41100,2026-05-11 21:04:06.600000+00:00,52.2214876,21.0721606,94.1,0.11,-0.051,-0.083,0.971,0,0.4457907253945906,12.0,9.333705624002407,-1.0,6.0,52.221421,21.072244,12.0
41105,2026-05-11 21:04:07.100000+00:00,52.2214882,21.0721603,94.2,0.08,-0.051,-0.084,0.971,0,0.5023914468022407,12.0,9.39911070398147,-1.0,6.0,52.221421,21.072244,12.0
41110,2026-05-11 21:04:07.600000+00:00,52.2214887,21.0721602,94.3,0.09,-0.053,-0.085,0.969,0,0.4032951448069117,12.0,9.447485293875667,-1.0,6.0,52.221421,21.072244,12.0
41115,2026-05-11 21:04:08.100000+00:00,52.2214892,21.0721603,94.3,0.15,-0.051,-0.083,0.969,0,0.40329513968483,12.0,9.487750476035377,-1.0,6.0,52.221421,21.072244,12.0
41120,2026-05-11 21:04:08.600000+00:00,52.2214898,21.0721603,94.4,0.12,-0.048,-0.088,0.971,0,0.4803620829667565,12.0,9.541161096991612,-1.0,6.0,52.221421,21.072244,12.0
41125,2026-05-11 21:04:09.100000+00:00,52.2214905,21.0721603,94.4,0.12,-0.051,-0.087,0.972,0,0.5604224335230334,12.0,9.60368385517392,-1.0,6.0,52.221421,21.072244,12.0
41130,2026-05-11 21:04:09.600000+00:00,52.2214911,21.07216,94.4,0.08,-0.051,-0.082,0.968,0,0.5023914439881784,12.0,9.669530907364186,-1.0,6.0,52.221421,21.072244,12.0
41135,2026-05-11 21:04:10.100000+00:00,52.2214915,21.0721598,94.5,0.19,-0.057,-0.075,0.969,0,0.3349276272265707,12.0,9.713459422911155,-1.0,6.0,52.221421,21.072244,12.0
41140,2026-05-11 21:04:10.600000+00:00,52.2214919,21.0721595,94.4,0.03,-0.046,-0.075,0.97,0,0.3524258418657013,12.0,9.761427213975404,-1.0,6.0,52.221421,21.072244,12.0
41145,2026-05-11 21:04:11.100000+00:00,52.2214923,21.0721606,94.4,1.11,0.009,-0.083,0.965,0,0.6273907266167069,12.0,9.753550051716276,-1.0,6.0,52.221421,21.072244,12.0
41150,2026-05-11 21:04:11.600000+00:00,52.2214926,21.0721643,94.4,2.38,0.013,-0.079,0.973,0,1.830520658289606,12.0,9.63647008771133,-1.0,6.0,52.221421,21.072244,12.0
41155,2026-05-11 21:04:12.100000+00:00,52.2214929,21.0721707,94.4,3.76,0.027,-0.071,0.973,0,3.148107881720333,12.0,9.426034386346302,-1.0,6.0,52.221421,21.072244,12.0
41160,2026-05-11 21:04:12.600000+00:00,52.2214932,21.0721805,94.4,5.58,0.041,-0.083,0.972,0,4.8124873305997165,12.0,9.11941626497416,-1.0,6.0,52.221421,21.072244,12.0
41165,2026-05-11 21:04:13.100000+00:00,52.2214936,21.0721941,94.4,7.38,0.047,-0.08,0.975,0,6.67791420382132,12.0,8.759197616467086,-1.0,6.0,52.221421,21.072244,12.0
41170,2026-05-11 21:04:13.600000+00:00,52.2214944,21.0722122,94.4,9.73,0.052,-0.061,0.966,0,8.900367727406286,12.0,8.444279661577607,-1.0,6.0,52.221421,21.072244,12.0
41175,2026-05-11 21:04:14.100000+00:00,52.2214955,21.0722343,94.4,11.55,0.065,-0.067,0.963,0,10.874842743188816,12.0,8.310332151727271,-1.0,6.0,52.221421,21.072244,12.0
41180,2026-05-11 21:04:14.600000+00:00,52.221497,21.0722609,94.4,13.62,0.047,-0.071,0.977,0,13.101341798704397,12.0,8.528866332423533,-1.0,6.0,52.221421,21.072244,12.0
41185,2026-05-11 21:04:15.100000+00:00,52.2214978,21.0722912,94.3,15.55,0.052,-0.062,0.962,0,14.87467683423534,12.0,9.1249860645131,-1.0,6.0,52.221421,21.072244,12.0
41190,2026-05-11 21:04:15.600000+00:00,52.2214993,21.0723249,94.3,17.11,0.032,-0.063,0.975,0,16.57200810540219,12.0,10.304060647342403,-1.0,6.0,52.221421,21.072244,12.0
41195,2026-05-11 21:04:16.100000+00:00,52.2215014,21.0723619,94.2,18.83,0.046,-0.058,0.978,0,18.22466563476396,12.0,12.017736920135516,-1.0,6.0,52.221421,21.072244,12.0
41200,2026-05-11 21:04:16.600000+00:00,52.2215029,21.0724033,94.1,21.15,0.068,-0.093,0.961,0,20.340446170348343,12.0,14.166430354497209,-1.0,6.0,52.221421,21.072244,12.0
41205,2026-05-11 21:04:17.100000+00:00,52.2215045,21.0724502,94.1,23.7,0.063,-0.094,0.976,0,23.03812264593367,12.0,16.837530581522255,-1.0,6.0,52.221421,21.072244,12.0
41210,2026-05-11 21:04:17.600000+00:00,52.221507,21.0725007,94.2,25.55,0.055,-0.062,0.952,0,24.8488700309616,12.0,19.93022611850107,-1.0,6.0,52.221421,21.072244,12.0
41215,2026-05-11 21:04:18.100000+00:00,52.221509,21.0725541,94.1,26.89,0.025,-0.042,0.98,0,26.239358677980395,12.0,23.280100518319525,-1.0,6.0,52.221421,21.072244,12.0
41220,2026-05-11 21:04:18.600000+00:00,52.2215112,21.0726107,94.1,28.21,0.028,-0.066,0.988,0,27.81574287616655,12.0,26.917709605776235,-1.0,6.0,52.221421,21.072244,12.0
41225,2026-05-11 21:04:19.100000+00:00,52.2215126,21.0726708,94.1,29.96,0.048,-0.103,0.96,0,29.4978262620325,12.0,30.805836674783823,-1.0,6.0,52.221421,21.072244,12.0
41230,2026-05-11 21:04:19.600000+00:00,52.2215126,21.0727333,94.1,31.07,0.004,-0.065,0.95,0,30.65362253347853,12.0,34.85228435181293,-1.0,6.0,52.221421,21.072244,12.0
41235,2026-05-11 21:04:20.100000+00:00,52.2215113,21.0727981,93.9,32.49,-0.007,-0.056,0.97,0,31.798713519222662,12.0,39.05758149590412,-1.0,6.0,52.221421,21.072244,12.0
41240,2026-05-11 21:04:20.600000+00:00,52.2215115,21.072866,94.0,33.73,-0.008,-0.062,0.966,0,33.30248136238712,12.0,43.54879415989249,-1.0,6.0,52.221421,21.072244,12.0
41245,2026-05-11 21:04:21.100000+00:00,52.2215112,21.0729353,94.0,34.13,-0.003,-0.047,0.972,0,33.989586231404886,12.0,48.14709103552349,-1.0,6.0,52.221421,21.072244,12.0
41250,2026-05-11 21:04:21.600000+00:00,52.2215099,21.0730066,93.8,35.38,-0.003,-0.022,0.973,0,34.98513895054236,12.0,52.879903007050736,-1.0,6.0,52.221421,21.072244,12.0
41255,2026-05-11 21:04:22.100000+00:00,52.2215093,21.0730799,93.8,36.22,0.006,-0.02,0.973,0,35.953780030571814,12.0,57.781187166139794,-1.0,6.0,52.221421,21.072244,12.0
41260,2026-05-11 21:04:22.600000+00:00,52.2215076,21.0731549,93.6,37.38,0.006,-0.021,0.971,0,36.80952093930122,12.0,62.79256320678656,-1.0,6.0,52.221421,21.072244,12.0
41265,2026-05-11 21:04:23.100000+00:00,52.221506,21.0732321,93.4,38.27,0.009,-0.031,0.97,0,37.885021649576,12.0,67.96897935071402,-1.0,6.0,52.221421,21.072244,12.0
41270,2026-05-11 21:04:23.600000+00:00,52.221505,21.0733125,93.3,40.07,0.013,-0.015,0.974,0,39.44095281185277,12.0,73.38227148304286,-1.0,6.0,52.221421,21.072244,12.0
41275,2026-05-11 21:04:24.100000+00:00,52.2215039,21.0733947,93.3,40.81,0.008,-0.025,0.984,0,40.3252693166971,12.0,78.92496838616339,-1.0,6.0,52.221421,21.072244,12.0
41280,2026-05-11 21:04:24.600000+00:00,52.221504,21.0734792,93.4,41.97,0.011,-0.022,0.971,0,41.4437830701817,,84.64553092709177,-1.0,6.0,52.221421,21.072244,12.0
41285,2026-05-11 21:04:25.100000+00:00,52.2215031,21.0735655,93.4,42.84,0.0,-0.018,0.964,0,42.332663239318975,,90.48129215349704,-1.0,6.0,52.221421,21.072244,12.0
41290,2026-05-11 21:04:25.600000+00:00,52.2215021,21.0736535,93.4,43.49,-0.018,-0.024,0.976,0,43.16773501834804,,96.436631741656,-1.0,6.0,52.221421,21.072244,12.0
41295,2026-05-11 21:04:26.100000+00:00,52.2215008,21.0737428,93.4,43.98,-0.012,-0.02,0.976,0,43.81027138876747,,102.48198799741635,-1.0,6.0,52.221421,21.072244,12.0
41300,2026-05-11 21:04:26.600000+00:00,52.2214999,21.0738334,93.4,44.76,-0.012,-0.023,0.969,0,44.44134507779429,,108.62360050350512,-1.0,6.0,52.221421,21.072244,12.0
41305,2026-05-11 21:04:27.100000+00:00,52.2214993,21.0739255,93.4,45.59,-0.016,-0.019,0.963,0,45.17374546745563,,114.87292825474243,-1.0,6.0,52.221421,21.072244,12.0
41310,2026-05-11 21:04:27.600000+00:00,52.2214987,21.0740183,93.4,45.91,-0.014,-0.019,0.97,0,45.517047487989046,,121.17238334144746,-1.0,6.0,52.221421,21.072244,12.0
41315,2026-05-11 21:04:28.100000+00:00,52.2214992,21.0741137,93.4,47.07,-0.015,-0.014,0.973,0,46.79141614764911,,127.65903383066842,-1.0,6.0,52.221421,21.072244,12.0
41320,2026-05-11 21:04:28.600000+00:00,52.2214991,21.0742093,93.5,47.26,-0.018,-0.017,0.974,0,46.88786358219504,,134.15612199638994,-1.0,6.0,52.221421,21.072244,12.0
41325,2026-05-11 21:04:29.100000+00:00,52.2214987,21.0743061,93.5,47.69,-0.012,-0.021,0.966,0,47.4774252764006,,140.73414498100084,-1.0,6.0,52.221421,21.072244,12.0
41330,2026-05-11 21:04:29.600000+00:00,52.221497,21.0744042,93.5,48.49,-0.006,-0.023,0.979,0,48.13318811258706,,147.39365273415703,-1.0,6.0,52.221421,21.072244,12.0
41335,2026-05-11 21:04:30.100000+00:00,52.2214953,21.0745042,93.5,49.09,0.0,-0.012,0.968,0,49.06469488679922,,154.18462446652077,-1.0,6.0,52.221421,21.072244,12.0
41340,2026-05-11 21:04:30.600000+00:00,52.2214953,21.0746061,93.6,50.12,-0.01,-0.019,0.969,0,49.9776856520947,,161.1164326123905,-1.0,6.0,52.221421,21.072244,12.0
41345,2026-05-11 21:04:31.100000+00:00,52.2214949,21.0747091,93.6,50.87,-0.001,-0.024,0.966,0,50.51820488155738,,168.1216900971263,-1.0,6.0,52.221421,21.072244,12.0
41350,2026-05-11 21:04:31.600000+00:00,52.2214945,21.074814,93.7,51.87,-0.005,-0.025,0.962,0,51.45005745152004,,175.2571273490409,-1.0,6.0,52.221421,21.072244,12.0
41355,2026-05-11 21:04:32.100000+00:00,52.2214936,21.0749202,93.7,52.48,-0.017,-0.02,0.989,0,52.091640764659154,,182.4793798868636,-1.0,6.0,52.221421,21.072244,12.0
41360,2026-05-11 21:04:32.600000+00:00,52.2214936,21.075028,93.9,53.28,0.0,-0.02,0.965,0,52.87139076933224,,189.81572329322245,-1.0,6.0,52.221421,21.072244,12.0
41365,2026-05-11 21:04:33.100000+00:00,52.221493,21.0751374,94.0,54.1,-0.009,-0.02,0.968,0,53.65827440764579,,197.25876300159644,-1.0,6.0,52.221421,21.072244,12.0
41370,2026-05-11 21:04:33.600000+00:00,52.2214928,21.0752482,94.1,54.51,-0.009,-0.014,0.969,0,54.34300203675299,,204.79951790497265,-1.0,6.0,52.221421,21.072244,12.0
41375,2026-05-11 21:04:34.100000+00:00,52.2214922,21.0753591,94.2,54.59,-0.064,-0.01,0.971,0,54.39393356596237,,212.34590761449647,-1.0,6.0,52.221421,21.072244,12.0
41380,2026-05-11 21:04:34.600000+00:00,52.2214916,21.0754699,94.2,54.06,-0.067,-0.008,0.971,0,54.34489039724351,,219.88606195923956,-1.0,6.0,52.221421,21.072244,12.0
41385,2026-05-11 21:04:35.100000+00:00,52.2214905,21.0755794,94.2,53.57,-0.056,-0.016,0.951,0,53.71239287177615,,227.33633225504497,-1.0,6.0,52.221421,21.072244,12.0
41390,2026-05-11 21:04:35.600000+00:00,52.2214903,21.0756878,94.5,53.41,-0.055,-0.018,0.984,0,53.16591062374397,,234.7155946367302,-1.0,6.0,52.221421,21.072244,12.0
41395,2026-05-11 21:04:36.100000+00:00,52.2214892,21.0757976,94.6,54.19,-0.026,-0.02,0.959,0,53.85951218469394,,242.1873228570585,-1.0,6.0,52.221421,21.072244,12.0
41400,2026-05-11 21:04:36.600000+00:00,52.2214881,21.0759081,94.6,54.65,-0.029,-0.017,0.972,0,54.202788667462045,,249.7072385820283,-1.0,6.0,52.221421,21.072244,12.0
41405,2026-05-11 21:04:37.100000+00:00,52.2214869,21.0760192,94.7,54.8,-0.019,-0.015,0.947,0,54.49837893402665,,257.2681758530373,-1.0,6.0,52.221421,21.072244,12.0
41410,2026-05-11 21:04:37.600000+00:00,52.2214855,21.0761316,94.6,55.37,-0.031,-0.018,0.978,0,55.1389007932473,,264.9175069610142,-1.0,6.0,52.221421,21.072244,12.0
41415,2026-05-11 21:04:38.100000+00:00,52.2214842,21.0762447,94.5,55.78,-0.034,-0.025,0.955,0,55.48059312701491,,272.61528963849173,-1.0,6.0,52.221421,21.072244,12.0
41420,2026-05-11 21:04:38.600000+00:00,52.221483,21.0763581,94.5,55.78,-0.058,-0.01,0.982,0,55.62626602553346,,280.3342072477334,-1.0,6.0,52.221421,21.072244,12.0
41425,2026-05-11 21:04:39.100000+00:00,52.2214817,21.0764722,94.4,56.13,-0.04,-0.012,0.963,0,55.97096899126821,,288.1009082964208,-1.0,6.0,52.221421,21.072244,12.0
41430,2026-05-11 21:04:39.600000+00:00,52.2214808,21.0765864,94.4,56.24,-0.043,-0.011,0.975,0,56.01497314557341,,295.8757852367017,-1.0,6.0,52.221421,21.072244,12.0
41435,2026-05-11 21:04:40.100000+00:00,52.2214799,21.0767003,94.4,56.13,-0.045,-0.017,0.968,0,55.86784899308209,,303.630486860542,-1.0,6.0,52.221421,21.072244,12.0
41440,2026-05-11 21:04:40.600000+00:00,52.2214793,21.0768147,94.4,55.98,-0.05,-0.015,0.971,0,56.11048861139511,,311.4201681983568,-1.0,6.0,52.221421,21.072244,12.0
41445,2026-05-11 21:04:41.100000+00:00,52.2214782,21.0769292,94.4,56.33,-0.044,-0.02,0.964,0,56.16438416725975,,319.21571775554827,-1.0,6.0,52.221421,21.072244,12.0
41450,2026-05-11 21:04:41.600000+00:00,52.221477,21.0770441,94.3,56.51,-0.047,-0.023,0.966,0,56.361852759553166,,327.0385404359591,-1.0,6.0,52.221421,21.072244,12.0
41455,2026-05-11 21:04:42.100000+00:00,52.221476,21.077159,94.3,56.64,-0.054,-0.017,0.971,0,56.359352188961424,,334.8620120525871,-1.0,6.0,52.221421,21.072244,12.0
41460,2026-05-11 21:04:42.600000+00:00,52.2214747,21.0772738,94.2,56.56,-0.047,-0.017,0.96,0,56.31423967050307,,342.67828418249456,-1.0,6.0,52.221421,21.072244,12.0
41465,2026-05-11 21:04:43.100000+00:00,52.2214737,21.0773893,94.1,56.76,-0.057,-0.021,0.968,0,56.65360059660188,,350.54301852312096,-1.0,6.0,52.221421,21.072244,12.0
41470,2026-05-11 21:04:43.600000+00:00,52.2214727,21.077505,94.2,56.69,-0.046,-0.025,0.978,0,56.75168377410334,,358.42154326493886,-1.0,6.0,52.221421,21.072244,12.0
41475,2026-05-11 21:04:44.100000+00:00,52.2214717,21.0776209,94.2,56.87,-0.039,-0.025,0.964,0,56.84976698827658,,366.31384799451297,-1.0,6.0,52.221421,21.072244,12.0
41480,2026-05-11 21:04:44.600000+00:00,52.22147,21.0777365,94.2,56.69,-0.083,-0.032,0.965,0,56.71332707978343,,359.45160689821034,-1.0,6.0,52.220967,21.082949,13.0
41485,2026-05-11 21:04:45.100000+00:00,52.2214681,21.0778512,94.2,56.29,-0.078,-0.033,0.965,0,56.27614533123064,,351.70202902042405,-1.0,6.0,52.220967,21.082949,13.0
41490,2026-05-11 21:04:45.600000+00:00,52.2214662,21.0779655,94.2,56.24,-0.09,-0.032,0.978,0,56.080036282320286,,343.9823550727151,-1.0,6.0,52.220967,21.082949,13.0
41495,2026-05-11 21:04:46.100000+00:00,52.2214642,21.0780795,94.2,56.0,-0.071,-0.029,0.954,0,55.93519004334482,,336.2842047289199,-1.0,6.0,52.220967,21.082949,13.0
41500,2026-05-11 21:04:46.600000+00:00,52.2214615,21.0781923,94.2,55.64,-0.065,-0.037,1.0,0,55.3659338256826,,328.65693922420127,-1.0,6.0,52.220967,21.082949,13.0
41505,2026-05-11 21:04:47.100000+00:00,52.2214587,21.0783056,94.2,55.71,-0.045,-0.027,0.958,0,55.614149897426365,,320.9971985637546,-1.0,6.0,52.220967,21.082949,13.0
41510,2026-05-11 21:04:47.600000+00:00,52.221455,21.0784191,94.2,55.49,-0.056,-0.031,0.975,0,55.74580793129319,,313.3098610591386,-1.0,6.0,52.220967,21.082949,13.0
41515,2026-05-11 21:04:48.100000+00:00,52.221451,21.078532,94.1,55.49,-0.042,-0.039,0.952,0,55.4653045147881,,305.65966612219296,-1.0,6.0,52.220967,21.082949,13.0
41520,2026-05-11 21:04:48.600000+00:00,52.2214468,21.0786449,94.2,55.65,-0.052,-0.033,0.979,0,55.47478486092715,,298.0082375076789,-1.0,6.0,52.220967,21.082949,13.0
41525,2026-05-11 21:04:49.100000+00:00,52.2214422,21.0787582,94.2,55.86,-0.05,-0.033,0.959,0,55.690874515809725,,290.3247447752115,-1.0,6.0,52.220967,21.082949,13.0
41530,2026-05-11 21:04:49.600000+00:00,52.2214373,21.0788712,94.2,55.62,-0.056,-0.04,0.974,0,55.56050748207157,,282.65796387979134,-1.0,6.0,52.220967,21.082949,13.0
41535,2026-05-11 21:04:50.100000+00:00,52.2214328,21.0789842,94.2,55.66,-0.054,-0.024,0.965,0,55.538820748019184,,275.0023506281421,-1.0,6.0,52.220967,21.082949,13.0
41540,2026-05-11 21:04:50.600000+00:00,52.2214277,21.0790963,94.3,55.34,-0.054,-0.042,0.952,0,55.13184409026642,,267.397460061683,-1.0,6.0,52.220967,21.082949,13.0
41545,2026-05-11 21:04:51.100000+00:00,52.2214218,21.0792076,94.3,55.37,-0.06,-0.03,0.987,0,54.79206504892489,,259.83176688217134,-1.0,6.0,52.220967,21.082949,13.0
41550,2026-05-11 21:04:51.600000+00:00,52.2214157,21.0793194,94.3,55.42,-0.047,-0.031,0.967,0,55.05036667671683,,252.230954172872,-1.0,6.0,52.220967,21.082949,13.0
41555,2026-05-11 21:04:52.100000+00:00,52.2214095,21.0794316,94.3,55.3,-0.052,-0.03,0.965,0,55.25292192098424,,244.60402341910623,-1.0,6.0,52.220967,21.082949,13.0
41560,2026-05-11 21:04:52.600000+00:00,52.2214027,21.0795432,94.3,55.13,-0.055,-0.027,0.964,0,55.00531542681851,,237.0064941190841,-1.0,6.0,52.220967,21.082949,13.0
41565,2026-05-11 21:04:53.100000+00:00,52.2213962,21.0796545,94.3,54.96,-0.054,-0.021,0.972,0,54.835595866167246,,229.4386862768459,-1.0,6.0,52.220967,21.082949,13.0
41570,2026-05-11 21:04:53.600000+00:00,52.2213895,21.0797655,94.3,54.92,-0.055,-0.02,0.964,0,54.704600444209305,,221.889443492838,-1.0,6.0,52.220967,21.082949,13.0
41575,2026-05-11 21:04:54.100000+00:00,52.2213826,21.0798763,94.2,54.65,-0.054,-0.019,0.974,0,54.62295149129247,,214.3521447839126,-1.0,6.0,52.220967,21.082949,13.0
41580,2026-05-11 21:04:54.600000+00:00,52.2213753,21.0799868,94.2,54.8,-0.052,-0.025,0.964,0,54.50998363206096,,206.82861526646693,-1.0,6.0,52.220967,21.082949,13.0
41585,2026-05-11 21:04:55.100000+00:00,52.2213681,21.0800974,94.2,54.72,-0.058,-0.026,0.974,0,54.55023782017407,,199.3045167548585,-1.0,6.0,52.220967,21.082949,13.0
41590,2026-05-11 21:04:55.600000+00:00,52.2213603,21.0802071,94.2,54.46,-0.057,-0.041,0.965,0,54.16460248378048,,191.82900649601643,-1.0,6.0,52.220967,21.082949,13.0
41595,2026-05-11 21:04:56.100000+00:00,52.2213524,21.0803168,94.2,54.4,-0.056,-0.036,0.961,0,54.17390056262777,,184.3547636818496,-1.0,6.0,52.220967,21.082949,13.0
41600,2026-05-11 21:04:56.600000+00:00,52.2213448,21.0804265,94.2,54.43,-0.059,-0.034,0.97,0,54.14639435227897,,176.89267160881977,-1.0,6.0,52.220967,21.082949,13.0
41605,2026-05-11 21:04:57.100000+00:00,52.2213363,21.0805362,94.2,54.55,-0.043,-0.041,0.969,0,54.23209996548923,,169.41144595048226,-1.0,6.0,52.220967,21.082949,13.0
41610,2026-05-11 21:04:57.600000+00:00,52.2213276,21.0806459,94.2,54.62,-0.048,-0.045,0.96,0,54.252435065786166,,161.92944182080203,-1.0,6.0,52.220967,21.082949,13.0
41615,2026-05-11 21:04:58.100000+00:00,52.2213188,21.0807559,94.2,54.67,-0.045,-0.053,0.95,0,54.408678188945885,,154.4300103388821,-1.0,6.0,52.220967,21.082949,13.0
41620,2026-05-11 21:04:58.600000+00:00,52.2213092,21.0808658,94.1,54.54,-0.051,-0.041,0.97,0,54.44677002881203,,146.91996930686133,-1.0,6.0,52.220967,21.082949,13.0
41625,2026-05-11 21:04:59.100000+00:00,52.2212998,21.0809763,94.2,54.85,-0.049,-0.027,0.971,0,54.7158737328102,,139.3820464381972,-1.0,6.0,52.220967,21.082949,13.0
41630,2026-05-11 21:04:59.600000+00:00,52.2212896,21.0810869,94.1,55.27,-0.044,-0.029,0.966,0,54.85614889143714,,131.82039743263638,-1.0,6.0,52.220967,21.082949,13.0
41635,2026-05-11 21:05:00.100000+00:00,52.2212791,21.0811977,94.0,55.23,-0.05,-0.03,0.961,0,54.98936679805791,,124.24334131357024,-1.0,6.0,52.220967,21.082949,13.0
41640,2026-05-11 21:05:00.600000+00:00,52.2212689,21.0813087,93.9,55.04,-0.052,-0.03,0.974,0,55.0501799074883,,116.6707004236942,-1.0,6.0,52.220967,21.082949,13.0
41645,2026-05-11 21:05:01.100000+00:00,52.221259,21.08142,93.9,55.2,-0.055,-0.019,0.97,0,55.16068362379357,,109.0986835367476,-1.0,6.0,52.220967,21.082949,13.0
41650,2026-05-11 21:05:01.600000+00:00,52.2212476,21.0815305,93.8,54.97,-0.073,-0.031,0.963,0,54.95905561008598,,101.5405056076298,-1.0,6.0,52.220967,21.082949,13.0
41655,2026-05-11 21:05:02.100000+00:00,52.2212363,21.0816405,93.7,54.58,-0.078,-0.034,0.974,0,54.703961924151386,,94.03028149657868,-1.0,6.0,52.220967,21.082949,13.0
41660,2026-05-11 21:05:02.600000+00:00,52.2212248,21.0817499,93.6,54.4,-0.066,-0.026,0.96,0,54.440623391291695,,86.56653862098128,-1.0,6.0,52.220967,21.082949,13.0
41665,2026-05-11 21:05:03.100000+00:00,52.2212138,21.0818596,93.6,54.71,-0.045,-0.035,0.962,0,54.51957045674198,13.0,79.12139845610177,-1.0,6.0,52.220967,21.082949,13.0
41670,2026-05-11 21:05:03.600000+00:00,52.2212015,21.0819695,93.5,55.0,-0.039,-0.038,0.96,0,54.7938408654783,13.0,71.63744568354372,-1.0,6.0,52.220967,21.082949,13.0
41675,2026-05-11 21:05:04.100000+00:00,52.2211895,21.0820801,93.5,55.42,-0.036,-0.035,0.975,0,55.08922957411288,13.0,64.15205436857026,-1.0,6.0,52.220967,21.082949,13.0
41680,2026-05-11 21:05:04.600000+00:00,52.2211767,21.0821911,93.5,55.59,-0.044,-0.043,0.979,0,55.39733028829911,13.0,56.64946854308347,-1.0,6.0,52.220967,21.082949,13.0
41685,2026-05-11 21:05:05.100000+00:00,52.2211628,21.0823022,93.4,55.81,-0.048,-0.033,0.952,0,55.61505039168015,13.0,49.14564958616948,-1.0,6.0,52.220967,21.082949,13.0
41690,2026-05-11 21:05:05.600000+00:00,52.2211491,21.0824135,93.4,55.83,-0.056,-0.029,0.981,0,55.67941572341948,13.0,41.721260376317005,-1.0,6.0,52.220967,21.082949,13.0
41695,2026-05-11 21:05:06.100000+00:00,52.221135,21.082525,93.3,56.12,-0.038,-0.024,0.961,0,55.83946440061741,13.0,34.39749828437736,-1.0,6.0,52.220967,21.082949,13.0
41700,2026-05-11 21:05:06.600000+00:00,52.2211211,21.0826369,93.3,56.19,-0.038,-0.034,0.969,0,55.99959011517559,13.0,27.305854359679127,-1.0,6.0,52.220967,21.082949,13.0
41705,2026-05-11 21:05:07.100000+00:00,52.2211065,21.0827495,93.3,56.72,-0.03,-0.036,0.966,0,56.44950178608605,13.0,20.622765956266026,-1.0,6.0,52.220967,21.082949,13.0
41710,2026-05-11 21:05:07.600000+00:00,52.2210923,21.0828626,93.3,56.94,-0.036,-0.022,0.965,0,56.62429481791478,13.0,15.124834467131828,-1.0,6.0,52.220967,21.082949,13.0
41715,2026-05-11 21:05:08.100000+00:00,52.221078,21.082976,93.4,56.76,-0.055,-0.022,1.003,0,56.7845499344487,13.0,12.478921416218348,-1.0,6.0,52.220967,21.082949,13.0
41720,2026-05-11 21:05:08.600000+00:00,52.2210636,21.0830895,93.5,56.87,-0.041,-0.033,0.957,0,56.84878933036661,13.0,14.386781201650898,-1.0,6.0,52.220967,21.082949,13.0
41725,2026-05-11 21:05:09.100000+00:00,52.2210493,21.083203,93.6,56.86,-0.049,-0.019,0.964,0,56.8326251267664,13.0,19.57351045230919,-1.0,6.0,52.220967,21.082949,13.0
41730,2026-05-11 21:05:09.600000+00:00,52.2210344,21.0833163,93.7,57.12,-0.046,-0.03,0.98,0,56.835442326438326,13.0,26.11879275031837,-1.0,6.0,52.220967,21.082949,13.0
41735,2026-05-11 21:05:10.100000+00:00,52.2210185,21.0834295,93.7,57.24,-0.036,-0.038,0.958,0,56.96106426606209,13.0,33.228805419638775,-1.0,6.0,52.220967,21.082949,13.0
41740,2026-05-11 21:05:10.600000+00:00,52.2210023,21.0835427,93.7,57.08,-0.054,-0.045,0.98,0,57.01523982280392,13.0,40.63285966012318,-1.0,6.0,52.220967,21.082949,13.0
41745,2026-05-11 21:05:11.100000+00:00,52.2209856,21.0836557,93.7,57.28,-0.042,-0.04,0.951,0,57.01228862314932,13.0,48.18480003076118,-1.0,6.0,52.220967,21.082949,13.0
41750,2026-05-11 21:05:11.600000+00:00,52.2209686,21.0837685,93.7,57.18,-0.067,-0.034,0.976,0,56.97385448293736,13.0,55.8246209308553,-1.0,6.0,52.220967,21.082949,13.0
41755,2026-05-11 21:05:12.100000+00:00,52.2209516,21.0838808,93.7,56.86,-0.061,-0.027,0.961,0,56.73577330934603,13.0,63.49731953546051,-1.0,6.0,52.220967,21.082949,13.0
41760,2026-05-11 21:05:12.600000+00:00,52.2209343,21.0839926,93.7,56.78,-0.057,-0.04,0.967,0,56.556092928160496,13.0,71.18298337699126,-1.0,6.0,52.220967,21.082949,13.0
41765,2026-05-11 21:05:13.100000+00:00,52.2209175,21.0841044,93.7,56.6,-0.058,-0.022,0.976,0,56.45941451631468,13.0,78.89811608289497,-1.0,6.0,52.220967,21.082949,13.0
41770,2026-05-11 21:05:13.600000+00:00,52.2209004,21.0842157,93.7,56.53,-0.054,-0.02,0.958,0,56.2792362632156,,86.60487283564566,-1.0,6.0,52.220967,21.082949,13.0
41775,2026-05-11 21:05:14.100000+00:00,52.2208836,21.0843269,93.7,56.37,-0.055,-0.014,0.971,0,56.1736924212985,,94.31964100940024,-1.0,6.0,52.220967,21.082949,13.0
41780,2026-05-11 21:05:14.600000+00:00,52.2208669,21.0844376,93.8,56.1,-0.063,-0.015,0.968,0,55.91644704062007,,102.01259308962618,-1.0,6.0,52.220967,21.082949,13.0
41785,2026-05-11 21:05:15.100000+00:00,52.22085,21.0845481,93.8,55.74,-0.058,-0.023,0.967,0,55.85979206013928,,109.7049739911649,-1.0,6.0,52.220967,21.082949,13.0
41790,2026-05-11 21:05:15.600000+00:00,52.2208328,21.0846584,93.8,55.66,-0.059,-0.007,0.974,0,55.82340674253306,,117.39675693868804,-1.0,6.0,52.220967,21.082949,13.0
41795,2026-05-11 21:05:16.100000+00:00,52.2208154,21.0847677,93.8,55.4,-0.055,-0.011,0.968,0,55.38830475868976,,125.03163006342102,-1.0,6.0,52.220967,21.082949,13.0
41800,2026-05-11 21:05:16.600000+00:00,52.2207991,21.0848775,93.9,55.57,-0.052,-0.014,0.959,0,55.411721316186544,,132.6896522204486,-1.0,6.0,52.220967,21.082949,13.0
41805,2026-05-11 21:05:17.100000+00:00,52.2207825,21.0849867,93.9,55.06,-0.059,-0.029,0.973,0,55.18313305790564,,140.31628029729248,-1.0,6.0,52.220967,21.082949,13.0
41810,2026-05-11 21:05:17.600000+00:00,52.2207656,21.0850956,93.9,55.02,-0.063,-0.04,0.959,0,55.09884209151897,,147.9316538247609,-1.0,6.0,52.220967,21.082949,13.0
41815,2026-05-11 21:05:18.100000+00:00,52.2207477,21.0852037,93.9,55.03,-0.051,-0.038,0.973,0,54.9220312770584,,155.51425716134366,-1.0,6.0,52.220967,21.082949,13.0
41820,2026-05-11 21:05:18.600000+00:00,52.2207303,21.0853123,93.9,55.09,-0.039,-0.038,0.96,0,55.05618129268677,,163.1257351534889,-1.0,6.0,52.220967,21.082949,13.0
41825,2026-05-11 21:05:19.100000+00:00,52.2207132,21.0854217,93.9,55.44,-0.036,-0.04,0.951,0,55.37602863547229,,170.78859305264123,-1.0,6.0,52.220967,21.082949,13.0
41830,2026-05-11 21:05:19.600000+00:00,52.2206955,21.0855317,94.0,55.89,-0.038,-0.039,0.974,0,55.78133376134643,,178.5054441590192,-1.0,6.0,52.220967,21.082949,13.0
41835,2026-05-11 21:05:20.100000+00:00,52.2206769,21.0856418,94.0,56.16,-0.033,-0.039,0.966,0,56.01602103552953,,186.24885478303227,-1.0,6.0,52.220967,21.082949,13.0
41840,2026-05-11 21:05:20.600000+00:00,52.2206578,21.0857523,94.0,56.43,-0.051,-0.043,0.959,0,56.3125754029485,,184.97780454764649,-1.0,6.0,52.22005,21.08828,14.0
41845,2026-05-11 21:05:21.100000+00:00,52.2206386,21.0858628,94.0,56.18,-0.079,-0.038,0.978,0,56.33439075223235,,177.192491551633,-1.0,6.0,52.22005,21.08828,14.0
41850,2026-05-11 21:05:21.600000+00:00,52.2206192,21.0859728,93.9,55.99,-0.061,-0.027,0.958,0,56.14261133030544,,169.4340463344797,-1.0,6.0,52.22005,21.08828,14.0
41855,2026-05-11 21:05:22.100000+00:00,52.2205993,21.0860822,93.9,55.67,-0.066,-0.025,0.964,0,55.97252185742579,,161.69619507976273,-1.0,6.0,52.22005,21.08828,14.0
41860,2026-05-11 21:05:22.600000+00:00,52.2205788,21.0861907,93.8,55.76,-0.068,-0.031,0.966,0,55.6891983023669,,153.99314625213643,-1.0,6.0,52.22005,21.08828,14.0
41865,2026-05-11 21:05:23.100000+00:00,52.2205585,21.0862989,93.8,55.58,-0.071,-0.025,0.981,0,55.501534853859326,,146.32086779700785,-1.0,6.0,52.22005,21.08828,14.0
41870,2026-05-11 21:05:23.600000+00:00,52.2205377,21.0864063,93.7,55.35,-0.053,-0.04,0.963,0,55.24584266351476,,138.68100910458853,-1.0,6.0,52.22005,21.08828,14.0
41875,2026-05-11 21:05:24.100000+00:00,52.2205171,21.086514,93.6,55.59,-0.057,-0.03,0.95,0,55.338249313067806,,131.03507434836197,-1.0,6.0,52.22005,21.08828,14.0
41880,2026-05-11 21:05:24.600000+00:00,52.2204966,21.0866217,93.5,55.44,-0.057,-0.031,0.988,0,55.31446510030949,,123.39857388888014,-1.0,6.0,52.22005,21.08828,14.0
41885,2026-05-11 21:05:25.100000+00:00,52.2204756,21.0867294,93.5,55.67,-0.045,-0.024,0.963,0,55.43458035829966,,115.7454247441804,-1.0,6.0,52.22005,21.08828,14.0
41890,2026-05-11 21:05:25.600000+00:00,52.2204545,21.086837,93.4,55.5,-0.058,-0.032,0.977,0,55.412223800685766,,108.10038814413356,-1.0,6.0,52.22005,21.08828,14.0
41895,2026-05-11 21:05:26.100000+00:00,52.2204333,21.0869444,93.3,55.58,-0.052,-0.034,0.963,0,55.34333184939563,,100.47077360421224,-1.0,6.0,52.22005,21.08828,14.0
41900,2026-05-11 21:05:26.600000+00:00,52.220412,21.0870518,93.3,55.27,-0.056,-0.028,0.959,0,55.36796132000648,,92.84573245974462,-1.0,6.0,52.22005,21.08828,14.0
41905,2026-05-11 21:05:27.100000+00:00,52.2203908,21.0871594,93.3,55.77,-0.042,-0.024,0.958,0,55.43675510109861,,85.22510125241234,-1.0,6.0,52.22005,21.08828,14.0
41910,2026-05-11 21:05:27.600000+00:00,52.2203697,21.0872675,93.3,55.85,-0.038,-0.035,0.959,0,55.64593171829203,14.0,77.59486090586728,-1.0,6.0,52.22005,21.08828,14.0
41915,2026-05-11 21:05:28.100000+00:00,52.2203474,21.0873758,93.1,56.31,-0.04,-0.048,0.985,0,56.03807162458934,14.0,69.91100067092096,-1.0,6.0,52.22005,21.08828,14.0
41920,2026-05-11 21:05:28.600000+00:00,52.2203251,21.0874845,93.1,56.6,-0.046,-0.053,0.954,0,56.22409683899161,14.0,62.2280621902779,-1.0,6.0,52.22005,21.08828,14.0
41925,2026-05-11 21:05:29.100000+00:00,52.2203024,21.0875935,93.0,56.64,-0.06,-0.048,0.924,0,56.4659227861064,14.0,54.540470049825664,-1.0,6.0,52.22005,21.08828,14.0
41930,2026-05-11 21:05:29.600000+00:00,52.2202795,21.0877016,92.9,56.07,-0.091,-0.03,0.998,0,56.10031660175228,14.0,46.94353310833994,-1.0,6.0,52.22005,21.08828,14.0
41935,2026-05-11 21:05:30.100000+00:00,52.220256,21.0878092,92.8,56.09,-0.079,-0.029,0.928,0,56.0281026414056,14.0,39.41157126512304,-1.0,6.0,52.22005,21.08828,14.0
41940,2026-05-11 21:05:30.600000+00:00,52.220233,21.0879165,92.6,55.79,-0.093,-0.033,0.985,0,55.75607288794293,14.0,32.050413726686486,-1.0,6.0,52.22005,21.08828,14.0
41945,2026-05-11 21:05:31.100000+00:00,52.2202101,21.0880233,92.4,55.88,-0.069,-0.023,0.952,0,55.49818216755316,14.0,24.9541177870432,-1.0,6.0,52.22005,21.08828,14.0
41950,2026-05-11 21:05:31.600000+00:00,52.2201872,21.0881301,92.2,55.68,-0.063,-0.021,0.968,0,55.49820766332904,14.0,18.357999993980005,-1.0,6.0,52.22005,21.08828,14.0
41955,2026-05-11 21:05:32.100000+00:00,52.2201638,21.0882373,92.0,56.16,-0.055,-0.022,0.951,0,55.81652542548768,14.0,12.98400090540514,-1.0,6.0,52.22005,21.08828,14.0
41960,2026-05-11 21:05:32.600000+00:00,52.2201406,21.0883456,91.8,56.61,-0.054,-0.007,0.966,0,56.27201121088444,14.0,11.02091348008175,-1.0,6.0,52.22005,21.08828,14.0
41965,2026-05-11 21:05:33.100000+00:00,52.220118,21.0884552,91.6,57.07,-0.048,0.0,0.978,0,56.71924695869815,14.0,14.128463593287304,-1.0,6.0,52.22005,21.08828,14.0
41970,2026-05-11 21:05:33.600000+00:00,52.220095,21.0885659,91.4,57.83,-0.047,-0.006,0.956,0,57.33291457873701,14.0,20.10841618413689,-1.0,6.0,52.22005,21.08828,14.0
41975,2026-05-11 21:05:34.100000+00:00,52.2200719,21.0886775,91.1,58.18,-0.06,0.003,0.986,0,57.77673186903702,14.0,27.187529523387884,-1.0,6.0,52.22005,21.08828,14.0
41980,2026-05-11 21:05:34.600000+00:00,52.2200493,21.0887905,90.9,58.65,-0.047,-0.01,0.948,0,58.302237821111966,14.0,34.776064466182966,-1.0,6.0,52.22005,21.08828,14.0
41985,2026-05-11 21:05:35.100000+00:00,52.2200272,21.0889044,90.7,58.78,-0.069,-0.004,0.982,0,58.599950625089306,14.0,42.61050398054471,-1.0,6.0,52.22005,21.08828,14.0
41990,2026-05-11 21:05:35.600000+00:00,52.2200049,21.0890192,90.5,59.29,-0.059,-0.015,0.977,0,59.06915142993737,14.0,50.60446828161489,-1.0,6.0,52.22005,21.08828,14.0
41995,2026-05-11 21:05:36.100000+00:00,52.2199825,21.0891343,90.2,59.3,-0.069,-0.04,0.967,0,59.233645505182125,14.0,58.67817278544907,-1.0,6.0,52.22005,21.08828,14.0
42000,2026-05-11 21:05:36.600000+00:00,52.2199593,21.089249,89.9,59.31,-0.069,-0.03,0.985,0,59.2443893409518,14.0,66.77571794410368,-1.0,6.0,52.22005,21.08828,14.0
42005,2026-05-11 21:05:37.100000+00:00,52.2199362,21.0893642,89.7,59.5,-0.076,-0.045,0.984,0,59.4523872793677,14.0,74.93348534833345,-1.0,6.0,52.22005,21.08828,14.0
42010,2026-05-11 21:05:37.600000+00:00,52.2199125,21.0894789,89.6,59.6,-0.064,-0.048,0.961,0,59.37116264551416,,83.08968143696936,-1.0,6.0,52.22005,21.08828,14.0
42015,2026-05-11 21:05:38.100000+00:00,52.2198885,21.0895936,89.3,59.31,-0.081,-0.016,0.98,0,59.44838581020368,,91.26858194039872,-1.0,6.0,52.22005,21.08828,14.0
42020,2026-05-11 21:05:38.600000+00:00,52.2198653,21.0897082,89.2,59.2,-0.075,-0.062,0.959,0,59.19792961688578,,99.43527227634142,-1.0,6.0,52.22005,21.08828,14.0
42025,2026-05-11 21:05:39.100000+00:00,52.2198408,21.0898212,89.0,58.9,-0.083,-0.028,0.999,0,58.792343768666754,,107.5351131720724,-1.0,6.0,52.22005,21.08828,14.0
42030,2026-05-11 21:05:39.600000+00:00,52.2198169,21.0899343,88.9,58.75,-0.067,-0.047,0.946,0,58.68022331953782,,115.63587401947078,-1.0,6.0,52.22005,21.08828,14.0
42035,2026-05-11 21:05:40.100000+00:00,52.2197923,21.0900464,88.7,58.47,-0.075,-0.062,0.967,0,58.40339851474651,,123.6948408692764,-1.0,6.0,52.22005,21.08828,14.0
42040,2026-05-11 21:05:40.600000+00:00,52.2197684,21.0901587,88.7,58.39,-0.056,-0.042,0.984,0,58.30948592087091,,131.7549817518684,-1.0,6.0,52.22005,21.08828,14.0
42045,2026-05-11 21:05:41.100000+00:00,52.2197439,21.0902705,88.7,58.28,-0.063,-0.066,0.944,0,58.23793828800787,,139.8027544805692,-1.0,6.0,52.22005,21.08828,14.0
42050,2026-05-11 21:05:41.600000+00:00,52.2197194,21.090382,88.6,58.18,-0.053,-0.043,0.968,0,58.099441502006975,,147.83519383840513,-1.0,6.0,52.22005,21.08828,14.0
42055,2026-05-11 21:05:42.100000+00:00,52.219694,21.0904929,88.5,58.3,-0.06,-0.023,0.963,0,58.07092880287798,,155.8573026397942,-1.0,6.0,52.22005,21.08828,14.0
42060,2026-05-11 21:05:42.600000+00:00,52.2196692,21.0906039,88.5,58.0,-0.056,-0.013,0.969,0,57.95056898474464,,163.87299464435984,-1.0,6.0,52.22005,21.08828,14.0
42065,2026-05-11 21:05:43.100000+00:00,52.2196444,21.090715,88.5,58.1,-0.061,-0.031,0.962,0,57.99667918162729,,171.89834919069307,-1.0,6.0,52.22005,21.08828,14.0
42070,2026-05-11 21:05:43.600000+00:00,52.2196201,21.0908259,88.5,58.04,-0.055,-0.022,0.986,0,57.76851291935614,,179.89845091544623,-1.0,6.0,52.22005,21.08828,14.0
42075,2026-05-11 21:05:44.100000+00:00,52.2195964,21.090937,88.5,57.74,-0.061,-0.017,0.944,0,57.70117638685588,,187.89574629483943,-1.0,6.0,52.22005,21.08828,14.0
42080,2026-05-11 21:05:44.600000+00:00,52.219571,21.0910463,88.5,57.5,-0.06,-0.02,0.979,0,57.336651196449104,,195.8277183993193,-1.0,6.0,52.22005,21.08828,14.0
42085,2026-05-11 21:05:45.100000+00:00,52.2195463,21.0911563,88.4,57.46,-0.057,-0.016,0.977,0,57.46256230280822,,203.7865849282164,-1.0,6.0,52.22005,21.08828,14.0
42090,2026-05-11 21:05:45.600000+00:00,52.2195226,21.091267,88.5,57.44,-0.055,-0.033,0.958,0,57.51601703255424,,211.7621061104687,-1.0,6.0,52.22005,21.08828,14.0
42095,2026-05-11 21:05:46.100000+00:00,52.2194988,21.0913773,88.6,57.24,-0.055,-0.031,0.945,0,57.35741893700538,,219.71549700641148,-1.0,6.0,52.22005,21.08828,14.0
42100,2026-05-11 21:05:46.600000+00:00,52.219475,21.0914868,88.6,57.11,-0.072,-0.012,1.014,0,56.987495526353264,,227.61749184830063,-1.0,6.0,52.22005,21.08828,14.0
42105,2026-05-11 21:05:47.100000+00:00,52.2194511,21.0915962,88.6,57.21,-0.05,-0.021,0.94,0,56.9681406469003,,235.51696972404585,-1.0,6.0,52.22005,21.08828,14.0
42110,2026-05-11 21:05:47.600000+00:00,52.2194275,21.0917059,88.6,56.84,-0.082,-0.028,0.988,0,57.02675798401991,,243.4273849357575,-1.0,6.0,52.22005,21.08828,14.0
42115,2026-05-11 21:05:48.100000+00:00,52.2194036,21.0918148,88.5,56.89,-0.044,-0.031,0.912,0,56.73726115234421,,251.2957491772491,-1.0,6.0,52.22005,21.08828,14.0
42120,2026-05-11 21:05:48.600000+00:00,52.2193794,21.0919234,88.4,56.78,-0.072,-0.015,0.997,0,56.68043497245873,,259.15485960682526,-1.0,6.0,52.22005,21.08828,14.0
42125,2026-05-11 21:05:49.100000+00:00,52.2193561,21.0920324,88.4,56.87,-0.056,-0.028,0.956,0,56.62343029899315,,267.0118955935921,-1.0,6.0,52.22005,21.08828,14.0
42130,2026-05-11 21:05:49.600000+00:00,52.2193324,21.0921409,88.3,56.47,-0.07,-0.032,0.997,0,56.49870603060679,,274.8496698453062,-1.0,6.0,52.22005,21.08828,14.0
42135,2026-05-11 21:05:50.100000+00:00,52.219309,21.0922499,88.3,56.96,-0.045,-0.03,0.905,0,56.6499093137265,,282.7108187259315,-1.0,6.0,52.22005,21.08828,14.0
42140,2026-05-11 21:05:50.600000+00:00,52.2192862,21.0923598,88.1,56.3,-0.076,-0.03,1.05,0,56.91083299327063,,290.61146697265286,-1.0,6.0,52.22005,21.08828,14.0
42145,2026-05-11 21:05:51.100000+00:00,52.2192627,21.0924679,88.2,56.64,-0.031,-0.033,0.912,0,56.26027639184142,,298.4179028499024,-1.0,6.0,52.22005,21.08828,14.0
42150,2026-05-11 21:05:51.600000+00:00,52.2192391,21.0925763,88.3,56.2,-0.074,-0.049,0.991,0,56.425755469660025,,306.24752997430755,-1.0,6.0,52.22005,21.08828,14.0
42155,2026-05-11 21:05:52.100000+00:00,52.2192145,21.0926836,88.3,56.47,-0.055,-0.045,0.946,0,56.19326086256272,,314.03881671858926,-1.0,6.0,52.22005,21.08828,14.0
42160,2026-05-11 21:05:52.600000+00:00,52.2191897,21.0927904,88.3,56.2,-0.067,-0.052,1.008,0,56.02021902021456,,321.8048427557216,-1.0,6.0,52.22005,21.08828,14.0
42165,2026-05-11 21:05:53.100000+00:00,52.2191654,21.0928977,88.3,56.39,-0.038,-0.048,0.908,0,56.10958687510094,,328.23167433251666,-1.0,6.0,52.22005,21.08828,14.0
42170,2026-05-11 21:05:53.600000+00:00,52.2191399,21.0930037,88.4,55.97,-0.069,-0.051,1.006,0,55.85592218884178,,320.6433227213884,-1.0,6.0,52.217545,21.096925,15.0
42175,2026-05-11 21:05:54.100000+00:00,52.2191145,21.0931097,88.4,55.88,-0.043,-0.046,0.943,0,55.82673754437618,,313.0694730080912,-1.0,6.0,52.217545,21.096925,15.0
42180,2026-05-11 21:05:54.600000+00:00,52.2190887,21.0932151,88.4,55.66,-0.063,-0.049,0.98,0,55.67081976988938,,305.5134648812558,-1.0,6.0,52.217545,21.096925,15.0
42185,2026-05-11 21:05:55.100000+00:00,52.2190628,21.0933202,88.4,55.72,-0.051,-0.047,0.951,0,55.56405980006121,,297.9770332924912,-1.0,6.0,52.217545,21.096925,15.0
42190,2026-05-11 21:05:55.600000+00:00,52.2190362,21.0934245,88.5,55.59,-0.06,-0.053,0.987,0,55.413194638971135,,290.4503918545481,-1.0,6.0,52.217545,21.096925,15.0
42195,2026-05-11 21:05:56.100000+00:00,52.2190091,21.0935285,88.5,55.4,-0.055,-0.058,0.939,0,55.43285709313709,,282.91759370311627,-1.0,6.0,52.217545,21.096925,15.0
42200,2026-05-11 21:05:56.600000+00:00,52.2189811,21.0936317,88.4,55.22,-0.07,-0.051,0.996,0,55.359845093625054,,275.3803353068571,-1.0,6.0,52.217545,21.096925,15.0
42205,2026-05-11 21:05:57.100000+00:00,52.2189527,21.0937347,88.4,55.4,-0.044,-0.057,0.95,0,55.40085301963752,,267.8367532298065,-1.0,6.0,52.217545,21.096925,15.0
42210,2026-05-11 21:05:57.600000+00:00,52.2189239,21.0938369,88.3,55.06,-0.055,-0.058,0.97,0,55.1763536217188,,260.3198460067801,-1.0,6.0,52.217545,21.096925,15.0
42215,2026-05-11 21:05:58.100000+00:00,52.218894,21.0939379,88.3,54.91,-0.062,-0.048,0.991,0,55.01961596021135,,252.80492012254584,-1.0,6.0,52.217545,21.096925,15.0
42220,2026-05-11 21:05:58.600000+00:00,52.2188635,21.0940383,88.2,55.14,0.014,-0.048,0.833,0,54.9665233798293,,245.29070226616173,-1.0,6.0,52.217545,21.096925,15.0
42225,2026-05-11 21:05:59.100000+00:00,52.2188327,21.094138,88.2,54.67,-0.086,-0.081,0.976,0,54.76688469842231,,237.80211064972488,-1.0,6.0,52.217545,21.096925,15.0
42230,2026-05-11 21:05:59.600000+00:00,52.2188015,21.0942371,88.2,54.48,-0.075,-0.072,0.962,0,54.6499294004031,,230.3267537208971,-1.0,6.0,52.217545,21.096925,15.0
42235,2026-05-11 21:06:00.100000+00:00,52.2187696,21.0943363,88.1,54.94,-0.051,-0.083,0.964,0,54.95179958228865,,222.80619461532197,-1.0,6.0,52.217545,21.096925,15.0
42240,2026-05-11 21:06:00.600000+00:00,52.2187369,21.0944339,88.0,54.72,-0.088,-0.074,0.972,0,54.56258199628584,,215.3246012233157,-1.0,6.0,52.217545,21.096925,15.0
42245,2026-05-11 21:06:01.100000+00:00,52.2187038,21.0945308,88.0,54.72,-0.074,-0.081,0.954,0,54.41685498426888,,207.85983847693265,-1.0,6.0,52.217545,21.096925,15.0
42250,2026-05-11 21:06:01.600000+00:00,52.2186705,21.0946269,88.0,54.53,-0.081,-0.07,0.968,0,54.15315334710071,,200.43073240585744,-1.0,6.0,52.217545,21.096925,15.0
42255,2026-05-11 21:06:02.100000+00:00,52.2186364,21.0947226,87.9,54.36,-0.087,-0.078,0.976,0,54.3016664101915,,192.9739888971969,-1.0,6.0,52.217545,21.096925,15.0
42260,2026-05-11 21:06:02.600000+00:00,52.2186024,21.0948178,87.9,54.13,-0.071,-0.06,0.938,0,54.049477153895175,,185.55752411026364,-1.0,6.0,52.217545,21.096925,15.0
42265,2026-05-11 21:06:03.100000+00:00,52.2185674,21.0949122,87.8,54.06,-0.082,-0.077,0.987,0,54.12101931194909,,178.11957553506278,-1.0,6.0,52.217545,21.096925,15.0
42270,2026-05-11 21:06:03.600000+00:00,52.2185313,21.0950054,87.7,54.33,-0.062,-0.073,0.961,0,54.08380985181112,,170.67251273669933,-1.0,6.0,52.217545,21.096925,15.0
42275,2026-05-11 21:06:04.100000+00:00,52.2184953,21.0950983,87.6,54.19,-0.089,-0.047,0.969,0,53.91668434450031,,163.25414118172517,-1.0,6.0,52.217545,21.096925,15.0
42280,2026-05-11 21:06:04.600000+00:00,52.2184589,21.0951908,87.5,53.59,-0.075,-0.058,0.977,0,53.92339988042584,,155.834114524832,-1.0,6.0,52.217545,21.096925,15.0
42285,2026-05-11 21:06:05.100000+00:00,52.2184223,21.0952825,87.5,53.87,-0.069,-0.067,0.941,0,53.68093082536063,,148.4475070455831,-1.0,6.0,52.217545,21.096925,15.0
42290,2026-05-11 21:06:05.600000+00:00,52.2183858,21.0953737,87.4,53.66,-0.068,-0.07,0.964,0,53.43181558390843,,141.10104400032623,-1.0,6.0,52.217545,21.096925,15.0
42295,2026-05-11 21:06:06.100000+00:00,52.2183486,21.0954643,87.4,53.8,-0.07,-0.065,0.969,0,53.49567146510672,,133.7411986842176,-1.0,6.0,52.217545,21.096925,15.0
42300,2026-05-11 21:06:06.600000+00:00,52.2183112,21.0955539,87.5,53.41,-0.082,-0.064,0.958,0,53.1789455363616,,126.42488527545947,-1.0,6.0,52.217545,21.096925,15.0
42305,2026-05-11 21:06:07.100000+00:00,52.2182736,21.0956424,87.5,52.94,-0.09,-0.069,0.957,0,52.82504337752693,,119.15697788934088,-1.0,6.0,52.217545,21.096925,15.0
42310,2026-05-11 21:06:07.600000+00:00,52.2182357,21.0957295,87.5,52.47,-0.08,-0.071,0.975,0,52.40096414748738,,111.94452753587838,-1.0,6.0,52.217545,21.096925,15.0
42315,2026-05-11 21:06:08.100000+00:00,52.2181977,21.0958151,87.6,51.75,-0.13,-0.075,0.984,0,51.8498372486654,,104.80712331658576,-1.0,6.0,52.217545,21.096925,15.0
42320,2026-05-11 21:06:08.600000+00:00,52.2181601,21.0958978,87.6,50.33,-0.103,-0.072,0.932,0,50.5133985258298,,97.85142259866224,-1.0,6.0,52.217545,21.096925,15.0
42325,2026-05-11 21:06:09.100000+00:00,52.2181228,21.0959782,87.7,48.98,-0.137,-0.065,0.962,0,49.466684250934975,,91.03946052962829,-1.0,6.0,52.217545,21.096925,15.0
42330,2026-05-11 21:06:09.600000+00:00,52.2180859,21.0960556,87.6,47.73,-0.144,-0.061,0.967,0,48.10445092603939,,84.4119974457637,-1.0,6.0,52.217545,21.096925,15.0
42335,2026-05-11 21:06:10.100000+00:00,52.2180496,21.0961301,87.5,46.14,-0.15,-0.082,0.959,0,46.68949203318427,15.0,77.9788648466696,-1.0,6.0,52.217545,21.096925,15.0
42340,2026-05-11 21:06:10.600000+00:00,52.2180132,21.0962,87.3,44.82,-0.146,-0.146,0.973,0,44.99737045854474,15.0,71.76225966783832,-1.0,6.0,52.217545,21.096925,15.0
42345,2026-05-11 21:06:11.100000+00:00,52.217976,21.0962645,87.2,43.23,-0.153,-0.144,0.947,0,43.44993508344223,15.0,65.7380603450303,-1.0,6.0,52.217545,21.096925,15.0
42350,2026-05-11 21:06:11.600000+00:00,52.2179395,21.0963248,87.3,41.2,-0.191,-0.115,0.948,0,41.57793563560443,15.0,59.96780677861541,-1.0,6.0,52.217545,21.096925,15.0
42355,2026-05-11 21:06:12.100000+00:00,52.2179039,21.0963792,87.3,38.15,-0.193,-0.047,0.935,0,39.04255133304084,15.0,54.545244325422814,-1.0,6.0,52.217545,21.096925,15.0
42360,2026-05-11 21:06:12.600000+00:00,52.2178711,21.0964311,87.2,35.72,-0.194,-0.021,0.975,0,36.57359405248901,15.0,49.46667735028217,-1.0,6.0,52.217545,21.096925,15.0
42365,2026-05-11 21:06:13.100000+00:00,52.2178406,21.0964803,87.1,33.34,-0.189,-0.049,0.958,0,34.33128310930789,15.0,44.70105788893278,-1.0,6.0,52.217545,21.096925,15.0
42370,2026-05-11 21:06:13.600000+00:00,52.2178121,21.0965259,87.0,31.16,-0.175,-0.077,0.956,0,31.951456920805597,15.0,40.26568561470603,-1.0,6.0,52.217545,21.096925,15.0
42375,2026-05-11 21:06:14.100000+00:00,52.2177853,21.0965689,86.8,28.86,-0.176,-0.083,0.934,0,30.08682232618261,15.0,36.08990515954209,-1.0,6.0,52.217545,21.096925,15.0
42380,2026-05-11 21:06:14.600000+00:00,52.2177611,21.0966088,86.7,26.31,-0.175,-0.057,0.96,0,27.53899428769881,15.0,32.2711134334437,-1.0,6.0,52.217545,21.096925,15.0
42385,2026-05-11 21:06:15.100000+00:00,52.2177396,21.0966473,86.6,24.7,-0.168,-0.016,0.965,0,25.551921302754643,15.0,28.74247159393508,-1.0,6.0,52.217545,21.096925,15.0
42390,2026-05-11 21:06:15.600000+00:00,52.2177208,21.0966844,86.5,22.98,-0.163,-0.054,0.984,0,23.61553429203722,15.0,25.51055927474488,-1.0,6.0,52.217545,21.096925,15.0
42395,2026-05-11 21:06:16.100000+00:00,52.2177033,21.0967191,86.4,21.7,-0.14,-0.048,0.958,0,22.045136615727536,15.0,22.507590455289947,-1.0,6.0,52.217545,21.096925,15.0
42400,2026-05-11 21:06:16.600000+00:00,52.2176876,21.0967514,86.4,19.7,-0.161,-0.039,0.927,0,20.22367945705273,15.0,19.781101550508478,-1.0,6.0,52.217545,21.096925,15.0
42405,2026-05-11 21:06:17.100000+00:00,52.217674,21.0967804,86.3,17.5,-0.194,-0.069,0.979,0,17.913394050782095,15.0,17.40099627144968,-1.0,6.0,52.217545,21.096925,15.0
42410,2026-05-11 21:06:17.600000+00:00,52.2176619,21.0968053,86.2,14.81,-0.227,-0.079,0.952,0,15.588856175888012,15.0,15.34480558615922,-1.0,6.0,52.217545,21.096925,15.0
42415,2026-05-11 21:06:18.100000+00:00,52.2176521,21.0968248,86.2,11.7,-0.257,-0.081,0.945,0,12.371055387169722,15.0,13.726614029651095,-1.0,6.0,52.217545,21.096925,15.0
42420,2026-05-11 21:06:18.600000+00:00,52.2176446,21.0968393,86.1,8.35,-0.25,-0.069,0.964,0,9.307983906478162,15.0,12.519665092362322,-1.0,6.0,52.217545,21.096925,15.0
42425,2026-05-11 21:06:19.100000+00:00,52.2176396,21.0968484,86.1,4.96,-0.247,-0.078,0.959,0,5.995622064618268,15.0,11.742307306449892,-1.0,6.0,52.217545,21.096925,15.0
42430,2026-05-11 21:06:19.600000+00:00,52.2176374,21.0968531,86.1,1.98,-0.227,-0.062,0.962,0,2.901194551370028,15.0,11.382262112252295,-1.0,6.0,52.217545,21.096925,15.0
42435,2026-05-11 21:06:20.100000+00:00,52.2176369,21.0968536,86.0,0.36,-0.137,-0.069,0.973,0,0.469456308642442,15.0,11.317419726070426,-1.0,6.0,52.217545,21.096925,15.0
42440,2026-05-11 21:06:20.600000+00:00,52.2176368,21.0968543,86.1,0.07,-0.052,-0.07,0.96,0,0.3525609872594788,15.0,11.2869487761598,-1.0,6.0,52.217545,21.096925,15.0
42445,2026-05-11 21:06:21.100000+00:00,52.2176366,21.0968548,86.1,0.24,-0.056,-0.072,0.965,0,0.2928931328420523,15.0,11.252321030588911,-1.0,6.0,52.217545,21.096925,15.0
42450,2026-05-11 21:06:21.600000+00:00,52.2176366,21.0968557,86.2,0.12,-0.053,-0.072,0.972,0,0.4414506899006492,15.0,11.226399513674012,-1.0,6.0,52.217545,21.096925,15.0
42455,2026-05-11 21:06:22.100000+00:00,52.2176367,21.0968567,86.3,0.06,-0.054,-0.073,0.97,0,0.4969916112893068,15.0,11.208036258469733,-1.0,6.0,52.217545,21.096925,15.0
42460,2026-05-11 21:06:22.600000+00:00,52.2176366,21.0968577,86.4,0.19,-0.037,-0.075,0.971,0,0.4969916112893068,15.0,11.169785763039824,-1.0,6.0,52.217545,21.096925,15.0
42465,2026-05-11 21:06:23.100000+00:00,52.2176362,21.0968597,86.5,0.78,-0.005,-0.076,0.968,0,1.0319489142053608,15.0,11.07380837717419,-1.0,6.0,52.217545,21.096925,15.0
42470,2026-05-11 21:06:23.600000+00:00,52.2176348,21.096864,86.6,2.12,0.025,-0.074,0.977,0,2.38847672250471,15.0,10.815526508273264,-1.0,6.0,52.217545,21.096925,15.0
42475,2026-05-11 21:06:24.100000+00:00,52.2176321,21.0968706,86.7,4.02,0.04,-0.071,0.976,0,3.8926580981569887,15.0,10.36992028291038,-1.0,6.0,52.217545,21.096925,15.0
42480,2026-05-11 21:06:24.600000+00:00,52.2176278,21.0968798,86.8,5.54,0.049,-0.065,0.973,0,5.675833716473204,15.0,9.708222002251595,-1.0,6.0,52.217545,21.096925,15.0
42485,2026-05-11 21:06:25.100000+00:00,52.2176218,21.0968923,86.8,7.79,0.06,-0.068,0.97,0,7.788911165445428,15.0,8.825547966828081,-1.0,6.0,52.217545,21.096925,15.0
42490,2026-05-11 21:06:25.600000+00:00,52.2176156,21.0969088,86.8,9.8,0.065,-0.066,0.958,0,9.494192070565566,15.0,7.92755799493602,-1.0,6.0,52.217545,21.096925,15.0
42495,2026-05-11 21:06:26.100000+00:00,52.2176077,21.0969292,86.7,12.3,0.063,-0.067,0.992,0,11.837531285795812,15.0,6.9777906950351305,-1.0,6.0,52.217545,21.096925,15.0
42500,2026-05-11 21:06:26.600000+00:00,52.2175982,21.0969536,86.8,14.63,0.077,-0.071,0.968,0,14.18046721187372,15.0,6.228174507204391,-1.0,6.0,52.217545,21.096925,15.0
42505,2026-05-11 21:06:27.100000+00:00,52.2175879,21.0969835,86.8,17.5,0.085,-0.044,0.961,0,16.825315984978406,15.0,6.2159648050932175,-1.0,6.0,52.217545,21.096925,15.0
42510,2026-05-11 21:06:27.600000+00:00,52.2175789,21.097017,87.0,18.46,0.082,-0.078,0.982,0,17.94218878396414,15.0,7.31375428602843,-1.0,6.0,52.217545,21.096925,15.0
42515,2026-05-11 21:06:28.100000+00:00,52.2175708,21.0970485,87.2,16.91,0.062,-0.104,0.96,0,16.756516929339334,15.0,8.889127244070963,-1.0,6.0,52.217545,21.096925,15.0
42520,2026-05-11 21:06:28.600000+00:00,52.2175621,21.0970756,87.4,16.21,0.027,-0.074,0.969,0,15.006921949732652,15.0,10.434369949273393,-1.0,6.0,52.217545,21.096925,15.0
42525,2026-05-11 21:06:29.100000+00:00,52.2175514,21.0971075,87.6,17.61,0.016,-0.082,0.958,0,17.83852230896487,15.0,12.4532071134858,-1.0,6.0,52.217545,21.096925,15.0
42530,2026-05-11 21:06:29.600000+00:00,52.2175376,21.0971445,87.9,20.3,0.009,-0.101,0.973,0,21.24702325987277,15.0,14.976115029573036,-1.0,6.0,52.217545,21.096925,15.0
42535,2026-05-11 21:06:30.100000+00:00,52.2175242,21.0971771,88.0,19.73,0.022,-0.107,0.953,0,19.2557407278614,15.0,17.329413796246005,-1.0,6.0,52.217545,21.096925,15.0
42540,2026-05-11 21:06:30.600000+00:00,52.2175172,21.0972073,88.2,17.92,0.019,-0.12,1.003,0,15.837837376725265,15.0,19.47861268374937,-1.0,6.0,52.217545,21.096925,15.0
42545,2026-05-11 21:06:31.100000+00:00,52.2175081,21.0972272,88.4,14.82,0.025,-0.102,0.937,0,12.180121601558454,15.0,20.99235111235209,-1.0,6.0,52.217545,21.096925,15.0
42550,2026-05-11 21:06:31.600000+00:00,52.2174927,21.0972622,88.5,19.34,0.004,-0.112,0.97,0,21.136160074704183,15.0,23.69653400754208,-1.0,6.0,52.217545,21.096925,15.0
42555,2026-05-11 21:06:32.100000+00:00,52.2174635,21.097308,88.5,26.24,-0.008,-0.094,0.951,0,32.42206182294197,15.0,27.620987963018976,-1.0,6.0,52.217545,21.096925,15.0
42560,2026-05-11 21:06:32.600000+00:00,52.2174259,21.0973548,88.0,33.06,0.0,-0.064,0.977,0,37.85668458574427,15.0,32.135955685166245,-1.0,6.0,52.217545,21.096925,15.0
42565,2026-05-11 21:06:33.100000+00:00,52.217399,21.0974191,87.5,35.54,-0.01,-0.061,0.979,0,38.19084289849967,15.0,37.37115299688509,-1.0,6.0,52.217545,21.096925,15.0
42570,2026-05-11 21:06:33.600000+00:00,52.2173707,21.0974898,87.3,36.01,0.0,-0.043,0.954,0,41.424009300041206,15.0,43.08282630195048,-1.0,6.0,52.217545,21.096925,15.0
42575,2026-05-11 21:06:34.100000+00:00,52.2173363,21.0975603,86.5,36.76,-0.006,-0.041,0.992,0,44.20753444976092,15.0,49.10906924125204,-1.0,6.0,52.217545,21.096925,15.0
42580,2026-05-11 21:06:34.600000+00:00,52.2173031,21.0976377,86.2,36.82,0.011,-0.041,0.953,0,46.34481410184156,15.0,55.50584327521749,-1.0,6.0,52.217545,21.096925,15.0
42585,2026-05-11 21:06:35.100000+00:00,52.2172673,21.0977159,86.1,38.66,0.013,-0.022,0.926,0,47.88300910827205,15.0,62.101550286471344,-1.0,6.0,52.217545,21.096925,15.0
42590,2026-05-11 21:06:35.600000+00:00,52.2172327,21.0977876,86.3,40.27,-0.007,-0.031,1.046,0,44.76842825913425,15.0,68.25860930073331,-1.0,6.0,52.217545,21.096925,15.0
42595,2026-05-11 21:06:36.100000+00:00,52.2171959,21.0978582,86.4,41.75,0.031,-0.08,0.941,0,45.46687428920552,15.0,74.48889192394778,-1.0,6.0,52.217545,21.096925,15.0
42600,2026-05-11 21:06:36.600000+00:00,52.2171549,21.0979252,86.3,42.73,-0.015,-0.062,0.964,0,46.44888748113177,,80.77451957256483,-1.0,6.0,52.217545,21.096925,15.0
42605,2026-05-11 21:06:37.100000+00:00,52.2171146,21.0979925,86.4,43.43,-0.024,-0.037,0.99,0,46.15969437622454,,87.05862677915457,-1.0,6.0,52.217545,21.096925,15.0
42610,2026-05-11 21:06:37.600000+00:00,52.2170734,21.098058,86.4,43.82,-0.015,-0.047,0.939,0,46.04586796765074,,93.31468907925915,-1.0,6.0,52.217545,21.096925,15.0
42615,2026-05-11 21:06:38.100000+00:00,52.2170328,21.098125,86.4,44.48,-0.037,-0.046,0.984,0,46.22319729582589,,99.63408484854442,-1.0,6.0,52.217545,21.096925,15.0
42620,2026-05-11 21:06:38.600000+00:00,52.2169923,21.0981928,86.3,44.87,-0.019,-0.056,0.962,0,46.44710722231152,,106.00351842852211,-1.0,6.0,52.217545,21.096925,15.0
42625,2026-05-11 21:06:39.100000+00:00,52.216953,21.0982605,86.3,45.1,-0.025,-0.063,0.949,0,45.74600261304243,,112.2984749582338,-1.0,6.0,52.217545,21.096925,15.0
42630,2026-05-11 21:06:39.600000+00:00,52.2169112,21.0983295,86.0,46.56,-0.01,-0.059,0.943,0,47.59633800593616,,118.835737928483,-1.0,6.0,52.217545,21.096925,15.0
42635,2026-05-11 21:06:40.100000+00:00,52.2168687,21.0983984,85.9,46.93,-0.036,-0.067,0.999,0,47.95747181656287,,125.42189665792267,-1.0,6.0,52.217545,21.096925,15.0
42640,2026-05-11 21:06:40.600000+00:00,52.2168255,21.0984683,85.7,47.47,-0.017,-0.047,0.961,0,48.70080154127479,,132.11689398122516,-1.0,6.0,52.217545,21.096925,15.0
42645,2026-05-11 21:06:41.100000+00:00,52.2167839,21.0985403,85.8,48.18,-0.017,-0.06,0.958,0,48.543799373034,,138.8233423642269,-1.0,6.0,52.217545,21.096925,15.0
42650,2026-05-11 21:06:41.600000+00:00,52.2167409,21.0986124,85.7,49.08,-0.031,-0.033,0.975,0,49.35469470981187,,145.63400404310195,-1.0,6.0,52.217545,21.096925,15.0
42655,2026-05-11 21:06:42.100000+00:00,52.216697,21.0986849,85.7,49.73,-0.018,-0.06,0.97,0,49.99934639208489,,152.5319018776015,-1.0,6.0,52.217545,21.096925,15.0
42660,2026-05-11 21:06:42.600000+00:00,52.2166518,21.0987591,85.6,50.5,-0.015,-0.054,0.963,0,51.324300765883706,,159.61444334265747,-1.0,6.0,52.217545,21.096925,15.0
42665,2026-05-11 21:06:43.100000+00:00,52.216606,21.0988347,85.5,51.44,-0.013,-0.064,0.968,0,52.150190188780286,,166.81703977711078,-1.0,6.0,52.217545,21.096925,15.0
42670,2026-05-11 21:06:43.600000+00:00,52.2165589,21.0989118,85.5,52.42,-0.015,-0.049,0.971,0,53.40566122892561,,174.1933921005162,-1.0,6.0,52.217545,21.096925,15.0
42675,2026-05-11 21:06:44.100000+00:00,52.2165114,21.09899,85.4,53.05,-0.014,-0.043,0.966,0,54.01410971174421,,181.65927218922957,-1.0,6.0,52.217545,21.096925,15.0
42680,2026-05-11 21:06:44.600000+00:00,52.2164632,21.0990697,85.4,53.88,-0.017,-0.049,0.972,0,54.93134308120781,,189.25637841708968,-1.0,6.0,52.217545,21.096925,15.0
42685,2026-05-11 21:06:45.100000+00:00,52.216414,21.0991498,85.4,54.89,-0.008,-0.054,0.955,0,55.63510843899165,,196.9479487620111,-1.0,6.0,52.217545,21.096925,15.0
42690,2026-05-11 21:06:45.600000+00:00,52.2163634,21.0992294,85.3,55.44,-0.025,-0.064,0.965,0,56.2637738416932,,204.7159444870775,-1.0,6.0,52.217545,21.096925,15.0
42695,2026-05-11 21:06:46.100000+00:00,52.2163127,21.0993096,85.2,55.9,-0.027,-0.057,0.974,0,56.525904880572746,,212.52576364671108,-1.0,6.0,52.217545,21.096925,15.0
42700,2026-05-11 21:06:46.600000+00:00,52.2162612,21.0993899,85.1,56.52,-0.03,-0.078,0.986,0,57.02147470650085,,220.40130118024396,-1.0,6.0,52.217545,21.096925,15.0
42705,2026-05-11 21:06:47.100000+00:00,52.2162084,21.0994687,85.1,56.85,-0.012,-0.072,0.95,0,57.27949128890592,,228.29636730584565,-1.0,6.0,52.217545,21.096925,15.0
42710,2026-05-11 21:06:47.600000+00:00,52.2161547,21.0995486,85.1,57.66,-0.046,-0.07,0.955,0,58.17545024583541,,236.31764032727963,-1.0,6.0,52.217545,21.096925,15.0
42715,2026-05-11 21:06:48.100000+00:00,52.2161008,21.099628,85.1,57.39,-0.082,-0.07,0.97,0,58.12930365148132,,244.3317256060729,-1.0,6.0,52.217545,21.096925,15.0
42720,2026-05-11 21:06:48.600000+00:00,52.2160465,21.0997058,84.9,56.46,-0.134,-0.061,0.962,0,57.84671931911144,,252.2971109034856,-1.0,6.0,52.217545,21.096925,15.0
42725,2026-05-11 21:06:49.100000+00:00,52.2159935,21.0997796,84.9,54.44,-0.138,-0.04,0.986,0,55.775739467832025,,259.96694229424816,-1.0,6.0,52.217545,21.096925,15.0
42730,2026-05-11 21:06:49.600000+00:00,52.2159418,21.0998527,85.0,54.37,-0.071,-0.043,0.981,0,54.76269258662922,,260.29731722291547,-1.0,6.0,52.214046,21.102094,16.0
42735,2026-05-11 21:06:50.100000+00:00,52.2158902,21.0999261,85.0,54.21,-0.053,-0.038,0.95,0,54.79880569598223,,252.71807322920188,-1.0,6.0,52.214046,21.102094,16.0
42740,2026-05-11 21:06:50.600000+00:00,52.2158378,21.0999987,85.0,54.05,-0.053,-0.051,0.964,0,55.02851290333215,,245.10020549030327,-1.0,6.0,52.214046,21.102094,16.0
42745,2026-05-11 21:06:51.100000+00:00,52.2157854,21.1000704,84.9,54.05,-0.047,-0.07,0.941,0,54.74387732168503,,237.51952567781225,-1.0,6.0,52.214046,21.102094,16.0
42750,2026-05-11 21:06:51.600000+00:00,52.2157329,21.1001422,84.7,53.98,-0.076,-0.055,0.995,0,54.8367716984341,,229.9273265869832,-1.0,6.0,52.214046,21.102094,16.0
42755,2026-05-11 21:06:52.100000+00:00,52.2156805,21.1002134,84.6,54.08,-0.042,-0.072,0.905,0,54.58668542594221,,222.3694070249445,-1.0,6.0,52.214046,21.102094,16.0
42760,2026-05-11 21:06:52.600000+00:00,52.215628,21.100284,84.6,53.59,-0.078,-0.046,1.072,0,54.460642010207096,,214.8275011873287,-1.0,6.0,52.214046,21.102094,16.0
42765,2026-05-11 21:06:53.100000+00:00,52.2155752,21.1003538,84.6,54.02,-0.033,-0.077,0.886,0,54.39840831936123,,207.29100087522943,-1.0,6.0,52.214046,21.102094,16.0
42770,2026-05-11 21:06:53.600000+00:00,52.2155227,21.1004223,84.4,53.51,-0.095,-0.052,0.971,0,53.81153752688201,,199.833801819224,-1.0,6.0,52.214046,21.102094,16.0
42775,2026-05-11 21:06:54.100000+00:00,52.2154702,21.1004908,84.4,53.59,-0.059,-0.041,0.986,0,53.81156232430904,,192.3778904965305,-1.0,6.0,52.214046,21.102094,16.0
42780,2026-05-11 21:06:54.600000+00:00,52.2154179,21.1005587,84.3,53.19,-0.062,-0.055,0.945,0,53.5029003536916,,184.96487990144024,-1.0,6.0,52.214046,21.102094,16.0
42785,2026-05-11 21:06:55.100000+00:00,52.2153653,21.100626,84.1,52.88,-0.076,-0.068,0.97,0,53.50902211715837,,177.5488239333469,-1.0,6.0,52.214046,21.102094,16.0
42790,2026-05-11 21:06:55.600000+00:00,52.2153124,21.1006919,84.1,52.87,-0.066,-0.072,0.967,0,53.27883778832026,,170.16005158284335,-1.0,6.0,52.214046,21.102094,16.0
42795,2026-05-11 21:06:56.100000+00:00,52.2152593,21.1007571,84.0,52.87,-0.059,-0.055,0.966,0,53.199099177977565,,162.7805271646631,-1.0,6.0,52.214046,21.102094,16.0
42800,2026-05-11 21:06:56.600000+00:00,52.2152064,21.1008215,84.0,52.61,-0.068,-0.047,0.97,0,52.83569761080334,,155.45073072204417,-1.0,6.0,52.214046,21.102094,16.0
42805,2026-05-11 21:06:57.100000+00:00,52.2151535,21.1008854,84.0,52.42,-0.059,-0.039,0.969,0,52.68944580127606,,148.14070465169874,-1.0,6.0,52.214046,21.102094,16.0
42810,2026-05-11 21:06:57.600000+00:00,52.2151014,21.1009486,84.0,51.92,-0.09,-0.034,0.977,0,51.97048281017969,,140.93198268029113,-1.0,6.0,52.214046,21.102094,16.0
42815,2026-05-11 21:06:58.100000+00:00,52.2150499,21.1010115,84.0,51.5,-0.077,-0.037,0.981,0,51.497458939458085,,133.79120266496082,-1.0,6.0,52.214046,21.102094,16.0
42820,2026-05-11 21:06:58.600000+00:00,52.2149988,21.1010738,84.0,50.65,-0.07,-0.044,0.938,0,51.06476194600644,,126.71134621703976,-1.0,6.0,52.214046,21.102094,16.0
42825,2026-05-11 21:06:59.100000+00:00,52.2149483,21.1011358,83.9,50.27,-0.08,-0.082,0.945,0,50.59215404661383,,119.70003155822782,-1.0,6.0,52.214046,21.102094,16.0
42830,2026-05-11 21:06:59.600000+00:00,52.2148982,21.1011961,83.9,49.72,-0.084,-0.073,0.949,0,49.8372179309117,,112.79079107965453,-1.0,6.0,52.214046,21.102094,16.0
42835,2026-05-11 21:07:00.100000+00:00,52.2148491,21.101256,83.9,48.05,-0.125,-0.082,0.965,0,49.07746296571956,,105.99155105242929,-1.0,6.0,52.214046,21.102094,16.0
42840,2026-05-11 21:07:00.600000+00:00,52.2148012,21.1013138,83.8,47.15,-0.128,-0.057,0.951,0,47.69189047384408,,99.3839069342623,-1.0,6.0,52.214046,21.102094,16.0
42845,2026-05-11 21:07:01.100000+00:00,52.2147552,21.1013701,83.7,45.53,-0.159,-0.095,0.971,0,46.03239007757724,,93.01188429516787,-1.0,6.0,52.214046,21.102094,16.0
42850,2026-05-11 21:07:01.600000+00:00,52.214711,21.1014249,83.6,43.71,-0.163,-0.096,0.945,0,44.43889654141448,,86.86701150522643,-1.0,6.0,52.214046,21.102094,16.0
42855,2026-05-11 21:07:02.100000+00:00,52.2146687,21.1014772,83.5,41.7,-0.187,-0.094,0.953,0,42.48584936008198,,80.99525850078476,-1.0,6.0,52.214046,21.102094,16.0
42860,2026-05-11 21:07:02.600000+00:00,52.2146285,21.1015255,83.4,39.11,-0.197,-0.115,0.959,0,39.96466472448101,16.0,75.46824538233145,-1.0,6.0,52.214046,21.102094,16.0
42865,2026-05-11 21:07:03.100000+00:00,52.21459,21.1015704,83.4,36.85,-0.183,-0.123,0.96,0,37.88366034488752,16.0,70.22539287527981,-1.0,6.0,52.214046,21.102094,16.0
42870,2026-05-11 21:07:03.600000+00:00,52.2145528,21.1016121,83.4,35.54,-0.154,-0.136,0.955,0,36.13050388144615,16.0,65.22012168767432,-1.0,6.0,52.214046,21.102094,16.0
42875,2026-05-11 21:07:04.100000+00:00,52.2145164,21.101651,83.5,33.91,-0.126,-0.125,0.959,0,34.83345760580934,16.0,60.38925862078373,-1.0,6.0,52.214046,21.102094,16.0
42880,2026-05-11 21:07:04.600000+00:00,52.2144808,21.1016877,83.5,33.14,-0.121,-0.132,0.935,0,33.71097703183934,16.0,55.711239244034616,-1.0,6.0,52.214046,21.102094,16.0
42885,2026-05-11 21:07:05.100000+00:00,52.2144457,21.1017221,83.5,32.29,-0.126,-0.139,0.966,0,32.77839035043799,16.0,51.159755956525295,-1.0,6.0,52.214046,21.102094,16.0
42890,2026-05-11 21:07:05.600000+00:00,52.214411,21.1017548,83.4,31.38,-0.117,-0.135,0.952,0,32.0792670195054,16.0,46.70437571092676,-1.0,6.0,52.214046,21.102094,16.0
42895,2026-05-11 21:07:06.100000+00:00,52.2143771,21.1017851,83.4,30.86,-0.104,-0.123,0.957,0,30.943834432836805,16.0,42.407272089391554,-1.0,6.0,52.214046,21.102094,16.0
42900,2026-05-11 21:07:06.600000+00:00,52.2143446,21.1018145,83.4,29.69,-0.126,-0.07,0.976,0,29.74908681362532,16.0,38.275852491544185,-1.0,6.0,52.214046,21.102094,16.0
42905,2026-05-11 21:07:07.100000+00:00,52.2143141,21.1018447,83.5,28.27,-0.121,-0.017,0.968,0,28.56080955640815,16.0,34.31041195098606,-1.0,6.0,52.214046,21.102094,16.0
42910,2026-05-11 21:07:07.600000+00:00,52.2142852,21.101875,83.5,26.9,-0.104,-0.061,0.937,0,27.500155084626066,16.0,30.497009839266376,-1.0,6.0,52.214046,21.102094,16.0
42915,2026-05-11 21:07:08.100000+00:00,52.2142574,21.1019063,83.5,26.15,-0.113,-0.06,0.961,0,27.03894263511801,16.0,26.75996512392042,-1.0,6.0,52.214046,21.102094,16.0
42920,2026-05-11 21:07:08.600000+00:00,52.2142315,21.1019368,83.5,24.54,-0.151,-0.06,0.959,0,25.569714803906063,16.0,23.241461136446546,-1.0,6.0,52.214046,21.102094,16.0
42925,2026-05-11 21:07:09.100000+00:00,52.214208,21.1019659,83.5,22.58,-0.195,-0.057,0.964,0,23.61651207243841,16.0,20.01645640297702,-1.0,6.0,52.214046,21.102094,16.0
42930,2026-05-11 21:07:09.600000+00:00,52.2141872,21.1019928,83.5,20.31,-0.205,-0.063,0.953,0,21.24684707634503,16.0,17.14791790645404,-1.0,6.0,52.214046,21.102094,16.0
42935,2026-05-11 21:07:10.100000+00:00,52.214169,21.1020171,83.4,17.85,-0.212,-0.088,0.963,0,18.82557454732854,16.0,14.646135176689544,-1.0,6.0,52.214046,21.102094,16.0
42940,2026-05-11 21:07:10.600000+00:00,52.2141532,21.1020359,83.4,14.35,-0.249,-0.129,0.954,0,15.654345212177336,16.0,12.56015504884641,-1.0,6.0,52.214046,21.102094,16.0
42945,2026-05-11 21:07:11.100000+00:00,52.2141407,21.1020505,83.4,10.9,-0.255,-0.089,0.944,0,12.30623263817844,16.0,10.939271031313902,-1.0,6.0,52.214046,21.102094,16.0
42950,2026-05-11 21:07:11.600000+00:00,52.2141319,21.1020615,83.4,7.68,-0.271,-0.08,0.945,0,8.874260567778503,16.0,9.804936414838322,-1.0,6.0,52.214046,21.102094,16.0
42955,2026-05-11 21:07:12.100000+00:00,52.2141265,21.1020685,83.4,4.57,-0.251,-0.082,0.96,0,5.520995132744792,16.0,9.11823136836822,-1.0,6.0,52.214046,21.102094,16.0
42960,2026-05-11 21:07:12.600000+00:00,52.2141239,21.1020718,83.4,1.83,-0.197,-0.086,0.956,0,2.636926228060929,16.0,8.793143005902543,-1.0,6.0,52.214046,21.102094,16.0
42965,2026-05-11 21:07:13.100000+00:00,52.2141229,21.1020737,83.4,0.62,-0.144,-0.086,0.96,0,1.2286727939815838,16.0,8.66201739765807,-1.0,6.0,52.214046,21.102094,16.0
42970,2026-05-11 21:07:13.600000+00:00,52.2141229,21.1020742,83.3,0.12,-0.073,-0.088,0.964,0,0.2452697858115556,16.0,8.656643567716415,-1.0,6.0,52.214046,21.102094,16.0
42975,2026-05-11 21:07:14.100000+00:00,52.2141228,21.1020748,83.3,0.04,-0.066,-0.088,0.968,0,0.3050182356092561,16.0,8.639376188078339,-1.0,6.0,52.214046,21.102094,16.0
42980,2026-05-11 21:07:14.600000+00:00,52.2141228,21.1020752,83.3,0.03,-0.054,-0.087,0.97,0,0.19621582877893,16.0,8.635291887187483,-1.0,6.0,52.214046,21.102094,16.0
42985,2026-05-11 21:07:15.100000+00:00,52.2141229,21.1020758,83.3,0.02,-0.057,-0.089,0.969,0,0.3050182356092561,16.0,8.640327429608568,-1.0,6.0,52.214046,21.102094,16.0
42990,2026-05-11 21:07:15.600000+00:00,52.214123,21.1020761,83.2,0.03,-0.054,-0.089,0.969,0,0.1675299254410892,16.0,8.648426125987815,-1.0,6.0,52.214046,21.102094,16.0
42995,2026-05-11 21:07:16.100000+00:00,52.2141231,21.1020765,83.2,0.09,-0.055,-0.087,0.97,0,0.2119205259844194,16.0,8.655638682088304,-1.0,6.0,52.214046,21.102094,16.0
43000,2026-05-11 21:07:16.600000+00:00,52.2141232,21.102077,83.1,0.1,-0.058,-0.087,0.967,0,0.2580056721975448,16.0,8.662031618167386,-1.0,6.0,52.214046,21.102094,16.0
43005,2026-05-11 21:07:17.100000+00:00,52.2141233,21.1020773,83.1,0.07,-0.057,-0.093,0.967,0,0.1675299197005526,16.0,8.670345554320651,-1.0,6.0,52.214046,21.102094,16.0
43010,2026-05-11 21:07:17.600000+00:00,52.2141235,21.1020777,83.1,0.1,-0.054,-0.088,0.967,0,0.2532573535061371,16.0,8.688867574331587,-1.0,6.0,52.214046,21.102094,16.0
43015,2026-05-11 21:07:18.100000+00:00,52.2141237,21.102078,83.0,0.06,-0.055,-0.088,0.969,0,0.2174747214691443,16.0,8.708342505653324,-1.0,6.0,52.214046,21.102094,16.0
43020,2026-05-11 21:07:18.600000+00:00,52.2141239,21.1020784,83.0,0.11,-0.057,-0.09,0.97,0,0.2532573469062875,16.0,8.727046152463814,-1.0,6.0,52.214046,21.102094,16.0
43025,2026-05-11 21:07:19.100000+00:00,52.2141241,21.1020786,82.9,0.04,-0.054,-0.091,0.969,0,0.1877865796233038,16.0,8.747475183330046,-1.0,6.0,52.214046,21.102094,16.0
43030,2026-05-11 21:07:19.600000+00:00,52.2141242,21.1020787,82.9,0.2,-0.056,-0.091,0.971,0,0.0938932923038834,16.0,8.757700956266756,-1.0,6.0,52.214046,21.102094,16.0
43035,2026-05-11 21:07:20.100000+00:00,52.2141244,21.1020786,82.9,0.06,-0.053,-0.089,0.97,0,0.1674661992346257,16.0,8.780593745443417,-1.0,6.0,52.214046,21.102094,16.0
43040,2026-05-11 21:07:20.600000+00:00,52.2141245,21.1020786,82.9,0.12,-0.052,-0.091,0.971,0,0.0800603403708244,16.0,8.791633668111821,-1.0,6.0,52.214046,21.102094,16.0
43045,2026-05-11 21:07:21.100000+00:00,52.2141246,21.1020787,82.8,0.06,-0.054,-0.091,0.967,0,0.0938932920731079,16.0,8.801864328413577,-1.0,6.0,52.214046,21.102094,16.0
43050,2026-05-11 21:07:21.600000+00:00,52.2141245,21.1020786,82.8,0.11,-0.052,-0.083,0.968,0,0.0938932920731079,16.0,8.791633668111821,-1.0,6.0,52.214046,21.102094,16.0
43055,2026-05-11 21:07:22.100000+00:00,52.2141244,21.102079,82.8,0.13,-0.056,-0.079,0.97,0,0.211920519779193,16.0,8.77737902626847,-1.0,6.0,52.214046,21.102094,16.0
43060,2026-05-11 21:07:22.600000+00:00,52.2141241,21.10208,82.7,0.49,0.0,-0.088,0.967,0,0.546183110601042,16.0,8.736547758244859,-1.0,6.0,52.214046,21.102094,16.0
43065,2026-05-11 21:07:23.100000+00:00,52.2141224,21.1020824,82.7,2.06,0.022,-0.087,0.975,0,1.7995596442508592,16.0,8.531974554577749,-1.0,6.0,52.214046,21.102094,16.0
43070,2026-05-11 21:07:23.600000+00:00,52.2141191,21.1020869,82.7,3.72,0.028,-0.079,0.972,0,3.442797991012771,16.0,8.142729976189536,-1.0,6.0,52.214046,21.102094,16.0
43075,2026-05-11 21:07:24.100000+00:00,52.2141143,21.1020935,82.6,5.16,0.037,-0.077,0.975,0,5.02490397543988,16.0,7.594689888017526,-1.0,6.0,52.214046,21.102094,16.0
43080,2026-05-11 21:07:24.600000+00:00,52.2141079,21.1021027,82.6,7.17,0.05,-0.084,0.963,0,6.827944000160482,16.0,6.9084409438041785,-1.0,6.0,52.214046,21.102094,16.0
43085,2026-05-11 21:07:25.100000+00:00,52.2140994,21.1021146,82.6,9.14,0.043,-0.086,0.975,0,8.965784948471141,16.0,6.101422810899597,-1.0,6.0,52.214046,21.102094,16.0
43090,2026-05-11 21:07:25.600000+00:00,52.2140892,21.102129,82.6,11.35,0.061,-0.076,0.97,0,10.79736089754343,16.0,5.3629235215835465,-1.0,6.0,52.214046,21.102094,16.0
43095,2026-05-11 21:07:26.100000+00:00,52.214077,21.1021459,82.6,12.97,0.073,-0.069,0.955,0,12.81122784707172,16.0,4.938141480088489,-1.0,6.0,52.214046,21.102094,16.0
43100,2026-05-11 21:07:26.600000+00:00,52.2140628,21.1021674,82.6,16.02,0.066,-0.054,0.975,0,15.507269930463831,16.0,5.338311060561761,-1.0,6.0,52.214046,21.102094,16.0
43105,2026-05-11 21:07:27.100000+00:00,52.2140465,21.1021925,82.5,18.51,0.08,-0.075,0.971,0,17.941499963359576,16.0,6.71109571508426,-1.0,6.0,52.214046,21.102094,16.0
43110,2026-05-11 21:07:27.600000+00:00,52.2140277,21.1022202,82.4,21.16,0.061,-0.088,1.005,0,20.277474854954704,16.0,8.835595841730612,-1.0,6.0,52.214046,21.102094,16.0
43115,2026-05-11 21:07:28.100000+00:00,52.214007,21.1022514,82.5,23.27,0.039,-0.096,0.97,0,22.55851416139646,16.0,11.56742052625231,-1.0,6.0,52.214046,21.102094,16.0
43120,2026-05-11 21:07:28.600000+00:00,52.213985,21.1022843,82.5,24.63,0.038,-0.067,0.949,0,23.8890833650714,16.0,14.63235088824704,-1.0,6.0,52.214046,21.102094,16.0
43125,2026-05-11 21:07:29.100000+00:00,52.2139617,21.1023209,82.5,26.43,0.035,-0.088,0.968,0,25.890408155719182,16.0,18.07879778793517,-1.0,6.0,52.214046,21.102094,16.0
43130,2026-05-11 21:07:29.600000+00:00,52.2139372,21.1023585,82.5,27.32,0.028,-0.127,0.939,0,26.92460218753338,16.0,21.70490081993328,-1.0,6.0,52.214046,21.102094,16.0
43135,2026-05-11 21:07:30.100000+00:00,52.2139104,21.1023968,82.5,29.2,0.013,-0.18,0.978,0,28.51923739322005,16.0,25.552752887647653,-1.0,6.0,52.214046,21.102094,16.0
43140,2026-05-11 21:07:30.600000+00:00,52.2138813,21.1024355,82.4,30.23,0.021,-0.156,0.959,0,30.05275004473665,16.0,29.609666134328094,-1.0,6.0,52.214046,21.102094,16.0
43145,2026-05-11 21:07:31.100000+00:00,52.2138503,21.1024741,82.5,31.67,0.014,-0.154,0.945,0,31.216983947862804,16.0,33.82548377982626,-1.0,6.0,52.214046,21.102094,16.0
43150,2026-05-11 21:07:31.600000+00:00,52.2138179,21.1025132,82.5,32.38,-0.013,-0.111,0.974,0,32.260522226250245,16.0,38.19696695045453,-1.0,6.0,52.214046,21.102094,16.0
43155,2026-05-11 21:07:32.100000+00:00,52.2137845,21.1025534,82.5,33.47,-0.007,-0.081,0.963,0,33.2251075896594,16.0,42.72172034756975,-1.0,6.0,52.214046,21.102094,16.0
43160,2026-05-11 21:07:32.600000+00:00,52.21375,21.1025941,82.5,34.54,-0.004,-0.08,0.974,0,34.08101693884781,16.0,47.37329022987256,-1.0,6.0,52.214046,21.102094,16.0
43165,2026-05-11 21:07:33.100000+00:00,52.2137152,21.1026367,82.7,35.05,-0.007,-0.089,0.969,0,34.82710223561772,16.0,52.15488920989672,-1.0,6.0,52.214046,21.102094,16.0
43170,2026-05-11 21:07:33.600000+00:00,52.213679,21.1026807,82.7,36.11,0.006,-0.082,0.954,0,36.13605109544588,16.0,57.12380623005499,-1.0,6.0,52.214046,21.102094,16.0
43175,2026-05-11 21:07:34.100000+00:00,52.2136423,21.1027266,82.7,37.08,-0.012,-0.084,0.97,0,37.01730497954707,16.0,62.23049838040023,-1.0,6.0,52.214046,21.102094,16.0
43180,2026-05-11 21:07:34.600000+00:00,52.2136042,21.1027735,82.6,38.6,0.021,-0.083,0.965,0,38.20647264747742,16.0,67.50245372708704,-1.0,6.0,52.214046,21.102094,16.0
43185,2026-05-11 21:07:35.100000+00:00,52.2135655,21.1028215,82.6,38.83,0.001,-0.079,0.964,0,38.91517767994416,16.0,72.8793064497221,-1.0,6.0,52.214046,21.102094,16.0
43190,2026-05-11 21:07:35.600000+00:00,52.2135253,21.102871,82.6,40.15,0.007,-0.077,0.96,0,40.316786478473965,16.0,78.45207154697944,-1.0,6.0,52.214046,21.102094,16.0
43195,2026-05-11 21:07:36.100000+00:00,52.2134843,21.1029222,82.6,41.72,0.005,-0.079,0.963,0,41.33129483351505,,84.17204880413114,-1.0,6.0,52.214046,21.102094,16.0
43200,2026-05-11 21:07:36.600000+00:00,52.2134419,21.1029735,82.6,42.57,-0.011,-0.103,0.979,0,42.25615716970979,,90.0152905752562,-1.0,6.0,52.214046,21.102094,16.0
43205,2026-05-11 21:07:37.100000+00:00,52.2133985,21.1030254,82.6,43.21,-0.005,-0.099,0.951,0,43.0752729693975,,95.97211017413076,-1.0,6.0,52.214046,21.102094,16.0
43210,2026-05-11 21:07:37.600000+00:00,52.2133548,21.1030784,82.7,43.66,-0.029,-0.086,0.97,0,43.58894324241331,,102.0063650040296,-1.0,6.0,52.214046,21.102094,16.0
43215,2026-05-11 21:07:38.100000+00:00,52.2133104,21.1031321,82.6,44.53,-0.013,-0.092,0.981,0,44.24363125254042,,108.13290509131292,-1.0,6.0,52.214046,21.102094,16.0
43220,2026-05-11 21:07:38.600000+00:00,52.2132655,21.1031863,82.6,45.16,-0.02,-0.088,0.958,0,44.71131686408926,,114.32580503390288,-1.0,6.0,52.214046,21.102094,16.0
43225,2026-05-11 21:07:39.100000+00:00,52.2132201,21.1032412,82.6,45.23,-0.018,-0.076,0.954,0,45.23737917172711,,120.59370767215955,-1.0,6.0,52.214046,21.102094,16.0
43230,2026-05-11 21:07:39.600000+00:00,52.2131747,21.1032972,82.7,45.87,-0.019,-0.082,0.958,0,45.560701489097134,,126.9114993896536,-1.0,6.0,52.214046,21.102094,16.0
43235,2026-05-11 21:07:40.100000+00:00,52.2131286,21.1033542,82.7,46.5,-0.024,-0.097,0.978,0,46.30361990438378,,133.3336746647066,-1.0,6.0,52.214046,21.102094,16.0
43240,2026-05-11 21:07:40.600000+00:00,52.2130816,21.103412,82.7,47.46,-0.02,-0.107,0.955,0,47.11511195922696,,139.86838874036786,-1.0,6.0,52.214046,21.102094,16.0
43245,2026-05-11 21:07:41.100000+00:00,52.2130336,21.10347,82.7,48.02,-0.032,-0.094,0.976,0,47.81527468591421,,146.49806800668233,-1.0,6.0,52.214046,21.102094,16.0
43250,2026-05-11 21:07:41.600000+00:00,52.2129851,21.1035282,82.7,48.3,-0.022,-0.085,0.972,0,48.1956570435749,,153.18023939363434,-1.0,6.0,52.214046,21.102094,16.0
43255,2026-05-11 21:07:42.100000+00:00,52.2129361,21.103588,82.7,48.78,-0.013,-0.101,0.948,0,48.98472599278902,,159.9756350784795,-1.0,6.0,52.214046,21.102094,16.0
43260,2026-05-11 21:07:42.600000+00:00,52.212886,21.1036478,82.7,49.85,-0.015,-0.096,0.967,0,49.69282640174709,,166.86622008987663,-1.0,6.0,52.214046,21.102094,16.0
43265,2026-05-11 21:07:43.100000+00:00,52.2128352,21.1037096,82.8,51.04,-0.014,-0.092,0.962,0,50.72646930523816,,173.9041969073221,-1.0,6.0,52.214046,21.102094,16.0
43270,2026-05-11 21:07:43.600000+00:00,52.2127837,21.1037708,82.8,51.3,-0.017,-0.089,0.957,0,51.00310675524928,,180.97729573196128,-1.0,6.0,52.214046,21.102094,16.0
43275,2026-05-11 21:07:44.100000+00:00,52.212732,21.1038329,82.9,51.61,-0.006,-0.087,0.969,0,51.39311995474641,,188.1070916662453,-1.0,6.0,52.214046,21.102094,16.0
43280,2026-05-11 21:07:44.600000+00:00,52.2126791,21.1038963,82.9,52.79,0.0,-0.09,0.959,0,52.54493452186605,,195.39694056963748,-1.0,6.0,52.214046,21.102094,16.0
43285,2026-05-11 21:07:45.100000+00:00,52.2126257,21.1039607,82.9,53.6,-0.022,-0.092,0.959,0,53.15820001130859,,198.6728888885716,-1.0,6.0,52.211146,21.105595,17.0
43290,2026-05-11 21:07:45.600000+00:00,52.2125721,21.1040245,82.9,53.01,-0.085,-0.08,0.975,0,53.113113676020845,,191.30080618237736,-1.0,6.0,52.211146,21.105595,17.0
43295,2026-05-11 21:07:46.100000+00:00,52.2125191,21.1040884,82.9,52.82,-0.093,-0.072,0.958,0,52.75492457467066,,183.9806609281707,-1.0,6.0,52.211146,21.105595,17.0
43300,2026-05-11 21:07:46.600000+00:00,52.2124676,21.1041516,82.8,51.2,-0.143,-0.074,0.954,0,51.586845525096834,,176.82622060999992,-1.0,6.0,52.211146,21.105595,17.0
43305,2026-05-11 21:07:47.100000+00:00,52.2124171,21.1042127,82.8,50.15,-0.104,-0.083,0.94,0,50.32901901962441,,169.84451977233354,-1.0,6.0,52.211146,21.105595,17.0
43310,2026-05-11 21:07:47.600000+00:00,52.2123671,21.104273,82.8,49.56,-0.087,-0.082,1.003,0,49.77380771270877,,162.94000158826267,-1.0,6.0,52.211146,21.105595,17.0
43315,2026-05-11 21:07:48.100000+00:00,52.2123172,21.104333,82.9,49.41,-0.061,-0.091,0.928,0,49.62202790463337,,156.05677606141182,-1.0,6.0,52.211146,21.105595,17.0
43320,2026-05-11 21:07:48.600000+00:00,52.2122683,21.1043937,82.9,49.35,-0.088,-0.086,0.987,0,49.18691464585646,,149.241142173342,-1.0,6.0,52.211146,21.105595,17.0
43325,2026-05-11 21:07:49.100000+00:00,52.2122196,21.1044534,82.9,48.78,-0.07,-0.094,0.937,0,48.76339482728069,,142.48284850300476,-1.0,6.0,52.211146,21.105595,17.0
43330,2026-05-11 21:07:49.600000+00:00,52.2121716,21.104513,82.8,48.3,-0.085,-0.093,0.949,0,48.28677463694425,,135.79504961234255,-1.0,6.0,52.211146,21.105595,17.0
43335,2026-05-11 21:07:50.100000+00:00,52.2121238,21.1045714,82.8,47.78,-0.088,-0.098,0.981,0,47.80436627158227,,129.17203925018313,-1.0,6.0,52.211146,21.105595,17.0
43340,2026-05-11 21:07:50.600000+00:00,52.2120763,21.1046295,82.7,47.58,-0.072,-0.097,0.939,0,47.52392269441658,,122.58992826246154,-1.0,6.0,52.211146,21.105595,17.0
43345,2026-05-11 21:07:51.100000+00:00,52.2120288,21.1046873,82.6,47.2,-0.084,-0.093,0.972,0,47.43582519823832,,116.02080471765562,-1.0,6.0,52.211146,21.105595,17.0
43350,2026-05-11 21:07:51.600000+00:00,52.2119817,21.1047446,82.5,46.94,-0.078,-0.094,0.968,0,47.032494628110086,,109.50975257907125,-1.0,6.0,52.211146,21.105595,17.0
43355,2026-05-11 21:07:52.100000+00:00,52.2119348,21.1048011,82.5,46.57,-0.085,-0.095,0.958,0,46.67009811631255,,103.04892302944188,-1.0,6.0,52.211146,21.105595,17.0
43360,2026-05-11 21:07:52.600000+00:00,52.2118881,21.1048568,82.4,46.1,-0.088,-0.072,0.974,0,46.30874408122453,,96.63827540748908,-1.0,6.0,52.211146,21.105595,17.0
43365,2026-05-11 21:07:53.100000+00:00,52.211842,21.1049119,82.4,45.55,-0.076,-0.083,0.953,0,45.74728090004715,,90.3088753587335,-1.0,6.0,52.211146,21.105595,17.0
43370,2026-05-11 21:07:53.600000+00:00,52.2117964,21.1049669,82.4,45.47,-0.092,-0.077,0.968,0,45.39578536664288,,84.03447171898635,-1.0,6.0,52.211146,21.105595,17.0
43375,2026-05-11 21:07:54.100000+00:00,52.211751,21.1050214,82.4,44.92,-0.076,-0.073,0.967,0,45.121363071328446,17.0,77.80135168171898,-1.0,6.0,52.211146,21.105595,17.0
43380,2026-05-11 21:07:54.600000+00:00,52.2117061,21.1050746,82.4,43.73,-0.126,-0.076,0.978,0,44.421899317688606,17.0,71.6662441051289,-1.0,6.0,52.211146,21.105595,17.0
43385,2026-05-11 21:07:55.100000+00:00,52.2116626,21.1051257,82.4,42.45,-0.131,-0.119,0.89,0,42.91001958843003,17.0,65.74322405736238,-1.0,6.0,52.211146,21.105595,17.0
43390,2026-05-11 21:07:55.600000+00:00,52.2116196,21.105174,82.4,41.74,-0.147,-0.143,1.016,0,41.791983226283,17.0,59.96740784098121,-1.0,6.0,52.211146,21.105595,17.0
43395,2026-05-11 21:07:56.100000+00:00,52.2115772,21.1052167,82.5,39.6,-0.141,-0.197,0.898,0,39.88846118352356,17.0,54.43628055835696,-1.0,6.0,52.211146,21.105595,17.0
43400,2026-05-11 21:07:56.600000+00:00,52.2115354,21.1052546,82.5,37.85,-0.176,-0.145,0.986,0,38.28319783684988,17.0,49.119735482801474,-1.0,6.0,52.211146,21.105595,17.0
43405,2026-05-11 21:07:57.100000+00:00,52.2114956,21.1052891,82.6,35.83,-0.166,-0.101,0.959,0,36.0798839833521,17.0,44.10867468332776,-1.0,6.0,52.211146,21.105595,17.0
43410,2026-05-11 21:07:57.600000+00:00,52.211458,21.1053222,82.7,34.35,-0.141,-0.053,0.952,0,34.20290926402872,17.0,39.35828758719703,-1.0,6.0,52.211146,21.105595,17.0
43415,2026-05-11 21:07:58.100000+00:00,52.2114225,21.1053563,82.7,32.42,-0.143,-0.006,0.942,0,32.979038559793935,17.0,34.782039459969866,-1.0,6.0,52.211146,21.105595,17.0
43420,2026-05-11 21:07:58.600000+00:00,52.2113894,21.1053915,82.8,31.35,-0.133,-0.004,0.979,0,31.62964092739025,17.0,30.409808687905716,-1.0,6.0,52.211146,21.105595,17.0
43425,2026-05-11 21:07:59.100000+00:00,52.2113584,21.1054272,82.8,29.79,-0.161,-0.026,0.959,0,30.37573949268436,17.0,26.23956751236497,-1.0,6.0,52.211146,21.105595,17.0
43430,2026-05-11 21:07:59.600000+00:00,52.21133,21.1054611,82.7,27.65,-0.209,-0.038,0.961,0,28.169937912054277,17.0,22.401788255046387,-1.0,6.0,52.211146,21.105595,17.0
43435,2026-05-11 21:08:00.100000+00:00,52.2113043,21.1054932,82.7,25.24,-0.204,-0.083,0.963,0,25.910027053139867,17.0,18.919458827184577,-1.0,6.0,52.211146,21.105595,17.0
43440,2026-05-11 21:08:00.600000+00:00,52.2112812,21.1055214,82.7,22.16,-0.21,-0.069,0.948,0,23.09562879374923,17.0,15.847879807825535,-1.0,6.0,52.211146,21.105595,17.0
43445,2026-05-11 21:08:01.100000+00:00,52.2112607,21.1055475,82.7,19.66,-0.209,-0.079,0.96,0,20.81600116686118,17.0,13.158280868194357,-1.0,6.0,52.211146,21.105595,17.0
43450,2026-05-11 21:08:01.600000+00:00,52.2112422,21.1055705,82.7,17.72,-0.177,-0.111,0.956,0,18.61933996374592,17.0,10.826419879419788,-1.0,6.0,52.211146,21.105595,17.0
43455,2026-05-11 21:08:02.100000+00:00,52.2112262,21.1055901,82.8,14.87,-0.246,-0.08,0.959,0,16.01684618329024,17.0,8.92408040095677,-1.0,6.0,52.211146,21.105595,17.0
43460,2026-05-11 21:08:02.600000+00:00,52.2112135,21.1056054,82.8,11.35,-0.255,-0.073,0.937,0,12.637943451512603,17.0,7.539032763446486,-1.0,6.0,52.211146,21.105595,17.0
43465,2026-05-11 21:08:03.100000+00:00,52.2112045,21.1056168,82.8,7.89,-0.272,-0.078,0.964,0,9.12110169334857,17.0,6.672331726335548,-1.0,6.0,52.211146,21.105595,17.0
43470,2026-05-11 21:08:03.600000+00:00,52.2111991,21.1056236,82.9,4.16,-0.281,-0.082,0.968,0,5.460651772067554,17.0,6.21770206469287,-1.0,6.0,52.211146,21.105595,17.0
43475,2026-05-11 21:08:04.100000+00:00,52.2111967,21.1056265,82.9,1.31,-0.239,-0.084,0.952,0,2.3907991714749626,17.0,6.032308221260479,-1.0,6.0,52.211146,21.105595,17.0
43480,2026-05-11 21:08:04.600000+00:00,52.2111963,21.1056273,83.0,0.07,-0.122,-0.076,0.966,0,0.5065347417339592,17.0,6.010505092209508,-1.0,6.0,52.211146,21.105595,17.0
43485,2026-05-11 21:08:05.100000+00:00,52.2111958,21.1056283,83.0,0.18,-0.057,-0.078,0.964,0,0.6331684303143315,17.0,5.984302627291783,-1.0,6.0,52.211146,21.105595,17.0
43490,2026-05-11 21:08:05.600000+00:00,52.2111954,21.1056289,83.0,0.09,-0.058,-0.083,0.967,0,0.4349625596768881,17.0,5.958896115507841,-1.0,6.0,52.211146,21.105595,17.0
43495,2026-05-11 21:08:06.100000+00:00,52.2111949,21.1056296,83.1,0.05,-0.055,-0.082,0.972,0,0.5274137503936532,17.0,5.926494685178672,-1.0,6.0,52.211146,21.105595,17.0
43500,2026-05-11 21:08:06.600000+00:00,52.2111945,21.1056303,83.1,0.05,-0.057,-0.082,0.97,0,0.4695512098780632,17.0,5.904979038359081,-1.0,6.0,52.211146,21.105595,17.0
43505,2026-05-11 21:08:07.100000+00:00,52.2111939,21.1056309,83.1,0.14,-0.059,-0.081,0.969,0,0.5633698772739681,17.0,5.861053512346294,-1.0,6.0,52.211146,21.105595,17.0
43510,2026-05-11 21:08:07.600000+00:00,52.211193,21.1056323,83.1,0.65,-0.013,-0.085,0.965,0,0.9954283382962824,17.0,5.811339244014718,-1.0,6.0,52.211146,21.105595,17.0
43515,2026-05-11 21:08:08.100000+00:00,52.2111903,21.1056344,83.1,2.03,0.011,-0.085,0.972,0,2.394567976889964,17.0,5.609945292793431,-1.0,6.0,52.211146,21.105595,17.0
43520,2026-05-11 21:08:08.600000+00:00,52.2111867,21.1056386,83.1,3.4,0.026,-0.081,0.973,0,3.5429050088826344,17.0,5.413533215859345,-1.0,6.0,52.211146,21.105595,17.0
43525,2026-05-11 21:08:09.100000+00:00,52.2111815,21.1056448,83.1,5.37,0.031,-0.085,0.978,0,5.1558436544468265,17.0,5.205326035439277,-1.0,6.0,52.211146,21.105595,17.0
43530,2026-05-11 21:08:09.600000+00:00,52.211175,21.1056526,83.0,6.45,0.021,-0.083,0.964,0,6.459305202684268,17.0,5.079439014508375,-1.0,6.0,52.211146,21.105595,17.0
43535,2026-05-11 21:08:10.100000+00:00,52.2111671,21.1056624,83.0,7.59,0.01,-0.08,0.962,0,7.94454343198015,17.0,5.156932558063563,-1.0,6.0,52.211146,21.105595,17.0
43540,2026-05-11 21:08:10.600000+00:00,52.2111583,21.1056741,82.9,8.96,0.0,-0.084,0.973,0,9.087381598814977,17.0,5.560316507129777,-1.0,6.0,52.211146,21.105595,17.0
43545,2026-05-11 21:08:11.100000+00:00,52.2111488,21.1056861,83.0,9.95,0.02,-0.066,0.968,0,9.617816428730803,17.0,6.214907495238985,-1.0,6.0,52.211146,21.105595,17.0
43550,2026-05-11 21:08:11.600000+00:00,52.2111383,21.1057018,83.0,11.95,0.037,-0.064,0.968,0,11.401188895515675,17.0,7.327022935026052,-1.0,6.0,52.211146,21.105595,17.0
43555,2026-05-11 21:08:12.100000+00:00,52.2111263,21.1057214,83.0,14.35,0.052,-0.067,0.968,0,13.592336185894954,17.0,8.886491086776159,-1.0,6.0,52.211146,21.105595,17.0
43560,2026-05-11 21:08:12.600000+00:00,52.2111127,21.1057438,83.0,16.24,0.074,-0.074,0.971,0,15.46956448212896,17.0,10.793510239649436,-1.0,6.0,52.211146,21.105595,17.0
43565,2026-05-11 21:08:13.100000+00:00,52.2110971,21.1057692,83.0,18.43,0.068,-0.123,0.96,0,17.64230177224428,17.0,13.055344260150786,-1.0,6.0,52.211146,21.105595,17.0
43570,2026-05-11 21:08:13.600000+00:00,52.2110788,21.1057973,83.0,21.05,0.075,-0.12,0.976,0,20.1167134422112,17.0,15.678857075221604,-1.0,6.0,52.211146,21.105595,17.0
43575,2026-05-11 21:08:14.100000+00:00,52.2110578,21.105828,83.0,23.08,0.049,-0.09,0.961,0,22.57183318377208,17.0,18.66054595688553,-1.0,6.0,52.211146,21.105595,17.0
43580,2026-05-11 21:08:14.600000+00:00,52.2110356,21.1058617,83.0,24.56,0.025,-0.086,0.962,0,24.273679614486127,17.0,21.92958815607066,-1.0,6.0,52.211146,21.105595,17.0
43585,2026-05-11 21:08:15.100000+00:00,52.2110123,21.1058974,83.0,26.09,0.008,-0.1,0.972,0,25.587030336647004,17.0,25.40764555838407,-1.0,6.0,52.211146,21.105595,17.0
43590,2026-05-11 21:08:15.600000+00:00,52.2109875,21.1059338,83.0,27.55,0.02,-0.143,0.955,0,26.703715123924223,17.0,29.04306493869228,-1.0,6.0,52.211146,21.105595,17.0
43595,2026-05-11 21:08:16.100000+00:00,52.2109601,21.1059707,83.1,29.11,0.03,-0.182,0.947,0,28.44118451383897,17.0,32.902489060351684,-1.0,6.0,52.211146,21.105595,17.0
43600,2026-05-11 21:08:16.600000+00:00,52.2109303,21.106007,83.1,30.29,0.013,-0.169,0.964,0,29.77118168249745,17.0,36.92274535323951,-1.0,6.0,52.211146,21.105595,17.0
43605,2026-05-11 21:08:17.100000+00:00,52.2108991,21.1060451,83.0,31.62,-0.005,-0.101,0.97,0,31.19762625157676,17.0,41.16102521854501,-1.0,6.0,52.211146,21.105595,17.0
43610,2026-05-11 21:08:17.600000+00:00,52.2108672,21.1060843,83.1,32.88,-0.004,-0.075,0.971,0,31.96979071998781,17.0,45.52507686565707,-1.0,6.0,52.211146,21.105595,17.0
43615,2026-05-11 21:08:18.100000+00:00,52.2108342,21.1061245,83.1,33.43,-0.001,-0.092,0.971,0,32.968703026468724,17.0,50.0364389023125,-1.0,6.0,52.211146,21.105595,17.0
43620,2026-05-11 21:08:18.600000+00:00,52.2108002,21.1061666,83.1,34.37,0.007,-0.089,0.954,0,34.16889594725444,17.0,54.729315994322185,-1.0,6.0,52.211146,21.105595,17.0
43625,2026-05-11 21:08:19.100000+00:00,52.2107647,21.1062098,83.2,35.72,-0.01,-0.101,0.964,0,35.453017303812786,17.0,59.60187364952648,-1.0,6.0,52.211146,21.105595,17.0
43630,2026-05-11 21:08:19.600000+00:00,52.2107283,21.1062537,83.2,36.55,-0.006,-0.101,0.975,0,36.23627260417247,17.0,64.58735325232908,-1.0,6.0,52.211146,21.105595,17.0
43635,2026-05-11 21:08:20.100000+00:00,52.2106907,21.1062984,83.2,37.49,0.0,-0.094,0.962,0,37.24304509703586,17.0,69.71400582815973,-1.0,6.0,52.211146,21.105595,17.0
43640,2026-05-11 21:08:20.600000+00:00,52.2106524,21.1063446,83.3,38.52,0.012,-0.08,0.947,0,38.13023237481063,17.0,74.97359227373731,-1.0,6.0,52.211146,21.105595,17.0
43645,2026-05-11 21:08:21.100000+00:00,52.2106129,21.1063925,83.3,39.59,-0.002,-0.079,0.988,0,39.39867485619545,,80.41458474785755,-1.0,6.0,52.211146,21.105595,17.0
43650,2026-05-11 21:08:21.600000+00:00,52.2105722,21.1064414,83.4,40.78,0.01,-0.085,0.954,0,40.46281914982072,,86.00419557512679,-1.0,6.0,52.211146,21.105595,17.0
43655,2026-05-11 21:08:22.100000+00:00,52.2105304,21.1064921,83.3,41.99,0.002,-0.088,0.978,0,41.69598753210142,,91.77042999791414,-1.0,6.0,52.211146,21.105595,17.0
43660,2026-05-11 21:08:22.600000+00:00,52.2104877,21.106544,83.3,42.56,-0.005,-0.084,0.953,0,42.62549803434344,,97.66874821447443,-1.0,6.0,52.211146,21.105595,17.0
43665,2026-05-11 21:08:23.100000+00:00,52.210444,21.1065965,83.3,43.74,-0.024,-0.094,0.965,0,43.444093798049096,,103.68018163688438,-1.0,6.0,52.211146,21.105595,17.0
43670,2026-05-11 21:08:23.600000+00:00,52.2104001,21.1066498,83.3,44.07,-0.031,-0.089,0.982,0,43.80628442037886,,109.74658466031764,-1.0,6.0,52.211146,21.105595,17.0
43675,2026-05-11 21:08:24.100000+00:00,52.2103553,21.1067038,83.3,44.8,-0.017,-0.097,0.932,0,44.58965043866732,,115.92184187168746,-1.0,6.0,52.211146,21.105595,17.0
43680,2026-05-11 21:08:24.600000+00:00,52.2103099,21.1067582,83.4,45.33,-0.028,-0.078,0.993,0,45.09282519918081,,122.16735117178666,-1.0,6.0,52.211146,21.105595,17.0
43685,2026-05-11 21:08:25.100000+00:00,52.2102639,21.1068128,83.4,45.78,-0.019,-0.09,0.955,0,45.53857199876281,,128.47428959504535,-1.0,6.0,52.211146,21.105595,17.0
43690,2026-05-11 21:08:25.600000+00:00,52.2102174,21.1068687,83.5,46.55,-0.017,-0.075,0.963,0,46.2382970632261,,134.8824534942686,-1.0,6.0,52.211146,21.105595,17.0
43695,2026-05-11 21:08:26.100000+00:00,52.2101705,21.1069256,83.5,47.03,-0.027,-0.072,0.975,0,46.78756185263082,,141.36969687843765,-1.0,6.0,52.211146,21.105595,17.0
43700,2026-05-11 21:08:26.600000+00:00,52.210123,21.1069832,83.5,47.6,-0.022,-0.083,0.97,0,47.377967254901705,,147.93970560116344,-1.0,6.0,52.211146,21.105595,17.0
43705,2026-05-11 21:08:27.100000+00:00,52.210075,21.107042,83.5,48.38,-0.02,-0.091,0.959,0,48.050981039938925,,154.60555511979217,-1.0,6.0,52.211146,21.105595,17.0
43710,2026-05-11 21:08:27.600000+00:00,52.2100264,21.1071011,83.6,48.89,-0.026,-0.089,0.964,0,48.5238249146897,,161.33654219836222,-1.0,6.0,52.211146,21.105595,17.0
43715,2026-05-11 21:08:28.100000+00:00,52.2099769,21.107161,83.6,49.83,-0.015,-0.097,0.951,0,49.33625906452826,,168.18014550059948,-1.0,6.0,52.211146,21.105595,17.0
43720,2026-05-11 21:08:28.600000+00:00,52.2099268,21.1072221,83.6,50.19,-0.027,-0.071,1.006,0,50.0731307299208,,175.127834835542,-1.0,6.0,52.211146,21.105595,17.0
43725,2026-05-11 21:08:29.100000+00:00,52.2098759,21.1072842,83.6,51.28,0.015,-0.086,0.922,0,50.87987466327378,,182.1880569373321,-1.0,6.0,52.211146,21.105595,17.0
43730,2026-05-11 21:08:29.600000+00:00,52.2098244,21.1073471,83.6,51.89,-0.024,-0.094,0.982,0,51.49963365878797,,189.33491544548863,-1.0,6.0,52.211146,21.105595,17.0
43735,2026-05-11 21:08:30.100000+00:00,52.2097721,21.107411,83.7,52.68,-0.012,-0.094,0.956,0,52.30638593336997,,196.5942159966352,-1.0,6.0,52.211146,21.105595,17.0
43740,2026-05-11 21:08:30.600000+00:00,52.2097188,21.107476,83.7,53.64,-0.021,-0.09,0.976,0,53.2707411902759,,203.9875081587253,-1.0,6.0,52.211146,21.105595,17.0
43745,2026-05-11 21:08:31.100000+00:00,52.2096649,21.1075417,83.7,54.13,-0.014,-0.093,0.96,0,53.86112506610638,,211.46306106552424,-1.0,6.0,52.211146,21.105595,17.0
43750,2026-05-11 21:08:31.600000+00:00,52.20961,21.1076078,83.7,54.96,-0.02,-0.087,0.962,0,54.62095712129844,,219.04273257781875,-1.0,6.0,52.211146,21.105595,17.0
43755,2026-05-11 21:08:32.100000+00:00,52.2095548,21.1076743,83.8,54.96,-0.067,-0.09,0.978,0,54.93075861185971,,226.6659225303408,-1.0,6.0,52.211146,21.105595,17.0
43760,2026-05-11 21:08:32.600000+00:00,52.2094999,21.1077403,83.8,54.55,-0.069,-0.079,0.96,0,54.59189318072648,,234.2421859900108,-1.0,6.0,52.211146,21.105595,17.0
43765,2026-05-11 21:08:33.100000+00:00,52.2094454,21.1078065,83.8,54.28,-0.063,-0.081,0.955,0,54.392943278609934,,241.79252995382532,-1.0,6.0,52.211146,21.105595,17.0
43770,2026-05-11 21:08:33.600000+00:00,52.2093908,21.1078727,83.9,54.58,-0.05,-0.092,0.972,0,54.45721078678882,,249.3518372339748,-1.0,6.0,52.211146,21.105595,17.0
43775,2026-05-11 21:08:34.100000+00:00,52.2093359,21.1079397,83.9,55.22,-0.032,-0.079,0.942,0,54.88436084751455,,256.971411064299,-1.0,6.0,52.211146,21.105595,17.0
43780,2026-05-11 21:08:34.600000+00:00,52.2092808,21.1080069,84.0,55.07,-0.047,-0.088,0.986,0,55.07137981656911,,264.6170697988999,-1.0,6.0,52.211146,21.105595,17.0
43785,2026-05-11 21:08:35.100000+00:00,52.209225,21.1080745,84.0,55.91,-0.031,-0.1,0.923,0,55.6380745219711,,272.3408651109489,-1.0,6.0,52.211146,21.105595,17.0
43790,2026-05-11 21:08:35.600000+00:00,52.2091692,21.1081422,84.0,55.86,-0.053,-0.08,1.013,0,55.66735608074721,,280.06909152321373,-1.0,6.0,52.211146,21.105595,17.0
43795,2026-05-11 21:08:36.100000+00:00,52.2091129,21.1082103,84.0,56.48,-0.027,-0.088,0.932,0,56.10576938988681,,287.8580376427921,-1.0,6.0,52.206974,21.110648,18.0
43800,2026-05-11 21:08:36.600000+00:00,52.2090562,21.1082781,84.1,56.21,-0.051,-0.087,0.97,0,56.27627550691675,,282.2826106418369,-1.0,6.0,52.206974,21.110648,18.0
43805,2026-05-11 21:08:37.100000+00:00,52.2089995,21.1083468,84.1,56.64,-0.035,-0.084,0.934,0,56.538394667494856,,274.43360017522934,-1.0,6.0,52.206974,21.110648,18.0
43810,2026-05-11 21:08:37.600000+00:00,52.2089424,21.1084156,84.1,56.87,-0.053,-0.075,0.982,0,56.82498717151208,,266.5443826176709,-1.0,6.0,52.206974,21.110648,18.0
43815,2026-05-11 21:08:38.100000+00:00,52.2088853,21.1084851,84.0,57.14,-0.044,-0.089,0.95,0,57.029666478399896,,258.6281697319053,-1.0,6.0,52.206974,21.110648,18.0
43820,2026-05-11 21:08:38.600000+00:00,52.2088279,21.1085546,84.0,57.12,-0.073,-0.07,0.991,0,57.2223997631073,,250.6848106514151,-1.0,6.0,52.206974,21.110648,18.0
43825,2026-05-11 21:08:39.100000+00:00,52.2087708,21.1086244,83.9,57.11,-0.066,-0.093,0.932,0,57.1178356601481,,242.75756372808843,-1.0,6.0,52.206974,21.110648,18.0
43830,2026-05-11 21:08:39.600000+00:00,52.2087138,21.1086938,83.9,56.84,-0.08,-0.077,0.97,0,56.93623862453441,,234.85531698417185,-1.0,6.0,52.206974,21.110648,18.0
43835,2026-05-11 21:08:40.100000+00:00,52.2086569,21.1087628,83.9,56.65,-0.07,-0.101,0.951,0,56.75485134875424,,226.9780469490648,-1.0,6.0,52.206974,21.110648,18.0
43840,2026-05-11 21:08:40.600000+00:00,52.2086002,21.108832,83.8,56.59,-0.047,-0.057,0.98,0,56.68514769326266,,219.11181370329743,-1.0,6.0,52.206974,21.110648,18.0
43845,2026-05-11 21:08:41.100000+00:00,52.2085437,21.1089012,83.8,56.66,-0.056,-0.092,0.948,0,56.5570281802724,,211.2644497858929,-1.0,6.0,52.206974,21.110648,18.0
43850,2026-05-11 21:08:41.600000+00:00,52.208487,21.1089699,83.7,56.31,-0.072,-0.076,0.961,0,56.53862643352631,,203.4184382015728,-1.0,6.0,52.206974,21.110648,18.0
43855,2026-05-11 21:08:42.100000+00:00,52.2084307,21.109038,83.7,55.94,-0.07,-0.092,0.966,0,56.10607486946661,,195.6327041077256,-1.0,6.0,52.206974,21.110648,18.0
43860,2026-05-11 21:08:42.600000+00:00,52.2083749,21.1091059,83.7,55.7,-0.065,-0.075,0.979,0,55.72630902325877,,187.9012399533956,-1.0,6.0,52.206974,21.110648,18.0
43865,2026-05-11 21:08:43.100000+00:00,52.2083189,21.1091736,83.6,55.86,-0.071,-0.085,0.974,0,55.7963148442988,,180.1596239754419,-1.0,6.0,52.206974,21.110648,18.0
43870,2026-05-11 21:08:43.600000+00:00,52.2082635,21.1092407,83.7,55.53,-0.064,-0.087,0.953,0,55.23515334769677,,172.49689793103792,-1.0,6.0,52.206974,21.110648,18.0
43875,2026-05-11 21:08:44.100000+00:00,52.208208,21.109308,83.7,55.32,-0.063,-0.081,0.955,0,55.35795341203377,,164.81818276453765,-1.0,6.0,52.206974,21.110648,18.0
43880,2026-05-11 21:08:44.600000+00:00,52.2081527,21.1093749,83.7,55.2,-0.066,-0.085,0.996,0,55.11244410080582,,157.1740199587098,-1.0,6.0,52.206974,21.110648,18.0
43885,2026-05-11 21:08:45.100000+00:00,52.2080974,21.1094421,83.7,55.2,-0.053,-0.08,0.9,0,55.200247268986416,,149.51967739146073,-1.0,6.0,52.206974,21.110648,18.0
43890,2026-05-11 21:08:45.600000+00:00,52.2080428,21.109509,83.7,54.55,-0.108,-0.075,1.001,0,54.663308837033846,,141.94301206751103,-1.0,6.0,52.206974,21.110648,18.0
43895,2026-05-11 21:08:46.100000+00:00,52.2079886,21.1095751,83.7,53.9,-0.087,-0.085,0.968,0,54.171719204320254,,134.4350586084905,-1.0,6.0,52.206974,21.110648,18.0
43900,2026-05-11 21:08:46.600000+00:00,52.2079349,21.109641,83.8,53.63,-0.083,-0.091,0.963,0,53.79259460020192,,126.98312918087272,-1.0,6.0,52.206974,21.110648,18.0
43905,2026-05-11 21:08:47.100000+00:00,52.2078818,21.1097058,83.8,53.01,-0.074,-0.086,0.904,0,53.08453380140296,,119.63012040823466,-1.0,6.0,52.206974,21.110648,18.0
43910,2026-05-11 21:08:47.600000+00:00,52.2078292,21.1097699,83.8,52.49,-0.097,-0.079,0.991,0,52.55831995892106,,112.3521708136074,-1.0,6.0,52.206974,21.110648,18.0
43915,2026-05-11 21:08:48.100000+00:00,52.2077769,21.1098332,83.8,52.01,-0.071,-0.089,0.97,0,52.13133645910173,,105.13435730063703,-1.0,6.0,52.206974,21.110648,18.0
43920,2026-05-11 21:08:48.600000+00:00,52.2077254,21.1098964,83.7,51.26,-0.106,-0.083,0.97,0,51.58883457770211,,97.99928019477632,-1.0,6.0,52.206974,21.110648,18.0
43925,2026-05-11 21:08:49.100000+00:00,52.2076749,21.1099571,83.8,49.69,-0.142,-0.08,0.953,0,50.21429206279404,,91.05214393042456,-1.0,6.0,52.206974,21.110648,18.0
43930,2026-05-11 21:08:49.600000+00:00,52.2076261,21.1100165,83.7,48.31,-0.14,-0.077,0.96,0,48.74110470827157,,84.31725298012374,-1.0,6.0,52.206974,21.110648,18.0
43935,2026-05-11 21:08:50.100000+00:00,52.2075788,21.1100735,83.7,46.7,-0.161,-0.088,0.958,0,47.075046623076936,18.0,77.81480139081624,-1.0,6.0,52.206974,21.110648,18.0
43940,2026-05-11 21:08:50.600000+00:00,52.2075334,21.1101279,83.7,44.46,-0.159,-0.104,0.939,0,45.09381230577469,18.0,71.59013922715367,-1.0,6.0,52.206974,21.110648,18.0
43945,2026-05-11 21:08:51.100000+00:00,52.2074895,21.1101788,83.7,42.51,-0.185,-0.141,0.965,0,43.11479690437499,18.0,65.63452204440502,-1.0,6.0,52.206974,21.110648,18.0
43950,2026-05-11 21:08:51.600000+00:00,52.2074472,21.1102242,83.8,40.13,-0.179,-0.153,0.949,0,40.53390591383189,18.0,60.02120605693823,-1.0,6.0,52.206974,21.110648,18.0
43955,2026-05-11 21:08:52.100000+00:00,52.2074063,21.1102657,83.8,37.76,-0.206,-0.132,0.96,0,38.55856016116133,18.0,54.67452939174683,-1.0,6.0,52.206974,21.110648,18.0
43960,2026-05-11 21:08:52.600000+00:00,52.2073677,21.1103029,84.0,34.64,-0.197,-0.131,0.943,0,35.89020346323954,18.0,49.69349921821257,-1.0,6.0,52.206974,21.110648,18.0
43965,2026-05-11 21:08:53.100000+00:00,52.2073311,21.1103364,84.1,33.06,-0.175,-0.103,0.949,0,33.596735536298915,18.0,45.02814256482746,-1.0,6.0,52.206974,21.110648,18.0
43970,2026-05-11 21:08:53.600000+00:00,52.2072967,21.1103672,84.2,31.37,-0.132,-0.083,0.966,0,31.41391050722111,18.0,40.6653802365667,-1.0,6.0,52.206974,21.110648,18.0
43975,2026-05-11 21:08:54.100000+00:00,52.2072634,21.110397,84.3,30.14,-0.115,-0.052,0.959,0,30.40583455170468,18.0,36.44267159787493,-1.0,6.0,52.206974,21.110648,18.0
43980,2026-05-11 21:08:54.600000+00:00,52.2072321,21.1104285,84.4,28.72,-0.114,0.008,0.954,0,29.441229714920997,18.0,32.36306885694305,-1.0,6.0,52.206974,21.110648,18.0
43985,2026-05-11 21:08:55.100000+00:00,52.2072028,21.1104603,84.4,28.0,-0.112,-0.044,0.966,0,28.17218894343608,18.0,28.47546208121076,-1.0,6.0,52.206974,21.110648,18.0
43990,2026-05-11 21:08:55.600000+00:00,52.2071749,21.1104913,84.5,26.69,-0.115,-0.046,0.961,0,27.023156987329987,18.0,24.759802575042716,-1.0,6.0,52.206974,21.110648,18.0
43995,2026-05-11 21:08:56.100000+00:00,52.2071487,21.1105223,84.5,25.56,-0.151,-0.044,0.973,0,25.90948976420305,18.0,21.23029388078099,-1.0,6.0,52.206974,21.110648,18.0
44000,2026-05-11 21:08:56.600000+00:00,52.2071254,21.1105511,84.5,22.26,-0.233,-0.045,0.937,0,23.401370508473555,18.0,18.08348685879782,-1.0,6.0,52.206974,21.110648,18.0
44005,2026-05-11 21:08:57.100000+00:00,52.2071054,21.1105765,84.6,19.26,-0.214,-0.072,0.975,0,20.28988911290103,18.0,15.401920005142216,-1.0,6.0,52.206974,21.110648,18.0
44010,2026-05-11 21:08:57.600000+00:00,52.2070878,21.1105992,84.6,17.07,-0.197,-0.091,0.951,0,17.960472807373463,18.0,13.083611516408606,-1.0,6.0,52.206974,21.110648,18.0
44015,2026-05-11 21:08:58.100000+00:00,52.2070727,21.1106181,84.6,13.83,-0.246,-0.085,0.96,0,15.235780434943086,18.0,11.162455022071883,-1.0,6.0,52.206974,21.110648,18.0
44020,2026-05-11 21:08:58.600000+00:00,52.207061,21.1106322,84.6,10.34,-0.257,-0.078,0.943,0,11.644590532732527,18.0,9.733684612937887,-1.0,6.0,52.206974,21.110648,18.0
44025,2026-05-11 21:08:59.100000+00:00,52.2070528,21.1106421,84.6,7.05,-0.266,-0.068,0.958,0,8.166401092098875,18.0,8.771378640515687,-1.0,6.0,52.206974,21.110648,18.0
44030,2026-05-11 21:08:59.600000+00:00,52.207048,21.1106478,84.6,3.87,-0.235,-0.069,0.962,0,4.752723728995639,18.0,8.228435857568725,-1.0,6.0,52.206974,21.110648,18.0
44035,2026-05-11 21:09:00.100000+00:00,52.2070455,21.1106507,84.6,2.09,-0.157,-0.076,0.955,0,2.4556816255019545,18.0,7.952565739511779,-1.0,6.0,52.206974,21.110648,18.0
44040,2026-05-11 21:09:00.600000+00:00,52.2070445,21.1106525,84.6,1.02,-0.113,-0.072,0.968,0,1.1919952017805833,18.0,7.845237161409897,-1.0,6.0,52.206974,21.110648,18.0
44045,2026-05-11 21:09:01.100000+00:00,52.2070446,21.1106528,84.6,0.29,-0.105,-0.075,0.972,0,0.1675505239845791,18.0,7.857172598012716,-1.0,6.0,52.206974,21.110648,18.0
44050,2026-05-11 21:09:01.600000+00:00,52.2070446,21.110653,84.6,0.06,-0.043,-0.075,0.965,0,0.098123545883936,18.0,7.857751714532325,-1.0,6.0,52.206974,21.110648,18.0
44055,2026-05-11 21:09:02.100000+00:00,52.2070448,21.1106529,84.6,0.23,-0.05,-0.076,0.969,0,0.1674684840194982,18.0,7.879678160676938,-1.0,6.0,52.206974,21.110648,18.0
44060,2026-05-11 21:09:02.600000+00:00,52.207045,21.1106529,84.6,0.12,-0.05,-0.079,0.972,0,0.1601206960198276,18.0,7.901897227824541,-1.0,6.0,52.206974,21.110648,18.0
44065,2026-05-11 21:09:03.100000+00:00,52.2070452,21.1106526,84.5,0.03,-0.049,-0.076,0.968,0,0.217490586264931,18.0,7.923281363274212,-1.0,6.0,52.206974,21.110648,18.0
44070,2026-05-11 21:09:03.600000+00:00,52.2070455,21.1106523,84.5,0.1,-0.049,-0.076,0.972,0,0.2816921152923766,18.0,7.95583473015371,-1.0,6.0,52.206974,21.110648,18.0
44075,2026-05-11 21:09:04.100000+00:00,52.2070457,21.1106521,84.4,0.17,-0.051,-0.076,0.971,0,0.1877947481255777,18.0,7.977569772951542,-1.0,6.0,52.206974,21.110648,18.0
44080,2026-05-11 21:09:04.600000+00:00,52.2070459,21.1106518,84.4,0.04,-0.051,-0.076,0.971,0,0.2174905809463203,18.0,7.999107325300708,-1.0,6.0,52.206974,21.110648,18.0
44085,2026-05-11 21:09:05.100000+00:00,52.2070461,21.1106516,84.3,0.04,-0.049,-0.081,0.971,0,0.1877947468486829,18.0,8.020906318542405,-1.0,6.0,52.206974,21.110648,18.0
44090,2026-05-11 21:09:05.600000+00:00,52.2070462,21.1106515,84.3,0.05,-0.051,-0.078,0.97,0,0.0938973759165889,18.0,8.03181539179958,-1.0,6.0,52.206974,21.110648,18.0
44095,2026-05-11 21:09:06.100000+00:00,52.2070463,21.1106516,84.2,0.0,-0.048,-0.077,0.97,0,0.0938973715166485,18.0,8.043134929644069,-1.0,6.0,52.206974,21.110648,18.0
44100,2026-05-11 21:09:06.600000+00:00,52.2070464,21.1106517,84.2,0.08,-0.048,-0.077,0.971,0,0.0938973749858643,18.0,8.05445967570031,-1.0,6.0,52.206974,21.110648,18.0
44105,2026-05-11 21:09:07.100000+00:00,52.2070465,21.1106517,84.2,0.05,-0.05,-0.077,0.97,0,0.0800603403708244,18.0,8.06557372595328,-1.0,6.0,52.206974,21.110648,18.0
44110,2026-05-11 21:09:07.600000+00:00,52.2070465,21.1106518,84.2,0.03,-0.051,-0.076,0.972,0,0.0490617716242023,18.0,8.065789605925964,-1.0,6.0,52.206974,21.110648,18.0
44115,2026-05-11 21:09:08.100000+00:00,52.2070465,21.1106518,84.1,0.07,-0.049,-0.077,0.97,0,0.0,18.0,8.065789605925964,-1.0,6.0,52.206974,21.110648,18.0
44120,2026-05-11 21:09:08.600000+00:00,52.2070466,21.1106517,84.1,0.11,-0.049,-0.078,0.97,0,0.0938973756858088,18.0,8.076687792599497,-1.0,6.0,52.206974,21.110648,18.0
44125,2026-05-11 21:09:09.100000+00:00,52.2070466,21.1106516,84.1,0.09,-0.05,-0.075,0.971,0,0.0490617699533456,18.0,8.07647795304277,-1.0,6.0,52.206974,21.110648,18.0
44130,2026-05-11 21:09:09.600000+00:00,52.2070466,21.1106516,84.0,0.08,-0.051,-0.076,0.968,0,0.0,18.0,8.07647795304277,-1.0,6.0,52.206974,21.110648,18.0
44135,2026-05-11 21:09:10.100000+00:00,52.2070466,21.1106515,84.0,0.19,-0.037,-0.074,0.975,0,0.0490617715137821,18.0,8.076273857278391,-1.0,6.0,52.206974,21.110648,18.0
44140,2026-05-11 21:09:10.600000+00:00,52.207046,21.1106521,84.0,1.05,0.001,-0.082,0.967,0,0.5633842359806277,18.0,8.010907873612158,-1.0,6.0,52.206974,21.110648,18.0
44145,2026-05-11 21:09:11.100000+00:00,52.207044,21.1106546,83.9,2.54,0.023,-0.081,0.972,0,2.016996438251824,18.0,7.796626669033529,-1.0,6.0,52.206974,21.110648,18.0
44150,2026-05-11 21:09:11.600000+00:00,52.2070406,21.1106591,83.9,3.91,0.029,-0.072,0.974,0,3.5048335468122165,18.0,7.444107836036999,-1.0,6.0,52.206974,21.110648,18.0
44155,2026-05-11 21:09:12.100000+00:00,52.2070358,21.110666,83.9,5.9,0.049,-0.074,0.967,0,5.121314211630577,18.0,6.980450381982412,-1.0,6.0,52.206974,21.110648,18.0
44160,2026-05-11 21:09:12.600000+00:00,52.2070291,21.1106752,83.9,7.52,0.056,-0.072,0.975,0,7.010442687873311,18.0,6.401049769724818,-1.0,6.0,52.206974,21.110648,18.0
44165,2026-05-11 21:09:13.100000+00:00,52.2070205,21.1106875,83.8,9.99,0.077,-0.075,0.96,0,9.15544898644551,18.0,5.829182583604392,-1.0,6.0,52.206974,21.110648,18.0
44170,2026-05-11 21:09:13.600000+00:00,52.2070098,21.1107029,83.8,12.16,0.075,-0.059,0.965,0,11.422348337695215,18.0,5.462729439986522,-1.0,6.0,52.206974,21.110648,18.0
44175,2026-05-11 21:09:14.100000+00:00,52.2069971,21.1107217,83.7,14.4,0.069,-0.067,0.99,0,13.727949380254262,18.0,5.640784376046064,-1.0,6.0,52.206974,21.110648,18.0
44180,2026-05-11 21:09:14.600000+00:00,52.2069825,21.1107446,83.7,17.24,0.084,-0.067,0.976,0,16.212868771259267,18.0,6.649974370818866,-1.0,6.0,52.206974,21.110648,18.0
44185,2026-05-11 21:09:15.100000+00:00,52.2069657,21.1107705,83.7,19.27,0.089,-0.073,0.953,0,18.50336628439524,18.0,8.398195597928487,-1.0,6.0,52.206974,21.110648,18.0
44190,2026-05-11 21:09:15.600000+00:00,52.2069466,21.1107998,83.6,21.97,0.074,-0.1,0.975,0,20.987498343994304,18.0,10.783247106216358,-1.0,6.0,52.206974,21.110648,18.0
44195,2026-05-11 21:09:16.100000+00:00,52.2069249,21.1108308,83.5,23.91,0.042,-0.135,0.967,0,23.089907094595997,18.0,13.600241287977594,-1.0,6.0,52.206974,21.110648,18.0
44200,2026-05-11 21:09:16.600000+00:00,52.2069014,21.1108632,83.5,25.46,0.014,-0.095,0.965,0,24.630432428335677,18.0,16.739289236120754,-1.0,6.0,52.206974,21.110648,18.0
44205,2026-05-11 21:09:17.100000+00:00,52.2068768,21.1108973,83.5,26.31,0.025,-0.105,0.967,0,25.841516175443648,18.0,20.13448447596336,-1.0,6.0,52.206974,21.110648,18.0
44210,2026-05-11 21:09:17.600000+00:00,52.2068504,21.1109334,83.5,28.09,0.022,-0.107,0.961,0,27.575719668447835,18.0,23.813824355159927,-1.0,6.0,52.206974,21.110648,18.0
44215,2026-05-11 21:09:18.100000+00:00,52.2068227,21.1109708,83.5,29.57,0.012,-0.106,0.968,0,28.783666911565398,18.0,27.69238953107779,-1.0,6.0,52.206974,21.110648,18.0
44220,2026-05-11 21:09:18.600000+00:00,52.206793,21.1110088,83.5,30.86,0.025,-0.155,0.956,0,30.21543393204273,18.0,31.772841815182336,-1.0,6.0,52.206974,21.110648,18.0
44225,2026-05-11 21:09:19.100000+00:00,52.2067619,21.1110472,83.6,31.83,-0.001,-0.136,0.962,0,31.2231964884574,18.0,36.00253025805036,-1.0,6.0,52.206974,21.110648,18.0
44230,2026-05-11 21:09:19.600000+00:00,52.2067293,21.1110868,83.6,33.0,-0.001,-0.103,0.963,0,32.537104412973726,18.0,40.42764594619929,-1.0,6.0,52.206974,21.110648,18.0
44235,2026-05-11 21:09:20.100000+00:00,52.2066959,21.1111274,83.6,34.05,-0.006,-0.083,0.968,0,33.343839241098514,18.0,44.982125928836815,-1.0,6.0,52.206974,21.110648,18.0
44240,2026-05-11 21:09:20.600000+00:00,52.2066613,21.1111695,83.6,35.07,0.002,-0.093,0.966,0,34.55394453354067,18.0,49.71718297693316,-1.0,6.0,52.206974,21.110648,18.0
44245,2026-05-11 21:09:21.100000+00:00,52.2066256,21.1112127,83.6,35.95,0.0,-0.102,0.956,0,35.582685134709,18.0,54.60305840580767,-1.0,6.0,52.206974,21.110648,18.0
44250,2026-05-11 21:09:21.600000+00:00,52.2065884,21.111257,83.6,37.28,-0.003,-0.096,0.96,0,36.86985526959628,18.0,59.67016165379584,-1.0,6.0,52.206974,21.110648,18.0
44255,2026-05-11 21:09:22.100000+00:00,52.20655,21.1113026,83.6,38.43,0.007,-0.087,0.97,0,38.02193240209097,18.0,64.9035220178824,-1.0,6.0,52.206974,21.110648,18.0
44260,2026-05-11 21:09:22.600000+00:00,52.2065104,21.1113492,83.5,39.62,0.002,-0.099,0.968,0,39.08780138530942,18.0,70.28817168335578,-1.0,6.0,52.206974,21.110648,18.0
44265,2026-05-11 21:09:23.100000+00:00,52.2064694,21.111397,83.5,40.7,0.003,-0.113,0.951,0,40.341685495514206,18.0,75.84930897415992,-1.0,6.0,52.206974,21.110648,18.0
44270,2026-05-11 21:09:23.600000+00:00,52.2064269,21.1114461,83.5,41.96,0.0,-0.109,0.974,0,41.690000269050266,,81.59956665156669,-1.0,6.0,52.206974,21.110648,18.0
44275,2026-05-11 21:09:24.100000+00:00,52.206383,21.1114952,83.5,43.04,-0.007,-0.108,0.956,0,42.60972293003677,,87.47200862996321,-1.0,6.0,52.206974,21.110648,18.0
44280,2026-05-11 21:09:24.600000+00:00,52.2063385,21.1115452,83.5,42.99,-0.027,-0.057,0.975,0,43.25570115572749,,93.44079032167406,-1.0,6.0,52.206974,21.110648,18.0
44285,2026-05-11 21:09:25.100000+00:00,52.2062934,21.1115963,83.5,44.45,-0.021,-0.079,0.95,0,43.95776370160483,,99.51367732344966,-1.0,6.0,52.206974,21.110648,18.0
44290,2026-05-11 21:09:25.600000+00:00,52.2062477,21.1116481,83.5,45.12,-0.024,-0.094,0.978,0,44.54822933664686,,105.67204997367573,-1.0,6.0,52.206974,21.110648,18.0
44295,2026-05-11 21:09:26.100000+00:00,52.2062009,21.1117003,83.6,45.64,-0.019,-0.101,0.966,0,45.38477821024389,,111.94498645145404,-1.0,6.0,52.206974,21.110648,18.0
44300,2026-05-11 21:09:26.600000+00:00,52.2061534,21.1117535,83.6,46.56,-0.025,-0.092,0.958,0,46.124408110249966,,118.32457768198545,-1.0,6.0,52.206974,21.110648,18.0
44305,2026-05-11 21:09:27.100000+00:00,52.2061052,21.1118077,83.6,47.06,-0.022,-0.093,0.97,0,46.86420447225487,,124.8102888302317,-1.0,6.0,52.206974,21.110648,18.0
44310,2026-05-11 21:09:27.600000+00:00,52.206056,21.1118622,83.6,47.97,-0.018,-0.084,0.949,0,47.60814055968488,,131.39754376777418,-1.0,6.0,52.206974,21.110648,18.0
44315,2026-05-11 21:09:28.100000+00:00,52.2060061,21.1119176,83.6,48.75,-0.028,-0.087,0.993,0,48.31986900012688,,138.08628165402777,-1.0,6.0,52.206974,21.110648,18.0
44320,2026-05-11 21:09:28.600000+00:00,52.2059554,21.1119739,83.6,49.42,-0.003,-0.098,0.947,0,49.09781725604539,,144.8848768833613,-1.0,6.0,52.206974,21.110648,18.0
44325,2026-05-11 21:09:29.100000+00:00,52.2059037,21.1120307,83.6,50.21,-0.025,-0.094,0.978,0,49.898345875193634,,151.79364394687198,-1.0,6.0,52.206974,21.110648,18.0
44330,2026-05-11 21:09:29.600000+00:00,52.2058511,21.112088,83.6,50.64,-0.008,-0.107,0.941,0,50.63345930197313,,158.80402845288162,-1.0,6.0,52.206974,21.110648,18.0
44335,2026-05-11 21:09:30.100000+00:00,52.2057973,21.1121465,83.6,51.94,-0.03,-0.089,0.98,0,51.75942359445415,,165.9717828284194,-1.0,6.0,52.206974,21.110648,18.0
44340,2026-05-11 21:09:30.600000+00:00,52.205743,21.1122056,83.6,52.38,-0.016,-0.098,0.986,0,52.255806525765415,,173.21027663015605,-1.0,6.0,52.206974,21.110648,18.0
44345,2026-05-11 21:09:31.100000+00:00,52.2056874,21.1122654,83.6,53.56,-0.007,-0.089,0.964,0,53.313050329587576,,180.59393785717197,-1.0,6.0,52.206974,21.110648,18.0
44350,2026-05-11 21:09:31.600000+00:00,52.2056312,21.1123257,83.7,54.14,-0.027,-0.097,0.955,0,53.849185486048704,,188.0529346934782,-1.0,6.0,52.206974,21.110648,18.0
44355,2026-05-11 21:09:32.100000+00:00,52.2055745,21.1123854,83.7,54.05,-0.061,-0.102,0.946,0,54.0239538386964,,188.20907072733715,-1.0,6.0,52.204095,21.113727,19.0
44360,2026-05-11 21:09:32.600000+00:00,52.2055181,21.1124447,83.7,53.91,-0.071,-0.102,0.972,0,53.71576520127658,,180.7650301989409,-1.0,6.0,52.204095,21.113727,19.0
44365,2026-05-11 21:09:33.100000+00:00,52.2054617,21.1125037,83.8,53.87,-0.054,-0.089,0.965,0,53.63620358256426,,173.33223606490824,-1.0,6.0,52.204095,21.113727,19.0
44370,2026-05-11 21:09:33.600000+00:00,52.2054049,21.1125628,83.8,54.08,-0.048,-0.088,0.956,0,53.93246098884619,,165.85861622037532,-1.0,6.0,52.204095,21.113727,19.0
44375,2026-05-11 21:09:34.100000+00:00,52.205348,21.1126222,83.9,54.46,-0.04,-0.094,0.959,0,54.07918281575394,,158.36709871962842,-1.0,6.0,52.204095,21.113727,19.0
44380,2026-05-11 21:09:34.600000+00:00,52.2052908,21.1126817,83.9,54.32,-0.048,-0.087,0.964,0,54.30803506017863,,150.84489326434326,-1.0,6.0,52.204095,21.113727,19.0
44385,2026-05-11 21:09:35.100000+00:00,52.2052336,21.1127409,84.0,54.37,-0.054,-0.087,0.965,0,54.22907565442213,,143.3344319037461,-1.0,6.0,52.204095,21.113727,19.0
44390,2026-05-11 21:09:35.600000+00:00,52.2051762,21.1127997,84.0,54.4,-0.067,-0.112,0.956,0,54.2597780049398,,135.8193258743621,-1.0,6.0,52.204095,21.113727,19.0
44395,2026-05-11 21:09:36.100000+00:00,52.2051186,21.1128583,84.1,54.17,-0.058,-0.083,0.956,0,54.34349661727478,,128.29323529518928,-1.0,6.0,52.204095,21.113727,19.0
44400,2026-05-11 21:09:36.600000+00:00,52.2050611,21.1129172,84.2,54.33,-0.063,-0.085,1.003,0,54.353710754456,,120.77038824300166,-1.0,6.0,52.204095,21.113727,19.0
44405,2026-05-11 21:09:37.100000+00:00,52.2050035,21.1129757,84.3,54.36,-0.045,-0.096,0.916,0,54.31759372334046,,113.25343694561688,-1.0,6.0,52.204095,21.113727,19.0
44410,2026-05-11 21:09:37.600000+00:00,52.2049461,21.1130336,84.4,54.27,-0.076,-0.096,1.006,0,54.02636806957756,,105.7785102672404,-1.0,6.0,52.204095,21.113727,19.0
44415,2026-05-11 21:09:38.100000+00:00,52.204888,21.1130909,84.4,54.55,-0.039,-0.099,0.954,0,54.35102082035332,,98.25612033944888,-1.0,6.0,52.204095,21.113727,19.0
44420,2026-05-11 21:09:38.600000+00:00,52.2048301,21.1131483,84.5,54.54,-0.039,-0.091,0.946,0,54.23952695566551,,90.75517481696384,-1.0,6.0,52.204095,21.113727,19.0
44425,2026-05-11 21:09:39.100000+00:00,52.2047716,21.1132058,84.5,54.87,-0.042,-0.098,0.946,0,54.67594910774552,,83.196820439615,-1.0,6.0,52.204095,21.113727,19.0
44430,2026-05-11 21:09:39.600000+00:00,52.2047131,21.1132632,84.6,55.11,-0.043,-0.077,0.967,0,54.6506679794111,19.0,75.648428112208,-1.0,6.0,52.204095,21.113727,19.0
44435,2026-05-11 21:09:40.100000+00:00,52.2046543,21.1133208,84.7,55.26,-0.05,-0.088,0.992,0,54.907103506683725,19.0,68.07334758661956,-1.0,6.0,52.204095,21.113727,19.0
44440,2026-05-11 21:09:40.600000+00:00,52.204595,21.1133778,84.8,55.15,-0.042,-0.1,0.913,0,55.10071184129311,19.0,60.47600229045683,-1.0,6.0,52.204095,21.113727,19.0
44445,2026-05-11 21:09:41.100000+00:00,52.2045352,21.1134356,84.9,55.61,-0.07,-0.092,0.994,0,55.64502624322829,19.0,52.82264686823065,-1.0,6.0,52.204095,21.113727,19.0
44450,2026-05-11 21:09:41.600000+00:00,52.2044753,21.1134932,84.9,55.7,-0.04,-0.101,0.927,0,55.664057982854295,19.0,45.18926143970689,-1.0,6.0,52.204095,21.113727,19.0
44455,2026-05-11 21:09:42.100000+00:00,52.2044149,21.1135509,85.1,56.06,-0.06,-0.094,0.986,0,56.03409029501471,19.0,37.540977839232426,-1.0,6.0,52.204095,21.113727,19.0
44460,2026-05-11 21:09:42.600000+00:00,52.2043545,21.113609,85.1,55.94,-0.04,-0.084,0.947,0,56.13352188882151,19.0,29.95457519155245,-1.0,6.0,52.204095,21.113727,19.0
44465,2026-05-11 21:09:43.100000+00:00,52.2042938,21.1136669,85.1,56.11,-0.047,-0.084,0.974,0,56.29099154103489,19.0,22.48174811324256,-1.0,6.0,52.204095,21.113727,19.0
44470,2026-05-11 21:09:43.600000+00:00,52.204233,21.1137245,85.2,56.32,-0.051,-0.095,0.946,0,56.28609217624899,19.0,15.345845570236555,-1.0,6.0,52.204095,21.113727,19.0
44475,2026-05-11 21:09:44.100000+00:00,52.2041719,21.1137819,85.2,56.38,-0.062,-0.102,0.955,0,56.444924898449,19.0,9.333506014795772,-1.0,6.0,52.204095,21.113727,19.0
44480,2026-05-11 21:09:44.600000+00:00,52.2041106,21.113839,85.2,56.54,-0.051,-0.094,0.952,0,56.51064725899296,19.0,7.826975280416809,-1.0,6.0,52.204095,21.113727,19.0
44485,2026-05-11 21:09:45.100000+00:00,52.2040489,21.1138957,85.3,56.48,-0.058,-0.082,0.981,0,56.692438308830496,19.0,12.58728408111126,-1.0,6.0,52.204095,21.113727,19.0
44490,2026-05-11 21:09:45.600000+00:00,52.2039869,21.1139528,85.4,57.04,-0.065,-0.079,0.981,0,56.99806470325409,19.0,19.52575965307908,-1.0,6.0,52.204095,21.113727,19.0
44495,2026-05-11 21:09:46.100000+00:00,52.2039247,21.11401,85.3,57.05,-0.042,-0.065,0.935,0,57.16165511749805,19.0,27.028030522927573,-1.0,6.0,52.204095,21.113727,19.0
44500,2026-05-11 21:09:46.600000+00:00,52.2038628,21.1140671,85.4,56.96,-0.059,-0.088,0.974,0,56.92839535566509,19.0,34.695727440821884,-1.0,6.0,52.204095,21.113727,19.0
44505,2026-05-11 21:09:47.100000+00:00,52.2038004,21.1141242,85.4,57.28,-0.042,-0.088,0.955,0,57.27722431548042,19.0,42.49405715372468,-1.0,6.0,52.204095,21.113727,19.0
44510,2026-05-11 21:09:47.600000+00:00,52.2037381,21.1141812,85.4,57.27,-0.061,-0.088,0.989,0,57.18341477289104,19.0,50.32853653597202,-1.0,6.0,52.204095,21.113727,19.0
44515,2026-05-11 21:09:48.100000+00:00,52.2036755,21.1142384,85.4,57.43,-0.052,-0.078,0.94,0,57.44093194358906,19.0,58.22709618323573,-1.0,6.0,52.204095,21.113727,19.0
44520,2026-05-11 21:09:48.600000+00:00,52.203613,21.1142961,85.4,57.37,-0.057,-0.073,0.982,0,57.49152162605622,19.0,66.15566521750529,-1.0,6.0,52.204095,21.113727,19.0
44525,2026-05-11 21:09:49.100000+00:00,52.2035505,21.1143531,85.4,57.05,-0.061,-0.082,0.968,0,57.32318933158474,19.0,74.06885573514879,-1.0,6.0,52.204095,21.113727,19.0
44530,2026-05-11 21:09:49.600000+00:00,52.2034882,21.1144102,85.4,57.16,-0.06,-0.083,0.962,0,57.207504842414906,,81.9769782326491,-1.0,6.0,52.204095,21.113727,19.0
44535,2026-05-11 21:09:50.100000+00:00,52.2034257,21.1144677,85.5,57.29,-0.059,-0.078,0.969,0,57.44332040577647,,89.92539936357758,-1.0,6.0,52.204095,21.113727,19.0
44540,2026-05-11 21:09:50.600000+00:00,52.2033633,21.114525,85.5,57.1,-0.061,-0.09,0.958,0,57.32542297732694,,97.86185760472178,-1.0,6.0,52.204095,21.113727,19.0
44545,2026-05-11 21:09:51.100000+00:00,52.203301,21.1145816,85.5,57.25,-0.06,-0.085,0.982,0,57.08781669418015,,105.76658327474118,-1.0,6.0,52.204095,21.113727,19.0
44550,2026-05-11 21:09:51.600000+00:00,52.2032386,21.1146389,85.5,57.33,-0.049,-0.085,0.946,0,57.325461669751455,,113.71005116326884,-1.0,6.0,52.204095,21.113727,19.0
44555,2026-05-11 21:09:52.100000+00:00,52.2031765,21.1146962,85.6,57.07,-0.057,-0.079,0.981,0,57.116290961630185,,121.62791527710549,-1.0,6.0,52.204095,21.113727,19.0
44560,2026-05-11 21:09:52.600000+00:00,52.2031143,21.114753,85.7,57.0,-0.052,-0.081,0.961,0,57.06579918365337,,129.53857739328262,-1.0,6.0,52.204095,21.113727,19.0
44565,2026-05-11 21:09:53.100000+00:00,52.2030526,21.1148096,85.7,56.69,-0.066,-0.077,0.971,0,56.668682566352615,,137.39676506476178,-1.0,6.0,52.204095,21.113727,19.0
44570,2026-05-11 21:09:53.600000+00:00,52.202991,21.1148657,85.7,56.57,-0.051,-0.08,0.968,0,56.4789552651184,,145.22869837513832,-1.0,6.0,52.204095,21.113727,19.0
44575,2026-05-11 21:09:54.100000+00:00,52.2029292,21.114922,85.9,56.63,-0.054,-0.086,0.957,0,56.6666179586288,,153.08798298857988,-1.0,6.0,52.204095,21.113727,19.0
44580,2026-05-11 21:09:54.600000+00:00,52.2028679,21.1149791,86.0,56.56,-0.06,-0.078,0.971,0,56.5110356885424,,160.93010185018596,-1.0,6.0,52.204095,21.113727,19.0
44585,2026-05-11 21:09:55.100000+00:00,52.2028065,21.1150364,86.1,56.42,-0.049,-0.091,0.969,0,56.62925361378772,,168.78948457872838,-1.0,6.0,52.204095,21.113727,19.0
44590,2026-05-11 21:09:55.600000+00:00,52.2027452,21.1150937,86.2,56.43,-0.044,-0.086,0.961,0,56.55979044546621,,176.63993751567952,-1.0,6.0,52.204095,21.113727,19.0
44595,2026-05-11 21:09:56.100000+00:00,52.2026839,21.1151507,86.3,56.52,-0.056,-0.09,0.963,0,56.486783120912726,,184.4800727417585,-1.0,6.0,52.204095,21.113727,19.0
44600,2026-05-11 21:09:56.600000+00:00,52.2026228,21.1152073,86.5,56.29,-0.048,-0.086,0.968,0,56.25058349158714,,192.28740543180317,-1.0,6.0,52.204095,21.113727,19.0
44605,2026-05-11 21:09:57.100000+00:00,52.2025617,21.115264,86.5,56.33,-0.038,-0.086,0.955,0,56.27484347254528,,200.0987178935445,-1.0,6.0,52.204095,21.113727,19.0
44610,2026-05-11 21:09:57.600000+00:00,52.2025006,21.1153209,86.7,56.31,-0.043,-0.081,0.965,0,56.32344167068022,,207.9175018554043,-1.0,6.0,52.204095,21.113727,19.0
44615,2026-05-11 21:09:58.100000+00:00,52.2024395,21.1153777,86.8,56.27,-0.035,-0.083,0.96,0,56.299154856509176,,215.73301922104932,-1.0,6.0,52.204095,21.113727,19.0
44620,2026-05-11 21:09:58.600000+00:00,52.2023784,21.1154348,86.9,56.66,-0.038,-0.078,0.933,0,56.372188222584285,,223.55944823243,-1.0,6.0,52.204095,21.113727,19.0
44625,2026-05-11 21:09:59.100000+00:00,52.2023171,21.1154911,87.0,56.37,-0.067,-0.085,0.983,0,56.31762752096011,,231.37675399886064,-1.0,6.0,52.204095,21.113727,19.0
44630,2026-05-11 21:09:59.600000+00:00,52.2022559,21.1155478,87.1,56.58,-0.05,-0.084,0.951,0,56.34454429246651,,239.19899472468265,-1.0,6.0,52.204095,21.113727,19.0
44635,2026-05-11 21:10:00.100000+00:00,52.2021947,21.1156044,87.1,56.36,-0.046,-0.071,0.953,0,56.32035169729446,,247.0179234752148,-1.0,6.0,52.204095,21.113727,19.0
44640,2026-05-11 21:10:00.600000+00:00,52.2021334,21.115661,87.2,56.23,-0.048,-0.081,0.962,0,56.39003434917407,,254.84657733082312,-1.0,6.0,52.204095,21.113727,19.0
44645,2026-05-11 21:10:01.100000+00:00,52.2020722,21.1157177,87.2,56.15,-0.051,-0.089,0.965,0,56.34460107306868,,262.6694281773933,-1.0,6.0,52.204095,21.113727,19.0
44650,2026-05-11 21:10:01.600000+00:00,52.2020109,21.1157743,87.2,56.31,-0.041,-0.069,0.95,0,56.39007205597466,,270.4984544231819,-1.0,6.0,52.204095,21.113727,19.0
44655,2026-05-11 21:10:02.100000+00:00,52.2019497,21.1158316,87.2,56.33,-0.062,-0.112,0.96,0,56.49058651550524,,278.3426950119189,-1.0,6.0,52.204095,21.113727,19.0
44660,2026-05-11 21:10:02.600000+00:00,52.2018879,21.1158881,87.2,56.69,-0.052,-0.069,0.963,0,56.71483869837272,,286.2161737999121,-1.0,6.0,52.204095,21.113727,19.0
44665,2026-05-11 21:10:03.100000+00:00,52.2018261,21.115945,87.2,56.6,-0.043,-0.088,0.939,0,56.81105552142807,,294.1038559202567,-1.0,6.0,52.204095,21.113727,19.0
44670,2026-05-11 21:10:03.600000+00:00,52.2017639,21.1160022,87.1,56.93,-0.057,-0.078,0.981,0,57.16232517209926,,302.04034976604794,-1.0,6.0,52.204095,21.113727,19.0
44675,2026-05-11 21:10:04.100000+00:00,52.2017016,21.1160595,87.1,57.27,-0.043,-0.086,0.94,0,57.2561821269707,,309.9900266469453,-1.0,6.0,52.204095,21.113727,19.0
44680,2026-05-11 21:10:04.600000+00:00,52.2016391,21.1161169,87.0,57.45,-0.067,-0.076,0.969,0,57.41979348477712,,317.9624259167249,-1.0,6.0,52.204095,21.113727,19.0
44685,2026-05-11 21:10:05.100000+00:00,52.2015768,21.116174,86.9,57.11,-0.077,-0.078,0.967,0,57.20809502296557,,325.9053856202899,-1.0,6.0,52.204095,21.113727,19.0
44690,2026-05-11 21:10:05.600000+00:00,52.2015149,21.1162306,86.8,56.91,-0.073,-0.078,0.932,0,56.80878130416343,,333.79282672706813,-1.0,6.0,52.204095,21.113727,19.0
44695,2026-05-11 21:10:06.100000+00:00,52.2014529,21.1162871,86.7,57.05,-0.085,-0.08,0.975,0,56.85471209768114,,341.6864749077127,-1.0,6.0,52.204095,21.113727,19.0
44700,2026-05-11 21:10:06.600000+00:00,52.2013907,21.1163439,86.5,57.24,-0.059,-0.083,0.956,0,57.06632710133214,,349.6098111749764,-1.0,6.0,52.198556,21.118732,20.0
44705,2026-05-11 21:10:07.100000+00:00,52.2013284,21.1164002,86.4,57.41,-0.069,-0.08,0.968,0,57.01694920249456,,346.8275290050786,-1.0,6.0,52.198556,21.118732,20.0
44710,2026-05-11 21:10:07.600000+00:00,52.201266,21.1164569,86.3,57.55,-0.058,-0.067,0.958,0,57.18225422909725,,338.88974703390875,-1.0,6.0,52.198556,21.118732,20.0
44715,2026-05-11 21:10:08.100000+00:00,52.2012034,21.1165146,86.1,57.89,-0.064,-0.067,0.966,0,57.56197063479731,,330.9012513576848,-1.0,6.0,52.198556,21.118732,20.0
44720,2026-05-11 21:10:08.600000+00:00,52.2011407,21.1165732,86.0,57.96,-0.065,-0.065,0.967,0,57.84993827394691,,322.87520969825715,-1.0,6.0,52.198556,21.118732,20.0
44725,2026-05-11 21:10:09.100000+00:00,52.2010781,21.1166322,86.0,57.95,-0.076,-0.068,0.997,0,57.878426132262085,,314.84712036851664,-1.0,6.0,52.198556,21.118732,20.0
44730,2026-05-11 21:10:09.600000+00:00,52.2010154,21.1166914,85.9,58.1,-0.062,-0.076,0.952,0,57.99687661219796,,306.8034927886253,-1.0,6.0,52.198556,21.118732,20.0
44735,2026-05-11 21:10:10.100000+00:00,52.2009529,21.1167506,85.8,58.08,-0.082,-0.084,0.979,0,57.858364028941786,,298.7803200587177,-1.0,6.0,52.198556,21.118732,20.0
44740,2026-05-11 21:10:10.600000+00:00,52.2008904,21.1168091,85.8,57.62,-0.064,-0.084,0.959,0,57.68670078230392,,290.779344956366,-1.0,6.0,52.198556,21.118732,20.0
44745,2026-05-11 21:10:11.100000+00:00,52.2008281,21.1168674,85.8,57.47,-0.066,-0.084,0.97,0,57.4989982511182,,282.80498642216133,-1.0,6.0,52.198556,21.118732,20.0
44750,2026-05-11 21:10:11.600000+00:00,52.200766,21.1169258,85.8,57.38,-0.061,-0.082,0.955,0,57.38466419785073,,274.84813101148706,-1.0,6.0,52.198556,21.118732,20.0
44755,2026-05-11 21:10:12.100000+00:00,52.2007037,21.1169838,85.8,57.61,-0.068,-0.094,0.995,0,57.425941633570105,,266.884331562638,-1.0,6.0,52.198556,21.118732,20.0
44760,2026-05-11 21:10:12.600000+00:00,52.2006419,21.1170421,85.8,57.3,-0.04,-0.085,0.924,0,57.15216296530495,,258.961969692197,-1.0,6.0,52.198556,21.118732,20.0
44765,2026-05-11 21:10:13.100000+00:00,52.2005798,21.1171001,85.8,57.24,-0.078,-0.079,1.007,0,57.28696239294563,,251.01973253778405,-1.0,6.0,52.198556,21.118732,20.0
44770,2026-05-11 21:10:13.600000+00:00,52.2005177,21.1171578,85.8,57.5,-0.046,-0.089,0.943,0,57.21399290277488,,243.0874507504091,-1.0,6.0,52.198556,21.118732,20.0
44775,2026-05-11 21:10:14.100000+00:00,52.2004556,21.1172153,85.9,57.12,-0.071,-0.092,0.963,0,57.1655116858156,,235.16211056686373,-1.0,6.0,52.198556,21.118732,20.0
44780,2026-05-11 21:10:14.600000+00:00,52.2003936,21.1172729,85.9,57.15,-0.056,-0.082,0.965,0,57.12017953980927,,227.2447833997016,-1.0,6.0,52.198556,21.118732,20.0
44785,2026-05-11 21:10:15.100000+00:00,52.2003318,21.1173301,86.0,56.93,-0.075,-0.082,0.966,0,56.88400730037969,,219.3605046857419,-1.0,6.0,52.198556,21.118732,20.0
44790,2026-05-11 21:10:15.600000+00:00,52.2002702,21.1173874,86.0,56.94,-0.063,-0.084,0.945,0,56.76909681764485,,211.4945283326713,-1.0,6.0,52.198556,21.118732,20.0
44795,2026-05-11 21:10:16.100000+00:00,52.200209,21.1174445,86.0,56.42,-0.064,-0.073,0.976,0,56.44235339193294,,203.67600106257328,-1.0,6.0,52.198556,21.118732,20.0
44800,2026-05-11 21:10:16.600000+00:00,52.200148,21.1175013,86.1,56.21,-0.061,-0.108,0.945,0,56.230318785266654,,195.88797742050437,-1.0,6.0,52.198556,21.118732,20.0
44805,2026-05-11 21:10:17.100000+00:00,52.2000869,21.1175577,86.1,56.12,-0.077,-0.087,0.953,0,56.202976098236725,,188.1032887355101,-1.0,6.0,52.198556,21.118732,20.0
44810,2026-05-11 21:10:17.600000+00:00,52.2000263,21.1176138,86.1,55.8,-0.061,-0.08,0.976,0,55.782142931255706,,180.37946790304065,-1.0,6.0,52.198556,21.118732,20.0
44815,2026-05-11 21:10:18.100000+00:00,52.1999655,21.1176697,86.1,55.92,-0.06,-0.099,0.94,0,55.8732375284492,,172.64329479448455,-1.0,6.0,52.198556,21.118732,20.0
44820,2026-05-11 21:10:18.600000+00:00,52.1999049,21.1177249,86.0,55.45,-0.082,-0.092,0.969,0,55.5655684505066,,164.94944532887067,-1.0,6.0,52.198556,21.118732,20.0
44825,2026-05-11 21:10:19.100000+00:00,52.1998449,21.1177801,86.1,55.08,-0.082,-0.078,0.961,0,55.14665986160706,,157.3186834692238,-1.0,6.0,52.198556,21.118732,20.0
44830,2026-05-11 21:10:19.600000+00:00,52.1997851,21.1178351,86.0,54.88,-0.095,-0.084,0.959,0,54.9589996907533,,149.71669690834446,-1.0,6.0,52.198556,21.118732,20.0
44835,2026-05-11 21:10:20.100000+00:00,52.1997259,21.1178897,86.0,54.46,-0.086,-0.085,0.966,0,54.44421574533542,,142.1900983916816,-1.0,6.0,52.198556,21.118732,20.0
44840,2026-05-11 21:10:20.600000+00:00,52.1996671,21.1179435,85.9,53.93,-0.083,-0.079,0.967,0,53.97258594811366,,134.729960991159,-1.0,6.0,52.198556,21.118732,20.0
44845,2026-05-11 21:10:21.100000+00:00,52.1996087,21.1179972,85.9,53.74,-0.084,-0.079,0.955,0,53.66940413916576,,127.31763217394678,-1.0,6.0,52.198556,21.118732,20.0
44850,2026-05-11 21:10:21.600000+00:00,52.1995514,21.1180503,85.9,52.18,-0.134,-0.084,0.963,0,52.75795112722061,,120.03908686163382,-1.0,6.0,52.198556,21.118732,20.0
44855,2026-05-11 21:10:22.100000+00:00,52.199495,21.1181021,85.8,51.71,-0.108,-0.085,0.97,0,51.816763158243184,,112.89312105723197,-1.0,6.0,52.198556,21.118732,20.0
44860,2026-05-11 21:10:22.600000+00:00,52.1994395,21.1181527,85.9,50.62,-0.116,-0.089,0.993,0,50.90028369945191,,105.87739236847712,-1.0,6.0,52.198556,21.118732,20.0
44865,2026-05-11 21:10:23.100000+00:00,52.1993847,21.1182022,85.9,50.05,-0.082,-0.097,0.935,0,50.14816262041049,,98.96913532975658,-1.0,6.0,52.198556,21.118732,20.0
44870,2026-05-11 21:10:23.600000+00:00,52.1993309,21.1182502,85.9,48.79,-0.12,-0.106,0.952,0,49.09190727201632,,92.20972494606472,-1.0,6.0,52.198556,21.118732,20.0
44875,2026-05-11 21:10:24.100000+00:00,52.1992781,21.1182966,85.9,47.97,-0.122,-0.122,0.956,0,48.013756966936015,,85.60175136951831,-1.0,6.0,52.198556,21.118732,20.0
44880,2026-05-11 21:10:24.600000+00:00,52.1992261,21.1183413,85.9,46.59,-0.116,-0.127,0.976,0,47.05626760594717,20.0,79.12667993685996,-1.0,6.0,52.198556,21.118732,20.0
44885,2026-05-11 21:10:25.100000+00:00,52.1991753,21.1183824,85.9,44.96,-0.14,-0.144,0.937,0,45.39656849840691,20.0,72.86852677933099,-1.0,6.0,52.198556,21.118732,20.0
44890,2026-05-11 21:10:25.600000+00:00,52.1991258,21.1184211,86.0,43.65,-0.132,-0.136,0.96,0,43.94493661928637,20.0,66.8081018020293,-1.0,6.0,52.198556,21.118732,20.0
44895,2026-05-11 21:10:26.100000+00:00,52.1990769,21.1184571,86.0,42.81,-0.11,-0.163,0.954,0,42.95055671012184,20.0,60.87620917194116,-1.0,6.0,52.198556,21.118732,20.0
44900,2026-05-11 21:10:26.600000+00:00,52.1990284,21.1184897,86.1,41.86,-0.12,-0.179,0.936,0,41.99543504523233,20.0,55.06309449384453,-1.0,6.0,52.198556,21.118732,20.0
44905,2026-05-11 21:10:27.100000+00:00,52.1989805,21.1185193,86.1,40.93,-0.143,-0.164,0.962,0,41.00745908991933,20.0,49.37809901569307,-1.0,6.0,52.198556,21.118732,20.0
44910,2026-05-11 21:10:27.600000+00:00,52.1989338,21.1185454,86.1,39.24,-0.14,-0.13,0.952,0,39.52096946587165,20.0,43.89224800123567,-1.0,6.0,52.198556,21.118732,20.0
44915,2026-05-11 21:10:28.100000+00:00,52.1988894,21.1185698,86.2,36.98,-0.178,-0.061,0.979,0,37.50911382418318,20.0,38.68547675669382,-1.0,6.0,52.198556,21.118732,20.0
44920,2026-05-11 21:10:28.600000+00:00,52.1988482,21.1185954,86.2,34.25,-0.196,-0.038,0.951,0,35.296007878079834,20.0,33.79865001516863,-1.0,6.0,52.198556,21.118732,20.0
44925,2026-05-11 21:10:29.100000+00:00,52.1988108,21.1186195,86.2,31.4,-0.21,-0.037,0.958,0,32.19337665565883,20.0,29.351607728686496,-1.0,6.0,52.198556,21.118732,20.0
44930,2026-05-11 21:10:29.600000+00:00,52.1987775,21.1186423,86.2,28.31,-0.252,-0.048,0.945,0,28.91255179111464,20.0,25.377056550069327,-1.0,6.0,52.198556,21.118732,20.0
44935,2026-05-11 21:10:30.100000+00:00,52.1987482,21.1186627,86.3,25.1,-0.203,-0.046,0.963,0,25.504358148906245,20.0,21.887339189880382,-1.0,6.0,52.198556,21.118732,20.0
44940,2026-05-11 21:10:30.600000+00:00,52.1987216,21.1186832,86.2,22.44,-0.213,-0.061,0.959,0,23.552415571737093,20.0,18.711834803653957,-1.0,6.0,52.198556,21.118732,20.0
44945,2026-05-11 21:10:31.100000+00:00,52.1986983,21.1187003,86.2,19.31,-0.195,-0.091,0.952,0,20.45446566902681,20.0,15.969854435450069,-1.0,6.0,52.198556,21.118732,20.0
44950,2026-05-11 21:10:31.600000+00:00,52.1986777,21.1187144,86.2,17.15,-0.178,-0.1,0.942,0,17.884994009168924,20.0,13.585481129137222,-1.0,6.0,52.198556,21.118732,20.0
44955,2026-05-11 21:10:32.100000+00:00,52.1986603,21.1187262,86.2,14.36,-0.258,-0.07,0.976,0,15.08599839954564,20.0,11.60436552959032,-1.0,6.0,52.198556,21.118732,20.0
44960,2026-05-11 21:10:32.600000+00:00,52.198647,21.1187363,86.2,10.66,-0.262,-0.06,0.944,0,11.744961917383304,20.0,10.122981353541338,-1.0,6.0,52.198556,21.118732,20.0
44965,2026-05-11 21:10:33.100000+00:00,52.1986379,21.1187438,86.2,7.12,-0.277,-0.074,0.961,0,8.162304067607865,20.0,9.142305616731068,-1.0,6.0,52.198556,21.118732,20.0
44970,2026-05-11 21:10:33.600000+00:00,52.1986329,21.1187485,86.2,3.08,-0.277,-0.076,0.963,0,4.619886464739975,20.0,8.624518615148295,-1.0,6.0,52.198556,21.118732,20.0
44975,2026-05-11 21:10:34.100000+00:00,52.1986313,21.1187501,86.2,0.13,-0.223,-0.068,0.954,0,1.502435635554873,20.0,8.463362923127965,-1.0,6.0,52.198556,21.118732,20.0
44980,2026-05-11 21:10:34.600000+00:00,52.1986315,21.1187518,86.3,0.08,-0.042,-0.076,0.958,0,0.8494361233393061,20.0,8.502981688702091,-1.0,6.0,52.198556,21.118732,20.0
44985,2026-05-11 21:10:35.100000+00:00,52.1986316,21.118753,86.4,0.06,-0.049,-0.081,0.977,0,0.5942703258980724,20.0,8.527305672781914,-1.0,6.0,52.198556,21.118732,20.0
44990,2026-05-11 21:10:35.600000+00:00,52.1986315,21.1187541,86.4,0.07,-0.047,-0.075,0.969,0,0.5456866565086037,20.0,8.529263580552945,-1.0,6.0,52.198556,21.118732,20.0
44995,2026-05-11 21:10:36.100000+00:00,52.198631,21.1187553,86.5,0.08,-0.045,-0.074,0.972,0,0.712031632175325,20.0,8.48946305415034,-1.0,6.0,52.198556,21.118732,20.0
45000,2026-05-11 21:10:36.600000+00:00,52.1986304,21.1187565,86.6,0.1,-0.05,-0.076,0.973,0,0.7599311176048519,20.0,8.439732452454047,-1.0,6.0,52.198556,21.118732,20.0
45005,2026-05-11 21:10:37.100000+00:00,52.1986296,21.1187578,86.7,0.23,-0.017,-0.078,0.967,0,0.9039717959058484,20.0,8.370716016921257,-1.0,6.0,52.198556,21.118732,20.0
45010,2026-05-11 21:10:37.600000+00:00,52.198628,21.11876,86.7,1.28,0.003,-0.081,0.974,0,1.6752104249799966,20.0,8.23032685501428,-1.0,6.0,52.198556,21.118732,20.0
45015,2026-05-11 21:10:38.100000+00:00,52.1986252,21.1187625,86.8,2.84,0.037,-0.074,0.975,0,2.555416571727679,20.0,7.970524382160079,-1.0,6.0,52.198556,21.118732,20.0
45020,2026-05-11 21:10:38.600000+00:00,52.1986206,21.1187665,86.8,4.47,0.04,-0.079,0.971,0,4.173199135983076,20.0,7.558238930588856,-1.0,6.0,52.198556,21.118732,20.0
45025,2026-05-11 21:10:39.100000+00:00,52.1986143,21.1187716,86.8,5.54,0.022,-0.077,0.972,0,5.630547845370901,20.0,7.0220408261605805,-1.0,6.0,52.198556,21.118732,20.0
45030,2026-05-11 21:10:39.600000+00:00,52.1986067,21.1187785,86.9,6.24,-0.001,-0.089,0.971,0,6.963227960234597,20.0,6.467303796486115,-1.0,6.0,52.198556,21.118732,20.0
45035,2026-05-11 21:10:40.100000+00:00,52.1985979,21.1187859,86.9,7.6,0.004,-0.08,0.96,0,7.926061898179873,20.0,5.933097792059642,-1.0,6.0,52.198556,21.118732,20.0
45040,2026-05-11 21:10:40.600000+00:00,52.1985878,21.1187942,86.9,8.99,0.013,-0.08,0.969,0,9.0539197012298,20.0,5.520335614364922,-1.0,6.0,52.198556,21.118732,20.0
45045,2026-05-11 21:10:41.100000+00:00,52.1985762,21.1188045,86.9,10.25,0.029,-0.056,0.967,0,10.573295412334446,20.0,5.427752638977588,-1.0,6.0,52.198556,21.118732,20.0
45050,2026-05-11 21:10:41.600000+00:00,52.1985629,21.1188169,86.9,11.94,0.048,-0.066,0.966,0,12.263991952703584,20.0,5.836950928932139,-1.0,6.0,52.198556,21.118732,20.0
45055,2026-05-11 21:10:42.100000+00:00,52.1985485,21.1188293,86.9,13.12,0.058,-0.073,0.972,0,13.035940823872368,20.0,6.683654148271315,-1.0,6.0,52.198556,21.118732,20.0
45060,2026-05-11 21:10:42.600000+00:00,52.1985312,21.1188456,87.0,16.05,0.075,-0.07,0.97,0,15.99413288484101,20.0,8.218780426778034,-1.0,6.0,52.198556,21.118732,20.0
45065,2026-05-11 21:10:43.100000+00:00,52.198511,21.1188661,87.0,18.83,0.069,-0.089,0.981,0,19.045606856741745,20.0,10.419610962473165,-1.0,6.0,52.198556,21.118732,20.0
45070,2026-05-11 21:10:43.600000+00:00,52.1984884,21.1188879,87.0,21.68,0.096,-0.112,0.964,0,21.01943763521118,20.0,13.015313659666788,-1.0,6.0,52.198556,21.118732,20.0
45075,2026-05-11 21:10:44.100000+00:00,52.1984633,21.1189113,87.0,23.42,0.056,-0.143,0.968,0,23.14447281987404,20.0,15.986892868688397,-1.0,6.0,52.198556,21.118732,20.0
45080,2026-05-11 21:10:44.600000+00:00,52.1984355,21.1189348,87.0,24.88,0.028,-0.14,0.952,0,25.066816472262225,20.0,19.25027204343096,-1.0,6.0,52.198556,21.118732,20.0
45085,2026-05-11 21:10:45.100000+00:00,52.1984071,21.1189581,86.9,25.52,0.014,-0.122,0.963,0,25.45004806490831,20.0,22.618388306276792,-1.0,6.0,52.198556,21.118732,20.0
45090,2026-05-11 21:10:45.600000+00:00,52.1983765,21.1189818,86.9,27.11,0.014,-0.13,0.961,0,27.11880393963953,20.0,26.234170396564657,-1.0,6.0,52.198556,21.118732,20.0
45095,2026-05-11 21:10:46.100000+00:00,52.1983437,21.1190045,86.9,28.49,0.024,-0.192,0.946,0,28.524700404851792,20.0,30.036623429619347,-1.0,6.0,52.198556,21.118732,20.0
45100,2026-05-11 21:10:46.600000+00:00,52.198309,21.1190258,87.0,29.74,0.006,-0.155,0.97,0,29.68213784232413,20.0,33.98951650503484,-1.0,6.0,52.198556,21.118732,20.0
45105,2026-05-11 21:10:47.100000+00:00,52.1982726,21.1190472,87.0,31.03,0.015,-0.107,0.95,0,30.976301441312263,20.0,38.13839187253092,-1.0,6.0,52.198556,21.118732,20.0
45110,2026-05-11 21:10:47.600000+00:00,52.1982347,21.1190708,87.2,32.14,-0.006,-0.079,0.978,0,32.47778297725898,20.0,42.53936783726456,-1.0,6.0,52.198556,21.118732,20.0
45115,2026-05-11 21:10:48.100000+00:00,52.1981956,21.119095,87.4,33.17,0.008,-0.095,0.961,0,33.48041301508516,20.0,47.096199877831744,-1.0,6.0,52.198556,21.118732,20.0
45120,2026-05-11 21:10:48.600000+00:00,52.1981555,21.1191199,87.6,34.03,0.001,-0.088,0.96,0,34.350824839023794,20.0,51.78961455909635,-1.0,6.0,52.198556,21.118732,20.0
45125,2026-05-11 21:10:49.100000+00:00,52.1981147,21.1191451,87.7,34.83,-0.002,-0.092,0.973,0,34.927018160549416,20.0,56.57370495962795,-1.0,6.0,52.198556,21.118732,20.0
45130,2026-05-11 21:10:49.600000+00:00,52.198073,21.1191702,87.9,35.51,0.001,-0.094,0.967,0,35.584791172159385,20.0,61.4524242086211,-1.0,6.0,52.198556,21.118732,20.0
45135,2026-05-11 21:10:50.100000+00:00,52.1980302,21.1191959,88.0,36.66,0.003,-0.096,0.954,0,36.51294449578652,20.0,66.46760089391262,-1.0,6.0,52.198556,21.118732,20.0
45140,2026-05-11 21:10:50.600000+00:00,52.1979864,21.119222,88.1,37.89,-0.005,-0.094,0.971,0,37.33219154844852,20.0,71.60175871559971,-1.0,6.0,52.198556,21.118732,20.0
45145,2026-05-11 21:10:51.100000+00:00,52.1979416,21.1192488,88.1,38.69,0.001,-0.092,0.967,0,38.20208647102684,20.0,76.86345268290005,-1.0,6.0,52.198556,21.118732,20.0
45150,2026-05-11 21:10:51.600000+00:00,52.1978958,21.1192758,88.2,39.43,0.008,-0.086,0.968,0,38.98797678405638,,82.23622526804118,-1.0,6.0,52.198556,21.118732,20.0
45155,2026-05-11 21:10:52.100000+00:00,52.1978485,21.1193043,88.3,40.84,0.003,-0.08,0.963,0,40.36855979521795,,87.80904219846427,-1.0,6.0,52.198556,21.118732,20.0
45160,2026-05-11 21:10:52.600000+00:00,52.1978002,21.1193335,88.4,41.37,0.008,-0.085,0.971,0,41.23861689647688,,93.50677697794993,-1.0,6.0,52.198556,21.118732,20.0
45165,2026-05-11 21:10:53.100000+00:00,52.197751,21.1193636,88.4,42.44,-0.008,-0.085,0.956,0,42.06804678255227,,99.3247228292064,-1.0,6.0,52.198556,21.118732,20.0
45170,2026-05-11 21:10:53.600000+00:00,52.1977009,21.1193942,88.5,43.09,-0.011,-0.083,0.952,0,42.82887642133481,,105.2504444149282,-1.0,6.0,52.198556,21.118732,20.0
45175,2026-05-11 21:10:54.100000+00:00,52.1976501,21.119425,88.5,43.63,-0.027,-0.077,0.989,0,43.38826689258218,,111.2548543395565,-1.0,6.0,52.198556,21.118732,20.0
45180,2026-05-11 21:10:54.600000+00:00,52.197599,21.1194558,88.6,43.85,-0.014,-0.083,0.946,0,43.6134905200992,,117.29175963136912,-1.0,6.0,52.198556,21.118732,20.0
45185,2026-05-11 21:10:55.100000+00:00,52.1975472,21.1194872,88.6,44.38,-0.023,-0.097,0.949,0,44.24130229293922,,123.41847757808712,-1.0,6.0,52.198556,21.118732,20.0
45190,2026-05-11 21:10:55.600000+00:00,52.1974946,21.1195189,88.6,45.04,-0.023,-0.092,0.947,0,44.89304370830286,,129.63633724889,-1.0,6.0,52.198556,21.118732,20.0
45195,2026-05-11 21:10:56.100000+00:00,52.1974414,21.1195509,88.6,45.74,-0.04,-0.091,1.01,0,45.394672986695824,,135.9250112823571,-1.0,6.0,52.198556,21.118732,20.0
45200,2026-05-11 21:10:56.600000+00:00,52.1973873,21.1195836,88.7,46.69,0.007,-0.086,0.912,0,46.18962329015809,,142.3259477863,-1.0,6.0,52.198556,21.118732,20.0
45205,2026-05-11 21:10:57.100000+00:00,52.1973324,21.1196162,88.7,46.97,-0.039,-0.097,0.997,0,46.77394216521092,,148.8066858833441,-1.0,6.0,52.198556,21.118732,20.0
45210,2026-05-11 21:10:57.600000+00:00,52.1972767,21.1196487,88.6,47.7,-0.006,-0.088,0.932,0,47.359764406656936,,155.3674327997937,-1.0,6.0,52.198556,21.118732,20.0
45215,2026-05-11 21:10:58.100000+00:00,52.1972201,21.1196819,88.6,48.21,-0.033,-0.09,0.976,0,48.15397484289958,,162.04036270073598,-1.0,6.0,52.198556,21.118732,20.0
45220,2026-05-11 21:10:58.600000+00:00,52.1971624,21.1197159,88.6,49.26,-0.025,-0.09,0.966,0,49.11558511440555,,168.84840069059817,-1.0,6.0,52.198556,21.118732,20.0
45225,2026-05-11 21:10:59.100000+00:00,52.197104,21.1197496,88.6,49.61,-0.017,-0.077,0.967,0,49.59376789706714,,175.72093355362017,-1.0,6.0,52.198556,21.118732,20.0
45230,2026-05-11 21:10:59.600000+00:00,52.1970447,21.1197841,88.6,50.72,-0.021,-0.073,0.96,0,50.40415517189029,,182.70808014453175,-1.0,6.0,52.198556,21.118732,20.0
45235,2026-05-11 21:11:00.100000+00:00,52.1969846,21.1198195,88.5,51.35,-0.015,-0.076,0.971,0,51.15617586396812,,189.80206406570267,-1.0,6.0,52.198556,21.118732,20.0
45240,2026-05-11 21:11:00.600000+00:00,52.1969237,21.1198556,88.5,52.03,-0.024,-0.072,0.959,0,51.87536454919346,,196.99735130700785,-1.0,6.0,52.198556,21.118732,20.0
45245,2026-05-11 21:11:01.100000+00:00,52.1968622,21.119892,88.5,52.42,-0.027,-0.073,0.963,0,52.37713805174917,,204.2627496811901,-1.0,6.0,52.198556,21.118732,20.0
45250,2026-05-11 21:11:01.600000+00:00,52.1967999,21.1199289,88.4,53.16,-0.023,-0.087,0.962,0,53.062912340707214,,211.6239999267416,-1.0,6.0,52.198556,21.118732,20.0
45255,2026-05-11 21:11:02.100000+00:00,52.1967372,21.1199659,88.4,53.49,-0.041,-0.075,0.986,0,53.38072238977953,,219.02951570308483,-1.0,6.0,52.198556,21.118732,20.0
45260,2026-05-11 21:11:02.600000+00:00,52.1966736,21.1200039,88.4,54.3,-0.022,-0.081,0.955,0,54.225661731823614,,226.55412499795963,-1.0,6.0,52.198556,21.118732,20.0
45265,2026-05-11 21:11:03.100000+00:00,52.1966095,21.1200421,88.4,54.85,-0.037,-0.082,0.984,0,54.635328642906565,,234.1357630579587,-1.0,6.0,52.198556,21.118732,20.0
45270,2026-05-11 21:11:03.600000+00:00,52.1965446,21.1200812,88.4,55.53,-0.019,-0.073,0.947,0,55.38882224027802,,241.82341509546316,-1.0,6.0,52.198556,21.118732,20.0
45275,2026-05-11 21:11:04.100000+00:00,52.1964789,21.1201198,88.4,55.91,-0.027,-0.102,0.97,0,55.90648421872166,,249.5807887352597,-1.0,6.0,52.198556,21.118732,20.0
45280,2026-05-11 21:11:04.600000+00:00,52.1964125,21.1201591,88.4,56.53,-0.015,-0.085,0.965,0,56.550314851366025,,257.4287040540108,-1.0,6.0,52.198556,21.118732,20.0
45285,2026-05-11 21:11:05.100000+00:00,52.1963457,21.1201984,88.3,56.89,-0.023,-0.085,0.96,0,56.851472179539066,,265.31819490309334,-1.0,6.0,52.198556,21.118732,20.0
45290,2026-05-11 21:11:05.600000+00:00,52.1962785,21.1202377,88.3,57.05,-0.076,-0.082,0.985,0,57.15283705379955,,273.24928738758507,-1.0,6.0,52.198556,21.118732,20.0
45295,2026-05-11 21:11:06.100000+00:00,52.1962115,21.1202771,88.3,57.07,-0.045,-0.077,0.936,0,57.018765828865526,,281.1626975225783,-1.0,6.0,52.198556,21.118732,20.0
45300,2026-05-11 21:11:06.600000+00:00,52.1961452,21.1203172,88.1,56.56,-0.067,-0.089,0.982,0,56.61037073928133,,289.0220618494305,-1.0,6.0,52.198556,21.118732,20.0
45305,2026-05-11 21:11:07.100000+00:00,52.1960783,21.1203569,88.1,57.01,-0.051,-0.084,0.957,0,56.99363229620038,,296.9333274448184,-1.0,6.0,52.198556,21.118732,20.0
45310,2026-05-11 21:11:07.600000+00:00,52.1960116,21.1203965,88.0,56.86,-0.05,-0.083,0.952,0,56.82639274855477,,304.8216510870959,-1.0,6.0,52.198556,21.118732,20.0
45315,2026-05-11 21:11:08.100000+00:00,52.1959445,21.120436,88.0,57.06,-0.05,-0.088,0.973,0,57.11076618220263,,312.74895580451147,-1.0,6.0,52.198556,21.118732,20.0
45320,2026-05-11 21:11:08.600000+00:00,52.1958771,21.1204756,88.0,57.29,-0.031,-0.075,0.943,0,57.353366627134335,,320.7100063294374,-1.0,6.0,52.198556,21.118732,20.0
45325,2026-05-11 21:11:09.100000+00:00,52.1958096,21.1205152,88.0,57.46,-0.055,-0.087,0.978,0,57.4287074488121,,328.6816174185915,-1.0,6.0,52.198556,21.118732,20.0
45330,2026-05-11 21:11:09.600000+00:00,52.1957418,21.1205554,88.0,58.27,-0.043,-0.086,0.958,0,57.75469879496693,,336.69954420072725,-1.0,6.0,52.198556,21.118732,20.0
45335,2026-05-11 21:11:10.100000+00:00,52.1956735,21.1205961,88.0,58.29,-0.049,-0.085,0.987,0,58.21482348058821,,344.7818810815782,-1.0,6.0,52.198556,21.118732,20.0
45340,2026-05-11 21:11:10.600000+00:00,52.1956056,21.1206362,88.1,58.01,-0.063,-0.086,0.959,0,57.81324818197052,,352.8079562766374,-1.0,6.0,52.198556,21.118732,20.0
45345,2026-05-11 21:11:11.100000+00:00,52.1955376,21.1206763,88.1,57.92,-0.046,-0.079,0.95,0,57.888544432713886,,360.8445333222211,-1.0,6.0,52.198556,21.118732,20.0
45350,2026-05-11 21:11:11.600000+00:00,52.1954698,21.1207164,88.1,57.77,-0.051,-0.083,0.979,0,57.73799551072531,,368.8605742407413,-1.0,6.0,52.198556,21.118732,20.0
45355,2026-05-11 21:11:12.100000+00:00,52.1954017,21.1207563,88.1,58.08,-0.055,-0.094,0.963,0,57.93061526426017,,376.9028022797235,-1.0,6.0,52.198556,21.118732,20.0
45360,2026-05-11 21:11:12.600000+00:00,52.1953335,21.1207959,88.2,57.94,-0.047,-0.085,0.949,0,57.95644809567416,,384.94806424606674,-1.0,6.0,52.198556,21.118732,20.0
45365,2026-05-11 21:11:13.100000+00:00,52.1952654,21.1208353,88.2,57.98,-0.06,-0.086,0.991,0,57.8481590616627,,392.97817571296974,-1.0,6.0,52.198556,21.118732,20.0
45370,2026-05-11 21:11:13.600000+00:00,52.1951971,21.1208749,88.3,58.05,-0.039,-0.089,0.942,0,58.0318996535932,,401.0341395187312,-1.0,6.0,52.198556,21.118732,20.0
45375,2026-05-11 21:11:14.100000+00:00,52.195129,21.1209143,88.3,57.98,-0.057,-0.071,0.973,0,57.84817889313587,,409.0645900188738,-1.0,6.0,52.198556,21.118732,20.0
45380,2026-05-11 21:11:14.600000+00:00,52.1950609,21.1209544,88.4,58.06,-0.053,-0.085,0.984,0,57.96391487603584,,417.1125201788453,-1.0,6.0,52.198556,21.118732,20.0
45385,2026-05-11 21:11:15.100000+00:00,52.1949928,21.1209945,88.4,58.14,-0.06,-0.083,0.907,0,57.963925117032495,,425.1605509299657,-1.0,6.0,52.198556,21.118732,20.0
45390,2026-05-11 21:11:15.600000+00:00,52.1949251,21.1210341,88.4,57.7,-0.084,-0.087,1.016,0,57.57953791102808,,422.0638524926432,-1.0,6.0,52.191381,21.123251,21.0
45395,2026-05-11 21:11:16.100000+00:00,52.1948575,21.1210738,88.6,57.45,-0.051,-0.091,0.929,0,57.520795433515,,414.07658466448777,-1.0,6.0,52.191381,21.123251,21.0
45400,2026-05-11 21:11:16.600000+00:00,52.1947899,21.1211135,88.7,57.2,-0.077,-0.081,0.98,0,57.5208054685558,,406.0893833879115,-1.0,6.0,52.191381,21.123251,21.0
45405,2026-05-11 21:11:17.100000+00:00,52.1947227,21.1211529,88.8,57.0,-0.058,-0.088,0.958,0,57.16964424757409,,398.1511072420286,-1.0,6.0,52.191381,21.123251,21.0
45410,2026-05-11 21:11:17.600000+00:00,52.194656,21.1211913,88.8,56.46,-0.056,-0.082,0.965,0,56.62790264203238,,390.2893016085689,-1.0,6.0,52.191381,21.123251,21.0
45415,2026-05-11 21:11:18.100000+00:00,52.1945896,21.1212304,88.8,56.76,-0.063,-0.074,0.965,0,56.51718536611339,,382.4415576327835,-1.0,6.0,52.191381,21.123251,21.0
45420,2026-05-11 21:11:18.600000+00:00,52.1945231,21.1212691,88.9,56.31,-0.059,-0.074,0.965,0,56.52624881500379,,374.5933507918334,-1.0,6.0,52.191381,21.123251,21.0
45425,2026-05-11 21:11:19.100000+00:00,52.194457,21.1213076,88.9,56.28,-0.059,-0.081,0.96,0,56.19165819918267,,366.79165554749926,-1.0,6.0,52.191381,21.123251,21.0
45430,2026-05-11 21:11:19.600000+00:00,52.194391,21.1213467,88.9,55.99,-0.038,-0.051,0.935,0,56.216100710122895,,358.9856529099656,-1.0,6.0,52.191381,21.123251,21.0
45435,2026-05-11 21:11:20.100000+00:00,52.1943254,21.1213858,88.9,55.93,-0.075,-0.079,0.973,0,55.91520923978774,,351.22118931347086,-1.0,6.0,52.191381,21.123251,21.0
45440,2026-05-11 21:11:20.600000+00:00,52.1942595,21.1214256,88.9,56.08,-0.063,-0.081,0.976,0,56.25921816519755,,343.4084125220569,-1.0,6.0,52.191381,21.123251,21.0
45445,2026-05-11 21:11:21.100000+00:00,52.1941936,21.1214654,89.0,56.17,-0.049,-0.112,0.947,0,56.25922822360116,,335.59568092721736,-1.0,6.0,52.191381,21.123251,21.0
45450,2026-05-11 21:11:21.600000+00:00,52.1941278,21.1215052,89.0,55.81,-0.073,-0.087,0.958,0,56.18416475823422,,327.79335867233766,-1.0,6.0,52.191381,21.123251,21.0
45455,2026-05-11 21:11:22.100000+00:00,52.1940624,21.1215437,89.0,55.75,-0.058,-0.09,0.947,0,55.66424239591385,,320.0647312891364,-1.0,6.0,52.191381,21.123251,21.0
45460,2026-05-11 21:11:22.600000+00:00,52.1939971,21.1215818,88.9,55.64,-0.074,-0.091,0.984,0,55.52253562268624,,312.356513396044,-1.0,6.0,52.191381,21.123251,21.0
45465,2026-05-11 21:11:23.100000+00:00,52.1939318,21.1216203,89.0,55.57,-0.067,-0.094,0.967,0,55.58896073450632,,304.63850882566953,-1.0,6.0,52.191381,21.123251,21.0
45470,2026-05-11 21:11:23.600000+00:00,52.1938669,21.1216585,89.0,55.22,-0.056,-0.095,0.937,0,55.23776044884221,,296.9695169247746,-1.0,6.0,52.191381,21.123251,21.0
45475,2026-05-11 21:11:24.100000+00:00,52.1938018,21.1216962,89.0,55.09,-0.077,-0.078,0.984,0,55.30584151439153,,289.2924683974246,-1.0,6.0,52.191381,21.123251,21.0
45480,2026-05-11 21:11:24.600000+00:00,52.1937372,21.1217341,89.0,54.62,-0.057,-0.076,0.963,0,54.96191509489982,,281.66236298062506,-1.0,6.0,52.191381,21.123251,21.0
45485,2026-05-11 21:11:25.100000+00:00,52.1936725,21.1217725,89.0,54.99,-0.067,-0.071,0.947,0,55.1206789254752,,274.00957404948826,-1.0,6.0,52.191381,21.123251,21.0
45490,2026-05-11 21:11:25.600000+00:00,52.193608,21.1218109,89.1,54.76,-0.067,-0.079,0.977,0,54.970243932634496,,266.37762171865546,-1.0,6.0,52.191381,21.123251,21.0
45495,2026-05-11 21:11:26.100000+00:00,52.1935437,21.1218494,89.1,54.86,-0.062,-0.07,0.957,0,54.836754228455554,,258.7639838521362,-1.0,6.0,52.191381,21.123251,21.0
45500,2026-05-11 21:11:26.600000+00:00,52.1934795,21.121888,89.0,54.85,-0.066,-0.084,0.968,0,54.778565204547895,,251.1583098057625,-1.0,6.0,52.191381,21.123251,21.0
45505,2026-05-11 21:11:27.100000+00:00,52.1934151,21.1219268,89.1,54.49,-0.063,-0.079,0.968,0,54.96277188677419,,243.52708001704576,-1.0,6.0,52.191381,21.123251,21.0
45510,2026-05-11 21:11:27.600000+00:00,52.1933509,21.1219653,89.0,54.76,-0.052,-0.08,0.96,0,54.76163164555168,,235.92425330959043,-1.0,6.0,52.191381,21.123251,21.0
45515,2026-05-11 21:11:28.100000+00:00,52.1932867,21.1220039,89.0,54.9,-0.061,-0.082,0.948,0,54.778593617457936,,228.319083989135,-1.0,6.0,52.191381,21.123251,21.0
45520,2026-05-11 21:11:28.600000+00:00,52.1932223,21.1220424,89.0,54.8,-0.069,-0.085,0.981,0,54.91196597811705,,220.696030351171,-1.0,6.0,52.191381,21.123251,21.0
45525,2026-05-11 21:11:29.100000+00:00,52.1931582,21.1220811,89.0,54.8,-0.057,-0.071,0.959,0,54.72051368543564,,213.09906491602277,-1.0,6.0,52.191381,21.123251,21.0
45530,2026-05-11 21:11:29.600000+00:00,52.1930942,21.1221195,89.0,54.71,-0.06,-0.073,0.949,0,54.59444908890982,,205.52030801721807,-1.0,6.0,52.191381,21.123251,21.0
45535,2026-05-11 21:11:30.100000+00:00,52.1930306,21.1221585,89.0,54.44,-0.061,-0.069,0.977,0,54.3969245613167,,197.9676597614895,-1.0,6.0,52.191381,21.123251,21.0
45540,2026-05-11 21:11:30.600000+00:00,52.1929668,21.1221978,88.9,54.79,-0.058,-0.069,0.974,0,54.59868145071815,,190.38689822419352,-1.0,6.0,52.191381,21.123251,21.0
45545,2026-05-11 21:11:31.100000+00:00,52.1929032,21.1222378,88.9,54.58,-0.056,-0.062,0.96,0,54.57156159017897,,182.8088901124336,-1.0,6.0,52.191381,21.123251,21.0
45550,2026-05-11 21:11:31.600000+00:00,52.1928397,21.122278,88.9,54.63,-0.067,-0.066,0.985,0,54.53231283586392,,175.2361310779112,-1.0,6.0,52.191381,21.123251,21.0
45555,2026-05-11 21:11:32.100000+00:00,52.1927764,21.1223187,88.9,54.41,-0.054,-0.063,0.952,0,54.47258159256387,,167.67113383484076,-1.0,6.0,52.191381,21.123251,21.0
45560,2026-05-11 21:11:32.600000+00:00,52.1927136,21.1223599,89.0,54.11,-0.073,-0.054,0.984,0,54.191453398456254,,160.14470273682713,-1.0,6.0,52.191381,21.123251,21.0
45565,2026-05-11 21:11:33.100000+00:00,52.1926512,21.1224014,89.0,53.94,-0.058,-0.048,0.936,0,53.949893149363184,,152.6516764620067,-1.0,6.0,52.191381,21.123251,21.0
45570,2026-05-11 21:11:33.600000+00:00,52.1925893,21.1224439,89.0,53.87,-0.075,-0.032,0.99,0,53.76791339832981,,145.18424686591834,-1.0,6.0,52.191381,21.123251,21.0
45575,2026-05-11 21:11:34.100000+00:00,52.1925276,21.1224867,89.0,53.47,-0.065,-0.055,0.963,0,53.67782336073657,,137.72970082562162,-1.0,6.0,52.191381,21.123251,21.0
45580,2026-05-11 21:11:34.600000+00:00,52.1924656,21.1225297,89.1,53.67,-0.075,-0.067,0.962,0,53.937272911427975,,130.23919763067255,-1.0,6.0,52.191381,21.123251,21.0
45585,2026-05-11 21:11:35.100000+00:00,52.1924043,21.1225729,89.0,53.29,-0.056,-0.072,0.956,0,53.46083961623316,,122.81576416433307,-1.0,6.0,52.191381,21.123251,21.0
45590,2026-05-11 21:11:35.600000+00:00,52.1923437,21.1226168,89.0,53.21,-0.056,-0.058,0.978,0,53.08535113363089,,115.44682839890774,-1.0,6.0,52.191381,21.123251,21.0
45595,2026-05-11 21:11:36.100000+00:00,52.1922828,21.1226612,88.9,53.4,-0.035,-0.076,0.932,0,53.404617670476014,,108.0347934090426,-1.0,6.0,52.191381,21.123251,21.0
45600,2026-05-11 21:11:36.600000+00:00,52.1922225,21.1227062,89.0,53.02,-0.053,-0.037,1.002,0,53.08826137404101,,100.67043916735852,-1.0,6.0,52.191381,21.123251,21.0
45605,2026-05-11 21:11:37.100000+00:00,52.1921616,21.1227514,89.0,53.27,-0.048,-0.066,0.961,0,53.56604430292099,,93.24041997643488,-1.0,6.0,52.191381,21.123251,21.0
45610,2026-05-11 21:11:37.600000+00:00,52.1921011,21.1227971,89.0,53.16,-0.045,-0.048,0.987,0,53.377378748101705,,85.8412725766213,-1.0,6.0,52.191381,21.123251,21.0
45615,2026-05-11 21:11:38.100000+00:00,52.1920406,21.1228439,89.0,53.54,-0.037,-0.056,0.952,0,53.60647583472846,21.0,78.41827388910514,-1.0,6.0,52.191381,21.123251,21.0
45620,2026-05-11 21:11:38.600000+00:00,52.1919799,21.1228918,89.0,53.74,-0.031,-0.053,0.94,0,53.98410869951772,21.0,70.95317820208267,-1.0,6.0,52.191381,21.123251,21.0
45625,2026-05-11 21:11:39.100000+00:00,52.1919189,21.1229398,89.0,53.97,-0.035,-0.076,0.997,0,54.22174017361779,21.0,63.46206882839597,-1.0,6.0,52.191381,21.123251,21.0
45630,2026-05-11 21:11:39.600000+00:00,52.1918577,21.1229883,89.0,54.63,-0.033,-0.064,0.964,0,54.47279886745147,21.0,55.94962623666438,-1.0,6.0,52.191381,21.123251,21.0
45635,2026-05-11 21:11:40.100000+00:00,52.1917964,21.1230374,89.1,54.67,-0.038,-0.058,0.964,0,54.67398463560787,21.0,48.43083442124465,-1.0,6.0,52.191381,21.123251,21.0
45640,2026-05-11 21:11:40.600000+00:00,52.1917349,21.1230876,89.1,54.75,-0.045,-0.065,0.986,0,55.05723110316311,21.0,40.89779713320102,-1.0,6.0,52.191381,21.123251,21.0
45645,2026-05-11 21:11:41.100000+00:00,52.1916734,21.1231393,89.1,55.29,-0.036,-0.06,0.933,0,55.39059178669438,21.0,33.39303318953695,-1.0,6.0,52.191381,21.123251,21.0
45650,2026-05-11 21:11:41.600000+00:00,52.191612,21.123191,89.2,55.09,-0.057,-0.054,0.986,0,55.31945378902819,21.0,26.009602350430843,-1.0,6.0,52.191381,21.123251,21.0
45655,2026-05-11 21:11:42.100000+00:00,52.1915509,21.1232433,89.2,55.05,-0.05,-0.054,0.968,0,55.2423636134058,21.0,18.899307831831287,-1.0,6.0,52.191381,21.123251,21.0
45660,2026-05-11 21:11:42.600000+00:00,52.1914897,21.1232964,89.2,55.32,-0.049,-0.053,0.95,0,55.49657699565126,21.0,12.476781134494368,-1.0,6.0,52.191381,21.123251,21.0
45665,2026-05-11 21:11:43.100000+00:00,52.1914287,21.1233496,89.2,55.02,-0.05,-0.058,0.976,0,55.378400248832754,21.0,8.561869342245744,-1.0,6.0,52.191381,21.123251,21.0
45670,2026-05-11 21:11:43.600000+00:00,52.1913684,21.1234021,89.0,54.85,-0.057,-0.072,0.965,0,54.72222853414406,21.0,10.394643433581663,-1.0,6.0,52.191381,21.123251,21.0
45675,2026-05-11 21:11:44.100000+00:00,52.191309,21.1234536,88.7,53.58,-0.05,-0.059,0.963,0,53.85556357107957,21.0,15.963126330742403,-1.0,6.0,52.191381,21.123251,21.0
45680,2026-05-11 21:11:44.600000+00:00,52.1912498,21.1235059,88.3,54.17,-0.055,-0.059,0.975,0,53.90011234317972,21.0,22.68779679680676,-1.0,6.0,52.191381,21.123251,21.0
45685,2026-05-11 21:11:45.100000+00:00,52.1911894,21.123561,88.3,55.09,-0.05,-0.078,0.951,0,55.40443947550754,21.0,30.00721734948809,-1.0,6.0,52.191381,21.123251,21.0
45690,2026-05-11 21:11:45.600000+00:00,52.1911291,21.1236179,88.3,55.47,-0.057,-0.058,0.937,0,55.771663257027065,21.0,37.55073350752801,-1.0,6.0,52.191381,21.123251,21.0
45695,2026-05-11 21:11:46.100000+00:00,52.1910691,21.1236749,88.1,55.35,-0.063,-0.064,0.989,0,55.58859306911105,21.0,45.14160404111864,-1.0,6.0,52.191381,21.123251,21.0
45700,2026-05-11 21:11:46.600000+00:00,52.1910093,21.1237322,88.0,55.49,-0.046,-0.065,0.955,0,55.52473315545144,21.0,52.76542892069828,-1.0,6.0,52.191381,21.123251,21.0
45705,2026-05-11 21:11:47.100000+00:00,52.1909493,21.1237898,87.9,55.6,-0.056,-0.066,0.982,0,55.7374092886595,21.0,60.44167509506634,-1.0,6.0,52.191381,21.123251,21.0
45710,2026-05-11 21:11:47.600000+00:00,52.1908896,21.1238484,87.8,56.09,-0.037,-0.064,0.937,0,55.78202374128379,21.0,68.14659439922792,-1.0,6.0,52.191381,21.123251,21.0
45715,2026-05-11 21:11:48.100000+00:00,52.1908299,21.1239069,87.8,55.69,-0.059,-0.062,0.984,0,55.75675453450203,21.0,75.8561741881022,-1.0,6.0,52.191381,21.123251,21.0
45720,2026-05-11 21:11:48.600000+00:00,52.1907699,21.1239661,87.7,56.14,-0.046,-0.057,0.958,0,56.1398364062273,,83.62703798959369,-1.0,6.0,52.191381,21.123251,21.0
45725,2026-05-11 21:11:49.100000+00:00,52.1907099,21.1240263,87.7,56.44,-0.047,-0.05,0.966,0,56.3954330777544,,91.44177083924846,-1.0,6.0,52.191381,21.123251,21.0
45730,2026-05-11 21:11:49.600000+00:00,52.1906503,21.1240872,87.7,56.35,-0.051,-0.057,0.97,0,56.304556385407366,,99.25031078223164,-1.0,6.0,52.191381,21.123251,21.0
45735,2026-05-11 21:11:50.100000+00:00,52.1905909,21.124149,87.8,56.16,-0.058,-0.057,0.95,0,56.40524144507525,,107.0773447800036,-1.0,6.0,52.191381,21.123251,21.0
45740,2026-05-11 21:11:50.600000+00:00,52.190532,21.1242116,87.8,56.23,-0.065,-0.054,0.973,0,56.28155459608799,,114.89071068848516,-1.0,6.0,52.191381,21.123251,21.0
45745,2026-05-11 21:11:51.100000+00:00,52.1904735,21.1242741,87.8,56.04,-0.073,-0.049,0.991,0,55.986629196886334,,122.66406087799268,-1.0,6.0,52.191381,21.123251,21.0
45750,2026-05-11 21:11:51.600000+00:00,52.190416,21.1243372,87.9,55.65,-0.062,-0.051,0.96,0,55.48248551896901,,130.36939181991292,-1.0,6.0,52.191381,21.123251,21.0
45755,2026-05-11 21:11:52.100000+00:00,52.1903592,21.1244011,88.0,55.38,-0.067,-0.053,0.968,0,55.240374945407005,,138.04166591917397,-1.0,6.0,52.191381,21.123251,21.0
45760,2026-05-11 21:11:52.600000+00:00,52.1903021,21.1244646,88.0,55.31,-0.066,-0.065,0.978,0,55.32745932802492,,145.725920914533,-1.0,6.0,52.191381,21.123251,21.0
45765,2026-05-11 21:11:53.100000+00:00,52.1902454,21.1245284,88.1,55.21,-0.058,-0.062,0.968,0,55.14664962974377,,153.3851777037207,-1.0,6.0,52.191381,21.123251,21.0
45770,2026-05-11 21:11:53.600000+00:00,52.1901891,21.1245928,88.2,55.13,-0.052,-0.058,0.944,0,55.051911056095975,,161.0310510161335,-1.0,6.0,52.191381,21.123251,21.0
45775,2026-05-11 21:11:54.100000+00:00,52.1901334,21.1246582,88.2,54.9,-0.061,-0.062,0.973,0,54.94460729615419,,168.66081403716285,-1.0,6.0,52.191381,21.123251,21.0
45780,2026-05-11 21:11:54.600000+00:00,52.1900773,21.1247231,88.2,55.41,-0.045,-0.075,0.95,0,55.06253281272476,,176.3078683767059,-1.0,6.0,52.191381,21.123251,21.0
45785,2026-05-11 21:11:55.100000+00:00,52.1900213,21.1247879,88.2,55.16,-0.061,-0.067,0.974,0,54.96885943590424,,183.94194680302604,-1.0,6.0,52.191381,21.123251,21.0
45790,2026-05-11 21:11:55.600000+00:00,52.1899654,21.1248534,88.2,55.39,-0.061,-0.044,0.982,0,55.10333265044766,,191.5941298292444,-1.0,6.0,52.191381,21.123251,21.0
45795,2026-05-11 21:11:56.100000+00:00,52.1899096,21.1249192,88.2,55.22,-0.042,-0.069,0.918,0,55.12448619118976,,199.248936259344,-1.0,6.0,52.191381,21.123251,21.0
45800,2026-05-11 21:11:56.600000+00:00,52.1898546,21.1249861,88.2,54.95,-0.073,-0.027,0.988,0,54.92776459550291,,206.8737030754227,-1.0,6.0,52.191381,21.123251,21.0
45805,2026-05-11 21:11:57.100000+00:00,52.1897992,21.1250535,88.1,55.46,-0.055,-0.076,0.947,0,55.33121157687693,,214.5547449260002,-1.0,6.0,52.191381,21.123251,21.0
45810,2026-05-11 21:11:57.600000+00:00,52.1897444,21.1251218,88.1,55.42,-0.06,-0.068,0.968,0,55.21399527127485,,222.21660842000995,-1.0,6.0,52.191381,21.123251,21.0
45815,2026-05-11 21:11:58.100000+00:00,52.1896898,21.1251905,88.0,55.58,-0.053,-0.076,0.99,0,55.206563641535176,,229.8764111159099,-1.0,6.0,52.191381,21.123251,21.0
45820,2026-05-11 21:11:58.600000+00:00,52.1896353,21.1252591,87.9,55.57,-0.045,-0.072,0.936,0,55.113220234335685,,237.52370273645565,-1.0,6.0,52.191381,21.123251,21.0
45825,2026-05-11 21:11:59.100000+00:00,52.1895808,21.125328,87.8,55.36,-0.053,-0.067,0.972,0,55.2033217255975,,245.18326277643413,-1.0,6.0,52.191381,21.123251,21.0
45830,2026-05-11 21:11:59.600000+00:00,52.1895261,21.1253977,87.7,55.63,-0.057,-0.073,0.977,0,55.57084401236428,,252.8929757200504,-1.0,6.0,52.191381,21.123251,21.0
45835,2026-05-11 21:12:00.100000+00:00,52.1894714,21.1254671,87.7,55.61,-0.051,-0.081,0.957,0,55.4803478605852,,260.5913371438112,-1.0,6.0,52.191381,21.123251,21.0
45840,2026-05-11 21:12:00.600000+00:00,52.1894165,21.1255368,87.7,55.77,-0.057,-0.081,0.978,0,55.69716726848031,,268.32009818896364,-1.0,6.0,52.191381,21.123251,21.0
45845,2026-05-11 21:12:01.100000+00:00,52.1893615,21.125606,87.6,55.64,-0.058,-0.092,0.944,0,55.6101721678298,,276.038474192976,-1.0,6.0,52.191381,21.123251,21.0
45850,2026-05-11 21:12:01.600000+00:00,52.1893066,21.125676,87.6,55.71,-0.059,-0.089,0.975,0,55.78777866247572,,283.7798630970309,-1.0,6.0,52.191381,21.123251,21.0
45855,2026-05-11 21:12:02.100000+00:00,52.1892512,21.125746,87.5,56.17,-0.054,-0.074,0.986,0,56.10372935286558,,291.56677986876963,-1.0,6.0,52.191381,21.123251,21.0
45860,2026-05-11 21:12:02.600000+00:00,52.1891966,21.1258153,87.5,55.9,-0.049,-0.088,0.96,0,55.38714940212028,,299.25389777526664,-1.0,6.0,52.191381,21.123251,21.0
45865,2026-05-11 21:12:03.100000+00:00,52.1891417,21.1258858,87.5,56.46,-0.051,-0.093,0.948,0,55.93932598045314,,307.0162018054473,-1.0,6.0,52.191381,21.123251,21.0
45870,2026-05-11 21:12:03.600000+00:00,52.1890868,21.1259552,87.5,56.07,-0.06,-0.082,0.98,0,55.60700531333112,,314.7349334409726,-1.0,6.0,52.191381,21.123251,21.0
45875,2026-05-11 21:12:04.100000+00:00,52.189032,21.1260246,87.5,55.64,-0.051,-0.085,0.947,0,55.54377108523705,,322.44487446332874,-1.0,6.0,52.18669,21.128854,22.0
45880,2026-05-11 21:12:04.600000+00:00,52.1889774,21.1260941,87.5,55.83,-0.065,-0.083,0.984,0,55.44758917053582,,316.37151232633624,-1.0,6.0,52.18669,21.128854,22.0
45885,2026-05-11 21:12:05.100000+00:00,52.1889227,21.1261635,87.5,55.51,-0.063,-0.095,0.948,0,55.480605952767576,,308.66817746333635,-1.0,6.0,52.18669,21.128854,22.0
45890,2026-05-11 21:12:05.600000+00:00,52.1888682,21.1262325,87.4,55.28,-0.065,-0.084,0.982,0,55.233734555177385,,300.99904185394973,-1.0,6.0,52.18669,21.128854,22.0
45895,2026-05-11 21:12:06.100000+00:00,52.1888138,21.1263017,87.4,55.32,-0.058,-0.075,0.939,0,55.230849011614914,,293.33088311556423,-1.0,6.0,52.18669,21.128854,22.0
45900,2026-05-11 21:12:06.600000+00:00,52.1887596,21.1263708,87.3,55.29,-0.06,-0.078,0.951,0,55.07445891048677,,285.6848245162604,-1.0,6.0,52.18669,21.128854,22.0
45905,2026-05-11 21:12:07.100000+00:00,52.1887054,21.1264399,87.2,55.17,-0.06,-0.095,0.956,0,55.074484362062215,,278.0389372230024,-1.0,6.0,52.18669,21.128854,22.0
45910,2026-05-11 21:12:07.600000+00:00,52.1886511,21.1265091,87.1,55.38,-0.063,-0.091,0.967,0,55.1678151481846,,270.3802377758765,-1.0,6.0,52.18669,21.128854,22.0
45915,2026-05-11 21:12:08.100000+00:00,52.1885969,21.1265781,87.1,55.15,-0.067,-0.084,0.965,0,55.0443234100312,,262.7387638798525,-1.0,6.0,52.18669,21.128854,22.0
45920,2026-05-11 21:12:08.600000+00:00,52.1885426,21.1266471,87.1,55.25,-0.051,-0.083,0.952,0,55.10748423461392,,255.08852116434744,-1.0,6.0,52.18669,21.128854,22.0
45925,2026-05-11 21:12:09.100000+00:00,52.1884885,21.1267162,87.0,54.96,-0.064,-0.075,0.965,0,55.01152963415674,,247.45245348930763,-1.0,6.0,52.18669,21.128854,22.0
45930,2026-05-11 21:12:09.600000+00:00,52.1884342,21.126785,87.0,55.34,-0.059,-0.073,0.98,0,55.04726160923448,,239.8107056771188,-1.0,6.0,52.18669,21.128854,22.0
45935,2026-05-11 21:12:10.100000+00:00,52.1883802,21.1268539,87.1,54.95,-0.056,-0.083,0.946,0,54.88803243959151,,232.1921949961573,-1.0,6.0,52.18669,21.128854,22.0
45940,2026-05-11 21:12:10.600000+00:00,52.1883264,21.1269234,87.1,55.03,-0.066,-0.079,0.994,0,54.94437802682344,,224.56805168691136,-1.0,6.0,52.18669,21.128854,22.0
45945,2026-05-11 21:12:11.100000+00:00,52.1882725,21.1269926,87.1,55.18,-0.052,-0.087,0.966,0,54.91599476379117,,216.947341032504,-1.0,6.0,52.18669,21.128854,22.0
45950,2026-05-11 21:12:11.600000+00:00,52.1882189,21.1270623,87.1,54.99,-0.045,-0.073,0.927,0,54.88013556974274,,209.3342990070924,-1.0,6.0,52.18669,21.128854,22.0
45955,2026-05-11 21:12:12.100000+00:00,52.1881651,21.1271317,87.1,54.84,-0.067,-0.079,1.003,0,54.91399530521128,,201.71576737801468,-1.0,6.0,52.18669,21.128854,22.0
45960,2026-05-11 21:12:12.600000+00:00,52.1881115,21.1272008,87.1,54.85,-0.038,-0.086,0.928,0,54.697092227558485,,194.12787396000203,-1.0,6.0,52.18669,21.128854,22.0
45965,2026-05-11 21:12:13.100000+00:00,52.1880578,21.1272696,87.1,54.84,-0.065,-0.08,1.0,0,54.66887361020582,,186.54347848069327,-1.0,6.0,52.18669,21.128854,22.0
45970,2026-05-11 21:12:13.600000+00:00,52.1880047,21.1273388,87.2,54.6,-0.043,-0.088,0.923,0,54.41427859675837,,178.99854251084818,-1.0,6.0,52.18669,21.128854,22.0
45975,2026-05-11 21:12:14.100000+00:00,52.1879511,21.127407,87.1,54.57,-0.069,-0.093,0.997,0,54.42435720997005,,171.44844157335166,-1.0,6.0,52.18669,21.128854,22.0
45980,2026-05-11 21:12:14.600000+00:00,52.1878976,21.1274753,87.1,54.69,-0.045,-0.091,0.928,0,54.39151655189917,,163.90435246390703,-1.0,6.0,52.18669,21.128854,22.0
45985,2026-05-11 21:12:15.100000+00:00,52.1878441,21.1275435,87.0,54.75,-0.064,-0.085,0.994,0,54.361303407684126,,156.3651488746371,-1.0,6.0,52.18669,21.128854,22.0
45990,2026-05-11 21:12:15.600000+00:00,52.1877903,21.1276114,87.0,54.68,-0.042,-0.09,0.931,0,54.46053784111606,,148.81126704688046,-1.0,6.0,52.18669,21.128854,22.0
45995,2026-05-11 21:12:16.100000+00:00,52.1877365,21.1276795,86.9,54.79,-0.064,-0.088,0.967,0,54.52069102889879,,141.25073236199236,-1.0,6.0,52.18669,21.128854,22.0
46000,2026-05-11 21:12:16.600000+00:00,52.1876825,21.1277496,86.8,54.96,-0.058,-0.091,0.949,0,55.25320501243622,,133.59628302503552,-1.0,6.0,52.18669,21.128854,22.0
46005,2026-05-11 21:12:17.100000+00:00,52.1876287,21.127818,86.8,54.77,-0.056,-0.081,0.961,0,54.61114054545661,,126.0275545101228,-1.0,6.0,52.18669,21.128854,22.0
46010,2026-05-11 21:12:17.600000+00:00,52.1875747,21.1278859,86.8,54.77,-0.054,-0.076,0.985,0,54.58736276861111,,118.46140465546674,-1.0,6.0,52.18669,21.128854,22.0
46015,2026-05-11 21:12:18.100000+00:00,52.1875207,21.1279542,86.8,54.98,-0.044,-0.071,0.949,0,54.7074769300971,,110.88227193303548,-1.0,6.0,52.18669,21.128854,22.0
46020,2026-05-11 21:12:18.600000+00:00,52.1874669,21.1280228,86.8,55.0,-0.062,-0.082,0.947,0,54.67161985314887,,103.31332110429476,-1.0,6.0,52.18669,21.128854,22.0
46025,2026-05-11 21:12:19.100000+00:00,52.1874129,21.1280916,86.7,54.91,-0.063,-0.078,1.001,0,54.85825756435677,,95.72214241573062,-1.0,6.0,52.18669,21.128854,22.0
46030,2026-05-11 21:12:19.600000+00:00,52.187359,21.1281605,86.7,54.84,-0.04,-0.09,0.939,0,54.82547418596859,,88.141524988248,-1.0,6.0,52.18669,21.128854,22.0
46035,2026-05-11 21:12:20.100000+00:00,52.1873051,21.1282294,86.7,54.9,-0.073,-0.088,0.977,0,54.82549946987936,,80.56732409111322,-1.0,6.0,52.18669,21.128854,22.0
46040,2026-05-11 21:12:20.600000+00:00,52.1872511,21.1282978,86.7,54.8,-0.052,-0.098,0.951,0,54.737693016993134,22.0,73.00972990826905,-1.0,6.0,52.18669,21.128854,22.0
46045,2026-05-11 21:12:21.100000+00:00,52.1871969,21.1283662,86.7,54.83,-0.051,-0.098,0.976,0,54.86427144441471,22.0,65.44336935626623,-1.0,6.0,52.18669,21.128854,22.0
46050,2026-05-11 21:12:21.600000+00:00,52.1871427,21.1284344,86.7,55.06,-0.05,-0.085,0.96,0,54.80427961857804,22.0,57.897824727341785,-1.0,6.0,52.18669,21.128854,22.0
46055,2026-05-11 21:12:22.100000+00:00,52.1870882,21.1285027,86.7,55.09,-0.059,-0.078,0.961,0,55.02456073682584,22.0,50.33960490718856,-1.0,6.0,52.18669,21.128854,22.0
46060,2026-05-11 21:12:22.600000+00:00,52.1870339,21.1285716,86.7,55.36,-0.053,-0.076,0.957,0,55.078038626135466,22.0,42.812692815082364,-1.0,6.0,52.18669,21.128854,22.0
46065,2026-05-11 21:12:23.100000+00:00,52.1869796,21.1286404,86.7,55.24,-0.046,-0.066,0.959,0,55.04793933025509,22.0,35.34137265328182,-1.0,6.0,52.18669,21.128854,22.0
46070,2026-05-11 21:12:23.600000+00:00,52.1869253,21.1287101,86.6,55.35,-0.045,-0.068,0.955,0,55.32006435806263,22.0,27.9427953386128,-1.0,6.0,52.18669,21.128854,22.0
46075,2026-05-11 21:12:24.100000+00:00,52.1868709,21.1287797,86.6,55.53,-0.046,-0.104,0.964,0,55.35271998188693,22.0,20.743098024747383,-1.0,6.0,52.18669,21.128854,22.0
46080,2026-05-11 21:12:24.600000+00:00,52.1868163,21.1288496,86.5,55.69,-0.056,-0.087,0.946,0,55.56961601711643,22.0,14.047122224320336,-1.0,6.0,52.18669,21.128854,22.0
46085,2026-05-11 21:12:25.100000+00:00,52.1867616,21.12892,86.5,55.81,-0.055,-0.075,0.994,0,55.78433275849462,22.0,9.144990777630818,-1.0,6.0,52.18669,21.128854,22.0
46090,2026-05-11 21:12:25.600000+00:00,52.1867065,21.1289905,86.5,56.18,-0.046,-0.082,0.964,0,56.066394547056646,22.0,9.484698415041828,-1.0,6.0,52.18669,21.128854,22.0
46095,2026-05-11 21:12:26.100000+00:00,52.1866514,21.1290615,86.6,56.36,-0.049,-0.08,0.973,0,56.21822757118611,22.0,14.782637014626884,-1.0,6.0,52.18669,21.128854,22.0
46100,2026-05-11 21:12:26.600000+00:00,52.1865963,21.1291323,86.6,56.36,-0.057,-0.095,0.956,0,56.157452140787775,22.0,21.64505649649307,-1.0,6.0,52.18669,21.128854,22.0
46105,2026-05-11 21:12:27.100000+00:00,52.1865409,21.1292028,86.6,56.29,-0.063,-0.094,0.95,0,56.25564442507131,22.0,28.987788975531323,-1.0,6.0,52.18669,21.128854,22.0
46110,2026-05-11 21:12:27.600000+00:00,52.1864854,21.1292734,86.6,56.33,-0.057,-0.089,0.972,0,56.34898690662268,22.0,36.53855834916584,-1.0,6.0,52.18669,21.128854,22.0
46115,2026-05-11 21:12:28.100000+00:00,52.18643,21.1293432,86.6,56.26,-0.051,-0.085,0.963,0,56.04499872534189,22.0,44.13680640596956,-1.0,6.0,52.18669,21.128854,22.0
46120,2026-05-11 21:12:28.600000+00:00,52.1863744,21.1294135,86.7,56.49,-0.077,-0.096,0.982,0,56.32185511113772,22.0,51.8304098162526,-1.0,6.0,52.18669,21.128854,22.0
46125,2026-05-11 21:12:29.100000+00:00,52.186319,21.1294834,86.7,56.23,-0.06,-0.09,0.944,0,56.07507053226785,22.0,59.52253248949341,-1.0,6.0,52.18669,21.128854,22.0
46130,2026-05-11 21:12:29.600000+00:00,52.1862635,21.1295532,86.8,56.23,-0.066,-0.083,0.978,0,56.10845731204228,22.0,67.23979410859532,-1.0,6.0,52.18669,21.128854,22.0
46135,2026-05-11 21:12:30.100000+00:00,52.1862082,21.1296225,86.9,56.0,-0.057,-0.079,0.97,0,55.83190247935336,22.0,74.93296534101808,-1.0,6.0,52.18669,21.128854,22.0
46140,2026-05-11 21:12:30.600000+00:00,52.1861529,21.129692,86.9,55.94,-0.061,-0.084,0.952,0,55.89179260529042,,82.6470178079766,-1.0,6.0,52.18669,21.128854,22.0
46145,2026-05-11 21:12:31.100000+00:00,52.1860979,21.1297615,86.9,55.86,-0.06,-0.081,0.943,0,55.701757649925945,,90.34510241079155,-1.0,6.0,52.18669,21.128854,22.0
46150,2026-05-11 21:12:31.600000+00:00,52.186043,21.1298309,86.9,55.82,-0.062,-0.082,0.963,0,55.60843377122889,,98.03642504522904,-1.0,6.0,52.18669,21.128854,22.0
46155,2026-05-11 21:12:32.100000+00:00,52.1859884,21.1299001,87.0,55.41,-0.07,-0.085,0.969,0,55.35852556820869,,105.69860630439663,-1.0,6.0,52.18669,21.128854,22.0
46160,2026-05-11 21:12:32.600000+00:00,52.1859338,21.12997,87.0,55.75,-0.057,-0.074,0.955,0,55.57003645623981,,113.39639298924637,-1.0,6.0,52.18669,21.128854,22.0
46165,2026-05-11 21:12:33.100000+00:00,52.1858794,21.1300398,87.0,55.29,-0.063,-0.092,0.966,0,55.41383329901116,,121.07565692165086,-1.0,6.0,52.18669,21.128854,22.0
46170,2026-05-11 21:12:33.600000+00:00,52.1858249,21.13011,87.1,55.38,-0.06,-0.087,0.963,0,55.59827602288887,,128.7834033487148,-1.0,6.0,52.18669,21.128854,22.0
46175,2026-05-11 21:12:34.100000+00:00,52.1857707,21.1301798,87.1,55.54,-0.073,-0.087,0.966,0,55.28812608039141,,136.44970950510282,-1.0,6.0,52.18669,21.128854,22.0
46180,2026-05-11 21:12:34.600000+00:00,52.1857169,21.1302493,87.2,54.9,-0.078,-0.081,0.984,0,54.94562101976933,,144.07045209726218,-1.0,6.0,52.18669,21.128854,22.0
46185,2026-05-11 21:12:35.100000+00:00,52.1856633,21.1303179,87.2,54.42,-0.071,-0.098,0.954,0,54.5464027569843,,151.63513556063066,-1.0,6.0,52.18669,21.128854,22.0
46190,2026-05-11 21:12:35.600000+00:00,52.1856102,21.1303855,87.3,53.99,-0.081,-0.087,0.964,0,53.9286707031555,,159.11419960709276,-1.0,6.0,52.18669,21.128854,22.0
46195,2026-05-11 21:12:36.100000+00:00,52.1855575,21.1304525,87.3,53.65,-0.066,-0.088,0.963,0,53.49504919293086,,166.53385878504358,-1.0,6.0,52.18669,21.128854,22.0
46200,2026-05-11 21:12:36.600000+00:00,52.1855052,21.1305191,87.4,53.02,-0.08,-0.08,0.966,0,53.12180814142667,,162.68175075077423,-1.0,6.0,52.184309,21.131893,23.0
46205,2026-05-11 21:12:37.100000+00:00,52.1854533,21.1305848,87.4,52.5,-0.085,-0.094,0.96,0,52.59776502700665,,155.38476255989042,-1.0,6.0,52.184309,21.131893,23.0
46210,2026-05-11 21:12:37.600000+00:00,52.1854019,21.1306505,87.4,52.24,-0.083,-0.089,0.951,0,52.2821328183899,,148.13419273190436,-1.0,6.0,52.184309,21.131893,23.0
46215,2026-05-11 21:12:38.100000+00:00,52.1853508,21.1307152,87.4,51.9,-0.086,-0.088,0.953,0,51.79088201208499,,140.95098605908515,-1.0,6.0,52.184309,21.131893,23.0
46220,2026-05-11 21:12:38.600000+00:00,52.1853004,21.1307791,87.4,51.14,-0.075,-0.083,0.962,0,51.1074271737876,,133.86388811572138,-1.0,6.0,52.184309,21.131893,23.0
46225,2026-05-11 21:12:39.100000+00:00,52.1852503,21.1308425,87.5,50.71,-0.084,-0.078,0.969,0,50.7672165659366,,126.82481554348526,-1.0,6.0,52.184309,21.131893,23.0
46230,2026-05-11 21:12:39.600000+00:00,52.1852007,21.1309054,87.5,50.3,-0.095,-0.094,0.954,0,50.30054471424026,,119.85228850780186,-1.0,6.0,52.184309,21.131893,23.0
46235,2026-05-11 21:12:40.100000+00:00,52.1851514,21.1309681,87.5,50.13,-0.078,-0.092,0.962,0,50.05074404170198,,112.91673488437776,-1.0,6.0,52.184309,21.131893,23.0
46240,2026-05-11 21:12:40.600000+00:00,52.1851024,21.1310296,87.5,49.43,-0.086,-0.094,0.984,0,49.50016974857048,,106.0564109185262,-1.0,6.0,52.184309,21.131893,23.0
46245,2026-05-11 21:12:41.100000+00:00,52.1850537,21.1310908,87.5,49.02,-0.076,-0.084,0.937,0,49.22004627551112,,99.23722718836208,-1.0,6.0,52.184309,21.131893,23.0
46250,2026-05-11 21:12:41.600000+00:00,52.1850054,21.1311517,87.6,48.9,-0.089,-0.087,0.973,0,48.87657573597237,,92.46896852447766,-1.0,6.0,52.184309,21.131893,23.0
46255,2026-05-11 21:12:42.100000+00:00,52.1849575,21.1312122,87.6,48.29,-0.075,-0.081,0.97,0,48.503164224238425,,85.75605580353205,-1.0,6.0,52.184309,21.131893,23.0
46260,2026-05-11 21:12:42.600000+00:00,52.1849101,21.1312728,87.6,48.02,-0.104,-0.092,0.959,0,48.21757617190311,23.0,79.0904956998514,-1.0,6.0,52.184309,21.131893,23.0
46265,2026-05-11 21:12:43.100000+00:00,52.1848637,21.1313308,87.6,46.32,-0.136,-0.088,0.955,0,46.80294702898571,23.0,72.618656953303,-1.0,6.0,52.184309,21.131893,23.0
46270,2026-05-11 21:12:43.600000+00:00,52.1848188,21.1313872,87.6,45.1,-0.12,-0.087,0.95,0,45.37217662159968,23.0,66.35160730836148,-1.0,6.0,52.184309,21.131893,23.0
46275,2026-05-11 21:12:44.100000+00:00,52.1847747,21.1314411,87.6,43.73,-0.135,-0.154,0.968,0,44.11981508425628,23.0,60.25531227798799,-1.0,6.0,52.184309,21.131893,23.0
46280,2026-05-11 21:12:44.600000+00:00,52.1847304,21.1314902,87.7,42.2,-0.149,-0.219,0.942,0,42.88085119852597,23.0,54.31159581264752,-1.0,6.0,52.184309,21.131893,23.0
46285,2026-05-11 21:12:45.100000+00:00,52.1846863,21.1315343,87.7,40.7,-0.189,-0.178,0.947,0,41.41442509274594,23.0,48.5608663111465,-1.0,6.0,52.184309,21.131893,23.0
46290,2026-05-11 21:12:45.600000+00:00,52.1846447,21.1315744,87.7,37.85,-0.185,-0.101,0.95,0,38.68691235999913,23.0,43.187794016854,-1.0,6.0,52.184309,21.131893,23.0
46295,2026-05-11 21:12:46.100000+00:00,52.184606,21.131613,87.7,35.4,-0.211,-0.046,0.977,0,36.31765631853624,23.0,38.14503946897405,-1.0,6.0,52.184309,21.131893,23.0
46300,2026-05-11 21:12:46.600000+00:00,52.1845711,21.1316506,87.7,32.59,-0.187,-0.008,0.969,0,33.486520962272145,23.0,33.50355293413858,-1.0,6.0,52.184309,21.131893,23.0
46305,2026-05-11 21:12:47.100000+00:00,52.1845393,21.1316866,87.7,29.78,-0.175,-0.037,0.935,0,30.99098039964487,23.0,29.219643220094245,-1.0,6.0,52.184309,21.131893,23.0
46310,2026-05-11 21:12:47.600000+00:00,52.1845107,21.1317208,87.7,27.49,-0.208,-0.036,0.968,0,28.39205845913993,23.0,25.314849283766787,-1.0,6.0,52.184309,21.131893,23.0
46315,2026-05-11 21:12:48.100000+00:00,52.1844848,21.131752,87.7,25.03,-0.192,-0.04,0.956,0,25.778223153975176,23.0,21.783787841866875,-1.0,6.0,52.184309,21.131893,23.0
46320,2026-05-11 21:12:48.600000+00:00,52.1844614,21.1317813,87.7,22.81,-0.197,-0.047,0.959,0,23.618229353612254,23.0,18.57855953273709,-1.0,6.0,52.184309,21.131893,23.0
46325,2026-05-11 21:12:49.100000+00:00,52.1844413,21.1318081,87.6,19.9,-0.203,-0.057,0.972,0,20.78501825821665,23.0,15.808821480040208,-1.0,6.0,52.184309,21.131893,23.0
46330,2026-05-11 21:12:49.600000+00:00,52.1844229,21.1318322,87.6,18.15,-0.149,-0.085,0.939,0,18.89317463481477,23.0,13.326167371721052,-1.0,6.0,52.184309,21.131893,23.0
46335,2026-05-11 21:12:50.100000+00:00,52.1844069,21.1318523,87.6,15.2,-0.232,-0.1,0.968,0,16.168917025084234,23.0,11.234054255113763,-1.0,6.0,52.184309,21.131893,23.0
46340,2026-05-11 21:12:50.600000+00:00,52.1843939,21.1318683,87.6,11.96,-0.231,-0.071,0.954,0,13.038662875796366,23.0,9.589461560458687,-1.0,6.0,52.184309,21.131893,23.0
46345,2026-05-11 21:12:51.100000+00:00,52.1843839,21.1318802,87.7,9.04,-0.232,-0.074,0.946,0,9.910484301599691,23.0,8.374093309171835,-1.0,6.0,52.184309,21.131893,23.0
46350,2026-05-11 21:12:51.600000+00:00,52.1843773,21.1318881,87.7,5.61,-0.256,-0.067,0.959,0,6.554254253851766,23.0,7.601957134765652,-1.0,6.0,52.184309,21.131893,23.0
46355,2026-05-11 21:12:52.100000+00:00,52.1843739,21.1318921,87.7,2.15,-0.238,-0.076,0.958,0,3.35630576936125,23.0,7.216811584119179,-1.0,6.0,52.184309,21.131893,23.0
46360,2026-05-11 21:12:52.600000+00:00,52.1843731,21.1318929,87.8,0.08,-0.181,-0.07,0.959,0,0.7512836300992096,23.0,7.127598058789291,-1.0,6.0,52.184309,21.131893,23.0
46365,2026-05-11 21:12:53.100000+00:00,52.1843729,21.1318931,87.8,0.07,-0.04,-0.076,0.96,0,0.1878209100685963,23.0,7.105359083435562,-1.0,6.0,52.184309,21.131893,23.0
46370,2026-05-11 21:12:53.600000+00:00,52.1843726,21.1318926,87.8,0.02,-0.044,-0.078,0.974,0,0.343401790590184,23.0,7.072049913580314,-1.0,6.0,52.184309,21.131893,23.0
46375,2026-05-11 21:12:54.100000+00:00,52.1843724,21.1318918,87.8,0.08,-0.048,-0.073,0.967,0,0.4240843720959526,23.0,7.050233037716207,-1.0,6.0,52.184309,21.131893,23.0
46380,2026-05-11 21:12:54.600000+00:00,52.1843723,21.1318917,87.8,0.04,-0.048,-0.079,0.97,0,0.0939104528304929,23.0,7.0391968332662405,-1.0,6.0,52.184309,21.131893,23.0
46385,2026-05-11 21:12:55.100000+00:00,52.1843722,21.1318916,87.8,0.01,-0.047,-0.077,0.969,0,0.0939104580458852,23.0,7.028167504046944,-1.0,6.0,52.184309,21.131893,23.0
46390,2026-05-11 21:12:55.600000+00:00,52.184372,21.1318913,87.8,0.16,-0.05,-0.075,0.97,0,0.2175414097182483,23.0,7.006239067745544,-1.0,6.0,52.184309,21.131893,23.0
46395,2026-05-11 21:12:56.100000+00:00,52.1843718,21.1318909,87.8,0.09,-0.047,-0.073,0.968,0,0.2533591673391044,23.0,6.984508911355233,-1.0,6.0,52.184309,21.131893,23.0
46400,2026-05-11 21:12:56.600000+00:00,52.1843716,21.1318908,87.8,0.05,-0.048,-0.075,0.971,0,0.167475823925126,23.0,6.9624181451182885,-1.0,6.0,52.184309,21.131893,23.0
46405,2026-05-11 21:12:57.100000+00:00,52.1843713,21.1318907,87.7,0.03,-0.044,-0.081,0.972,0,0.2451457622060351,23.0,6.929218373894165,-1.0,6.0,52.184309,21.131893,23.0
46410,2026-05-11 21:12:57.600000+00:00,52.1843711,21.1318904,87.7,0.13,-0.048,-0.08,0.969,0,0.2175414154842782,23.0,6.907479695190252,-1.0,6.0,52.184309,21.131893,23.0
46415,2026-05-11 21:12:58.100000+00:00,52.1843709,21.13189,87.7,0.11,-0.048,-0.078,0.971,0,0.2533591704187862,23.0,6.886004088215689,-1.0,6.0,52.184309,21.131893,23.0
46420,2026-05-11 21:12:58.600000+00:00,52.1843708,21.1318896,87.7,0.03,-0.047,-0.078,0.968,0,0.2120421903871155,23.0,6.875754840305778,-1.0,6.0,52.184309,21.131893,23.0
46425,2026-05-11 21:12:59.100000+00:00,52.1843707,21.1318891,87.7,0.04,-0.046,-0.078,0.971,0,0.2581618139716213,23.0,6.865877259334097,-1.0,6.0,52.184309,21.131893,23.0
46430,2026-05-11 21:12:59.600000+00:00,52.1843706,21.1318886,87.7,0.06,-0.047,-0.08,0.97,0,0.2581618145914208,23.0,6.856172965134971,-1.0,6.0,52.184309,21.131893,23.0
46435,2026-05-11 21:13:00.100000+00:00,52.1843705,21.1318881,87.8,0.05,-0.046,-0.076,0.971,0,0.2581618135368007,23.0,6.846642695972939,-1.0,6.0,52.184309,21.131893,23.0
46440,2026-05-11 21:13:00.600000+00:00,52.1843704,21.1318876,87.8,0.08,-0.05,-0.078,0.971,0,0.2581618171251232,23.0,6.837287178148093,-1.0,6.0,52.184309,21.131893,23.0
46445,2026-05-11 21:13:01.100000+00:00,52.1843704,21.1318872,87.8,0.1,-0.045,-0.077,0.971,0,0.1963472239902778,23.0,6.838809761235059,-1.0,6.0,52.184309,21.131893,23.0
46450,2026-05-11 21:13:01.600000+00:00,52.1843703,21.1318867,87.8,0.06,-0.05,-0.077,0.97,0,0.2581618160705031,23.0,6.829767872142368,-1.0,6.0,52.184309,21.131893,23.0
46455,2026-05-11 21:13:02.100000+00:00,52.1843703,21.1318861,87.8,0.08,-0.047,-0.078,0.969,0,0.2945208382089672,23.0,6.832462313552901,-1.0,6.0,52.184309,21.131893,23.0
46460,2026-05-11 21:13:02.600000+00:00,52.1843698,21.1318857,87.9,0.72,0.009,-0.086,0.968,0,0.445862887022061,23.0,6.778945391250379,-1.0,6.0,52.184309,21.131893,23.0
46465,2026-05-11 21:13:03.100000+00:00,52.1843681,21.1318878,87.9,2.44,0.026,-0.083,0.967,0,1.7073334417119197,23.0,6.5811756731687705,-1.0,6.0,52.184309,21.131893,23.0
46470,2026-05-11 21:13:03.600000+00:00,52.184365,21.1318919,87.9,3.83,0.03,-0.072,0.975,0,3.195321134336261,23.0,6.227367468991708,-1.0,6.0,52.184309,21.131893,23.0
46475,2026-05-11 21:13:04.100000+00:00,52.1843606,21.1318976,87.9,4.89,0.008,-0.072,0.971,0,4.498623750892848,23.0,5.746222521983246,-1.0,6.0,52.184309,21.131893,23.0
46480,2026-05-11 21:13:04.600000+00:00,52.1843553,21.131905,87.9,5.88,-0.005,-0.075,0.97,0,5.585628141593765,23.0,5.212922608096495,-1.0,6.0,52.184309,21.131893,23.0
46485,2026-05-11 21:13:05.100000+00:00,52.1843493,21.1319134,87.9,6.64,-0.011,-0.078,0.97,0,6.33058619484865,23.0,4.692021241430561,-1.0,6.0,52.184309,21.131893,23.0
46490,2026-05-11 21:13:05.600000+00:00,52.1843426,21.1319231,87.9,7.57,0.003,-0.072,0.963,0,7.172454769999063,23.0,4.26262139551895,-1.0,6.0,52.184309,21.131893,23.0
46495,2026-05-11 21:13:06.100000+00:00,52.184335,21.1319345,87.9,8.68,0.022,-0.071,0.974,0,8.266576507169624,23.0,4.0451552998464,-1.0,6.0,52.184309,21.131893,23.0
46500,2026-05-11 21:13:06.600000+00:00,52.1843261,21.1319486,87.9,10.46,0.046,-0.072,0.976,0,9.933506682796631,23.0,4.240763166981617,-1.0,6.0,52.184309,21.131893,23.0
46505,2026-05-11 21:13:07.100000+00:00,52.1843153,21.1319659,87.9,12.68,0.064,-0.066,0.954,0,12.119273370062276,23.0,5.019172566038127,-1.0,6.0,52.184309,21.131893,23.0
46510,2026-05-11 21:13:07.600000+00:00,52.1843029,21.1319869,87.8,14.86,0.053,-0.066,0.975,0,14.311352289459546,23.0,6.43758027437796,-1.0,6.0,52.184309,21.131893,23.0
46515,2026-05-11 21:13:08.100000+00:00,52.1842887,21.132011,87.7,17.08,0.069,-0.08,0.977,0,16.407067133295467,23.0,8.355473483704648,-1.0,6.0,52.184309,21.131893,23.0
46520,2026-05-11 21:13:08.600000+00:00,52.1842722,21.1320378,87.7,19.62,0.074,-0.123,0.962,0,18.64308570712242,23.0,10.686395431578326,-1.0,6.0,52.184309,21.131893,23.0
46525,2026-05-11 21:13:09.100000+00:00,52.1842533,21.132068,87.8,22.25,0.071,-0.089,0.972,0,21.18296166836704,23.0,13.442663940397445,-1.0,6.0,52.184309,21.131893,23.0
46530,2026-05-11 21:13:09.600000+00:00,52.1842326,21.1321012,87.7,24.06,0.041,-0.082,0.973,0,23.242963254003413,23.0,16.54231373319446,-1.0,6.0,52.184309,21.131893,23.0
46535,2026-05-11 21:13:10.100000+00:00,52.1842105,21.1321368,87.6,25.71,0.035,-0.117,0.959,0,24.86822158937009,23.0,19.905574483302324,-1.0,6.0,52.184309,21.131893,23.0
46540,2026-05-11 21:13:10.600000+00:00,52.1841862,21.1321732,87.5,26.77,0.031,-0.138,0.96,0,26.41472081486118,23.0,23.48140774450072,-1.0,6.0,52.184309,21.131893,23.0
46545,2026-05-11 21:13:11.100000+00:00,52.1841597,21.1322103,87.5,28.69,0.024,-0.162,0.958,0,27.960136873499174,23.0,27.268389940332035,-1.0,6.0,52.184309,21.131893,23.0
46550,2026-05-11 21:13:11.600000+00:00,52.1841314,21.1322483,87.5,30.17,0.0,-0.127,0.984,0,29.347582774254654,23.0,31.252978293456085,-1.0,6.0,52.184309,21.131893,23.0
46555,2026-05-11 21:13:12.100000+00:00,52.184102,21.1322881,87.6,31.35,0.006,-0.11,0.948,0,30.58931839128574,23.0,35.43123773506091,-1.0,6.0,52.184309,21.131893,23.0
46560,2026-05-11 21:13:12.600000+00:00,52.1840713,21.1323286,87.5,32.15,0.001,-0.111,0.96,0,31.612175455822925,23.0,39.75612247992943,-1.0,6.0,52.184309,21.131893,23.0
46565,2026-05-11 21:13:13.100000+00:00,52.1840397,21.1323696,87.5,32.59,0.0,-0.109,0.964,0,32.327821773206026,23.0,44.18685381977861,-1.0,6.0,52.184309,21.131893,23.0
46570,2026-05-11 21:13:13.600000+00:00,52.1840064,21.1324113,87.4,33.93,-0.005,-0.101,0.969,0,33.61183302239226,23.0,48.79326176813565,-1.0,6.0,52.184309,21.131893,23.0
46575,2026-05-11 21:13:14.100000+00:00,52.1839723,21.1324543,87.4,34.47,-0.004,-0.086,0.962,0,34.50867218503949,23.0,53.53598400622258,-1.0,6.0,52.184309,21.131893,23.0
46580,2026-05-11 21:13:14.600000+00:00,52.183938,21.1324994,87.4,35.61,0.005,-0.086,0.96,0,35.273174179706544,23.0,58.40390478416428,-1.0,6.0,52.184309,21.131893,23.0
46585,2026-05-11 21:13:15.100000+00:00,52.1839026,21.1325458,87.5,36.61,0.0,-0.084,0.966,0,36.35934814088899,23.0,63.42596639782589,-1.0,6.0,52.184309,21.131893,23.0
46590,2026-05-11 21:13:15.600000+00:00,52.183866,21.1325934,87.4,37.7,0.013,-0.098,0.962,0,37.47749205721996,23.0,68.60487051699133,-1.0,6.0,52.184309,21.131893,23.0
46595,2026-05-11 21:13:16.100000+00:00,52.1838284,21.1326421,87.4,38.69,-0.001,-0.091,0.968,0,38.4401818603592,23.0,73.91967739365046,-1.0,6.0,52.184309,21.131893,23.0
46600,2026-05-11 21:13:16.600000+00:00,52.1837899,21.1326924,87.5,39.8,0.008,-0.1,0.956,0,39.49323979330652,23.0,79.3853809709553,-1.0,6.0,52.184309,21.131893,23.0
46605,2026-05-11 21:13:17.100000+00:00,52.1837498,21.1327441,87.5,41.15,0.014,-0.103,0.972,0,40.92351081878166,,85.04877763137381,-1.0,6.0,52.184309,21.131893,23.0
46610,2026-05-11 21:13:17.600000+00:00,52.1837086,21.1327968,87.5,42.42,0.008,-0.099,0.967,0,41.91911920284594,,90.85084819759729,-1.0,6.0,52.184309,21.131893,23.0
46615,2026-05-11 21:13:18.100000+00:00,52.1836668,21.1328505,87.6,43.14,-0.016,-0.085,0.966,0,42.600140010672376,,96.75057251764676,-1.0,6.0,52.184309,21.131893,23.0
46620,2026-05-11 21:13:18.600000+00:00,52.183624,21.1329052,87.6,43.8,-0.009,-0.099,0.955,0,43.53296402112056,,102.78042898450263,-1.0,6.0,52.184309,21.131893,23.0
46625,2026-05-11 21:13:19.100000+00:00,52.1835804,21.1329601,87.5,44.36,-0.029,-0.094,0.964,0,44.09881813006191,,108.8873933373021,-1.0,6.0,52.184309,21.131893,23.0
46630,2026-05-11 21:13:19.600000+00:00,52.1835361,21.1330162,87.5,45.27,-0.016,-0.08,0.968,0,44.90258049400641,,115.10880128619792,-1.0,6.0,52.184309,21.131893,23.0
46635,2026-05-11 21:13:20.100000+00:00,52.1834915,21.1330734,87.6,45.78,-0.02,-0.081,0.957,0,45.42431891163607,,121.40644193178572,-1.0,6.0,52.184309,21.131893,23.0
46640,2026-05-11 21:13:20.600000+00:00,52.1834464,21.1331314,87.6,46.43,-0.025,-0.067,0.98,0,45.98178603321454,,127.78297042771204,-1.0,6.0,52.184309,21.131893,23.0
46645,2026-05-11 21:13:21.100000+00:00,52.1834003,21.1331906,87.7,47.52,-0.012,-0.085,0.956,0,46.97521960787483,,134.29799014164902,-1.0,6.0,52.184309,21.131893,23.0
46650,2026-05-11 21:13:21.600000+00:00,52.1833539,21.1332509,87.7,48.0,-0.021,-0.096,0.966,0,47.49878211001116,,140.8882961556571,-1.0,6.0,52.184309,21.131893,23.0
46655,2026-05-11 21:13:22.100000+00:00,52.1833066,21.1333124,87.7,48.83,-0.021,-0.094,0.969,0,48.4294116813548,,147.60841316681157,-1.0,6.0,52.184309,21.131893,23.0
46660,2026-05-11 21:13:22.600000+00:00,52.1832584,21.1333749,87.7,49.61,-0.014,-0.088,0.951,0,49.29888778054089,,154.4493644256004,-1.0,6.0,52.184309,21.131893,23.0
46665,2026-05-11 21:13:23.100000+00:00,52.1832094,21.1334377,87.7,50.44,-0.009,-0.086,0.988,0,49.89270219189149,,161.3715821713518,-1.0,6.0,52.184309,21.131893,23.0
46670,2026-05-11 21:13:23.600000+00:00,52.1831595,21.1335018,87.7,51.34,-0.007,-0.097,0.952,0,50.85359479159507,,168.4280707038197,-1.0,6.0,52.184309,21.131893,23.0
46675,2026-05-11 21:13:24.100000+00:00,52.1831088,21.1335669,87.7,52.05,-0.011,-0.093,0.975,0,51.66050657536785,,175.5970036292548,-1.0,6.0,52.184309,21.131893,23.0
46680,2026-05-11 21:13:24.600000+00:00,52.1830571,21.1336328,87.7,52.92,-0.008,-0.089,0.947,0,52.53283140791225,,182.8864307858151,-1.0,6.0,52.184309,21.131893,23.0
46685,2026-05-11 21:13:25.100000+00:00,52.1830046,21.1336995,87.7,53.83,-0.014,-0.087,0.969,0,53.2793901684147,,190.27949400999557,-1.0,6.0,52.184309,21.131893,23.0
46690,2026-05-11 21:13:25.600000+00:00,52.1829508,21.1337677,87.6,54.91,-0.02,-0.108,0.973,0,54.55300762488635,,197.84948103789597,-1.0,6.0,52.184309,21.131893,23.0
46695,2026-05-11 21:13:26.100000+00:00,52.1828959,21.1338364,87.7,55.67,-0.002,-0.102,0.981,0,55.4000710794301,,205.53545190784152,-1.0,6.0,52.184309,21.131893,23.0
46700,2026-05-11 21:13:26.600000+00:00,52.1828402,21.1339052,87.8,56.48,-0.001,-0.108,0.945,0,55.93922304747701,,213.2945332534768,-1.0,6.0,52.184309,21.131893,23.0
46705,2026-05-11 21:13:27.100000+00:00,52.1827838,21.1339748,87.8,57.07,-0.02,-0.099,0.974,0,56.62310624578894,,221.14903537211825,-1.0,6.0,52.184309,21.131893,23.0
46710,2026-05-11 21:13:27.600000+00:00,52.1827265,21.1340451,87.9,57.95,-0.006,-0.105,0.936,0,57.40528963835738,,229.11163935953405,-1.0,6.0,52.184309,21.131893,23.0
46715,2026-05-11 21:13:28.100000+00:00,52.1826685,21.1341155,87.9,58.01,-0.039,-0.1,0.979,0,57.88344467735163,,237.13917084200423,-1.0,6.0,52.184309,21.131893,23.0
46720,2026-05-11 21:13:28.600000+00:00,52.1826099,21.1341869,88.0,58.92,-0.024,-0.099,0.965,0,58.562000055311714,,245.2623501012763,-1.0,6.0,52.184309,21.131893,23.0
46725,2026-05-11 21:13:29.100000+00:00,52.1825505,21.1342586,88.0,59.41,-0.027,-0.101,0.97,0,59.16386711845287,,253.4678396476257,-1.0,6.0,52.184309,21.131893,23.0
46730,2026-05-11 21:13:29.600000+00:00,52.1824906,21.1343303,88.1,59.76,-0.02,-0.102,0.936,0,59.48613378184744,,261.71702053789846,-1.0,6.0,52.184309,21.131893,23.0
46735,2026-05-11 21:13:30.100000+00:00,52.1824302,21.1344029,88.0,60.11,-0.035,-0.092,0.971,0,60.07039718403589,,270.04888026938966,-1.0,6.0,52.184309,21.131893,23.0
46740,2026-05-11 21:13:30.600000+00:00,52.1823691,21.1344761,88.0,60.75,-0.047,-0.079,0.961,0,60.696379956029055,,278.46758308849087,-1.0,6.0,52.184309,21.131893,23.0
46745,2026-05-11 21:13:31.100000+00:00,52.1823088,21.1345493,88.0,60.34,-0.081,-0.066,0.968,0,60.18142117953078,,286.81797010612524,-1.0,6.0,52.184309,21.131893,23.0
46750,2026-05-11 21:13:31.600000+00:00,52.182249,21.134622,88.0,59.7,-0.089,-0.058,0.971,0,59.713799720137054,,295.10417453422,-1.0,6.0,52.184309,21.131893,23.0
46755,2026-05-11 21:13:32.100000+00:00,52.1821899,21.1346952,87.9,59.49,-0.074,-0.053,0.961,0,59.41357418647646,,303.3517845991151,-1.0,6.0,52.184309,21.131893,23.0
46760,2026-05-11 21:13:32.600000+00:00,52.1821316,21.1347685,87.9,58.99,-0.071,-0.06,0.964,0,58.93476882149088,,311.5347747082966,-1.0,6.0,52.184309,21.131893,23.0
46765,2026-05-11 21:13:33.100000+00:00,52.1820735,21.1348429,87.8,59.16,-0.043,-0.063,0.952,0,59.14000384322894,,319.7477659100917,-1.0,6.0,52.184309,21.131893,23.0
46770,2026-05-11 21:13:33.600000+00:00,52.1820159,21.1349185,87.8,59.36,-0.051,-0.068,0.987,0,59.1932381728166,,327.9690220604643,-1.0,6.0,52.184309,21.131893,23.0
46775,2026-05-11 21:13:34.100000+00:00,52.1819579,21.1349944,87.7,59.56,-0.04,-0.075,0.948,0,59.53514682098161,,336.2377288652832,-1.0,6.0,52.184309,21.131893,23.0
46780,2026-05-11 21:13:34.600000+00:00,52.1818996,21.1350708,87.7,60.12,-0.04,-0.077,0.96,0,59.8761313589445,,344.5538170668839,-1.0,6.0,52.184309,21.131893,23.0
46785,2026-05-11 21:13:35.100000+00:00,52.1818414,21.1351481,87.6,60.11,-0.055,-0.06,0.977,0,60.09178063851559,,352.8998489434972,-1.0,6.0,52.184309,21.131893,23.0
46790,2026-05-11 21:13:35.600000+00:00,52.1817831,21.1352258,87.6,60.42,-0.047,-0.085,0.985,0,60.277971392170336,,361.27168444240806,-1.0,6.0,52.184309,21.131893,23.0
46795,2026-05-11 21:13:36.100000+00:00,52.1817249,21.1353042,87.5,60.74,-0.046,-0.078,0.954,0,60.43428047367925,,369.66490844055096,-1.0,6.0,52.184309,21.131893,23.0
46800,2026-05-11 21:13:36.600000+00:00,52.1816667,21.1353831,87.5,60.53,-0.057,-0.079,0.967,0,60.59091718424037,,378.0796091340213,-1.0,6.0,52.184309,21.131893,23.0
46805,2026-05-11 21:13:37.100000+00:00,52.1816083,21.1354619,87.4,60.6,-0.057,-0.08,0.956,0,60.68286604776413,,386.5073315920311,-1.0,6.0,52.184309,21.131893,23.0
46810,2026-05-11 21:13:37.600000+00:00,52.1815503,21.1355413,87.4,60.64,-0.06,-0.063,0.975,0,60.62544646062464,,394.9262891891926,-1.0,6.0,52.184309,21.131893,23.0
46815,2026-05-11 21:13:38.100000+00:00,52.1814925,21.1356212,87.4,60.79,-0.049,-0.055,0.96,0,60.66134013176599,,403.34951545589576,-1.0,6.0,52.184309,21.131893,23.0
46820,2026-05-11 21:13:38.600000+00:00,52.1814349,21.1357014,87.4,60.54,-0.061,-0.072,0.967,0,60.63483401285053,,400.9649980102083,-1.0,6.0,52.178691,21.139517,24.0
46825,2026-05-11 21:13:39.100000+00:00,52.1813777,21.1357817,87.3,60.28,-0.067,-0.074,0.958,0,60.4236851626121,,392.57291226912594,-1.0,6.0,52.178691,21.139517,24.0
46830,2026-05-11 21:13:39.600000+00:00,52.1813207,21.1358616,87.3,59.97,-0.076,-0.066,0.968,0,60.17427847648699,,384.2154424580806,-1.0,6.0,52.178691,21.139517,24.0
46835,2026-05-11 21:13:40.100000+00:00,52.1812642,21.1359416,87.3,59.85,-0.066,-0.082,0.963,0,59.90347441492111,,375.8958662107727,-1.0,6.0,52.178691,21.139517,24.0
46840,2026-05-11 21:13:40.600000+00:00,52.1812078,21.1360212,87.3,59.52,-0.076,-0.069,0.973,0,59.714396491599366,,367.6024502121194,-1.0,6.0,52.178691,21.139517,24.0
46845,2026-05-11 21:13:41.100000+00:00,52.1811521,21.1361001,87.3,59.11,-0.082,-0.072,0.954,0,59.06588695381808,,359.3992467630817,-1.0,6.0,52.178691,21.139517,24.0
46850,2026-05-11 21:13:41.600000+00:00,52.181097,21.1361788,87.3,58.72,-0.076,-0.058,0.959,0,58.639367537406734,,351.2557063053392,-1.0,6.0,52.178691,21.139517,24.0
46855,2026-05-11 21:13:42.100000+00:00,52.1810421,21.1362566,87.3,58.03,-0.083,-0.071,0.954,0,58.22829910541561,,343.1688924153406,-1.0,6.0,52.178691,21.139517,24.0
46860,2026-05-11 21:13:42.600000+00:00,52.1809878,21.1363341,87.2,57.92,-0.087,-0.092,0.954,0,57.769496178287696,,335.14617988016465,-1.0,6.0,52.178691,21.139517,24.0
46865,2026-05-11 21:13:43.100000+00:00,52.1809338,21.1364109,87.2,57.25,-0.089,-0.087,0.963,0,57.362566825389685,,327.17982460720833,-1.0,6.0,52.178691,21.139517,24.0
46870,2026-05-11 21:13:43.600000+00:00,52.1808798,21.1364871,87.2,57.08,-0.084,-0.084,0.991,0,57.16943882085964,,319.2399709544383,-1.0,6.0,52.178691,21.139517,24.0
46875,2026-05-11 21:13:44.100000+00:00,52.1808263,21.1365634,87.2,56.82,-0.068,-0.085,0.95,0,56.89965984478714,,311.33811721523523,-1.0,6.0,52.178691,21.139517,24.0
46880,2026-05-11 21:13:44.600000+00:00,52.1807732,21.1366396,87.2,56.47,-0.074,-0.084,0.972,0,56.6265729749155,,303.4746452569427,-1.0,6.0,52.178691,21.139517,24.0
46885,2026-05-11 21:13:45.100000+00:00,52.1807203,21.1367156,87.1,56.46,-0.074,-0.097,0.954,0,56.4415438007595,,295.6370245532887,-1.0,6.0,52.178691,21.139517,24.0
46890,2026-05-11 21:13:45.600000+00:00,52.1806672,21.1367909,87.2,56.57,-0.07,-0.101,0.969,0,56.33574595812328,,287.81332099994177,-1.0,6.0,52.178691,21.139517,24.0
46895,2026-05-11 21:13:46.100000+00:00,52.1806144,21.1368661,87.2,56.25,-0.063,-0.082,0.96,0,56.12244748409464,,280.01953169327635,-1.0,6.0,52.178691,21.139517,24.0
46900,2026-05-11 21:13:46.600000+00:00,52.1805617,21.1369408,87.2,55.72,-0.063,-0.091,0.964,0,55.90087451082535,,272.2562856828605,-1.0,6.0,52.178691,21.139517,24.0
46905,2026-05-11 21:13:47.100000+00:00,52.1805094,21.1370154,87.1,55.63,-0.072,-0.088,0.942,0,55.62726266041883,,264.5314727549676,-1.0,6.0,52.178691,21.139517,24.0
46910,2026-05-11 21:13:47.600000+00:00,52.1804573,21.1370904,87.0,55.7,-0.064,-0.072,0.959,0,55.63661731991369,,256.8061620498916,-1.0,6.0,52.178691,21.139517,24.0
46915,2026-05-11 21:13:48.100000+00:00,52.1804054,21.1371648,87.0,55.37,-0.062,-0.086,0.956,0,55.32179995703351,,249.1243253914037,-1.0,6.0,52.178691,21.139517,24.0
46920,2026-05-11 21:13:48.600000+00:00,52.1803534,21.1372391,86.9,55.48,-0.073,-0.084,0.968,0,55.34962250308602,,241.43846892378687,-1.0,6.0,52.178691,21.139517,24.0
46925,2026-05-11 21:13:49.100000+00:00,52.1803015,21.1373135,86.9,55.34,-0.062,-0.09,0.966,0,55.32185629456539,,233.7568492212905,-1.0,6.0,52.178691,21.139517,24.0
46930,2026-05-11 21:13:49.600000+00:00,52.1802497,21.1373873,86.8,55.13,-0.05,-0.084,0.947,0,55.067546957430224,,226.1101548972401,-1.0,6.0,52.178691,21.139517,24.0
46935,2026-05-11 21:13:50.100000+00:00,52.1801979,21.1374612,86.8,55.18,-0.061,-0.072,0.956,0,55.09988477566845,,218.45919232831352,-1.0,6.0,52.178691,21.139517,24.0
46940,2026-05-11 21:13:50.600000+00:00,52.1801464,21.1375355,86.8,55.14,-0.067,-0.079,1.008,0,55.0492790555599,,210.81648109240237,-1.0,6.0,52.178691,21.139517,24.0
46945,2026-05-11 21:13:51.100000+00:00,52.1800949,21.1376096,86.8,54.91,-0.063,-0.09,0.949,0,54.98430139337472,,203.18272210510665,-1.0,6.0,52.178691,21.139517,24.0
46950,2026-05-11 21:13:51.600000+00:00,52.1800437,21.1376839,86.8,54.95,-0.067,-0.09,0.959,0,54.86967393736519,,195.5661283290835,-1.0,6.0,52.178691,21.139517,24.0
46955,2026-05-11 21:13:52.100000+00:00,52.1799924,21.1377575,86.7,54.77,-0.059,-0.091,0.976,0,54.7019514944052,,187.9717677661899,-1.0,6.0,52.178691,21.139517,24.0
46960,2026-05-11 21:13:52.600000+00:00,52.1799411,21.1378307,86.8,54.52,-0.053,-0.089,0.958,0,54.57247509190977,,180.3950497195224,-1.0,6.0,52.178691,21.139517,24.0
46965,2026-05-11 21:13:53.100000+00:00,52.1798899,21.1379039,86.8,54.5,-0.069,-0.081,0.969,0,54.51227488171428,,172.8271500089012,-1.0,6.0,52.178691,21.139517,24.0
46970,2026-05-11 21:13:53.600000+00:00,52.179839,21.1379765,86.9,54.3,-0.047,-0.073,0.962,0,54.13756168786407,,165.31129720915396,-1.0,6.0,52.178691,21.139517,24.0
46975,2026-05-11 21:13:54.100000+00:00,52.1797884,21.1380496,86.9,54.09,-0.046,-0.063,0.967,0,54.1194787860784,,157.79992339698347,-1.0,6.0,52.178691,21.139517,24.0
46980,2026-05-11 21:13:54.600000+00:00,52.179738,21.1381232,86.9,54.31,-0.06,-0.077,0.957,0,54.16318720293141,,150.28473199319114,-1.0,6.0,52.178691,21.139517,24.0
46985,2026-05-11 21:13:55.100000+00:00,52.1796879,21.1381968,86.9,54.33,-0.056,-0.075,0.964,0,53.98452255515882,,142.79621841431225,-1.0,6.0,52.178691,21.139517,24.0
46990,2026-05-11 21:13:55.600000+00:00,52.1796384,21.1382702,86.9,53.73,-0.065,-0.074,0.956,0,53.56250557372536,,135.36921576099917,-1.0,6.0,52.178691,21.139517,24.0
46995,2026-05-11 21:13:56.100000+00:00,52.1795892,21.1383438,86.9,53.56,-0.08,-0.07,0.977,0,53.4513926109809,,127.96113938189552,-1.0,6.0,52.178691,21.139517,24.0
47000,2026-05-11 21:13:56.600000+00:00,52.1795404,21.1384174,87.0,53.47,-0.064,-0.071,0.961,0,53.21586591311023,,120.5898280129734,-1.0,6.0,52.178691,21.139517,24.0
47005,2026-05-11 21:13:57.100000+00:00,52.179492,21.1384918,87.0,53.44,-0.061,-0.065,0.975,0,53.24983909367656,,113.2223828304354,-1.0,6.0,52.178691,21.139517,24.0
47010,2026-05-11 21:13:57.600000+00:00,52.1794437,21.1385665,87.1,53.4,-0.047,-0.063,0.968,0,53.29287249988165,,105.85515670797427,-1.0,6.0,52.178691,21.139517,24.0
47015,2026-05-11 21:13:58.100000+00:00,52.1793959,21.1386422,87.1,53.57,-0.047,-0.075,0.954,0,53.34399610072696,,98.49602337126076,-1.0,6.0,52.178691,21.139517,24.0
47020,2026-05-11 21:13:58.600000+00:00,52.179348,21.1387175,87.2,53.37,-0.042,-0.108,0.956,0,53.26501850577479,,91.15234447652684,-1.0,6.0,52.178691,21.139517,24.0
47025,2026-05-11 21:13:59.100000+00:00,52.1792994,21.1387921,87.2,53.45,-0.056,-0.1,0.963,0,53.4338248099211,,83.78346915462497,-1.0,6.0,52.178691,21.139517,24.0
47030,2026-05-11 21:13:59.600000+00:00,52.179251,21.1388667,87.3,53.38,-0.058,-0.106,0.959,0,53.31736883887391,24.0,76.44286477701955,-1.0,6.0,52.178691,21.139517,24.0
47035,2026-05-11 21:14:00.100000+00:00,52.1792024,21.1389404,87.3,53.12,-0.073,-0.108,0.96,0,53.13202662442967,24.0,69.13261591400428,-1.0,6.0,52.178691,21.139517,24.0
47040,2026-05-11 21:14:00.600000+00:00,52.1791536,21.1390131,87.4,52.82,-0.068,-0.11,0.964,0,52.91708235578534,24.0,61.85814600991148,-1.0,6.0,52.178691,21.139517,24.0
47045,2026-05-11 21:14:01.100000+00:00,52.1791048,21.1390846,87.4,52.44,-0.062,-0.108,0.957,0,52.521579677283626,24.0,54.647898041077056,-1.0,6.0,52.178691,21.139517,24.0
47050,2026-05-11 21:14:01.600000+00:00,52.1790559,21.139156,87.5,52.74,-0.065,-0.115,0.965,0,52.54842775694176,24.0,47.45748148331458,-1.0,6.0,52.178691,21.139517,24.0
47055,2026-05-11 21:14:02.100000+00:00,52.1790068,21.1392263,87.5,52.52,-0.06,-0.103,0.955,0,52.31000647079657,24.0,40.32332644747433,-1.0,6.0,52.178691,21.139517,24.0
47060,2026-05-11 21:14:02.600000+00:00,52.1789578,21.1392964,87.6,52.28,-0.059,-0.101,0.965,0,52.18509338865575,24.0,33.2620949234211,-1.0,6.0,52.178691,21.139517,24.0
47065,2026-05-11 21:14:03.100000+00:00,52.1789085,21.1393657,87.6,52.25,-0.061,-0.095,0.961,0,52.108648001242905,24.0,26.293270484946312,-1.0,6.0,52.178691,21.139517,24.0
47070,2026-05-11 21:14:03.600000+00:00,52.1788595,21.1394349,87.6,51.85,-0.05,-0.075,0.966,0,51.894832774832125,24.0,19.554739235026783,-1.0,6.0,52.178691,21.139517,24.0
47075,2026-05-11 21:14:04.100000+00:00,52.1788105,21.1395049,87.6,52.14,-0.045,-0.089,0.969,0,52.15280669921631,24.0,13.313382197792448,-1.0,6.0,52.178691,21.139517,24.0
47080,2026-05-11 21:14:04.600000+00:00,52.1787615,21.1395751,87.7,52.21,-0.031,-0.062,0.959,0,52.2175815578187,24.0,8.783363945726485,-1.0,6.0,52.178691,21.139517,24.0
47085,2026-05-11 21:14:05.100000+00:00,52.1787125,21.139646,87.7,52.66,-0.035,-0.083,0.951,0,52.44504977560961,24.0,9.114944530036013,-1.0,6.0,52.178691,21.139517,24.0
47090,2026-05-11 21:14:05.600000+00:00,52.1786636,21.1397173,87.7,52.61,-0.036,-0.078,0.973,0,52.51589928887038,24.0,13.993137203980504,-1.0,6.0,52.178691,21.139517,24.0
47095,2026-05-11 21:14:06.100000+00:00,52.1786142,21.1397887,87.7,52.91,-0.036,-0.099,0.949,0,52.84756498581709,24.0,20.39936721132769,-1.0,6.0,52.178691,21.139517,24.0
47100,2026-05-11 21:14:06.600000+00:00,52.1785647,21.1398599,87.8,53.0,-0.057,-0.108,0.971,0,52.84253293308816,24.0,27.274248038792656,-1.0,6.0,52.178691,21.139517,24.0
47105,2026-05-11 21:14:07.100000+00:00,52.1785149,21.1399306,87.8,53.08,-0.054,-0.086,1.0,0,52.86142639695453,24.0,34.332864722092616,-1.0,6.0,52.178691,21.139517,24.0
47110,2026-05-11 21:14:07.600000+00:00,52.1784649,21.1400015,87.9,53.05,-0.05,-0.082,0.959,0,53.04669956134669,24.0,41.51423363505827,-1.0,6.0,52.178691,21.139517,24.0
47115,2026-05-11 21:14:08.100000+00:00,52.1784152,21.1400729,88.0,53.4,-0.028,-0.056,0.934,0,53.02765342038999,24.0,48.75671498691048,-1.0,6.0,52.178691,21.139517,24.0
47120,2026-05-11 21:14:08.600000+00:00,52.1783658,21.1401449,88.0,53.23,-0.06,-0.071,0.959,0,53.04352823504257,24.0,56.04084486742439,-1.0,6.0,52.178691,21.139517,24.0
47125,2026-05-11 21:14:09.100000+00:00,52.1783163,21.1402173,88.1,53.33,-0.033,-0.094,0.961,0,53.23418966578088,24.0,63.372047099734665,-1.0,6.0,52.178691,21.139517,24.0
47130,2026-05-11 21:14:09.600000+00:00,52.1782661,21.1402895,88.1,53.53,-0.029,-0.082,0.968,0,53.58772779970611,24.0,70.75804606168371,-1.0,6.0,52.178691,21.139517,24.0
47135,2026-05-11 21:14:10.100000+00:00,52.1782157,21.1403616,88.1,53.38,-0.039,-0.08,0.97,0,53.67556016156349,24.0,78.16482687709343,-1.0,6.0,52.178691,21.139517,24.0
47140,2026-05-11 21:14:10.600000+00:00,52.1781653,21.1404337,88.2,53.91,-0.033,-0.094,0.947,0,53.67558661378004,,85.5799759807039,-1.0,6.0,52.178691,21.139517,24.0
47145,2026-05-11 21:14:11.100000+00:00,52.1781145,21.1405056,88.2,53.9,-0.038,-0.08,0.976,0,53.85235745570835,,93.02225237324916,-1.0,6.0,52.178691,21.139517,24.0
47150,2026-05-11 21:14:11.600000+00:00,52.178064,21.1405788,88.2,54.02,-0.036,-0.076,0.961,0,54.09310306540568,,100.51073466720062,-1.0,6.0,52.178691,21.139517,24.0
47155,2026-05-11 21:14:12.100000+00:00,52.1780133,21.1406518,88.3,53.88,-0.051,-0.079,0.972,0,54.14787586909917,,108.00836111003778,-1.0,6.0,52.178691,21.139517,24.0
47160,2026-05-11 21:14:12.600000+00:00,52.1779624,21.1407251,88.3,54.15,-0.038,-0.058,0.947,0,54.36541380474204,,115.53914934895036,-1.0,6.0,52.178691,21.139517,24.0
47165,2026-05-11 21:14:13.100000+00:00,52.1779125,21.1407994,88.4,54.08,-0.057,-0.059,0.998,0,54.09774960643837,,123.04254877902264,-1.0,6.0,52.178691,21.139517,24.0
47170,2026-05-11 21:14:13.600000+00:00,52.1778627,21.1408734,88.5,53.85,-0.039,-0.048,0.923,0,53.93937346096224,,130.52478235578042,-1.0,6.0,52.178691,21.139517,24.0
47175,2026-05-11 21:14:14.100000+00:00,52.1778134,21.1409483,88.5,53.75,-0.078,-0.035,1.008,0,53.94440174643398,,138.01209271108738,-1.0,6.0,52.178691,21.139517,24.0
47180,2026-05-11 21:14:14.600000+00:00,52.1777649,21.1410241,88.6,53.71,-0.048,-0.035,0.942,0,53.78235955043984,,145.4802597829794,-1.0,6.0,52.178691,21.139517,24.0
47185,2026-05-11 21:14:15.100000+00:00,52.177718,21.1411016,88.5,53.57,-0.078,-0.018,0.988,0,53.45578745164418,,152.90446713433448,-1.0,6.0,52.178691,21.139517,24.0
47190,2026-05-11 21:14:15.600000+00:00,52.1776716,21.1411799,88.5,53.34,-0.06,-0.025,0.936,0,53.457126702763766,,160.3279480766609,-1.0,6.0,52.178691,21.139517,24.0
47195,2026-05-11 21:14:16.100000+00:00,52.1776269,21.1412596,88.5,53.01,-0.071,-0.028,0.992,0,53.02561271565193,,167.68566695435078,-1.0,6.0,52.178691,21.139517,24.0
47200,2026-05-11 21:14:16.600000+00:00,52.1775837,21.1413399,88.5,52.59,-0.084,-0.035,0.959,0,52.44373795719005,,174.95559434682943,-1.0,6.0,52.178691,21.139517,24.0
47205,2026-05-11 21:14:17.100000+00:00,52.1775418,21.1414208,88.5,51.94,-0.071,-0.027,0.967,0,51.98798442906841,,182.1543363634444,-1.0,6.0,52.178691,21.139517,24.0
47210,2026-05-11 21:14:17.600000+00:00,52.177501,21.141503,88.5,51.69,-0.059,-0.023,0.939,0,51.91868125875194,,189.3325976825399,-1.0,6.0,52.178691,21.139517,24.0
47215,2026-05-11 21:14:18.100000+00:00,52.1774617,21.1415869,88.4,51.7,-0.067,-0.014,0.98,0,51.83241153044323,,196.48037783477992,-1.0,6.0,52.178691,21.139517,24.0
47220,2026-05-11 21:14:18.600000+00:00,52.1774234,21.1416722,88.4,52.06,-0.06,-0.03,0.962,0,51.90334531607896,,203.6236344022816,-1.0,6.0,52.178691,21.139517,24.0
47225,2026-05-11 21:14:19.100000+00:00,52.1773863,21.1417587,88.3,51.93,-0.055,-0.026,0.953,0,51.82331276802877,,210.73878879471064,-1.0,6.0,52.178691,21.139517,24.0
47230,2026-05-11 21:14:19.600000+00:00,52.1773507,21.1418467,88.3,51.63,-0.064,-0.036,0.97,0,51.757610706652734,,217.81975050724483,-1.0,6.0,52.178691,21.139517,24.0
47235,2026-05-11 21:14:20.100000+00:00,52.177315,21.1419347,88.3,52.0,-0.067,-0.053,0.983,0,51.80176971017052,,224.91510522732491,-1.0,6.0,52.178691,21.139517,24.0
47240,2026-05-11 21:14:20.600000+00:00,52.1772797,21.1420237,88.2,52.33,-0.046,-0.058,0.947,0,52.03734108582974,,232.03671206836265,-1.0,6.0,52.178691,21.139517,24.0
47245,2026-05-11 21:14:21.100000+00:00,52.1772452,21.1421141,88.3,52.73,-0.063,-0.048,0.989,0,52.27459269108268,,239.1755180236905,-1.0,6.0,52.178691,21.139517,24.0
47250,2026-05-11 21:14:21.600000+00:00,52.1772102,21.1422042,88.3,52.59,-0.046,-0.032,0.966,0,52.36275366834396,,246.3433730989964,-1.0,6.0,52.178691,21.139517,24.0
47255,2026-05-11 21:14:22.100000+00:00,52.1771756,21.1422955,88.3,52.93,-0.058,-0.024,0.98,0,52.692350368540296,,253.5487610931592,-1.0,6.0,52.178691,21.139517,24.0
47260,2026-05-11 21:14:22.600000+00:00,52.1771413,21.1423868,88.3,52.71,-0.052,-0.008,0.994,0,52.566511522119725,,260.7383968608488,-1.0,6.0,52.178691,21.139517,24.0
47265,2026-05-11 21:14:23.100000+00:00,52.1771076,21.1424795,88.4,52.91,-0.035,-0.002,0.982,0,52.907269058825975,,267.96215295733924,-1.0,6.0,52.178691,21.139517,24.0
47270,2026-05-11 21:14:23.600000+00:00,52.1770743,21.1425731,88.5,53.28,-0.042,-0.007,0.963,0,53.12643325684404,,275.2099046690431,-1.0,6.0,52.178691,21.139517,24.0
47275,2026-05-11 21:14:24.100000+00:00,52.1770416,21.1426671,88.5,53.38,-0.047,-0.021,0.965,0,53.05775850308613,,282.44184704965943,-1.0,6.0,52.178691,21.139517,24.0
47280,2026-05-11 21:14:24.600000+00:00,52.1770086,21.1427608,88.6,53.41,-0.044,-0.026,0.966,0,53.04893837419966,,289.6866281162457,-1.0,6.0,52.178691,21.139517,24.0
47285,2026-05-11 21:14:25.100000+00:00,52.1769757,21.1428553,88.7,53.78,-0.032,-0.027,0.97,0,53.3503394775063,,296.9721366103032,-1.0,6.0,52.178691,21.139517,24.0
47290,2026-05-11 21:14:25.600000+00:00,52.1769424,21.1429494,88.8,53.31,-0.046,-0.019,0.953,0,53.339021982817385,,304.27108818509083,-1.0,6.0,52.178691,21.139517,24.0
47295,2026-05-11 21:14:26.100000+00:00,52.1769089,21.1430431,88.9,53.28,-0.048,-0.031,0.953,0,53.24952058112487,,311.56829413372884,-1.0,6.0,52.178691,21.139517,24.0
47300,2026-05-11 21:14:26.600000+00:00,52.1768753,21.1431369,88.9,53.27,-0.071,-0.024,0.987,0,53.33230611225424,,318.882362086906,-1.0,6.0,52.178691,21.139517,24.0
47305,2026-05-11 21:14:27.100000+00:00,52.1768417,21.1432301,89.0,52.93,-0.047,-0.014,0.942,0,53.07818941996358,,319.9202186236366,-1.0,6.0,52.175335,21.147227,25.0
47310,2026-05-11 21:14:27.600000+00:00,52.1768083,21.1433244,89.0,53.66,-0.062,-0.023,0.973,0,53.46420770305063,,312.4974816671018,-1.0,6.0,52.175335,21.147227,25.0
47315,2026-05-11 21:14:28.100000+00:00,52.176775,21.1434189,89.0,53.69,-0.052,-0.018,0.99,0,53.50935343430957,,305.06910676059124,-1.0,6.0,52.175335,21.147227,25.0
47320,2026-05-11 21:14:28.600000+00:00,52.1767415,21.1435132,89.0,53.64,-0.042,-0.017,0.956,0,53.50435496507958,,297.64081898072766,-1.0,6.0,52.175335,21.147227,25.0
47325,2026-05-11 21:14:29.100000+00:00,52.1767084,21.1436074,89.0,53.63,-0.044,-0.013,0.972,0,53.301973515931934,,290.24187289970496,-1.0,6.0,52.175335,21.147227,25.0
47330,2026-05-11 21:14:29.600000+00:00,52.1766754,21.1437019,89.1,53.63,-0.06,-0.025,0.988,0,53.390183995070814,,282.8316109979704,-1.0,6.0,52.175335,21.147227,25.0
47335,2026-05-11 21:14:30.100000+00:00,52.1766422,21.143796,89.1,53.46,-0.039,-0.027,0.947,0,53.29932135293705,,275.43304729101027,-1.0,6.0,52.175335,21.147227,25.0
47340,2026-05-11 21:14:30.600000+00:00,52.1766092,21.1438896,89.1,53.14,-0.075,-0.023,0.978,0,53.00672856983562,,268.0754042011249,-1.0,6.0,52.175335,21.147227,25.0
47345,2026-05-11 21:14:31.100000+00:00,52.1765762,21.1439827,89.1,53.02,-0.055,-0.02,0.964,0,52.79408792767288,,260.7469321927616,-1.0,6.0,52.175335,21.147227,25.0
47350,2026-05-11 21:14:31.600000+00:00,52.1765436,21.1440759,89.2,52.69,-0.075,-0.017,0.966,0,52.67722807542546,,253.43649021640687,-1.0,6.0,52.175335,21.147227,25.0
47355,2026-05-11 21:14:32.100000+00:00,52.1765112,21.1441688,89.2,52.49,-0.066,-0.005,0.979,0,52.470027591442346,,246.15553756684304,-1.0,6.0,52.175335,21.147227,25.0
47360,2026-05-11 21:14:32.600000+00:00,52.1764793,21.1442616,89.2,52.42,-0.056,-0.005,0.972,0,52.230486259434535,,238.91035785892103,-1.0,6.0,52.175335,21.147227,25.0
47365,2026-05-11 21:14:33.100000+00:00,52.176447,21.1443535,89.3,52.22,-0.051,-0.029,0.965,0,52.0040295599163,,231.69389509864837,-1.0,6.0,52.175335,21.147227,25.0
47370,2026-05-11 21:14:33.600000+00:00,52.1764156,21.1444456,89.3,51.89,-0.062,-0.034,0.949,0,51.73534197452437,,224.51985230747223,-1.0,6.0,52.175335,21.147227,25.0
47375,2026-05-11 21:14:34.100000+00:00,52.1763835,21.1445369,89.4,51.78,-0.071,-0.008,0.999,0,51.66889191343148,,217.3508287936933,-1.0,6.0,52.175335,21.147227,25.0
47380,2026-05-11 21:14:34.600000+00:00,52.1763517,21.144628,89.4,51.51,-0.055,-0.017,0.952,0,51.46452067423092,,210.21173045706752,-1.0,6.0,52.175335,21.147227,25.0
47385,2026-05-11 21:14:35.100000+00:00,52.1763202,21.1447192,89.4,51.36,-0.065,-0.037,0.967,0,51.38892803760999,,203.08549420383693,-1.0,6.0,52.175335,21.147227,25.0
47390,2026-05-11 21:14:35.600000+00:00,52.1762884,21.1448094,89.4,50.99,-0.064,-0.045,0.966,0,51.08103629631718,,195.9993641006345,-1.0,6.0,52.175335,21.147227,25.0
47395,2026-05-11 21:14:36.100000+00:00,52.1762566,21.1448988,89.5,51.04,-0.066,-0.038,0.956,0,50.74093572974749,,188.9596958123416,-1.0,6.0,52.175335,21.147227,25.0
47400,2026-05-11 21:14:36.600000+00:00,52.1762251,21.1449879,89.5,50.32,-0.066,-0.019,0.988,0,50.49322418997532,,181.95592904428256,-1.0,6.0,52.175335,21.147227,25.0
47405,2026-05-11 21:14:37.100000+00:00,52.1761933,21.1450765,89.6,50.38,-0.053,-0.032,0.955,0,50.40162656090446,,174.9632681923406,-1.0,6.0,52.175335,21.147227,25.0
47410,2026-05-11 21:14:37.600000+00:00,52.1761622,21.1451659,89.5,50.64,-0.07,-0.022,0.971,0,50.46215449841858,,167.96818511507115,-1.0,6.0,52.175335,21.147227,25.0
47415,2026-05-11 21:14:38.100000+00:00,52.176131,21.1452541,89.5,50.09,-0.066,-0.016,0.982,0,49.990542948877966,,161.03651602000542,-1.0,6.0,52.175335,21.147227,25.0
47420,2026-05-11 21:14:38.600000+00:00,52.1760997,21.145342,89.6,50.21,-0.047,-0.018,0.965,0,49.90319492724066,,154.11680114664287,-1.0,6.0,52.175335,21.147227,25.0
47425,2026-05-11 21:14:39.100000+00:00,52.1760684,21.1454301,89.7,50.02,-0.044,-0.029,0.962,0,49.98815997221112,,147.1867916834716,-1.0,6.0,52.175335,21.147227,25.0
47430,2026-05-11 21:14:39.600000+00:00,52.1760371,21.1455184,89.8,50.35,-0.042,-0.021,0.975,0,50.07317363577382,,140.24671462993874,-1.0,6.0,52.175335,21.147227,25.0
47435,2026-05-11 21:14:40.100000+00:00,52.1760059,21.145607,89.8,50.35,-0.045,-0.028,0.959,0,50.16085542378091,,133.29741745310866,-1.0,6.0,52.175335,21.147227,25.0
47440,2026-05-11 21:14:40.600000+00:00,52.1759745,21.145695,89.9,50.31,-0.054,-0.033,0.974,0,49.98597937391625,,126.37134487679306,-1.0,6.0,52.175335,21.147227,25.0
47445,2026-05-11 21:14:41.100000+00:00,52.175943,21.1457833,89.9,50.39,-0.054,-0.023,0.974,0,50.15357607506213,,119.4240184528149,-1.0,6.0,52.175335,21.147227,25.0
47450,2026-05-11 21:14:41.600000+00:00,52.1759104,21.1458703,90.0,50.27,-0.047,-0.015,0.96,0,50.05643941746982,,112.48220503383014,-1.0,6.0,52.175335,21.147227,25.0
47455,2026-05-11 21:14:42.100000+00:00,52.1758793,21.1459586,90.0,50.21,-0.054,-0.011,0.961,0,49.99336761990051,,105.56459614876869,-1.0,6.0,52.175335,21.147227,25.0
47460,2026-05-11 21:14:42.600000+00:00,52.1758481,21.1460471,90.1,50.17,-0.064,-0.025,0.993,0,50.11841935913395,,98.63306917218895,-1.0,6.0,52.175335,21.147227,25.0
47465,2026-05-11 21:14:43.100000+00:00,52.1758167,21.1461355,90.1,50.46,-0.044,-0.019,0.929,0,50.15595120678111,,91.69853022259942,-1.0,6.0,52.175335,21.147227,25.0
47470,2026-05-11 21:14:43.600000+00:00,52.1757859,21.1462241,90.1,50.24,-0.075,-0.003,1.006,0,50.00234190414152,,84.79759079175061,-1.0,6.0,52.175335,21.147227,25.0
47475,2026-05-11 21:14:44.100000+00:00,52.1757544,21.1463125,90.1,50.32,-0.033,-0.03,0.946,0,50.196179029331006,25.0,77.86871359232724,-1.0,6.0,52.175335,21.147227,25.0
47480,2026-05-11 21:14:44.600000+00:00,52.1757236,21.1464004,90.2,49.71,-0.065,-0.024,0.998,0,49.70370596825882,25.0,71.02262531423985,-1.0,6.0,52.175335,21.147227,25.0
47485,2026-05-11 21:14:45.100000+00:00,52.1756922,21.146488,90.3,50.05,-0.026,-0.04,0.908,0,49.816571564773696,25.0,64.16352355992245,-1.0,6.0,52.175335,21.147227,25.0
47490,2026-05-11 21:14:45.600000+00:00,52.1756608,21.146576,90.3,50.06,-0.067,-0.001,1.008,0,49.98624272747236,25.0,57.29767746126284,-1.0,6.0,52.175335,21.147227,25.0
47495,2026-05-11 21:14:46.100000+00:00,52.1756294,21.1466637,90.4,49.92,-0.031,-0.021,0.975,0,49.85901686063042,25.0,50.46839049330343,-1.0,6.0,52.175335,21.147227,25.0
47500,2026-05-11 21:14:46.600000+00:00,52.1755981,21.1467521,90.4,50.4,-0.043,-0.033,0.943,0,50.11605633793947,25.0,43.64123151833481,-1.0,6.0,52.175335,21.147227,25.0
47505,2026-05-11 21:14:47.100000+00:00,52.1755668,21.1468406,90.5,50.4,-0.053,-0.023,0.997,0,50.1586071399089,25.0,36.85912597678936,-1.0,6.0,52.175335,21.147227,25.0
47510,2026-05-11 21:14:47.600000+00:00,52.1755353,21.1469295,90.6,50.79,-0.029,-0.025,0.933,0,50.40876674442545,25.0,30.12637048396719,-1.0,6.0,52.175335,21.147227,25.0
47515,2026-05-11 21:14:48.100000+00:00,52.1755035,21.1470184,90.7,50.98,-0.065,-0.011,1.0,0,50.52938173814493,25.0,23.52411988668753,-1.0,6.0,52.175335,21.147227,25.0
47520,2026-05-11 21:14:48.600000+00:00,52.1754714,21.1471081,90.8,51.18,-0.034,-0.029,0.956,0,50.9896986711766,25.0,17.19806800986167,-1.0,6.0,52.175335,21.147227,25.0
47525,2026-05-11 21:14:49.100000+00:00,52.175439,21.147198,90.8,51.14,-0.044,-0.03,0.971,0,51.19583303738656,25.0,11.732132323594488,-1.0,6.0,52.175335,21.147227,25.0
47530,2026-05-11 21:14:49.600000+00:00,52.175407,21.147289,90.8,51.48,-0.042,-0.015,0.967,0,51.50214640368578,25.0,9.053765613542568,-1.0,6.0,52.175335,21.147227,25.0
47535,2026-05-11 21:14:50.100000+00:00,52.1753754,21.1473802,90.8,51.69,-0.049,-0.012,0.978,0,51.429092759365446,25.0,11.37163369163843,-1.0,6.0,52.175335,21.147227,25.0
47540,2026-05-11 21:14:50.600000+00:00,52.1753435,21.1474713,90.8,51.78,-0.049,-0.028,0.956,0,51.50505334612608,25.0,16.685599199657933,-1.0,6.0,52.175335,21.147227,25.0
47545,2026-05-11 21:14:51.100000+00:00,52.1753104,21.1475624,90.7,51.87,-0.053,-0.024,0.972,0,51.98816004227284,25.0,23.03392054272182,-1.0,6.0,52.175335,21.147227,25.0
47550,2026-05-11 21:14:51.600000+00:00,52.1752786,21.1476535,90.7,51.71,-0.04,-0.021,0.96,0,51.46545840622204,25.0,29.75153226472108,-1.0,6.0,52.175335,21.147227,25.0
47555,2026-05-11 21:14:52.100000+00:00,52.1752467,21.1477443,90.8,51.47,-0.043,-0.015,0.967,0,51.37728213012883,25.0,36.61568178356824,-1.0,6.0,52.175335,21.147227,25.0
47560,2026-05-11 21:14:52.600000+00:00,52.175215,21.1478348,91.0,51.32,-0.048,-0.028,0.951,0,51.16995346199025,25.0,43.54090517298722,-1.0,6.0,52.175335,21.147227,25.0
47565,2026-05-11 21:14:53.100000+00:00,52.1751832,21.1479262,91.0,51.66,-0.068,-0.017,0.974,0,51.59359964236928,25.0,50.57819753270329,-1.0,6.0,52.175335,21.147227,25.0
47570,2026-05-11 21:14:53.600000+00:00,52.1751512,21.1480175,90.9,51.83,-0.054,-0.026,0.99,0,51.63019592943942,25.0,57.64866379532038,-1.0,6.0,52.175335,21.147227,25.0
47575,2026-05-11 21:14:54.100000+00:00,52.1751196,21.1481088,91.0,51.58,-0.041,-0.03,0.934,0,51.47206845739623,25.0,64.72475077691297,-1.0,6.0,52.175335,21.147227,25.0
47580,2026-05-11 21:14:54.600000+00:00,52.1750875,21.1482002,91.0,51.84,-0.047,-0.022,0.972,0,51.71262410569276,25.0,71.84284699427808,-1.0,6.0,52.175335,21.147227,25.0
47585,2026-05-11 21:14:55.100000+00:00,52.1750551,21.1482919,91.0,52.13,-0.046,-0.028,0.968,0,51.96000481847792,25.0,79.0045180992161,-1.0,6.0,52.175335,21.147227,25.0
47590,2026-05-11 21:14:55.600000+00:00,52.1750223,21.1483837,91.1,52.42,-0.054,-0.016,0.974,0,52.16305951743088,,86.19954382147476,-1.0,6.0,52.175335,21.147227,25.0
47595,2026-05-11 21:14:56.100000+00:00,52.1749897,21.148476,91.1,52.5,-0.04,-0.018,0.97,0,52.29524695419122,,93.42421712184834,-1.0,6.0,52.175335,21.147227,25.0
47600,2026-05-11 21:14:56.600000+00:00,52.1749564,21.148568,91.1,52.5,-0.055,-0.037,0.937,0,52.45031760697732,,100.66838256372743,-1.0,6.0,52.175335,21.147227,25.0
47605,2026-05-11 21:14:57.100000+00:00,52.1749241,21.1486605,91.2,52.55,-0.072,-0.029,0.996,0,52.26115824483873,,107.90176003921404,-1.0,6.0,52.175335,21.147227,25.0
47610,2026-05-11 21:14:57.600000+00:00,52.1748915,21.1487525,91.2,52.3,-0.048,-0.028,0.946,0,52.16774908884358,,115.12177670283111,-1.0,6.0,52.175335,21.147227,25.0
47615,2026-05-11 21:14:58.100000+00:00,52.1748584,21.1488443,91.2,52.21,-0.062,-0.026,0.999,0,52.28452572567639,,122.35658957504492,-1.0,6.0,52.175335,21.147227,25.0
47620,2026-05-11 21:14:58.600000+00:00,52.1748253,21.1489365,91.2,52.51,-0.046,-0.038,0.945,0,52.45394437965625,,129.6189494158584,-1.0,6.0,52.175335,21.147227,25.0
47625,2026-05-11 21:14:59.100000+00:00,52.1747926,21.1490285,91.2,52.38,-0.067,-0.022,0.987,0,52.20793636813909,,136.85190015383807,-1.0,6.0,52.175335,21.147227,25.0
47630,2026-05-11 21:14:59.600000+00:00,52.1747598,21.1491196,91.3,52.07,-0.071,-0.017,0.976,0,51.866621509213694,,144.0366243104645,-1.0,6.0,52.175335,21.147227,25.0
47635,2026-05-11 21:15:00.100000+00:00,52.1747272,21.1492109,91.4,51.94,-0.063,-0.017,0.959,0,51.87060100120898,,151.2254174241538,-1.0,6.0,52.175335,21.147227,25.0
47640,2026-05-11 21:15:00.600000+00:00,52.1746947,21.149302,91.4,51.7,-0.058,-0.012,0.971,0,51.74549036415862,,158.39843855390146,-1.0,6.0,52.175335,21.147227,25.0
47645,2026-05-11 21:15:01.100000+00:00,52.1746621,21.1493926,91.5,51.6,-0.065,-0.029,0.965,0,51.57394115817783,,165.54727558650444,-1.0,6.0,52.175335,21.147227,25.0
47650,2026-05-11 21:15:01.600000+00:00,52.1746294,21.149483,91.5,51.32,-0.062,-0.001,0.981,0,51.529928789503415,,172.69019696324887,-1.0,6.0,52.175335,21.147227,25.0
47655,2026-05-11 21:15:02.100000+00:00,52.1745968,21.1495739,91.4,51.74,-0.058,-0.021,0.956,0,51.70109070602939,,179.8594979945597,-1.0,6.0,52.175335,21.147227,25.0
47660,2026-05-11 21:15:02.600000+00:00,52.1745639,21.1496633,91.5,51.4,-0.059,-0.014,0.959,0,51.189907971137245,,186.9540685579644,-1.0,6.0,52.175335,21.147227,25.0
47665,2026-05-11 21:15:03.100000+00:00,52.1745315,21.1497534,91.5,51.26,-0.06,-0.017,0.976,0,51.28129186066572,,194.0665155629889,-1.0,6.0,52.175335,21.147227,25.0
47670,2026-05-11 21:15:03.600000+00:00,52.1744999,21.1498438,91.5,51.21,-0.04,-0.015,0.957,0,51.08825266003805,,201.15673333528335,-1.0,6.0,52.175335,21.147227,25.0
47675,2026-05-11 21:15:04.100000+00:00,52.174468,21.149934,91.5,51.06,-0.056,-0.003,0.997,0,51.122556040734985,,208.2506727521969,-1.0,6.0,52.175335,21.147227,25.0
47680,2026-05-11 21:15:04.600000+00:00,52.1744364,21.1500241,91.5,51.03,-0.034,-0.019,0.934,0,50.96039484131767,,215.32351688813904,-1.0,6.0,52.175335,21.147227,25.0
47685,2026-05-11 21:15:05.100000+00:00,52.1744048,21.1501139,91.5,50.75,-0.059,-0.023,0.978,0,50.832614069291296,,222.3785727522757,-1.0,6.0,52.175335,21.147227,25.0
47690,2026-05-11 21:15:05.600000+00:00,52.1743731,21.1502033,91.6,50.89,-0.049,-0.022,0.97,0,50.70242182634981,,229.41499500330676,-1.0,6.0,52.175335,21.147227,25.0
47695,2026-05-11 21:15:06.100000+00:00,52.1743416,21.1502927,91.6,50.48,-0.058,-0.022,0.966,0,50.62249013021589,,236.44136283058552,-1.0,6.0,52.173205,21.153264,26.0
47700,2026-05-11 21:15:06.600000+00:00,52.1743098,21.1503817,91.6,50.57,-0.057,-0.022,0.969,0,50.572810157807865,,231.78424330439265,-1.0,6.0,52.173205,21.153264,26.0
47705,2026-05-11 21:15:07.100000+00:00,52.1742781,21.1504704,91.7,50.5,-0.049,-0.018,0.969,0,50.4052653570825,,224.78696853119317,-1.0,6.0,52.173205,21.153264,26.0
47710,2026-05-11 21:15:07.600000+00:00,52.1742464,21.1505591,91.7,50.54,-0.051,-0.019,0.984,0,50.40529217034366,,217.78991255068328,-1.0,6.0,52.173205,21.153264,26.0
47715,2026-05-11 21:15:08.100000+00:00,52.1742146,21.1506478,91.7,50.45,-0.049,-0.028,0.933,0,50.4456769207814,,210.7871753895367,-1.0,6.0,52.173205,21.153264,26.0
47720,2026-05-11 21:15:08.600000+00:00,52.1741834,21.1507367,91.7,50.21,-0.074,-0.033,0.966,0,50.29018796174419,,203.80875252685317,-1.0,6.0,52.173205,21.153264,26.0
47725,2026-05-11 21:15:09.100000+00:00,52.1741516,21.1508252,91.7,50.34,-0.073,-0.034,0.973,0,50.36098145739868,,196.81813211978,-1.0,6.0,52.173205,21.153264,26.0
47730,2026-05-11 21:15:09.600000+00:00,52.1741205,21.1509133,91.7,49.93,-0.066,-0.018,0.973,0,49.909725984422565,,189.8925455631769,-1.0,6.0,52.173205,21.153264,26.0
47735,2026-05-11 21:15:10.100000+00:00,52.1740893,21.1510012,91.6,50.05,-0.062,-0.02,0.951,0,49.86472880616975,,182.97295999200065,-1.0,6.0,52.173205,21.153264,26.0
47740,2026-05-11 21:15:10.600000+00:00,52.1740581,21.1510888,91.6,49.8,-0.066,-0.002,0.988,0,49.7373282512488,,176.07108317784653,-1.0,6.0,52.173205,21.153264,26.0
47745,2026-05-11 21:15:11.100000+00:00,52.174027,21.1511761,91.6,49.55,-0.069,-0.014,0.965,0,49.569775057115386,,169.19292251324464,-1.0,6.0,52.173205,21.153264,26.0
47750,2026-05-11 21:15:11.600000+00:00,52.1739967,21.151263,91.6,49.22,-0.074,-0.024,0.966,0,49.08037866322323,,162.38644610649465,-1.0,6.0,52.173205,21.153264,26.0
47755,2026-05-11 21:15:12.100000+00:00,52.1739665,21.1513492,91.6,48.64,-0.079,-0.028,0.959,0,48.742163173399526,,155.62696352958412,-1.0,6.0,52.173205,21.153264,26.0
47760,2026-05-11 21:15:12.600000+00:00,52.1739366,21.1514349,91.7,48.31,-0.092,-0.022,0.962,0,48.40996584772135,,148.91519239690993,-1.0,6.0,52.173205,21.153264,26.0
47765,2026-05-11 21:15:13.100000+00:00,52.1739075,21.1515202,91.8,48.01,-0.049,-0.028,0.959,0,47.92478195002822,,142.27616139790027,-1.0,6.0,52.173205,21.153264,26.0
47770,2026-05-11 21:15:13.600000+00:00,52.1738779,21.1516049,91.9,48.06,-0.067,-0.031,0.982,0,47.864504156400216,,135.64225450016423,-1.0,6.0,52.173205,21.153264,26.0
47775,2026-05-11 21:15:14.100000+00:00,52.1738481,21.1516894,91.9,48.02,-0.06,-0.021,0.952,0,47.85885594408052,,129.00880231166474,-1.0,6.0,52.173205,21.153264,26.0
47780,2026-05-11 21:15:14.600000+00:00,52.1738186,21.1517738,91.9,47.7,-0.075,-0.021,0.996,0,47.696939150541965,,122.40107829477336,-1.0,6.0,52.173205,21.153264,26.0
47785,2026-05-11 21:15:15.100000+00:00,52.1737894,21.1518586,91.8,47.77,-0.051,-0.022,0.943,0,47.74964088960211,,115.79141323844446,-1.0,6.0,52.173205,21.153264,26.0
47790,2026-05-11 21:15:15.600000+00:00,52.1737599,21.1519426,91.7,47.63,-0.075,-0.022,0.989,0,47.526459060243766,,109.21059228311994,-1.0,6.0,52.173205,21.153264,26.0
47795,2026-05-11 21:15:16.100000+00:00,52.1737304,21.1520261,91.6,47.19,-0.056,-0.027,0.946,0,47.31360521699542,,102.66038247105725,-1.0,6.0,52.173205,21.153264,26.0
47800,2026-05-11 21:15:16.600000+00:00,52.1737008,21.1521098,91.5,47.38,-0.068,-0.019,0.991,0,47.43868524959319,,96.0955041210472,-1.0,6.0,52.173205,21.153264,26.0
47805,2026-05-11 21:15:17.100000+00:00,52.1736714,21.1521935,91.4,47.62,-0.046,-0.018,0.974,0,47.35892418579629,,89.54700183598275,-1.0,6.0,52.173205,21.153264,26.0
47810,2026-05-11 21:15:17.600000+00:00,52.1736419,21.1522768,91.3,47.45,-0.063,-0.023,0.967,0,47.22861327747864,,83.0187118985497,-1.0,6.0,52.173205,21.153264,26.0
47815,2026-05-11 21:15:18.100000+00:00,52.1736123,21.1523602,91.3,47.52,-0.041,-0.024,0.953,0,47.31121267442306,26.0,76.4836851268377,-1.0,6.0,52.173205,21.153264,26.0
47820,2026-05-11 21:15:18.600000+00:00,52.1735821,21.1524437,91.1,47.6,-0.055,-0.026,0.957,0,47.59594924193375,26.0,69.90990636630511,-1.0,6.0,52.173205,21.153264,26.0
47825,2026-05-11 21:15:19.100000+00:00,52.1735515,21.1525271,91.0,47.75,-0.052,-0.017,0.984,0,47.71730858573076,26.0,63.322115621116254,-1.0,6.0,52.173205,21.153264,26.0
47830,2026-05-11 21:15:19.600000+00:00,52.1735212,21.1526109,90.9,47.64,-0.056,-0.012,0.975,0,47.763543343228335,26.0,56.74279320302902,-1.0,6.0,52.173205,21.153264,26.0
47835,2026-05-11 21:15:20.100000+00:00,52.1734908,21.1526946,90.7,47.83,-0.055,-0.015,0.947,0,47.7620260974749,26.0,50.17605598316717,-1.0,6.0,52.173205,21.153264,26.0
47840,2026-05-11 21:15:20.600000+00:00,52.173461,21.1527781,90.6,47.17,-0.076,-0.003,0.983,0,47.434168785721766,26.0,43.6833566582247,-1.0,6.0,52.173205,21.153264,26.0
47845,2026-05-11 21:15:21.100000+00:00,52.1734315,21.1528611,90.5,47.12,-0.078,-0.018,0.962,0,47.10128194070504,26.0,37.271863618137786,-1.0,6.0,52.173205,21.153264,26.0
47850,2026-05-11 21:15:21.600000+00:00,52.1734032,21.1529443,90.5,46.31,-0.072,-0.012,0.976,0,46.7128322216305,26.0,31.00013192457705,-1.0,6.0,52.173205,21.153264,26.0
47855,2026-05-11 21:15:22.100000+00:00,52.1733744,21.1530268,90.4,46.38,-0.068,-0.021,0.975,0,46.60931934246754,26.0,24.8285010641964,-1.0,6.0,52.173205,21.153264,26.0
47860,2026-05-11 21:15:22.600000+00:00,52.1733462,21.1531083,90.3,45.57,-0.111,-0.025,0.952,0,45.94533828183456,26.0,18.95382919746488,-1.0,6.0,52.173205,21.153264,26.0
47865,2026-05-11 21:15:23.100000+00:00,52.173319,21.1531874,90.2,44.07,-0.147,-0.025,0.97,0,44.52581448759823,26.0,13.710307880688338,-1.0,6.0,52.173205,21.153264,26.0
47870,2026-05-11 21:15:23.600000+00:00,52.1732927,21.1532635,90.2,42.49,-0.136,-0.024,0.94,0,42.88874715004359,26.0,9.751854673998857,-1.0,6.0,52.173205,21.153264,26.0
47875,2026-05-11 21:15:24.100000+00:00,52.1732672,21.153337,90.2,41.0,-0.165,-0.029,0.994,0,41.4622406708677,26.0,8.521563892594795,-1.0,6.0,52.173205,21.153264,26.0
47880,2026-05-11 21:15:24.600000+00:00,52.1732425,21.1534064,90.2,38.6,-0.184,-0.035,0.944,0,39.397157922862334,26.0,10.568124556469131,-1.0,6.0,52.173205,21.153264,26.0
47885,2026-05-11 21:15:25.100000+00:00,52.1732194,21.1534712,90.1,36.05,-0.22,-0.032,0.989,0,36.800781901154,26.0,14.220073388531864,-1.0,6.0,52.173205,21.153264,26.0
47890,2026-05-11 21:15:25.600000+00:00,52.1731973,21.1535314,90.1,33.92,-0.172,-0.031,0.947,0,34.448661418830994,26.0,18.25496304638068,-1.0,6.0,52.173205,21.153264,26.0
47895,2026-05-11 21:15:26.100000+00:00,52.1731762,21.1535883,90.2,32.05,-0.159,-0.037,0.948,0,32.647567854524816,26.0,22.345736608200003,-1.0,6.0,52.173205,21.153264,26.0
47900,2026-05-11 21:15:26.600000+00:00,52.1731559,21.1536422,90.2,30.64,-0.143,-0.045,0.961,0,31.05644853676567,26.0,26.36224619362568,-1.0,6.0,52.173205,21.153264,26.0
47905,2026-05-11 21:15:27.100000+00:00,52.1731363,21.1536936,90.2,29.01,-0.149,-0.034,0.968,0,29.71765388437933,26.0,30.27543211525732,-1.0,6.0,52.173205,21.153264,26.0
47910,2026-05-11 21:15:27.600000+00:00,52.1731173,21.1537429,90.2,28.49,-0.125,-0.039,0.967,0,28.58872088394905,26.0,34.08265922658062,-1.0,6.0,52.173205,21.153264,26.0
47915,2026-05-11 21:15:28.100000+00:00,52.1730987,21.1537899,90.2,27.25,-0.108,-0.048,0.976,0,27.46415768647537,26.0,37.76053559662135,-1.0,6.0,52.173205,21.153264,26.0
47920,2026-05-11 21:15:28.600000+00:00,52.1730799,21.1538354,90.2,26.72,-0.074,-0.058,0.938,0,26.937443315078436,26.0,41.374207646183656,-1.0,6.0,52.173205,21.153264,26.0
47925,2026-05-11 21:15:29.100000+00:00,52.1730608,21.1538797,90.2,26.3,-0.082,-0.068,0.974,0,26.588266854718995,26.0,44.94415769044807,-1.0,6.0,52.173205,21.153264,26.0
47930,2026-05-11 21:15:29.600000+00:00,52.1730407,21.1539213,90.2,25.85,-0.101,-0.128,0.967,0,26.00288237383535,26.0,48.40365889236161,-1.0,6.0,52.173205,21.153264,26.0
47935,2026-05-11 21:15:30.100000+00:00,52.173019,21.1539597,90.2,25.7,-0.092,-0.183,0.969,0,25.6379220814108,26.0,51.75434088894944,-1.0,6.0,52.173205,21.153264,26.0
47940,2026-05-11 21:15:30.600000+00:00,52.1729953,21.1539933,90.2,25.23,-0.117,-0.253,0.941,0,25.14334371587617,26.0,54.92836135215149,-1.0,6.0,52.173205,21.153264,26.0
47945,2026-05-11 21:15:31.100000+00:00,52.1729687,21.1540186,90.3,24.5,-0.116,-0.293,0.945,0,24.654238255735173,26.0,57.77887046256907,-1.0,6.0,52.173205,21.153264,26.0
47950,2026-05-11 21:15:31.600000+00:00,52.1729396,21.154037,90.3,24.89,-0.123,-0.292,0.938,0,24.98789232585755,26.0,60.41211106121264,-1.0,6.0,52.173205,21.153264,26.0
47955,2026-05-11 21:15:32.100000+00:00,52.1729089,21.1540479,90.3,24.4,-0.124,-0.223,0.936,0,25.1544459191379,26.0,62.78279297884971,-1.0,6.0,52.173205,21.153264,26.0
47960,2026-05-11 21:15:32.600000+00:00,52.1728787,21.1540564,90.3,23.59,-0.078,-0.041,0.953,0,24.53577563704417,26.0,65.08759129812033,-1.0,6.0,52.173205,21.153264,26.0
47965,2026-05-11 21:15:33.100000+00:00,52.1728499,21.1540675,90.1,22.6,-0.073,0.108,0.988,0,23.692736534245,26.0,67.53825805997413,-1.0,6.0,52.173205,21.153264,26.0
47970,2026-05-11 21:15:33.600000+00:00,52.1728236,21.1540846,90.0,22.5,-0.067,0.136,0.97,0,22.668102742241445,26.0,70.21441741972114,-1.0,6.0,52.173205,21.153264,26.0
47975,2026-05-11 21:15:34.100000+00:00,52.1727988,21.1541082,90.0,23.1,-0.062,0.164,0.97,0,22.98890544995425,26.0,73.17295351639285,-1.0,6.0,52.173205,21.153264,26.0
47980,2026-05-11 21:15:34.600000+00:00,52.1727753,21.1541382,89.9,23.88,-0.067,0.174,0.972,0,23.894407722113414,26.0,76.39959799438415,-1.0,6.0,52.173205,21.153264,26.0
47985,2026-05-11 21:15:35.100000+00:00,52.1727536,21.1541724,89.8,24.36,-0.041,0.128,0.98,0,24.16191257616725,26.0,79.72962719536169,-1.0,6.0,52.173205,21.153264,26.0
47990,2026-05-11 21:15:35.600000+00:00,52.1727326,21.1542118,89.8,25.5,-0.011,0.018,0.962,0,25.63015775628636,,83.287344021954,-1.0,6.0,52.173205,21.153264,26.0
47995,2026-05-11 21:15:36.100000+00:00,52.1727096,21.1542515,89.7,27.66,0.009,-0.107,0.964,0,26.814755864071746,,80.89281059349474,-1.0,6.0,52.172031,21.154679,27.0
48000,2026-05-11 21:15:36.600000+00:00,52.1726836,21.1542894,89.6,28.31,-0.002,-0.201,0.944,0,27.920955739080146,27.0,77.27668921957263,-1.0,6.0,52.172031,21.154679,27.0
48005,2026-05-11 21:15:37.100000+00:00,52.172654,21.1543237,89.5,29.45,-0.032,-0.241,0.98,0,29.072579449603523,27.0,73.38949452544279,-1.0,6.0,52.172031,21.154679,27.0
48010,2026-05-11 21:15:37.600000+00:00,52.1726212,21.1543526,89.3,29.84,-0.032,-0.233,0.988,0,29.848417722955244,27.0,69.29924709455815,-1.0,6.0,52.172031,21.154679,27.0
48015,2026-05-11 21:15:38.100000+00:00,52.1725863,21.1543782,89.3,31.46,-0.019,-0.181,0.953,0,30.63815297384174,27.0,65.06470783656727,-1.0,6.0,52.172031,21.154679,27.0
48020,2026-05-11 21:15:38.600000+00:00,52.1725495,21.1544039,89.2,31.82,-0.02,-0.098,0.952,0,32.050775286788785,27.0,60.63002499545822,-1.0,6.0,52.172031,21.154679,27.0
48025,2026-05-11 21:15:39.100000+00:00,52.1725126,21.1544302,89.1,32.19,-0.035,-0.001,0.98,0,32.241247932854606,27.0,56.1750307739517,-1.0,6.0,52.172031,21.154679,27.0
48030,2026-05-11 21:15:39.600000+00:00,52.1724751,21.1544582,89.1,32.99,-0.016,-0.017,0.953,0,33.0206779983797,27.0,51.62629162974014,-1.0,6.0,52.172031,21.154679,27.0
48035,2026-05-11 21:15:40.100000+00:00,52.1724372,21.1544865,89.0,33.44,-0.009,-0.046,0.967,0,33.37317604117851,27.0,47.03640074388285,-1.0,6.0,52.172031,21.154679,27.0
48040,2026-05-11 21:15:40.600000+00:00,52.1723982,21.154515,89.0,33.82,-0.026,-0.092,0.968,0,34.215891042245296,27.0,42.33477134861691,-1.0,6.0,52.172031,21.154679,27.0
48045,2026-05-11 21:15:41.100000+00:00,52.1723586,21.1545417,89.0,34.03,-0.071,-0.101,0.964,0,34.30745762892535,27.0,37.611542907677176,-1.0,6.0,52.172031,21.154679,27.0
48050,2026-05-11 21:15:41.600000+00:00,52.1723188,21.1545656,88.9,33.75,-0.086,-0.11,0.965,0,33.95620735822738,27.0,32.92302238928048,-1.0,6.0,52.172031,21.154679,27.0
48055,2026-05-11 21:15:42.100000+00:00,52.1722807,21.1545847,88.7,30.77,-0.132,-0.091,0.971,0,31.91209427895608,27.0,28.500364922328643,-1.0,6.0,52.172031,21.154679,27.0
48060,2026-05-11 21:15:42.600000+00:00,52.1722443,21.1546014,88.5,29.89,-0.148,-0.048,0.934,0,30.27358174441103,27.0,24.30107342798008,-1.0,6.0,52.172031,21.154679,27.0
48065,2026-05-11 21:15:43.100000+00:00,52.1722089,21.1546209,88.4,29.17,-0.151,0.028,0.997,0,29.91495757499869,27.0,20.17446977133985,-1.0,6.0,52.172031,21.154679,27.0
48070,2026-05-11 21:15:43.600000+00:00,52.1721763,21.1546412,88.4,27.24,-0.136,0.002,0.93,0,27.93816408518284,27.0,16.360970336282204,-1.0,6.0,52.172031,21.154679,27.0
48075,2026-05-11 21:15:44.100000+00:00,52.1721457,21.1546629,88.3,25.65,-0.167,0.019,1.013,0,26.71514152812164,27.0,12.801229121155648,-1.0,6.0,52.172031,21.154679,27.0
48080,2026-05-11 21:15:44.600000+00:00,52.1721187,21.1546839,88.2,22.89,-0.187,-0.032,0.917,0,23.949576988951595,27.0,9.757518477063954,-1.0,6.0,52.172031,21.154679,27.0
48085,2026-05-11 21:15:45.100000+00:00,52.1720949,21.1547039,88.2,20.19,-0.218,-0.029,0.994,0,21.43600897199193,27.0,7.30544130323924,-1.0,6.0,52.172031,21.154679,27.0
48090,2026-05-11 21:15:45.600000+00:00,52.1720741,21.1547227,88.2,18.11,-0.182,-0.052,0.952,0,19.03986443636159,27.0,5.643509023207124,-1.0,6.0,52.172031,21.154679,27.0
48095,2026-05-11 21:15:46.100000+00:00,52.1720565,21.1547393,88.1,14.95,-0.228,-0.077,0.943,0,16.278173558143397,27.0,4.994972425514925,-1.0,6.0,52.172031,21.154679,27.0
48100,2026-05-11 21:15:46.600000+00:00,52.1720423,21.154752,88.0,11.57,-0.257,-0.112,0.968,0,12.966455379289858,27.0,5.13435904209394,-1.0,6.0,52.172031,21.154679,27.0
48105,2026-05-11 21:15:47.100000+00:00,52.1720317,21.1547611,88.0,8.12,-0.261,-0.099,0.946,0,9.59078669654351,27.0,5.599353464131596,-1.0,6.0,52.172031,21.154679,27.0
48110,2026-05-11 21:15:47.600000+00:00,52.1720251,21.1547669,87.9,4.58,-0.275,-0.068,0.952,0,6.002547956717304,27.0,6.030137871073113,-1.0,6.0,52.172031,21.154679,27.0
48115,2026-05-11 21:15:48.100000+00:00,52.1720223,21.154769,87.9,1.48,-0.229,-0.066,0.956,0,2.4674599925510687,27.0,6.2133261812418645,-1.0,6.0,52.172031,21.154679,27.0
48120,2026-05-11 21:15:48.600000+00:00,52.172022,21.1547694,87.9,0.01,-0.132,-0.087,0.972,0,0.3102588902732004,27.0,6.245531336308744,-1.0,6.0,52.172031,21.154679,27.0
48125,2026-05-11 21:15:49.100000+00:00,52.1720219,21.1547701,87.9,0.16,-0.051,-0.083,0.961,0,0.3529043055262311,27.0,6.294433676864673,-1.0,6.0,52.172031,21.154679,27.0
48130,2026-05-11 21:15:49.600000+00:00,52.1720219,21.1547703,87.9,0.18,-0.049,-0.079,0.965,0,0.0982008718216412,27.0,6.307895677926712,-1.0,6.0,52.172031,21.154679,27.0
48135,2026-05-11 21:15:50.100000+00:00,52.1720219,21.154771,87.9,0.01,-0.053,-0.08,0.969,0,0.3437030537182435,27.0,6.355018626407426,-1.0,6.0,52.172031,21.154679,27.0
48140,2026-05-11 21:15:50.600000+00:00,52.1720218,21.1547713,87.9,0.07,-0.049,-0.079,0.969,0,0.1676524215579481,27.0,6.376991312562607,-1.0,6.0,52.172031,21.154679,27.0
48145,2026-05-11 21:15:51.100000+00:00,52.1720216,21.1547718,87.9,0.01,-0.051,-0.079,0.971,0,0.2931040060882696,27.0,6.414235988179586,-1.0,6.0,52.172031,21.154679,27.0
48150,2026-05-11 21:15:51.600000+00:00,52.1720214,21.1547721,88.0,0.09,-0.054,-0.08,0.966,0,0.2175690997678181,27.0,6.438071903155314,-1.0,6.0,52.172031,21.154679,27.0
48155,2026-05-11 21:15:52.100000+00:00,52.172021,21.1547727,88.0,0.08,-0.052,-0.083,0.967,0,0.4351381971326343,27.0,6.485903299567676,-1.0,6.0,52.172031,21.154679,27.0
48160,2026-05-11 21:15:52.600000+00:00,52.1720206,21.1547734,88.0,0.27,-0.052,-0.083,0.969,0,0.4697726480870701,27.0,6.54065551244563,-1.0,6.0,52.172031,21.154679,27.0
48165,2026-05-11 21:15:53.100000+00:00,52.1720203,21.1547738,88.1,0.12,-0.049,-0.08,0.967,0,0.3102588930587753,27.0,6.57346146231923,-1.0,6.0,52.172031,21.154679,27.0
48170,2026-05-11 21:15:53.600000+00:00,52.17202,21.1547742,88.1,0.06,-0.05,-0.081,0.971,0,0.3102588929085886,27.0,6.60638557906452,-1.0,6.0,52.172031,21.154679,27.0
48175,2026-05-11 21:15:54.100000+00:00,52.1720197,21.1547748,88.1,0.09,-0.05,-0.08,0.973,0,0.3801021476466045,27.0,6.652819146884021,-1.0,6.0,52.172031,21.154679,27.0
48180,2026-05-11 21:15:54.600000+00:00,52.1720195,21.1547752,88.2,0.1,-0.048,-0.08,0.97,0,0.2534014340959578,27.0,6.683827300640146,-1.0,6.0,52.172031,21.154679,27.0
48185,2026-05-11 21:15:55.100000+00:00,52.1720192,21.1547758,88.2,0.17,-0.05,-0.079,0.971,0,0.3801021502128611,27.0,6.730416744097815,-1.0,6.0,52.172031,21.154679,27.0
48190,2026-05-11 21:15:55.600000+00:00,52.172019,21.1547763,88.2,0.06,-0.051,-0.082,0.971,0,0.2931040194139608,27.0,6.768212550586715,-1.0,6.0,52.172031,21.154679,27.0
48195,2026-05-11 21:15:56.100000+00:00,52.1720188,21.1547769,88.3,0.04,-0.051,-0.082,0.967,0,0.3353048627116309,27.0,6.812724761960684,-1.0,6.0,52.172031,21.154679,27.0
48200,2026-05-11 21:15:56.600000+00:00,52.1720188,21.1547777,88.3,0.04,-0.05,-0.08,0.967,0,0.3928035162194555,27.0,6.866196867748022,-1.0,6.0,52.172031,21.154679,27.0
48205,2026-05-11 21:15:57.100000+00:00,52.1720188,21.1547786,88.4,0.14,-0.05,-0.08,0.971,0,0.4419039563325122,27.0,6.926373194432742,-1.0,6.0,52.172031,21.154679,27.0
48210,2026-05-11 21:15:57.600000+00:00,52.1720187,21.1547793,88.4,0.09,-0.047,-0.082,0.97,0,0.3529043269277503,27.0,6.975363198533617,-1.0,6.0,52.172031,21.154679,27.0
48215,2026-05-11 21:15:58.100000+00:00,52.1720187,21.1547801,88.5,0.04,-0.05,-0.084,0.974,0,0.3928035171023981,27.0,7.028868377219558,-1.0,6.0,52.172031,21.154679,27.0
48220,2026-05-11 21:15:58.600000+00:00,52.1720188,21.1547808,88.6,0.08,-0.046,-0.079,0.967,0,0.3529043269277503,27.0,7.073557636571803,-1.0,6.0,52.172031,21.154679,27.0
48225,2026-05-11 21:15:59.100000+00:00,52.172019,21.1547815,88.7,0.08,-0.052,-0.078,0.972,0,0.379170728416372,27.0,7.116210462070457,-1.0,6.0,52.172031,21.154679,27.0
48230,2026-05-11 21:15:59.600000+00:00,52.1720191,21.1547821,88.7,0.13,-0.052,-0.082,0.97,0,0.3052873610389428,27.0,7.154340928873915,-1.0,6.0,52.172031,21.154679,27.0
48235,2026-05-11 21:16:00.100000+00:00,52.1720192,21.1547825,88.8,0.08,-0.047,-0.081,0.968,0,0.2120926901241739,27.0,7.179109500808315,-1.0,6.0,52.172031,21.154679,27.0
48240,2026-05-11 21:16:00.600000+00:00,52.1720191,21.1547831,88.8,0.56,-0.007,-0.082,0.973,0,0.3052873590643658,27.0,7.221370440150774,-1.0,6.0,52.172031,21.154679,27.0
48245,2026-05-11 21:16:01.100000+00:00,52.1720177,21.1547847,88.9,1.79,0.023,-0.087,0.969,0,1.3687481972725015,27.0,7.358363064210176,-1.0,6.0,52.172031,21.154679,27.0
48250,2026-05-11 21:16:01.600000+00:00,52.1720148,21.154788,88.9,3.64,0.036,-0.07,0.973,0,2.831244035002495,27.0,7.648414790819746,-1.0,6.0,52.172031,21.154679,27.0
48255,2026-05-11 21:16:02.100000+00:00,52.1720103,21.1547934,89.0,5.04,0.043,-0.056,0.971,0,4.473210224598749,27.0,8.133978370279912,-1.0,6.0,52.172031,21.154679,27.0
48260,2026-05-11 21:16:02.600000+00:00,52.1720043,21.1548011,89.0,6.63,0.05,-0.063,0.975,0,6.112996720683426,27.0,8.840075530127223,-1.0,6.0,52.172031,21.154679,27.0
48265,2026-05-11 21:16:03.100000+00:00,52.1719961,21.1548119,89.0,9.25,0.067,-0.055,0.974,0,8.439120998186972,27.0,9.859009573357628,-1.0,6.0,52.172031,21.154679,27.0
48270,2026-05-11 21:16:03.600000+00:00,52.1719858,21.154826,89.0,11.38,0.062,-0.064,0.972,0,10.76709367778882,27.0,11.214049262693432,-1.0,6.0,52.172031,21.154679,27.0
48275,2026-05-11 21:16:04.100000+00:00,52.1719734,21.1548429,89.1,13.38,0.061,-0.064,0.981,0,12.938756449131908,27.0,12.882198198921492,-1.0,6.0,52.172031,21.154679,27.0
48280,2026-05-11 21:16:04.600000+00:00,52.1719589,21.1548629,89.1,15.76,0.083,-0.079,0.966,0,15.205178050883818,27.0,14.884669377365672,-1.0,6.0,52.172031,21.154679,27.0
48285,2026-05-11 21:16:05.100000+00:00,52.1719416,21.1548852,89.1,18.16,0.079,-0.094,0.978,0,17.65571796118981,27.0,17.220775551865067,-1.0,6.0,52.172031,21.154679,27.0
48290,2026-05-11 21:16:05.600000+00:00,52.1719216,21.154909,89.1,20.31,0.082,-0.113,0.964,0,19.822897614592925,27.0,19.84933047138428,-1.0,6.0,52.172031,21.154679,27.0
48295,2026-05-11 21:16:06.100000+00:00,52.1718991,21.1549348,89.1,22.46,0.053,-0.099,0.947,0,22.02193927237546,27.0,22.79064805808657,-1.0,6.0,52.172031,21.154679,27.0
48300,2026-05-11 21:16:06.600000+00:00,52.1718737,21.1549602,89.1,24.06,0.026,-0.143,0.976,0,23.85508543927468,27.0,25.955174110049143,-1.0,6.0,52.172031,21.154679,27.0
48305,2026-05-11 21:16:07.100000+00:00,52.1718457,21.1549852,89.1,25.89,0.022,-0.123,0.968,0,25.55771275457216,27.0,29.335532476154462,-1.0,6.0,52.172031,21.154679,27.0
48310,2026-05-11 21:16:07.600000+00:00,52.1718154,21.1550101,89.1,27.37,0.013,-0.08,0.975,0,27.1650689902253,27.0,32.93274156941713,-1.0,6.0,52.172031,21.154679,27.0
48315,2026-05-11 21:16:08.100000+00:00,52.1717842,21.155036,89.0,28.7,0.018,-0.06,0.956,0,28.02973239064861,27.0,36.68550235038988,-1.0,6.0,52.172031,21.154679,27.0
48320,2026-05-11 21:16:08.600000+00:00,52.171751,21.1550621,89.0,29.87,0.02,-0.092,0.96,0,29.508132066221037,27.0,40.643683963261786,-1.0,6.0,52.172031,21.154679,27.0
48325,2026-05-11 21:16:09.100000+00:00,52.1717157,21.1550882,89.0,31.31,0.018,-0.088,0.975,0,31.03116269792887,27.0,44.80964360116729,-1.0,6.0,52.172031,21.154679,27.0
48330,2026-05-11 21:16:09.600000+00:00,52.1716789,21.1551139,89.0,32.28,0.012,-0.09,0.957,0,32.05087251010728,27.0,49.11683456633985,-1.0,6.0,52.172031,21.154679,27.0
48335,2026-05-11 21:16:10.100000+00:00,52.1716403,21.1551394,88.9,33.49,0.003,-0.056,0.97,0,33.34339274739107,27.0,53.6017604034286,-1.0,6.0,52.172031,21.154679,27.0
48340,2026-05-11 21:16:10.600000+00:00,52.1716008,21.155166,88.9,34.41,-0.006,-0.03,0.98,0,34.21479879274662,27.0,58.23459820452445,-1.0,6.0,52.172031,21.154679,27.0
48345,2026-05-11 21:16:11.100000+00:00,52.1715599,21.1551941,88.9,36.1,0.007,-0.054,0.965,0,35.53282044028839,27.0,63.07149754591577,-1.0,6.0,52.172031,21.154679,27.0
48350,2026-05-11 21:16:11.600000+00:00,52.1715178,21.1552221,88.8,36.78,0.001,-0.05,0.964,0,36.401502322597466,27.0,68.03069869272386,-1.0,6.0,52.172031,21.154679,27.0
48355,2026-05-11 21:16:12.100000+00:00,52.1714737,21.1552516,88.8,38.41,0.004,-0.057,0.973,0,38.16236837100847,27.0,73.24582806180209,-1.0,6.0,52.172031,21.154679,27.0
48360,2026-05-11 21:16:12.600000+00:00,52.1714282,21.1552807,88.8,39.59,0.004,-0.067,0.969,0,39.129507570546366,27.0,78.59083479338757,-1.0,6.0,52.172031,21.154679,27.0
48365,2026-05-11 21:16:13.100000+00:00,52.171381,21.1553095,88.7,40.95,0.012,-0.09,0.958,0,40.34774889167716,,84.09927569410995,-1.0,6.0,52.172031,21.154679,27.0
48370,2026-05-11 21:16:13.600000+00:00,52.171332,21.1553374,88.7,41.74,0.002,-0.086,0.97,0,41.552713277877466,,89.76202922637887,-1.0,6.0,52.172031,21.154679,27.0
48375,2026-05-11 21:16:14.100000+00:00,52.1712811,21.1553649,88.7,42.99,-0.006,-0.091,0.975,0,42.92956465357872,,95.60860849327568,-1.0,6.0,52.172031,21.154679,27.0
48380,2026-05-11 21:16:14.600000+00:00,52.1712291,21.1553914,88.7,43.86,-0.018,-0.066,0.972,0,43.61742567309261,,101.5433842443003,-1.0,6.0,52.172031,21.154679,27.0
48385,2026-05-11 21:16:15.100000+00:00,52.1711764,21.1554178,88.6,44.41,-0.016,-0.031,0.976,0,44.13820594303737,,107.55747348533356,-1.0,6.0,52.172031,21.154679,27.0
48390,2026-05-11 21:16:15.600000+00:00,52.1711228,21.1554451,88.6,44.98,-0.015,-0.052,0.959,0,44.95725686066422,,113.70107768466625,-1.0,6.0,52.172031,21.154679,27.0
48395,2026-05-11 21:16:16.100000+00:00,52.1710683,21.1554718,88.5,45.86,-0.019,-0.039,0.968,0,45.559888782207096,,119.92592112857136,-1.0,6.0,52.172031,21.154679,27.0
48400,2026-05-11 21:16:16.600000+00:00,52.1710136,21.1554998,88.5,45.85,-0.018,-0.004,0.978,0,45.90040211711533,,126.22023566139698,-1.0,6.0,52.172031,21.154679,27.0
48405,2026-05-11 21:16:17.100000+00:00,52.1709575,21.1555294,88.4,47.22,-0.025,-0.018,0.972,0,47.20692188276908,,132.70997199747904,-1.0,6.0,52.172031,21.154679,27.0
48410,2026-05-11 21:16:17.600000+00:00,52.1709014,21.1555594,88.4,47.49,-0.03,-0.006,0.953,0,47.26776662608695,,139.21773055491877,-1.0,6.0,52.172031,21.154679,27.0
48415,2026-05-11 21:16:18.100000+00:00,52.1708445,21.155591,88.4,48.06,-0.038,0.001,0.982,0,48.12429972549996,,145.85760033305542,-1.0,6.0,52.172031,21.154679,27.0
48420,2026-05-11 21:16:18.600000+00:00,52.1707877,21.1556241,88.4,48.41,-0.032,-0.004,0.967,0,48.29140351081233,,152.5344353139875,-1.0,6.0,52.172031,21.154679,27.0
48425,2026-05-11 21:16:19.100000+00:00,52.1707307,21.1556581,88.5,48.58,-0.04,-0.014,0.978,0,48.59226974505111,,159.2597351158613,-1.0,6.0,52.172031,21.154679,27.0
48430,2026-05-11 21:16:19.600000+00:00,52.170673,21.155693,88.5,49.27,-0.021,-0.022,0.958,0,49.27091573137563,,164.28302715475726,-1.0,6.0,52.169269,21.156443,28.0
48435,2026-05-11 21:16:20.100000+00:00,52.1706149,21.1557287,88.5,50.03,-0.032,-0.027,0.97,0,49.70845786621742,,157.3859808783434,-1.0,6.0,52.169269,21.156443,28.0
48440,2026-05-11 21:16:20.600000+00:00,52.1705564,21.1557646,88.4,50.17,-0.044,-0.038,0.978,0,50.04276973483351,,150.44305010067157,-1.0,6.0,52.169269,21.156443,28.0
48445,2026-05-11 21:16:21.100000+00:00,52.1704975,21.1558003,88.4,50.29,-0.05,-0.037,0.954,0,50.30831749035197,,143.46265375085682,-1.0,6.0,52.169269,21.156443,28.0
48450,2026-05-11 21:16:21.600000+00:00,52.1704383,21.155836,88.4,50.59,-0.076,-0.044,0.992,0,50.533524001115055,,136.45117303479617,-1.0,6.0,52.169269,21.156443,28.0
48455,2026-05-11 21:16:22.100000+00:00,52.1703792,21.1558715,88.4,50.23,-0.059,-0.04,0.952,0,50.42441803725859,,129.45516693298697,-1.0,6.0,52.169269,21.156443,28.0
48460,2026-05-11 21:16:22.600000+00:00,52.1703202,21.1559062,88.4,50.26,-0.063,-0.034,0.968,0,50.21466484872694,,122.48691237947718,-1.0,6.0,52.169269,21.156443,28.0
48465,2026-05-11 21:16:23.100000+00:00,52.170261,21.155941,88.4,50.33,-0.048,-0.045,0.952,0,50.381955542087816,,115.49612072064382,-1.0,6.0,52.169269,21.156443,28.0
48470,2026-05-11 21:16:23.600000+00:00,52.1702013,21.1559763,88.4,50.8,-0.05,-0.042,0.971,0,50.84189579992941,,108.44303407765372,-1.0,6.0,52.169269,21.156443,28.0
48475,2026-05-11 21:16:24.100000+00:00,52.1701415,21.1560105,88.4,50.61,-0.047,-0.033,0.981,0,50.73584743953835,,101.40225537069028,-1.0,6.0,52.169269,21.156443,28.0
48480,2026-05-11 21:16:24.600000+00:00,52.170081,21.1560449,88.4,51.01,-0.052,-0.074,0.961,0,51.29727762217249,,94.28388417568156,-1.0,6.0,52.169269,21.156443,28.0
48485,2026-05-11 21:16:25.100000+00:00,52.1700198,21.1560784,88.3,51.5,-0.052,-0.072,0.961,0,51.68443993518375,,87.10941847586943,-1.0,6.0,52.169269,21.156443,28.0
48490,2026-05-11 21:16:25.600000+00:00,52.1699583,21.1561113,88.3,51.49,-0.046,-0.052,0.956,0,51.81959395487271,28.0,79.91523150146406,-1.0,6.0,52.169269,21.156443,28.0
48495,2026-05-11 21:16:26.100000+00:00,52.1698973,21.1561434,88.3,51.08,-0.051,-0.016,0.981,0,51.31738748343989,28.0,72.79030093178352,-1.0,6.0,52.169269,21.156443,28.0
48500,2026-05-11 21:16:26.600000+00:00,52.1698361,21.1561768,88.2,51.97,-0.038,0.019,0.968,0,51.66885473426804,28.0,65.61996192846095,-1.0,6.0,52.169269,21.156443,28.0
48505,2026-05-11 21:16:27.100000+00:00,52.1697752,21.1562119,88.2,51.68,-0.061,-0.001,0.974,0,51.71334338387898,28.0,58.45180538219483,-1.0,6.0,52.169269,21.156443,28.0
48510,2026-05-11 21:16:27.600000+00:00,52.1697143,21.1562477,88.2,51.67,-0.052,0.007,0.975,0,51.82892034639964,28.0,51.275214794845496,-1.0,6.0,52.169269,21.156443,28.0
48515,2026-05-11 21:16:28.100000+00:00,52.1696538,21.1562844,88.2,51.97,-0.056,0.012,0.979,0,51.68021856138671,28.0,44.13377485173404,-1.0,6.0,52.169269,21.156443,28.0
48520,2026-05-11 21:16:28.600000+00:00,52.1695934,21.1563231,88.2,52.12,-0.048,0.006,0.964,0,51.95629101810228,28.0,36.9868510145761,-1.0,6.0,52.169269,21.156443,28.0
48525,2026-05-11 21:16:29.100000+00:00,52.1695332,21.1563626,88.2,51.9,-0.056,0.011,0.962,0,51.95268057485537,28.0,29.885025888274157,-1.0,6.0,52.169269,21.156443,28.0
48530,2026-05-11 21:16:29.600000+00:00,52.1694734,21.1564027,88.1,52.05,-0.059,0.007,0.972,0,51.76708613072395,28.0,22.89381720242611,-1.0,6.0,52.169269,21.156443,28.0
48535,2026-05-11 21:16:30.100000+00:00,52.1694135,21.1564444,88.1,52.14,-0.05,0.009,0.986,0,52.14462111680791,28.0,16.067950578485718,-1.0,6.0,52.169269,21.156443,28.0
48540,2026-05-11 21:16:30.600000+00:00,52.169354,21.156487,88.1,51.84,-0.047,0.006,0.978,0,52.02637228578742,28.0,9.916488430701882,-1.0,6.0,52.169269,21.156443,28.0
48545,2026-05-11 21:16:31.100000+00:00,52.1692944,21.1565304,88.1,52.06,-0.04,-0.006,0.96,0,52.25865639913353,28.0,6.595899073179025,-1.0,6.0,52.169269,21.156443,28.0
48550,2026-05-11 21:16:31.600000+00:00,52.1692346,21.1565745,88.2,52.62,-0.046,-0.035,0.959,0,52.54562738041262,28.0,9.749880887194234,-1.0,6.0,52.169269,21.156443,28.0
48555,2026-05-11 21:16:32.100000+00:00,52.169175,21.1566182,88.2,52.56,-0.059,-0.042,0.984,0,52.31892546589646,28.0,15.875084304090231,-1.0,6.0,52.169269,21.156443,28.0
48560,2026-05-11 21:16:32.600000+00:00,52.1691156,21.1566599,88.2,52.19,-0.058,-0.056,0.938,0,51.77676615898972,28.0,22.578043236783195,-1.0,6.0,52.169269,21.156443,28.0
48565,2026-05-11 21:16:33.100000+00:00,52.169056,21.1567016,88.2,52.17,-0.065,-0.048,0.99,0,51.92388297633022,28.0,29.52961440061304,-1.0,6.0,52.169269,21.156443,28.0
48570,2026-05-11 21:16:33.600000+00:00,52.1689956,21.1567437,88.3,52.76,-0.048,-0.067,0.951,0,52.58997765429805,28.0,36.67101189192169,-1.0,6.0,52.169269,21.156443,28.0
48575,2026-05-11 21:16:34.100000+00:00,52.1689356,21.1567838,88.2,52.06,-0.065,-0.069,0.973,0,51.91529756472841,28.0,43.75581186485152,-1.0,6.0,52.169269,21.156443,28.0
48580,2026-05-11 21:16:34.600000+00:00,52.1688752,21.1568225,88.2,52.21,-0.053,-0.081,0.952,0,51.95640320202351,28.0,50.865533608326096,-1.0,6.0,52.169269,21.156443,28.0
48585,2026-05-11 21:16:35.100000+00:00,52.1688144,21.1568597,88.3,51.71,-0.076,-0.086,0.976,0,51.99126240080846,28.0,57.99008635473099,-1.0,6.0,52.169269,21.156443,28.0
48590,2026-05-11 21:16:35.600000+00:00,52.1687535,21.156896,88.3,51.92,-0.069,-0.081,0.95,0,51.91283772695625,28.0,65.11652802323978,-1.0,6.0,52.169269,21.156443,28.0
48595,2026-05-11 21:16:36.100000+00:00,52.1686931,21.1569307,88.3,51.49,-0.074,-0.066,0.987,0,51.270631498815874,28.0,72.15990375323423,-1.0,6.0,52.169269,21.156443,28.0
48600,2026-05-11 21:16:36.600000+00:00,52.1686324,21.1569642,88.4,51.38,-0.053,-0.036,0.947,0,51.30527591966149,28.0,79.21018430039922,-1.0,6.0,52.169269,21.156443,28.0
48605,2026-05-11 21:16:37.100000+00:00,52.1685723,21.1569982,88.4,51.01,-0.07,-0.003,0.979,0,50.93046967351493,,86.22787825443469,-1.0,6.0,52.169269,21.156443,28.0
48610,2026-05-11 21:16:37.600000+00:00,52.1685126,21.1570331,88.5,50.94,-0.058,-0.026,0.953,0,50.77549056353532,,93.24037523503397,-1.0,6.0,52.169269,21.156443,28.0
48615,2026-05-11 21:16:38.100000+00:00,52.1684535,21.1570674,88.5,50.29,-0.067,-0.009,0.995,0,50.22401539056295,,100.1806530278347,-1.0,6.0,52.169269,21.156443,28.0
48620,2026-05-11 21:16:38.600000+00:00,52.1683947,21.1571034,88.5,50.24,-0.053,0.009,0.92,0,50.28516949381504,,107.14391775708808,-1.0,6.0,52.169269,21.156443,28.0
48625,2026-05-11 21:16:39.100000+00:00,52.168337,21.1571402,88.6,49.43,-0.093,0.015,1.021,0,49.60345171247432,,114.02126145449434,-1.0,6.0,52.169269,21.156443,28.0
48630,2026-05-11 21:16:39.600000+00:00,52.1682797,21.1571771,88.7,49.26,-0.057,-0.005,0.943,0,49.32338115739491,,120.8623159422406,-1.0,6.0,52.169269,21.156443,28.0
48635,2026-05-11 21:16:40.100000+00:00,52.1682236,21.1572144,88.7,48.15,-0.08,0.009,0.979,0,48.50495590527819,,127.5940406517905,-1.0,6.0,52.169269,21.156443,28.0
48640,2026-05-11 21:16:40.600000+00:00,52.1681682,21.1572527,88.7,48.18,-0.079,0.0,0.96,0,48.17606646646189,,134.28333821625472,-1.0,6.0,52.169269,21.156443,28.0
48645,2026-05-11 21:16:41.100000+00:00,52.1681139,21.1572902,88.7,47.08,-0.08,-0.014,0.98,0,47.21193632910932,,140.83887915438444,-1.0,6.0,52.169269,21.156443,28.0
48650,2026-05-11 21:16:41.600000+00:00,52.1680607,21.1573273,88.7,46.18,-0.124,-0.014,0.962,0,46.324704803249965,,147.27180820112366,-1.0,6.0,52.169269,21.156443,28.0
48655,2026-05-11 21:16:42.100000+00:00,52.1680092,21.1573644,88.8,44.74,-0.124,-0.007,0.978,0,45.076529714668204,,153.53233431909305,-1.0,6.0,52.169269,21.156443,28.0
48660,2026-05-11 21:16:42.600000+00:00,52.1679585,21.1574005,88.8,44.23,-0.071,-0.023,0.955,0,44.29264356854279,,159.683799706496,-1.0,6.0,52.169269,21.156443,28.0
48665,2026-05-11 21:16:43.100000+00:00,52.1679085,21.157436,88.8,43.21,-0.116,-0.024,0.958,0,43.661176916268005,,165.7475252061555,-1.0,6.0,52.169269,21.156443,28.0
48670,2026-05-11 21:16:43.600000+00:00,52.1678601,21.1574707,88.8,41.96,-0.146,-0.021,0.959,0,42.330172453838784,,164.3229354380267,-1.0,6.0,52.166466,21.15827,29.0
48675,2026-05-11 21:16:44.100000+00:00,52.1678137,21.1575049,88.8,40.27,-0.144,-0.004,0.973,0,40.76775722587399,,158.68262993764014,-1.0,6.0,52.166466,21.15827,29.0
48680,2026-05-11 21:16:44.600000+00:00,52.1677695,21.157538,88.9,38.49,-0.156,-0.007,0.955,0,38.94101101954516,,153.29966460115872,-1.0,6.0,52.166466,21.15827,29.0
48685,2026-05-11 21:16:45.100000+00:00,52.1677273,21.1575702,88.9,36.71,-0.164,-0.01,0.967,0,37.3024481341251,,148.14886688881455,-1.0,6.0,52.166466,21.15827,29.0
48690,2026-05-11 21:16:45.600000+00:00,52.1676874,21.1576014,88.9,34.77,-0.153,-0.014,0.972,0,35.428120645151026,,143.26439785229132,-1.0,6.0,52.166466,21.15827,29.0
48695,2026-05-11 21:16:46.100000+00:00,52.1676501,21.157631,88.9,32.58,-0.163,-0.032,0.954,0,33.21204741579801,,138.6912384256534,-1.0,6.0,52.166466,21.15827,29.0
48700,2026-05-11 21:16:46.600000+00:00,52.1676147,21.1576597,88.9,31.05,-0.136,-0.042,0.96,0,31.65203904442532,,134.3406844153073,-1.0,6.0,52.166466,21.15827,29.0
48705,2026-05-11 21:16:47.100000+00:00,52.1675813,21.1576864,88.9,29.71,-0.144,-0.078,0.96,0,29.781494424687647,,130.24661699741714,-1.0,6.0,52.166466,21.15827,29.0
48710,2026-05-11 21:16:47.600000+00:00,52.1675494,21.1577114,88.9,28.32,-0.167,-0.125,0.957,0,28.336580949095463,,126.34928140492208,-1.0,6.0,52.166466,21.15827,29.0
48715,2026-05-11 21:16:48.100000+00:00,52.167519,21.1577314,88.8,25.71,-0.16,-0.197,0.948,0,26.245163994310957,,122.7153100489288,-1.0,6.0,52.166466,21.15827,29.0
48720,2026-05-11 21:16:48.600000+00:00,52.1674892,21.1577452,88.9,24.32,-0.16,-0.249,0.94,0,24.80171326938619,,119.27194438542033,-1.0,6.0,52.166466,21.15827,29.0
48725,2026-05-11 21:16:49.100000+00:00,52.1674601,21.1577532,88.9,23.27,-0.132,-0.273,0.929,0,23.62644625211304,,116.02245044699444,-1.0,6.0,52.166466,21.15827,29.0
48730,2026-05-11 21:16:49.600000+00:00,52.1674312,21.1577529,89.0,23.22,-0.151,-0.359,0.953,0,23.13790931136061,,112.9714064128244,-1.0,6.0,52.166466,21.15827,29.0
48735,2026-05-11 21:16:50.100000+00:00,52.1674035,21.1577436,89.0,22.77,-0.141,-0.33,0.884,0,22.642052086919865,,110.25435569632876,-1.0,6.0,52.166466,21.15827,29.0
48740,2026-05-11 21:16:50.600000+00:00,52.1673774,21.1577274,89.1,22.44,-0.151,-0.331,0.909,0,22.358801161776167,,107.88847905775616,-1.0,6.0,52.166466,21.15827,29.0
48745,2026-05-11 21:16:51.100000+00:00,52.1673547,21.1577018,89.0,22.2,-0.171,-0.311,0.91,0,22.09782909409197,,106.14596955937252,-1.0,6.0,52.166466,21.15827,29.0
48750,2026-05-11 21:16:51.600000+00:00,52.1673349,21.1576714,88.9,21.75,-0.135,-0.204,0.937,0,21.77458385845269,,104.88889552889516,-1.0,6.0,52.166466,21.15827,29.0
48755,2026-05-11 21:16:52.100000+00:00,52.1673153,21.1576397,88.9,22.3,-0.068,-0.144,0.929,0,22.10314034226289,,103.76175344855916,-1.0,6.0,52.166466,21.15827,29.0
48760,2026-05-11 21:16:52.600000+00:00,52.1672951,21.1576068,88.8,23.02,-0.031,-0.151,0.962,0,22.859312977058387,,102.69012869526247,-1.0,6.0,52.166466,21.15827,29.0
48765,2026-05-11 21:16:53.100000+00:00,52.167274,21.1575713,88.7,24.6,-0.021,-0.101,0.968,0,24.27461376322056,,101.70083805537972,-1.0,6.0,52.166466,21.15827,29.0
48770,2026-05-11 21:16:53.600000+00:00,52.1672504,21.1575368,88.7,25.72,-0.03,-0.007,0.979,0,25.377264219499978,,100.53952811755904,-1.0,6.0,52.166466,21.15827,29.0
48775,2026-05-11 21:16:54.100000+00:00,52.167224,21.1575034,88.7,26.75,-0.023,0.041,0.984,0,26.75314107465121,,99.185421266042,-1.0,6.0,52.166466,21.15827,29.0
48780,2026-05-11 21:16:54.600000+00:00,52.1671945,21.1574725,88.6,28.33,-0.019,0.055,0.989,0,28.07206858884211,,97.5723852734654,-1.0,6.0,52.166466,21.15827,29.0
48785,2026-05-11 21:16:55.100000+00:00,52.1671626,21.1574445,88.5,29.55,-0.032,0.104,0.982,0,29.005264122017568,,95.75840483257872,-1.0,6.0,52.166466,21.15827,29.0
48790,2026-05-11 21:16:55.600000+00:00,52.1671275,21.157423,88.4,30.04,-0.059,0.136,0.978,0,30.019036084833417,,93.52830679392764,-1.0,6.0,52.166466,21.15827,29.0
48795,2026-05-11 21:16:56.100000+00:00,52.1670904,21.1574073,88.3,30.59,-0.089,0.152,0.981,0,30.686644289538005,,91.0084904530084,-1.0,6.0,52.166466,21.15827,29.0
48800,2026-05-11 21:16:56.600000+00:00,52.1670519,21.1573989,88.3,30.91,-0.086,0.147,0.986,0,31.098014363086044,,88.17120018152717,-1.0,6.0,52.166466,21.15827,29.0
48805,2026-05-11 21:16:57.100000+00:00,52.1670127,21.157398,88.3,31.59,-0.097,0.165,0.99,0,31.38676779643453,,85.04417335259988,-1.0,6.0,52.166466,21.15827,29.0
48810,2026-05-11 21:16:57.600000+00:00,52.1669736,21.1574054,88.3,31.61,-0.095,0.161,0.985,0,31.513805253006097,,81.627452425586,-1.0,6.0,52.166466,21.15827,29.0
48815,2026-05-11 21:16:58.100000+00:00,52.1669354,21.1574196,88.3,31.48,-0.086,0.161,0.977,0,31.36792340916523,29.0,78.02761211000296,-1.0,6.0,52.166466,21.15827,29.0
48820,2026-05-11 21:16:58.600000+00:00,52.1668979,21.1574421,88.4,32.03,-0.081,0.167,0.969,0,31.99118254973168,29.0,74.1266293488954,-1.0,6.0,52.166466,21.15827,29.0
48825,2026-05-11 21:16:59.100000+00:00,52.1668621,21.1574708,88.4,32.05,-0.084,0.166,0.98,0,31.939207908456517,29.0,70.07873108664239,-1.0,6.0,52.166466,21.15827,29.0
48830,2026-05-11 21:16:59.600000+00:00,52.1668281,21.157506,88.4,32.75,-0.076,0.167,0.974,0,32.245006328990684,29.0,65.85086339533223,-1.0,6.0,52.166466,21.15827,29.0
48835,2026-05-11 21:17:00.100000+00:00,52.1667967,21.1575476,88.4,32.26,-0.076,0.164,1.012,0,32.39254571948488,29.0,61.47952540508606,-1.0,6.0,52.166466,21.15827,29.0
48840,2026-05-11 21:17:00.600000+00:00,52.1667673,21.1575946,88.5,33.12,-0.046,0.139,0.974,0,32.965256673694306,29.0,56.959584795970855,-1.0,6.0,52.166466,21.15827,29.0
48845,2026-05-11 21:17:01.100000+00:00,52.1667405,21.1576467,88.6,33.42,-0.04,0.149,0.978,0,33.39051737075683,29.0,52.33404257542905,-1.0,6.0,52.166466,21.15827,29.0
48850,2026-05-11 21:17:01.600000+00:00,52.1667164,21.1577039,88.6,34.29,-0.029,0.115,0.992,0,34.07725934062334,29.0,47.60221680771056,-1.0,6.0,52.166466,21.15827,29.0
48855,2026-05-11 21:17:02.100000+00:00,52.1666939,21.157764,88.6,34.92,0.005,0.031,0.958,0,34.57599737739509,29.0,42.815721796766745,-1.0,6.0,52.166466,21.15827,29.0
48860,2026-05-11 21:17:02.600000+00:00,52.1666721,21.1578271,88.7,36.04,0.01,-0.035,0.977,0,35.56333247216203,29.0,37.91677482140175,-1.0,6.0,52.166466,21.15827,29.0
48865,2026-05-11 21:17:03.100000+00:00,52.16665,21.1578916,88.7,36.93,0.008,-0.06,0.979,0,36.28044844840272,29.0,32.93429969302899,-1.0,6.0,52.166466,21.15827,29.0
48870,2026-05-11 21:17:03.600000+00:00,52.1666273,21.1579585,88.8,38.03,0.009,-0.065,0.968,0,37.543949824186754,29.0,27.803896850362957,-1.0,6.0,52.166466,21.15827,29.0
48875,2026-05-11 21:17:04.100000+00:00,52.1666044,21.1580278,88.9,39.12,0.014,-0.067,0.951,0,38.65514188638672,29.0,22.57667568032398,-1.0,6.0,52.166466,21.15827,29.0
48880,2026-05-11 21:17:04.600000+00:00,52.1665812,21.1580986,89.0,39.88,0.003,-0.051,0.981,0,39.41779027976495,29.0,17.34200553797295,-1.0,6.0,52.166466,21.15827,29.0
48885,2026-05-11 21:17:05.100000+00:00,52.1665581,21.1581716,89.1,40.88,0.003,-0.048,0.97,0,40.33713192241253,29.0,12.24416958689326,-1.0,6.0,52.166466,21.15827,29.0
48890,2026-05-11 21:17:05.600000+00:00,52.1665349,21.1582464,89.2,41.52,-0.007,-0.068,0.963,0,41.16074996885673,29.0,7.828589002708811,-1.0,6.0,52.166466,21.15827,29.0
48895,2026-05-11 21:17:06.100000+00:00,52.1665112,21.1583227,89.3,42.19,-0.018,-0.092,0.972,0,41.99874877287699,29.0,6.178993746818723,-1.0,6.0,52.166466,21.15827,29.0
48900,2026-05-11 21:17:06.600000+00:00,52.1664871,21.1583996,89.4,42.75,-0.022,-0.086,0.968,0,42.40657656975877,29.0,9.145262186437648,-1.0,6.0,52.166466,21.15827,29.0
48905,2026-05-11 21:17:07.100000+00:00,52.1664628,21.1584777,89.4,43.22,-0.023,-0.08,0.954,0,43.004382133562615,29.0,14.170349422514224,-1.0,6.0,52.166466,21.15827,29.0
48910,2026-05-11 21:17:07.600000+00:00,52.1664381,21.1585561,89.5,43.53,-0.018,-0.112,0.973,0,43.28121097472988,29.0,19.758124590398836,-1.0,6.0,52.166466,21.15827,29.0
48915,2026-05-11 21:17:08.100000+00:00,52.1664123,21.1586351,89.6,44.33,-0.023,-0.112,0.963,0,43.95047651390121,29.0,25.60705905954352,-1.0,6.0,52.166466,21.15827,29.0
48920,2026-05-11 21:17:08.600000+00:00,52.1663863,21.1587152,89.7,44.65,-0.026,-0.07,0.968,0,44.50269143352683,29.0,31.631111306205163,-1.0,6.0,52.166466,21.15827,29.0
48925,2026-05-11 21:17:09.100000+00:00,52.1663601,21.1587955,89.9,44.68,-0.043,-0.104,0.948,0,44.66451638867366,29.0,37.725878322361744,-1.0,6.0,52.166466,21.15827,29.0
48930,2026-05-11 21:17:09.600000+00:00,52.1663333,21.1588756,90.0,44.68,-0.043,-0.128,0.975,0,44.80588804408273,29.0,43.860675468177305,-1.0,6.0,52.166466,21.15827,29.0
48935,2026-05-11 21:17:10.100000+00:00,52.1663054,21.1589542,90.1,44.82,-0.039,-0.17,0.944,0,44.59519435816383,29.0,49.96522473137037,-1.0,6.0,52.166466,21.15827,29.0
48940,2026-05-11 21:17:10.600000+00:00,52.1662752,21.1590311,90.2,45.0,-0.043,-0.225,0.938,0,44.84014121170197,29.0,56.07807417508045,-1.0,6.0,52.166466,21.15827,29.0
48945,2026-05-11 21:17:11.100000+00:00,52.1662427,21.1591056,90.3,45.36,-0.046,-0.222,0.939,0,44.893769328974976,29.0,62.16509725053364,-1.0,6.0,52.166466,21.15827,29.0
48950,2026-05-11 21:17:11.600000+00:00,52.1662078,21.1591782,90.4,45.35,-0.046,-0.207,0.966,0,45.296100415992775,29.0,68.27289005822311,-1.0,6.0,52.166466,21.15827,29.0
48955,2026-05-11 21:17:12.100000+00:00,52.1661711,21.1592482,90.4,45.37,-0.049,-0.235,0.935,0,45.22099323130704,29.0,74.33993711780204,-1.0,6.0,52.166466,21.15827,29.0
48960,2026-05-11 21:17:12.600000+00:00,52.1661329,21.1593157,90.5,45.08,-0.076,-0.212,0.94,0,45.10052996286612,,80.36502469564604,-1.0,6.0,52.166466,21.15827,29.0
48965,2026-05-11 21:17:13.100000+00:00,52.1660937,21.1593808,90.6,44.91,-0.071,-0.14,0.962,0,44.79874011256647,,86.33358793415799,-1.0,6.0,52.166466,21.15827,29.0
48970,2026-05-11 21:17:13.600000+00:00,52.1660547,21.1594448,90.8,44.18,-0.052,-0.128,0.956,0,44.30190209172651,,92.2594447448405,-1.0,6.0,52.166466,21.15827,29.0
48975,2026-05-11 21:17:14.100000+00:00,52.166015,21.1595079,90.9,44.62,-0.05,-0.088,0.954,0,44.389029271387145,,98.20017606306637,-1.0,6.0,52.166466,21.15827,29.0
48980,2026-05-11 21:17:14.600000+00:00,52.165976,21.1595711,91.0,44.46,-0.048,-0.051,0.976,0,44.02411314058661,,104.13205693526692,-1.0,6.0,52.166466,21.15827,29.0
48985,2026-05-11 21:17:15.100000+00:00,52.1659373,21.1596357,91.1,44.51,-0.036,-0.067,0.973,0,44.34332018370964,,110.14683802302405,-1.0,6.0,52.166466,21.15827,29.0
48990,2026-05-11 21:17:15.600000+00:00,52.1658989,21.1597004,91.2,44.57,-0.02,-0.091,0.928,0,44.21113360964999,,116.1643299335007,-1.0,6.0,52.166466,21.15827,29.0
48995,2026-05-11 21:17:16.100000+00:00,52.1658603,21.1597649,91.3,44.08,-0.074,-0.082,0.975,0,44.2522947788508,,122.1949323476797,-1.0,6.0,52.166466,21.15827,29.0
49000,2026-05-11 21:17:16.600000+00:00,52.1658218,21.1598283,91.3,43.74,-0.073,-0.116,0.96,0,43.810932086252414,,128.16807914857912,-1.0,6.0,52.166466,21.15827,29.0
49005,2026-05-11 21:17:17.100000+00:00,52.1657831,21.1598904,91.4,43.36,-0.075,-0.154,0.942,0,43.47357708071598,,134.09076917906336,-1.0,6.0,52.166466,21.15827,29.0
49010,2026-05-11 21:17:17.600000+00:00,52.1657439,21.1599497,91.5,43.01,-0.081,-0.172,0.952,0,42.81292313979519,,139.8987515449111,-1.0,6.0,52.166466,21.15827,29.0
49015,2026-05-11 21:17:18.100000+00:00,52.1657041,21.1600065,91.7,42.54,-0.082,-0.197,0.95,0,42.34778462010373,,138.29079775039304,-1.0,6.0,52.164468,21.16023,30.0
49020,2026-05-11 21:17:18.600000+00:00,52.1656629,21.1600593,91.7,41.96,-0.082,-0.217,0.929,0,41.955928158337294,,133.3759502428739,-1.0,6.0,52.164468,21.16023,30.0
49025,2026-05-11 21:17:19.100000+00:00,52.1656199,21.1601079,91.7,41.74,-0.093,-0.258,0.93,0,41.88965411747517,,128.35588492205173,-1.0,6.0,52.164468,21.16023,30.0
49030,2026-05-11 21:17:19.600000+00:00,52.1655752,21.1601505,91.6,41.26,-0.101,-0.267,0.937,0,41.45293578495064,,123.2343735215056,-1.0,6.0,52.164468,21.16023,30.0
49035,2026-05-11 21:17:20.100000+00:00,52.1655295,21.1601882,91.6,40.99,-0.098,-0.272,0.928,0,41.00491039051774,,118.06784146639106,-1.0,6.0,52.164468,21.16023,30.0
49040,2026-05-11 21:17:20.600000+00:00,52.1654826,21.1602197,91.5,40.25,-0.095,-0.265,0.927,0,40.60987555856122,,112.82055984952464,-1.0,6.0,52.164468,21.16023,30.0
49045,2026-05-11 21:17:21.100000+00:00,52.1654351,21.160246,91.4,39.93,-0.102,-0.283,0.925,0,40.16198247949585,,107.5421507069003,-1.0,6.0,52.164468,21.16023,30.0
49050,2026-05-11 21:17:21.600000+00:00,52.1653874,21.1602651,91.2,39.39,-0.106,-0.29,0.928,0,39.32378170052117,,102.26064273907232,-1.0,6.0,52.164468,21.16023,30.0
49055,2026-05-11 21:17:22.100000+00:00,52.1653387,21.1602787,91.1,39.25,-0.099,-0.292,0.919,0,39.55726158239917,,96.87438543077712,-1.0,6.0,52.164468,21.16023,30.0
49060,2026-05-11 21:17:22.600000+00:00,52.1652899,21.1602866,91.1,38.61,-0.103,-0.267,0.931,0,39.26159125997852,,91.47260886779844,-1.0,6.0,52.164468,21.16023,30.0
49065,2026-05-11 21:17:23.100000+00:00,52.1652414,21.16029,91.0,38.57,-0.092,-0.199,0.943,0,38.865149881502425,,86.0954720614397,-1.0,6.0,52.164468,21.16023,30.0
49070,2026-05-11 21:17:23.600000+00:00,52.1651938,21.1602918,91.0,37.92,-0.079,-0.107,0.963,0,38.11897554040252,,80.8152784047017,-1.0,6.0,52.164468,21.16023,30.0
49075,2026-05-11 21:17:24.100000+00:00,52.1651459,21.1602941,90.8,38.1,-0.058,-0.097,0.953,0,38.36553594812825,30.0,75.50572344720281,-1.0,6.0,52.164468,21.16023,30.0
49080,2026-05-11 21:17:24.600000+00:00,52.1650975,21.1602963,90.8,38.63,-0.067,-0.105,0.965,0,38.76426625182229,30.0,70.14312502030894,-1.0,6.0,52.164468,21.16023,30.0
49085,2026-05-11 21:17:25.100000+00:00,52.1650495,21.1602978,90.7,38.32,-0.072,-0.115,0.954,0,38.43602592533187,30.0,64.82500339455031,-1.0,6.0,52.164468,21.16023,30.0
49090,2026-05-11 21:17:25.600000+00:00,52.1650021,21.1602982,90.6,37.39,-0.113,-0.106,0.966,0,37.949112956368616,30.0,59.57110274462542,-1.0,6.0,52.164468,21.16023,30.0
49095,2026-05-11 21:17:26.100000+00:00,52.164956,21.1602983,90.5,36.23,-0.134,-0.101,0.959,0,36.907852729043285,30.0,54.46272258421332,-1.0,6.0,52.164468,21.16023,30.0
49100,2026-05-11 21:17:26.600000+00:00,52.1649116,21.1602975,90.4,35.04,-0.122,-0.093,0.95,0,35.54896507228936,30.0,49.54046072863535,-1.0,6.0,52.164468,21.16023,30.0
49105,2026-05-11 21:17:27.100000+00:00,52.1648685,21.1602964,90.4,34.09,-0.129,-0.11,0.959,0,34.510237725700215,30.0,44.763261977058825,-1.0,6.0,52.164468,21.16023,30.0
49110,2026-05-11 21:17:27.600000+00:00,52.1648273,21.1602937,90.4,32.21,-0.16,-0.135,0.958,0,33.011502059859026,30.0,40.18788436752077,-1.0,6.0,52.164468,21.16023,30.0
49115,2026-05-11 21:17:28.100000+00:00,52.1647883,21.1602886,90.4,30.67,-0.169,-0.145,0.95,0,31.32382200535892,30.0,35.83930443110483,-1.0,6.0,52.164468,21.16023,30.0
49120,2026-05-11 21:17:28.600000+00:00,52.1647523,21.1602829,90.4,27.94,-0.212,-0.127,0.942,0,28.957334916690083,30.0,31.817957833474583,-1.0,6.0,52.164468,21.16023,30.0
49125,2026-05-11 21:17:29.100000+00:00,52.1647193,21.1602763,90.5,25.54,-0.209,-0.117,0.953,0,26.61798266160256,30.0,28.12116425428212,-1.0,6.0,52.164468,21.16023,30.0
49130,2026-05-11 21:17:29.600000+00:00,52.1646896,21.160269,90.5,23.32,-0.18,-0.108,0.968,0,24.04664818104869,30.0,24.783960358854763,-1.0,6.0,52.164468,21.16023,30.0
49135,2026-05-11 21:17:30.100000+00:00,52.1646614,21.1602613,90.4,22.17,-0.127,-0.115,0.958,0,22.89149198016263,30.0,21.610805499125384,-1.0,6.0,52.164468,21.16023,30.0
49140,2026-05-11 21:17:30.600000+00:00,52.1646349,21.1602541,90.4,21.12,-0.128,-0.071,0.959,0,21.50861038687082,30.0,18.631088178480187,-1.0,6.0,52.164468,21.16023,30.0
49145,2026-05-11 21:17:31.100000+00:00,52.1646099,21.1602489,90.3,19.47,-0.125,-0.021,0.965,0,20.17733416575417,30.0,15.831132167212546,-1.0,6.0,52.164468,21.16023,30.0
49150,2026-05-11 21:17:31.600000+00:00,52.1645856,21.1602466,90.3,18.93,-0.122,-0.025,0.974,0,19.487424980819277,30.0,13.1254487551641,-1.0,6.0,52.164468,21.16023,30.0
49155,2026-05-11 21:17:32.100000+00:00,52.1645626,21.1602458,90.2,17.72,-0.105,-0.068,0.95,0,18.41807041209017,30.0,10.574098666255232,-1.0,6.0,52.164468,21.16023,30.0
49160,2026-05-11 21:17:32.600000+00:00,52.1645406,21.1602459,90.1,16.97,-0.116,-0.025,0.979,0,17.613344835114752,30.0,8.145270177766873,-1.0,6.0,52.164468,21.16023,30.0
49165,2026-05-11 21:17:33.100000+00:00,52.1645199,21.1602475,90.0,16.76,-0.092,-0.084,0.956,0,16.591108247838104,30.0,5.893161391270215,-1.0,6.0,52.164468,21.16023,30.0
49170,2026-05-11 21:17:33.600000+00:00,52.1645003,21.160248,90.0,14.97,-0.172,-0.062,0.97,0,15.69374905147111,30.0,3.795636494886196,-1.0,6.0,52.164468,21.16023,30.0
49175,2026-05-11 21:17:34.100000+00:00,52.1644842,21.1602482,89.8,12.55,-0.184,-0.083,0.953,0,12.890090094788182,30.0,2.187662144347125,-1.0,6.0,52.164468,21.16023,30.0
49180,2026-05-11 21:17:34.600000+00:00,52.1644689,21.160249,89.8,11.97,-0.139,-0.112,0.934,0,12.255531764971394,30.0,1.2997842612112829,-1.0,6.0,52.164468,21.16023,30.0
49185,2026-05-11 21:17:35.100000+00:00,52.1644565,21.160248,89.8,8.99,-0.202,-0.083,0.973,0,9.93962207279976,30.0,1.7727028358272072,-1.0,6.0,52.164468,21.16023,30.0
49190,2026-05-11 21:17:35.600000+00:00,52.1644467,21.1602481,89.8,6.98,-0.206,-0.07,0.958,0,7.846067711749707,30.0,2.6708901664769447,-1.0,6.0,52.164468,21.16023,30.0
49195,2026-05-11 21:17:36.100000+00:00,52.1644403,21.1602476,89.9,4.11,-0.227,-0.064,0.961,0,5.129742281068483,30.0,3.3057619128755817,-1.0,6.0,52.164468,21.16023,30.0
49200,2026-05-11 21:17:36.600000+00:00,52.1644373,21.1602469,89.8,1.61,-0.203,-0.06,0.961,0,2.426286325039998,30.0,3.6030459297474127,-1.0,6.0,52.164468,21.16023,30.0
49205,2026-05-11 21:17:37.100000+00:00,52.1644363,21.1602484,90.0,0.14,-0.168,-0.071,0.973,0,1.0879305069164074,30.0,3.741631230885347,-1.0,6.0,52.164468,21.16023,30.0
49210,2026-05-11 21:17:37.600000+00:00,52.1644354,21.1602489,90.1,0.11,-0.051,-0.076,0.959,0,0.7612320738473499,30.0,3.847348381881439,-1.0,6.0,52.164468,21.16023,30.0
49215,2026-05-11 21:17:38.100000+00:00,52.1644344,21.1602496,90.3,0.03,-0.069,-0.069,0.963,0,0.8712852622715005,30.0,3.9681207680571577,-1.0,6.0,52.164468,21.16023,30.0
49220,2026-05-11 21:17:38.600000+00:00,52.1644335,21.1602503,90.4,0.11,-0.057,-0.076,0.974,0,0.7983448345697159,30.0,4.0784464707203805,-1.0,6.0,52.164468,21.16023,30.0
49225,2026-05-11 21:17:39.100000+00:00,52.1644325,21.1602515,90.6,0.11,-0.061,-0.074,0.97,0,0.9941062239103564,30.0,4.21100691368808,-1.0,6.0,52.164468,21.16023,30.0
49230,2026-05-11 21:17:39.600000+00:00,52.1644314,21.160253,90.8,0.15,-0.062,-0.072,0.972,0,1.1481270564192383,30.0,4.3616193920316695,-1.0,6.0,52.164468,21.16023,30.0
49235,2026-05-11 21:17:40.100000+00:00,52.1644303,21.1602547,91.0,0.1,-0.061,-0.073,0.968,0,1.2134838320578385,30.0,4.5179089936235695,-1.0,6.0,52.164468,21.16023,30.0
49240,2026-05-11 21:17:40.600000+00:00,52.1644291,21.1602565,91.2,0.06,-0.063,-0.072,0.971,0,1.3055167007959922,30.0,4.687938914971466,-1.0,6.0,52.164468,21.16023,30.0
49245,2026-05-11 21:17:41.100000+00:00,52.1644282,21.160258,91.3,0.07,-0.063,-0.076,0.965,0,1.0304413856690933,30.0,4.820046541225854,-1.0,6.0,52.164468,21.16023,30.0
49250,2026-05-11 21:17:41.600000+00:00,52.1644273,21.1602595,91.5,0.08,-0.061,-0.073,0.97,0,1.030441403441572,30.0,4.952765987779245,-1.0,6.0,52.164468,21.16023,30.0
49255,2026-05-11 21:17:42.100000+00:00,52.1644263,21.1602611,91.7,0.15,-0.06,-0.074,0.971,0,1.1217642272160284,30.0,5.098998198743456,-1.0,6.0,52.164468,21.16023,30.0
49260,2026-05-11 21:17:42.600000+00:00,52.1644254,21.1602625,91.8,0.08,-0.06,-0.073,0.968,0,0.995927165205841,30.0,5.2299225969865,-1.0,6.0,52.164468,21.16023,30.0
49265,2026-05-11 21:17:43.100000+00:00,52.1644244,21.1602639,92.0,0.06,-0.059,-0.071,0.971,0,1.0552982792911267,30.0,5.371252917041401,-1.0,6.0,52.164468,21.16023,30.0
49270,2026-05-11 21:17:43.600000+00:00,52.1644235,21.1602654,92.2,0.07,-0.059,-0.072,0.971,0,1.030441448409216,30.0,5.505843728756552,-1.0,6.0,52.164468,21.16023,30.0
49275,2026-05-11 21:17:44.100000+00:00,52.1644225,21.1602667,92.3,0.08,-0.061,-0.072,0.971,0,1.0239820486665654,30.0,5.644745279706413,-1.0,6.0,52.164468,21.16023,30.0
49280,2026-05-11 21:17:44.600000+00:00,52.1644215,21.160268,92.5,0.05,-0.059,-0.074,0.97,0,1.0239820566371682,30.0,5.783808112807083,-1.0,6.0,52.164468,21.16023,30.0
49285,2026-05-11 21:17:45.100000+00:00,52.1644206,21.1602692,92.7,0.08,-0.063,-0.068,0.97,0,0.9308403906038456,30.0,5.91001857057361,-1.0,6.0,52.164468,21.16023,30.0
49290,2026-05-11 21:17:45.600000+00:00,52.1644198,21.1602705,92.8,0.07,-0.063,-0.07,0.97,0,0.9043182854625066,30.0,6.02958965279193,-1.0,6.0,52.164468,21.16023,30.0
49295,2026-05-11 21:17:46.100000+00:00,52.1644189,21.1602715,93.0,0.17,-0.032,-0.07,0.971,0,0.8719805504422495,30.0,6.1498106118014455,-1.0,6.0,52.164468,21.16023,30.0
49300,2026-05-11 21:17:46.600000+00:00,52.1644172,21.1602711,93.0,1.4,0.006,-0.076,0.97,0,1.3751284770862822,30.0,6.306052243418032,-1.0,6.0,52.164468,21.16023,30.0
49305,2026-05-11 21:17:47.100000+00:00,52.1644144,21.1602704,93.0,2.38,0.02,-0.062,0.974,0,2.2678943980150734,30.0,6.56621853497059,-1.0,6.0,52.164468,21.16023,30.0
49310,2026-05-11 21:17:47.600000+00:00,52.1644101,21.1602688,93.0,3.64,0.028,-0.058,0.979,0,3.5311257882978886,30.0,6.960874611111787,-1.0,6.0,52.164468,21.16023,30.0
49315,2026-05-11 21:17:48.100000+00:00,52.1644036,21.1602675,92.9,5.34,0.041,-0.055,0.972,0,5.242936553201437,30.0,7.604034397354764,-1.0,6.0,52.164468,21.16023,30.0
49320,2026-05-11 21:17:48.600000+00:00,52.1643955,21.1602662,92.6,7.21,0.056,-0.053,0.97,0,6.516237233180518,30.0,8.43126795042893,-1.0,6.0,52.164468,21.16023,30.0
49325,2026-05-11 21:17:49.100000+00:00,52.1643839,21.160266,92.5,9.74,0.064,-0.041,0.96,0,9.287519629806877,30.0,9.66848580933313,-1.0,6.0,52.164468,21.16023,30.0
49330,2026-05-11 21:17:49.600000+00:00,52.1643691,21.1602682,92.4,12.88,0.063,-0.045,0.994,0,11.898085083081488,30.0,11.301616671455992,-1.0,6.0,52.164468,21.16023,30.0
49335,2026-05-11 21:17:50.100000+00:00,52.164351,21.1602738,92.3,15.53,0.079,-0.039,0.965,0,14.749572315093303,30.0,13.348406124231134,-1.0,6.0,52.164468,21.16023,30.0
49340,2026-05-11 21:17:50.600000+00:00,52.1643291,21.1602824,92.3,18.54,0.074,-0.09,0.984,0,18.03470238095539,30.0,15.853106123535964,-1.0,6.0,52.164468,21.16023,30.0
49345,2026-05-11 21:17:51.100000+00:00,52.1643039,21.1602908,92.4,21.28,0.09,-0.068,0.95,0,20.59261682503201,30.0,18.71239072687146,-1.0,6.0,52.164468,21.16023,30.0
49350,2026-05-11 21:17:51.600000+00:00,52.1642762,21.1603009,92.4,23.49,0.056,-0.032,1.005,0,22.724620978699317,30.0,21.86857215963758,-1.0,6.0,52.164468,21.16023,30.0
49355,2026-05-11 21:17:52.100000+00:00,52.164247,21.1603114,92.5,25.17,0.026,-0.039,0.975,0,23.93955109910835,30.0,25.1934599242118,-1.0,6.0,52.164468,21.16023,30.0
49360,2026-05-11 21:17:52.600000+00:00,52.1642158,21.1603246,92.5,26.74,0.025,-0.034,0.969,0,25.806264292247544,30.0,28.776085333714565,-1.0,6.0,52.164468,21.16023,30.0
49365,2026-05-11 21:17:53.100000+00:00,52.1641828,21.1603407,92.5,28.09,0.022,-0.043,0.979,0,27.57762824734325,30.0,32.59925252555694,-1.0,6.0,52.164468,21.16023,30.0
49370,2026-05-11 21:17:53.600000+00:00,52.1641484,21.160358,92.6,29.57,0.025,-0.031,0.965,0,28.821404014241,30.0,36.59458309990201,-1.0,6.0,52.164468,21.16023,30.0
49375,2026-05-11 21:17:54.100000+00:00,52.1641126,21.160378,92.6,30.72,0.007,-0.02,0.99,0,30.29778682296565,30.0,40.787586436085306,-1.0,6.0,52.164468,21.16023,30.0
49380,2026-05-11 21:17:54.600000+00:00,52.1640762,21.1603999,92.7,31.69,0.011,-0.023,0.961,0,31.063198914405657,30.0,45.08105355451818,-1.0,6.0,52.164468,21.16023,30.0
49385,2026-05-11 21:17:55.100000+00:00,52.1640389,21.1604238,92.7,32.39,0.008,-0.037,0.959,0,32.08627598483345,30.0,49.51091029372576,-1.0,6.0,52.164468,21.16023,30.0
49390,2026-05-11 21:17:55.600000+00:00,52.1640028,21.1604498,92.8,31.98,0.0,-0.076,0.98,0,31.596605353521102,30.0,53.85657326757604,-1.0,6.0,52.164468,21.16023,30.0
49395,2026-05-11 21:17:56.100000+00:00,52.1639664,21.1604776,93.2,32.32,0.0,-0.083,0.952,0,32.18139026088024,30.0,58.276057963463344,-1.0,6.0,52.164468,21.16023,30.0
49400,2026-05-11 21:17:56.600000+00:00,52.163932,21.1605044,93.2,31.08,0.002,-0.089,0.966,0,30.5239802017406,30.0,62.470043950521706,-1.0,6.0,52.164468,21.16023,30.0
49405,2026-05-11 21:17:57.100000+00:00,52.1638949,21.1605301,93.3,32.01,-0.019,-0.082,0.966,0,32.27265663750217,30.0,66.93247885294774,-1.0,6.0,52.164468,21.16023,30.0
49410,2026-05-11 21:17:57.600000+00:00,52.1638537,21.1605548,93.5,34.46,-0.076,-0.075,0.958,0,35.14454135191216,30.0,71.80972844898649,-1.0,6.0,52.164468,21.16023,30.0
49415,2026-05-11 21:17:58.100000+00:00,52.1638172,21.1605775,93.6,32.22,-0.084,-0.092,0.959,0,31.276211453320617,30.0,76.1483565353655,-1.0,6.0,52.164468,21.16023,30.0
49420,2026-05-11 21:17:58.600000+00:00,52.1637802,21.1605953,93.8,31.2,-0.084,-0.085,0.968,0,30.885207524007928,,80.43619426229266,-1.0,6.0,52.164468,21.16023,30.0
49425,2026-05-11 21:17:59.100000+00:00,52.1637447,21.1606086,94.0,29.79,-0.081,-0.084,0.957,0,29.16228232588569,,84.47123030949967,-1.0,6.0,52.164468,21.16023,30.0
49430,2026-05-11 21:17:59.600000+00:00,52.163703,21.1606249,94.4,31.65,-0.077,-0.085,0.955,0,34.33142980446539,,89.22667831934096,-1.0,6.0,52.164468,21.16023,30.0
49435,2026-05-11 21:18:00.100000+00:00,52.1636685,21.1606425,94.5,30.16,-0.087,-0.085,0.965,0,28.941600681964296,,93.2463231218789,-1.0,6.0,52.164468,21.16023,30.0
49440,2026-05-11 21:18:00.600000+00:00,52.1636332,21.1606531,94.6,29.23,-0.085,-0.088,0.957,0,28.736731877703274,,97.20797705591092,-1.0,6.0,52.164468,21.16023,30.0
49445,2026-05-11 21:18:01.100000+00:00,52.1635988,21.1606601,94.7,28.47,-0.083,-0.089,0.965,0,27.754478434766146,,101.00466689279654,-1.0,6.0,52.164468,21.16023,30.0
49450,2026-05-11 21:18:01.600000+00:00,52.1635644,21.1606782,95.0,28.74,-0.083,-0.083,0.959,0,28.939684692850697,,105.02347475695174,-1.0,6.0,52.164468,21.16023,30.0
49455,2026-05-11 21:18:02.100000+00:00,52.1635175,21.1606746,94.6,32.48,-0.077,-0.087,0.968,0,37.589901598071,,109.95519810852568,-1.0,6.0,52.164468,21.16023,30.0
49460,2026-05-11 21:18:02.600000+00:00,52.1634717,21.1607062,94.4,35.44,-0.085,-0.061,0.97,0,39.81640568980885,,115.44677941271829,-1.0,6.0,52.164468,21.16023,30.0
49465,2026-05-11 21:18:03.100000+00:00,52.1634367,21.1607485,94.3,33.65,-0.082,-0.052,0.959,0,34.88152655561705,,120.0048029226054,-1.0,6.0,52.164468,21.16023,30.0
49470,2026-05-11 21:18:03.600000+00:00,52.1633995,21.1607796,94.3,32.22,-0.081,-0.05,0.969,0,33.47035360121652,,124.58531225384276,-1.0,6.0,52.164468,21.16023,30.0
49475,2026-05-11 21:18:04.100000+00:00,52.163361,21.1608073,94.3,32.11,-0.088,-0.017,0.97,0,33.691629937398915,,129.23744314032163,-1.0,6.0,52.164468,21.16023,30.0
49480,2026-05-11 21:18:04.600000+00:00,52.1633242,21.1608309,94.5,31.55,-0.083,0.025,0.978,0,31.65989482262677,,133.6256173833272,-1.0,6.0,52.164468,21.16023,30.0
49485,2026-05-11 21:18:05.100000+00:00,52.1632913,21.1608548,94.4,30.02,-0.06,0.065,0.98,0,28.83664674827656,,137.6082774650286,-1.0,6.0,52.164468,21.16023,30.0
49490,2026-05-11 21:18:05.600000+00:00,52.1632621,21.160892,93.5,30.23,-0.056,0.093,0.981,0,29.669307519731777,,141.48832978262692,-1.0,6.0,52.164468,21.16023,30.0
49495,2026-05-11 21:18:06.100000+00:00,52.1632328,21.1609474,93.2,30.73,-0.059,0.141,0.97,0,35.92330756928102,,145.80403850008892,-1.0,6.0,52.164468,21.16023,30.0
49500,2026-05-11 21:18:06.600000+00:00,52.1632048,21.1610107,93.2,31.96,-0.062,0.132,0.974,0,38.326254754309645,,150.21631453413318,-1.0,6.0,52.164468,21.16023,30.0
49505,2026-05-11 21:18:07.100000+00:00,52.1631825,21.1610748,92.9,32.8,-0.067,0.15,0.994,0,36.18995332887002,,154.1182104572652,-1.0,6.0,52.164468,21.16023,30.0
49510,2026-05-11 21:18:07.600000+00:00,52.1631657,21.161144,92.3,33.55,-0.054,0.148,0.972,0,36.54909128989131,,157.6584510909437,-1.0,6.0,52.164468,21.16023,30.0
49515,2026-05-11 21:18:08.100000+00:00,52.163152,21.1612126,92.1,33.65,-0.048,0.149,0.992,0,35.430109572274944,,160.95029776102143,-1.0,6.0,52.164468,21.16023,30.0
49520,2026-05-11 21:18:08.600000+00:00,52.16314,21.1612852,91.7,34.54,-0.034,0.122,0.975,0,36.92572033107511,,164.27286175881022,-1.0,6.0,52.164468,21.16023,30.0
49525,2026-05-11 21:18:09.100000+00:00,52.1631314,21.1613544,91.7,35.19,-0.017,0.096,0.967,0,34.67474132257133,,167.244149112714,-1.0,6.0,52.164468,21.16023,30.0
49530,2026-05-11 21:18:09.600000+00:00,52.1631241,21.1614264,91.7,36.18,-0.017,0.092,0.997,0,35.83912559275333,,170.26430193480397,-1.0,6.0,52.164468,21.16023,30.0
49535,2026-05-11 21:18:10.100000+00:00,52.1631193,21.1615003,91.6,36.88,0.001,0.067,0.971,0,36.49537007505172,,173.19871984909335,-1.0,6.0,52.164468,21.16023,30.0
49540,2026-05-11 21:18:10.600000+00:00,52.1631163,21.1615781,91.6,37.91,0.008,0.016,0.98,0,38.28320114378594,,176.19786316594386,-1.0,6.0,52.164468,21.16023,30.0
49545,2026-05-11 21:18:11.100000+00:00,52.1631149,21.1616584,91.5,39.48,0.007,0.012,0.981,0,39.45146824548724,,179.24772872955805,-1.0,6.0,52.164468,21.16023,30.0
49550,2026-05-11 21:18:11.600000+00:00,52.1631136,21.1617458,91.6,40.53,0.007,-0.047,0.976,0,42.93498980971861,,182.67569169039268,-1.0,6.0,52.164468,21.16023,30.0
49555,2026-05-11 21:18:12.100000+00:00,52.1631098,21.1618398,91.5,41.39,0.005,-0.078,0.973,0,46.263791934679496,,186.7209965552147,-1.0,6.0,52.164468,21.16023,30.0
49560,2026-05-11 21:18:12.600000+00:00,52.1631098,21.1619303,91.4,42.25,-0.013,-0.055,0.977,0,44.44479587452786,,190.41635501226324,-1.0,6.0,52.164468,21.16023,30.0
49565,2026-05-11 21:18:13.100000+00:00,52.1631094,21.1620222,91.4,42.58,-0.012,-0.057,0.96,0,45.13347601800685,,194.33225725354205,-1.0,6.0,52.164468,21.16023,30.0
49570,2026-05-11 21:18:13.600000+00:00,52.1631093,21.1621173,91.3,43.18,-0.021,-0.053,0.972,0,46.70393746428404,,198.4850525933894,-1.0,6.0,52.164468,21.16023,30.0
49575,2026-05-11 21:18:14.100000+00:00,52.1631097,21.1622105,91.2,43.75,-0.016,-0.062,0.961,0,45.77189381046456,,202.6324991746944,-1.0,6.0,52.164468,21.16023,30.0
49580,2026-05-11 21:18:14.600000+00:00,52.163111,21.1623018,91.3,43.96,-0.026,-0.07,0.971,0,44.84975535491429,,206.730534825496,-1.0,6.0,52.164468,21.16023,30.0
49585,2026-05-11 21:18:15.100000+00:00,52.1631118,21.1623941,91.4,44.31,-0.018,-0.069,0.96,0,45.33330382894637,,211.02037119598037,-1.0,6.0,52.164468,21.16023,30.0
49590,2026-05-11 21:18:15.600000+00:00,52.1631126,21.1624871,91.5,44.5,-0.029,-0.053,0.978,0,45.67704084272811,,215.4429457232532,-1.0,6.0,52.164468,21.16023,30.0
49595,2026-05-11 21:18:16.100000+00:00,52.1631135,21.1625797,91.5,45.0,-0.008,-0.066,0.96,0,45.48181619711591,,219.93208966266755,-1.0,6.0,52.164468,21.16023,30.0
49600,2026-05-11 21:18:16.600000+00:00,52.1631145,21.162673,91.6,45.59,-0.028,-0.085,0.953,0,45.826873032304064,,224.537195014673,-1.0,6.0,52.164468,21.16023,30.0
49605,2026-05-11 21:18:17.100000+00:00,52.1631145,21.1627672,91.6,45.85,-0.029,-0.133,0.968,0,46.261871040987785,,229.34581152790005,-1.0,6.0,52.162,21.166262,31.0
49610,2026-05-11 21:18:17.600000+00:00,52.1631136,21.162862,91.7,46.3,-0.04,-0.143,0.95,0,46.56210860265226,,234.32763803432272,-1.0,6.0,52.162,21.166262,31.0
49615,2026-05-11 21:18:18.100000+00:00,52.1631114,21.1629557,91.7,45.85,-0.079,-0.162,0.953,0,46.050017859171085,,239.41326421507884,-1.0,6.0,52.162,21.166262,31.0
49620,2026-05-11 21:18:18.600000+00:00,52.163107,21.1630482,91.8,45.34,-0.084,-0.164,0.952,0,45.56338007245118,,244.64730235576477,-1.0,6.0,52.162,21.166262,31.0
49625,2026-05-11 21:18:19.100000+00:00,52.1631018,21.1631397,91.9,45.06,-0.067,-0.163,0.948,0,45.12834132308251,,245.6956502761724,-1.0,6.0,52.162,21.166262,31.0
49630,2026-05-11 21:18:19.600000+00:00,52.1630944,21.1632298,91.8,44.73,-0.059,-0.159,0.94,0,44.6432214856876,,239.96975847477503,-1.0,6.0,52.162,21.166262,31.0
49635,2026-05-11 21:18:20.100000+00:00,52.1630854,21.1633201,91.9,45.04,-0.059,-0.149,0.96,0,44.92815088282863,,234.1645991247802,-1.0,6.0,52.162,21.166262,31.0
49640,2026-05-11 21:18:20.600000+00:00,52.1630741,21.16341,91.9,45.11,-0.04,-0.164,0.945,0,45.06752627218447,,228.271704985642,-1.0,6.0,52.162,21.166262,31.0
49645,2026-05-11 21:18:21.100000+00:00,52.1630607,21.1634992,91.9,45.47,-0.051,-0.167,0.948,0,45.100918825446925,,222.3153203579912,-1.0,6.0,52.162,21.166262,31.0
49650,2026-05-11 21:18:21.600000+00:00,52.1630463,21.163589,91.8,45.48,-0.047,-0.143,0.935,0,45.58306625884094,,216.2819869363068,-1.0,6.0,52.162,21.166262,31.0
49655,2026-05-11 21:18:22.100000+00:00,52.1630301,21.1636781,91.7,46.18,-0.052,-0.176,0.971,0,45.63900048694897,,210.19703873923436,-1.0,6.0,52.162,21.166262,31.0
49660,2026-05-11 21:18:22.600000+00:00,52.1630124,21.1637671,91.6,46.22,-0.045,-0.184,0.942,0,45.94798662594718,,204.04115700478292,-1.0,6.0,52.162,21.166262,31.0
49665,2026-05-11 21:18:23.100000+00:00,52.1629925,21.1638559,91.6,46.71,-0.059,-0.178,0.953,0,46.42912147325394,,197.77428529047577,-1.0,6.0,52.162,21.166262,31.0
49670,2026-05-11 21:18:23.600000+00:00,52.1629709,21.1639434,91.5,46.58,-0.056,-0.177,0.944,0,46.32071293656348,,191.48602384943715,-1.0,6.0,52.162,21.166262,31.0
49675,2026-05-11 21:18:24.100000+00:00,52.1629468,21.1640294,91.4,46.87,-0.063,-0.174,0.961,0,46.433529800187685,,185.1335934567138,-1.0,6.0,52.162,21.166262,31.0
49680,2026-05-11 21:18:24.600000+00:00,52.1629208,21.1641144,91.2,47.08,-0.053,-0.18,0.936,0,46.64596248716972,,178.72283291421152,-1.0,6.0,52.162,21.166262,31.0
49685,2026-05-11 21:18:25.100000+00:00,52.1628931,21.1641982,90.9,47.05,-0.07,-0.184,0.964,0,46.749411240446406,,172.27494599143716,-1.0,6.0,52.162,21.166262,31.0
49690,2026-05-11 21:18:25.600000+00:00,52.1628644,21.1642814,90.7,47.27,-0.065,-0.162,0.939,0,46.8774295401926,,165.79942279184036,-1.0,6.0,52.162,21.166262,31.0
49695,2026-05-11 21:18:26.100000+00:00,52.1628347,21.1643643,90.7,47.3,-0.063,-0.137,0.966,0,47.147744029700426,,159.27857186964997,-1.0,6.0,52.162,21.166262,31.0
49700,2026-05-11 21:18:26.600000+00:00,52.1628044,21.1644461,90.6,47.07,-0.057,-0.133,0.952,0,46.92857641595591,,152.78180540536565,-1.0,6.0,52.162,21.166262,31.0
49705,2026-05-11 21:18:27.100000+00:00,52.1627735,21.164528,90.6,47.24,-0.053,-0.113,0.966,0,47.22052494809256,,146.24215028012958,-1.0,6.0,52.162,21.166262,31.0
49710,2026-05-11 21:18:27.600000+00:00,52.1627421,21.1646094,90.6,47.37,-0.042,-0.101,0.955,0,47.22344245543519,,139.6989149674886,-1.0,6.0,52.162,21.166262,31.0
49715,2026-05-11 21:18:28.100000+00:00,52.1627104,21.1646903,90.6,47.22,-0.07,-0.086,0.964,0,47.144639375526815,,133.16486997173385,-1.0,6.0,52.162,21.166262,31.0
49720,2026-05-11 21:18:28.600000+00:00,52.1626784,21.164771,90.5,47.26,-0.063,-0.078,0.956,0,47.19187425775827,,126.62332958526092,-1.0,6.0,52.162,21.166262,31.0
49725,2026-05-11 21:18:29.100000+00:00,52.1626465,21.1648514,90.4,47.24,-0.064,-0.076,0.971,0,47.02470546809706,,120.1062400124588,-1.0,6.0,52.162,21.166262,31.0
49730,2026-05-11 21:18:29.600000+00:00,52.1626144,21.1649316,90.3,47.18,-0.053,-0.076,0.954,0,47.02959282635637,,113.58828989635757,-1.0,6.0,52.162,21.166262,31.0
49735,2026-05-11 21:18:30.100000+00:00,52.1625823,21.1650121,90.2,47.35,-0.068,-0.072,0.98,0,47.15307503342439,,107.05573912737712,-1.0,6.0,52.162,21.166262,31.0
49740,2026-05-11 21:18:30.600000+00:00,52.1625504,21.1650929,90.1,47.52,-0.047,-0.076,0.955,0,47.18984472397021,,100.52263333916504,-1.0,6.0,52.162,21.166262,31.0
49745,2026-05-11 21:18:31.100000+00:00,52.1625185,21.1651741,90.0,47.57,-0.062,-0.08,0.968,0,47.35517598678987,,93.9709078217392,-1.0,6.0,52.162,21.166262,31.0
49750,2026-05-11 21:18:31.600000+00:00,52.1624866,21.1652552,89.9,47.38,-0.058,-0.071,0.961,0,47.31385086069859,,87.4283495043706,-1.0,6.0,52.162,21.166262,31.0
49755,2026-05-11 21:18:32.100000+00:00,52.1624549,21.1653361,89.8,47.26,-0.069,-0.077,0.961,0,47.144831600578655,,80.91500919884567,-1.0,6.0,52.162,21.166262,31.0
49760,2026-05-11 21:18:32.600000+00:00,52.1624232,21.1654164,89.7,47.13,-0.065,-0.068,0.965,0,46.89679713056975,31.0,74.43943876373488,-1.0,6.0,52.162,21.166262,31.0
49765,2026-05-11 21:18:33.100000+00:00,52.1623915,21.1654966,89.6,47.21,-0.065,-0.089,0.967,0,46.85553014896751,31.0,67.97634271943072,-1.0,6.0,52.162,21.166262,31.0
49770,2026-05-11 21:18:33.600000+00:00,52.1623596,21.1655768,89.4,46.89,-0.061,-0.081,0.958,0,46.94247552592434,31.0,61.50819236678031,-1.0,6.0,52.162,21.166262,31.0
49775,2026-05-11 21:18:34.100000+00:00,52.1623276,21.1656569,89.3,47.26,-0.051,-0.078,0.97,0,46.94494360511095,31.0,55.04997859355379,-1.0,6.0,52.162,21.166262,31.0
49780,2026-05-11 21:18:34.600000+00:00,52.1622954,21.1657375,89.2,47.53,-0.043,-0.066,0.972,0,47.23811621654247,31.0,48.5681344791919,-1.0,6.0,52.162,21.166262,31.0
49785,2026-05-11 21:18:35.100000+00:00,52.1622633,21.1658188,89.2,47.62,-0.042,-0.079,0.972,0,47.48320376163212,31.0,42.08418267430204,-1.0,6.0,52.162,21.166262,31.0
49790,2026-05-11 21:18:35.600000+00:00,52.1622308,21.1659006,89.1,48.12,-0.037,-0.078,0.964,0,47.86322865390935,31.0,35.58525942128246,-1.0,6.0,52.162,21.166262,31.0
49795,2026-05-11 21:18:36.100000+00:00,52.1621983,21.1659828,89.1,48.43,-0.041,-0.066,0.948,0,48.02825400130344,31.0,29.13564832664116,-1.0,6.0,52.162,21.166262,31.0
49800,2026-05-11 21:18:36.600000+00:00,52.1621659,21.1660656,89.0,48.41,-0.053,-0.063,1.001,0,48.23311820583197,31.0,22.79839492170433,-1.0,6.0,52.162,21.166262,31.0
49805,2026-05-11 21:18:37.100000+00:00,52.1621334,21.1661492,88.9,48.76,-0.031,-0.068,0.965,0,48.60764845935506,31.0,16.71015793369378,-1.0,6.0,52.162,21.166262,31.0
49810,2026-05-11 21:18:37.600000+00:00,52.1621011,21.1662332,88.9,48.8,-0.053,-0.068,0.963,0,48.68848508093949,31.0,11.412156688043837,-1.0,6.0,52.162,21.166262,31.0
49815,2026-05-11 21:18:38.100000+00:00,52.1620691,21.166317,88.9,48.37,-0.071,-0.065,0.963,0,48.47795756178227,31.0,8.55052715482928,-1.0,6.0,52.162,21.166262,31.0
49820,2026-05-11 21:18:38.600000+00:00,52.1620371,21.1664007,88.8,48.49,-0.057,-0.086,0.957,0,48.43629647800313,31.0,10.321081502252968,-1.0,6.0,52.162,21.166262,31.0
49825,2026-05-11 21:18:39.100000+00:00,52.162005,21.1664838,88.8,48.33,-0.059,-0.088,0.972,0,48.229111316580806,31.0,15.139280699281876,-1.0,6.0,52.162,21.166262,31.0
49830,2026-05-11 21:18:39.600000+00:00,52.1619726,21.1665664,88.8,48.38,-0.054,-0.083,0.945,0,48.1504865784164,31.0,20.9856002501092,-1.0,6.0,52.162,21.166262,31.0
49835,2026-05-11 21:18:40.100000+00:00,52.16194,21.1666487,88.8,47.9,-0.056,-0.083,0.986,0,48.113121200720926,31.0,27.20766078336554,-1.0,6.0,52.162,21.166262,31.0
49840,2026-05-11 21:18:40.600000+00:00,52.1619073,21.1667307,88.7,47.96,-0.056,-0.075,0.965,0,48.03302872122047,31.0,33.59087983709594,-1.0,6.0,52.162,21.166262,31.0
49845,2026-05-11 21:18:41.100000+00:00,52.1618745,21.1668126,88.7,47.93,-0.052,-0.067,0.952,0,48.03560527239938,31.0,40.06553552280867,-1.0,6.0,52.162,21.166262,31.0
49850,2026-05-11 21:18:41.600000+00:00,52.1618422,21.1668947,88.7,47.98,-0.053,-0.08,0.96,0,47.900621194661184,31.0,46.58746050084388,-1.0,6.0,52.162,21.166262,31.0
49855,2026-05-11 21:18:42.100000+00:00,52.1618099,21.1669764,88.7,47.63,-0.052,-0.065,0.976,0,47.73540323513143,31.0,53.11683062743749,-1.0,6.0,52.162,21.166262,31.0
49860,2026-05-11 21:18:42.600000+00:00,52.1617775,21.167058,88.6,47.9,-0.046,-0.11,0.954,0,47.73760969388862,31.0,59.66678663290679,-1.0,6.0,52.162,21.166262,31.0
49865,2026-05-11 21:18:43.100000+00:00,52.1617433,21.1671386,88.6,48.16,-0.043,-0.186,0.949,0,48.13105758156711,31.0,66.25705963446785,-1.0,6.0,52.162,21.166262,31.0
49870,2026-05-11 21:18:43.600000+00:00,52.161707,21.1672163,88.5,48.01,-0.064,-0.176,0.968,0,47.966341689054026,31.0,72.79159179705289,-1.0,6.0,52.162,21.166262,31.0
49875,2026-05-11 21:18:44.100000+00:00,52.16167,21.1672929,88.5,48.13,-0.044,-0.172,0.928,0,47.88237546336849,31.0,79.31675282119619,-1.0,6.0,52.162,21.166262,31.0
49880,2026-05-11 21:18:44.600000+00:00,52.1616311,21.1673681,88.5,48.41,-0.062,-0.155,0.977,0,48.31044042829643,,85.87783536244714,-1.0,6.0,52.162,21.166262,31.0
49885,2026-05-11 21:18:45.100000+00:00,52.1615919,21.1674424,88.5,48.01,-0.042,-0.109,0.914,0,48.12967559541788,,92.42314797158312,-1.0,6.0,52.162,21.166262,31.0
49890,2026-05-11 21:18:45.600000+00:00,52.1615522,21.167517,88.6,49.18,-0.068,-0.106,0.99,0,48.50287081763575,,99.03272986475194,-1.0,6.0,52.162,21.166262,31.0
49895,2026-05-11 21:18:46.100000+00:00,52.1615128,21.1675911,88.6,48.61,-0.052,-0.092,0.926,0,48.16002075176113,,105.61196197198504,-1.0,6.0,52.162,21.166262,31.0
49900,2026-05-11 21:18:46.600000+00:00,52.1614724,21.1676651,88.6,48.55,-0.066,-0.073,0.986,0,48.6514839482718,,112.25642104202632,-1.0,6.0,52.162,21.166262,31.0
49905,2026-05-11 21:18:47.100000+00:00,52.1614324,21.16774,88.5,49.1,-0.058,-0.077,0.958,0,48.77170289612641,,118.94199784923336,-1.0,6.0,52.162,21.166262,31.0
49910,2026-05-11 21:18:47.600000+00:00,52.1613924,21.1678148,88.5,48.89,-0.079,-0.075,0.979,0,48.73469675797826,,125.63128551212378,-1.0,6.0,52.162,21.166262,31.0
49915,2026-05-11 21:18:48.100000+00:00,52.1613515,21.1678888,88.4,48.86,-0.07,-0.072,0.953,0,48.918598878478456,,132.3373819547821,-1.0,6.0,52.162,21.166262,31.0
49920,2026-05-11 21:18:48.600000+00:00,52.1613109,21.1679623,88.3,48.75,-0.061,-0.07,0.962,0,48.57542108211805,,139.0051973682762,-1.0,6.0,52.162,21.166262,31.0
49925,2026-05-11 21:18:49.100000+00:00,52.1612705,21.1680355,88.3,48.5,-0.089,-0.079,0.957,0,48.358814851386505,,145.65088913982072,-1.0,6.0,52.162,21.166262,31.0
49930,2026-05-11 21:18:49.600000+00:00,52.1612305,21.1681082,88.2,48.28,-0.067,-0.078,0.965,0,47.96215338090284,,152.2495901342458,-1.0,6.0,52.162,21.166262,31.0
49935,2026-05-11 21:18:50.100000+00:00,52.1611904,21.1681801,88.2,47.88,-0.071,-0.099,0.957,0,47.72423165935643,,158.81487327663982,-1.0,6.0,52.162,21.166262,31.0
49940,2026-05-11 21:18:50.600000+00:00,52.1611507,21.1682516,88.1,47.43,-0.087,-0.071,0.971,0,47.3635882563897,,165.33739083190466,-1.0,6.0,52.162,21.166262,31.0
49945,2026-05-11 21:18:51.100000+00:00,52.161111,21.1683226,88.1,47.17,-0.083,-0.066,0.971,0,47.181839255240746,,171.83626492792385,-1.0,6.0,52.162,21.166262,31.0
49950,2026-05-11 21:18:51.600000+00:00,52.1610718,21.1683936,88.0,46.92,-0.073,-0.066,0.949,0,46.913132546994525,,178.3069186025462,-1.0,6.0,52.162,21.166262,31.0
49955,2026-05-11 21:18:52.100000+00:00,52.1610329,21.1684643,88.0,46.39,-0.076,-0.089,0.959,0,46.643035039840285,,184.7446854590589,-1.0,6.0,52.159833,21.170371,32.0
49960,2026-05-11 21:18:52.600000+00:00,52.1609942,21.1685344,88.0,46.29,-0.096,-0.084,0.979,0,46.31684428424253,,179.90792926811076,-1.0,6.0,52.159833,21.170371,32.0
49965,2026-05-11 21:18:53.100000+00:00,52.1609551,21.1686043,88.0,46.47,-0.055,-0.099,0.949,0,46.45907075216234,,173.4677910826212,-1.0,6.0,52.159833,21.170371,32.0
49970,2026-05-11 21:18:53.600000+00:00,52.1609158,21.1686734,88.0,46.3,-0.06,-0.136,0.995,0,46.27824144574014,,167.05040628622652,-1.0,6.0,52.159833,21.170371,32.0
49975,2026-05-11 21:18:54.100000+00:00,52.160876,21.1687412,88.1,46.27,-0.048,-0.131,0.947,0,46.087964485975874,,160.6550270749316,-1.0,6.0,52.159833,21.170371,32.0
49980,2026-05-11 21:18:54.600000+00:00,52.1608343,21.1688073,88.1,46.73,-0.053,-0.118,0.95,0,46.566621953882354,,154.18761221741556,-1.0,6.0,52.159833,21.170371,32.0
49985,2026-05-11 21:18:55.100000+00:00,52.1607929,21.168873,88.2,46.22,-0.059,-0.087,0.964,0,46.25750259535558,,147.76317417013723,-1.0,6.0,52.159833,21.170371,32.0
49990,2026-05-11 21:18:55.600000+00:00,52.1607519,21.1689393,88.2,46.22,-0.065,-0.053,0.964,0,46.235655592984365,,141.34261388589894,-1.0,6.0,52.159833,21.170371,32.0
49995,2026-05-11 21:18:56.100000+00:00,52.1607114,21.1690059,88.2,45.88,-0.073,-0.052,0.967,0,46.056871132500135,,134.94826079244203,-1.0,6.0,52.159833,21.170371,32.0
50000,2026-05-11 21:18:56.600000+00:00,52.1606716,21.1690724,88.3,45.4,-0.078,-0.058,0.974,0,45.62891774405743,,128.61526826486167,-1.0,6.0,52.159833,21.170371,32.0
50005,2026-05-11 21:18:57.100000+00:00,52.1606324,21.1691389,88.3,45.03,-0.074,-0.057,0.967,0,45.29479267593015,,122.3311940521926,-1.0,6.0,52.159833,21.170371,32.0
50010,2026-05-11 21:18:57.600000+00:00,52.1605937,21.1692051,88.4,44.66,-0.073,-0.055,0.952,0,44.91160161558901,,116.10238219250212,-1.0,6.0,52.159833,21.170371,32.0
50015,2026-05-11 21:18:58.100000+00:00,52.1605554,21.1692711,88.4,44.13,-0.075,-0.06,0.97,0,44.61988864765201,,109.91639380846198,-1.0,6.0,52.159833,21.170371,32.0
50020,2026-05-11 21:18:58.600000+00:00,52.1605173,21.1693365,88.5,44.11,-0.074,-0.068,0.954,0,44.295883884187,,103.77587788916004,-1.0,6.0,52.159833,21.170371,32.0
50025,2026-05-11 21:18:59.100000+00:00,52.1604796,21.169401,88.5,43.47,-0.078,-0.064,0.973,0,43.75492105783367,,97.7111310231104,-1.0,6.0,52.159833,21.170371,32.0
50030,2026-05-11 21:18:59.600000+00:00,52.1604426,21.1694654,88.5,43.17,-0.072,-0.067,0.967,0,43.33439152378722,,91.71012724586244,-1.0,6.0,52.159833,21.170371,32.0
50035,2026-05-11 21:19:00.100000+00:00,52.1604058,21.169529,88.6,42.59,-0.068,-0.071,0.952,0,42.93844996784005,,85.76465529167916,-1.0,6.0,52.159833,21.170371,32.0
50040,2026-05-11 21:19:00.600000+00:00,52.1603698,21.1695924,88.6,42.35,-0.081,-0.068,0.967,0,42.42941735611829,32.0,79.89740740881949,-1.0,6.0,52.159833,21.170371,32.0
50045,2026-05-11 21:19:01.100000+00:00,52.1603341,21.1696553,88.7,41.91,-0.075,-0.067,0.967,0,42.086070363083785,32.0,74.08181099280095,-1.0,6.0,52.159833,21.170371,32.0
50050,2026-05-11 21:19:01.600000+00:00,52.1602982,21.1697176,88.7,41.5,-0.08,-0.058,0.967,0,41.979728781026935,32.0,68.28113749382145,-1.0,6.0,52.159833,21.170371,32.0
50055,2026-05-11 21:19:02.100000+00:00,52.160263,21.1697789,88.7,41.02,-0.085,-0.067,0.966,0,41.238142294392766,32.0,62.58949728338694,-1.0,6.0,52.159833,21.170371,32.0
50060,2026-05-11 21:19:02.600000+00:00,52.1602283,21.169839,88.8,40.39,-0.071,-0.071,0.962,0,40.53448095209495,32.0,57.00003726260699,-1.0,6.0,52.159833,21.170371,32.0
50065,2026-05-11 21:19:03.100000+00:00,52.1601934,21.1698982,88.7,40.39,-0.059,-0.068,0.964,0,40.3245419297,32.0,51.44050437934002,-1.0,6.0,52.159833,21.170371,32.0
50070,2026-05-11 21:19:03.600000+00:00,52.1601581,21.1699567,88.6,40.57,-0.045,-0.078,0.974,0,40.30129951989337,32.0,45.885288098102805,-1.0,6.0,52.159833,21.170371,32.0
50075,2026-05-11 21:19:04.100000+00:00,52.160124,21.1700179,88.7,40.68,-0.038,-0.078,0.958,0,40.60510262628336,32.0,40.338156201718334,-1.0,6.0,52.159833,21.170371,32.0
50080,2026-05-11 21:19:04.600000+00:00,52.1600894,21.1700798,88.6,41.17,-0.024,-0.086,0.968,0,41.12880233177194,32.0,34.747827981164214,-1.0,6.0,52.159833,21.170371,32.0
50085,2026-05-11 21:19:05.100000+00:00,52.1600541,21.1701425,88.7,41.88,-0.023,-0.106,0.958,0,41.79696863080101,32.0,29.109797072554084,-1.0,6.0,52.159833,21.170371,32.0
50090,2026-05-11 21:19:05.600000+00:00,52.1600174,21.1702051,88.6,42.28,-0.03,-0.087,0.97,0,42.527344845671976,32.0,23.419956587385347,-1.0,6.0,52.159833,21.170371,32.0
50095,2026-05-11 21:19:06.100000+00:00,52.159981,21.1702686,88.7,42.77,-0.026,-0.056,0.956,0,42.68367120012845,32.0,17.8778956091778,-1.0,6.0,52.159833,21.170371,32.0
50100,2026-05-11 21:19:06.600000+00:00,52.1599444,21.170333,88.7,43.48,-0.028,-0.051,0.983,0,43.1163757477295,32.0,12.65542147196933,-1.0,6.0,52.159833,21.170371,32.0
50105,2026-05-11 21:19:07.100000+00:00,52.1599081,21.1703987,88.7,43.87,-0.027,-0.054,0.963,0,43.42582755249089,32.0,8.561841100110984,-1.0,6.0,52.159833,21.170371,32.0
50110,2026-05-11 21:19:07.600000+00:00,52.1598717,21.1704644,88.7,43.55,-0.06,-0.06,0.97,0,43.47946667211516,32.0,7.688275767447587,-1.0,6.0,52.159833,21.170371,32.0
50115,2026-05-11 21:19:08.100000+00:00,52.1598352,21.1705306,88.7,43.58,-0.064,-0.087,0.965,0,43.71551945266548,32.0,10.889659561822167,-1.0,6.0,52.159833,21.170371,32.0
50120,2026-05-11 21:19:08.600000+00:00,52.1597987,21.1705964,88.7,43.39,-0.066,-0.08,0.941,0,43.5696234494152,32.0,15.841364838248124,-1.0,6.0,52.159833,21.170371,32.0
50125,2026-05-11 21:19:09.100000+00:00,52.1597622,21.1706609,88.7,43.0,-0.084,-0.076,0.983,0,43.09818893515391,32.0,21.28462978130873,-1.0,6.0,52.159833,21.170371,32.0
50130,2026-05-11 21:19:09.600000+00:00,52.1597259,21.1707243,88.6,42.47,-0.063,-0.084,0.944,0,42.59326303346073,32.0,26.881794452390448,-1.0,6.0,52.159833,21.170371,32.0
50135,2026-05-11 21:19:10.100000+00:00,52.1596898,21.1707877,88.6,42.36,-0.068,-0.08,0.947,0,42.48419054491588,32.0,32.58081615825334,-1.0,6.0,52.159833,21.170371,32.0
50140,2026-05-11 21:19:10.600000+00:00,52.1596537,21.170851,88.5,42.48,-0.06,-0.072,0.973,0,42.44822461567189,32.0,38.33504386444592,-1.0,6.0,52.159833,21.170371,32.0
50145,2026-05-11 21:19:11.100000+00:00,52.1596177,21.1709149,88.5,43.14,-0.041,-0.065,0.969,0,42.610349086793335,32.0,44.1549614341509,-1.0,6.0,52.159833,21.170371,32.0
50150,2026-05-11 21:19:11.600000+00:00,52.1595814,21.1709794,88.5,43.15,-0.047,-0.068,0.963,0,42.9898776799631,32.0,50.05052283183121,-1.0,6.0,52.159833,21.170371,32.0
50155,2026-05-11 21:19:12.100000+00:00,52.1595446,21.1710446,88.5,43.41,-0.046,-0.064,0.97,0,43.513893516317786,32.0,56.033020414954834,-1.0,6.0,52.159833,21.170371,32.0
50160,2026-05-11 21:19:12.600000+00:00,52.1595076,21.1711113,88.5,44.22,-0.038,-0.082,0.958,0,44.16612736223856,32.0,62.123482228590326,-1.0,6.0,52.159833,21.170371,32.0
50165,2026-05-11 21:19:13.100000+00:00,52.1594706,21.1711789,88.5,44.21,-0.036,-0.053,0.969,0,44.49499958102271,32.0,68.27133058099034,-1.0,6.0,52.159833,21.170371,32.0
50170,2026-05-11 21:19:13.600000+00:00,52.1594328,21.1712476,88.5,45.41,-0.027,-0.085,0.957,0,45.32470170380443,32.0,74.53778473552288,-1.0,6.0,52.159833,21.170371,32.0
50175,2026-05-11 21:19:14.100000+00:00,52.1593942,21.1713163,88.5,45.68,-0.038,-0.095,0.968,0,45.75485084523653,,80.86234057442446,-1.0,6.0,52.159833,21.170371,32.0
50180,2026-05-11 21:19:14.600000+00:00,52.159355,21.1713854,88.5,46.29,-0.037,-0.089,0.969,0,46.224721006911146,,87.25357707586878,-1.0,6.0,52.159833,21.170371,32.0
50185,2026-05-11 21:19:15.100000+00:00,52.1593156,21.1714552,88.5,46.62,-0.056,-0.07,0.966,0,46.58601659560838,,93.7001094028329,-1.0,6.0,52.159833,21.170371,32.0
50190,2026-05-11 21:19:15.600000+00:00,52.1592764,21.1715248,88.5,46.34,-0.067,-0.071,0.98,0,46.405363159540514,,100.12523692666102,-1.0,6.0,52.159833,21.170371,32.0
50195,2026-05-11 21:19:16.100000+00:00,52.1592371,21.1715937,88.5,45.99,-0.074,-0.08,0.968,0,46.20719361091049,,106.5223138035512,-1.0,6.0,52.159833,21.170371,32.0
50200,2026-05-11 21:19:16.600000+00:00,52.1591983,21.1716623,88.5,45.55,-0.08,-0.072,0.965,0,45.82713758182268,,112.87099224492438,-1.0,6.0,52.159833,21.170371,32.0
50205,2026-05-11 21:19:17.100000+00:00,52.1591601,21.1717301,88.6,45.11,-0.079,-0.069,0.96,0,45.21275773271947,,119.13703281200658,-1.0,6.0,52.159833,21.170371,32.0
50210,2026-05-11 21:19:17.600000+00:00,52.1591223,21.1717973,88.6,44.81,-0.087,-0.053,0.976,0,44.77913325188359,,125.34461629071131,-1.0,6.0,52.159833,21.170371,32.0
50215,2026-05-11 21:19:18.100000+00:00,52.159085,21.1718642,88.6,44.35,-0.082,-0.074,0.946,0,44.40044874289747,,131.50229246344188,-1.0,6.0,52.159833,21.170371,32.0
50220,2026-05-11 21:19:18.600000+00:00,52.1590484,21.1719305,88.7,43.57,-0.087,-0.057,0.982,0,43.806000909559096,,137.57977192493752,-1.0,6.0,52.159833,21.170371,32.0
50225,2026-05-11 21:19:19.100000+00:00,52.1590122,21.1719963,88.7,43.48,-0.07,-0.049,0.958,0,43.40932548757282,,143.60321873372703,-1.0,6.0,52.159833,21.170371,32.0
50230,2026-05-11 21:19:19.600000+00:00,52.1589767,21.1720609,88.7,42.12,-0.129,-0.082,0.941,0,42.59640855271003,,149.51443991273615,-1.0,6.0,52.159833,21.170371,32.0
50235,2026-05-11 21:19:20.100000+00:00,52.1589422,21.1721236,88.7,41.42,-0.092,-0.087,0.969,0,41.36716631044342,,155.2552946084169,-1.0,6.0,52.159833,21.170371,32.0
50240,2026-05-11 21:19:20.600000+00:00,52.1589073,21.1721853,88.7,41.08,-0.08,-0.1,0.966,0,41.21927306380967,,160.972456294938,-1.0,6.0,52.159833,21.170371,32.0
50245,2026-05-11 21:19:21.100000+00:00,52.1588721,21.1722452,88.8,40.58,-0.078,-0.099,0.959,0,40.73953276789959,,166.61729615974295,-1.0,6.0,52.159833,21.170371,32.0
50250,2026-05-11 21:19:21.600000+00:00,52.1588374,21.1723043,88.8,40.11,-0.083,-0.093,0.967,0,40.178902733723945,,172.1854760342753,-1.0,6.0,52.159833,21.170371,32.0
50255,2026-05-11 21:19:22.100000+00:00,52.1588026,21.1723622,88.9,39.62,-0.075,-0.105,0.952,0,39.81120181136459,,177.25258191112007,-1.0,6.0,52.159833,21.170371,32.0
50260,2026-05-11 21:19:22.600000+00:00,52.1587675,21.1724184,88.9,39.26,-0.082,-0.111,0.956,0,39.39013801737645,,171.9469511089629,-1.0,6.0,52.157967,21.174575,33.0
50265,2026-05-11 21:19:23.100000+00:00,52.1587322,21.1724729,88.9,38.82,-0.085,-0.133,0.961,0,38.92572500636001,,166.74036636098757,-1.0,6.0,52.157967,21.174575,33.0
50270,2026-05-11 21:19:23.600000+00:00,52.1586959,21.1725246,89.0,38.47,-0.072,-0.178,0.943,0,38.59241334695476,,161.6563029431791,-1.0,6.0,52.157967,21.174575,33.0
50275,2026-05-11 21:19:24.100000+00:00,52.158658,21.1725721,89.0,37.86,-0.109,-0.196,0.952,0,38.27485962585737,,156.75288834323513,-1.0,6.0,52.157967,21.174575,33.0
50280,2026-05-11 21:19:24.600000+00:00,52.1586199,21.1726155,89.0,36.24,-0.152,-0.178,0.941,0,37.21295951990032,,152.11231540934423,-1.0,6.0,52.157967,21.174575,33.0
50285,2026-05-11 21:19:25.100000+00:00,52.1585818,21.1726542,89.0,35.51,-0.113,-0.164,0.956,0,35.94052619444807,,147.79102637417682,-1.0,6.0,52.157967,21.174575,33.0
50290,2026-05-11 21:19:25.600000+00:00,52.1585438,21.1726902,89.0,35.04,-0.087,-0.165,0.947,0,35.18792942194656,,143.68300888147843,-1.0,6.0,52.157967,21.174575,33.0
50295,2026-05-11 21:19:26.100000+00:00,52.1585055,21.1727231,89.0,34.2,-0.108,-0.157,0.959,0,34.6603226988933,,139.80194779663495,-1.0,6.0,52.157967,21.174575,33.0
50300,2026-05-11 21:19:26.600000+00:00,52.1584672,21.1727533,89.0,33.84,-0.08,-0.117,0.955,0,34.06229182914132,,136.14863994158847,-1.0,6.0,52.157967,21.174575,33.0
50305,2026-05-11 21:19:27.100000+00:00,52.1584291,21.1727839,88.9,33.69,-0.081,-0.049,0.957,0,34.004601375654175,,132.54696350780907,-1.0,6.0,52.157967,21.174575,33.0
50310,2026-05-11 21:19:27.600000+00:00,52.1583928,21.1728148,88.9,32.35,-0.09,-0.009,0.949,0,32.78606231134563,,129.07188038922877,-1.0,6.0,52.157967,21.174575,33.0
50315,2026-05-11 21:19:28.100000+00:00,52.1583585,21.1728491,88.9,32.16,-0.101,0.05,0.988,0,32.216431120846686,,125.5249707902178,-1.0,6.0,52.157967,21.174575,33.0
50320,2026-05-11 21:19:28.600000+00:00,52.1583272,21.172888,88.8,30.97,-0.131,0.096,0.98,0,31.51166323299788,,121.85161207466288,-1.0,6.0,52.157967,21.174575,33.0
50325,2026-05-11 21:19:29.100000+00:00,52.1582998,21.17293,88.8,29.72,-0.164,0.105,0.977,0,30.112258551508823,,118.16015599789368,-1.0,6.0,52.157967,21.174575,33.0
50330,2026-05-11 21:19:29.600000+00:00,52.1582767,21.1729748,88.8,28.56,-0.128,0.089,0.968,0,28.74356265229996,,114.462990788665,-1.0,6.0,52.157967,21.174575,33.0
50335,2026-05-11 21:19:30.100000+00:00,52.1582566,21.1730219,88.8,28.04,-0.123,0.062,0.972,0,28.180017576702955,,110.73258851628356,-1.0,6.0,52.157967,21.174575,33.0
50340,2026-05-11 21:19:30.600000+00:00,52.1582399,21.1730704,88.8,27.63,-0.099,0.062,0.979,0,27.31671672581312,,107.03018260525587,-1.0,6.0,52.157967,21.174575,33.0
50345,2026-05-11 21:19:31.100000+00:00,52.158227,21.173121,88.8,26.87,-0.115,0.091,0.985,0,26.913024805818267,,103.31416298128968,-1.0,6.0,52.157967,21.174575,33.0
50350,2026-05-11 21:19:31.600000+00:00,52.1582175,21.1731718,88.8,25.47,-0.144,0.069,0.976,0,26.08423841016183,,99.69163478654372,-1.0,6.0,52.157967,21.174575,33.0
50355,2026-05-11 21:19:32.100000+00:00,52.1582122,21.173222,88.8,24.55,-0.14,0.058,0.973,0,25.01852157453914,,96.23969307054628,-1.0,6.0,52.157967,21.174575,33.0
50360,2026-05-11 21:19:32.600000+00:00,52.1582104,21.1732701,88.8,23.24,-0.19,0.063,0.967,0,23.668552551366645,,93.03913608261688,-1.0,6.0,52.157967,21.174575,33.0
50365,2026-05-11 21:19:33.100000+00:00,52.1582118,21.1733136,88.8,20.81,-0.214,0.033,0.962,0,21.394699776174857,,90.25100977229836,-1.0,6.0,52.157967,21.174575,33.0
50370,2026-05-11 21:19:33.600000+00:00,52.158216,21.1733524,88.8,18.98,-0.207,0.02,0.965,0,19.35126292927944,,87.87712282443998,-1.0,6.0,52.157967,21.174575,33.0
50375,2026-05-11 21:19:34.100000+00:00,52.1582217,21.1733871,88.7,17.51,-0.165,0.003,0.969,0,17.643511698123238,,85.84084008298534,-1.0,6.0,52.157967,21.174575,33.0
50380,2026-05-11 21:19:34.600000+00:00,52.1582292,21.1734172,88.7,15.45,-0.244,-0.028,0.951,0,15.95667551838156,,84.1903838418117,-1.0,6.0,52.157967,21.174575,33.0
50385,2026-05-11 21:19:35.100000+00:00,52.1582371,21.1734416,88.7,12.7,-0.232,-0.051,0.967,0,13.550800592971694,,82.94492038577648,-1.0,6.0,52.157967,21.174575,33.0
50390,2026-05-11 21:19:35.600000+00:00,52.1582437,21.1734606,88.7,10.3,-0.218,-0.078,0.956,0,10.724093781807856,,82.01060129478691,-1.0,6.0,52.157967,21.174575,33.0
50395,2026-05-11 21:19:36.100000+00:00,52.1582497,21.1734749,88.6,7.57,-0.229,-0.094,0.957,0,8.509103044932669,,81.36261016258405,-1.0,6.0,52.157967,21.174575,33.0
50400,2026-05-11 21:19:36.600000+00:00,52.1582534,21.1734843,88.5,4.52,-0.224,-0.109,0.959,0,5.485463265734429,,80.93254983733851,-1.0,6.0,52.157967,21.174575,33.0
50405,2026-05-11 21:19:37.100000+00:00,52.1582558,21.1734892,88.5,2.12,-0.211,-0.115,0.954,0,3.079611043036698,,80.73114278000945,-1.0,6.0,52.157967,21.174575,33.0
50410,2026-05-11 21:19:37.600000+00:00,52.1582565,21.1734906,88.6,0.22,-0.187,-0.114,0.963,0,0.8870698411373155,,80.67455590566072,-1.0,6.0,52.157967,21.174575,33.0
50415,2026-05-11 21:19:38.100000+00:00,52.1582567,21.1734907,88.6,0.04,-0.053,-0.076,0.961,0,0.1674842739741504,,80.6771778705136,-1.0,6.0,52.157967,21.174575,33.0
50420,2026-05-11 21:19:38.600000+00:00,52.158257,21.1734914,88.6,0.39,-0.045,-0.073,0.972,0,0.4193945949682687,,80.6467326335581,-1.0,6.0,52.157967,21.174575,33.0
50425,2026-05-11 21:19:39.100000+00:00,52.1582579,21.1734928,88.6,1.31,-0.008,-0.066,0.97,0,0.9959929572157756,,80.59931557366542,-1.0,6.0,52.157967,21.174575,33.0
50430,2026-05-11 21:19:39.600000+00:00,52.1582592,21.1734961,88.6,2.19,0.02,-0.048,0.977,0,1.92620759842256,,80.4514461241539,-1.0,6.0,52.157967,21.174575,33.0
50435,2026-05-11 21:19:40.100000+00:00,52.1582624,21.1735023,88.5,4.56,0.034,-0.039,0.979,0,3.979515396526151,,80.20976688536987,-1.0,6.0,52.157967,21.174575,33.0
50440,2026-05-11 21:19:40.600000+00:00,52.1582675,21.1735116,88.5,7.1,0.038,-0.037,0.98,0,6.126653755764397,33.0,79.86700023000002,-1.0,6.0,52.157967,21.174575,33.0
50445,2026-05-11 21:19:41.100000+00:00,52.1582744,21.1735238,88.5,9.15,0.048,-0.055,0.967,0,8.14995121850797,33.0,79.43895974755466,-1.0,6.0,52.157967,21.174575,33.0
50450,2026-05-11 21:19:41.600000+00:00,52.1582832,21.1735384,88.5,10.46,-0.001,-0.096,0.974,0,10.052755443886918,33.0,78.97184413876431,-1.0,6.0,52.157967,21.174575,33.0
50455,2026-05-11 21:19:42.100000+00:00,52.1582917,21.1735557,88.5,11.14,-0.034,-0.108,0.966,0,10.886172709764452,33.0,78.34792515496486,-1.0,6.0,52.157967,21.174575,33.0
50460,2026-05-11 21:19:42.600000+00:00,52.1582998,21.1735748,88.5,11.66,-0.043,-0.117,0.973,0,11.404313708680329,33.0,77.61926332540996,-1.0,6.0,52.157967,21.174575,33.0
50465,2026-05-11 21:19:43.100000+00:00,52.1583071,21.173596,88.5,12.25,-0.049,-0.174,0.951,0,11.940572516490878,33.0,76.74783272477079,-1.0,6.0,52.157967,21.174575,33.0
50470,2026-05-11 21:19:43.600000+00:00,52.1583127,21.1736185,88.6,12.03,-0.087,-0.144,0.964,0,11.92582727480893,33.0,75.73018863555615,-1.0,6.0,52.157967,21.174575,33.0
50475,2026-05-11 21:19:44.100000+00:00,52.1583168,21.1736421,88.6,12.29,-0.059,-0.142,0.952,0,12.047084466738829,33.0,74.58432264600324,-1.0,6.0,52.157967,21.174575,33.0
50480,2026-05-11 21:19:44.600000+00:00,52.1583188,21.1736675,88.5,12.92,-0.053,-0.176,0.945,0,12.577689585404128,33.0,73.23004099108856,-1.0,6.0,52.157967,21.174575,33.0
50485,2026-05-11 21:19:45.100000+00:00,52.158319,21.1736962,88.6,14.76,-0.038,-0.221,0.977,0,14.097074673605976,33.0,71.59476860933738,-1.0,6.0,52.157967,21.174575,33.0
50490,2026-05-11 21:19:45.600000+00:00,52.1583172,21.1737279,88.7,16.38,-0.022,-0.206,0.963,0,15.636181765255351,33.0,69.68204269412288,-1.0,6.0,52.157967,21.174575,33.0
50495,2026-05-11 21:19:46.100000+00:00,52.1583127,21.1737626,88.7,17.99,0.0,-0.211,0.938,0,17.419725253640845,33.0,67.44553106415269,-1.0,6.0,52.157967,21.174575,33.0
50500,2026-05-11 21:19:46.600000+00:00,52.1583064,21.1737998,88.8,19.94,-0.012,-0.259,0.945,0,18.954394509377963,33.0,64.96696277474686,-1.0,6.0,52.157967,21.174575,33.0
50505,2026-05-11 21:19:47.100000+00:00,52.1582956,21.1738376,88.9,21.01,-0.047,-0.218,0.963,0,20.480406662472443,33.0,62.17264497955525,-1.0,6.0,52.157967,21.174575,33.0
50510,2026-05-11 21:19:47.600000+00:00,52.1582828,21.1738748,89.0,21.42,-0.024,-0.146,0.95,0,20.948634687310268,33.0,59.28399501771332,-1.0,6.0,52.157967,21.174575,33.0
50515,2026-05-11 21:19:48.100000+00:00,52.1582686,21.1739128,89.0,21.92,-0.026,-0.138,0.968,0,21.8537562826985,33.0,56.26080388425928,-1.0,6.0,52.157967,21.174575,33.0
50520,2026-05-11 21:19:48.600000+00:00,52.1582534,21.1739514,89.2,23.03,-0.025,-0.092,0.956,0,22.528169622376065,33.0,53.13954116771217,-1.0,6.0,52.157967,21.174575,33.0
50525,2026-05-11 21:19:49.100000+00:00,52.1582372,21.173991,89.3,23.84,-0.003,-0.061,0.962,0,23.377543840431045,33.0,49.89779383257889,-1.0,6.0,52.157967,21.174575,33.0
50530,2026-05-11 21:19:49.600000+00:00,52.1582207,21.1740326,89.3,24.67,-0.011,-0.021,0.981,0,24.330520720838585,33.0,46.528004872064,-1.0,6.0,52.157967,21.174575,33.0
50535,2026-05-11 21:19:50.100000+00:00,52.158204,21.1740768,89.4,26.1,0.015,-0.055,0.968,0,25.495985161813675,33.0,43.00580807229342,-1.0,6.0,52.157967,21.174575,33.0
50540,2026-05-11 21:19:50.600000+00:00,52.1581865,21.1741229,89.5,27.13,0.016,-0.048,0.977,0,26.62651241473642,33.0,39.33015442628194,-1.0,6.0,52.157967,21.174575,33.0
50545,2026-05-11 21:19:51.100000+00:00,52.1581681,21.1741718,89.5,28.67,0.024,-0.029,0.959,0,28.175340052402166,33.0,35.447785461268694,-1.0,6.0,52.157967,21.174575,33.0
50550,2026-05-11 21:19:51.600000+00:00,52.1581493,21.1742235,89.6,30.03,0.017,0.0,0.982,0,29.518453051607462,33.0,31.39833169791473,-1.0,6.0,52.157967,21.174575,33.0
50555,2026-05-11 21:19:52.100000+00:00,52.1581304,21.1742779,89.6,31.1,0.017,0.0,0.982,0,30.706072087269774,33.0,27.2190655974202,-1.0,6.0,52.157967,21.174575,33.0
50560,2026-05-11 21:19:52.600000+00:00,52.1581113,21.1743345,89.7,32.19,0.013,-0.012,0.972,0,31.72766354355259,33.0,22.948086890201928,-1.0,6.0,52.157967,21.174575,33.0
50565,2026-05-11 21:19:53.100000+00:00,52.1580917,21.1743935,89.7,33.39,0.01,-0.006,0.971,0,32.95415843462229,33.0,18.58931432513244,-1.0,6.0,52.157967,21.174575,33.0
50570,2026-05-11 21:19:53.600000+00:00,52.1580722,21.1744551,89.7,34.36,-0.009,-0.022,0.989,0,34.045751531692574,33.0,14.273576547043598,-1.0,6.0,52.157967,21.174575,33.0
50575,2026-05-11 21:19:54.100000+00:00,52.158052,21.1745182,89.7,35.22,0.02,-0.04,0.934,0,34.9578283263105,33.0,10.214961706790156,-1.0,6.0,52.157967,21.174575,33.0
50580,2026-05-11 21:19:54.600000+00:00,52.1580307,21.1745837,89.7,36.54,-0.003,-0.026,0.979,0,36.41107087401578,33.0,7.1079369133688095,-1.0,6.0,52.157967,21.174575,33.0
50585,2026-05-11 21:19:55.100000+00:00,52.1580091,21.1746509,89.7,37.58,0.01,-0.01,0.97,0,37.26173609957239,33.0,6.980154298461887,-1.0,6.0,52.157967,21.174575,33.0
50590,2026-05-11 21:19:55.600000+00:00,52.1579878,21.1747201,89.8,38.39,0.006,-0.005,0.972,0,38.026284675818246,33.0,10.16484923048534,-1.0,6.0,52.157967,21.174575,33.0
50595,2026-05-11 21:19:56.100000+00:00,52.1579665,21.1747919,89.7,39.84,0.028,0.006,0.942,0,39.17189176270281,33.0,14.79628351068988,-1.0,6.0,52.157967,21.174575,33.0
50600,2026-05-11 21:19:56.600000+00:00,52.1579449,21.1748658,89.7,40.7,0.004,0.007,1.008,0,40.20570913607359,33.0,19.989019475653382,-1.0,6.0,52.157967,21.174575,33.0
50605,2026-05-11 21:19:57.100000+00:00,52.1579238,21.1749426,89.8,42.03,0.019,-0.003,0.977,0,41.33090758470046,33.0,25.53237549737109,-1.0,6.0,52.157967,21.174575,33.0
50610,2026-05-11 21:19:57.600000+00:00,52.1579021,21.1750215,89.9,43.1,-0.002,-0.01,0.969,0,42.46861136956769,33.0,31.30196305892988,-1.0,6.0,52.157967,21.174575,33.0
50615,2026-05-11 21:19:58.100000+00:00,52.1578803,21.1751023,89.9,43.82,-0.004,-0.013,0.951,0,43.354026371021966,33.0,37.2401454050805,-1.0,6.0,52.157967,21.174575,33.0
50620,2026-05-11 21:19:58.600000+00:00,52.1578584,21.175184,89.9,44.31,-0.025,-0.023,0.985,0,43.79104163115034,33.0,43.26343087799643,-1.0,6.0,52.157967,21.174575,33.0
50625,2026-05-11 21:19:59.100000+00:00,52.1578361,21.1752676,89.9,45.03,0.002,-0.016,0.96,0,44.7744917506923,33.0,49.43812249303338,-1.0,6.0,52.157967,21.174575,33.0
50630,2026-05-11 21:19:59.600000+00:00,52.1578137,21.1753521,89.9,45.61,-0.015,-0.044,0.977,0,45.21193421133574,33.0,55.68447038051081,-1.0,6.0,52.157967,21.174575,33.0
50635,2026-05-11 21:20:00.100000+00:00,52.1577906,21.1754373,89.9,46.18,-0.011,-0.071,0.973,0,45.75141910330277,33.0,62.00740756970834,-1.0,6.0,52.157967,21.174575,33.0
50640,2026-05-11 21:20:00.600000+00:00,52.1577664,21.1755226,90.0,46.65,-0.008,-0.06,0.958,0,46.15903816348138,33.0,68.3824315899052,-1.0,6.0,52.157967,21.174575,33.0
50645,2026-05-11 21:20:01.100000+00:00,52.1577412,21.1756089,90.0,47.57,-0.018,-0.045,0.963,0,46.9437880998637,33.0,74.86512206803268,-1.0,6.0,52.157967,21.174575,33.0
50650,2026-05-11 21:20:01.600000+00:00,52.1577157,21.1756965,90.1,48.17,-0.02,-0.064,0.976,0,47.62360290369803,,81.44851929499879,-1.0,6.0,52.157967,21.174575,33.0
50655,2026-05-11 21:20:02.100000+00:00,52.1576888,21.1757844,90.2,49.01,-0.029,-0.071,0.95,0,48.24657816110665,,88.11027590400735,-1.0,6.0,52.157967,21.174575,33.0
50660,2026-05-11 21:20:02.600000+00:00,52.1576611,21.1758735,90.2,49.54,-0.036,-0.065,0.987,0,49.06089609659569,,94.88585149902202,-1.0,6.0,52.157967,21.174575,33.0
50665,2026-05-11 21:20:03.100000+00:00,52.1576325,21.175963,90.3,49.96,-0.013,-0.062,0.973,0,49.5649670103542,,101.72852405469207,-1.0,6.0,52.157967,21.174575,33.0
50670,2026-05-11 21:20:03.600000+00:00,52.1576031,21.1760539,90.2,50.9,-0.003,-0.076,0.947,0,50.47135050287927,,108.6981739077364,-1.0,6.0,52.157967,21.174575,33.0
50675,2026-05-11 21:20:04.100000+00:00,52.1575729,21.1761446,90.3,51.23,-0.04,-0.052,0.966,0,50.68687449778596,,115.6937294179783,-1.0,6.0,52.157967,21.174575,33.0
50680,2026-05-11 21:20:04.600000+00:00,52.1575425,21.1762362,90.4,51.35,-0.036,-0.076,0.957,0,51.1518429764966,,122.75958259584272,-1.0,6.0,52.157967,21.174575,33.0
50685,2026-05-11 21:20:05.100000+00:00,52.1575099,21.1763264,90.4,51.66,-0.032,-0.069,0.971,0,51.41936176878179,,129.8372704338894,-1.0,6.0,52.157967,21.174575,33.0
50690,2026-05-11 21:20:05.600000+00:00,52.157478,21.176419,90.4,52.56,-0.028,-0.039,0.963,0,52.16178694979836,,137.04092818316323,-1.0,6.0,52.157967,21.174575,33.0
50695,2026-05-11 21:20:06.100000+00:00,52.1574451,21.1765117,90.4,53.09,-0.009,-0.038,0.948,0,52.60094918542372,,144.29963326627438,-1.0,6.0,52.157967,21.174575,33.0
50700,2026-05-11 21:20:06.600000+00:00,52.1574126,21.1766061,90.3,53.36,-0.021,-0.024,0.966,0,53.16791832394792,,151.65070695177354,-1.0,6.0,52.157967,21.174575,33.0
50705,2026-05-11 21:20:07.100000+00:00,52.1573796,21.1767017,90.3,54.18,-0.024,-0.033,0.991,0,53.877879740104,,159.10234575071863,-1.0,6.0,52.157967,21.174575,33.0
50710,2026-05-11 21:20:07.600000+00:00,52.1573465,21.1767989,90.4,54.98,-0.033,-0.025,0.969,0,54.60297597731839,,166.66075983087072,-1.0,6.0,52.157967,21.174575,33.0
50715,2026-05-11 21:20:08.100000+00:00,52.1573134,21.176896,90.3,54.9,-0.054,-0.044,0.976,0,54.5600677613788,,174.21518112774174,-1.0,6.0,52.157967,21.174575,33.0
50720,2026-05-11 21:20:08.600000+00:00,52.1572794,21.1769931,90.3,55.31,-0.049,-0.043,0.955,0,54.91368094519135,,181.81361613867756,-1.0,6.0,52.157967,21.174575,33.0
50725,2026-05-11 21:20:09.100000+00:00,52.1572455,21.1770902,90.2,55.09,-0.055,-0.029,0.957,0,54.87407097971381,,189.40963437090497,-1.0,6.0,52.157967,21.174575,33.0
50730,2026-05-11 21:20:09.600000+00:00,52.1572112,21.1771877,90.2,55.32,-0.036,-0.013,0.969,0,55.20354392173288,,197.0512673602335,-1.0,6.0,52.157967,21.174575,33.0
50735,2026-05-11 21:20:10.100000+00:00,52.1571772,21.1772862,90.2,55.51,-0.045,-0.023,0.98,0,55.51203116671633,,204.74211980571295,-1.0,6.0,52.157967,21.174575,33.0
50740,2026-05-11 21:20:10.600000+00:00,52.1571437,21.1773855,90.2,55.97,-0.058,-0.033,0.974,0,55.66086038902802,,212.45964349973588,-1.0,6.0,52.157967,21.174575,33.0
50745,2026-05-11 21:20:11.100000+00:00,52.1571107,21.1774853,90.2,55.94,-0.056,-0.011,0.948,0,55.68517691250969,,220.18479661180305,-1.0,6.0,52.157967,21.174575,33.0
50750,2026-05-11 21:20:11.600000+00:00,52.1570766,21.1775843,90.2,55.94,-0.056,-0.039,0.972,0,55.76544007604282,,227.9145002479338,-1.0,6.0,52.157967,21.174575,33.0
50755,2026-05-11 21:20:12.100000+00:00,52.1570434,21.1776842,90.1,56.2,-0.041,-0.047,0.967,0,55.80457224543706,,235.6568415414592,-1.0,6.0,52.157967,21.174575,33.0
50760,2026-05-11 21:20:12.600000+00:00,52.1570097,21.1777844,90.1,56.62,-0.055,-0.048,0.974,0,56.125540693226085,,243.44242891800545,-1.0,6.0,52.157967,21.174575,33.0
50765,2026-05-11 21:20:13.100000+00:00,52.1569764,21.1778845,90.1,56.05,-0.054,-0.037,0.95,0,55.92915050961173,,251.2029808141876,-1.0,6.0,52.157967,21.174575,33.0
50770,2026-05-11 21:20:13.600000+00:00,52.156942,21.177984,90.2,56.21,-0.063,-0.031,0.969,0,56.097364989751625,,258.98102727978176,-1.0,6.0,52.157967,21.174575,33.0
50775,2026-05-11 21:20:14.100000+00:00,52.156908,21.1780833,90.1,55.83,-0.063,-0.042,0.966,0,55.85507268743337,,266.72797142384144,-1.0,6.0,52.157967,21.174575,33.0
50780,2026-05-11 21:20:14.600000+00:00,52.1568747,21.1781824,89.9,55.48,-0.054,-0.047,0.957,0,55.49796451379602,,274.4288325410543,-1.0,6.0,52.157967,21.174575,33.0
50785,2026-05-11 21:20:15.100000+00:00,52.1568409,21.1782814,89.7,55.27,-0.063,-0.038,0.983,0,55.648476064282896,,282.14864842520143,-1.0,6.0,52.157967,21.174575,33.0
50790,2026-05-11 21:20:15.600000+00:00,52.1568055,21.1783798,89.6,56.23,-0.047,-0.029,1.007,0,56.0281238125948,,289.91151987922177,-1.0,6.0,52.157967,21.174575,33.0
50795,2026-05-11 21:20:16.100000+00:00,52.1567711,21.1784794,89.6,56.56,-0.039,-0.038,0.915,0,56.14032414009921,,297.6989164668317,-1.0,6.0,52.157967,21.174575,33.0
50800,2026-05-11 21:20:16.600000+00:00,52.156736,21.178579,89.4,56.71,-0.063,-0.039,0.971,0,56.41739734822918,,305.52168839517145,-1.0,6.0,52.157967,21.174575,33.0
50805,2026-05-11 21:20:17.100000+00:00,52.1567005,21.178678,89.4,56.62,-0.053,-0.039,1.037,0,56.3229962694663,,313.3285377058925,-1.0,6.0,52.157967,21.174575,33.0
50810,2026-05-11 21:20:17.600000+00:00,52.1566651,21.1787771,89.2,56.68,-0.036,-0.043,0.925,0,56.325113580235374,,321.1372371574714,-1.0,6.0,52.157967,21.174575,33.0
50815,2026-05-11 21:20:18.100000+00:00,52.1566326,21.1788789,89.2,56.59,-0.069,-0.039,0.958,0,56.36640585211285,,328.96534161835405,-1.0,6.0,52.157967,21.174575,33.0
50820,2026-05-11 21:20:18.600000+00:00,52.156598,21.1789775,89.1,55.58,-0.057,-0.038,0.969,0,55.79232676934424,,326.94830660447974,-1.0,6.0,52.155727,21.183555,34.0
50825,2026-05-11 21:20:19.100000+00:00,52.1565645,21.1790757,88.8,55.14,-0.059,-0.027,0.96,0,55.18859619229305,,319.45037025342816,-1.0,6.0,52.155727,21.183555,34.0
50830,2026-05-11 21:20:19.600000+00:00,52.1565305,21.1791744,88.5,56.12,-0.064,-0.025,0.96,0,55.59827907571699,,311.9119438303112,-1.0,6.0,52.155727,21.183555,34.0
50835,2026-05-11 21:20:20.100000+00:00,52.1564955,21.1792737,88.4,56.46,-0.053,-0.027,0.972,0,56.249976265522186,,304.31219207104306,-1.0,6.0,52.155727,21.183555,34.0
50840,2026-05-11 21:20:20.600000+00:00,52.1564603,21.1793721,88.2,55.85,-0.062,-0.038,1.005,0,55.94762247337708,,296.7764057809831,-1.0,6.0,52.155727,21.183555,34.0
50845,2026-05-11 21:20:21.100000+00:00,52.1564262,21.179472,88.1,56.52,-0.04,-0.032,0.903,0,56.15193949687681,,289.187314848186,-1.0,6.0,52.155727,21.183555,34.0
50850,2026-05-11 21:20:21.600000+00:00,52.156392,21.1795723,88.1,56.21,-0.084,-0.023,1.042,0,56.36258920683933,,281.5804301853628,-1.0,6.0,52.155727,21.183555,34.0
50855,2026-05-11 21:20:22.100000+00:00,52.156358,21.1796734,88.2,56.79,-0.034,-0.032,0.923,0,56.62926267535681,,273.93894043592235,-1.0,6.0,52.155727,21.183555,34.0
50860,2026-05-11 21:20:22.600000+00:00,52.1563235,21.1797733,88.2,56.3,-0.074,-0.03,0.998,0,56.308431897676726,,266.3759002177865,-1.0,6.0,52.155727,21.183555,34.0
50865,2026-05-11 21:20:23.100000+00:00,52.1562908,21.1798755,88.4,56.52,-0.055,-0.045,0.956,0,56.61496928678456,,258.724322200878,-1.0,6.0,52.155727,21.183555,34.0
50870,2026-05-11 21:20:23.600000+00:00,52.1562572,21.1799759,88.5,55.95,-0.064,-0.043,0.969,0,56.17404835102941,,251.18165928720128,-1.0,6.0,52.155727,21.183555,34.0
50875,2026-05-11 21:20:24.100000+00:00,52.1562241,21.1800763,88.7,55.84,-0.078,-0.032,0.962,0,55.983489876262766,,243.66792284683177,-1.0,6.0,52.155727,21.183555,34.0
50880,2026-05-11 21:20:24.600000+00:00,52.1561894,21.1801737,88.8,54.84,-0.084,-0.029,0.952,0,55.32201277928882,,236.3320776180229,-1.0,6.0,52.155727,21.183555,34.0
50885,2026-05-11 21:20:25.100000+00:00,52.1561557,21.1802714,88.8,54.91,-0.082,-0.047,0.973,0,55.05276853111233,,229.0221288169309,-1.0,6.0,52.155727,21.183555,34.0
50890,2026-05-11 21:20:25.600000+00:00,52.1561242,21.1803697,88.9,54.5,-0.076,0.0,0.995,0,54.47240051282983,,221.7433240721733,-1.0,6.0,52.155727,21.183555,34.0
50895,2026-05-11 21:20:26.100000+00:00,52.156091,21.1804645,88.8,53.73,-0.008,-0.001,0.925,0,53.61615034645792,,214.68309084734855,-1.0,6.0,52.155727,21.183555,34.0
50900,2026-05-11 21:20:26.600000+00:00,52.1560594,21.1805588,88.6,52.3,-0.095,0.005,0.989,0,52.77715824298052,,207.7150011205853,-1.0,6.0,52.155727,21.183555,34.0
50905,2026-05-11 21:20:27.100000+00:00,52.1560274,21.1806501,88.5,52.12,-0.067,-0.023,0.96,0,51.64692586920076,,200.9670963927204,-1.0,6.0,52.155727,21.183555,34.0
50910,2026-05-11 21:20:27.600000+00:00,52.1559963,21.1807444,88.4,52.22,-0.07,-0.03,0.961,0,52.58650261013972,,194.06285252799964,-1.0,6.0,52.155727,21.183555,34.0
50915,2026-05-11 21:20:28.100000+00:00,52.1559665,21.1808379,88.4,51.64,-0.08,-0.043,0.968,0,51.75278877630792,,187.26344815164117,-1.0,6.0,52.155727,21.183555,34.0
50920,2026-05-11 21:20:28.600000+00:00,52.1559356,21.1809297,88.4,51.51,-0.076,-0.044,0.98,0,51.43104285439704,,180.5933981998384,-1.0,6.0,52.155727,21.183555,34.0
50925,2026-05-11 21:20:29.100000+00:00,52.155904,21.1810202,88.4,50.94,-0.072,-0.036,0.969,0,51.14705386960303,,174.0402089201567,-1.0,6.0,52.155727,21.183555,34.0
50930,2026-05-11 21:20:29.600000+00:00,52.1558726,21.1811094,88.5,50.44,-0.07,-0.04,0.953,0,50.51323549982949,,167.62231745966042,-1.0,6.0,52.155727,21.183555,34.0
50935,2026-05-11 21:20:30.100000+00:00,52.155841,21.1811974,88.4,49.98,-0.081,-0.033,0.956,0,50.08357231379117,,161.33409098754748,-1.0,6.0,52.155727,21.183555,34.0
50940,2026-05-11 21:20:30.600000+00:00,52.1558109,21.1812847,88.5,48.6,-0.141,-0.027,0.976,0,49.18780635166167,,155.16050000709276,-1.0,6.0,52.155727,21.183555,34.0
50945,2026-05-11 21:20:31.100000+00:00,52.1557818,21.1813691,88.5,47.23,-0.133,-0.006,0.958,0,47.553826245201975,,149.2465076113341,-1.0,6.0,52.155727,21.183555,34.0
50950,2026-05-11 21:20:31.600000+00:00,52.1557542,21.1814511,88.4,45.79,-0.137,-0.019,0.965,0,45.94022476877603,,143.55993173073412,-1.0,6.0,52.155727,21.183555,34.0
50955,2026-05-11 21:20:32.100000+00:00,52.1557271,21.1815295,88.5,43.35,-0.172,-0.027,0.972,0,44.20024478446605,,138.17966241281482,-1.0,6.0,52.155727,21.183555,34.0
50960,2026-05-11 21:20:32.600000+00:00,52.1557019,21.1816036,88.5,40.65,-0.23,-0.008,0.958,0,41.61445681252652,,133.1538494850827,-1.0,6.0,52.155727,21.183555,34.0
50965,2026-05-11 21:20:33.100000+00:00,52.1556785,21.1816716,88.5,37.2,-0.249,-0.005,0.957,0,38.29574632756788,,128.5987964090504,-1.0,6.0,52.155727,21.183555,34.0
50970,2026-05-11 21:20:33.600000+00:00,52.1556576,21.1817343,88.5,34.11,-0.24,-0.004,0.963,0,35.049298785416255,,124.44778900307936,-1.0,6.0,52.155727,21.183555,34.0
50975,2026-05-11 21:20:34.100000+00:00,52.1556386,21.181791,88.5,31.05,-0.235,0.002,0.973,0,31.73360881495673,,120.7410294568927,-1.0,6.0,52.155727,21.183555,34.0
50980,2026-05-11 21:20:34.600000+00:00,52.1556217,21.1818428,88.6,28.07,-0.182,0.02,0.962,0,28.81722894596812,,117.3918529995658,-1.0,6.0,52.155727,21.183555,34.0
50985,2026-05-11 21:20:35.100000+00:00,52.1556066,21.1818915,88.7,26.12,-0.174,0.033,0.964,0,26.802014575700685,,114.27112949970792,-1.0,6.0,52.155727,21.183555,34.0
50990,2026-05-11 21:20:35.600000+00:00,52.1555932,21.181937,88.7,24.29,-0.115,0.031,0.956,0,24.79046488498381,,111.3783315166052,-1.0,6.0,52.155727,21.183555,34.0
50995,2026-05-11 21:20:36.100000+00:00,52.1555808,21.1819821,88.9,23.93,-0.086,0.053,0.968,0,24.27523700082881,,108.52793016722728,-1.0,6.0,52.155727,21.183555,34.0
51000,2026-05-11 21:20:36.600000+00:00,52.1555701,21.1820269,89.0,23.13,-0.093,0.071,0.98,0,23.613762445707625,,105.69701775837984,-1.0,6.0,52.155727,21.183555,34.0
51005,2026-05-11 21:20:37.100000+00:00,52.1555621,21.182071,89.1,22.44,-0.088,0.07,0.964,0,22.58835483371722,,102.88579114872373,-1.0,6.0,52.155727,21.183555,34.0
51010,2026-05-11 21:20:37.600000+00:00,52.1555553,21.1821146,89.2,21.93,-0.076,-0.017,0.974,0,22.096854092751183,,100.10188026712292,-1.0,6.0,52.155727,21.183555,34.0
51015,2026-05-11 21:20:38.100000+00:00,52.1555482,21.1821574,89.2,21.92,-0.067,-0.062,0.971,0,21.777689914111477,,97.39534740763744,-1.0,6.0,52.155727,21.183555,34.0
51020,2026-05-11 21:20:38.600000+00:00,52.1555399,21.1821984,89.3,20.87,-0.066,-0.1,0.944,0,21.206620104192748,,94.85708449850613,-1.0,6.0,52.155727,21.183555,34.0
51025,2026-05-11 21:20:39.100000+00:00,52.1555304,21.1822376,89.3,20.36,-0.102,-0.173,0.982,0,20.702247745594786,,92.49379906145124,-1.0,6.0,52.155727,21.183555,34.0
51030,2026-05-11 21:20:39.600000+00:00,52.1555171,21.1822725,89.4,20.15,-0.114,-0.216,0.947,0,20.18025164747565,,90.55200246918298,-1.0,6.0,52.155727,21.183555,34.0
51035,2026-05-11 21:20:40.100000+00:00,52.1555042,21.1823027,89.4,18.2,-0.125,-0.011,0.982,0,18.07500440677763,,88.95175689523332,-1.0,6.0,52.155727,21.183555,34.0
51040,2026-05-11 21:20:40.600000+00:00,52.1554916,21.1823326,89.4,16.92,-0.114,0.124,0.962,0,17.817197427951918,,87.40385928278684,-1.0,6.0,52.155727,21.183555,34.0
51045,2026-05-11 21:20:41.100000+00:00,52.1554838,21.1823643,89.5,16.04,-0.133,0.163,0.956,0,16.776192887209238,,85.6129897734923,-1.0,6.0,52.155727,21.183555,34.0
51050,2026-05-11 21:20:41.600000+00:00,52.1554789,21.1823951,89.5,15.24,-0.124,0.148,0.976,0,15.62890943954264,,83.79980815637515,-1.0,6.0,52.155727,21.183555,34.0
51055,2026-05-11 21:20:42.100000+00:00,52.1554787,21.1824261,89.6,14.99,-0.116,0.135,0.96,0,15.22763651236407,,81.81333157805481,-1.0,6.0,52.155727,21.183555,34.0
51060,2026-05-11 21:20:42.600000+00:00,52.155483,21.182456,89.7,14.8,-0.151,0.183,0.982,0,15.08457489918153,34.0,79.73220429440765,-1.0,6.0,52.155727,21.183555,34.0
51065,2026-05-11 21:20:43.100000+00:00,52.1554918,21.1824824,89.7,15.18,-0.163,0.188,0.968,0,14.757645732849836,34.0,77.70629798193393,-1.0,6.0,52.155727,21.183555,34.0
51070,2026-05-11 21:20:43.600000+00:00,52.1555036,21.1825043,89.8,14.55,-0.182,0.186,0.99,0,14.316455860799728,34.0,75.86136081473126,-1.0,6.0,52.155727,21.183555,34.0
51075,2026-05-11 21:20:44.100000+00:00,52.1555182,21.1825225,89.9,14.95,-0.15,0.137,0.932,0,14.715456644171146,34.0,74.16516334006582,-1.0,6.0,52.155727,21.183555,34.0
51080,2026-05-11 21:20:44.600000+00:00,52.1555349,21.1825367,90.0,15.16,-0.123,0.064,0.978,0,15.080035594642096,34.0,72.67846708490272,-1.0,6.0,52.155727,21.183555,34.0
51085,2026-05-11 21:20:45.100000+00:00,52.1555516,21.1825487,90.1,14.78,-0.065,0.014,0.976,0,14.611672945282358,34.0,71.36669581349679,-1.0,6.0,52.155727,21.183555,34.0
51090,2026-05-11 21:20:45.600000+00:00,52.1555679,21.1825607,90.1,15.45,-0.008,-0.055,0.95,0,14.31922519716532,34.0,70.10035489855012,-1.0,6.0,52.155727,21.183555,34.0
51095,2026-05-11 21:20:46.100000+00:00,52.1555835,21.1825765,90.2,16.42,0.018,-0.081,0.99,0,14.704233985604176,34.0,68.63399871861654,-1.0,6.0,52.155727,21.183555,34.0
51100,2026-05-11 21:20:46.600000+00:00,52.1555996,21.1825976,90.1,18.06,0.049,-0.167,0.933,0,16.53957804465151,34.0,66.83257986462895,-1.0,6.0,52.155727,21.183555,34.0
51105,2026-05-11 21:20:47.100000+00:00,52.1556157,21.1826271,90.0,20.24,0.024,-0.161,0.997,0,19.393402836870106,34.0,64.49990461362376,-1.0,6.0,52.155727,21.183555,34.0
51110,2026-05-11 21:20:47.600000+00:00,52.1556303,21.1826621,89.9,22.09,0.051,-0.173,0.968,0,20.788831340312203,34.0,61.855472457009775,-1.0,6.0,52.155727,21.183555,34.0
51115,2026-05-11 21:20:48.100000+00:00,52.1556449,21.1827015,89.8,23.42,0.033,-0.184,0.97,0,22.608740098663297,34.0,58.93716682147654,-1.0,6.0,52.155727,21.183555,34.0
51120,2026-05-11 21:20:48.600000+00:00,52.1556586,21.1827481,89.8,25.55,0.013,-0.185,0.945,0,25.38147680424446,34.0,55.56973347881953,-1.0,6.0,52.155727,21.183555,34.0
51125,2026-05-11 21:20:49.100000+00:00,52.1556697,21.1827996,89.8,27.21,-0.001,-0.204,0.966,0,26.811603871643797,34.0,51.92582326580804,-1.0,6.0,52.155727,21.183555,34.0
51130,2026-05-11 21:20:49.600000+00:00,52.1556799,21.1828552,89.8,29.71,-0.002,-0.149,0.947,0,28.50465300191171,34.0,48.02681370622758,-1.0,6.0,52.155727,21.183555,34.0
51135,2026-05-11 21:20:50.100000+00:00,52.1556891,21.1829135,89.8,30.02,-0.013,-0.147,0.964,0,29.56815167912655,34.0,43.96560978683649,-1.0,6.0,52.155727,21.183555,34.0
51140,2026-05-11 21:20:50.600000+00:00,52.1556968,21.1829762,90.0,31.61,-0.009,-0.169,0.969,0,31.408196866361163,34.0,39.6283021129002,-1.0,6.0,52.155727,21.183555,34.0
51145,2026-05-11 21:20:51.100000+00:00,52.1557036,21.1830401,90.2,32.23,-0.004,-0.143,0.948,0,31.85533658450609,34.0,35.22273752418503,-1.0,6.0,52.155727,21.183555,34.0
51150,2026-05-11 21:20:51.600000+00:00,52.1557081,21.1831066,90.3,33.26,-0.038,-0.078,0.969,0,32.86184760569758,34.0,30.661972534599546,-1.0,6.0,52.155727,21.183555,34.0
51155,2026-05-11 21:20:52.100000+00:00,52.1557126,21.1831732,90.3,32.89,-0.06,-0.027,0.971,0,32.91066712778915,34.0,26.095580843341462,-1.0,6.0,52.155727,21.183555,34.0
51160,2026-05-11 21:20:52.600000+00:00,52.1557161,21.1832388,90.2,32.15,-0.08,0.016,0.971,0,32.34330300578457,34.0,21.60519810543975,-1.0,6.0,52.155727,21.183555,34.0
51165,2026-05-11 21:20:53.100000+00:00,52.1557222,21.1833032,90.1,31.22,-0.132,0.06,0.964,0,32.00704085715038,34.0,17.186093319601316,-1.0,6.0,52.155727,21.183555,34.0
51170,2026-05-11 21:20:53.600000+00:00,52.1557301,21.1833627,90.2,29.16,-0.151,0.042,0.968,0,29.90200947696801,34.0,13.123238396275386,-1.0,6.0,52.155727,21.183555,34.0
51175,2026-05-11 21:20:54.100000+00:00,52.15574,21.1834171,90.2,27.51,-0.197,0.017,1.002,0,27.871161428219963,34.0,9.517950452815729,-1.0,6.0,52.155727,21.183555,34.0
51180,2026-05-11 21:20:54.600000+00:00,52.1557489,21.1834659,90.1,24.37,-0.209,-0.033,0.932,0,25.00642334240565,34.0,6.548055292118929,-1.0,6.0,52.155727,21.183555,34.0
51185,2026-05-11 21:20:55.100000+00:00,52.1557578,21.1835097,90.1,21.82,-0.237,-0.078,0.949,0,22.66311649733221,34.0,4.612986373023752,-1.0,6.0,52.155727,21.183555,34.0
51190,2026-05-11 21:20:55.600000+00:00,52.1557658,21.1835485,90.2,19.08,-0.196,-0.084,0.956,0,20.105386628739357,34.0,4.337091140859733,-1.0,6.0,52.155727,21.183555,34.0
51195,2026-05-11 21:20:56.100000+00:00,52.1557722,21.1835836,90.2,16.76,-0.184,-0.087,0.968,0,17.985841135623,34.0,5.391432314410202,-1.0,6.0,52.155727,21.183555,34.0
51200,2026-05-11 21:20:56.600000+00:00,52.1557773,21.1836129,90.2,13.94,-0.234,-0.075,0.932,0,14.959679510388112,34.0,6.847249503627125,-1.0,6.0,52.155727,21.183555,34.0
51205,2026-05-11 21:20:57.100000+00:00,52.1557816,21.1836353,90.1,10.38,-0.27,-0.064,0.965,0,11.528518874058282,34.0,8.177358034919113,-1.0,6.0,52.155727,21.183555,34.0
51210,2026-05-11 21:20:57.600000+00:00,52.1557839,21.1836505,90.1,6.37,-0.269,-0.072,0.948,0,7.689715234801905,34.0,9.081638195656126,-1.0,6.0,52.155727,21.183555,34.0
51215,2026-05-11 21:20:58.100000+00:00,52.1557847,21.183659,90.3,2.89,-0.272,-0.075,0.961,0,4.22390173385381,34.0,9.56565075062783,-1.0,6.0,52.155727,21.183555,34.0
51220,2026-05-11 21:20:58.600000+00:00,52.1557851,21.183662,90.4,0.8,-0.195,-0.072,0.96,0,1.5079476246936194,34.0,9.74783817736638,-1.0,6.0,52.155727,21.183555,34.0
51225,2026-05-11 21:20:59.100000+00:00,52.1557851,21.1836621,90.6,0.01,-0.079,-0.077,0.959,0,0.049118353363716,34.0,9.752947787133326,-1.0,6.0,52.155727,21.183555,34.0
51230,2026-05-11 21:20:59.600000+00:00,52.1557857,21.1836623,90.8,0.08,-0.07,-0.079,0.968,0,0.490304172717927,34.0,9.807448334710784,-1.0,6.0,52.155727,21.183555,34.0
51235,2026-05-11 21:21:00.100000+00:00,52.1557863,21.1836624,91.1,0.44,-0.057,-0.077,0.969,0,0.4828667966341917,34.0,9.85704600914761,-1.0,6.0,52.155727,21.183555,34.0
51240,2026-05-11 21:21:00.600000+00:00,52.1557872,21.1836624,91.2,0.3,-0.056,-0.074,0.969,0,0.7205431193574088,34.0,9.92427008176896,-1.0,6.0,52.155727,21.183555,34.0
51245,2026-05-11 21:21:01.100000+00:00,52.1557884,21.1836627,91.4,0.2,-0.057,-0.077,0.969,0,0.9719590706556812,34.0,10.029738579154792,-1.0,6.0,52.155727,21.183555,34.0
51250,2026-05-11 21:21:01.600000+00:00,52.1557894,21.1836626,91.5,0.15,-0.061,-0.078,0.967,0,0.8021088109303512,34.0,10.100799804301069,-1.0,6.0,52.155727,21.183555,34.0
51255,2026-05-11 21:21:02.100000+00:00,52.1557904,21.1836628,91.6,0.15,-0.059,-0.079,0.968,0,0.8066079374839947,34.0,10.187348953927591,-1.0,6.0,52.155727,21.183555,34.0
51260,2026-05-11 21:21:02.600000+00:00,52.1557915,21.1836627,91.7,0.06,-0.056,-0.074,0.971,0,0.8820325208694378,34.0,10.26748846747783,-1.0,6.0,52.155727,21.183555,34.0
51265,2026-05-11 21:21:03.100000+00:00,52.1557926,21.1836628,91.7,0.07,-0.057,-0.079,0.971,0,0.8820325258866688,34.0,10.358140165864912,-1.0,6.0,52.155727,21.183555,34.0
51270,2026-05-11 21:21:03.600000+00:00,52.1557939,21.1836628,91.8,0.09,-0.056,-0.076,0.97,0,1.0407845113970635,34.0,10.460440660149354,-1.0,6.0,52.155727,21.183555,34.0
51275,2026-05-11 21:21:04.100000+00:00,52.1557948,21.1836629,91.8,0.13,-0.058,-0.078,0.968,0,0.7222153510687599,34.0,10.53660900158654,-1.0,6.0,52.155727,21.183555,34.0
51280,2026-05-11 21:21:04.600000+00:00,52.1557959,21.183663,91.9,0.05,-0.058,-0.077,0.97,0,0.8820325205120703,34.0,10.629196985365867,-1.0,6.0,52.155727,21.183555,34.0
51285,2026-05-11 21:21:05.100000+00:00,52.155797,21.1836628,91.9,0.22,-0.056,-0.078,0.968,0,0.8861259564074829,34.0,10.708319442898,-1.0,6.0,52.155727,21.183555,34.0
51290,2026-05-11 21:21:05.600000+00:00,52.1557982,21.1836627,92.0,0.05,-0.058,-0.077,0.971,0,0.9619789677764804,34.0,10.801056423969367,-1.0,6.0,52.155727,21.183555,34.0
51295,2026-05-11 21:21:06.100000+00:00,52.1557996,21.1836628,92.0,0.08,-0.056,-0.077,0.971,0,1.121920592493936,34.0,10.92026988425959,-1.0,6.0,52.155727,21.183555,34.0
51300,2026-05-11 21:21:06.600000+00:00,52.155801,21.1836628,92.1,0.19,-0.058,-0.077,0.97,0,1.1208448568606144,34.0,11.035848131043084,-1.0,6.0,52.155727,21.183555,34.0
51305,2026-05-11 21:21:07.100000+00:00,52.1558025,21.1836631,92.2,0.09,-0.057,-0.077,0.971,0,1.2099119040710633,34.0,11.174259541412118,-1.0,6.0,52.155727,21.183555,34.0
51310,2026-05-11 21:21:07.600000+00:00,52.155804,21.1836633,92.2,0.2,-0.05,-0.077,0.968,0,1.204916500185251,34.0,11.309015621896004,-1.0,6.0,52.155727,21.183555,34.0
51315,2026-05-11 21:21:08.100000+00:00,52.1558046,21.1836643,92.2,0.93,0.005,-0.078,0.969,0,0.687028963790735,34.0,11.404097933545652,-1.0,6.0,52.155727,21.183555,34.0
51320,2026-05-11 21:21:08.600000+00:00,52.1558061,21.1836676,92.2,2.33,0.019,-0.047,0.975,0,2.017301710926182,34.0,11.677655467475708,-1.0,6.0,52.155727,21.183555,34.0
51325,2026-05-11 21:21:09.100000+00:00,52.1558082,21.1836726,92.3,3.68,0.022,-0.038,0.976,0,2.976270417352987,34.0,12.078350243125715,-1.0,6.0,52.155727,21.183555,34.0
51330,2026-05-11 21:21:09.600000+00:00,52.1558117,21.1836799,92.1,5.77,0.036,-0.045,0.976,0,4.550673736054524,34.0,12.700573027683992,-1.0,6.0,52.155727,21.183555,34.0
51335,2026-05-11 21:21:10.100000+00:00,52.155817,21.1836915,92.0,7.67,0.041,-0.044,0.973,0,7.104140130881185,34.0,13.6698470249988,-1.0,6.0,52.155727,21.183555,34.0
51340,2026-05-11 21:21:10.600000+00:00,52.1558245,21.1837068,91.9,9.73,0.055,-0.048,0.98,0,9.619308404022055,34.0,14.99268471709508,-1.0,6.0,52.155727,21.183555,34.0
51345,2026-05-11 21:21:11.100000+00:00,52.1558342,21.1837261,91.9,12.57,0.073,-0.084,0.984,0,12.25462021776183,34.0,16.68335604250841,-1.0,6.0,52.155727,21.183555,34.0
51350,2026-05-11 21:21:11.600000+00:00,52.1558438,21.1837502,91.9,15.12,0.101,-0.152,0.942,0,14.113753586368537,34.0,18.60126125851207,-1.0,6.0,52.155727,21.183555,34.0
51355,2026-05-11 21:21:12.100000+00:00,52.1558526,21.1837801,91.9,17.28,0.091,-0.144,0.985,0,16.288823806283347,34.0,20.75735065769864,-1.0,6.0,52.155727,21.183555,34.0
51360,2026-05-11 21:21:12.600000+00:00,52.1558622,21.1838164,92.0,20.18,0.1,-0.177,0.948,0,19.41592013303445,34.0,23.32407548076569,-1.0,6.0,52.155727,21.183555,34.0
51365,2026-05-11 21:21:13.100000+00:00,52.1558702,21.183859,92.0,22.49,0.058,-0.155,0.982,0,21.882676555336115,34.0,26.14661790617814,-1.0,6.0,52.155727,21.183555,34.0
51370,2026-05-11 21:21:13.600000+00:00,52.1558783,21.1839043,92.2,23.75,0.023,-0.102,0.949,0,23.176316332018004,34.0,29.169700959525493,-1.0,6.0,52.155727,21.183555,34.0
51375,2026-05-11 21:21:14.100000+00:00,52.1558865,21.1839524,92.4,25.73,0.009,-0.071,0.973,0,24.521023727478852,34.0,32.39653148938973,-1.0,6.0,52.155727,21.183555,34.0
51380,2026-05-11 21:21:14.600000+00:00,52.1558946,21.1840033,92.6,26.49,0.025,-0.039,0.967,0,25.828529460225152,34.0,35.813813144727874,-1.0,6.0,52.155727,21.183555,34.0
51385,2026-05-11 21:21:15.100000+00:00,52.1559024,21.1840553,92.6,27.18,0.012,-0.02,0.979,0,26.293792570789016,34.0,39.30998634317417,-1.0,6.0,52.155727,21.183555,34.0
51390,2026-05-11 21:21:15.600000+00:00,52.155911,21.1841116,92.7,28.59,0.028,-0.033,0.944,0,28.49780885014236,34.0,43.13255433867,-1.0,6.0,52.155727,21.183555,34.0
51395,2026-05-11 21:21:16.100000+00:00,52.1559197,21.1841707,92.8,30.54,0.026,-0.042,0.981,0,29.85279835571508,34.0,47.15270736029135,-1.0,6.0,52.155727,21.183555,34.0
51400,2026-05-11 21:21:16.600000+00:00,52.1559289,21.1842321,92.9,32.0,0.018,-0.015,0.982,0,31.04498381011899,34.0,51.3583955098448,-1.0,6.0,52.155727,21.183555,34.0
51405,2026-05-11 21:21:17.100000+00:00,52.1559395,21.1842965,92.9,33.26,0.007,-0.011,0.973,0,32.7507188538618,34.0,55.83163120507317,-1.0,6.0,52.155727,21.183555,34.0
51410,2026-05-11 21:21:17.600000+00:00,52.1559502,21.1843628,92.9,34.07,0.01,-0.013,0.968,0,33.67322892226584,34.0,60.43889278485306,-1.0,6.0,52.155727,21.183555,34.0
51415,2026-05-11 21:21:18.100000+00:00,52.1559604,21.1844289,93.1,33.99,-0.002,-0.004,0.974,0,33.478339335839394,34.0,65.0213668608637,-1.0,6.0,52.155727,21.183555,34.0
51420,2026-05-11 21:21:18.600000+00:00,52.1559728,21.1844986,93.1,36.01,0.013,-0.017,0.968,0,35.64567778795868,34.0,69.93430939440465,-1.0,6.0,52.155727,21.183555,34.0
51425,2026-05-11 21:21:19.100000+00:00,52.1559838,21.1845702,92.9,36.96,0.012,-0.014,0.96,0,36.25446920197666,34.0,74.91248298857629,-1.0,6.0,52.155727,21.183555,34.0
51430,2026-05-11 21:21:19.600000+00:00,52.1559968,21.1846443,93.0,37.95,0.012,-0.023,0.962,0,37.85539384688489,,80.13909376208902,-1.0,6.0,52.155727,21.183555,34.0
51435,2026-05-11 21:21:20.100000+00:00,52.1560098,21.1847194,92.6,38.77,0.009,-0.02,0.972,0,38.32787365455632,,85.43294784407735,-1.0,6.0,52.155727,21.183555,34.0
51440,2026-05-11 21:21:20.600000+00:00,52.156024,21.1847985,92.5,40.69,0.012,-0.034,0.981,0,40.48153405043138,,91.03294049375604,-1.0,6.0,52.155727,21.183555,34.0
51445,2026-05-11 21:21:21.100000+00:00,52.1560383,21.1848811,92.0,42.21,0.016,-0.034,0.961,0,42.15590935998205,,96.86248524445104,-1.0,6.0,52.155727,21.183555,34.0
51450,2026-05-11 21:21:21.600000+00:00,52.1560532,21.1849651,92.0,43.1,-0.006,-0.049,0.986,0,42.94904489890344,,102.80782364562496,-1.0,6.0,52.155727,21.183555,34.0
51455,2026-05-11 21:21:22.100000+00:00,52.1560683,21.1850498,91.7,43.71,-0.003,-0.051,0.944,0,43.32384213025699,,108.8078413131919,-1.0,6.0,52.155727,21.183555,34.0
51460,2026-05-11 21:21:22.600000+00:00,52.156083,21.1851356,91.6,44.18,-0.027,-0.048,0.994,0,43.755705750352526,,114.86475311128524,-1.0,6.0,52.155727,21.183555,34.0
51465,2026-05-11 21:21:23.100000+00:00,52.1560982,21.1852224,91.6,44.1,-0.003,-0.043,0.959,0,44.33716452090933,,121.00678625591608,-1.0,6.0,52.155727,21.183555,34.0
51470,2026-05-11 21:21:23.600000+00:00,52.1561146,21.1853114,91.6,45.88,-0.021,-0.026,0.977,0,45.644245619040326,,127.33672133189316,-1.0,6.0,52.155727,21.183555,34.0
51475,2026-05-11 21:21:24.100000+00:00,52.1561316,21.1854024,91.8,46.49,-0.002,-0.03,0.956,0,46.72358527712024,,133.8184849601027,-1.0,6.0,52.155727,21.183555,34.0
51480,2026-05-11 21:21:24.600000+00:00,52.1561472,21.1854939,91.7,46.86,-0.017,-0.024,0.982,0,46.64603964071627,,140.28117583058756,-1.0,6.0,52.155727,21.183555,34.0
51485,2026-05-11 21:21:25.100000+00:00,52.156163,21.1855874,91.4,47.86,-0.019,-0.031,0.978,0,47.635512410361045,,146.881400674403,-1.0,6.0,52.155727,21.183555,34.0
51490,2026-05-11 21:21:25.600000+00:00,52.1561799,21.1856827,91.4,48.78,-0.003,-0.04,0.956,0,48.7256077004356,,153.63906977472888,-1.0,6.0,52.155727,21.183555,34.0
51495,2026-05-11 21:21:26.100000+00:00,52.1561977,21.1857798,91.5,49.55,-0.024,-0.042,0.977,0,49.77702875805007,,160.5462627675245,-1.0,6.0,52.155727,21.183555,34.0
51500,2026-05-11 21:21:26.600000+00:00,52.1562159,21.1858779,91.8,50.33,-0.007,-0.038,0.948,0,50.33958651434731,,167.5329312847576,-1.0,6.0,52.155727,21.183555,34.0
51505,2026-05-11 21:21:27.100000+00:00,52.1562336,21.1859781,91.8,51.26,-0.02,-0.026,0.971,0,51.21555629976272,,174.6376362944422,-1.0,6.0,52.155727,21.183555,34.0
51510,2026-05-11 21:21:27.600000+00:00,52.1562512,21.186078,91.9,50.57,-0.066,-0.035,0.997,0,51.05179781235771,,181.7200583424978,-1.0,6.0,52.155727,21.183555,34.0
51515,2026-05-11 21:21:28.100000+00:00,52.1562684,21.1861778,91.9,50.74,-0.045,-0.021,0.928,0,50.917031013120045,,188.7824338587399,-1.0,6.0,52.155727,21.183555,34.0
51520,2026-05-11 21:21:28.600000+00:00,52.1562852,21.1862768,91.8,49.93,-0.081,-0.03,0.982,0,50.45250964939608,,185.84656737956425,-1.0,6.0,52.156702,21.188915,35.0
51525,2026-05-11 21:21:29.100000+00:00,52.156303,21.1863748,91.9,49.82,-0.055,-0.041,0.966,0,50.20063673503779,,178.87889269229996,-1.0,6.0,52.156702,21.188915,35.0
51530,2026-05-11 21:21:29.600000+00:00,52.1563195,21.1864726,91.8,50.16,-0.076,-0.034,0.977,0,49.82041654460569,,171.96051803774913,-1.0,6.0,52.156702,21.188915,35.0
51535,2026-05-11 21:21:30.100000+00:00,52.1563359,21.1865693,91.8,49.14,-0.068,-0.035,0.946,0,49.27825920385547,,165.11770626523582,-1.0,6.0,52.156702,21.188915,35.0
51540,2026-05-11 21:21:30.600000+00:00,52.1563517,21.1866657,91.6,48.9,-0.096,-0.012,0.981,0,49.01005837519892,,158.31125891695123,-1.0,6.0,52.156702,21.188915,35.0
51545,2026-05-11 21:21:31.100000+00:00,52.1563657,21.1867593,91.3,47.69,-0.083,-0.03,0.969,0,47.32076942491653,,151.73923782517008,-1.0,6.0,52.156702,21.188915,35.0
51550,2026-05-11 21:21:31.600000+00:00,52.1563818,21.186855,91.5,48.68,-0.075,-0.028,0.984,0,48.740899698652015,,144.97089623518906,-1.0,6.0,52.156702,21.188915,35.0
51555,2026-05-11 21:21:32.100000+00:00,52.1563979,21.1869478,91.4,47.85,-0.077,-0.037,0.97,0,47.36867966156443,,138.39450725584305,-1.0,6.0,52.156702,21.188915,35.0
51560,2026-05-11 21:21:32.600000+00:00,52.156414,21.1870402,91.4,46.88,-0.075,-0.018,0.958,0,47.179637273699,,131.844849822199,-1.0,6.0,52.156702,21.188915,35.0
51565,2026-05-11 21:21:33.100000+00:00,52.1564296,21.1871312,91.3,46.13,-0.068,-0.008,0.973,0,46.40919008217505,,125.40162015347263,-1.0,6.0,52.156702,21.188915,35.0
51570,2026-05-11 21:21:33.600000+00:00,52.156444,21.1872204,91.6,45.3,-0.064,-0.038,0.957,0,45.3043440434198,,119.10993937681737,-1.0,6.0,52.156702,21.188915,35.0
51575,2026-05-11 21:21:34.100000+00:00,52.1564596,21.1873081,91.5,45.0,-0.141,-0.022,0.958,0,44.85019851418262,,112.8857282441354,-1.0,6.0,52.156702,21.188915,35.0
51580,2026-05-11 21:21:34.600000+00:00,52.1564736,21.1873931,91.2,42.7,-0.15,-0.018,0.961,0,43.22833159262295,,106.88321457339812,-1.0,6.0,52.156702,21.188915,35.0
51585,2026-05-11 21:21:35.100000+00:00,52.156488,21.1874758,90.9,41.85,-0.133,-0.028,0.964,0,42.22457738950096,,101.02285119241088,-1.0,6.0,52.156702,21.188915,35.0
51590,2026-05-11 21:21:35.600000+00:00,52.1565024,21.1875548,91.0,39.88,-0.126,-0.027,0.974,0,40.47930663443602,,95.4084690471152,-1.0,6.0,52.156702,21.188915,35.0
51595,2026-05-11 21:21:36.100000+00:00,52.156515,21.1876314,91.0,38.62,-0.119,-0.025,0.971,0,38.95290396914939,,90.00046012168481,-1.0,6.0,52.156702,21.188915,35.0
51600,2026-05-11 21:21:36.600000+00:00,52.1565289,21.1877061,90.7,38.25,-0.109,-0.028,0.959,0,38.34131033722989,,84.68591942191877,-1.0,6.0,52.156702,21.188915,35.0
51605,2026-05-11 21:21:37.100000+00:00,52.1565419,21.1877792,90.7,36.36,-0.103,-0.024,0.97,0,37.382963194982686,35.0,79.5015616661597,-1.0,6.0,52.156702,21.188915,35.0
51610,2026-05-11 21:21:37.600000+00:00,52.1565545,21.1878504,90.9,35.83,-0.105,-0.041,0.972,0,36.39749124862216,35.0,74.45451176610948,-1.0,6.0,52.156702,21.188915,35.0
51615,2026-05-11 21:21:38.100000+00:00,52.1565658,21.18792,90.8,35.02,-0.099,-0.037,0.957,0,35.362585513049,35.0,69.54656154417944,-1.0,6.0,52.156702,21.188915,35.0
51620,2026-05-11 21:21:38.600000+00:00,52.156578,21.187987,90.9,33.66,-0.117,-0.038,0.948,0,34.327611939670064,35.0,64.79101323466864,-1.0,6.0,52.156702,21.188915,35.0
51625,2026-05-11 21:21:39.100000+00:00,52.1565878,21.1880504,91.0,31.54,-0.134,-0.031,0.981,0,32.1136695621634,35.0,60.33328894770007,-1.0,6.0,52.156702,21.188915,35.0
51630,2026-05-11 21:21:39.600000+00:00,52.1565974,21.1881117,91.2,30.38,-0.111,-0.035,0.947,0,31.074484786197104,35.0,56.02072017627994,-1.0,6.0,52.156702,21.188915,35.0
51635,2026-05-11 21:21:40.100000+00:00,52.1566087,21.1881721,91.4,30.12,-0.17,-0.034,0.969,0,31.015678645153404,35.0,51.73056973863086,-1.0,6.0,52.156702,21.188915,35.0
51640,2026-05-11 21:21:40.600000+00:00,52.1566167,21.1882261,91.3,27.22,-0.193,-0.031,0.976,0,27.28577531951411,35.0,47.94338590005653,-1.0,6.0,52.156702,21.188915,35.0
51645,2026-05-11 21:21:41.100000+00:00,52.1566233,21.1882746,91.6,23.52,-0.181,-0.041,0.953,0,24.400942998737666,35.0,44.55503283276833,-1.0,6.0,52.156702,21.188915,35.0
51650,2026-05-11 21:21:41.600000+00:00,52.1566289,21.1883189,91.8,21.58,-0.173,-0.032,0.963,0,22.2161121369458,35.0,41.46951191804102,-1.0,6.0,52.156702,21.188915,35.0
51655,2026-05-11 21:21:42.100000+00:00,52.1566358,21.1883617,92.0,21.08,-0.117,-0.036,0.96,0,21.73595215750148,35.0,38.45642550086064,-1.0,6.0,52.156702,21.188915,35.0
51660,2026-05-11 21:21:42.600000+00:00,52.1566414,21.1884018,92.2,19.71,-0.095,-0.02,0.989,0,20.199909794589654,35.0,35.65235606176499,-1.0,6.0,52.156702,21.188915,35.0
51665,2026-05-11 21:21:43.100000+00:00,52.1566461,21.1884403,92.1,18.3,-0.054,-0.043,0.977,0,19.280940448773272,35.0,32.97450455305692,-1.0,6.0,52.156702,21.188915,35.0
51670,2026-05-11 21:21:43.600000+00:00,52.1566518,21.1884759,92.2,18.43,-0.029,-0.035,0.756,0,18.07146932470607,35.0,30.470429100760853,-1.0,6.0,52.156702,21.188915,35.0
51675,2026-05-11 21:21:44.100000+00:00,52.1566586,21.1885104,92.3,18.21,-0.147,-0.014,1.188,0,17.798546837952344,35.0,28.019937403058066,-1.0,6.0,52.156702,21.188915,35.0
51680,2026-05-11 21:21:44.600000+00:00,52.1566646,21.1885463,92.4,17.83,-0.069,-0.046,0.916,0,18.275734478331604,35.0,25.49366628627064,-1.0,6.0,52.156702,21.188915,35.0
51685,2026-05-11 21:21:45.100000+00:00,52.1566717,21.1885818,92.5,18.0,-0.041,-0.058,0.962,0,18.33980778090636,35.0,22.978765300798496,-1.0,6.0,52.156702,21.188915,35.0
51690,2026-05-11 21:21:45.600000+00:00,52.1566781,21.1886185,92.4,18.7,-0.034,-0.036,0.999,0,18.740153962665,35.0,20.40063865241572,-1.0,6.0,52.156702,21.188915,35.0
51695,2026-05-11 21:21:46.100000+00:00,52.1566852,21.1886567,92.4,20.17,0.057,-0.039,0.92,0,19.604974166734653,35.0,17.719595322452307,-1.0,6.0,52.156702,21.188915,35.0
51700,2026-05-11 21:21:46.600000+00:00,52.1566923,21.1886983,92.3,21.24,-0.002,-0.038,1.026,0,21.208754114851317,35.0,14.822253105742766,-1.0,6.0,52.156702,21.188915,35.0
51705,2026-05-11 21:21:47.100000+00:00,52.1566986,21.1887425,92.2,22.32,0.055,-0.042,0.929,0,22.28807605762283,35.0,11.773768607581804,-1.0,6.0,52.156702,21.188915,35.0
51710,2026-05-11 21:21:47.600000+00:00,52.1567055,21.1887893,92.1,24.07,0.026,-0.024,0.984,0,23.641377085319064,35.0,8.583896108191881,-1.0,6.0,52.156702,21.188915,35.0
51715,2026-05-11 21:21:48.100000+00:00,52.1567151,21.1888383,92.1,25.49,0.028,-0.016,0.976,0,25.26490963144905,35.0,5.431338410723972,-1.0,6.0,52.156702,21.188915,35.0
51720,2026-05-11 21:21:48.600000+00:00,52.1567248,21.1888894,92.2,27.39,0.035,-0.054,0.965,0,26.272911413242745,35.0,3.078531412226143,-1.0,6.0,52.156702,21.188915,35.0
51725,2026-05-11 21:21:49.100000+00:00,52.1567357,21.1889457,92.2,29.38,0.024,-0.025,0.978,0,28.997312541639207,35.0,4.292802310937512,-1.0,6.0,52.156702,21.188915,35.0
51730,2026-05-11 21:21:49.600000+00:00,52.1567467,21.1890018,91.9,29.46,0.023,-0.028,0.984,0,28.927913048019825,35.0,7.730949338645473,-1.0,6.0,52.156702,21.188915,35.0
51735,2026-05-11 21:21:50.100000+00:00,52.1567575,21.1890624,91.8,30.81,0.016,-0.035,0.959,0,30.99551618428348,35.0,11.798150123596256,-1.0,6.0,52.156702,21.188915,35.0
51740,2026-05-11 21:21:50.600000+00:00,52.1567691,21.1891252,92.1,32.24,0.014,-0.039,0.966,0,32.21338881536337,35.0,16.164503205667845,-1.0,6.0,52.156702,21.188915,35.0
51745,2026-05-11 21:21:51.100000+00:00,52.1567812,21.18919,92.1,33.19,0.003,-0.034,0.985,0,33.26957313934063,35.0,20.72432044507927,-1.0,6.0,52.156702,21.188915,35.0
51750,2026-05-11 21:21:51.600000+00:00,52.1567926,21.1892555,92.8,33.61,0.014,-0.026,0.961,0,33.44135947263033,35.0,25.31893862939848,-1.0,6.0,52.156702,21.188915,35.0
51755,2026-05-11 21:21:52.100000+00:00,52.156805,21.1893248,93.2,35.77,0.007,-0.026,0.961,0,35.456409926350545,35.0,30.21103358025192,-1.0,6.0,52.156702,21.188915,35.0
51760,2026-05-11 21:21:52.600000+00:00,52.1568169,21.1893958,93.3,36.41,0.001,-0.017,0.988,0,36.15119929998765,35.0,35.199946281886206,-1.0,6.0,52.156702,21.188915,35.0
51765,2026-05-11 21:21:53.100000+00:00,52.1568301,21.1894693,93.6,37.84,0.019,-0.022,0.96,0,37.61615094487967,35.0,40.40733375064111,-1.0,6.0,52.156702,21.188915,35.0
51770,2026-05-11 21:21:53.600000+00:00,52.156843,21.189544,93.6,38.17,0.013,-0.018,0.971,0,38.11638968943026,35.0,45.68402882153975,-1.0,6.0,52.156702,21.188915,35.0
51775,2026-05-11 21:21:54.100000+00:00,52.1568564,21.1896224,93.5,40.05,0.013,-0.031,0.971,0,39.97433934371743,35.0,51.22073228916352,-1.0,6.0,52.156702,21.188915,35.0
51780,2026-05-11 21:21:54.600000+00:00,52.1568697,21.1897016,93.5,39.76,0.014,-0.02,0.972,0,40.33177761807853,35.0,56.80831509646557,-1.0,6.0,52.156702,21.188915,35.0
51785,2026-05-11 21:21:55.100000+00:00,52.1568849,21.1897837,93.4,42.38,0.002,-0.017,0.976,0,42.12135882926736,35.0,62.65396766669816,-1.0,6.0,52.156702,21.188915,35.0
51790,2026-05-11 21:21:55.600000+00:00,52.1569001,21.1898661,93.0,42.42,-0.003,-0.022,0.968,0,42.262434982569694,35.0,68.51977198273913,-1.0,6.0,52.156702,21.188915,35.0
51795,2026-05-11 21:21:56.100000+00:00,52.1569148,21.1899515,93.2,43.65,-0.007,-0.027,0.964,0,43.56575112185596,35.0,74.56254219919992,-1.0,6.0,52.156702,21.188915,35.0
51800,2026-05-11 21:21:56.600000+00:00,52.156932,21.1900385,93.3,44.49,-0.02,-0.015,0.978,0,44.89584109966133,,80.79771602294402,-1.0,6.0,52.156702,21.188915,35.0
51805,2026-05-11 21:21:57.100000+00:00,52.1569495,21.1901263,93.4,45.09,-0.014,-0.009,0.974,0,45.34361922919489,,87.09525708714757,-1.0,6.0,52.156702,21.188915,35.0
51810,2026-05-11 21:21:57.600000+00:00,52.1569657,21.1902152,93.3,45.93,-0.01,-0.007,0.965,0,45.55055612409737,,93.41855917474298,-1.0,6.0,52.156702,21.188915,35.0
51815,2026-05-11 21:21:58.100000+00:00,52.1569824,21.1903048,93.3,46.08,-0.012,-0.027,0.968,0,45.99499569665799,,99.80498442443331,-1.0,6.0,52.156702,21.188915,35.0
51820,2026-05-11 21:21:58.600000+00:00,52.1570008,21.190396,93.4,47.38,-0.023,-0.025,0.971,0,47.154775118390354,,101.58936208670237,-1.0,6.0,52.15726,21.191824,36.0
51825,2026-05-11 21:21:59.100000+00:00,52.1570197,21.1904868,93.5,46.77,-0.058,-0.018,0.984,0,47.09524705809553,,95.05378856513116,-1.0,6.0,52.15726,21.191824,36.0
51830,2026-05-11 21:21:59.600000+00:00,52.1570394,21.1905781,93.7,46.93,-0.073,-0.036,0.944,0,47.53650396571992,,88.46154910916185,-1.0,6.0,52.15726,21.191824,36.0
51835,2026-05-11 21:22:00.100000+00:00,52.1570584,21.1906684,93.7,46.81,-0.074,-0.021,0.965,0,46.88862478552322,,81.95782037636987,-1.0,6.0,52.15726,21.191824,36.0
51840,2026-05-11 21:22:00.600000+00:00,52.1570762,21.1907577,93.8,45.93,-0.073,-0.022,0.973,0,46.1184174090337,36.0,75.55726310577391,-1.0,6.0,52.15726,21.191824,36.0
51845,2026-05-11 21:22:01.100000+00:00,52.1570952,21.1908462,94.0,46.0,-0.083,-0.018,0.986,0,46.05319631347017,36.0,69.17472122215905,-1.0,6.0,52.15726,21.191824,36.0
51850,2026-05-11 21:22:01.600000+00:00,52.1571136,21.1909345,94.2,45.8,-0.066,-0.025,0.95,0,45.803728393830106,36.0,62.82541337535956,-1.0,6.0,52.15726,21.191824,36.0
51855,2026-05-11 21:22:02.100000+00:00,52.1571322,21.1910219,94.3,44.86,-0.064,-0.039,0.968,0,45.43759200040765,36.0,56.5327036653856,-1.0,6.0,52.15726,21.191824,36.0
51860,2026-05-11 21:22:02.600000+00:00,52.1571502,21.1911093,94.5,45.07,-0.061,-0.042,0.987,0,45.282420870950176,36.0,50.26069458310842,-1.0,6.0,52.15726,21.191824,36.0
51865,2026-05-11 21:22:03.100000+00:00,52.1571678,21.1911967,94.8,45.32,-0.032,-0.059,0.957,0,45.18150961887846,36.0,44.00394592930212,-1.0,6.0,52.15726,21.191824,36.0
51870,2026-05-11 21:22:03.600000+00:00,52.1571851,21.1912843,94.9,45.56,-0.026,-0.034,0.962,0,45.2006644868868,36.0,37.7473650218351,-1.0,6.0,52.15726,21.191824,36.0
51875,2026-05-11 21:22:04.100000+00:00,52.1572034,21.1913733,94.8,46.07,-0.04,-0.029,0.982,0,46.10382453820225,36.0,31.383267800419468,-1.0,6.0,52.15726,21.191824,36.0
51880,2026-05-11 21:22:04.600000+00:00,52.1572215,21.1914621,94.9,46.44,-0.024,-0.034,0.972,0,45.95994061974496,36.0,25.056411144333534,-1.0,6.0,52.15726,21.191824,36.0
51885,2026-05-11 21:22:05.100000+00:00,52.1572399,21.1915509,95.2,46.89,-0.017,-0.041,0.962,0,46.036215730731705,36.0,18.763837042126564,-1.0,6.0,52.15726,21.191824,36.0
51890,2026-05-11 21:22:05.600000+00:00,52.1572594,21.1916412,95.5,47.45,-0.024,-0.044,0.968,0,47.01982544047168,36.0,12.4703697845894,-1.0,6.0,52.15726,21.191824,36.0
51895,2026-05-11 21:22:06.100000+00:00,52.1572787,21.1917324,95.9,47.66,-0.022,-0.053,0.96,0,47.38455207872124,36.0,6.585620754873788,-1.0,6.0,52.15726,21.191824,36.0
51900,2026-05-11 21:22:06.600000+00:00,52.1572972,21.1918224,96.3,46.95,-0.015,-0.036,0.986,0,46.62032768228152,36.0,4.137891064087602,-1.0,6.0,52.15726,21.191824,36.0
51905,2026-05-11 21:22:07.100000+00:00,52.1573164,21.1919173,96.6,48.91,-0.01,-0.031,0.97,0,49.08093898016377,36.0,8.935314927706562,-1.0,6.0,52.15726,21.191824,36.0
51910,2026-05-11 21:22:07.600000+00:00,52.1573374,21.1920129,97.0,50.19,-0.002,-0.043,0.948,0,49.87471168158371,36.0,15.49608189482505,-1.0,6.0,52.15726,21.191824,36.0
51915,2026-05-11 21:22:08.100000+00:00,52.1573577,21.1921115,97.1,50.97,-0.018,-0.04,0.985,0,51.0832990857778,36.0,22.420380616842746,-1.0,6.0,52.15726,21.191824,36.0
51920,2026-05-11 21:22:08.600000+00:00,52.1573781,21.1922098,97.5,51.54,0.0,-0.02,0.967,0,50.96920386699792,36.0,29.41271596711787,-1.0,6.0,52.15726,21.191824,36.0
51925,2026-05-11 21:22:09.100000+00:00,52.1573987,21.1923106,97.5,52.6,-0.045,-0.024,0.969,0,52.18421853749416,36.0,36.602552971766,-1.0,6.0,52.15726,21.191824,36.0
51930,2026-05-11 21:22:09.600000+00:00,52.1574205,21.1924103,97.8,51.93,-0.053,-0.023,0.969,0,51.986501951771885,36.0,43.79707636669309,-1.0,6.0,52.15726,21.191824,36.0
51935,2026-05-11 21:22:10.100000+00:00,52.1574417,21.1925097,98.1,51.44,-0.06,-0.023,0.96,0,51.68798388124714,36.0,50.95362745955997,-1.0,6.0,52.15726,21.191824,36.0
51940,2026-05-11 21:22:10.600000+00:00,52.1574621,21.1926088,98.2,51.16,-0.045,-0.029,0.977,0,51.34148489554672,36.0,58.06233936907469,-1.0,6.0,52.15726,21.191824,36.0
51945,2026-05-11 21:22:11.100000+00:00,52.1574829,21.1927087,98.3,51.83,-0.038,-0.057,0.959,0,51.81616427120749,36.0,65.24324264000415,-1.0,6.0,52.15726,21.191824,36.0
51950,2026-05-11 21:22:11.600000+00:00,52.1574999,21.1928086,97.9,50.7,-0.052,-0.047,0.97,0,50.91998124898494,36.0,72.27025139066947,-1.0,6.0,52.15726,21.191824,36.0
51955,2026-05-11 21:22:12.100000+00:00,52.1575207,21.1929092,97.9,51.99,-0.041,-0.038,0.975,0,52.14181801278382,36.0,79.50293476589411,-1.0,6.0,52.15726,21.191824,36.0
51960,2026-05-11 21:22:12.600000+00:00,52.1575413,21.1930095,97.9,51.52,-0.044,-0.035,0.976,0,51.95113127370617,,86.71004638190796,-1.0,6.0,52.15726,21.191824,36.0
51965,2026-05-11 21:22:13.100000+00:00,52.1575615,21.1931077,98.6,51.63,-0.048,-0.029,0.957,0,50.87136199598164,,93.76874370081548,-1.0,6.0,52.15726,21.191824,36.0
51970,2026-05-11 21:22:13.600000+00:00,52.1575821,21.1932073,99.0,52.36,-0.05,-0.031,0.959,0,51.62517420380116,,100.93345842797572,-1.0,6.0,52.15726,21.191824,36.0
51975,2026-05-11 21:22:14.100000+00:00,52.1576022,21.1933074,99.0,51.87,-0.061,-0.047,0.963,0,51.732008941668255,,108.11123275274994,-1.0,6.0,52.15726,21.191824,36.0
51980,2026-05-11 21:22:14.600000+00:00,52.157624,21.1934067,99.1,51.86,-0.048,-0.04,0.96,0,51.80127062793198,,115.30498971898504,-1.0,6.0,52.15726,21.191824,36.0
51985,2026-05-11 21:22:15.100000+00:00,52.1576447,21.1935062,99.6,51.6,-0.064,-0.036,1.009,0,51.60422426479386,,122.46884976467103,-1.0,6.0,52.15726,21.191824,36.0
51990,2026-05-11 21:22:15.600000+00:00,52.1576679,21.1936084,101.0,54.05,-0.036,-0.022,0.932,0,53.52305154609941,,129.90258679637424,-1.0,6.0,52.15726,21.191824,36.0
51995,2026-05-11 21:22:16.100000+00:00,52.1576896,21.1937094,100.9,51.62,-0.058,-0.026,0.967,0,52.56159536094282,,137.2014542246075,-1.0,6.0,52.15726,21.191824,36.0
52000,2026-05-11 21:22:16.600000+00:00,52.1577118,21.1938084,101.2,51.58,-0.034,-0.04,0.961,0,51.77153540490566,,144.39185390696542,-1.0,6.0,52.15726,21.191824,36.0
52005,2026-05-11 21:22:17.100000+00:00,52.1577336,21.1939071,101.5,51.59,-0.034,-0.053,0.974,0,51.523786542469765,,151.5476101095218,-1.0,6.0,52.15726,21.191824,36.0
52010,2026-05-11 21:22:17.600000+00:00,52.1577541,21.1940046,101.8,50.38,-0.029,-0.046,0.968,0,50.62266365191922,,158.57648505852734,-1.0,6.0,52.15726,21.191824,36.0
52015,2026-05-11 21:22:18.100000+00:00,52.1577774,21.1941048,102.2,52.46,-0.025,-0.043,0.963,0,52.63108657582836,,165.88610462308816,-1.0,6.0,52.15726,21.191824,36.0
52020,2026-05-11 21:22:18.600000+00:00,52.1577994,21.1942065,102.3,52.4,-0.042,-0.043,0.971,0,52.96547674330336,,173.2416112554792,-1.0,6.0,52.15726,21.191824,36.0
52025,2026-05-11 21:22:19.100000+00:00,52.1578214,21.1943085,102.6,53.6,-0.03,-0.045,0.964,0,53.10443856225064,,180.6163846157475,-1.0,6.0,52.15726,21.191824,36.0
52030,2026-05-11 21:22:19.600000+00:00,52.157841,21.1944097,102.6,52.3,-0.049,-0.04,0.956,0,52.12359527672445,,187.8480572639835,-1.0,6.0,52.15726,21.191824,36.0
52035,2026-05-11 21:22:20.100000+00:00,52.1578623,21.1945109,102.9,52.84,-0.035,-0.037,0.974,0,52.54934133363457,,195.1450902637889,-1.0,6.0,52.15726,21.191824,36.0
52040,2026-05-11 21:22:20.600000+00:00,52.1578845,21.1946127,103.0,52.82,-0.028,-0.029,0.973,0,53.065125478000894,,202.51497410673036,-1.0,6.0,52.15726,21.191824,36.0
52045,2026-05-11 21:22:21.100000+00:00,52.1579063,21.1947168,103.0,54.24,-0.03,-0.037,0.967,0,54.02654291295778,,210.01706094863317,-1.0,6.0,52.15726,21.191824,36.0
52050,2026-05-11 21:22:21.600000+00:00,52.1579289,21.1948202,103.1,53.56,-0.033,-0.042,0.974,0,53.912818495520085,,210.80962597875535,-1.0,6.0,52.158472,21.197781,37.0
52055,2026-05-11 21:22:22.100000+00:00,52.1579499,21.1949251,103.0,53.92,-0.03,-0.039,0.951,0,54.19640650592912,,203.2847602694601,-1.0,6.0,52.158472,21.197781,37.0
52060,2026-05-11 21:22:22.600000+00:00,52.1579701,21.1950294,103.2,54.2,-0.039,-0.043,0.992,0,53.72003004760806,,195.824655604666,-1.0,6.0,52.158472,21.197781,37.0
52065,2026-05-11 21:22:23.100000+00:00,52.1579927,21.1951345,103.4,54.44,-0.039,-0.048,0.948,0,54.70001119550158,,188.2365774792316,-1.0,6.0,52.158472,21.197781,37.0
52070,2026-05-11 21:22:23.600000+00:00,52.1580148,21.1952414,103.3,54.86,-0.046,-0.047,0.964,0,55.40594810064023,,180.54708602820108,-1.0,6.0,52.158472,21.197781,37.0
52075,2026-05-11 21:22:24.100000+00:00,52.1580369,21.1953471,103.5,54.56,-0.044,-0.03,0.97,0,54.847716159937576,,172.93670207528822,-1.0,6.0,52.158472,21.197781,37.0
52080,2026-05-11 21:22:24.600000+00:00,52.1580589,21.195453,103.7,54.78,-0.04,-0.029,0.987,0,54.91495039579255,,165.31698268120508,-1.0,6.0,52.158472,21.197781,37.0
52085,2026-05-11 21:22:25.100000+00:00,52.1580799,21.1955582,103.9,54.14,-0.054,-0.032,0.959,0,54.33636083843732,,157.7745718854465,-1.0,6.0,52.158472,21.197781,37.0
52090,2026-05-11 21:22:25.600000+00:00,52.158101,21.195663,104.0,54.12,-0.063,-0.02,0.963,0,54.17446079830647,,150.25578094213284,-1.0,6.0,52.158472,21.197781,37.0
52095,2026-05-11 21:22:26.100000+00:00,52.1581233,21.1957687,104.1,54.42,-0.057,-0.026,0.965,0,54.89948354805375,,142.64216807597234,-1.0,6.0,52.158472,21.197781,37.0
52100,2026-05-11 21:22:26.600000+00:00,52.158145,21.1958732,104.1,53.76,-0.067,-0.025,0.956,0,54.18652792392847,,135.12662318688794,-1.0,6.0,52.158472,21.197781,37.0
52105,2026-05-11 21:22:27.100000+00:00,52.1581661,21.1959762,104.1,53.07,-0.071,-0.029,0.972,0,53.335098167467685,,127.72869503126604,-1.0,6.0,52.158472,21.197781,37.0
52110,2026-05-11 21:22:27.600000+00:00,52.1581865,21.1960804,103.9,53.55,-0.066,-0.031,0.953,0,53.72142038878222,,120.27351788009824,-1.0,6.0,52.158472,21.197781,37.0
52115,2026-05-11 21:22:28.100000+00:00,52.1582083,21.1961846,103.6,53.25,-0.071,-0.033,0.958,0,54.07269913592648,,112.77857870522884,-1.0,6.0,52.158472,21.197781,37.0
52120,2026-05-11 21:22:28.600000+00:00,52.158231,21.1962891,103.3,53.81,-0.07,-0.015,0.994,0,54.44840286620125,,105.24049013784489,-1.0,6.0,52.158472,21.197781,37.0
52125,2026-05-11 21:22:29.100000+00:00,52.1582533,21.1963927,103.2,53.38,-0.053,-0.048,0.952,0,53.92501913505359,,97.77666851929727,-1.0,6.0,52.158472,21.197781,37.0
52130,2026-05-11 21:22:29.600000+00:00,52.1582758,21.1964964,103.1,53.24,-0.055,-0.032,0.967,0,54.02452152957477,,90.3051225732292,-1.0,6.0,52.158472,21.197781,37.0
52135,2026-05-11 21:22:30.100000+00:00,52.158298,21.1965991,103.2,52.82,-0.059,-0.037,0.958,0,53.48140086591764,,82.91345628924796,-1.0,6.0,52.158472,21.197781,37.0
52140,2026-05-11 21:22:30.600000+00:00,52.15832,21.1967013,103.3,52.57,-0.061,-0.038,0.99,0,53.1965897267438,37.0,75.56713540022255,-1.0,6.0,52.158472,21.197781,37.0
52145,2026-05-11 21:22:31.100000+00:00,52.1583414,21.1968034,103.4,52.71,-0.045,-0.041,0.965,0,52.992976372999706,37.0,68.25074210796787,-1.0,6.0,52.158472,21.197781,37.0
52150,2026-05-11 21:22:31.600000+00:00,52.1583635,21.1969052,103.5,52.63,-0.059,-0.04,0.954,0,53.03785676209014,37.0,60.94948727713127,-1.0,6.0,52.158472,21.197781,37.0
52155,2026-05-11 21:22:32.100000+00:00,52.1583856,21.1970061,103.8,51.66,-0.065,-0.013,0.986,0,52.62132261330119,37.0,53.726440618982586,-1.0,6.0,52.158472,21.197781,37.0
52160,2026-05-11 21:22:32.600000+00:00,52.1584074,21.1971072,103.9,52.45,-0.05,-0.048,0.946,0,52.63369132276504,37.0,46.52175779335577,-1.0,6.0,52.158472,21.197781,37.0
52165,2026-05-11 21:22:33.100000+00:00,52.1584295,21.1972075,103.9,51.62,-0.053,-0.05,0.972,0,52.34383568157009,37.0,39.40618670657312,-1.0,6.0,52.158472,21.197781,37.0
52170,2026-05-11 21:22:33.600000+00:00,52.1584503,21.1973097,103.9,52.57,-0.046,-0.053,0.963,0,52.88612605065916,37.0,32.240543656650225,-1.0,6.0,52.158472,21.197781,37.0
52175,2026-05-11 21:22:34.100000+00:00,52.1584719,21.1974111,104.0,52.61,-0.05,-0.042,0.965,0,52.71991636027666,37.0,25.23303385667607,-1.0,6.0,52.158472,21.197781,37.0
52180,2026-05-11 21:22:34.600000+00:00,52.1584934,21.1975131,104.3,52.48,-0.035,-0.032,0.983,0,52.97230005594531,37.0,18.42928314896357,-1.0,6.0,52.158472,21.197781,37.0
52185,2026-05-11 21:22:35.100000+00:00,52.158512,21.1976146,104.4,52.21,-0.029,-0.031,0.947,0,52.02863680943441,37.0,12.19141223405352,-1.0,6.0,52.158472,21.197781,37.0
52190,2026-05-11 21:22:35.600000+00:00,52.1585332,21.1977191,104.4,53.27,-0.053,-0.038,0.988,0,54.059089045428784,37.0,8.008730811352367,-1.0,6.0,52.158472,21.197781,37.0
52195,2026-05-11 21:22:36.100000+00:00,52.158555,21.1978232,104.6,53.68,-0.012,-0.036,0.96,0,54.02583769496822,37.0,9.667713540560223,-1.0,6.0,52.158472,21.197781,37.0
52200,2026-05-11 21:22:36.600000+00:00,52.1585771,21.1979272,104.6,53.19,-0.038,-0.015,0.983,0,54.05746999167885,37.0,15.363588478203363,-1.0,6.0,52.158472,21.197781,37.0
52205,2026-05-11 21:22:37.100000+00:00,52.1585991,21.198032,104.7,53.72,-0.044,-0.028,0.971,0,54.402904565502254,37.0,22.201487494960688,-1.0,6.0,52.158472,21.197781,37.0
52210,2026-05-11 21:22:37.600000+00:00,52.158621,21.1981367,104.8,54.68,-0.036,-0.026,0.963,0,54.33052354587748,37.0,29.381245841694657,-1.0,6.0,52.158472,21.197781,37.0
52215,2026-05-11 21:22:38.100000+00:00,52.1586433,21.1982426,104.7,54.19,-0.046,-0.02,0.958,0,54.99181021574761,37.0,36.8012422576958,-1.0,6.0,52.158472,21.197781,37.0
52220,2026-05-11 21:22:38.600000+00:00,52.1586667,21.198349,104.7,55.74,-0.039,-0.033,0.956,0,55.51508219857866,37.0,44.38466773215525,-1.0,6.0,52.158472,21.197781,37.0
52225,2026-05-11 21:22:39.100000+00:00,52.1586883,21.1984557,104.6,53.97,-0.051,-0.025,1.016,0,55.185371071210525,37.0,51.930557361348,-1.0,6.0,52.158472,21.197781,37.0
52230,2026-05-11 21:22:39.600000+00:00,52.1587106,21.1985644,104.5,55.66,-0.02,-0.042,0.918,0,56.29423684123681,37.0,59.66361690486511,-1.0,6.0,52.158472,21.197781,37.0
52235,2026-05-11 21:22:40.100000+00:00,52.1587323,21.1986732,104.5,54.57,-0.058,-0.071,0.996,0,56.19042199746796,37.0,67.39389800453174,-1.0,6.0,52.158472,21.197781,37.0
52240,2026-05-11 21:22:40.600000+00:00,52.1587534,21.1987822,104.5,55.64,-0.035,-0.08,0.93,0,56.137409256668015,37.0,75.12405203501797,-1.0,6.0,52.158472,21.197781,37.0
52245,2026-05-11 21:22:41.100000+00:00,52.1587737,21.1988906,104.3,55.13,-0.063,-0.081,1.01,0,55.66607002003839,,82.79321635203924,-1.0,6.0,52.158472,21.197781,37.0
52250,2026-05-11 21:22:41.600000+00:00,52.1587925,21.1990001,104.2,55.29,-0.037,-0.063,0.941,0,55.8474380420824,,90.47606195100036,-1.0,6.0,52.158472,21.197781,37.0
52255,2026-05-11 21:22:42.100000+00:00,52.1588106,21.1991092,104.0,55.14,-0.055,-0.02,0.973,0,55.50932139427984,,98.1154198390237,-1.0,6.0,52.158472,21.197781,37.0
52260,2026-05-11 21:22:42.600000+00:00,52.1588284,21.1992184,103.6,54.69,-0.048,-0.023,0.96,0,55.49455160897815,,105.75879410752133,-1.0,6.0,52.158472,21.197781,37.0
52265,2026-05-11 21:22:43.100000+00:00,52.1588476,21.1993276,103.3,54.71,-0.045,-0.013,0.962,0,55.792875008169936,,113.4680629845113,-1.0,6.0,52.158472,21.197781,37.0
52270,2026-05-11 21:22:43.600000+00:00,52.1588662,21.199435,103.4,53.64,-0.05,-0.013,0.976,0,54.8110881854808,,121.04378482178969,-1.0,6.0,52.158472,21.197781,37.0
52275,2026-05-11 21:22:44.100000+00:00,52.158886,21.1995428,103.4,55.21,-0.051,-0.035,0.976,0,55.26801591561026,,128.69702279059769,-1.0,6.0,52.158472,21.197781,37.0
52280,2026-05-11 21:22:44.600000+00:00,52.1589047,21.1996504,103.3,54.48,-0.071,-0.024,0.962,0,54.927353554415255,,136.29684480626116,-1.0,6.0,52.158472,21.197781,37.0
52285,2026-05-11 21:22:45.100000+00:00,52.1589244,21.1997556,103.4,53.97,-0.086,-0.045,0.97,0,54.02245104594033,,143.78517147893243,-1.0,6.0,52.158472,21.197781,37.0
52290,2026-05-11 21:22:45.600000+00:00,52.1589425,21.1998616,103.2,54.1,-0.079,-0.05,0.935,0,54.04086481437555,,151.26452070026767,-1.0,6.0,52.158472,21.197781,37.0
52295,2026-05-11 21:22:46.100000+00:00,52.1589604,21.1999669,103.2,53.07,-0.096,-0.016,0.993,0,53.6667312630098,,158.69387517496176,-1.0,6.0,52.158472,21.197781,37.0
52300,2026-05-11 21:22:46.600000+00:00,52.1589799,21.2000713,103.1,53.12,-0.059,-0.021,0.957,0,53.59985516046537,,166.12804523880115,-1.0,6.0,52.158472,21.197781,37.0
52305,2026-05-11 21:22:47.100000+00:00,52.1589965,21.2001759,102.8,52.07,-0.08,-0.034,0.972,0,53.065270078631855,,173.46725539566745,-1.0,6.0,52.158472,21.197781,37.0
52310,2026-05-11 21:22:47.600000+00:00,52.1590135,21.2002792,102.6,51.86,-0.074,-0.042,0.96,0,52.52941296424739,,180.74017144063603,-1.0,6.0,52.158472,21.197781,37.0
52315,2026-05-11 21:22:48.100000+00:00,52.1590316,21.2003807,102.5,51.76,-0.076,-0.037,0.974,0,51.914923396763456,,187.93942289643087,-1.0,6.0,52.158472,21.197781,37.0
52320,2026-05-11 21:22:48.600000+00:00,52.1590484,21.200482,102.4,50.81,-0.069,-0.029,0.966,0,51.53923333623656,,195.07907539263005,-1.0,6.0,52.158472,21.197781,37.0
52325,2026-05-11 21:22:49.100000+00:00,52.1590643,21.2005834,102.1,50.49,-0.069,-0.024,0.96,0,51.40347044704812,,202.193869903522,-1.0,6.0,52.159439,21.203497,38.0
52330,2026-05-11 21:22:49.600000+00:00,52.159081,21.2006834,101.7,50.09,-0.079,-0.033,0.98,0,50.90201732695225,,196.01341430500236,-1.0,6.0,52.159439,21.203497,38.0
52335,2026-05-11 21:22:50.100000+00:00,52.1590979,21.200782,101.6,49.82,-0.069,-0.037,0.959,0,50.28171150534632,,189.04653802428825,-1.0,6.0,52.159439,21.203497,38.0
52340,2026-05-11 21:22:50.600000+00:00,52.1591151,21.2008797,101.4,49.71,-0.076,-0.029,0.973,0,49.92182416502531,,182.1345223253667,-1.0,6.0,52.159439,21.203497,38.0
52345,2026-05-11 21:22:51.100000+00:00,52.1591313,21.2009759,101.2,48.63,-0.058,-0.037,0.952,0,48.9961041375941,,175.3462457521408,-1.0,6.0,52.159439,21.203497,38.0
52350,2026-05-11 21:22:51.600000+00:00,52.1591482,21.2010715,101.0,48.57,-0.055,-0.029,0.979,0,48.86417479264165,,168.5845390104778,-1.0,6.0,52.159439,21.203497,38.0
52355,2026-05-11 21:22:52.100000+00:00,52.1591652,21.2011669,100.7,48.68,-0.048,-0.037,0.981,0,48.7920484171957,,161.83623401781398,-1.0,6.0,52.159439,21.203497,38.0
52360,2026-05-11 21:22:52.600000+00:00,52.1591823,21.2012635,100.5,48.91,-0.039,-0.056,0.948,0,49.38042259144687,,155.00790084860017,-1.0,6.0,52.159439,21.203497,38.0
52365,2026-05-11 21:22:53.100000+00:00,52.1591982,21.2013608,100.4,49.0,-0.038,-0.044,0.97,0,49.454864257348994,,148.15943398048074,-1.0,6.0,52.159439,21.203497,38.0
52370,2026-05-11 21:22:53.600000+00:00,52.1592143,21.2014593,100.3,49.21,-0.039,-0.053,0.962,0,50.06557873985088,,141.22843614587117,-1.0,6.0,52.159439,21.203497,38.0
52375,2026-05-11 21:22:54.100000+00:00,52.1592305,21.2015582,100.1,49.47,-0.049,-0.017,0.972,0,50.27601658815217,,134.27097713095804,-1.0,6.0,52.159439,21.203497,38.0
52380,2026-05-11 21:22:54.600000+00:00,52.1592465,21.2016565,99.9,49.46,-0.052,-0.035,0.972,0,49.95004216112888,,127.3603774473282,-1.0,6.0,52.159439,21.203497,38.0
52385,2026-05-11 21:22:55.100000+00:00,52.1592619,21.201755,99.8,49.46,-0.037,-0.043,0.959,0,49.92418084372633,,120.45030431100196,-1.0,6.0,52.159439,21.203497,38.0
52390,2026-05-11 21:22:55.600000+00:00,52.1592763,21.2018543,99.5,49.76,-0.036,-0.056,0.972,0,50.11479512188542,,113.50692961159648,-1.0,6.0,52.159439,21.203497,38.0
52395,2026-05-11 21:22:56.100000+00:00,52.1592905,21.201952,99.4,49.44,-0.046,-0.047,0.968,0,49.313195344140304,,106.67704774722844,-1.0,6.0,52.159439,21.203497,38.0
52400,2026-05-11 21:22:56.600000+00:00,52.1593047,21.2020491,99.2,49.68,-0.074,-0.018,0.995,0,49.02647854326323,,99.89026390961116,-1.0,6.0,52.159439,21.203497,38.0
52405,2026-05-11 21:22:57.100000+00:00,52.1593186,21.2021457,99.1,48.87,-0.036,-0.044,0.895,0,48.73221078154187,,93.1453050076685,-1.0,6.0,52.159439,21.203497,38.0
52410,2026-05-11 21:22:57.600000+00:00,52.159334,21.2022425,99.0,48.99,-0.114,-0.056,1.041,0,49.11545417941411,,86.36778819397252,-1.0,6.0,52.159439,21.203497,38.0
52415,2026-05-11 21:22:58.100000+00:00,52.159348,21.2023385,99.0,48.27,-0.063,-0.067,0.953,0,48.46378024014601,38.0,79.67157066262816,-1.0,6.0,52.159439,21.203497,38.0
52420,2026-05-11 21:22:58.600000+00:00,52.1593628,21.2024338,99.0,48.33,-0.084,-0.046,0.933,0,48.28252579021304,38.0,73.01881471812408,-1.0,6.0,52.159439,21.203497,38.0
52425,2026-05-11 21:22:59.100000+00:00,52.1593765,21.2025283,98.9,47.35,-0.076,-0.069,0.966,0,47.691502389370015,38.0,66.44372507135499,-1.0,6.0,52.159439,21.203497,38.0
52430,2026-05-11 21:22:59.600000+00:00,52.1593884,21.2026214,98.9,45.91,-0.114,-0.044,0.968,0,46.707470837264886,38.0,59.99293012487412,-1.0,6.0,52.159439,21.203497,38.0
52435,2026-05-11 21:23:00.100000+00:00,52.1593997,21.2027112,98.9,44.84,-0.169,-0.063,0.985,0,45.022994575781055,38.0,53.78068454753837,-1.0,6.0,52.159439,21.203497,38.0
52440,2026-05-11 21:23:00.600000+00:00,52.1594116,21.2027966,99.0,42.15,-0.211,-0.076,0.937,0,43.01206847857916,38.0,47.87438232779319,-1.0,6.0,52.159439,21.203497,38.0
52445,2026-05-11 21:23:01.100000+00:00,52.1594221,21.2028789,98.8,40.21,-0.191,-0.094,0.95,0,41.28598339966941,38.0,42.205146106931046,-1.0,6.0,52.159439,21.203497,38.0
52450,2026-05-11 21:23:01.600000+00:00,52.1594291,21.202954,98.7,36.42,-0.209,-0.112,0.971,0,37.30818629403374,38.0,37.05674354953462,-1.0,6.0,52.159439,21.203497,38.0
52455,2026-05-11 21:23:02.100000+00:00,52.1594331,21.2030248,98.7,33.88,-0.211,-0.15,0.936,0,34.9200982538207,38.0,32.21749227882363,-1.0,6.0,52.159439,21.203497,38.0
52460,2026-05-11 21:23:02.600000+00:00,52.159436,21.2030921,98.5,32.86,-0.157,-0.099,1.0,0,33.13538330777069,38.0,27.62200027829537,-1.0,6.0,52.159439,21.203497,38.0
52465,2026-05-11 21:23:03.100000+00:00,52.1594376,21.2031563,98.5,30.87,-0.137,-0.073,0.917,0,31.557405526774,38.0,23.24114627070252,-1.0,6.0,52.159439,21.203497,38.0
52470,2026-05-11 21:23:03.600000+00:00,52.159441,21.2032159,98.6,28.95,-0.16,0.007,0.965,0,29.398427032504944,38.0,19.176339217528,-1.0,6.0,52.159439,21.203497,38.0
52475,2026-05-11 21:23:04.100000+00:00,52.1594463,21.2032705,98.7,25.87,-0.183,0.092,1.011,0,27.15004544697656,38.0,15.47185400142384,-1.0,6.0,52.159439,21.203497,38.0
52480,2026-05-11 21:23:04.600000+00:00,52.1594505,21.2033206,98.5,24.21,-0.166,0.001,0.944,0,24.83495883105361,38.0,12.100762313224395,-1.0,6.0,52.159439,21.203497,38.0
