Record,Time,lat,lon,Altitude,Speed,GForceX,GForceY,GForceZ,Lap,speed_kmh,nearest_stop_id,nearest_distance_m,direction,course_id
575,2026-05-11 21:54:47.100000+00:00,52.1594336,21.2031187,92.9,16.48,0.074,-0.096,0.972,0,15.897352075377189,38.0,25.81247000958606,-1.0,11.0
580,2026-05-11 21:54:47.600000+00:00,52.1594293,21.2030838,92.8,18.22,0.07,-0.099,0.969,0,17.483190854478135,38.0,28.20679651584824,-1.0,11.0
585,2026-05-11 21:54:48.100000+00:00,52.1594231,21.2030431,92.9,21.23,0.041,-0.102,0.973,0,20.596607472507053,38.0,31.012929463323925,-1.0,11.0
590,2026-05-11 21:54:48.600000+00:00,52.1594168,21.2029982,92.8,23.37,0.019,-0.096,0.975,0,22.621795837896357,38.0,34.11474763023751,-1.0,11.0
595,2026-05-11 21:54:49.100000+00:00,52.1594106,21.2029507,92.7,24.13,0.007,-0.094,0.963,0,23.851535283411582,38.0,37.39906887476336,-1.0,11.0
600,2026-05-11 21:54:49.600000+00:00,52.1594041,21.2029014,92.6,24.57,0.0,-0.091,0.977,0,24.76627735269768,38.0,40.81339031340591,-1.0,11.0
605,2026-05-11 21:54:50.100000+00:00,52.1593966,21.2028485,92.5,27.03,0.006,-0.09,0.961,0,26.666320163223908,38.0,44.48754733542792,-1.0,11.0
610,2026-05-11 21:54:50.600000+00:00,52.1593895,21.2027942,92.4,28.67,0.0,-0.089,0.972,0,27.268154212678287,38.0,48.25599581881519,-1.0,11.0
615,2026-05-11 21:54:51.100000+00:00,52.1593808,21.2027379,92.1,29.04,-0.006,-0.097,0.969,0,28.515162055949624,38.0,52.1843698328684,-1.0,11.0
620,2026-05-11 21:54:51.600000+00:00,52.159372,21.2026787,92.0,30.01,-0.005,-0.086,0.964,0,29.917116884967726,38.0,56.314804804267105,-1.0,11.0
625,2026-05-11 21:54:52.100000+00:00,52.1593633,21.2026155,92.0,31.73,-0.011,-0.088,0.976,0,31.812183696774763,38.0,60.717290805603575,-1.0,11.0
630,2026-05-11 21:54:52.600000+00:00,52.1593541,21.2025495,92.0,33.21,-0.013,-0.078,0.955,0,33.24179191045915,38.0,65.31895291701426,-1.0,11.0
635,2026-05-11 21:54:53.100000+00:00,52.1593448,21.202482,92.1,34.34,-0.02,-0.078,0.985,0,33.97804859387446,38.0,70.0254609373978,-1.0,11.0
640,2026-05-11 21:54:53.600000+00:00,52.1593347,21.2024124,92.1,35.0,-0.016,-0.081,0.969,0,35.12700522845428,38.0,74.88883759065237,-1.0,11.0
645,2026-05-11 21:54:54.100000+00:00,52.1593243,21.202341,92.2,35.52,-0.015,-0.063,0.958,0,36.04263219151247,38.0,79.8806297321651,-1.0,11.0
650,2026-05-11 21:54:54.600000+00:00,52.1593137,21.2022714,92.0,35.59,-0.057,-0.076,0.974,0,35.22132285056224,,84.7566175338497,-1.0,11.0
655,2026-05-11 21:54:55.100000+00:00,52.1593022,21.2021971,92.0,37.4,-0.045,-0.088,0.952,0,37.63558670136007,,89.96723782453861,-1.0,11.0
660,2026-05-11 21:54:55.600000+00:00,52.1592906,21.2021218,92.1,37.9,-0.059,-0.081,0.97,0,38.131426692554086,,95.24878361251109,-1.0,11.0
665,2026-05-11 21:54:56.100000+00:00,52.1592792,21.2020462,92.1,37.72,-0.065,-0.068,0.966,0,38.23582280307723,,100.54806393362036,-1.0,11.0
670,2026-05-11 21:54:56.600000+00:00,52.1592674,21.2019692,92.4,38.17,-0.051,-0.056,1.001,0,38.98027717627981,,105.95041972806847,-1.0,11.0
675,2026-05-11 21:54:57.100000+00:00,52.1592547,21.2018924,92.6,38.61,-0.031,-0.058,0.897,0,39.066303339734155,,111.3588635021394,-1.0,11.0
680,2026-05-11 21:54:57.600000+00:00,52.1592427,21.2018155,92.5,38.7,-0.06,-0.054,1.004,0,38.97181230295714,,116.76105008479858,-1.0,11.0
685,2026-05-11 21:54:58.100000+00:00,52.1592299,21.2017374,92.7,39.65,-0.055,-0.034,0.979,0,39.70374480614768,,122.26143426861687,-1.0,11.0
690,2026-05-11 21:54:58.600000+00:00,52.1592159,21.2016577,92.7,39.93,-0.032,-0.025,0.942,0,40.71739111896107,,127.89593615510415,-1.0,11.0
695,2026-05-11 21:54:59.100000+00:00,52.1592022,21.2015791,92.8,39.63,-0.048,-0.059,0.981,0,40.13198354625808,,133.45204522950993,-1.0,11.0
700,2026-05-11 21:54:59.600000+00:00,52.159189,21.2014986,92.6,40.85,-0.047,-0.066,0.97,0,40.92524535944722,,139.12544082670166,-1.0,11.0
705,2026-05-11 21:55:00.100000+00:00,52.1591742,21.2014161,92.7,40.94,-0.05,-0.05,0.964,0,42.216479452976166,,144.9693241037654,-1.0,11.0
710,2026-05-11 21:55:00.600000+00:00,52.1591602,21.2013326,92.6,42.43,-0.044,-0.06,0.965,0,42.51479308347208,,150.8631686361766,-1.0,11.0
715,2026-05-11 21:55:01.100000+00:00,52.1591466,21.201248,92.6,42.58,-0.044,-0.057,0.967,0,42.953897157831655,,156.82201467540787,-1.0,11.0
720,2026-05-11 21:55:01.600000+00:00,52.1591309,21.2011647,92.7,42.78,-0.047,-0.06,0.963,0,42.79982344446539,,162.74365416776652,-1.0,11.0
725,2026-05-11 21:55:02.100000+00:00,52.1591163,21.2010796,92.7,43.23,-0.043,-0.051,0.982,0,43.400262445001104,,168.76080563268636,-1.0,11.0
730,2026-05-11 21:55:02.600000+00:00,52.1591005,21.2009947,92.7,43.82,-0.037,-0.057,0.968,0,43.57481786371768,,174.7940559391078,-1.0,11.0
735,2026-05-11 21:55:03.100000+00:00,52.1590846,21.2009081,92.7,44.43,-0.051,-0.048,0.963,0,44.397377444013976,,180.94416829900953,-1.0,11.0
740,2026-05-11 21:55:03.600000+00:00,52.1590698,21.2008204,92.7,44.56,-0.066,-0.065,0.974,0,44.67362907758383,,187.1416738269735,-1.0,11.0
745,2026-05-11 21:55:04.100000+00:00,52.1590555,21.2007323,92.6,44.64,-0.065,-0.055,0.961,0,44.759035829515064,,193.3539830890281,-1.0,11.0
750,2026-05-11 21:55:04.600000+00:00,52.1590404,21.2006448,92.7,44.63,-0.065,-0.057,0.974,0,44.64339236516496,,199.54638830480124,-1.0,11.0
755,2026-05-11 21:55:05.100000+00:00,52.159025,21.2005569,92.8,44.89,-0.065,-0.056,0.967,0,44.89791762512653,,199.09292370170706,-1.0,11.0
760,2026-05-11 21:55:05.600000+00:00,52.1590091,21.2004677,92.9,44.65,-0.059,-0.051,0.969,0,45.622285690841515,,192.7596793261157,-1.0,11.0
765,2026-05-11 21:55:06.100000+00:00,52.1589933,21.2003789,92.9,44.97,-0.073,-0.041,0.961,0,45.41131066279051,,186.4560402918361,-1.0,11.0
770,2026-05-11 21:55:06.600000+00:00,52.1589779,21.2002906,92.8,44.72,-0.079,-0.052,0.974,0,45.08690054895868,,180.19892816782217,-1.0,11.0
775,2026-05-11 21:55:07.100000+00:00,52.158962,21.2002037,92.8,44.59,-0.086,-0.047,0.967,0,44.538667948522246,,174.0154440133979,-1.0,11.0
780,2026-05-11 21:55:07.600000+00:00,52.1589478,21.2001156,92.8,44.91,-0.088,-0.052,0.969,0,44.73872596239627,,167.81392151644644,-1.0,11.0
785,2026-05-11 21:55:08.100000+00:00,52.1589316,21.2000308,93.1,43.47,-0.073,-0.064,0.968,0,43.62211219751012,,161.75641018539235,-1.0,11.0
790,2026-05-11 21:55:08.600000+00:00,52.1589163,21.1999453,93.3,43.32,-0.08,-0.04,0.972,0,43.74328768036543,,155.68541776716853,-1.0,11.0
795,2026-05-11 21:55:09.100000+00:00,52.1589002,21.1998602,93.7,43.62,-0.079,-0.047,0.963,0,43.73918341574144,,149.61231602864632,-1.0,11.0
800,2026-05-11 21:55:09.600000+00:00,52.1588838,21.1997763,93.9,43.43,-0.091,-0.047,0.953,0,43.24865203140687,,143.60630151800683,-1.0,11.0
805,2026-05-11 21:55:10.100000+00:00,52.1588669,21.1996938,94.5,42.72,-0.088,-0.051,0.981,0,42.71911554210885,,137.6731065132957,-1.0,11.0
810,2026-05-11 21:55:10.600000+00:00,52.1588516,21.1996102,94.7,42.7,-0.084,-0.054,0.953,0,42.84829302719265,,131.72569690583825,-1.0,11.0
815,2026-05-11 21:55:11.100000+00:00,52.1588353,21.1995281,95.0,42.38,-0.091,-0.053,0.97,0,42.38248087710341,,125.83977685483929,-1.0,11.0
820,2026-05-11 21:55:11.600000+00:00,52.1588196,21.1994459,95.4,41.81,-0.091,-0.049,0.967,0,42.28395309810211,,119.96892591125615,-1.0,11.0
825,2026-05-11 21:55:12.100000+00:00,52.1588031,21.1993647,95.8,41.42,-0.087,-0.052,0.968,0,42.01224129650221,,114.13409664632535,-1.0,11.0
830,2026-05-11 21:55:12.600000+00:00,52.1587883,21.1992839,96.0,41.27,-0.089,-0.061,0.961,0,41.41608533973918,,108.38630198233174,-1.0,11.0
835,2026-05-11 21:55:13.100000+00:00,52.1587728,21.1992044,96.2,41.15,-0.087,-0.055,0.961,0,40.97094596935192,,102.69744749898074,-1.0,11.0
840,2026-05-11 21:55:13.600000+00:00,52.1587582,21.1991255,96.4,40.62,-0.091,-0.039,0.969,0,40.47628042119811,,97.08021254679278,-1.0,11.0
845,2026-05-11 21:55:14.100000+00:00,52.1587433,21.1990476,96.5,40.17,-0.073,-0.034,0.954,0,40.077151761592205,,91.51691670124748,-1.0,11.0
850,2026-05-11 21:55:14.600000+00:00,52.1587286,21.1989686,96.5,40.44,-0.084,-0.054,0.981,0,40.54649567241583,,85.89060411456467,-1.0,11.0
855,2026-05-11 21:55:15.100000+00:00,52.1587138,21.1988898,96.5,40.29,-0.074,-0.05,0.956,0,40.475881180668424,,80.27414120525779,-1.0,11.0
860,2026-05-11 21:55:15.600000+00:00,52.158699,21.198811,96.5,40.38,-0.082,-0.054,0.982,0,40.475893484616684,37.0,74.65845773158209,-1.0,11.0
865,2026-05-11 21:55:16.100000+00:00,52.1586834,21.198733,96.4,40.66,-0.068,-0.048,0.934,0,40.29426019875424,37.0,69.06470682077662,-1.0,11.0
870,2026-05-11 21:55:16.600000+00:00,52.158668,21.1986549,96.1,40.5,-0.086,-0.014,0.992,0,40.29168695686804,37.0,63.472650675625886,-1.0,11.0
875,2026-05-11 21:55:17.100000+00:00,52.1586521,21.1985783,95.8,40.01,-0.077,-0.036,0.974,0,39.71743624601801,37.0,57.95811325595768,-1.0,11.0
880,2026-05-11 21:55:17.600000+00:00,52.1586354,21.1985024,95.8,40.04,-0.082,-0.054,0.957,0,39.60354576004523,37.0,52.45783690726311,-1.0,11.0
885,2026-05-11 21:55:18.100000+00:00,52.1586207,21.1984247,95.8,39.93,-0.078,-0.059,0.968,0,39.93600573613727,37.0,46.92039405529939,-1.0,11.0
890,2026-05-11 21:55:18.600000+00:00,52.1586053,21.1983481,95.6,39.61,-0.08,-0.069,0.977,0,39.5909916249847,37.0,41.42752229781577,-1.0,11.0
895,2026-05-11 21:55:19.100000+00:00,52.1585896,21.1982707,96.0,39.95,-0.074,-0.055,0.956,0,40.039323821180794,37.0,35.873467624819064,-1.0,11.0
900,2026-05-11 21:55:19.600000+00:00,52.1585718,21.1981948,96.6,40.0,-0.081,-0.053,0.964,0,39.90951553750171,37.0,30.3306879037573,-1.0,11.0
905,2026-05-11 21:55:20.100000+00:00,52.1585563,21.1981176,96.3,39.48,-0.087,-0.062,0.964,0,39.896003888889545,37.0,24.801084606492786,-1.0,11.0
910,2026-05-11 21:55:20.600000+00:00,52.158541,21.1980413,96.1,39.37,-0.083,-0.044,0.974,0,39.426103849059984,37.0,19.343268820072694,-1.0,11.0
915,2026-05-11 21:55:21.100000+00:00,52.1585263,21.1979689,95.7,36.45,-0.073,-0.049,0.962,0,37.456426044562775,37.0,14.168649350944394,-1.0,11.0
920,2026-05-11 21:55:21.600000+00:00,52.1585109,21.1978938,95.4,37.57,-0.066,-0.044,0.955,0,38.89164898993545,37.0,8.827164843644178,-1.0,11.0
925,2026-05-11 21:55:22.100000+00:00,52.1584954,21.1978172,95.4,38.87,-0.068,-0.043,0.966,0,39.61608497989428,37.0,3.5872270776345654,-1.0,11.0
930,2026-05-11 21:55:22.600000+00:00,52.1584793,21.1977396,95.6,38.7,-0.066,-0.058,0.98,0,40.23413823609717,37.0,2.9384742282937744,-1.0,11.0
935,2026-05-11 21:55:23.100000+00:00,52.1584635,21.1976636,95.6,39.04,-0.063,-0.062,0.964,0,39.41278551667911,37.0,8.064118098448342,-1.0,11.0
940,2026-05-11 21:55:23.600000+00:00,52.158448,21.1975874,95.7,39.65,-0.062,-0.06,0.961,0,39.42959655155283,37.0,13.473520679408916,-1.0,11.0
945,2026-05-11 21:55:24.100000+00:00,52.1584315,21.1975115,95.7,39.53,-0.059,-0.055,0.971,0,39.54993756740957,37.0,18.92771315450271,-1.0,11.0
950,2026-05-11 21:55:24.600000+00:00,52.1584157,21.1974358,95.6,39.51,-0.07,-0.051,0.969,0,39.27330080400859,37.0,24.36605796964643,-1.0,11.0
955,2026-05-11 21:55:25.100000+00:00,52.1584004,21.1973615,95.6,38.91,-0.068,-0.04,0.968,0,38.49372942525129,37.0,29.703431372722367,-1.0,11.0
960,2026-05-11 21:55:25.600000+00:00,52.1583838,21.1972889,95.5,38.16,-0.056,-0.044,0.971,0,38.053986589027474,37.0,34.97234965150463,-1.0,11.0
965,2026-05-11 21:55:26.100000+00:00,52.1583681,21.1972139,95.3,39.67,-0.056,-0.047,0.956,0,38.92208093118025,37.0,40.37354115990198,-1.0,11.0
970,2026-05-11 21:55:26.600000+00:00,52.1583528,21.1971362,95.4,40.26,-0.067,-0.062,0.978,0,40.080412333166045,37.0,45.93925033254462,-1.0,11.0
975,2026-05-11 21:55:27.100000+00:00,52.1583363,21.1970592,95.5,40.47,-0.049,-0.041,0.949,0,40.0596626763955,37.0,51.498427745929256,-1.0,11.0
980,2026-05-11 21:55:27.600000+00:00,52.1583206,21.1969797,95.4,40.72,-0.067,-0.048,0.987,0,41.02010499355586,37.0,57.19515742373277,-1.0,11.0
985,2026-05-11 21:55:28.100000+00:00,52.1583055,21.1968998,95.3,41.28,-0.05,-0.041,0.943,0,41.063196298467325,37.0,62.89837912318614,-1.0,11.0
990,2026-05-11 21:55:28.600000+00:00,52.1582893,21.1968216,95.6,39.87,-0.068,-0.029,0.979,0,40.53910650445453,37.0,68.52694379811997,-1.0,11.0
995,2026-05-11 21:55:29.100000+00:00,52.158272,21.1967444,95.9,40.37,-0.053,-0.045,0.961,0,40.36771064332679,37.0,74.12728989606931,-1.0,11.0
1000,2026-05-11 21:55:29.600000+00:00,52.1582556,21.196666,95.9,41.29,-0.063,-0.045,0.98,0,40.68360779133803,37.0,79.7762911804768,-1.0,11.0
1005,2026-05-11 21:55:30.100000+00:00,52.1582388,21.1965873,95.9,41.42,-0.065,-0.021,0.97,0,40.92723374815035,,85.45848144972538,-1.0,11.0
1010,2026-05-11 21:55:30.600000+00:00,52.1582209,21.196509,96.2,41.57,-0.062,-0.012,0.969,0,41.04090340814243,,91.15234882093583,-1.0,11.0
1015,2026-05-11 21:55:31.100000+00:00,52.1582021,21.1964309,96.6,41.18,-0.051,-0.043,0.964,0,41.20658013393005,,96.86493901732048,-1.0,11.0
1020,2026-05-11 21:55:31.600000+00:00,52.1581842,21.1963525,96.5,41.61,-0.057,-0.054,0.964,0,41.086960785068236,,102.5668749081241,-1.0,11.0
1025,2026-05-11 21:55:32.100000+00:00,52.1581659,21.1962729,96.6,41.62,-0.057,-0.064,0.983,0,41.751155251231715,,108.36098251012392,-1.0,11.0
1030,2026-05-11 21:55:32.600000+00:00,52.1581482,21.1961909,96.9,43.2,-0.057,-0.063,0.961,0,42.69515356331747,,114.28987185374844,-1.0,11.0
1035,2026-05-11 21:55:33.100000+00:00,52.1581302,21.1961112,97.1,41.77,-0.053,-0.066,0.959,0,41.71359722761231,,120.08056157172949,-1.0,11.0
1040,2026-05-11 21:55:33.600000+00:00,52.1581134,21.1960287,97.3,43.24,-0.051,-0.048,0.965,0,42.69447706710032,,126.01034311480643,-1.0,11.0
1045,2026-05-11 21:55:34.100000+00:00,52.1580956,21.1959456,97.2,43.89,-0.052,-0.041,0.968,0,43.23154277646621,,132.01416763792184,-1.0,11.0
1050,2026-05-11 21:55:34.600000+00:00,52.158078,21.1958626,96.9,43.61,-0.051,-0.025,0.953,0,43.13261691447857,,138.00451251976222,-1.0,11.0
1055,2026-05-11 21:55:35.100000+00:00,52.1580607,21.1957786,96.9,43.71,-0.055,-0.063,0.972,0,43.52010489070759,,144.0489695649979,-1.0,11.0
1060,2026-05-11 21:55:35.600000+00:00,52.1580418,21.1956951,96.9,44.01,-0.049,-0.055,0.956,0,43.714094814960106,,150.11768682045056,-1.0,11.0
1065,2026-05-11 21:55:36.100000+00:00,52.1580229,21.1956107,96.7,44.41,-0.06,-0.057,0.976,0,44.12909271743871,,156.24478833571737,-1.0,11.0
1070,2026-05-11 21:55:36.600000+00:00,52.1580045,21.1955249,96.5,45.37,-0.06,-0.063,0.964,0,44.64197833962406,,162.44470553409585,-1.0,11.0
1075,2026-05-11 21:55:37.100000+00:00,52.1579869,21.1954378,96.3,44.5,-0.078,-0.053,0.979,0,45.04076773600122,,168.70019508106137,-1.0,11.0
1080,2026-05-11 21:55:37.600000+00:00,52.1579691,21.1953492,96.6,45.57,-0.053,-0.064,0.956,0,45.79070207764346,,175.05976639581564,-1.0,11.0
1085,2026-05-11 21:55:38.100000+00:00,52.1579528,21.1952626,96.2,44.0,-0.074,-0.062,0.975,0,44.491288527019485,,181.23686193627373,-1.0,11.0
1090,2026-05-11 21:55:38.600000+00:00,52.1579348,21.1951772,96.2,44.81,-0.064,-0.052,0.96,0,44.35154308679876,,187.39666408002486,-1.0,11.0
1095,2026-05-11 21:55:39.100000+00:00,52.1579154,21.1950927,96.4,45.12,-0.067,-0.049,0.962,0,44.31403969054656,,193.54801627296143,-1.0,11.0
1100,2026-05-11 21:55:39.600000+00:00,52.1578964,21.195007,96.7,45.64,-0.064,-0.045,0.972,0,44.75668520778919,,199.762859985761,-1.0,11.0
1105,2026-05-11 21:55:40.100000+00:00,52.1578778,21.1949193,96.7,46.21,-0.067,-0.044,0.954,0,45.576131339517126,,206.09274156168036,-1.0,11.0
1110,2026-05-11 21:55:40.600000+00:00,52.1578598,21.1948315,96.7,46.02,-0.072,-0.042,0.988,0,45.46804813433567,,212.40770236365003,-1.0,11.0
1115,2026-05-11 21:55:41.100000+00:00,52.1578403,21.1947443,97.2,45.6,-0.064,-0.048,0.963,0,45.585844482587596,,209.4043636864274,-1.0,11.0
1120,2026-05-11 21:55:41.600000+00:00,52.1578229,21.1946557,97.3,45.9,-0.068,-0.051,0.955,0,45.69218810419792,,203.0582645263361,-1.0,11.0
1125,2026-05-11 21:55:42.100000+00:00,52.1578074,21.1945671,97.0,45.22,-0.074,-0.053,0.976,0,45.25163725005401,,196.77741033637125,-1.0,11.0
1130,2026-05-11 21:55:42.600000+00:00,52.1577877,21.1944798,97.3,46.14,-0.057,-0.04,0.974,0,45.6870697883647,,190.43671840410187,-1.0,11.0
1135,2026-05-11 21:55:43.100000+00:00,52.1577693,21.1943917,97.3,45.94,-0.068,-0.04,0.959,0,45.71010421605214,,184.08882470539066,-1.0,11.0
1140,2026-05-11 21:55:43.600000+00:00,52.1577499,21.1943059,97.4,45.44,-0.069,-0.042,0.968,0,44.91274894964049,,177.8562180717322,-1.0,11.0
1145,2026-05-11 21:55:44.100000+00:00,52.1577313,21.1942171,97.6,46.09,-0.066,-0.051,0.975,0,46.087229495283616,,171.4562592053008,-1.0,11.0
1150,2026-05-11 21:55:44.600000+00:00,52.1577134,21.1941269,97.6,46.13,-0.068,-0.04,0.964,0,46.56299406612733,,164.9891935904631,-1.0,11.0
1155,2026-05-11 21:55:45.100000+00:00,52.1576943,21.194038,97.7,46.0,-0.069,-0.044,0.969,0,46.2645103148282,,158.56588578511582,-1.0,11.0
1160,2026-05-11 21:55:45.600000+00:00,52.157673,21.1939524,98.4,45.38,-0.065,-0.04,0.97,0,45.37022418045849,,152.2833417263264,-1.0,11.0
1165,2026-05-11 21:55:46.100000+00:00,52.1576533,21.1938645,98.6,46.48,-0.067,-0.036,0.965,0,45.96388467056404,,145.90589812954948,-1.0,11.0
1170,2026-05-11 21:55:46.600000+00:00,52.157635,21.1937735,98.1,46.81,-0.067,-0.037,0.978,0,47.03584603789275,,139.3736638504071,-1.0,11.0
1175,2026-05-11 21:55:47.100000+00:00,52.1576161,21.1936836,98.5,46.88,-0.068,-0.035,0.951,0,46.67627052610781,,132.89320331580834,-1.0,11.0
1180,2026-05-11 21:55:47.600000+00:00,52.157597,21.1935946,98.7,46.74,-0.076,-0.042,0.957,0,46.31095914430646,,126.46502457696673,-1.0,11.0
1185,2026-05-11 21:55:48.100000+00:00,52.1575773,21.1935061,98.5,46.96,-0.075,-0.035,0.989,0,46.24087028703583,,120.05023344683453,-1.0,11.0
1190,2026-05-11 21:55:48.600000+00:00,52.1575566,21.1934172,98.4,46.41,-0.059,-0.044,0.946,0,46.70367600524565,,113.57785125503578,-1.0,11.0
1195,2026-05-11 21:55:49.100000+00:00,52.1575353,21.1933311,99.0,45.77,-0.077,-0.042,0.967,0,45.598013342814916,,107.27115106337187,-1.0,11.0
1200,2026-05-11 21:55:49.600000+00:00,52.1575147,21.1932439,99.3,45.86,-0.076,-0.052,0.97,0,45.89519599444215,,100.91752112769025,-1.0,11.0
1205,2026-05-11 21:55:50.100000+00:00,52.1574945,21.1931565,98.6,45.02,-0.077,-0.042,0.972,0,45.873023944986194,,94.56581211762715,-1.0,11.0
1210,2026-05-11 21:55:50.600000+00:00,52.1574738,21.1930684,98.1,46.58,-0.073,-0.055,0.971,0,46.336599541618654,,88.15593336123558,-1.0,11.0
1215,2026-05-11 21:55:51.100000+00:00,52.1574562,21.1929765,97.3,46.34,-0.073,-0.054,0.95,0,47.28626059278813,,81.59149168704278,-1.0,11.0
1220,2026-05-11 21:55:51.600000+00:00,52.1574369,21.1928893,97.3,45.38,-0.108,-0.051,0.989,0,45.531621749539674,36.0,75.28721523099385,-1.0,11.0
1225,2026-05-11 21:55:52.100000+00:00,52.1574196,21.1928015,97.4,45.58,-0.082,-0.044,0.958,0,45.29395043379584,36.0,69.0037878953579,-1.0,11.0
1230,2026-05-11 21:55:52.600000+00:00,52.1574022,21.192712,96.8,46.18,-0.081,-0.044,0.961,0,46.11378097831131,36.0,62.6068199554028,-1.0,11.0
1235,2026-05-11 21:55:53.100000+00:00,52.1573844,21.1926238,96.6,46.05,-0.084,-0.055,0.937,0,45.60457635782363,36.0,56.286603596237796,-1.0,11.0
1240,2026-05-11 21:55:53.600000+00:00,52.1573674,21.1925338,96.3,46.48,-0.095,-0.047,0.992,0,46.25273825159519,36.0,49.87181480131566,-1.0,11.0
1245,2026-05-11 21:55:54.100000+00:00,52.1573514,21.1924457,96.2,45.54,-0.092,-0.043,0.965,0,45.12793747924598,36.0,43.61162920145292,-1.0,11.0
1250,2026-05-11 21:55:54.600000+00:00,52.1573334,21.1923615,96.2,43.81,-0.092,-0.036,0.967,0,43.795078025019734,36.0,37.564347696546896,-1.0,11.0
1255,2026-05-11 21:55:55.100000+00:00,52.1573164,21.1922747,96.4,44.72,-0.088,-0.039,0.957,0,44.753030493763006,36.0,31.378777295946957,-1.0,11.0
1260,2026-05-11 21:55:55.600000+00:00,52.1572987,21.1921875,96.3,44.75,-0.098,-0.045,0.978,0,45.11313393644001,36.0,25.167733241674256,-1.0,11.0
1265,2026-05-11 21:55:56.100000+00:00,52.1572811,21.1921024,96.4,44.15,-0.088,-0.05,0.966,0,44.10945515346262,36.0,19.13617131815797,-1.0,11.0
1270,2026-05-11 21:55:56.600000+00:00,52.157263,21.1920176,96.6,44.32,-0.085,-0.045,0.956,0,44.09977790179464,36.0,13.211153908324086,-1.0,11.0
1275,2026-05-11 21:55:57.100000+00:00,52.1572449,21.1919338,96.6,43.15,-0.133,-0.04,0.974,0,43.63619891320683,36.0,7.676184775407046,-1.0,11.0
1280,2026-05-11 21:55:57.600000+00:00,52.1572273,21.191853,96.8,41.85,-0.139,-0.035,0.973,0,42.11354796862358,36.0,4.139415240955048,-1.0,11.0
1285,2026-05-11 21:55:58.100000+00:00,52.1572098,21.1917759,96.9,39.91,-0.086,-0.036,0.948,0,40.377708920095095,36.0,6.47497540984578,-1.0,11.0
1290,2026-05-11 21:55:58.600000+00:00,52.1571912,21.1916979,97.1,40.69,-0.109,-0.058,0.957,0,41.103391791710266,36.0,11.511929880268934,-1.0,11.0
1295,2026-05-11 21:55:59.100000+00:00,52.1571745,21.1916214,97.2,39.18,-0.154,-0.054,0.97,0,39.88222169950858,36.0,16.775097232440594,-1.0,11.0
1300,2026-05-11 21:55:59.600000+00:00,52.1571595,21.1915464,97.0,38.37,-0.148,-0.046,0.974,0,38.74568026787682,36.0,21.988679210327497,-1.0,11.0
1305,2026-05-11 21:56:00.100000+00:00,52.1571433,21.1914757,96.9,36.99,-0.096,-0.053,0.97,0,37.06862733478085,36.0,27.072819893243093,-1.0,11.0
1310,2026-05-11 21:56:00.600000+00:00,52.1571283,21.1914032,97.3,37.67,-0.082,-0.043,0.945,0,37.580180227019795,36.0,32.22567915399764,-1.0,11.0
1315,2026-05-11 21:56:01.100000+00:00,52.1571145,21.1913312,97.4,37.11,-0.096,-0.028,0.972,0,37.049816512548816,36.0,37.30827066650912,-1.0,11.0
1320,2026-05-11 21:56:01.600000+00:00,52.1571008,21.1912596,97.2,36.49,-0.082,-0.015,0.978,0,36.83842824921919,36.0,42.37667621151245,-1.0,11.0
1325,2026-05-11 21:56:02.100000+00:00,52.1570858,21.1911894,97.3,36.22,-0.072,-0.038,0.971,0,36.51154144745319,36.0,47.426949580408596,-1.0,11.0
1330,2026-05-11 21:56:02.600000+00:00,52.1570724,21.191116,97.1,36.96,-0.07,-0.034,0.969,0,37.6141710138086,36.0,52.6104965435959,-1.0,11.0
1335,2026-05-11 21:56:03.100000+00:00,52.157058,21.1910448,97.2,35.96,-0.062,-0.038,0.959,0,36.82254612321735,36.0,57.70617737551729,-1.0,11.0
1340,2026-05-11 21:56:03.600000+00:00,52.1570439,21.1909729,96.8,37.24,-0.074,-0.041,0.966,0,37.075412269235,36.0,62.83622380908653,-1.0,11.0
1345,2026-05-11 21:56:04.100000+00:00,52.1570294,21.1909019,96.5,37.27,-0.067,-0.046,0.974,0,36.75449331111747,36.0,67.92909784277138,-1.0,11.0
1350,2026-05-11 21:56:04.600000+00:00,52.157015,21.1908312,96.6,36.75,-0.06,-0.04,0.974,0,36.589421011584946,36.0,73.0005005782901,-1.0,11.0
1355,2026-05-11 21:56:05.100000+00:00,52.1570001,21.1907609,96.5,36.46,-0.05,-0.061,0.974,0,36.53177091338334,36.0,78.06847346348997,-1.0,11.0
1360,2026-05-11 21:56:05.600000+00:00,52.1569814,21.1906945,96.5,35.39,-0.049,-0.057,0.972,0,35.88583368010897,,83.04649163316715,-1.0,11.0
1365,2026-05-11 21:56:06.100000+00:00,52.1569646,21.190626,97.2,37.03,-0.052,-0.064,0.959,0,36.2340173638093,,88.0789847560563,-1.0,11.0
1370,2026-05-11 21:56:06.600000+00:00,52.15695,21.1905524,97.0,37.54,-0.046,-0.068,0.954,0,37.99292219685595,,93.34378069860013,-1.0,11.0
1375,2026-05-11 21:56:07.100000+00:00,52.1569368,21.19048,97.2,36.61,-0.062,-0.072,0.974,0,37.09784069269105,,98.47676508913342,-1.0,11.0
1380,2026-05-11 21:56:07.600000+00:00,52.1569225,21.1904087,97.3,36.53,-0.049,-0.065,0.958,0,36.844342521769924,,103.58596201213575,-1.0,11.0
1385,2026-05-11 21:56:08.100000+00:00,52.1569072,21.1903346,97.3,38.35,-0.066,-0.075,0.973,0,38.40177452869512,,99.4944886417591,-1.0,11.0
1390,2026-05-11 21:56:08.600000+00:00,52.1568949,21.1902566,97.3,39.05,-0.064,-0.046,0.974,0,39.55669007443283,,94.00169131241144,-1.0,11.0
1395,2026-05-11 21:56:09.100000+00:00,52.1568839,21.1901797,96.8,38.67,-0.068,-0.053,0.958,0,38.7841613483966,,88.61500592001514,-1.0,11.0
1400,2026-05-11 21:56:09.600000+00:00,52.1568705,21.1901034,96.6,39.1,-0.074,-0.042,0.97,0,38.981678638536586,,83.2076741274526,-1.0,11.0
1405,2026-05-11 21:56:10.100000+00:00,52.1568577,21.1900259,96.0,39.45,-0.064,-0.045,0.966,0,39.421074746258796,35.0,77.73629276147884,-1.0,11.0
1410,2026-05-11 21:56:10.600000+00:00,52.1568454,21.1899489,95.8,39.32,-0.064,-0.054,0.971,0,39.08121400874002,35.0,72.31099437836012,-1.0,11.0
1415,2026-05-11 21:56:11.100000+00:00,52.1568321,21.1898732,95.7,38.62,-0.068,-0.059,0.963,0,38.67635363444679,35.0,66.9485642516072,-1.0,11.0
1420,2026-05-11 21:56:11.600000+00:00,52.1568197,21.1897952,95.8,39.51,-0.06,-0.06,0.968,0,39.57675923708773,35.0,61.45561930084706,-1.0,11.0
1425,2026-05-11 21:56:12.100000+00:00,52.1568062,21.1897194,96.1,39.06,-0.085,-0.058,0.958,0,38.76793068687538,35.0,56.0847962013546,-1.0,11.0
1430,2026-05-11 21:56:12.600000+00:00,52.1567934,21.1896442,96.1,38.61,-0.09,-0.064,0.968,0,38.331394592685,35.0,50.77249500878732,-1.0,11.0
1435,2026-05-11 21:56:13.100000+00:00,52.1567796,21.1895723,96.1,36.57,-0.093,-0.048,0.967,0,37.00319079689872,35.0,45.66268352583053,-1.0,11.0
1440,2026-05-11 21:56:13.600000+00:00,52.1567663,21.1894992,96.3,37.18,-0.082,-0.054,0.958,0,37.45035912342412,35.0,40.48951280694651,-1.0,11.0
1445,2026-05-11 21:56:14.100000+00:00,52.156754,21.189423,96.1,36.98,-0.093,-0.049,0.976,0,38.70115600760917,35.0,35.134053153596874,-1.0,11.0
1450,2026-05-11 21:56:14.600000+00:00,52.1567416,21.1893481,95.9,37.77,-0.08,-0.056,0.952,0,38.10478365320778,35.0,29.87175624391055,-1.0,11.0
1455,2026-05-11 21:56:15.100000+00:00,52.1567292,21.1892744,95.8,36.82,-0.128,-0.055,0.967,0,37.53605490345812,35.0,24.70357930364311,-1.0,11.0
1460,2026-05-11 21:56:15.600000+00:00,52.1567175,21.1892055,96.0,34.36,-0.154,-0.069,0.963,0,35.11426315105029,35.0,19.89228587538272,-1.0,11.0
1465,2026-05-11 21:56:16.100000+00:00,52.1567051,21.1891381,96.3,33.75,-0.127,-0.06,0.958,0,34.56155923556675,35.0,15.223456909921238,-1.0,11.0
1470,2026-05-11 21:56:16.600000+00:00,52.1566946,21.1890724,96.3,32.42,-0.156,-0.061,0.966,0,33.34704737736903,35.0,10.769079585992529,-1.0,11.0
1475,2026-05-11 21:56:17.100000+00:00,52.1566826,21.1890102,96.0,30.47,-0.164,-0.047,0.964,0,32.02596555473243,35.0,6.843298665199816,-1.0,11.0
1480,2026-05-11 21:56:17.600000+00:00,52.156672,21.1889499,96.2,29.94,-0.154,-0.056,0.948,0,30.80960031083313,35.0,4.098319212997468,-1.0,11.0
1485,2026-05-11 21:56:18.100000+00:00,52.1566632,21.1888909,96.0,27.99,-0.186,-0.043,0.971,0,29.823373322337336,35.0,4.616999761671568,-1.0,11.0
1490,2026-05-11 21:56:18.600000+00:00,52.1566549,21.1888367,95.8,25.95,-0.202,-0.026,0.961,0,27.438423460739763,35.0,7.480700694017802,-1.0,11.0
1495,2026-05-11 21:56:19.100000+00:00,52.1566476,21.1887881,95.9,23.7,-0.194,-0.036,0.963,0,24.576093600968267,35.0,10.560918834722571,-1.0,11.0
1500,2026-05-11 21:56:19.600000+00:00,52.1566406,21.1887456,96.0,20.11,-0.185,-0.039,0.967,0,21.61408540039741,35.0,13.4223450929222,-1.0,11.0
1505,2026-05-11 21:56:20.100000+00:00,52.1566347,21.1887073,95.9,19.49,-0.168,-0.033,0.954,0,19.395933024668597,35.0,16.023798112871003,-1.0,11.0
1510,2026-05-11 21:56:20.600000+00:00,52.156628,21.1886726,96.1,18.01,-0.153,-0.037,0.966,0,17.86790984652035,35.0,18.470311612050054,-1.0,11.0
1515,2026-05-11 21:56:21.100000+00:00,52.1566206,21.1886386,96.6,15.24,-0.131,-0.038,0.965,0,17.719672987533908,35.0,20.91554005297413,-1.0,11.0
1520,2026-05-11 21:56:21.600000+00:00,52.1566138,21.1886065,96.8,14.42,-0.147,-0.037,0.969,0,16.680137872268904,35.0,23.218428049100307,-1.0,11.0
1525,2026-05-11 21:56:22.100000+00:00,52.1566082,21.1885753,96.7,15.17,-0.089,-0.044,0.963,0,15.967008209439,35.0,25.41287905468927,-1.0,11.0
1530,2026-05-11 21:56:22.600000+00:00,52.156603,21.1885457,96.8,13.97,-0.104,-0.042,1.011,0,15.123075209621671,35.0,27.493208319986927,-1.0,11.0
1535,2026-05-11 21:56:23.100000+00:00,52.1566004,21.1885166,96.4,13.42,-0.058,-0.03,0.935,0,14.4439569849,35.0,29.432822023331173,-1.0,11.0
1540,2026-05-11 21:56:23.600000+00:00,52.1565955,21.188488,96.5,14.0,-0.061,-0.052,0.937,0,14.585076493384584,35.0,31.444522852042084,-1.0,11.0
1545,2026-05-11 21:56:24.100000+00:00,52.1565906,21.1884586,96.2,14.52,-0.068,-0.044,0.86,0,14.963910469272214,35.0,33.5086166514758,-1.0,11.0
1550,2026-05-11 21:56:24.600000+00:00,52.1565846,21.1884308,96.9,13.72,-0.13,-0.037,1.02,0,14.474958146144319,35.0,35.5174810463909,-1.0,11.0
1555,2026-05-11 21:56:25.100000+00:00,52.1565815,21.188405,96.7,11.95,-0.083,-0.051,0.932,0,12.913058485921109,35.0,37.28245218348123,-1.0,11.0
1560,2026-05-11 21:56:25.600000+00:00,52.1565794,21.18838,96.5,11.26,-0.115,-0.047,1.006,0,12.39393269454488,35.0,38.95989511748722,-1.0,11.0
1565,2026-05-11 21:56:26.100000+00:00,52.1565745,21.1883539,96.8,12.46,0.009,-0.049,0.874,0,13.406466242309268,35.0,40.81865099743248,-1.0,11.0
1570,2026-05-11 21:56:26.600000+00:00,52.156569,21.188326,96.9,14.75,-0.056,-0.039,1.027,0,14.393844859525082,35.0,42.81596659668118,-1.0,11.0
1575,2026-05-11 21:56:27.100000+00:00,52.156565,21.1882952,96.8,14.62,0.02,-0.062,0.95,0,15.463424895107105,35.0,44.942471612186786,-1.0,11.0
1580,2026-05-11 21:56:27.600000+00:00,52.1565612,21.188263,96.8,15.42,-0.033,-0.045,0.998,0,16.105779809219356,35.0,47.15357562946599,-1.0,11.0
1585,2026-05-11 21:56:28.100000+00:00,52.156554,21.188232,97.6,16.67,0.025,-0.039,0.936,0,16.281023018164507,35.0,49.41423580802177,-1.0,11.0
1590,2026-05-11 21:56:28.600000+00:00,52.1565468,21.1881967,97.6,18.12,0.011,-0.031,1.0,0,18.271578943422057,35.0,51.95153914164709,-1.0,11.0
1595,2026-05-11 21:56:29.100000+00:00,52.1565377,21.1881555,97.9,21.42,0.047,-0.037,0.964,0,21.507928617442367,35.0,54.938683242271054,-1.0,11.0
1600,2026-05-11 21:56:29.600000+00:00,52.1565285,21.1881109,97.8,22.85,0.025,-0.039,0.972,0,23.111523163760232,35.0,58.14829166545389,-1.0,11.0
1605,2026-05-11 21:56:30.100000+00:00,52.1565211,21.1880623,97.2,24.63,0.007,-0.044,0.983,0,24.595321388593348,35.0,61.54978174102437,-1.0,11.0
1610,2026-05-11 21:56:30.600000+00:00,52.1565129,21.1880099,97.0,26.18,0.005,-0.043,0.958,0,26.56167013578416,35.0,65.22686575043839,-1.0,11.0
1615,2026-05-11 21:56:31.100000+00:00,52.1565034,21.1879553,97.1,27.39,0.004,-0.039,0.969,0,27.875836648031964,35.0,69.09359076332599,-1.0,11.0
1620,2026-05-11 21:56:31.600000+00:00,52.156495,21.187898,97.0,28.73,0.007,-0.044,0.971,0,28.93668724753523,35.0,73.09693473226189,-1.0,11.0
1625,2026-05-11 21:56:32.100000+00:00,52.1564872,21.1878384,96.8,28.56,0.001,-0.044,0.981,0,29.932721721832273,35.0,77.2304024811652,-1.0,11.0
1630,2026-05-11 21:56:32.600000+00:00,52.1564761,21.1877792,96.6,29.68,-0.01,-0.041,0.964,0,30.405276861285806,,81.45272163840883,-1.0,11.0
1635,2026-05-11 21:56:33.100000+00:00,52.156467,21.1877158,96.3,30.85,-0.013,-0.034,0.977,0,31.981442202687596,,85.87984726381663,-1.0,11.0
1640,2026-05-11 21:56:33.600000+00:00,52.1564562,21.1876495,95.8,33.66,-0.017,-0.028,0.976,0,33.69331982224223,,90.55400504079964,-1.0,11.0
1645,2026-05-11 21:56:34.100000+00:00,52.1564467,21.1875832,95.5,34.27,0.0,-0.032,0.964,0,33.441369496165095,,95.18548821660511,-1.0,11.0
1650,2026-05-11 21:56:34.600000+00:00,52.1564345,21.1875145,95.0,35.62,-0.021,-0.048,0.971,0,35.12899449717994,,100.06348199330229,-1.0,11.0
1655,2026-05-11 21:56:35.100000+00:00,52.1564223,21.1874438,94.5,36.33,-0.022,-0.05,0.963,0,36.073654897479976,,105.07188867345877,-1.0,11.0
1660,2026-05-11 21:56:35.600000+00:00,52.1564096,21.1873706,94.4,36.54,-0.039,-0.044,0.978,0,37.364161455243874,,110.2598209326121,-1.0,11.0
1665,2026-05-11 21:56:36.100000+00:00,52.1563963,21.1872975,94.1,35.77,-0.033,-0.045,0.954,0,37.45064526136188,,115.46099662204766,-1.0,11.0
1670,2026-05-11 21:56:36.600000+00:00,52.1563819,21.1872235,93.9,37.95,-0.042,-0.052,0.975,0,38.13163486069348,,120.75688254190185,-1.0,11.0
1675,2026-05-11 21:56:37.100000+00:00,52.156368,21.1871481,93.8,38.44,-0.041,-0.054,0.963,0,38.670578225897344,,126.12765887663758,-1.0,11.0
1680,2026-05-11 21:56:37.600000+00:00,52.1563551,21.187071,93.3,39.59,-0.043,-0.057,0.978,0,39.25279512113368,,131.57664979057762,-1.0,11.0
1685,2026-05-11 21:56:38.100000+00:00,52.1563417,21.1869949,93.3,39.08,-0.061,-0.05,0.967,0,38.88767391164903,,136.97687056694016,-1.0,11.0
1690,2026-05-11 21:56:38.600000+00:00,52.1563278,21.1869167,93.0,39.1,-0.063,-0.045,0.964,0,39.989688467866536,,142.5304068067148,-1.0,11.0
1695,2026-05-11 21:56:39.100000+00:00,52.1563133,21.1868405,93.2,38.13,-0.073,-0.05,0.979,0,39.186713251836565,,147.9729528973049,-1.0,11.0
1700,2026-05-11 21:56:39.600000+00:00,52.1562998,21.1867656,93.3,38.37,-0.077,-0.071,0.958,0,38.34400199412901,,153.29821552575493,-1.0,11.0
1705,2026-05-11 21:56:40.100000+00:00,52.1562854,21.1866895,93.5,38.63,-0.073,-0.052,0.967,0,39.1161544329085,,158.73098928036788,-1.0,11.0
1710,2026-05-11 21:56:40.600000+00:00,52.1562706,21.1866132,93.8,38.38,-0.082,-0.049,0.97,0,39.30539933358577,,164.18980561322263,-1.0,11.0
1715,2026-05-11 21:56:41.100000+00:00,52.1562568,21.1865353,94.0,39.95,-0.067,-0.04,0.965,0,39.82595128380909,,169.72055346370428,-1.0,11.0
1720,2026-05-11 21:56:41.600000+00:00,52.1562445,21.186457,93.9,40.26,-0.076,-0.039,0.975,0,39.699963819580134,,175.22894995294146,-1.0,11.0
1725,2026-05-11 21:56:42.100000+00:00,52.1562314,21.1863792,94.0,39.65,-0.065,-0.049,0.964,0,39.626788154004956,,180.73076641438692,-1.0,11.0
1730,2026-05-11 21:56:42.600000+00:00,52.1562177,21.1863027,93.4,38.18,-0.071,-0.049,0.955,0,39.143279211626876,,186.16708208119226,-1.0,11.0
1735,2026-05-11 21:56:43.100000+00:00,52.1562027,21.1862273,93.4,38.24,-0.07,-0.05,0.96,0,38.93327727685803,,189.82216953564284,-1.0,11.0
1740,2026-05-11 21:56:43.600000+00:00,52.1561884,21.1861506,93.3,40.17,-0.069,-0.057,0.964,0,39.374591851949326,,184.35392637085283,-1.0,11.0
1745,2026-05-11 21:56:44.100000+00:00,52.1561739,21.1860778,93.8,37.17,-0.075,-0.053,0.991,0,37.59503268609525,,179.13512972022576,-1.0,11.0
1750,2026-05-11 21:56:44.600000+00:00,52.1561585,21.1860025,94.3,37.74,-0.059,-0.049,0.957,0,38.98667967090171,,173.72493517341297,-1.0,11.0
1755,2026-05-11 21:56:45.100000+00:00,52.156143,21.1859236,94.3,39.75,-0.063,-0.039,0.97,0,40.69237623843571,,168.07585939063577,-1.0,11.0
1760,2026-05-11 21:56:45.600000+00:00,52.1561311,21.1858433,94.0,40.24,-0.063,-0.044,0.96,0,40.57606428460028,,162.44538514205033,-1.0,11.0
1765,2026-05-11 21:56:46.100000+00:00,52.1561166,21.1857643,93.8,39.54,-0.057,-0.036,0.967,0,40.502491027476296,,156.8203571218287,-1.0,11.0
1770,2026-05-11 21:56:46.600000+00:00,52.1561039,21.1856853,93.8,39.82,-0.052,-0.043,0.959,0,40.11322734275666,,151.25068477114513,-1.0,11.0
1775,2026-05-11 21:56:47.100000+00:00,52.1560909,21.1856095,93.8,38.89,-0.06,-0.051,0.982,0,38.658818095787055,,145.8815897764939,-1.0,11.0
1780,2026-05-11 21:56:47.600000+00:00,52.1560756,21.1855339,94.3,38.62,-0.046,-0.055,0.954,0,39.10141015588707,,140.45482219212167,-1.0,11.0
1785,2026-05-11 21:56:48.100000+00:00,52.156063,21.1854573,94.4,39.7,-0.066,-0.053,0.983,0,38.95326269657161,,135.04552249025278,-1.0,11.0
1790,2026-05-11 21:56:48.600000+00:00,52.1560512,21.1853762,93.7,39.41,-0.05,-0.065,0.961,0,40.939647858235155,,129.36614039873933,-1.0,11.0
1795,2026-05-11 21:56:49.100000+00:00,52.1560368,21.1852932,93.5,40.83,-0.065,-0.055,0.977,0,42.36673549723171,,123.48201395959691,-1.0,11.0
1800,2026-05-11 21:56:49.600000+00:00,52.1560225,21.1852111,93.4,41.15,-0.063,-0.042,0.967,0,41.91960349818445,,117.65996010740892,-1.0,11.0
1805,2026-05-11 21:56:50.100000+00:00,52.1560086,21.1851307,93.4,41.41,-0.067,-0.048,0.974,0,41.02896970519696,,111.96170048883603,-1.0,11.0
1810,2026-05-11 21:56:50.600000+00:00,52.1559934,21.1850511,93.4,40.45,-0.08,-0.038,0.954,0,40.94806432422231,,106.27547278904302,-1.0,11.0
1815,2026-05-11 21:56:51.100000+00:00,52.1559784,21.1849748,93.8,37.57,-0.092,-0.05,0.988,0,39.354199353300885,,100.81181201478783,-1.0,11.0
1820,2026-05-11 21:56:51.600000+00:00,52.1559649,21.1849056,94.4,36.39,-0.084,-0.044,0.948,0,35.666787672591354,,95.85997706209588,-1.0,11.0
1825,2026-05-11 21:56:52.100000+00:00,52.1559505,21.1848304,94.8,38.29,-0.091,-0.041,0.978,0,38.69421491836206,,90.48728122669755,-1.0,11.0
1830,2026-05-11 21:56:52.600000+00:00,52.1559363,21.1847539,94.9,39.5,-0.082,-0.041,0.954,0,39.25755490503109,,85.03554751920711,-1.0,11.0
1835,2026-05-11 21:56:53.100000+00:00,52.155923,21.1846754,94.5,38.88,-0.094,-0.04,0.97,0,40.00103863738682,34.0,79.48002732842383,-1.0,11.0
1840,2026-05-11 21:56:53.600000+00:00,52.1559079,21.184601,94.7,37.84,-0.085,-0.041,0.952,0,38.4916461584622,34.0,74.13895190724604,-1.0,11.0
1845,2026-05-11 21:56:54.100000+00:00,52.1558953,21.1845255,94.2,38.54,-0.087,-0.052,0.966,0,38.43178539571133,34.0,68.80144535972492,-1.0,11.0
1850,2026-05-11 21:56:54.600000+00:00,52.1558814,21.1844511,94.3,37.23,-0.086,-0.051,0.968,0,38.20082245124593,34.0,63.496940617541355,-1.0,11.0
1855,2026-05-11 21:56:55.100000+00:00,52.1558691,21.1843765,93.8,37.28,-0.085,-0.062,0.956,0,37.94237588552105,34.0,58.22752940561194,-1.0,11.0
1860,2026-05-11 21:56:55.600000+00:00,52.155855,21.1843039,93.5,37.09,-0.1,-0.064,0.975,0,37.40396116448784,34.0,53.0354141609958,-1.0,11.0
1865,2026-05-11 21:56:56.100000+00:00,52.1558423,21.1842289,93.4,36.7,-0.08,-0.073,0.974,0,38.21612467096084,34.0,47.72763594866672,-1.0,11.0
1870,2026-05-11 21:56:56.600000+00:00,52.1558291,21.1841531,93.3,36.64,-0.068,-0.064,0.945,0,38.70244407377062,34.0,42.352360843458634,-1.0,11.0
1875,2026-05-11 21:56:57.100000+00:00,52.1558163,21.1840745,92.9,37.23,-0.076,-0.065,0.983,0,39.94390865973325,34.0,36.80504942675518,-1.0,11.0
1880,2026-05-11 21:56:57.600000+00:00,52.1558053,21.1840009,92.2,35.98,-0.065,-0.061,0.915,0,37.20830604121786,34.0,31.640748984738963,-1.0,11.0
1885,2026-05-11 21:56:58.100000+00:00,52.1557936,21.1839229,91.8,36.89,-0.105,-0.078,1.024,0,39.44077166848468,34.0,26.167894648303715,-1.0,11.0
1890,2026-05-11 21:56:58.600000+00:00,52.1557823,21.1838484,91.5,36.71,-0.061,-0.054,0.947,0,37.694895586459936,34.0,20.93898637854983,-1.0,11.0
1895,2026-05-11 21:56:59.100000+00:00,52.1557711,21.1837713,90.9,36.57,-0.083,-0.058,0.966,0,38.91733850582001,34.0,15.549447207637435,-1.0,11.0
1900,2026-05-11 21:56:59.600000+00:00,52.1557595,21.1836933,90.5,36.24,-0.079,-0.076,0.986,0,39.421862860150256,34.0,10.103254330683484,-1.0,11.0
1905,2026-05-11 21:57:00.100000+00:00,52.1557466,21.1836203,90.6,35.17,-0.075,-0.049,0.949,0,37.314157093574025,34.0,4.959316519440795,-1.0,11.0
1910,2026-05-11 21:57:00.600000+00:00,52.1557351,21.1835478,90.3,35.76,-0.081,-0.065,0.96,0,36.78178674239408,34.0,1.025906600055732,-1.0,11.0
1915,2026-05-11 21:57:01.100000+00:00,52.1557235,21.1834724,89.9,35.56,-0.095,-0.06,0.973,0,38.18194282269111,34.0,5.648397888686809,-1.0,11.0
1920,2026-05-11 21:57:01.600000+00:00,52.1557114,21.183399,89.7,35.23,-0.08,-0.05,0.962,0,37.33172057127979,34.0,10.782767688057605,-1.0,11.0
1925,2026-05-11 21:57:02.100000+00:00,52.1556999,21.1833289,89.7,34.57,-0.091,-0.054,0.969,0,35.64172117584644,34.0,15.716147568884493,-1.0,11.0
1930,2026-05-11 21:57:02.600000+00:00,52.1556897,21.1832576,89.4,34.34,-0.087,-0.052,0.972,0,35.96093153196015,34.0,20.70824533413557,-1.0,11.0
1935,2026-05-11 21:57:03.100000+00:00,52.15568,21.1831884,89.2,34.33,-0.075,-0.106,0.954,0,34.865843957678315,34.0,25.549688573557145,-1.0,11.0
1940,2026-05-11 21:57:03.600000+00:00,52.1556725,21.1831179,88.9,33.8,-0.109,-0.173,0.961,0,35.1452563637222,34.0,30.42856143642335,-1.0,11.0
1945,2026-05-11 21:57:04.100000+00:00,52.1556676,21.1830493,88.6,32.02,-0.159,-0.113,0.952,0,33.92287378638567,34.0,35.12547731016187,-1.0,11.0
1950,2026-05-11 21:57:04.600000+00:00,52.1556639,21.182982,88.3,30.91,-0.139,-0.055,0.959,0,33.18919943679188,34.0,39.71480802927623,-1.0,11.0
1955,2026-05-11 21:57:05.100000+00:00,52.1556584,21.1829195,88.2,28.98,-0.185,0.055,0.976,0,31.01324425707858,34.0,44.019803639086085,-1.0,11.0
1960,2026-05-11 21:57:05.600000+00:00,52.1556511,21.1828655,88.0,26.03,-0.246,0.064,0.963,0,27.160247961516365,34.0,47.78889173123261,-1.0,11.0
1965,2026-05-11 21:57:06.100000+00:00,52.1556432,21.1828157,88.0,24.02,-0.164,0.017,0.961,0,25.265470541945408,34.0,51.28867525941611,-1.0,11.0
1970,2026-05-11 21:57:06.600000+00:00,52.155634,21.1827707,88.1,22.05,-0.18,0.049,0.966,0,23.29825425153329,34.0,54.49519537769662,-1.0,11.0
1975,2026-05-11 21:57:07.100000+00:00,52.1556236,21.1827305,88.0,20.46,-0.171,0.047,0.965,0,21.429360259421262,34.0,57.410559988470915,-1.0,11.0
1980,2026-05-11 21:57:07.600000+00:00,52.1556118,21.1826943,88.0,18.68,-0.149,0.011,0.966,0,20.134768349108207,34.0,60.09808221384003,-1.0,11.0
1985,2026-05-11 21:57:08.100000+00:00,52.1555999,21.182662,87.7,17.97,-0.108,0.001,0.984,0,18.506071587812873,34.0,62.538420223870375,-1.0,11.0
1990,2026-05-11 21:57:08.600000+00:00,52.1555877,21.18263,87.4,17.72,-0.072,-0.003,0.965,0,18.50554067176438,34.0,64.97684464976595,-1.0,11.0
1995,2026-05-11 21:57:09.100000+00:00,52.1555756,21.1825988,87.4,17.63,-0.076,-0.079,0.976,0,18.13006733494972,34.0,67.36943720067467,-1.0,11.0
2000,2026-05-11 21:57:09.600000+00:00,52.1555628,21.1825682,87.9,17.36,-0.059,-0.14,0.962,0,18.19135658100993,34.0,69.75167954189703,-1.0,11.0
2005,2026-05-11 21:57:10.100000+00:00,52.155554,21.1825333,87.8,17.78,-0.05,-0.184,0.966,0,18.533700070416486,34.0,72.30640474279465,-1.0,11.0
2010,2026-05-11 21:57:10.600000+00:00,52.1555469,21.1824974,87.6,18.03,-0.032,-0.116,0.943,0,18.527123706311134,34.0,74.87736798665675,-1.0,11.0
2015,2026-05-11 21:57:11.100000+00:00,52.1555407,21.1824609,87.7,18.26,-0.032,-0.134,0.967,0,18.602756435442245,34.0,77.46108362048093,-1.0,11.0
2020,2026-05-11 21:57:11.600000+00:00,52.1555358,21.1824221,87.9,18.77,-0.046,-0.15,0.963,0,19.457594723120348,,80.15754016349459,-1.0,11.0
2025,2026-05-11 21:57:12.100000+00:00,52.1555336,21.1823832,87.8,18.75,-0.057,-0.114,0.95,0,19.18815663142888,,82.78246672494895,-1.0,11.0
2030,2026-05-11 21:57:12.600000+00:00,52.1555335,21.1823426,87.7,19.83,-0.036,-0.132,0.96,0,19.942325293761094,,85.46294365440964,-1.0,11.0
2035,2026-05-11 21:57:13.100000+00:00,52.1555335,21.1822982,87.6,20.71,-0.039,-0.138,0.947,0,21.808672625612726,,88.3976438510226,-1.0,11.0
2040,2026-05-11 21:57:13.600000+00:00,52.1555359,21.1822501,87.2,22.18,-0.048,-0.167,0.971,0,23.704065892342282,,91.52149905974827,-1.0,11.0
2045,2026-05-11 21:57:14.100000+00:00,52.1555412,21.1822008,86.8,22.74,-0.049,-0.134,0.978,0,24.584432927613733,,94.66569540604584,-1.0,11.0
2050,2026-05-11 21:57:14.600000+00:00,52.1555486,21.1821502,86.1,23.61,-0.029,-0.123,0.968,0,25.55037526134306,,97.86721551597091,-1.0,11.0
2055,2026-05-11 21:57:15.100000+00:00,52.1555547,21.182097,86.0,25.23,-0.019,-0.143,0.944,0,26.583544012563255,,101.29337168105071,-1.0,11.0
2060,2026-05-11 21:57:15.600000+00:00,52.1555625,21.1820432,86.0,25.9,-0.037,-0.137,0.968,0,27.153632447432006,,104.74471871381718,-1.0,11.0
2065,2026-05-11 21:57:16.100000+00:00,52.155571,21.1819902,86.3,26.33,-0.049,-0.155,0.978,0,26.907607755281905,,108.15104705739849,-1.0,11.0
2070,2026-05-11 21:57:16.600000+00:00,52.1555815,21.1819381,86.6,26.45,-0.047,-0.142,0.942,0,26.936121706300614,,111.48533290983463,-1.0,11.0
2075,2026-05-11 21:57:17.100000+00:00,52.1555938,21.1818862,86.8,27.15,-0.06,-0.132,0.953,0,27.328396946157287,,114.8051619634793,-1.0,11.0
2080,2026-05-11 21:57:17.600000+00:00,52.1556066,21.1818337,87.1,26.99,-0.067,-0.13,0.96,0,27.748833618311927,,118.18799967093946,-1.0,11.0
2085,2026-05-11 21:57:18.100000+00:00,52.1556224,21.1817799,87.6,27.67,-0.057,-0.121,0.961,0,29.297309892440534,,121.6547854808153,-1.0,11.0
2090,2026-05-11 21:57:18.600000+00:00,52.1556389,21.1817282,87.7,27.4,-0.071,-0.13,0.964,0,28.624679794727367,,125.00889798045759,-1.0,11.0
2095,2026-05-11 21:57:19.100000+00:00,52.1556562,21.1816771,87.9,27.09,-0.086,-0.132,0.972,0,28.66744555462332,,128.35215242096208,-1.0,11.0
2100,2026-05-11 21:57:19.600000+00:00,52.155675,21.1816281,88.0,27.26,-0.093,-0.118,0.954,0,28.386870624052214,,131.58035017650366,-1.0,11.0
2105,2026-05-11 21:57:20.100000+00:00,52.1556939,21.18158,88.4,27.29,-0.091,-0.099,0.957,0,28.05613046264864,,134.78486245560754,-1.0,11.0
2110,2026-05-11 21:57:20.600000+00:00,52.1557137,21.1815346,88.7,26.09,-0.102,-0.09,0.963,0,27.359901004016535,,137.83969438360302,-1.0,11.0
2115,2026-05-11 21:57:21.100000+00:00,52.1557333,21.1814908,88.8,26.05,-0.116,-0.088,0.949,0,26.62855661275131,,140.82150957901337,-1.0,11.0
2120,2026-05-11 21:57:21.600000+00:00,52.1557521,21.1814495,88.8,24.71,-0.168,-0.07,0.97,0,25.25986383406264,,143.6643367970425,-1.0,11.0
2125,2026-05-11 21:57:22.100000+00:00,52.1557703,21.1814111,89.0,23.13,-0.137,-0.036,0.965,0,23.834180445110366,,146.33607062468107,-1.0,11.0
2130,2026-05-11 21:57:22.600000+00:00,52.1557878,21.1813737,89.2,21.95,-0.151,-0.001,0.968,0,23.10330114822673,,148.96173619718542,-1.0,11.0
2135,2026-05-11 21:57:23.100000+00:00,52.1558025,21.181337,89.3,20.32,-0.15,0.04,0.964,0,21.52808807779067,,151.54460513661905,-1.0,11.0
2140,2026-05-11 21:57:23.600000+00:00,52.1558151,21.1813012,89.4,19.44,-0.144,-0.014,0.958,0,20.27238317101946,,154.0659050512636,-1.0,11.0
2145,2026-05-11 21:57:24.100000+00:00,52.1558264,21.1812685,89.5,17.58,-0.15,-0.046,0.969,0,18.43428308076357,,156.37601305153711,-1.0,11.0
2150,2026-05-11 21:57:24.600000+00:00,52.1558368,21.1812378,89.8,16.37,-0.158,-0.047,0.966,0,17.225351580257946,,158.5500346717845,-1.0,11.0
2155,2026-05-11 21:57:25.100000+00:00,52.1558474,21.181211,90.1,14.13,-0.217,-0.041,0.962,0,15.662119407070826,,160.4669788190748,-1.0,11.0
2160,2026-05-11 21:57:25.600000+00:00,52.155855,21.1811885,90.4,11.4,-0.235,-0.037,0.953,0,12.61587685341811,,162.06864095149388,-1.0,11.0
2165,2026-05-11 21:57:26.100000+00:00,52.1558609,21.1811711,90.5,8.37,-0.223,-0.044,0.963,0,9.765042136043693,,163.3096090141133,-1.0,11.0
2170,2026-05-11 21:57:26.600000+00:00,52.1558651,21.1811582,90.6,6.22,-0.211,-0.05,0.961,0,7.173199209869564,,164.2290024369333,-1.0,11.0
2175,2026-05-11 21:57:27.100000+00:00,52.1558669,21.1811483,90.8,4.04,-0.192,-0.04,0.964,0,5.071751285583739,,164.92018849027616,-1.0,11.0
2180,2026-05-11 21:57:27.600000+00:00,52.1558683,21.1811429,91.0,2.22,-0.169,-0.043,0.966,0,2.8794870855085457,,165.30165862686735,-1.0,11.0
2185,2026-05-11 21:57:28.100000+00:00,52.1558683,21.1811396,90.9,0.77,-0.141,-0.044,0.968,0,1.6209026657775154,,165.52576649101553,-1.0,11.0
2190,2026-05-11 21:57:28.600000+00:00,52.1558678,21.1811375,91.2,0.06,-0.099,-0.045,0.978,0,1.1064356000616704,,165.66311937688027,-1.0,11.0
2195,2026-05-11 21:57:29.100000+00:00,52.1558676,21.181135,91.7,0.05,-0.063,-0.046,0.965,0,1.238352131209054,,165.83080888473202,-1.0,11.0
2200,2026-05-11 21:57:29.600000+00:00,52.1558673,21.1811329,91.9,0.1,-0.064,-0.041,0.973,0,1.0590775298263129,,165.97029482364772,-1.0,11.0
2205,2026-05-11 21:57:30.100000+00:00,52.1558667,21.1811309,92.1,0.05,-0.065,-0.041,0.972,0,1.093521504381545,,166.09987942012387,-1.0,11.0
2210,2026-05-11 21:57:30.600000+00:00,52.1558659,21.1811288,92.4,0.05,-0.066,-0.042,0.974,0,1.2141567115177831,,166.23422681587968,-1.0,11.0
2215,2026-05-11 21:57:31.100000+00:00,52.1558654,21.1811263,92.7,0.04,-0.065,-0.044,0.972,0,1.2915568076339512,,166.39888943714922,-1.0,11.0
2220,2026-05-11 21:57:31.600000+00:00,52.1558651,21.1811235,93.0,0.53,-0.029,-0.042,0.968,0,1.3961262500620053,,166.58600970879422,-1.0,11.0
2225,2026-05-11 21:57:32.100000+00:00,52.1558658,21.1811208,93.2,1.33,-0.024,-0.047,0.974,0,1.43974360220474,,166.77660395267768,-1.0,11.0
2230,2026-05-11 21:57:32.600000+00:00,52.1558671,21.1811174,93.2,1.77,-0.02,-0.044,0.976,0,1.967791284491934,,167.02097609479773,-1.0,11.0
2235,2026-05-11 21:57:33.100000+00:00,52.1558682,21.1811121,93.1,2.47,-0.024,-0.045,0.976,0,2.748194463773294,,167.39239511380262,-1.0,11.0
2240,2026-05-11 21:57:33.600000+00:00,52.1558706,21.1811054,93.1,3.51,-0.02,-0.038,0.978,0,3.8107927355143203,,167.87262803232113,-1.0,11.0
2245,2026-05-11 21:57:34.100000+00:00,52.1558728,21.1810965,93.2,4.82,-0.005,-0.033,0.973,0,4.713014555766218,,168.50039918713648,-1.0,11.0
2250,2026-05-11 21:57:34.600000+00:00,52.1558753,21.1810853,93.3,6.28,-0.001,-0.024,0.981,0,5.854035384555446,,169.28778112950866,-1.0,11.0
2255,2026-05-11 21:57:35.100000+00:00,52.1558777,21.181072,93.3,7.16,0.012,-0.015,0.968,0,6.809441621202161,,170.21687421138844,-1.0,11.0
2260,2026-05-11 21:57:35.600000+00:00,52.1558808,21.1810559,93.2,8.63,0.021,-0.038,0.976,0,8.288350427945355,,171.34396919929813,-1.0,11.0
2265,2026-05-11 21:57:36.100000+00:00,52.1558838,21.1810363,93.1,9.56,-0.067,-0.062,0.954,0,9.922258794114066,,172.70780584673156,-1.0,11.0
2270,2026-05-11 21:57:36.600000+00:00,52.1558869,21.1810212,93.1,6.63,-0.237,-0.095,0.967,0,7.821088018857615,,173.76762096151725,-1.0,11.0
2275,2026-05-11 21:57:37.100000+00:00,52.1558892,21.181012,93.1,3.49,-0.254,-0.049,0.971,0,4.879648501513324,,174.41821759795138,-1.0,11.0
2280,2026-05-11 21:57:37.600000+00:00,52.1558894,21.1810077,93.0,0.77,-0.192,-0.028,0.962,0,2.1181451107584985,,174.71229006891994,-1.0,11.0
2285,2026-05-11 21:57:38.100000+00:00,52.1558887,21.1810058,93.1,0.13,-0.144,-0.038,0.974,0,1.0885873567478368,,174.8331935294963,-1.0,11.0
2290,2026-05-11 21:57:38.600000+00:00,52.1558878,21.1810047,93.1,0.06,-0.062,-0.051,0.965,0,0.9006148880213761,,174.89758019543106,-1.0,11.0
2295,2026-05-11 21:57:39.100000+00:00,52.1558869,21.1810034,93.1,0.18,-0.073,-0.048,0.969,0,0.9627627329883474,,174.97560594849014,-1.0,11.0
2300,2026-05-11 21:57:39.600000+00:00,52.1558861,21.1810022,93.1,0.05,-0.066,-0.046,0.976,0,0.8704210737133997,,175.04803520336276,-1.0,11.0
2305,2026-05-11 21:57:40.100000+00:00,52.1558854,21.1810008,93.1,0.11,-0.069,-0.047,0.972,0,0.8870982191354547,,175.13521058647984,-1.0,11.0
2310,2026-05-11 21:57:40.600000+00:00,52.1558846,21.1809995,93.1,0.16,-0.061,-0.046,0.974,0,0.9044047289368924,,175.21452920846394,-1.0,11.0
2315,2026-05-11 21:57:41.100000+00:00,52.155885,21.1809968,92.8,1.22,0.006,-0.06,0.97,0,1.3643098454883127,,175.4022490131305,-1.0,11.0
2320,2026-05-11 21:57:41.600000+00:00,52.1558859,21.1809919,92.8,2.08,0.007,-0.047,0.976,0,2.512337450815349,,175.74487999538178,-1.0,11.0
2325,2026-05-11 21:57:42.100000+00:00,52.1558874,21.1809843,92.9,4.01,0.012,-0.021,0.977,0,3.921397827720478,,176.2775269585657,-1.0,11.0
2330,2026-05-11 21:57:42.600000+00:00,52.1558892,21.180973,93.0,6.2,0.025,-0.045,0.982,0,5.734390884504492,,177.06474487053632,-1.0,11.0
2335,2026-05-11 21:57:43.100000+00:00,52.1558923,21.1809585,93.2,7.88,0.035,-0.04,0.976,0,7.54218964141555,,178.08405849897323,-1.0,11.0
2340,2026-05-11 21:57:43.600000+00:00,52.1558961,21.1809402,93.2,9.32,0.049,-0.046,0.976,0,9.489527906584783,,179.36965592573787,-1.0,11.0
2345,2026-05-11 21:57:44.100000+00:00,52.1559031,21.1809204,93.1,11.71,0.079,-0.062,0.97,0,11.224567403715026,,180.79565471307916,-1.0,11.0
2350,2026-05-11 21:57:44.600000+00:00,52.1559098,21.1808938,92.8,15.11,0.08,-0.068,0.996,0,14.12369839837274,,182.681115120667,-1.0,11.0
2355,2026-05-11 21:57:45.100000+00:00,52.1559177,21.18086,92.8,18.32,0.085,-0.081,0.967,0,17.765911737242753,,185.07138121847055,-1.0,11.0
2360,2026-05-11 21:57:45.600000+00:00,52.1559278,21.1808225,92.9,20.58,0.07,-0.089,0.974,0,20.11607570579717,,187.74323760712733,-1.0,11.0
2365,2026-05-11 21:57:46.100000+00:00,52.1559388,21.1807813,92.9,22.34,0.041,-0.097,0.96,0,22.06990454127836,,190.68142323621262,-1.0,11.0
2370,2026-05-11 21:57:46.600000+00:00,52.1559513,21.1807384,93.1,24.12,0.012,-0.102,0.974,0,23.327395811447975,,193.7599648986429,-1.0,11.0
2375,2026-05-11 21:57:47.100000+00:00,52.1559664,21.1806939,93.1,25.31,-0.006,-0.088,0.981,0,24.978001272199993,,196.99071058928226,-1.0,11.0
2380,2026-05-11 21:57:47.600000+00:00,52.1559832,21.1806481,93.1,26.73,-0.003,-0.088,0.958,0,26.21032633654869,,200.3440168551428,-1.0,11.0
2385,2026-05-11 21:57:48.100000+00:00,52.1560008,21.1805994,93.1,28.21,0.019,-0.074,0.972,0,27.762154726650888,,203.91606631218545,-1.0,11.0
2390,2026-05-11 21:57:48.600000+00:00,52.1560187,21.1805474,93.2,29.24,0.007,-0.026,0.969,0,29.287126704332636,,207.72584532866836,-1.0,11.0
2395,2026-05-11 21:57:49.100000+00:00,52.1560376,21.1804935,93.2,30.6,0.005,-0.039,0.973,0,30.49371161228618,,211.69122626877808,-1.0,11.0
2400,2026-05-11 21:57:49.600000+00:00,52.1560573,21.1804363,93.4,32.05,0.0,-0.059,0.967,0,32.219736904057136,,215.90383489847963,-1.0,11.0
2405,2026-05-11 21:57:50.100000+00:00,52.1560787,21.180378,93.5,33.08,-0.008,-0.021,0.971,0,33.36984958459578,,220.234138954949,-1.0,11.0
2410,2026-05-11 21:57:50.600000+00:00,52.1560988,21.1803199,93.1,33.76,-0.015,-0.023,0.982,0,32.762013058502546,,224.53652513807447,-1.0,11.0
2415,2026-05-11 21:57:51.100000+00:00,52.1561204,21.1802584,93.1,35.22,0.0,-0.06,0.947,0,34.8072723568244,,229.10798913695675,-1.0,11.0
2420,2026-05-11 21:57:51.600000+00:00,52.1561425,21.1801945,93.1,36.08,-0.026,-0.035,0.994,0,36.02997754350148,,233.8615126058947,-1.0,11.0
2425,2026-05-11 21:57:52.100000+00:00,52.1561649,21.1801288,93.1,36.94,-0.053,-0.039,0.963,0,36.918771511530196,,238.7522987975089,-1.0,11.0
2430,2026-05-11 21:57:52.600000+00:00,52.1561874,21.1800635,93.1,36.24,-0.055,-0.034,0.949,0,36.78628423384815,,243.62847623078565,-1.0,11.0
2435,2026-05-11 21:57:53.100000+00:00,52.1562106,21.1799986,93.0,36.49,-0.07,-0.056,0.983,0,36.8940306517098,,248.50419984317426,-1.0,11.0
2440,2026-05-11 21:57:53.600000+00:00,52.1562344,21.1799336,93.1,37.09,-0.076,-0.047,0.963,0,37.180338707251735,,253.41122009999236,-1.0,11.0
2445,2026-05-11 21:57:54.100000+00:00,52.1562576,21.1798686,93.1,36.71,-0.074,-0.043,0.959,0,36.93644908391784,,258.3130077152617,-1.0,11.0
2450,2026-05-11 21:57:54.600000+00:00,52.1562801,21.1798018,93.3,36.85,-0.084,-0.037,0.967,0,37.43035272613052,,263.3246927374108,-1.0,11.0
2455,2026-05-11 21:57:55.100000+00:00,52.1563024,21.179736,93.3,36.17,-0.075,-0.051,0.98,0,36.92284726352389,,268.27193430200094,-1.0,11.0
2460,2026-05-11 21:57:55.600000+00:00,52.1563251,21.1796709,93.3,36.69,-0.059,-0.051,0.952,0,36.779433584226474,,273.19034861817954,-1.0,11.0
2465,2026-05-11 21:57:56.100000+00:00,52.1563476,21.1796067,93.1,36.8,-0.071,-0.044,0.98,0,36.31606374285646,,278.050608289771,-1.0,11.0
2470,2026-05-11 21:57:56.600000+00:00,52.1563702,21.1795406,93.1,37.41,-0.063,-0.047,0.958,0,37.16818193708887,,283.045512889199,-1.0,11.0
2475,2026-05-11 21:57:57.100000+00:00,52.1563923,21.1794753,92.7,36.32,-0.059,-0.038,0.989,0,36.63040261509689,,287.9792874563449,-1.0,11.0
2480,2026-05-11 21:57:57.600000+00:00,52.1564141,21.1794083,92.7,37.83,-0.051,-0.046,0.972,0,37.25056276282342,,293.02157801276275,-1.0,11.0
2485,2026-05-11 21:57:58.100000+00:00,52.1564371,21.1793424,92.4,37.91,-0.039,-0.048,0.968,0,37.23966559218048,,298.03131990092226,-1.0,11.0
2490,2026-05-11 21:57:58.600000+00:00,52.15646,21.1792738,92.4,38.23,-0.048,-0.041,0.965,0,38.359627208281665,,303.220934927598,-1.0,11.0
2495,2026-05-11 21:57:59.100000+00:00,52.1564829,21.1792049,92.2,38.64,-0.051,-0.044,0.979,0,38.48910952571916,,308.4349475180902,-1.0,11.0
2500,2026-05-11 21:57:59.600000+00:00,52.156505,21.1791337,92.0,39.28,-0.021,-0.052,0.953,0,39.192789712487446,,313.7796649594522,-1.0,11.0
2505,2026-05-11 21:58:00.100000+00:00,52.1565284,21.1790626,91.9,39.48,-0.047,-0.035,0.987,0,39.63021087936367,,319.16149067958463,-1.0,11.0
2510,2026-05-11 21:58:00.600000+00:00,52.1565535,21.1789887,92.5,40.48,-0.028,-0.055,0.939,0,41.48913925878336,,324.7840836725968,-1.0,11.0
2515,2026-05-11 21:58:01.100000+00:00,52.1565796,21.1789163,92.8,40.94,-0.042,-0.038,0.985,0,41.24586874313846,,330.3453449813443,-1.0,11.0
2520,2026-05-11 21:58:01.600000+00:00,52.1566058,21.1788421,93.2,41.86,-0.013,-0.049,0.956,0,42.05037656266807,,328.09092035379086,-1.0,11.0
2525,2026-05-11 21:58:02.100000+00:00,52.156632,21.1787678,93.4,42.01,-0.038,-0.034,0.993,0,42.09293529235323,,322.2499629624444,-1.0,11.0
2530,2026-05-11 21:58:02.600000+00:00,52.1566581,21.1786918,93.4,42.78,-0.006,-0.036,0.934,0,42.77971097375293,,316.31134965667087,-1.0,11.0
2535,2026-05-11 21:58:03.100000+00:00,52.1566853,21.178614,93.6,43.7,-0.044,-0.041,0.985,0,43.98260957444813,,310.2075870381759,-1.0,11.0
2540,2026-05-11 21:58:03.600000+00:00,52.1567122,21.1785366,93.6,43.78,-0.027,-0.039,0.961,0,43.69311625543497,,304.1435756111927,-1.0,11.0
2545,2026-05-11 21:58:04.100000+00:00,52.1567401,21.1784592,93.7,44.04,-0.033,-0.043,1.029,0,44.093214459022704,,298.02883010052955,-1.0,11.0
2550,2026-05-11 21:58:04.600000+00:00,52.1567676,21.1783812,93.6,44.94,-0.024,-0.051,0.918,0,44.18710422392438,,291.8983868412556,-1.0,11.0
2555,2026-05-11 21:58:05.100000+00:00,52.1567956,21.1783032,93.5,44.2,-0.076,-0.03,0.979,0,44.38789423014143,,285.7428832528247,-1.0,11.0
2560,2026-05-11 21:58:05.600000+00:00,52.1568229,21.1782255,93.4,44.48,-0.064,-0.034,0.977,0,43.97957189599861,,279.6414313491497,-1.0,11.0
2565,2026-05-11 21:58:06.100000+00:00,52.1568499,21.1781462,93.4,44.33,-0.051,-0.035,0.971,0,44.546173816385256,,273.4581915995843,-1.0,11.0
2570,2026-05-11 21:58:06.600000+00:00,52.1568771,21.1780669,93.5,44.65,-0.059,-0.044,0.947,0,44.6240722659856,,267.2650421157607,-1.0,11.0
2575,2026-05-11 21:58:07.100000+00:00,52.1569047,21.1779877,93.6,44.63,-0.055,-0.023,0.98,0,44.73848599801165,,261.05806984172784,-1.0,11.0
2580,2026-05-11 21:58:07.600000+00:00,52.1569325,21.1779087,93.7,44.74,-0.045,-0.043,0.964,0,44.73252765356819,,254.85356275440168,-1.0,11.0
2585,2026-05-11 21:58:08.100000+00:00,52.1569601,21.1778283,93.7,45.51,-0.04,-0.055,0.958,0,45.25187632526546,,248.57421707898632,-1.0,11.0
2590,2026-05-11 21:58:08.600000+00:00,52.1569879,21.1777485,93.7,44.81,-0.044,-0.043,0.954,0,45.07375597494461,,242.32173882146387,-1.0,11.0
2595,2026-05-11 21:58:09.100000+00:00,52.1570165,21.1776673,93.9,45.72,-0.033,-0.051,0.972,0,45.98846845145963,,235.94443689903366,-1.0,11.0
2600,2026-05-11 21:58:09.600000+00:00,52.1570446,21.1775862,93.9,45.99,-0.049,-0.037,0.987,0,45.74768157388967,,229.5986297738464,-1.0,11.0
2605,2026-05-11 21:58:10.100000+00:00,52.157073,21.1775044,93.9,46.23,-0.033,-0.027,0.975,0,46.16516193398713,,223.1956708941953,-1.0,11.0
2610,2026-05-11 21:58:10.600000+00:00,52.1571015,21.1774212,94.1,46.72,-0.023,-0.046,0.954,0,46.803795816439845,,216.7027297775147,-1.0,11.0
2615,2026-05-11 21:58:11.100000+00:00,52.1571303,21.1773385,94.1,46.59,-0.04,-0.044,0.97,0,46.707600355334804,,210.22607941815957,-1.0,11.0
2620,2026-05-11 21:58:11.600000+00:00,52.1571594,21.1772547,94.3,47.25,-0.047,-0.035,0.979,0,47.29604281182064,,203.6680419642559,-1.0,11.0
2625,2026-05-11 21:58:12.100000+00:00,52.1571882,21.1771716,94.2,46.97,-0.032,-0.027,0.954,0,46.8785141391819,,197.16828280040912,-1.0,11.0
2630,2026-05-11 21:58:12.600000+00:00,52.1572171,21.1770877,94.2,47.39,-0.054,-0.04,0.975,0,47.260149755697896,,190.61534803150843,-1.0,11.0
2635,2026-05-11 21:58:13.100000+00:00,52.1572466,21.1770039,94.3,47.36,-0.044,-0.053,0.947,0,47.45453913427779,,184.0402899846519,-1.0,11.0
2640,2026-05-11 21:58:13.600000+00:00,52.1572758,21.1769201,94.3,47.24,-0.062,-0.039,0.998,0,47.33543746856296,,177.48085561322313,-1.0,11.0
2645,2026-05-11 21:58:14.100000+00:00,52.1573047,21.1768359,94.3,47.19,-0.051,-0.041,0.944,0,47.38861734732355,,170.91231796063875,-1.0,11.0
2650,2026-05-11 21:58:14.600000+00:00,52.1573341,21.1767521,94.4,47.07,-0.081,-0.041,0.981,0,47.41467421340979,,164.34567998795092,-1.0,11.0
2655,2026-05-11 21:58:15.100000+00:00,52.157363,21.176669,94.4,46.74,-0.059,-0.042,0.964,0,46.91780451376174,,157.8474752185046,-1.0,11.0
2660,2026-05-11 21:58:15.600000+00:00,52.1573917,21.1765859,94.4,46.71,-0.056,-0.049,0.961,0,46.839025365940984,,151.36023364856615,-1.0,11.0
2665,2026-05-11 21:58:16.100000+00:00,52.1574206,21.1765031,94.5,46.27,-0.069,-0.031,0.984,0,46.78962887039627,,144.88387600990845,-1.0,11.0
2670,2026-05-11 21:58:16.600000+00:00,52.1574489,21.17642,94.5,46.73,-0.049,-0.043,0.945,0,46.682716047999776,,138.41874648281615,-1.0,11.0
2675,2026-05-11 21:58:17.100000+00:00,52.1574774,21.1763375,94.5,46.44,-0.075,-0.051,0.969,0,46.503605363480574,,131.98355149617544,-1.0,11.0
2680,2026-05-11 21:58:17.600000+00:00,52.1575058,21.176255,94.6,46.62,-0.058,-0.036,0.97,0,46.464353185478394,,125.55532969211228,-1.0,11.0
2685,2026-05-11 21:58:18.100000+00:00,52.1575341,21.176172,94.6,46.56,-0.044,-0.039,0.965,0,46.63971014557168,,119.10312558821344,-1.0,11.0
2690,2026-05-11 21:58:18.600000+00:00,52.1575624,21.1760887,94.6,46.85,-0.053,-0.045,0.963,0,46.76853665912498,,112.63509419537287,-1.0,11.0
2695,2026-05-11 21:58:19.100000+00:00,52.1575911,21.1760055,94.6,47.23,-0.066,-0.05,0.961,0,46.88167257311732,,106.1591857596579,-1.0,11.0
2700,2026-05-11 21:58:19.600000+00:00,52.1576197,21.1759225,94.6,46.7,-0.071,-0.032,0.97,0,46.75679062897772,,99.70478333096445,-1.0,11.0
2705,2026-05-11 21:58:20.100000+00:00,52.1576487,21.1758397,94.7,46.48,-0.074,-0.045,0.962,0,46.82908941235759,,93.25161233393642,-1.0,11.0
2710,2026-05-11 21:58:20.600000+00:00,52.1576766,21.1757564,94.7,46.83,-0.07,-0.032,0.979,0,46.61414487484289,,86.81977942569291,-1.0,11.0
2715,2026-05-11 21:58:21.100000+00:00,52.1577048,21.1756739,94.8,46.01,-0.077,-0.043,0.961,0,46.38605063389352,,80.43350429744356,-1.0,11.0
2720,2026-05-11 21:58:21.600000+00:00,52.1577328,21.1755921,94.8,45.76,-0.075,-0.051,0.967,0,46.00776146393316,33.0,74.10949640483378,-1.0,11.0
2725,2026-05-11 21:58:22.100000+00:00,52.1577609,21.175511,94.9,45.73,-0.064,-0.04,0.96,0,45.74712342143133,33.0,67.83904606499871,-1.0,11.0
2730,2026-05-11 21:58:22.600000+00:00,52.157789,21.1754301,94.9,45.49,-0.074,-0.036,0.969,0,45.66159361374805,33.0,61.598601225606856,-1.0,11.0
2735,2026-05-11 21:58:23.100000+00:00,52.157817,21.1753495,95.0,45.33,-0.073,-0.035,0.976,0,45.49390369437245,33.0,55.40407634996659,-1.0,11.0
2740,2026-05-11 21:58:23.600000+00:00,52.1578446,21.1752689,95.1,44.91,-0.081,-0.042,0.964,0,45.33694116169461,33.0,49.25336819447014,-1.0,11.0
2745,2026-05-11 21:58:24.100000+00:00,52.157872,21.1751888,95.2,44.65,-0.083,-0.037,0.968,0,45.044446213620176,33.0,43.183343519038345,-1.0,11.0
2750,2026-05-11 21:58:24.600000+00:00,52.1578993,21.1751097,95.3,44.43,-0.078,-0.048,0.95,0,44.57677622785428,33.0,37.244153122622436,-1.0,11.0
2755,2026-05-11 21:58:25.100000+00:00,52.1579265,21.1750315,95.4,43.93,-0.087,-0.039,0.975,0,44.15248320741429,33.0,31.4648298200427,-1.0,11.0
2760,2026-05-11 21:58:25.600000+00:00,52.1579534,21.174954,95.4,43.64,-0.071,-0.035,0.976,0,43.73493549468954,33.0,25.898281947696997,-1.0,11.0
2765,2026-05-11 21:58:26.100000+00:00,52.1579799,21.174877,95.4,43.39,-0.079,-0.04,0.932,0,43.36376605129724,33.0,20.651284658147805,-1.0,11.0
2770,2026-05-11 21:58:26.600000+00:00,52.1580062,21.1748008,95.4,42.58,-0.106,-0.034,0.992,0,42.942750967660466,33.0,16.00815862928405,-1.0,11.0
2775,2026-05-11 21:58:27.100000+00:00,52.1580318,21.1747269,95.5,41.29,-0.149,-0.041,0.957,0,41.68344593932036,33.0,12.621062107051532,-1.0,11.0
2780,2026-05-11 21:58:27.600000+00:00,52.1580566,21.1746559,95.5,39.52,-0.15,-0.047,0.971,0,40.12847265889065,33.0,11.389420873892568,-1.0,11.0
2785,2026-05-11 21:58:28.100000+00:00,52.1580807,21.1745886,95.5,37.82,-0.15,-0.053,0.954,0,38.27413719957846,33.0,12.676856813939164,-1.0,11.0
2790,2026-05-11 21:58:28.600000+00:00,52.158104,21.1745242,95.5,36.3,-0.173,-0.044,0.965,0,36.721487180452826,33.0,15.622891758687704,-1.0,11.0
2795,2026-05-11 21:58:29.100000+00:00,52.1581263,21.1744631,95.5,34.66,-0.163,-0.05,0.962,0,34.91891540672748,33.0,19.28813055456711,-1.0,11.0
2800,2026-05-11 21:58:29.600000+00:00,52.1581475,21.1744055,95.5,32.5,-0.178,-0.043,0.964,0,32.99148600101442,33.0,23.163077175467027,-1.0,11.0
2805,2026-05-11 21:58:30.100000+00:00,52.1581676,21.1743514,95.4,30.73,-0.164,-0.049,0.959,0,31.064566359369486,33.0,27.022293309192307,-1.0,11.0
2810,2026-05-11 21:58:30.600000+00:00,52.1581867,21.1743011,95.4,28.62,-0.177,-0.024,0.964,0,29.054739907894405,33.0,30.75567350635977,-1.0,11.0
2815,2026-05-11 21:58:31.100000+00:00,52.158204,21.1742552,95.3,25.65,-0.242,-0.026,0.956,0,26.458860737601434,33.0,34.2112816120468,-1.0,11.0
2820,2026-05-11 21:58:31.600000+00:00,52.1582191,21.1742146,95.3,22.51,-0.234,-0.024,0.966,0,23.31927781861734,33.0,37.28589711237711,-1.0,11.0
2825,2026-05-11 21:58:32.100000+00:00,52.1582329,21.1741786,95.3,20.31,-0.184,-0.056,0.957,0,20.849601208330984,33.0,40.067517985167676,-1.0,11.0
2830,2026-05-11 21:58:32.600000+00:00,52.158246,21.174145,95.3,19.54,-0.112,-0.04,0.962,0,19.55352792101087,33.0,42.695172996640316,-1.0,11.0
2835,2026-05-11 21:58:33.100000+00:00,52.1582583,21.1741143,95.2,17.19,-0.182,-0.024,0.961,0,18.009243961651556,33.0,45.13154352703278,-1.0,11.0
2840,2026-05-11 21:58:33.600000+00:00,52.1582681,21.1740893,95.2,13.32,-0.289,-0.015,0.958,0,14.57154331551466,33.0,47.10348619068817,-1.0,11.0
2845,2026-05-11 21:58:34.100000+00:00,52.1582748,21.1740717,95.2,8.52,-0.348,-0.025,0.961,0,10.173382129823304,33.0,48.47865764193667,-1.0,11.0
2850,2026-05-11 21:58:34.600000+00:00,52.1582781,21.1740624,95.2,4.34,-0.286,-0.03,0.972,0,5.276786022652142,33.0,49.18737691447618,-1.0,11.0
2855,2026-05-11 21:58:35.100000+00:00,52.1582795,21.1740578,95.1,2.09,-0.173,-0.027,0.958,0,2.5220645888384117,33.0,49.52006069977301,-1.0,11.0
2860,2026-05-11 21:58:35.600000+00:00,52.15828,21.174056,95.2,0.11,-0.168,-0.028,0.975,0,0.9704846187495374,33.0,49.64657897413641,-1.0,11.0
2865,2026-05-11 21:58:36.100000+00:00,52.15828,21.1740557,95.3,0.04,-0.047,-0.035,0.965,0,0.14734680419198826,33.0,49.66117511151063,-1.0,11.0
2870,2026-05-11 21:58:36.600000+00:00,52.1582801,21.1740555,95.3,0.06,-0.058,-0.037,0.972,0,0.12672422023531343,33.0,49.67870011648283,-1.0,11.0
2875,2026-05-11 21:58:37.100000+00:00,52.1582802,21.1740554,95.3,0.16,-0.055,-0.033,0.974,0,0.0939255133960233,33.0,49.691359022180514,-1.0,11.0
2880,2026-05-11 21:58:37.600000+00:00,52.1582803,21.1740553,95.4,0.03,-0.058,-0.031,0.975,0,0.09392551333832042,33.0,49.70401812763781,-1.0,11.0
2885,2026-05-11 21:58:38.100000+00:00,52.1582804,21.174055,95.5,0.09,-0.056,-0.032,0.975,0,0.16769239481827874,33.0,49.72640898630004,-1.0,11.0
2890,2026-05-11 21:58:38.600000+00:00,52.1582804,21.1740547,95.5,0.1,-0.059,-0.032,0.974,0,0.1473468028678208,33.0,49.74100976420939,-1.0,11.0
2895,2026-05-11 21:58:39.100000+00:00,52.1582804,21.1740545,95.6,0.05,-0.056,-0.032,0.976,0,0.09823120139116434,33.0,49.750745912318166,-1.0,11.0
2900,2026-05-11 21:58:39.600000+00:00,52.1582805,21.1740544,95.7,0.06,-0.057,-0.032,0.976,0,0.09392550454102563,33.0,49.76340329479087,-1.0,11.0
2905,2026-05-11 21:58:40.100000+00:00,52.1582805,21.1740542,95.8,0.05,-0.056,-0.033,0.975,0,0.0982312011704698,33.0,49.773140672085205,-1.0,11.0
2910,2026-05-11 21:58:40.600000+00:00,52.1582804,21.1740542,95.8,0.03,-0.057,-0.031,0.973,0,0.08006034037082443,33.0,49.76535357619456,-1.0,11.0
2915,2026-05-11 21:58:41.100000+00:00,52.1582803,21.1740541,95.9,0.09,-0.056,-0.033,0.974,0,0.09392550893967298,33.0,49.7624386466002,-1.0,11.0
2920,2026-05-11 21:58:41.600000+00:00,52.1582802,21.1740542,95.9,0.05,-0.058,-0.033,0.975,0,0.09392551333832042,33.0,49.74978318219483,-1.0,11.0
2925,2026-05-11 21:58:42.100000+00:00,52.1582801,21.1740543,95.9,0.0,-0.056,-0.033,0.976,0,0.0939255133960233,33.0,49.73712791916758,-1.0,11.0
2930,2026-05-11 21:58:42.600000+00:00,52.15828,21.1740543,96.0,0.08,-0.053,-0.033,0.975,0,0.08006034546355068,33.0,49.729345128833536,-1.0,11.0
2935,2026-05-11 21:58:43.100000+00:00,52.1582799,21.1740547,96.0,0.05,-0.058,-0.031,0.976,0,0.21214885391782645,33.0,49.702074224698976,-1.0,11.0
2940,2026-05-11 21:58:43.600000+00:00,52.1582798,21.174055,96.0,0.05,-0.056,-0.031,0.975,0,0.16769239384127788,33.0,49.67967641239051,-1.0,11.0
2945,2026-05-11 21:58:44.100000+00:00,52.1582798,21.1740553,96.0,0.15,-0.056,-0.032,0.975,0,0.14734680485407192,33.0,49.66506603594331,-1.0,11.0
2950,2026-05-11 21:58:44.600000+00:00,52.1582797,21.1740556,96.0,0.04,-0.056,-0.031,0.975,0,0.16769239656354426,33.0,49.64267088940393,-1.0,11.0
2955,2026-05-11 21:58:45.100000+00:00,52.1582797,21.1740559,96.1,0.12,-0.054,-0.033,0.975,0,0.14734680518511378,33.0,49.62806649663767,-1.0,11.0
2960,2026-05-11 21:58:45.600000+00:00,52.1582797,21.1740561,96.1,0.0,-0.058,-0.032,0.975,0,0.09823120449817489,33.0,49.618332535856936,-1.0,11.0
2965,2026-05-11 21:58:46.100000+00:00,52.1582797,21.1740563,96.1,0.05,-0.057,-0.032,0.974,0,0.09823120293602633,33.0,49.6086004174286,-1.0,11.0
2970,2026-05-11 21:58:46.600000+00:00,52.1582796,21.1740564,96.2,0.11,-0.059,-0.033,0.974,0,0.09392551368453775,33.0,49.595941297741895,-1.0,11.0
2975,2026-05-11 21:58:47.100000+00:00,52.1582795,21.1740565,96.2,0.03,-0.058,-0.033,0.975,0,0.09392551292536071,33.0,49.58328237834681,-1.0,11.0
2980,2026-05-11 21:58:47.600000+00:00,52.1582795,21.1740566,96.2,0.05,-0.054,-0.031,0.974,0,0.04911560246978204,33.0,49.578416402831984,-1.0,11.0
2985,2026-05-11 21:58:48.100000+00:00,52.1582793,21.1740564,96.2,0.14,-0.061,-0.033,0.975,0,0.18785102249976546,33.0,49.572567656713474,-1.0,11.0
2990,2026-05-11 21:58:48.600000+00:00,52.1582792,21.1740564,96.2,0.02,-0.057,-0.035,0.975,0,0.08006034037082443,33.0,49.56477898357426,-1.0,11.0
2995,2026-05-11 21:58:49.100000+00:00,52.1582791,21.1740563,96.2,0.13,-0.055,-0.032,0.974,0,0.09392550963210766,33.0,49.561861537680784,-1.0,11.0
3000,2026-05-11 21:58:49.600000+00:00,52.158279,21.1740562,96.2,0.04,-0.056,-0.033,0.975,0,0.09392551403075508,33.0,49.55894735341595,-1.0,11.0
3005,2026-05-11 21:58:50.100000+00:00,52.1582789,21.1740559,96.3,0.06,-0.056,-0.032,0.973,0,0.16769240132195387,33.0,49.56578262665413,-1.0,11.0
3010,2026-05-11 21:58:50.600000+00:00,52.1582788,21.1740554,96.3,0.07,-0.057,-0.032,0.977,0,0.25829870168449076,33.0,49.5823802194645,-1.0,11.0
3015,2026-05-11 21:58:51.100000+00:00,52.1582788,21.1740551,96.4,0.17,-0.057,-0.034,0.974,0,0.1473468081644905,33.0,49.597012139211735,-1.0,11.0
3020,2026-05-11 21:58:51.600000+00:00,52.1582787,21.1740547,96.5,0.05,-0.057,-0.032,0.972,0,0.21214886026949842,33.0,49.608758473574625,-1.0,11.0
3025,2026-05-11 21:58:52.100000+00:00,52.1582786,21.1740543,96.5,0.06,-0.057,-0.032,0.974,0,0.21214885538784145,33.0,49.62051952499178,-1.0,11.0
3030,2026-05-11 21:58:52.600000+00:00,52.1582786,21.1740538,96.6,0.03,-0.058,-0.034,0.976,0,0.2455780157523894,33.0,49.64494116858567,-1.0,11.0
3035,2026-05-11 21:58:53.100000+00:00,52.1582786,21.1740535,96.7,0.04,-0.056,-0.033,0.975,0,0.1473468088265742,33.0,49.65959963471858,-1.0,11.0
3040,2026-05-11 21:58:53.600000+00:00,52.1582785,21.174053,96.7,0.07,-0.058,-0.032,0.977,0,0.25829870325818427,33.0,49.67628576037773,-1.0,11.0
3045,2026-05-11 21:58:54.100000+00:00,52.1582785,21.1740526,96.8,0.09,-0.056,-0.032,0.974,0,0.1964624127308709,33.0,49.69584893108024,-1.0,11.0
3050,2026-05-11 21:58:54.600000+00:00,52.1582784,21.174052,96.9,0.08,-0.055,-0.031,0.974,0,0.3053751604208002,33.0,49.71746246498727,-1.0,11.0
3055,2026-05-11 21:58:55.100000+00:00,52.1582784,21.1740513,96.9,0.13,-0.057,-0.03,0.976,0,0.343809222660918,33.0,49.75173992544431,-1.0,11.0
3060,2026-05-11 21:58:55.600000+00:00,52.1582784,21.1740507,97.0,0.18,-0.056,-0.032,0.975,0,0.2946936189773158,33.0,49.78113827702456,-1.0,11.0
3065,2026-05-11 21:58:56.100000+00:00,52.1582784,21.1740501,97.0,0.2,-0.057,-0.031,0.973,0,0.2946936189773158,33.0,49.81055291002628,-1.0,11.0
3070,2026-05-11 21:58:56.600000+00:00,52.1582785,21.1740492,97.1,0.06,-0.057,-0.032,0.974,0,0.44923201098160165,33.0,49.86242887261221,-1.0,11.0
3075,2026-05-11 21:58:57.100000+00:00,52.1582785,21.1740484,97.2,0.04,-0.055,-0.034,0.975,0,0.3929248238995932,33.0,49.90170000453942,-1.0,11.0
3080,2026-05-11 21:58:57.600000+00:00,52.1582785,21.1740475,97.3,0.07,-0.057,-0.032,0.974,0,0.44204042903499674,33.0,49.94591439472454,-1.0,11.0
3085,2026-05-11 21:58:58.100000+00:00,52.1582786,21.1740464,97.3,0.07,-0.057,-0.032,0.973,0,0.5461713062275008,33.0,50.007707063967544,-1.0,11.0
3090,2026-05-11 21:58:58.600000+00:00,52.1582786,21.1740456,97.4,0.05,-0.056,-0.031,0.974,0,0.39292482457896366,33.0,50.04707247800846,-1.0,11.0
3095,2026-05-11 21:58:59.100000+00:00,52.1582786,21.1740449,97.5,0.12,-0.056,-0.031,0.976,0,0.343809221116056,33.0,50.08154061483275,-1.0,11.0
3100,2026-05-11 21:58:59.600000+00:00,52.1582786,21.1740442,97.6,0.02,-0.058,-0.034,0.974,0,0.34380921955390736,33.0,50.11603054389968,-1.0,11.0
3105,2026-05-11 21:59:00.100000+00:00,52.1582785,21.1740435,97.7,0.17,-0.056,-0.032,0.974,0,0.3530077048815522,33.0,50.14286058576526,-1.0,11.0
3110,2026-05-11 21:59:00.600000+00:00,52.1582785,21.1740426,97.8,0.06,-0.057,-0.032,0.974,0,0.44204042747284805,33.0,50.18727142118687,-1.0,11.0
3115,2026-05-11 21:59:01.100000+00:00,52.1582784,21.1740419,97.9,0.05,-0.055,-0.03,0.976,0,0.35300770678885995,33.0,50.214169653476134,-1.0,11.0
3120,2026-05-11 21:59:01.600000+00:00,52.1582784,21.1740413,98.0,0.03,-0.058,-0.032,0.973,0,0.2946936189773158,33.0,50.24381979594947,-1.0,11.0
3125,2026-05-11 21:59:02.100000+00:00,52.1582783,21.1740406,98.1,0.06,-0.057,-0.033,0.974,0,0.35300770601972037,33.0,50.27077446769618,-1.0,11.0
3130,2026-05-11 21:59:02.600000+00:00,52.1582783,21.1740399,98.2,0.05,-0.057,-0.031,0.975,0,0.343809223433349,33.0,50.30541309479784,-1.0,11.0
3135,2026-05-11 21:59:03.100000+00:00,52.1582784,21.1740391,98.3,0.03,-0.055,-0.031,0.978,0,0.40099822693911863,33.0,50.35267225570958,-1.0,11.0
3140,2026-05-11 21:59:03.600000+00:00,52.1582784,21.1740384,98.4,0.13,-0.058,-0.032,0.975,0,0.343809222660918,33.0,50.38735155402012,-1.0,11.0
3145,2026-05-11 21:59:04.100000+00:00,52.1582784,21.1740377,98.6,0.11,-0.058,-0.029,0.975,0,0.343809222660918,33.0,50.42205222288645,-1.0,11.0
3150,2026-05-11 21:59:04.600000+00:00,52.1582785,21.1740372,98.7,0.08,-0.056,-0.032,0.975,0,0.2582987053612523,33.0,50.454484376200696,-1.0,11.0
3155,2026-05-11 21:59:05.100000+00:00,52.1582786,21.1740368,98.8,0.09,-0.058,-0.031,0.975,0,0.2121488591651197,33.0,50.4819597954881,-1.0,11.0
3160,2026-05-11 21:59:05.600000+00:00,52.1582786,21.1740364,98.8,0.13,-0.057,-0.031,0.976,0,0.19646241228948183,33.0,50.50180796572181,-1.0,11.0
3165,2026-05-11 21:59:06.100000+00:00,52.1582785,21.174036,98.9,0.0,-0.054,-0.031,0.974,0,0.2121488577184775,33.0,50.51403787766258,-1.0,11.0
3170,2026-05-11 21:59:06.600000+00:00,52.1582785,21.1740354,99.0,0.06,-0.058,-0.031,0.973,0,0.29469361831523205,33.0,50.54383803168681,-1.0,11.0
3175,2026-05-11 21:59:07.100000+00:00,52.1582784,21.1740348,99.1,0.01,-0.058,-0.032,0.976,0,0.3053751604208002,33.0,50.566038838155876,-1.0,11.0
3180,2026-05-11 21:59:07.600000+00:00,52.1582784,21.1740345,99.2,0.02,-0.056,-0.033,0.975,0,0.1473468094886579,33.0,50.58095477159079,-1.0,11.0
3185,2026-05-11 21:59:08.100000+00:00,52.1582784,21.1740345,99.3,0.18,-0.058,-0.031,0.975,0,0.0,33.0,50.58095477159079,-1.0,11.0
3190,2026-05-11 21:59:08.600000+00:00,52.1582784,21.1740348,99.4,0.07,-0.059,-0.033,0.972,0,0.1473468094886579,33.0,50.566038838155876,-1.0,11.0
3195,2026-05-11 21:59:09.100000+00:00,52.1582784,21.1740352,99.5,0.05,-0.056,-0.031,0.976,0,0.19646241161011146,33.0,50.54615696897881,-1.0,11.0
3200,2026-05-11 21:59:09.600000+00:00,52.1582784,21.1740355,99.6,0.06,-0.057,-0.03,0.976,0,0.1473468094886579,33.0,50.531250102947396,-1.0,11.0
3205,2026-05-11 21:59:10.100000+00:00,52.1582783,21.1740359,99.7,0.04,-0.06,-0.031,0.974,0,0.21214886190450838,33.0,50.50375848153215,-1.0,11.0
3210,2026-05-11 21:59:10.600000+00:00,52.1582784,21.1740362,99.7,0.04,-0.057,-0.03,0.976,0,0.16769240306721933,33.0,50.49648255608435,-1.0,11.0
3215,2026-05-11 21:59:11.100000+00:00,52.1582784,21.1740363,99.8,0.07,-0.057,-0.033,0.974,0,0.049115603683602176,33.0,50.4915174958565,-1.0,11.0
3220,2026-05-11 21:59:11.600000+00:00,52.1582784,21.174036,99.9,0.04,-0.056,-0.031,0.974,0,0.1473468094886579,33.0,50.50641397619054,-1.0,11.0
3225,2026-05-11 21:59:12.100000+00:00,52.1582784,21.1740356,99.9,0.07,-0.057,-0.031,0.973,0,0.19646241317226007,33.0,50.52628201221747,-1.0,11.0
3230,2026-05-11 21:59:12.600000+00:00,52.1582784,21.1740351,100.0,0.02,-0.056,-0.029,0.974,0,0.24557801529371368,33.0,50.55112678845882,-1.0,11.0
3235,2026-05-11 21:59:13.100000+00:00,52.1582783,21.1740348,100.1,0.13,-0.057,-0.034,0.975,0,0.16769240306721933,33.0,50.55842522379517,-1.0,11.0
3240,2026-05-11 21:59:13.600000+00:00,52.1582782,21.1740345,100.1,0.02,-0.058,-0.033,0.975,0,0.1676924009267081,33.0,50.56573333398913,-1.0,11.0
3245,2026-05-11 21:59:14.100000+00:00,52.1582781,21.1740341,100.2,0.06,-0.056,-0.031,0.975,0,0.21214886272201336,33.0,50.578027491497984,-1.0,11.0
3250,2026-05-11 21:59:14.600000+00:00,52.1582779,21.1740338,100.2,0.03,-0.058,-0.031,0.973,0,0.21759990422719136,33.0,50.577756049503805,-1.0,11.0
3255,2026-05-11 21:59:15.100000+00:00,52.1582779,21.1740335,100.2,0.05,-0.056,-0.029,0.976,0,0.14734681114386716,33.0,50.59269612233082,-1.0,11.0
3260,2026-05-11 21:59:15.600000+00:00,52.1582777,21.1740332,100.3,0.11,-0.055,-0.032,0.976,0,0.2175999084229964,33.0,50.59245109069994,-1.0,11.0
3265,2026-05-11 21:59:16.100000+00:00,52.1582776,21.1740328,100.3,0.09,-0.055,-0.032,0.975,0,0.21214886284389212,33.0,50.6047987923953,-1.0,11.0
3270,2026-05-11 21:59:16.600000+00:00,52.1582776,21.1740324,100.3,0.21,-0.055,-0.033,0.977,0,0.19646241514122453,33.0,50.624745875594904,-1.0,11.0
3275,2026-05-11 21:59:17.100000+00:00,52.1582775,21.174032,100.4,0.08,-0.056,-0.03,0.976,0,0.21214886517452827,33.0,50.637117551209215,-1.0,11.0
3280,2026-05-11 21:59:17.600000+00:00,52.1582774,21.1740316,100.4,0.02,-0.059,-0.033,0.974,0,0.21214886173951353,33.0,50.64950334727022,-1.0,11.0
3285,2026-05-11 21:59:18.100000+00:00,52.1582773,21.1740312,100.5,0.09,-0.056,-0.029,0.972,0,0.21214886454539103,33.0,50.66190325133482,-1.0,11.0
3290,2026-05-11 21:59:18.600000+00:00,52.1582773,21.1740308,100.5,0.05,-0.055,-0.031,0.974,0,0.19646241802754058,33.0,50.68188662303357,-1.0,11.0
3295,2026-05-11 21:59:19.100000+00:00,52.1582772,21.1740304,100.6,0.09,-0.055,-0.03,0.976,0,0.21214886447890202,33.0,50.694310420192096,-1.0,11.0
3300,2026-05-11 21:59:19.600000+00:00,52.1582772,21.1740302,100.6,0.22,-0.058,-0.03,0.975,0,0.0982312084533905,33.0,50.70430955309551,-1.0,11.0
3305,2026-05-11 21:59:20.100000+00:00,52.1582771,21.1740301,100.6,0.15,-0.057,-0.032,0.975,0,0.09392551512710999,33.0,50.701746920825634,-1.0,11.0
3310,2026-05-11 21:59:20.600000+00:00,52.1582772,21.1740299,100.6,0.08,-0.054,-0.031,0.976,0,0.12672422841385345,33.0,50.71931143756646,-1.0,11.0
3315,2026-05-11 21:59:21.100000+00:00,52.1582772,21.1740297,100.7,0.06,-0.059,-0.031,0.974,0,0.09823121001553917,33.0,50.72931481587889,-1.0,11.0
3320,2026-05-11 21:59:21.600000+00:00,52.1582771,21.1740298,100.7,0.06,-0.057,-0.032,0.974,0,0.09392551512710999,33.0,50.71675231597413,-1.0,11.0
3325,2026-05-11 21:59:22.100000+00:00,52.1582771,21.1740299,100.7,0.01,-0.055,-0.031,0.976,0,0.04911560511811686,33.0,50.71175009324361,-1.0,11.0
3330,2026-05-11 21:59:22.600000+00:00,52.158277,21.1740299,100.7,0.09,-0.056,-0.031,0.974,0,0.08006034546355068,33.0,50.70419006032289,-1.0,11.0
3335,2026-05-11 21:59:23.100000+00:00,52.1582769,21.17403,100.7,0.12,-0.059,-0.031,0.974,0,0.09392551442563574,33.0,50.69162804830378,-1.0,11.0
3340,2026-05-11 21:59:23.600000+00:00,52.1582769,21.1740301,100.7,0.1,-0.056,-0.031,0.976,0,0.04911560533881144,33.0,50.686625182229996,-1.0,11.0
3345,2026-05-11 21:59:24.100000+00:00,52.1582769,21.1740302,100.7,0.1,-0.055,-0.031,0.976,0,0.04911560533881144,33.0,50.68162274049234,-1.0,11.0
3350,2026-05-11 21:59:24.600000+00:00,52.1582769,21.1740302,100.7,0.06,-0.056,-0.031,0.974,0,0.0,33.0,50.68162274049234,-1.0,11.0
3355,2026-05-11 21:59:25.100000+00:00,52.1582769,21.1740303,100.7,0.2,-0.055,-0.031,0.974,0,0.04911560377666277,33.0,50.67662072337556,-1.0,11.0
3360,2026-05-11 21:59:25.600000+00:00,52.1582768,21.1740303,100.7,0.15,-0.055,-0.032,0.974,0,0.08006034037082443,33.0,50.6690603298625,-1.0,11.0
3365,2026-05-11 21:59:26.100000+00:00,52.1582768,21.1740305,100.7,0.02,-0.054,-0.032,0.973,0,0.09823121089831742,33.0,50.65905607635739,-1.0,11.0
3370,2026-05-11 21:59:26.600000+00:00,52.1582767,21.1740299,100.7,0.11,-0.056,-0.031,0.976,0,0.30537517128252617,33.0,50.68151783247248,-1.0,11.0
3375,2026-05-11 21:59:27.100000+00:00,52.1582767,21.1740297,100.8,0.14,-0.055,-0.031,0.976,0,0.098231211119012,33.0,50.691528669022354,-1.0,11.0
3380,2026-05-11 21:59:27.600000+00:00,52.1582765,21.1740296,100.8,0.19,-0.057,-0.031,0.976,0,0.1674842675021711,33.0,50.68143094597425,-1.0,11.0
3385,2026-05-11 21:59:28.100000+00:00,52.1582765,21.1740302,100.8,0.11,-0.059,-0.033,0.974,0,0.29469363155690603,33.0,50.651392025979234,-1.0,11.0
3390,2026-05-11 21:59:28.600000+00:00,52.1582764,21.1740301,100.8,0.08,-0.056,-0.031,0.974,0,0.09392551119008577,33.0,50.64884380513653,-1.0,11.0
3395,2026-05-11 21:59:29.100000+00:00,52.1582763,21.1740301,100.8,0.11,-0.057,-0.031,0.973,0,0.08006035055627692,33.0,50.64129147152087,-1.0,11.0
3400,2026-05-11 21:59:29.600000+00:00,52.1582763,21.17403,100.8,0.05,-0.058,-0.032,0.976,0,0.04911560600089513,33.0,50.64629881574839,-1.0,11.0
3405,2026-05-11 21:59:30.100000+00:00,52.1582761,21.1740298,100.8,0.18,-0.058,-0.031,0.974,0,0.18785102185180588,33.0,50.641218535526775,-1.0,11.0
3410,2026-05-11 21:59:30.600000+00:00,52.1582759,21.1740298,100.7,0.06,-0.057,-0.031,0.976,0,0.1601206960198276,33.0,50.62612756309694,-1.0,11.0
3415,2026-05-11 21:59:31.100000+00:00,52.1582756,21.1740297,100.7,0.01,-0.056,-0.031,0.976,0,0.2451515308011361,33.0,50.60851483406074,-1.0,11.0
3420,2026-05-11 21:59:31.600000+00:00,52.1582753,21.1740298,100.7,0.12,-0.056,-0.032,0.973,0,0.24515154084640015,33.0,50.58088629877054,-1.0,11.0
3425,2026-05-11 21:59:32.100000+00:00,52.1582751,21.1740299,100.6,0.05,-0.055,-0.031,0.975,0,0.16748426841331762,33.0,50.56079928796482,-1.0,11.0
3430,2026-05-11 21:59:32.600000+00:00,52.1582748,21.1740301,100.6,0.14,-0.059,-0.031,0.976,0,0.2594923920492861,33.0,50.52816465480388,-1.0,11.0
3435,2026-05-11 21:59:33.100000+00:00,52.1582745,21.17403,100.6,0.07,-0.058,-0.032,0.977,0,0.24515154102326298,33.0,50.510595781480674,-1.0,11.0
3440,2026-05-11 21:59:33.600000+00:00,52.1582741,21.1740298,100.5,0.1,-0.057,-0.031,0.975,0,0.3349685320821847,33.0,50.49054663153106,-1.0,11.0
3445,2026-05-11 21:59:34.100000+00:00,52.1582737,21.1740297,100.5,0.11,-0.057,-0.031,0.971,0,0.32398593939656856,33.0,50.46550392947046,-1.0,11.0
3450,2026-05-11 21:59:34.600000+00:00,52.1582734,21.1740298,100.5,0.06,-0.056,-0.033,0.977,0,0.2451515362769791,33.0,50.4379367862863,-1.0,11.0
3455,2026-05-11 21:59:35.100000+00:00,52.1582729,21.17403,100.5,0.04,-0.054,-0.031,0.973,0,0.4121781812739554,33.0,50.39033147161716,-1.0,11.0
3460,2026-05-11 21:59:35.600000+00:00,52.1582724,21.1740301,100.5,0.13,-0.056,-0.031,0.973,0,0.4033036326631709,33.0,50.347782350663486,-1.0,11.0
3465,2026-05-11 21:59:36.100000+00:00,52.158272,21.1740303,100.4,0.13,-0.055,-0.031,0.972,0,0.33496853831012097,33.0,50.307715562658856,-1.0,11.0
3470,2026-05-11 21:59:36.600000+00:00,52.1582714,21.1740302,100.4,0.12,-0.055,-0.032,0.974,0,0.48286651763211297,33.0,50.26780652210269,-1.0,11.0
3475,2026-05-11 21:59:37.100000+00:00,52.1582709,21.1740304,100.4,0.03,-0.055,-0.032,0.972,0,0.4121781823258836,33.0,50.22029354968191,-1.0,11.0
3480,2026-05-11 21:59:37.600000+00:00,52.1582704,21.1740304,100.3,0.12,-0.056,-0.034,0.972,0,0.4003017324104796,33.0,50.182900240041704,-1.0,11.0
3485,2026-05-11 21:59:38.100000+00:00,52.1582699,21.1740303,100.3,0.08,-0.057,-0.031,0.975,0,0.40330363805395164,33.0,50.15059474812825,-1.0,11.0
3490,2026-05-11 21:59:38.600000+00:00,52.1582693,21.17403,100.3,0.05,-0.058,-0.031,0.975,0,0.5024528053494868,33.0,50.120990710896166,-1.0,11.0
3495,2026-05-11 21:59:39.100000+00:00,52.1582687,21.1740297,100.4,0.1,-0.055,-0.032,0.974,0,0.502452805931965,33.0,50.0914663996063,-1.0,11.0
3500,2026-05-11 21:59:39.600000+00:00,52.1582682,21.1740295,100.4,0.04,-0.059,-0.032,0.975,0,0.4121781788000018,33.0,50.064388554425875,-1.0,11.0
3505,2026-05-11 21:59:40.100000+00:00,52.1582678,21.1740293,100.4,0.04,-0.058,-0.031,0.973,0,0.33496854102835233,33.0,50.04479254850911,-1.0,11.0
3510,2026-05-11 21:59:40.600000+00:00,52.1582674,21.1740291,100.4,0.1,-0.054,-0.032,0.975,0,0.33496853687651906,33.0,50.02523213396772,-1.0,11.0
3515,2026-05-11 21:59:41.100000+00:00,52.158267,21.1740288,100.4,0.07,-0.056,-0.03,0.974,0,0.35251331762990634,33.0,50.01078950107494,-1.0,11.0
3520,2026-05-11 21:59:41.600000+00:00,52.1582667,21.1740286,100.4,0.06,-0.056,-0.03,0.974,0,0.259492408243823,33.0,49.99871487598587,-1.0,11.0
3525,2026-05-11 21:59:42.100000+00:00,52.1582664,21.1740284,100.5,0.05,-0.056,-0.032,0.973,0,0.2594923990670022,33.0,49.98666332074296,-1.0,11.0
3530,2026-05-11 21:59:42.600000+00:00,52.158266,21.1740282,100.5,0.15,-0.056,-0.032,0.972,0,0.33496854265141685,33.0,49.96723548567016,-1.0,11.0
3535,2026-05-11 21:59:43.100000+00:00,52.1582657,21.1740281,100.5,0.02,-0.057,-0.031,0.975,0,0.24515153766631026,33.0,49.95014051011681,-1.0,11.0
3540,2026-05-11 21:59:43.600000+00:00,52.1582654,21.1740278,100.5,0.14,-0.055,-0.03,0.975,0,0.28177655596316686,33.0,49.943259169066565,-1.0,11.0
3545,2026-05-11 21:59:44.100000+00:00,52.1582651,21.1740275,100.6,0.08,-0.049,-0.033,0.976,0,0.2817765564824929,33.0,49.93640755098841,-1.0,11.0
3550,2026-05-11 21:59:44.600000+00:00,52.1582653,21.1740257,100.6,1.35,0.0,-0.037,0.968,0,0.8984642791131231,33.0,50.04304825982742,-1.0,11.0
3555,2026-05-11 21:59:45.100000+00:00,52.1582663,21.1740221,100.7,2.2,0.006,-0.04,0.976,0,1.9409697451711379,33.0,50.30069746921196,-1.0,11.0
3560,2026-05-11 21:59:45.600000+00:00,52.1582683,21.1740161,100.7,3.92,0.014,-0.04,0.979,0,3.3538486725757606,33.0,50.75484700412142,-1.0,11.0
3565,2026-05-11 21:59:46.100000+00:00,52.1582715,21.1740083,100.7,5.22,0.017,-0.04,0.978,0,4.608707867545274,33.0,51.38948669072608,-1.0,11.0
3570,2026-05-11 21:59:46.600000+00:00,52.1582758,21.1739986,100.7,6.56,0.035,-0.039,0.982,0,5.877856332361972,33.0,52.2023395270996,-1.0,11.0
3575,2026-05-11 21:59:47.100000+00:00,52.1582814,21.1739848,100.6,8.48,0.05,-0.045,0.975,0,8.126582363553299,33.0,53.32120697004423,-1.0,11.0
3580,2026-05-11 21:59:47.600000+00:00,52.1582879,21.1739679,100.6,10.35,0.028,-0.044,0.975,0,9.796923199243592,33.0,54.66597402755549,-1.0,11.0
3585,2026-05-11 21:59:48.100000+00:00,52.1582952,21.1739491,100.5,11.11,-0.014,-0.041,0.976,0,10.927893477810079,33.0,56.16783010255612,-1.0,11.0
3590,2026-05-11 21:59:48.600000+00:00,52.1583032,21.1739298,100.4,12.0,-0.021,-0.043,0.975,0,11.44023949880261,33.0,57.7468921852235,-1.0,11.0
3595,2026-05-11 21:59:49.100000+00:00,52.1583118,21.1739091,100.4,12.81,-0.003,-0.044,0.973,0,12.278931832611098,33.0,59.442493620981246,-1.0,11.0
3600,2026-05-11 21:59:49.600000+00:00,52.1583215,21.1738862,100.3,14.19,0.027,-0.055,0.975,0,13.667988791561749,33.0,61.33222716837804,-1.0,11.0
3605,2026-05-11 21:59:50.100000+00:00,52.1583328,21.1738607,100.3,16.55,0.037,-0.058,0.973,0,15.450150939072437,33.0,63.472640177819784,-1.0,11.0
3610,2026-05-11 21:59:50.600000+00:00,52.1583448,21.1738329,100.2,17.22,-0.03,-0.043,0.97,0,16.69533055520564,33.0,65.7838408484493,-1.0,11.0
3615,2026-05-11 21:59:51.100000+00:00,52.1583569,21.1738051,100.1,16.82,-0.068,-0.028,0.966,0,16.74152588992054,33.0,68.1026358228871,-1.0,11.0
3620,2026-05-11 21:59:51.600000+00:00,52.1583685,21.1737775,100.0,16.53,-0.08,-0.023,0.968,0,16.431989485942044,33.0,70.37602929819944,-1.0,11.0
3625,2026-05-11 21:59:52.100000+00:00,52.1583797,21.1737507,99.8,16.43,-0.074,0.0,0.969,0,15.92689881014616,33.0,72.57957375846635,-1.0,11.0
3630,2026-05-11 21:59:52.600000+00:00,52.1583896,21.1737232,99.7,16.09,-0.07,0.044,0.979,0,15.66057465339517,33.0,74.72971876574769,-1.0,11.0
3635,2026-05-11 21:59:53.100000+00:00,52.1583976,21.1736937,99.5,15.89,-0.064,0.092,0.973,0,15.84155409305589,33.0,76.85596216220878,-1.0,11.0
3640,2026-05-11 21:59:53.600000+00:00,52.1584032,21.1736622,99.4,16.04,-0.078,0.102,0.981,0,16.107888166523534,33.0,78.92934842360062,-1.0,11.0
3645,2026-05-11 21:59:54.100000+00:00,52.1584058,21.1736285,99.2,16.83,-0.071,0.079,0.969,0,16.682287009542016,,80.92928322164762,-1.0,11.0
3650,2026-05-11 21:59:54.600000+00:00,52.1584065,21.1735952,99.0,16.9,-0.078,0.081,0.973,0,16.365047585295297,,82.79885405227972,-1.0,11.0
3655,2026-05-11 21:59:55.100000+00:00,52.1584036,21.1735612,98.8,17.21,-0.102,0.123,0.963,0,16.8598851285103,,84.49650397521924,-1.0,11.0
3660,2026-05-11 21:59:55.600000+00:00,52.1583974,21.1735273,98.5,17.52,-0.114,0.097,0.979,0,17.374291888134955,,86.0139696827517,-1.0,11.0
3665,2026-05-11 21:59:56.100000+00:00,52.1583882,21.1734953,98.4,17.59,-0.126,0.073,0.969,0,17.357245032926368,,87.28302095669751,-1.0,11.0
3670,2026-05-11 21:59:56.600000+00:00,52.1583759,21.1734657,98.3,17.52,-0.12,0.058,0.982,0,17.559343599597863,,88.28138523648468,-1.0,11.0
3675,2026-05-11 21:59:57.100000+00:00,52.158362,21.1734389,98.2,17.67,-0.106,0.059,0.957,0,17.23671680970496,,89.0812743832946,-1.0,11.0
3680,2026-05-11 21:59:57.600000+00:00,52.1583462,21.173415,98.1,17.6,-0.1,0.024,0.986,0,17.25704719759314,,89.66380555280193,-1.0,11.0
3685,2026-05-11 21:59:58.100000+00:00,52.1583317,21.1733904,97.9,17.06,-0.082,-0.018,0.979,0,16.7555365305642,,90.4136630610322,-1.0,11.0
3690,2026-05-11 21:59:58.600000+00:00,52.1583165,21.1733669,97.8,16.82,-0.054,-0.075,0.978,0,16.77230173964907,,91.11566794119763,-1.0,11.0
3695,2026-05-11 21:59:59.100000+00:00,52.1583016,21.1733425,97.7,17.51,-0.033,-0.101,0.947,0,16.90922432777389,,91.94103385429649,-1.0,11.0
3700,2026-05-11 21:59:59.600000+00:00,52.1582878,21.1733161,97.7,17.42,-0.051,-0.165,0.974,0,17.035141555136807,,92.99139276697069,-1.0,11.0
3705,2026-05-11 22:00:00.100000+00:00,52.1582758,21.1732868,97.6,17.49,-0.056,-0.141,0.954,0,17.30307053333602,,94.34656839483435,-1.0,11.0
3710,2026-05-11 22:00:00.600000+00:00,52.1582651,21.1732567,97.6,17.28,-0.066,-0.152,0.97,0,17.086395370055964,,95.84402060110628,-1.0,11.0
3715,2026-05-11 22:00:01.100000+00:00,52.1582568,21.1732233,97.6,17.7,-0.064,-0.19,0.954,0,17.699368080472563,,97.6766743105253,-1.0,11.0
3720,2026-05-11 22:00:01.600000+00:00,52.1582512,21.1731884,97.7,17.82,-0.074,-0.195,0.967,0,17.717977851162942,,99.72816516473823,-1.0,11.0
3725,2026-05-11 22:00:02.100000+00:00,52.1582488,21.1731502,97.7,19.16,-0.068,-0.242,0.95,0,18.860304248526173,,102.12087842226569,-1.0,11.0
3730,2026-05-11 22:00:02.600000+00:00,52.1582506,21.1731105,97.6,20.16,-0.069,-0.25,0.947,0,19.552086975225688,,104.76179901845714,-1.0,11.0
3735,2026-05-11 22:00:03.100000+00:00,52.1582568,21.1730704,97.6,20.98,-0.079,-0.221,0.951,0,20.311234398794426,,107.57804617189662,-1.0,11.0
3740,2026-05-11 22:00:03.600000+00:00,52.1582668,21.1730298,97.7,21.76,-0.084,-0.226,0.953,0,21.48808444079553,,110.55376659289782,-1.0,11.0
3745,2026-05-11 22:00:04.100000+00:00,52.1582804,21.1729907,97.7,22.41,-0.095,-0.224,0.955,0,22.07610622067683,,113.55465237001782,-1.0,11.0
3750,2026-05-11 22:00:04.600000+00:00,52.1582981,21.1729554,97.7,22.74,-0.085,-0.24,0.95,0,22.39213365956697,,116.45599453067408,-1.0,11.0
3755,2026-05-11 22:00:05.100000+00:00,52.1583197,21.1729252,97.5,23.59,-0.053,-0.228,0.952,0,22.78297699181632,,119.18086564864296,-1.0,11.0
3760,2026-05-11 22:00:05.600000+00:00,52.1583431,21.1728957,97.6,23.79,-0.073,-0.159,0.976,0,23.683346529916125,,121.95057018264433,-1.0,11.0
3765,2026-05-11 22:00:06.100000+00:00,52.1583679,21.1728681,97.6,24.07,-0.048,-0.111,0.968,0,24.041248776782975,,124.67998245343992,-1.0,11.0
3770,2026-05-11 22:00:06.600000+00:00,52.158393,21.1728406,97.7,23.99,-0.043,-0.06,0.979,0,24.212548434010763,,127.44448830571206,-1.0,11.0
3775,2026-05-11 22:00:07.100000+00:00,52.1584181,21.1728134,97.8,24.21,-0.02,-0.005,0.96,0,24.13065819282835,,130.21826052689073,-1.0,11.0
3780,2026-05-11 22:00:07.600000+00:00,52.1584432,21.1727853,97.8,24.77,-0.011,-0.003,0.982,0,24.378158458032125,,133.07495894753282,-1.0,11.0
3785,2026-05-11 22:00:08.100000+00:00,52.1584685,21.1727551,97.8,25.47,0.004,-0.01,0.962,0,25.105565198062127,,136.09573771348994,-1.0,11.0
3790,2026-05-11 22:00:08.600000+00:00,52.1584945,21.1727241,97.8,26.32,0.014,-0.02,0.963,0,25.789861531963037,,139.2205941810337,-1.0,11.0
3795,2026-05-11 22:00:09.100000+00:00,52.1585213,21.1726909,97.7,27.3,0.01,-0.01,0.971,0,26.94926077645254,,142.54076573468635,-1.0,11.0
3800,2026-05-11 22:00:09.600000+00:00,52.1585489,21.1726553,97.7,28.49,0.009,-0.021,0.97,0,28.177815888988523,,146.06758994702292,-1.0,11.0
3805,2026-05-11 22:00:10.100000+00:00,52.1585775,21.1726177,97.6,29.76,0.002,-0.016,0.973,0,29.41644860359907,,149.78565214344738,-1.0,11.0
3810,2026-05-11 22:00:10.600000+00:00,52.1586069,21.1725787,97.5,31.03,-0.002,-0.022,0.976,0,30.34695073480429,,153.64823112333102,-1.0,11.0
3815,2026-05-11 22:00:11.100000+00:00,52.1586373,21.1725398,97.3,31.54,-0.014,-0.012,0.971,0,30.941679044479677,,157.57542357660162,-1.0,11.0
3820,2026-05-11 22:00:11.600000+00:00,52.1586671,21.1724971,97.2,31.9,-0.05,-0.005,0.967,0,31.765326665861863,,161.71645872018473,-1.0,11.0
3825,2026-05-11 22:00:12.100000+00:00,52.1586971,21.1724545,97.1,31.91,-0.049,-0.011,0.973,0,31.85347153715641,,165.87638968128593,-1.0,11.0
3830,2026-05-11 22:00:12.600000+00:00,52.1587266,21.1724095,97.1,32.32,-0.051,0.011,0.963,0,32.34641291125855,,170.16413426904438,-1.0,11.0
3835,2026-05-11 22:00:13.100000+00:00,52.158756,21.1723633,97.0,32.93,-0.05,-0.002,0.975,0,32.69425972997645,,174.52735215020368,-1.0,11.0
3840,2026-05-11 22:00:13.600000+00:00,52.1587849,21.172316,97.0,33.0,-0.047,-0.006,0.969,0,32.78780539170428,,176.594516843896,-1.0,11.0
3845,2026-05-11 22:00:14.100000+00:00,52.1588138,21.1722676,97.0,33.34,-0.027,-0.021,0.959,0,33.17278426554922,,171.99336420951315,-1.0,11.0
3850,2026-05-11 22:00:14.600000+00:00,52.1588431,21.1722176,96.9,34.14,-0.028,-0.021,0.966,0,33.96076478949798,,167.28109542172038,-1.0,11.0
3855,2026-05-11 22:00:15.100000+00:00,52.1588725,21.1721667,96.9,34.46,-0.035,-0.028,0.983,0,34.336585903850604,,162.51550517629605,-1.0,11.0
3860,2026-05-11 22:00:15.600000+00:00,52.1589025,21.1721151,96.8,35.12,-0.025,-0.043,0.965,0,34.91636301770378,,157.67030747404996,-1.0,11.0
3865,2026-05-11 22:00:16.100000+00:00,52.1589328,21.1720625,96.7,35.61,-0.062,-0.032,0.968,0,35.438432470617734,,152.75199580299292,-1.0,11.0
3870,2026-05-11 22:00:16.600000+00:00,52.1589629,21.1720101,96.6,35.32,-0.065,-0.034,0.976,0,35.25723975446328,,147.85880057640512,-1.0,11.0
3875,2026-05-11 22:00:17.100000+00:00,52.1589929,21.1719575,96.6,35.24,-0.062,-0.032,0.969,0,35.27443289174364,,142.9627939932979,-1.0,11.0
3880,2026-05-11 22:00:17.600000+00:00,52.159023,21.1719049,96.5,35.34,-0.055,-0.031,0.958,0,35.32898129685729,,138.0597633205044,-1.0,11.0
3885,2026-05-11 22:00:18.100000+00:00,52.159053,21.1718524,96.5,35.56,-0.062,-0.031,0.972,0,35.23845240856641,,133.16943089049315,-1.0,11.0
3890,2026-05-11 22:00:18.600000+00:00,52.1590832,21.1718,96.4,35.47,-0.045,-0.02,0.97,0,35.31195832470068,,128.27012460896674,-1.0,11.0
3895,2026-05-11 22:00:19.100000+00:00,52.1591132,21.1717472,96.3,35.47,-0.05,-0.027,0.97,0,35.34638649870477,,123.36488845772539,-1.0,11.0
3900,2026-05-11 22:00:19.600000+00:00,52.1591433,21.1716938,96.3,35.84,-0.053,-0.036,0.965,0,35.617259785605185,,118.42159547102995,-1.0,11.0
3905,2026-05-11 22:00:20.100000+00:00,52.1591736,21.1716396,96.2,36.13,-0.034,-0.036,0.979,0,36.015215577099255,,113.422600160545,-1.0,11.0
3910,2026-05-11 22:00:20.600000+00:00,52.1592048,21.1715847,96.2,36.67,-0.039,-0.028,0.955,0,36.755877654330874,,108.32285451854665,-1.0,11.0
3915,2026-05-11 22:00:21.100000+00:00,52.1592362,21.1715288,96.2,37.12,-0.033,-0.033,0.974,0,37.22560995762558,,103.15709318017716,-1.0,11.0
3920,2026-05-11 22:00:21.600000+00:00,52.159268,21.1714724,96.2,37.31,-0.04,-0.029,0.981,0,37.62304207278524,,97.93710703374093,-1.0,11.0
3925,2026-05-11 22:00:22.100000+00:00,52.1593,21.1714154,96.2,37.63,-0.026,-0.031,0.985,0,37.9484355003521,,92.6720481978076,-1.0,11.0
3930,2026-05-11 22:00:22.600000+00:00,52.1593324,21.1713574,96.2,38.56,-0.03,-0.034,0.963,0,38.527062556221296,,87.32674964206744,-1.0,11.0
3935,2026-05-11 22:00:23.100000+00:00,52.159365,21.171299,96.2,38.6,-0.044,-0.037,0.981,0,38.78011407970485,,81.94699456658977,-1.0,11.0
3940,2026-05-11 22:00:23.600000+00:00,52.1593975,21.1712408,96.2,38.54,-0.058,-0.037,0.969,0,38.653564549425646,32.0,76.58573822684195,-1.0,11.0
3945,2026-05-11 22:00:24.100000+00:00,52.15943,21.171183,96.2,38.36,-0.062,-0.034,0.966,0,38.508494667514306,32.0,71.2467939945614,-1.0,11.0
3950,2026-05-11 22:00:24.600000+00:00,52.1594625,21.1711255,96.2,38.55,-0.056,-0.036,0.967,0,38.399988662420284,32.0,65.92536093886322,-1.0,11.0
3955,2026-05-11 22:00:25.100000+00:00,52.1594946,21.1710686,96.1,38.09,-0.062,-0.035,0.976,0,37.96627433537953,32.0,60.66571370068865,-1.0,11.0
3960,2026-05-11 22:00:25.600000+00:00,52.1595267,21.1710115,96.1,37.99,-0.056,-0.029,0.972,0,38.038621118341965,32.0,55.39786472613989,-1.0,11.0
3965,2026-05-11 22:00:26.100000+00:00,52.1595589,21.1709547,96.1,38.01,-0.055,-0.028,0.968,0,37.984397656273885,32.0,50.14272344748179,-1.0,11.0
3970,2026-05-11 22:00:26.600000+00:00,52.1595904,21.1708981,96.0,37.56,-0.057,-0.029,0.971,0,37.53347581894914,32.0,44.949979417790885,-1.0,11.0
3975,2026-05-11 22:00:27.100000+00:00,52.1596222,21.1708413,96.0,37.65,-0.051,-0.041,0.956,0,37.767757642285275,32.0,39.73183459744043,-1.0,11.0
3980,2026-05-11 22:00:27.600000+00:00,52.159654,21.1707846,96.1,37.66,-0.06,-0.027,0.981,0,37.731479744624586,32.0,34.527565268148614,-1.0,11.0
3985,2026-05-11 22:00:28.100000+00:00,52.159686,21.1707279,96.1,37.86,-0.039,-0.043,0.96,0,37.83969049752782,32.0,29.323792865432665,-1.0,11.0
3990,2026-05-11 22:00:28.600000+00:00,52.1597185,21.1706706,96.1,38.31,-0.041,-0.033,0.966,0,38.32768674250895,32.0,24.078299185288902,-1.0,11.0
3995,2026-05-11 22:00:29.100000+00:00,52.1597511,21.1706132,96.0,38.47,-0.036,-0.039,0.964,0,38.41809308916615,32.0,18.865074115295144,-1.0,11.0
4000,2026-05-11 22:00:29.600000+00:00,52.159784,21.1705554,96.0,38.92,-0.05,-0.037,0.958,0,38.725431149902384,32.0,13.707967582928926,-1.0,11.0
4005,2026-05-11 22:00:30.100000+00:00,52.1598172,21.1704971,96.0,38.99,-0.053,-0.027,0.976,0,39.06879656270596,32.0,8.779338569018076,-1.0,11.0
4010,2026-05-11 22:00:30.600000+00:00,52.1598505,21.1704384,95.9,38.98,-0.048,-0.021,0.966,0,39.267302395614635,32.0,4.992448236020643,-1.0,11.0
4015,2026-05-11 22:00:31.100000+00:00,52.1598837,21.1703793,95.8,39.2,-0.05,-0.03,0.974,0,39.357636089325425,32.0,5.665941424957875,-1.0,11.0
4020,2026-05-11 22:00:31.600000+00:00,52.1599172,21.1703206,95.8,39.22,-0.045,-0.038,0.959,0,39.37615845239799,32.0,9.973873317723267,-1.0,11.0
4025,2026-05-11 22:00:32.100000+00:00,52.1599507,21.1702613,95.7,39.32,-0.058,-0.032,0.981,0,39.59240731978562,32.0,15.075882483287497,-1.0,11.0
4030,2026-05-11 22:00:32.600000+00:00,52.1599843,21.1702016,95.6,39.92,-0.048,-0.028,0.965,0,39.791207553739135,32.0,20.4099718985265,-1.0,11.0
4035,2026-05-11 22:00:33.100000+00:00,52.1600177,21.1701419,95.6,39.63,-0.054,-0.028,0.968,0,39.68311934780195,32.0,25.80742733705469,-1.0,11.0
4040,2026-05-11 22:00:33.600000+00:00,52.1600513,21.1700822,95.6,39.68,-0.05,-0.026,0.979,0,39.79117502921226,32.0,31.262005342404425,-1.0,11.0
4045,2026-05-11 22:00:34.100000+00:00,52.1600849,21.1700224,95.5,40.05,-0.049,-0.031,0.948,0,39.82736282644038,32.0,36.74251581411332,-1.0,11.0
4050,2026-05-11 22:00:34.600000+00:00,52.1601183,21.1699623,95.5,39.64,-0.055,-0.042,0.992,0,39.82844552442119,32.0,42.233134469529254,-1.0,11.0
4055,2026-05-11 22:00:35.100000+00:00,52.1601515,21.1699031,95.4,38.93,-0.046,-0.037,0.958,0,39.393742429439584,32.0,47.67561562345329,-1.0,11.0
4060,2026-05-11 22:00:35.600000+00:00,52.1601865,21.1698427,95.4,40.84,-0.053,-0.038,0.975,0,40.806489945052206,32.0,53.326822294255,-1.0,11.0
4065,2026-05-11 22:00:36.100000+00:00,52.1602203,21.1697806,95.3,40.19,-0.056,-0.029,0.958,0,40.773555170853065,32.0,58.96265230383882,-1.0,11.0
4070,2026-05-11 22:00:36.600000+00:00,52.1602542,21.1697194,95.3,40.45,-0.06,-0.028,0.961,0,40.497571749639384,32.0,64.56901502916631,-1.0,11.0
4075,2026-05-11 22:00:37.100000+00:00,52.1602883,21.1696576,95.4,40.55,-0.054,-0.03,0.978,0,40.82365205443276,32.0,70.22269890546451,-1.0,11.0
4080,2026-05-11 22:00:37.600000+00:00,52.1603223,21.1695959,95.5,40.87,-0.057,-0.028,0.954,0,40.73358820419008,32.0,75.86608029814853,-1.0,11.0
4085,2026-05-11 22:00:38.100000+00:00,52.1603565,21.1695338,95.5,40.56,-0.064,-0.042,0.984,0,40.98672211231982,,81.54639234420301,-1.0,11.0
4090,2026-05-11 22:00:38.600000+00:00,52.1603909,21.1694729,95.4,40.65,-0.055,-0.035,0.973,0,40.658347062656595,,87.18658006357056,-1.0,11.0
4095,2026-05-11 22:00:39.100000+00:00,52.1604255,21.1694114,95.4,41.05,-0.056,-0.031,0.956,0,40.98365132636738,,92.87221483158497,-1.0,11.0
4100,2026-05-11 22:00:39.600000+00:00,52.1604598,21.1693513,95.4,40.52,-0.064,-0.028,0.98,0,40.31557730348942,,98.46752123446642,-1.0,11.0
4105,2026-05-11 22:00:40.100000+00:00,52.1604942,21.1692911,95.3,40.64,-0.048,-0.041,0.959,0,40.406059274734595,,104.07594744689943,-1.0,11.0
4110,2026-05-11 22:00:40.600000+00:00,52.1605287,21.1692303,95.2,40.65,-0.065,-0.06,0.978,0,40.67648432119735,,109.72159462615049,-1.0,11.0
4115,2026-05-11 22:00:41.100000+00:00,52.1605631,21.1691691,95.2,40.83,-0.053,-0.045,0.961,0,40.76677290455767,,115.37917919443487,-1.0,11.0
4120,2026-05-11 22:00:41.600000+00:00,52.1605984,21.1691082,95.2,40.94,-0.06,-0.054,0.965,0,41.149734556332035,,121.09292823613104,-1.0,11.0
4125,2026-05-11 22:00:42.100000+00:00,52.1606344,21.1690476,95.3,41.3,-0.055,-0.054,0.958,0,41.430638004063404,,126.84690733455943,-1.0,11.0
4130,2026-05-11 22:00:42.600000+00:00,52.1606708,21.1689874,95.3,41.12,-0.063,-0.075,0.985,0,41.5138952894529,,132.612724623499,-1.0,11.0
4135,2026-05-11 22:00:43.100000+00:00,52.1607079,21.168929,95.2,41.34,-0.064,-0.083,0.963,0,41.290273031400275,,138.34590247869704,-1.0,11.0
4140,2026-05-11 22:00:43.600000+00:00,52.1607454,21.1688715,95.2,41.35,-0.061,-0.085,0.96,0,41.21712404604497,,144.0669189231367,-1.0,11.0
4145,2026-05-11 22:00:44.100000+00:00,52.1607832,21.1688149,95.2,41.22,-0.069,-0.055,0.975,0,41.09208935437062,,149.7682144635711,-1.0,11.0
4150,2026-05-11 22:00:44.600000+00:00,52.1608204,21.1687586,95.2,41.03,-0.063,-0.008,0.97,0,40.63920965958045,,155.4083229174069,-1.0,11.0
4155,2026-05-11 22:00:45.100000+00:00,52.160857,21.1687016,95.1,40.89,-0.069,0.004,0.969,0,40.525204624621836,,161.03529688581287,-1.0,11.0
4160,2026-05-11 22:00:45.600000+00:00,52.1608929,21.1686436,95.0,40.64,-0.066,0.019,0.965,0,40.46604274037519,,166.65552466080212,-1.0,11.0
4165,2026-05-11 22:00:46.100000+00:00,52.1609282,21.1685847,95.1,40.07,-0.076,0.003,0.978,0,40.44124758280129,,172.271990268338,-1.0,11.0
4170,2026-05-11 22:00:46.600000+00:00,52.1609629,21.1685263,95.0,40.24,-0.073,-0.005,0.979,0,39.930263312994605,,177.81720123615028,-1.0,11.0
4175,2026-05-11 22:00:47.100000+00:00,52.1609967,21.1684679,94.9,39.51,-0.066,-0.019,0.968,0,39.43233588412197,,183.29178743242213,-1.0,11.0
4180,2026-05-11 22:00:47.600000+00:00,52.1610299,21.1684092,94.8,39.29,-0.073,-0.003,0.973,0,39.21242867860335,,181.8993891189594,-1.0,11.0
4185,2026-05-11 22:00:48.100000+00:00,52.161063,21.1683516,94.6,39.05,-0.058,-0.03,0.911,0,38.762178231592465,,176.55428876607067,-1.0,11.0
4190,2026-05-11 22:00:48.600000+00:00,52.1610952,21.1682932,94.5,38.81,-0.072,0.016,1.0,0,38.56448419729579,,171.2262170106603,-1.0,11.0
4195,2026-05-11 22:00:49.100000+00:00,52.1611274,21.1682356,94.4,38.73,-0.06,-0.029,0.938,0,38.273157205848314,,165.94422381913532,-1.0,11.0
4200,2026-05-11 22:00:49.600000+00:00,52.1611588,21.1681768,94.4,38.52,-0.052,-0.031,0.996,0,38.28723462421474,,160.6496601280399,-1.0,11.0
4205,2026-05-11 22:00:50.100000+00:00,52.1611904,21.1681184,94.3,38.43,-0.049,-0.021,0.964,0,38.24499621510026,,155.36602524910535,-1.0,11.0
4210,2026-05-11 22:00:50.600000+00:00,52.161222,21.1680594,94.3,38.94,-0.038,-0.028,0.963,0,38.46646425564641,,150.05094002341733,-1.0,11.0
4215,2026-05-11 22:00:51.100000+00:00,52.1612538,21.168,94.3,38.78,-0.04,-0.019,0.973,0,38.71974249194093,,144.7027754932121,-1.0,11.0
4220,2026-05-11 22:00:51.600000+00:00,52.1612858,21.1679395,94.3,39.47,-0.028,-0.029,0.969,0,39.232742348483825,,139.2825672797233,-1.0,11.0
4225,2026-05-11 22:00:52.100000+00:00,52.1613184,21.1678789,94.4,40.09,-0.028,-0.034,0.971,0,39.584991845304884,,133.82128154866137,-1.0,11.0
4230,2026-05-11 22:00:52.600000+00:00,52.1613515,21.1678176,94.4,40.73,-0.023,-0.056,0.956,0,40.10745184846091,,128.29238297478963,-1.0,11.0
4235,2026-05-11 22:00:53.100000+00:00,52.1613854,21.1677562,94.4,40.76,-0.029,-0.05,0.989,0,40.569959771126484,,122.71201975993631,-1.0,11.0
4240,2026-05-11 22:00:53.600000+00:00,52.1614198,21.1676942,94.4,41.31,-0.029,-0.035,0.95,0,41.0568837391179,,117.07207143946323,-1.0,11.0
4245,2026-05-11 22:00:54.100000+00:00,52.1614542,21.1676316,94.4,41.34,-0.055,-0.007,0.977,0,41.27588136401433,,111.40415512500948,-1.0,11.0
4250,2026-05-11 22:00:54.600000+00:00,52.1614883,21.1675689,94.4,41.22,-0.051,-0.026,0.971,0,41.152731494176024,,105.75542713361216,-1.0,11.0
4255,2026-05-11 22:00:55.100000+00:00,52.1615221,21.1675055,94.5,40.99,-0.065,-0.02,0.983,0,41.252636837011934,,100.09153433798042,-1.0,11.0
4260,2026-05-11 22:00:55.600000+00:00,52.1615555,21.1674422,94.5,40.86,-0.07,-0.023,0.94,0,41.00601697769506,,94.46464370415077,-1.0,11.0
4265,2026-05-11 22:00:56.100000+00:00,52.1615884,21.1673786,94.6,40.49,-0.08,-0.022,0.981,0,40.858614723354094,,88.85755021295144,-1.0,11.0
4270,2026-05-11 22:00:56.600000+00:00,52.1616207,21.1673156,94.6,40.19,-0.065,-0.01,0.934,0,40.32404948023049,,83.32869384714462,-1.0,11.0
4275,2026-05-11 22:00:57.100000+00:00,52.1616525,21.167254,94.6,39.46,-0.094,0.01,0.993,0,39.53998074328687,31.0,77.92059503150561,-1.0,11.0
4280,2026-05-11 22:00:57.600000+00:00,52.1616838,21.1671921,94.7,39.41,-0.063,0.0,0.964,0,39.39698811461497,31.0,72.5340881865319,-1.0,11.0
4285,2026-05-11 22:00:58.100000+00:00,52.1617141,21.1671285,94.8,39.31,-0.072,0.03,0.964,0,39.54867012953455,31.0,67.11175314637083,-1.0,11.0
4290,2026-05-11 22:00:58.600000+00:00,52.1617434,21.1670654,94.7,38.78,-0.079,0.033,0.978,0,38.86662595973817,31.0,61.783447916022865,-1.0,11.0
4295,2026-05-11 22:00:59.100000+00:00,52.1617716,21.1670013,94.7,38.6,-0.067,0.011,0.974,0,38.739546691134656,31.0,56.46233736222411,-1.0,11.0
4300,2026-05-11 22:00:59.600000+00:00,52.1617983,21.1669368,94.7,38.42,-0.065,0.018,0.96,0,38.21485112115563,31.0,51.20193192513699,-1.0,11.0
4305,2026-05-11 22:01:00.100000+00:00,52.1618238,21.1668708,94.6,38.47,-0.065,0.006,0.969,0,38.307149102229964,31.0,45.91649786489489,-1.0,11.0
4310,2026-05-11 22:01:00.600000+00:00,52.1618487,21.1668048,94.6,38.35,-0.06,-0.009,0.976,0,38.05330042481464,31.0,40.667757544813014,-1.0,11.0
4315,2026-05-11 22:01:01.100000+00:00,52.161874,21.1667377,94.6,38.78,-0.069,-0.011,0.967,0,38.68121642114535,31.0,35.34333831247249,-1.0,11.0
4320,2026-05-11 22:01:01.600000+00:00,52.1618988,21.1666708,94.6,38.45,-0.071,-0.018,0.965,0,38.3889965431703,31.0,30.069432918620677,-1.0,11.0
4325,2026-05-11 22:01:02.100000+00:00,52.1619236,21.1666038,94.6,38.77,-0.054,-0.045,0.961,0,38.43102199177807,31.0,24.8138747995867,-1.0,11.0
4330,2026-05-11 22:01:02.600000+00:00,52.1619487,21.166537,94.5,38.8,-0.054,-0.041,0.974,0,38.47184853747745,31.0,19.60604174896783,-1.0,11.0
4335,2026-05-11 22:01:03.100000+00:00,52.1619742,21.1664698,94.5,39.07,-0.039,-0.038,0.962,0,38.806997722280805,31.0,14.461537784099184,-1.0,11.0
4340,2026-05-11 22:01:03.600000+00:00,52.1619998,21.1664018,94.4,39.53,-0.039,-0.032,0.966,0,39.18347490767536,31.0,9.53584150245775,-1.0,11.0
4345,2026-05-11 22:01:04.100000+00:00,52.1620258,21.1663332,94.3,39.93,-0.036,-0.036,0.974,0,39.60228769586765,31.0,5.64061599417112,-1.0,11.0
4350,2026-05-11 22:01:04.600000+00:00,52.162052,21.1662637,94.2,40.63,-0.036,-0.04,0.965,0,40.06256958487407,31.0,5.783298802838593,-1.0,11.0
4355,2026-05-11 22:01:05.100000+00:00,52.1620786,21.1661935,94.2,40.6,-0.046,-0.03,0.976,0,40.52322275982,31.0,9.910480801843175,-1.0,11.0
4360,2026-05-11 22:01:05.600000+00:00,52.1621056,21.1661227,94.2,41.26,-0.042,-0.021,0.98,0,40.94236657106131,31.0,15.10500500668265,-1.0,11.0
4365,2026-05-11 22:01:06.100000+00:00,52.1621322,21.1660516,94.1,41.31,-0.044,-0.04,0.953,0,40.89989224217357,31.0,20.54393327457204,-1.0,11.0
4370,2026-05-11 22:01:06.600000+00:00,52.1621593,21.1659799,94.0,41.67,-0.064,-0.037,0.967,0,41.36030714703449,31.0,26.153816510408504,-1.0,11.0
4375,2026-05-11 22:01:07.100000+00:00,52.1621865,21.1659083,93.9,41.39,-0.073,-0.028,0.979,0,41.36058096336622,31.0,31.813850888235333,-1.0,11.0
4380,2026-05-11 22:01:07.600000+00:00,52.1622137,21.1658371,93.9,41.08,-0.073,-0.029,0.945,0,41.19368002802412,31.0,37.47848516493782,-1.0,11.0
4385,2026-05-11 22:01:08.100000+00:00,52.1622407,21.1657666,93.8,40.7,-0.08,-0.036,0.968,0,40.817225958344956,31.0,43.10684311761508,-1.0,11.0
4390,2026-05-11 22:01:08.600000+00:00,52.1622674,21.1656969,93.7,40.36,-0.076,-0.022,0.992,0,40.35674079612374,31.0,48.681051278080425,-1.0,11.0
4395,2026-05-11 22:01:09.100000+00:00,52.1622938,21.1656274,93.6,40.17,-0.07,-0.025,0.972,0,40.14647916027263,31.0,54.230635755408706,-1.0,11.0
4400,2026-05-11 22:01:09.600000+00:00,52.1623204,21.1655575,93.6,40.2,-0.063,-0.026,0.974,0,40.3977898758133,31.0,59.820277822265375,-1.0,11.0
4405,2026-05-11 22:01:10.100000+00:00,52.1623474,21.1654883,93.6,39.86,-0.062,-0.036,0.964,0,40.277011042813534,31.0,65.40125227397324,-1.0,11.0
4410,2026-05-11 22:01:10.600000+00:00,52.1623739,21.1654192,93.7,39.55,-0.071,-0.036,0.978,0,40.02192816266284,31.0,70.94616015638834,-1.0,11.0
4415,2026-05-11 22:01:11.100000+00:00,52.1624004,21.1653506,93.7,39.58,-0.062,-0.039,0.965,0,39.813910268592345,31.0,76.46532363058625,-1.0,11.0
4420,2026-05-11 22:01:11.600000+00:00,52.1624268,21.1652825,93.8,39.27,-0.073,-0.035,0.975,0,39.56349447036142,,81.95166208541983,-1.0,11.0
4425,2026-05-11 22:01:12.100000+00:00,52.1624529,21.1652152,93.8,38.96,-0.052,-0.036,0.951,0,39.103042775936316,,87.37525837087803,-1.0,11.0
4430,2026-05-11 22:01:12.600000+00:00,52.162479,21.1651477,93.8,38.74,-0.062,-0.028,0.982,0,39.18608330196008,,92.81088777922211,-1.0,11.0
4435,2026-05-11 22:01:13.100000+00:00,52.1625048,21.1650806,93.9,38.58,-0.063,-0.032,0.964,0,38.89193246520161,,98.20582208707488,-1.0,11.0
4440,2026-05-11 22:01:13.600000+00:00,52.1625306,21.165014,93.9,38.38,-0.064,-0.034,0.971,0,38.68407571457769,,103.57342264177754,-1.0,11.0
4445,2026-05-11 22:01:14.100000+00:00,52.1625564,21.1649476,93.9,38.42,-0.054,-0.035,0.963,0,38.60104755699221,,108.93030434686173,-1.0,11.0
4450,2026-05-11 22:01:14.600000+00:00,52.1625825,21.1648815,93.8,38.47,-0.059,-0.035,0.975,0,38.60611686163532,,114.28963300433352,-1.0,11.0
4455,2026-05-11 22:01:15.100000+00:00,52.1626085,21.1648154,93.7,38.54,-0.046,-0.036,0.966,0,38.56282656740824,,119.64290675907196,-1.0,11.0
4460,2026-05-11 22:01:15.600000+00:00,52.1626343,21.1647489,93.7,38.6,-0.052,-0.034,0.97,0,38.64249639016557,,125.00638193434811,-1.0,11.0
4465,2026-05-11 22:01:16.100000+00:00,52.1626601,21.1646822,93.7,38.71,-0.054,-0.034,0.972,0,38.725527874491384,,130.38142096378513,-1.0,11.0
4470,2026-05-11 22:01:16.600000+00:00,52.162686,21.1646156,93.7,38.89,-0.044,-0.04,0.964,0,38.72678709994092,,135.75734042370806,-1.0,11.0
4475,2026-05-11 22:01:17.100000+00:00,52.1627116,21.1645484,93.8,38.93,-0.04,-0.035,0.969,0,38.84871061264698,,141.14865270289445,-1.0,11.0
4480,2026-05-11 22:01:17.600000+00:00,52.1627375,21.1644812,93.8,39.19,-0.04,-0.034,0.966,0,38.97594103171434,,146.55894520974647,-1.0,11.0
4485,2026-05-11 22:01:18.100000+00:00,52.1627634,21.1644138,93.7,39.44,-0.038,-0.023,0.963,0,39.05912739775865,,151.98076723702442,-1.0,11.0
4490,2026-05-11 22:01:18.600000+00:00,52.1627895,21.1643459,93.7,39.73,-0.041,-0.012,0.979,0,39.35220954943222,,157.44350888299525,-1.0,11.0
4495,2026-05-11 22:01:19.100000+00:00,52.162815,21.1642762,93.7,40.02,-0.043,0.027,0.971,0,39.855834651785045,,162.97133809799627,-1.0,11.0
4500,2026-05-11 22:01:19.600000+00:00,52.1628399,21.1642057,93.8,40.2,-0.04,0.019,0.975,0,39.95190511143802,,168.50809354695332,-1.0,11.0
4505,2026-05-11 22:01:20.100000+00:00,52.1628639,21.1641343,93.9,40.24,-0.044,0.026,0.964,0,39.98432429392818,,174.0415355661212,-1.0,11.0
4510,2026-05-11 22:01:20.600000+00:00,52.1628868,21.1640616,93.9,40.26,-0.058,0.04,0.976,0,40.1355022330539,,179.58309215272877,-1.0,11.0
4515,2026-05-11 22:01:21.100000+00:00,52.1629081,21.1639882,94.0,40.2,-0.054,0.05,0.976,0,39.87723748645839,,185.06948006167806,-1.0,11.0
4520,2026-05-11 22:01:21.600000+00:00,52.162928,21.1639133,94.0,40.22,-0.048,0.053,0.961,0,40.0858244695788,,190.56051166979597,-1.0,11.0
4525,2026-05-11 22:01:22.100000+00:00,52.1629468,21.1638376,94.1,40.06,-0.053,0.055,0.976,0,40.107905028264284,,196.03615426241592,-1.0,11.0
4530,2026-05-11 22:01:22.600000+00:00,52.1629641,21.1637611,94.2,39.9,-0.055,0.051,0.969,0,40.04124285380148,,201.47438130752187,-1.0,11.0
4535,2026-05-11 22:01:23.100000+00:00,52.1629801,21.1636838,94.3,40.14,-0.055,0.046,0.974,0,40.0652949594137,,206.88933347036377,-1.0,11.0
4540,2026-05-11 22:01:23.600000+00:00,52.1629949,21.1636063,94.3,39.79,-0.052,0.041,0.962,0,39.8623104511172,,212.2540893485437,-1.0,11.0
4545,2026-05-11 22:01:24.100000+00:00,52.1630085,21.1635284,94.4,39.75,-0.054,0.03,0.976,0,39.776257869304544,,217.58201922396236,-1.0,11.0
4550,2026-05-11 22:01:24.600000+00:00,52.163021,21.1634499,94.4,39.63,-0.056,0.024,0.975,0,39.82938995629767,,222.89240283291394,-1.0,11.0
4555,2026-05-11 22:01:25.100000+00:00,52.1630321,21.1633712,94.5,39.91,-0.052,0.032,0.961,0,39.65835080659286,,228.14675046111086,-1.0,11.0
4560,2026-05-11 22:01:25.600000+00:00,52.1630419,21.1632913,94.5,39.8,-0.054,0.038,0.961,0,40.01588345235363,,233.4120510375831,-1.0,11.0
4565,2026-05-11 22:01:26.100000+00:00,52.1630504,21.1632111,94.6,39.75,-0.064,0.027,0.98,0,39.97006023125635,,238.63767185025105,-1.0,11.0
4570,2026-05-11 22:01:26.600000+00:00,52.1630581,21.1631309,94.6,39.88,-0.055,0.034,0.962,0,39.86600346121661,,243.83475646160628,-1.0,11.0
4575,2026-05-11 22:01:27.100000+00:00,52.1630644,21.1630499,94.6,40.11,-0.056,0.026,0.958,0,40.097851495243,,247.6955758252061,-1.0,11.0
4580,2026-05-11 22:01:27.600000+00:00,52.1630691,21.1629692,94.6,39.67,-0.057,0.032,0.965,0,39.8102568182356,,243.11134718948261,-1.0,11.0
4585,2026-05-11 22:01:28.100000+00:00,52.1630733,21.1628873,94.6,40.13,-0.062,0.028,0.968,0,40.361657858512864,,238.54111526797433,-1.0,11.0
4590,2026-05-11 22:01:28.600000+00:00,52.1630769,21.1628048,94.5,40.51,-0.061,0.029,0.968,0,40.618390400828375,,234.02928903885078,-1.0,11.0
4595,2026-05-11 22:01:29.100000+00:00,52.1630791,21.1627212,94.3,40.45,-0.06,0.025,0.975,0,41.09397991624523,,229.6165499696689,-1.0,11.0
4600,2026-05-11 22:01:29.600000+00:00,52.1630808,21.162639,94.2,40.27,-0.064,0.019,0.962,0,40.39160731600057,,225.36965547089338,-1.0,11.0
4605,2026-05-11 22:01:30.100000+00:00,52.1630811,21.1625568,94.2,40.3,-0.074,0.012,0.971,0,40.36938398851888,,221.29196887071834,-1.0,11.0
4610,2026-05-11 22:01:30.600000+00:00,52.1630789,21.1624742,94.4,40.24,-0.071,-0.003,0.973,0,40.60333178675612,,217.46059011060726,-1.0,11.0
4615,2026-05-11 22:01:31.100000+00:00,52.1630775,21.1623925,94.5,39.83,-0.089,-0.014,0.961,0,40.13877288019665,,213.68732364138125,-1.0,11.0
4620,2026-05-11 22:01:31.600000+00:00,52.1630751,21.1623118,94.9,38.58,-0.144,-0.038,0.967,0,39.67856978384165,,210.1223213645437,-1.0,11.0
4625,2026-05-11 22:01:32.100000+00:00,52.1630751,21.1622347,94.9,37.53,-0.138,-0.049,0.967,0,37.864048993668526,,206.60492958319327,-1.0,11.0
4630,2026-05-11 22:01:32.600000+00:00,52.1630745,21.16216,94.9,36.08,-0.145,-0.014,0.976,0,36.688546616978634,,203.3195946230243,-1.0,11.0
4635,2026-05-11 22:01:33.100000+00:00,52.1630745,21.1620878,94.9,35.15,-0.139,-0.032,0.977,0,35.45764428303568,,200.16631390205666,-1.0,11.0
4640,2026-05-11 22:01:33.600000+00:00,52.1630746,21.162019,94.8,33.67,0.017,-0.013,0.899,0,33.7879885314801,,197.22030469417922,-1.0,11.0
4645,2026-05-11 22:01:34.100000+00:00,52.1630743,21.1619514,94.7,33.2,-0.115,-0.006,0.977,0,33.19943883471152,,194.42783831740786,-1.0,11.0
4650,2026-05-11 22:01:34.600000+00:00,52.1630741,21.161885,94.6,32.66,-0.1,-0.037,0.95,0,32.60963959971919,,191.7447967240401,-1.0,11.0
4655,2026-05-11 22:01:35.100000+00:00,52.1630739,21.1618198,94.5,31.83,-0.126,-0.039,0.97,0,32.020323248925166,,189.1790647391051,-1.0,11.0
4660,2026-05-11 22:01:35.600000+00:00,52.1630739,21.1617567,94.5,30.64,-0.106,-0.038,0.971,0,30.988606430342223,,186.74538913294288,-1.0,11.0
4665,2026-05-11 22:01:36.100000+00:00,52.163074,21.1616936,94.6,30.42,-0.089,-0.031,0.983,0,30.988709816533753,,184.3707191543193,-1.0,11.0
4670,2026-05-11 22:01:36.600000+00:00,52.163074,21.1616315,94.6,30.39,-0.08,-0.051,0.962,0,30.49750324998481,,182.11209197567675,-1.0,11.0
4675,2026-05-11 22:01:37.100000+00:00,52.1630753,21.1615709,94.6,29.82,-0.083,-0.059,0.971,0,29.7790415339507,,179.85232837079073,-1.0,11.0
4680,2026-05-11 22:01:37.600000+00:00,52.1630768,21.1615106,94.6,29.55,-0.084,-0.046,0.967,0,29.63785619877193,,177.65081140290485,-1.0,11.0
4685,2026-05-11 22:01:38.100000+00:00,52.1630788,21.1614511,94.5,29.38,-0.073,-0.053,0.962,0,29.26447055595682,,175.49517471528412,-1.0,11.0
4690,2026-05-11 22:01:38.600000+00:00,52.1630819,21.1613918,94.5,29.4,-0.075,-0.096,0.968,0,29.227974080908165,,173.30546484696066,-1.0,11.0
4695,2026-05-11 22:01:39.100000+00:00,52.1630879,21.1613327,94.5,28.99,-0.081,-0.125,0.968,0,29.41901073814628,,170.9003964354182,-1.0,11.0
4700,2026-05-11 22:01:39.600000+00:00,52.1630963,21.161275,94.4,28.75,-0.077,-0.163,0.96,0,29.123729331404643,,168.35860461538866,-1.0,11.0
4705,2026-05-11 22:01:40.100000+00:00,52.1631071,21.161219,94.4,29.08,-0.071,-0.178,0.966,0,28.828959590563304,,165.67983557792215,-1.0,11.0
4710,2026-05-11 22:01:40.600000+00:00,52.1631211,21.1611639,94.4,29.09,-0.065,-0.186,0.954,0,29.28924330678727,,162.75185833881716,-1.0,11.0
4715,2026-05-11 22:01:41.100000+00:00,52.1631387,21.1611107,94.5,29.35,-0.082,-0.236,0.95,0,29.684130210931322,,159.55148604066304,-1.0,11.0
4720,2026-05-11 22:01:41.600000+00:00,52.1631597,21.1610622,94.5,29.38,-0.101,-0.224,0.943,0,29.154502900997088,,156.1580271607263,-1.0,11.0
4725,2026-05-11 22:01:42.100000+00:00,52.1631836,21.1610177,94.6,28.96,-0.097,-0.22,0.972,0,29.046948721852406,,152.59031598785114,-1.0,11.0
4730,2026-05-11 22:01:42.600000+00:00,52.1632097,21.160978,94.7,28.85,-0.086,-0.218,0.936,0,28.578930296366682,,148.92822163818968,-1.0,11.0
4735,2026-05-11 22:01:43.100000+00:00,52.163238,21.160941,94.8,29.03,-0.062,-0.217,0.953,0,29.04340706801768,,145.11302076415882,-1.0,11.0
4740,2026-05-11 22:01:43.600000+00:00,52.1632691,21.1609078,95.0,29.9,-0.059,-0.178,0.952,0,29.76217806507561,,141.10029913568113,-1.0,11.0
4745,2026-05-11 22:01:44.100000+00:00,52.1632995,21.1608722,95.4,30.07,-0.05,-0.124,0.966,0,29.9669306415656,,137.11610773051356,-1.0,11.0
4750,2026-05-11 22:01:44.600000+00:00,52.1633326,21.1608421,95.8,29.94,-0.028,-0.141,0.963,0,30.344024765482555,,132.97477534252175,-1.0,11.0
4755,2026-05-11 22:01:45.100000+00:00,52.1633674,21.1608154,96.3,30.12,-0.027,-0.144,0.947,0,30.79236366097175,,128.73010506781873,-1.0,11.0
4760,2026-05-11 22:01:45.600000+00:00,52.1633982,21.1607906,96.7,27.13,-0.017,-0.063,0.956,0,27.50237430493577,,124.95072845717604,-1.0,11.0
4765,2026-05-11 22:01:46.100000+00:00,52.1634246,21.1607724,97.0,22.99,-0.016,-0.022,0.981,0,22.948106882907116,,121.77645664800883,-1.0,11.0
4770,2026-05-11 22:01:46.600000+00:00,52.1634489,21.1607516,97.4,22.9,-0.003,-0.047,0.979,0,21.973332934517156,,118.77230698517197,-1.0,11.0
4775,2026-05-11 22:01:47.100000+00:00,52.1634708,21.1607222,97.9,21.93,-0.003,-0.064,0.957,0,22.71295563008125,,115.8543314977464,-1.0,11.0
4780,2026-05-11 22:01:47.600000+00:00,52.1634972,21.1606975,98.2,24.15,-0.024,-0.049,0.971,0,24.369402632219355,,112.55912043458622,-1.0,11.0
4785,2026-05-11 22:01:48.100000+00:00,52.1635328,21.1606774,98.6,27.67,-0.078,-0.037,0.966,0,30.162438288493814,,108.37453280541443,-1.0,11.0
4790,2026-05-11 22:01:48.600000+00:00,52.1635762,21.1606548,99.1,31.56,-0.079,-0.031,0.967,0,36.475764023438295,,103.30995266176735,-1.0,11.0
4795,2026-05-11 22:01:49.100000+00:00,52.1636079,21.1606146,99.5,31.16,-0.079,-0.034,0.964,0,32.15355903118184,,99.17114998685771,-1.0,11.0
4800,2026-05-11 22:01:49.600000+00:00,52.1636395,21.1605926,99.8,29.48,-0.081,-0.029,0.963,0,27.50949401928623,,95.38702513541233,-1.0,11.0
4805,2026-05-11 22:01:50.100000+00:00,52.1636736,21.1605757,100.2,28.79,-0.08,-0.03,0.964,0,28.534257382127844,,91.42616509729821,-1.0,11.0
4810,2026-05-11 22:01:50.600000+00:00,52.1637162,21.1605644,100.4,32.08,-0.073,-0.035,0.968,0,34.554232963421164,,86.65204110363727,-1.0,11.0
4815,2026-05-11 22:01:51.100000+00:00,52.1637557,21.1605522,100.6,31.31,-0.035,-0.037,0.962,0,32.18638805112253,,82.19645258853458,-1.0,11.0
4820,2026-05-11 22:01:51.600000+00:00,52.1637756,21.1605167,100.9,25.94,-0.041,-0.051,0.963,0,23.617142442812693,30.0,79.43593873097191,-1.0,11.0
4825,2026-05-11 22:01:52.100000+00:00,52.163805,21.1604933,100.6,26.37,-0.038,-0.044,0.962,0,26.193182559731902,30.0,75.87813671356025,-1.0,11.0
4830,2026-05-11 22:01:52.600000+00:00,52.1638525,21.1604606,100.5,31.37,-0.038,-0.061,0.965,0,41.28031483175335,30.0,70.22454313115948,-1.0,11.0
4835,2026-05-11 22:01:53.100000+00:00,52.1639054,21.1604161,99.3,33.31,-0.032,-0.064,0.966,0,47.65783612062246,30.0,63.83304266808819,-1.0,11.0
4840,2026-05-11 22:01:53.600000+00:00,52.1639635,21.1603725,98.4,34.63,-0.025,-0.063,0.963,0,51.20655308362856,30.0,56.93361382019296,-1.0,11.0
4845,2026-05-11 22:01:54.100000+00:00,52.1640177,21.1603362,98.1,35.21,-0.033,-0.076,0.968,0,46.91180546608619,30.0,50.592312252164675,-1.0,11.0
4850,2026-05-11 22:01:54.600000+00:00,52.1640653,21.1603078,97.7,35.86,-0.037,-0.106,0.957,0,40.58071526331621,30.0,45.09152761334243,-1.0,11.0
4855,2026-05-11 22:01:55.100000+00:00,52.1641186,21.1602744,97.7,36.36,-0.043,-0.139,0.963,0,45.71602181899184,30.0,38.96935652441591,-1.0,11.0
4860,2026-05-11 22:01:55.600000+00:00,52.1641695,21.1602481,97.8,36.74,-0.055,-0.15,0.974,0,42.748523390135645,30.0,33.21463671960425,-1.0,11.0
4865,2026-05-11 22:01:56.100000+00:00,52.1642173,21.1602302,97.6,37.3,-0.052,-0.156,0.956,0,39.26547966393666,30.0,27.876571447506223,-1.0,11.0
4870,2026-05-11 22:01:56.600000+00:00,52.1642654,21.1602172,97.4,37.74,-0.053,-0.145,0.976,0,39.03463621767107,30.0,22.545002687613273,-1.0,11.0
4875,2026-05-11 22:01:57.100000+00:00,52.1643142,21.1602102,96.8,37.99,-0.046,-0.148,0.96,0,39.22039219361592,30.0,17.155019745185832,-1.0,11.0
4880,2026-05-11 22:01:57.600000+00:00,52.1643637,21.1602076,96.5,38.58,-0.051,-0.139,0.955,0,39.65043559762127,30.0,11.697833417537518,-1.0,11.0
4885,2026-05-11 22:01:58.100000+00:00,52.1644137,21.160207,96.2,38.08,-0.07,-0.118,0.969,0,40.03125801070357,30.0,6.238352085590733,-1.0,11.0
4890,2026-05-11 22:01:58.600000+00:00,52.1644634,21.1602093,96.0,37.89,-0.074,-0.088,0.965,0,39.806020694881795,30.0,1.5016745061741268,-1.0,11.0
4895,2026-05-11 22:01:59.100000+00:00,52.1645139,21.1602129,95.9,37.81,-0.075,-0.048,0.968,0,40.469109928995934,30.0,5.235416664179525,-1.0,11.0
4900,2026-05-11 22:01:59.600000+00:00,52.1645644,21.1602161,95.6,37.14,-0.068,-0.045,0.967,0,40.46100442639312,30.0,10.761035870538928,-1.0,11.0
4905,2026-05-11 22:02:00.100000+00:00,52.1646129,21.1602187,95.1,36.78,-0.069,-0.043,0.969,0,38.85025565500251,30.0,16.13056857989447,-1.0,11.0
4910,2026-05-11 22:02:00.600000+00:00,52.1646604,21.1602208,94.6,36.42,-0.071,-0.041,0.969,0,38.042645727378726,30.0,21.403104431042724,-1.0,11.0
4915,2026-05-11 22:02:01.100000+00:00,52.1647078,21.160223,94.2,36.41,-0.061,-0.049,0.959,0,37.963980640828815,30.0,26.66881754153357,-1.0,11.0
4920,2026-05-11 22:02:01.600000+00:00,52.1647555,21.1602245,93.8,35.91,-0.061,-0.044,0.973,0,38.1958893827541,30.0,31.97074234895512,-1.0,11.0
4925,2026-05-11 22:02:02.100000+00:00,52.1648025,21.1602261,93.4,35.81,-0.063,-0.04,0.956,0,37.636565926191054,30.0,37.19565414203983,-1.0,11.0
4930,2026-05-11 22:02:02.600000+00:00,52.1648487,21.1602271,93.1,35.45,-0.062,-0.043,0.981,0,36.99114028607858,30.0,42.33237068333075,-1.0,11.0
4935,2026-05-11 22:02:03.100000+00:00,52.1648947,21.1602276,92.7,35.28,-0.063,-0.054,0.955,0,36.82857824309684,30.0,47.4471575779562,-1.0,11.0
4940,2026-05-11 22:02:03.600000+00:00,52.1649421,21.1602362,92.1,35.03,-0.068,-0.045,0.977,0,38.18288818664882,30.0,52.71921077700567,-1.0,11.0
4945,2026-05-11 22:02:04.100000+00:00,52.1649883,21.160241,91.8,34.83,-0.063,-0.043,0.965,0,37.06291493542382,30.0,57.85958492449165,-1.0,11.0
4950,2026-05-11 22:02:04.600000+00:00,52.165033,21.1602422,91.6,34.55,-0.055,-0.052,0.964,0,35.79182680357041,30.0,62.83064397627459,-1.0,11.0
4955,2026-05-11 22:02:05.100000+00:00,52.1650773,21.1602432,91.3,34.55,-0.058,-0.047,0.973,0,35.470133453010355,30.0,67.75705057500335,-1.0,11.0
4960,2026-05-11 22:02:05.600000+00:00,52.1651213,21.1602447,91.1,34.62,-0.053,-0.045,0.963,0,35.23425364976163,30.0,72.65056441471941,-1.0,11.0
4965,2026-05-11 22:02:06.100000+00:00,52.1651648,21.1602455,90.9,34.17,-0.07,-0.034,0.972,0,34.82846684499149,30.0,77.48783706399165,-1.0,11.0
4970,2026-05-11 22:02:06.600000+00:00,52.1652076,21.1602448,90.8,33.79,-0.078,-0.009,0.973,0,34.267552838218045,,82.24596274433384,-1.0,11.0
4975,2026-05-11 22:02:07.100000+00:00,52.1652501,21.1602442,90.6,33.17,-0.074,0.008,0.963,0,34.026923287636855,,86.97094514201906,-1.0,11.0
4980,2026-05-11 22:02:07.600000+00:00,52.1652912,21.1602397,90.5,32.46,-0.089,0.036,0.98,0,32.97892507413296,,91.53805452028419,-1.0,11.0
4985,2026-05-11 22:02:08.100000+00:00,52.1653316,21.1602317,90.5,32.26,-0.061,0.052,0.962,0,32.58209704286115,,96.0280086532332,-1.0,11.0
4990,2026-05-11 22:02:08.600000+00:00,52.1653716,21.1602211,90.4,32.38,-0.051,0.062,0.967,0,32.44444384192688,,100.47756942012643,-1.0,11.0
4995,2026-05-11 22:02:09.100000+00:00,52.165411,21.1602068,90.3,32.41,-0.047,0.088,0.972,0,32.316003460167046,,104.86875484243141,-1.0,11.0
5000,2026-05-11 22:02:09.600000+00:00,52.1654501,21.1601887,90.4,32.82,-0.033,0.084,0.969,0,32.541058082634,,109.24086205312744,-1.0,11.0
5005,2026-05-11 22:02:10.100000+00:00,52.1654888,21.1601675,90.3,33.13,-0.032,0.087,0.969,0,32.685677837290854,,113.58780038337571,-1.0,11.0
5010,2026-05-11 22:02:10.600000+00:00,52.1655272,21.1601428,90.2,33.4,-0.033,0.1,0.975,0,33.049500742883225,,117.92774057811567,-1.0,11.0
5015,2026-05-11 22:02:11.100000+00:00,52.1655649,21.1601135,90.2,33.49,-0.053,0.108,0.98,0,33.43692588438691,,122.22826961988082,-1.0,11.0
5020,2026-05-11 22:02:11.600000+00:00,52.1656014,21.1600804,90.2,33.66,-0.055,0.119,0.968,0,33.43858178594958,,126.44070945487441,-1.0,11.0
5025,2026-05-11 22:02:12.100000+00:00,52.1656364,21.1600438,90.1,33.92,-0.058,0.113,0.968,0,33.29000476518843,,130.5393949116347,-1.0,11.0
5030,2026-05-11 22:02:12.600000+00:00,52.1656698,21.1600036,90.0,33.4,-0.045,0.102,0.97,0,33.23779407633675,,134.52327338613628,-1.0,11.0
5035,2026-05-11 22:02:13.100000+00:00,52.1657025,21.1599603,90.0,33.76,-0.03,0.081,0.972,0,33.727074931724815,,138.497181179452,-1.0,11.0
5040,2026-05-11 22:02:13.600000+00:00,52.1657346,21.1599137,89.9,35.06,-0.034,0.059,0.969,0,34.4112947934857,,138.4999846937481,-1.0,11.0
5045,2026-05-11 22:02:14.100000+00:00,52.1657661,21.1598649,89.9,34.79,-0.031,0.017,0.964,0,34.78922889562228,,133.75198162376378,-1.0,11.0
5050,2026-05-11 22:02:14.600000+00:00,52.1657982,21.1598147,89.9,36.22,-0.034,-0.02,0.967,0,35.611412213536894,,128.89372224767564,-1.0,11.0
5055,2026-05-11 22:02:15.100000+00:00,52.1658307,21.1597636,89.8,36.65,-0.042,-0.035,0.962,0,36.148585530419425,,123.96661501861223,-1.0,11.0
5060,2026-05-11 22:02:15.600000+00:00,52.1658633,21.1597111,89.8,36.79,-0.047,-0.038,0.966,0,36.68608345580764,,118.96216165516911,-1.0,11.0
5065,2026-05-11 22:02:16.100000+00:00,52.165896,21.1596574,89.8,37.26,-0.057,-0.025,0.971,0,37.15892414798598,,113.8915672025732,-1.0,11.0
5070,2026-05-11 22:02:16.600000+00:00,52.1659289,21.1596043,89.8,37.3,-0.06,-0.037,0.967,0,37.06401358931,,108.85147520189972,-1.0,11.0
5075,2026-05-11 22:02:17.100000+00:00,52.1659617,21.1595507,89.8,37.22,-0.066,-0.033,0.985,0,37.18056437327224,,103.79926010524848,-1.0,11.0
5080,2026-05-11 22:02:17.600000+00:00,52.1659947,21.1594975,89.8,37.3,-0.065,-0.016,0.978,0,37.15543691625522,,98.76992827522399,-1.0,11.0
5085,2026-05-11 22:02:18.100000+00:00,52.1660275,21.159444,89.8,37.35,-0.059,-0.024,0.946,0,37.145788411664924,,93.74894040869086,-1.0,11.0
5090,2026-05-11 22:02:18.600000+00:00,52.1660601,21.1593899,89.7,37.35,-0.067,-0.019,0.976,0,37.242360255117255,,88.71987830113851,-1.0,11.0
5095,2026-05-11 22:02:19.100000+00:00,52.1660926,21.159336,89.7,37.23,-0.067,-0.03,0.981,0,37.116180329863205,,83.72566793362662,-1.0,11.0
5100,2026-05-11 22:02:19.600000+00:00,52.1661242,21.1592813,89.6,37.26,-0.058,0.018,0.957,0,36.89964183025883,29.0,78.75261542777847,-1.0,11.0
5105,2026-05-11 22:02:20.100000+00:00,52.1661545,21.1592247,89.5,37.12,-0.082,0.05,0.979,0,36.891731101849224,29.0,73.75359307437385,-1.0,11.0
5110,2026-05-11 22:02:20.600000+00:00,52.1661834,21.1591669,89.5,36.76,-0.047,0.042,0.946,0,36.619399736328056,29.0,68.77105746648412,-1.0,11.0
5115,2026-05-11 22:02:21.100000+00:00,52.1662117,21.1591063,89.6,37.6,-0.072,0.037,1.004,0,37.40223217914127,29.0,63.66322893610613,-1.0,11.0
5120,2026-05-11 22:02:21.600000+00:00,52.1662394,21.1590449,89.7,38.11,-0.048,0.028,0.955,0,37.428938777302875,29.0,58.55009572979512,-1.0,11.0
5125,2026-05-11 22:02:22.100000+00:00,52.1662664,21.1589821,89.8,37.7,-0.069,0.042,0.975,0,37.66049038964292,29.0,53.39882040566922,-1.0,11.0
5130,2026-05-11 22:02:22.600000+00:00,52.1662919,21.1589194,89.8,37.8,-0.058,0.049,0.968,0,36.94332073483918,29.0,48.33743627712723,-1.0,11.0
5135,2026-05-11 22:02:23.100000+00:00,52.1663161,21.1588561,89.6,37.7,-0.067,0.046,0.975,0,36.62821061426042,29.0,43.31005757616789,-1.0,11.0
5140,2026-05-11 22:02:23.600000+00:00,52.1663394,21.1587898,89.6,37.76,-0.064,0.041,0.967,0,37.52307878288657,29.0,38.1448920809994,-1.0,11.0
5145,2026-05-11 22:02:24.100000+00:00,52.1663614,21.1587221,89.6,37.81,-0.058,0.033,0.966,0,37.62277249984779,29.0,32.95556156150403,-1.0,11.0
5150,2026-05-11 22:02:24.600000+00:00,52.1663826,21.1586564,89.5,37.83,-0.06,-0.019,0.965,0,36.455209004102656,29.0,27.937928525077076,-1.0,11.0
5155,2026-05-11 22:02:25.100000+00:00,52.1664037,21.1585907,89.3,37.96,-0.072,-0.028,0.976,0,36.417989899811786,29.0,22.94369617072646,-1.0,11.0
5160,2026-05-11 22:02:25.600000+00:00,52.1664251,21.1585238,89.3,37.67,-0.08,-0.033,0.967,0,37.05148405536309,29.0,17.897535477524926,-1.0,11.0
5165,2026-05-11 22:02:26.100000+00:00,52.1664466,21.1584567,89.2,37.45,-0.075,-0.033,0.973,0,37.17558180442161,29.0,12.915038574924214,-1.0,11.0
5170,2026-05-11 22:02:26.600000+00:00,52.166468,21.1583897,89.2,37.48,-0.075,-0.041,0.967,0,37.09500409858105,29.0,8.166995161248547,-1.0,11.0
5175,2026-05-11 22:02:27.100000+00:00,52.1664897,21.1583234,89.2,37.35,-0.077,-0.04,0.96,0,36.902909048842886,29.0,4.495506684645792,-1.0,11.0
5180,2026-05-11 22:02:27.600000+00:00,52.1665112,21.1582578,89.1,36.83,-0.083,-0.044,0.971,0,36.52424937063506,29.0,5.094422996522604,-1.0,11.0
5185,2026-05-11 22:02:28.100000+00:00,52.1665326,21.1581923,89.1,37.2,-0.079,-0.032,0.96,0,36.44322485738231,29.0,9.106394796650648,-1.0,11.0
5190,2026-05-11 22:02:28.600000+00:00,52.1665539,21.1581276,89.0,36.65,-0.079,-0.041,0.963,0,36.05902234875096,29.0,13.778902297409406,-1.0,11.0
5195,2026-05-11 22:02:29.100000+00:00,52.1665752,21.1580633,88.9,36.21,-0.083,-0.033,0.978,0,35.88605681409263,29.0,18.6060200089703,-1.0,11.0
5200,2026-05-11 22:02:29.600000+00:00,52.1665962,21.1579994,88.8,35.97,-0.082,-0.032,0.962,0,35.59927518436782,29.0,23.456747530067346,-1.0,11.0
5205,2026-05-11 22:02:30.100000+00:00,52.1666168,21.1579365,88.7,35.12,-0.143,-0.021,0.969,0,35.01520731897302,29.0,28.258557888947244,-1.0,11.0
5210,2026-05-11 22:02:30.600000+00:00,52.1666367,21.1578753,88.7,34.52,-0.081,-0.034,0.958,0,34.01497306736574,29.0,32.9387033316496,-1.0,11.0
5215,2026-05-11 22:02:31.100000+00:00,52.1666566,21.1578145,88.6,33.93,-0.106,-0.053,0.96,0,33.841539269920155,29.0,37.607345115267606,-1.0,11.0
5220,2026-05-11 22:02:31.600000+00:00,52.1666767,21.157755,88.6,33.37,-0.108,-0.077,0.97,0,33.35662304712393,29.0,42.22150669003694,-1.0,11.0
5225,2026-05-11 22:02:32.100000+00:00,52.1666973,21.1576982,88.5,32.57,-0.116,-0.098,0.959,0,32.403484851613904,29.0,46.716006749754904,-1.0,11.0
5230,2026-05-11 22:02:32.600000+00:00,52.1667193,21.1576438,88.5,32.46,-0.092,-0.149,0.972,0,31.99775120642401,29.0,51.16013883793935,-1.0,11.0
5235,2026-05-11 22:02:33.100000+00:00,52.1667433,21.1575921,88.5,32.21,-0.088,-0.2,0.947,0,31.839348007560616,29.0,55.57371250949479,-1.0,11.0
5240,2026-05-11 22:02:33.600000+00:00,52.1667701,21.1575438,88.4,32.3,-0.098,-0.245,0.954,0,31.983213389192898,29.0,59.9713246058624,-1.0,11.0
5245,2026-05-11 22:02:34.100000+00:00,52.1667996,21.1575011,88.4,31.26,-0.147,-0.241,0.947,0,31.582787564563894,29.0,64.2349204816221,-1.0,11.0
5250,2026-05-11 22:02:34.600000+00:00,52.1668312,21.1574646,88.4,31.08,-0.144,-0.264,0.962,0,31.004902456001435,29.0,68.31140356754177,-1.0,11.0
5255,2026-05-11 22:02:35.100000+00:00,52.1668648,21.1574347,88.5,30.85,-0.122,-0.289,0.937,0,30.646495262841906,29.0,72.1944581080157,-1.0,11.0
5260,2026-05-11 22:02:35.600000+00:00,52.1669002,21.1574134,88.5,30.17,-0.125,-0.251,0.942,0,30.209867684703628,29.0,75.79098438363414,-1.0,11.0
5265,2026-05-11 22:02:36.100000+00:00,52.1669361,21.1573977,88.7,28.61,-0.134,-0.222,0.964,0,29.75772223603996,29.0,79.19554295489411,-1.0,11.0
5270,2026-05-11 22:02:36.600000+00:00,52.1669725,21.1573871,89.0,28.35,-0.121,-0.177,0.938,0,29.603187632864664,,82.4500187562535,-1.0,11.0
5275,2026-05-11 22:02:37.100000+00:00,52.1670078,21.1573802,89.3,27.31,-0.116,-0.188,0.959,0,28.46369422458299,,85.51281454792571,-1.0,11.0
5280,2026-05-11 22:02:37.600000+00:00,52.1670415,21.1573801,89.5,26.39,-0.168,-0.174,0.96,0,26.980381694838538,,88.19761942492195,-1.0,11.0
5285,2026-05-11 22:02:38.100000+00:00,52.1670727,21.1573852,89.5,24.44,-0.148,-0.153,0.958,0,25.104061260854518,,90.51391391737128,-1.0,11.0
5290,2026-05-11 22:02:38.600000+00:00,52.1671026,21.1573941,89.6,24.18,-0.104,-0.146,0.961,0,24.33373261598244,,92.625659470022,-1.0,11.0
5295,2026-05-11 22:02:39.100000+00:00,52.1671304,21.1574061,89.7,22.79,-0.118,-0.146,0.961,0,23.023640840510588,,94.49648184403064,-1.0,11.0
5300,2026-05-11 22:02:39.600000+00:00,52.1671566,21.1574225,89.7,22.11,-0.108,-0.145,0.963,0,22.46867073325638,,96.11436246486905,-1.0,11.0
5305,2026-05-11 22:02:40.100000+00:00,52.1671803,21.1574427,89.6,20.18,-0.148,-0.126,0.953,0,21.410699442752154,,97.42834688234731,-1.0,11.0
5310,2026-05-11 22:02:40.600000+00:00,52.1672013,21.1574642,89.6,18.82,-0.105,-0.109,0.963,0,19.852754134791613,,98.51570236201873,-1.0,11.0
5315,2026-05-11 22:02:41.100000+00:00,52.1672194,21.1574859,89.5,16.93,-0.153,-0.081,0.959,0,17.987107900671273,,99.38822297550244,-1.0,11.0
5320,2026-05-11 22:02:41.600000+00:00,52.1672344,21.1575059,89.5,14.04,-0.211,-0.036,0.965,0,15.513614450829431,,100.08108949290613,-1.0,11.0
5325,2026-05-11 22:02:42.100000+00:00,52.1672454,21.157522,89.4,10.9,-0.21,-0.021,0.963,0,11.834780404376104,,100.56586243443932,-1.0,11.0
5330,2026-05-11 22:02:42.600000+00:00,52.167253,21.157534,89.5,7.39,-0.214,0.0,0.965,0,8.470296406870771,,100.88532322591311,-1.0,11.0
5335,2026-05-11 22:02:43.100000+00:00,52.167258,21.1575425,89.5,4.79,-0.188,0.007,0.966,0,5.783276938501973,,101.08214043790967,-1.0,11.0
5340,2026-05-11 22:02:43.600000+00:00,52.1672604,21.1575465,89.5,2.35,-0.149,0.005,0.971,0,2.7477543855851496,,101.18140259052849,-1.0,11.0
5345,2026-05-11 22:02:44.100000+00:00,52.1672609,21.1575472,89.5,0.33,-0.121,0.0,0.971,0,0.5276348703599191,,101.20668027794258,-1.0,11.0
5350,2026-05-11 22:02:44.600000+00:00,52.1672607,21.1575468,89.5,0.05,-0.016,-0.028,0.975,0,0.2534177169883081,,101.20055233217288,-1.0,11.0
5355,2026-05-11 22:02:45.100000+00:00,52.1672607,21.1575467,89.5,0.11,-0.022,-0.027,0.973,0,0.04910568979407664,,101.2038766675512,-1.0,11.0
5360,2026-05-11 22:02:45.600000+00:00,52.1672608,21.1575467,89.6,0.09,-0.018,-0.024,0.977,0,0.08006034546355068,,101.21358581917755,-1.0,11.0
5365,2026-05-11 22:02:46.100000+00:00,52.1672608,21.1575469,89.6,0.05,-0.021,-0.024,0.977,0,0.0982113809292652,,101.20693813658427,-1.0,11.0
5370,2026-05-11 22:02:46.600000+00:00,52.1672609,21.157547,89.6,0.14,-0.018,-0.024,0.978,0,0.09392033133713822,,101.21332521992883,-1.0,11.0
5375,2026-05-11 22:02:47.100000+00:00,52.167261,21.1575473,89.6,0.06,-0.021,-0.022,0.975,0,0.16766627127594985,,101.2130699773514,-1.0,11.0
5380,2026-05-11 22:02:47.600000+00:00,52.1672612,21.1575475,89.7,0.1,-0.019,-0.022,0.976,0,0.18784065288680563,,101.22585320927178,-1.0,11.0
5385,2026-05-11 22:02:48.100000+00:00,52.1672614,21.1575477,89.8,0.06,-0.018,-0.025,0.978,0,0.18784065699718389,,101.23864155085941,-1.0,11.0
5390,2026-05-11 22:02:48.600000+00:00,52.1672617,21.157548,89.8,0.22,-0.021,-0.023,0.979,0,0.2817609833007206,,101.25783363811226,-1.0,11.0
5395,2026-05-11 22:02:49.100000+00:00,52.1672619,21.1575482,89.9,0.04,-0.02,-0.022,0.977,0,0.18784065723676474,,101.2706347437492,-1.0,11.0
5400,2026-05-11 22:02:49.600000+00:00,52.1672623,21.1575484,90.0,0.08,-0.021,-0.021,0.978,0,0.33496271537906214,,101.30287846873921,-1.0,11.0
5405,2026-05-11 22:02:50.100000+00:00,52.1672626,21.1575486,90.0,0.04,-0.022,-0.02,0.976,0,0.2594848884168801,,101.32541260283915,-1.0,11.0
5410,2026-05-11 22:02:50.600000+00:00,52.1672629,21.1575486,90.1,0.13,-0.019,-0.021,0.976,0,0.24018104148337827,,101.35457553572027,-1.0,11.0
5415,2026-05-11 22:02:51.100000+00:00,52.1672634,21.1575487,90.1,0.06,-0.019,-0.021,0.977,0,0.4033024295811764,,101.39987708761298,-1.0,11.0
5420,2026-05-11 22:02:51.600000+00:00,52.1672638,21.1575488,90.2,0.18,-0.017,-0.023,0.978,0,0.3239844356183069,,101.43546456776568,-1.0,11.0
5425,2026-05-11 22:02:52.100000+00:00,52.1672642,21.1575492,90.3,0.07,-0.018,-0.021,0.975,0,0.3756813034214268,,101.46114408575845,-1.0,11.0
5430,2026-05-11 22:02:52.600000+00:00,52.1672647,21.1575494,90.4,0.1,-0.021,-0.021,0.977,0,0.4121734527070506,,101.50317749265137,-1.0,11.0
5435,2026-05-11 22:02:53.100000+00:00,52.1672652,21.1575496,90.5,0.11,-0.019,-0.023,0.976,0,0.412173452071938,,101.54522577333287,-1.0,11.0
5440,2026-05-11 22:02:53.600000+00:00,52.1672656,21.1575498,90.5,0.08,-0.021,-0.021,0.974,0,0.334962713701374,,101.57755583234355,-1.0,11.0
5445,2026-05-11 22:02:54.100000+00:00,52.1672661,21.1575499,90.6,0.03,-0.019,-0.02,0.977,0,0.4033024290281992,,101.6229277300076,-1.0,11.0
5450,2026-05-11 22:02:54.600000+00:00,52.1672666,21.1575502,90.7,0.05,-0.019,-0.02,0.977,0,0.42654869746732405,,101.66172249165676,-1.0,11.0
5455,2026-05-11 22:02:55.100000+00:00,52.1672673,21.1575503,90.8,0.09,-0.021,-0.02,0.976,0,0.5625697043407184,,101.72659756332892,-1.0,11.0
5460,2026-05-11 22:02:55.600000+00:00,52.1672678,21.1575507,90.9,0.07,-0.019,-0.022,0.977,0,0.4458961395378418,,101.76214302568236,-1.0,11.0
5465,2026-05-11 22:02:56.100000+00:00,52.1672683,21.1575508,91.0,0.09,-0.019,-0.023,0.976,0,0.40330243378741115,,101.80757036553543,-1.0,11.0
5470,2026-05-11 22:02:56.600000+00:00,52.1672689,21.157551,91.1,0.06,-0.017,-0.023,0.977,0,0.4902990954726576,,101.85947019646804,-1.0,11.0
5475,2026-05-11 22:02:57.100000+00:00,52.1672694,21.1575512,91.2,0.05,-0.016,-0.02,0.979,0,0.4121734498630403,,101.90164087179944,-1.0,11.0
5480,2026-05-11 22:02:57.600000+00:00,52.1672702,21.1575516,91.3,0.43,0.007,-0.028,0.976,0,0.6699254163809274,,101.96652257848591,-1.0,11.0
5485,2026-05-11 22:02:58.100000+00:00,52.1672713,21.1575531,91.4,1.27,0.024,-0.042,0.977,0,1.148096914401299,,102.02473871543168,-1.0,11.0
5490,2026-05-11 22:02:58.600000+00:00,52.1672729,21.1575561,91.4,2.52,0.042,-0.043,0.978,0,1.9522048101540614,,102.08317444422597,-1.0,11.0
5495,2026-05-11 22:02:59.100000+00:00,52.1672757,21.1575611,91.4,3.56,0.056,-0.047,0.976,0,3.324694164695298,,102.19515343221425,-1.0,11.0
5500,2026-05-11 22:02:59.600000+00:00,52.1672797,21.1575686,91.4,5.44,0.057,-0.048,0.976,0,4.88051168297763,,102.34713721085983,-1.0,11.0
5505,2026-05-11 22:03:00.100000+00:00,52.1672849,21.1575789,91.4,7.19,0.068,-0.055,0.976,0,6.550870626443883,,102.53382845266822,-1.0,11.0
5510,2026-05-11 22:03:00.600000+00:00,52.1672917,21.157592,91.4,8.38,0.081,-0.058,0.978,0,8.427319507023592,,102.80092924892736,-1.0,11.0
5515,2026-05-11 22:03:01.100000+00:00,52.1672993,21.1576085,91.3,11.08,0.088,-0.061,0.976,0,10.132699857220043,,103.05879635730513,-1.0,11.0
5520,2026-05-11 22:03:01.600000+00:00,52.1673089,21.1576287,91.3,13.25,0.092,-0.068,0.979,0,12.548494836964004,,103.4294953890271,-1.0,11.0
5525,2026-05-11 22:03:02.100000+00:00,52.1673195,21.1576534,91.1,15.34,0.091,-0.079,0.962,0,14.803167919590802,,103.80494285519727,-1.0,11.0
5530,2026-05-11 22:03:02.600000+00:00,52.1673311,21.1576818,91.0,17.2,0.04,-0.07,0.971,0,16.75527311532878,,104.2247369078188,-1.0,11.0
5535,2026-05-11 22:03:03.100000+00:00,52.1673424,21.1577109,91.0,17.22,0.002,-0.055,0.974,0,16.912757548602983,,104.64612064039756,-1.0,11.0
5540,2026-05-11 22:03:03.600000+00:00,52.1673551,21.1577395,91.0,17.81,-0.022,0.002,0.958,0,17.33842383041044,,105.27622753234618,-1.0,11.0
5545,2026-05-11 22:03:04.100000+00:00,52.1673694,21.1577659,91.0,18.02,-0.038,0.053,0.965,0,17.295465262801635,,106.17421015031918,-1.0,11.0
5550,2026-05-11 22:03:04.600000+00:00,52.1673843,21.1577911,91.0,17.91,-0.028,0.039,0.971,0,17.188124193074646,,107.20700895293268,-1.0,11.0
5555,2026-05-11 22:03:05.100000+00:00,52.1674009,21.157816,90.9,18.39,-0.042,0.053,0.952,0,18.05909642487179,,108.46959718898378,-1.0,11.0
5560,2026-05-11 22:03:05.600000+00:00,52.1674193,21.1578393,90.7,18.96,-0.055,0.115,0.966,0,18.65248903571704,,109.99699341278007,-1.0,11.0
5565,2026-05-11 22:03:06.100000+00:00,52.1674401,21.1578566,90.6,19.39,-0.081,0.161,0.995,0,18.69429876138315,,111.92450614055159,-1.0,11.0
5570,2026-05-11 22:03:06.600000+00:00,52.1674635,21.157869,90.5,19.93,-0.087,0.175,0.978,0,19.698837220053875,,114.23901667881668,-1.0,11.0
5575,2026-05-11 22:03:07.100000+00:00,52.1674888,21.1578739,90.4,20.47,-0.091,0.184,0.979,0,20.397684086101503,,116.89469028570612,-1.0,11.0
5580,2026-05-11 22:03:07.600000+00:00,52.1675155,21.1578729,90.4,21.17,-0.085,0.167,0.979,0,21.381752227282842,,119.80058546518437,-1.0,11.0
5585,2026-05-11 22:03:08.100000+00:00,52.167543,21.1578653,90.4,22.17,-0.062,0.173,0.969,0,22.33065997361959,,122.8966019242777,-1.0,11.0
5590,2026-05-11 22:03:08.600000+00:00,52.1675709,21.1578532,90.4,23.89,-0.035,0.097,0.982,0,23.113603410063636,,126.10507363584952,-1.0,11.0
5595,2026-05-11 22:03:09.100000+00:00,52.167599,21.1578396,90.2,24.69,-0.011,0.041,0.973,0,23.467277816079687,,129.3584715448748,-1.0,11.0
5600,2026-05-11 22:03:09.600000+00:00,52.1676284,21.1578221,90.2,25.45,0.003,0.027,0.978,0,25.057380186324153,,132.81382657932278,-1.0,11.0
5605,2026-05-11 22:03:10.100000+00:00,52.1676589,21.1578023,90.3,26.53,0.006,0.042,0.98,0,26.282926479600334,,136.42599075793785,-1.0,11.0
5610,2026-05-11 22:03:10.600000+00:00,52.1676903,21.1577799,90.2,27.82,0.021,0.012,0.969,0,27.440068353439372,,140.1795321275609,-1.0,11.0
5615,2026-05-11 22:03:11.100000+00:00,52.1677232,21.1577562,90.1,29.59,0.026,-0.027,0.972,0,28.796343226961124,,144.11943745037206,-1.0,11.0
5620,2026-05-11 22:03:11.600000+00:00,52.1677578,21.1577308,90.2,30.53,0.011,0.002,0.969,0,30.37938904854551,,148.27440476416834,-1.0,11.0
5625,2026-05-11 22:03:12.100000+00:00,52.1677937,21.1577039,90.2,31.6,0.004,-0.007,0.971,0,31.631761090268842,,152.59863094060196,-1.0,11.0
5630,2026-05-11 22:03:12.600000+00:00,52.1678306,21.1576758,90.2,33.06,0.01,-0.04,0.968,0,32.60590411887881,,157.05523382547642,-1.0,11.0
5635,2026-05-11 22:03:13.100000+00:00,52.1678689,21.1576468,90.3,33.97,0.001,-0.052,0.978,0,33.808538126562205,,161.6821744484717,-1.0,11.0
5640,2026-05-11 22:03:13.600000+00:00,52.1679085,21.1576172,90.3,35.19,0.0,-0.041,0.969,0,34.877007429967286,,166.46319718255847,-1.0,11.0
5645,2026-05-11 22:03:14.100000+00:00,52.1679492,21.1575877,90.3,35.76,-0.025,-0.031,0.959,0,35.659454696013704,,166.22814480594977,-1.0,11.0
5650,2026-05-11 22:03:14.600000+00:00,52.1679909,21.1575585,90.3,36.52,-0.029,-0.032,0.971,0,36.33408354976422,,161.19975322661705,-1.0,11.0
5655,2026-05-11 22:03:15.100000+00:00,52.1680325,21.1575289,90.3,36.71,-0.04,-0.037,0.969,0,36.33864808458016,,156.16937469070615,-1.0,11.0
5660,2026-05-11 22:03:15.600000+00:00,52.1680747,21.157499,90.2,36.97,-0.044,-0.033,0.97,0,36.83787253317766,,151.07170536753915,-1.0,11.0
5665,2026-05-11 22:03:16.100000+00:00,52.1681169,21.157469,90.2,36.96,-0.043,-0.024,0.969,0,36.8574660014646,,145.97207638027086,-1.0,11.0
5670,2026-05-11 22:03:16.600000+00:00,52.1681598,21.1574392,90.1,37.45,-0.045,-0.039,0.962,0,37.33324042771125,,140.8122557192397,-1.0,11.0
5675,2026-05-11 22:03:17.100000+00:00,52.1682031,21.1574092,90.1,37.92,-0.036,-0.026,0.977,0,37.666361774237075,,135.60886720685767,-1.0,11.0
5680,2026-05-11 22:03:17.600000+00:00,52.1682471,21.1573786,90.1,38.45,-0.026,-0.033,0.964,0,38.297404191635856,,130.31982053750752,-1.0,11.0
5685,2026-05-11 22:03:18.100000+00:00,52.1682918,21.1573478,90.1,39.07,-0.033,-0.035,0.973,0,38.85163211352701,,124.95890108592734,-1.0,11.0
5690,2026-05-11 22:03:18.600000+00:00,52.168337,21.1573163,90.1,39.62,-0.034,-0.035,0.977,0,39.35448838281438,,119.52915082354163,-1.0,11.0
5695,2026-05-11 22:03:19.100000+00:00,52.1683829,21.1572849,90.1,40.28,-0.019,-0.034,0.96,0,39.851386254857225,,114.03902794840201,-1.0,11.0
5700,2026-05-11 22:03:19.600000+00:00,52.1684295,21.1572531,90.1,40.49,-0.031,-0.035,0.968,0,40.44416722348019,,108.47257615553544,-1.0,11.0
5705,2026-05-11 22:03:20.100000+00:00,52.1684768,21.1572207,90.1,41.21,-0.032,-0.033,0.975,0,41.074918528218284,,102.82385604617343,-1.0,11.0
5710,2026-05-11 22:03:20.600000+00:00,52.1685245,21.1571875,90.2,41.6,-0.033,-0.027,0.967,0,41.52299670615493,,97.11525219768278,-1.0,11.0
5715,2026-05-11 22:03:21.100000+00:00,52.1685728,21.1571545,90.2,42.04,-0.034,-0.026,0.966,0,41.92714933899856,,91.36469379670255,-1.0,11.0
5720,2026-05-11 22:03:21.600000+00:00,52.1686215,21.1571205,90.2,42.57,-0.043,-0.026,0.972,0,42.413558650191646,,85.5496847539266,-1.0,11.0
5725,2026-05-11 22:03:22.100000+00:00,52.1686704,21.1570864,90.3,42.53,-0.046,-0.03,0.968,0,42.58007798407714,28.0,79.72347812355467,-1.0,11.0
5730,2026-05-11 22:03:22.600000+00:00,52.1687197,21.1570525,90.3,42.97,-0.06,-0.037,0.975,0,42.83643673915531,28.0,73.88209855539006,-1.0,11.0
5735,2026-05-11 22:03:23.100000+00:00,52.1687691,21.157019,90.2,42.88,-0.056,-0.041,0.953,0,42.83439523980287,28.0,68.06611291997342,-1.0,11.0
5740,2026-05-11 22:03:23.600000+00:00,52.1688186,21.1569849,90.2,43.06,-0.071,-0.031,0.974,0,43.022131566494714,28.0,62.2420562059892,-1.0,11.0
5745,2026-05-11 22:03:24.100000+00:00,52.1688681,21.1569509,90.2,43.11,-0.06,-0.029,0.968,0,43.00303658373896,28.0,56.45380767276515,-1.0,11.0
5750,2026-05-11 22:03:24.600000+00:00,52.1689177,21.1569171,90.2,43.16,-0.05,-0.03,0.977,0,43.03885373329847,28.0,50.70847524796553,-1.0,11.0
5755,2026-05-11 22:03:25.100000+00:00,52.1689674,21.156883,90.3,43.38,-0.052,-0.031,0.956,0,43.169650155038546,28.0,45.00173706043329,-1.0,11.0
5760,2026-05-11 22:03:25.600000+00:00,52.1690172,21.1568494,90.3,43.22,-0.058,-0.028,0.97,0,43.14897252476093,28.0,39.39706321564978,-1.0,11.0
5765,2026-05-11 22:03:26.100000+00:00,52.1690671,21.1568155,90.3,43.43,-0.058,-0.035,0.966,0,43.27939788064291,28.0,33.902680047934915,-1.0,11.0
5770,2026-05-11 22:03:26.600000+00:00,52.1691171,21.1567817,90.3,43.59,-0.051,-0.03,0.971,0,43.334472959755324,28.0,28.615716219861227,-1.0,11.0
5775,2026-05-11 22:03:27.100000+00:00,52.1691672,21.1567479,90.4,43.63,-0.062,-0.03,0.97,0,43.40843230074368,28.0,23.67538775044253,-1.0,11.0
5780,2026-05-11 22:03:27.600000+00:00,52.1692173,21.1567142,90.4,43.29,-0.072,-0.031,0.968,0,43.3896743779998,28.0,19.368469664375354,-1.0,11.0
5785,2026-05-11 22:03:28.100000+00:00,52.169267,21.1566806,90.4,43.2,-0.072,-0.033,0.959,0,43.074971408681236,28.0,16.20567292685527,-1.0,11.0
5790,2026-05-11 22:03:28.600000+00:00,52.1693164,21.156647,90.4,42.88,-0.079,-0.021,0.966,0,42.85319870076155,28.0,14.877543318490222,-1.0,11.0
5795,2026-05-11 22:03:29.100000+00:00,52.1693654,21.1566137,90.5,42.36,-0.077,-0.028,0.984,0,42.500922967680495,28.0,15.824916101714965,-1.0,11.0
5800,2026-05-11 22:03:29.600000+00:00,52.1694155,21.1565811,90.7,42.37,-0.069,-0.046,0.957,0,43.18653694445942,28.0,18.81675831335178,-1.0,11.0
5805,2026-05-11 22:03:30.100000+00:00,52.1694654,21.1565486,90.9,42.41,-0.068,-0.051,0.979,0,43.01961681600866,28.0,22.995530294661652,-1.0,11.0
5810,2026-05-11 22:03:30.600000+00:00,52.1695149,21.1565175,91.0,42.29,-0.047,-0.053,0.959,0,42.4703823954185,28.0,27.810885217566813,-1.0,11.0
5815,2026-05-11 22:03:31.100000+00:00,52.1695646,21.1564867,91.1,42.34,-0.062,-0.059,0.966,0,42.56726642239221,28.0,33.00405765248398,-1.0,11.0
5820,2026-05-11 22:03:31.600000+00:00,52.1696144,21.1564563,91.3,42.04,-0.066,-0.063,0.967,0,42.57284178500564,28.0,38.417436973749375,-1.0,11.0
5825,2026-05-11 22:03:32.100000+00:00,52.1696642,21.1564279,91.3,41.9,-0.069,-0.059,0.977,0,42.23850958784299,28.0,43.95629974997792,-1.0,11.0
5830,2026-05-11 22:03:32.600000+00:00,52.1697141,21.156401,91.3,42.02,-0.064,-0.061,0.959,0,42.077090738981966,28.0,49.575678549610785,-1.0,11.0
5835,2026-05-11 22:03:33.100000+00:00,52.1697637,21.1563737,91.5,41.7,-0.067,-0.05,0.965,0,41.91152118408819,28.0,55.21078876786836,-1.0,11.0
5840,2026-05-11 22:03:33.600000+00:00,52.1698132,21.1563474,91.5,41.81,-0.059,-0.044,0.978,0,41.680928091151785,28.0,60.86249950779552,-1.0,11.0
5845,2026-05-11 22:03:34.100000+00:00,52.1698627,21.1563213,91.5,41.61,-0.064,-0.053,0.97,0,41.65060112446296,28.0,66.53612078648466,-1.0,11.0
5850,2026-05-11 22:03:34.600000+00:00,52.1699123,21.156296,91.5,41.7,-0.049,-0.033,0.968,0,41.60780938419095,28.0,72.23080103063091,-1.0,11.0
5855,2026-05-11 22:03:35.100000+00:00,52.1699617,21.1562704,91.5,41.53,-0.052,-0.024,0.962,0,41.499398197854354,28.0,77.91897855024294,-1.0,11.0
5860,2026-05-11 22:03:35.600000+00:00,52.1700109,21.1562443,91.5,41.44,-0.057,-0.022,0.975,0,41.42212545756502,,83.60108848369212,-1.0,11.0
5865,2026-05-11 22:03:36.100000+00:00,52.1700606,21.1562194,91.5,41.39,-0.055,-0.016,0.972,0,41.62609926987605,,89.33305276746846,-1.0,11.0
5870,2026-05-11 22:03:36.600000+00:00,52.1701103,21.1561941,91.6,41.21,-0.054,-0.01,0.982,0,41.68420828496697,,95.07587089017706,-1.0,11.0
5875,2026-05-11 22:03:37.100000+00:00,52.1701598,21.1561683,91.5,41.59,-0.044,-0.03,0.945,0,41.60548477970767,,100.80850385047533,-1.0,11.0
5880,2026-05-11 22:03:37.600000+00:00,52.1702091,21.1561422,91.4,41.48,-0.065,-0.011,0.977,0,41.498247300392606,,106.52821088266337,-1.0,11.0
5885,2026-05-11 22:03:38.100000+00:00,52.1702581,21.1561146,91.4,41.74,-0.046,-0.016,0.955,0,41.50449447482317,,112.24008671130511,-1.0,11.0
5890,2026-05-11 22:03:38.600000+00:00,52.1703069,21.1560868,91.4,41.26,-0.063,-0.014,0.993,0,41.38546603069941,,117.9381296979433,-1.0,11.0
5895,2026-05-11 22:03:39.100000+00:00,52.1703557,21.1560591,91.4,41.19,-0.049,-0.017,0.955,0,41.36929132560245,,123.6393513163387,-1.0,11.0
5900,2026-05-11 22:03:39.600000+00:00,52.1704043,21.156031,91.3,41.39,-0.058,-0.013,0.968,0,41.283329132737265,,129.32872728136422,-1.0,11.0
5905,2026-05-11 22:03:40.100000+00:00,52.1704524,21.1560024,91.3,41.01,-0.055,-0.009,0.975,0,40.98972317585899,,134.97524234134417,-1.0,11.0
5910,2026-05-11 22:03:40.600000+00:00,52.1705003,21.1559727,91.3,41.03,-0.047,-0.015,0.967,0,41.028189189010575,,140.62094312538892,-1.0,11.0
5915,2026-05-11 22:03:41.100000+00:00,52.170548,21.1559433,91.2,40.83,-0.05,-0.019,0.964,0,40.826239752982836,,146.24433265559742,-1.0,11.0
5920,2026-05-11 22:03:41.600000+00:00,52.1705957,21.1559137,91.2,40.78,-0.057,-0.026,0.974,0,40.861062127022926,,151.87445253128385,-1.0,11.0
5925,2026-05-11 22:03:42.100000+00:00,52.1706433,21.155884,91.2,40.73,-0.045,-0.023,0.956,0,40.803765340695,,157.49866573916478,-1.0,11.0
5930,2026-05-11 22:03:42.600000+00:00,52.1706909,21.1558538,91.2,40.76,-0.06,-0.022,0.984,0,40.89214783497043,,163.13424925439045,-1.0,11.0
5935,2026-05-11 22:03:43.100000+00:00,52.1707385,21.1558232,91.2,40.89,-0.049,-0.019,0.959,0,40.9637745219486,,163.53575316981576,-1.0,11.0
5940,2026-05-11 22:03:43.600000+00:00,52.1707861,21.1557927,91.2,40.79,-0.05,-0.037,0.972,0,40.94578397713895,,157.89330927941194,-1.0,11.0
5945,2026-05-11 22:03:44.100000+00:00,52.1708339,21.155763,91.2,40.85,-0.046,-0.048,0.958,0,40.953327999595984,,152.2612104674752,-1.0,11.0
5950,2026-05-11 22:03:44.600000+00:00,52.170882,21.1557331,91.2,41.21,-0.05,-0.038,0.971,0,41.21272974016445,,146.5976648819889,-1.0,11.0
5955,2026-05-11 22:03:45.100000+00:00,52.1709301,21.155704,91.2,41.1,-0.053,-0.046,0.967,0,41.07443036662446,,140.96604966858837,-1.0,11.0
5960,2026-05-11 22:03:45.600000+00:00,52.1709782,21.1556753,91.2,41.03,-0.051,-0.039,0.975,0,41.006514478061995,,135.354255453215,-1.0,11.0
5965,2026-05-11 22:03:46.100000+00:00,52.1710264,21.1556462,91.3,41.2,-0.049,-0.031,0.964,0,41.14948904447376,,129.72629862477362,-1.0,11.0
5970,2026-05-11 22:03:46.600000+00:00,52.1710746,21.1556174,91.2,41.36,-0.057,-0.028,0.972,0,41.098566539504624,,124.1168654534505,-1.0,11.0
5975,2026-05-11 22:03:47.100000+00:00,52.1711226,21.1555888,91.2,41.19,-0.06,-0.023,0.959,0,40.914444653503466,,118.54294786664663,-1.0,11.0
5980,2026-05-11 22:03:47.600000+00:00,52.1711702,21.1555595,91.2,40.98,-0.066,-0.014,0.983,0,40.73392188837861,,112.99214812403598,-1.0,11.0
5985,2026-05-11 22:03:48.100000+00:00,52.1712176,21.1555304,91.2,40.83,-0.048,-0.02,0.953,0,40.549446562294186,,107.47856212173122,-1.0,11.0
5990,2026-05-11 22:03:48.600000+00:00,52.1712647,21.1555006,91.2,40.66,-0.056,-0.014,0.98,0,40.44781940011665,,101.97953439007212,-1.0,11.0
5995,2026-05-11 22:03:49.100000+00:00,52.171312,21.1554708,91.2,40.84,-0.039,-0.02,0.958,0,40.59713138344149,,96.47575701270843,-1.0,11.0
6000,2026-05-11 22:03:49.600000+00:00,52.1713595,21.1554409,91.2,41.08,-0.05,-0.013,0.972,0,40.76418351337061,,90.96632976604361,-1.0,11.0
6005,2026-05-11 22:03:50.100000+00:00,52.1714069,21.1554109,91.2,41.0,-0.061,-0.022,0.966,0,40.70724227854188,,85.48185090999611,-1.0,11.0
6010,2026-05-11 22:03:50.600000+00:00,52.171454,21.1553809,91.2,40.46,-0.072,-0.014,0.971,0,40.48342535475367,,80.04767825737167,-1.0,11.0
6015,2026-05-11 22:03:51.100000+00:00,52.1715006,21.1553505,91.3,40.12,-0.074,-0.012,0.966,0,40.183364492090654,27.0,74.66860399700398,-1.0,11.0
6020,2026-05-11 22:03:51.600000+00:00,52.1715468,21.1553203,91.3,39.83,-0.072,-0.003,0.965,0,39.84956264347511,27.0,69.36458922057685,-1.0,11.0
6025,2026-05-11 22:03:52.100000+00:00,52.1715924,21.1552906,91.4,39.18,-0.073,-0.011,0.969,0,39.312366187489474,27.0,64.17245193616465,-1.0,11.0
6030,2026-05-11 22:03:52.600000+00:00,52.1716372,21.1552595,91.4,38.8,-0.073,-0.01,0.978,0,38.98241401857193,27.0,59.0304999012913,-1.0,11.0
6035,2026-05-11 22:03:53.100000+00:00,52.1716815,21.1552283,91.5,38.17,-0.072,-0.012,0.968,0,38.63385937196064,27.0,53.97713808793177,-1.0,11.0
6040,2026-05-11 22:03:53.600000+00:00,52.1717255,21.1551975,91.6,38.02,-0.072,-0.028,0.959,0,38.3355766416885,27.0,49.03305724883378,-1.0,11.0
6045,2026-05-11 22:03:54.100000+00:00,52.1717688,21.1551679,91.7,37.06,-0.14,-0.075,0.974,0,37.589526239421524,27.0,44.290305146990036,-1.0,11.0
6050,2026-05-11 22:03:54.600000+00:00,52.1718108,21.1551415,91.8,35.49,-0.142,-0.07,0.951,0,36.03737551048702,27.0,39.928819810289234,-1.0,11.0
6055,2026-05-11 22:03:55.100000+00:00,52.171851,21.1551148,91.9,34.11,-0.136,-0.067,0.962,0,34.75191112882644,27.0,35.830850123740206,-1.0,11.0
6060,2026-05-11 22:03:55.600000+00:00,52.17189,21.1550919,91.9,32.7,-0.16,-0.044,0.973,0,33.18640620837202,27.0,32.22848399208147,-1.0,11.0
6065,2026-05-11 22:03:56.100000+00:00,52.1719271,21.1550712,92.0,30.82,-0.144,-0.055,0.942,0,31.393232712063806,27.0,29.134696080421687,-1.0,11.0
6070,2026-05-11 22:03:56.600000+00:00,52.1719624,21.1550509,92.0,29.4,-0.143,-0.019,0.972,0,29.96748907340781,27.0,26.48404236123865,-1.0,11.0
6075,2026-05-11 22:03:57.100000+00:00,52.1719956,21.1550307,92.1,27.96,-0.141,0.01,0.951,0,28.370246802214016,27.0,24.30507135042584,-1.0,11.0
6080,2026-05-11 22:03:57.600000+00:00,52.1720265,21.1550092,92.1,26.46,-0.142,0.036,0.987,0,26.8968844990181,27.0,22.523560933699045,-1.0,11.0
6085,2026-05-11 22:03:58.100000+00:00,52.1720553,21.1549869,92.0,25.17,-0.124,-0.013,0.956,0,25.525124285410158,27.0,21.170388274402775,-1.0,11.0
6090,2026-05-11 22:03:58.600000+00:00,52.1720823,21.1549644,92.0,23.89,-0.154,-0.025,0.96,0,24.27577645677001,27.0,20.281559332341395,-1.0,11.0
6095,2026-05-11 22:03:59.100000+00:00,52.1721065,21.1549424,92.0,21.47,-0.196,-0.022,0.961,0,22.182429483737124,27.0,19.82758516222184,-1.0,11.0
6100,2026-05-11 22:03:59.600000+00:00,52.1721274,21.154922,91.9,18.62,-0.233,-0.046,0.968,0,19.50153701579336,27.0,19.736047029866697,-1.0,11.0
6105,2026-05-11 22:04:00.100000+00:00,52.1721455,21.1549054,91.9,15.96,-0.188,-0.089,0.945,0,16.625882331695138,27.0,20.011804631767415,-1.0,11.0
6110,2026-05-11 22:04:00.600000+00:00,52.1721606,21.1548918,91.9,12.37,-0.27,-0.087,0.963,0,13.81077514836044,27.0,20.45159392484339,-1.0,11.0
6115,2026-05-11 22:04:01.100000+00:00,52.1721719,21.1548824,91.9,8.68,-0.282,-0.082,0.953,0,10.156135863605718,27.0,20.925266237015357,-1.0,11.0
6120,2026-05-11 22:04:01.600000+00:00,52.1721787,21.1548761,91.9,4.92,-0.299,-0.073,0.951,0,6.26153918970342,27.0,21.22256872067456,-1.0,11.0
6125,2026-05-11 22:04:02.100000+00:00,52.1721814,21.154874,91.9,1.21,-0.267,-0.078,0.958,0,2.3949572204342147,27.0,21.366323235168572,-1.0,11.0
6130,2026-05-11 22:04:02.600000+00:00,52.1721814,21.1548731,92.0,0.09,-0.12,-0.079,0.97,0,0.44190234120778793,27.0,21.328178390265453,-1.0,11.0
6135,2026-05-11 22:04:03.100000+00:00,52.1721812,21.1548713,92.1,0.04,-0.054,-0.083,0.963,0,0.8981922719914424,27.0,21.234719286266547,-1.0,11.0
6140,2026-05-11 22:04:03.600000+00:00,52.1721809,21.1548695,92.1,0.04,-0.058,-0.08,0.966,0,0.9158589747544431,27.0,21.132811744477618,-1.0,11.0
6145,2026-05-11 22:04:04.100000+00:00,52.1721808,21.1548685,92.2,0.09,-0.057,-0.085,0.969,0,0.49748690426235237,27.0,21.082171762197333,-1.0,11.0
6150,2026-05-11 22:04:04.600000+00:00,52.1721807,21.1548679,92.2,0.06,-0.06,-0.084,0.971,0,0.3052863277256102,27.0,21.04832048334863,-1.0,11.0
6155,2026-05-11 22:04:05.100000+00:00,52.1721807,21.1548671,92.2,0.02,-0.057,-0.083,0.97,0,0.39280208673364825,27.0,21.014975377046383,-1.0,11.0
6160,2026-05-11 22:04:05.600000+00:00,52.1721809,21.1548663,92.2,0.67,-0.002,-0.086,0.965,0,0.42418406048481444,27.0,20.99936681314363,-1.0,11.0
6165,2026-05-11 22:04:06.100000+00:00,52.1721825,21.1548646,92.2,2.18,0.023,-0.077,0.976,0,1.5289225650688287,27.0,21.07101907858028,-1.0,11.0
6170,2026-05-11 22:04:06.600000+00:00,52.1721857,21.1548605,92.2,3.91,0.036,-0.049,0.973,0,3.2582364976024563,27.0,21.19205738432088,-1.0,11.0
6175,2026-05-11 22:04:07.100000+00:00,52.1721904,21.1548541,92.1,6.02,0.043,-0.061,0.977,0,4.902419465157624,27.0,21.371539009275455,-1.0,11.0
6180,2026-05-11 22:04:07.600000+00:00,52.172197,21.1548449,92.1,7.76,0.049,-0.053,0.978,0,6.951674345222887,27.0,21.649643348958364,-1.0,11.0
6185,2026-05-11 22:04:08.100000+00:00,52.172205,21.1548323,92.1,9.8,0.052,-0.046,0.986,0,8.904841955470623,27.0,21.991676672726552,-1.0,11.0
6190,2026-05-11 22:04:08.600000+00:00,52.1722147,21.154815,92.1,12.83,0.081,-0.042,0.961,0,11.509226217027475,27.0,22.433427908650177,-1.0,11.0
6195,2026-05-11 22:04:09.100000+00:00,52.1722267,21.1547936,92.1,15.15,0.082,-0.088,0.994,0,14.237468946708123,27.0,23.121651918982096,-1.0,11.0
6200,2026-05-11 22:04:09.600000+00:00,52.1722423,21.1547702,92.1,17.82,0.098,-0.149,0.934,0,16.97035244706252,27.0,24.30470224477958,-1.0,11.0
6205,2026-05-11 22:04:10.100000+00:00,52.1722615,21.1547446,92.2,20.45,0.077,-0.145,0.985,0,19.856527741734464,27.0,26.017915276219444,-1.0,11.0
6210,2026-05-11 22:04:10.600000+00:00,52.1722846,21.1547188,92.2,22.86,0.053,-0.15,0.956,0,22.416512222344174,27.0,28.32935086307056,-1.0,11.0
6215,2026-05-11 22:04:11.100000+00:00,52.1723104,21.1546924,92.2,24.62,-0.002,-0.123,0.961,0,24.386005656306125,27.0,31.081298725897938,-1.0,11.0
6220,2026-05-11 22:04:11.600000+00:00,52.1723372,21.1546682,92.2,24.53,-0.059,-0.101,0.969,0,24.526610665026407,27.0,34.05585141646942,-1.0,11.0
6225,2026-05-11 22:04:12.100000+00:00,52.1723649,21.1546463,92.2,25.09,-0.051,-0.108,0.96,0,24.64613442251483,27.0,37.19489357587057,-1.0,11.0
6230,2026-05-11 22:04:12.600000+00:00,52.1723942,21.154624,92.4,25.12,-0.056,-0.079,0.957,0,25.887259508234468,27.0,40.55979068923094,-1.0,11.0
6235,2026-05-11 22:04:13.100000+00:00,52.1724243,21.1546031,92.6,25.49,-0.045,-0.025,0.971,0,26.192139303081966,27.0,44.038198986236296,-1.0,11.0
6240,2026-05-11 22:04:13.600000+00:00,52.1724547,21.1545823,92.7,25.88,-0.039,-0.032,0.97,0,26.394246394297312,27.0,47.57256166012465,-1.0,11.0
6245,2026-05-11 22:04:14.100000+00:00,52.1724845,21.1545627,92.7,26.03,-0.032,-0.044,0.968,0,25.725800922055353,27.0,51.04677853002017,-1.0,11.0
6250,2026-05-11 22:04:14.600000+00:00,52.1725144,21.1545417,92.9,26.28,-0.039,-0.046,0.967,0,26.064271883119023,27.0,54.56102658497005,-1.0,11.0
6255,2026-05-11 22:04:15.100000+00:00,52.1725458,21.1545213,92.9,26.6,-0.053,-0.027,0.967,0,27.06094079902403,27.0,58.24459529524736,-1.0,11.0
6260,2026-05-11 22:04:15.600000+00:00,52.1725767,21.1545005,93.1,26.69,-0.059,-0.029,0.967,0,26.763805359748854,27.0,61.888006085227076,-1.0,11.0
6265,2026-05-11 22:04:16.100000+00:00,52.1726075,21.1544798,93.3,26.66,-0.08,-0.038,0.977,0,26.671068487811368,27.0,65.52741213409693,-1.0,11.0
6270,2026-05-11 22:04:16.600000+00:00,52.1726374,21.1544589,93.5,25.35,-0.127,-0.036,0.968,0,26.044875903467084,27.0,69.07897958713671,-1.0,11.0
6275,2026-05-11 22:04:17.100000+00:00,52.1726657,21.1544397,93.5,24.45,-0.131,-0.065,0.958,0,24.540056203187874,27.0,72.43754701624206,-1.0,11.0
6280,2026-05-11 22:04:17.600000+00:00,52.1726934,21.1544231,93.6,23.37,-0.13,-0.125,0.962,0,23.62706576233979,27.0,75.69459847358522,-1.0,11.0
6285,2026-05-11 22:04:18.100000+00:00,52.1727204,21.1544099,93.7,22.29,-0.121,-0.157,0.968,0,22.56700159871274,27.0,78.82372753594639,-1.0,11.0
6290,2026-05-11 22:04:18.600000+00:00,52.1727477,21.1544033,93.7,22.39,-0.091,-0.242,0.963,0,22.09540288262176,,81.88116086939395,-1.0,11.0
6295,2026-05-11 22:04:19.100000+00:00,52.1727746,21.1544033,93.8,21.33,-0.116,-0.247,0.954,0,21.53623339313322,,84.79516524983208,-1.0,11.0
6300,2026-05-11 22:04:19.600000+00:00,52.1728013,21.15441,93.8,21.69,-0.104,-0.206,0.906,0,21.62776317424754,,87.59581839070324,-1.0,11.0
6305,2026-05-11 22:04:20.100000+00:00,52.1728264,21.1544227,93.8,21.01,-0.128,-0.18,0.957,0,21.04039447157839,,89.53087803365212,-1.0,11.0
6310,2026-05-11 22:04:20.600000+00:00,52.1728491,21.1544368,93.8,19.93,-0.13,-0.053,0.986,0,19.447666588465154,,89.23283796225567,-1.0,11.0
6315,2026-05-11 22:04:21.100000+00:00,52.1728707,21.1544501,93.8,18.97,-0.1,-0.005,0.958,0,18.484940579999826,,89.01720271055679,-1.0,11.0
6320,2026-05-11 22:04:21.600000+00:00,52.1728924,21.1544618,93.8,17.87,-0.096,0.077,0.984,0,18.298232996831132,,88.77048025680233,-1.0,11.0
6325,2026-05-11 22:04:22.100000+00:00,52.1729136,21.1544682,93.7,17.36,-0.084,0.074,0.986,0,17.261233583430183,,88.28001651843158,-1.0,11.0
6330,2026-05-11 22:04:22.600000+00:00,52.1729348,21.1544711,93.5,17.03,-0.076,0.104,0.961,0,17.032415200726124,,87.62801147599842,-1.0,11.0
6335,2026-05-11 22:04:23.100000+00:00,52.1729561,21.1544682,93.5,16.8,-0.09,0.133,0.984,0,17.112196554031158,,86.65700361438644,-1.0,11.0
6340,2026-05-11 22:04:23.600000+00:00,52.1729768,21.1544601,93.5,17.1,-0.087,0.13,0.975,0,17.043016765777004,,85.4219505118159,-1.0,11.0
6345,2026-05-11 22:04:24.100000+00:00,52.1729956,21.1544451,93.4,16.88,-0.095,0.129,0.976,0,16.756635454225563,,83.84131025891365,-1.0,11.0
6350,2026-05-11 22:04:24.600000+00:00,52.1730132,21.1544247,93.5,17.12,-0.091,0.138,0.966,0,17.2878923842031,,81.97498140072086,-1.0,11.0
6355,2026-05-11 22:04:25.100000+00:00,52.1730293,21.1544022,93.4,16.93,-0.094,0.126,0.974,0,16.976121978159185,,80.03873424869967,-1.0,11.0
6360,2026-05-11 22:04:25.600000+00:00,52.1730431,21.1543758,93.3,17.16,-0.078,0.121,0.97,0,17.03187267719989,26.0,77.92537070943852,-1.0,11.0
6365,2026-05-11 22:04:26.100000+00:00,52.1730543,21.1543452,93.3,17.81,-0.083,0.129,0.983,0,17.49671284275166,26.0,75.61090317427077,-1.0,11.0
6370,2026-05-11 22:04:26.600000+00:00,52.1730634,21.1543105,93.3,18.6,-0.076,0.142,0.97,0,18.529793153616627,26.0,73.08063897652085,-1.0,11.0
6375,2026-05-11 22:04:27.100000+00:00,52.1730699,21.1542746,93.3,18.84,-0.08,0.144,0.965,0,18.37877419003506,26.0,70.53449323057285,-1.0,11.0
6380,2026-05-11 22:04:27.600000+00:00,52.1730731,21.1542377,93.3,19.15,-0.084,0.106,0.965,0,18.297872401041168,26.0,68.00036728520783,-1.0,11.0
6385,2026-05-11 22:04:28.100000+00:00,52.1730746,21.1542033,93.2,19.39,-0.061,0.057,0.97,0,16.93278956676582,26.0,65.67465105405853,-1.0,11.0
6390,2026-05-11 22:04:28.600000+00:00,52.1730756,21.1541706,93.2,18.85,-0.046,-0.006,0.966,0,16.075411124546637,26.0,63.47636680955709,-1.0,11.0
6395,2026-05-11 22:04:29.100000+00:00,52.1730778,21.1541331,93.1,19.22,-0.023,-0.066,0.961,0,18.496280124514016,26.0,60.93118525210571,-1.0,11.0
6400,2026-05-11 22:04:29.600000+00:00,52.1730821,21.1540919,93.1,21.53,0.016,-0.14,0.964,0,20.51974166727666,26.0,58.087672411943856,-1.0,11.0
6405,2026-05-11 22:04:30.100000+00:00,52.1730897,21.1540502,93.1,22.7,-0.003,-0.176,0.958,0,21.359375629708904,26.0,55.12521688774609,-1.0,11.0
6410,2026-05-11 22:04:30.600000+00:00,52.1731,21.1540051,93.0,24.02,-0.018,-0.161,0.986,0,23.62935247694591,26.0,51.869189197113016,-1.0,11.0
6415,2026-05-11 22:04:31.100000+00:00,52.1731135,21.1539585,93.1,25.18,-0.015,-0.14,0.968,0,25.304577924455792,26.0,48.440794158825206,-1.0,11.0
6420,2026-05-11 22:04:31.600000+00:00,52.1731289,21.1539101,93.3,26.84,0.0,-0.135,0.962,0,26.772006061745238,26.0,44.86491306238645,-1.0,11.0
6425,2026-05-11 22:04:32.100000+00:00,52.1731467,21.1538617,93.4,28.21,0.007,-0.127,0.993,0,27.709421710556697,26.0,41.27143257789412,-1.0,11.0
6430,2026-05-11 22:04:32.600000+00:00,52.1731665,21.1538118,93.6,29.39,0.003,-0.117,0.956,0,29.18147397107396,26.0,37.60077127567035,-1.0,11.0
6435,2026-05-11 22:04:33.100000+00:00,52.1731876,21.1537606,93.7,30.48,0.021,-0.044,0.935,0,30.28732775206559,26.0,33.919993042603686,-1.0,11.0
6440,2026-05-11 22:04:33.600000+00:00,52.1732085,21.1537073,93.8,31.19,-0.019,0.021,1.001,0,31.061887902309604,26.0,30.232565698249054,-1.0,11.0
6445,2026-05-11 22:04:34.100000+00:00,52.1732295,21.1536522,93.9,32.04,-0.004,-0.017,0.977,0,31.852219879232816,26.0,26.612414576650448,-1.0,11.0
6450,2026-05-11 22:04:34.600000+00:00,52.1732511,21.153594,94.1,33.26,0.015,-0.025,0.959,0,33.40086892986817,26.0,23.08020392129483,-1.0,11.0
6455,2026-05-11 22:04:35.100000+00:00,52.1732735,21.1535342,94.3,34.23,-0.001,-0.021,0.978,0,34.40484851433581,26.0,19.938066281432363,-1.0,11.0
6460,2026-05-11 22:04:35.600000+00:00,52.1732965,21.1534736,94.4,35.36,0.007,-0.022,0.953,0,34.991036691106714,26.0,17.544662500759284,-1.0,11.0
6465,2026-05-11 22:04:36.100000+00:00,52.1733201,21.1534111,94.6,36.23,-0.008,-0.024,0.965,0,36.037165604606535,26.0,16.261234337038992,-1.0,11.0
6470,2026-05-11 22:04:36.600000+00:00,52.1733445,21.1533474,94.7,37.3,-0.003,-0.025,0.971,0,36.87542792028988,26.0,16.52144237414555,-1.0,11.0
6475,2026-05-11 22:04:37.100000+00:00,52.1733694,21.1532826,94.7,37.8,-0.016,-0.019,0.979,0,37.54558921926459,26.0,18.324396897288466,-1.0,11.0
6480,2026-05-11 22:04:37.600000+00:00,52.1733931,21.1532172,94.6,38.52,-0.01,-0.019,0.959,0,37.297740721773025,26.0,21.157847793421773,-1.0,11.0
6485,2026-05-11 22:04:38.100000+00:00,52.1734187,21.1531496,94.7,39.28,-0.028,-0.011,0.986,0,39.008931835624125,26.0,25.010190753686363,-1.0,11.0
6490,2026-05-11 22:04:38.600000+00:00,52.1734434,21.1530808,94.6,39.79,-0.009,-0.019,0.962,0,39.14252584125341,26.0,29.30519497230696,-1.0,11.0
6495,2026-05-11 22:04:39.100000+00:00,52.1734684,21.1530097,94.7,40.54,-0.012,-0.026,0.973,0,40.24005302455952,26.0,34.037593015134384,-1.0,11.0
6500,2026-05-11 22:04:39.600000+00:00,52.1734943,21.1529377,94.7,41.28,-0.013,-0.022,0.989,0,40.98378286646715,26.0,39.114558790649085,-1.0,11.0
6505,2026-05-11 22:04:40.100000+00:00,52.1735207,21.1528642,94.8,41.86,-0.02,-0.015,0.969,0,41.82156855311067,26.0,44.44782575597647,-1.0,11.0
6510,2026-05-11 22:04:40.600000+00:00,52.1735471,21.15279,94.8,42.41,-0.015,-0.023,0.965,0,42.118477705910806,26.0,49.91825221418994,-1.0,11.0
6515,2026-05-11 22:04:41.100000+00:00,52.1735743,21.1527149,94.9,42.65,-0.023,-0.022,0.964,0,42.823376466231835,26.0,55.57323981640068,-1.0,11.0
6520,2026-05-11 22:04:41.600000+00:00,52.1736017,21.1526384,95.0,43.42,-0.022,-0.03,0.979,0,43.49716759761234,26.0,61.36600203325424,-1.0,11.0
6525,2026-05-11 22:04:42.100000+00:00,52.1736291,21.1525608,95.1,44.04,-0.022,-0.022,0.964,0,43.96436386587897,26.0,67.25600217397853,-1.0,11.0
6530,2026-05-11 22:04:42.600000+00:00,52.173657,21.1524823,95.2,44.72,-0.015,-0.014,0.973,0,44.5472086242126,26.0,73.26423912243855,-1.0,11.0
6535,2026-05-11 22:04:43.100000+00:00,52.1736853,21.1524026,95.3,45.07,-0.026,-0.024,0.962,0,45.217530564352,26.0,79.39045359561517,-1.0,11.0
6540,2026-05-11 22:04:43.600000+00:00,52.173714,21.1523221,95.5,45.27,-0.048,-0.012,0.977,0,45.7179646335796,,85.60934136175592,-1.0,11.0
6545,2026-05-11 22:04:44.100000+00:00,52.1737423,21.1522415,95.5,45.55,-0.054,-0.021,0.968,0,45.60043697279857,,91.82236338207618,-1.0,11.0
6550,2026-05-11 22:04:44.600000+00:00,52.1737704,21.1521613,95.5,45.34,-0.062,-0.013,0.954,0,45.3504396321828,,98.01559663501476,-1.0,11.0
6555,2026-05-11 22:04:45.100000+00:00,52.1737984,21.1520815,95.6,45.06,-0.057,-0.012,0.978,0,45.1401856955496,,104.19331449079122,-1.0,11.0
6560,2026-05-11 22:04:45.600000+00:00,52.1738258,21.152001,95.6,45.34,-0.054,-0.015,0.977,0,45.203747062252404,,110.37687066033637,-1.0,11.0
6565,2026-05-11 22:04:46.100000+00:00,52.1738536,21.1519205,95.6,45.24,-0.045,-0.028,0.957,0,45.359997103396466,,116.59806003897474,-1.0,11.0
6570,2026-05-11 22:04:46.600000+00:00,52.1738818,21.1518398,95.8,45.33,-0.042,-0.025,0.966,0,45.603255935895305,,122.86530284481077,-1.0,11.0
6575,2026-05-11 22:04:47.100000+00:00,52.1739101,21.1517584,95.8,45.73,-0.056,-0.029,0.971,0,45.94159398781425,,129.18372206807092,-1.0,11.0
6580,2026-05-11 22:04:47.600000+00:00,52.1739383,21.1516773,95.9,45.61,-0.053,-0.019,0.98,0,45.77395186525442,,135.4849533324068,-1.0,11.0
6585,2026-05-11 22:04:48.100000+00:00,52.1739668,21.1515964,95.9,45.58,-0.057,-0.026,0.959,0,45.807695788549125,,141.8001911321853,-1.0,11.0
6590,2026-05-11 22:04:48.600000+00:00,52.1739952,21.1515164,95.9,45.36,-0.06,-0.025,0.935,0,45.384880679450234,,148.0634452834939,-1.0,11.0
6595,2026-05-11 22:04:49.100000+00:00,52.1740235,21.1514366,95.9,45.1,-0.082,-0.027,1.005,0,45.25976970212715,,154.31239895847395,-1.0,11.0
6600,2026-05-11 22:04:49.600000+00:00,52.1740514,21.1513571,96.0,44.99,-0.063,-0.01,0.992,0,44.97238573922798,,160.5215971236035,-1.0,11.0
6605,2026-05-11 22:04:50.100000+00:00,52.1740788,21.1512782,95.9,44.85,-0.066,-0.01,0.947,0,44.51831349325018,,166.66789875583729,-1.0,11.0
6610,2026-05-11 22:04:50.600000+00:00,52.1741067,21.1512005,96.0,44.13,-0.077,-0.013,0.978,0,44.207471652092046,,172.7824171252844,-1.0,11.0
6615,2026-05-11 22:04:51.100000+00:00,52.1741344,21.1511236,96.1,43.88,-0.076,-0.021,0.955,0,43.787630389472184,,178.84129899902783,-1.0,11.0
6620,2026-05-11 22:04:51.600000+00:00,52.1741618,21.1510469,96.3,43.42,-0.071,-0.019,0.964,0,43.58158109426581,,184.8713196753025,-1.0,11.0
6625,2026-05-11 22:04:52.100000+00:00,52.1741889,21.1509704,96.4,43.18,-0.06,-0.03,0.982,0,43.37610566386397,,190.87249572420444,-1.0,11.0
6630,2026-05-11 22:04:52.600000+00:00,52.1742155,21.1508937,96.5,43.23,-0.056,-0.024,0.963,0,43.262697945810196,,196.85454946638882,-1.0,11.0
6635,2026-05-11 22:04:53.100000+00:00,52.174242,21.1508163,96.6,43.14,-0.056,-0.038,0.954,0,43.523086992082895,,202.87112792562675,-1.0,11.0
6640,2026-05-11 22:04:53.600000+00:00,52.1742684,21.1507394,96.8,43.0,-0.064,-0.017,0.969,0,43.26972165690243,,208.85493727466184,-1.0,11.0
6645,2026-05-11 22:04:54.100000+00:00,52.1742949,21.1506629,96.9,43.37,-0.059,-0.017,0.965,0,43.13775998029897,,214.82393849949432,-1.0,11.0
6650,2026-05-11 22:04:54.600000+00:00,52.1743212,21.1505872,97.0,42.36,-0.072,-0.027,0.964,0,42.717028626408386,,220.73653088933125,-1.0,11.0
6655,2026-05-11 22:04:55.100000+00:00,52.174347,21.1505117,97.1,42.24,-0.065,-0.024,0.958,0,42.43531658051656,,226.60773008964622,-1.0,11.0
6660,2026-05-11 22:04:55.600000+00:00,52.1743729,21.1504361,97.2,42.18,-0.075,-0.017,0.964,0,42.51718130376561,,232.49193785315794,-1.0,11.0
6665,2026-05-11 22:04:56.100000+00:00,52.1743985,21.1503615,97.1,41.73,-0.067,-0.023,0.967,0,41.971407242760705,,237.76096425597112,-1.0,11.0
6670,2026-05-11 22:04:56.600000+00:00,52.174424,21.150287,97.3,41.31,-0.07,-0.014,0.972,0,41.88947306184196,,231.95223024551265,-1.0,11.0
6675,2026-05-11 22:04:57.100000+00:00,52.1744495,21.150213,97.3,41.3,-0.055,-0.018,0.972,0,41.675265812440855,,226.1746690541194,-1.0,11.0
6680,2026-05-11 22:04:57.600000+00:00,52.1744749,21.1501389,97.4,41.42,-0.062,-0.017,0.976,0,41.67893754304432,,220.39635221071939,-1.0,11.0
6685,2026-05-11 22:04:58.100000+00:00,52.1744999,21.1500651,97.5,41.35,-0.046,-0.028,0.938,0,41.39462156203473,,214.65628353287192,-1.0,11.0
6690,2026-05-11 22:04:58.600000+00:00,52.1745252,21.1499913,97.6,41.56,-0.049,-0.002,0.958,0,41.511268168838924,,208.90234119944728,-1.0,11.0
6695,2026-05-11 22:04:59.100000+00:00,52.1745502,21.1499173,97.6,41.37,-0.062,-0.008,1.006,0,41.480566535128,,203.15106573222494,-1.0,11.0
6700,2026-05-11 22:04:59.600000+00:00,52.1745752,21.1498433,97.8,41.15,-0.058,0.009,0.97,0,41.480548645428506,,197.40037139676997,-1.0,11.0
6705,2026-05-11 22:05:00.100000+00:00,52.1745998,21.149769,97.9,41.37,-0.045,-0.008,0.95,0,41.45651128330579,,191.65077457521556,-1.0,11.0
6710,2026-05-11 22:05:00.600000+00:00,52.1746238,21.1496947,97.9,41.1,-0.08,-0.003,0.983,0,41.2304536392686,,185.9300594397546,-1.0,11.0
6715,2026-05-11 22:05:01.100000+00:00,52.1746474,21.1496212,97.9,41.05,-0.08,-0.008,0.968,0,40.73379822795692,,180.2779780914194,-1.0,11.0
6720,2026-05-11 22:05:01.600000+00:00,52.1746711,21.1495489,98.0,40.36,-0.071,-0.034,0.959,0,40.25043381106214,,174.69570729475527,-1.0,11.0
6725,2026-05-11 22:05:02.100000+00:00,52.1746948,21.1494767,97.9,40.44,-0.067,0.0,0.957,0,40.20712391548832,,169.12015766180417,-1.0,11.0
6730,2026-05-11 22:05:02.600000+00:00,52.174718,21.1494049,98.0,40.2,-0.068,-0.018,0.979,0,39.84590319555011,,163.59328343864027,-1.0,11.0
6735,2026-05-11 22:05:03.100000+00:00,52.1747409,21.1493326,98.0,40.68,-0.05,-0.023,0.97,0,39.95244968296116,,158.04988427730996,-1.0,11.0
6740,2026-05-11 22:05:03.600000+00:00,52.174764,21.1492604,98.0,40.4,-0.055,-0.033,0.984,0,39.9826282810903,,152.50383063179933,-1.0,11.0
6745,2026-05-11 22:05:04.100000+00:00,52.1747875,21.1491881,98.1,40.93,-0.047,-0.051,0.953,0,40.17511796420246,,146.9336748541398,-1.0,11.0
6750,2026-05-11 22:05:04.600000+00:00,52.1748115,21.149116,98.2,40.81,-0.055,-0.033,0.978,0,40.27778574877292,,141.3538092656542,-1.0,11.0
6755,2026-05-11 22:05:05.100000+00:00,52.174836,21.1490442,98.2,40.81,-0.046,-0.037,0.97,0,40.34148908670997,,135.7710570064176,-1.0,11.0
6760,2026-05-11 22:05:05.600000+00:00,52.1748608,21.1489719,98.3,41.1,-0.043,-0.053,0.961,0,40.67286857071256,,130.14535788593915,-1.0,11.0
6765,2026-05-11 22:05:06.100000+00:00,52.1748863,21.1488997,98.5,41.27,-0.047,-0.062,0.973,0,40.90679634364722,,124.49680348848057,-1.0,11.0
6770,2026-05-11 22:05:06.600000+00:00,52.1749124,21.1488276,98.7,41.55,-0.038,-0.043,0.967,0,41.1063307034654,,118.831255591055,-1.0,11.0
6775,2026-05-11 22:05:07.100000+00:00,52.1749389,21.1487552,98.9,41.81,-0.054,-0.033,0.959,0,41.39643158397093,,113.1339357761531,-1.0,11.0
6780,2026-05-11 22:05:07.600000+00:00,52.174965,21.1486818,99.1,41.94,-0.046,-0.025,0.974,0,41.65720508053666,,107.39620953829733,-1.0,11.0
6785,2026-05-11 22:05:08.100000+00:00,52.174991,21.1486082,99.3,41.91,-0.053,-0.042,0.973,0,41.702143192295786,,101.65547459292044,-1.0,11.0
6790,2026-05-11 22:05:08.600000+00:00,52.1750177,21.1485353,99.5,41.62,-0.054,-0.033,0.972,0,41.68923664148998,,95.93662239735868,-1.0,11.0
6795,2026-05-11 22:05:09.100000+00:00,52.1750432,21.1484615,99.7,41.69,-0.058,0.003,0.954,0,41.589265780593465,,90.21747849585952,-1.0,11.0
6800,2026-05-11 22:05:09.600000+00:00,52.1750684,21.1483875,99.8,41.79,-0.056,-0.005,0.977,0,41.55769422550226,,84.5050352435866,-1.0,11.0
6805,2026-05-11 22:05:10.100000+00:00,52.1750932,21.1483126,99.9,41.89,-0.052,-0.025,0.956,0,41.791441025010016,25.0,78.7587366455526,-1.0,11.0
6810,2026-05-11 22:05:10.600000+00:00,52.1751194,21.1482402,100.0,41.55,-0.058,-0.021,0.974,0,41.273727890906024,25.0,73.13136759816526,-1.0,11.0
6815,2026-05-11 22:05:11.100000+00:00,52.175145,21.1481653,100.2,41.75,-0.058,-0.037,0.963,0,42.0994674990045,25.0,67.38062538317347,-1.0,11.0
6820,2026-05-11 22:05:11.600000+00:00,52.1751706,21.1480904,100.3,41.76,-0.057,-0.026,0.967,0,42.09944901548638,25.0,61.64802683203679,-1.0,11.0
6825,2026-05-11 22:05:12.100000+00:00,52.1751956,21.1480142,100.5,41.72,-0.056,-0.026,0.969,0,42.429376567785916,25.0,55.8724212633415,-1.0,11.0
6830,2026-05-11 22:05:12.600000+00:00,52.1752212,21.1479391,100.7,41.66,-0.057,-0.026,0.972,0,42.1852113115224,25.0,50.17983976798649,-1.0,11.0
6835,2026-05-11 22:05:13.100000+00:00,52.1752468,21.1478645,100.8,41.44,-0.054,-0.021,0.959,0,41.97079771066002,25.0,44.56372769795024,-1.0,11.0
6840,2026-05-11 22:05:13.600000+00:00,52.1752723,21.1477901,100.9,41.57,-0.045,-0.023,0.949,0,41.84599966841336,25.0,39.025616489629705,-1.0,11.0
6845,2026-05-11 22:05:14.100000+00:00,52.1752977,21.1477155,101.0,41.51,-0.069,-0.02,1.013,0,41.892802867480725,25.0,33.568031567263205,-1.0,11.0
6850,2026-05-11 22:05:14.600000+00:00,52.1753229,21.1476416,101.0,41.43,-0.04,-0.032,0.922,0,41.51459647899946,25.0,28.303563476281365,-1.0,11.0
6855,2026-05-11 22:05:15.100000+00:00,52.1753484,21.1475681,101.0,41.25,-0.067,-0.029,0.98,0,41.46078920011462,25.0,23.3072720843982,-1.0,11.0
6860,2026-05-11 22:05:15.600000+00:00,52.175374,21.1474951,101.0,41.27,-0.053,-0.021,0.968,0,41.28697173709321,25.0,18.789026769208363,-1.0,11.0
6865,2026-05-11 22:05:16.100000+00:00,52.1753994,21.1474213,101.0,41.41,-0.058,-0.022,0.973,0,41.54977115431511,25.0,15.060652445873181,-1.0,11.0
6870,2026-05-11 22:05:16.600000+00:00,52.1754246,21.1473476,101.0,41.51,-0.063,-0.032,0.956,0,41.42873336683746,25.0,12.918666803689861,-1.0,11.0
6875,2026-05-11 22:05:17.100000+00:00,52.1754495,21.1472746,101.0,41.11,-0.083,-0.018,0.973,0,41.01160212818361,25.0,13.139051905572664,-1.0,11.0
6880,2026-05-11 22:05:17.600000+00:00,52.1754743,21.1472025,101.0,40.83,-0.072,-0.019,0.964,0,40.58677142733061,25.0,15.579288815855929,-1.0,11.0
6885,2026-05-11 22:05:18.100000+00:00,52.175499,21.1471307,100.9,40.4,-0.081,-0.02,0.977,0,40.41912676738622,25.0,19.382255861935487,-1.0,11.0
6890,2026-05-11 22:05:18.600000+00:00,52.1755236,21.1470594,101.0,40.02,-0.08,-0.018,0.964,0,40.16587510944577,25.0,23.8832852399269,-1.0,11.0
6895,2026-05-11 22:05:19.100000+00:00,52.1755482,21.1469886,101.0,40.05,-0.08,-0.036,0.961,0,39.95209337102273,25.0,28.745131186611122,-1.0,11.0
6900,2026-05-11 22:05:19.600000+00:00,52.1755729,21.1469191,101.0,39.41,-0.091,-0.016,0.97,0,39.438101340751224,25.0,33.772657430197135,-1.0,11.0
6905,2026-05-11 22:05:20.100000+00:00,52.1755962,21.1468524,100.9,36.69,-0.222,0.0,0.97,0,37.68771832999643,25.0,38.678816403867856,-1.0,11.0
6910,2026-05-11 22:05:20.600000+00:00,52.1756172,21.1467911,100.9,33.86,-0.219,-0.015,0.955,0,34.47381229222837,25.0,43.222283549063505,-1.0,11.0
6915,2026-05-11 22:05:21.100000+00:00,52.1756363,21.1467356,100.9,30.14,-0.277,-0.003,0.962,0,31.24601378083218,25.0,47.38426495670403,-1.0,11.0
6920,2026-05-11 22:05:21.600000+00:00,52.1756528,21.1466877,100.9,25.72,-0.293,-0.01,0.956,0,26.973345591549176,25.0,51.0013378601466,-1.0,11.0
6925,2026-05-11 22:05:22.100000+00:00,52.175667,21.1466465,100.8,22.21,-0.294,-0.005,0.965,0,23.20356100166434,25.0,54.12714015866226,-1.0,11.0
6930,2026-05-11 22:05:22.600000+00:00,52.1756784,21.1466127,100.8,17.95,-0.287,-0.004,0.95,0,18.938854205504228,25.0,56.68092065352809,-1.0,11.0
6935,2026-05-11 22:05:23.100000+00:00,52.1756876,21.1465855,100.9,14.36,-0.264,-0.006,0.954,0,15.250788018010537,25.0,58.74287636997314,-1.0,11.0
6940,2026-05-11 22:05:23.600000+00:00,52.1756941,21.1465652,100.9,10.07,-0.332,-0.004,0.963,0,11.24336506585591,25.0,60.25731323568552,-1.0,11.0
6945,2026-05-11 22:05:24.100000+00:00,52.1756978,21.1465537,101.0,5.32,-0.347,-0.006,0.962,0,6.37597726356045,25.0,61.117599796248655,-1.0,11.0
6950,2026-05-11 22:05:24.600000+00:00,52.1756991,21.1465492,101.0,1.96,-0.23,-0.014,0.96,0,2.4422126241059785,25.0,61.44359694958128,-1.0,11.0
6955,2026-05-11 22:05:25.100000+00:00,52.1756993,21.1465483,101.1,0.15,-0.138,-0.015,0.969,0,0.4699845026616088,25.0,61.50441918589047,-1.0,11.0
6960,2026-05-11 22:05:25.600000+00:00,52.1756992,21.146548,101.2,0.05,-0.053,-0.019,0.966,0,0.16764172585239287,25.0,61.51249277999347,-1.0,11.0
6965,2026-05-11 22:05:26.100000+00:00,52.1756992,21.1465475,101.3,0.02,-0.058,-0.021,0.982,0,0.2454818870459257,25.0,61.53816025723988,-1.0,11.0
6970,2026-05-11 22:05:26.600000+00:00,52.1756991,21.1465464,101.5,0.15,-0.049,-0.019,0.972,0,0.5459621125651601,25.0,61.58734726646501,-1.0,11.0
6975,2026-05-11 22:05:27.100000+00:00,52.1756996,21.1465437,101.7,1.23,0.002,-0.024,0.973,0,1.3847247520108807,25.0,61.76268622417569,-1.0,11.0
6980,2026-05-11 22:05:27.600000+00:00,52.1757009,21.1465385,101.8,2.84,0.028,-0.029,0.977,0,2.7570093396886732,25.0,62.12519661532859,-1.0,11.0
6985,2026-05-11 22:05:28.100000+00:00,52.1757032,21.1465304,102.0,4.64,0.038,-0.029,0.976,0,4.382430630890546,25.0,62.710319257237224,-1.0,11.0
6990,2026-05-11 22:05:28.600000+00:00,52.1757067,21.1465192,102.1,6.18,0.044,-0.035,0.978,0,6.1715932507735,25.0,63.54322729098715,-1.0,11.0
6995,2026-05-11 22:05:29.100000+00:00,52.1757113,21.1465046,102.3,8.19,0.048,-0.039,0.979,0,8.058787737666051,25.0,64.6326342172595,-1.0,11.0
7000,2026-05-11 22:05:29.600000+00:00,52.1757176,21.1464868,102.5,10.27,0.061,-0.032,0.969,0,10.090228862498014,25.0,66.01171665674568,-1.0,11.0
7005,2026-05-11 22:05:30.100000+00:00,52.1757249,21.1464648,102.7,12.39,0.07,-0.039,0.983,0,12.280999375277005,25.0,67.68280218810231,-1.0,11.0
7010,2026-05-11 22:05:30.600000+00:00,52.175734,21.1464382,102.8,15.33,0.082,-0.024,0.972,0,14.95433914636508,25.0,69.72489244858292,-1.0,11.0
7015,2026-05-11 22:05:31.100000+00:00,52.1757446,21.1464075,103.0,17.74,0.084,-0.025,0.973,0,17.29743990137242,25.0,72.09105960355828,-1.0,11.0
7020,2026-05-11 22:05:31.600000+00:00,52.1757566,21.146373,103.1,19.84,0.069,-0.032,0.97,0,19.47312893764891,25.0,74.75899904666217,-1.0,11.0
7025,2026-05-11 22:05:32.100000+00:00,52.1757697,21.1463343,103.1,22.19,0.051,-0.038,0.981,0,21.702683045404275,25.0,77.72978622410129,-1.0,11.0
7030,2026-05-11 22:05:32.600000+00:00,52.1757843,21.1462934,103.3,23.39,0.023,-0.028,0.968,0,23.234674265817677,,80.92477380508011,-1.0,11.0
7035,2026-05-11 22:05:33.100000+00:00,52.1757998,21.1462503,103.2,24.9,0.025,-0.031,0.965,0,24.530768263071373,,84.30207723012003,-1.0,11.0
7040,2026-05-11 22:05:33.600000+00:00,52.1758158,21.1462047,103.3,25.9,-0.019,-0.047,0.978,0,25.79350791382624,,87.85076807359152,-1.0,11.0
7045,2026-05-11 22:05:34.100000+00:00,52.175832,21.1461588,103.2,25.9,-0.073,-0.037,0.958,0,26.0009455191437,,91.43182952984087,-1.0,11.0
7050,2026-05-11 22:05:34.600000+00:00,52.1758477,21.1461143,103.2,25.05,-0.077,-0.037,0.963,0,25.205532742170142,,94.90545486621859,-1.0,11.0
7055,2026-05-11 22:05:35.100000+00:00,52.1758636,21.1460703,103.1,24.65,-0.091,-0.057,0.97,0,25.073955834930686,,98.36694616259122,-1.0,11.0
7060,2026-05-11 22:05:35.600000+00:00,52.1758798,21.1460278,103.1,24.35,-0.093,-0.088,0.973,0,24.56827271907974,,101.76750010792793,-1.0,11.0
7065,2026-05-11 22:05:36.100000+00:00,52.1758963,21.1459857,103.1,24.39,-0.087,-0.082,0.955,0,24.530199183934915,,105.1666470342327,-1.0,11.0
7070,2026-05-11 22:05:36.600000+00:00,52.175913,21.1459458,103.2,23.47,-0.098,-0.081,0.964,0,23.717128268294402,,108.45856942463568,-1.0,11.0
7075,2026-05-11 22:05:37.100000+00:00,52.1759303,21.1459078,103.3,22.93,-0.093,-0.064,0.972,0,23.235765696823847,,111.68572929940288,-1.0,11.0
7080,2026-05-11 22:05:37.600000+00:00,52.1759481,21.1458715,103.4,22.63,-0.082,-0.052,0.958,0,22.818925592811414,,114.85254310840564,-1.0,11.0
7085,2026-05-11 22:05:38.100000+00:00,52.1759655,21.1458362,103.5,22.06,-0.089,-0.02,0.961,0,22.235549486522313,,117.9382162101601,-1.0,11.0
7090,2026-05-11 22:05:38.600000+00:00,52.1759814,21.1458006,103.7,21.14,-0.093,0.004,0.976,0,21.6224457798242,,120.94125995117582,-1.0,11.0
7095,2026-05-11 22:05:39.100000+00:00,52.1759968,21.1457655,103.9,21.09,-0.1,-0.007,0.967,0,21.189100620501556,,123.88385125765862,-1.0,11.0
7100,2026-05-11 22:05:39.600000+00:00,52.1760116,21.1457313,104.0,20.69,-0.086,0.016,0.948,0,20.550661394911316,,126.73746478604785,-1.0,11.0
7105,2026-05-11 22:05:40.100000+00:00,52.1760248,21.1456957,103.9,20.22,-0.092,0.004,0.982,0,20.42471186043885,,129.56256633074602,-1.0,11.0
7110,2026-05-11 22:05:40.600000+00:00,52.1760375,21.1456616,103.9,19.57,-0.092,0.007,0.97,0,19.587425674314034,,132.27278943495105,-1.0,11.0
7115,2026-05-11 22:05:41.100000+00:00,52.1760491,21.1456278,104.0,19.15,-0.074,0.011,0.968,0,19.016415359227636,,134.89486156680263,-1.0,11.0
7120,2026-05-11 22:05:41.600000+00:00,52.17606,21.1455953,104.1,18.37,-0.082,-0.009,0.98,0,18.186624946079213,,137.40021140000488,-1.0,11.0
7125,2026-05-11 22:05:42.100000+00:00,52.1760712,21.1455651,104.0,18.13,-0.07,-0.015,0.947,0,17.327498839375195,,139.79864899388545,-1.0,11.0
7130,2026-05-11 22:05:42.600000+00:00,52.1760815,21.1455351,103.9,17.71,-0.082,-0.012,0.974,0,16.880085347253793,,142.12782661393754,-1.0,11.0
7135,2026-05-11 22:05:43.100000+00:00,52.1760916,21.1455035,104.0,17.25,-0.085,-0.022,0.975,0,17.495115449600604,,144.53324556593904,-1.0,11.0
7140,2026-05-11 22:05:43.600000+00:00,52.1761019,21.1454736,104.0,16.98,-0.077,-0.02,0.957,0,16.83725767914563,,146.85798053415525,-1.0,11.0
7145,2026-05-11 22:05:44.100000+00:00,52.1761115,21.1454447,104.0,15.63,-0.145,-0.006,0.956,0,16.13664410180721,,149.08247586552417,-1.0,11.0
7150,2026-05-11 22:05:44.600000+00:00,52.1761199,21.1454214,104.0,13.07,-0.2,-0.007,0.963,0,13.269712033250157,,150.9187286258668,-1.0,11.0
7155,2026-05-11 22:05:45.100000+00:00,52.1761265,21.1454008,103.9,10.61,-0.202,-0.012,0.967,0,11.410896698798002,,152.48926532433734,-1.0,11.0
7160,2026-05-11 22:05:45.600000+00:00,52.1761315,21.1453849,104.0,7.82,-0.217,-0.01,0.963,0,8.772779787109654,,153.695642040809,-1.0,11.0
7165,2026-05-11 22:05:46.100000+00:00,52.1761349,21.1453741,103.9,5.26,-0.231,-0.005,0.956,0,5.960247997195914,,154.51541721395807,-1.0,11.0
7170,2026-05-11 22:05:46.600000+00:00,52.1761364,21.1453688,104.0,1.6,-0.254,-0.009,0.968,0,2.8658343507792043,,154.9069655481302,-1.0,11.0
7175,2026-05-11 22:05:47.100000+00:00,52.176136,21.1453678,104.1,0.09,-0.104,-0.014,0.971,0,0.5861699756163598,,154.93717505591195,-1.0,11.0
7180,2026-05-11 22:05:47.600000+00:00,52.1761357,21.145367,104.2,0.06,-0.061,-0.013,0.973,0,0.46038350900996566,,154.962646925498,-1.0,11.0
7185,2026-05-11 22:05:48.100000+00:00,52.1761354,21.1453664,104.3,0.02,-0.051,-0.016,0.972,0,0.38008102678061456,,154.97697604045737,-1.0,11.0
7190,2026-05-11 22:05:48.600000+00:00,52.176135,21.1453656,104.3,0.11,-0.056,-0.015,0.974,0,0.5067746990022957,,154.9961074354501,-1.0,11.0
7195,2026-05-11 22:05:49.100000+00:00,52.1761348,21.1453652,104.4,0.26,-0.056,-0.016,0.978,0,0.25338735274188484,,155.00568423307593,-1.0,11.0
7200,2026-05-11 22:05:49.600000+00:00,52.1761348,21.1453652,104.4,0.14,-0.053,-0.014,0.975,0,0.0,,155.00568423307593,-1.0,11.0
7205,2026-05-11 22:05:50.100000+00:00,52.1761346,21.145365,104.4,0.15,-0.057,-0.015,0.973,0,0.18783041696212185,,155.00409703464197,-1.0,11.0
7210,2026-05-11 22:05:50.600000+00:00,52.1761344,21.1453647,104.4,0.09,-0.054,-0.016,0.977,0,0.217559877029717,,155.00810051615863,-1.0,11.0
7215,2026-05-11 22:05:51.100000+00:00,52.1761341,21.1453646,104.5,0.03,-0.055,-0.015,0.975,0,0.24514758762981695,,154.99456098671214,-1.0,11.0
7220,2026-05-11 22:05:51.600000+00:00,52.1761338,21.1453645,104.5,0.05,-0.054,-0.014,0.976,0,0.2451475880088582,,154.98102775485148,-1.0,11.0
7225,2026-05-11 22:05:52.100000+00:00,52.1761335,21.1453642,104.6,0.15,-0.054,-0.015,0.976,0,0.2817456254981804,,154.97867845485385,-1.0,11.0
7230,2026-05-11 22:05:52.600000+00:00,52.1761331,21.1453639,104.6,0.05,-0.053,-0.013,0.973,0,0.3524885970558546,,154.96997119162427,-1.0,11.0
7235,2026-05-11 22:05:53.100000+00:00,52.1761327,21.1453637,104.7,0.05,-0.054,-0.014,0.976,0,0.3349569796229207,,154.95568761210583,-1.0,11.0
7240,2026-05-11 22:05:53.600000+00:00,52.1761323,21.1453633,104.7,0.02,-0.055,-0.016,0.974,0,0.37566083547673973,,154.9526016011113,-1.0,11.0
7245,2026-05-11 22:05:54.100000+00:00,52.1761319,21.1453629,104.8,0.02,-0.053,-0.015,0.976,0,0.3756608363999402,,154.949533097721,-1.0,11.0
7250,2026-05-11 22:05:54.600000+00:00,52.1761314,21.1453624,104.9,0.01,-0.054,-0.015,0.976,0,0.46957604944200576,,154.9457220896992,-1.0,11.0
7255,2026-05-11 22:05:55.100000+00:00,52.176131,21.1453619,105.0,0.13,-0.055,-0.016,0.975,0,0.403503079983569,,154.94828984605277,-1.0,11.0
7260,2026-05-11 22:05:55.600000+00:00,52.1761307,21.1453611,105.1,0.09,-0.054,-0.016,0.974,0,0.4603835480075111,,154.9740211884199,-1.0,11.0
7265,2026-05-11 22:05:56.100000+00:00,52.1761304,21.1453604,105.2,0.03,-0.052,-0.014,0.976,0,0.4192814134657177,,154.99417483188446,-1.0,11.0
7270,2026-05-11 22:05:56.600000+00:00,52.1761302,21.1453598,105.4,0.07,-0.053,-0.015,0.976,0,0.3352809388120158,,155.01508894107442,-1.0,11.0
7275,2026-05-11 22:05:57.100000+00:00,52.1761299,21.1453591,105.5,0.14,-0.052,-0.017,0.976,0,0.41928141499477917,,155.0352765027881,-1.0,11.0
7280,2026-05-11 22:05:57.600000+00:00,52.1761297,21.1453582,105.7,0.12,-0.053,-0.015,0.978,0,0.4699804846122928,,155.07302651164366,-1.0,11.0
7285,2026-05-11 22:05:58.100000+00:00,52.1761294,21.1453574,105.9,0.1,-0.053,-0.019,0.976,0,0.4603835564683234,,155.09885699215155,-1.0,11.0
7290,2026-05-11 22:05:58.600000+00:00,52.176129,21.1453565,106.0,0.13,-0.054,-0.015,0.975,0,0.545708319116047,,155.12398720514764,-1.0,11.0
7295,2026-05-11 22:05:59.100000+00:00,52.1761288,21.1453554,106.2,0.08,-0.055,-0.015,0.975,0,0.5632920825050802,,155.1730164771687,-1.0,11.0
7300,2026-05-11 22:05:59.600000+00:00,52.1761284,21.1453544,106.4,0.19,-0.054,-0.017,0.976,0,0.5861700445674743,,155.2038178523841,-1.0,11.0
7305,2026-05-11 22:06:00.100000+00:00,52.1761279,21.1453535,106.5,0.13,-0.052,-0.014,0.976,0,0.5962252230505829,,155.22272779291697,-1.0,11.0
7310,2026-05-11 22:06:00.600000+00:00,52.1761274,21.1453523,106.6,0.13,-0.052,-0.016,0.974,0,0.7122781811895784,,155.25852261316655,-1.0,11.0
7315,2026-05-11 22:06:01.100000+00:00,52.1761269,21.1453509,106.8,0.04,-0.052,-0.017,0.976,0,0.7954127416578105,,155.3056059530441,-1.0,11.0
7320,2026-05-11 22:06:01.600000+00:00,52.1761264,21.1453495,106.9,0.05,-0.052,-0.014,0.976,0,0.7954127471206424,,155.35275358654206,-1.0,11.0
7325,2026-05-11 22:06:02.100000+00:00,52.176126,21.1453476,107.0,0.42,-0.023,-0.018,0.976,0,0.9862615463881057,,155.4343681062943,-1.0,11.0
7330,2026-05-11 22:06:02.600000+00:00,52.1761262,21.1453435,107.1,1.74,0.012,-0.025,0.975,0,2.019290599773075,,155.6775247708345,-1.0,11.0
7335,2026-05-11 22:06:03.100000+00:00,52.1761276,21.1453376,107.2,2.94,0.027,-0.016,0.974,0,3.105949647213336,,156.09744282970593,-1.0,11.0
7340,2026-05-11 22:06:03.600000+00:00,52.1761301,21.1453284,107.4,4.84,0.036,-0.018,0.977,0,4.940417791896167,,156.77222668486667,-1.0,11.0
7345,2026-05-11 22:06:04.100000+00:00,52.1761333,21.1453165,107.5,6.66,0.044,-0.022,0.98,0,6.379441227251543,,157.64308094346305,-1.0,11.0
7350,2026-05-11 22:06:04.600000+00:00,52.1761376,21.145301,107.6,8.83,0.063,-0.021,0.974,0,8.35233429390197,,158.78588348112692,-1.0,11.0
7355,2026-05-11 22:06:05.100000+00:00,52.176143,21.1452819,107.8,10.92,0.074,-0.024,0.973,0,10.325919088513286,,160.20076822204766,-1.0,11.0
7360,2026-05-11 22:06:05.600000+00:00,52.1761499,21.1452587,107.8,13.3,0.079,-0.016,0.969,0,12.659149654397233,,161.94103047988983,-1.0,11.0
7365,2026-05-11 22:06:06.100000+00:00,52.1761583,21.1452317,107.8,15.89,0.087,-0.016,0.976,0,14.864221426430595,,163.98977058251992,-1.0,11.0
7370,2026-05-11 22:06:06.600000+00:00,52.1761681,21.1452001,107.6,18.47,0.088,-0.006,0.978,0,17.38538663752664,,166.38612305444124,-1.0,11.0
7375,2026-05-11 22:06:07.100000+00:00,52.1761792,21.1451639,107.5,21.0,0.093,0.0,0.977,0,19.870637739096722,,169.1241378981347,-1.0,11.0
7380,2026-05-11 22:06:07.600000+00:00,52.1761915,21.1451237,107.4,22.92,0.079,-0.013,0.949,0,22.056796545288844,,172.16387982364898,-1.0,11.0
7385,2026-05-11 22:06:08.100000+00:00,52.1762045,21.1450802,107.3,24.81,0.044,-0.044,0.992,0,23.757761326061775,,175.43510047742748,-1.0,11.0
7390,2026-05-11 22:06:08.600000+00:00,52.1762185,21.1450336,107.2,26.5,0.028,-0.025,0.971,0,25.476692763700107,,178.94509238140313,-1.0,11.0
7395,2026-05-11 22:06:09.100000+00:00,52.1762337,21.144985,107.1,27.83,0.022,-0.038,0.978,0,26.784602642122554,,182.6433381594996,-1.0,11.0
7400,2026-05-11 22:06:09.600000+00:00,52.1762499,21.1449339,107.0,29.13,0.026,-0.053,0.964,0,28.242166594268156,,186.54598335785101,-1.0,11.0
7405,2026-05-11 22:06:10.100000+00:00,52.1762668,21.1448797,107.0,30.73,0.024,-0.041,0.967,0,29.852188649223997,,190.66918639649953,-1.0,11.0
7410,2026-05-11 22:06:10.600000+00:00,52.1762846,21.1448233,106.9,31.85,0.006,-0.023,0.976,0,31.1419272685917,,194.97367067460155,-1.0,11.0
7415,2026-05-11 22:06:11.100000+00:00,52.1763029,21.1447656,106.8,32.68,0.007,-0.035,0.979,0,31.892659954363687,,199.38368633223556,-1.0,11.0
7420,2026-05-11 22:06:11.600000+00:00,52.1763223,21.1447053,106.8,34.04,0.005,-0.042,0.957,0,33.431611289596205,,204.00979934791317,-1.0,11.0
7425,2026-05-11 22:06:12.100000+00:00,52.1763422,21.1446437,106.7,34.79,-0.036,-0.04,0.967,0,34.18280592904514,,208.74130937995577,-1.0,11.0
7430,2026-05-11 22:06:12.600000+00:00,52.1763632,21.1445826,106.5,34.86,-0.036,-0.042,0.983,0,34.38768288590403,,213.5101991771293,-1.0,11.0
7435,2026-05-11 22:06:13.100000+00:00,52.1763846,21.1445206,106.2,35.28,-0.031,-0.046,0.935,0,34.929747661409756,,218.35504228234765,-1.0,11.0
7440,2026-05-11 22:06:13.600000+00:00,52.1764069,21.1444583,106.1,35.63,-0.051,-0.044,0.986,0,35.415870078751425,,223.27087470335596,-1.0,11.0
7445,2026-05-11 22:06:14.100000+00:00,52.1764293,21.1443953,106.2,35.87,-0.04,-0.042,0.967,0,35.75317387304321,,228.2331467815215,-1.0,11.0
7450,2026-05-11 22:06:14.600000+00:00,52.1764525,21.1443327,106.2,35.99,-0.028,-0.038,0.959,0,35.91046058890222,,233.2198594280215,-1.0,11.0
7455,2026-05-11 22:06:15.100000+00:00,52.1764758,21.1442682,106.2,36.91,-0.032,-0.036,0.978,0,36.752533818260744,,238.32219863041743,-1.0,11.0
7460,2026-05-11 22:06:15.600000+00:00,52.1764992,21.1442032,106.2,36.95,-0.026,-0.037,0.96,0,37.00470427791768,,243.4594148141687,-1.0,11.0
7465,2026-05-11 22:06:16.100000+00:00,52.1765231,21.1441373,106.1,37.97,-0.022,-0.021,0.977,0,37.58859434283983,,248.67825378816602,-1.0,11.0
7470,2026-05-11 22:06:16.600000+00:00,52.1765472,21.1440701,106.1,38.43,-0.032,-0.022,0.978,0,38.21990438326574,,253.98409749077325,-1.0,11.0
7475,2026-05-11 22:06:17.100000+00:00,52.1765717,21.144002,106.0,38.88,-0.027,-0.032,0.956,0,38.76301388737225,,259.3656559579638,-1.0,11.0
7480,2026-05-11 22:06:17.600000+00:00,52.1765961,21.1439328,106.0,39.37,-0.045,-0.027,0.979,0,39.189786122047785,,264.80503643083085,-1.0,11.0
7485,2026-05-11 22:06:18.100000+00:00,52.1766207,21.1438629,105.9,39.81,-0.041,-0.03,0.96,0,39.56752664901286,,270.2968329193519,-1.0,11.0
7490,2026-05-11 22:06:18.600000+00:00,52.176646,21.1437928,105.8,40.19,-0.032,-0.031,0.977,0,39.93401772411935,,275.84147936333295,-1.0,11.0
7495,2026-05-11 22:06:19.100000+00:00,52.1766713,21.1437221,105.7,40.47,-0.033,-0.024,0.978,0,40.188145811282716,,281.42093706743947,-1.0,11.0
7500,2026-05-11 22:06:19.600000+00:00,52.1766971,21.1436504,105.6,41.06,-0.032,-0.025,0.975,0,40.81403812244206,,287.08773672205183,-1.0,11.0
7505,2026-05-11 22:06:20.100000+00:00,52.1767229,21.1435776,105.4,41.31,-0.031,-0.023,0.964,0,41.280706143791875,,292.81834637001697,-1.0,11.0
7510,2026-05-11 22:06:20.600000+00:00,52.1767492,21.1435038,105.4,41.79,-0.033,-0.029,0.968,0,41.90618066837629,,298.63630611911543,-1.0,11.0
7515,2026-05-11 22:06:21.100000+00:00,52.1767755,21.143429,105.3,42.43,-0.015,-0.023,0.958,0,42.33136029251566,,304.5123441494735,-1.0,11.0
7520,2026-05-11 22:06:21.600000+00:00,52.1768023,21.1433533,105.2,43.1,-0.03,-0.037,0.972,0,42.91396163539178,,310.46993371789017,-1.0,11.0
7525,2026-05-11 22:06:22.100000+00:00,52.1768296,21.143277,105.2,43.34,-0.033,-0.02,0.974,0,43.36965287667504,,316.49163283552764,-1.0,11.0
7530,2026-05-11 22:06:22.600000+00:00,52.1768571,21.1432,105.1,43.64,-0.036,-0.029,0.962,0,43.74717479722601,,322.56570099867906,-1.0,11.0
7535,2026-05-11 22:06:23.100000+00:00,52.1768846,21.1431219,105.1,44.11,-0.042,-0.024,0.97,0,44.2146596690947,,317.4359610053756,-1.0,11.0
7540,2026-05-11 22:06:23.600000+00:00,52.1769126,21.1430439,104.9,44.08,-0.067,-0.019,0.972,0,44.372948780875944,,311.3489120619292,-1.0,11.0
7545,2026-05-11 22:06:24.100000+00:00,52.1769398,21.1429658,104.9,43.54,-0.075,-0.022,0.957,0,44.09551246958391,,305.31638424010936,-1.0,11.0
7550,2026-05-11 22:06:24.600000+00:00,52.1769675,21.1428887,104.7,43.41,-0.077,-0.024,0.984,0,43.87024936653152,,299.30435164076044,-1.0,11.0
7555,2026-05-11 22:06:25.100000+00:00,52.176995,21.1428119,104.6,43.32,-0.063,-0.02,0.952,0,43.662252705221675,,293.32563204133,-1.0,11.0
7560,2026-05-11 22:06:25.600000+00:00,52.1770226,21.1427362,104.6,42.67,-0.066,-0.024,0.975,0,43.237591089341706,,287.40059843284644,-1.0,11.0
7565,2026-05-11 22:06:26.100000+00:00,52.1770497,21.1426597,104.6,43.05,-0.049,-0.023,0.965,0,43.374014036628225,,281.4734753040666,-1.0,11.0
7570,2026-05-11 22:06:26.600000+00:00,52.1770767,21.1425836,104.5,42.97,-0.066,-0.026,0.971,0,43.1639113343111,,275.578500288821,-1.0,11.0
7575,2026-05-11 22:06:27.100000+00:00,52.1771041,21.1425078,104.5,43.38,-0.051,-0.031,0.964,0,43.19820829431998,,269.67429683729404,-1.0,11.0
7580,2026-05-11 22:06:27.600000+00:00,52.1771312,21.1424317,104.3,43.41,-0.044,-0.031,0.971,0,43.20402122331687,,263.780926174345,-1.0,11.0
7585,2026-05-11 22:06:28.100000+00:00,52.1771587,21.1423553,104.2,43.45,-0.048,-0.033,0.964,0,43.492660803288004,,257.84775455633917,-1.0,11.0
7590,2026-05-11 22:06:28.600000+00:00,52.1771869,21.1422799,104.0,43.31,-0.059,-0.042,0.979,0,43.35911405266049,,251.9189858671037,-1.0,11.0
7595,2026-05-11 22:06:29.100000+00:00,52.1772162,21.1422052,103.7,43.68,-0.053,-0.039,0.969,0,43.534206799586364,,245.94873686046824,-1.0,11.0
7600,2026-05-11 22:06:29.600000+00:00,52.1772461,21.1421305,103.4,43.7,-0.054,-0.042,0.966,0,43.7948910394988,,239.9376227500165,-1.0,11.0
7605,2026-05-11 22:06:30.100000+00:00,52.1772788,21.1420583,102.4,43.58,-0.06,-0.032,0.982,0,44.06610243083113,,233.8471927334705,-1.0,11.0
7610,2026-05-11 22:06:30.600000+00:00,52.1773105,21.1419853,102.0,43.87,-0.059,-0.047,0.97,0,43.915136192673906,,227.79296496223967,-1.0,11.0
7615,2026-05-11 22:06:31.100000+00:00,52.1773423,21.1419128,101.7,43.73,-0.05,-0.046,0.955,0,43.761543790840456,,221.75880339065858,-1.0,11.0
7620,2026-05-11 22:06:31.600000+00:00,52.1773745,21.1418413,101.4,43.86,-0.055,-0.074,0.976,0,43.55194217735457,,215.7469987613397,-1.0,11.0
7625,2026-05-11 22:06:32.100000+00:00,52.1774079,21.1417716,101.1,43.77,-0.05,-0.083,0.948,0,43.42772434660064,,209.73644052167793,-1.0,11.0
7630,2026-05-11 22:06:32.600000+00:00,52.1774415,21.1417012,101.1,43.65,-0.048,-0.065,0.974,0,43.797167860162816,,203.67705778873727,-1.0,11.0
7635,2026-05-11 22:06:33.100000+00:00,52.1774758,21.1416315,101.2,43.87,-0.045,-0.06,0.98,0,43.87502414795049,,197.60070318839362,-1.0,11.0
7640,2026-05-11 22:06:33.600000+00:00,52.177511,21.1415614,101.2,44.6,-0.045,-0.054,0.946,0,44.48130512396257,,191.4369960912793,-1.0,11.0
7645,2026-05-11 22:06:34.100000+00:00,52.1775469,21.1414929,101.0,44.66,-0.05,-0.055,0.96,0,44.238395646515556,,185.30007691995993,-1.0,11.0
7650,2026-05-11 22:06:34.600000+00:00,52.1775832,21.1414249,101.0,44.39,-0.064,-0.059,0.962,0,44.26166444085057,,179.15782613767385,-1.0,11.0
7655,2026-05-11 22:06:35.100000+00:00,52.1776206,21.1413587,101.0,44.4,-0.061,-0.084,0.964,0,44.19088420174262,,173.02079780402644,-1.0,11.0
7660,2026-05-11 22:06:35.600000+00:00,52.1776591,21.1412948,100.9,43.75,-0.058,-0.068,0.953,0,43.979824455271604,,166.9135108613415,-1.0,11.0
7665,2026-05-11 22:06:36.100000+00:00,52.1776981,21.1412306,100.8,44.63,-0.069,-0.054,0.988,0,44.36578890304724,,160.75324926350754,-1.0,11.0
7670,2026-05-11 22:06:36.600000+00:00,52.1777375,21.1411676,100.8,44.31,-0.056,-0.051,0.947,0,44.1772829651618,,154.62215562973932,-1.0,11.0
7675,2026-05-11 22:06:37.100000+00:00,52.1777773,21.1411056,100.8,44.09,-0.069,-0.042,0.967,0,44.06595666739924,,148.51073132520852,-1.0,11.0
7680,2026-05-11 22:06:37.600000+00:00,52.1778171,21.1410447,100.7,44.02,-0.079,-0.044,0.969,0,43.69465666119877,,142.45490590567204,-1.0,11.0
7685,2026-05-11 22:06:38.100000+00:00,52.1778567,21.1409847,100.7,43.38,-0.08,-0.04,0.986,0,43.276058675392356,,136.46034933428209,-1.0,11.0
7690,2026-05-11 22:06:38.600000+00:00,52.1778967,21.1409264,100.5,43.3,-0.078,-0.052,0.99,0,42.950578066535705,,130.52246924769676,-1.0,11.0
7695,2026-05-11 22:06:39.100000+00:00,52.177937,21.1408692,100.5,43.17,-0.068,-0.046,0.957,0,42.77347049964573,,124.62024375838111,-1.0,11.0
7700,2026-05-11 22:06:39.600000+00:00,52.1779775,21.1408126,100.4,43.13,-0.063,-0.037,0.951,0,42.702101164206,,118.73743571757514,-1.0,11.0
7705,2026-05-11 22:06:40.100000+00:00,52.1780179,21.1407573,100.1,42.66,-0.078,-0.019,0.975,0,42.228205866960884,,112.93339658107837,-1.0,11.0
7710,2026-05-11 22:06:40.600000+00:00,52.1780582,21.1407021,99.9,42.55,-0.07,-0.022,0.983,0,42.135307840769805,,107.1484481592416,-1.0,11.0
7715,2026-05-11 22:06:41.100000+00:00,52.1780985,21.1406478,99.6,42.32,-0.069,-0.032,0.944,0,41.85248319139999,,101.41786195642537,-1.0,11.0
7720,2026-05-11 22:06:41.600000+00:00,52.1781384,21.1405935,99.4,42.0,-0.077,-0.031,0.972,0,41.606091882636264,,95.72574661795356,-1.0,11.0
7725,2026-05-11 22:06:42.100000+00:00,52.1781778,21.1405392,99.1,41.72,-0.074,-0.025,0.966,0,41.299531667456456,,90.0798664148187,-1.0,11.0
7730,2026-05-11 22:06:42.600000+00:00,52.178217,21.1404855,98.9,41.26,-0.078,-0.026,0.965,0,40.98726737002109,,84.49199117197593,-1.0,11.0
7735,2026-05-11 22:06:43.100000+00:00,52.1782559,21.1404316,98.7,41.16,-0.076,-0.036,0.969,0,40.8671474542779,24.0,78.92876636631269,-1.0,11.0
7740,2026-05-11 22:06:43.600000+00:00,52.1782947,21.1403783,98.5,40.94,-0.068,-0.03,0.968,0,40.61576006909704,24.0,73.42221389755325,-1.0,11.0
7745,2026-05-11 22:06:44.100000+00:00,52.1783337,21.1403255,98.3,40.93,-0.069,-0.021,0.954,0,40.58110694840772,24.0,67.95238728274064,-1.0,11.0
7750,2026-05-11 22:06:44.600000+00:00,52.1783723,21.1402729,98.1,40.78,-0.064,-0.021,0.973,0,40.27218463923318,24.0,62.54857158360348,-1.0,11.0
7755,2026-05-11 22:06:45.100000+00:00,52.1784104,21.1402198,97.9,40.41,-0.054,-0.017,0.989,0,40.124859771776315,24.0,57.18295359487197,-1.0,11.0
7760,2026-05-11 22:06:45.600000+00:00,52.1784489,21.1401666,97.8,40.73,-0.061,-0.031,0.948,0,40.40054944485104,24.0,51.83213813331035,-1.0,11.0
7765,2026-05-11 22:06:46.100000+00:00,52.1784872,21.1401132,97.6,40.33,-0.062,-0.042,0.968,0,40.342241258042115,24.0,46.54160150114936,-1.0,11.0
7770,2026-05-11 22:06:46.600000+00:00,52.1785255,21.1400596,97.5,40.54,-0.058,-0.029,0.967,0,40.4061006222879,24.0,41.32131569779519,-1.0,11.0
7775,2026-05-11 22:06:47.100000+00:00,52.1785638,21.1400064,97.3,40.33,-0.069,-0.023,0.969,0,40.278476030650815,24.0,36.24347657549519,-1.0,11.0
7780,2026-05-11 22:06:47.600000+00:00,52.1786019,21.1399544,97.1,40.22,-0.072,-0.024,0.966,0,39.776059017800684,24.0,31.426632959506943,-1.0,11.0
7785,2026-05-11 22:06:48.100000+00:00,52.1786395,21.1399017,96.9,39.98,-0.074,-0.007,0.959,0,39.693035921858616,24.0,26.84853470649397,-1.0,11.0
7790,2026-05-11 22:06:48.600000+00:00,52.1786768,21.1398496,96.8,39.6,-0.076,-0.019,0.998,0,39.3189337219167,24.0,22.73317814222149,-1.0,11.0
7795,2026-05-11 22:06:49.100000+00:00,52.1787142,21.1397981,96.6,39.67,-0.062,-0.026,0.947,0,39.18908139702397,24.0,19.33957770513543,-1.0,11.0
7800,2026-05-11 22:06:49.600000+00:00,52.1787512,21.1397468,96.5,39.19,-0.08,-0.015,0.974,0,38.88126370514568,24.0,17.038838439948165,-1.0,11.0
7805,2026-05-11 22:06:50.100000+00:00,52.1787881,21.1396958,96.3,39.03,-0.069,-0.018,0.959,0,38.72490428973075,24.0,16.28517290418646,-1.0,11.0
7810,2026-05-11 22:06:50.600000+00:00,52.1788247,21.1396452,96.1,38.73,-0.082,-0.016,0.98,0,38.41469979598224,24.0,17.246176628007955,-1.0,11.0
7815,2026-05-11 22:06:51.100000+00:00,52.1788612,21.1395948,95.9,38.65,-0.06,-0.018,0.971,0,38.2901326151349,24.0,19.65478197214226,-1.0,11.0
7820,2026-05-11 22:06:51.600000+00:00,52.1788977,21.1395439,95.8,38.75,-0.054,-0.024,0.955,0,38.44919317937961,24.0,23.057060274426743,-1.0,11.0
7825,2026-05-11 22:06:52.100000+00:00,52.1789342,21.1394929,95.6,38.67,-0.064,-0.024,0.965,0,38.48110353526488,24.0,27.092486374508223,-1.0,11.0
7830,2026-05-11 22:06:52.600000+00:00,52.1789708,21.1394419,95.5,38.85,-0.062,-0.022,0.976,0,38.54192210689131,24.0,31.530920279009663,-1.0,11.0
7835,2026-05-11 22:06:53.100000+00:00,52.1790076,21.1393908,95.4,38.75,-0.046,-0.02,0.975,0,38.69559166327858,24.0,36.240694227081285,-1.0,11.0
7840,2026-05-11 22:06:53.600000+00:00,52.1790446,21.1393394,95.3,39.03,-0.061,-0.026,0.947,0,38.9129729728354,24.0,41.1410786115062,-1.0,11.0
7845,2026-05-11 22:06:54.100000+00:00,52.1790809,21.1392886,95.2,38.37,-0.078,-0.022,0.967,0,38.295584404104844,24.0,46.067088361373074,-1.0,11.0
7850,2026-05-11 22:06:54.600000+00:00,52.1791171,21.139238,95.1,38.27,-0.072,-0.018,0.973,0,38.17088043743121,24.0,51.056557046408656,-1.0,11.0
7855,2026-05-11 22:06:55.100000+00:00,52.1791532,21.1391877,95.0,38.28,-0.052,-0.017,0.969,0,38.014281648920715,24.0,56.08491214102101,-1.0,11.0
7860,2026-05-11 22:06:55.600000+00:00,52.1791897,21.1391371,94.9,38.57,-0.05,-0.023,0.965,0,38.35353399540381,24.0,61.20461290062618,-1.0,11.0
7865,2026-05-11 22:06:56.100000+00:00,52.1792261,21.1390857,94.8,38.59,-0.053,-0.021,0.966,0,38.54849051723963,24.0,66.37111642305854,-1.0,11.0
7870,2026-05-11 22:06:56.600000+00:00,52.1792626,21.1390344,94.6,38.46,-0.06,-0.013,0.976,0,38.57696951407911,24.0,71.57192035284073,-1.0,11.0
7875,2026-05-11 22:06:57.100000+00:00,52.179299,21.1389825,94.6,38.65,-0.06,-0.014,0.962,0,38.70958570280738,24.0,76.80394183392153,-1.0,11.0
7880,2026-05-11 22:06:57.600000+00:00,52.1793356,21.1389311,94.5,38.64,-0.073,-0.013,0.975,0,38.66964043408525,,82.05743962146394,-1.0,11.0
7885,2026-05-11 22:06:58.100000+00:00,52.179372,21.1388803,94.3,38.4,-0.065,-0.023,0.961,0,38.35627023937235,,87.28556307007823,-1.0,11.0
7890,2026-05-11 22:06:58.600000+00:00,52.1794084,21.1388297,94.2,38.08,-0.075,-0.024,0.977,0,38.292490890831154,,92.51808783618934,-1.0,11.0
7895,2026-05-11 22:06:59.100000+00:00,52.1794448,21.1387792,94.1,38.57,-0.06,-0.022,0.971,0,38.260649338147026,,97.75637161493769,-1.0,11.0
7900,2026-05-11 22:06:59.600000+00:00,52.1794809,21.1387286,93.9,38.47,-0.064,-0.02,0.975,0,38.10999650911068,,102.97751383131109,-1.0,11.0
7905,2026-05-11 22:07:00.100000+00:00,52.1795175,21.1386782,93.8,38.4,-0.059,-0.019,0.936,0,38.351031939321906,,108.24563322757257,-1.0,11.0
7910,2026-05-11 22:07:00.600000+00:00,52.179554,21.1386282,93.7,38.06,-0.077,-0.016,0.993,0,38.163286927390196,,113.49523740032235,-1.0,11.0
7915,2026-05-11 22:07:01.100000+00:00,52.1795901,21.1385782,93.5,37.94,-0.072,-0.022,0.948,0,37.91862121656813,,118.71189831223404,-1.0,11.0
7920,2026-05-11 22:07:01.600000+00:00,52.1796262,21.1385282,93.4,38.07,-0.062,-0.027,0.947,0,37.91860832820577,,123.93277191075582,-1.0,11.0
7925,2026-05-11 22:07:02.100000+00:00,52.1796621,21.1384785,93.3,37.72,-0.073,-0.016,1.001,0,37.701214602177714,,129.12753306155696,-1.0,11.0
7930,2026-05-11 22:07:02.600000+00:00,52.1796983,21.1384285,93.1,38.12,-0.049,-0.015,0.958,0,37.979640450174244,,134.3646236001978,-1.0,11.0
7935,2026-05-11 22:07:03.100000+00:00,52.1797344,21.1383779,92.9,38.18,-0.061,-0.009,0.958,0,38.10990422341796,,139.61807606059259,-1.0,11.0
7940,2026-05-11 22:07:03.600000+00:00,52.1797702,21.1383263,92.9,38.17,-0.062,-0.011,0.982,0,38.2513858714341,,144.88496789495284,-1.0,11.0
7945,2026-05-11 22:07:04.100000+00:00,52.179806,21.1382745,92.8,38.34,-0.062,-0.008,0.979,0,38.31646370690282,,150.16277880603752,-1.0,11.0
7950,2026-05-11 22:07:04.600000+00:00,52.1798418,21.1382222,92.8,38.74,-0.047,-0.02,0.956,0,38.4797925906594,,155.46294114295787,-1.0,11.0
7955,2026-05-11 22:07:05.100000+00:00,52.179878,21.1381701,92.6,38.85,-0.059,-0.035,0.972,0,38.653862709922386,,160.79474919899656,-1.0,11.0
7960,2026-05-11 22:07:05.600000+00:00,52.1799142,21.1381184,92.5,38.6,-0.061,-0.033,0.973,0,38.52419654087575,,166.1132666520499,-1.0,11.0
7965,2026-05-11 22:07:06.100000+00:00,52.1799508,21.1380668,92.4,38.83,-0.05,-0.031,0.958,0,38.73355221856778,,171.46618067860294,-1.0,11.0
7970,2026-05-11 22:07:06.600000+00:00,52.1799876,21.1380153,92.4,38.94,-0.062,-0.041,0.965,0,38.8228243007395,,176.83489938938476,-1.0,11.0
7975,2026-05-11 22:07:07.100000+00:00,52.1800248,21.1379637,92.3,39.36,-0.057,-0.025,0.97,0,39.09818297110207,,182.24515256324713,-1.0,11.0
7980,2026-05-11 22:07:07.600000+00:00,52.1800618,21.1379122,92.2,38.98,-0.052,-0.018,0.962,0,38.944450361081564,,187.6345203997796,-1.0,11.0
7985,2026-05-11 22:07:08.100000+00:00,52.180099,21.1378602,92.1,39.4,-0.053,-0.015,0.97,0,39.225664118161234,,193.06296433803672,-1.0,11.0
7990,2026-05-11 22:07:08.600000+00:00,52.180136,21.137808,92.1,39.3,-0.044,-0.027,0.974,0,39.16838128489404,,198.4824805040031,-1.0,11.0
7995,2026-05-11 22:07:09.100000+00:00,52.1801734,21.1377557,92.0,39.55,-0.046,-0.018,0.964,0,39.44305465402113,,203.94305161511468,-1.0,11.0
8000,2026-05-11 22:07:09.600000+00:00,52.1802109,21.1377032,91.9,39.7,-0.067,-0.02,0.976,0,39.56773403156057,,209.42156867987848,-1.0,11.0
8005,2026-05-11 22:07:10.100000+00:00,52.1802483,21.1376511,91.9,39.45,-0.068,-0.018,0.966,0,39.37918659398187,,214.8758429395768,-1.0,11.0
8010,2026-05-11 22:07:10.600000+00:00,52.1802856,21.1375991,91.8,39.09,-0.076,-0.022,0.98,0,39.2864156479578,,220.317866325025,-1.0,11.0
8015,2026-05-11 22:07:11.100000+00:00,52.1803226,21.1375479,91.7,38.57,-0.073,-0.022,0.968,0,38.848907904897075,,225.7013212696581,-1.0,11.0
8020,2026-05-11 22:07:11.600000+00:00,52.1803596,21.137497,91.7,38.54,-0.071,-0.018,0.969,0,38.75377290198476,,231.07315226456873,-1.0,11.0
8025,2026-05-11 22:07:12.100000+00:00,52.180396,21.1374464,91.7,38.15,-0.069,-0.016,0.965,0,38.29213306707942,,236.37973790840607,-1.0,11.0
8030,2026-05-11 22:07:12.600000+00:00,52.1804319,21.1373959,91.7,38.06,-0.058,-0.02,0.971,0,37.95627854569515,,241.63821757683306,-1.0,11.0
8035,2026-05-11 22:07:13.100000+00:00,52.1804678,21.137345,91.7,38.02,-0.056,-0.031,0.96,0,38.084810663219514,,246.91361704435687,-1.0,11.0
8040,2026-05-11 22:07:13.600000+00:00,52.1805037,21.1372946,91.7,37.7,-0.055,-0.035,0.977,0,37.92420693876162,,252.16912067717254,-1.0,11.0
8045,2026-05-11 22:07:14.100000+00:00,52.1805398,21.1372447,91.7,37.83,-0.05,-0.023,0.961,0,37.88652243894833,,257.4223411267462,-1.0,11.0
8050,2026-05-11 22:07:14.600000+00:00,52.1805754,21.1371944,91.7,37.43,-0.066,-0.016,0.968,0,37.71031659793579,,262.6479967193925,-1.0,11.0
8055,2026-05-11 22:07:15.100000+00:00,52.1806109,21.1371441,91.7,37.49,-0.058,-0.026,0.971,0,37.649830475445306,,267.86525326922595,-1.0,11.0
8060,2026-05-11 22:07:15.600000+00:00,52.180646,21.1370939,91.7,37.54,-0.056,-0.019,0.945,0,37.376274829522124,,273.04342547206255,-1.0,11.0
8065,2026-05-11 22:07:16.100000+00:00,52.1806812,21.137044,91.6,37.32,-0.064,-0.021,0.969,0,37.339710390112415,,278.2185265577242,-1.0,11.0
8070,2026-05-11 22:07:16.600000+00:00,52.1807164,21.1369944,91.5,37.31,-0.066,-0.027,0.972,0,37.243246816106534,,283.3816116363055,-1.0,11.0
8075,2026-05-11 22:07:17.100000+00:00,52.1807516,21.1369445,91.4,37.23,-0.059,-0.02,0.976,0,37.33968495025418,,288.5574719681232,-1.0,11.0
8080,2026-05-11 22:07:17.600000+00:00,52.1807867,21.1368948,91.4,37.15,-0.061,-0.022,0.973,0,37.21484384853567,,293.7165681231527,-1.0,11.0
8085,2026-05-11 22:07:18.100000+00:00,52.180822,21.1368452,91.3,37.24,-0.059,-0.02,0.961,0,37.303825928428935,,298.8894699464351,-1.0,11.0
8090,2026-05-11 22:07:18.600000+00:00,52.180857,21.1367953,91.3,37.14,-0.066,-0.017,0.978,0,37.2189476468386,,304.048707291915,-1.0,11.0
8095,2026-05-11 22:07:19.100000+00:00,52.1808919,21.1367455,91.2,37.13,-0.058,-0.021,0.949,0,37.12635323968816,,309.19531118259124,-1.0,11.0
8100,2026-05-11 22:07:19.600000+00:00,52.1809269,21.1366959,91.2,37.31,-0.072,-0.019,0.971,0,37.12215857339175,,314.34268554644484,-1.0,11.0
8105,2026-05-11 22:07:20.100000+00:00,52.1809615,21.1366465,91.2,37.13,-0.065,-0.024,0.977,0,36.81626901126663,,319.44682494581474,-1.0,11.0
8110,2026-05-11 22:07:20.600000+00:00,52.1809962,21.1365971,91.2,36.68,-0.061,-0.019,0.978,0,36.87653239283295,,324.56003515183403,-1.0,11.0
8115,2026-05-11 22:07:21.100000+00:00,52.1810308,21.1365475,91.2,36.73,-0.057,-0.026,0.958,0,36.88098955254991,,329.67310803364336,-1.0,11.0
8120,2026-05-11 22:07:21.600000+00:00,52.1810656,21.1364986,91.2,36.81,-0.06,-0.019,0.975,0,36.77617417076273,,334.7746585677297,-1.0,11.0
8125,2026-05-11 22:07:22.100000+00:00,52.1811,21.1364502,91.2,36.38,-0.056,-0.018,0.971,0,36.37334370340373,,339.82035787935064,-1.0,11.0
8130,2026-05-11 22:07:22.600000+00:00,52.1811342,21.1364012,91.3,36.16,-0.06,-0.018,0.974,0,36.445966474112694,,344.8739153061113,-1.0,11.0
8135,2026-05-11 22:07:23.100000+00:00,52.1811683,21.1363527,91.3,36.09,-0.059,-0.023,0.956,0,36.22404867282699,,349.8979380167617,-1.0,11.0
8140,2026-05-11 22:07:23.600000+00:00,52.1812025,21.1363045,91.2,36.18,-0.062,-0.03,0.975,0,36.18794862453413,,354.9182850723132,-1.0,11.0
8145,2026-05-11 22:07:24.100000+00:00,52.1812364,21.1362565,91.2,36.07,-0.049,-0.029,0.963,0,35.94211001059895,,359.90413476744925,-1.0,11.0
8150,2026-05-11 22:07:24.600000+00:00,52.1812705,21.1362089,91.1,35.89,-0.062,-0.024,0.987,0,35.93516778388116,,364.8907706247443,-1.0,11.0
8155,2026-05-11 22:07:25.100000+00:00,52.1813045,21.1361611,91.1,36.0,-0.045,-0.023,0.945,0,35.938398150846595,,369.8772218751847,-1.0,11.0
8160,2026-05-11 22:07:25.600000+00:00,52.1813384,21.1361129,91.1,36.01,-0.053,-0.02,0.962,0,36.00651700043101,,374.8719579477146,-1.0,11.0
8165,2026-05-11 22:07:26.100000+00:00,52.181372,21.1360641,91.1,35.96,-0.062,-0.025,0.974,0,36.02102349572755,,379.8660269585612,-1.0,11.0
8170,2026-05-11 22:07:26.600000+00:00,52.1814062,21.1360159,91.0,36.2,-0.046,-0.034,0.965,0,36.18787776251413,,384.88727820615463,-1.0,11.0
8175,2026-05-11 22:07:27.100000+00:00,52.1814407,21.1359678,91.0,36.6,-0.055,-0.033,0.965,0,36.33801411689905,,389.9305770488657,-1.0,11.0
8180,2026-05-11 22:07:27.600000+00:00,52.1814753,21.1359195,91.0,36.62,-0.053,-0.024,0.969,0,36.4626607737604,,394.99115126838495,-1.0,11.0
8185,2026-05-11 22:07:28.100000+00:00,52.1815098,21.1358707,90.9,36.91,-0.049,-0.015,0.972,0,36.56221259326605,,400.0642898859135,-1.0,11.0
8190,2026-05-11 22:07:28.600000+00:00,52.1815443,21.1358218,90.8,36.82,-0.05,-0.022,0.964,0,36.59438339679717,,405.1417910747452,-1.0,11.0
8195,2026-05-11 22:07:29.100000+00:00,52.181579,21.1357729,90.8,36.91,-0.052,-0.033,0.971,0,36.71537781608953,,402.6455769918267,-1.0,11.0
8200,2026-05-11 22:07:29.600000+00:00,52.1816139,21.135724,90.8,37.23,-0.054,-0.032,0.955,0,36.83667074859814,,397.5294994387141,-1.0,11.0
8205,2026-05-11 22:07:30.100000+00:00,52.1816491,21.1356755,90.7,36.86,-0.058,-0.036,0.976,0,36.89214403680589,,392.40620320145234,-1.0,11.0
8210,2026-05-11 22:07:30.600000+00:00,52.1816843,21.1356269,90.7,36.79,-0.059,-0.026,0.976,0,36.9238312956194,,387.2784433389313,-1.0,11.0
8215,2026-05-11 22:07:31.100000+00:00,52.1817197,21.1355784,90.7,37.31,-0.053,-0.031,0.947,0,37.01457730837933,,382.13842632705644,-1.0,11.0
8220,2026-05-11 22:07:31.600000+00:00,52.1817545,21.1355301,90.7,36.74,-0.055,-0.033,0.987,0,36.584357052159774,,377.0576622321644,-1.0,11.0
8225,2026-05-11 22:07:32.100000+00:00,52.1817899,21.1354823,90.8,36.87,-0.047,-0.036,0.962,0,36.79446572766944,,371.94908704326286,-1.0,11.0
8230,2026-05-11 22:07:32.600000+00:00,52.1818255,21.1354343,90.7,37.03,-0.06,-0.024,0.974,0,36.98040977693903,,366.8148450902863,-1.0,11.0
8235,2026-05-11 22:07:33.100000+00:00,52.1818611,21.1353864,90.8,37.02,-0.057,-0.031,0.967,0,36.949138433351685,,361.685149211447,-1.0,11.0
8240,2026-05-11 22:07:33.600000+00:00,52.1818967,21.1353382,90.8,37.05,-0.06,-0.023,0.972,0,37.043020328842914,,356.5420415409397,-1.0,11.0
8245,2026-05-11 22:07:34.100000+00:00,52.1819323,21.1352898,90.8,36.82,-0.06,-0.024,0.969,0,37.10579677614444,,351.3900002800495,-1.0,11.0
8250,2026-05-11 22:07:34.600000+00:00,52.1819677,21.1352414,91.0,36.62,-0.057,-0.02,0.966,0,36.982935761193694,,346.2547277231612,-1.0,11.0
8255,2026-05-11 22:07:35.100000+00:00,52.1820035,21.1351936,91.0,36.9,-0.057,-0.041,0.976,0,37.04162703464998,,341.11304732197755,-1.0,11.0
8260,2026-05-11 22:07:35.600000+00:00,52.1820393,21.1351458,91.1,37.03,-0.057,-0.03,0.967,0,37.041615068952524,,335.9714603153898,-1.0,11.0
8265,2026-05-11 22:07:36.100000+00:00,52.182075,21.135099,91.1,36.56,-0.07,-0.023,0.973,0,36.67016602180214,,330.88335385375257,-1.0,11.0
8270,2026-05-11 22:07:36.600000+00:00,52.1821108,21.1350526,91.2,36.57,-0.052,-0.028,0.955,0,36.610101659911805,,325.8050921611979,-1.0,11.0
8275,2026-05-11 22:07:37.100000+00:00,52.1821463,21.1350054,91.2,36.53,-0.058,-0.027,0.961,0,36.669233902150076,,320.71595776711297,-1.0,11.0
8280,2026-05-11 22:07:37.600000+00:00,52.1821818,21.1349586,91.2,36.3,-0.052,-0.022,0.975,0,36.54546735775868,,315.6450053340951,-1.0,11.0
8285,2026-05-11 22:07:38.100000+00:00,52.1822175,21.1349117,91.3,36.6,-0.044,-0.027,0.968,0,36.70089411956437,,310.5530389418739,-1.0,11.0
8290,2026-05-11 22:07:38.600000+00:00,52.1822531,21.1348646,91.3,36.66,-0.044,-0.027,0.972,0,36.70034079932864,,305.4605315031546,-1.0,11.0
8295,2026-05-11 22:07:39.100000+00:00,52.182289,21.1348174,91.4,36.94,-0.039,-0.025,0.965,0,36.9179531004146,,300.33871283360554,-1.0,11.0
8300,2026-05-11 22:07:39.600000+00:00,52.1823254,21.1347695,91.5,37.28,-0.039,-0.027,0.97,0,37.44525248118173,,295.14383207090617,-1.0,11.0
8305,2026-05-11 22:07:40.100000+00:00,52.1823619,21.134721,91.6,37.57,-0.036,-0.034,0.968,0,37.69292467475691,,289.9136529635063,-1.0,11.0
8310,2026-05-11 22:07:40.600000+00:00,52.1823988,21.1346734,91.7,37.65,-0.044,-0.022,0.964,0,37.666067467622696,,284.69131915389283,-1.0,11.0
8315,2026-05-11 22:07:41.100000+00:00,52.1824357,21.1346255,91.7,37.71,-0.046,-0.023,0.983,0,37.757589932213634,,279.45569107636726,-1.0,11.0
8320,2026-05-11 22:07:41.600000+00:00,52.1824728,21.1345781,91.7,37.87,-0.038,-0.029,0.965,0,37.731136305481336,,274.22658428284257,-1.0,11.0
8325,2026-05-11 22:07:42.100000+00:00,52.18251,21.1345307,91.6,38.04,-0.041,-0.037,0.969,0,37.79418102379319,,268.9896509697765,-1.0,11.0
8330,2026-05-11 22:07:42.600000+00:00,52.1825476,21.1344828,91.7,38.24,-0.046,-0.026,0.971,0,38.197633390025416,,263.6973457673159,-1.0,11.0
8335,2026-05-11 22:07:43.100000+00:00,52.1825853,21.1344348,91.7,38.48,-0.038,-0.023,0.963,0,38.29093425296347,,258.392752015749,-1.0,11.0
8340,2026-05-11 22:07:43.600000+00:00,52.1826232,21.1343867,91.7,38.74,-0.04,-0.017,0.961,0,38.44739047154087,,253.06767728307605,-1.0,11.0
8345,2026-05-11 22:07:44.100000+00:00,52.182661,21.1343383,91.7,38.65,-0.052,-0.019,0.964,0,38.47499005944438,,247.73770369705585,-1.0,11.0
8350,2026-05-11 22:07:44.600000+00:00,52.1826991,21.1342894,91.6,39.12,-0.047,-0.027,0.954,0,38.815484921471345,,242.3607192287528,-1.0,11.0
8355,2026-05-11 22:07:45.100000+00:00,52.1827375,21.1342404,91.6,39.06,-0.05,-0.028,0.994,0,39.03472987838838,,236.9551696313577,-1.0,11.0
8360,2026-05-11 22:07:45.600000+00:00,52.1827759,21.1341914,91.7,39.0,-0.046,-0.027,0.965,0,39.03471707990203,,231.55036764564414,-1.0,11.0
8365,2026-05-11 22:07:46.100000+00:00,52.1828144,21.1341422,91.7,39.27,-0.057,-0.023,0.959,0,39.15826587627545,,226.12894781676505,-1.0,11.0
8370,2026-05-11 22:07:46.600000+00:00,52.1828531,21.1340931,91.7,39.29,-0.061,-0.016,0.98,0,39.25425546065901,,220.69669746049306,-1.0,11.0
8375,2026-05-11 22:07:47.100000+00:00,52.1828916,21.1340441,91.7,39.29,-0.05,-0.026,0.955,0,39.097764076568964,,215.28637210691505,-1.0,11.0
8380,2026-05-11 22:07:47.600000+00:00,52.1829301,21.133995,91.7,39.39,-0.054,-0.008,0.966,0,39.127970090081455,,209.8724224918408,-1.0,11.0
8385,2026-05-11 22:07:48.100000+00:00,52.1829687,21.1339455,91.7,39.39,-0.064,-0.009,0.986,0,39.3121179314718,,204.43278878682057,-1.0,11.0
8390,2026-05-11 22:07:48.600000+00:00,52.1830071,21.1338965,91.8,39.03,-0.06,-0.012,0.963,0,39.03464001834199,,199.0338434290662,-1.0,11.0
8395,2026-05-11 22:07:49.100000+00:00,52.1830456,21.1338475,91.8,39.12,-0.066,-0.015,0.968,0,39.097712839198024,,193.62809170420067,-1.0,11.0
8400,2026-05-11 22:07:49.600000+00:00,52.1830834,21.133799,91.8,38.48,-0.074,-0.014,0.972,0,38.50518268338844,,188.3036068950347,-1.0,11.0
8405,2026-05-11 22:07:50.100000+00:00,52.1831208,21.1337506,91.9,38.25,-0.067,-0.021,0.962,0,38.22346042366758,,183.01731792314223,-1.0,11.0
8410,2026-05-11 22:07:50.600000+00:00,52.1831578,21.1337031,91.9,37.59,-0.074,-0.016,0.969,0,37.698264752899064,,177.80698129329926,-1.0,11.0
8415,2026-05-11 22:07:51.100000+00:00,52.1831944,21.1336558,91.9,37.41,-0.077,-0.017,0.983,0,37.38608757459431,,172.63961430332284,-1.0,11.0
8420,2026-05-11 22:07:51.600000+00:00,52.1832305,21.1336093,91.9,36.84,-0.067,-0.023,0.939,0,36.82848914440078,,167.5516888502818,-1.0,11.0
8425,2026-05-11 22:07:52.100000+00:00,52.1832661,21.1335631,92.0,36.42,-0.081,-0.019,0.983,0,36.42330224143485,,162.51946973938925,-1.0,11.0
8430,2026-05-11 22:07:52.600000+00:00,52.1833014,21.1335176,92.0,35.87,-0.065,-0.023,0.96,0,36.02159562830123,,157.5462299143707,-1.0,11.0
8435,2026-05-11 22:07:53.100000+00:00,52.1833363,21.1334723,92.0,35.46,-0.102,-0.021,0.977,0,35.70966753570152,,152.61607834973188,-1.0,11.0
8440,2026-05-11 22:07:53.600000+00:00,52.1833701,21.1334292,92.0,33.89,-0.147,-0.014,0.951,0,34.34937283659232,,147.88048425936861,-1.0,11.0
8445,2026-05-11 22:07:54.100000+00:00,52.1834023,21.1333877,92.1,32.57,-0.129,-0.012,0.978,0,32.85690362727097,,143.349892257877,-1.0,11.0
8450,2026-05-11 22:07:54.600000+00:00,52.1834331,21.133348,92.1,31.19,-0.132,-0.012,0.974,0,31.429657342832474,,139.01808452918397,-1.0,11.0
8455,2026-05-11 22:07:55.100000+00:00,52.1834623,21.1333106,92.1,29.54,-0.149,-0.016,0.941,0,29.72474432659287,,134.92490276085445,-1.0,11.0
8460,2026-05-11 22:07:55.600000+00:00,52.1834896,21.1332754,92.1,27.63,-0.17,-0.008,0.967,0,27.861550404705895,,131.0886104966169,-1.0,11.0
8465,2026-05-11 22:07:56.100000+00:00,52.1835147,21.1332426,92.1,25.39,-0.192,-0.011,0.972,0,25.749762619147955,,127.54177275976836,-1.0,11.0
8470,2026-05-11 22:07:56.600000+00:00,52.1835375,21.1332129,92.1,22.67,-0.184,-0.007,0.965,0,23.361264157724538,,124.3260702558121,-1.0,11.0
8475,2026-05-11 22:07:57.100000+00:00,52.1835581,21.133186,92.1,20.68,-0.168,-0.018,0.961,0,21.12727219822705,,121.41872222097248,-1.0,11.0
8480,2026-05-11 22:07:57.600000+00:00,52.1835772,21.1331614,92.1,19.32,-0.116,-0.017,0.963,0,19.484615061292725,,118.74120462113656,-1.0,11.0
8485,2026-05-11 22:07:58.100000+00:00,52.1835953,21.1331377,92.1,18.3,-0.112,-0.022,0.972,0,18.583100943310292,,116.18577823979584,-1.0,11.0
8490,2026-05-11 22:07:58.600000+00:00,52.1836122,21.1331163,92.1,16.93,-0.132,-0.005,0.972,0,17.129396057555212,,113.83720821175467,-1.0,11.0
8495,2026-05-11 22:07:59.100000+00:00,52.1836275,21.1330965,92.0,15.24,-0.126,-0.011,0.961,0,15.636799839708992,,111.69076276065432,-1.0,11.0
8500,2026-05-11 22:07:59.600000+00:00,52.1836416,21.1330779,92.1,14.05,-0.117,-0.012,0.975,0,14.518703748213746,,109.69582787452987,-1.0,11.0
8505,2026-05-11 22:08:00.100000+00:00,52.1836545,21.133061,92.1,13.23,-0.109,-0.021,0.962,0,13.24701926848823,,107.87726602593744,-1.0,11.0
8510,2026-05-11 22:08:00.600000+00:00,52.1836666,21.1330456,92.1,12.19,-0.107,-0.018,0.971,0,12.287786281256075,,106.19494813050082,-1.0,11.0
8515,2026-05-11 22:08:01.100000+00:00,52.1836779,21.1330312,92.1,11.4,-0.097,-0.014,0.968,0,11.480862370111547,,104.62365005832187,-1.0,11.0
8520,2026-05-11 22:08:01.600000+00:00,52.1836883,21.1330177,92.1,10.7,-0.094,-0.013,0.971,0,10.641505248064194,,103.1656188735512,-1.0,11.0
8525,2026-05-11 22:08:02.100000+00:00,52.1836977,21.1330051,92.1,9.68,-0.089,-0.014,0.965,0,9.741168671450708,,101.82806890402519,-1.0,11.0
8530,2026-05-11 22:08:02.600000+00:00,52.1837064,21.1329929,92.1,9.21,-0.089,-0.014,0.969,0,9.185804427721855,,100.56312186179004,-1.0,11.0
8535,2026-05-11 22:08:03.100000+00:00,52.1837148,21.1329818,92.2,8.65,-0.082,-0.017,0.971,0,8.655348923334586,,99.37664680596068,-1.0,11.0
8540,2026-05-11 22:08:03.600000+00:00,52.1837226,21.1329713,92.2,7.97,-0.08,-0.013,0.969,0,8.097039157404689,,98.26542381933639,-1.0,11.0
8545,2026-05-11 22:08:04.100000+00:00,52.1837301,21.1329617,92.2,7.57,-0.074,-0.016,0.968,0,7.632893439901584,,97.222577564357,-1.0,11.0
8550,2026-05-11 22:08:04.600000+00:00,52.1837372,21.1329525,92.3,7.15,-0.071,-0.015,0.972,0,7.259876532162574,,96.229965981913,-1.0,11.0
8555,2026-05-11 22:08:05.100000+00:00,52.1837438,21.1329442,92.3,6.74,-0.072,-0.014,0.963,0,6.672337776449827,,95.32047479022013,-1.0,11.0
8560,2026-05-11 22:08:05.600000+00:00,52.1837502,21.1329361,92.2,6.29,-0.068,-0.02,0.973,0,6.485617336061954,,94.43621897879979,-1.0,11.0
8565,2026-05-11 22:08:06.100000+00:00,52.1837563,21.132928,92.3,6.19,-0.061,-0.019,0.971,0,6.297587287300508,,93.57418444365919,-1.0,11.0
8570,2026-05-11 22:08:06.600000+00:00,52.183762,21.1329201,92.2,5.97,-0.06,-0.016,0.975,0,5.9885871802331945,,92.75184490704008,-1.0,11.0
8575,2026-05-11 22:08:07.100000+00:00,52.1837676,21.1329124,92.3,5.75,-0.061,-0.016,0.976,0,5.864050828660594,,91.94726148303685,-1.0,11.0
8580,2026-05-11 22:08:07.600000+00:00,52.1837732,21.1329052,92.2,5.64,-0.059,-0.02,0.973,0,5.7089361248211645,,91.16865319512004,-1.0,11.0
8585,2026-05-11 22:08:08.100000+00:00,52.1837787,21.1328977,92.2,5.75,-0.04,-0.021,0.969,0,5.739608068098194,,90.38204502145066,-1.0,11.0
8590,2026-05-11 22:08:08.600000+00:00,52.1837846,21.1328899,92.2,6.3,-0.034,-0.017,0.973,0,6.080452155215891,,89.55113658431638,-1.0,11.0
8595,2026-05-11 22:08:09.100000+00:00,52.1837909,21.1328818,92.2,6.65,-0.037,-0.023,0.97,0,6.4225521790416815,,88.67603774280813,-1.0,11.0
8600,2026-05-11 22:08:09.600000+00:00,52.1837973,21.1328736,92.2,6.69,-0.041,-0.017,0.974,0,6.515823807340495,,87.78888069538131,-1.0,11.0
8605,2026-05-11 22:08:10.100000+00:00,52.1838039,21.132865,92.1,7.03,-0.04,-0.016,0.972,0,6.763261176661754,,86.8669084695212,-1.0,11.0
8610,2026-05-11 22:08:10.600000+00:00,52.1838106,21.1328559,92.2,6.94,-0.04,-0.017,0.975,0,6.980448082762395,,85.91209091928071,-1.0,11.0
8615,2026-05-11 22:08:11.100000+00:00,52.1838178,21.1328458,92.1,7.68,-0.02,-0.019,0.976,0,7.6031405377238,,84.86964352141311,-1.0,11.0
8620,2026-05-11 22:08:11.600000+00:00,52.1838259,21.1328346,92.1,8.86,0.006,-0.022,0.972,0,8.501733364286869,,83.70579233011054,-1.0,11.0
8625,2026-05-11 22:08:12.100000+00:00,52.1838352,21.1328217,92.1,10.32,0.026,-0.031,0.979,0,9.774192933328022,,82.36797862185983,-1.0,11.0
8630,2026-05-11 22:08:12.600000+00:00,52.1838462,21.1328066,92.0,12.42,0.05,-0.027,0.971,0,11.510756982826267,,80.7947749372919,-1.0,11.0
8635,2026-05-11 22:08:13.100000+00:00,52.1838591,21.1327893,92.0,13.91,0.053,-0.025,0.977,0,13.370833141394352,23.0,78.97267307584802,-1.0,11.0
8640,2026-05-11 22:08:13.600000+00:00,52.1838741,21.1327692,92.0,16.47,0.064,-0.031,0.973,0,15.542404409691558,23.0,76.85691737170102,-1.0,11.0
8645,2026-05-11 22:08:14.100000+00:00,52.1838913,21.1327463,92.0,18.55,0.067,-0.029,0.976,0,17.77592421659222,23.0,74.44176935916556,-1.0,11.0
8650,2026-05-11 22:08:14.600000+00:00,52.1839104,21.1327204,92.0,20.43,0.056,-0.031,0.977,0,19.886347980348397,23.0,71.73890030754139,-1.0,11.0
8655,2026-05-11 22:08:15.100000+00:00,52.1839314,21.1326931,92.0,21.98,0.017,-0.036,0.966,0,21.499960711213294,23.0,68.83612316536028,-1.0,11.0
8660,2026-05-11 22:08:15.600000+00:00,52.1839538,21.1326639,92.0,23.36,0.022,-0.018,0.976,0,22.95778432530495,23.0,65.74369535384379,-1.0,11.0
8665,2026-05-11 22:08:16.100000+00:00,52.1839772,21.132633,92.0,24.5,-0.003,-0.023,0.963,0,24.104654053711666,23.0,62.50171270276225,-1.0,11.0
8670,2026-05-11 22:08:16.600000+00:00,52.1840016,21.1326013,92.0,25.24,-0.017,-0.022,0.971,0,24.974773801336625,23.0,59.16271474673107,-1.0,11.0
8675,2026-05-11 22:08:17.100000+00:00,52.1840263,21.1325689,92.0,25.56,-0.03,-0.021,0.981,0,25.37700045294331,23.0,55.78131262545173,-1.0,11.0
8680,2026-05-11 22:08:17.600000+00:00,52.1840516,21.1325358,92.0,26.16,-0.029,-0.025,0.957,0,25.966683154816295,23.0,52.34233184520871,-1.0,11.0
8685,2026-05-11 22:08:18.100000+00:00,52.1840774,21.1325022,91.9,26.83,-0.019,-0.024,0.969,0,26.432571791450048,23.0,48.86920049865684,-1.0,11.0
8690,2026-05-11 22:08:18.600000+00:00,52.184104,21.1324681,91.9,27.3,-0.027,-0.024,0.973,0,27.087010388667526,23.0,45.35301069962119,-1.0,11.0
8695,2026-05-11 22:08:19.100000+00:00,52.1841311,21.1324331,91.8,28.08,-0.02,-0.022,0.97,0,27.674910475689444,23.0,41.799209775882886,-1.0,11.0
8700,2026-05-11 22:08:19.600000+00:00,52.184159,21.1323968,91.8,29.1,-0.018,-0.024,0.974,0,28.57335860081192,23.0,38.182843434551245,-1.0,11.0
8705,2026-05-11 22:08:20.100000+00:00,52.1841876,21.1323604,91.7,29.44,-0.026,-0.026,0.964,0,29.043731736760012,23.0,34.60695841610672,-1.0,11.0
8710,2026-05-11 22:08:20.600000+00:00,52.1842167,21.1323228,91.8,29.99,-0.025,-0.034,0.972,0,29.72249075471317,23.0,31.047578937889554,-1.0,11.0
8715,2026-05-11 22:08:21.100000+00:00,52.1842464,21.1322846,91.7,30.53,-0.034,-0.039,0.983,0,30.281971938917923,23.0,27.590335009732353,-1.0,11.0
8720,2026-05-11 22:08:21.600000+00:00,52.1842762,21.1322461,91.7,30.48,-0.04,-0.023,0.962,0,30.43608748661197,23.0,24.34774724186782,-1.0,11.0
8725,2026-05-11 22:08:22.100000+00:00,52.1843064,21.1322074,91.6,30.7,-0.05,-0.024,0.976,0,30.748307682998924,23.0,21.436551921095724,-1.0,11.0
8730,2026-05-11 22:08:22.600000+00:00,52.1843368,21.1321681,91.6,31.04,-0.049,-0.021,0.963,0,31.05644849523228,23.0,19.008308967885796,-1.0,11.0
8735,2026-05-11 22:08:23.100000+00:00,52.1843676,21.132129,91.6,31.49,-0.037,-0.03,0.98,0,31.24764319512993,23.0,17.358945942454216,-1.0,11.0
8740,2026-05-11 22:08:23.600000+00:00,52.1843987,21.1320897,91.6,31.49,-0.038,-0.017,0.965,0,31.497548251382007,23.0,16.712842660687645,-1.0,11.0
8745,2026-05-11 22:08:24.100000+00:00,52.1844301,21.1320496,91.7,32.26,-0.035,-0.022,0.949,0,31.928331307268824,23.0,17.184595711965525,-1.0,11.0
8750,2026-05-11 22:08:24.600000+00:00,52.1844618,21.1320099,91.6,32.3,-0.047,-0.018,0.987,0,31.99781446804963,23.0,18.766924520160792,-1.0,11.0
8755,2026-05-11 22:08:25.100000+00:00,52.1844935,21.131969,91.7,32.59,-0.042,-0.024,0.967,0,32.35991813735109,23.0,21.15965444252407,-1.0,11.0
8760,2026-05-11 22:08:25.600000+00:00,52.1845255,21.1319277,91.7,32.85,-0.04,-0.022,0.965,0,32.670093618172594,23.0,24.18966076733249,-1.0,11.0
8765,2026-05-11 22:08:26.100000+00:00,52.1845579,21.1318865,91.6,33.13,-0.041,-0.024,0.971,0,32.89160789704644,23.0,27.67996474142815,-1.0,11.0
8770,2026-05-11 22:08:26.600000+00:00,52.1845904,21.1318448,91.6,33.34,-0.047,-0.023,0.971,0,33.105958495664765,23.0,31.46233040996643,-1.0,11.0
8775,2026-05-11 22:08:27.100000+00:00,52.184623,21.1318026,91.6,33.36,-0.047,-0.026,0.965,0,33.32092989692133,23.0,35.454979587027616,-1.0,11.0
8780,2026-05-11 22:08:27.600000+00:00,52.1846559,21.1317604,91.6,33.65,-0.051,-0.018,0.968,0,33.50938252483297,23.0,39.61868766784978,-1.0,11.0
8785,2026-05-11 22:08:28.100000+00:00,52.1846888,21.131718,91.6,33.68,-0.043,-0.017,0.971,0,33.57014932678603,23.0,43.88475130056856,-1.0,11.0
8790,2026-05-11 22:08:28.600000+00:00,52.184722,21.1316756,91.6,33.86,-0.048,-0.02,0.971,0,33.758919347344914,23.0,48.256019008428794,-1.0,11.0
8795,2026-05-11 22:08:29.100000+00:00,52.1847553,21.1316332,91.6,33.94,-0.05,-0.014,0.967,0,33.821981189626705,23.0,52.69238480493014,-1.0,11.0
8800,2026-05-11 22:08:29.600000+00:00,52.1847885,21.1315905,91.6,34.03,-0.052,-0.025,0.959,0,33.849885076530725,23.0,57.16748858587431,-1.0,11.0
8805,2026-05-11 22:08:30.100000+00:00,52.184822,21.1315478,91.6,33.98,-0.057,-0.021,0.98,0,34.03879828815104,23.0,61.70710259165069,-1.0,11.0
8810,2026-05-11 22:08:30.600000+00:00,52.1848553,21.1315045,91.6,34.08,-0.046,-0.025,0.968,0,34.0955812057415,23.0,66.26895736254433,-1.0,11.0
8815,2026-05-11 22:08:31.100000+00:00,52.1848888,21.1314614,91.7,34.14,-0.05,-0.033,0.966,0,34.16003126828402,23.0,70.86816756901051,-1.0,11.0
8820,2026-05-11 22:08:31.600000+00:00,52.1849226,21.1314177,91.7,34.53,-0.05,-0.03,0.977,0,34.53109628247328,23.0,75.5330353279483,-1.0,11.0
8825,2026-05-11 22:08:32.100000+00:00,52.1849567,21.1313743,91.7,34.87,-0.047,-0.033,0.962,0,34.62883889638412,,80.23429143254742,-1.0,11.0
8830,2026-05-11 22:08:32.600000+00:00,52.1849908,21.131331,91.7,34.72,-0.052,-0.028,0.964,0,34.5986530829867,,84.94459852317286,-1.0,11.0
8835,2026-05-11 22:08:33.100000+00:00,52.1850251,21.1312875,91.7,34.71,-0.047,-0.017,0.968,0,34.78530308827783,,89.69101307236667,-1.0,11.0
8840,2026-05-11 22:08:33.600000+00:00,52.1850594,21.1312438,91.6,34.8,-0.046,-0.017,0.967,0,34.84564067665281,,94.45242335523555,-1.0,11.0
8845,2026-05-11 22:08:34.100000+00:00,52.1850939,21.1311996,91.6,35.22,-0.041,-0.017,0.98,0,35.123028531436894,,99.25719400113107,-1.0,11.0
8850,2026-05-11 22:08:34.600000+00:00,52.1851286,21.1311553,91.6,35.21,-0.043,-0.025,0.973,0,35.27931006494499,,104.09156096654714,-1.0,11.0
8855,2026-05-11 22:08:35.100000+00:00,52.1851636,21.1311106,91.6,35.59,-0.038,-0.03,0.953,0,35.589452755162554,,108.9742208247259,-1.0,11.0
8860,2026-05-11 22:08:35.600000+00:00,52.1851987,21.1310658,91.6,35.59,-0.049,-0.025,0.98,0,35.682740871285446,,113.87512171558849,-1.0,11.0
8865,2026-05-11 22:08:36.100000+00:00,52.1852338,21.1310211,91.7,35.56,-0.041,-0.03,0.962,0,35.65250060070004,,118.77717694272711,-1.0,11.0
8870,2026-05-11 22:08:36.600000+00:00,52.1852691,21.1309762,91.7,35.78,-0.046,-0.031,0.976,0,35.83911991403513,,123.70927018712294,-1.0,11.0
8875,2026-05-11 22:08:37.100000+00:00,52.1853044,21.1309314,91.7,35.74,-0.045,-0.029,0.964,0,35.808944409493265,,128.64139792707334,-1.0,11.0
8880,2026-05-11 22:08:37.600000+00:00,52.1853397,21.1308865,91.7,35.91,-0.047,-0.024,0.972,0,35.83909839530643,,133.58009219067995,-1.0,11.0
8885,2026-05-11 22:08:38.100000+00:00,52.1853753,21.1308419,91.7,36.0,-0.045,-0.035,0.962,0,35.93889654650824,,138.53954034761233,-1.0,11.0
8890,2026-05-11 22:08:38.600000+00:00,52.185411,21.1307972,91.7,36.04,-0.042,-0.025,0.972,0,36.032279989352936,,143.51425411499653,-1.0,11.0
8895,2026-05-11 22:08:39.100000+00:00,52.1854467,21.1307517,91.7,36.31,-0.047,-0.028,0.969,0,36.27272608275505,,148.51953363359522,-1.0,11.0
8900,2026-05-11 22:08:39.600000+00:00,52.1854828,21.1307063,91.7,36.64,-0.043,-0.036,0.965,0,36.49559223073262,,153.5611543471343,-1.0,11.0
8905,2026-05-11 22:08:40.100000+00:00,52.1855191,21.1306602,91.6,36.99,-0.044,-0.042,0.967,0,36.83260492977739,,158.64864967818332,-1.0,11.0
8910,2026-05-11 22:08:40.600000+00:00,52.1855554,21.1306138,91.6,36.99,-0.057,-0.022,0.981,0,36.92324474241844,,163.74878952955802,-1.0,11.0
8915,2026-05-11 22:08:41.100000+00:00,52.1855918,21.1305667,91.6,37.21,-0.045,-0.023,0.975,0,37.19884938069566,,168.88556838555257,-1.0,11.0
8920,2026-05-11 22:08:41.600000+00:00,52.1856283,21.1305194,91.6,37.52,-0.041,-0.017,0.952,0,37.3225812453897,,163.79117079484337,-1.0,11.0
8925,2026-05-11 22:08:42.100000+00:00,52.1856648,21.1304716,91.6,37.3,-0.052,-0.024,0.974,0,37.47573574596336,,158.60765395895584,-1.0,11.0
8930,2026-05-11 22:08:42.600000+00:00,52.1857016,21.1304235,91.6,37.79,-0.04,-0.033,0.964,0,37.75521774718469,,153.38742233509893,-1.0,11.0
8935,2026-05-11 22:08:43.100000+00:00,52.1857388,21.1303754,91.6,38.09,-0.055,-0.037,0.978,0,38.005632880349765,,148.1370955340564,-1.0,11.0
8940,2026-05-11 22:08:43.600000+00:00,52.185776,21.1303272,91.6,38.22,-0.039,-0.045,0.952,0,38.03613302219942,,142.88405949091393,-1.0,11.0
8945,2026-05-11 22:08:44.100000+00:00,52.1858138,21.1302791,91.6,38.58,-0.043,-0.035,0.988,0,38.38319585460163,,137.59086471819015,-1.0,11.0
8950,2026-05-11 22:08:44.600000+00:00,52.185852,21.1302305,91.6,38.77,-0.035,-0.026,0.973,0,38.78663908236459,,132.24518042702724,-1.0,11.0
8955,2026-05-11 22:08:45.100000+00:00,52.1858905,21.1301818,91.6,39.04,-0.037,-0.02,0.969,0,39.00634968321891,,126.87475612074134,-1.0,11.0
8960,2026-05-11 22:08:45.600000+00:00,52.1859292,21.1301328,91.7,39.23,-0.04,-0.022,0.968,0,39.22311352863063,,121.47835353586395,-1.0,11.0
8965,2026-05-11 22:08:46.100000+00:00,52.1859678,21.1300834,91.7,39.3,-0.045,-0.024,0.976,0,39.280785877943316,,116.07474134228633,-1.0,11.0
8970,2026-05-11 22:08:46.600000+00:00,52.1860064,21.1300339,91.7,39.51,-0.047,-0.028,0.956,0,39.311092006005566,,110.67128419055398,-1.0,11.0
8975,2026-05-11 22:08:47.100000+00:00,52.186045,21.1299848,91.7,39.27,-0.058,-0.034,0.97,0,39.190030777049046,,105.29361499956795,-1.0,11.0
8980,2026-05-11 22:08:47.600000+00:00,52.1860837,21.1299357,91.7,39.27,-0.06,-0.027,0.973,0,39.25318036202635,,99.91552679629768,-1.0,11.0
8985,2026-05-11 22:08:48.100000+00:00,52.1861221,21.1298867,91.7,39.14,-0.065,-0.033,0.964,0,39.0336018125628,,94.5732355092177,-1.0,11.0
8990,2026-05-11 22:08:48.600000+00:00,52.18616,21.1298377,91.7,38.72,-0.062,-0.032,0.967,0,38.71909384558682,,89.27717246184297,-1.0,11.0
8995,2026-05-11 22:08:49.100000+00:00,52.1861981,21.1297894,91.6,38.55,-0.053,-0.029,0.953,0,38.63288822192781,,84.01321076694416,-1.0,11.0
9000,2026-05-11 22:08:49.600000+00:00,52.1862361,21.1297403,91.6,38.59,-0.06,-0.031,0.982,0,38.81230111806631,22.0,78.728240652151,-1.0,11.0
9005,2026-05-11 22:08:50.100000+00:00,52.186274,21.1296916,91.6,38.57,-0.053,-0.026,0.964,0,38.62775650859388,22.0,73.48681356819694,-1.0,11.0
9010,2026-05-11 22:08:50.600000+00:00,52.1863122,21.1296426,91.6,38.93,-0.047,-0.023,0.963,0,38.907550988545744,22.0,68.22793038260878,-1.0,11.0
9015,2026-05-11 22:08:51.100000+00:00,52.18635,21.1295941,91.5,38.71,-0.062,-0.031,0.98,0,38.50410138221954,22.0,63.04753687642553,-1.0,11.0
9020,2026-05-11 22:08:51.600000+00:00,52.186388,21.1295454,91.5,38.45,-0.055,-0.038,0.949,0,38.69063938414833,22.0,57.87358503550296,-1.0,11.0
9025,2026-05-11 22:08:52.100000+00:00,52.186426,21.1294971,91.5,38.16,-0.066,-0.026,0.984,0,38.56963234192353,22.0,52.76225703130603,-1.0,11.0
9030,2026-05-11 22:08:52.600000+00:00,52.1864639,21.1294489,91.4,38.55,-0.06,-0.024,0.962,0,38.47630028551913,22.0,47.716501954202705,-1.0,11.0
9035,2026-05-11 22:08:53.100000+00:00,52.1865028,21.1293959,91.7,38.25,-0.071,-0.028,0.981,0,40.57935873547868,22.0,42.40356928834699,-1.0,11.0
9040,2026-05-11 22:08:53.600000+00:00,52.1865422,21.1293439,92.0,38.55,-0.059,-0.034,0.962,0,40.57683483729532,22.0,37.2224270988126,-1.0,11.0
9045,2026-05-11 22:08:54.100000+00:00,52.1865806,21.1292924,92.1,38.27,-0.066,-0.028,0.996,0,39.80129681452384,22.0,32.26773378888965,-1.0,11.0
9050,2026-05-11 22:08:54.600000+00:00,52.1866185,21.1292428,92.2,38.1,-0.049,-0.035,0.946,0,38.902564919898914,22.0,27.672219366252154,-1.0,11.0
9055,2026-05-11 22:08:55.100000+00:00,52.1866562,21.1291943,92.3,37.86,-0.059,-0.028,0.971,0,38.4411072151802,22.0,23.50160032462828,-1.0,11.0
9060,2026-05-11 22:08:55.600000+00:00,52.1866939,21.1291461,92.3,37.92,-0.055,-0.031,0.983,0,38.35007804194345,22.0,19.917926383575246,-1.0,11.0
9065,2026-05-11 22:08:56.100000+00:00,52.1867319,21.1290963,92.5,37.95,-0.055,-0.027,0.957,0,39.02641511374236,22.0,17.162691637181286,-1.0,11.0
9070,2026-05-11 22:08:56.600000+00:00,52.1867695,21.1290459,92.6,37.71,-0.068,-0.018,0.95,0,38.9635945728397,22.0,15.788989806165416,-1.0,11.0
9075,2026-05-11 22:08:57.100000+00:00,52.1868065,21.1289982,92.7,37.15,-0.083,-0.027,0.983,0,37.75787558360812,22.0,16.261909030788008,-1.0,11.0
9080,2026-05-11 22:08:57.600000+00:00,52.1868429,21.128951,92.8,36.9,-0.071,-0.027,0.962,0,37.22897043736062,22.0,18.242426120586824,-1.0,11.0
9085,2026-05-11 22:08:58.100000+00:00,52.1868793,21.1289045,92.8,36.67,-0.068,-0.031,0.963,0,37.01611980546588,22.0,21.328878000599016,-1.0,11.0
9090,2026-05-11 22:08:58.600000+00:00,52.1869153,21.1288586,92.8,36.4,-0.071,-0.026,0.988,0,36.582414817379984,22.0,25.05417960862521,-1.0,11.0
9095,2026-05-11 22:08:59.100000+00:00,52.1869513,21.1288129,92.9,36.64,-0.047,-0.027,0.946,0,36.5220280034269,22.0,29.190018786001175,-1.0,11.0
9100,2026-05-11 22:08:59.600000+00:00,52.1869872,21.1287676,92.9,36.26,-0.057,-0.024,0.972,0,36.338403428602724,22.0,33.567932680139506,-1.0,11.0
9105,2026-05-11 22:09:00.100000+00:00,52.1870231,21.1287228,92.9,36.34,-0.052,-0.026,0.965,0,36.18874394574922,22.0,38.10365578166807,-1.0,11.0
9110,2026-05-11 22:09:00.600000+00:00,52.1870588,21.1286779,92.9,36.12,-0.078,-0.016,0.973,0,36.09164519485888,22.0,42.72980134459461,-1.0,11.0
9115,2026-05-11 22:09:01.100000+00:00,52.187094,21.1286337,92.9,35.74,-0.066,-0.023,0.958,0,35.56483548650266,22.0,47.366699929148645,-1.0,11.0
9120,2026-05-11 22:09:01.600000+00:00,52.1871291,21.1285899,92.9,35.42,-0.073,-0.022,0.968,0,35.38177981507753,22.0,52.039432261607466,-1.0,11.0
9125,2026-05-11 22:09:02.100000+00:00,52.1871641,21.1285466,92.9,35.1,-0.057,-0.014,0.97,0,35.16936618118802,22.0,56.73002664320173,-1.0,11.0
9130,2026-05-11 22:09:02.600000+00:00,52.1871988,21.1285033,92.9,35.08,-0.058,-0.028,0.966,0,34.97829344249902,22.0,61.42013456071686,-1.0,11.0
9135,2026-05-11 22:09:03.100000+00:00,52.1872332,21.1284592,92.9,34.92,-0.052,-0.027,0.972,0,35.0291058469841,22.0,66.12619706496751,-1.0,11.0
9140,2026-05-11 22:09:03.600000+00:00,52.1872674,21.1284146,92.9,35.03,-0.055,-0.011,0.959,0,35.05607356884641,22.0,70.84800006268755,-1.0,11.0
9145,2026-05-11 22:09:04.100000+00:00,52.1873018,21.1283703,93.0,35.02,-0.054,-0.023,0.97,0,35.08983148726387,22.0,75.59955481539423,-1.0,11.0
9150,2026-05-11 22:09:04.600000+00:00,52.1873362,21.1283254,93.0,35.14,-0.052,-0.03,0.964,0,35.27307122904845,,80.38405433866347,-1.0,11.0
9155,2026-05-11 22:09:05.100000+00:00,52.187371,21.1282806,93.1,35.03,-0.051,-0.028,0.966,0,35.49323442640639,,85.21796655493324,-1.0,11.0
9160,2026-05-11 22:09:05.600000+00:00,52.1874062,21.1282372,93.2,35.17,-0.05,-0.031,0.982,0,35.32658103741811,,90.05696222481767,-1.0,11.0
9165,2026-05-11 22:09:06.100000+00:00,52.1874415,21.128193,93.2,35.43,-0.039,-0.033,0.942,0,35.62820480003086,,94.93854956358219,-1.0,11.0
9170,2026-05-11 22:09:06.600000+00:00,52.1874771,21.1281484,93.2,35.84,-0.062,-0.023,0.982,0,35.938266210305684,,99.86907951104378,-1.0,11.0
9175,2026-05-11 22:09:07.100000+00:00,52.1875122,21.128104,93.3,35.4,-0.059,-0.023,0.998,0,35.561379865492704,,104.75019327717082,-1.0,11.0
9180,2026-05-11 22:09:07.600000+00:00,52.1875475,21.1280595,93.3,35.74,-0.04,-0.02,0.961,0,35.718028221749435,,109.65920247513351,-1.0,11.0
9185,2026-05-11 22:09:08.100000+00:00,52.1875829,21.1280148,93.3,35.72,-0.049,-0.026,0.948,0,35.84140576085218,,114.58911709803138,-1.0,11.0
9190,2026-05-11 22:09:08.600000+00:00,52.1876181,21.1279703,93.3,35.53,-0.072,-0.018,0.984,0,35.65469413939719,,119.49693513303376,-1.0,11.0
9195,2026-05-11 22:09:09.100000+00:00,52.1876529,21.1279259,93.3,35.51,-0.057,-0.021,0.958,0,35.37184860350478,,124.3664960828511,-1.0,11.0
9200,2026-05-11 22:09:09.600000+00:00,52.1876875,21.1278815,93.4,35.01,-0.065,-0.031,0.979,0,35.24585543010377,,129.22023639883,-1.0,11.0
9205,2026-05-11 22:09:10.100000+00:00,52.1877219,21.1278371,93.4,34.96,-0.069,-0.029,0.968,0,35.12014035396221,,134.05795964401307,-1.0,11.0
9210,2026-05-11 22:09:10.600000+00:00,52.1877559,21.1277935,93.5,34.35,-0.077,-0.016,0.972,0,34.62551498377147,,138.83211184519197,-1.0,11.0
9215,2026-05-11 22:09:11.100000+00:00,52.1877896,21.1277503,93.5,34.25,-0.064,-0.02,0.953,0,34.315346688899844,,143.56589389442993,-1.0,11.0
9220,2026-05-11 22:09:11.600000+00:00,52.187823,21.1277073,93.5,33.85,-0.06,-0.024,0.967,0,34.065911623107475,,148.26620642492588,-1.0,11.0
9225,2026-05-11 22:09:12.100000+00:00,52.1878566,21.1276647,93.5,34.11,-0.059,-0.031,0.964,0,34.07089251016999,,152.97283532133468,-1.0,11.0
9230,2026-05-11 22:09:12.600000+00:00,52.18789,21.1276219,93.6,33.85,-0.064,-0.015,0.968,0,34.005160147958094,,157.66942721583717,-1.0,11.0
9235,2026-05-11 22:09:13.100000+00:00,52.1879232,21.1275791,93.7,33.52,-0.063,-0.035,0.969,0,33.8793829535282,,162.348762534897,-1.0,11.0
9240,2026-05-11 22:09:13.600000+00:00,52.1879559,21.1275368,93.7,32.67,-0.095,-0.011,0.98,0,33.413190054533544,,166.96436163128254,-1.0,11.0
9245,2026-05-11 22:09:14.100000+00:00,52.1879882,21.1274952,93.8,32.71,-0.069,-0.019,0.965,0,32.94885034913347,,171.5181088518662,-1.0,11.0
9250,2026-05-11 22:09:14.600000+00:00,52.18802,21.1274543,93.8,32.41,-0.075,-0.03,0.955,0,32.42175978613196,,176.0004319377841,-1.0,11.0
9255,2026-05-11 22:09:15.100000+00:00,52.1880516,21.127414,93.9,31.73,-0.08,-0.019,0.971,0,32.11394192101626,,180.44287095062472,-1.0,11.0
9260,2026-05-11 22:09:15.600000+00:00,52.1880833,21.127374,93.9,31.87,-0.058,-0.026,0.968,0,32.086733512756254,,184.8843233839379,-1.0,11.0
9265,2026-05-11 22:09:16.100000+00:00,52.1881148,21.1273336,94.0,31.82,-0.052,-0.023,0.957,0,32.0812064897844,,189.32279705814344,-1.0,11.0
9270,2026-05-11 22:09:16.600000+00:00,52.1881461,21.127293,94.0,31.52,-0.072,-0.02,0.979,0,32.016487559175005,,193.75096450245746,-1.0,11.0
9275,2026-05-11 22:09:17.100000+00:00,52.188177,21.1272529,94.0,31.52,-0.077,-0.024,0.965,0,31.613082022956494,,198.1240648727572,-1.0,11.0
9280,2026-05-11 22:09:17.600000+00:00,52.1882076,21.1272137,94.1,30.82,-0.075,-0.028,0.961,0,31.15071184187921,,202.43622570084742,-1.0,11.0
9285,2026-05-11 22:09:18.100000+00:00,52.1882377,21.127175,94.0,30.53,-0.078,-0.021,0.964,0,30.684354223905753,,206.68381477284547,-1.0,11.0
9290,2026-05-11 22:09:18.600000+00:00,52.1882675,21.1271364,94.0,30.11,-0.08,-0.027,0.972,0,30.465533329428432,,210.9004430152479,-1.0,11.0
9295,2026-05-11 22:09:19.100000+00:00,52.1882968,21.127098,94.0,29.92,-0.077,-0.022,0.967,0,30.091488852769952,,215.06386940863496,-1.0,11.0
9300,2026-05-11 22:09:19.600000+00:00,52.1883259,21.1270604,94.0,29.44,-0.079,-0.023,0.967,0,29.721431676166333,,219.17901848508674,-1.0,11.0
9305,2026-05-11 22:09:20.100000+00:00,52.1883546,21.1270232,94.1,29.24,-0.071,-0.028,0.964,0,29.348525440744012,,223.2425180241745,-1.0,11.0
9310,2026-05-11 22:09:20.600000+00:00,52.1883831,21.1269865,94.1,28.73,-0.082,-0.023,0.961,0,29.070626270409512,,227.26895456851295,-1.0,11.0
9315,2026-05-11 22:09:21.100000+00:00,52.1884111,21.1269504,94.1,28.43,-0.075,-0.02,0.974,0,28.57395245127507,,231.22680788063116,-1.0,11.0
9320,2026-05-11 22:09:21.600000+00:00,52.1884388,21.1269152,94.1,28.0,-0.094,-0.018,0.968,0,28.112288935709273,,235.12294269684588,-1.0,11.0
9325,2026-05-11 22:09:22.100000+00:00,52.188466,21.1268802,94.1,27.66,-0.077,-0.015,0.961,0,27.73668273289725,,238.96572578537553,-1.0,11.0
9330,2026-05-11 22:09:22.600000+00:00,52.1884929,21.1268455,94.1,27.31,-0.079,-0.007,0.976,0,27.456929346685786,,242.7697294245298,-1.0,11.0
9335,2026-05-11 22:09:23.100000+00:00,52.1885193,21.1268111,94.1,26.83,-0.076,-0.014,0.967,0,27.05192941982405,,246.51659556156469,-1.0,11.0
9340,2026-05-11 22:09:23.600000+00:00,52.1885455,21.126777,94.1,26.32,-0.077,-0.012,0.978,0,26.834920543412856,,250.23386286433447,-1.0,11.0
9345,2026-05-11 22:09:24.100000+00:00,52.1885715,21.1267436,94.0,26.15,-0.071,-0.012,0.967,0,26.496002268654454,,253.90605226078682,-1.0,11.0
9350,2026-05-11 22:09:24.600000+00:00,52.1885969,21.1267106,94.1,25.87,-0.072,-0.014,0.969,0,25.99753793070476,,257.50805495268105,-1.0,11.0
9355,2026-05-11 22:09:25.100000+00:00,52.1886219,21.1266782,94.1,25.41,-0.076,-0.004,0.969,0,25.563581044267366,,261.0504581342025,-1.0,11.0
9360,2026-05-11 22:09:25.600000+00:00,52.1886466,21.1266463,94.2,24.87,-0.069,-0.017,0.964,0,25.222896094497976,,264.5462522949348,-1.0,11.0
9365,2026-05-11 22:09:26.100000+00:00,52.1886706,21.1266149,94.2,24.47,-0.096,-0.004,0.977,0,24.631667588098807,,267.9588492238632,-1.0,11.0
9370,2026-05-11 22:09:26.600000+00:00,52.1886934,21.1265847,94.3,23.52,-0.092,-0.014,0.971,0,23.5141334967347,,271.2153999263046,-1.0,11.0
9375,2026-05-11 22:09:27.100000+00:00,52.188716,21.1265558,94.3,23.08,-0.078,-0.016,0.965,0,22.990989275699224,,274.40330799329314,-1.0,11.0
9380,2026-05-11 22:09:27.600000+00:00,52.1887381,21.1265277,94.3,22.54,-0.078,-0.015,0.972,0,22.433781752995014,,277.5145468429563,-1.0,11.0
9385,2026-05-11 22:09:28.100000+00:00,52.1887594,21.1265003,94.3,21.81,-0.084,-0.009,0.967,0,21.717755883828627,,280.525624640594,-1.0,11.0
9390,2026-05-11 22:09:28.600000+00:00,52.1887803,21.1264736,94.4,21.03,-0.081,-0.034,0.958,0,21.2536636345407,,283.4730278839494,-1.0,11.0
9395,2026-05-11 22:09:29.100000+00:00,52.1888012,21.1264485,94.4,20.67,-0.082,-0.03,0.972,0,20.77864216765639,,286.35804749865946,-1.0,11.0
9400,2026-05-11 22:09:29.600000+00:00,52.1888215,21.1264244,94.5,20.25,-0.086,-0.029,0.969,0,20.101112120785903,,289.14934866991126,-1.0,11.0
9405,2026-05-11 22:09:30.100000+00:00,52.1888411,21.1264004,94.5,19.63,-0.077,-0.026,0.971,0,19.621255322423803,,291.872963462363,-1.0,11.0
9410,2026-05-11 22:09:30.600000+00:00,52.1888602,21.1263769,94.5,19.06,-0.073,-0.019,0.963,0,19.153835267081924,,294.5315126972901,-1.0,11.0
9415,2026-05-11 22:09:31.100000+00:00,52.188879,21.1263541,94.6,18.64,-0.077,-0.009,0.968,0,18.755635231204504,,297.1353960144386,-1.0,11.0
9420,2026-05-11 22:09:31.600000+00:00,52.188897,21.1263309,94.6,18.29,-0.082,-0.017,0.969,0,18.366717690068672,,299.6820947314364,-1.0,11.0
9425,2026-05-11 22:09:32.100000+00:00,52.1889143,21.126308,94.6,17.67,-0.076,-0.017,0.966,0,17.837215842257397,,302.1534025707974,-1.0,11.0
9430,2026-05-11 22:09:32.600000+00:00,52.1889316,21.1262861,94.7,17.43,-0.072,-0.032,0.971,0,17.532077899179203,,304.5856236825517,-1.0,11.0
9435,2026-05-11 22:09:33.100000+00:00,52.1889489,21.1262649,94.8,16.87,-0.072,-0.028,0.961,0,17.3235577914335,,306.990450341242,-1.0,11.0
9440,2026-05-11 22:09:33.600000+00:00,52.1889657,21.1262439,94.9,16.59,-0.065,-0.018,0.978,0,16.945320645404262,,309.3419737120706,-1.0,11.0
9445,2026-05-11 22:09:34.100000+00:00,52.1889822,21.126223,94.9,16.64,-0.071,-0.015,0.967,0,16.725166220351273,,311.66232285910894,-1.0,11.0
9450,2026-05-11 22:09:34.600000+00:00,52.1889981,21.1262027,94.9,15.98,-0.07,-0.018,0.965,0,16.1652605468934,,313.9046118080979,-1.0,11.0
9455,2026-05-11 22:09:35.100000+00:00,52.1890138,21.1261827,94.9,15.83,-0.068,-0.024,0.967,0,15.948422412835653,,316.1169821971395,-1.0,11.0
9460,2026-05-11 22:09:35.600000+00:00,52.1890291,21.1261631,94.9,15.38,-0.072,-0.016,0.97,0,15.57524511511063,,318.2773265886426,-1.0,11.0
9465,2026-05-11 22:09:36.100000+00:00,52.1890444,21.1261436,94.9,15.58,-0.064,-0.023,0.972,0,15.54497585155438,,320.4337787165569,-1.0,11.0
9470,2026-05-11 22:09:36.600000+00:00,52.1890592,21.1261238,95.0,15.26,-0.07,-0.017,0.97,0,15.324486765287991,,322.55665423712014,-1.0,11.0
9475,2026-05-11 22:09:37.100000+00:00,52.1890743,21.1261047,95.0,15.13,-0.071,-0.021,0.967,0,15.298025137198902,,321.91644099742285,-1.0,11.0
9480,2026-05-11 22:09:37.600000+00:00,52.189089,21.1260855,95.0,14.8,-0.07,-0.021,0.975,0,15.076864694713368,,319.8231630768925,-1.0,11.0
9485,2026-05-11 22:09:38.100000+00:00,52.1891039,21.126067,95.1,14.8,-0.065,-0.02,0.968,0,14.991629355210982,,317.7409962910541,-1.0,11.0
9490,2026-05-11 22:09:38.600000+00:00,52.1891184,21.1260485,95.1,14.58,-0.064,-0.019,0.975,0,14.73808457737518,,315.69427549494736,-1.0,11.0
9495,2026-05-11 22:09:39.100000+00:00,52.1891327,21.12603,95.2,14.53,-0.061,-0.021,0.969,0,14.612293455030134,,313.6652830422565,-1.0,11.0
9500,2026-05-11 22:09:39.600000+00:00,52.1891468,21.126012,95.2,14.19,-0.058,-0.02,0.968,0,14.334641958895752,,311.6746054447134,-1.0,11.0
9505,2026-05-11 22:09:40.100000+00:00,52.1891608,21.1259938,95.3,14.29,-0.059,-0.02,0.974,0,14.332651871780802,,309.6845640871368,-1.0,11.0
9510,2026-05-11 22:09:40.600000+00:00,52.1891745,21.1259762,95.3,14.01,-0.067,-0.018,0.967,0,13.96151541208137,,307.74581526275773,-1.0,11.0
9515,2026-05-11 22:09:41.100000+00:00,52.1891883,21.125959,95.4,14.11,-0.068,-0.02,0.976,0,13.904431096903192,,305.8146632474316,-1.0,11.0
9520,2026-05-11 22:09:41.600000+00:00,52.1892017,21.1259424,95.4,13.47,-0.063,-0.019,0.972,0,13.471229202177165,,303.9436613349992,-1.0,11.0
9525,2026-05-11 22:09:42.100000+00:00,52.1892152,21.1259252,95.4,13.7,-0.057,-0.02,0.971,0,13.714357683505666,,302.0391076103719,-1.0,11.0
9530,2026-05-11 22:09:42.600000+00:00,52.1892288,21.1259078,95.5,13.77,-0.029,-0.016,0.969,0,13.837904505256882,,300.1174629360921,-1.0,11.0
9535,2026-05-11 22:09:43.100000+00:00,52.1892431,21.1258885,95.6,14.8,-0.003,-0.023,0.978,0,14.859457863626103,,298.05560877655745,-1.0,11.0
9540,2026-05-11 22:09:43.600000+00:00,52.1892585,21.1258675,95.7,16.02,0.019,-0.02,0.974,0,16.070088537900116,,295.82632892368997,-1.0,11.0
9545,2026-05-11 22:09:44.100000+00:00,52.1892754,21.1258444,95.7,17.9,0.035,-0.03,0.974,0,17.65253712739822,,293.3777180405773,-1.0,11.0
9550,2026-05-11 22:09:44.600000+00:00,52.1892939,21.125819,95.8,19.63,0.048,-0.026,0.965,0,19.35945424837124,,290.6927074773292,-1.0,11.0
9555,2026-05-11 22:09:45.100000+00:00,52.1893146,21.1257914,95.8,21.64,0.063,-0.031,0.968,0,21.404530781187635,,287.7221443950439,-1.0,11.0
9560,2026-05-11 22:09:45.600000+00:00,52.1893375,21.1257614,95.8,23.81,0.049,-0.027,0.983,0,23.51461065304887,,284.45779522176565,-1.0,11.0
9565,2026-05-11 22:09:46.100000+00:00,52.1893621,21.1257291,95.9,25.47,0.038,-0.03,0.981,0,25.282659717482797,,280.94816674458235,-1.0,11.0
9570,2026-05-11 22:09:46.600000+00:00,52.1893883,21.1256952,95.9,27.0,0.035,-0.023,0.977,0,26.773608998675233,,277.23083792645434,-1.0,11.0
9575,2026-05-11 22:09:47.100000+00:00,52.1894158,21.1256594,96.0,28.41,0.032,-0.03,0.973,0,28.16866371098441,,273.32017443500433,-1.0,11.0
9580,2026-05-11 22:09:47.600000+00:00,52.1894443,21.1256217,96.0,29.4,0.001,-0.02,0.97,0,29.377006850094546,,269.24288012762577,-1.0,11.0
9585,2026-05-11 22:09:48.100000+00:00,52.1894733,21.1255836,96.0,29.74,-0.017,-0.026,0.989,0,29.81173989191036,,265.1048323701653,-1.0,11.0
9590,2026-05-11 22:09:48.600000+00:00,52.1895034,21.1255444,96.0,31.21,-0.006,-0.042,0.916,0,30.836535972654726,,260.82401055907013,-1.0,11.0
9595,2026-05-11 22:09:49.100000+00:00,52.1895339,21.1255042,96.1,31.4,-0.023,-0.027,1.001,0,31.393559465920738,,256.46681211316496,-1.0,11.0
9600,2026-05-11 22:09:49.600000+00:00,52.1895651,21.1254641,96.1,32.09,-0.024,-0.028,0.975,0,31.80100571614294,,252.0514380280053,-1.0,11.0
9605,2026-05-11 22:09:50.100000+00:00,52.189597,21.125423,96.1,32.73,-0.003,-0.04,0.958,0,32.54497737033404,,247.53296459935964,-1.0,11.0
9610,2026-05-11 22:09:50.600000+00:00,52.1896296,21.1253811,96.1,33.35,-0.022,-0.035,0.972,0,33.22815037731931,,242.91955593449015,-1.0,11.0
9615,2026-05-11 22:09:51.100000+00:00,52.1896632,21.1253391,96.1,34.08,-0.007,-0.025,0.984,0,33.8904469413599,,238.2129675224347,-1.0,11.0
9620,2026-05-11 22:09:51.600000+00:00,52.1896969,21.1252951,96.1,34.93,-0.004,-0.028,0.964,0,34.558778994434114,,233.41606845559727,-1.0,11.0
9625,2026-05-11 22:09:52.100000+00:00,52.189732,21.1252509,96.2,35.91,-0.007,-0.019,0.955,0,35.50064341309349,,228.4862157234962,-1.0,11.0
9630,2026-05-11 22:09:52.600000+00:00,52.189767,21.1252052,96.2,36.11,-0.03,-0.014,0.981,0,35.89270417630834,,223.50436832962586,-1.0,11.0
9635,2026-05-11 22:09:53.100000+00:00,52.189803,21.12516,96.2,36.53,-0.025,-0.028,0.973,0,36.37094187257581,,218.4536389706735,-1.0,11.0
9640,2026-05-11 22:09:53.600000+00:00,52.1898394,21.1251141,96.2,37.11,-0.017,-0.035,0.96,0,36.83434119998646,,213.33880385766545,-1.0,11.0
9645,2026-05-11 22:09:54.100000+00:00,52.1898759,21.1250673,96.2,37.39,-0.031,-0.03,0.965,0,37.169047881096155,,208.17859105215646,-1.0,11.0
9650,2026-05-11 22:09:54.600000+00:00,52.1899131,21.125021,96.2,37.76,-0.036,-0.033,0.972,0,37.461862924766045,,202.9761432855594,-1.0,11.0
9655,2026-05-11 22:09:55.100000+00:00,52.1899505,21.1249747,96.2,37.96,-0.029,-0.031,0.955,0,37.589273987738515,,197.75583954922615,-1.0,11.0
9660,2026-05-11 22:09:55.600000+00:00,52.1899881,21.1249277,96.3,38.28,-0.036,-0.03,0.98,0,37.92492205574183,,192.48933185960786,-1.0,11.0
9665,2026-05-11 22:09:56.100000+00:00,52.1900254,21.1248804,96.3,39.06,-0.024,-0.036,0.958,0,37.82474192461178,,187.2375941101055,-1.0,11.0
9670,2026-05-11 22:09:56.600000+00:00,52.1900632,21.1248327,96.5,39.03,-0.035,-0.033,0.977,0,38.26136798201615,,181.92501424331024,-1.0,11.0
9675,2026-05-11 22:09:57.100000+00:00,52.1901021,21.124785,96.5,39.63,-0.034,-0.034,0.963,0,38.961643046723985,,176.51396877171405,-1.0,11.0
9680,2026-05-11 22:09:57.600000+00:00,52.1901416,21.1247369,96.5,39.64,-0.038,-0.049,0.978,0,39.46378809253743,,171.03303539324952,-1.0,11.0
9685,2026-05-11 22:09:58.100000+00:00,52.1901813,21.1246885,96.7,40.18,-0.029,-0.051,0.964,0,39.680173967998186,,165.52208379169332,-1.0,11.0
9690,2026-05-11 22:09:58.600000+00:00,52.1902215,21.1246407,96.9,40.61,-0.026,-0.054,0.955,0,39.82734876452223,,159.9905455284622,-1.0,11.0
9695,2026-05-11 22:09:59.100000+00:00,52.1902629,21.1245924,96.9,41.18,-0.035,-0.04,0.962,0,40.749904811988394,,154.33131643331626,-1.0,11.0
9700,2026-05-11 22:09:59.600000+00:00,52.1903044,21.1245442,97.0,41.41,-0.041,-0.031,0.979,0,40.786550951085616,,148.66721328803175,-1.0,11.0
9705,2026-05-11 22:10:00.100000+00:00,52.1903468,21.124496,97.0,41.63,-0.045,-0.04,0.962,0,41.37560898439867,,142.92263201011514,-1.0,11.0
9710,2026-05-11 22:10:00.600000+00:00,52.1903891,21.1244471,97.0,41.82,-0.054,-0.032,0.97,0,41.507638142956594,,137.15879233824296,-1.0,11.0
9715,2026-05-11 22:10:01.100000+00:00,52.1904318,21.1243988,96.9,41.9,-0.061,-0.042,0.972,0,41.600808796407605,,131.38366372477347,-1.0,11.0
9720,2026-05-11 22:10:01.600000+00:00,52.1904746,21.1243509,96.9,41.63,-0.055,-0.044,0.964,0,41.55523066081667,,125.61614056722541,-1.0,11.0
9725,2026-05-11 22:10:02.100000+00:00,52.1905178,21.124304,96.8,41.67,-0.066,-0.039,0.962,0,41.54575127245185,,119.85418443853494,-1.0,11.0
9730,2026-05-11 22:10:02.600000+00:00,52.190561,21.1242579,96.8,41.65,-0.081,-0.033,0.971,0,41.32948831714766,,114.12585624321235,-1.0,11.0
9735,2026-05-11 22:10:03.100000+00:00,52.1906037,21.1242123,96.7,40.95,-0.074,-0.029,0.978,0,40.86014673744556,,108.4636821742038,-1.0,11.0
9740,2026-05-11 22:10:03.600000+00:00,52.1906462,21.1241673,96.6,40.97,-0.057,-0.04,0.972,0,40.56518378913646,,102.84543234982867,-1.0,11.0
9745,2026-05-11 22:10:04.100000+00:00,52.190688,21.1241247,96.2,41.19,-0.043,-0.042,0.964,0,39.459682256340514,,97.39060965394795,-1.0,11.0
9750,2026-05-11 22:10:04.600000+00:00,52.1907305,21.1240808,96.0,40.79,-0.04,-0.045,0.96,0,40.27376764829399,,91.82293868364235,-1.0,11.0
9755,2026-05-11 22:10:05.100000+00:00,52.1907732,21.1240381,95.7,41.52,-0.047,-0.037,0.976,0,40.098192494235185,,86.29202902240432,-1.0,11.0
9760,2026-05-11 22:10:05.600000+00:00,52.1908163,21.1239956,95.5,41.6,-0.054,-0.047,0.959,0,40.320683497820355,,80.74035364716461,-1.0,11.0
9765,2026-05-11 22:10:06.100000+00:00,52.1908597,21.1239533,95.3,41.5,-0.063,-0.039,0.981,0,40.47597297296665,21.0,75.1788155016683,-1.0,11.0
9770,2026-05-11 22:10:06.600000+00:00,52.1909031,21.123911,95.1,41.45,-0.053,-0.036,0.956,0,40.4759625909981,21.0,69.626937379034,-1.0,11.0
9775,2026-05-11 22:10:07.100000+00:00,52.1909464,21.1238687,94.9,41.23,-0.063,-0.033,0.968,0,40.40724603370902,21.0,64.0956127259966,-1.0,11.0
9780,2026-05-11 22:10:07.600000+00:00,52.19099,21.1238264,94.7,41.37,-0.048,-0.036,0.955,0,40.61347893327724,21.0,58.55488845499346,-1.0,11.0
9785,2026-05-11 22:10:08.100000+00:00,52.1910335,21.1237841,94.6,41.03,-0.07,-0.033,0.984,0,40.544679230554756,21.0,53.04336152384002,-1.0,11.0
9790,2026-05-11 22:10:08.600000+00:00,52.1910772,21.1237423,94.5,41.03,-0.041,-0.037,0.951,0,40.55760904182476,21.0,47.5680705141434,-1.0,11.0
9795,2026-05-11 22:10:09.100000+00:00,52.1911206,21.1237008,94.5,40.8,-0.069,-0.035,1.002,0,40.275933662434305,21.0,42.17215198088126,-1.0,11.0
9800,2026-05-11 22:10:09.600000+00:00,52.191164,21.1236592,94.5,40.72,-0.044,-0.044,0.927,0,40.300765744700726,21.0,36.83019538152083,-1.0,11.0
9805,2026-05-11 22:10:10.100000+00:00,52.1912073,21.1236174,94.4,40.67,-0.068,-0.044,0.977,0,40.281653026574645,21.0,31.57284911189749,-1.0,11.0
9810,2026-05-11 22:10:10.600000+00:00,52.1912509,21.1235759,94.3,40.55,-0.066,-0.044,0.95,0,40.414121413661704,21.0,26.45309746823193,-1.0,11.0
9815,2026-05-11 22:10:11.100000+00:00,52.1912942,21.123535,94.2,40.05,-0.084,-0.028,0.98,0,40.058475696254256,21.0,21.631596431769484,-1.0,11.0
9820,2026-05-11 22:10:11.600000+00:00,52.1913373,21.1234943,94.1,39.88,-0.074,-0.035,0.966,0,39.8707123315692,21.0,17.281851276077834,-1.0,11.0
9825,2026-05-11 22:10:12.100000+00:00,52.19138,21.1234544,94.0,38.58,-0.136,-0.021,0.966,0,39.3972500871495,21.0,13.865282509282357,-1.0,11.0
9830,2026-05-11 22:10:12.600000+00:00,52.191421,21.123416,93.8,37.29,-0.136,-0.023,0.956,0,37.85034677573148,21.0,12.094801872352745,-1.0,11.0
9835,2026-05-11 22:10:13.100000+00:00,52.191461,21.1233792,93.6,35.96,-0.134,-0.029,0.974,0,36.76612305697259,21.0,12.469887446168084,-1.0,11.0
9840,2026-05-11 22:10:13.600000+00:00,52.1914989,21.1233446,93.5,34.62,-0.137,-0.026,0.961,0,34.771469135137835,21.0,14.580015462215137,-1.0,11.0
9845,2026-05-11 22:10:14.100000+00:00,52.1915361,21.1233119,93.1,32.89,-0.154,-0.024,0.967,0,33.83132337875386,21.0,17.7389119670928,-1.0,11.0
9850,2026-05-11 22:10:14.600000+00:00,52.1915716,21.1232806,92.9,31.4,-0.135,-0.022,0.955,0,32.3072556375955,21.0,21.289580611208795,-1.0,11.0
9855,2026-05-11 22:10:15.100000+00:00,52.1916052,21.1232508,92.8,30.12,-0.14,-0.021,0.972,0,30.619110899857535,21.0,24.92990628104635,-1.0,11.0
9860,2026-05-11 22:10:15.600000+00:00,52.1916372,21.1232227,92.7,28.48,-0.142,-0.019,0.965,0,29.095441852702713,21.0,28.553379145716445,-1.0,11.0
9865,2026-05-11 22:10:16.100000+00:00,52.191668,21.123196,92.7,27.35,-0.129,-0.024,0.953,0,27.924210546942437,21.0,32.132407582104904,-1.0,11.0
9870,2026-05-11 22:10:16.600000+00:00,52.1916975,21.1231712,92.7,25.87,-0.147,-0.018,0.973,0,26.56965632291699,21.0,35.611092716435216,-1.0,11.0
9875,2026-05-11 22:10:17.100000+00:00,52.1917259,21.1231479,92.7,24.8,-0.132,-0.015,0.969,0,25.45082351635318,21.0,38.98973552944754,-1.0,11.0
9880,2026-05-11 22:10:17.600000+00:00,52.1917526,21.123126,92.7,23.08,-0.153,-0.009,0.968,0,23.92619114502096,21.0,42.189412238061394,-1.0,11.0
9885,2026-05-11 22:10:18.100000+00:00,52.1917777,21.1231058,92.7,21.41,-0.16,-0.002,0.963,0,22.407589615571858,21.0,45.207793410617874,-1.0,11.0
9890,2026-05-11 22:10:18.600000+00:00,52.1918003,21.1230877,92.8,19.09,-0.205,-0.008,0.96,0,20.156674360749914,21.0,47.934407681816765,-1.0,11.0
9895,2026-05-11 22:10:19.100000+00:00,52.1918206,21.1230713,92.9,17.12,-0.153,-0.013,0.972,0,18.136159021099555,21.0,50.39270557901056,-1.0,11.0
9900,2026-05-11 22:10:19.600000+00:00,52.1918387,21.1230568,92.9,14.91,-0.177,-0.009,0.965,0,16.144035831180346,21.0,52.58731955158784,-1.0,11.0
9905,2026-05-11 22:10:20.100000+00:00,52.1918545,21.1230445,92.9,12.59,-0.201,-0.004,0.954,0,14.016134295032522,21.0,54.49992999257175,-1.0,11.0
9910,2026-05-11 22:10:20.600000+00:00,52.1918673,21.1230347,93.0,9.87,-0.206,-0.008,0.964,0,11.320293204194456,21.0,56.04815500114073,-1.0,11.0
9915,2026-05-11 22:10:21.100000+00:00,52.1918773,21.1230263,93.1,8.08,-0.132,-0.014,0.971,0,9.005131337059769,21.0,57.27215488752767,-1.0,11.0
9920,2026-05-11 22:10:21.600000+00:00,52.191887,21.1230182,93.2,8.1,-0.059,-0.015,0.971,0,8.724217300065845,21.0,58.459626949552415,-1.0,11.0
9925,2026-05-11 22:10:22.100000+00:00,52.1918968,21.1230095,93.2,8.33,-0.034,-0.02,0.966,0,8.932514381407497,21.0,59.67003359312009,-1.0,11.0
9930,2026-05-11 22:10:22.600000+00:00,52.1919075,21.1230003,93.3,9.42,0.013,-0.027,0.976,0,9.683563960139432,21.0,60.98727317096095,-1.0,11.0
9935,2026-05-11 22:10:23.100000+00:00,52.1919198,21.1229901,93.4,11.09,0.045,-0.03,0.967,0,11.046801285337493,21.0,62.49564830073408,-1.0,11.0
9940,2026-05-11 22:10:23.600000+00:00,52.1919342,21.1229788,93.5,13.26,0.058,-0.031,0.976,0,12.793253221867342,21.0,64.25046845975578,-1.0,11.0
9945,2026-05-11 22:10:24.100000+00:00,52.1919511,21.1229654,93.5,15.33,0.063,-0.029,0.982,0,15.043828804725889,21.0,66.31420557542022,-1.0,11.0
9950,2026-05-11 22:10:24.600000+00:00,52.1919705,21.12295,93.6,17.52,0.075,-0.034,0.989,0,17.273056266623904,21.0,68.68550525343113,-1.0,11.0
9955,2026-05-11 22:10:25.100000+00:00,52.1919924,21.1229324,93.8,20.11,0.072,-0.038,0.963,0,19.545465936948705,21.0,71.36908035645041,-1.0,11.0
9960,2026-05-11 22:10:25.600000+00:00,52.1920169,21.122912,93.9,22.45,0.08,-0.034,0.968,0,22.022255146043648,21.0,74.38895649671247,-1.0,11.0
9965,2026-05-11 22:10:26.100000+00:00,52.192044,21.1228909,94.0,24.01,0.039,-0.029,0.989,0,24.04098212335765,21.0,77.7012384276842,-1.0,11.0
9970,2026-05-11 22:10:26.600000+00:00,52.1920728,21.1228681,94.0,25.79,0.036,-0.028,0.948,0,25.629195602961932,,81.23194193224231,-1.0,11.0
9975,2026-05-11 22:10:27.100000+00:00,52.1921032,21.1228432,94.1,27.27,0.027,-0.031,0.975,0,27.234087506015243,,84.97997667882566,-1.0,11.0
9980,2026-05-11 22:10:27.600000+00:00,52.1921352,21.1228174,94.3,28.69,0.012,-0.039,0.982,0,28.577615947109354,,88.91912487826404,-1.0,11.0
9985,2026-05-11 22:10:28.100000+00:00,52.192169,21.1227917,94.3,30.13,0.027,-0.032,0.967,0,29.855576256191707,,93.04698213939312,-1.0,11.0
9990,2026-05-11 22:10:28.600000+00:00,52.1922056,21.1227641,93.9,31.45,0.009,-0.038,0.982,0,32.28149561536382,,97.5132720074924,-1.0,11.0
9995,2026-05-11 22:10:29.100000+00:00,52.1922426,21.1227366,93.8,32.44,0.009,-0.039,0.956,0,32.552073949344155,,102.02049873959348,-1.0,11.0
10000,2026-05-11 22:10:29.600000+00:00,52.192281,21.1227086,93.6,33.51,0.0,-0.038,0.984,0,33.67464330603954,,106.68673743418161,-1.0,11.0
10005,2026-05-11 22:10:30.100000+00:00,52.1923211,21.1226797,93.4,35.0,0.003,-0.036,0.964,0,35.097761935748025,,111.5524361095882,-1.0,11.0
10010,2026-05-11 22:10:30.600000+00:00,52.1923627,21.1226501,93.0,35.9,0.008,-0.027,0.967,0,36.33546918862211,,116.59180911818123,-1.0,11.0
10015,2026-05-11 22:10:31.100000+00:00,52.1924052,21.1226188,92.7,37.11,0.006,-0.036,0.978,0,37.332523979579335,,121.76636730086646,-1.0,11.0
10020,2026-05-11 22:10:31.600000+00:00,52.1924486,21.122587,92.4,38.24,0.006,-0.043,0.96,0,38.09027735684648,,127.04743410422333,-1.0,11.0
10025,2026-05-11 22:10:32.100000+00:00,52.1924932,21.1225552,92.3,39.53,0.002,-0.032,0.977,0,38.968638010137724,,132.4538164439095,-1.0,11.0
10030,2026-05-11 22:10:32.600000+00:00,52.1925391,21.1225226,92.1,40.55,0.002,-0.036,0.968,0,40.07958537117748,,138.01515619085703,-1.0,11.0
10035,2026-05-11 22:10:33.100000+00:00,52.192586,21.1224892,92.0,41.63,0.001,-0.033,0.967,0,40.9703773059846,,143.70028962404825,-1.0,11.0
10040,2026-05-11 22:10:33.600000+00:00,52.1926342,21.1224559,91.9,42.48,-0.006,-0.036,0.971,0,41.907127169109046,,149.51805781085667,-1.0,11.0
10045,2026-05-11 22:10:34.100000+00:00,52.1926836,21.1224222,91.7,43.29,-0.017,-0.068,0.985,0,42.86877350073201,,155.47024329753103,-1.0,11.0
10050,2026-05-11 22:10:34.600000+00:00,52.1927344,21.1223882,91.6,44.37,-0.01,-0.075,0.948,0,43.96063821729143,,161.57499415697822,-1.0,11.0
10055,2026-05-11 22:10:35.100000+00:00,52.1927864,21.122355,91.4,44.95,-0.018,-0.043,0.978,0,44.70635260085282,,167.78420905823242,-1.0,11.0
10060,2026-05-11 22:10:35.600000+00:00,52.1928392,21.1223215,91.3,45.76,-0.011,-0.046,0.954,0,45.35653786160369,,174.08371997847883,-1.0,11.0
10065,2026-05-11 22:10:36.100000+00:00,52.1928927,21.1222884,91.2,45.57,-0.061,-0.044,0.984,0,45.80930757229087,,180.4458159186988,-1.0,11.0
10070,2026-05-11 22:10:36.600000+00:00,52.1929463,21.1222555,91.1,45.63,-0.079,-0.044,0.978,0,45.84950854441872,,186.81333909413988,-1.0,11.0
10075,2026-05-11 22:10:37.100000+00:00,52.1929996,21.1222239,91.0,45.3,-0.079,-0.048,0.954,0,45.40291913782974,,193.11766473171664,-1.0,11.0
10080,2026-05-11 22:10:37.600000+00:00,52.1930525,21.1221927,90.9,44.85,-0.077,-0.029,0.969,0,45.03494105295686,,199.37076284862442,-1.0,11.0
10085,2026-05-11 22:10:38.100000+00:00,52.1931051,21.1221611,90.8,44.56,-0.058,-0.006,0.983,0,44.876598773257726,,205.60271088948352,-1.0,11.0
10090,2026-05-11 22:10:38.600000+00:00,52.1931573,21.1221294,90.7,44.43,-0.055,-0.02,0.967,0,44.59331656039954,,211.79569208571033,-1.0,11.0
10095,2026-05-11 22:10:39.100000+00:00,52.1932097,21.1220972,90.7,44.66,-0.041,-0.036,0.952,0,44.829317035900075,,218.02173747714443,-1.0,11.0
10100,2026-05-11 22:10:39.600000+00:00,52.1932623,21.1220658,90.6,44.51,-0.05,-0.049,0.979,0,44.84275458753523,,224.24888821944342,-1.0,11.0
10105,2026-05-11 22:10:40.100000+00:00,52.193315,21.122035,90.6,44.69,-0.048,-0.043,0.967,0,44.817772657704836,,230.4717554154834,-1.0,11.0
10110,2026-05-11 22:10:40.600000+00:00,52.1933674,21.1220032,90.5,44.59,-0.058,-0.034,0.967,0,44.76047392346765,,236.68807037139103,-1.0,11.0
10115,2026-05-11 22:10:41.100000+00:00,52.1934198,21.1219716,90.4,44.76,-0.053,-0.03,0.962,0,44.726339300021536,,242.89951081571684,-1.0,11.0
10120,2026-05-11 22:10:41.600000+00:00,52.1934723,21.1219407,90.4,44.59,-0.053,-0.015,0.981,0,44.68368011839838,,249.10424539728862,-1.0,11.0
10125,2026-05-11 22:10:42.100000+00:00,52.1935246,21.1219092,90.7,44.61,-0.053,-0.02,0.964,0,44.63422005580383,,255.30292856164914,-1.0,11.0
10130,2026-05-11 22:10:42.600000+00:00,52.1935765,21.1218772,91.1,44.4,-0.065,-0.021,0.965,0,44.42009263649813,,261.47230928691374,-1.0,11.0
10135,2026-05-11 22:10:43.100000+00:00,52.1936284,21.1218465,91.1,43.95,-0.067,-0.044,0.96,0,44.19855491080974,,267.60997915729337,-1.0,11.0
10140,2026-05-11 22:10:43.600000+00:00,52.1936802,21.1218165,91.0,43.74,-0.069,-0.038,0.961,0,44.00717165698112,,273.72026001782507,-1.0,11.0
10145,2026-05-11 22:10:44.100000+00:00,52.1937316,21.1217871,91.0,43.28,-0.072,-0.019,0.995,0,43.60719752820531,,279.77447940650757,-1.0,11.0
10150,2026-05-11 22:10:44.600000+00:00,52.1937824,21.1217571,91.2,43.48,-0.041,-0.02,0.939,0,43.25352069933307,,285.78102529618485,-1.0,11.0
10155,2026-05-11 22:10:45.100000+00:00,52.1938327,21.1217266,91.5,43.18,-0.058,-0.023,0.974,0,42.96220920491878,,291.7477892987391,-1.0,11.0
10160,2026-05-11 22:10:45.600000+00:00,52.1938832,21.1216977,91.7,43.25,-0.056,-0.024,0.976,0,42.84603284027455,,297.696536752413,-1.0,11.0
10165,2026-05-11 22:10:46.100000+00:00,52.1939334,21.1216677,91.8,43.06,-0.056,-0.025,0.931,0,42.802138286163675,,303.6408241555095,-1.0,11.0
10170,2026-05-11 22:10:46.600000+00:00,52.1939834,21.1216386,92.0,42.4,-0.088,-0.009,1.019,0,42.50137544930464,,309.54255235584867,-1.0,11.0
10175,2026-05-11 22:10:47.100000+00:00,52.1940334,21.1216108,92.0,42.26,-0.055,-0.022,0.955,0,42.29126390655622,,315.41290566279724,-1.0,11.0
10180,2026-05-11 22:10:47.600000+00:00,52.194083,21.1215818,92.0,41.84,-0.064,-0.016,0.982,0,42.18329762840224,,321.2707433715374,-1.0,11.0
10185,2026-05-11 22:10:48.100000+00:00,52.1941325,21.1215528,92.0,41.98,-0.047,-0.029,0.945,0,42.10793482968384,,327.1182144044042,-1.0,11.0
10190,2026-05-11 22:10:48.600000+00:00,52.1941816,21.1215235,92.0,41.5,-0.069,-0.021,0.986,0,41.857023499731795,,332.93134223215924,-1.0,11.0
10195,2026-05-11 22:10:49.100000+00:00,52.1942308,21.1214946,91.9,41.75,-0.048,-0.03,0.938,0,41.86530527016513,,338.74524543108686,-1.0,11.0
10200,2026-05-11 22:10:49.600000+00:00,52.1942802,21.1214658,91.9,41.76,-0.048,-0.018,0.989,0,41.99944660784939,,344.5775708114795,-1.0,11.0
10205,2026-05-11 22:10:50.100000+00:00,52.19433,21.1214366,91.9,42.08,-0.027,-0.027,0.975,0,42.36713553220573,,350.46116417632044,-1.0,11.0
10210,2026-05-11 22:10:50.600000+00:00,52.1943804,21.1214073,91.9,42.86,-0.026,-0.038,0.96,0,42.835937183809655,,356.40961546542286,-1.0,11.0
10215,2026-05-11 22:10:51.100000+00:00,52.1944313,21.1213781,91.9,43.33,-0.017,-0.024,0.939,0,43.196910043733325,,362.4077296696654,-1.0,11.0
10220,2026-05-11 22:10:51.600000+00:00,52.1944827,21.1213482,91.8,43.6,-0.029,-0.04,0.994,0,43.68891863436643,,368.47472374756495,-1.0,11.0
10225,2026-05-11 22:10:52.100000+00:00,52.194535,21.1213182,91.8,44.87,-0.01,-0.027,0.959,0,44.384514185627,,374.6378252977535,-1.0,11.0
10230,2026-05-11 22:10:52.600000+00:00,52.1945878,21.1212878,91.9,45.01,-0.023,-0.028,0.976,0,44.82729151719094,,380.862603862882,-1.0,11.0
10235,2026-05-11 22:10:53.100000+00:00,52.1946413,21.1212564,91.9,45.85,-0.015,-0.03,0.963,0,45.51992691477125,,387.1842340605085,-1.0,11.0
10240,2026-05-11 22:10:53.600000+00:00,52.1946958,21.1212244,91.9,46.59,-0.015,-0.029,0.938,0,46.37293431167757,,393.6243568067484,-1.0,11.0
10245,2026-05-11 22:10:54.100000+00:00,52.1947511,21.1211922,91.9,47.1,-0.023,-0.024,1.01,0,47.00896988553626,,400.1525829188424,-1.0,11.0
10250,2026-05-11 22:10:54.600000+00:00,52.1948074,21.1211593,91.9,48.28,-0.007,-0.031,0.955,0,47.87848616815647,,406.801697667213,-1.0,11.0
10255,2026-05-11 22:10:55.100000+00:00,52.1948647,21.1211263,91.9,48.94,-0.008,-0.027,0.97,0,48.649250991631554,,413.55737200765117,-1.0,11.0
10260,2026-05-11 22:10:55.600000+00:00,52.1949227,21.1210926,92.0,49.72,-0.009,-0.013,0.964,0,49.29225091679092,,420.40269429132314,-1.0,11.0
10265,2026-05-11 22:10:56.100000+00:00,52.1949817,21.1210587,91.9,50.5,-0.013,-0.026,0.981,0,50.079680577871926,,427.35698295675934,-1.0,11.0
10270,2026-05-11 22:10:56.600000+00:00,52.1950414,21.1210238,91.9,51.2,-0.007,-0.023,0.962,0,50.77204991170159,,420.8660874800369,-1.0,11.0
10275,2026-05-11 22:10:57.100000+00:00,52.1951021,21.1209887,91.8,51.99,-0.002,-0.031,0.96,0,51.55913353199732,,413.7108044692482,-1.0,11.0
10280,2026-05-11 22:10:57.600000+00:00,52.1951638,21.1209531,91.8,52.91,-0.015,-0.031,0.968,0,52.395717134231326,,406.4398359475445,-1.0,11.0
10285,2026-05-11 22:10:58.100000+00:00,52.1952264,21.1209171,91.7,53.48,-0.016,-0.026,0.99,0,53.140499319849354,,399.06607498239936,-1.0,11.0
10290,2026-05-11 22:10:58.600000+00:00,52.1952897,21.1208811,91.7,53.97,-0.032,-0.027,0.958,0,53.669359132895394,,391.6203855502768,-1.0,11.0
10295,2026-05-11 22:10:59.100000+00:00,52.195353,21.1208452,91.7,53.72,-0.056,-0.014,0.971,0,53.6532164315538,,384.1775780976693,-1.0,11.0
10300,2026-05-11 22:10:59.600000+00:00,52.1954162,21.1208092,91.6,53.88,-0.067,-0.02,0.968,0,53.593750697638896,,376.7428722467889,-1.0,11.0
10305,2026-05-11 22:11:00.100000+00:00,52.1954793,21.1207731,91.6,53.61,-0.071,-0.015,0.981,0,53.534383554859474,,369.3162582964921,-1.0,11.0
10310,2026-05-11 22:11:00.600000+00:00,52.1955422,21.1207369,91.6,53.63,-0.056,-0.027,0.953,0,53.399608587676404,,361.9080230699733,-1.0,11.0
10315,2026-05-11 22:11:01.100000+00:00,52.1956052,21.1207006,91.6,53.59,-0.05,-0.02,0.977,0,53.49142999623071,,354.48726765986646,-1.0,11.0
10320,2026-05-11 22:11:01.600000+00:00,52.1956683,21.1206644,91.5,54.0,-0.033,-0.032,0.94,0,53.55061857219414,,347.0591807203236,-1.0,11.0
10325,2026-05-11 22:11:02.100000+00:00,52.1957317,21.120628,91.5,53.83,-0.047,-0.027,0.989,0,53.80975135041007,,339.59547491789175,-1.0,11.0
10330,2026-05-11 22:11:02.600000+00:00,52.1957955,21.1205912,91.6,54.36,-0.028,-0.019,0.942,0,54.177045108165494,,332.08069879947004,-1.0,11.0
10335,2026-05-11 22:11:03.100000+00:00,52.1958597,21.1205541,91.6,54.6,-0.049,-0.024,0.985,0,54.52804667479719,,324.5174617753602,-1.0,11.0
10340,2026-05-11 22:11:03.600000+00:00,52.195924,21.1205163,91.6,54.96,-0.036,-0.033,0.954,0,54.719008275083745,,316.92613084004597,-1.0,11.0
10345,2026-05-11 22:11:04.100000+00:00,52.1959888,21.1204789,91.7,55.06,-0.045,-0.031,1.001,0,55.02998431978792,,309.29439837707463,-1.0,11.0
10350,2026-05-11 22:11:04.600000+00:00,52.196054,21.1204412,91.8,55.68,-0.029,-0.033,0.93,0,55.380991398987035,,301.6143168087794,-1.0,11.0
10355,2026-05-11 22:11:05.100000+00:00,52.1961193,21.1204035,91.8,55.56,-0.048,-0.017,0.968,0,55.45644966167524,,293.9245996272285,-1.0,11.0
10360,2026-05-11 22:11:05.600000+00:00,52.1961847,21.1203662,91.8,55.52,-0.062,-0.018,0.991,0,55.46683255302367,,286.23592371497017,-1.0,11.0
10365,2026-05-11 22:11:06.100000+00:00,52.1962496,21.1203282,91.9,55.14,-0.059,-0.024,0.952,0,55.204197176418035,,278.5806251345069,-1.0,11.0
10370,2026-05-11 22:11:06.600000+00:00,52.1963145,21.1202904,91.9,55.03,-0.082,-0.015,0.975,0,55.1711111296066,,270.93134779359013,-1.0,11.0
10375,2026-05-11 22:11:07.100000+00:00,52.1963789,21.1202525,92.0,54.67,-0.078,-0.022,0.967,0,54.81090289391671,,263.3312778478827,-1.0,11.0
10380,2026-05-11 22:11:07.600000+00:00,52.196443,21.120215,92.1,54.19,-0.082,-0.029,0.973,0,54.51845264782451,,255.77337308019588,-1.0,11.0
10385,2026-05-11 22:11:08.100000+00:00,52.1965068,21.1201781,92.2,53.99,-0.07,-0.014,0.966,0,54.19332638141228,,248.26318034291376,-1.0,11.0
10390,2026-05-11 22:11:08.600000+00:00,52.1965699,21.1201412,92.4,53.24,-0.057,-0.031,0.948,0,53.66543287610914,,240.82540644901462,-1.0,11.0
10395,2026-05-11 22:11:09.100000+00:00,52.196633,21.1201051,92.5,52.96,-0.081,-0.036,0.98,0,53.534231386794666,,233.41049576515022,-1.0,11.0
10400,2026-05-11 22:11:09.600000+00:00,52.1966954,21.1200695,92.6,52.33,-0.075,-0.027,0.977,0,52.92419914398338,,226.08189676506598,-1.0,11.0
10405,2026-05-11 22:11:10.100000+00:00,52.1967573,21.1200344,92.8,52.08,-0.065,-0.011,0.986,0,52.46542736167428,,218.8194161325578,-1.0,11.0
10410,2026-05-11 22:11:10.600000+00:00,52.1968189,21.1199989,92.9,52.13,-0.047,-0.034,0.941,0,52.30366263637984,,211.57793890652744,-1.0,11.0
10415,2026-05-11 22:11:11.100000+00:00,52.1968806,21.1199639,93.0,51.96,-0.069,-0.028,1.0,0,52.29805562301794,,204.34195187215832,-1.0,11.0
10420,2026-05-11 22:11:11.600000+00:00,52.196942,21.1199291,93.1,52.02,-0.044,-0.034,0.923,0,52.03895798247696,,197.14400825192743,-1.0,11.0
10425,2026-05-11 22:11:12.100000+00:00,52.1970028,21.1198942,93.2,51.44,-0.078,-0.025,0.976,0,51.60169769699072,,190.00612002909904,-1.0,11.0
10430,2026-05-11 22:11:12.600000+00:00,52.197063,21.1198601,93.2,50.86,-0.078,-0.024,0.967,0,51.018695931985604,,182.9539554618139,-1.0,11.0
10435,2026-05-11 22:11:13.100000+00:00,52.1971226,21.1198261,93.3,50.25,-0.078,-0.03,0.97,0,50.54892688804143,,175.96782383747703,-1.0,11.0
10440,2026-05-11 22:11:13.600000+00:00,52.1971819,21.1197923,93.3,50.2,-0.055,-0.015,0.977,0,50.289805984681784,,169.0205417646342,-1.0,11.0
10445,2026-05-11 22:11:14.100000+00:00,52.1972412,21.1197585,93.5,50.08,-0.04,-0.028,0.957,0,50.28979869623234,,162.07647741909082,-1.0,11.0
10450,2026-05-11 22:11:14.600000+00:00,52.1973005,21.1197247,93.4,50.31,-0.044,-0.02,0.968,0,50.28979139233289,,155.1360627540841,-1.0,11.0
10455,2026-05-11 22:11:15.100000+00:00,52.1973599,21.11969,93.5,50.74,-0.026,-0.021,0.98,0,50.51253952356202,,148.1627889417258,-1.0,11.0
10460,2026-05-11 22:11:15.600000+00:00,52.1974197,21.1196547,93.5,51.1,-0.033,-0.025,0.959,0,50.91356558802155,,141.13567273392135,-1.0,11.0
10465,2026-05-11 22:11:16.100000+00:00,52.1974799,21.119619,93.5,51.56,-0.03,-0.028,0.944,0,51.28153382451943,,134.06121347721017,-1.0,11.0
10470,2026-05-11 22:11:16.600000+00:00,52.1975403,21.1195826,93.6,51.73,-0.044,-0.026,0.965,0,51.55005927153659,,126.95054432218018,-1.0,11.0
10475,2026-05-11 22:11:17.100000+00:00,52.1976013,21.1195471,93.6,51.78,-0.037,-0.037,0.973,0,51.85087255097238,,119.81501713584201,-1.0,11.0
10480,2026-05-11 22:11:17.600000+00:00,52.1976622,21.1195108,93.7,52.12,-0.036,-0.032,0.946,0,51.90886990312413,,112.6719969541762,-1.0,11.0
10485,2026-05-11 22:11:18.100000+00:00,52.1977235,21.1194748,93.6,51.82,-0.08,-0.031,0.974,0,52.15972786118478,,105.50880893467604,-1.0,11.0
10490,2026-05-11 22:11:18.600000+00:00,52.1977843,21.1194384,93.6,51.67,-0.08,-0.023,0.978,0,51.8505461660617,,98.39265531287862,-1.0,11.0
10495,2026-05-11 22:11:19.100000+00:00,52.1978446,21.1194025,93.5,51.6,-0.077,-0.028,0.926,0,51.39029727319293,,91.35507301161292,-1.0,11.0
10500,2026-05-11 22:11:19.600000+00:00,52.1979045,21.1193665,93.5,51.02,-0.088,-0.01,0.989,0,51.10651192929819,,84.36898903365888,-1.0,11.0
10505,2026-05-11 22:11:20.100000+00:00,52.1979641,21.1193314,93.4,50.85,-0.071,-0.033,0.958,0,50.729547762402575,20.0,77.46398070516392,-1.0,11.0
10510,2026-05-11 22:11:20.600000+00:00,52.1980235,21.1192959,93.3,50.73,-0.076,-0.017,0.97,0,50.64614036045961,20.0,70.59060351992653,-1.0,11.0
10515,2026-05-11 22:11:21.100000+00:00,52.1980825,21.1192608,93.2,50.13,-0.087,-0.016,0.962,0,50.277970293489986,20.0,63.80442097413532,-1.0,11.0
10520,2026-05-11 22:11:21.600000+00:00,52.1981412,21.1192258,93.0,50.19,-0.056,-0.023,0.946,0,50.03551717685303,20.0,57.096726054138834,-1.0,11.0
10525,2026-05-11 22:11:22.100000+00:00,52.1981998,21.1191907,92.9,49.87,-0.091,-0.016,0.995,0,49.977211717418065,20.0,50.45899959087338,-1.0,11.0
10530,2026-05-11 22:11:22.600000+00:00,52.198258,21.1191561,92.8,49.85,-0.074,-0.043,0.957,0,49.59216732694602,20.0,43.97115697358469,-1.0,11.0
10535,2026-05-11 22:11:23.100000+00:00,52.1983159,21.1191226,92.7,49.57,-0.074,-0.034,0.958,0,49.183524544351,20.0,37.70231528448411,-1.0,11.0
10540,2026-05-11 22:11:23.600000+00:00,52.1983737,21.1190884,92.5,49.13,-0.088,-0.008,0.975,0,49.22411929874531,20.0,31.637380220215142,-1.0,11.0
10545,2026-05-11 22:11:24.100000+00:00,52.198431,21.1190543,92.4,49.11,-0.081,-0.021,0.959,0,48.831147263450475,20.0,25.99433810091959,-1.0,11.0
10550,2026-05-11 22:11:24.600000+00:00,52.198488,21.1190204,92.2,48.79,-0.094,-0.02,0.974,0,48.571870848874525,20.0,21.059926399448937,-1.0,11.0
10555,2026-05-11 22:11:25.100000+00:00,52.1985448,21.1189867,92.0,48.55,-0.09,-0.004,0.976,0,48.38782857286914,20.0,17.40353651994155,-1.0,11.0
10560,2026-05-11 22:11:25.600000+00:00,52.1986006,21.1189523,91.7,48.32,-0.083,-0.001,0.964,0,47.75654215207124,20.0,15.812235816754342,-1.0,11.0
10565,2026-05-11 22:11:26.100000+00:00,52.1986562,21.1189171,91.6,47.79,-0.067,0.006,0.981,0,47.74739215363022,20.0,16.831086709332414,-1.0,11.0
10570,2026-05-11 22:11:26.600000+00:00,52.1987114,21.1188806,91.5,47.73,-0.065,0.006,0.968,0,47.68490045730078,20.0,20.02894120180419,-1.0,11.0
10575,2026-05-11 22:11:27.100000+00:00,52.1987662,21.1188429,91.4,47.49,-0.076,0.009,0.97,0,47.61393589943054,20.0,24.564876701086444,-1.0,11.0
10580,2026-05-11 22:11:27.600000+00:00,52.1988203,21.1188046,91.3,46.71,-0.082,0.01,0.981,0,47.21446261500353,20.0,29.8024381293113,-1.0,11.0
10585,2026-05-11 22:11:28.100000+00:00,52.1988737,21.118766,91.2,46.58,-0.065,0.004,0.953,0,46.76031513344122,20.0,35.40254598230796,-1.0,11.0
10590,2026-05-11 22:11:28.600000+00:00,52.1989267,21.118728,91.0,46.42,-0.077,-0.003,0.981,0,46.348460720102366,20.0,41.220860798009554,-1.0,11.0
10595,2026-05-11 22:11:29.100000+00:00,52.1989787,21.1186892,90.9,45.93,-0.072,-0.003,0.958,0,45.77850932753938,20.0,47.092524136528375,-1.0,11.0
10600,2026-05-11 22:11:29.600000+00:00,52.1990299,21.1186504,90.8,44.74,-0.131,-0.014,0.954,0,45.19682431863626,20.0,52.987931516825206,-1.0,11.0
10605,2026-05-11 22:11:30.100000+00:00,52.1990792,21.1186136,90.6,43.03,-0.153,-0.025,0.97,0,43.40451435033059,20.0,58.73415211101249,-1.0,11.0
10610,2026-05-11 22:11:30.600000+00:00,52.1991271,21.1185789,90.5,41.61,-0.143,-0.057,0.962,0,41.95918993838034,20.0,64.35495858808093,-1.0,11.0
10615,2026-05-11 22:11:31.100000+00:00,52.1991733,21.1185478,90.4,39.37,-0.187,-0.008,0.974,0,40.01248613021865,20.0,69.77920494560111,-1.0,11.0
10620,2026-05-11 22:11:31.600000+00:00,52.1992169,21.1185186,90.3,36.76,-0.224,-0.051,0.941,0,37.73272386306439,20.0,74.91409701126703,-1.0,11.0
10625,2026-05-11 22:11:32.100000+00:00,52.1992575,21.1184933,90.4,34.39,-0.204,-0.032,0.961,0,34.794684651516185,20.0,79.68164050359906,-1.0,11.0
10630,2026-05-11 22:11:32.600000+00:00,52.1992958,21.1184699,90.2,32.05,-0.188,-0.019,0.959,0,32.74253242172822,,84.17914530128603,-1.0,11.0
10635,2026-05-11 22:11:33.100000+00:00,52.1993313,21.1184478,90.2,30.12,-0.161,-0.013,0.988,0,30.4200807362239,,88.3585600237194,-1.0,11.0
10640,2026-05-11 22:11:33.600000+00:00,52.1993662,21.1184261,90.1,30.26,-0.06,-0.018,0.96,0,29.901305986851654,,92.47096951067446,-1.0,11.0
10645,2026-05-11 22:11:34.100000+00:00,52.1994006,21.1184035,90.1,29.56,-0.081,0.028,0.979,0,29.689707004554634,,96.54696367850713,-1.0,11.0
10650,2026-05-11 22:11:34.600000+00:00,52.1994343,21.1183792,90.0,29.4,-0.072,0.011,0.944,0,29.49782580941042,,100.57886775171038,-1.0,11.0
10655,2026-05-11 22:11:35.100000+00:00,52.1994669,21.1183541,90.0,28.71,-0.085,-0.002,0.97,0,28.859865110683742,,104.51068524771243,-1.0,11.0
10660,2026-05-11 22:11:35.600000+00:00,52.1994986,21.1183286,90.0,27.94,-0.106,0.007,0.984,0,28.29615592208262,,108.35820765850451,-1.0,11.0
10665,2026-05-11 22:11:36.100000+00:00,52.1995293,21.1183032,90.0,27.19,-0.095,-0.01,0.965,0,27.558126559682805,,112.1023194334822,-1.0,11.0
10670,2026-05-11 22:11:36.600000+00:00,52.1995588,21.1182778,90.1,26.51,-0.109,0.003,0.993,0,26.7048076297777,,115.72330548067524,-1.0,11.0
10675,2026-05-11 22:11:37.100000+00:00,52.1995868,21.1182527,90.1,25.26,-0.102,0.001,0.937,0,25.57763320425593,,119.1836852282059,-1.0,11.0
10680,2026-05-11 22:11:37.600000+00:00,52.1996133,21.1182281,90.3,23.64,-0.137,0.018,0.96,0,24.409683083975427,,122.4796723038929,-1.0,11.0
10685,2026-05-11 22:11:38.100000+00:00,52.1996379,21.1182052,90.3,22.14,-0.136,-0.015,0.981,0,22.67504350330136,,125.54507876476258,-1.0,11.0
10690,2026-05-11 22:11:38.600000+00:00,52.1996609,21.118184,90.3,20.66,-0.168,-0.037,0.961,0,21.149226475622836,,128.4106075743331,-1.0,11.0
10695,2026-05-11 22:11:39.100000+00:00,52.1996825,21.1181647,90.3,19.43,-0.129,-0.008,0.966,0,19.71647292056773,,131.09235045989524,-1.0,11.0
10700,2026-05-11 22:11:39.600000+00:00,52.1997028,21.118147,90.3,18.13,-0.111,-0.02,0.977,0,18.42746074163618,,133.60586737034487,-1.0,11.0
10705,2026-05-11 22:11:40.100000+00:00,52.199722,21.1181297,90.4,16.77,-0.127,-0.006,0.96,0,17.55990548244811,,135.99625466244441,-1.0,11.0
10710,2026-05-11 22:11:40.600000+00:00,52.1997397,21.1181143,90.4,15.46,-0.119,-0.016,0.936,0,16.059663278333556,,138.19000244946798,-1.0,11.0
10715,2026-05-11 22:11:41.100000+00:00,52.1997557,21.1181004,90.3,14.1,-0.141,-0.01,0.981,0,14.512384733642808,,140.17361221842597,-1.0,11.0
10720,2026-05-11 22:11:41.600000+00:00,52.1997699,21.1180892,90.2,11.93,-0.188,-0.017,0.973,0,12.62728773440315,,141.9108957818952,-1.0,11.0
10725,2026-05-11 22:11:42.100000+00:00,52.199781,21.1180798,90.1,9.25,-0.197,-0.008,0.956,0,10.012448814544546,,143.2828257630009,-1.0,11.0
10730,2026-05-11 22:11:42.600000+00:00,52.1997888,21.1180735,90.0,6.15,-0.246,-0.005,0.962,0,6.968005460019837,,144.2406212127109,-1.0,11.0
10735,2026-05-11 22:11:43.100000+00:00,52.1997928,21.1180706,89.9,2.54,-0.259,-0.004,0.961,0,3.504347460446791,,144.72482693207323,-1.0,11.0
10740,2026-05-11 22:11:43.600000+00:00,52.1997931,21.1180708,89.8,0.26,-0.197,-0.017,0.967,0,0.25945772028067204,,144.75228244222507,-1.0,11.0
10745,2026-05-11 22:11:44.100000+00:00,52.1997927,21.1180713,89.7,0.15,-0.037,-0.015,0.964,0,0.4034236343600823,,144.69940745426715,-1.0,11.0
10750,2026-05-11 22:11:44.600000+00:00,52.1997924,21.1180712,89.7,0.05,-0.041,-0.023,0.976,0,0.24514236383670537,,144.66982719069853,-1.0,11.0
10755,2026-05-11 22:11:45.100000+00:00,52.1997921,21.1180711,89.6,0.2,-0.047,-0.019,0.975,0,0.24514235361129152,,144.6402488936214,-1.0,11.0
10760,2026-05-11 22:11:45.600000+00:00,52.1997918,21.1180707,89.6,0.13,-0.042,-0.021,0.974,0,0.31018128597776057,,144.61704325463933,-1.0,11.0
10765,2026-05-11 22:11:46.100000+00:00,52.1997916,21.1180702,89.5,0.06,-0.047,-0.02,0.975,0,0.2929756374802596,,144.60653720722996,-1.0,11.0
10770,2026-05-11 22:11:46.600000+00:00,52.1997914,21.1180694,89.5,0.08,-0.046,-0.018,0.974,0,0.42395827354113175,,144.60242571343687,-1.0,11.0
10775,2026-05-11 22:11:47.100000+00:00,52.1997913,21.1180685,89.5,0.09,-0.044,-0.018,0.975,0,0.44882622669563327,,144.61103106216828,-1.0,11.0
10780,2026-05-11 22:11:47.600000+00:00,52.1997912,21.1180675,89.5,0.03,-0.047,-0.016,0.974,0,0.4971860924521998,,144.62179683108658,-1.0,11.0
10785,2026-05-11 22:11:48.100000+00:00,52.199791,21.1180665,89.5,0.01,-0.046,-0.022,0.973,0,0.5161617848933034,,144.62203623781397,-1.0,11.0
10790,2026-05-11 22:11:48.600000+00:00,52.1997909,21.1180654,89.6,0.15,-0.046,-0.018,0.975,0,0.545672728843062,,144.63500859539087,-1.0,11.0
10795,2026-05-11 22:11:49.100000+00:00,52.1997907,21.1180642,89.6,0.08,-0.044,-0.019,0.977,0,0.6102197216801004,,144.63960905514753,-1.0,11.0
10800,2026-05-11 22:11:49.600000+00:00,52.1997905,21.1180629,89.6,0.03,-0.044,-0.018,0.976,0,0.6576961303313594,,144.64640750098692,-1.0,11.0
10805,2026-05-11 22:11:50.100000+00:00,52.1997903,21.1180616,89.6,0.06,-0.044,-0.019,0.977,0,0.6576961346293628,,144.65326331341282,-1.0,11.0
10810,2026-05-11 22:11:50.600000+00:00,52.1997902,21.1180606,89.7,0.02,-0.046,-0.019,0.974,0,0.4971861025289859,,144.6642560336476,-1.0,11.0
10815,2026-05-11 22:11:51.100000+00:00,52.1997902,21.1180595,89.7,0.17,-0.044,-0.019,0.974,0,0.5397676139332195,,144.68798660149452,-1.0,11.0
10820,2026-05-11 22:11:51.600000+00:00,52.1997901,21.1180584,89.7,0.07,-0.047,-0.018,0.976,0,0.5456727392011393,,144.70120705170032,-1.0,11.0
10825,2026-05-11 22:11:52.100000+00:00,52.19979,21.1180582,89.7,0.13,-0.05,-0.019,0.976,0,0.12665320430464647,,144.69498745899594,-1.0,11.0
10830,2026-05-11 22:11:52.600000+00:00,52.1997898,21.118058,89.7,0.06,-0.048,-0.021,0.975,0,0.18780311975131767,,144.6782255620873,-1.0,11.0
10835,2026-05-11 22:11:53.100000+00:00,52.1997895,21.1180578,89.7,0.12,-0.048,-0.019,0.975,0,0.25945771360826386,,144.65092282548525,-1.0,11.0
10840,2026-05-11 22:11:53.600000+00:00,52.1997891,21.1180571,89.7,0.06,-0.044,-0.02,0.975,0,0.46961568378225904,,144.62391525124812,-1.0,11.0
10845,2026-05-11 22:11:54.100000+00:00,52.199789,21.1180564,89.7,0.34,-0.019,-0.024,0.968,0,0.3526953396261947,,144.6285544092264,-1.0,11.0
10850,2026-05-11 22:11:54.600000+00:00,52.1997896,21.1180551,89.6,0.99,-0.013,-0.024,0.976,0,0.7985445003930194,,144.72002033209944,-1.0,11.0
10855,2026-05-11 22:11:55.100000+00:00,52.1997914,21.1180531,89.6,2.38,0.022,-0.028,0.976,0,1.7435214393288925,,144.95319504453147,-1.0,11.0
10860,2026-05-11 22:11:55.600000+00:00,52.1997945,21.1180492,89.6,3.94,0.05,-0.02,0.977,0,3.1340089645291833,,145.36477877553494,-1.0,11.0
10865,2026-05-11 22:11:56.100000+00:00,52.1997997,21.1180434,89.6,5.82,0.053,-0.017,0.979,0,5.042985409779429,,146.03922850908103,-1.0,11.0
10870,2026-05-11 22:11:56.600000+00:00,52.1998071,21.1180353,89.7,7.94,0.07,-0.009,0.968,0,7.134223596734882,,146.99605382402345,-1.0,11.0
10875,2026-05-11 22:11:57.100000+00:00,52.1998166,21.118024,89.7,10.18,0.074,-0.019,0.978,0,9.41238011389872,,148.24504998594244,-1.0,11.0
10880,2026-05-11 22:11:57.600000+00:00,52.1998287,21.1180102,89.7,12.68,0.086,-0.017,0.965,0,11.819421602016766,,149.82404991809,-1.0,11.0
10885,2026-05-11 22:11:58.100000+00:00,52.1998432,21.1179931,89.8,15.18,0.093,-0.003,0.982,0,14.323780743527253,,151.73071616456974,-1.0,11.0
10890,2026-05-11 22:11:58.600000+00:00,52.1998604,21.1179729,89.8,17.79,0.095,-0.02,0.968,0,16.966812790243864,,153.99320482806493,-1.0,11.0
10895,2026-05-11 22:11:59.100000+00:00,52.1998803,21.1179507,89.9,19.98,0.086,-0.032,0.977,0,19.300172290671284,,156.5871560616557,-1.0,11.0
10900,2026-05-11 22:11:59.600000+00:00,52.1999028,21.1179261,89.9,22.15,0.053,-0.02,0.993,0,21.684127752719778,,159.5117169417544,-1.0,11.0
10905,2026-05-11 22:12:00.100000+00:00,52.1999273,21.1178995,89.9,24.26,0.048,-0.047,0.962,0,23.560734683987633,,162.69541690375465,-1.0,11.0
10910,2026-05-11 22:12:00.600000+00:00,52.1999532,21.1178711,90.0,25.52,0.021,-0.056,0.97,0,24.983435948853664,,166.07152992992047,-1.0,11.0
10915,2026-05-11 22:12:01.100000+00:00,52.1999808,21.1178422,90.0,26.79,0.019,-0.045,0.972,0,26.255782320788203,,169.64015077934673,-1.0,11.0
10920,2026-05-11 22:12:01.600000+00:00,52.2000096,21.1178115,90.0,28.09,0.027,-0.04,0.974,0,27.542286243767055,,173.38078945292727,-1.0,11.0
10925,2026-05-11 22:12:02.100000+00:00,52.20004,21.1177794,90.0,29.71,0.026,-0.045,0.966,0,28.990671926950885,,177.32553533214477,-1.0,11.0
10930,2026-05-11 22:12:02.600000+00:00,52.2000721,21.1177462,90.0,30.88,0.025,-0.04,0.97,0,30.42789300062218,,181.47722921923247,-1.0,11.0
10935,2026-05-11 22:12:03.100000+00:00,52.2001057,21.1177115,90.0,32.1,0.013,-0.036,0.974,0,31.836253379522006,,185.8252091787187,-1.0,11.0
10940,2026-05-11 22:12:03.600000+00:00,52.2001404,21.1176756,90.0,33.28,0.008,-0.046,0.98,0,32.89530815522736,,190.32074877936827,-1.0,11.0
10945,2026-05-11 22:12:04.100000+00:00,52.2001758,21.1176386,89.9,34.19,0.012,-0.038,0.963,0,33.65800328277981,,194.92027649712796,-1.0,11.0
10950,2026-05-11 22:12:04.600000+00:00,52.2002126,21.1176012,89.7,35.31,0.006,-0.026,0.957,0,34.71044651476807,,199.67742797719907,-1.0,11.0
10955,2026-05-11 22:12:05.100000+00:00,52.2002504,21.1175618,89.5,36.42,-0.001,-0.028,0.987,0,35.911200660958045,,204.59308113672495,-1.0,11.0
10960,2026-05-11 22:12:05.600000+00:00,52.2002891,21.1175214,89.4,37.5,0.015,-0.027,0.973,0,36.78258242922465,,209.6309582184722,-1.0,11.0
10965,2026-05-11 22:12:06.100000+00:00,52.200329,21.1174796,89.3,38.53,0.013,-0.026,0.958,0,37.96211794225341,,214.83253788892463,-1.0,11.0
10970,2026-05-11 22:12:06.600000+00:00,52.2003703,21.1174361,89.2,39.68,0.006,-0.035,0.961,0,39.356090969088875,,220.22655910057867,-1.0,11.0
10975,2026-05-11 22:12:07.100000+00:00,52.200413,21.1173919,89.2,41.01,0.002,-0.015,0.972,0,40.485305715713686,,225.7857150458741,-1.0,11.0
10980,2026-05-11 22:12:07.600000+00:00,52.2004563,21.1173461,89.0,41.71,-0.022,-0.02,0.981,0,41.31349480981698,,231.45335116114458,-1.0,11.0
10985,2026-05-11 22:12:08.100000+00:00,52.2005,21.1173002,88.9,42.25,-0.029,-0.023,0.972,0,41.60910239832755,,237.1677127739628,-1.0,11.0
10990,2026-05-11 22:12:08.600000+00:00,52.2005446,21.1172536,88.8,43.01,-0.033,-0.023,0.973,0,42.400993273299356,,242.9959823601904,-1.0,11.0
10995,2026-05-11 22:12:09.100000+00:00,52.2005895,21.1172068,88.7,42.97,-0.03,-0.031,0.968,0,42.656193061283155,,248.86311459047334,-1.0,11.0
11000,2026-05-11 22:12:09.600000+00:00,52.2006352,21.1171598,88.5,43.72,-0.031,-0.056,0.952,0,43.249553631601195,,254.81933948260308,-1.0,11.0
11005,2026-05-11 22:12:10.100000+00:00,52.2006817,21.1171125,88.5,44.16,-0.037,-0.03,1.0,0,43.87039952813934,,260.86713831112377,-1.0,11.0
11010,2026-05-11 22:12:10.600000+00:00,52.2007291,21.1170662,88.5,44.92,-0.01,-0.038,0.949,0,44.22942865073456,,266.9785719915571,-1.0,11.0
11015,2026-05-11 22:12:11.100000+00:00,52.2007772,21.1170193,88.4,45.26,-0.025,-0.037,0.966,0,44.861496849987724,,273.17926522663333,-1.0,11.0
11020,2026-05-11 22:12:11.600000+00:00,52.200826,21.1169718,88.4,46.2,-0.014,-0.026,0.962,0,45.49359151009451,,279.4691484300045,-1.0,11.0
11025,2026-05-11 22:12:12.100000+00:00,52.200875,21.1169233,88.2,46.28,-0.017,-0.026,1.011,0,45.88373527170503,,285.8097486770973,-1.0,11.0
11030,2026-05-11 22:12:12.600000+00:00,52.2009249,21.1168737,88.1,47.65,0.002,-0.032,0.922,0,46.77980355832865,,292.27442185408216,-1.0,11.0
11035,2026-05-11 22:12:13.100000+00:00,52.2009755,21.1168245,88.0,47.48,-0.043,-0.046,1.005,0,47.1585128354327,,298.7987213976502,-1.0,11.0
11040,2026-05-11 22:12:13.600000+00:00,52.2010262,21.1167755,87.9,47.56,-0.036,-0.033,0.96,0,47.17720044896121,,305.3281612882646,-1.0,11.0
11045,2026-05-11 22:12:14.100000+00:00,52.201077,21.1167264,87.9,47.46,-0.063,-0.035,0.989,0,47.271076632085176,,311.8715440753259,-1.0,11.0
11050,2026-05-11 22:12:14.600000+00:00,52.2011278,21.116678,87.9,47.56,-0.031,-0.037,0.957,0,47.09692980496348,,318.3948555498323,-1.0,11.0
11055,2026-05-11 22:12:15.100000+00:00,52.201179,21.1166293,87.9,47.63,-0.041,-0.04,0.985,0,47.44770310645604,,324.9678221618841,-1.0,11.0
11060,2026-05-11 22:12:15.600000+00:00,52.2012303,21.1165807,87.9,47.82,-0.03,-0.04,0.958,0,47.49221442337069,,331.5484211222898,-1.0,11.0
11065,2026-05-11 22:12:16.100000+00:00,52.2012821,21.116532,87.9,48.27,-0.024,-0.035,0.981,0,47.86328010249705,,338.1824795894143,-1.0,11.0
11070,2026-05-11 22:12:16.600000+00:00,52.2013341,21.1164833,87.9,48.34,-0.02,-0.037,0.969,0,48.00206975282535,,344.8369829593585,-1.0,11.0
11075,2026-05-11 22:12:17.100000+00:00,52.2013863,21.1164347,87.9,48.3,-0.035,-0.028,0.975,0,48.11665435255239,,351.50883179153385,-1.0,11.0
11080,2026-05-11 22:12:17.600000+00:00,52.2014388,21.1163864,87.9,48.33,-0.028,-0.031,0.962,0,48.252924617694,,346.52616805556454,-1.0,11.0
11085,2026-05-11 22:12:18.100000+00:00,52.2014916,21.1163376,87.9,49.1,-0.033,-0.031,0.968,0,48.58272035153161,,339.7827722383083,-1.0,11.0
11090,2026-05-11 22:12:18.600000+00:00,52.2015446,21.1162886,87.9,49.29,-0.029,-0.029,0.964,0,48.770396420714526,,333.01346552760117,-1.0,11.0
11095,2026-05-11 22:12:19.100000+00:00,52.2015978,21.1162393,87.9,49.58,-0.015,-0.02,0.976,0,48.98228723898918,,326.2146820010511,-1.0,11.0
11100,2026-05-11 22:12:19.600000+00:00,52.2016514,21.1161896,87.9,49.84,-0.02,-0.029,0.943,0,49.357668041452754,,319.3639177451142,-1.0,11.0
11105,2026-05-11 22:12:20.100000+00:00,52.2017053,21.1161393,88.0,49.94,-0.036,-0.029,0.981,0,49.71212066298398,,312.4634702953787,-1.0,11.0
11110,2026-05-11 22:12:20.600000+00:00,52.2017588,21.1160893,88.0,49.38,-0.071,-0.03,0.976,0,49.361047443061516,,305.6117829741967,-1.0,11.0
11115,2026-05-11 22:12:21.100000+00:00,52.2018119,21.1160399,88.0,48.9,-0.073,-0.028,0.94,0,48.93691534721941,,298.81963711852836,-1.0,11.0
11120,2026-05-11 22:12:21.600000+00:00,52.2018645,21.1159911,88.0,48.41,-0.08,-0.025,0.967,0,48.44336415604404,,292.09651667012326,-1.0,11.0
11125,2026-05-11 22:12:22.100000+00:00,52.2019172,21.1159422,88.0,48.88,-0.051,-0.034,0.985,0,48.537199996038396,,285.360598702617,-1.0,11.0
11130,2026-05-11 22:12:22.600000+00:00,52.2019701,21.1158932,88.1,48.85,-0.014,-0.028,0.937,0,48.70064339107699,,278.60247063588366,-1.0,11.0
11135,2026-05-11 22:12:23.100000+00:00,52.2020234,21.1158443,88.1,49.15,-0.033,-0.032,0.948,0,48.955310977930736,,271.81055773565,-1.0,11.0
11140,2026-05-11 22:12:23.600000+00:00,52.202077,21.1157954,88.1,49.05,-0.032,-0.021,1.0,0,49.16479293908908,,264.99078007535064,-1.0,11.0
11145,2026-05-11 22:12:24.100000+00:00,52.2021311,21.1157454,88.1,49.92,-0.015,-0.033,0.897,0,49.778345567923935,,258.08446522210653,-1.0,11.0
11150,2026-05-11 22:12:24.600000+00:00,52.2021852,21.1156955,88.1,49.59,-0.078,0.0,1.034,0,49.75416607845169,,251.18219635446704,-1.0,11.0
11155,2026-05-11 22:12:25.100000+00:00,52.2022393,21.115645,88.1,50.03,-0.02,-0.035,0.93,0,49.89968789562694,,244.25850165199736,-1.0,11.0
11160,2026-05-11 22:12:25.600000+00:00,52.2022936,21.1155941,88.1,49.98,-0.073,-0.012,0.984,0,50.13620069973901,,237.3018192160682,-1.0,11.0
11165,2026-05-11 22:12:26.100000+00:00,52.2023476,21.1155433,88.2,49.72,-0.074,-0.02,0.944,0,49.903543161657105,,230.37733895937805,-1.0,11.0
11170,2026-05-11 22:12:26.600000+00:00,52.2024011,21.1154926,88.2,48.95,-0.115,-0.022,0.958,0,49.53247946373054,,223.50378967402517,-1.0,11.0
11175,2026-05-11 22:12:27.100000+00:00,52.2024533,21.1154438,88.2,47.71,-0.142,-0.018,0.96,0,48.16508113425499,,216.82218944082769,-1.0,11.0
11180,2026-05-11 22:12:27.600000+00:00,52.2025048,21.1153958,88.2,47.23,-0.063,-0.02,0.987,0,47.48370143628335,,210.23605666210452,-1.0,11.0
11185,2026-05-11 22:12:28.100000+00:00,52.2025567,21.1153476,88.3,47.79,-0.045,-0.026,0.948,0,47.81049133773807,,203.60573755874714,-1.0,11.0
11190,2026-05-11 22:12:28.600000+00:00,52.2026089,21.115299,88.4,48.03,-0.06,-0.025,0.978,0,48.11632920139223,,196.93327681347708,-1.0,11.0
11195,2026-05-11 22:12:29.100000+00:00,52.2026615,21.1152505,88.5,48.3,-0.05,-0.029,0.965,0,48.3705630430407,,190.22799307460676,-1.0,11.0
11200,2026-05-11 22:12:29.600000+00:00,52.2027146,21.1152022,88.5,48.84,-0.055,-0.026,0.97,0,48.67159432451705,,183.4846041654917,-1.0,11.0
11205,2026-05-11 22:12:30.100000+00:00,52.2027682,21.1151533,88.5,49.04,-0.049,-0.027,0.987,0,49.16461080981713,,176.6735600495552,-1.0,11.0
11210,2026-05-11 22:12:30.600000+00:00,52.202822,21.1151046,88.6,48.83,-0.044,-0.023,0.953,0,49.256735958758824,,169.8529114739881,-1.0,11.0
11215,2026-05-11 22:12:31.100000+00:00,52.202876,21.1150552,88.6,49.42,-0.054,-0.018,0.972,0,49.56386046349403,,162.98900102338376,-1.0,11.0
11220,2026-05-11 22:12:31.600000+00:00,52.20293,21.1150055,88.6,49.33,-0.063,-0.03,0.967,0,49.63599855538823,,156.11544032211003,-1.0,11.0
11225,2026-05-11 22:12:32.100000+00:00,52.2029844,21.1149566,88.7,49.65,-0.061,-0.022,0.977,0,49.72456958035639,,149.237545822602,-1.0,11.0
11230,2026-05-11 22:12:32.600000+00:00,52.2030389,21.1149072,88.7,49.69,-0.042,-0.017,0.971,0,49.91336859607452,,142.33396456035823,-1.0,11.0
11235,2026-05-11 22:12:33.100000+00:00,52.2030935,21.114857,88.9,50.21,-0.033,-0.021,0.954,0,50.174881458079724,,135.39317311096337,-1.0,11.0
11240,2026-05-11 22:12:33.600000+00:00,52.2031487,21.1148061,89.0,50.53,-0.039,-0.008,0.986,0,50.76201158470486,,128.3733982674276,-1.0,11.0
11245,2026-05-11 22:12:34.100000+00:00,52.2032042,21.114754,89.1,51.23,-0.032,-0.019,0.968,0,51.26229761759562,,121.2827206048909,-1.0,11.0
11250,2026-05-11 22:12:34.600000+00:00,52.2032603,21.1147002,89.2,52.24,-0.03,-0.026,0.984,0,52.09685487255642,,114.07401648378196,-1.0,11.0
11255,2026-05-11 22:12:35.100000+00:00,52.2033174,21.1146458,89.3,53.07,-0.009,-0.03,0.953,0,52.93644411098768,,106.75491315817388,-1.0,11.0
11260,2026-05-11 22:12:35.600000+00:00,52.2033754,21.1145907,89.4,53.55,-0.015,-0.024,1.005,0,53.73189086667475,,99.33182573461248,-1.0,11.0
11265,2026-05-11 22:12:36.100000+00:00,52.2034343,21.1145349,89.5,54.54,-0.018,-0.03,0.959,0,54.52741739544278,,91.8064743907094,-1.0,11.0
11270,2026-05-11 22:12:36.600000+00:00,52.2034935,21.1144795,89.6,54.42,-0.057,-0.032,0.973,0,54.63733485556959,,84.2798096250253,-1.0,11.0
11275,2026-05-11 22:12:37.100000+00:00,52.2035525,21.1144247,89.7,53.96,-0.074,-0.034,0.952,0,54.352239813514565,19.0,76.8081030498692,-1.0,11.0
11280,2026-05-11 22:12:37.600000+00:00,52.2036113,21.1143706,89.8,53.89,-0.092,-0.027,0.981,0,54.043603130786565,19.0,69.40050382285247,-1.0,11.0
11285,2026-05-11 22:12:38.100000+00:00,52.2036694,21.114317,89.9,53.4,-0.07,-0.021,0.976,0,53.43496003088768,19.0,62.09796539199372,-1.0,11.0
11290,2026-05-11 22:12:38.600000+00:00,52.2037271,21.1142641,90.0,52.96,-0.077,-0.017,0.963,0,52.98732199310947,19.0,54.89234826848121,-1.0,11.0
11295,2026-05-11 22:12:39.100000+00:00,52.2037842,21.1142116,90.1,52.37,-0.076,-0.01,0.972,0,52.47242286624747,19.0,47.80072759912985,-1.0,11.0
11300,2026-05-11 22:12:39.600000+00:00,52.203841,21.1141593,90.2,52.08,-0.076,-0.014,0.972,0,52.21499524983896,19.0,40.81128258420043,-1.0,11.0
11305,2026-05-11 22:12:40.100000+00:00,52.2038972,21.1141074,90.3,51.58,-0.081,-0.017,0.973,0,51.70021774699947,19.0,33.99618526294583,-1.0,11.0
11310,2026-05-11 22:12:40.600000+00:00,52.2039531,21.1140562,90.4,51.11,-0.062,-0.01,0.97,0,51.32232478598018,19.0,27.42684754188043,-1.0,11.0
11315,2026-05-11 22:12:41.100000+00:00,52.2040084,21.1140052,90.5,50.97,-0.075,-0.014,0.965,0,50.85561415738473,19.0,21.26359048711587,-1.0,11.0
11320,2026-05-11 22:12:41.600000+00:00,52.2040631,21.1139551,90.5,50.22,-0.069,-0.022,0.968,0,50.220348544188866,19.0,15.943665230018514,-1.0,11.0
11325,2026-05-11 22:12:42.100000+00:00,52.2041173,21.1139053,90.6,49.92,-0.071,-0.02,0.977,0,49.79926125913973,19.0,12.400847811110317,-1.0,11.0
11330,2026-05-11 22:12:42.600000+00:00,52.204171,21.113856,90.6,49.66,-0.073,-0.028,0.958,0,49.33007533764572,19.0,12.194039999448501,-1.0,11.0
11335,2026-05-11 22:12:43.100000+00:00,52.2042238,21.1138077,90.6,48.87,-0.091,-0.022,0.979,0,48.4615564563702,19.0,15.341447563938049,-1.0,11.0
11340,2026-05-11 22:12:43.600000+00:00,52.2042761,21.1137596,90.7,48.51,-0.095,-0.021,0.947,0,48.06450848913472,19.0,20.259570986114458,-1.0,11.0
11345,2026-05-11 22:12:44.100000+00:00,52.2043281,21.1137114,90.7,48.08,-0.079,-0.013,0.985,0,47.87962121411003,19.0,25.94132885827312,-1.0,11.0
11350,2026-05-11 22:12:44.600000+00:00,52.2043797,21.1136632,90.7,47.78,-0.069,-0.015,0.955,0,47.60142010990224,19.0,31.954349748108537,-1.0,11.0
11355,2026-05-11 22:12:45.100000+00:00,52.2044305,21.1136147,90.7,47.2,-0.098,-0.011,0.975,0,47.12079883896297,19.0,38.08273419916418,-1.0,11.0
11360,2026-05-11 22:12:45.600000+00:00,52.204481,21.1135661,90.8,46.67,-0.074,-0.019,0.963,0,46.93854453364583,19.0,44.29961580343868,-1.0,11.0
11365,2026-05-11 22:12:46.100000+00:00,52.2045309,21.113518,90.8,46.27,-0.087,-0.017,0.969,0,46.400155584334385,19.0,50.519052115307424,-1.0,11.0
11370,2026-05-11 22:12:46.600000+00:00,52.2045803,21.1134698,90.9,45.89,-0.071,-0.009,0.968,0,46.08109690231847,19.0,56.7379141166842,-1.0,11.0
11375,2026-05-11 22:12:47.100000+00:00,52.204629,21.1134226,90.9,45.19,-0.082,-0.018,0.975,0,45.34848702732341,19.0,62.89713524992483,-1.0,11.0
11380,2026-05-11 22:12:47.600000+00:00,52.2046775,21.1133754,91.0,45.21,-0.059,-0.022,0.933,0,45.21088060769522,19.0,69.06060102270413,-1.0,11.0
11385,2026-05-11 22:12:48.100000+00:00,52.2047256,21.1133293,90.9,44.53,-0.08,-0.035,0.976,0,44.6603784007564,19.0,75.17469173032983,-1.0,11.0
11390,2026-05-11 22:12:48.600000+00:00,52.2047736,21.1132832,91.0,44.66,-0.052,-0.008,0.985,0,44.59135128914101,,81.29190508436125,-1.0,11.0
11395,2026-05-11 22:12:49.100000+00:00,52.2048212,21.1132363,91.0,44.72,-0.048,-0.006,0.968,0,44.51726959365925,,87.39956291638813,-1.0,11.0
11400,2026-05-11 22:12:49.600000+00:00,52.2048692,21.1131893,91.1,45.05,-0.029,-0.027,0.942,0,44.816929175600094,,93.56070957525985,-1.0,11.0
11405,2026-05-11 22:12:50.100000+00:00,52.2049173,21.1131415,91.1,45.2,-0.034,-0.012,0.981,0,45.0884970462961,,99.7617172890724,-1.0,11.0
11410,2026-05-11 22:12:50.600000+00:00,52.204966,21.1130937,91.1,45.79,-0.029,-0.02,0.965,0,45.49943591228535,,106.03086904088659,-1.0,11.0
11415,2026-05-11 22:12:51.100000+00:00,52.2050147,21.1130437,91.0,46.3,-0.026,-0.012,0.96,0,46.065089845545074,,112.36769014637402,-1.0,11.0
11420,2026-05-11 22:12:51.600000+00:00,52.2050644,21.1129937,91.0,46.99,-0.024,-0.016,0.975,0,46.74464906603731,,118.81193816056526,-1.0,11.0
11425,2026-05-11 22:12:52.100000+00:00,52.2051145,21.1129432,90.9,47.54,-0.025,-0.02,0.968,0,47.145994032672036,,125.31590645570617,-1.0,11.0
11430,2026-05-11 22:12:52.600000+00:00,52.2051652,21.1128922,90.9,47.91,-0.04,-0.014,0.973,0,47.683601413233966,,131.89912657142503,-1.0,11.0
11435,2026-05-11 22:12:53.100000+00:00,52.2052158,21.1128406,90.8,48.03,-0.043,-0.02,0.965,0,47.77081237009,,138.49393276050964,-1.0,11.0
11440,2026-05-11 22:12:53.600000+00:00,52.2052665,21.1127889,90.7,48.12,-0.056,-0.02,0.956,0,47.86469190291877,,145.10537195560457,-1.0,11.0
11445,2026-05-11 22:12:54.100000+00:00,52.2053171,21.1127369,90.6,48.2,-0.049,-0.012,0.979,0,47.87507938594483,,151.71912411076434,-1.0,11.0
11450,2026-05-11 22:12:54.600000+00:00,52.2053679,21.1126843,90.5,48.48,-0.049,-0.01,0.954,0,48.16771097067574,,158.37407081854826,-1.0,11.0
11455,2026-05-11 22:12:55.100000+00:00,52.2054182,21.112631,90.4,48.36,-0.06,0.018,0.981,0,48.01636056998558,,165.00384913177055,-1.0,11.0
11460,2026-05-11 22:12:55.600000+00:00,52.2054686,21.1125769,90.2,48.51,-0.041,-0.017,0.97,0,48.29810336816395,,171.67143608231027,-1.0,11.0
11465,2026-05-11 22:12:56.100000+00:00,52.2055188,21.1125228,90.1,48.39,-0.061,-0.029,0.974,0,48.16439513893372,,178.32231329792293,-1.0,11.0
11470,2026-05-11 22:12:56.600000+00:00,52.2055692,21.1124689,89.9,48.42,-0.075,-0.036,0.973,0,48.2442121210966,,184.98936327349688,-1.0,11.0
11475,2026-05-11 22:12:57.100000+00:00,52.2056196,21.1124147,89.8,48.49,-0.066,-0.028,0.985,0,48.32503506159305,,191.66828815131808,-1.0,11.0
11480,2026-05-11 22:12:57.600000+00:00,52.2056701,21.1123614,89.6,48.79,-0.038,-0.018,0.93,0,48.15064905304516,,186.1532886010731,-1.0,11.0
11485,2026-05-11 22:12:58.100000+00:00,52.2057207,21.112308,89.5,48.45,-0.053,-0.007,0.99,0,48.24450332421373,,179.49011526765793,-1.0,11.0
11490,2026-05-11 22:12:58.600000+00:00,52.2057712,21.1122542,89.5,48.63,-0.039,-0.006,0.959,0,48.28428770539595,,172.82118191386095,-1.0,11.0
11495,2026-05-11 22:12:59.100000+00:00,52.2058217,21.1121999,89.4,48.73,-0.05,0.0,0.961,0,48.418815900156496,,166.1335580994443,-1.0,11.0
11500,2026-05-11 22:12:59.600000+00:00,52.2058717,21.1121457,89.3,48.43,-0.056,-0.021,1.014,0,48.05787960314092,,159.49615116327547,-1.0,11.0
11505,2026-05-11 22:13:00.100000+00:00,52.2059218,21.112091,89.1,48.65,-0.051,-0.035,0.95,0,48.260557118975996,,152.8315611657555,-1.0,11.0
11510,2026-05-11 22:13:00.600000+00:00,52.2059721,21.1120364,89.0,48.7,-0.064,-0.01,0.973,0,48.36651008008345,,146.15793206448072,-1.0,11.0
11515,2026-05-11 22:13:01.100000+00:00,52.2060222,21.111982,88.9,48.8,-0.045,-0.008,0.951,0,48.17882779832483,,139.51427514741866,-1.0,11.0
11520,2026-05-11 22:13:01.600000+00:00,52.2060727,21.1119279,88.8,48.69,-0.053,-0.028,0.974,0,48.36481137576298,,132.85528356370295,-1.0,11.0
11525,2026-05-11 22:13:02.100000+00:00,52.2061232,21.1118732,88.9,48.75,-0.054,-0.025,0.969,0,48.52697517007989,,126.17542280915067,-1.0,11.0
11530,2026-05-11 22:13:02.600000+00:00,52.2061739,21.1118183,88.9,48.71,-0.076,-0.012,0.983,0,48.71463140091042,,119.4766465058054,-1.0,11.0
11535,2026-05-11 22:13:03.100000+00:00,52.2062245,21.1117632,89.0,48.76,-0.055,-0.023,0.962,0,48.7023243931689,,112.78492281445929,-1.0,11.0
11540,2026-05-11 22:13:03.600000+00:00,52.2062752,21.1117076,89.0,49.13,-0.048,-0.015,0.976,0,48.905329575502684,,106.07105672111801,-1.0,11.0
11545,2026-05-11 22:13:04.100000+00:00,52.2063257,21.1116515,89.0,48.99,-0.042,-0.002,0.948,0,48.91012454216424,,99.36054942242265,-1.0,11.0
11550,2026-05-11 22:13:04.600000+00:00,52.206376,21.1115949,89.1,48.83,-0.061,-0.003,0.978,0,48.91667286087089,,92.65430395573028,-1.0,11.0
11555,2026-05-11 22:13:05.100000+00:00,52.2064259,21.1115373,89.2,48.94,-0.054,0.0,0.967,0,48.93504496114184,,85.94530062599185,-1.0,11.0
11560,2026-05-11 22:13:05.600000+00:00,52.2064754,21.1114784,89.3,49.32,-0.056,-0.012,0.97,0,49.046996803274524,18.0,79.21901758880958,-1.0,11.0
11565,2026-05-11 22:13:06.100000+00:00,52.2065255,21.1114207,89.4,48.96,-0.047,-0.027,0.963,0,49.0940910098791,18.0,72.52217334466842,-1.0,11.0
11570,2026-05-11 22:13:06.600000+00:00,52.2065758,21.1113636,89.4,49.19,-0.044,-0.016,0.963,0,49.05627764151701,18.0,65.86563658133082,-1.0,11.0
11575,2026-05-11 22:13:07.100000+00:00,52.2066259,21.1113066,89.4,48.97,-0.037,-0.008,0.971,0,48.89682503639257,18.0,59.26445692207939,-1.0,11.0
11580,2026-05-11 22:13:07.600000+00:00,52.2066755,21.1112494,89.4,48.76,-0.05,0.002,0.964,0,48.6255427816095,18.0,52.73596623076147,-1.0,11.0
11585,2026-05-11 22:13:08.100000+00:00,52.2067246,21.1111926,89.4,48.47,-0.06,-0.005,0.951,0,48.18540898812378,18.0,46.327233106116275,-1.0,11.0
11590,2026-05-11 22:13:08.600000+00:00,52.2067733,21.1111353,89.4,48.24,-0.077,-0.007,0.981,0,48.06755444326589,18.0,40.007995244690875,-1.0,11.0
11595,2026-05-11 22:13:09.100000+00:00,52.2068213,21.1110785,89.4,47.6,-0.071,-0.008,0.971,0,47.46966052506615,18.0,33.894564019217604,-1.0,11.0
11600,2026-05-11 22:13:09.600000+00:00,52.2068694,21.111022,89.4,47.76,-0.067,-0.026,0.962,0,47.448340450699106,18.0,28.013601639767284,-1.0,11.0
11605,2026-05-11 22:13:10.100000+00:00,52.206917,21.1109654,89.4,47.29,-0.057,-0.022,0.972,0,47.15289532271922,18.0,22.53767805578898,-1.0,11.0
11610,2026-05-11 22:13:10.600000+00:00,52.2069648,21.1109097,89.4,47.05,-0.061,-0.014,0.963,0,47.0244113974099,18.0,17.86194053906905,-1.0,11.0
11615,2026-05-11 22:13:11.100000+00:00,52.2070122,21.1108534,89.4,47.02,-0.062,-0.008,0.959,0,46.936778252117435,18.0,14.626602761742598,-1.0,11.0
11620,2026-05-11 22:13:11.600000+00:00,52.2070593,21.1107974,89.4,46.61,-0.07,-0.009,0.986,0,46.65596173540545,18.0,13.914124067962975,-1.0,11.0
11625,2026-05-11 22:13:12.100000+00:00,52.2071058,21.1107418,89.4,46.29,-0.065,-0.015,0.956,0,46.1523070211009,18.0,15.988643997467328,-1.0,11.0
11630,2026-05-11 22:13:12.600000+00:00,52.2071521,21.1106863,89.4,46.11,-0.082,-0.022,0.973,0,45.994166268213704,18.0,19.97504111814401,-1.0,11.0
11635,2026-05-11 22:13:13.100000+00:00,52.207198,21.1106314,89.4,45.44,-0.081,-0.024,0.971,0,45.561812000485226,18.0,24.933335001340446,-1.0,11.0
11640,2026-05-11 22:13:13.600000+00:00,52.2072437,21.1105766,89.4,45.49,-0.073,-0.027,0.952,0,45.40368047593332,18.0,30.381366342018623,-1.0,11.0
11645,2026-05-11 22:13:14.100000+00:00,52.2072893,21.1105229,89.4,45.23,-0.074,-0.036,0.961,0,45.021247772304484,18.0,36.081204588949646,-1.0,11.0
11650,2026-05-11 22:13:14.600000+00:00,52.2073349,21.1104693,89.4,45.01,-0.08,-0.037,0.989,0,44.9925392103933,18.0,41.93700111037904,-1.0,11.0
11655,2026-05-11 22:13:15.100000+00:00,52.2073799,21.1104164,89.5,44.73,-0.074,-0.012,0.943,0,44.402025915088466,18.0,47.813546770219226,-1.0,11.0
11660,2026-05-11 22:13:15.600000+00:00,52.2074244,21.110364,89.5,44.19,-0.085,-0.007,0.982,0,43.933840820500784,18.0,53.69105250036122,-1.0,11.0
11665,2026-05-11 22:13:16.100000+00:00,52.2074685,21.110313,89.4,44.03,-0.058,-0.015,0.952,0,43.273794425606255,18.0,59.535973385636844,-1.0,11.0
11670,2026-05-11 22:13:16.600000+00:00,52.2075124,21.110262,89.4,43.7,-0.068,-0.023,0.98,0,43.14323867909395,18.0,65.3905037991347,-1.0,11.0
11675,2026-05-11 22:13:17.100000+00:00,52.207556,21.1102104,89.4,43.8,-0.063,-0.033,0.965,0,43.11994869326189,18.0,71.25470170229042,-1.0,11.0
11680,2026-05-11 22:13:17.600000+00:00,52.2076001,21.1101594,89.3,43.77,-0.047,-0.021,0.975,0,43.27375157871341,18.0,77.17055438089938,-1.0,11.0
11685,2026-05-11 22:13:18.100000+00:00,52.2076443,21.1101084,89.3,43.82,-0.055,-0.062,0.945,0,43.33908236224221,,83.10992570376052,-1.0,11.0
11690,2026-05-11 22:13:18.600000+00:00,52.2076885,21.1100572,89.2,43.97,0.031,0.014,0.959,0,43.39579130389473,,89.06619064052359,-1.0,11.0
11695,2026-05-11 22:13:19.100000+00:00,52.2077326,21.1100053,89.2,43.68,0.076,-0.006,0.994,0,43.530505774804745,,95.04349707736237,-1.0,11.0
11700,2026-05-11 22:13:19.600000+00:00,52.2077775,21.1099528,89.0,43.6,0.098,-0.017,0.97,0,44.22236690697972,,101.12671013124326,-1.0,11.0
11705,2026-05-11 22:13:20.100000+00:00,52.2078216,21.1099001,88.7,43.17,0.101,0.008,0.984,0,43.76121467453417,,107.14484424366682,-1.0,11.0
11710,2026-05-11 22:13:20.600000+00:00,52.207865,21.1098468,88.6,43.6,0.078,0.01,0.934,0,43.486684924371154,,113.12090699675726,-1.0,11.0
11715,2026-05-11 22:13:21.100000+00:00,52.2079084,21.1097931,88.6,43.27,-0.082,-0.044,0.985,0,43.604956678296936,,119.11672794150161,-1.0,11.0
11720,2026-05-11 22:13:21.600000+00:00,52.2079517,21.10974,88.7,43.6,-0.062,-0.028,0.971,0,43.36369342090983,,125.08847808729912,-1.0,11.0
11725,2026-05-11 22:13:22.100000+00:00,52.2079953,21.1096876,88.7,43.51,-0.057,-0.034,0.951,0,43.35139195168576,,131.06996746459052,-1.0,11.0
11730,2026-05-11 22:13:22.600000+00:00,52.2080388,21.1096349,88.7,43.52,-0.068,-0.034,0.972,0,43.374510896822386,,137.05560663054848,-1.0,11.0
11735,2026-05-11 22:13:23.100000+00:00,52.2080828,21.1095817,88.7,43.59,-0.066,-0.04,0.962,0,43.84214782417511,,143.10968159964742,-1.0,11.0
11740,2026-05-11 22:13:23.600000+00:00,52.2081267,21.1095292,88.7,43.43,-0.077,-0.034,0.974,0,43.57395458019004,,149.1326695250284,-1.0,11.0
11745,2026-05-11 22:13:24.100000+00:00,52.2081706,21.1094769,88.8,43.17,-0.064,-0.03,0.962,0,43.51601159532008,,155.15089921765113,-1.0,11.0
11750,2026-05-11 22:13:24.600000+00:00,52.2082146,21.1094242,88.9,43.45,-0.075,-0.017,0.983,0,43.69651212838278,,161.1946632358944,-1.0,11.0
11755,2026-05-11 22:13:25.100000+00:00,52.2082585,21.1093716,89.0,43.48,-0.058,-0.022,0.96,0,43.6029272367425,,167.2272095135247,-1.0,11.0
11760,2026-05-11 22:13:25.600000+00:00,52.2083025,21.1093189,89.0,43.65,-0.077,-0.031,0.974,0,43.696481865871625,,173.27442924617498,-1.0,11.0
11765,2026-05-11 22:13:26.100000+00:00,52.2083463,21.1092654,89.2,43.59,-0.054,-0.029,0.966,0,43.801541388134844,,179.33282141161686,-1.0,11.0
11770,2026-05-11 22:13:26.600000+00:00,52.2083905,21.1092125,89.2,43.79,-0.064,-0.035,0.981,0,43.883595154636225,,185.40906574046699,-1.0,11.0
11775,2026-05-11 22:13:27.100000+00:00,52.2084348,21.1091599,89.3,43.82,-0.048,-0.045,0.971,0,43.86140971972999,,191.4851031022001,-1.0,11.0
11780,2026-05-11 22:13:27.600000+00:00,52.2084791,21.1091073,89.3,43.82,-0.054,-0.037,0.952,0,43.86139457632526,,197.56211354198732,-1.0,11.0
11785,2026-05-11 22:13:28.100000+00:00,52.2085233,21.1090541,89.3,44.04,-0.065,-0.028,0.966,0,43.97075232046759,,203.65240327024497,-1.0,11.0
11790,2026-05-11 22:13:28.600000+00:00,52.2085677,21.1090018,89.4,43.89,-0.056,-0.035,0.979,0,43.83982378142499,,209.72964714064096,-1.0,11.0
11795,2026-05-11 22:13:29.100000+00:00,52.2086122,21.1089491,89.4,44.19,-0.05,-0.032,0.965,0,44.01972236994208,,215.8315475283174,-1.0,11.0
11800,2026-05-11 22:13:29.600000+00:00,52.2086568,21.108896,89.5,44.41,-0.046,-0.024,0.958,0,44.199904548860175,,221.95813726345057,-1.0,11.0
11805,2026-05-11 22:13:30.100000+00:00,52.2087014,21.1088426,89.5,44.32,-0.058,-0.027,0.982,0,44.28679467932729,,228.09641043982896,-1.0,11.0
11810,2026-05-11 22:13:30.600000+00:00,52.2087462,21.1087892,89.6,44.48,-0.045,-0.026,0.961,0,44.41597991889656,,234.25405414260345,-1.0,11.0
11815,2026-05-11 22:13:31.100000+00:00,52.2087911,21.1087355,89.6,44.74,-0.056,-0.034,0.987,0,44.56748396082877,,240.43269655080277,-1.0,11.0
11820,2026-05-11 22:13:31.600000+00:00,52.2088362,21.1086817,89.6,45.07,-0.04,-0.037,0.949,0,44.72565246551858,,246.63427592977453,-1.0,11.0
11825,2026-05-11 22:13:32.100000+00:00,52.2088815,21.1086274,89.7,45.24,-0.054,-0.027,0.976,0,44.999781312150866,,252.87356319600178,-1.0,11.0
11830,2026-05-11 22:13:32.600000+00:00,52.2089271,21.1085736,89.7,45.39,-0.052,-0.02,0.98,0,45.04940565467951,,259.12273241816996,-1.0,11.0
11835,2026-05-11 22:13:33.100000+00:00,52.2089727,21.1085191,89.7,45.5,-0.055,-0.028,0.97,0,45.251451456419716,,265.398330374588,-1.0,11.0
11840,2026-05-11 22:13:33.600000+00:00,52.2090183,21.1084639,89.8,45.71,-0.057,-0.026,0.954,0,45.455192915788615,,271.70048133843113,-1.0,11.0
11845,2026-05-11 22:13:34.100000+00:00,52.209064,21.1084082,89.8,45.92,-0.055,-0.036,0.961,0,45.665862628888355,,278.0311282568424,-1.0,11.0
11850,2026-05-11 22:13:34.600000+00:00,52.2091103,21.1083524,89.9,45.88,-0.055,-0.037,0.98,0,46.08073789338951,,284.4217671140095,-1.0,11.0
11855,2026-05-11 22:13:35.100000+00:00,52.2091569,21.1082962,89.9,46.49,-0.042,-0.037,0.94,0,46.39050724117633,,287.7398759832357,-1.0,11.0
11860,2026-05-11 22:13:35.600000+00:00,52.2092037,21.1082401,89.9,46.59,-0.064,-0.033,0.963,0,46.49029943187491,,281.29496406864524,-1.0,11.0
11865,2026-05-11 22:13:36.100000+00:00,52.2092509,21.1081838,89.9,46.94,-0.051,-0.039,0.979,0,46.80659345581443,,274.80776754388444,-1.0,11.0
11870,2026-05-11 22:13:36.600000+00:00,52.2092983,21.1081271,89.9,47.26,-0.063,-0.011,0.986,0,47.051689130302634,,268.28668030084185,-1.0,11.0
11875,2026-05-11 22:13:37.100000+00:00,52.2093455,21.1080708,89.8,47.26,-0.052,-0.021,0.964,0,46.806558750524644,,261.8008563413873,-1.0,11.0
11880,2026-05-11 22:13:37.600000+00:00,52.209393,21.108014,89.8,47.56,-0.061,-0.017,0.97,0,47.14522928688229,,255.26833240846446,-1.0,11.0
11885,2026-05-11 22:13:38.100000+00:00,52.2094407,21.1079566,89.9,47.57,-0.047,-0.006,0.96,0,47.44856550908843,,248.69321375864516,-1.0,11.0
11890,2026-05-11 22:13:38.600000+00:00,52.2094886,21.1078991,89.9,47.8,-0.055,-0.022,0.965,0,47.60656823433906,,242.09756358527883,-1.0,11.0
11895,2026-05-11 22:13:39.100000+00:00,52.2095364,21.1078413,89.9,47.79,-0.066,-0.026,0.964,0,47.629556665751494,,235.49799975062936,-1.0,11.0
11900,2026-05-11 22:13:39.600000+00:00,52.2095842,21.1077839,89.9,47.65,-0.068,-0.031,0.966,0,47.51297162744282,,228.91709854374776,-1.0,11.0
11905,2026-05-11 22:13:40.100000+00:00,52.209632,21.1077265,89.9,47.55,-0.075,-0.011,0.981,0,47.51295366869986,,222.33727478329607,-1.0,11.0
11910,2026-05-11 22:13:40.600000+00:00,52.2096795,21.1076692,89.9,47.44,-0.071,-0.024,0.962,0,47.29051997428048,,215.78829738754413,-1.0,11.0
11915,2026-05-11 22:13:41.100000+00:00,52.2097268,21.1076116,89.9,47.34,-0.091,-0.029,0.956,0,47.24970913822626,,209.24387114143977,-1.0,11.0
11920,2026-05-11 22:13:41.600000+00:00,52.2097742,21.1075538,89.9,47.04,-0.07,-0.024,0.968,0,47.37254554633757,,202.6832721895288,-1.0,11.0
11925,2026-05-11 22:13:42.100000+00:00,52.2098214,21.1074967,90.0,47.02,-0.08,-0.025,0.966,0,47.039044626728895,,196.17214390455953,-1.0,11.0
11930,2026-05-11 22:13:42.600000+00:00,52.2098684,21.1074395,90.0,46.59,-0.078,-0.031,0.977,0,46.93980375929746,,189.6746779469419,-1.0,11.0
11935,2026-05-11 22:13:43.100000+00:00,52.209915,21.107383,90.0,46.62,-0.072,-0.03,0.954,0,46.477848901100565,,183.24370938903456,-1.0,11.0
11940,2026-05-11 22:13:43.600000+00:00,52.2099615,21.1073269,90.0,46.16,-0.09,-0.022,0.974,0,46.29666791155058,,176.84098214090372,-1.0,11.0
11945,2026-05-11 22:13:44.100000+00:00,52.2100074,21.1072702,90.0,45.87,-0.086,-0.041,0.967,0,46.08832329964365,,170.46248054139625,-1.0,11.0
11950,2026-05-11 22:13:44.600000+00:00,52.2100538,21.1072145,90.1,45.96,-0.081,-0.041,0.969,0,46.11573291919466,,164.09039305114175,-1.0,11.0
11955,2026-05-11 22:13:45.100000+00:00,52.2100998,21.1071601,90.1,45.1,-0.082,-0.03,0.953,0,45.48100325149199,,157.81360922664902,-1.0,11.0
11960,2026-05-11 22:13:45.600000+00:00,52.2101453,21.1071047,90.2,45.06,-0.072,-0.022,0.976,0,45.449112529633155,,151.5347032032771,-1.0,11.0
11965,2026-05-11 22:13:46.100000+00:00,52.2101906,21.1070511,90.2,44.83,-0.066,-0.028,0.944,0,44.796881007066425,,145.3586454061019,-1.0,11.0
11970,2026-05-11 22:13:46.600000+00:00,52.2102358,21.1069977,90.2,44.73,-0.075,-0.021,0.992,0,44.674467314629005,,139.20410490363838,-1.0,11.0
11975,2026-05-11 22:13:47.100000+00:00,52.210281,21.1069443,90.1,45.02,-0.062,-0.037,0.971,0,44.67445168527616,,133.05423504011137,-1.0,11.0
11980,2026-05-11 22:13:47.600000+00:00,52.2103262,21.1068914,90.1,44.95,-0.073,-0.036,0.967,0,44.53104088403419,,126.93341945407279,-1.0,11.0
11985,2026-05-11 22:13:48.100000+00:00,52.2103715,21.1068383,90.2,45.13,-0.047,-0.017,0.955,0,44.65327732047603,,120.8016476757619,-1.0,11.0
11990,2026-05-11 22:13:48.600000+00:00,52.2104171,21.1067855,90.2,44.88,-0.064,-0.043,0.972,0,44.763231098581706,,114.66829039867079,-1.0,11.0
11995,2026-05-11 22:13:49.100000+00:00,52.210463,21.1067321,90.2,45.11,-0.059,-0.018,0.977,0,45.12954040775308,,108.49192096125817,-1.0,11.0
12000,2026-05-11 22:13:49.600000+00:00,52.2105086,21.1066779,90.2,45.31,-0.059,-0.027,0.948,0,45.164103358142185,,102.31047862184172,-1.0,11.0
12005,2026-05-11 22:13:50.100000+00:00,52.2105545,21.1066233,90.2,45.61,-0.063,-0.024,0.957,0,45.47376343950049,,96.09817195248472,-1.0,11.0
12010,2026-05-11 22:13:50.600000+00:00,52.2106007,21.1065679,90.4,45.57,-0.071,-0.046,1.037,0,45.89934967039357,,89.83755639100887,-1.0,11.0
12015,2026-05-11 22:13:51.100000+00:00,52.210647,21.1065126,90.4,45.93,-0.035,-0.049,0.901,0,45.934883409290784,,83.59193666447432,-1.0,11.0
12020,2026-05-11 22:13:51.600000+00:00,52.2106938,21.1064571,90.5,45.87,-0.094,-0.022,0.998,0,46.3161106292537,17.0,77.32171321159653,-1.0,11.0
12025,2026-05-11 22:13:52.100000+00:00,52.21074,21.1064013,90.5,46.23,-0.035,-0.034,0.937,0,46.01576349895904,17.0,71.10708975059212,-1.0,11.0
12030,2026-05-11 22:13:52.600000+00:00,52.2107866,21.1063456,90.5,46.08,-0.065,-0.033,0.987,0,46.24454735491692,17.0,64.9047094938414,-1.0,11.0
12035,2026-05-11 22:13:53.100000+00:00,52.2108331,21.1062898,90.5,46.25,-0.068,-0.043,0.956,0,46.20901013347592,17.0,58.75082596923086,-1.0,11.0
12040,2026-05-11 22:13:53.600000+00:00,52.2108794,21.1062346,90.5,45.93,-0.091,-0.037,0.978,0,45.9058435385369,17.0,52.70632953529844,-1.0,11.0
12045,2026-05-11 22:13:54.100000+00:00,52.2109255,21.1061804,90.5,45.63,-0.071,-0.042,0.919,0,45.488144155354064,17.0,46.81963221679473,-1.0,11.0
12050,2026-05-11 22:13:54.600000+00:00,52.2109716,21.1061263,90.6,45.17,-0.104,-0.041,1.027,0,45.45946992289218,17.0,41.06728126003052,-1.0,11.0
12055,2026-05-11 22:13:55.100000+00:00,52.2110174,21.1060728,90.7,45.0,-0.074,-0.063,0.95,0,45.09271912024642,17.0,35.55709752719831,-1.0,11.0
12060,2026-05-11 22:13:55.600000+00:00,52.2110632,21.1060196,90.7,44.74,-0.094,-0.058,0.964,0,45.00720266241358,17.0,30.359886625733363,-1.0,11.0
12065,2026-05-11 22:13:56.100000+00:00,52.2111089,21.1059673,90.7,44.47,-0.076,-0.049,0.947,0,44.6870361143521,17.0,25.699951889722982,-1.0,11.0
12070,2026-05-11 22:13:56.600000+00:00,52.211154,21.1059164,90.6,43.91,-0.097,-0.046,0.989,0,43.900333222742894,17.0,21.916667086784063,-1.0,11.0
12075,2026-05-11 22:13:57.100000+00:00,52.2111989,21.1058659,90.6,43.48,-0.074,-0.016,0.964,0,43.657065840055445,17.0,19.372401816403283,-1.0,11.0
12080,2026-05-11 22:13:57.600000+00:00,52.2112432,21.1058154,90.5,43.25,-0.076,-0.03,0.944,0,43.2623816854698,17.0,18.502023138725413,-1.0,11.0
12085,2026-05-11 22:13:58.100000+00:00,52.2112877,21.1057654,90.5,42.8,-0.092,-0.028,0.985,0,43.25416547822432,17.0,19.571875364759634,-1.0,11.0
12090,2026-05-11 22:13:58.600000+00:00,52.2113317,21.1057155,90.3,42.54,-0.077,-0.03,0.974,0,42.89702439139366,17.0,22.221280701776834,-1.0,11.0
12095,2026-05-11 22:13:59.100000+00:00,52.2113752,21.1056662,90.2,42.11,-0.089,-0.028,0.968,0,42.400321155691735,17.0,25.943479238206617,-1.0,11.0
12100,2026-05-11 22:13:59.600000+00:00,52.2114182,21.1056167,90.2,42.12,-0.074,-0.017,0.947,0,42.128609435831976,17.0,30.30334980428581,-1.0,11.0
12105,2026-05-11 22:14:00.100000+00:00,52.2114604,21.1055675,90.2,41.34,-0.09,-0.012,0.98,0,41.52113291067133,17.0,35.00986076762297,-1.0,11.0
12110,2026-05-11 22:14:00.600000+00:00,52.2115023,21.1055185,90.2,41.26,-0.076,-0.013,0.963,0,41.26869621849835,17.0,39.960151751571026,-1.0,11.0
12115,2026-05-11 22:14:01.100000+00:00,52.2115435,21.1054692,90.2,40.68,-0.084,-0.014,0.98,0,40.901298282762404,17.0,45.02340068524336,-1.0,11.0
12120,2026-05-11 22:14:01.600000+00:00,52.2115843,21.1054198,90.3,40.65,-0.075,-0.024,0.955,0,40.67267783504831,17.0,50.17734854271268,-1.0,11.0
12125,2026-05-11 22:14:02.100000+00:00,52.2116248,21.105371,90.3,40.15,-0.076,-0.035,0.97,0,40.30450367162557,17.0,55.384523253596534,-1.0,11.0
12130,2026-05-11 22:14:02.600000+00:00,52.2116651,21.1053227,90.3,39.81,-0.088,-0.031,0.97,0,40.030115161607036,17.0,60.6297226650069,-1.0,11.0
12135,2026-05-11 22:14:03.100000+00:00,52.211705,21.1052754,90.4,39.61,-0.084,-0.039,0.956,0,39.48215110141652,17.0,65.86197083397282,-1.0,11.0
12140,2026-05-11 22:14:03.600000+00:00,52.2117448,21.1052286,90.4,39.16,-0.075,-0.043,0.96,0,39.27350214817356,17.0,71.1097221624375,-1.0,11.0
12145,2026-05-11 22:14:04.100000+00:00,52.2117842,21.1051821,90.4,38.66,-0.093,-0.039,0.978,0,38.927693334057835,17.0,76.3375872073339,-1.0,11.0
12150,2026-05-11 22:14:04.600000+00:00,52.2118234,21.105136,90.5,38.51,-0.082,-0.008,0.964,0,38.68300107454409,,81.5577638993249,-1.0,11.0
12155,2026-05-11 22:14:05.100000+00:00,52.2118618,21.1050897,90.6,37.77,-0.076,-0.028,0.967,0,38.223419472875854,,86.72030067228849,-1.0,11.0
12160,2026-05-11 22:14:05.600000+00:00,52.2118996,21.1050442,90.6,37.38,-0.088,-0.037,0.971,0,37.603861059977675,,91.81633401958894,-1.0,11.0
12165,2026-05-11 22:14:06.100000+00:00,52.2119372,21.104999,90.6,37.2,-0.087,-0.029,0.987,0,37.38763950721241,,96.89710064113902,-1.0,11.0
12170,2026-05-11 22:14:06.600000+00:00,52.2119743,21.1049549,90.6,36.33,-0.064,-0.032,0.929,0,36.745821315659995,,101.9068120737789,-1.0,11.0
12175,2026-05-11 22:14:07.100000+00:00,52.2120112,21.1049117,90.6,35.98,-0.101,-0.054,0.994,0,36.357396353202994,,106.87866306934868,-1.0,11.0
12180,2026-05-11 22:14:07.600000+00:00,52.2120483,21.1048703,90.7,36.01,-0.059,-0.103,0.944,0,35.981931151110345,,111.82321792422981,-1.0,11.0
12185,2026-05-11 22:14:08.100000+00:00,52.2120862,21.1048318,90.7,35.74,-0.083,-0.117,0.957,0,35.74066739518812,,116.76373019841836,-1.0,11.0
12190,2026-05-11 22:14:08.600000+00:00,52.2121228,21.1047951,90.7,34.5,-0.127,-0.078,0.965,0,34.39102568299915,,121.52194040717534,-1.0,11.0
12195,2026-05-11 22:14:09.100000+00:00,52.212158,21.1047608,90.8,32.44,-0.166,-0.028,0.958,0,32.822330447733016,,126.06883361689029,-1.0,11.0
12200,2026-05-11 22:14:09.600000+00:00,52.2121913,21.1047261,90.9,31.46,-0.13,0.01,0.951,0,31.63107917582695,,130.44060364694866,-1.0,11.0
12205,2026-05-11 22:14:10.100000+00:00,52.212223,21.1046927,90.8,29.23,-0.181,0.032,0.996,0,30.208600783423876,,134.61504108231628,-1.0,11.0
12210,2026-05-11 22:14:10.600000+00:00,52.2122518,21.1046606,90.9,27.5,-0.174,-0.002,0.934,0,27.921504624826305,,138.4636565379629,-1.0,11.0
12215,2026-05-11 22:14:11.100000+00:00,52.2122784,21.1046306,90.8,25.68,-0.168,0.019,0.958,0,25.88640807941504,,142.0307962057347,-1.0,11.0
12220,2026-05-11 22:14:11.600000+00:00,52.2123026,21.1046027,90.9,23.43,-0.164,0.013,0.978,0,23.72127332835298,,145.29652843647057,-1.0,11.0
12225,2026-05-11 22:14:12.100000+00:00,52.2123245,21.1045772,90.8,21.17,-0.165,-0.015,0.994,0,21.53823260252422,,148.26100187620435,-1.0,11.0
12230,2026-05-11 22:14:12.600000+00:00,52.2123442,21.1045534,90.6,19.21,-0.154,0.0,0.936,0,19.623082576623315,,150.95617364047348,-1.0,11.0
12235,2026-05-11 22:14:13.100000+00:00,52.2123629,21.1045307,90.6,18.45,-0.075,0.007,0.939,0,18.658590606483976,,153.51900242695532,-1.0,11.0
12240,2026-05-11 22:14:13.600000+00:00,52.2123803,21.10451,90.6,16.16,-0.197,-0.027,1.002,0,17.238738981730542,,155.8908824496197,-1.0,11.0
12245,2026-05-11 22:14:14.100000+00:00,52.2123952,21.1044921,90.6,13.85,-0.198,-0.007,0.968,0,14.812387629250612,,157.92815715098897,-1.0,11.0
12250,2026-05-11 22:14:14.600000+00:00,52.2124076,21.1044778,90.6,11.6,-0.184,-0.012,0.925,0,12.155861631896068,,159.60460643406464,-1.0,11.0
12255,2026-05-11 22:14:15.100000+00:00,52.2124175,21.1044662,90.6,9.05,-0.196,-0.011,0.957,0,9.75718252409288,,160.949199755972,-1.0,11.0
12260,2026-05-11 22:14:15.600000+00:00,52.2124244,21.1044581,90.7,5.7,-0.238,-0.017,0.977,0,6.804797608945618,,161.88693873590876,-1.0,11.0
12265,2026-05-11 22:14:16.100000+00:00,52.2124284,21.1044533,90.7,3.17,-0.212,-0.015,0.973,0,3.974917851542885,,162.43399929556153,-1.0,11.0
12270,2026-05-11 22:14:16.600000+00:00,52.2124303,21.1044517,90.7,1.15,-0.161,-0.015,0.954,0,1.711708021641118,,162.67167348038205,-1.0,11.0
12275,2026-05-11 22:14:17.100000+00:00,52.2124304,21.1044515,90.6,0.13,-0.115,-0.019,0.979,0,0.12663157544123962,,162.68796065067127,-1.0,11.0
12280,2026-05-11 22:14:17.600000+00:00,52.2124305,21.1044514,90.6,0.06,-0.042,-0.02,0.966,0,0.09389426512483127,,162.70098501401523,-1.0,11.0
12285,2026-05-11 22:14:18.100000+00:00,52.2124304,21.1044512,90.6,0.05,-0.049,-0.019,0.97,0,0.1266315720503473,,162.69775046952324,-1.0,11.0
12290,2026-05-11 22:14:18.600000+00:00,52.2124301,21.1044511,90.6,0.03,-0.048,-0.019,0.975,0,0.24513957098691863,,162.6717330588425,-1.0,11.0
12295,2026-05-11 22:14:19.100000+00:00,52.21243,21.1044509,90.6,0.05,-0.048,-0.018,0.976,0,0.12663157273480843,,162.6685026854347,-1.0,11.0
12300,2026-05-11 22:14:19.600000+00:00,52.2124298,21.1044508,90.7,0.05,-0.05,-0.018,0.974,0,0.16746674245995824,,162.6522494899255,-1.0,11.0
12305,2026-05-11 22:14:20.100000+00:00,52.2124296,21.1044513,90.6,0.04,-0.047,-0.017,0.976,0,0.29291720886564265,,162.61640433827688,-1.0,11.0
12310,2026-05-11 22:14:20.600000+00:00,52.2124294,21.1044518,90.6,0.04,-0.047,-0.018,0.975,0,0.2929172084838328,,162.58056146398346,-1.0,11.0
12315,2026-05-11 22:14:21.100000+00:00,52.2124292,21.104452,90.7,0.08,-0.048,-0.017,0.978,0,0.18778853076146387,,162.55451246082723,-1.0,11.0
12320,2026-05-11 22:14:21.600000+00:00,52.212429,21.1044523,90.7,0.03,-0.047,-0.02,0.974,0,0.217478516454631,,162.5251994316132,-1.0,11.0
12325,2026-05-11 22:14:22.100000+00:00,52.2124288,21.1044527,90.7,0.12,-0.046,-0.02,0.976,0,0.25326315383389414,,162.49262318167663,-1.0,11.0
12330,2026-05-11 22:14:22.600000+00:00,52.2124287,21.1044528,90.7,0.12,-0.048,-0.02,0.975,0,0.09389427044802075,,162.4795987660729,-1.0,11.0
12335,2026-05-11 22:14:23.100000+00:00,52.2124285,21.1044525,90.7,0.08,-0.05,-0.019,0.976,0,0.21747851382596153,,162.46986952187336,-1.0,11.0
12340,2026-05-11 22:14:23.600000+00:00,52.2124283,21.1044522,90.7,0.02,-0.054,-0.019,0.971,0,0.21747851802389137,,162.46014531048033,-1.0,11.0
12345,2026-05-11 22:14:24.100000+00:00,52.212428,21.1044519,90.7,0.08,-0.048,-0.02,0.975,0,0.28168279854022577,,162.44066803509497,-1.0,11.0
12350,2026-05-11 22:14:24.600000+00:00,52.2124278,21.1044517,90.7,0.16,-0.046,-0.018,0.975,0,0.1877885375344529,,162.42768712192955,-1.0,11.0
12355,2026-05-11 22:14:25.100000+00:00,52.2124276,21.1044512,90.7,0.05,-0.049,-0.02,0.976,0,0.29291721680603805,,162.42451564881185,-1.0,11.0
12360,2026-05-11 22:14:25.600000+00:00,52.2124274,21.1044506,90.7,0.08,-0.048,-0.018,0.974,0,0.33506971394809926,,162.4246250007414,-1.0,11.0
12365,2026-05-11 22:14:26.100000+00:00,52.2124271,21.1044498,90.7,0.05,-0.048,-0.019,0.973,0,0.46011009175506185,,162.42154076459124,-1.0,11.0
12370,2026-05-11 22:14:26.600000+00:00,52.2124269,21.1044487,90.7,0.19,-0.049,-0.019,0.976,0,0.5628694737577599,,162.43805881875056,-1.0,11.0
12375,2026-05-11 22:14:27.100000+00:00,52.2124267,21.1044474,90.8,0.07,-0.047,-0.016,0.976,0,0.6575202025236866,,162.4611708038193,-1.0,11.0
12380,2026-05-11 22:14:27.600000+00:00,52.2124265,21.1044464,90.8,0.16,-0.05,-0.018,0.969,0,0.516029152958685,,162.4744844346333,-1.0,11.0
12385,2026-05-11 22:14:28.100000+00:00,52.2124264,21.1044456,90.7,0.06,-0.048,-0.024,0.974,0,0.4005296831546825,,162.49100297295485,-1.0,11.0
12390,2026-05-11 22:14:28.600000+00:00,52.2124263,21.1044448,90.8,0.08,-0.05,-0.021,0.975,0,0.4005296835094854,,162.50753887492934,-1.0,11.0
12395,2026-05-11 22:14:29.100000+00:00,52.2124262,21.1044438,90.8,0.14,-0.048,-0.017,0.975,0,0.4970483978154402,,162.53066788745969,-1.0,11.0
12400,2026-05-11 22:14:29.600000+00:00,52.2124261,21.1044424,90.8,0.05,-0.045,-0.018,0.973,0,0.6914323288758063,,162.5669866050758,-1.0,11.0
12405,2026-05-11 22:14:30.100000+00:00,52.212426,21.1044411,90.8,0.18,-0.047,-0.02,0.976,0,0.6427315580411891,,162.60005942015908,-1.0,11.0
12410,2026-05-11 22:14:30.600000+00:00,52.212426,21.1044402,90.8,0.02,-0.047,-0.019,0.972,0,0.4415024774945466,,162.62971787370964,-1.0,11.0
12415,2026-05-11 22:14:31.100000+00:00,52.2124261,21.10444,90.8,0.28,-0.022,-0.026,0.97,0,0.12663157957941942,,162.64604220278818,-1.0,11.0
12420,2026-05-11 22:14:31.600000+00:00,52.212426,21.1044389,90.9,0.07,0.025,0.007,0.977,0,0.5455209224955261,,162.67258912431905,-1.0,11.0
12425,2026-05-11 22:14:32.100000+00:00,52.2124258,21.1044377,91.0,0.15,0.047,-0.002,0.976,0,0.6100581728509136,,162.69274265511575,-1.0,11.0
12430,2026-05-11 22:14:32.600000+00:00,52.2124254,21.1044369,91.1,0.24,0.045,0.05,0.986,0,0.5065263258263786,,162.6802704939764,-1.0,11.0
12435,2026-05-11 22:14:33.100000+00:00,52.2124251,21.104436,91.1,0.23,-0.03,-0.061,0.957,0,0.5026045954326842,,162.68085668036636,-1.0,11.0
12440,2026-05-11 22:14:33.600000+00:00,52.2124247,21.1044355,91.1,0.06,-0.051,-0.017,0.975,0,0.4033812242844519,,162.65851512799438,-1.0,11.0
12445,2026-05-11 22:14:34.100000+00:00,52.2124242,21.1044348,91.0,0.13,-0.05,-0.016,0.974,0,0.5274075634198221,,162.63309473719377,-1.0,11.0
12450,2026-05-11 22:14:34.600000+00:00,52.2124243,21.1044335,91.0,0.76,0.003,-0.023,0.973,0,0.6427315836801486,,162.68588051972839,-1.0,11.0
12455,2026-05-11 22:14:35.100000+00:00,52.2124255,21.1044307,90.9,2.08,0.016,-0.023,0.975,0,1.676206148395382,,162.89529624920937,-1.0,11.0
12460,2026-05-11 22:14:35.600000+00:00,52.2124284,21.1044267,90.9,3.33,0.025,-0.012,0.979,0,3.039881985190058,,163.3096812210772,-1.0,11.0
12465,2026-05-11 22:14:36.100000+00:00,52.2124327,21.1044204,90.9,4.8,0.044,-0.015,0.98,0,4.626311201475206,,163.93645848672116,-1.0,11.0
12470,2026-05-11 22:14:36.600000+00:00,52.2124384,21.1044113,90.8,6.76,0.05,-0.018,0.976,0,6.383806845311325,,164.7924540669815,-1.0,11.0
12475,2026-05-11 22:14:37.100000+00:00,52.2124462,21.1043993,90.8,9.14,0.057,-0.02,0.969,0,8.58193302481113,,165.94919585735238,-1.0,11.0
12480,2026-05-11 22:14:37.600000+00:00,52.2124561,21.1043846,90.9,11.4,0.062,-0.009,0.976,0,10.71552701203025,,167.4002602717313,-1.0,11.0
12485,2026-05-11 22:14:38.100000+00:00,52.212468,21.1043663,90.9,13.74,0.072,-0.023,0.969,0,13.090358244390204,,169.16657289698279,-1.0,11.0
12490,2026-05-11 22:14:38.600000+00:00,52.212482,21.1043448,91.0,15.83,0.071,-0.015,0.992,0,15.390528266452181,,171.24497880320774,-1.0,11.0
12495,2026-05-11 22:14:39.100000+00:00,52.2124981,21.1043201,90.9,18.36,0.091,-0.016,0.931,0,17.690702577902478,,173.63606937626946,-1.0,11.0
12500,2026-05-11 22:14:39.600000+00:00,52.2125168,21.1042919,91.0,20.98,0.082,-0.032,1.0,0,20.384090658304295,,176.39880814688254,-1.0,11.0
12505,2026-05-11 22:14:40.100000+00:00,52.2125371,21.1042602,90.9,23.07,0.044,-0.038,0.98,0,22.493527213240416,,179.43787591403716,-1.0,11.0
12510,2026-05-11 22:14:40.600000+00:00,52.2125597,21.1042269,91.0,24.7,0.035,-0.057,0.949,0,24.376829932169247,,182.75539398092008,-1.0,11.0
12515,2026-05-11 22:14:41.100000+00:00,52.2125841,21.1041913,91.0,26.38,0.02,-0.047,0.987,0,26.20287052323619,,186.3275723488003,-1.0,11.0
12520,2026-05-11 22:14:41.600000+00:00,52.2126104,21.104155,90.9,27.64,0.018,-0.055,0.979,0,27.576185659651966,,190.1078600502191,-1.0,11.0
12525,2026-05-11 22:14:42.100000+00:00,52.2126378,21.1041171,91.0,28.66,0.02,-0.051,0.961,0,28.755467306501608,,194.05122312089821,-1.0,11.0
12530,2026-05-11 22:14:42.600000+00:00,52.2126675,21.1040787,91.0,30.74,0.018,-0.056,0.968,0,30.335377307904682,,198.23260408022,-1.0,11.0
12535,2026-05-11 22:14:43.100000+00:00,52.2126983,21.1040387,90.9,31.52,0.0,-0.05,0.978,0,31.513130319147788,,200.03082002326607,-1.0,11.0
12540,2026-05-11 22:14:43.600000+00:00,52.2127304,21.1039971,90.9,32.81,-0.005,-0.053,0.964,0,32.81626341045311,,195.47951975525305,-1.0,11.0
12545,2026-05-11 22:14:44.100000+00:00,52.2127631,21.1039544,90.9,33.73,-0.002,-0.02,0.976,0,33.528230014014426,,190.82887766661963,-1.0,11.0
12550,2026-05-11 22:14:44.600000+00:00,52.212796,21.1039091,90.9,34.61,-0.01,-0.01,0.965,0,34.46172215540482,,186.0441395411642,-1.0,11.0
12555,2026-05-11 22:14:45.100000+00:00,52.21283,21.1038625,90.9,36.0,-0.001,-0.034,0.98,0,35.54613738009241,,181.10924304106487,-1.0,11.0
12560,2026-05-11 22:14:45.600000+00:00,52.2128652,21.1038151,90.9,36.99,-0.008,-0.034,0.955,0,36.53558845883914,,176.03862782545986,-1.0,11.0
12565,2026-05-11 22:14:46.100000+00:00,52.212901,21.103766,90.9,37.54,-0.024,-0.033,0.982,0,37.438361475477166,,170.84128195608614,-1.0,11.0
12570,2026-05-11 22:14:46.600000+00:00,52.2129373,21.1037163,90.9,38.18,-0.042,-0.039,0.969,0,37.93418054952271,,165.57540512986304,-1.0,11.0
12575,2026-05-11 22:14:47.100000+00:00,52.2129736,21.103666,90.9,38.05,-0.056,-0.045,0.955,0,38.124002748699496,,160.28239297245705,-1.0,11.0
12580,2026-05-11 22:14:47.600000+00:00,52.2130104,21.1036162,90.9,38.35,-0.055,-0.037,0.975,0,38.272990348533654,,154.9709905456635,-1.0,11.0
12585,2026-05-11 22:14:48.100000+00:00,52.213047,21.1035662,90.9,38.26,-0.058,-0.052,0.966,0,38.21275464055723,,149.6672668013959,-1.0,11.0
12590,2026-05-11 22:14:48.600000+00:00,52.2130847,21.103517,91.0,38.29,-0.057,-0.05,0.971,0,38.645860370843565,,144.3097754851941,-1.0,11.0
12595,2026-05-11 22:14:49.100000+00:00,52.2131226,21.1034681,91.1,38.4,-0.054,-0.046,0.952,0,38.67959278772844,,138.95039169253718,-1.0,11.0
12600,2026-05-11 22:14:49.600000+00:00,52.213161,21.1034193,91.1,38.68,-0.054,-0.036,0.955,0,38.964236297073896,,133.5556702049569,-1.0,11.0
12605,2026-05-11 22:14:50.100000+00:00,52.2131989,21.1033703,91.1,38.86,-0.06,-0.04,0.988,0,38.710008787332534,,128.19398249268954,-1.0,11.0
12610,2026-05-11 22:14:50.600000+00:00,52.2132375,21.1033215,91.2,38.95,-0.055,-0.049,0.963,0,39.09067170093581,,122.78585657759352,-1.0,11.0
12615,2026-05-11 22:14:51.100000+00:00,52.2132765,21.1032732,91.4,38.82,-0.056,-0.038,0.945,0,39.19556350379679,,117.37056398932421,-1.0,11.0
12620,2026-05-11 22:14:51.600000+00:00,52.2133155,21.1032244,91.4,39.23,-0.056,-0.048,0.987,0,39.344303132337664,,111.93460036092854,-1.0,11.0
12625,2026-05-11 22:14:52.100000+00:00,52.2133549,21.1031758,91.6,39.36,-0.066,-0.035,0.983,0,39.53967941342068,,106.47888239683401,-1.0,11.0
12630,2026-05-11 22:14:52.600000+00:00,52.2133942,21.1031278,91.6,39.61,-0.032,-0.047,0.933,0,39.29877235602804,,101.06351907357207,-1.0,11.0
12635,2026-05-11 22:14:53.100000+00:00,52.213434,21.1030796,91.6,39.7,-0.062,-0.026,0.998,0,39.67836405920149,,95.60387364966275,-1.0,11.0
12640,2026-05-11 22:14:53.600000+00:00,52.2134739,21.1030309,91.6,39.97,-0.035,-0.02,0.956,0,39.88908245579346,,90.1184865862592,-1.0,11.0
12645,2026-05-11 22:14:54.100000+00:00,52.2135143,21.1029816,91.6,40.76,-0.041,-0.033,0.976,0,40.385913873927706,,84.57213820823759,-1.0,11.0
12650,2026-05-11 22:14:54.600000+00:00,52.2135549,21.1029317,91.6,40.78,-0.039,-0.034,0.96,0,40.6906284331705,16.0,78.98974615878399,-1.0,11.0
12655,2026-05-11 22:14:55.100000+00:00,52.2135962,21.1028814,91.6,41.39,-0.044,-0.043,0.968,0,41.25672508299959,16.0,73.3449067957042,-1.0,11.0
12660,2026-05-11 22:14:55.600000+00:00,52.213638,21.1028318,91.5,41.61,-0.06,-0.04,0.962,0,41.375364478106675,16.0,67.71250873027867,-1.0,11.0
12665,2026-05-11 22:14:56.100000+00:00,52.2136796,21.1027815,91.5,41.68,-0.057,-0.036,0.961,0,41.44943793000415,16.0,62.079631625503026,-1.0,11.0
12670,2026-05-11 22:14:56.600000+00:00,52.2137216,21.1027311,91.5,41.9,-0.059,-0.033,0.983,0,41.73621736930522,16.0,56.43809534043782,-1.0,11.0
12675,2026-05-11 22:14:57.100000+00:00,52.2137636,21.1026804,91.5,42.23,-0.05,-0.036,0.969,0,41.82354706380396,16.0,50.815418078068326,-1.0,11.0
12680,2026-05-11 22:14:57.600000+00:00,52.2138058,21.1026298,91.5,41.97,-0.062,-0.038,0.958,0,41.923313003646406,16.0,45.23216770466173,-1.0,11.0
12685,2026-05-11 22:14:58.100000+00:00,52.2138478,21.1025794,91.5,41.75,-0.067,-0.031,0.965,0,41.736175761658174,16.0,39.74141017113611,-1.0,11.0
12690,2026-05-11 22:14:58.600000+00:00,52.2138904,21.1025289,91.4,42.41,-0.051,-0.032,0.966,0,42.152943050185186,16.0,34.311761966080454,-1.0,11.0
12695,2026-05-11 22:14:59.100000+00:00,52.2139327,21.1024783,91.4,42.24,-0.055,-0.029,0.968,0,41.98781747469109,16.0,29.05596894645921,-1.0,11.0
12700,2026-05-11 22:14:59.600000+00:00,52.2139751,21.1024272,91.4,42.37,-0.053,-0.025,0.972,0,42.197638608775705,16.0,24.031120242241254,-1.0,11.0
12705,2026-05-11 22:15:00.100000+00:00,52.2140178,21.1023755,91.3,42.72,-0.053,-0.025,0.968,0,42.56577787477859,16.0,19.43342383103476,-1.0,11.0
12710,2026-05-11 22:15:00.600000+00:00,52.2140603,21.1023237,91.2,42.63,-0.05,-0.03,0.927,0,42.46660656454429,16.0,15.730172956119517,-1.0,11.0
12715,2026-05-11 22:15:01.100000+00:00,52.2141029,21.1022716,91.2,42.46,-0.073,-0.022,1.043,0,42.618851207358524,16.0,13.654323823703384,-1.0,11.0
12720,2026-05-11 22:15:01.600000+00:00,52.2141452,21.1022192,91.3,42.74,-0.047,-0.032,0.96,0,42.5156859119798,16.0,13.943911694453273,-1.0,11.0
12725,2026-05-11 22:15:02.100000+00:00,52.2141882,21.1021672,91.1,42.74,-0.062,-0.029,0.933,0,42.84630329095078,16.0,16.579760653169917,-1.0,11.0
12730,2026-05-11 22:15:02.600000+00:00,52.214231,21.1021157,91.1,42.67,-0.075,-0.046,0.938,0,42.57173906250872,16.0,20.624120035184987,-1.0,11.0
12735,2026-05-11 22:15:03.100000+00:00,52.2142742,21.1020647,91.2,42.61,-0.083,-0.043,1.011,0,42.68569774105235,16.0,25.45308235697936,-1.0,11.0
12740,2026-05-11 22:15:03.600000+00:00,52.2143176,21.1020145,91.2,42.49,-0.051,-0.068,0.98,0,42.58741508400238,16.0,30.682401726521633,-1.0,11.0
12745,2026-05-11 22:15:04.100000+00:00,52.2143608,21.1019646,91.3,42.26,-0.049,-0.058,0.953,0,42.37167911387556,16.0,36.09729233939,-1.0,11.0
12750,2026-05-11 22:15:04.600000+00:00,52.2144051,21.1019154,91.4,42.61,-0.057,-0.046,0.97,0,42.89940252940527,16.0,41.74296194038373,-1.0,11.0
12755,2026-05-11 22:15:05.100000+00:00,52.2144484,21.1018664,91.5,42.27,-0.064,-0.043,0.971,0,42.183919734322664,16.0,47.35557827182052,-1.0,11.0
12760,2026-05-11 22:15:05.600000+00:00,52.214492,21.1018186,91.6,42.76,-0.048,-0.018,0.954,0,42.050456584057315,16.0,53.02369734744126,-1.0,11.0
12765,2026-05-11 22:15:06.100000+00:00,52.2145361,21.101771,91.6,42.64,-0.04,-0.038,0.966,0,42.32912765209324,16.0,58.77201753987053,-1.0,11.0
12770,2026-05-11 22:15:06.600000+00:00,52.2145803,21.1017225,91.7,42.81,-0.042,-0.028,0.977,0,42.64065306209383,16.0,64.57813234972917,-1.0,11.0
12775,2026-05-11 22:15:07.100000+00:00,52.2146248,21.1016743,91.4,43.16,-0.035,-0.037,0.977,0,42.7586221483827,16.0,70.42578549690397,-1.0,11.0
12780,2026-05-11 22:15:07.600000+00:00,52.2146701,21.1016261,91.4,43.81,-0.031,-0.032,0.938,0,43.29371350143935,16.0,76.3683315452492,-1.0,11.0
12785,2026-05-11 22:15:08.100000+00:00,52.2147157,21.1015775,91.2,43.98,-0.038,-0.02,1.008,0,43.60207041203523,,82.36291491401664,-1.0,11.0
12790,2026-05-11 22:15:08.600000+00:00,52.2147616,21.1015287,91.1,44.24,-0.037,-0.011,0.949,0,43.856826295414336,,88.40181423214581,-1.0,11.0
12795,2026-05-11 22:15:09.100000+00:00,52.2148085,21.1014793,91.0,44.89,-0.028,-0.015,0.923,0,44.68869089638982,,94.56523166491228,-1.0,11.0
12800,2026-05-11 22:15:09.600000+00:00,52.2148547,21.1014289,91.0,44.67,-0.069,0.003,1.045,0,44.489550792747195,,100.6950742798111,-1.0,11.0
12805,2026-05-11 22:15:10.100000+00:00,52.2149014,21.1013784,90.9,45.19,-0.036,-0.029,0.916,0,44.849967486029186,,106.88317422472545,-1.0,11.0
12810,2026-05-11 22:15:10.600000+00:00,52.2149477,21.1013267,90.9,45.04,-0.082,-0.014,0.985,0,44.913072154529004,,113.0741019364184,-1.0,11.0
12815,2026-05-11 22:15:11.100000+00:00,52.2149941,21.101276,90.9,45.25,-0.054,-0.036,0.949,0,44.70441796690698,,119.2478983099343,-1.0,11.0
12820,2026-05-11 22:15:11.600000+00:00,52.2150409,21.1012251,90.8,44.92,-0.074,-0.017,0.984,0,45.0251960945833,,125.47080842510502,-1.0,11.0
12825,2026-05-11 22:15:12.100000+00:00,52.2150874,21.1011742,90.7,44.67,-0.062,-0.014,0.97,0,44.82550990255522,,131.6672762638497,-1.0,11.0
12830,2026-05-11 22:15:12.600000+00:00,52.2151329,21.1011232,90.7,44.32,-0.075,0.0,0.964,0,44.190588178137766,,137.77209738769972,-1.0,11.0
12835,2026-05-11 22:15:13.100000+00:00,52.2151776,21.1010719,90.6,43.76,-0.071,0.016,0.966,0,43.74859168393222,,143.81175687233662,-1.0,11.0
12840,2026-05-11 22:15:13.600000+00:00,52.2152214,21.1010201,90.5,43.73,-0.065,0.0,0.96,0,43.30460604808558,,149.78366421752904,-1.0,11.0
12845,2026-05-11 22:15:14.100000+00:00,52.2152651,21.1009683,90.5,43.6,-0.063,-0.026,0.952,0,43.239787021681074,,155.7491722821465,-1.0,11.0
12850,2026-05-11 22:15:14.600000+00:00,52.2153087,21.1009155,90.5,43.61,-0.054,-0.013,0.959,0,43.465512322317565,,161.7417963192099,-1.0,11.0
12855,2026-05-11 22:15:15.100000+00:00,52.2153522,21.1008624,90.4,43.62,-0.068,-0.007,0.998,0,43.48920558509862,,167.7381871680084,-1.0,11.0
12860,2026-05-11 22:15:15.600000+00:00,52.2153954,21.1008088,90.4,43.54,-0.058,-0.011,0.979,0,43.44508019272415,,173.7259611148388,-1.0,11.0
12865,2026-05-11 22:15:16.100000+00:00,52.2154386,21.1007541,90.4,43.75,-0.059,-0.007,0.958,0,43.77371493257429,,179.75487584533258,-1.0,11.0
12870,2026-05-11 22:15:16.600000+00:00,52.2154813,21.1006988,90.4,43.74,-0.068,-0.014,0.975,0,43.640437707895074,,185.7602375747381,-1.0,11.0
12875,2026-05-11 22:15:17.100000+00:00,52.215524,21.1006433,90.4,43.78,-0.062,-0.01,0.958,0,43.70146904955392,,191.77613177072072,-1.0,11.0
12880,2026-05-11 22:15:17.600000+00:00,52.2155664,21.1005878,90.3,43.61,-0.064,-0.016,0.98,0,43.513826738120315,,197.7667921088026,-1.0,11.0
12885,2026-05-11 22:15:18.100000+00:00,52.2156089,21.1005323,90.2,43.78,-0.043,-0.012,0.977,0,43.5762951785904,,203.77006024258668,-1.0,11.0
12890,2026-05-11 22:15:18.600000+00:00,52.2156513,21.100476,90.2,43.91,-0.045,-0.02,0.938,0,43.76037805623381,,209.79531337681473,-1.0,11.0
12895,2026-05-11 22:15:19.100000+00:00,52.2156938,21.1004186,90.2,44.27,-0.045,0.008,0.98,0,44.164515260555234,,215.8725699707513,-1.0,11.0
12900,2026-05-11 22:15:19.600000+00:00,52.2157361,21.1003606,90.1,44.56,-0.043,0.01,0.968,0,44.22999068470908,,221.95586000653694,-1.0,11.0
12905,2026-05-11 22:15:20.100000+00:00,52.2157783,21.1003012,90.1,44.6,-0.049,-0.003,0.971,0,44.614137412980995,,228.08402374594732,-1.0,11.0
12910,2026-05-11 22:15:20.600000+00:00,52.2158207,21.100241,90.0,45.17,-0.036,-0.027,0.986,0,44.9920708058246,,234.26387971385955,-1.0,11.0
12915,2026-05-11 22:15:21.100000+00:00,52.2158639,21.1001813,89.9,45.22,-0.043,-0.04,0.96,0,45.318357260979056,,240.50359992335692,-1.0,11.0
12920,2026-05-11 22:15:21.600000+00:00,52.2159069,21.1001212,89.8,45.92,-0.039,-0.019,0.968,0,45.32363200412555,,246.74227905366016,-1.0,11.0
12925,2026-05-11 22:15:22.100000+00:00,52.2159494,21.1000603,89.7,45.41,-0.036,0.005,0.95,0,45.278247014797195,,252.96706946141163,-1.0,11.0
12930,2026-05-11 22:15:22.600000+00:00,52.2159926,21.099998,89.7,45.88,-0.043,-0.002,1.023,0,46.15267841708595,,259.31243372350104,-1.0,11.0
12935,2026-05-11 22:15:23.100000+00:00,52.2160348,21.0999343,89.7,46.48,-0.015,-0.001,0.931,0,46.019265470364175,,265.00864167763893,-1.0,11.0
12940,2026-05-11 22:15:23.600000+00:00,52.2160776,21.0998688,89.6,46.9,-0.05,-0.021,0.956,0,46.972502733104704,,258.54222260769905,-1.0,11.0
12945,2026-05-11 22:15:24.100000+00:00,52.2161206,21.0998034,89.5,47.33,-0.032,-0.018,0.978,0,47.05596073134228,,252.07009776669207,-1.0,11.0
12950,2026-05-11 22:15:24.600000+00:00,52.2161645,21.0997368,89.5,48.01,-0.038,-0.028,1.002,0,47.98440944464901,,245.47495723087457,-1.0,11.0
12955,2026-05-11 22:15:25.100000+00:00,52.2162084,21.0996693,89.5,48.42,-0.017,-0.028,0.945,0,48.28602555939246,,238.83567219322632,-1.0,11.0
12960,2026-05-11 22:15:25.600000+00:00,52.2162525,21.0996009,89.6,48.52,-0.06,-0.028,0.981,0,48.705724938438,,232.138329246921,-1.0,11.0
12965,2026-05-11 22:15:26.100000+00:00,52.2162967,21.0995326,89.6,48.59,-0.055,-0.021,0.969,0,48.73003233921427,,225.44353354844503,-1.0,11.0
12970,2026-05-11 22:15:26.600000+00:00,52.2163403,21.0994645,89.7,48.31,-0.089,-0.021,0.957,0,48.31442886498541,,218.80486661049872,-1.0,11.0
12975,2026-05-11 22:15:27.100000+00:00,52.2163837,21.0993969,89.7,47.84,-0.073,-0.023,0.966,0,48.02919953232955,,212.2112771146772,-1.0,11.0
12980,2026-05-11 22:15:27.600000+00:00,52.2164268,21.0993303,89.7,47.67,-0.081,-0.025,0.975,0,47.51715161660477,,205.69710316588723,-1.0,11.0
12985,2026-05-11 22:15:28.100000+00:00,52.2164692,21.0992641,89.8,46.98,-0.075,-0.02,0.971,0,46.975897598683176,,199.25707611433603,-1.0,11.0
12990,2026-05-11 22:15:28.600000+00:00,52.2165111,21.0991985,89.8,46.49,-0.076,-0.03,0.947,0,46.483215487495805,,192.88868703749424,-1.0,11.0
12995,2026-05-11 22:15:29.100000+00:00,52.2165528,21.0991336,89.9,46.21,-0.087,-0.032,0.969,0,46.13015653299271,,186.57793405464523,-1.0,11.0
13000,2026-05-11 22:15:29.600000+00:00,52.2165938,21.0990689,89.9,45.68,-0.075,-0.019,0.981,0,45.65794038451396,,180.33065420740792,-1.0,11.0
13005,2026-05-11 22:15:30.100000+00:00,52.2166344,21.0990045,90.0,45.27,-0.074,-0.021,0.963,0,45.32555596769782,,174.1326725144629,-1.0,11.0
13010,2026-05-11 22:15:30.600000+00:00,52.2166746,21.0989408,90.1,44.64,-0.08,-0.019,0.959,0,44.85658748576265,,168.0065315883475,-1.0,11.0
13015,2026-05-11 22:15:31.100000+00:00,52.216714,21.098877,90.1,44.36,-0.085,-0.008,0.977,0,44.433800728756324,,161.9334769049289,-1.0,11.0
13020,2026-05-11 22:15:31.600000+00:00,52.2167532,21.0988141,90.1,44.16,-0.07,-0.007,0.965,0,44.00964919234163,,155.93130986288185,-1.0,11.0
13025,2026-05-11 22:15:32.100000+00:00,52.2167917,21.0987514,90.2,43.6,-0.075,-0.011,0.959,0,43.542410810246494,,149.99281816909254,-1.0,11.0
13030,2026-05-11 22:15:32.600000+00:00,52.2168296,21.0986887,90.3,42.89,-0.08,-0.013,0.958,0,43.203680796283656,,144.1002253716776,-1.0,11.0
13035,2026-05-11 22:15:33.100000+00:00,52.2168672,21.0986261,90.4,42.84,-0.084,-0.008,0.98,0,43.00027717121286,,138.2408190665334,-1.0,11.0
13040,2026-05-11 22:15:33.600000+00:00,52.216904,21.0985639,90.5,42.13,-0.079,-0.016,0.969,0,42.41298452882587,,132.46232487475643,-1.0,11.0
13045,2026-05-11 22:15:34.100000+00:00,52.2169405,21.0985017,90.7,41.93,-0.081,-0.019,0.959,0,42.246477720926315,,126.71186210718851,-1.0,11.0
13050,2026-05-11 22:15:34.600000+00:00,52.2169764,21.0984402,90.8,41.5,-0.079,0.0,0.973,0,41.66637004009131,,121.0481600864996,-1.0,11.0
13055,2026-05-11 22:15:35.100000+00:00,52.2170118,21.0983796,90.8,40.7,-0.086,-0.016,0.961,0,41.07061219627464,,115.47785635158705,-1.0,11.0
13060,2026-05-11 22:15:35.600000+00:00,52.217047,21.0983197,90.7,40.73,-0.075,-0.036,0.958,0,40.71177884403642,,109.97369577283014,-1.0,11.0
13065,2026-05-11 22:15:36.100000+00:00,52.217082,21.0982609,90.6,40.32,-0.073,-0.058,0.926,0,40.21235674062489,,104.56176033988503,-1.0,11.0
13070,2026-05-11 22:15:36.600000+00:00,52.2171176,21.0982035,90.5,40.23,-0.079,-0.047,0.995,0,40.062992133003796,,99.22073959040893,-1.0,11.0
13075,2026-05-11 22:15:37.100000+00:00,52.2171526,21.0981462,90.5,39.38,-0.082,-0.037,0.976,0,39.68792159917467,,93.94266117586433,-1.0,11.0
13080,2026-05-11 22:15:37.600000+00:00,52.2171878,21.0980903,90.5,39.31,-0.068,-0.056,0.953,0,39.31919850620097,,88.7683985514452,-1.0,11.0
13085,2026-05-11 22:15:38.100000+00:00,52.2172229,21.0980356,90.6,38.84,-0.112,-0.025,1.005,0,38.85306079352791,,83.7092560990236,-1.0,11.0
13090,2026-05-11 22:15:38.600000+00:00,52.2172564,21.0979815,90.5,37.52,-0.13,-0.007,0.934,0,37.72930876661285,15.0,78.8045679063665,-1.0,11.0
13095,2026-05-11 22:15:39.100000+00:00,52.2172883,21.0979298,90.4,36.04,-0.145,0.005,0.947,0,35.99079272169229,15.0,74.16523660732247,-1.0,11.0
13100,2026-05-11 22:15:39.600000+00:00,52.2173185,21.0978791,90.5,34.57,-0.151,-0.002,1.011,0,34.684760352955585,15.0,69.70736917559616,-1.0,11.0
13105,2026-05-11 22:15:40.100000+00:00,52.2173479,21.0978304,90.5,33.21,-0.194,-0.007,0.954,0,33.535658209489014,15.0,65.45874257849103,-1.0,11.0
13110,2026-05-11 22:15:40.600000+00:00,52.2173737,21.0977848,90.6,29.33,-0.15,0.006,0.932,0,30.445592026022993,15.0,61.593436923236325,-1.0,11.0
13115,2026-05-11 22:15:41.100000+00:00,52.2173952,21.0977435,90.9,27.62,-0.17,0.035,0.986,0,26.58316801579407,15.0,58.19537035536718,-1.0,11.0
13120,2026-05-11 22:15:41.600000+00:00,52.2174152,21.0977059,90.9,24.84,-0.171,0.006,0.967,0,24.423919568787987,15.0,55.1221993533784,-1.0,11.0
13125,2026-05-11 22:15:42.100000+00:00,52.2174367,21.0976803,91.0,22.33,-0.147,-0.036,0.951,0,21.306377236858744,15.0,52.845463710838615,-1.0,11.0
13130,2026-05-11 22:15:42.600000+00:00,52.2174514,21.0976539,91.2,18.86,-0.185,-0.026,0.97,0,17.49828803699113,15.0,50.73554657999299,-1.0,11.0
13135,2026-05-11 22:15:43.100000+00:00,52.217466,21.0976219,91.2,18.48,-0.164,-0.027,0.983,0,19.570269673422406,15.0,48.28235983012011,-1.0,11.0
13140,2026-05-11 22:15:43.600000+00:00,52.2174778,21.0975887,91.4,17.82,-0.144,-0.034,0.938,0,18.826552722773876,15.0,45.828046348460894,-1.0,11.0
13145,2026-05-11 22:15:44.100000+00:00,52.2174894,21.0975635,91.6,16.31,-0.168,-0.003,0.959,0,15.460735324049564,15.0,43.93516039239663,-1.0,11.0
13150,2026-05-11 22:15:44.600000+00:00,52.2174999,21.097543,91.8,14.79,-0.175,-0.009,0.967,0,13.106315556122146,15.0,42.399045242928445,-1.0,11.0
13155,2026-05-11 22:15:45.100000+00:00,52.2175073,21.0975237,91.9,12.87,-0.22,-0.016,0.957,0,11.167702221657185,15.0,41.00146620250576,-1.0,11.0
13160,2026-05-11 22:15:45.600000+00:00,52.2175146,21.0975116,92.1,10.67,-0.224,-0.023,0.967,0,8.329597932679924,15.0,40.10499606574896,-1.0,11.0
13165,2026-05-11 22:15:46.100000+00:00,52.217525,21.0975008,92.2,10.08,-0.227,-0.027,0.958,0,9.86861469353413,15.0,39.28951603533327,-1.0,11.0
13170,2026-05-11 22:15:46.600000+00:00,52.2175337,21.097495,92.3,8.17,-0.226,-0.019,0.953,0,7.523844145495144,15.0,38.85171930034067,-1.0,11.0
13175,2026-05-11 22:15:47.100000+00:00,52.2175414,21.0974953,92.4,6.25,-0.213,-0.023,0.971,0,6.1664027352679645,15.0,38.853892087808795,-1.0,11.0
13180,2026-05-11 22:15:47.600000+00:00,52.2175458,21.0974954,92.6,4.05,-0.179,-0.022,0.971,0,3.5229967526774106,15.0,38.85874234993793,-1.0,11.0
13185,2026-05-11 22:15:48.100000+00:00,52.2175458,21.0974946,92.6,1.8,-0.044,-0.024,0.962,0,0.39240141493185066,15.0,38.80424229593401,-1.0,11.0
13190,2026-05-11 22:15:48.600000+00:00,52.2175469,21.0974935,92.6,1.21,-0.05,-0.028,0.979,0,1.0328044650265826,15.0,38.72977832492008,-1.0,11.0
13195,2026-05-11 22:15:49.100000+00:00,52.2175446,21.0974912,92.7,0.41,-0.052,-0.025,0.976,0,2.1595002526688583,15.0,38.572540660201575,-1.0,11.0
13200,2026-05-11 22:15:49.600000+00:00,52.2175423,21.0974886,92.8,1.11,-0.054,-0.026,0.971,0,2.2398910050643637,15.0,38.3965641341393,-1.0,11.0
13205,2026-05-11 22:15:50.100000+00:00,52.2175428,21.097487,92.9,0.73,-0.053,-0.023,0.974,0,0.8809977598991849,15.0,38.28717126716884,-1.0,11.0
13210,2026-05-11 22:15:50.600000+00:00,52.2175453,21.0974862,92.8,0.28,-0.052,-0.028,0.973,0,2.03961169569806,15.0,38.23190303179301,-1.0,11.0
13215,2026-05-11 22:15:51.100000+00:00,52.2175448,21.0974816,92.7,0.54,-0.057,-0.028,0.971,0,2.2915427267853543,15.0,37.918519078554255,-1.0,11.0
13220,2026-05-11 22:15:51.600000+00:00,52.2175426,21.0974758,92.6,1.19,-0.053,-0.023,0.974,0,3.3460110877290474,15.0,37.524336028513346,-1.0,11.0
13225,2026-05-11 22:15:52.100000+00:00,52.2175426,21.0974781,92.4,0.81,-0.052,-0.025,0.976,0,1.1281541501849317,15.0,37.681020154592645,-1.0,11.0
13230,2026-05-11 22:15:52.600000+00:00,52.217544,21.0974838,92.3,1.55,-0.053,-0.024,0.974,0,3.0121632904860114,15.0,38.068550839315,-1.0,11.0
13235,2026-05-11 22:15:53.100000+00:00,52.217542,21.0974855,92.2,1.76,-0.053,-0.023,0.973,0,1.8053184185148061,15.0,38.18565932827989,-1.0,11.0
13240,2026-05-11 22:15:53.600000+00:00,52.217543,21.0974841,92.0,0.95,-0.055,-0.024,0.974,0,1.0547636130968876,15.0,38.08947567681664,-1.0,11.0
13245,2026-05-11 22:15:54.100000+00:00,52.2175436,21.0974821,91.7,0.67,-0.051,-0.025,0.972,0,1.0922983936973636,15.0,37.95289495963746,-1.0,11.0
13250,2026-05-11 22:15:54.600000+00:00,52.2175417,21.0974766,91.5,1.04,-0.052,-0.025,0.973,0,3.0970624113221774,15.0,37.57967916716339,-1.0,11.0
13255,2026-05-11 22:15:55.100000+00:00,52.2175399,21.0974757,91.3,1.71,-0.052,-0.024,0.976,0,1.5071858309658253,15.0,37.520861472581394,-1.0,11.0
13260,2026-05-11 22:15:55.600000+00:00,52.2175368,21.0974786,91.0,2.04,-0.052,-0.025,0.974,0,2.860605136657479,15.0,37.72516067911909,-1.0,11.0
13265,2026-05-11 22:15:56.100000+00:00,52.2175381,21.0974782,90.9,1.23,-0.057,-0.025,0.973,0,1.0591162027568202,15.0,37.69469869294467,-1.0,11.0
13270,2026-05-11 22:15:56.600000+00:00,52.217537,21.097473,90.6,1.03,-0.052,-0.024,0.976,0,2.6983658885567463,15.0,37.34323538474963,-1.0,11.0
13275,2026-05-11 22:15:57.100000+00:00,52.2175371,21.0974739,90.5,1.12,-0.052,-0.026,0.972,0,0.4486526987750212,15.0,37.40426790725565,-1.0,11.0
13280,2026-05-11 22:15:57.600000+00:00,52.2175341,21.0974656,90.1,1.52,-0.053,-0.025,0.975,0,4.726847024982918,15.0,36.848451480898675,-1.0,11.0
13285,2026-05-11 22:15:58.100000+00:00,52.217531,21.0974552,89.9,2.22,-0.053,-0.024,0.974,0,5.672929329807143,15.0,36.15354265157484,-1.0,11.0
13290,2026-05-11 22:15:58.600000+00:00,52.2175319,21.0974594,89.7,0.73,-0.052,-0.024,0.974,0,2.182482019043925,15.0,36.43526693801455,-1.0,11.0
13295,2026-05-11 22:15:59.100000+00:00,52.2175259,21.0974442,89.3,1.47,-0.053,-0.024,0.975,0,8.869114261962373,15.0,35.434340748421434,-1.0,11.0
13300,2026-05-11 22:15:59.600000+00:00,52.2175219,21.0974319,88.9,1.56,-0.051,-0.025,0.976,0,6.830421079249401,15.0,34.62809351013403,-1.0,11.0
13305,2026-05-11 22:16:00.100000+00:00,52.21752,21.0974193,88.6,1.49,-0.053,-0.025,0.974,0,6.364771276869066,15.0,33.78886590417622,-1.0,11.0
13310,2026-05-11 22:16:00.600000+00:00,52.2175204,21.0974101,88.4,0.89,-0.053,-0.024,0.974,0,4.523967692795857,15.0,33.16057955017181,-1.0,11.0
13315,2026-05-11 22:16:01.100000+00:00,52.2175151,21.0973947,87.7,2.02,-0.055,-0.024,0.974,0,8.663925212223157,15.0,32.170699939965075,-1.0,11.0
13320,2026-05-11 22:16:01.600000+00:00,52.2175128,21.0973829,87.4,1.97,-0.053,-0.027,0.974,0,6.073778550065558,15.0,31.399371095814626,-1.0,11.0
13325,2026-05-11 22:16:02.100000+00:00,52.2175143,21.097371,87.5,1.6,-0.05,-0.024,0.977,0,5.959232660468504,15.0,30.575036160048278,-1.0,11.0
13330,2026-05-11 22:16:02.600000+00:00,52.2175158,21.0973602,87.5,1.25,-0.052,-0.024,0.974,0,5.431837755610386,15.0,29.82537782225708,-1.0,11.0
13335,2026-05-11 22:16:03.100000+00:00,52.2175206,21.0973492,87.7,1.45,-0.054,-0.025,0.976,0,6.624161926594652,15.0,29.025820536150952,-1.0,11.0
13340,2026-05-11 22:16:03.600000+00:00,52.2175195,21.097327,87.7,1.52,-0.05,-0.023,0.975,0,10.924699563114403,15.0,27.532752343682965,-1.0,11.0
13345,2026-05-11 22:16:04.100000+00:00,52.217513,21.0973005,87.5,0.8,0.0,-0.032,0.97,0,14.001312688772098,15.0,25.82732341839659,-1.0,11.0
13350,2026-05-11 22:16:04.600000+00:00,52.2175089,21.0972777,87.1,1.7,0.018,-0.037,0.978,0,11.655220774109715,15.0,24.360782349819775,-1.0,11.0
13355,2026-05-11 22:16:05.100000+00:00,52.2175129,21.0972584,87.2,3.27,0.027,-0.029,0.976,0,9.99368322110551,15.0,22.991718392125893,-1.0,11.0
13360,2026-05-11 22:16:05.600000+00:00,52.2175179,21.0972413,86.8,6.08,0.038,-0.04,0.975,0,9.293855326903476,15.0,21.757705179830126,-1.0,11.0
13365,2026-05-11 22:16:06.100000+00:00,52.2175252,21.0972306,86.8,5.66,0.052,-0.031,0.971,0,7.855092637241225,15.0,20.935171405344096,-1.0,11.0
13370,2026-05-11 22:16:06.600000+00:00,52.2175406,21.097228,87.3,6.18,0.074,-0.036,0.975,0,12.39507483915429,15.0,20.64774826316453,-1.0,11.0
13375,2026-05-11 22:16:07.100000+00:00,52.217557,21.0972238,87.8,5.99,0.068,-0.025,0.971,0,13.290531803282402,15.0,20.39950762818248,-1.0,11.0
13380,2026-05-11 22:16:07.600000+00:00,52.2175727,21.0972157,88.8,5.63,0.047,-0.024,0.987,0,13.18244727053791,15.0,20.042094512082883,-1.0,11.0
13385,2026-05-11 22:16:08.100000+00:00,52.217593,21.0972111,89.6,6.72,0.052,-0.036,0.959,0,16.408124926823174,15.0,20.208209834186064,-1.0,11.0
13390,2026-05-11 22:16:08.600000+00:00,52.2176112,21.0971982,89.7,9.5,0.055,-0.02,0.975,0,15.885539393364143,15.0,20.01462184711682,-1.0,11.0
13395,2026-05-11 22:16:09.100000+00:00,52.2176321,21.0971775,90.0,13.38,0.063,-0.004,0.976,0,19.572205580285942,15.0,19.740720749554352,-1.0,11.0
13400,2026-05-11 22:16:09.600000+00:00,52.2176564,21.0971587,90.5,15.79,0.064,-0.025,0.978,0,21.529477932915842,15.0,20.172111604989983,-1.0,11.0
13405,2026-05-11 22:16:10.100000+00:00,52.2176636,21.0971314,90.3,14.88,0.037,-0.026,0.969,0,14.578667713117571,15.0,19.277669481009365,-1.0,11.0
13410,2026-05-11 22:16:10.600000+00:00,52.2176561,21.0970572,87.5,21.63,0.031,-0.029,0.97,0,36.88713042839003,15.0,15.288098923800494,-1.0,11.0
13415,2026-05-11 22:16:11.100000+00:00,52.2176581,21.0969713,87.5,26.58,0.023,-0.045,0.997,0,42.16441055291972,15.0,12.96566230163013,-1.0,11.0
13420,2026-05-11 22:16:11.600000+00:00,52.2176654,21.0969244,87.5,28.36,0.011,-0.051,0.973,0,23.735265929121322,15.0,13.387931566801504,-1.0,11.0
13425,2026-05-11 22:16:12.100000+00:00,52.2176763,21.096895,87.7,29.96,0.032,-0.044,0.96,0,16.855565212199725,15.0,14.74224653700654,-1.0,11.0
13430,2026-05-11 22:16:12.600000+00:00,52.2177118,21.0968582,88.6,31.65,0.013,-0.081,0.975,0,33.668893885285854,15.0,19.097440818288554,-1.0,11.0
13435,2026-05-11 22:16:13.100000+00:00,52.2177408,21.0968096,89.0,32.99,0.005,-0.047,0.965,0,33.27636347351394,15.0,23.147869330597956,-1.0,11.0
13440,2026-05-11 22:16:13.600000+00:00,52.2177719,21.0967622,89.5,34.0,0.006,-0.048,0.959,0,34.06605307301119,15.0,27.560195956410244,-1.0,11.0
13445,2026-05-11 22:16:14.100000+00:00,52.2177987,21.0967123,89.9,35.15,0.003,-0.048,0.98,0,32.548999240304916,15.0,31.714012406991944,-1.0,11.0
13450,2026-05-11 22:16:14.600000+00:00,52.2178267,21.0966602,90.3,36.33,-0.003,-0.045,0.966,0,33.993745368000035,15.0,36.146818002170356,-1.0,11.0
13455,2026-05-11 22:16:15.100000+00:00,52.2178543,21.0966052,90.3,37.6,0.014,-0.05,0.963,0,34.87181236647399,15.0,40.712363903186905,-1.0,11.0
13460,2026-05-11 22:16:15.600000+00:00,52.2178837,21.0965502,90.4,39.09,0.002,-0.056,0.967,0,35.80231091579124,15.0,45.501119646651496,-1.0,11.0
13465,2026-05-11 22:16:16.100000+00:00,52.2179159,21.0964911,90.6,40.41,0.007,-0.06,0.975,0,38.79314117451832,15.0,50.741287963995475,-1.0,11.0
13470,2026-05-11 22:16:16.600000+00:00,52.2179492,21.0964305,90.6,41.0,-0.008,-0.036,0.962,0,39.928507310263484,15.0,56.1686627891663,-1.0,11.0
13475,2026-05-11 22:16:17.100000+00:00,52.2179824,21.0963657,90.5,41.48,-0.048,-0.032,0.981,0,41.43349539277624,15.0,61.78436074094369,-1.0,11.0
13480,2026-05-11 22:16:17.600000+00:00,52.2180175,21.0963002,90.2,41.48,-0.049,-0.027,0.952,0,42.68319435806583,15.0,67.61760413970994,-1.0,11.0
13485,2026-05-11 22:16:18.100000+00:00,52.2180535,21.0962328,89.8,41.97,-0.054,-0.014,0.973,0,43.859085492500206,15.0,73.62580178772872,-1.0,11.0
13490,2026-05-11 22:16:18.600000+00:00,52.2180875,21.0961653,89.9,41.99,-0.037,-0.034,0.936,0,42.86173046079187,15.0,79.48217195251775,-1.0,11.0
13495,2026-05-11 22:16:19.100000+00:00,52.2181215,21.0960996,89.8,42.22,-0.051,-0.034,1.005,0,42.1834490828898,,85.2710019604278,-1.0,11.0
13500,2026-05-11 22:16:19.600000+00:00,52.2181554,21.0960329,89.6,42.73,-0.016,-0.028,0.959,0,42.50815402815458,,91.10592313713624,-1.0,11.0
13505,2026-05-11 22:16:20.100000+00:00,52.2181897,21.0959633,89.6,43.28,-0.031,-0.011,0.968,0,43.81236327969791,,97.11523778265025,-1.0,11.0
13510,2026-05-11 22:16:20.600000+00:00,52.2182236,21.0958922,89.5,43.95,-0.016,-0.014,0.976,0,44.19062416372211,,103.17053755187997,-1.0,11.0
13515,2026-05-11 22:16:21.100000+00:00,52.218257,21.0958198,89.5,44.98,-0.016,-0.005,0.951,0,44.453593207067186,,109.25571601835406,-1.0,11.0
13520,2026-05-11 22:16:21.600000+00:00,52.2182899,21.0957443,89.6,45.28,-0.047,-0.005,0.981,0,45.44422352575933,,115.457428260507,-1.0,11.0
13525,2026-05-11 22:16:22.100000+00:00,52.2183229,21.0956691,89.6,45.43,-0.051,-0.011,0.981,0,45.370944345340995,,121.66398235818164,-1.0,11.0
13530,2026-05-11 22:16:22.600000+00:00,52.2183552,21.0955938,89.6,45.06,-0.055,-0.003,0.996,0,45.08705821857511,,127.82978681549373,-1.0,11.0
13535,2026-05-11 22:16:23.100000+00:00,52.2183881,21.095518,89.6,45.58,-0.027,0.0,0.941,0,45.564146557338454,,134.0755184813164,-1.0,11.0
13540,2026-05-11 22:16:23.600000+00:00,52.2184209,21.0954416,89.6,45.28,-0.035,0.001,0.965,0,45.75858685602336,,140.3503618318018,-1.0,11.0
13545,2026-05-11 22:16:24.100000+00:00,52.2184534,21.095364,89.6,45.75,-0.036,-0.014,0.994,0,46.105848855719366,,146.6684159665179,-1.0,11.0
13550,2026-05-11 22:16:24.600000+00:00,52.2184858,21.0952847,89.6,46.06,-0.042,-0.015,0.963,0,46.75208812146812,,153.07050175341217,-1.0,11.0
13555,2026-05-11 22:16:25.100000+00:00,52.2185173,21.0952064,89.6,45.95,-0.056,-0.016,0.956,0,45.945380092779665,,159.36202106459527,-1.0,11.0
13560,2026-05-11 22:16:25.600000+00:00,52.218548,21.0951271,89.6,46.14,-0.056,-0.012,0.978,0,46.0108360489498,,165.6508492861513,-1.0,11.0
13565,2026-05-11 22:16:26.100000+00:00,52.2185785,21.0950479,89.5,46.44,-0.033,-0.026,0.944,0,45.88394401217271,,171.92723321592587,-1.0,11.0
13570,2026-05-11 22:16:26.600000+00:00,52.2186088,21.0949684,89.5,46.16,-0.061,-0.021,1.006,0,45.92378632915539,,178.21097937405034,-1.0,11.0
13575,2026-05-11 22:16:27.100000+00:00,52.2186389,21.0948882,89.5,46.13,-0.02,-0.014,0.955,0,46.131807762617115,,184.52240686887794,-1.0,11.0
13580,2026-05-11 22:16:27.600000+00:00,52.2186703,21.0948014,90.0,46.71,-0.044,-0.015,0.975,0,49.44243133099127,,191.27475460470959,-1.0,11.0
13585,2026-05-11 22:16:28.100000+00:00,52.218701,21.0947161,90.2,47.11,-0.019,-0.018,0.972,0,48.52404620865015,,197.90673327756568,-1.0,11.0
13590,2026-05-11 22:16:28.600000+00:00,52.2187314,21.0946319,90.4,47.73,-0.026,-0.017,0.965,0,47.93720616412668,,204.46695939708093,-1.0,11.0
13595,2026-05-11 22:16:29.100000+00:00,52.2187611,21.0945481,90.5,47.91,-0.016,-0.003,0.953,0,47.48516698124428,,210.96249357416846,-1.0,11.0
13600,2026-05-11 22:16:29.600000+00:00,52.2187918,21.0944606,90.7,48.41,-0.038,-0.013,0.966,0,49.45739867134171,,217.7291689534987,-1.0,11.0
13605,2026-05-11 22:16:30.100000+00:00,52.2188222,21.0943734,90.9,49.11,-0.042,-0.005,1.014,0,49.21050837161753,,224.465130286489,-1.0,11.0
13610,2026-05-11 22:16:30.600000+00:00,52.2188533,21.0942875,90.7,49.17,-0.022,-0.012,0.932,0,48.94004412792595,,231.1870100327379,-1.0,11.0
13615,2026-05-11 22:16:31.100000+00:00,52.2188829,21.0942,90.7,49.62,-0.048,-0.008,0.98,0,49.02561995308888,,237.8938412538331,-1.0,11.0
13620,2026-05-11 22:16:31.600000+00:00,52.2189124,21.0941121,90.8,49.94,-0.028,-0.031,0.961,0,49.158923492736214,,244.62075619544524,-1.0,11.0
13625,2026-05-11 22:16:32.100000+00:00,52.2189418,21.0940236,90.8,50.2,-0.039,-0.017,0.977,0,49.37899022960635,,251.37836717385397,-1.0,11.0
13630,2026-05-11 22:16:32.600000+00:00,52.2189706,21.0939347,90.8,50.67,-0.028,-0.023,0.948,0,49.325155854893815,,258.1218064224012,-1.0,11.0
13635,2026-05-11 22:16:33.100000+00:00,52.2189996,21.0938462,90.7,50.53,-0.056,0.0,1.012,0,49.22709406945955,,264.86274945194566,-1.0,11.0
13640,2026-05-11 22:16:33.600000+00:00,52.2190279,21.0937569,90.6,50.99,-0.031,0.004,0.884,0,49.31343386175507,,271.60453440463937,-1.0,11.0
13645,2026-05-11 22:16:34.100000+00:00,52.2190553,21.0936663,90.5,50.5,-0.095,0.045,1.052,0,49.55748368267371,,278.3617790492469,-1.0,11.0
13650,2026-05-11 22:16:34.600000+00:00,52.2190818,21.0935749,90.4,50.85,-0.019,0.023,0.921,0,49.59714030843398,,285.1086606530768,-1.0,11.0
13655,2026-05-11 22:16:35.100000+00:00,52.2191072,21.093483,90.3,50.57,-0.066,0.031,1.003,0,49.450277575001195,,291.81669522840775,-1.0,11.0
13660,2026-05-11 22:16:35.600000+00:00,52.219132,21.0933905,90.3,50.96,-0.02,-0.002,0.936,0,49.52412515721848,,298.5255291336909,-1.0,11.0
13665,2026-05-11 22:16:36.100000+00:00,52.2191561,21.0932967,90.2,50.8,-0.051,0.017,0.998,0,49.889490099134804,,305.26791721194564,-1.0,11.0
13670,2026-05-11 22:16:36.600000+00:00,52.2191796,21.0932014,90.2,51.31,-0.032,0.016,0.939,0,50.387418065832655,,312.06267110536095,-1.0,11.0
13675,2026-05-11 22:16:37.100000+00:00,52.2192029,21.0931045,90.2,51.49,-0.056,0.023,0.988,0,51.05753148799249,,318.94230931513334,-1.0,11.0
13680,2026-05-11 22:16:37.600000+00:00,52.2192258,21.0930065,90.2,51.67,-0.033,0.011,0.965,0,51.44512379089387,,325.86689164878305,-1.0,11.0
13685,2026-05-11 22:16:38.100000+00:00,52.2192479,21.0929067,90.2,52.23,-0.044,-0.001,0.982,0,52.049759804368264,,327.5565363291765,-1.0,11.0
13690,2026-05-11 22:16:38.600000+00:00,52.2192705,21.0928071,90.1,52.12,-0.039,-0.016,0.968,0,52.095168721753105,,320.3441191025808,-1.0,11.0
13695,2026-05-11 22:16:39.100000+00:00,52.2192925,21.092707,90.0,52.11,-0.06,-0.016,0.967,0,52.161031353560965,,313.1179033481772,-1.0,11.0
13700,2026-05-11 22:16:39.600000+00:00,52.2193148,21.0926074,90.0,51.91,-0.06,-0.039,0.975,0,52.012191035094354,,305.91646479573467,-1.0,11.0
13705,2026-05-11 22:16:40.100000+00:00,52.2193381,21.0925079,89.8,51.81,-0.051,-0.021,0.956,0,52.246567441289955,,298.6931924853896,-1.0,11.0
13710,2026-05-11 22:16:40.600000+00:00,52.2193608,21.0924084,89.6,51.74,-0.05,-0.025,0.962,0,52.076968834303386,,291.4891089927154,-1.0,11.0
13715,2026-05-11 22:16:41.100000+00:00,52.2193837,21.0923095,89.5,51.35,-0.051,-0.028,0.966,0,51.85765259446272,,284.3201572973353,-1.0,11.0
13720,2026-05-11 22:16:41.600000+00:00,52.2194071,21.0922096,89.2,52.09,-0.05,-0.025,0.994,0,52.458342931906,,277.072783136499,-1.0,11.0
13725,2026-05-11 22:16:42.100000+00:00,52.2194299,21.0921095,89.1,52.13,-0.023,-0.028,0.94,0,52.380631333119844,,269.8313573218871,-1.0,11.0
13730,2026-05-11 22:16:42.600000+00:00,52.219452,21.0920082,89.1,52.41,-0.042,-0.05,0.988,0,52.74205012864595,,262.5324149911975,-1.0,11.0
13735,2026-05-11 22:16:43.100000+00:00,52.2194748,21.0919066,89.0,52.83,-0.03,-0.036,0.935,0,53.07080632912519,,255.19568236785662,-1.0,11.0
13740,2026-05-11 22:16:43.600000+00:00,52.2194974,21.091805,88.9,52.55,-0.067,-0.035,0.987,0,53.01592190453869,,247.86649701154047,-1.0,11.0
13745,2026-05-11 22:16:44.100000+00:00,52.2195196,21.0917033,88.9,52.55,-0.051,-0.032,0.964,0,52.95366053291635,,240.54369921078555,-1.0,11.0
13750,2026-05-11 22:16:44.600000+00:00,52.2195418,21.0916017,89.0,52.4,-0.059,-0.032,0.966,0,52.907436894251184,,233.2295211194304,-1.0,11.0
13755,2026-05-11 22:16:45.100000+00:00,52.2195636,21.0915001,89.1,52.46,-0.049,-0.029,0.977,0,52.80069524012875,,225.92820355890697,-1.0,11.0
13760,2026-05-11 22:16:45.600000+00:00,52.2195859,21.0913988,89.1,52.4,-0.052,-0.031,0.96,0,52.795840314302524,,218.6357669675384,-1.0,11.0
13765,2026-05-11 22:16:46.100000+00:00,52.219608,21.0912977,89.2,52.2,-0.058,-0.032,0.971,0,52.6494847577047,,211.36454670632693,-1.0,11.0
13770,2026-05-11 22:16:46.600000+00:00,52.2196299,21.0911963,89.2,52.23,-0.06,-0.015,0.968,0,52.734617732355254,,204.08147060901933,-1.0,11.0
13775,2026-05-11 22:16:47.100000+00:00,52.2196522,21.0910954,89.4,52.08,-0.058,-0.027,0.954,0,52.611178849292436,,196.82464164261074,-1.0,11.0
13780,2026-05-11 22:16:47.600000+00:00,52.219674,21.0909947,89.5,52.05,-0.068,-0.021,1.002,0,52.38416426167957,,189.59722326380012,-1.0,11.0
13785,2026-05-11 22:16:48.100000+00:00,52.2196961,21.0908946,89.6,51.84,-0.052,-0.031,0.933,0,52.187700131229754,,182.40634784141986,-1.0,11.0
13790,2026-05-11 22:16:48.600000+00:00,52.2197185,21.0907954,89.9,51.31,-0.078,-0.022,0.984,0,51.8551804599543,,175.27312491617414,-1.0,11.0
13795,2026-05-11 22:16:49.100000+00:00,52.2197407,21.0906962,90.2,51.52,-0.06,-0.042,0.955,0,51.79999948924583,,168.15032733252374,-1.0,11.0
13800,2026-05-11 22:16:49.600000+00:00,52.2197625,21.0905975,90.3,51.16,-0.066,-0.035,0.969,0,51.460201993649264,,161.07611186572976,-1.0,11.0
13805,2026-05-11 22:16:50.100000+00:00,52.2197841,21.0904994,90.4,50.94,-0.064,-0.033,0.976,0,51.129054973525605,,154.0530264954853,-1.0,11.0
13810,2026-05-11 22:16:50.600000+00:00,52.2198054,21.0904011,90.5,50.92,-0.061,-0.036,0.968,0,51.14076936323311,,147.0302330748578,-1.0,11.0
13815,2026-05-11 22:16:51.100000+00:00,52.2198267,21.090304,90.5,50.51,-0.054,-0.036,0.935,0,50.586241405707796,,140.095975716969,-1.0,11.0
13820,2026-05-11 22:16:51.600000+00:00,52.219848,21.0902072,90.4,50.38,-0.072,-0.034,0.987,0,50.44771404496504,,133.1914704609614,-1.0,11.0
13825,2026-05-11 22:16:52.100000+00:00,52.219869,21.0901105,90.5,50.37,-0.058,-0.029,0.958,0,50.320779778968664,,126.31025561908037,-1.0,11.0
13830,2026-05-11 22:16:52.600000+00:00,52.21989,21.0900141,90.5,50.04,-0.075,-0.031,0.988,0,50.18209562210173,,119.4617710778625,-1.0,11.0
13835,2026-05-11 22:16:53.100000+00:00,52.219911,21.0899184,90.6,49.75,-0.067,-0.024,0.952,0,49.858716721729785,,112.67540271534226,-1.0,11.0
13840,2026-05-11 22:16:53.600000+00:00,52.2199318,21.089823,90.7,49.33,-0.086,-0.016,0.989,0,49.66628052217142,,105.93000198455617,-1.0,11.0
13845,2026-05-11 22:16:54.100000+00:00,52.219952,21.0897284,90.9,49.0,-0.06,-0.024,0.965,0,49.13658109783214,,99.26708221869606,-1.0,11.0
13850,2026-05-11 22:16:54.600000+00:00,52.2199721,21.0896347,91.0,48.43,-0.068,-0.028,0.957,0,48.69342735977452,,92.68978183085214,-1.0,11.0
13855,2026-05-11 22:16:55.100000+00:00,52.219992,21.0895425,91.1,47.52,-0.085,-0.024,0.981,0,47.946204471526016,,86.24480412838795,-1.0,11.0
13860,2026-05-11 22:16:55.600000+00:00,52.2200117,21.0894506,91.2,47.49,-0.06,-0.03,0.947,0,47.754306861624585,14.0,79.8565919021353,-1.0,11.0
13865,2026-05-11 22:16:56.100000+00:00,52.220031,21.0893601,91.4,46.76,-0.091,-0.023,1.022,0,47.00044946829539,14.0,73.60827056566724,-1.0,11.0
13870,2026-05-11 22:16:56.600000+00:00,52.2200504,21.0892713,91.5,46.06,-0.05,-0.024,0.938,0,46.24061490803784,14.0,67.52876279325326,-1.0,11.0
13875,2026-05-11 22:16:57.100000+00:00,52.2200695,21.0891831,91.7,45.38,-0.086,-0.021,1.005,0,45.88291283217233,14.0,61.55862631780625,-1.0,11.0
13880,2026-05-11 22:16:57.600000+00:00,52.2200884,21.0890963,92.0,44.97,-0.072,-0.04,0.924,0,45.18219156573017,14.0,55.77117171839424,-1.0,11.0
13885,2026-05-11 22:16:58.100000+00:00,52.2201069,21.0890102,92.2,44.16,-0.078,-0.022,0.965,0,44.75181064635768,14.0,50.14298608388684,-1.0,11.0
13890,2026-05-11 22:16:58.600000+00:00,52.220125,21.0889256,92.3,43.38,-0.078,-0.045,0.975,0,43.95159720780413,14.0,44.76286585780495,-1.0,11.0
13895,2026-05-11 22:16:59.100000+00:00,52.2201428,21.0888424,92.4,42.89,-0.084,-0.041,0.96,0,43.2241254339907,14.0,39.67676590503082,-1.0,11.0
13900,2026-05-11 22:16:59.600000+00:00,52.2201607,21.0887612,92.5,42.18,-0.065,-0.033,0.968,0,42.3262869538278,14.0,35.01493056212056,-1.0,11.0
13905,2026-05-11 22:17:00.100000+00:00,52.2201782,21.0886815,92.6,41.26,-0.088,-0.014,1.014,0,41.52562112309925,14.0,30.842689036497617,-1.0,11.0
13910,2026-05-11 22:17:00.600000+00:00,52.2201951,21.0886032,92.7,40.68,-0.065,-0.012,0.968,0,40.71773410698361,14.0,27.29574900462874,-1.0,11.0
13915,2026-05-11 22:17:01.100000+00:00,52.2202115,21.0885255,92.8,39.89,-0.052,-0.022,0.923,0,40.308112922483765,14.0,24.53922779128335,-1.0,11.0
13920,2026-05-11 22:17:01.600000+00:00,52.2202281,21.0884512,92.7,39.18,-0.088,-0.046,0.983,0,38.789822068143756,14.0,22.98264153003859,-1.0,11.0
13925,2026-05-11 22:17:02.100000+00:00,52.2202441,21.0883765,92.8,38.96,-0.05,-0.047,0.962,0,38.81300778607889,14.0,22.561840390210566,-1.0,11.0
13930,2026-05-11 22:17:02.600000+00:00,52.2202601,21.0883026,92.9,38.58,-0.048,-0.041,0.965,0,38.44282138628645,14.0,23.412726345220268,-1.0,11.0
13935,2026-05-11 22:17:03.100000+00:00,52.2202763,21.0882288,93.0,38.49,-0.033,-0.032,1.015,0,38.4502831752662,14.0,25.403977963058676,-1.0,11.0
13940,2026-05-11 22:17:03.600000+00:00,52.2202924,21.088155,93.1,38.78,-0.009,-0.036,0.925,0,38.42333930287676,14.0,28.266713278008968,-1.0,11.0
13945,2026-05-11 22:17:04.100000+00:00,52.2203088,21.0880806,93.1,38.97,-0.016,-0.029,0.973,0,38.781338912166056,14.0,31.821971119865363,-1.0,11.0
13950,2026-05-11 22:17:04.600000+00:00,52.2203253,21.0880064,93.2,38.98,-0.025,-0.019,0.963,0,38.71628259120929,14.0,35.839444698654894,-1.0,11.0
13955,2026-05-11 22:17:05.100000+00:00,52.2203418,21.0879314,93.2,39.2,-0.013,-0.017,0.955,0,39.08532983469276,14.0,40.20832126598593,-1.0,11.0
13960,2026-05-11 22:17:05.600000+00:00,52.2203582,21.0878556,93.3,39.64,-0.025,-0.018,0.971,0,39.42809378810839,14.0,44.83610168107433,-1.0,11.0
13965,2026-05-11 22:17:06.100000+00:00,52.220374,21.0877792,93.4,39.93,-0.014,-0.016,0.962,0,39.54943977130468,14.0,49.616472360437065,-1.0,11.0
13970,2026-05-11 22:17:06.600000+00:00,52.2203895,21.0877017,93.4,40.24,-0.017,-0.006,0.961,0,39.98578675930084,14.0,54.562230159194655,-1.0,11.0
13975,2026-05-11 22:17:07.100000+00:00,52.2204048,21.0876235,93.4,40.55,-0.025,-0.004,0.972,0,40.263290279846814,14.0,59.63616194965693,-1.0,11.0
13980,2026-05-11 22:17:07.600000+00:00,52.22042,21.0875442,93.5,40.88,-0.013,-0.02,0.954,0,40.753573696600554,14.0,64.84629215704697,-1.0,11.0
13985,2026-05-11 22:17:08.100000+00:00,52.2204354,21.0874642,93.6,41.46,-0.026,-0.025,0.958,0,41.12906963647013,14.0,70.1775671878452,-1.0,11.0
13990,2026-05-11 22:17:08.600000+00:00,52.2204508,21.0873834,93.7,41.45,-0.038,-0.017,0.977,0,41.50355426190136,14.0,75.60857612439636,-1.0,11.0
13995,2026-05-11 22:17:09.100000+00:00,52.2204657,21.0873018,93.9,41.82,-0.028,-0.002,0.968,0,41.762266734764346,,81.09868037498782,-1.0,11.0
14000,2026-05-11 22:17:09.600000+00:00,52.2204804,21.0872195,94.0,42.23,-0.038,-0.005,0.986,0,42.04629373785956,,86.65668373144081,-1.0,11.0
14005,2026-05-11 22:17:10.100000+00:00,52.2204947,21.087136,94.1,42.51,-0.031,-0.027,0.961,0,42.52430351140974,,92.29466395721005,-1.0,11.0
14010,2026-05-11 22:17:10.600000+00:00,52.2205091,21.0870518,94.1,43.0,-0.039,-0.023,0.959,0,42.876499519471004,,98.01074731960455,-1.0,11.0
14015,2026-05-11 22:17:11.100000+00:00,52.2205234,21.0869677,94.2,43.03,-0.041,-0.024,0.966,0,42.80776699587871,,103.742205393272,-1.0,11.0
14020,2026-05-11 22:17:11.600000+00:00,52.2205376,21.086883,94.2,43.17,-0.043,-0.025,0.977,0,43.07018634587898,,109.52649921872528,-1.0,11.0
14025,2026-05-11 22:17:12.100000+00:00,52.2205516,21.0867981,94.2,43.56,-0.043,-0.025,0.972,0,43.12290095111731,,115.33212954311205,-1.0,11.0
14030,2026-05-11 22:17:12.600000+00:00,52.2205657,21.0867129,94.2,43.6,-0.043,-0.025,0.967,0,43.28579844495794,,121.17890636529306,-1.0,11.0
14035,2026-05-11 22:17:13.100000+00:00,52.2205798,21.0866268,94.2,43.91,-0.042,-0.031,0.961,0,43.712083556045314,,127.09542088961328,-1.0,11.0
14040,2026-05-11 22:17:13.600000+00:00,52.2205943,21.0865408,94.2,43.68,-0.045,-0.037,0.967,0,43.74857402798718,,133.0400290157402,-1.0,11.0
14045,2026-05-11 22:17:14.100000+00:00,52.2206087,21.0864544,94.2,43.98,-0.038,-0.047,0.974,0,43.916661082120314,,139.01542224783012,-1.0,11.0
14050,2026-05-11 22:17:14.600000+00:00,52.2206234,21.086368,94.2,44.08,-0.036,-0.042,0.965,0,43.98030896332751,,145.01581672510423,-1.0,11.0
14055,2026-05-11 22:17:15.100000+00:00,52.2206382,21.0862815,94.3,44.45,-0.043,-0.024,0.962,0,44.04902372004169,,151.03582381295843,-1.0,11.0
14060,2026-05-11 22:17:15.600000+00:00,52.2206533,21.0861945,94.3,44.64,-0.046,-0.028,0.972,0,44.35012045470117,,157.10843922304633,-1.0,11.0
14065,2026-05-11 22:17:16.100000+00:00,52.2206685,21.0861075,94.4,44.92,-0.04,-0.034,0.975,0,44.37199645064017,,163.1922704083875,-1.0,11.0
14070,2026-05-11 22:17:16.600000+00:00,52.220684,21.0860201,94.4,44.92,-0.038,-0.028,0.976,0,44.626869006407304,,169.3204740025933,-1.0,11.0
14075,2026-05-11 22:17:17.100000+00:00,52.2206994,21.0859322,94.5,45.13,-0.044,-0.033,0.981,0,44.840388876788055,,175.48005858668517,-1.0,11.0
14080,2026-05-11 22:17:17.600000+00:00,52.2207149,21.0858438,94.6,45.13,-0.034,-0.021,0.959,0,45.098169922648395,,181.67993400340572,-1.0,11.0
14085,2026-05-11 22:17:18.100000+00:00,52.22073,21.0857549,94.7,45.68,-0.026,-0.024,0.929,0,45.247360597463675,,187.89731327776877,-1.0,11.0
14090,2026-05-11 22:17:18.600000+00:00,52.2207457,21.0856652,94.8,45.68,-0.054,-0.025,1.006,0,45.75519877100587,,186.65713670635196,-1.0,11.0
14095,2026-05-11 22:17:19.100000+00:00,52.2207619,21.0855744,94.9,46.52,-0.012,-0.017,0.958,0,46.38451109037536,,180.2909117220258,-1.0,11.0
14100,2026-05-11 22:17:19.600000+00:00,52.2207778,21.0854829,95.0,46.97,-0.041,-0.003,0.974,0,46.64811271378951,,173.88699052443016,-1.0,11.0
14105,2026-05-11 22:17:20.100000+00:00,52.2207931,21.0853918,95.1,46.66,-0.058,-0.004,0.971,0,46.33007497849336,,167.52359659124775,-1.0,11.0
14110,2026-05-11 22:17:20.600000+00:00,52.2208083,21.0853005,95.2,46.65,-0.07,-0.012,0.955,0,46.40361020296591,,161.1535463370052,-1.0,11.0
14115,2026-05-11 22:17:21.100000+00:00,52.220823,21.0852094,95.2,46.59,-0.075,-0.011,0.967,0,46.205364904650644,,154.80899316118226,-1.0,11.0
14120,2026-05-11 22:17:21.600000+00:00,52.2208377,21.0851191,95.1,46.03,-0.052,-0.013,0.972,0,45.82602839974595,,148.5249461472388,-1.0,11.0
14125,2026-05-11 22:17:22.100000+00:00,52.2208522,21.0850281,95.1,46.43,-0.048,-0.015,0.961,0,46.117343174678126,,142.20257937001418,-1.0,11.0
14130,2026-05-11 22:17:22.600000+00:00,52.2208668,21.0849364,95.2,46.7,-0.053,-0.004,0.984,0,46.469753224593724,,135.83953752345232,-1.0,11.0
14135,2026-05-11 22:17:23.100000+00:00,52.2208813,21.0848449,95.3,46.49,-0.05,-0.018,0.958,0,46.35469187776837,,129.49992120874384,-1.0,11.0
14140,2026-05-11 22:17:23.600000+00:00,52.2208955,21.0847526,95.4,46.72,-0.047,-0.008,0.964,0,46.67556922072374,,123.1182977345268,-1.0,11.0
14145,2026-05-11 22:17:24.100000+00:00,52.2209098,21.0846603,95.5,46.63,-0.039,-0.007,0.971,0,46.69511965765568,,116.74721143748702,-1.0,11.0
14150,2026-05-11 22:17:24.600000+00:00,52.2209239,21.0845675,95.6,46.76,-0.051,-0.011,0.975,0,46.89408929644978,,110.35638268419873,-1.0,11.0
14155,2026-05-11 22:17:25.100000+00:00,52.2209379,21.084474,95.7,46.98,-0.046,-0.021,0.966,0,47.2083044013132,,103.9334131922365,-1.0,11.0
14160,2026-05-11 22:17:25.600000+00:00,52.220952,21.0843809,95.8,46.86,-0.046,-0.025,0.963,0,47.03688712734036,,97.5553012055872,-1.0,11.0
14165,2026-05-11 22:17:26.100000+00:00,52.2209663,21.084287,95.9,47.29,-0.064,-0.033,0.97,0,47.45624440124144,,91.14459139797721,-1.0,11.0
14170,2026-05-11 22:17:26.600000+00:00,52.2209803,21.0841938,96.0,46.73,-0.072,-0.028,0.971,0,47.0653429957036,,84.80865636188999,-1.0,11.0
14175,2026-05-11 22:17:27.100000+00:00,52.2209943,21.0841014,96.0,46.44,-0.061,-0.024,0.966,0,46.684340327595265,13.0,78.56013290605411,-1.0,11.0
14180,2026-05-11 22:17:27.600000+00:00,52.2210081,21.0840098,96.0,46.32,-0.08,-0.036,0.967,0,46.265029402131766,13.0,72.40603222348173,-1.0,11.0
14185,2026-05-11 22:17:28.100000+00:00,52.221022,21.083919,96.1,45.92,-0.073,-0.032,0.96,0,45.90343629824521,13.0,66.35877506246261,-1.0,11.0
14190,2026-05-11 22:17:28.600000+00:00,52.2210359,21.0838293,96.1,45.56,-0.076,-0.029,0.979,0,45.380195857392124,13.0,60.45341741515968,-1.0,11.0
14195,2026-05-11 22:17:29.100000+00:00,52.2210499,21.0837405,96.1,45.06,-0.071,-0.025,0.96,0,44.97226077116707,13.0,54.699248277835245,-1.0,11.0
14200,2026-05-11 22:17:29.600000+00:00,52.2210637,21.0836525,96.2,44.52,-0.074,-0.03,0.968,0,44.55238860899122,13.0,49.11385270943834,-1.0,11.0
14205,2026-05-11 22:17:30.100000+00:00,52.2210777,21.083565,96.2,44.59,-0.07,-0.031,0.971,0,44.3550373568894,13.0,43.730042035427964,-1.0,11.0
14210,2026-05-11 22:17:30.600000+00:00,52.2210917,21.083478,96.2,44.15,-0.072,-0.036,0.949,0,44.117795412904265,13.0,38.6111157522194,-1.0,11.0
14215,2026-05-11 22:17:31.100000+00:00,52.2211059,21.0833913,96.2,43.82,-0.087,-0.04,0.981,0,44.01657098379311,13.0,33.85749099088262,-1.0,11.0
14220,2026-05-11 22:17:31.600000+00:00,52.22112,21.0833059,96.3,43.08,-0.074,-0.034,0.958,0,43.380000418610905,13.0,29.673368679494114,-1.0,11.0
14225,2026-05-11 22:17:32.100000+00:00,52.2211342,21.0832208,96.3,42.96,-0.08,-0.044,0.975,0,43.258906093519926,13.0,26.23850657977451,-1.0,11.0
14230,2026-05-11 22:17:32.600000+00:00,52.2211482,21.0831365,96.3,42.72,-0.074,-0.008,0.957,0,42.838266248446864,13.0,23.855795274718872,-1.0,11.0
14235,2026-05-11 22:17:33.100000+00:00,52.2211615,21.0830527,96.4,42.12,-0.082,-0.019,0.974,0,42.45761033554784,13.0,22.75182408969118,-1.0,11.0
14240,2026-05-11 22:17:33.600000+00:00,52.2211744,21.0829695,96.4,42.3,-0.075,-0.02,0.983,0,42.09307509523543,13.0,23.10406873605862,-1.0,11.0
14245,2026-05-11 22:17:34.100000+00:00,52.2211869,21.0828871,96.3,41.53,-0.064,-0.009,0.925,0,41.63466578965664,13.0,24.812671025509818,-1.0,11.0
14250,2026-05-11 22:17:34.600000+00:00,52.2211984,21.0828049,96.3,41.03,-0.099,0.007,1.007,0,41.353867329627164,13.0,27.539319072648098,-1.0,11.0
14255,2026-05-11 22:17:35.100000+00:00,52.2212093,21.0827233,96.4,40.7,-0.073,-0.007,0.972,0,40.96200014206489,13.0,31.020631312665547,-1.0,11.0
14260,2026-05-11 22:17:35.600000+00:00,52.2212208,21.082643,96.3,40.3,-0.068,-0.007,0.965,0,40.44589226470333,13.0,35.08475536755352,-1.0,11.0
14265,2026-05-11 22:17:36.100000+00:00,52.2212326,21.082563,96.1,40.06,-0.079,-0.022,0.961,0,40.3581663131863,13.0,39.54247314850003,-1.0,11.0
14270,2026-05-11 22:17:36.600000+00:00,52.2212449,21.082484,95.9,39.72,-0.077,-0.036,0.968,0,39.97820190329702,13.0,44.25184860471996,-1.0,11.0
14275,2026-05-11 22:17:37.100000+00:00,52.2212558,21.0824058,95.7,39.12,-0.077,-0.031,0.975,0,39.334278553035304,13.0,48.99436601786553,-1.0,11.0
14280,2026-05-11 22:17:37.600000+00:00,52.2212663,21.0823289,95.5,38.75,-0.075,-0.015,0.96,0,38.641889776451855,13.0,53.776472246742784,-1.0,11.0
14285,2026-05-11 22:17:38.100000+00:00,52.2212761,21.0822527,95.4,38.27,-0.075,-0.024,0.967,0,38.18778537206997,13.0,58.57555590357155,-1.0,11.0
14290,2026-05-11 22:17:38.600000+00:00,52.2212857,21.0821772,95.2,38.07,-0.075,-0.023,0.969,0,37.81897973121293,13.0,63.40308843851736,-1.0,11.0
14295,2026-05-11 22:17:39.100000+00:00,52.2212949,21.0821026,95.2,37.41,-0.068,-0.021,0.964,0,37.32235914629221,13.0,68.2178077965404,-1.0,11.0
14300,2026-05-11 22:17:39.600000+00:00,52.2213035,21.0820287,95.1,37.05,-0.082,-0.022,0.968,0,36.89318540973136,13.0,73.00787459759982,-1.0,11.0
14305,2026-05-11 22:17:40.100000+00:00,52.2213119,21.0819554,95.0,36.78,-0.072,-0.014,0.971,0,36.57433332429463,13.0,77.79396853110869,-1.0,11.0
14310,2026-05-11 22:17:40.600000+00:00,52.22132,21.0818834,94.8,36.08,-0.078,-0.024,0.966,0,35.90363339962496,,82.52137688136509,-1.0,11.0
14315,2026-05-11 22:17:41.100000+00:00,52.221328,21.0818118,94.8,35.89,-0.074,-0.016,0.968,0,35.69623553689672,,87.2483319050246,-1.0,11.0
14320,2026-05-11 22:17:41.600000+00:00,52.2213354,21.0817405,94.8,35.4,-0.073,-0.031,0.972,0,35.46809635251595,,91.95156117917836,-1.0,11.0
14325,2026-05-11 22:17:42.100000+00:00,52.2213424,21.0816699,95.0,34.94,-0.075,-0.036,0.961,0,35.07705201741526,,96.61477274710731,-1.0,11.0
14330,2026-05-11 22:17:42.600000+00:00,52.2213498,21.0816004,95.2,34.75,-0.069,-0.032,0.964,0,34.597974900282715,,101.24830693838938,-1.0,11.0
14335,2026-05-11 22:17:43.100000+00:00,52.2213574,21.0815317,95.2,34.27,-0.072,-0.02,0.969,0,34.239554368406594,,105.8565586914096,-1.0,11.0
14340,2026-05-11 22:17:43.600000+00:00,52.2213648,21.0814638,95.3,34.06,-0.075,-0.032,0.963,0,33.82508576103331,,110.4184506262571,-1.0,11.0
14345,2026-05-11 22:17:44.100000+00:00,52.2213721,21.0813967,95.4,33.61,-0.068,-0.019,0.979,0,33.42475696466706,,114.9368033525336,-1.0,11.0
14350,2026-05-11 22:17:44.600000+00:00,52.2213794,21.0813302,95.5,33.02,-0.095,-0.007,0.962,0,33.13504933133132,,119.42692342865723,-1.0,11.0
14355,2026-05-11 22:17:45.100000+00:00,52.2213859,21.0812651,95.6,32.27,-0.073,-0.011,0.967,0,32.35020696844615,,123.8034224234856,-1.0,11.0
14360,2026-05-11 22:17:45.600000+00:00,52.2213924,21.0812002,95.6,32.31,-0.065,-0.017,0.966,0,32.253391810699576,,128.1753263590089,-1.0,11.0
14365,2026-05-11 22:17:46.100000+00:00,52.2213982,21.081136,95.7,31.62,-0.075,-0.01,0.967,0,31.828034140082192,,132.4817926313474,-1.0,11.0
14370,2026-05-11 22:17:46.600000+00:00,52.2214036,21.0810726,95.7,31.17,-0.079,-0.015,0.965,0,31.394213054122815,,136.72879943121893,-1.0,11.0
14375,2026-05-11 22:17:47.100000+00:00,52.2214091,21.0810104,95.7,30.87,-0.083,-0.017,0.982,0,30.82270767189706,,140.909989998883,-1.0,11.0
14380,2026-05-11 22:17:47.600000+00:00,52.2214144,21.0809485,95.7,30.73,-0.072,-0.024,0.955,0,30.65450888848959,,145.07017444394347,-1.0,11.0
14385,2026-05-11 22:17:48.100000+00:00,52.2214198,21.0808882,95.7,29.98,-0.063,-0.058,0.957,0,29.888997671812408,,149.1370063257473,-1.0,11.0
14390,2026-05-11 22:17:48.600000+00:00,52.2214263,21.0808295,95.8,28.95,-0.081,-0.108,0.96,0,29.256477486180803,,153.14632745920602,-1.0,11.0
14395,2026-05-11 22:17:49.100000+00:00,52.2214346,21.08077,96.0,29.71,-0.084,-0.095,0.965,0,29.929298846159142,,157.27593124837335,-1.0,11.0
14400,2026-05-11 22:17:49.600000+00:00,52.2214439,21.0807127,96.1,28.95,-0.075,-0.092,0.953,0,29.072872473005756,,161.30188085077918,-1.0,11.0
14405,2026-05-11 22:17:50.100000+00:00,52.2214536,21.0806549,96.3,28.81,-0.087,-0.068,0.976,0,29.392967738655877,,165.37514672928336,-1.0,11.0
14410,2026-05-11 22:17:50.600000+00:00,52.2214636,21.0805988,96.4,28.17,-0.092,-0.058,0.961,0,28.65583162546457,,169.3502376000155,-1.0,11.0
14415,2026-05-11 22:17:51.100000+00:00,52.2214731,21.0805436,96.6,27.06,-0.124,0.001,0.958,0,28.121363652949046,,173.24950720709944,-1.0,11.0
14420,2026-05-11 22:17:51.600000+00:00,52.2214808,21.0804915,96.6,25.82,-0.14,0.006,0.952,0,26.28597646728568,,176.88452399263107,-1.0,11.0
14425,2026-05-11 22:17:52.100000+00:00,52.2214871,21.0804436,96.6,24.05,-0.135,-0.016,0.965,0,24.0282897023186,,180.19924383343405,-1.0,11.0
14430,2026-05-11 22:17:52.600000+00:00,52.2214926,21.0803971,96.6,22.62,-0.163,-0.015,0.989,0,23.227502043589926,,183.3960306695826,-1.0,11.0
14435,2026-05-11 22:17:53.100000+00:00,52.2214973,21.0803533,96.6,20.66,-0.194,-0.019,0.955,0,21.809129942517245,,186.3912055182077,-1.0,11.0
14440,2026-05-11 22:17:53.600000+00:00,52.2215,21.0803145,96.7,18.79,-0.172,-0.052,0.95,0,19.152153202044172,,188.99427581705933,-1.0,11.0
14445,2026-05-11 22:17:54.100000+00:00,52.2215024,21.0802785,96.8,17.73,-0.098,-0.067,0.978,0,17.760733152137576,,191.4072594084595,-1.0,11.0
14450,2026-05-11 22:17:54.600000+00:00,52.2215043,21.0802447,96.9,16.38,-0.164,-0.053,0.952,0,16.647126288455638,,193.66189286949503,-1.0,11.0
14455,2026-05-11 22:17:55.100000+00:00,52.2215061,21.0802153,96.9,13.87,-0.201,-0.053,0.955,0,14.491298841270694,,195.6291340746016,-1.0,11.0
14460,2026-05-11 22:17:55.600000+00:00,52.2215075,21.0801907,96.9,11.7,-0.194,-0.07,0.952,0,12.117217946743041,,197.27230236882377,-1.0,11.0
14465,2026-05-11 22:17:56.100000+00:00,52.2215093,21.0801716,96.9,9.07,-0.21,-0.075,0.969,0,9.477944445286175,,198.57261544244798,-1.0,11.0
14470,2026-05-11 22:17:56.600000+00:00,52.2215103,21.0801575,96.8,6.82,-0.197,-0.064,0.955,0,6.9616464184933,,199.52159529110574,-1.0,11.0
14475,2026-05-11 22:17:57.100000+00:00,52.2215106,21.080148,96.8,4.09,-0.197,-0.063,0.962,0,4.665537189897744,,200.14852112611075,-1.0,11.0
14480,2026-05-11 22:17:57.600000+00:00,52.2215107,21.080143,96.7,2.02,-0.18,-0.07,0.965,0,2.4535964365526777,,200.47659457790814,-1.0,11.0
14485,2026-05-11 22:17:58.100000+00:00,52.2215103,21.080142,96.6,0.03,-0.176,-0.061,0.959,0,0.5857504446284602,,200.52814061060988,-1.0,11.0
14490,2026-05-11 22:17:58.600000+00:00,52.2215101,21.0801425,96.6,0.07,-0.048,-0.063,0.964,0,0.2928752228762841,,200.48896409807313,-1.0,11.0
14495,2026-05-11 22:17:59.100000+00:00,52.22151,21.0801428,96.5,0.05,-0.054,-0.069,0.977,0,0.16750842482459333,,200.4661282463082,-1.0,11.0
14500,2026-05-11 22:17:59.600000+00:00,52.2215099,21.0801434,96.4,0.05,-0.055,-0.063,0.968,0,0.30497100519080544,,200.42380554819832,-1.0,11.0
14505,2026-05-11 22:18:00.100000+00:00,52.2215097,21.0801436,96.4,0.07,-0.054,-0.067,0.973,0,0.18777805740574335,,200.40411706406283,-1.0,11.0
14510,2026-05-11 22:18:00.600000+00:00,52.2215096,21.0801441,96.3,0.09,-0.053,-0.068,0.972,0,0.25796689601073064,,200.36829001990947,-1.0,11.0
14515,2026-05-11 22:18:01.100000+00:00,52.2215096,21.0801447,96.3,0.09,-0.052,-0.067,0.97,0,0.2942747992558948,,200.32931562505505,-1.0,11.0
14520,2026-05-11 22:18:01.600000+00:00,52.2215095,21.0801455,96.2,0.13,-0.058,-0.066,0.973,0,0.40045105299521355,,200.27400163610343,-1.0,11.0
14525,2026-05-11 22:18:02.100000+00:00,52.2215094,21.0801463,96.1,0.15,-0.054,-0.067,0.972,0,0.4004510558972414,,200.21868781522352,-1.0,11.0
14530,2026-05-11 22:18:02.600000+00:00,52.2215094,21.080147,96.0,0.03,-0.056,-0.065,0.971,0,0.3433205975582057,,200.17321947817572,-1.0,11.0
14535,2026-05-11 22:18:03.100000+00:00,52.2215094,21.0801474,96.0,0.11,-0.055,-0.065,0.972,0,0.19618319882753593,,200.14723803419224,-1.0,11.0
14540,2026-05-11 22:18:03.600000+00:00,52.2215094,21.0801478,95.9,0.06,-0.052,-0.067,0.969,0,0.1961831972676074,,200.1212569272559,-1.0,11.0
14545,2026-05-11 22:18:04.100000+00:00,52.2215094,21.0801484,95.8,0.03,-0.053,-0.067,0.973,0,0.2942747974613396,,200.08228589850802,-1.0,11.0
14550,2026-05-11 22:18:04.600000+00:00,52.2215094,21.080149,95.8,0.05,-0.054,-0.066,0.971,0,0.2942747974613396,,200.04331562838988,-1.0,11.0
14555,2026-05-11 22:18:05.100000+00:00,52.2215094,21.0801494,95.7,0.1,-0.053,-0.067,0.972,0,0.19618319882753593,,200.01733586992222,-1.0,11.0
14560,2026-05-11 22:18:05.600000+00:00,52.2215094,21.0801499,95.7,0.05,-0.052,-0.068,0.97,0,0.24522899736447348,,199.9848616466135,-1.0,11.0
14565,2026-05-11 22:18:06.100000+00:00,52.2215094,21.0801503,95.6,0.16,-0.058,-0.066,0.973,0,0.19618319882753593,,199.95888264769974,-1.0,11.0
14570,2026-05-11 22:18:06.600000+00:00,52.2215093,21.0801507,95.6,0.17,-0.055,-0.068,0.972,0,0.2118903171563412,,199.9295501457074,-1.0,11.0
14575,2026-05-11 22:18:07.100000+00:00,52.2215093,21.0801508,95.5,0.12,-0.054,-0.068,0.972,0,0.049045798647379436,,199.9230554244119,-1.0,11.0
14580,2026-05-11 22:18:07.600000+00:00,52.2215092,21.0801511,95.5,0.09,-0.055,-0.068,0.97,0,0.16750842958691112,,199.9002176720647,-1.0,11.0
14585,2026-05-11 22:18:08.100000+00:00,52.2215091,21.0801513,95.4,0.12,-0.056,-0.066,0.971,0,0.12661603789664336,,199.88387483096918,-1.0,11.0
14590,2026-05-11 22:18:08.600000+00:00,52.221509,21.0801516,95.3,0.09,-0.052,-0.067,0.969,0,0.16750843016897576,,199.8610373212858,-1.0,11.0
14595,2026-05-11 22:18:09.100000+00:00,52.2215088,21.0801518,95.2,0.04,-0.053,-0.067,0.97,0,0.18777805410157986,,199.8413426076471,-1.0,11.0
14600,2026-05-11 22:18:09.600000+00:00,52.2215086,21.0801519,95.1,0.03,-0.053,-0.068,0.971,0,0.16746381064830002,,199.82814458718158,-1.0,11.0
14605,2026-05-11 22:18:10.100000+00:00,52.2215083,21.0801521,95.1,0.21,-0.054,-0.066,0.97,0,0.2594395736503834,,199.80510323318086,-1.0,11.0
14610,2026-05-11 22:18:10.600000+00:00,52.2215081,21.0801523,95.0,0.04,-0.053,-0.066,0.971,0,0.18777806006678455,,199.78541399177115,-1.0,11.0
14615,2026-05-11 22:18:11.100000+00:00,52.221508,21.0801517,95.0,0.09,-0.054,-0.068,0.972,0,0.30497101884480976,,199.8210409621854,-1.0,11.0
14620,2026-05-11 22:18:11.600000+00:00,52.2215079,21.0801513,94.9,0.09,-0.055,-0.069,0.97,0,0.21189032143832393,,199.84367825721765,-1.0,11.0
14625,2026-05-11 22:18:12.100000+00:00,52.2215078,21.0801513,94.8,0.08,-0.055,-0.066,0.97,0,0.08006035055627692,,199.84033219924794,-1.0,11.0
14630,2026-05-11 22:18:12.600000+00:00,52.2215076,21.0801515,94.7,0.08,-0.055,-0.068,0.972,0,0.1877780554862036,,199.82064890176724,-1.0,11.0
14635,2026-05-11 22:18:13.100000+00:00,52.2215074,21.0801518,94.7,0.09,-0.056,-0.069,0.97,0,0.2174581643710258,,199.79447049006532,-1.0,11.0
14640,2026-05-11 22:18:13.600000+00:00,52.2215073,21.080152,94.6,0.01,-0.053,-0.068,0.97,0,0.12661603976834185,,199.7781333899441,-1.0,11.0
14645,2026-05-11 22:18:14.100000+00:00,52.2215071,21.0801523,94.5,0.12,-0.055,-0.065,0.972,0,0.21745816609905907,,199.7519566043338,-1.0,11.0
14650,2026-05-11 22:18:14.600000+00:00,52.2215069,21.0801525,94.4,0.1,-0.055,-0.067,0.971,0,0.18777805629390076,,199.7322779101984,-1.0,11.0
14655,2026-05-11 22:18:15.100000+00:00,52.2215067,21.0801528,94.3,0.07,-0.053,-0.068,0.97,0,0.21745816594030498,,199.70610355222817,-1.0,11.0
14660,2026-05-11 22:18:15.600000+00:00,52.2215066,21.080153,94.2,0.12,-0.053,-0.068,0.971,0,0.12661604418637004,,199.68976820375028,-1.0,11.0
14665,2026-05-11 22:18:16.100000+00:00,52.2215064,21.0801531,94.1,0.11,-0.053,-0.066,0.971,0,0.16746380649048648,,199.67659019843356,-1.0,11.0
14670,2026-05-11 22:18:16.600000+00:00,52.2215062,21.0801531,94.0,0.1,-0.055,-0.069,0.968,0,0.1601206960198276,,199.66991162236758,-1.0,11.0
14675,2026-05-11 22:18:17.100000+00:00,52.221506,21.0801532,94.0,0.03,-0.057,-0.068,0.97,0,0.16746381148928408,,199.65673749279105,-1.0,11.0
14680,2026-05-11 22:18:17.600000+00:00,52.2215059,21.0801534,93.9,0.06,-0.056,-0.067,0.968,0,0.1266160421640542,,199.64040429969896,-1.0,11.0
14685,2026-05-11 22:18:18.100000+00:00,52.2215055,21.0801536,93.8,0.09,-0.056,-0.068,0.971,0,0.33492761791105446,,199.614062814139,-1.0,11.0
14690,2026-05-11 22:18:18.600000+00:00,52.2215053,21.080154,93.7,0.04,-0.056,-0.066,0.968,0,0.25323209063912905,,199.58139957029198,-1.0,11.0
14695,2026-05-11 22:18:19.100000+00:00,52.2215049,21.0801543,93.7,0.13,-0.052,-0.068,0.971,0,0.3524258279573907,,199.54856918455843,-1.0,11.0
14700,2026-05-11 22:18:19.600000+00:00,52.2215044,21.0801549,93.6,0.03,-0.054,-0.068,0.97,0,0.4968291013961817,,199.4929172880027,-1.0,11.0
14705,2026-05-11 22:18:20.100000+00:00,52.221504,21.0801557,93.5,0.02,-0.055,-0.067,0.971,0,0.5064641850634538,,199.42760344616102,-1.0,11.0
14710,2026-05-11 22:18:20.600000+00:00,52.2215035,21.0801565,93.5,0.1,-0.054,-0.069,0.97,0,0.5605291341496285,,199.3589655553429,-1.0,11.0
14715,2026-05-11 22:18:21.100000+00:00,52.2215029,21.0801572,93.4,0.12,-0.054,-0.068,0.97,0,0.5904377996882381,,199.29350980365604,-1.0,11.0
14720,2026-05-11 22:18:21.600000+00:00,52.2215025,21.0801579,93.4,0.04,-0.053,-0.068,0.97,0,0.46949293305386147,,199.23471128257515,-1.0,11.0
14725,2026-05-11 22:18:22.100000+00:00,52.221502,21.0801586,93.4,0.18,-0.054,-0.067,0.97,0,0.5273618792733114,,199.17259547908506,-1.0,11.0
14730,2026-05-11 22:18:22.600000+00:00,52.2215014,21.0801593,93.4,0.27,-0.056,-0.068,0.972,0,0.590437806431167,,199.10716860341898,-1.0,11.0
14735,2026-05-11 22:18:23.100000+00:00,52.2215008,21.0801598,93.4,0.1,-0.054,-0.068,0.971,0,0.539337570678107,,199.05475808930925,-1.0,11.0
14740,2026-05-11 22:18:23.600000+00:00,52.2215004,21.0801603,93.4,0.1,-0.056,-0.067,0.973,0,0.4033507582209239,,199.0089883932126,-1.0,11.0
14745,2026-05-11 22:18:24.100000+00:00,52.2214999,21.0801608,93.5,0.05,-0.055,-0.067,0.97,0,0.4694451660594326,,198.9599121691296,-1.0,11.0
14750,2026-05-11 22:18:24.600000+00:00,52.2214994,21.0801612,93.5,0.1,-0.053,-0.069,0.97,0,0.4457906962222899,,198.9173484860407,-1.0,11.0
14755,2026-05-11 22:18:25.100000+00:00,52.2214991,21.0801618,93.6,0.15,-0.055,-0.068,0.97,0,0.3798481620962503,,198.86840246195277,-1.0,11.0
14760,2026-05-11 22:18:25.600000+00:00,52.2214987,21.0801623,93.6,0.11,-0.053,-0.067,0.97,0,0.40335076487677024,,198.82265548986865,-1.0,11.0
14765,2026-05-11 22:18:26.100000+00:00,52.2214983,21.0801627,93.7,0.04,-0.052,-0.067,0.969,0,0.37555613654593584,,198.78341793584866,-1.0,11.0
14770,2026-05-11 22:18:26.600000+00:00,52.2214979,21.080163,93.7,0.05,-0.053,-0.067,0.97,0,0.35242583764035246,,198.7506908530633,-1.0,11.0
14775,2026-05-11 22:18:27.100000+00:00,52.2214974,21.0801632,93.7,0.1,-0.055,-0.067,0.97,0,0.4121449408225365,,198.72117515987298,-1.0,11.0
14780,2026-05-11 22:18:27.600000+00:00,52.221497,21.0801633,93.8,0.12,-0.052,-0.068,0.97,0,0.32397536571396157,,198.7014745884009,-1.0,11.0
14785,2026-05-11 22:18:28.100000+00:00,52.2214967,21.0801634,93.8,0.08,-0.055,-0.069,0.973,0,0.24513755752316516,,198.6850781263166,-1.0,11.0
14790,2026-05-11 22:18:28.600000+00:00,52.2214962,21.0801634,93.9,0.05,-0.053,-0.069,0.971,0,0.4003017425959321,,198.66860444094885,-1.0,11.0
14795,2026-05-11 22:18:29.100000+00:00,52.2214958,21.0801634,94.0,0.09,-0.055,-0.069,0.97,0,0.32024138694692894,,198.65543571255716,-1.0,11.0
14800,2026-05-11 22:18:29.600000+00:00,52.2214953,21.0801634,94.1,0.06,-0.054,-0.07,0.972,0,0.4003017324104796,,198.63898757959515,-1.0,11.0
14805,2026-05-11 22:18:30.100000+00:00,52.2214948,21.0801633,94.1,0.08,-0.053,-0.067,0.971,0,0.4032951439204574,,198.6290614584879,-1.0,11.0
14810,2026-05-11 22:18:30.600000+00:00,52.2214944,21.0801631,94.2,0.04,-0.055,-0.066,0.97,0,0.33492762996118014,,198.62894151452747,-1.0,11.0
14815,2026-05-11 22:18:31.100000+00:00,52.221494,21.0801631,94.2,0.08,-0.054,-0.067,0.972,0,0.32024138694692894,,198.61581497829403,-1.0,11.0
14820,2026-05-11 22:18:31.600000+00:00,52.2214936,21.0801631,94.3,0.08,-0.055,-0.069,0.97,0,0.32024138694692894,,198.6026975355118,-1.0,11.0
14825,2026-05-11 22:18:32.100000+00:00,52.2214932,21.0801629,94.3,0.06,-0.053,-0.069,0.969,0,0.33492763073747317,,198.60260839382696,-1.0,11.0
14830,2026-05-11 22:18:32.600000+00:00,52.2214929,21.0801629,94.4,0.0,-0.051,-0.067,0.971,0,0.24018103639065203,,198.59278374738727,-1.0,11.0
14835,2026-05-11 22:18:33.100000+00:00,52.2214927,21.0801628,94.4,0.05,-0.055,-0.07,0.972,0,0.16746381579124128,,198.59274699620366,-1.0,11.0
14840,2026-05-11 22:18:33.600000+00:00,52.2214924,21.0801628,94.5,0.2,-0.055,-0.068,0.971,0,0.24018104148337827,,198.58293120112603,-1.0,11.0
14845,2026-05-11 22:18:34.100000+00:00,52.2214922,21.0801626,94.5,0.14,-0.052,-0.068,0.969,0,0.1877780775981728,,198.589411654976,-1.0,11.0
14850,2026-05-11 22:18:34.600000+00:00,52.2214919,21.0801622,94.5,0.17,-0.055,-0.068,0.972,0,0.3101206421864869,,198.60564951051387,-1.0,11.0
14855,2026-05-11 22:18:35.100000+00:00,52.2214916,21.0801619,94.5,0.08,-0.052,-0.067,0.972,0,0.28166711124268023,,198.61538382853703,-1.0,11.0
14860,2026-05-11 22:18:35.600000+00:00,52.2214913,21.0801616,94.4,0.06,-0.053,-0.069,0.97,0,0.2816671204471758,,198.62512537437772,-1.0,11.0
14865,2026-05-11 22:18:36.100000+00:00,52.221491,21.0801613,94.4,0.03,-0.055,-0.069,0.971,0,0.2816671122811481,,198.63487414780326,-1.0,11.0
14870,2026-05-11 22:18:36.600000+00:00,52.2214907,21.0801609,94.4,0.13,-0.055,-0.069,0.971,0,0.31012064554004626,,198.65114284201618,-1.0,11.0
14875,2026-05-11 22:18:37.100000+00:00,52.2214904,21.0801605,94.4,0.05,-0.053,-0.067,0.97,0,0.31012063750323,,198.66741954294454,-1.0,11.0
14880,2026-05-11 22:18:37.600000+00:00,52.2214903,21.0801599,94.3,0.17,-0.052,-0.069,0.969,0,0.3049711291781892,,198.70324222378602,-1.0,11.0
14885,2026-05-11 22:18:38.100000+00:00,52.2214903,21.0801589,94.3,0.05,-0.054,-0.068,0.968,0,0.49045820723272354,,198.76837655276964,-1.0,11.0
14890,2026-05-11 22:18:38.600000+00:00,52.2214903,21.080158,94.3,0.13,-0.052,-0.065,0.973,0,0.4414123860414724,,198.82699915941475,-1.0,11.0
14895,2026-05-11 22:18:39.100000+00:00,52.2214904,21.0801572,94.3,0.15,-0.056,-0.067,0.972,0,0.40045122175561504,,198.88236293738308,-1.0,11.0
14900,2026-05-11 22:18:39.600000+00:00,52.2214903,21.080156,94.2,0.06,-0.055,-0.069,0.969,0,0.5939701859366763,,198.9572774134658,-1.0,11.0
14905,2026-05-11 22:18:40.100000+00:00,52.2214903,21.0801551,94.2,0.03,-0.045,-0.069,0.97,0,0.4414123860414724,,199.0159052320991,-1.0,11.0
14910,2026-05-11 22:18:40.600000+00:00,52.2214903,21.0801529,94.1,1.21,-0.002,-0.072,0.969,0,1.0790080537280908,,199.159224471452,-1.0,11.0
14915,2026-05-11 22:18:41.100000+00:00,52.2214903,21.0801484,94.0,2.49,0.018,-0.073,0.976,0,2.207061931767291,,199.4524074217758,-1.0,11.0
14920,2026-05-11 22:18:41.600000+00:00,52.22149,21.0801412,93.9,3.79,0.036,-0.061,0.968,0,3.5394576250039624,,199.9118774650434,-1.0,11.0
14925,2026-05-11 22:18:42.100000+00:00,52.2214898,21.0801305,93.8,5.86,0.041,-0.06,0.981,0,5.250345042634007,,200.60290168950317,-1.0,11.0
14930,2026-05-11 22:18:42.600000+00:00,52.2214896,21.0801157,93.7,8.22,0.06,-0.068,0.971,0,7.260547387480067,,201.56161091210785,-1.0,11.0
14935,2026-05-11 22:18:43.100000+00:00,52.2214895,21.0800963,93.7,10.12,0.064,-0.067,0.967,0,9.515226190167743,,202.82419159213703,-1.0,11.0
14940,2026-05-11 22:18:43.600000+00:00,52.221489,21.0800723,93.7,12.65,0.079,-0.063,0.977,0,11.777801898522181,,204.3752927540418,-1.0,11.0
14945,2026-05-11 22:18:44.100000+00:00,52.2214887,21.0800429,93.7,15.15,0.098,-0.066,0.952,0,14.421471927699246,,206.28694370576304,-1.0,11.0
14950,2026-05-11 22:18:44.600000+00:00,52.221488,21.0800083,93.7,17.72,0.096,-0.042,0.98,0,16.979106040417392,,208.52818614249244,-1.0,11.0
14955,2026-05-11 22:18:45.100000+00:00,52.2214868,21.0799684,93.7,20.18,0.082,-0.056,0.972,0,19.592852184062668,,211.10394330200594,-1.0,11.0
14960,2026-05-11 22:18:45.600000+00:00,52.2214858,21.0799238,93.7,22.46,0.073,-0.095,0.975,0,21.889084118120923,,213.9976015951657,-1.0,11.0
14965,2026-05-11 22:18:46.100000+00:00,52.2214856,21.079875,93.6,24.52,0.047,-0.09,0.975,0,23.934898569590924,,217.19471842398755,-1.0,11.0
14970,2026-05-11 22:18:46.600000+00:00,52.2214855,21.0798225,93.6,26.46,0.024,-0.079,0.963,0,25.74918307802207,,220.6417830822517,-1.0,11.0
14975,2026-05-11 22:18:47.100000+00:00,52.2214854,21.0797679,93.6,27.2,0.021,-0.062,0.972,0,26.779140695528078,,224.2311386123333,-1.0,11.0
14980,2026-05-11 22:18:47.600000+00:00,52.2214861,21.0797099,93.5,29.23,0.015,-0.063,0.96,0,28.45209878055617,,228.07124065618456,-1.0,11.0
14985,2026-05-11 22:18:48.100000+00:00,52.2214876,21.079649,93.4,30.56,0.016,-0.063,0.965,0,29.893039085866086,,232.12857655972738,-1.0,11.0
14990,2026-05-11 22:18:48.600000+00:00,52.2214891,21.079586,93.4,31.68,0.001,-0.061,0.982,0,30.922196575083827,,236.32786181750518,-1.0,11.0
14995,2026-05-11 22:18:49.100000+00:00,52.2214917,21.079521,93.2,32.62,0.008,-0.081,0.957,0,31.947668421540413,,240.69232599177283,-1.0,11.0
15000,2026-05-11 22:18:49.600000+00:00,52.2214946,21.0794542,93.1,33.61,0.0,-0.069,0.975,0,32.84476948899579,,245.1864367394954,-1.0,11.0
15005,2026-05-11 22:18:50.100000+00:00,52.2214971,21.0793847,93.2,34.59,0.002,-0.073,0.952,0,34.1455527769309,,249.85122618430213,-1.0,11.0
15010,2026-05-11 22:18:50.600000+00:00,52.2215003,21.0793126,93.1,36.07,-0.004,-0.058,0.968,0,35.45471278124245,,254.70924751910823,-1.0,11.0
15015,2026-05-11 22:18:51.100000+00:00,52.2215039,21.0792384,93.2,37.0,-0.008,-0.04,0.975,0,36.50594200847297,,259.7192090236671,-1.0,11.0
15020,2026-05-11 22:18:51.600000+00:00,52.2215076,21.0791622,93.2,38.2,0.002,-0.012,0.972,0,37.490114088400766,,264.8666739665683,-1.0,11.0
15025,2026-05-11 22:18:52.100000+00:00,52.2215113,21.0790838,93.1,39.14,0.004,-0.027,0.972,0,38.56583932296962,,270.1624727381071,-1.0,11.0
15030,2026-05-11 22:18:52.600000+00:00,52.2215146,21.0790027,93.1,40.32,0.001,-0.027,0.961,0,39.863786261658824,,275.63015547222955,-1.0,11.0
15035,2026-05-11 22:18:53.100000+00:00,52.2215177,21.0789212,93.3,39.78,-0.004,-0.019,0.971,0,40.04929582322038,,281.12228676552587,-1.0,11.0
15040,2026-05-11 22:18:53.600000+00:00,52.2215205,21.0788367,93.3,42.34,-0.013,-0.021,0.974,0,41.504273832973986,,286.8095593134208,-1.0,11.0
15045,2026-05-11 22:18:54.100000+00:00,52.2215252,21.0787494,93.2,42.89,-0.014,-0.024,0.969,0,42.98199464445482,,292.73099683327933,-1.0,11.0
15050,2026-05-11 22:18:54.600000+00:00,52.2215304,21.0786603,93.0,43.48,-0.023,-0.021,0.979,0,43.89764578933967,,298.7859010609885,-1.0,11.0
15055,2026-05-11 22:18:55.100000+00:00,52.2215335,21.0785701,92.9,44.45,-0.014,-0.029,0.967,0,44.30885185882105,,304.86745532205634,-1.0,11.0
15060,2026-05-11 22:18:55.600000+00:00,52.2215356,21.078479,92.9,44.9,-0.021,-0.04,0.967,0,44.712318709856,,310.9892617610761,-1.0,11.0
15065,2026-05-11 22:18:56.100000+00:00,52.221538,21.0783869,92.8,45.53,-0.031,-0.029,0.962,0,45.212001471767636,,317.1879172854122,-1.0,11.0
15070,2026-05-11 22:18:56.600000+00:00,52.2215401,21.0782939,92.7,45.63,-0.062,-0.018,0.965,0,45.64353818826084,,323.443222464316,-1.0,11.0
15075,2026-05-11 22:18:57.100000+00:00,52.2215419,21.0782018,92.6,45.22,-0.048,-0.028,0.963,0,45.19413077905666,,329.6351278530929,-1.0,11.0
15080,2026-05-11 22:18:57.600000+00:00,52.2215432,21.0781095,92.6,45.62,-0.052,-0.016,0.987,0,45.281201980236936,,335.8329560211852,-1.0,11.0
15085,2026-05-11 22:18:58.100000+00:00,52.2215442,21.0780169,92.7,45.37,-0.057,-0.021,0.987,0,45.42343134604085,,342.0479285315201,-1.0,11.0
15090,2026-05-11 22:18:58.600000+00:00,52.2215455,21.0779248,92.7,45.62,-0.042,-0.027,0.949,0,45.18313408693269,,348.23896164428635,-1.0,11.0
15095,2026-05-11 22:18:59.100000+00:00,52.2215466,21.0778323,92.7,45.8,-0.05,-0.026,0.959,0,45.37587403304698,,354.4557143387978,-1.0,11.0
15100,2026-05-11 22:18:59.600000+00:00,52.2215477,21.0777399,92.7,45.71,-0.055,-0.031,0.971,0,45.3268363992032,,360.66873229745045,-1.0,11.0
15105,2026-05-11 22:19:00.100000+00:00,52.2215491,21.0776474,92.8,45.81,-0.051,-0.041,0.966,0,45.38116846229862,,366.8971473902764,-1.0,11.0
15110,2026-05-11 22:19:00.600000+00:00,52.2215506,21.077555,92.8,45.75,-0.053,-0.031,0.962,0,45.33418635843574,,362.0679842402834,-1.0,11.0
15115,2026-05-11 22:19:01.100000+00:00,52.2215518,21.0774622,92.9,45.95,-0.051,-0.037,0.962,0,45.5245975855548,,355.75704569311915,-1.0,11.0
15120,2026-05-11 22:19:01.600000+00:00,52.2215529,21.0773692,93.0,45.99,-0.056,-0.038,0.962,0,45.62105041776763,,349.4324605451135,-1.0,11.0
15125,2026-05-11 22:19:02.100000+00:00,52.2215542,21.0772782,92.9,46.18,-0.059,-0.039,0.987,0,44.6437668608242,,343.24537672263546,-1.0,11.0
15130,2026-05-11 22:19:02.600000+00:00,52.2215556,21.0771855,92.9,46.02,-0.044,-0.04,0.954,0,45.479223462202484,,336.9435923462805,-1.0,11.0
15135,2026-05-11 22:19:03.100000+00:00,52.2215568,21.0770929,93.1,45.84,-0.062,-0.019,0.979,0,45.42652285768801,,330.6481617383597,-1.0,11.0
15140,2026-05-11 22:19:03.600000+00:00,52.2215572,21.0770004,93.2,45.96,-0.052,-0.019,0.961,0,45.368446250597145,,324.35591010390425,-1.0,11.0
15145,2026-05-11 22:19:04.100000+00:00,52.2215578,21.0769081,93.3,46.15,-0.055,-0.026,0.97,0,45.27177253351955,,318.0786825432768,-1.0,11.0
15150,2026-05-11 22:19:04.600000+00:00,52.2215586,21.0768157,93.4,45.62,-0.057,-0.04,0.962,0,45.32279476529806,,311.7961655036019,-1.0,11.0
15155,2026-05-11 22:19:05.100000+00:00,52.2215595,21.0767235,93.5,45.7,-0.057,-0.031,0.958,0,45.22591690672422,,305.5283225897648,-1.0,11.0
15160,2026-05-11 22:19:05.600000+00:00,52.2215605,21.0766318,93.6,45.65,-0.059,-0.035,0.976,0,44.98207222664772,,299.2956375325974,-1.0,11.0
15165,2026-05-11 22:19:06.100000+00:00,52.2215617,21.0765404,93.6,45.89,-0.037,-0.032,0.97,0,44.838102304642554,,293.0851768414732,-1.0,11.0
15170,2026-05-11 22:19:06.600000+00:00,52.221563,21.0764477,93.7,46.15,-0.037,-0.033,0.957,0,45.477313161220444,,286.78764711136427,-1.0,11.0
15175,2026-05-11 22:19:07.100000+00:00,52.2215643,21.0763544,93.7,46.41,-0.027,-0.027,0.972,0,45.771509689200634,,280.4501565241503,-1.0,11.0
15180,2026-05-11 22:19:07.600000+00:00,52.2215657,21.076261,93.7,46.93,-0.034,-0.029,0.974,0,45.82242979548797,,274.10742942348855,-1.0,11.0
15185,2026-05-11 22:19:08.100000+00:00,52.2215673,21.0761657,93.7,47.35,-0.032,-0.034,0.972,0,46.7581365911038,,267.637885791462,-1.0,11.0
15190,2026-05-11 22:19:08.600000+00:00,52.2215688,21.0760694,93.8,47.5,-0.032,-0.029,0.948,0,47.24630738119779,,261.10088251650353,-1.0,11.0
15195,2026-05-11 22:19:09.100000+00:00,52.2215702,21.0759728,93.8,47.9,-0.054,-0.025,0.975,0,47.39143457370596,,254.5440488971158,-1.0,11.0
15200,2026-05-11 22:19:09.600000+00:00,52.2215713,21.0758759,93.8,47.87,-0.046,-0.035,0.946,0,47.53347297969309,,247.96591844410224,-1.0,11.0
15205,2026-05-11 22:19:10.100000+00:00,52.2215725,21.0757787,93.8,47.95,-0.047,-0.038,0.973,0,47.682129675072574,,241.36947475015572,-1.0,11.0
15210,2026-05-11 22:19:10.600000+00:00,52.2215739,21.0756813,93.8,48.0,-0.036,-0.035,0.969,0,47.78368760865936,,234.76252100685824,-1.0,11.0
15215,2026-05-11 22:19:11.100000+00:00,52.2215752,21.0755835,94.0,48.2,-0.048,-0.029,0.974,0,47.978011800821854,,228.129284279694,-1.0,11.0
15220,2026-05-11 22:19:11.600000+00:00,52.2215765,21.0754848,93.9,48.73,-0.039,-0.039,0.959,0,48.41931900513841,,221.4367520403333,-1.0,11.0
15225,2026-05-11 22:19:12.100000+00:00,52.2215775,21.0753849,93.9,49.34,-0.046,-0.03,0.972,0,49.00321968430832,,214.66206446132523,-1.0,11.0
15230,2026-05-11 22:19:12.600000+00:00,52.2215786,21.0752848,93.9,49.64,-0.048,-0.032,0.971,0,49.10266755234945,,207.87678515560606,-1.0,11.0
15235,2026-05-11 22:19:13.100000+00:00,52.2215797,21.0751843,93.9,49.82,-0.045,-0.033,0.963,0,49.298817794115955,,201.06670100724938,-1.0,11.0
15240,2026-05-11 22:19:13.600000+00:00,52.2215802,21.0750836,94.0,49.71,-0.048,-0.031,0.964,0,49.390663937358234,,194.23956038102426,-1.0,11.0
15245,2026-05-11 22:19:14.100000+00:00,52.2215809,21.0749826,94.0,49.84,-0.053,-0.026,0.972,0,49.53934826176078,,187.3965714964554,-1.0,11.0
15250,2026-05-11 22:19:14.600000+00:00,52.2215817,21.0748821,94.0,49.41,-0.055,-0.028,0.974,0,49.295109798738295,,180.5914245536432,-1.0,11.0
15255,2026-05-11 22:19:15.100000+00:00,52.2215824,21.0747814,94.0,49.68,-0.06,-0.035,0.962,0,49.39221887399517,,173.77483121194012,-1.0,11.0
15260,2026-05-11 22:19:15.600000+00:00,52.2215834,21.0746805,94.0,49.6,-0.062,-0.03,0.962,0,49.49360554558886,,166.9518573899469,-1.0,11.0
15265,2026-05-11 22:19:16.100000+00:00,52.2215842,21.0745795,94.0,49.85,-0.062,-0.032,0.971,0,49.54031501483401,,160.12396968159862,-1.0,11.0
15270,2026-05-11 22:19:16.600000+00:00,52.2215848,21.074479,94.0,49.37,-0.058,-0.024,0.975,0,49.29328584725936,,153.33197188583853,-1.0,11.0
15275,2026-05-11 22:19:17.100000+00:00,52.2215854,21.074378,94.1,49.55,-0.067,-0.029,0.96,0,49.53850217557089,,146.51123475787162,-1.0,11.0
15280,2026-05-11 22:19:17.600000+00:00,52.221586,21.0742777,94.0,49.37,-0.059,-0.037,0.971,0,49.19519775073972,,139.74361616605336,-1.0,11.0
15285,2026-05-11 22:19:18.100000+00:00,52.2215869,21.0741778,94.1,49.16,-0.078,-0.04,0.973,0,49.00196663427942,,133.01425879916835,-1.0,11.0
15290,2026-05-11 22:19:18.600000+00:00,52.2215878,21.0740781,94.1,49.13,-0.051,-0.036,0.958,0,48.90388483982576,,126.30657512860428,-1.0,11.0
15295,2026-05-11 22:19:19.100000+00:00,52.221589,21.0739785,94.0,48.94,-0.076,-0.039,0.979,0,48.8589758664362,,119.62036659263119,-1.0,11.0
15300,2026-05-11 22:19:19.600000+00:00,52.22159,21.073879,94.0,49.03,-0.076,-0.047,0.947,0,48.80704933786009,,112.94907483531584,-1.0,11.0
15305,2026-05-11 22:19:20.100000+00:00,52.2215914,21.0737801,93.9,48.51,-0.075,-0.032,0.984,0,48.51915508435971,,106.3395203192377,-1.0,11.0
15310,2026-05-11 22:19:20.600000+00:00,52.2215929,21.0736813,93.8,48.49,-0.065,-0.032,0.954,0,48.47203832887597,,99.75607724206982,-1.0,11.0
15315,2026-05-11 22:19:21.100000+00:00,52.2215941,21.0735825,93.8,48.34,-0.086,-0.034,0.97,0,48.466681075235854,,93.18700182852945,-1.0,11.0
15320,2026-05-11 22:19:21.600000+00:00,52.2215956,21.0734848,93.8,48.12,-0.073,-0.034,0.972,0,47.9327000924213,,86.72335918842882,-1.0,11.0
15325,2026-05-11 22:19:22.100000+00:00,52.2215972,21.0733881,93.9,47.7,-0.078,-0.037,0.968,0,47.44449099571002,,80.36014975263961,-1.0,11.0
15330,2026-05-11 22:19:22.600000+00:00,52.2215989,21.073292,93.9,47.41,-0.089,-0.036,0.975,0,47.152565943919484,12.0,74.07890208773779,-1.0,11.0
15335,2026-05-11 22:19:23.100000+00:00,52.2216009,21.0731962,93.9,47.13,-0.073,-0.036,0.973,0,47.013055737375986,12.0,67.87765654929832,-1.0,11.0
15340,2026-05-11 22:19:23.600000+00:00,52.2216029,21.0731011,93.9,46.87,-0.055,-0.019,0.955,0,46.66993439292175,12.0,61.789206431947974,-1.0,11.0
15345,2026-05-11 22:19:24.100000+00:00,52.2216043,21.0730069,94.0,46.33,-0.076,-0.022,0.988,0,46.21463915105989,12.0,55.822140764868884,-1.0,11.0
15350,2026-05-11 22:19:24.600000+00:00,52.2216054,21.0729139,94.0,45.89,-0.067,-0.023,0.972,0,45.62099650298711,12.0,50.02800371124076,-1.0,11.0
15355,2026-05-11 22:19:25.100000+00:00,52.2216065,21.0728211,94.0,46.01,-0.064,-0.036,0.955,0,45.52292230699415,12.0,44.39435042375113,-1.0,11.0
15360,2026-05-11 22:19:25.600000+00:00,52.2216071,21.0727288,94.0,45.57,-0.063,-0.031,0.968,0,45.27172228096411,12.0,38.971932126867046,-1.0,11.0
15365,2026-05-11 22:19:26.100000+00:00,52.221608,21.0726363,94.1,45.54,-0.053,-0.036,0.956,0,45.37298598570384,12.0,33.85991933327917,-1.0,11.0
15370,2026-05-11 22:19:26.600000+00:00,52.2216093,21.072545,93.9,45.73,-0.055,-0.066,0.989,0,44.79080870867753,12.0,29.305435932558954,-1.0,11.0
15375,2026-05-11 22:19:27.100000+00:00,52.221611,21.0724526,93.9,45.72,-0.048,-0.062,0.953,0,45.33864900877151,12.0,25.46106782199256,-1.0,11.0
15380,2026-05-11 22:19:27.600000+00:00,52.221614,21.0723599,93.9,45.54,-0.047,-0.044,0.955,0,45.528747012498826,12.0,22.86677564629564,-1.0,11.0
15385,2026-05-11 22:19:28.100000+00:00,52.2216166,21.0722682,94.0,45.75,-0.054,-0.046,0.97,0,45.02303574477584,12.0,21.81211018403127,-1.0,11.0
15390,2026-05-11 22:19:28.600000+00:00,52.2216193,21.0721766,94.0,45.72,-0.059,-0.034,0.999,0,44.97781648614437,12.0,22.522874340323085,-1.0,11.0
15395,2026-05-11 22:19:29.100000+00:00,52.221622,21.0720845,94.1,45.57,-0.058,-0.038,0.95,0,45.22276030605152,12.0,24.85113418163494,-1.0,11.0
15400,2026-05-11 22:19:29.600000+00:00,52.2216249,21.0719947,94.0,44.82,-0.072,-0.027,0.972,0,44.104168585918956,12.0,28.327383849639457,-1.0,11.0
15405,2026-05-11 22:19:30.100000+00:00,52.2216276,21.071904,93.9,44.68,-0.069,-0.027,0.959,0,44.536912186987536,12.0,32.62149604427606,-1.0,11.0
15410,2026-05-11 22:19:30.600000+00:00,52.2216304,21.0718135,93.9,44.55,-0.072,-0.022,0.976,0,44.44290025199692,12.0,37.44499217320181,-1.0,11.0
15415,2026-05-11 22:19:31.100000+00:00,52.2216331,21.071723,93.7,44.07,-0.066,-0.02,0.968,0,44.43893121660471,12.0,42.611866496092944,-1.0,11.0
15420,2026-05-11 22:19:31.600000+00:00,52.221636,21.0716334,93.6,44.05,-0.068,-0.022,0.959,0,44.00620258392502,12.0,47.97461087621777,-1.0,11.0
15425,2026-05-11 22:19:32.100000+00:00,52.2216381,21.0715444,93.5,43.72,-0.059,-0.024,0.969,0,43.683002383530365,12.0,53.421607555606606,-1.0,11.0
15430,2026-05-11 22:19:32.600000+00:00,52.22164,21.0714553,93.5,43.34,-0.05,-0.028,0.966,0,43.72614671486318,12.0,58.986783558505714,-1.0,11.0
15435,2026-05-11 22:19:33.100000+00:00,52.2216424,21.0713659,93.4,43.73,-0.045,-0.024,0.965,0,43.8888952147289,12.0,64.68351085255225,-1.0,11.0
15440,2026-05-11 22:19:33.600000+00:00,52.2216444,21.0712771,93.3,43.86,-0.053,-0.023,0.979,0,43.58196282754423,12.0,70.39311132743617,-1.0,11.0
15445,2026-05-11 22:19:34.100000+00:00,52.221646,21.0711877,93.2,44.29,-0.039,-0.02,0.955,0,43.865518187612125,12.0,76.17975697807175,-1.0,11.0
15450,2026-05-11 22:19:34.600000+00:00,52.2216475,21.0710983,93.2,44.05,-0.046,-0.021,0.96,0,43.86325172888322,,82.00729359368344,-1.0,11.0
15455,2026-05-11 22:19:35.100000+00:00,52.221649,21.0710083,93.1,44.34,-0.043,-0.015,0.955,0,44.15741454974243,,87.9098639556459,-1.0,11.0
15460,2026-05-11 22:19:35.600000+00:00,52.2216502,21.0709182,92.9,44.3,-0.067,-0.011,0.982,0,44.20056809280632,,93.83948089081879,-1.0,11.0
15465,2026-05-11 22:19:36.100000+00:00,52.2216513,21.0708278,92.7,44.76,-0.047,-0.025,0.957,0,44.34600708747055,,99.81131803640588,-1.0,11.0
15470,2026-05-11 22:19:36.600000+00:00,52.2216525,21.0707373,92.5,44.77,-0.053,-0.024,0.995,0,44.39670223154312,,105.8139490972739,-1.0,11.0
15475,2026-05-11 22:19:37.100000+00:00,52.2216537,21.0706457,92.4,45.15,-0.04,-0.034,0.925,0,44.93607826859018,,111.90728131079537,-1.0,11.0
15480,2026-05-11 22:19:37.600000+00:00,52.2216549,21.0705544,92.3,44.88,-0.061,-0.012,0.998,0,44.78897387838926,,117.99612898330399,-1.0,11.0
15485,2026-05-11 22:19:38.100000+00:00,52.2216557,21.0704629,92.3,45.08,-0.048,-0.032,0.963,0,44.88132945133563,,124.10201423114461,-1.0,11.0
15490,2026-05-11 22:19:38.600000+00:00,52.2216564,21.0703712,92.3,45.03,-0.054,-0.035,0.966,0,44.97834122469162,,130.2311059546804,-1.0,11.0
15495,2026-05-11 22:19:39.100000+00:00,52.2216571,21.0702793,92.3,45.3,-0.047,-0.027,0.971,0,45.076424190986494,,136.3842682367976,-1.0,11.0
15500,2026-05-11 22:19:39.600000+00:00,52.2216577,21.0701868,92.3,45.11,-0.046,-0.037,0.957,0,45.36975646647227,,142.5849051592823,-1.0,11.0
15505,2026-05-11 22:19:40.100000+00:00,52.2216586,21.0700944,92.3,44.88,-0.057,-0.039,0.975,0,45.32389485541541,,148.793221260267,-1.0,11.0
15510,2026-05-11 22:19:40.600000+00:00,52.2216593,21.070002,92.4,45.19,-0.049,-0.032,0.959,0,45.321631280392545,,155.00472664058594,-1.0,11.0
15515,2026-05-11 22:19:41.100000+00:00,52.2216602,21.0699101,92.4,45.14,-0.063,-0.032,0.966,0,45.07869621367011,,161.19275868068036,-1.0,11.0
15520,2026-05-11 22:19:41.600000+00:00,52.221661,21.0698181,92.4,45.28,-0.059,-0.041,0.969,0,45.12652742401787,,167.39116522212288,-1.0,11.0
15525,2026-05-11 22:19:42.100000+00:00,52.2216618,21.0697258,92.4,45.44,-0.055,-0.044,0.964,0,45.2736487324795,,173.61473096998807,-1.0,11.0
15530,2026-05-11 22:19:42.600000+00:00,52.2216624,21.0696342,92.5,45.27,-0.06,-0.048,0.963,0,44.928365973225795,,179.79231147737605,-1.0,11.0
15535,2026-05-11 22:19:43.100000+00:00,52.221664,21.0695421,92.4,45.17,-0.056,-0.049,0.973,0,45.18918422225945,,186.0238821126462,-1.0,11.0
15540,2026-05-11 22:19:43.600000+00:00,52.2216657,21.0694502,92.4,45.48,-0.066,-0.057,0.954,0,45.093476190734265,,192.2464483030663,-1.0,11.0
15545,2026-05-11 22:19:44.100000+00:00,52.2216673,21.0693582,92.3,45.42,-0.063,-0.043,0.975,0,45.140154970712004,,198.47676993573586,-1.0,11.0
15550,2026-05-11 22:19:44.600000+00:00,52.2216693,21.0692672,92.3,45.06,-0.054,-0.049,0.965,0,44.660231264046644,,204.64797890353512,-1.0,11.0
15555,2026-05-11 22:19:45.100000+00:00,52.2216714,21.0691753,92.2,44.94,-0.063,-0.041,0.965,0,45.104272078861214,,210.8832815063365,-1.0,11.0
15560,2026-05-11 22:19:45.600000+00:00,52.2216735,21.0690819,92.2,45.63,-0.061,-0.037,0.968,0,45.83945117559964,,217.22158558833326,-1.0,11.0
15565,2026-05-11 22:19:46.100000+00:00,52.2216758,21.0689889,92.2,45.24,-0.06,-0.034,0.973,0,45.64957746498476,,223.53728647398356,-1.0,11.0
15570,2026-05-11 22:19:46.600000+00:00,52.2216783,21.0688965,92.1,45.35,-0.064,-0.037,0.963,0,45.36232524354057,,229.81655068130686,-1.0,11.0
15575,2026-05-11 22:19:47.100000+00:00,52.2216804,21.0688046,92.0,45.19,-0.058,-0.039,0.972,0,45.10426295210494,,236.05769576161293,-1.0,11.0
15580,2026-05-11 22:19:47.600000+00:00,52.2216828,21.0687137,91.8,44.98,-0.064,-0.053,0.969,0,44.623845755993045,,242.23642474191945,-1.0,11.0
15585,2026-05-11 22:19:48.100000+00:00,52.2216847,21.0686216,91.7,45.01,-0.059,-0.039,0.956,0,45.19660934698271,,248.4907061415137,-1.0,11.0
15590,2026-05-11 22:19:48.600000+00:00,52.2216878,21.0685303,91.4,44.82,-0.061,-0.052,0.972,0,44.847363217737005,,254.70749658086444,-1.0,11.0
15595,2026-05-11 22:19:49.100000+00:00,52.221691,21.0684382,91.3,44.91,-0.049,-0.06,0.951,0,45.24359160519001,,260.9802722287183,-1.0,11.0
15600,2026-05-11 22:19:49.600000+00:00,52.2216947,21.0683463,91.2,45.02,-0.056,-0.04,0.986,0,45.17013908399386,,267.2463561023901,-1.0,11.0
15605,2026-05-11 22:19:50.100000+00:00,52.2217,21.0682542,91.3,45.99,-0.05,-0.047,0.951,0,45.3698478351185,,273.5464380502462,-1.0,11.0
15610,2026-05-11 22:19:50.600000+00:00,52.2217036,21.0681619,91.3,45.19,-0.063,-0.066,0.993,0,45.36073457494473,,279.8388294503292,-1.0,11.0
15615,2026-05-11 22:19:51.100000+00:00,52.2217072,21.0680694,91.5,45.48,-0.052,-0.059,0.943,0,45.458624298660794,,284.1750718697034,-1.0,11.0
15620,2026-05-11 22:19:51.600000+00:00,52.2217118,21.0679776,91.6,45.16,-0.069,-0.036,0.985,0,45.17420846983636,,277.9057913594025,-1.0,11.0
15625,2026-05-11 22:19:52.100000+00:00,52.2217163,21.0678861,91.6,45.11,-0.048,-0.055,0.941,0,45.0210811327766,,271.6583800811477,-1.0,11.0
15630,2026-05-11 22:19:52.600000+00:00,52.2217213,21.0677952,91.8,45.08,-0.066,-0.053,0.988,0,44.76177459075249,,265.4449410646238,-1.0,11.0
15635,2026-05-11 22:19:53.100000+00:00,52.2217268,21.0677057,91.7,44.66,-0.049,-0.059,0.942,0,44.116080806222676,,259.3194233593506,-1.0,11.0
15640,2026-05-11 22:19:53.600000+00:00,52.2217328,21.0676165,91.8,44.06,-0.074,-0.062,0.983,0,44.01156591879822,,253.20736929770024,-1.0,11.0
15645,2026-05-11 22:19:54.100000+00:00,52.2217392,21.067528,92.0,43.74,-0.058,-0.068,0.946,0,43.7066928589255,,247.13713773580537,-1.0,11.0
15650,2026-05-11 22:19:54.600000+00:00,52.2217463,21.0674392,92.1,44.23,-0.069,-0.064,0.955,0,43.92181946440504,,241.03697441273323,-1.0,11.0
15655,2026-05-11 22:19:55.100000+00:00,52.2217533,21.0673498,92.1,43.81,-0.063,-0.053,1.0,0,44.203405824727994,,234.89763763276844,-1.0,11.0
15660,2026-05-11 22:19:55.600000+00:00,52.2217606,21.0672623,92.3,43.77,-0.062,-0.044,0.967,0,43.31097058133883,,228.8826073458647,-1.0,11.0
15665,2026-05-11 22:19:56.100000+00:00,52.2217681,21.0671746,92.3,43.51,-0.056,-0.043,0.968,0,43.43000759606165,,222.85133767003748,-1.0,11.0
15670,2026-05-11 22:19:56.600000+00:00,52.2217759,21.0670864,92.3,43.31,-0.048,-0.045,0.938,0,43.70655550823836,,216.78221072174387,-1.0,11.0
15675,2026-05-11 22:19:57.100000+00:00,52.2217837,21.066999,92.4,43.22,-0.06,-0.045,0.966,0,43.31824579471692,,210.76724321599863,-1.0,11.0
15680,2026-05-11 22:19:57.600000+00:00,52.2217921,21.0669101,92.4,43.46,-0.052,-0.049,0.971,0,44.11702998032697,,204.6428479077399,-1.0,11.0
15685,2026-05-11 22:19:58.100000+00:00,52.2218008,21.0668218,92.3,43.38,-0.049,-0.037,0.971,0,43.86370838740575,,198.55520742285046,-1.0,11.0
15690,2026-05-11 22:19:58.600000+00:00,52.2218096,21.0667332,92.3,43.6,-0.044,-0.047,0.961,0,44.021717737308556,,192.4462445871448,-1.0,11.0
15695,2026-05-11 22:19:59.100000+00:00,52.2218185,21.0666436,92.4,43.92,-0.045,-0.042,0.959,0,44.51865498536887,,186.2686691993844,-1.0,11.0
15700,2026-05-11 22:19:59.600000+00:00,52.2218276,21.0665525,92.6,43.92,-0.058,-0.046,0.966,0,45.27048965769121,,179.98741164036153,-1.0,11.0
15705,2026-05-11 22:20:00.100000+00:00,52.2218368,21.0664626,92.7,43.97,-0.041,-0.05,0.958,0,44.70282860874269,,173.78655226092997,-1.0,11.0
15710,2026-05-11 22:20:00.600000+00:00,52.2218464,21.0663721,92.9,44.01,-0.055,-0.066,0.963,0,45.0466287927027,,167.54068022706417,-1.0,11.0
15715,2026-05-11 22:20:01.100000+00:00,52.2218563,21.0662845,92.7,44.13,-0.048,-0.061,0.965,0,43.68876615131521,,161.48833758363944,-1.0,11.0
15720,2026-05-11 22:20:01.600000+00:00,52.2218667,21.0661987,92.5,44.05,-0.057,-0.053,0.963,0,42.896786247249395,,155.55322131050866,-1.0,11.0
15725,2026-05-11 22:20:02.100000+00:00,52.2218779,21.0661111,92.3,44.3,-0.059,-0.047,0.956,0,43.88950035504986,,149.48885068882754,-1.0,11.0
15730,2026-05-11 22:20:02.600000+00:00,52.2218888,21.0660215,92.4,44.66,-0.061,-0.05,0.965,0,44.80275510047366,,143.29482157205197,-1.0,11.0
15735,2026-05-11 22:20:03.100000+00:00,52.2219,21.0659326,92.3,44.11,-0.067,-0.041,0.967,0,44.51381162863595,,137.14774199498328,-1.0,11.0
15740,2026-05-11 22:20:03.600000+00:00,52.2219116,21.0658442,92.3,43.86,-0.055,-0.066,0.959,0,44.33959592242101,,131.03401204396135,-1.0,11.0
15745,2026-05-11 22:20:04.100000+00:00,52.2219236,21.0657565,92.4,43.48,-0.065,-0.046,0.971,0,44.07263947277727,,124.96855870698488,-1.0,11.0
15750,2026-05-11 22:20:04.600000+00:00,52.221936,21.0656673,92.5,44.21,-0.06,-0.048,0.963,0,44.86068258099653,,118.80362858062426,-1.0,11.0
15755,2026-05-11 22:20:05.100000+00:00,52.2219489,21.0655792,92.7,43.46,-0.069,-0.047,0.97,0,44.42605772419032,,112.71706209066124,-1.0,11.0
15760,2026-05-11 22:20:05.600000+00:00,52.221962,21.0654908,92.8,43.77,-0.06,-0.038,0.973,0,44.60653932430594,,106.61848565600127,-1.0,11.0
15765,2026-05-11 22:20:06.100000+00:00,52.2219751,21.0654032,93.0,43.37,-0.065,-0.042,0.947,0,44.225260161485444,,100.58618948788806,-1.0,11.0
15770,2026-05-11 22:20:06.600000+00:00,52.2219881,21.0653163,93.2,43.94,-0.065,-0.032,1.006,0,43.87273856429555,,94.61608228537948,-1.0,11.0
15775,2026-05-11 22:20:07.100000+00:00,52.2220014,21.0652302,93.3,43.82,-0.031,-0.035,0.937,0,43.549765492822125,,88.71667149188754,-1.0,11.0
15780,2026-05-11 22:20:07.600000+00:00,52.2220153,21.0651448,93.4,43.62,-0.055,-0.036,0.961,0,43.33779276662618,,82.88646405152473,-1.0,11.0
15785,2026-05-11 22:20:08.100000+00:00,52.2220291,21.0650587,93.5,43.73,-0.049,-0.028,0.966,0,43.649340863940346,11.0,77.03740787210518,-1.0,11.0
15790,2026-05-11 22:20:08.600000+00:00,52.2220429,21.0649721,93.6,43.85,-0.052,-0.026,0.991,0,43.886612620233734,11.0,71.19001863727782,-1.0,11.0
15795,2026-05-11 22:20:09.100000+00:00,52.222057,21.0648856,93.7,44.11,-0.041,-0.045,0.957,0,43.90028150216268,11.0,65.39710851996149,-1.0,11.0
15800,2026-05-11 22:20:09.600000+00:00,52.2220716,21.0647993,93.8,44.15,-0.053,-0.059,0.956,0,43.91034327385548,11.0,59.684271374444734,-1.0,11.0
15805,2026-05-11 22:20:10.100000+00:00,52.2220866,21.0647131,93.8,44.25,-0.054,-0.049,0.973,0,43.94947922769698,11.0,54.06907864460207,-1.0,11.0
15810,2026-05-11 22:20:10.600000+00:00,52.2221016,21.0646264,93.8,44.25,-0.042,-0.042,0.946,0,44.185409743043806,11.0,48.5386126592611,-1.0,11.0
15815,2026-05-11 22:20:11.100000+00:00,52.2221168,21.0645393,93.8,44.58,-0.059,-0.038,0.971,0,44.41782476454452,11.0,43.15187434441644,-1.0,11.0
15820,2026-05-11 22:20:11.600000+00:00,52.2221323,21.0644518,93.9,44.69,-0.043,-0.039,0.99,0,44.67263895219812,11.0,37.9896388160735,-1.0,11.0
15825,2026-05-11 22:20:12.100000+00:00,52.2221479,21.064364,93.9,45.14,-0.033,-0.025,0.952,0,44.83622308494536,11.0,33.17300452173215,-1.0,11.0
15830,2026-05-11 22:20:12.600000+00:00,52.2221641,21.0642718,94.3,45.6,-0.055,-0.024,0.966,0,47.04279433203851,11.0,28.693574069877496,-1.0,11.0
15835,2026-05-11 22:20:13.100000+00:00,52.2221807,21.0641802,94.6,45.89,-0.04,-0.053,0.958,0,46.8498186178368,11.0,25.191531912851286,-1.0,11.0
15840,2026-05-11 22:20:13.600000+00:00,52.2221981,21.0640885,94.9,46.19,-0.052,-0.044,0.974,0,47.08234659959938,11.0,23.10954619477957,-1.0,11.0
15845,2026-05-11 22:20:14.100000+00:00,52.2222151,21.0639959,95.3,46.08,-0.047,-0.044,0.971,0,47.41122990088686,11.0,22.72575414314567,-1.0,11.0
15850,2026-05-11 22:20:14.600000+00:00,52.2222326,21.0639033,95.7,46.74,-0.048,-0.044,0.963,0,47.52767383651742,11.0,24.254444253955068,-1.0,11.0
15855,2026-05-11 22:20:15.100000+00:00,52.2222506,21.063811,96.0,46.4,-0.061,-0.046,1.005,0,47.506972763433474,11.0,27.382996556211012,-1.0,11.0
15860,2026-05-11 22:20:15.600000+00:00,52.2222692,21.0637182,96.4,47.03,-0.026,-0.059,0.945,0,47.887873678188484,11.0,31.673190037173335,-1.0,11.0
15865,2026-05-11 22:20:16.100000+00:00,52.2222883,21.0636253,96.7,47.04,-0.048,-0.029,0.975,0,48.06033432416606,11.0,36.724443260321614,-1.0,11.0
15870,2026-05-11 22:20:16.600000+00:00,52.2223075,21.0635327,97.0,47.39,-0.051,-0.037,0.964,0,47.94645727557977,11.0,42.22455987025308,-1.0,11.0
15875,2026-05-11 22:20:17.100000+00:00,52.222327,21.0634407,97.2,47.06,-0.065,-0.038,0.968,0,47.74578870762275,11.0,48.01490958697692,-1.0,11.0
15880,2026-05-11 22:20:17.600000+00:00,52.2223463,21.0633496,97.4,46.62,-0.059,-0.035,0.956,0,47.27627380063657,11.0,53.93909523298312,-1.0,11.0
15885,2026-05-11 22:20:18.100000+00:00,52.2223658,21.0632591,97.5,46.35,-0.071,-0.03,0.982,0,47.05113166622024,11.0,59.98047581685665,-1.0,11.0
15890,2026-05-11 22:20:18.600000+00:00,52.2223849,21.0631697,97.5,46.07,-0.075,-0.041,0.962,0,46.43608909807517,11.0,66.029471187353,-1.0,11.0
15895,2026-05-11 22:20:19.100000+00:00,52.2224041,21.0630809,97.5,45.93,-0.072,-0.046,0.961,0,46.184901573042524,11.0,72.12183679879368,-1.0,11.0
15900,2026-05-11 22:20:19.600000+00:00,52.2224235,21.0629928,97.4,45.48,-0.07,-0.039,0.975,0,45.91520190813493,11.0,78.23978158788022,-1.0,11.0
15905,2026-05-11 22:20:20.100000+00:00,52.2224429,21.0629052,97.4,45.33,-0.066,-0.041,0.962,0,45.6844916859871,,84.36797698556249,-1.0,11.0
15910,2026-05-11 22:20:20.600000+00:00,52.2224615,21.0628175,97.4,45.33,-0.061,-0.039,0.962,0,45.51705705610224,,90.48291003649554,-1.0,11.0
15915,2026-05-11 22:20:21.100000+00:00,52.2224805,21.0627311,97.3,45.05,-0.067,-0.04,0.956,0,45.02221602887998,,96.57351624428192,-1.0,11.0
15920,2026-05-11 22:20:21.600000+00:00,52.2224991,21.0626452,97.1,44.51,-0.069,-0.041,0.972,0,44.68373197462182,,102.63132713439677,-1.0,11.0
15925,2026-05-11 22:20:22.100000+00:00,52.2225173,21.0625595,96.9,44.34,-0.05,-0.036,0.977,0,44.48532501772169,,108.6713145924908,-1.0,11.0
15930,2026-05-11 22:20:22.600000+00:00,52.2225366,21.0624738,96.9,44.72,-0.058,-0.063,0.969,0,44.78149723143754,,114.78780865912321,-1.0,11.0
15935,2026-05-11 22:20:23.100000+00:00,52.2225566,21.0623878,97.2,44.82,-0.048,-0.056,0.96,0,45.115451964144626,,120.97128491004422,-1.0,11.0
15940,2026-05-11 22:20:23.600000+00:00,52.2225767,21.0623018,97.3,44.76,-0.046,-0.055,0.965,0,45.143910693912346,,127.16830372515945,-1.0,11.0
15945,2026-05-11 22:20:24.100000+00:00,52.2225971,21.0622163,97.4,44.74,-0.035,-0.061,0.977,0,45.00147449242966,,133.35854654592717,-1.0,11.0
15950,2026-05-11 22:20:24.600000+00:00,52.2226177,21.0621303,97.5,44.99,-0.038,-0.056,0.959,0,45.28811173175547,,139.5946869311027,-1.0,11.0
15955,2026-05-11 22:20:25.100000+00:00,52.222639,21.0620438,97.6,45.32,-0.049,-0.064,0.959,0,45.72261175413646,,145.90242022532857,-1.0,11.0
15960,2026-05-11 22:20:25.600000+00:00,52.2226608,21.0619575,97.7,45.64,-0.045,-0.051,0.957,0,45.78269702001936,,152.227900361775,-1.0,11.0
15965,2026-05-11 22:20:26.100000+00:00,52.2226828,21.0618712,97.7,45.44,-0.054,-0.049,0.978,0,45.843957519213575,,158.56644978074434,-1.0,11.0
15970,2026-05-11 22:20:26.600000+00:00,52.2227053,21.0617845,97.8,45.72,-0.045,-0.051,0.953,0,46.17979258485532,,164.9571894779695,-1.0,11.0
15975,2026-05-11 22:20:27.100000+00:00,52.2227282,21.0616983,97.7,46.05,-0.058,-0.049,0.963,0,46.080549059190744,,171.3400407537215,-1.0,11.0
15980,2026-05-11 22:20:27.600000+00:00,52.2227511,21.0616121,97.5,46.13,-0.037,-0.057,0.959,0,46.08052905826241,,177.72412879243905,-1.0,11.0
15985,2026-05-11 22:20:28.100000+00:00,52.222775,21.0615254,97.5,46.97,-0.034,-0.067,0.964,0,46.628368730000616,,184.1905839033169,-1.0,11.0
15990,2026-05-11 22:20:28.600000+00:00,52.2227999,21.0614396,97.4,47.32,-0.036,-0.063,0.966,0,46.563277704849966,,190.65404883152573,-1.0,11.0
15995,2026-05-11 22:20:29.100000+00:00,52.2228257,21.0613534,97.2,47.61,-0.04,-0.056,0.96,0,47.05244825302025,,197.18771790937888,-1.0,11.0
16000,2026-05-11 22:20:29.600000+00:00,52.2228519,21.0612669,97.0,47.62,-0.056,-0.061,0.983,0,47.32573279928772,,203.75996359614365,-1.0,11.0
16005,2026-05-11 22:20:30.100000+00:00,52.2228784,21.0611805,96.9,47.83,-0.062,-0.06,0.947,0,47.38879277837589,,210.34141637658175,-1.0,11.0
16010,2026-05-11 22:20:30.600000+00:00,52.2229054,21.0610952,96.9,47.54,-0.085,-0.06,0.99,0,47.08940100194431,,216.881583052408,-1.0,11.0
16015,2026-05-11 22:20:31.100000+00:00,52.2229321,21.0610109,96.8,47.15,-0.068,-0.061,0.937,0,46.54341070993413,,223.34591488291875,-1.0,11.0
16020,2026-05-11 22:20:31.600000+00:00,52.222959,21.0609273,96.7,46.73,-0.08,-0.046,0.982,0,46.312938485731706,,229.77798427892705,-1.0,11.0
16025,2026-05-11 22:20:32.100000+00:00,52.2229866,21.0608443,96.8,46.65,-0.084,-0.042,0.974,0,46.31733325346169,,236.20930374626806,-1.0,11.0
16030,2026-05-11 22:20:32.600000+00:00,52.2230132,21.0607623,96.8,45.78,-0.118,-0.04,0.973,0,45.506758356282624,,242.529245435316,-1.0,11.0
16035,2026-05-11 22:20:33.100000+00:00,52.2230396,21.0606821,97.0,44.1,-0.162,-0.038,0.928,0,44.65246898128799,,248.73002485827456,-1.0,11.0
16040,2026-05-11 22:20:33.600000+00:00,52.2230649,21.0606064,97.0,42.34,-0.143,-0.034,0.965,0,42.29236332421409,,254.6023574061265,-1.0,11.0
16045,2026-05-11 22:20:34.100000+00:00,52.2230897,21.0605346,97.1,40.12,-0.161,-0.041,0.97,0,40.425489197499004,,260.21323069100015,-1.0,11.0
16050,2026-05-11 22:20:34.600000+00:00,52.2231139,21.0604652,97.4,38.74,-0.159,-0.037,0.959,0,39.16456301137537,,265.6484127524894,-1.0,11.0
16055,2026-05-11 22:20:35.100000+00:00,52.2231367,21.0603999,97.4,36.23,-0.183,-0.045,0.972,0,36.86255360500339,,270.76417340789686,-1.0,11.0
16060,2026-05-11 22:20:35.600000+00:00,52.2231587,21.0603391,97.3,34.74,-0.166,-0.054,0.937,0,34.63213999424317,,275.5670892122248,-1.0,11.0
16065,2026-05-11 22:20:36.100000+00:00,52.2231794,21.0602849,97.2,30.18,-0.321,-0.042,0.988,0,31.32476924123538,,279.90478641114373,-1.0,11.0
16070,2026-05-11 22:20:36.600000+00:00,52.223197,21.0602396,97.0,25.12,-0.337,-0.024,0.92,0,26.3084886105761,,283.5459212252161,-1.0,11.0
16075,2026-05-11 22:20:37.100000+00:00,52.2232118,21.0602022,97.0,20.77,-0.336,-0.025,0.956,0,21.83670931184825,,286.5662178108405,-1.0,11.0
16080,2026-05-11 22:20:37.600000+00:00,52.2232237,21.0601725,96.9,16.72,-0.287,-0.006,0.958,0,17.405078755336525,,288.97248039426296,-1.0,11.0
16085,2026-05-11 22:20:38.100000+00:00,52.2232323,21.0601488,96.8,12.72,-0.291,0.005,0.956,0,13.509603077521797,,290.84638478138754,-1.0,11.0
16090,2026-05-11 22:20:38.600000+00:00,52.2232388,21.0601336,96.8,8.08,-0.318,-0.013,0.966,0,9.09136629622601,,292.0992051035561,-1.0,11.0
16095,2026-05-11 22:20:39.100000+00:00,52.223242,21.0601254,96.7,3.57,-0.316,-0.027,0.952,0,4.7683066116593045,,292.759215919629,-1.0,11.0
16100,2026-05-11 22:20:39.600000+00:00,52.2232428,21.060123,96.7,0.9,-0.199,-0.023,0.969,0,1.3400270720188743,,292.94531370270124,-1.0,11.0
16105,2026-05-11 22:20:40.100000+00:00,52.2232426,21.0601234,96.7,0.22,-0.089,-0.024,0.974,0,0.25322614359151707,,292.910842884243,-1.0,11.0
16110,2026-05-11 22:20:40.600000+00:00,52.2232425,21.0601244,96.7,0.09,-0.059,-0.028,0.966,0,0.4969305074686436,,292.845393544414,-1.0,11.0
16115,2026-05-11 22:20:41.100000+00:00,52.2232423,21.0601249,96.7,0.06,-0.048,-0.027,0.972,0,0.2928672122926259,,292.80489570013634,-1.0,11.0
16120,2026-05-11 22:20:41.600000+00:00,52.2232421,21.0601252,96.6,0.17,-0.052,-0.027,0.972,0,0.21745427546860777,,292.7764513616173,-1.0,11.0
16125,2026-05-11 22:20:42.100000+00:00,52.2232416,21.0601257,96.6,0.26,-0.05,-0.026,0.974,0,0.4694401454346644,,292.72040975846477,-1.0,11.0
16130,2026-05-11 22:20:42.600000+00:00,52.2232418,21.0601263,96.4,0.05,-0.053,-0.024,0.975,0,0.33500677025363096,,292.6946112092869,-1.0,11.0
16135,2026-05-11 22:20:43.100000+00:00,52.2232414,21.0601266,96.4,0.2,-0.051,-0.024,0.973,0,0.3524234259018419,,292.65580414164396,-1.0,11.0
16140,2026-05-11 22:20:43.600000+00:00,52.2232412,21.0601272,96.3,0.01,-0.051,-0.026,0.976,0,0.33500677638621257,,292.609279743327,-1.0,11.0
16145,2026-05-11 22:20:44.100000+00:00,52.2232409,21.0601278,96.2,0.22,-0.052,-0.026,0.975,0,0.37983922023596245,,292.55757443869135,-1.0,11.0
16150,2026-05-11 22:20:44.600000+00:00,52.2232405,21.0601284,96.1,0.05,-0.053,-0.027,0.975,0,0.43490855391272537,,292.50068928355205,-1.0,11.0
16155,2026-05-11 22:20:45.100000+00:00,52.22324,21.060129,96.0,0.1,-0.049,-0.026,0.975,0,0.49682229341394396,,292.4386263281851,-1.0,11.0
16160,2026-05-11 22:20:45.600000+00:00,52.2232395,21.0601295,95.9,0.03,-0.051,-0.026,0.976,0,0.4694401471496858,,292.38259452442264,-1.0,11.0
16165,2026-05-11 22:20:46.100000+00:00,52.223239,21.0601303,95.8,0.07,-0.05,-0.025,0.975,0,0.5605184006198067,,292.30848141833025,-1.0,11.0
16170,2026-05-11 22:20:46.600000+00:00,52.2232388,21.0601312,95.7,0.06,-0.049,-0.025,0.974,0,0.46954040069249503,,292.24387246460464,-1.0,11.0
16175,2026-05-11 22:20:47.100000+00:00,52.2232385,21.0601321,95.6,0.07,-0.05,-0.026,0.974,0,0.5025101820102902,,292.17408622747627,-1.0,11.0
16180,2026-05-11 22:20:47.600000+00:00,52.2232382,21.0601332,95.5,0.05,-0.049,-0.027,0.975,0,0.5905324852359544,,292.092243579055,-1.0,11.0
16185,2026-05-11 22:20:48.100000+00:00,52.2232378,21.0601345,95.3,0.02,-0.049,-0.025,0.974,0,0.7134779505262034,,291.99316707328416,-1.0,11.0
16190,2026-05-11 22:20:48.600000+00:00,52.2232374,21.060136,95.1,0.13,-0.051,-0.027,0.974,0,0.8023389394017767,,291.88203438442315,-1.0,11.0
16195,2026-05-11 22:20:49.100000+00:00,52.223237,21.0601373,94.9,0.09,-0.052,-0.026,0.975,0,0.7134779630762424,,291.7829579416757,-1.0,11.0
16200,2026-05-11 22:20:49.600000+00:00,52.2232365,21.0601388,94.8,0.03,-0.051,-0.026,0.972,0,0.8375170000997534,,291.6666474528914,-1.0,11.0
16205,2026-05-11 22:20:50.100000+00:00,52.223236,21.0601407,94.6,0.33,-0.049,-0.027,0.975,0,1.0141775004771778,,291.52622493703996,-1.0,11.0
16210,2026-05-11 22:20:50.600000+00:00,52.2232353,21.0601423,94.4,0.07,-0.053,-0.026,0.975,0,0.9642774386928261,,291.39353043162095,-1.0,11.0
16215,2026-05-11 22:20:51.100000+00:00,52.2232347,21.0601436,94.2,0.08,-0.051,-0.025,0.975,0,0.7982756576835471,,291.2840991223937,-1.0,11.0
16220,2026-05-11 22:20:51.600000+00:00,52.2232341,21.0601447,94.1,0.08,-0.047,-0.026,0.975,0,0.7223499591709149,,291.18672602068074,-1.0,11.0
16225,2026-05-11 22:20:52.100000+00:00,52.2232335,21.0601459,94.0,0.09,-0.05,-0.027,0.974,0,0.7596785213512085,,291.083326083371,-1.0,11.0
16230,2026-05-11 22:20:52.600000+00:00,52.2232326,21.0601464,94.0,0.1,-0.05,-0.025,0.974,0,0.7611274452338175,,291.00661109473987,-1.0,11.0
16235,2026-05-11 22:20:53.100000+00:00,52.2232316,21.0601465,94.0,0.08,-0.05,-0.025,0.973,0,0.8021042500328041,,290.9488661571948,-1.0,11.0
16240,2026-05-11 22:20:53.600000+00:00,52.2232306,21.0601467,94.0,0.03,-0.052,-0.025,0.974,0,0.8065898164473423,,290.8851207486705,-1.0,11.0
16245,2026-05-11 22:20:54.100000+00:00,52.2232296,21.0601467,94.1,0.1,-0.051,-0.023,0.974,0,0.8006034699136857,,290.83346990457653,-1.0,11.0
16250,2026-05-11 22:20:54.600000+00:00,52.2232287,21.0601464,94.1,0.06,-0.051,-0.026,0.974,0,0.7354115388962249,,290.8051138809595,-1.0,11.0
16255,2026-05-11 22:20:55.100000+00:00,52.2232279,21.060146,94.1,0.04,-0.053,-0.025,0.974,0,0.669853012424779,,290.78798267835083,-1.0,11.0
16260,2026-05-11 22:20:55.600000+00:00,52.2232271,21.0601453,94.1,0.07,-0.049,-0.024,0.974,0,0.7266898211182871,,290.78898773136274,-1.0,11.0
16265,2026-05-11 22:20:56.100000+00:00,52.2232264,21.0601444,94.1,0.08,-0.049,-0.025,0.973,0,0.7133743485715422,,290.80725194966953,-1.0,11.0
16270,2026-05-11 22:20:56.600000+00:00,52.2232258,21.060143,94.2,0.12,-0.051,-0.025,0.976,0,0.8379662333203913,,290.86088579839173,-1.0,11.0
16275,2026-05-11 22:20:57.100000+00:00,52.2232253,21.0601418,94.3,0.05,-0.051,-0.026,0.975,0,0.7117621307150334,,290.9076216895945,-1.0,11.0
16280,2026-05-11 22:20:57.600000+00:00,52.2232249,21.0601406,94.4,0.04,-0.049,-0.024,0.972,0,0.6700137386237787,,290.95952470301796,-1.0,11.0
16285,2026-05-11 22:20:58.100000+00:00,52.2232245,21.0601393,94.5,0.17,-0.05,-0.027,0.975,0,0.7134781211683813,,291.0174889128224,-1.0,11.0
16290,2026-05-11 22:20:58.600000+00:00,52.223224,21.0601378,94.6,0.05,-0.051,-0.025,0.973,0,0.8375171844317091,,291.0824231652281,-1.0,11.0
16295,2026-05-11 22:20:59.100000+00:00,52.2232236,21.060136,94.7,0.02,-0.05,-0.026,0.973,0,0.9390810835788614,,291.1706497471202,-1.0,11.0
16300,2026-05-11 22:20:59.600000+00:00,52.2232234,21.0601342,94.8,0.08,-0.048,-0.028,0.973,0,0.8971941699281387,,291.2691660921799,-1.0,11.0
16305,2026-05-11 22:21:00.100000+00:00,52.2232232,21.0601321,95.0,0.35,-0.05,-0.024,0.974,0,1.0422946065741752,,291.3858358898811,-1.0,11.0
16310,2026-05-11 22:21:00.600000+00:00,52.2232228,21.0601299,95.1,0.16,-0.052,-0.026,0.974,0,1.1254874846320027,,291.49833010795146,-1.0,11.0
16315,2026-05-11 22:21:01.100000+00:00,52.2232226,21.0601274,95.3,0.09,-0.052,-0.025,0.975,0,1.236508864834474,,291.63924378518595,-1.0,11.0
16320,2026-05-11 22:21:01.600000+00:00,52.2232225,21.0601248,95.5,0.18,-0.05,-0.023,0.975,0,1.2776524359514183,,291.79135454348585,-1.0,11.0
16325,2026-05-11 22:21:02.100000+00:00,52.2232222,21.0601219,95.7,0.06,-0.05,-0.026,0.976,0,1.4424106013271303,,291.9514149764654,-1.0,11.0
16330,2026-05-11 22:21:02.600000+00:00,52.2232219,21.0601189,95.9,0.23,-0.052,-0.027,0.974,0,1.490792192867277,,292.11757545268244,-1.0,11.0
16335,2026-05-11 22:21:03.100000+00:00,52.2232217,21.0601161,96.1,0.11,-0.051,-0.024,0.975,0,1.3825330785404888,,292.2767891733995,-1.0,11.0
16340,2026-05-11 22:21:03.600000+00:00,52.2232215,21.0601134,96.3,0.08,-0.051,-0.024,0.975,0,1.3338313088538396,,292.42998965269226,-1.0,11.0
16345,2026-05-11 22:21:04.100000+00:00,52.2232212,21.0601103,96.6,0.04,-0.051,-0.024,0.975,0,1.5392157190092761,,292.6023455767395,-1.0,11.0
16350,2026-05-11 22:21:04.600000+00:00,52.2232209,21.0601072,96.8,0.09,-0.052,-0.028,0.972,0,1.539215730695546,,292.774756141148,-1.0,11.0
16355,2026-05-11 22:21:05.100000+00:00,52.2232207,21.0601043,97.0,0.13,-0.051,-0.026,0.974,0,1.4312582560554894,,292.94019651670396,-1.0,11.0
16360,2026-05-11 22:21:05.600000+00:00,52.2232205,21.0601013,97.2,0.24,-0.052,-0.025,0.973,0,1.4800044614282046,,293.11173602295634,-1.0,11.0
16365,2026-05-11 22:21:06.100000+00:00,52.2232203,21.0600986,97.4,0.02,-0.049,-0.027,0.972,0,1.3338313431563213,,293.2651426973245,-1.0,11.0
16370,2026-05-11 22:21:06.600000+00:00,52.2232201,21.0600958,97.6,0.13,-0.051,-0.024,0.972,0,1.382533128866252,,293.42464606096246,-1.0,11.0
16375,2026-05-11 22:21:07.100000+00:00,52.2232198,21.060093,97.8,0.08,-0.053,-0.026,0.977,0,1.3940753805277848,,293.57911434829344,-1.0,11.0
16380,2026-05-11 22:21:07.600000+00:00,52.2232195,21.0600901,98.1,0.06,-0.049,-0.024,0.973,0,1.4424106867556967,,293.7396914703887,-1.0,11.0
16385,2026-05-11 22:21:08.100000+00:00,52.2232195,21.0600871,98.2,0.06,-0.052,-0.026,0.974,0,1.4713173266847204,,293.921579667006,-1.0,11.0
16390,2026-05-11 22:21:08.600000+00:00,52.2232192,21.060084,98.4,0.04,-0.051,-0.023,0.974,0,1.5392157889328486,,294.0943729964663,-1.0,11.0
16395,2026-05-11 22:21:09.100000+00:00,52.223219,21.060081,98.5,0.03,-0.051,-0.024,0.972,0,1.4800045108364497,,294.2662125753938,-1.0,11.0
16400,2026-05-11 22:21:09.600000+00:00,52.2232187,21.0600784,98.7,0.13,-0.051,-0.026,0.974,0,1.297564371210576,,294.4087720001563,-1.0,11.0
16405,2026-05-11 22:21:10.100000+00:00,52.2232183,21.0600752,98.8,0.13,-0.051,-0.024,0.975,0,1.6017450406473825,,294.58273246165317,-1.0,11.0
16410,2026-05-11 22:21:10.600000+00:00,52.2232179,21.0600722,99.0,0.1,-0.052,-0.025,0.975,0,1.5057653728968838,,294.7446181867624,-1.0,11.0
16415,2026-05-11 22:21:11.100000+00:00,52.2232173,21.0600696,99.1,0.06,-0.052,-0.024,0.975,0,1.3626203376560224,,294.8721953574336,-1.0,11.0
16420,2026-05-11 22:21:11.600000+00:00,52.2232166,21.060067,99.2,0.03,-0.051,-0.024,0.973,0,1.3928602929772103,,294.9948025269685,-1.0,11.0
16425,2026-05-11 22:21:12.100000+00:00,52.2232158,21.0600644,99.4,0.02,-0.051,-0.025,0.975,0,1.4269564613427363,,295.11245468916775,-1.0,11.0
16430,2026-05-11 22:21:12.600000+00:00,52.2232151,21.0600623,99.5,0.05,-0.049,-0.021,0.974,0,1.1725242407100132,,295.20483787349804,-1.0,11.0
16435,2026-05-11 22:21:13.100000+00:00,52.2232143,21.0600603,99.6,0.06,-0.049,-0.027,0.975,0,1.1714693631365836,,295.2861828870617,-1.0,11.0
16440,2026-05-11 22:21:13.600000+00:00,52.2232134,21.0600588,99.6,0.03,-0.053,-0.024,0.976,0,1.0297456971799885,,295.3321834790229,-1.0,11.0
16445,2026-05-11 22:21:14.100000+00:00,52.2232126,21.0600575,99.7,0.08,-0.051,-0.025,0.974,0,0.9037227937019542,,295.3710982931547,-1.0,11.0
16450,2026-05-11 22:21:14.600000+00:00,52.2232117,21.0600562,99.7,0.04,-0.051,-0.027,0.976,0,0.9621221894501817,,295.4050525721986,-1.0,11.0
16455,2026-05-11 22:21:15.100000+00:00,52.2232108,21.0600552,99.8,0.22,-0.051,-0.024,0.974,0,0.8716151685694011,,295.42081495489373,-1.0,11.0
16460,2026-05-11 22:21:15.600000+00:00,52.2232101,21.060054,99.9,0.09,-0.05,-0.025,0.975,0,0.8126729893352218,,295.45879545969836,-1.0,11.0
16465,2026-05-11 22:21:16.100000+00:00,52.2232094,21.0600533,99.9,0.06,-0.05,-0.025,0.976,0,0.6572163304210086,,295.466389749259,-1.0,11.0
16470,2026-05-11 22:21:16.600000+00:00,52.2232087,21.0600528,100.0,0.11,-0.052,-0.025,0.972,0,0.6117237627607264,,295.4618406008711,-1.0,11.0
16475,2026-05-11 22:21:17.100000+00:00,52.223208,21.0600525,100.1,0.12,-0.053,-0.024,0.976,0,0.5794144077574482,,295.44514274232404,-1.0,11.0
16480,2026-05-11 22:21:17.600000+00:00,52.2232075,21.0600525,100.1,0.17,-0.053,-0.025,0.975,0,0.40030173750320586,,295.4201848585685,-1.0,11.0
16485,2026-05-11 22:21:18.100000+00:00,52.2232072,21.060053,100.1,0.12,-0.05,-0.025,0.972,0,0.3432485909984684,,295.3747778959534,-1.0,11.0
16490,2026-05-11 22:21:18.600000+00:00,52.2232071,21.0600534,100.1,0.04,-0.044,-0.026,0.976,0,0.21188337275876304,,295.34543897410884,-1.0,11.0
16495,2026-05-11 22:21:19.100000+00:00,52.2232072,21.0600526,100.1,1.2,0.019,-0.028,0.965,0,0.4004363593122964,,295.3991268271502,-1.0,11.0
16500,2026-05-11 22:21:19.600000+00:00,52.2232085,21.0600504,100.0,2.55,0.037,-0.04,0.976,0,1.4991333237261766,,295.5979217629599,-1.0,11.0
16505,2026-05-11 22:21:20.100000+00:00,52.2232106,21.060045,100.0,4.06,0.045,-0.032,0.976,0,3.1369623555091843,,296.03143472686355,-1.0,11.0
16510,2026-05-11 22:21:20.600000+00:00,52.2232144,21.0600369,99.9,5.93,0.05,-0.036,0.978,0,5.00367467483114,,296.71419428977725,-1.0,11.0
16515,2026-05-11 22:21:21.100000+00:00,52.2232198,21.0600255,99.8,8.16,0.066,-0.03,0.974,0,7.067525444304489,,297.6778052894854,-1.0,11.0
16520,2026-05-11 22:21:21.600000+00:00,52.2232264,21.0600093,99.7,10.11,0.075,-0.044,0.96,0,9.541765809174112,,298.9935458496719,-1.0,11.0
16525,2026-05-11 22:21:22.100000+00:00,52.2232347,21.0599887,99.6,13.15,0.071,-0.067,0.983,0,12.092461399088965,,300.6621241679314,-1.0,11.0
16530,2026-05-11 22:21:22.600000+00:00,52.2232455,21.0599667,99.5,14.5,-0.014,-0.127,0.967,0,13.826746843878697,,302.54152227918837,-1.0,11.0
16535,2026-05-11 22:21:23.100000+00:00,52.2232579,21.0599448,99.5,14.97,-0.069,-0.116,0.981,0,14.625853649385927,,304.49606489623983,-1.0,11.0
16540,2026-05-11 22:21:23.600000+00:00,52.2232717,21.0599249,99.5,14.95,-0.074,-0.109,0.942,0,14.74170432655739,,306.4012917522821,-1.0,11.0
16545,2026-05-11 22:21:24.100000+00:00,52.2232876,21.0599073,99.4,16.0,-0.052,-0.174,0.936,0,15.38015363546811,,308.2762066712823,-1.0,11.0
16550,2026-05-11 22:21:24.600000+00:00,52.2233063,21.0598942,99.3,16.81,-0.06,-0.201,0.971,0,16.29161350864963,,310.0267354766888,-1.0,11.0
16555,2026-05-11 22:21:25.100000+00:00,52.2233272,21.0598846,99.2,17.07,-0.053,-0.184,0.943,0,17.382391055328416,,311.6875220732459,-1.0,11.0
16560,2026-05-11 22:21:25.600000+00:00,52.22335,21.0598771,99.1,18.93,-0.04,-0.184,0.976,0,18.620673798919825,,313.33211613819503,-1.0,11.0
16565,2026-05-11 22:21:26.100000+00:00,52.223376,21.0598735,99.1,20.02,-0.018,-0.149,0.949,0,20.8904336181225,,314.92705667796525,-1.0,11.0
16570,2026-05-11 22:21:26.600000+00:00,52.2234048,21.0598718,99.0,20.95,-0.009,-0.109,0.961,0,23.07244892730324,,316.57940031787297,-1.0,11.0
16575,2026-05-11 22:21:27.100000+00:00,52.2234365,21.0598717,99.1,23.95,0.036,-0.121,0.973,0,25.379177443858165,,318.32076857980843,-1.0,11.0
16580,2026-05-11 22:21:27.600000+00:00,52.2234709,21.0598716,99.0,25.42,0.029,-0.036,0.962,0,27.540803102911884,,320.2431389685408,-1.0,11.0
16585,2026-05-11 22:21:28.100000+00:00,52.2235096,21.0598741,98.7,27.82,0.026,-0.021,0.893,0,31.007604630243648,,322.29386244104995,-1.0,11.0
16590,2026-05-11 22:21:28.600000+00:00,52.2235473,21.0598735,98.5,28.76,-0.016,0.015,1.031,0,30.184185277405742,,324.51006959644,-1.0,11.0
16595,2026-05-11 22:21:29.100000+00:00,52.2235904,21.0598743,97.5,30.87,0.011,-0.04,0.947,0,34.50824014521939,,327.0056772451679,-1.0,11.0
16600,2026-05-11 22:21:29.600000+00:00,52.2236334,21.0598734,96.9,32.45,-0.003,-0.042,0.961,0,34.428778814268185,,325.962782714364,-1.0,11.0
16605,2026-05-11 22:21:30.100000+00:00,52.2236769,21.0598727,96.3,34.04,-0.005,-0.026,0.958,0,34.827943069790756,,321.15804854706255,-1.0,11.0
16610,2026-05-11 22:21:30.600000+00:00,52.2237245,21.0598731,95.4,35.94,-0.001,-0.037,0.971,0,38.109230181618116,,315.9117877994692,-1.0,11.0
16615,2026-05-11 22:21:31.100000+00:00,52.2237736,21.0598711,94.9,37.69,-0.007,-0.016,0.96,0,39.321866011974016,,310.4804033582031,-1.0,11.0
16620,2026-05-11 22:21:31.600000+00:00,52.2238239,21.0598676,94.4,38.39,-0.064,-0.019,0.97,0,40.30692104247453,,304.90433074245436,-1.0,11.0
16625,2026-05-11 22:21:32.100000+00:00,52.2238735,21.0598629,93.9,38.94,-0.084,-0.013,0.966,0,39.776775696216134,,299.39531660549943,-1.0,11.0
16630,2026-05-11 22:21:32.600000+00:00,52.2239234,21.0598585,93.5,38.98,-0.071,-0.015,0.969,0,40.00835007960141,,293.85658500899194,-1.0,11.0
16635,2026-05-11 22:21:33.100000+00:00,52.2239737,21.0598531,93.2,39.57,-0.08,-0.015,0.999,0,40.357342608227874,,288.26520308767607,-1.0,11.0
16640,2026-05-11 22:21:33.600000+00:00,52.2240247,21.0598468,93.2,39.95,-0.072,-0.021,0.988,0,40.94751123814919,,282.5888454414268,-1.0,11.0
16645,2026-05-11 22:21:34.100000+00:00,52.2240763,21.0598419,93.1,40.63,-0.068,-0.014,0.977,0,41.38097556995254,,276.86009466600746,-1.0,11.0
16650,2026-05-11 22:21:34.600000+00:00,52.2241296,21.0598363,92.6,40.53,-0.069,-0.01,1.006,0,42.76045377337273,,270.9382731787904,-1.0,11.0
16655,2026-05-11 22:21:35.100000+00:00,52.2241809,21.0598306,92.5,40.5,-0.065,-0.028,0.959,0,41.16598240305921,,265.23637848256243,-1.0,11.0
16660,2026-05-11 22:21:35.600000+00:00,52.224232,21.0598237,92.4,40.39,-0.078,-0.021,0.939,0,41.050551353515196,,259.54543889962565,-1.0,11.0
16665,2026-05-11 22:21:36.100000+00:00,52.2242824,21.0598171,92.4,39.87,-0.09,-0.006,1.012,0,40.480032222759064,,253.93494729887098,-1.0,11.0
16670,2026-05-11 22:21:36.600000+00:00,52.2243321,21.0598115,92.3,39.23,-0.067,-0.01,0.936,0,39.88466089568434,,248.41195880372274,-1.0,11.0
16675,2026-05-11 22:21:37.100000+00:00,52.22438,21.0598037,92.4,38.09,-0.085,-0.009,0.985,0,38.53922342604221,,243.06550106468993,-1.0,11.0
16680,2026-05-11 22:21:37.600000+00:00,52.2244278,21.0597972,92.6,38.84,-0.064,-0.053,0.95,0,38.40138595433976,,237.7434995440526,-1.0,11.0
16685,2026-05-11 22:21:38.100000+00:00,52.2244742,21.0597914,92.7,37.56,-0.077,-0.091,0.982,0,37.256744130497296,,232.5831042972407,-1.0,11.0
16690,2026-05-11 22:21:38.600000+00:00,52.2245215,21.0597854,92.6,38.15,-0.07,-0.099,0.938,0,37.98269660564242,,227.32236958068552,-1.0,11.0
16695,2026-05-11 22:21:39.100000+00:00,52.2245689,21.0597749,92.6,38.03,-0.062,-0.085,0.968,0,38.296390101821366,,222.00431399834102,-1.0,11.0
16700,2026-05-11 22:21:39.600000+00:00,52.2246154,21.0597708,92.4,37.08,-0.043,-0.081,0.969,0,37.28232324144244,,216.85238122313223,-1.0,11.0
16705,2026-05-11 22:21:40.100000+00:00,52.2246649,21.059767,92.3,39.06,-0.066,-0.051,0.984,0,39.6736661037157,,211.3755388771723,-1.0,11.0
16710,2026-05-11 22:21:40.600000+00:00,52.2247122,21.0597636,92.7,37.65,-0.006,-0.056,0.934,0,37.90523696963352,,206.1463048388762,-1.0,11.0
16715,2026-05-11 22:21:41.100000+00:00,52.2247621,21.0597576,92.7,39.68,-0.022,-0.068,1.014,0,40.05833315658942,,200.60474821159983,-1.0,11.0
16720,2026-05-11 22:21:41.600000+00:00,52.2248123,21.0597494,92.7,40.35,-0.005,-0.053,0.933,0,40.39098767278673,,195.0067715578404,-1.0,11.0
16725,2026-05-11 22:21:42.100000+00:00,52.2248618,21.0597391,93.0,40.99,-0.044,-0.057,0.972,0,39.950503964608664,,189.46242817810915,-1.0,11.0
16730,2026-05-11 22:21:42.600000+00:00,52.2249137,21.0597322,92.9,41.54,-0.056,-0.074,0.946,0,41.68888349809454,,183.69419222028577,-1.0,11.0
16735,2026-05-11 22:21:43.100000+00:00,52.224965,21.0597253,92.8,41.22,-0.09,-0.058,0.969,0,41.2101246072189,,177.9931057613922,-1.0,11.0
16740,2026-05-11 22:21:43.600000+00:00,52.2250144,21.059719,92.7,38.68,-0.075,-0.065,0.969,0,39.670309875597525,,172.50867460823275,-1.0,11.0
16745,2026-05-11 22:21:44.100000+00:00,52.2250647,21.0597123,92.7,40.36,-0.076,-0.059,0.961,0,40.40418285631695,,166.92258742711584,-1.0,11.0
16750,2026-05-11 22:21:44.600000+00:00,52.2251154,21.0597065,93.0,40.13,-0.07,-0.064,0.949,0,40.690137020460014,,161.30564021602638,-1.0,11.0
16755,2026-05-11 22:21:45.100000+00:00,52.225165,21.0596982,92.8,39.1,-0.079,-0.033,0.981,0,39.91800883622889,,155.77993426665273,-1.0,11.0
16760,2026-05-11 22:21:45.600000+00:00,52.2252147,21.0596857,93.0,39.53,-0.067,-0.078,0.935,0,40.25944691805714,,150.1913799583531,-1.0,11.0
16765,2026-05-11 22:21:46.100000+00:00,52.225264,21.0596778,93.2,38.96,-0.088,-0.096,0.997,0,39.65944276791033,,144.70553906110615,-1.0,11.0
16770,2026-05-11 22:21:46.600000+00:00,52.2253138,21.0596665,93.6,39.38,-0.071,-0.091,0.943,0,40.25334268682258,,139.1225612570912,-1.0,11.0
16775,2026-05-11 22:21:47.100000+00:00,52.2253634,21.0596571,93.7,39.26,-0.072,-0.079,0.962,0,39.976617711279474,,133.58707501035704,-1.0,11.0
16780,2026-05-11 22:21:47.600000+00:00,52.2254114,21.059649,93.7,38.31,-0.087,-0.06,0.98,0,38.63373065761435,,128.24493443338568,-1.0,11.0
16785,2026-05-11 22:21:48.100000+00:00,52.2254601,21.0596442,93.8,38.42,-0.067,-0.055,0.937,0,39.060385693439045,,122.8741732704084,-1.0,11.0
16790,2026-05-11 22:21:48.600000+00:00,52.2255093,21.0596385,93.9,38.78,-0.077,-0.002,0.962,0,39.48875512964323,,117.44117630010555,-1.0,11.0
16795,2026-05-11 22:21:49.100000+00:00,52.2255584,21.0596327,93.8,37.71,-0.113,0.001,0.985,0,39.4124047831481,,112.02258711107324,-1.0,11.0
16800,2026-05-11 22:21:49.600000+00:00,52.2256053,21.0596268,93.8,35.97,-0.133,-0.014,0.939,0,37.65962057359196,,106.84658712098229,-1.0,11.0
16805,2026-05-11 22:21:50.100000+00:00,52.2256495,21.0596196,94.0,34.77,-0.126,-0.008,0.965,0,35.56240161633228,,101.94803616145066,-1.0,11.0
16810,2026-05-11 22:21:50.600000+00:00,52.2256929,21.0596148,94.1,32.89,-0.133,-0.031,0.97,0,34.8258377830981,,97.17864044740405,-1.0,11.0
16815,2026-05-11 22:21:51.100000+00:00,52.2257331,21.0596098,94.2,30.45,-0.229,-0.011,0.978,0,32.27753323409073,,92.75791666489253,-1.0,11.0
16820,2026-05-11 22:21:51.600000+00:00,52.22577,21.0596043,94.4,27.58,-0.237,-0.034,0.951,0,29.66514492983921,,88.68998212021364,-1.0,11.0
16825,2026-05-11 22:21:52.100000+00:00,52.2258022,21.0595986,94.5,24.3,-0.218,-0.064,0.976,0,25.930542543421062,,85.12848553072371,-1.0,11.0
16830,2026-05-11 22:21:52.600000+00:00,52.2258308,21.0595932,94.5,21.88,-0.195,-0.081,0.953,0,23.04989225302268,,81.96205831113689,-1.0,11.0
16835,2026-05-11 22:21:53.100000+00:00,52.2258576,21.0595928,94.4,20.12,-0.165,-0.137,0.965,0,21.45706974833407,10.0,79.08321532902139,-1.0,11.0
16840,2026-05-11 22:21:53.600000+00:00,52.2258826,21.0595992,94.3,19.65,-0.109,-0.186,0.945,0,20.259680483795144,10.0,76.53573394829077,-1.0,11.0
16845,2026-05-11 22:21:54.100000+00:00,52.2259065,21.059612,94.3,19.2,-0.105,-0.233,0.943,0,20.137773340778136,10.0,74.25693384604844,-1.0,11.0
16850,2026-05-11 22:21:54.600000+00:00,52.2259283,21.0596292,94.1,18.82,-0.118,-0.233,0.967,0,19.38459558473749,10.0,72.33405216463403,-1.0,11.0
16855,2026-05-11 22:21:55.100000+00:00,52.2259475,21.0596518,94.1,18.36,-0.121,-0.225,0.937,0,18.950567360598864,10.0,70.86337538979353,-1.0,11.0
16860,2026-05-11 22:21:55.600000+00:00,52.2259641,21.0596811,94.0,18.83,-0.138,-0.236,0.937,0,19.57274039747108,10.0,69.9060862880688,-1.0,11.0
16865,2026-05-11 22:21:56.100000+00:00,52.2259779,21.0597132,93.8,17.58,-0.123,-0.101,0.962,0,19.232261660920752,10.0,69.40562569993116,-1.0,11.0
16870,2026-05-11 22:21:56.600000+00:00,52.2259906,21.059744,93.7,16.42,-0.104,-0.002,0.958,0,18.20796124804056,10.0,69.07267103439884,-1.0,11.0
16875,2026-05-11 22:21:57.100000+00:00,52.2260043,21.0597768,93.1,15.08,-0.083,0.083,0.973,0,19.469023382491297,10.0,68.80163090852749,-1.0,11.0
16880,2026-05-11 22:21:57.600000+00:00,52.2260192,21.0598104,92.2,14.43,-0.089,0.075,0.985,0,20.342468621949255,10.0,68.5517544473913,-1.0,11.0
16885,2026-05-11 22:21:58.100000+00:00,52.2260341,21.0598299,91.7,13.41,-0.1,0.142,0.98,0,15.288917888057425,10.0,67.8802658429982,-1.0,11.0
16890,2026-05-11 22:21:58.600000+00:00,52.2260494,21.0598386,91.5,13.59,-0.097,0.137,0.963,0,12.9710120246259,10.0,66.80901155267881,-1.0,11.0
16895,2026-05-11 22:21:59.100000+00:00,52.226066,21.0598408,91.4,12.57,-0.134,0.158,0.98,0,13.333738699271873,10.0,65.39210064013315,-1.0,11.0
16900,2026-05-11 22:21:59.600000+00:00,52.2260833,21.0598368,91.3,14.03,-0.132,0.148,0.975,0,13.988662670307951,10.0,63.681559349791854,-1.0,11.0
16905,2026-05-11 22:22:00.100000+00:00,52.2261015,21.0598281,91.2,14.29,-0.143,0.147,0.973,0,15.182784670293476,10.0,61.71025666989138,-1.0,11.0
16910,2026-05-11 22:22:00.600000+00:00,52.2261184,21.0598125,91.2,14.94,-0.142,0.155,0.97,0,15.543299624141351,10.0,59.573118871828086,-1.0,11.0
16915,2026-05-11 22:22:01.100000+00:00,52.2261319,21.0597886,91.2,15.06,-0.147,0.143,0.958,0,15.943384108354472,10.0,57.39073877508701,-1.0,11.0
16920,2026-05-11 22:22:01.600000+00:00,52.2261437,21.0597632,91.1,15.44,-0.141,0.097,0.987,0,15.633565441900164,10.0,55.30077040985928,-1.0,11.0
16925,2026-05-11 22:22:02.100000+00:00,52.2261535,21.0597385,90.9,14.67,-0.08,0.006,0.95,0,14.432057118057921,10.0,53.42511307658923,-1.0,11.0
16930,2026-05-11 22:22:02.600000+00:00,52.2261628,21.0597127,90.8,14.61,-0.052,-0.04,0.971,0,14.680690959256227,10.0,51.561408499381805,-1.0,11.0
16935,2026-05-11 22:22:03.100000+00:00,52.2261723,21.059687,90.8,14.95,-0.026,-0.06,0.964,0,14.72053271529897,10.0,49.69689456959559,-1.0,11.0
16940,2026-05-11 22:22:03.600000+00:00,52.226184,21.0596621,90.8,15.69,0.002,-0.104,0.948,0,15.390038334751864,10.0,47.672458479408654,-1.0,11.0
16945,2026-05-11 22:22:04.100000+00:00,52.2261985,21.0596391,90.8,16.97,0.007,-0.152,0.983,0,16.186003187384287,10.0,45.466128751549356,-1.0,11.0
16950,2026-05-11 22:22:04.600000+00:00,52.226216,21.0596168,90.7,18.86,0.015,-0.186,0.944,0,17.77338288652286,10.0,43.00803102047771,-1.0,11.0
16955,2026-05-11 22:22:05.100000+00:00,52.2262371,21.0595956,90.7,20.52,0.022,-0.202,0.965,0,19.835670715771162,10.0,40.253478677017796,-1.0,11.0
16960,2026-05-11 22:22:05.600000+00:00,52.2262617,21.0595731,90.8,23.58,0.02,-0.199,0.954,0,22.575183158230423,10.0,37.12388785074105,-1.0,11.0
16965,2026-05-11 22:22:06.100000+00:00,52.2262892,21.059554,90.8,24.21,-0.007,-0.193,0.971,0,23.926268782626362,10.0,33.85464943027897,-1.0,11.0
16970,2026-05-11 22:22:06.600000+00:00,52.2263186,21.0595364,90.8,25.38,-0.002,-0.144,0.957,0,25.070334767457474,10.0,30.48337711844217,-1.0,11.0
16975,2026-05-11 22:22:07.100000+00:00,52.2263502,21.0595177,90.9,27.41,0.011,-0.072,0.961,0,26.909891224841722,10.0,26.90032041227806,-1.0,11.0
16980,2026-05-11 22:22:07.600000+00:00,52.2263811,21.0594996,90.7,27.17,-0.032,-0.029,0.975,0,26.2828785890558,10.0,23.45149259591546,-1.0,11.0
16985,2026-05-11 22:22:08.100000+00:00,52.2264124,21.0594805,90.7,27.08,-0.064,-0.023,0.968,0,26.752257548087954,10.0,19.994798063697672,-1.0,11.0
16990,2026-05-11 22:22:08.600000+00:00,52.2264451,21.059459,90.5,27.15,-0.068,0.006,0.967,0,28.223175044861346,10.0,16.42450114662812,-1.0,11.0
16995,2026-05-11 22:22:09.100000+00:00,52.2264764,21.0594348,90.6,26.45,-0.099,-0.02,0.947,0,27.72709201365772,10.0,12.989513574373596,-1.0,11.0
17000,2026-05-11 22:22:09.600000+00:00,52.2265054,21.0594147,90.5,24.64,-0.168,-0.01,0.984,0,25.223297867793374,10.0,10.223866235136082,-1.0,11.0
17005,2026-05-11 22:22:10.100000+00:00,52.2265319,21.0593943,90.4,22.99,-0.159,-0.034,0.954,0,23.456398361893072,10.0,8.06802151245201,-1.0,11.0
17010,2026-05-11 22:22:10.600000+00:00,52.2265557,21.0593755,90.5,20.62,-0.186,-0.038,0.967,0,21.16764308535017,10.0,6.8797545223674215,-1.0,11.0
17015,2026-05-11 22:22:11.100000+00:00,52.2265769,21.0593596,90.5,17.92,-0.192,-0.022,0.962,0,18.67819791966129,10.0,6.83460078356801,-1.0,11.0
17020,2026-05-11 22:22:11.600000+00:00,52.2265953,21.0593457,90.3,15.77,-0.201,-0.026,0.956,0,16.23179832197012,10.0,7.551229255476226,-1.0,11.0
17025,2026-05-11 22:22:12.100000+00:00,52.2266095,21.0593358,90.2,11.8,-0.257,-0.027,0.952,0,12.361843409857633,10.0,8.507321535199761,-1.0,11.0
17030,2026-05-11 22:22:12.600000+00:00,52.2266196,21.0593284,90.0,8.1,-0.285,-0.028,0.965,0,8.863090350682896,10.0,9.311895375383374,-1.0,11.0
17035,2026-05-11 22:22:13.100000+00:00,52.2266248,21.0593218,90.0,4.13,-0.282,-0.021,0.947,0,5.273293302850731,10.0,9.699418715406809,-1.0,11.0
17040,2026-05-11 22:22:13.600000+00:00,52.2266255,21.0593184,90.0,1.17,-0.218,-0.036,0.974,0,1.7590280296538516,10.0,9.703525526952125,-1.0,11.0
17045,2026-05-11 22:22:14.100000+00:00,52.2266247,21.0593165,90.0,0.14,-0.083,-0.038,0.974,0,1.1306635985035693,10.0,9.581302811448152,-1.0,11.0
17050,2026-05-11 22:22:14.600000+00:00,52.2266236,21.0593141,90.1,0.08,-0.052,-0.036,0.967,0,1.4699701027547207,10.0,9.418805572672149,-1.0,11.0
17055,2026-05-11 22:22:15.100000+00:00,52.2266223,21.0593121,90.2,0.16,-0.048,-0.04,0.971,0,1.430107342308057,10.0,9.243467266150299,-1.0,11.0
17060,2026-05-11 22:22:15.600000+00:00,52.2266209,21.0593093,90.3,0.2,-0.05,-0.039,0.972,0,1.7725020547631058,10.0,9.044911665905746,-1.0,11.0
17065,2026-05-11 22:22:16.100000+00:00,52.2266194,21.0593067,90.5,0.09,-0.042,-0.036,0.976,0,1.7515452049510833,10.0,8.8410283089097,-1.0,11.0
17070,2026-05-11 22:22:16.600000+00:00,52.2266185,21.0593043,90.5,0.8,0.012,-0.048,0.972,0,1.3800094414889912,10.0,8.707270731900193,-1.0,11.0
17075,2026-05-11 22:22:17.100000+00:00,52.2266191,21.0593012,90.8,1.8,0.032,-0.044,0.975,0,1.5943312524473114,10.0,8.730144125699287,-1.0,11.0
17080,2026-05-11 22:22:17.600000+00:00,52.2266213,21.0592974,91.2,2.96,0.039,-0.038,0.983,0,2.5641770173341247,10.0,8.92656057572426,-1.0,11.0
17085,2026-05-11 22:22:18.100000+00:00,52.2266246,21.0592928,91.7,4.03,0.055,-0.034,0.976,0,3.474041523167753,10.0,9.247532178617567,-1.0,11.0
17090,2026-05-11 22:22:18.600000+00:00,52.2266316,21.0592857,92.0,7.94,0.068,-0.037,0.974,0,6.5977732664332915,10.0,9.980671856206703,-1.0,11.0
17095,2026-05-11 22:22:19.100000+00:00,52.2266411,21.0592746,92.1,10.09,0.073,-0.038,0.963,0,9.352987700155117,10.0,11.02062963905991,-1.0,11.0
17100,2026-05-11 22:22:19.600000+00:00,52.2266536,21.0592611,92.2,12.85,0.082,-0.039,0.977,0,11.999201820156006,10.0,12.456519877010527,-1.0,11.0
17105,2026-05-11 22:22:20.100000+00:00,52.2266693,21.0592464,92.3,15.16,0.09,-0.048,0.986,0,14.489992135254033,10.0,14.307731366248676,-1.0,11.0
17110,2026-05-11 22:22:20.600000+00:00,52.2266877,21.0592285,92.3,17.84,0.111,-0.057,0.965,0,17.148230202588476,10.0,16.534452432113856,-1.0,11.0
17115,2026-05-11 22:22:21.100000+00:00,52.2267092,21.0592081,92.3,20.58,0.067,-0.042,0.964,0,19.9090430030218,10.0,19.174924953860295,-1.0,11.0
17120,2026-05-11 22:22:21.600000+00:00,52.2267328,21.0591861,92.4,22.29,0.064,-0.041,0.992,0,21.75754560090603,10.0,22.100921358360065,-1.0,11.0
17125,2026-05-11 22:22:22.100000+00:00,52.2267585,21.0591631,92.2,24.26,0.036,-0.076,0.95,0,23.46427108578381,10.0,25.292839525251598,-1.0,11.0
17130,2026-05-11 22:22:22.600000+00:00,52.2267861,21.0591372,92.2,26.27,0.036,-0.075,0.974,0,25.486989983726385,10.0,28.764435894087686,-1.0,11.0
17135,2026-05-11 22:22:23.100000+00:00,52.2268157,21.0591111,92.1,27.75,0.027,-0.059,0.971,0,26.933511945118717,10.0,32.46403654662686,-1.0,11.0
17140,2026-05-11 22:22:23.600000+00:00,52.2268466,21.0590833,92.1,28.72,0.02,-0.084,0.961,0,28.246451788698934,10.0,36.348785069310814,-1.0,11.0
17145,2026-05-11 22:22:24.100000+00:00,52.2268792,21.0590555,92.2,30.08,-0.07,-0.092,0.966,0,29.44578141859494,10.0,40.41628467173816,-1.0,11.0
17150,2026-05-11 22:22:24.600000+00:00,52.2269116,21.059031,92.2,28.56,-0.092,-0.068,0.977,0,28.586971247263225,10.0,44.38195620145448,-1.0,11.0
17155,2026-05-11 22:22:25.100000+00:00,52.2269431,21.0590056,92.2,28.22,-0.076,-0.078,0.946,0,28.127445472982632,10.0,48.279333827599395,-1.0,11.0
17160,2026-05-11 22:22:25.600000+00:00,52.226975,21.058984,92.1,27.44,-0.069,-0.077,0.958,0,27.64880373223585,10.0,52.119445349931745,-1.0,11.0
17165,2026-05-11 22:22:26.100000+00:00,52.2270056,21.0589618,91.8,27.35,-0.065,-0.068,0.967,0,26.808539251938846,10.0,55.841746600865264,-1.0,11.0
17170,2026-05-11 22:22:26.600000+00:00,52.2270371,21.0589415,91.8,27.22,-0.033,-0.048,0.983,0,27.112758671554385,10.0,59.606793905551555,-1.0,11.0
17175,2026-05-11 22:22:27.100000+00:00,52.2270684,21.0589192,91.7,27.68,-0.011,-0.046,0.954,0,27.341190050616863,10.0,63.40359984300674,-1.0,11.0
17180,2026-05-11 22:22:27.600000+00:00,52.2271017,21.0588962,91.7,29.29,-0.018,-0.036,0.971,0,28.94787022475737,10.0,67.42407567175182,-1.0,11.0
17185,2026-05-11 22:22:28.100000+00:00,52.2271356,21.0588721,91.8,29.57,-0.015,-0.023,0.971,0,29.602068198951265,10.0,71.53498838572447,-1.0,11.0
17190,2026-05-11 22:22:28.600000+00:00,52.2271695,21.058844,92.0,30.44,-0.022,-0.039,0.966,0,30.438398530317357,10.0,75.75160657287631,-1.0,11.0
17195,2026-05-11 22:22:29.100000+00:00,52.2272046,21.0588178,92.1,30.73,-0.061,-0.036,0.976,0,30.89913733605597,,80.04145306120947,-1.0,11.0
17200,2026-05-11 22:22:29.600000+00:00,52.2272391,21.0587915,92.2,30.17,-0.065,-0.035,0.95,0,30.48363905666539,,84.27277235057997,-1.0,11.0
17205,2026-05-11 22:22:30.100000+00:00,52.2272733,21.0587654,92.3,30.08,-0.033,-0.021,0.937,0,30.22451627305585,,88.46830481842188,-1.0,11.0
17210,2026-05-11 22:22:30.600000+00:00,52.2273051,21.058742,92.0,28.04,-0.041,-0.028,1.013,0,27.92581470838735,,92.34624659384431,-1.0,11.0
17215,2026-05-11 22:22:31.100000+00:00,52.2273363,21.0587209,92.0,27.95,-0.062,-0.051,0.928,0,27.037172126296504,,96.10110888130404,-1.0,11.0
17220,2026-05-11 22:22:31.600000+00:00,52.2273669,21.0586954,92.4,27.76,-0.087,-0.044,0.985,0,27.505466935450286,,99.91310814757057,-1.0,11.0
17225,2026-05-11 22:22:32.100000+00:00,52.2273972,21.0586709,92.6,26.78,-0.099,-0.093,1.041,0,27.070570328658555,,103.66797699457078,-1.0,11.0
17230,2026-05-11 22:22:32.600000+00:00,52.2274255,21.0586284,92.9,28.79,-0.045,-0.028,0.875,0,30.785051952648573,,107.71636149122045,-1.0,11.0
17235,2026-05-11 22:22:33.100000+00:00,52.2274544,21.0585886,93.2,30.29,-0.053,-0.037,0.956,0,30.270095585249074,,111.76491796563712,-1.0,11.0
17240,2026-05-11 22:22:33.600000+00:00,52.2274785,21.0585458,93.7,28.71,-0.061,-0.033,0.998,0,28.50979768980958,,115.43047919988346,-1.0,11.0
17245,2026-05-11 22:22:34.100000+00:00,52.2274979,21.0585186,94.0,23.26,-0.023,-0.034,0.955,0,20.473246462110158,,118.17817778714932,-1.0,11.0
17250,2026-05-11 22:22:34.600000+00:00,52.2275206,21.0585053,93.8,21.18,-0.03,-0.01,0.938,0,19.308613406564316,,120.84470512666016,-1.0,11.0
17255,2026-05-11 22:22:35.100000+00:00,52.2275551,21.0584935,93.4,24.84,-0.045,-0.047,0.988,0,28.220464930246187,,124.65219900871719,-1.0,11.0
17260,2026-05-11 22:22:35.600000+00:00,52.227588,21.0584724,93.5,27.52,-0.006,-0.048,0.984,0,28.299355533136932,,128.5738355976762,-1.0,11.0
17265,2026-05-11 22:22:36.100000+00:00,52.2276211,21.0584484,93.6,28.69,-0.022,-0.053,0.949,0,28.995980550168966,,125.40484454413684,-1.0,11.0
17270,2026-05-11 22:22:36.600000+00:00,52.2276555,21.0584313,93.6,29.15,-0.05,-0.071,0.979,0,28.789111863452508,,121.41899998624872,-1.0,11.0
17275,2026-05-11 22:22:37.100000+00:00,52.2276885,21.0584054,93.9,29.28,0.014,-0.052,0.972,0,29.314327691885733,,117.35839329024306,-1.0,11.0
17280,2026-05-11 22:22:37.600000+00:00,52.2277266,21.0583762,94.0,31.83,0.0,-0.054,0.919,0,33.6968399892284,,112.68856433987045,-1.0,11.0
17285,2026-05-11 22:22:38.100000+00:00,52.2277692,21.0583613,94.3,33.99,0.001,-0.032,0.997,0,34.879630174515285,,107.90894866190212,-1.0,11.0
17290,2026-05-11 22:22:38.600000+00:00,52.2278082,21.0583289,94.5,34.23,0.022,-0.012,0.977,0,35.03364839913559,,103.06486588587167,-1.0,11.0
17295,2026-05-11 22:22:39.100000+00:00,52.2278499,21.0582996,95.0,35.87,0.008,-0.045,0.973,0,36.345830626421225,,98.019617551062,-1.0,11.0
17300,2026-05-11 22:22:39.600000+00:00,52.2278907,21.0582705,95.5,35.11,0.011,-0.043,0.968,0,35.645735970497896,,93.07289178625535,-1.0,11.0
17305,2026-05-11 22:22:40.100000+00:00,52.2279325,21.058239,96.0,36.88,0.012,-0.046,0.961,0,36.85834050694298,,87.96414811918564,-1.0,11.0
17310,2026-05-11 22:22:40.600000+00:00,52.2279753,21.058206,96.2,37.3,0.005,-0.044,0.983,0,37.89497186365899,,82.71651435461591,-1.0,11.0
17315,2026-05-11 22:22:41.100000+00:00,52.2280207,21.0581733,96.4,39.36,0.0,-0.045,0.947,0,39.727507360429634,9.0,77.20729023104289,-1.0,11.0
17320,2026-05-11 22:22:41.600000+00:00,52.2280665,21.0581425,96.3,39.42,-0.014,-0.019,0.992,0,39.656563731680066,9.0,71.702595734643,-1.0,11.0
17325,2026-05-11 22:22:42.100000+00:00,52.2281126,21.0581097,96.1,40.64,-0.017,-0.042,0.968,0,40.260436874633974,9.0,66.12017689007027,-1.0,11.0
17330,2026-05-11 22:22:42.600000+00:00,52.2281599,21.0580727,96.3,41.1,-0.039,-0.046,0.964,0,41.99095146513937,9.0,60.31750092121914,-1.0,11.0
17335,2026-05-11 22:22:43.100000+00:00,52.2282067,21.0580331,96.6,41.58,-0.072,-0.015,0.972,0,42.201601987615234,9.0,54.51655685116683,-1.0,11.0
17340,2026-05-11 22:22:43.600000+00:00,52.2282543,21.0579985,96.5,40.53,-0.064,-0.021,0.97,0,41.71526664274314,9.0,48.750111359293626,-1.0,11.0
17345,2026-05-11 22:22:44.100000+00:00,52.2283025,21.0579612,96.5,40.33,-0.059,-0.05,0.953,0,42.704673295832265,9.0,42.872868054503336,-1.0,11.0
17350,2026-05-11 22:22:44.600000+00:00,52.2283499,21.05793,96.6,40.19,-0.054,-0.028,0.97,0,40.916802978335426,9.0,37.213407998016685,-1.0,11.0
17355,2026-05-11 22:22:45.100000+00:00,52.2283964,21.0578998,96.7,39.14,-0.063,-0.024,0.966,0,40.06558492005945,9.0,31.676939105621898,-1.0,11.0
17360,2026-05-11 22:22:45.600000+00:00,52.2284438,21.0578718,96.4,41.05,-0.059,-0.02,0.967,0,40.35626775597761,9.0,26.09246157544933,-1.0,11.0
17365,2026-05-11 22:22:46.100000+00:00,52.2284874,21.0578394,96.6,38.87,-0.065,-0.032,0.977,0,38.35218680824552,9.0,20.86705049454813,-1.0,11.0
17370,2026-05-11 22:22:46.600000+00:00,52.2285303,21.0578102,96.3,37.66,-0.052,-0.034,0.962,0,37.21125063384278,9.0,15.817573383365598,-1.0,11.0
17375,2026-05-11 22:22:47.100000+00:00,52.228575,21.0577787,96.1,38.08,-0.064,-0.054,0.975,0,38.978412938914126,9.0,10.67629678778261,-1.0,11.0
17380,2026-05-11 22:22:47.600000+00:00,52.228616,21.0577492,96.3,35.29,-0.056,-0.068,0.946,0,35.87108463933742,9.0,6.382300865106155,-1.0,11.0
17385,2026-05-11 22:22:48.100000+00:00,52.2286604,21.0577202,96.3,38.22,-0.061,-0.091,0.958,0,38.28591613285857,9.0,3.979016813116694,-1.0,11.0
17390,2026-05-11 22:22:48.600000+00:00,52.2287059,21.0576904,96.6,38.61,-0.064,-0.077,0.962,0,39.24930388550608,9.0,7.003529889008891,-1.0,11.0
17395,2026-05-11 22:22:49.100000+00:00,52.2287509,21.0576627,96.9,38.65,-0.08,-0.078,0.99,0,38.50281624016125,9.0,11.76777697877027,-1.0,11.0
17400,2026-05-11 22:22:49.600000+00:00,52.2287946,21.0576375,97.2,37.24,-0.063,-0.045,0.948,0,37.10464262834109,9.0,16.669433566870445,-1.0,11.0
17405,2026-05-11 22:22:50.100000+00:00,52.2288373,21.0576096,97.7,36.77,-0.068,-0.004,0.978,0,36.821881000060415,9.0,21.688350331237316,-1.0,11.0
17410,2026-05-11 22:22:50.600000+00:00,52.2288795,21.0575834,97.9,35.9,-0.073,0.013,0.951,0,36.14589306169987,9.0,26.637867846687765,-1.0,11.0
17415,2026-05-11 22:22:51.100000+00:00,52.22892,21.0575587,98.1,34.12,-0.137,-0.005,0.984,0,34.6128888230051,9.0,31.394835980753673,-1.0,11.0
17420,2026-05-11 22:22:51.600000+00:00,52.2289589,21.0575319,98.4,33.22,-0.107,-0.007,0.974,0,33.80281310386231,9.0,36.07255354101828,-1.0,11.0
17425,2026-05-11 22:22:52.100000+00:00,52.228998,21.057507,98.4,31.4,-0.104,-0.023,0.951,0,33.60071061291614,9.0,40.71564488147674,-1.0,11.0
17430,2026-05-11 22:22:52.600000+00:00,52.2290417,21.0574711,98.3,30.84,-0.153,-0.035,0.957,0,39.1658443454641,9.0,46.155344756904775,-1.0,11.0
17435,2026-05-11 22:22:53.100000+00:00,52.2290815,21.0574358,98.4,29.34,-0.132,-0.03,0.983,0,36.26236986251667,9.0,51.18960700938639,-1.0,11.0
17440,2026-05-11 22:22:53.600000+00:00,52.2291188,21.0574014,98.4,26.85,-0.136,-0.037,0.951,0,34.29764253663404,9.0,55.9488586200244,-1.0,11.0
17445,2026-05-11 22:22:54.100000+00:00,52.2291545,21.0573723,98.2,25.64,-0.167,-0.004,1.026,0,31.94579820156545,9.0,60.38555074540436,-1.0,11.0
17450,2026-05-11 22:22:54.600000+00:00,52.2291874,21.0573455,98.5,25.81,-0.124,-0.028,0.919,0,29.43637638977133,9.0,64.47374710333106,-1.0,11.0
17455,2026-05-11 22:22:55.100000+00:00,52.2292129,21.0573218,98.7,23.57,-0.155,-0.035,0.947,0,23.491600320706667,9.0,67.73326861383144,-1.0,11.0
17460,2026-05-11 22:22:55.600000+00:00,52.2292351,21.0572996,98.8,21.1,-0.186,-0.013,0.999,0,20.842376237046388,9.0,70.6201832855972,-1.0,11.0
17465,2026-05-11 22:22:56.100000+00:00,52.229256,21.057284,99.1,18.38,-0.187,-0.032,0.97,0,18.3983679699538,9.0,73.17260361641979,-1.0,11.0
17470,2026-05-11 22:22:56.600000+00:00,52.2292735,21.05727,99.4,15.57,-0.177,-0.044,0.923,0,15.602145971826403,9.0,75.33914457583735,-1.0,11.0
17475,2026-05-11 22:22:57.100000+00:00,52.2292897,21.0572658,99.2,11.54,-0.248,-0.038,0.978,0,13.13228449002375,9.0,77.07394420744306,-1.0,11.0
17480,2026-05-11 22:22:57.600000+00:00,52.2293006,21.0572574,99.3,8.3,-0.252,-0.035,0.96,0,9.649888609338944,9.0,78.41373687477459,-1.0,11.0
17485,2026-05-11 22:22:58.100000+00:00,52.2293058,21.0572508,99.3,4.11,-0.264,-0.024,0.951,0,5.273173339946041,9.0,79.13257190071305,-1.0,11.0
17490,2026-05-11 22:22:58.600000+00:00,52.2293087,21.0572472,99.3,1.63,-0.206,-0.028,0.968,0,2.916666629528168,9.0,79.53107679218431,-1.0,11.0
17495,2026-05-11 22:22:59.100000+00:00,52.2293145,21.0572441,98.8,0.18,-0.086,-0.041,0.979,0,4.885996072605207,,80.20176684355478,-1.0,11.0
17500,2026-05-11 22:22:59.600000+00:00,52.2293193,21.0572396,98.5,0.3,-0.03,-0.043,0.97,0,4.431394838961535,,80.81639409142002,-1.0,11.0
17505,2026-05-11 22:23:00.100000+00:00,52.2293237,21.0572368,98.3,0.18,-0.03,-0.043,0.968,0,3.7807857951420805,,81.33903020827549,-1.0,11.0
17510,2026-05-11 22:23:00.600000+00:00,52.2293274,21.0572341,98.3,0.08,-0.034,-0.045,0.973,0,3.2446584915862022,,81.7891586045213,-1.0,11.0
17515,2026-05-11 22:23:01.100000+00:00,52.2293292,21.0572329,98.2,0.14,-0.036,-0.042,0.973,0,1.5565982882509817,,82.00465451980483,-1.0,11.0
17520,2026-05-11 22:23:01.600000+00:00,52.2293306,21.0572327,98.1,0.17,-0.004,-0.045,0.976,0,1.1251274443741301,,82.14975576758304,-1.0,11.0
17525,2026-05-11 22:23:02.100000+00:00,52.2293342,21.0572338,98.1,1.53,0.036,-0.054,0.971,0,2.932214198870068,,82.47377351154532,-1.0,11.0
17530,2026-05-11 22:23:02.600000+00:00,52.2293397,21.0572365,97.9,2.72,0.052,-0.041,0.975,0,4.598065185613276,,82.93943385416333,-1.0,11.0
17535,2026-05-11 22:23:03.100000+00:00,52.2293452,21.0572309,98.0,4.55,0.058,-0.04,0.972,0,5.189429257690599,,83.656713888257,-1.0,11.0
17540,2026-05-11 22:23:03.600000+00:00,52.2293522,21.0572237,98.0,6.5,0.076,-0.043,0.973,0,6.6236689344328585,,84.5719041674289,-1.0,11.0
17545,2026-05-11 22:23:04.100000+00:00,52.2293613,21.0572146,98.1,8.37,0.084,-0.04,0.973,0,8.54348960050199,,85.75390684830336,-1.0,11.0
17550,2026-05-11 22:23:04.600000+00:00,52.2293718,21.0572027,98.0,10.81,0.089,-0.044,0.987,0,10.233210131128843,,87.16058461829346,-1.0,11.0
17555,2026-05-11 22:23:05.100000+00:00,52.2293851,21.0571885,98.1,13.51,0.106,-0.038,0.973,0,12.722719132062027,,88.91626007355765,-1.0,11.0
17560,2026-05-11 22:23:05.600000+00:00,52.2294023,21.0571723,98.3,16.11,0.114,-0.042,0.955,0,15.897504008074403,,91.12081201713639,-1.0,11.0
17565,2026-05-11 22:23:06.100000+00:00,52.2294224,21.0571556,98.2,18.09,0.091,-0.057,0.981,0,18.056009741768925,,93.62858297077837,-1.0,11.0
17570,2026-05-11 22:23:06.600000+00:00,52.2294448,21.0571368,98.1,20.52,0.091,-0.071,0.964,0,20.164334211657426,,96.42912542528353,-1.0,11.0
17575,2026-05-11 22:23:07.100000+00:00,52.2294701,21.0571148,98.3,23.14,0.063,-0.073,0.964,0,22.949072750265916,,99.61581746957918,-1.0,11.0
17580,2026-05-11 22:23:07.600000+00:00,52.2294972,21.0570921,98.4,25.37,0.04,-0.06,0.989,0,24.38523702750362,,103.00261576164017,-1.0,11.0
17585,2026-05-11 22:23:08.100000+00:00,52.2295231,21.0570672,98.3,25.42,0.035,-0.043,0.949,0,24.063570484284778,,106.33836925931811,-1.0,11.0
17590,2026-05-11 22:23:08.600000+00:00,52.2295533,21.0570458,98.4,27.06,0.042,-0.054,0.987,0,26.35732471690352,,109.99236704880332,-1.0,11.0
17595,2026-05-11 22:23:09.100000+00:00,52.229583,21.057015,98.7,28.41,0.048,-0.05,0.984,0,28.169154361058332,,113.88709104588503,-1.0,11.0
17600,2026-05-11 22:23:09.600000+00:00,52.2296169,21.0569886,98.8,30.11,0.045,-0.124,0.933,0,30.069859025827718,,118.06194631006248,-1.0,11.0
17605,2026-05-11 22:23:10.100000+00:00,52.2296529,21.0569633,98.8,30.87,0.028,-0.073,0.935,0,31.37847234411693,,122.41118044495622,-1.0,11.0
17610,2026-05-11 22:23:10.600000+00:00,52.2296902,21.0569375,99.0,31.95,-0.008,-0.076,0.992,0,32.431923841373774,,126.90543350764804,-1.0,11.0
17615,2026-05-11 22:23:11.100000+00:00,52.2297284,21.0569125,99.0,33.3,0.014,-0.092,0.965,0,32.948607601483296,,131.46547887879612,-1.0,11.0
17620,2026-05-11 22:23:11.600000+00:00,52.2297687,21.0568869,99.1,35.06,0.01,-0.111,0.973,0,34.62042848454723,,136.25393379802583,-1.0,11.0
17625,2026-05-11 22:23:12.100000+00:00,52.2298106,21.0568594,99.0,35.69,0.007,-0.098,0.946,0,36.154302057176984,,141.26052221512762,-1.0,11.0
17630,2026-05-11 22:23:12.600000+00:00,52.2298542,21.0568331,99.1,36.91,0.0,-0.107,0.976,0,37.21254597685618,,146.40206852714158,-1.0,11.0
17635,2026-05-11 22:23:13.100000+00:00,52.2299004,21.0568065,99.1,38.04,0.014,-0.063,0.949,0,39.22042885016947,,151.4888229846158,-1.0,11.0
17640,2026-05-11 22:23:13.600000+00:00,52.229947,21.0567764,99.3,38.88,0.003,-0.015,0.965,0,40.12172986935767,,145.91837021555875,-1.0,11.0
17645,2026-05-11 22:23:14.100000+00:00,52.2299949,21.0567471,99.3,39.85,-0.014,0.01,0.99,0,40.95203135715051,,140.23083350995282,-1.0,11.0
17650,2026-05-11 22:23:14.600000+00:00,52.230043,21.0567152,99.4,40.11,-0.022,0.017,0.976,0,41.56484652987239,,134.46202578289615,-1.0,11.0
17655,2026-05-11 22:23:15.100000+00:00,52.2300919,21.0566827,99.1,41.03,-0.016,0.038,0.976,0,42.26897350000915,,128.59604567958957,-1.0,11.0
17660,2026-05-11 22:23:15.600000+00:00,52.2301403,21.0566477,99.0,40.99,-0.04,0.033,0.964,0,42.3799420739899,,122.72562459739751,-1.0,11.0
17665,2026-05-11 22:23:16.100000+00:00,52.2301872,21.0566138,98.6,40.76,-0.043,0.033,0.951,0,41.0634712745262,,117.03898730931738,-1.0,11.0
17670,2026-05-11 22:23:16.600000+00:00,52.230233,21.0565776,98.5,40.98,-0.055,0.014,1.0,0,40.73840113206169,,111.41830490708487,-1.0,11.0
17675,2026-05-11 22:23:17.100000+00:00,52.2302782,21.0565402,98.4,40.93,-0.024,-0.019,0.959,0,40.569161511864024,,105.83862998064734,-1.0,11.0
17680,2026-05-11 22:23:17.600000+00:00,52.2303242,21.0565041,98.3,41.59,-0.054,-0.048,0.992,0,40.86129815634349,,100.20830728093317,-1.0,11.0
17685,2026-05-11 22:23:18.100000+00:00,52.2303701,21.0564669,98.4,41.34,-0.042,-0.098,0.93,0,41.02611743911129,,94.57103670193467,-1.0,11.0
17690,2026-05-11 22:23:18.600000+00:00,52.230415,21.0564296,98.5,40.45,-0.016,-0.018,0.999,0,40.33278193961881,,89.04571628605065,-1.0,11.0
17695,2026-05-11 22:23:19.100000+00:00,52.230462,21.0563986,98.6,40.71,-0.062,-0.1,0.951,0,40.58285835277992,,83.43030388638839,-1.0,11.0
17700,2026-05-11 22:23:19.600000+00:00,52.2305082,21.0563683,98.5,39.89,-0.06,-0.07,0.953,0,39.860503015575546,8.0,77.91677912790348,-1.0,11.0
17705,2026-05-11 22:23:20.100000+00:00,52.230554,21.0563395,98.4,39.37,-0.083,-0.045,0.984,0,39.293201550546016,8.0,72.47784046541584,-1.0,11.0
17710,2026-05-11 22:23:20.600000+00:00,52.2305971,21.0563083,98.3,37.65,-0.052,-0.055,0.945,0,37.74558463521753,8.0,67.2867873841984,-1.0,11.0
17715,2026-05-11 22:23:21.100000+00:00,52.2306403,21.0562791,98.3,37.44,-0.083,-0.052,0.98,0,37.43279092050463,8.0,62.12873463393787,-1.0,11.0
17720,2026-05-11 22:23:21.600000+00:00,52.2306815,21.056242,98.2,38.17,-0.066,-0.055,0.942,0,37.66907017293631,8.0,57.0634620244004,-1.0,11.0
17725,2026-05-11 22:23:22.100000+00:00,52.2307236,21.0562127,98.1,36.68,-0.143,-0.024,0.982,0,36.639839769610255,8.0,52.048733622861036,-1.0,11.0
17730,2026-05-11 22:23:22.600000+00:00,52.2307612,21.0561858,97.9,33.23,-0.113,-0.039,0.965,0,32.86583784201633,8.0,47.57311727830379,-1.0,11.0
17735,2026-05-11 22:23:23.100000+00:00,52.230795,21.0561521,97.8,32.3,-0.108,-0.021,0.956,0,31.707100445333214,8.0,43.45006553299983,-1.0,11.0
17740,2026-05-11 22:23:23.600000+00:00,52.2308286,21.0561203,97.6,31.29,-0.134,-0.029,0.973,0,31.09301844379454,8.0,39.42694831269116,-1.0,11.0
17745,2026-05-11 22:23:24.100000+00:00,52.23086,21.0560889,97.0,30.38,-0.13,-0.026,0.961,0,29.479463864245634,8.0,35.71942602768773,-1.0,11.0
17750,2026-05-11 22:23:24.600000+00:00,52.230893,21.0560671,96.9,28.12,-0.146,-0.019,0.968,0,28.500564737141588,8.0,31.95512355949363,-1.0,11.0
17755,2026-05-11 22:23:25.100000+00:00,52.2309224,21.0560437,96.8,25.96,-0.153,-0.029,0.97,0,26.185579799297283,8.0,28.64385277640853,-1.0,11.0
17760,2026-05-11 22:23:25.600000+00:00,52.230951,21.0560234,96.9,24.57,-0.132,-0.019,0.939,0,24.967383811968176,8.0,25.49860173792218,-1.0,11.0
17765,2026-05-11 22:23:26.100000+00:00,52.2309777,21.0560052,97.0,22.99,-0.164,-0.014,1.003,0,23.164277080998875,8.0,22.641561745800786,-1.0,11.0
17770,2026-05-11 22:23:26.600000+00:00,52.2310012,21.0559867,96.9,20.82,-0.112,-0.044,0.956,0,20.886986188891775,8.0,20.24800821240087,-1.0,11.0
17775,2026-05-11 22:23:27.100000+00:00,52.2310243,21.0559697,97.0,19.32,-0.127,-0.036,0.96,0,20.285826232585876,8.0,18.01838862051276,-1.0,11.0
17780,2026-05-11 22:23:27.600000+00:00,52.231045,21.0559516,97.4,18.44,-0.107,-0.02,0.956,0,18.799466870555168,8.0,16.250754921156062,-1.0,11.0
17785,2026-05-11 22:23:28.100000+00:00,52.2310639,21.0559376,97.5,16.85,-0.11,-0.04,0.956,0,16.615859362786136,8.0,14.77118119912284,-1.0,11.0
17790,2026-05-11 22:23:28.600000+00:00,52.2310821,21.0559249,97.7,15.36,-0.179,-0.025,0.973,0,15.845977299837447,8.0,13.535013087773802,-1.0,11.0
17795,2026-05-11 22:23:29.100000+00:00,52.2310967,21.0559137,97.9,12.39,-0.215,-0.007,0.958,0,12.914710583986139,8.0,12.780392938030422,-1.0,11.0
17800,2026-05-11 22:23:29.600000+00:00,52.2311098,21.0559064,98.0,10.72,-0.139,-0.032,0.969,0,11.081943944345767,8.0,12.14408207934961,-1.0,11.0
17805,2026-05-11 22:23:30.100000+00:00,52.2311211,21.0559003,98.1,9.65,-0.118,-0.027,0.968,0,9.528478165370418,8.0,11.719365576757513,-1.0,11.0
17810,2026-05-11 22:23:30.600000+00:00,52.2311299,21.0558944,98.0,7.25,-0.105,-0.027,0.967,0,7.616185845061831,8.0,11.55228146697953,-1.0,11.0
17815,2026-05-11 22:23:31.100000+00:00,52.2311375,21.0558894,98.3,6.16,-0.086,-0.027,0.971,0,6.559977984601143,8.0,11.478763363464198,-1.0,11.0
17820,2026-05-11 22:23:31.600000+00:00,52.2311456,21.0558865,98.4,6.15,-0.054,-0.029,0.973,0,6.638969337814494,8.0,11.323933606391321,-1.0,11.0
17825,2026-05-11 22:23:32.100000+00:00,52.2311537,21.055884,98.5,6.39,-0.036,-0.039,0.98,0,6.599738845600597,8.0,11.216535687060512,-1.0,11.0
17830,2026-05-11 22:23:32.600000+00:00,52.2311622,21.0558812,98.7,6.54,-0.029,-0.029,0.971,0,6.94225270842719,8.0,11.195628901541335,-1.0,11.0
17835,2026-05-11 22:23:33.100000+00:00,52.231169,21.055875,98.8,6.21,-0.025,-0.031,0.972,0,6.2354589575932335,8.0,11.506722780692426,-1.0,11.0
17840,2026-05-11 22:23:33.600000+00:00,52.2311779,21.0558707,99.0,7.14,-0.028,-0.036,0.977,0,7.430795824424922,8.0,11.736699694066722,-1.0,11.0
17845,2026-05-11 22:23:34.100000+00:00,52.2311858,21.055866,99.1,6.93,-0.025,-0.028,0.97,0,6.731574617660878,8.0,12.071705855173976,-1.0,11.0
17850,2026-05-11 22:23:34.600000+00:00,52.2311942,21.0558621,99.4,6.17,-0.026,-0.033,0.969,0,6.991688719742489,8.0,12.420841473497694,-1.0,11.0
17855,2026-05-11 22:23:35.100000+00:00,52.2312036,21.0558589,99.5,7.17,-0.029,-0.045,0.979,0,7.687515594323257,8.0,12.809682769474968,-1.0,11.0
17860,2026-05-11 22:23:35.600000+00:00,52.2312127,21.0558544,99.8,7.19,-0.035,-0.037,0.971,0,7.612317542567256,8.0,13.34921344276346,-1.0,11.0
17865,2026-05-11 22:23:36.100000+00:00,52.2312222,21.0558516,99.8,6.97,-0.064,-0.028,0.965,0,7.728664451595183,8.0,13.854036605746185,-1.0,11.0
17870,2026-05-11 22:23:36.600000+00:00,52.2312316,21.0558514,99.7,6.78,-0.046,-0.035,0.974,0,7.526311605517029,8.0,14.25452352477188,-1.0,11.0
17875,2026-05-11 22:23:37.100000+00:00,52.2312408,21.05585,99.7,6.56,-0.037,-0.035,0.97,0,7.397474230738658,8.0,14.780882316058321,-1.0,11.0
17880,2026-05-11 22:23:37.600000+00:00,52.2312493,21.0558475,99.7,5.76,-0.026,-0.037,0.965,0,6.914662685335142,8.0,15.38350960366513,-1.0,11.0
17885,2026-05-11 22:23:38.100000+00:00,52.2312577,21.0558412,99.2,6.09,-0.029,-0.037,0.985,0,7.400659246349018,8.0,16.233580443467076,-1.0,11.0
17890,2026-05-11 22:23:38.600000+00:00,52.2312673,21.0558344,98.9,6.65,-0.027,-0.036,0.974,0,8.377918684481102,8.0,17.20633763445128,-1.0,11.0
17895,2026-05-11 22:23:39.100000+00:00,52.2312777,21.0558268,98.2,6.78,-0.029,-0.025,0.97,0,9.122218907957084,8.0,18.29812137926717,-1.0,11.0
17900,2026-05-11 22:23:39.600000+00:00,52.231288,21.055822,98.0,6.86,-0.03,-0.037,0.977,0,8.575539926065415,8.0,19.254898175583293,-1.0,11.0
17905,2026-05-11 22:23:40.100000+00:00,52.2312967,21.0558166,98.0,6.2,-0.03,-0.029,0.971,0,7.451579048130457,8.0,20.152607889437927,-1.0,11.0
17910,2026-05-11 22:23:40.600000+00:00,52.2313046,21.0558101,97.8,5.92,-0.041,-0.012,0.972,0,7.0824712391384494,8.0,21.06049273098133,-1.0,11.0
17915,2026-05-11 22:23:41.100000+00:00,52.2313096,21.0557967,97.8,5.83,-0.074,-0.006,0.974,0,7.6940286268366345,8.0,22.114304408163825,-1.0,11.0
17920,2026-05-11 22:23:41.600000+00:00,52.2313172,21.0557897,97.8,4.84,-0.08,-0.023,0.971,0,6.985978141707592,8.0,23.028980471015597,-1.0,11.0
17925,2026-05-11 22:23:42.100000+00:00,52.2313239,21.0557837,98.0,4.37,-0.069,-0.023,0.974,0,6.117916271773864,8.0,23.830351903249706,-1.0,11.0
17930,2026-05-11 22:23:42.600000+00:00,52.2313281,21.055779,97.8,3.65,-0.027,-0.023,0.964,0,4.076520348066561,8.0,24.381486732582957,-1.0,11.0
17935,2026-05-11 22:23:43.100000+00:00,52.2313333,21.0557742,97.8,4.45,-0.006,-0.031,0.978,0,4.782417504823345,8.0,25.01393757467696,-1.0,11.0
17940,2026-05-11 22:23:43.600000+00:00,52.2313389,21.0557658,97.9,5.43,0.035,-0.036,0.967,0,6.0882116082079705,8.0,25.857037111430213,-1.0,11.0
17945,2026-05-11 22:23:44.100000+00:00,52.2313475,21.055761,97.7,7.4,0.045,-0.034,0.977,0,7.276375124960855,8.0,26.753374374949626,-1.0,11.0
17950,2026-05-11 22:23:44.600000+00:00,52.231358,21.0557542,97.6,8.94,0.058,-0.033,0.982,0,9.043481067802805,8.0,27.903412114029067,-1.0,11.0
17955,2026-05-11 22:23:45.100000+00:00,52.2313697,21.0557454,97.5,9.93,0.063,-0.012,0.989,0,10.313179718297636,8.0,29.252814925330068,-1.0,11.0
17960,2026-05-11 22:23:45.600000+00:00,52.2313831,21.0557308,97.7,12.18,0.085,-0.014,0.961,0,12.897460626837782,8.0,31.017751936443712,-1.0,11.0
17965,2026-05-11 22:23:46.100000+00:00,52.2313998,21.0557178,97.6,14.44,0.095,-0.026,0.984,0,14.811943901599813,8.0,32.982657762722454,-1.0,11.0
17970,2026-05-11 22:23:46.600000+00:00,52.2314207,21.0557045,97.5,17.44,0.102,-0.042,0.961,0,17.958621091992203,8.0,35.32417479427744,-1.0,11.0
17975,2026-05-11 22:23:47.100000+00:00,52.2314426,21.0556885,97.5,19.31,0.092,-0.043,0.977,0,19.20850601940446,8.0,37.888097094500935,-1.0,11.0
17980,2026-05-11 22:23:47.600000+00:00,52.2314671,21.0556717,97.4,20.73,0.08,-0.058,0.972,0,21.27444353169364,8.0,40.72568046396714,-1.0,11.0
17985,2026-05-11 22:23:48.100000+00:00,52.2314981,21.0556557,98.0,23.83,0.061,-0.03,0.968,0,26.029236371912656,8.0,44.12307944583778,-1.0,11.0
17990,2026-05-11 22:23:48.600000+00:00,52.2315342,21.055641,98.6,25.59,0.038,-0.024,0.953,0,29.78707796669778,8.0,47.966061434427964,-1.0,11.0
17995,2026-05-11 22:23:49.100000+00:00,52.2315718,21.0556254,99.1,26.97,0.038,-0.031,0.967,0,31.059386916454862,8.0,52.027481202487216,-1.0,11.0
18000,2026-05-11 22:23:49.600000+00:00,52.2316128,21.055611,99.8,28.65,0.038,-0.051,0.954,0,33.57560589150839,8.0,56.405872213592765,-1.0,11.0
18005,2026-05-11 22:23:50.100000+00:00,52.2316526,21.055592,100.5,30.09,0.022,-0.05,0.991,0,33.19810643471013,8.0,60.868570538478295,-1.0,11.0
18010,2026-05-11 22:23:50.600000+00:00,52.2316897,21.0555705,100.5,31.1,0.024,-0.038,0.963,0,31.517849100015145,8.0,65.17415396289772,-1.0,11.0
18015,2026-05-11 22:23:51.100000+00:00,52.2317271,21.055547,100.8,31.3,-0.023,-0.032,0.974,0,32.08332408671271,8.0,69.58393101235167,-1.0,11.0
18020,2026-05-11 22:23:51.600000+00:00,52.2317624,21.0555228,101.0,30.39,-0.067,-0.034,0.972,0,30.65145070407245,8.0,73.81710946301364,-1.0,11.0
18025,2026-05-11 22:23:52.100000+00:00,52.231798,21.0554989,101.3,31.14,-0.055,-0.028,0.957,0,30.81679790670993,8.0,78.07255144793766,-1.0,11.0
18030,2026-05-11 22:23:52.600000+00:00,52.2318334,21.0554747,101.4,31.23,-0.07,-0.019,0.979,0,30.725276392035575,,82.32052339150258,-1.0,11.0
18035,2026-05-11 22:23:53.100000+00:00,52.2318629,21.055442,101.3,27.8,-0.105,-0.026,0.939,0,28.546409953449604,,86.26368441139968,-1.0,11.0
18040,2026-05-11 22:23:53.600000+00:00,52.2318908,21.055411,101.3,26.74,-0.127,-0.03,0.991,0,27.01840084867565,,89.99712224961723,-1.0,11.0
18045,2026-05-11 22:23:54.100000+00:00,52.2319218,21.0553878,101.4,27.1,-0.107,-0.026,0.958,0,27.30166195469405,,93.78038990236284,-1.0,11.0
18050,2026-05-11 22:23:54.600000+00:00,52.2319531,21.0553683,101.4,27.13,-0.119,-0.023,0.952,0,26.82114315953426,,97.47467097308795,-1.0,11.0
18055,2026-05-11 22:23:55.100000+00:00,52.2319841,21.0553507,101.4,26.39,-0.119,-0.022,0.969,0,26.276332009268888,,101.08130455692277,-1.0,11.0
18060,2026-05-11 22:23:55.600000+00:00,52.2320115,21.0553354,101.4,23.6,-0.118,0.015,1.003,0,23.18394060947025,,104.26352245101795,-1.0,11.0
18065,2026-05-11 22:23:56.100000+00:00,52.2320381,21.0553188,101.5,22.35,-0.113,-0.006,0.932,0,22.798599763120762,,107.40955489802845,-1.0,11.0
18070,2026-05-11 22:23:56.600000+00:00,52.2320633,21.0553021,101.8,21.2,-0.121,-0.005,0.975,0,21.773696828035792,,110.42137032195008,-1.0,11.0
18075,2026-05-11 22:23:57.100000+00:00,52.2320847,21.0552841,102.1,19.13,-0.134,-0.02,0.962,0,19.272715501807546,,113.09813472030034,-1.0,11.0
18080,2026-05-11 22:23:57.600000+00:00,52.2321052,21.0552707,102.4,17.58,-0.143,-0.026,0.972,0,17.678753451365544,,115.54295142760859,-1.0,11.0
18085,2026-05-11 22:23:58.100000+00:00,52.232124,21.0552579,102.8,15.66,-0.157,-0.013,0.947,0,16.307535903872378,,117.80121173870972,-1.0,11.0
18090,2026-05-11 22:23:58.600000+00:00,52.2321401,21.0552458,103.1,13.29,-0.245,-0.005,0.964,0,14.189669262301175,,119.77046873401243,-1.0,11.0
18095,2026-05-11 22:23:59.100000+00:00,52.2321515,21.0552379,103.2,10.03,-0.255,-0.019,0.97,0,9.914908258102976,,121.14429154373055,-1.0,11.0
18100,2026-05-11 22:23:59.600000+00:00,52.2321607,21.0552368,103.2,6.0,-0.255,-0.008,0.967,0,7.385274550074045,,122.09105396980326,-1.0,11.0
18105,2026-05-11 22:24:00.100000+00:00,52.2321665,21.0552379,103.4,3.29,-0.205,-0.022,0.973,0,4.674721187871948,,122.63391942137724,-1.0,11.0
18110,2026-05-11 22:24:00.600000+00:00,52.23217,21.0552414,103.6,1.59,-0.153,-0.017,0.955,0,3.285900772811959,,122.87607199692272,-1.0,11.0
18115,2026-05-11 22:24:01.100000+00:00,52.232171,21.0552439,103.9,0.59,-0.113,-0.023,0.974,0,1.4641296514569726,,122.90021237346893,-1.0,11.0
18120,2026-05-11 22:24:01.600000+00:00,52.2321712,21.0552457,104.1,0.05,-0.035,-0.028,0.968,0,0.8970191383388876,,122.8659278774787,-1.0,11.0
18125,2026-05-11 22:24:02.100000+00:00,52.2321708,21.0552471,104.3,0.49,-0.043,-0.025,0.971,0,0.7574987166410813,,122.78391039566009,-1.0,11.0
18130,2026-05-11 22:24:02.600000+00:00,52.2321702,21.0552481,104.5,0.1,-0.043,-0.026,0.976,0,0.6864264609527195,,122.69398594461936,-1.0,11.0
18135,2026-05-11 22:24:03.100000+00:00,52.2321699,21.0552493,104.6,0.16,-0.042,-0.027,0.974,0,0.6355401316648167,,122.62800552305234,-1.0,11.0
18140,2026-05-11 22:24:03.600000+00:00,52.2321694,21.0552504,104.7,0.1,-0.033,-0.027,0.977,0,0.6716889885184347,,122.5450867083457,-1.0,11.0
18145,2026-05-11 22:24:04.100000+00:00,52.2321699,21.0552511,104.8,1.13,0.021,-0.036,0.969,0,0.5273081944751115,,122.57401943346562,-1.0,11.0
18150,2026-05-11 22:24:04.600000+00:00,52.2321715,21.0552516,104.7,1.98,0.039,-0.026,0.975,0,1.304216675107438,,122.71885031150684,-1.0,11.0
18155,2026-05-11 22:24:05.100000+00:00,52.2321753,21.0552499,104.6,4.28,0.047,-0.017,0.979,0,3.1544255831389463,,123.14933193244231,-1.0,11.0
18160,2026-05-11 22:24:05.600000+00:00,52.2321819,21.0552465,104.6,5.68,0.051,-0.004,0.977,0,5.5407478109582655,,123.91047243423426,-1.0,11.0
18165,2026-05-11 22:24:06.100000+00:00,52.2321892,21.0552416,104.4,7.69,0.058,-0.005,0.979,0,6.319009383975903,,124.78637930905218,-1.0,11.0
18170,2026-05-11 22:24:06.600000+00:00,52.2321975,21.0552338,103.9,9.89,0.07,-0.007,0.978,0,7.667079274067456,,125.84869653544632,-1.0,11.0
18175,2026-05-11 22:24:07.100000+00:00,52.2322077,21.0552286,103.3,11.59,0.105,-0.04,0.946,0,8.554963946374839,,127.02355781430981,-1.0,11.0
18180,2026-05-11 22:24:07.600000+00:00,52.2322213,21.0552198,103.1,12.23,0.09,-0.04,0.983,0,11.712053364102111,,128.64577031867634,-1.0,11.0
18185,2026-05-11 22:24:08.100000+00:00,52.2322378,21.0552071,102.9,16.33,0.101,-0.062,0.971,0,14.604191058179527,,130.67402202116105,-1.0,11.0
18190,2026-05-11 22:24:08.600000+00:00,52.2322574,21.0551911,102.6,19.04,0.089,-0.06,0.98,0,17.543780776446674,,133.11046043868853,-1.0,11.0
18195,2026-05-11 22:24:09.100000+00:00,52.23228,21.05517,102.4,21.15,0.072,-0.093,0.934,0,20.842809366284442,,135.99866271262465,-1.0,11.0
18200,2026-05-11 22:24:09.600000+00:00,52.2323065,21.055153,102.3,23.96,0.034,-0.125,1.011,0,22.794807078873152,,139.1551807258709,-1.0,11.0
18205,2026-05-11 22:24:10.100000+00:00,52.2323347,21.0551353,102.0,25.18,0.036,-0.085,0.903,0,24.187737736546186,,142.50311074968036,-1.0,11.0
18210,2026-05-11 22:24:10.600000+00:00,52.2323654,21.0551159,101.9,26.07,-0.036,-0.057,1.055,0,26.355128718247286,,146.15229108160412,-1.0,11.0
18215,2026-05-11 22:24:11.100000+00:00,52.2323966,21.0550971,101.9,27.08,-0.02,-0.054,0.919,0,26.625549652230685,,149.83463637027555,-1.0,11.0
18220,2026-05-11 22:24:11.600000+00:00,52.2324295,21.0550768,101.8,28.32,0.015,-0.062,0.96,0,28.157895900335006,,153.7322977246144,-1.0,11.0
18225,2026-05-11 22:24:12.100000+00:00,52.2324627,21.0550569,101.7,27.89,-0.032,-0.042,0.986,0,28.314504844202215,,157.64918132835768,-1.0,11.0
18230,2026-05-11 22:24:12.600000+00:00,52.232496,21.0550383,101.7,27.97,-0.024,-0.048,0.978,0,28.1769397418164,,161.53937632862753,-1.0,11.0
18235,2026-05-11 22:24:13.100000+00:00,52.2325291,21.0550182,101.5,28.34,-0.017,-0.029,0.95,0,28.273392693267063,,165.4535648763761,-1.0,11.0
18240,2026-05-11 22:24:13.600000+00:00,52.2325639,21.0549997,101.4,29.39,-0.012,-0.012,0.975,0,29.300552163784644,,169.49418726804086,-1.0,11.0
18245,2026-05-11 22:24:14.100000+00:00,52.2325995,21.0549801,101.1,30.17,-0.008,-0.026,0.977,0,30.078194935421962,,173.64824346248224,-1.0,11.0
18250,2026-05-11 22:24:14.600000+00:00,52.2326366,21.0549598,100.9,30.82,-0.003,-0.029,0.964,0,31.325870564033384,,177.97494616829002,-1.0,11.0
18255,2026-05-11 22:24:15.100000+00:00,52.2326753,21.0549369,100.7,31.74,-0.016,-0.026,0.972,0,32.95529169178676,,182.53790208021002,-1.0,11.0
18260,2026-05-11 22:24:15.600000+00:00,52.2327146,21.054915,100.4,31.79,-0.022,-0.032,0.965,0,33.24570747059556,,187.13440716316393,-1.0,11.0
18265,2026-05-11 22:24:16.100000+00:00,52.2327555,21.0548944,99.9,32.92,-0.024,-0.043,0.958,0,34.267214474039875,,191.85821316256255,-1.0,11.0
18270,2026-05-11 22:24:16.600000+00:00,52.2327952,21.0548724,99.9,32.48,-0.023,-0.043,0.99,0,33.564663630791294,,196.50040483337585,-1.0,11.0
18275,2026-05-11 22:24:17.100000+00:00,52.2328348,21.0548486,100.0,33.72,-0.005,-0.066,0.944,0,33.78349218524502,,198.62698082964275,-1.0,11.0
18280,2026-05-11 22:24:17.600000+00:00,52.2328744,21.0548256,100.2,33.49,-0.017,-0.116,0.973,0,33.65000068899676,,193.95461458863468,-1.0,11.0
18285,2026-05-11 22:24:18.100000+00:00,52.2329178,21.0548037,100.3,35.72,-0.016,-0.104,0.986,0,36.36768255533997,,188.9044507904912,-1.0,11.0
18290,2026-05-11 22:24:18.600000+00:00,52.2329609,21.0547823,100.5,35.29,0.007,-0.054,0.962,0,36.06618690206785,,183.89670219021826,-1.0,11.0
18295,2026-05-11 22:24:19.100000+00:00,52.2330047,21.0547553,100.4,36.15,0.0,0.024,0.955,0,37.48231989947212,,178.695425733488,-1.0,11.0
18300,2026-05-11 22:24:19.600000+00:00,52.2330509,21.0547297,100.3,37.96,-0.007,0.041,0.985,0,39.05979704377456,,173.27067209918133,-1.0,11.0
18305,2026-05-11 22:24:20.100000+00:00,52.2330982,21.0546991,100.3,37.94,0.01,0.028,0.981,0,40.7326630017502,,167.62359424972183,-1.0,11.0
18310,2026-05-11 22:24:20.600000+00:00,52.2331454,21.0546694,100.2,39.38,-0.001,0.026,0.968,0,40.497462364662695,,162.0067434974335,-1.0,11.0
18315,2026-05-11 22:24:21.100000+00:00,52.2331917,21.0546394,100.3,39.67,-0.015,0.014,0.975,0,39.879978698784946,,156.47941696994235,-1.0,11.0
18320,2026-05-11 22:24:21.600000+00:00,52.2332403,21.0546123,99.9,39.47,-0.045,-0.015,0.954,0,41.115743361516294,,150.76976003557957,-1.0,11.0
18325,2026-05-11 22:24:22.100000+00:00,52.2332902,21.054582,99.7,39.37,-0.023,0.01,0.98,0,42.623236659524515,,144.85600958375878,-1.0,11.0
18330,2026-05-11 22:24:22.600000+00:00,52.2333378,21.0545496,99.2,38.79,-0.015,0.004,0.983,0,41.28752192545233,,139.14339632896775,-1.0,11.0
18335,2026-05-11 22:24:23.100000+00:00,52.2333864,21.0545201,98.5,39.34,0.012,-0.005,0.935,0,41.51098566673269,,133.3854621940472,-1.0,11.0
18340,2026-05-11 22:24:23.600000+00:00,52.2334337,21.0544904,98.0,39.38,-0.032,-0.031,0.983,0,40.572143542510105,,127.7622025567091,-1.0,11.0
18345,2026-05-11 22:24:24.100000+00:00,52.2334804,21.0544591,97.9,39.56,-0.011,-0.052,0.987,0,40.41550271642999,,122.17186769266749,-1.0,11.0
18350,2026-05-11 22:24:24.600000+00:00,52.2335279,21.0544284,98.0,39.77,-0.008,-0.062,0.948,0,40.89953496786027,,116.51036540052375,-1.0,11.0
18355,2026-05-11 22:24:25.100000+00:00,52.2335766,21.0544004,97.8,40.29,-0.008,-0.052,0.972,0,41.33594844209115,,110.77548700172275,-1.0,11.0
18360,2026-05-11 22:24:25.600000+00:00,52.2336256,21.0543707,97.8,40.94,-0.007,-0.016,0.951,0,41.84530484018864,,104.97645130373999,-1.0,11.0
18365,2026-05-11 22:24:26.100000+00:00,52.2336743,21.0543397,97.7,40.81,-0.012,-0.023,1.004,0,41.84750537629374,,99.18624962357845,-1.0,11.0
18370,2026-05-11 22:24:26.600000+00:00,52.2337226,21.054308,97.7,41.16,0.001,-0.016,0.968,0,41.676079783156254,,93.42855556790977,-1.0,11.0
18375,2026-05-11 22:24:27.100000+00:00,52.2337711,21.054282,97.2,40.47,-0.013,-0.1,0.925,0,40.86849181890525,,87.7574872807508,-1.0,11.0
18380,2026-05-11 22:24:27.600000+00:00,52.2338205,21.0542533,97.1,42.02,-0.025,-0.019,1.0,0,41.97875419634952,,81.94170792811919,-1.0,11.0
18385,2026-05-11 22:24:28.100000+00:00,52.2338706,21.0542329,96.5,41.43,-0.032,-0.016,0.954,0,41.338627749562576,7.0,76.20203748633352,-1.0,11.0
18390,2026-05-11 22:24:28.600000+00:00,52.2339185,21.0542104,96.4,39.59,-0.055,-0.023,0.996,0,39.9042434717307,7.0,70.6600635795268,-1.0,11.0
18395,2026-05-11 22:24:29.100000+00:00,52.2339643,21.0541805,96.2,39.93,-0.03,-0.019,0.951,0,39.489854434072335,7.0,65.21175888484187,-1.0,11.0
18400,2026-05-11 22:24:29.600000+00:00,52.2340118,21.0541552,95.8,39.84,-0.041,-0.018,0.973,0,40.000823333069306,7.0,59.66526301926539,-1.0,11.0
18405,2026-05-11 22:24:30.100000+00:00,52.2340585,21.0541263,95.6,39.57,-0.043,-0.025,0.993,0,39.983394097431024,7.0,54.147051065037836,-1.0,11.0
18410,2026-05-11 22:24:30.600000+00:00,52.2341046,21.0540968,95.5,38.87,-0.031,-0.022,0.977,0,39.640969551717,7.0,48.69244601779346,-1.0,11.0
18415,2026-05-11 22:24:31.100000+00:00,52.2341515,21.0540693,95.4,39.54,-0.03,-0.047,0.925,0,39.895950741953655,7.0,43.192666933270644,-1.0,11.0
18420,2026-05-11 22:24:31.600000+00:00,52.2341973,21.0540437,95.2,38.88,-0.032,-0.027,0.973,0,38.75657440005693,7.0,37.85029683607539,-1.0,11.0
18425,2026-05-11 22:24:32.100000+00:00,52.2342431,21.0540149,95.2,38.76,-0.044,-0.031,0.988,0,39.29277977909329,7.0,32.48361373481941,-1.0,11.0
18430,2026-05-11 22:24:32.600000+00:00,52.2342894,21.0539896,95.6,39.07,-0.026,-0.081,0.954,0,39.088576517262325,7.0,27.130205634639008,-1.0,11.0
18435,2026-05-11 22:24:33.100000+00:00,52.2343338,21.0539606,95.8,37.8,-0.027,-0.056,0.981,0,38.285241137182915,7.0,22.002333953935068,-1.0,11.0
18440,2026-05-11 22:24:33.600000+00:00,52.2343751,21.0539313,96.0,36.4,-0.022,-0.014,0.968,0,36.051056186487216,7.0,17.336264142062024,-1.0,11.0
18445,2026-05-11 22:24:34.100000+00:00,52.2344219,21.0539092,96.1,38.53,-0.02,0.009,0.959,0,39.003686491163975,7.0,12.248359396814047,-1.0,11.0
18450,2026-05-11 22:24:34.600000+00:00,52.2344681,21.0538841,95.8,38.17,-0.025,0.012,0.968,0,38.981576652009586,7.0,7.775970906733782,-1.0,11.0
18455,2026-05-11 22:24:35.100000+00:00,52.2345144,21.0538548,95.6,38.23,-0.017,0.005,0.974,0,39.75450229355988,7.0,5.7005689955730565,-1.0,11.0
18460,2026-05-11 22:24:35.600000+00:00,52.2345607,21.0538266,95.5,38.5,-0.024,0.007,0.975,0,39.562788337610336,7.0,8.024889172468873,-1.0,11.0
18465,2026-05-11 22:24:36.100000+00:00,52.2346081,21.0538012,95.0,38.13,-0.041,-0.002,0.987,0,39.93992778248413,7.0,12.461324136815355,-1.0,11.0
18470,2026-05-11 22:24:36.600000+00:00,52.2346556,21.0537724,94.7,37.77,-0.031,-0.009,0.934,0,40.565779281254834,7.0,17.69361021495851,-1.0,11.0
18475,2026-05-11 22:24:37.100000+00:00,52.2347033,21.0537477,94.7,37.13,-0.053,0.007,1.017,0,40.063111119624295,7.0,22.978668050956433,-1.0,11.0
18480,2026-05-11 22:24:37.600000+00:00,52.2347472,21.0537243,94.4,36.86,-0.012,-0.026,0.91,0,36.971780775328675,7.0,27.961883613919625,-1.0,11.0
18485,2026-05-11 22:24:38.100000+00:00,52.23479,21.0536957,94.6,36.23,-0.052,-0.024,0.959,0,37.02416804995625,7.0,33.05689102022546,-1.0,11.0
18490,2026-05-11 22:24:38.600000+00:00,52.2348324,21.0536697,94.5,35.79,-0.039,-0.049,0.993,0,36.26040040522358,7.0,38.04137600423719,-1.0,11.0
18495,2026-05-11 22:24:39.100000+00:00,52.2348739,21.0536422,94.8,35.33,-0.05,-0.025,0.961,0,35.85679090422459,7.0,42.99614042985712,-1.0,11.0
18500,2026-05-11 22:24:39.600000+00:00,52.2349159,21.053618,95.0,35.01,-0.02,-0.043,0.95,0,35.65745511906808,7.0,47.90434564672543,-1.0,11.0
18505,2026-05-11 22:24:40.100000+00:00,52.2349584,21.0535956,95.2,34.12,-0.048,-0.045,0.991,0,35.754294776123324,7.0,52.817178493291394,-1.0,11.0
18510,2026-05-11 22:24:40.600000+00:00,52.2349977,21.0535728,95.4,33.47,-0.052,-0.022,0.94,0,33.3906666962214,7.0,57.42894818745265,-1.0,11.0
18515,2026-05-11 22:24:41.100000+00:00,52.2350376,21.0535516,95.4,33.33,-0.112,-0.025,0.992,0,33.59271868798605,7.0,62.05927574848242,-1.0,11.0
18520,2026-05-11 22:24:41.600000+00:00,52.2350757,21.0535315,95.6,31.96,-0.076,-0.028,0.964,0,32.05553724131482,7.0,66.48129352633516,-1.0,11.0
18525,2026-05-11 22:24:42.100000+00:00,52.2351113,21.0535114,95.7,29.8,-0.099,-0.022,0.96,0,30.15724350413688,7.0,70.65311122254113,-1.0,11.0
18530,2026-05-11 22:24:42.600000+00:00,52.2351461,21.0534904,95.8,28.18,-0.145,-0.012,0.964,0,29.702734441281176,7.0,74.77012593733413,-1.0,11.0
18535,2026-05-11 22:24:43.100000+00:00,52.2351793,21.053474,95.6,25.93,-0.152,-0.003,0.987,0,27.769705900477,7.0,78.59970045229637,-1.0,11.0
18540,2026-05-11 22:24:43.600000+00:00,52.2352091,21.0534573,95.6,23.39,-0.201,0.011,0.954,0,25.223971822050366,,82.09248278147237,-1.0,11.0
18545,2026-05-11 22:24:44.100000+00:00,52.2352337,21.0534427,95.4,19.52,-0.187,0.019,0.95,0,20.95544578155096,,84.99824673147863,-1.0,11.0
18550,2026-05-11 22:24:44.600000+00:00,52.2352566,21.0534281,95.4,18.43,-0.095,-0.022,1.016,0,19.681784849178072,,87.73044485302772,-1.0,11.0
18555,2026-05-11 22:24:45.100000+00:00,52.2352774,21.0534151,95.4,16.14,-0.161,0.01,0.947,0,17.830734629727605,,90.20519683234635,-1.0,11.0
18560,2026-05-11 22:24:45.600000+00:00,52.2352951,21.0534044,95.3,12.94,-0.216,-0.008,0.961,0,15.110644806339113,,92.30154063082819,-1.0,11.0
18565,2026-05-11 22:24:46.100000+00:00,52.2353084,21.0533959,95.2,9.8,-0.184,-0.005,0.958,0,11.434567555983936,,93.8890471425171,-1.0,11.0
18570,2026-05-11 22:24:46.600000+00:00,52.235319,21.0533909,95.2,7.16,-0.183,-0.007,0.986,0,8.833397890253606,,95.10723801407384,-1.0,11.0
18575,2026-05-11 22:24:47.100000+00:00,52.2353262,21.0533873,95.1,4.61,-0.156,-0.001,0.957,0,6.028536278097475,,95.94019839785217,-1.0,11.0
18580,2026-05-11 22:24:47.600000+00:00,52.2353313,21.0533881,94.9,2.65,-0.143,-0.003,0.972,0,4.101875074487881,,96.44209174049416,-1.0,11.0
18585,2026-05-11 22:24:48.100000+00:00,52.2353347,21.0533891,94.6,0.41,-0.12,-0.006,0.973,0,2.7658570711348918,,96.76491342800306,-1.0,11.0
18590,2026-05-11 22:24:48.600000+00:00,52.2353371,21.0533919,94.2,0.05,-0.009,-0.018,0.966,0,2.361502476991679,,96.93865959463454,-1.0,11.0
18595,2026-05-11 22:24:49.100000+00:00,52.2353398,21.053395,93.7,0.09,-0.015,-0.02,0.977,0,2.642513620081539,,97.13636293485709,-1.0,11.0
18600,2026-05-11 22:24:49.600000+00:00,52.2353425,21.0533984,93.4,0.13,-0.012,-0.017,0.976,0,2.7297722277441645,,97.32739075945094,-1.0,11.0
18605,2026-05-11 22:24:50.100000+00:00,52.2353447,21.0534012,93.1,0.31,-0.013,-0.016,0.976,0,2.2331602359459968,,97.48310552020499,-1.0,11.0
18610,2026-05-11 22:24:50.600000+00:00,52.2353465,21.0534032,92.9,0.14,-0.012,-0.017,0.976,0,1.7430795235470546,,97.61839061489525,-1.0,11.0
18615,2026-05-11 22:24:51.100000+00:00,52.2353484,21.0534037,92.9,0.2,-0.013,-0.018,0.974,0,1.5407747279164656,,97.80209686378231,-1.0,11.0
18620,2026-05-11 22:24:51.600000+00:00,52.2353498,21.0534037,92.8,0.62,0.03,-0.029,0.973,0,1.1208448619533407,,97.94678550828253,-1.0,11.0
18625,2026-05-11 22:24:52.100000+00:00,52.2353516,21.0534016,92.8,1.58,0.031,-0.031,0.974,0,1.7711266572503122,,98.18557944473513,-1.0,11.0
18630,2026-05-11 22:24:52.600000+00:00,52.2353542,21.0533981,92.8,2.53,0.024,-0.018,0.976,0,2.6977432018231378,,98.54233120964703,-1.0,11.0
18635,2026-05-11 22:24:53.100000+00:00,52.2353575,21.0533947,92.7,3.09,0.048,0.0,0.965,0,3.1239609284000953,,98.96896118033621,-1.0,11.0
18640,2026-05-11 22:24:53.600000+00:00,52.2353626,21.0533902,92.6,4.41,0.058,-0.005,0.985,0,4.641077828214381,,99.60930726192524,-1.0,11.0
18645,2026-05-11 22:24:54.100000+00:00,52.2353689,21.0533847,92.4,5.71,0.079,0.004,0.972,0,5.719441000272392,,100.39890551373472,-1.0,11.0
18650,2026-05-11 22:24:54.600000+00:00,52.235377,21.0533765,92.2,7.82,0.08,-0.004,0.97,0,7.630084777304313,,101.44295021224355,-1.0,11.0
18655,2026-05-11 22:24:55.100000+00:00,52.2353868,21.0533667,92.1,9.86,0.105,-0.031,0.952,0,9.20034046084879,,102.70344555294287,-1.0,11.0
18660,2026-05-11 22:24:55.600000+00:00,52.2353988,21.0533549,92.1,12.01,0.109,-0.062,1.003,0,11.21482056937976,,104.24233065628417,-1.0,11.0
18665,2026-05-11 22:24:56.100000+00:00,52.2354143,21.0533413,92.1,14.75,0.132,-0.053,0.946,0,14.087447213848696,,106.18832174605184,-1.0,11.0
18670,2026-05-11 22:24:56.600000+00:00,52.2354334,21.0533292,91.7,17.24,0.134,-0.037,0.966,0,16.402057615989776,,108.46594761415587,-1.0,11.0
18675,2026-05-11 22:24:57.100000+00:00,52.2354547,21.0533127,91.5,19.74,0.135,-0.074,0.984,0,18.87453865216181,,111.08375246664514,-1.0,11.0
18680,2026-05-11 22:24:57.600000+00:00,52.2354793,21.0532984,91.2,22.06,0.105,-0.098,0.966,0,20.90564257061829,,113.98395312641142,-1.0,11.0
18685,2026-05-11 22:24:58.100000+00:00,52.2355062,21.0532804,91.2,23.64,0.074,-0.055,0.95,0,23.274410002765478,,117.21650952649684,-1.0,11.0
18690,2026-05-11 22:24:58.600000+00:00,52.2355348,21.053263,91.2,25.65,0.061,-0.087,0.954,0,24.434957737949805,,120.60847530426251,-1.0,11.0
18695,2026-05-11 22:24:59.100000+00:00,52.2355639,21.0532401,91.3,25.61,0.037,-0.054,0.98,0,25.861997543739573,,124.19403324677846,-1.0,11.0
18700,2026-05-11 22:24:59.600000+00:00,52.2355916,21.0532179,91.3,24.34,0.046,-0.038,0.966,0,24.70392324151526,,127.6178743995495,-1.0,11.0
18705,2026-05-11 22:25:00.100000+00:00,52.2356222,21.0531971,91.2,27.48,0.054,-0.055,0.972,0,26.536388544883156,,131.30347385666684,-1.0,11.0
18710,2026-05-11 22:25:00.600000+00:00,52.2356573,21.0531754,91.1,30.11,0.052,-0.066,0.965,0,30.047903138828254,,135.47494650205417,-1.0,11.0
18715,2026-05-11 22:25:01.100000+00:00,52.2356939,21.0531516,91.2,32.07,0.035,-0.057,0.973,0,31.540164598343335,,139.85520683971586,-1.0,11.0
18720,2026-05-11 22:25:01.600000+00:00,52.2357322,21.0531276,91.2,32.56,0.028,-0.059,0.967,0,32.84347913758014,,144.4154841062697,-1.0,11.0
18725,2026-05-11 22:25:02.100000+00:00,52.2357713,21.053104,91.3,33.29,-0.021,-0.064,0.962,0,33.37372280114956,,149.04781158233348,-1.0,11.0
18730,2026-05-11 22:25:02.600000+00:00,52.2358094,21.0530816,91.4,32.0,-0.036,-0.095,0.949,0,32.419944542410526,,153.54647490286033,-1.0,11.0
18735,2026-05-11 22:25:03.100000+00:00,52.2358471,21.0530617,91.5,32.0,-0.027,-0.093,0.962,0,31.720606122049954,,157.9400663340472,-1.0,11.0
18740,2026-05-11 22:25:03.600000+00:00,52.2358848,21.0530427,92.1,31.55,-0.007,-0.073,0.972,0,31.58766394880832,,162.31138176913927,-1.0,11.0
18745,2026-05-11 22:25:04.100000+00:00,52.2359237,21.0530266,92.3,32.04,0.001,-0.026,0.987,0,32.128310519017944,,166.73411088596956,-1.0,11.0
18750,2026-05-11 22:25:04.600000+00:00,52.2359648,21.0530068,92.5,34.65,0.028,0.016,0.957,0,34.306990324549865,,171.47904795029007,-1.0,11.0
18755,2026-05-11 22:25:05.100000+00:00,52.2360062,21.0529854,92.5,34.84,0.032,0.04,0.971,0,34.766075024174455,,176.29599898322328,-1.0,11.0
18760,2026-05-11 22:25:05.600000+00:00,52.2360492,21.0529604,92.4,36.03,0.048,0.01,0.96,0,36.54299991316934,,181.36871246372996,-1.0,11.0
18765,2026-05-11 22:25:06.100000+00:00,52.2360935,21.0529341,92.1,36.64,0.041,0.031,0.983,0,37.738116880922284,,186.6084589329552,-1.0,11.0
18770,2026-05-11 22:25:06.600000+00:00,52.2361395,21.0529061,92.0,38.21,0.045,0.015,1.0,0,39.30331132137071,,192.0665121899806,-1.0,11.0
18775,2026-05-11 22:25:07.100000+00:00,52.2361854,21.0528812,91.8,38.79,0.058,-0.02,0.939,0,38.72257488886701,,197.43749525343523,-1.0,11.0
18780,2026-05-11 22:25:07.600000+00:00,52.2362328,21.0528544,92.1,39.52,0.044,-0.035,0.965,0,40.15911060667672,,203.01117427597723,-1.0,11.0
18785,2026-05-11 22:25:08.100000+00:00,52.2362812,21.052824,92.3,41.65,0.047,-0.04,0.993,0,41.516975914626116,,208.7773891967582,-1.0,11.0
18790,2026-05-11 22:25:08.600000+00:00,52.2363295,21.0527935,92.5,41.22,0.031,-0.036,0.97,0,41.45991597117214,,214.53570476102695,-1.0,11.0
18795,2026-05-11 22:25:09.100000+00:00,52.2363793,21.0527606,92.5,42.51,0.029,-0.049,0.93,0,43.00953088858033,,212.8075784707279,-1.0,11.0
18800,2026-05-11 22:25:09.600000+00:00,52.2364301,21.052727,92.6,43.41,0.012,0.001,0.99,0,43.88040992594324,,207.2817892229118,-1.0,11.0
18805,2026-05-11 22:25:10.100000+00:00,52.2364817,21.0526924,92.7,44.28,0.014,-0.022,0.985,0,44.65861709076627,,201.6786616813278,-1.0,11.0
18810,2026-05-11 22:25:10.600000+00:00,52.2365345,21.0526561,92.9,44.65,0.035,-0.006,0.972,0,45.865732378945935,,195.93667195069804,-1.0,11.0
18815,2026-05-11 22:25:11.100000+00:00,52.2365876,21.0526192,93.3,45.16,0.026,-0.044,0.936,0,46.20157888141953,,190.18195346262763,-1.0,11.0
18820,2026-05-11 22:25:11.600000+00:00,52.2366427,21.0525874,93.2,46.31,0.009,-0.045,0.989,0,46.78745859825335,,184.59876715119617,-1.0,11.0
18825,2026-05-11 22:25:12.100000+00:00,52.2366981,21.0525544,93.2,46.6,0.016,-0.05,0.982,0,47.21235029626508,,178.9924728030084,-1.0,11.0
18830,2026-05-11 22:25:12.600000+00:00,52.2367544,21.0525211,93.3,47.21,0.021,-0.038,0.98,0,47.93978417700252,,173.3763140005679,-1.0,11.0
18835,2026-05-11 22:25:13.100000+00:00,52.23681,21.0524874,93.4,47.8,0.039,-0.011,0.924,0,47.481129462964454,,167.859810413637,-1.0,11.0
18840,2026-05-11 22:25:13.600000+00:00,52.2368669,21.0524559,93.3,48.44,0.014,-0.021,1.005,0,48.101119450372515,,162.4654236241394,-1.0,11.0
18845,2026-05-11 22:25:14.100000+00:00,52.2369241,21.0524252,93.1,47.85,-0.025,-0.034,0.979,0,48.20472918918425,,157.19745786750448,-1.0,11.0
18850,2026-05-11 22:25:14.600000+00:00,52.236981,21.0523927,93.1,47.1,-0.033,0.004,0.958,0,48.26075940543333,,151.95456141580127,-1.0,11.0
18855,2026-05-11 22:25:15.100000+00:00,52.2370357,21.0523598,93.1,46.48,-0.039,0.004,0.999,0,46.66924766996128,,146.92838766837434,-1.0,11.0
18860,2026-05-11 22:25:15.600000+00:00,52.2370903,21.0523262,93.3,45.9,-0.026,-0.019,0.96,0,46.71404494975128,,141.98344366360806,-1.0,11.0
18865,2026-05-11 22:25:16.100000+00:00,52.2371433,21.0522898,93.6,45.07,-0.038,0.001,0.974,0,46.03224000620321,,137.07564259804707,-1.0,11.0
18870,2026-05-11 22:25:16.600000+00:00,52.2371958,21.0522573,93.8,44.02,-0.035,-0.02,0.958,0,44.95067364567103,,132.55935482907276,-1.0,11.0
18875,2026-05-11 22:25:17.100000+00:00,52.2372467,21.0522271,93.8,42.22,-0.112,-0.008,0.986,0,43.35730658297644,,128.40126653502278,-1.0,11.0
18880,2026-05-11 22:25:17.600000+00:00,52.2372945,21.052197,93.9,40.01,-0.117,-0.001,0.957,0,41.01572531787084,,124.52441425013797,-1.0,11.0
18885,2026-05-11 22:25:18.100000+00:00,52.2373394,21.0521681,94.0,37.8,-0.132,-0.016,0.982,0,38.638836062355736,,120.97364690769332,-1.0,11.0
18890,2026-05-11 22:25:18.600000+00:00,52.2373819,21.0521428,94.0,35.67,-0.129,-0.016,0.948,0,36.21612651112306,,117.87321738310308,-1.0,11.0
18895,2026-05-11 22:25:19.100000+00:00,52.2374212,21.0521193,94.2,32.62,-0.171,-0.015,0.979,0,33.50691855383646,,115.12066893434186,-1.0,11.0
18900,2026-05-11 22:25:19.600000+00:00,52.2374572,21.0521004,94.1,29.7,-0.141,-0.049,0.941,0,30.274687696970883,,112.88290695229855,-1.0,11.0
18905,2026-05-11 22:25:20.100000+00:00,52.2374897,21.0520838,94.2,26.6,-0.14,-0.034,0.966,0,27.2627638654188,,110.99167836704018,-1.0,11.0
18910,2026-05-11 22:25:20.600000+00:00,52.2375201,21.0520708,94.2,24.36,-0.147,-0.035,0.97,0,25.159065347323384,,109.48121799740551,-1.0,11.0
18915,2026-05-11 22:25:21.100000+00:00,52.2375485,21.0520607,94.2,22.63,-0.12,-0.071,0.96,0,23.270113279357215,,108.29079686596258,-1.0,11.0
18920,2026-05-11 22:25:21.600000+00:00,52.237575,21.0520548,94.0,20.97,-0.107,-0.05,0.969,0,21.41228095701136,,107.49414851750274,-1.0,11.0
18925,2026-05-11 22:25:22.100000+00:00,52.2375998,21.0520516,93.8,19.08,-0.105,-0.043,0.972,0,19.916855115734403,,106.97558457624599,-1.0,11.0
18930,2026-05-11 22:25:22.600000+00:00,52.2376223,21.0520496,93.6,17.2,-0.101,-0.053,0.942,0,18.04024653496376,,106.6264100172298,-1.0,11.0
18935,2026-05-11 22:25:23.100000+00:00,52.2376423,21.0520505,93.4,14.26,-0.2,0.001,0.979,0,16.018148170574005,,106.54671763010022,-1.0,11.0
18940,2026-05-11 22:25:23.600000+00:00,52.2376587,21.0520518,93.3,11.91,-0.139,0.005,0.957,0,13.145357586512276,,106.55424915761492,-1.0,11.0
18945,2026-05-11 22:25:24.100000+00:00,52.2376723,21.052054,93.3,10.0,-0.111,0.005,0.98,0,10.941502032289803,,106.66059854460917,-1.0,11.0
18950,2026-05-11 22:25:24.600000+00:00,52.2376834,21.0520585,93.3,6.74,-0.169,0.004,0.97,0,9.156472159004913,,106.94749865413131,-1.0,11.0
18955,2026-05-11 22:25:25.100000+00:00,52.2376912,21.0520603,93.3,4.95,-0.159,0.034,0.957,0,6.306756503756547,,107.06491866496516,-1.0,11.0
18960,2026-05-11 22:25:25.600000+00:00,52.2376954,21.0520632,93.2,2.01,-0.162,0.023,0.985,0,3.650778257729366,,107.26253207487869,-1.0,11.0
18965,2026-05-11 22:25:26.100000+00:00,52.2376974,21.0520672,93.1,0.19,-0.124,0.025,0.969,0,2.5317667445661676,,107.53568801812334,-1.0,11.0
18970,2026-05-11 22:25:26.600000+00:00,52.2376986,21.0520705,92.9,0.18,-0.001,-0.006,0.967,0,1.8816642392962115,,107.7610839799069,-1.0,11.0
18975,2026-05-11 22:25:27.100000+00:00,52.2376996,21.0520731,92.8,0.16,-0.006,-0.007,0.977,0,1.5052879853324277,,107.9388238363261,-1.0,11.0
18980,2026-05-11 22:25:27.600000+00:00,52.2377007,21.052076,92.8,0.11,-0.011,0.0,0.975,0,1.672456642467148,,108.13719078985214,-1.0,11.0
18985,2026-05-11 22:25:28.100000+00:00,52.2377021,21.0520792,92.6,0.17,-0.009,-0.002,0.979,0,1.9281388227329719,,108.35642604667842,-1.0,11.0
18990,2026-05-11 22:25:28.600000+00:00,52.2377032,21.0520825,92.5,0.08,-0.009,-0.004,0.976,0,1.842074262509133,,108.58233496009417,-1.0,11.0
18995,2026-05-11 22:25:29.100000+00:00,52.2377041,21.0520853,92.5,0.17,-0.011,-0.002,0.978,0,1.550390782612272,,108.77407713068115,-1.0,11.0
19000,2026-05-11 22:25:29.600000+00:00,52.2377045,21.0520877,92.4,0.05,-0.01,-0.003,0.977,0,1.2194697835219133,,108.93800554259983,-1.0,11.0
19005,2026-05-11 22:25:30.100000+00:00,52.2377047,21.0520892,92.5,0.12,-0.008,-0.004,0.977,0,0.7526481633010133,,109.04040283167461,-1.0,11.0
19010,2026-05-11 22:25:30.600000+00:00,52.2377057,21.0520897,92.4,0.18,-0.008,-0.004,0.976,0,0.8372928498606869,,109.07582928748336,-1.0,11.0
19015,2026-05-11 22:25:31.100000+00:00,52.2377062,21.0520906,92.3,0.04,-0.011,-0.003,0.978,0,0.595771842637569,,109.13784199599696,-1.0,11.0
19020,2026-05-11 22:25:31.600000+00:00,52.2377064,21.0520914,92.2,0.19,-0.009,-0.004,0.975,0,0.4236481262926827,,109.19261349161286,-1.0,11.0
19025,2026-05-11 22:25:32.100000+00:00,52.2377065,21.0520923,92.1,0.08,-0.009,0.0,0.971,0,0.44845542655375525,,109.25404477621584,-1.0,11.0
19030,2026-05-11 22:25:32.600000+00:00,52.2377068,21.0520928,91.9,0.13,-0.011,-0.007,0.98,0,0.34319138495181417,,109.28855164529467,-1.0,11.0
19035,2026-05-11 22:25:33.100000+00:00,52.237707,21.0520933,91.9,0.13,-0.011,-0.008,0.976,0,0.2928003297135113,,109.3229096237066,-1.0,11.0
19040,2026-05-11 22:25:33.600000+00:00,52.2377072,21.0520937,91.8,0.09,-0.008,-0.009,0.976,0,0.2531766391623926,,109.3504632071282,-1.0,11.0
19045,2026-05-11 22:25:34.100000+00:00,52.2377077,21.0520938,91.8,0.04,-0.01,-0.011,0.977,0,0.40329296656541236,,109.3580881947526,-1.0,11.0
19050,2026-05-11 22:25:34.600000+00:00,52.2377081,21.0520936,91.8,0.2,-0.008,-0.01,0.977,0,0.33491713758913677,,109.34514429303239,-1.0,11.0
19055,2026-05-11 22:25:35.100000+00:00,52.2377085,21.0520935,91.8,0.02,-0.011,-0.009,0.976,0,0.32397265548463056,,109.33902723676135,-1.0,11.0
19060,2026-05-11 22:25:35.600000+00:00,52.2377088,21.0520931,91.8,0.16,-0.01,-0.011,0.975,0,0.31007531879437844,,109.31232357397447,-1.0,11.0
19065,2026-05-11 22:25:36.100000+00:00,52.2377089,21.0520929,91.9,0.12,-0.01,-0.007,0.974,0,0.1265883175928324,,109.29888564631685,-1.0,11.0
19070,2026-05-11 22:25:36.600000+00:00,52.237709,21.0520926,91.9,0.05,-0.01,-0.009,0.978,0,0.16746127759019427,,109.27864036457561,-1.0,11.0
19075,2026-05-11 22:25:37.100000+00:00,52.237709,21.0520925,91.9,0.04,-0.01,-0.012,0.976,0,0.049027907003581506,,109.27183183438044,-1.0,11.0
19080,2026-05-11 22:25:37.600000+00:00,52.237709,21.0520924,92.0,0.08,-0.01,-0.009,0.976,0,0.049027907003581506,,109.26502330429777,-1.0,11.0
19085,2026-05-11 22:25:38.100000+00:00,52.2377092,21.0520923,92.0,0.12,-0.009,-0.01,0.977,0,0.1674585655151389,,109.25857892224145,-1.0,11.0
19090,2026-05-11 22:25:38.600000+00:00,52.2377092,21.0520924,92.1,0.06,-0.008,-0.009,0.974,0,0.049027905223290105,,109.26538742927364,-1.0,11.0
19095,2026-05-11 22:25:39.100000+00:00,52.2377093,21.0520925,92.1,0.02,-0.011,-0.009,0.976,0,0.09387968560485382,,109.27237968459264,-1.0,11.0
19100,2026-05-11 22:25:39.600000+00:00,52.2377095,21.0520925,92.1,0.04,-0.012,-0.008,0.976,0,0.1601206960198276,,109.27275057409129,-1.0,11.0
19105,2026-05-11 22:25:40.100000+00:00,52.2377097,21.0520925,92.2,0.03,-0.009,-0.01,0.975,0,0.1601206960198276,,109.27312598835236,-1.0,11.0
19110,2026-05-11 22:25:40.600000+00:00,52.23771,21.0520925,92.2,0.05,-0.01,-0.008,0.976,0,0.24018103639065203,,109.27369759355287,-1.0,11.0
19115,2026-05-11 22:25:41.100000+00:00,52.2377103,21.0520924,92.2,0.11,-0.012,-0.008,0.977,0,0.24513398514889487,,109.26747100185314,-1.0,11.0
19120,2026-05-11 22:25:41.600000+00:00,52.2377106,21.0520926,92.2,0.05,-0.013,-0.009,0.977,0,0.25942604393940216,,109.28167968574672,-1.0,11.0
19125,2026-05-11 22:25:42.100000+00:00,52.2377109,21.0520929,92.2,0.17,-0.01,-0.011,0.978,0,0.2816390490610857,,109.30270670396138,-1.0,11.0
19130,2026-05-11 22:25:42.600000+00:00,52.2377112,21.0520932,92.2,0.09,-0.011,-0.009,0.977,0,0.28163903985574856,,109.32374367367349,-1.0,11.0
19135,2026-05-11 22:25:43.100000+00:00,52.2377115,21.0520934,92.2,0.28,-0.009,-0.01,0.976,0,0.2594260520283174,,109.33798236184013,-1.0,11.0
19140,2026-05-11 22:25:43.600000+00:00,52.2377119,21.0520935,92.3,0.11,-0.01,-0.007,0.977,0,0.3239726551522288,,109.34563590458639,-1.0,11.0
19145,2026-05-11 22:25:44.100000+00:00,52.237712,21.0520938,92.3,0.12,-0.009,-0.01,0.976,0,0.16746126885803972,,109.36627454393818,-1.0,11.0
19150,2026-05-11 22:25:44.600000+00:00,52.2377122,21.0520941,92.3,0.12,-0.012,-0.009,0.976,0,0.2174218323180635,,109.3871305690104,-1.0,11.0
19155,2026-05-11 22:25:45.100000+00:00,52.2377124,21.0520944,92.3,0.05,-0.011,-0.009,0.975,0,0.21742183562023573,,109.40799095295432,-1.0,11.0
19160,2026-05-11 22:25:45.600000+00:00,52.2377126,21.0520949,92.3,0.14,-0.01,-0.009,0.976,0,0.2928003038177588,,109.44247185704407,-1.0,11.0
19165,2026-05-11 22:25:46.100000+00:00,52.2377127,21.0520953,92.3,0.12,-0.009,-0.009,0.976,0,0.2118240388535132,,109.46992600486645,-1.0,11.0
19170,2026-05-11 22:25:46.600000+00:00,52.2377126,21.0520954,92.4,0.17,-0.01,-0.008,0.977,0,0.09387968282903161,,109.47651226954352,-1.0,11.0
19175,2026-05-11 22:25:47.100000+00:00,52.2377125,21.0520958,92.5,0.08,-0.012,-0.011,0.975,0,0.2118240373377704,,109.50352398238651,-1.0,11.0
19180,2026-05-11 22:25:47.600000+00:00,52.2377123,21.0520959,92.6,0.0,-0.011,-0.009,0.978,0,0.1674585697739697,,109.50989425255393,-1.0,11.0
19185,2026-05-11 22:25:48.100000+00:00,52.2377122,21.052096,92.8,0.09,-0.011,-0.009,0.979,0,0.09387968305979155,,109.51648517002876,-1.0,11.0
19190,2026-05-11 22:25:48.600000+00:00,52.2377119,21.0520956,93.0,0.09,-0.01,-0.008,0.977,0,0.3100753043616142,,109.48860760694832,-1.0,11.0
19195,2026-05-11 22:25:49.100000+00:00,52.2377116,21.0520951,93.2,0.08,-0.009,-0.01,0.976,0,0.34319137307307257,,109.45393167032505,-1.0,11.0
19200,2026-05-11 22:25:49.600000+00:00,52.2377113,21.0520945,93.5,0.1,-0.012,-0.011,0.977,0,0.37976493097523406,,109.41245725362516,-1.0,11.0
19205,2026-05-11 22:25:50.100000+00:00,52.2377109,21.0520939,93.8,0.06,-0.01,-0.01,0.977,0,0.43484367287042414,,109.37078974525309,-1.0,11.0
19210,2026-05-11 22:25:50.600000+00:00,52.2377105,21.0520935,94.1,0.04,-0.01,-0.009,0.977,0,0.3755187287585433,,109.34275642705082,-1.0,11.0
19215,2026-05-11 22:25:51.100000+00:00,52.2377102,21.0520931,94.4,0.08,-0.004,-0.011,0.977,0,0.3100753140435018,,109.314934659077,-1.0,11.0
19220,2026-05-11 22:25:51.600000+00:00,52.2377109,21.0520931,94.5,1.04,0.038,-0.024,0.968,0,0.5604224335230334,,109.31632331105189,-1.0,11.0
19225,2026-05-11 22:25:52.100000+00:00,52.2377131,21.0520938,94.6,1.95,0.06,-0.033,0.975,0,1.794452025083999,,109.36870439176259,-1.0,11.0
19230,2026-05-11 22:25:52.600000+00:00,52.2377169,21.0520946,94.7,3.68,0.068,-0.031,0.975,0,3.06747239832268,,109.43260980370438,-1.0,11.0
19235,2026-05-11 22:25:53.100000+00:00,52.2377228,21.052096,94.7,5.14,0.077,-0.042,0.977,0,4.773170392647882,,109.54578807094074,-1.0,11.0
19240,2026-05-11 22:25:53.600000+00:00,52.2377312,21.0520983,94.8,7.27,0.101,-0.049,0.973,0,6.818953756865054,,109.73450769942185,-1.0,11.0
19245,2026-05-11 22:25:54.100000+00:00,52.2377426,21.0521014,94.8,9.7,0.111,-0.063,0.96,0,9.252562770612274,,110.00169470709189,-1.0,11.0
19250,2026-05-11 22:25:54.600000+00:00,52.2377568,21.0521057,94.8,12.19,0.119,-0.051,0.983,0,11.562390191045218,,110.38433710148963,-1.0,11.0
19255,2026-05-11 22:25:55.100000+00:00,52.237774,21.0521095,94.8,14.89,0.121,-0.025,0.966,0,13.895839055187551,,110.78161308121588,-1.0,11.0
19260,2026-05-11 22:25:55.600000+00:00,52.2377941,21.0521136,94.6,17.22,0.119,-0.047,0.972,0,16.21719170839405,,111.26341204696686,-1.0,11.0
19265,2026-05-11 22:25:56.100000+00:00,52.2378174,21.0521176,94.5,19.58,0.121,-0.056,0.966,0,18.756864021308004,,111.82521880297311,-1.0,11.0
19270,2026-05-11 22:25:56.600000+00:00,52.2378437,21.0521221,94.4,22.11,0.12,-0.038,0.957,0,21.17114202370018,,112.52745916798979,-1.0,11.0
19275,2026-05-11 22:25:57.100000+00:00,52.2378729,21.0521269,94.2,24.05,0.077,-0.05,0.995,0,23.495773044683755,,113.37824461354225,-1.0,11.0
19280,2026-05-11 22:25:57.600000+00:00,52.2379038,21.052132,94.2,25.35,0.059,-0.05,0.972,0,24.864688514891316,,114.37447571172993,-1.0,11.0
19285,2026-05-11 22:25:58.100000+00:00,52.2379366,21.0521372,94.2,27.0,0.066,-0.026,0.945,0,26.383260104329143,,115.52141296864782,-1.0,11.0
19290,2026-05-11 22:25:58.600000+00:00,52.2379707,21.0521402,94.2,27.67,0.046,0.054,0.984,0,27.340170419405606,,116.66577537337005,-1.0,11.0
19295,2026-05-11 22:25:59.100000+00:00,52.2380065,21.0521407,94.1,29.22,0.057,0.042,0.985,0,28.662652585445603,,117.81445236892007,-1.0,11.0
19300,2026-05-11 22:25:59.600000+00:00,52.2380441,21.0521392,94.0,30.56,0.064,0.011,0.943,0,30.111672336862462,,119.021957853739,-1.0,11.0
19305,2026-05-11 22:26:00.100000+00:00,52.2380829,21.052135,93.9,31.4,0.02,0.023,1.001,0,31.131589345025546,,120.23921274894116,-1.0,11.0
19310,2026-05-11 22:26:00.600000+00:00,52.2381218,21.0521276,93.9,31.5,-0.025,0.071,0.978,0,31.35408524052641,,121.40205138128539,-1.0,11.0
19315,2026-05-11 22:26:01.100000+00:00,52.2381599,21.0521172,93.9,30.88,-0.02,0.098,0.948,0,30.926216000211152,,122.48577014064664,-1.0,11.0
19320,2026-05-11 22:26:01.600000+00:00,52.2381968,21.0521027,93.9,29.88,-0.037,0.091,0.977,0,30.38557351255352,,123.39988006030354,-1.0,11.0
19325,2026-05-11 22:26:02.100000+00:00,52.2382323,21.0520846,93.8,30.18,-0.045,0.138,0.956,0,29.774557731197092,,124.16062578792281,-1.0,11.0
19330,2026-05-11 22:26:02.600000+00:00,52.2382662,21.0520617,93.7,29.48,-0.147,0.14,1.081,0,29.371000568728626,,124.68170261137499,-1.0,11.0
19335,2026-05-11 22:26:03.100000+00:00,52.2382981,21.0520345,93.6,28.74,-0.128,0.09,0.916,0,28.811225445232434,,124.96697584348905,-1.0,11.0
19340,2026-05-11 22:26:03.600000+00:00,52.2383278,21.0520035,93.6,28.22,-0.037,0.147,1.03,0,28.220246874493082,,125.02768510169244,-1.0,11.0
19345,2026-05-11 22:26:04.100000+00:00,52.2383544,21.051969,93.6,26.55,-0.046,0.102,0.96,0,27.195924839071512,,124.81537556122576,-1.0,11.0
19350,2026-05-11 22:26:04.600000+00:00,52.2383796,21.0519342,93.7,26.18,-0.068,0.125,1.005,0,26.422194533386875,,124.60558330933176,-1.0,11.0
19355,2026-05-11 22:26:05.100000+00:00,52.2384016,21.0518987,93.7,24.96,-0.075,0.092,0.947,0,24.7618452742401,,124.240900031069,-1.0,11.0
19360,2026-05-11 22:26:05.600000+00:00,52.2384197,21.0518617,93.7,23.21,-0.072,0.101,0.985,0,23.217403944673407,,123.60953340373705,-1.0,11.0
19365,2026-05-11 22:26:06.100000+00:00,52.2384338,21.0518252,93.7,21.51,-0.082,0.119,0.972,0,21.157924147155555,,122.7858119713273,-1.0,11.0
19370,2026-05-11 22:26:06.600000+00:00,52.2384437,21.0517913,93.7,20.45,-0.072,0.116,0.981,0,18.41335619547762,,121.8354350139376,-1.0,11.0
19375,2026-05-11 22:26:07.100000+00:00,52.2384509,21.0517544,93.5,18.93,-0.08,0.086,0.955,0,18.98714906093017,,120.57572556256117,-1.0,11.0
19380,2026-05-11 22:26:07.600000+00:00,52.2384576,21.0517234,93.1,18.13,-0.055,0.053,0.978,0,16.11720184115449,,119.60360429585624,-1.0,11.0
19385,2026-05-11 22:26:08.100000+00:00,52.2384614,21.0516903,92.8,16.35,-0.077,0.048,0.965,0,16.51067288657995,,118.33392763449746,-1.0,11.0
19390,2026-05-11 22:26:08.600000+00:00,52.238463,21.0516599,92.6,15.15,-0.07,0.043,0.988,0,14.959176568931298,,117.04140718590256,-1.0,11.0
19395,2026-05-11 22:26:09.100000+00:00,52.2384625,21.051628,92.5,14.54,-0.065,0.045,0.969,0,15.64475865069056,,115.53014540880768,-1.0,11.0
19400,2026-05-11 22:26:09.600000+00:00,52.2384606,21.0516009,92.3,13.1,-0.061,0.025,0.967,0,13.373131561567357,,114.14032650766502,-1.0,11.0
19405,2026-05-11 22:26:10.100000+00:00,52.2384575,21.0515743,92.1,12.27,-0.055,-0.005,0.968,0,13.27526463871798,,112.68560528724272,-1.0,11.0
19410,2026-05-11 22:26:10.600000+00:00,52.2384542,21.051551,91.9,11.0,-0.052,0.003,0.975,0,11.724850951724202,,111.37141125170969,-1.0,11.0
19415,2026-05-11 22:26:11.100000+00:00,52.2384507,21.0515291,91.8,10.86,-0.045,-0.02,0.968,0,11.09655505647247,,110.10994596753693,-1.0,11.0
19420,2026-05-11 22:26:11.600000+00:00,52.2384463,21.0515087,91.8,9.9,-0.044,-0.014,0.977,0,10.603755376832394,,108.84379785573005,-1.0,11.0
19425,2026-05-11 22:26:12.100000+00:00,52.2384418,21.05149,91.8,9.55,-0.052,-0.028,0.984,0,9.850533306389595,,107.64763704980642,-1.0,11.0
19430,2026-05-11 22:26:12.600000+00:00,52.2384375,21.0514746,91.7,8.27,-0.038,-0.049,0.954,0,8.29798630556954,,106.61436302151495,-1.0,11.0
19435,2026-05-11 22:26:13.100000+00:00,52.238434,21.0514614,91.8,7.06,-0.074,-0.045,0.976,0,7.052173444083753,,105.74675084533234,-1.0,11.0
19440,2026-05-11 22:26:13.600000+00:00,52.2384313,21.0514511,91.9,6.25,-0.08,-0.055,0.967,0,5.492999279318484,,105.07381472059008,-1.0,11.0
19445,2026-05-11 22:26:14.100000+00:00,52.238429,21.0514434,92.0,4.11,-0.104,-0.054,0.975,0,4.200237500960949,,104.54704398039634,-1.0,11.0
19450,2026-05-11 22:26:14.600000+00:00,52.2384271,21.0514385,92.1,2.35,-0.105,-0.05,0.969,0,2.8434256059836027,,104.17411582711867,-1.0,11.0
19455,2026-05-11 22:26:15.100000+00:00,52.2384262,21.0514359,92.0,1.38,-0.033,-0.051,0.973,0,1.4642592392031704,,103.98573092875476,-1.0,11.0
19460,2026-05-11 22:26:15.600000+00:00,52.238425,21.051433,92.0,1.82,0.024,-0.053,0.968,0,1.7159450161649372,,103.7585650985804,-1.0,11.0
19465,2026-05-11 22:26:16.100000+00:00,52.2384233,21.0514286,92.1,2.79,0.048,-0.05,0.967,0,2.550661421489657,,103.42453225759843,-1.0,11.0
19470,2026-05-11 22:26:16.600000+00:00,52.2384209,21.0514225,92.1,3.82,0.076,-0.048,0.972,0,3.554711872943523,,102.9578902037148,-1.0,11.0
19475,2026-05-11 22:26:17.100000+00:00,52.2384174,21.0514137,92.0,5.41,0.088,-0.046,0.968,0,5.144488839107663,,102.28184764124387,-1.0,11.0
19480,2026-05-11 22:26:17.600000+00:00,52.2384135,21.0514036,91.6,7.5,0.096,-0.052,0.973,0,5.8539574710902995,,101.51685550296321,-1.0,11.0
19485,2026-05-11 22:26:18.100000+00:00,52.2384091,21.05139,91.2,9.31,0.114,-0.091,0.964,0,7.5410335580665935,,100.56291157271517,-1.0,11.0
19490,2026-05-11 22:26:18.600000+00:00,52.2384026,21.0513709,91.1,11.72,0.119,-0.063,0.959,0,10.713017103824702,,99.19800579738765,-1.0,11.0
19495,2026-05-11 22:26:19.100000+00:00,52.2383956,21.0513471,91.0,14.0,0.104,-0.053,1.002,0,12.944508336804553,,97.60010404419415,-1.0,11.0
19500,2026-05-11 22:26:19.600000+00:00,52.2383864,21.0513206,91.0,16.5,0.125,-0.01,1.002,0,14.93480837474908,,95.70327691988774,-1.0,11.0
19505,2026-05-11 22:26:20.100000+00:00,52.2383759,21.051291,90.8,18.58,0.139,-0.053,0.923,0,16.77098128776404,,93.57326590952282,-1.0,11.0
19510,2026-05-11 22:26:20.600000+00:00,52.2383632,21.0512556,90.8,21.27,0.142,-0.064,0.947,0,20.114645388302264,,91.02572827926537,-1.0,11.0
19515,2026-05-11 22:26:21.100000+00:00,52.23835,21.0512151,90.8,23.4,0.102,-0.077,1.045,0,22.493179642754413,,88.25182509045142,-1.0,11.0
19520,2026-05-11 22:26:21.600000+00:00,52.2383369,21.0511721,90.5,25.28,0.125,-0.041,0.89,0,23.54642584199159,,85.41843257186305,-1.0,11.0
19525,2026-05-11 22:26:22.100000+00:00,52.2383225,21.0511264,90.3,26.88,0.087,-0.055,0.958,0,25.19750842613829,,82.39749375270185,-1.0,11.0
19530,2026-05-11 22:26:22.600000+00:00,52.2383075,21.0510783,90.2,27.84,0.048,-0.039,1.071,0,26.463802086748196,6.0,79.27543117246572,-1.0,11.0
19535,2026-05-11 22:26:23.100000+00:00,52.238291,21.0510274,90.0,29.25,0.106,-0.079,0.843,0,28.235591623686418,6.0,75.96452069241441,-1.0,11.0
19540,2026-05-11 22:26:23.600000+00:00,52.238275,21.0509719,89.8,31.23,0.064,-0.054,0.968,0,30.07455380989053,6.0,72.62116388816884,-1.0,11.0
19545,2026-05-11 22:26:24.100000+00:00,52.2382576,21.0509163,89.6,31.43,0.038,-0.041,1.028,0,30.61243854683345,6.0,69.22417043094718,-1.0,11.0
19550,2026-05-11 22:26:24.600000+00:00,52.2382394,21.0508592,89.6,32.4,0.054,-0.071,0.914,0,31.55963975846676,6.0,65.80502599568882,-1.0,11.0
19555,2026-05-11 22:26:25.100000+00:00,52.2382208,21.0507996,89.5,33.71,0.053,-0.056,0.985,0,32.79594288685285,6.0,62.40647337207481,-1.0,11.0
19560,2026-05-11 22:26:25.600000+00:00,52.2382016,21.0507387,89.5,34.52,0.035,-0.069,0.933,0,33.58221806826888,6.0,59.07410378506729,-1.0,11.0
19565,2026-05-11 22:26:26.100000+00:00,52.2381819,21.0506757,89.4,35.49,0.035,-0.062,0.999,0,34.681037688966704,6.0,55.84547873785408,-1.0,11.0
19570,2026-05-11 22:26:26.600000+00:00,52.2381619,21.0506113,89.3,36.22,0.061,-0.062,0.976,0,35.401712767998475,6.0,52.81097734745569,-1.0,11.0
19575,2026-05-11 22:26:27.100000+00:00,52.2381418,21.0505452,89.3,36.68,0.002,-0.053,0.946,0,36.182568336132334,6.0,50.0560516969924,-1.0,11.0
19580,2026-05-11 22:26:27.600000+00:00,52.238122,21.0504797,89.3,36.09,-0.028,-0.039,0.973,0,35.812390295714174,6.0,47.70597153841556,-1.0,11.0
19585,2026-05-11 22:26:28.100000+00:00,52.2381025,21.0504152,89.3,35.72,-0.035,-0.017,0.99,0,35.26646039184127,6.0,45.803371056407485,-1.0,11.0
19590,2026-05-11 22:26:28.600000+00:00,52.2380832,21.0503518,89.3,35.09,-0.035,-0.024,0.913,0,34.712139601827026,6.0,44.36840977922009,-1.0,11.0
19595,2026-05-11 22:26:29.100000+00:00,52.2380649,21.0502904,89.3,33.13,-0.095,-0.01,0.998,0,33.47890204012463,6.0,43.487360430606884,-1.0,11.0
19600,2026-05-11 22:26:29.600000+00:00,52.2380473,21.0502323,89.2,31.44,-0.101,0.006,0.964,0,31.7795580484278,6.0,43.07248587950178,-1.0,11.0
19605,2026-05-11 22:26:30.100000+00:00,52.2380303,21.0501784,89.2,29.16,-0.129,0.001,0.976,0,29.724811978552637,6.0,43.0250084414511,-1.0,11.0
19610,2026-05-11 22:26:30.600000+00:00,52.2380154,21.0501285,89.0,26.51,-0.146,-0.013,0.988,0,27.218099689480585,6.0,43.41002420738763,-1.0,11.0
19615,2026-05-11 22:26:31.100000+00:00,52.2380013,21.0500845,88.8,23.61,-0.162,0.006,0.962,0,24.347225139015343,6.0,43.93339337792615,-1.0,11.0
19620,2026-05-11 22:26:31.600000+00:00,52.2379888,21.0500457,88.7,21.0,-0.161,-0.012,0.955,0,21.494516393282034,6.0,44.59757364433839,-1.0,11.0
19625,2026-05-11 22:26:32.100000+00:00,52.2379776,21.0500115,88.6,18.6,-0.117,-0.006,0.992,0,19.014463530939643,6.0,45.324078762676606,-1.0,11.0
19630,2026-05-11 22:26:32.600000+00:00,52.2379677,21.0499808,88.6,16.65,-0.128,-0.015,0.955,0,17.010821739803095,6.0,46.10683313459507,-1.0,11.0
19635,2026-05-11 22:26:33.100000+00:00,52.2379591,21.0499551,88.5,13.78,-0.156,-0.01,0.969,0,14.358563751432873,6.0,46.82178947569284,-1.0,11.0
19640,2026-05-11 22:26:33.600000+00:00,52.2379521,21.0499348,88.5,10.9,-0.168,-0.007,0.975,0,11.42198626473001,6.0,47.42420967710457,-1.0,11.0
19645,2026-05-11 22:26:34.100000+00:00,52.2379467,21.0499202,88.5,7.8,-0.181,0.003,0.969,0,8.362298700823015,6.0,47.86132498171791,-1.0,11.0
19650,2026-05-11 22:26:34.600000+00:00,52.2379438,21.0499115,88.3,3.86,-0.21,0.001,0.967,0,4.8563571281651,6.0,48.15369449089034,-1.0,11.0
19655,2026-05-11 22:26:35.100000+00:00,52.2379427,21.0499095,88.2,0.7,-0.17,0.0,0.979,0,1.3179730129931062,6.0,48.194213318393,-1.0,11.0
19660,2026-05-11 22:26:35.600000+00:00,52.2379421,21.0499106,88.2,0.03,-0.015,-0.027,0.964,0,0.7222165064099584,6.0,48.09455442960157,-1.0,11.0
19665,2026-05-11 22:26:36.100000+00:00,52.2379414,21.0499117,88.2,0.04,0.0,-0.032,0.977,0,0.777767482287514,6.0,47.98849735372823,-1.0,11.0
19670,2026-05-11 22:26:36.600000+00:00,52.2379397,21.0499143,88.2,0.08,0.009,-0.029,0.973,0,1.8647519494154416,6.0,47.73494731734524,-1.0,11.0
19675,2026-05-11 22:26:37.100000+00:00,52.2379377,21.0499176,88.2,0.04,0.004,-0.029,0.975,0,2.2762918646156907,6.0,47.423276883148354,-1.0,11.0
19680,2026-05-11 22:26:37.600000+00:00,52.2379357,21.0499202,88.2,0.11,0.005,-0.03,0.975,0,2.0466490371865405,6.0,47.15074455239737,-1.0,11.0
19685,2026-05-11 22:26:38.100000+00:00,52.2379341,21.049922,88.2,0.24,0.015,-0.033,0.976,0,1.5555305113444924,6.0,46.948469667977385,-1.0,11.0
19690,2026-05-11 22:26:38.600000+00:00,52.2379323,21.0499218,88.2,1.13,0.055,-0.04,0.967,0,1.4444183680583857,6.0,46.845673833876845,-1.0,11.0
19695,2026-05-11 22:26:39.100000+00:00,52.2379299,21.049919,88.1,2.68,0.078,-0.041,0.975,0,2.3614558123996305,6.0,46.8521579560583,-1.0,11.0
19700,2026-05-11 22:26:39.600000+00:00,52.2379271,21.0499135,88.1,4.08,0.091,-0.04,0.971,0,3.5066224645925224,6.0,46.98915653184321,-1.0,11.0
19705,2026-05-11 22:26:40.100000+00:00,52.2379235,21.0499052,88.0,5.31,0.094,-0.043,0.97,0,4.986591174835606,6.0,47.24235647932304,-1.0,11.0
19710,2026-05-11 22:26:40.600000+00:00,52.2379186,21.049894,88.0,7.25,0.105,-0.035,0.974,0,6.74846376581826,6.0,47.59539381653125,-1.0,11.0
19715,2026-05-11 22:26:41.100000+00:00,52.2379125,21.0498797,87.9,9.33,0.12,-0.042,0.967,0,8.544230445225518,6.0,48.07776554731456,-1.0,11.0
19720,2026-05-11 22:26:41.600000+00:00,52.2379047,21.0498621,87.8,11.43,0.12,-0.036,0.973,0,10.651469911678168,6.0,48.68887733298557,-1.0,11.0
19725,2026-05-11 22:26:42.100000+00:00,52.2378954,21.0498404,87.8,13.9,0.134,-0.053,0.964,0,12.985594873720892,6.0,49.508876123088065,-1.0,11.0
19730,2026-05-11 22:26:42.600000+00:00,52.2378848,21.0498146,87.7,16.24,0.138,-0.052,0.966,0,15.232198872171299,6.0,50.571690626919654,-1.0,11.0
19735,2026-05-11 22:26:43.100000+00:00,52.237872,21.0497862,87.6,18.48,0.136,-0.068,0.962,0,17.288437639387002,6.0,51.76781508926836,-1.0,11.0
19740,2026-05-11 22:26:43.600000+00:00,52.2378584,21.0497522,87.6,21.18,0.135,-0.093,0.968,0,19.91037261467521,6.0,53.37260860152375,-1.0,11.0
19745,2026-05-11 22:26:44.100000+00:00,52.2378444,21.0497131,87.5,22.89,0.105,-0.078,0.964,0,22.206135787861992,6.0,55.3867090025848,-1.0,11.0
19750,2026-05-11 22:26:44.600000+00:00,52.2378296,21.0496715,87.5,24.29,0.078,-0.072,0.967,0,23.58761637838456,6.0,57.63640347295412,-1.0,11.0
19755,2026-05-11 22:26:45.100000+00:00,52.2378141,21.0496277,87.4,25.68,0.065,-0.072,0.963,0,24.80185421316907,6.0,60.10919256137862,-1.0,11.0
19760,2026-05-11 22:26:45.600000+00:00,52.2377988,21.0495807,87.4,26.63,0.062,-0.066,0.963,0,26.096485927167254,6.0,62.892029099450106,-1.0,11.0
19765,2026-05-11 22:26:46.100000+00:00,52.2377834,21.0495307,87.3,28.02,0.066,-0.048,0.947,0,27.439809731878064,6.0,65.95712053756147,-1.0,11.0
19770,2026-05-11 22:26:46.600000+00:00,52.2377671,21.0494793,87.2,28.98,0.072,-0.062,0.992,0,28.378753914430284,6.0,69.17913841736924,-1.0,11.0
19775,2026-05-11 22:26:47.100000+00:00,52.2377508,21.0494246,87.2,30.25,0.061,-0.071,0.968,0,29.824753914934846,6.0,72.69613896513225,-1.0,11.0
19780,2026-05-11 22:26:47.600000+00:00,52.2377342,21.0493672,87.1,31.49,0.074,-0.067,0.96,0,31.122284117717435,6.0,76.45747394197902,-1.0,11.0
19785,2026-05-11 22:26:48.100000+00:00,52.2377177,21.0493077,87.1,32.3,0.048,-0.073,0.982,0,32.023191952457715,,80.41864025548276,-1.0,11.0
19790,2026-05-11 22:26:48.600000+00:00,52.2377017,21.0492453,87.1,33.39,0.06,-0.083,0.955,0,33.16691430801548,,84.62635645478218,-1.0,11.0
19795,2026-05-11 22:26:49.100000+00:00,52.2376857,21.0491815,87.1,33.99,0.045,-0.07,0.963,0,33.80109628242365,,88.96896440764867,-1.0,11.0
19800,2026-05-11 22:26:49.600000+00:00,52.23767,21.0491165,87.0,34.42,0.05,-0.051,0.963,0,34.257428574248394,,93.42642153560173,-1.0,11.0
19805,2026-05-11 22:26:50.100000+00:00,52.2376538,21.0490504,87.1,35.31,0.042,-0.061,0.982,0,34.90644487564966,,97.98945979580141,-1.0,11.0
19810,2026-05-11 22:26:50.600000+00:00,52.2376376,21.0489826,87.2,36.34,0.054,-0.078,0.95,0,35.68160660982981,,102.69421097387665,-1.0,11.0
19815,2026-05-11 22:26:51.100000+00:00,52.2376215,21.0489132,87.3,36.87,0.039,-0.06,0.97,0,36.385086609663425,,107.5293715759293,-1.0,11.0
19820,2026-05-11 22:26:51.600000+00:00,52.2376059,21.0488423,87.4,37.21,0.022,-0.072,0.963,0,36.9364708418357,,112.48070326667184,-1.0,11.0
19825,2026-05-11 22:26:52.100000+00:00,52.2375914,21.0487716,87.5,36.39,-0.039,-0.029,0.98,0,36.5550803977362,,117.42199393354336,-1.0,11.0
19830,2026-05-11 22:26:52.600000+00:00,52.2375772,21.0487022,87.6,35.68,-0.026,-0.029,0.965,0,35.87445442783249,,122.28285955286569,-1.0,11.0
19835,2026-05-11 22:26:53.100000+00:00,52.2375636,21.0486332,87.6,35.47,-0.002,-0.038,0.963,0,35.5384120424547,,127.1185180793937,-1.0,11.0
19840,2026-05-11 22:26:53.600000+00:00,52.2375501,21.0485639,87.6,35.55,0.021,-0.035,0.966,0,35.65411027118914,,131.9805413353871,-1.0,11.0
19845,2026-05-11 22:26:54.100000+00:00,52.2375364,21.0484939,87.7,36.08,0.037,-0.036,0.967,0,36.02973969397596,,136.89912376839735,-1.0,11.0
19850,2026-05-11 22:26:54.600000+00:00,52.2375222,21.0484239,87.7,36.43,0.037,-0.033,0.981,0,36.153621634996384,,141.8311289492124,-1.0,11.0
19855,2026-05-11 22:26:55.100000+00:00,52.2375084,21.0483539,87.7,36.06,-0.027,-0.013,0.947,0,36.0542130967292,,146.76296669651802,-1.0,11.0
19860,2026-05-11 22:26:55.600000+00:00,52.2374952,21.0482856,87.8,35.01,-0.035,-0.021,0.985,0,35.1142221201146,,151.5755407169498,-1.0,11.0
19865,2026-05-11 22:26:56.100000+00:00,52.2374819,21.0482188,87.9,34.47,-0.025,-0.018,0.958,0,34.438287383527076,,156.29279171661594,-1.0,11.0
19870,2026-05-11 22:26:56.600000+00:00,52.2374687,21.0481535,87.9,33.52,-0.018,-0.012,0.965,0,33.71449533945499,,160.91129873738777,-1.0,11.0
19875,2026-05-11 22:26:57.100000+00:00,52.2374559,21.0480895,88.0,32.67,-0.029,-0.04,0.966,0,33.009042848176406,,165.43892428885331,-1.0,11.0
19880,2026-05-11 22:26:57.600000+00:00,52.2374438,21.0480264,88.1,32.23,-0.027,-0.019,0.965,0,32.418031607358785,,169.8964317273436,-1.0,11.0
19885,2026-05-11 22:26:58.100000+00:00,52.2374317,21.0479654,88.2,31.31,-0.026,-0.015,0.971,0,31.436996923614767,,174.2152558215725,-1.0,11.0
19890,2026-05-11 22:26:58.600000+00:00,52.2374199,21.0479055,88.4,30.67,-0.035,-0.02,0.98,0,30.84998936495825,,178.45689886235823,-1.0,11.0
19895,2026-05-11 22:26:59.100000+00:00,52.2374084,21.047847,88.5,29.9,-0.024,-0.016,0.967,0,30.123032609981756,,182.6008814485805,-1.0,11.0
19900,2026-05-11 22:26:59.600000+00:00,52.2373972,21.0477897,88.6,29.43,-0.025,-0.017,0.954,0,29.4894856793671,,186.66032459067463,-1.0,11.0
19905,2026-05-11 22:27:00.100000+00:00,52.2373863,21.047734,88.6,28.47,-0.031,-0.017,0.972,0,28.669154039229657,,190.60815928793608,-1.0,11.0
19910,2026-05-11 22:27:00.600000+00:00,52.2373756,21.0476797,88.7,28.0,-0.024,-0.026,0.964,0,27.966653492150364,,194.4595948695908,-1.0,11.0
19915,2026-05-11 22:27:01.100000+00:00,52.2373659,21.0476266,88.9,27.26,-0.038,-0.08,0.979,0,27.16760040858507,,198.21155713890647,-1.0,11.0
19920,2026-05-11 22:27:01.600000+00:00,52.2373586,21.0475745,89.4,26.63,-0.038,-0.114,0.948,0,26.20381018564767,,201.84806453473357,-1.0,11.0
19925,2026-05-11 22:27:02.100000+00:00,52.2373534,21.0475216,89.6,26.47,-0.033,-0.114,0.948,0,26.267969029059028,,205.49516968821888,-1.0,11.0
19930,2026-05-11 22:27:02.600000+00:00,52.2373502,21.0474702,89.9,25.43,-0.054,-0.129,0.964,0,25.330437182724367,,209.00122943933155,-1.0,11.0
19935,2026-05-11 22:27:03.100000+00:00,52.2373502,21.0474196,90.1,25.27,-0.067,-0.163,0.957,0,24.808321240178923,,212.38995705123156,-1.0,11.0
19940,2026-05-11 22:27:03.600000+00:00,52.2373531,21.0473684,90.2,25.22,-0.032,-0.147,0.961,0,25.209631880815643,,215.76397364642483,-1.0,11.0
19945,2026-05-11 22:27:04.100000+00:00,52.2373586,21.0473173,90.3,25.35,-0.034,-0.167,0.988,0,25.437473446378167,,219.08601575743074,-1.0,11.0
19950,2026-05-11 22:27:04.600000+00:00,52.2373666,21.0472669,90.4,26.0,-0.036,-0.152,0.897,0,25.52682228506379,,222.32198421927527,-1.0,11.0
19955,2026-05-11 22:27:05.100000+00:00,52.2373769,21.0472169,90.4,26.02,0.015,-0.113,0.991,0,25.8639345607131,,225.50034282195202,-1.0,11.0
19960,2026-05-11 22:27:05.600000+00:00,52.2373889,21.0471659,90.4,26.56,0.029,-0.097,0.963,0,26.786562177469918,,228.73026403598257,-1.0,11.0
19965,2026-05-11 22:27:06.100000+00:00,52.2374017,21.0471125,90.5,27.36,0.017,-0.105,0.983,0,28.11521258776907,,232.12426395308498,-1.0,11.0
19970,2026-05-11 22:27:06.600000+00:00,52.2374157,21.0470577,90.6,28.51,0.039,-0.094,0.916,0,29.111690242458565,,235.6110962023726,-1.0,11.0
19975,2026-05-11 22:27:07.100000+00:00,52.2374297,21.0470031,90.6,29.62,0.027,-0.04,0.99,0,29.021209689734114,,239.10193372279943,-1.0,11.0
19980,2026-05-11 22:27:07.600000+00:00,52.2374437,21.0469459,90.6,29.74,0.006,-0.023,0.972,0,30.20103978752175,,242.7853942205921,-1.0,11.0
19985,2026-05-11 22:27:08.100000+00:00,52.2374569,21.0468882,90.6,30.07,0.018,-0.005,0.968,0,30.19875040100641,,246.5285032291179,-1.0,11.0
19990,2026-05-11 22:27:08.600000+00:00,52.2374684,21.0468287,90.5,30.37,0.01,0.048,0.954,0,30.59018945688502,,250.42667145696453,-1.0,11.0
19995,2026-05-11 22:27:09.100000+00:00,52.2374775,21.0467692,90.4,30.59,0.011,0.04,0.983,0,30.06775583442256,,254.36107241813704,-1.0,11.0
20000,2026-05-11 22:27:09.600000+00:00,52.2374847,21.0467085,90.3,30.52,0.024,0.051,0.97,0,30.313210859312946,,258.4033072267646,-1.0,11.0
20005,2026-05-11 22:27:10.100000+00:00,52.2374906,21.0466457,90.1,31.15,0.03,0.067,0.967,0,31.14990122837823,,262.605652476624,-1.0,11.0
20010,2026-05-11 22:27:10.600000+00:00,52.2374937,21.0465808,90.0,32.31,0.033,0.085,0.98,0,31.915911721042168,,266.98015120432797,-1.0,11.0
20015,2026-05-11 22:27:11.100000+00:00,52.2374936,21.0465135,89.8,32.8,0.053,0.064,0.981,0,32.99603830010239,,271.54826979478537,-1.0,11.0
20020,2026-05-11 22:27:11.600000+00:00,52.237491,21.0464428,89.6,35.02,0.053,0.065,0.951,0,34.725343857260384,,276.37010921475854,-1.0,11.0
20025,2026-05-11 22:27:12.100000+00:00,52.2374846,21.0463712,89.5,35.68,0.049,0.08,0.982,0,35.47612906080659,,281.2875780268054,-1.0,11.0
20030,2026-05-11 22:27:12.600000+00:00,52.2374759,21.0462978,89.4,37.27,0.053,0.039,0.977,0,36.65453648413998,,286.34898129421737,-1.0,11.0
20035,2026-05-11 22:27:13.100000+00:00,52.2374657,21.0462219,89.1,38.99,0.072,-0.009,0.963,0,38.09786575498061,,291.5954321783413,-1.0,11.0
20040,2026-05-11 22:27:13.600000+00:00,52.2374536,21.0461428,89.1,40.53,0.047,-0.041,0.98,0,39.972896105082334,,297.0793814801887,-1.0,11.0
20045,2026-05-11 22:27:14.100000+00:00,52.2374415,21.0460623,88.9,41.26,0.054,-0.047,0.936,0,40.63917991908962,,302.66073201703557,-1.0,11.0
20050,2026-05-11 22:27:14.600000+00:00,52.2374299,21.0459777,88.8,42.48,0.032,-0.063,1.002,0,42.50484209542947,,308.5170234802631,-1.0,11.0
20055,2026-05-11 22:27:15.100000+00:00,52.2374178,21.0458911,88.7,43.93,0.041,-0.044,0.967,0,43.549545708933785,,314.5160326058443,-1.0,11.0
20060,2026-05-11 22:27:15.600000+00:00,52.2374054,21.0458017,88.4,44.94,0.032,-0.039,0.961,0,44.94143638995985,,320.70994790038066,-1.0,11.0
20065,2026-05-11 22:27:16.100000+00:00,52.2373924,21.045711,88.3,46.02,0.033,-0.027,0.957,0,45.67035770665829,,327.00056597913624,-1.0,11.0
20070,2026-05-11 22:27:16.600000+00:00,52.2373785,21.045618,88.1,46.94,0.022,-0.04,0.961,0,46.93465958927422,,333.45941847680035,-1.0,11.0
20075,2026-05-11 22:27:17.100000+00:00,52.2373649,21.0455247,88.1,47.56,-0.037,-0.035,0.973,0,47.02138101627663,,339.93728631078466,-1.0,11.0
20080,2026-05-11 22:27:17.600000+00:00,52.2373513,21.0454313,87.9,47.35,-0.026,-0.021,0.977,0,47.0690917736515,,346.4239112274125,-1.0,11.0
20085,2026-05-11 22:27:18.100000+00:00,52.2373378,21.0453391,88.0,46.8,-0.059,-0.019,0.961,0,46.478239901340146,,352.82996688156595,-1.0,11.0
20090,2026-05-11 22:27:18.600000+00:00,52.2373258,21.0452487,88.1,45.19,-0.16,0.0,0.974,0,45.35089510408386,,359.0970104294146,-1.0,11.0
20095,2026-05-11 22:27:19.100000+00:00,52.2373174,21.04516,88.6,44.32,-0.159,0.0,0.987,0,44.0050478541511,,364.22968404728726,-1.0,11.0
20100,2026-05-11 22:27:19.600000+00:00,52.2373058,21.0450785,88.4,40.47,-0.166,-0.006,0.955,0,41.023142924885725,,361.4041682878982,-1.0,11.0
20105,2026-05-11 22:27:20.100000+00:00,52.2372945,21.0450028,88.3,37.88,-0.165,0.007,0.971,0,38.2011597622454,,358.8844826467942,-1.0,11.0
20110,2026-05-11 22:27:20.600000+00:00,52.2372843,21.0449313,88.1,35.74,-0.139,0.008,0.973,0,35.99387544646115,,356.52102829141546,-1.0,11.0
20115,2026-05-11 22:27:21.100000+00:00,52.2372744,21.0448628,87.7,33.09,-0.162,0.0,0.972,0,34.5070391543079,,354.3189647073638,-1.0,11.0
20120,2026-05-11 22:27:21.600000+00:00,52.2372653,21.0447992,87.3,30.74,-0.151,-0.002,0.977,0,32.02185301307825,,352.31260196413507,-1.0,11.0
20125,2026-05-11 22:27:22.100000+00:00,52.2372566,21.0447399,87.0,28.64,-0.156,-0.01,0.965,0,29.896538297491592,,350.5009746587658,-1.0,11.0
20130,2026-05-11 22:27:22.600000+00:00,52.2372488,21.0446866,87.0,26.4,-0.127,0.001,0.978,0,26.867922418592972,,348.90507185049773,-1.0,11.0
20135,2026-05-11 22:27:23.100000+00:00,52.2372417,21.0446362,86.8,24.62,-0.153,0.006,0.967,0,25.35569281481559,,347.40196134310924,-1.0,11.0
20140,2026-05-11 22:27:23.600000+00:00,52.2372345,21.044594,86.8,20.63,-0.21,0.025,0.966,0,21.477979657103543,,346.27665257041565,-1.0,11.0
20145,2026-05-11 22:27:24.100000+00:00,52.2372279,21.0445557,86.8,18.84,-0.127,-0.022,0.98,0,19.507168962194186,,345.28027701296264,-1.0,11.0
20150,2026-05-11 22:27:24.600000+00:00,52.2372227,21.0445217,86.6,16.35,-0.212,0.011,0.952,0,17.18166500535316,,344.3524673250694,-1.0,11.0
20155,2026-05-11 22:27:25.100000+00:00,52.2372182,21.0444968,86.6,11.18,-0.301,0.028,0.976,0,12.728584083856424,,343.7437800920809,-1.0,11.0
20160,2026-05-11 22:27:25.600000+00:00,52.237214,21.0444821,86.9,6.41,-0.273,0.021,0.98,0,7.952994118460957,,343.5265614793976,-1.0,11.0
20165,2026-05-11 22:27:26.100000+00:00,52.2372105,21.0444745,87.0,2.86,-0.18,-0.004,0.967,0,4.662201220069373,,343.53486795188536,-1.0,11.0
20170,2026-05-11 22:27:26.600000+00:00,52.2372085,21.0444709,87.1,1.5,-0.12,-0.003,0.976,0,2.3831020029998307,,343.56996412846627,-1.0,11.0
20175,2026-05-11 22:27:27.100000+00:00,52.2372068,21.0444704,87.2,0.24,-0.087,-0.011,0.972,0,1.3829266949845989,,343.7026677843348,-1.0,11.0
20180,2026-05-11 22:27:27.600000+00:00,52.2372051,21.0444705,87.4,0.16,-0.023,-0.024,0.97,0,1.361908702406412,,343.8594750536904,-1.0,11.0
20185,2026-05-11 22:27:28.100000+00:00,52.2372035,21.0444706,87.5,0.09,-0.014,-0.026,0.976,0,1.281903482326125,,344.0073237640815,-1.0,11.0
20190,2026-05-11 22:27:28.600000+00:00,52.237202,21.0444709,87.7,0.05,-0.018,-0.023,0.974,0,1.209879092729316,,344.154218627373,-1.0,11.0
20195,2026-05-11 22:27:29.100000+00:00,52.2372005,21.0444713,87.9,0.04,-0.006,-0.025,0.976,0,1.2168130421079024,,344.3051368655589,-1.0,11.0
20200,2026-05-11 22:27:29.600000+00:00,52.2371986,21.0444702,88.1,1.07,0.048,-0.038,0.97,0,1.6139224421001217,,344.4320280267723,-1.0,11.0
20205,2026-05-11 22:27:30.100000+00:00,52.2371961,21.0444665,88.2,2.73,0.074,-0.047,0.969,0,2.7012639524519897,,344.5091204761373,-1.0,11.0
20210,2026-05-11 22:27:30.600000+00:00,52.2371927,21.0444585,88.6,4.75,0.086,-0.051,0.97,0,4.774288499776158,,344.49629124661794,-1.0,11.0
20215,2026-05-11 22:27:31.100000+00:00,52.2371894,21.0444474,88.9,6.53,0.092,-0.058,0.967,0,6.049564997105915,,344.35255398845044,-1.0,11.0
20220,2026-05-11 22:27:31.600000+00:00,52.2371854,21.0444325,89.1,8.45,0.103,-0.052,0.974,0,7.976342735342643,,344.12383497093236,-1.0,11.0
20225,2026-05-11 22:27:32.100000+00:00,52.2371805,21.0444116,89.5,11.03,0.118,-0.067,0.963,0,10.97222202198194,,343.7442302035926,-1.0,11.0
20230,2026-05-11 22:27:32.600000+00:00,52.2371758,21.0443851,89.7,14.0,0.071,-0.075,0.975,0,13.526466972636149,,343.13413959562627,-1.0,11.0
20235,2026-05-11 22:27:33.100000+00:00,52.2371714,21.0443578,90.0,14.06,-0.007,-0.077,0.98,0,13.840572029034336,,342.4748486999082,-1.0,11.0
20240,2026-05-11 22:27:33.600000+00:00,52.2371677,21.0443284,90.3,14.67,-0.015,-0.081,0.956,0,14.715609596611815,,341.6801558734733,-1.0,11.0
20245,2026-05-11 22:27:34.100000+00:00,52.2371651,21.0442977,90.5,15.11,-0.024,-0.139,0.961,0,15.195004014124974,,340.74495679706877,-1.0,11.0
20250,2026-05-11 22:27:34.600000+00:00,52.2371645,21.0442659,90.7,15.08,-0.032,-0.203,0.948,0,15.598463678501409,,339.59371613697976,-1.0,11.0
20255,2026-05-11 22:27:35.100000+00:00,52.2371671,21.0442333,90.9,15.99,-0.046,-0.196,0.959,0,16.118268797316254,,338.1254093802115,-1.0,11.0
20260,2026-05-11 22:27:35.600000+00:00,52.2371733,21.0441994,91.0,17.39,-0.036,-0.235,0.94,0,17.346040980145613,,336.28202251161395,-1.0,11.0
20265,2026-05-11 22:27:36.100000+00:00,52.2371854,21.0441632,91.0,18.9,-0.06,-0.254,0.949,0,20.21995223099881,,333.80997773353715,-1.0,11.0
20270,2026-05-11 22:27:36.600000+00:00,52.2372015,21.0441266,91.3,20.88,-0.047,-0.258,0.925,0,22.094050434329734,,330.9543665226545,-1.0,11.0
20275,2026-05-11 22:27:37.100000+00:00,52.2372215,21.0440954,91.6,22.11,-0.067,-0.279,0.942,0,22.144544547411048,,327.93527701256363,-1.0,11.0
20280,2026-05-11 22:27:37.600000+00:00,52.2372459,21.0440674,91.8,22.59,-0.057,-0.248,0.964,0,23.87597910257943,,324.62225730986574,-1.0,11.0
20285,2026-05-11 22:27:38.100000+00:00,52.2372728,21.0440456,91.8,23.74,-0.015,-0.141,0.956,0,24.042603744709254,,321.30285006215644,-1.0,11.0
20290,2026-05-11 22:27:38.600000+00:00,52.237301,21.0440198,92.0,25.02,0.034,-0.172,0.936,0,25.8790849641753,,317.7149896837862,-1.0,11.0
20295,2026-05-11 22:27:39.100000+00:00,52.2373313,21.043993,92.2,26.31,0.023,-0.108,0.978,0,27.588283088457114,,313.89406262017036,-1.0,11.0
20300,2026-05-11 22:27:39.600000+00:00,52.2373634,21.043968,92.2,27.53,0.036,-0.023,0.978,0,28.47268194111712,,309.97170782925866,-1.0,11.0
20305,2026-05-11 22:27:40.100000+00:00,52.237397,21.0439389,92.3,28.61,0.059,0.02,0.943,0,30.449608138520475,,305.7583888287913,-1.0,11.0
20310,2026-05-11 22:27:40.600000+00:00,52.2374335,21.0439093,92.1,30.29,0.067,-0.028,0.984,0,32.62721767887842,,301.2565568019607,-1.0,11.0
20315,2026-05-11 22:27:41.100000+00:00,52.2374673,21.0438786,92.2,31.34,0.05,-0.048,0.992,0,30.964777124933107,,296.96621317438144,-1.0,11.0
20320,2026-05-11 22:27:41.600000+00:00,52.2375026,21.0438451,92.3,32.47,0.061,-0.039,0.962,0,32.68735497670679,,292.4322844707546,-1.0,11.0
20325,2026-05-11 22:27:42.100000+00:00,52.2375419,21.0438113,92.4,33.63,0.055,-0.038,0.972,0,35.56093551645852,,287.5151725541137,-1.0,11.0
20330,2026-05-11 22:27:42.600000+00:00,52.2375814,21.0437755,92.5,34.91,0.056,-0.04,0.929,0,36.168238725696064,,282.5054597404646,-1.0,11.0
20335,2026-05-11 22:27:43.100000+00:00,52.2376203,21.0437381,92.7,35.45,0.04,-0.027,0.987,0,36.14059490706316,,277.49205837841356,-1.0,11.0
20340,2026-05-11 22:27:43.600000+00:00,52.2376602,21.0436978,93.1,36.77,0.046,-0.043,0.96,0,37.560799507667134,,272.2773717835029,-1.0,11.0
20345,2026-05-11 22:27:44.100000+00:00,52.2377004,21.0436589,93.0,37.74,0.05,-0.043,0.978,0,37.410729898134484,,267.0874287226287,-1.0,11.0
20350,2026-05-11 22:27:44.600000+00:00,52.237742,21.0436171,93.1,39.12,0.064,-0.038,0.979,0,39.10524327566872,,261.658952469372,-1.0,11.0
20355,2026-05-11 22:27:45.100000+00:00,52.2377848,21.0435735,93.0,40.08,0.06,-0.039,0.95,0,40.38671086905228,,256.05167600506263,-1.0,11.0
20360,2026-05-11 22:27:45.600000+00:00,52.2378288,21.0435276,93.0,41.5,0.055,-0.042,0.987,0,41.80106710247614,,250.2467515875846,-1.0,11.0
20365,2026-05-11 22:27:46.100000+00:00,52.2378741,21.0434806,92.9,42.47,0.05,-0.043,0.956,0,42.96861112479195,,244.27999687483282,-1.0,11.0
20370,2026-05-11 22:27:46.600000+00:00,52.2379207,21.0434337,92.9,43.25,0.036,-0.056,0.971,0,43.824873668478425,,238.19664571624295,-1.0,11.0
20375,2026-05-11 22:27:47.100000+00:00,52.2379681,21.0433866,93.0,44.23,0.033,-0.049,0.981,0,44.42226969585129,,232.0318816531787,-1.0,11.0
20380,2026-05-11 22:27:47.600000+00:00,52.2380163,21.0433404,92.9,44.78,0.041,-0.042,0.941,0,44.74565966418426,,225.82744757983684,-1.0,11.0
20385,2026-05-11 22:27:48.100000+00:00,52.2380649,21.0432951,92.6,45.36,0.021,-0.041,0.97,0,44.80174855320515,,219.620793369261,-1.0,11.0
20390,2026-05-11 22:27:48.600000+00:00,52.2381136,21.0432503,92.1,45.81,0.025,-0.029,0.974,0,44.75045862775981,,213.42487392950855,-1.0,11.0
20395,2026-05-11 22:27:49.100000+00:00,52.2381636,21.0432032,91.9,46.93,0.019,-0.043,0.996,0,46.213110558401056,,207.02259805047407,-1.0,11.0
20400,2026-05-11 22:27:49.600000+00:00,52.238215,21.0431547,91.9,47.28,0.036,-0.045,0.959,0,47.52696910157078,,200.43902991637282,-1.0,11.0
20405,2026-05-11 22:27:50.100000+00:00,52.2382674,21.0431065,91.7,48.47,0.042,-0.04,0.928,0,48.149461704409475,,193.77644768956412,-1.0,11.0
20410,2026-05-11 22:27:50.600000+00:00,52.2383203,21.0430589,91.3,48.96,0.002,-0.036,0.982,0,48.35597052242847,,187.09308334492349,-1.0,11.0
20415,2026-05-11 22:27:51.100000+00:00,52.2383738,21.0430098,91.1,49.78,0.028,-0.037,0.986,0,49.13331890283115,,180.29905774515797,-1.0,11.0
20420,2026-05-11 22:27:51.600000+00:00,52.2384274,21.0429603,91.0,49.45,-0.002,-0.009,0.979,0,49.29935507329882,,173.48265403930415,-1.0,11.0
20425,2026-05-11 22:27:52.100000+00:00,52.2384809,21.04291,90.9,49.49,-0.014,-0.021,0.94,0,49.424194736357144,,166.64641834337755,-1.0,11.0
20430,2026-05-11 22:27:52.600000+00:00,52.2385337,21.0428597,90.8,49.58,-0.012,-0.023,0.959,0,48.93930214487455,,159.87600950050802,-1.0,11.0
20435,2026-05-11 22:27:53.100000+00:00,52.2385872,21.0428089,90.7,49.71,-0.008,-0.025,0.991,0,49.546932593755,,153.0248876269434,-1.0,11.0
20440,2026-05-11 22:27:53.600000+00:00,52.2386412,21.0427575,90.7,49.95,0.021,-0.037,0.976,0,50.04086380975869,,146.10763105400616,-1.0,11.0
20445,2026-05-11 22:27:54.100000+00:00,52.2386959,21.042706,90.6,50.31,0.022,-0.028,0.977,0,50.550281198225,,139.1268439113946,-1.0,11.0
20450,2026-05-11 22:27:54.600000+00:00,52.2387504,21.0426542,90.6,51.15,0.026,-0.033,0.894,0,50.485438499311776,,132.15599695668243,-1.0,11.0
20455,2026-05-11 22:27:55.100000+00:00,52.2388057,21.0426004,90.5,51.18,-0.01,-0.033,1.006,0,51.534889176590255,,125.03682345260515,-1.0,11.0
20460,2026-05-11 22:27:55.600000+00:00,52.2388613,21.0425467,90.4,51.39,0.01,-0.035,0.979,0,51.71638150227606,,117.8998857226933,-1.0,11.0
20465,2026-05-11 22:27:56.100000+00:00,52.238917,21.0424927,90.4,51.19,-0.018,-0.023,0.996,0,51.86021966604839,,110.74759341351415,-1.0,11.0
20470,2026-05-11 22:27:56.600000+00:00,52.2389727,21.0424402,90.4,51.17,-0.012,-0.024,0.955,0,51.48866950039982,,103.66548391772079,-1.0,11.0
20475,2026-05-11 22:27:57.100000+00:00,52.2390276,21.0423877,90.4,51.02,-0.018,-0.021,0.921,0,50.934946469168864,,96.66286200520385,-1.0,11.0
20480,2026-05-11 22:27:57.600000+00:00,52.2390823,21.0423353,90.3,50.64,-0.034,-0.028,0.974,0,50.77199815768082,,89.69299228982752,-1.0,11.0
20485,2026-05-11 22:27:58.100000+00:00,52.2391363,21.0422829,90.4,50.0,-0.019,-0.007,0.997,0,50.28939334909099,,82.7964229762523,-1.0,11.0
20490,2026-05-11 22:27:58.600000+00:00,52.239191,21.0422302,90.4,50.62,-0.009,-0.024,0.964,0,50.8465440883096,5.0,75.84386980135955,-1.0,11.0
20495,2026-05-11 22:27:59.100000+00:00,52.2392448,21.0421783,90.4,50.09,-0.014,-0.037,0.978,0,50.026652892836914,5.0,69.02433037765188,-1.0,11.0
20500,2026-05-11 22:27:59.600000+00:00,52.2392992,21.0421264,90.3,50.66,0.002,-0.033,0.901,0,50.440816094069156,5.0,62.18482417248944,-1.0,11.0
20505,2026-05-11 22:28:00.100000+00:00,52.2393531,21.0420754,90.3,49.72,-0.03,-0.021,1.067,0,49.87290518229834,5.0,55.46952982782221,-1.0,11.0
20510,2026-05-11 22:28:00.600000+00:00,52.2394074,21.0420237,90.4,50.2,0.016,-0.025,0.919,0,50.32221483029934,5.0,48.748191538691614,-1.0,11.0
20515,2026-05-11 22:28:01.100000+00:00,52.2394613,21.0419724,90.4,49.83,-0.04,-0.019,0.977,0,49.94677280539491,5.0,42.16360079144718,-1.0,11.0
20520,2026-05-11 22:28:01.600000+00:00,52.2395147,21.0419217,90.3,49.36,-0.024,-0.017,0.973,0,49.45281670717946,5.0,35.778535085328656,-1.0,11.0
20525,2026-05-11 22:28:02.100000+00:00,52.2395675,21.041871,90.3,48.66,-0.032,-0.008,0.99,0,49.03812040688042,5.0,29.644983613172872,-1.0,11.0
20530,2026-05-11 22:28:02.600000+00:00,52.2396195,21.04182,90.3,48.9,-0.011,-0.005,0.923,0,48.56264393936284,5.0,23.897898742369396,-1.0,11.0
20535,2026-05-11 22:28:03.100000+00:00,52.2396716,21.0417697,90.2,48.03,-0.034,0.011,1.003,0,48.455732098453005,5.0,18.86949756350629,-1.0,11.0
20540,2026-05-11 22:28:03.600000+00:00,52.2397223,21.041719,90.1,47.61,-0.023,-0.006,0.953,0,47.59641762647955,5.0,15.170621230967274,-1.0,11.0
20545,2026-05-11 22:28:04.100000+00:00,52.2397725,21.0416673,90.0,47.33,-0.026,0.024,1.0,0,47.51518524187396,5.0,13.75594400723205,-1.0,11.0
20550,2026-05-11 22:28:04.600000+00:00,52.2398219,21.0416151,90.0,47.03,-0.012,0.022,0.961,0,47.10738215152211,5.0,15.249333343065022,-1.0,11.0
20555,2026-05-11 22:28:05.100000+00:00,52.23987,21.0415631,90.1,46.23,-0.025,0.02,0.976,0,46.18281803048972,5.0,18.875049716322216,-1.0,11.0
20560,2026-05-11 22:28:05.600000+00:00,52.239918,21.0415112,90.1,46.34,-0.012,-0.013,0.934,0,46.088983025193436,5.0,23.701567537928668,-1.0,11.0
20565,2026-05-11 22:28:06.100000+00:00,52.2399659,21.0414594,90.2,45.89,-0.049,-0.031,0.998,0,45.99514834268887,5.0,29.12957298646278,-1.0,11.0
20570,2026-05-11 22:28:06.600000+00:00,52.2400133,21.0414082,90.2,45.5,-0.015,-0.009,0.95,0,45.49897472141713,5.0,34.82243686639934,-1.0,11.0
20575,2026-05-11 22:28:07.100000+00:00,52.2400599,21.0413565,90.2,44.91,-0.028,0.007,0.98,0,45.103443897482066,5.0,40.62222829141262,-1.0,11.0
20580,2026-05-11 22:28:07.600000+00:00,52.2401068,21.0413069,90.2,44.44,-0.027,-0.017,0.98,0,44.73442964482033,5.0,46.53441044523286,-1.0,11.0
20585,2026-05-11 22:28:08.100000+00:00,52.2401534,21.0412549,90.4,44.0,-0.016,-0.031,0.919,0,45.18622743888406,5.0,52.53568935965326,-1.0,11.0
20590,2026-05-11 22:28:08.600000+00:00,52.2401993,21.0412056,90.3,43.72,-0.041,-0.025,0.991,0,43.983564989732756,5.0,58.45854992329179,-1.0,11.0
20595,2026-05-11 22:28:09.100000+00:00,52.2402456,21.0411567,90.3,43.79,-0.029,-0.043,0.983,0,44.144657603640646,5.0,64.44780573339142,-1.0,11.0
20600,2026-05-11 22:28:09.600000+00:00,52.240291,21.0411079,90.4,42.25,-0.079,-0.021,0.9,0,43.51439429407376,5.0,70.36623357558271,-1.0,11.0
20605,2026-05-11 22:28:10.100000+00:00,52.2403345,21.0410615,90.6,40.67,-0.12,-0.021,1.044,0,41.597135765490286,5.0,76.04593108694381,-1.0,11.0
20610,2026-05-11 22:28:10.600000+00:00,52.2403772,21.0410161,90.8,40.25,-0.013,-0.044,0.935,0,40.79284284211531,,81.6304934982947,-1.0,11.0
20615,2026-05-11 22:28:11.100000+00:00,52.24042,21.0409704,90.7,39.81,-0.058,-0.04,0.96,0,40.94024847434807,,87.24406059874921,-1.0,11.0
20620,2026-05-11 22:28:11.600000+00:00,52.2404607,21.0409277,90.7,38.15,-0.077,-0.037,0.989,0,38.72945137587441,,92.56875674107208,-1.0,11.0
20625,2026-05-11 22:28:12.100000+00:00,52.2405012,21.0408886,90.6,37.49,-0.077,-0.031,0.974,0,37.666748614357026,,97.77500350479835,-1.0,11.0
20630,2026-05-11 22:28:12.600000+00:00,52.24054,21.0408484,90.6,37.21,-0.08,-0.045,0.952,0,36.78776710214349,,102.8452580059034,-1.0,11.0
20635,2026-05-11 22:28:13.100000+00:00,52.2405756,21.0408091,90.6,34.65,-0.101,-0.058,0.984,0,34.402637550780234,,107.57222501650556,-1.0,11.0
20640,2026-05-11 22:28:13.600000+00:00,52.2406127,21.040777,90.3,33.51,-0.081,-0.046,0.971,0,33.613732622962004,,112.23789967653205,-1.0,11.0
20645,2026-05-11 22:28:14.100000+00:00,52.2406459,21.0407479,90.3,31.02,-0.095,-0.001,0.951,0,30.16657461772062,,116.42449027570377,-1.0,11.0
20650,2026-05-11 22:28:14.600000+00:00,52.2406792,21.0407163,90.4,30.23,-0.101,-0.032,0.969,0,30.834334368863004,,120.69626128438513,-1.0,11.0
20655,2026-05-11 22:28:15.100000+00:00,52.2407112,21.0406877,90.5,28.91,-0.098,-0.045,0.975,0,29.205112603007336,,124.74872109869114,-1.0,11.0
20660,2026-05-11 22:28:15.600000+00:00,52.2407428,21.0406616,90.5,28.2,-0.062,-0.09,0.948,0,28.35075895069444,,128.68613157838575,-1.0,11.0
20665,2026-05-11 22:28:16.100000+00:00,52.240774,21.0406371,90.7,27.47,-0.072,-0.112,0.984,0,27.71653420654177,,132.53545408138118,-1.0,11.0
20670,2026-05-11 22:28:16.600000+00:00,52.2408051,21.0406171,90.7,26.97,-0.072,-0.142,0.934,0,26.759759420599817,,136.2396369759056,-1.0,11.0
20675,2026-05-11 22:28:17.100000+00:00,52.2408368,21.0406018,90.6,26.16,-0.088,-0.219,0.9,0,26.464342025333586,,139.864526120883,-1.0,11.0
20680,2026-05-11 22:28:17.600000+00:00,52.2408701,21.0405944,90.6,26.97,-0.106,-0.244,0.946,0,26.905792857953298,,143.4208414143822,-1.0,11.0
20685,2026-05-11 22:28:18.100000+00:00,52.2409037,21.0405942,90.6,26.33,-0.118,-0.258,0.974,0,26.900455339607984,,146.81018339988543,-1.0,11.0
20690,2026-05-11 22:28:18.600000+00:00,52.2409405,21.0406012,90.2,26.28,-0.105,-0.245,0.973,0,29.66139385412114,,150.34083719059325,-1.0,11.0
20695,2026-05-11 22:28:19.100000+00:00,52.2409764,21.0406178,89.8,27.3,-0.068,-0.285,0.93,0,29.871573881708027,,153.55247300186466,-1.0,11.0
20700,2026-05-11 22:28:19.600000+00:00,52.2410097,21.0406459,89.3,28.25,-0.045,-0.237,0.901,0,30.008898314469132,,156.24768080695165,-1.0,11.0
20705,2026-05-11 22:28:20.100000+00:00,52.2410425,21.0406802,88.8,29.12,-0.054,-0.269,0.983,0,31.182232039166106,,158.8059292636155,-1.0,11.0
20710,2026-05-11 22:28:20.600000+00:00,52.2410733,21.0407164,88.6,29.0,-0.011,-0.206,0.956,0,30.38080815386005,,161.1872003371535,-1.0,11.0
20715,2026-05-11 22:28:21.100000+00:00,52.2411032,21.0407546,88.6,31.01,0.007,-0.184,0.938,0,30.393078901412938,,163.50529364749207,-1.0,11.0
20720,2026-05-11 22:28:21.600000+00:00,52.2411336,21.040796,88.6,31.86,0.015,-0.153,0.968,0,31.690415547189062,,165.88872969849422,-1.0,11.0
20725,2026-05-11 22:28:22.100000+00:00,52.2411634,21.0408411,88.6,32.91,0.036,-0.149,0.936,0,32.527677826077046,,168.22206445170173,-1.0,11.0
20730,2026-05-11 22:28:22.600000+00:00,52.2411933,21.0408899,88.2,33.66,0.023,-0.161,0.942,0,33.843399119734194,,170.59258469345608,-1.0,11.0
20735,2026-05-11 22:28:23.100000+00:00,52.2412231,21.0409422,88.0,34.59,0.016,-0.137,0.945,0,35.02272263454925,,172.9951967792999,-1.0,11.0
20740,2026-05-11 22:28:23.600000+00:00,52.2412539,21.0409943,87.6,36.02,0.022,-0.112,0.938,0,35.50231733097654,,175.6114841536118,-1.0,11.0
20745,2026-05-11 22:28:24.100000+00:00,52.2412853,21.0410511,87.2,36.71,0.02,-0.107,1.023,0,37.514598888498035,,178.33659462576404,-1.0,11.0
20750,2026-05-11 22:28:24.600000+00:00,52.2413167,21.0411114,86.8,37.77,0.05,-0.084,0.951,0,38.80522117540232,,181.13581171072067,-1.0,11.0
20755,2026-05-11 22:28:25.100000+00:00,52.2413487,21.0411723,86.2,38.65,0.041,-0.031,0.987,0,39.340861669384985,,184.11162558856756,-1.0,11.0
20760,2026-05-11 22:28:25.600000+00:00,52.2413833,21.0412336,86.2,40.46,0.069,0.015,0.94,0,40.871007341696334,,187.48480388451105,-1.0,11.0
20765,2026-05-11 22:28:26.100000+00:00,52.2414206,21.0412943,86.1,41.55,0.032,0.019,0.96,0,42.157752249307315,,191.26956788333595,-1.0,11.0
20770,2026-05-11 22:28:26.600000+00:00,52.241459,21.041353,85.8,41.88,0.012,-0.003,0.983,0,42.11004916034699,,195.2856360777102,-1.0,11.0
20775,2026-05-11 22:28:27.100000+00:00,52.2414984,21.0414122,85.7,42.72,0.0,0.0,0.956,0,42.86361570403142,,199.5025382142462,-1.0,11.0
20780,2026-05-11 22:28:27.600000+00:00,52.2415378,21.0414708,85.6,42.49,-0.003,-0.021,0.994,0,42.664989964418126,,203.80647673669014,-1.0,11.0
20785,2026-05-11 22:28:28.100000+00:00,52.2415779,21.0415276,85.5,42.53,0.037,0.028,0.946,0,42.49762236578278,,208.26673043446817,-1.0,11.0
20790,2026-05-11 22:28:28.600000+00:00,52.2416209,21.041581,85.3,43.08,0.016,0.038,1.0,0,43.24887807157276,,213.11330724009576,-1.0,11.0
20795,2026-05-11 22:28:29.100000+00:00,52.241663,21.0416379,85.2,43.16,0.014,-0.011,0.953,0,43.75102659894177,,217.92795404137408,-1.0,11.0
20800,2026-05-11 22:28:29.600000+00:00,52.2417056,21.0416929,85.2,43.14,0.006,0.027,0.966,0,43.47641983433086,,222.85205125903644,-1.0,11.0
20805,2026-05-11 22:28:30.100000+00:00,52.2417494,21.0417464,85.1,43.83,0.038,-0.004,0.942,0,43.78971682288901,,227.9421296735329,-1.0,11.0
20810,2026-05-11 22:28:30.600000+00:00,52.2417944,21.0417986,85.1,44.11,-0.003,0.033,1.03,0,44.19067285366062,,229.01661059340879,-1.0,11.0
20815,2026-05-11 22:28:31.100000+00:00,52.2418408,21.0418508,85.2,44.64,0.02,0.0,0.929,0,45.10911456997374,,230.1888306434598,-1.0,11.0
20820,2026-05-11 22:28:31.600000+00:00,52.241888,21.0419025,85.2,44.92,-0.012,-0.011,0.944,0,45.50100324431386,,231.46044624864382,-1.0,11.0
20825,2026-05-11 22:28:32.100000+00:00,52.2419359,21.0419531,85.3,44.92,-0.018,0.003,0.972,0,45.67236480028146,,232.79968921145536,-1.0,11.0
20830,2026-05-11 22:28:32.600000+00:00,52.241984,21.0420019,85.3,44.9,-0.022,-0.004,1.027,0,45.33509371346011,,234.17976257892371,-1.0,11.0
20835,2026-05-11 22:28:33.100000+00:00,52.2420319,21.0420491,85.3,44.77,-0.013,0.014,0.951,0,44.78893514512217,,235.62227531708797,-1.0,11.0
20840,2026-05-11 22:28:33.600000+00:00,52.2420803,21.0420954,85.3,44.51,-0.025,-0.011,0.97,0,44.907533726285344,,237.14527915587286,-1.0,11.0
20845,2026-05-11 22:28:34.100000+00:00,52.2421289,21.0421389,85.4,44.18,-0.034,0.0,0.99,0,44.36995200933259,,238.63116443348963,-1.0,11.0
20850,2026-05-11 22:28:34.600000+00:00,52.2421773,21.0421817,85.3,44.11,-0.005,-0.014,0.964,0,44.06516594518019,,240.22431768407523,-1.0,11.0
20855,2026-05-11 22:28:35.100000+00:00,52.2422253,21.0422236,85.2,43.48,-0.031,-0.007,0.967,0,43.57410102340557,,241.91039849025455,-1.0,11.0
20860,2026-05-11 22:28:35.600000+00:00,52.2422733,21.0422654,85.2,43.5,-0.022,0.008,0.957,0,43.55100288401496,,243.7284117127877,-1.0,11.0
20865,2026-05-11 22:28:36.100000+00:00,52.2423216,21.0423044,85.1,43.26,-0.024,-0.005,0.976,0,43.13740344439701,,245.48843911377566,-1.0,11.0
20870,2026-05-11 22:28:36.600000+00:00,52.24237,21.0423423,85.0,42.69,-0.014,0.008,0.993,0,42.97329367223642,,247.3053773187874,-1.0,11.0
20875,2026-05-11 22:28:37.100000+00:00,52.2424186,21.0423811,85.1,42.89,-0.017,-0.01,0.939,0,43.30966908939267,,249.31067264554875,-1.0,11.0
20880,2026-05-11 22:28:37.600000+00:00,52.2424678,21.0424183,85.1,42.34,-0.027,0.008,1.004,0,43.40639733883645,,251.3299322569888,-1.0,11.0
20885,2026-05-11 22:28:38.100000+00:00,52.2425167,21.0424545,85.2,42.46,-0.007,-0.007,0.94,0,42.98384989245838,,253.41049658508797,-1.0,11.0
20890,2026-05-11 22:28:38.600000+00:00,52.2425654,21.0424897,85.1,41.59,-0.034,0.011,1.007,0,42.6373084033389,,255.54635920964304,-1.0,11.0
20895,2026-05-11 22:28:39.100000+00:00,52.2426134,21.0425233,85.2,41.91,0.005,0.02,0.942,0,41.81026111800209,,257.6928707673065,-1.0,11.0
20900,2026-05-11 22:28:39.600000+00:00,52.2426623,21.0425547,85.1,42.12,-0.039,0.029,0.965,0,42.06697272189021,,259.80211341528906,-1.0,11.0
20905,2026-05-11 22:28:40.100000+00:00,52.2427112,21.0425842,85.1,41.12,-0.042,0.024,0.978,0,41.73514450108939,,261.8953551573705,-1.0,11.0
20910,2026-05-11 22:28:40.600000+00:00,52.2427598,21.0426125,85.3,40.53,-0.013,0.002,0.972,0,41.30865574571426,,264.01608953866537,-1.0,11.0
20915,2026-05-11 22:28:41.100000+00:00,52.2428081,21.0426398,85.4,40.47,-0.025,0.0,0.973,0,40.91955554806904,,266.17344087100184,-1.0,11.0
20920,2026-05-11 22:28:41.600000+00:00,52.2428567,21.0426661,85.4,40.59,-0.033,-0.011,0.987,0,40.98977270053893,,268.36881258471743,-1.0,11.0
20925,2026-05-11 22:28:42.100000+00:00,52.2429048,21.0426931,85.3,40.33,-0.039,-0.038,0.967,0,40.720224079064565,,270.7077113089897,-1.0,11.0
20930,2026-05-11 22:28:42.600000+00:00,52.2429529,21.0427196,85.3,39.6,-0.036,-0.052,0.957,0,40.64120801931279,,273.1099142314084,-1.0,11.0
20935,2026-05-11 22:28:43.100000+00:00,52.2430006,21.0427444,85.2,39.65,-0.027,-0.012,0.98,0,40.07727047530996,,275.48592081283255,-1.0,11.0
20940,2026-05-11 22:28:43.600000+00:00,52.2430479,21.0427696,85.2,39.14,-0.027,-0.008,0.964,0,39.83261109376204,,277.9729035823951,-1.0,11.0
20945,2026-05-11 22:28:44.100000+00:00,52.2430949,21.0427945,85.1,39.06,-0.007,0.003,0.976,0,39.558712253238404,,280.5209561470052,-1.0,11.0
20950,2026-05-11 22:28:44.600000+00:00,52.2431432,21.0428191,85.4,38.61,-0.017,0.014,0.937,0,40.50595000145467,,283.1606140652055,-1.0,11.0
20955,2026-05-11 22:28:45.100000+00:00,52.2431902,21.0428417,85.6,38.08,-0.021,0.042,1.014,0,39.22546012429779,,285.7230798616327,-1.0,11.0
20960,2026-05-11 22:28:45.600000+00:00,52.2432379,21.042862,85.9,37.95,-0.02,0.005,0.949,0,39.4640889213051,,288.230822051175,-1.0,11.0
20965,2026-05-11 22:28:46.100000+00:00,52.2432837,21.0428803,85.9,37.16,-0.026,0.012,0.962,0,37.74909687133406,,290.63687535357445,-1.0,11.0
20970,2026-05-11 22:28:46.600000+00:00,52.2433292,21.0428963,85.9,36.56,-0.044,-0.011,0.999,0,37.26231077776476,,292.9570608078455,-1.0,11.0
20975,2026-05-11 22:28:47.100000+00:00,52.2433745,21.0429129,85.8,36.82,-0.021,-0.023,0.951,0,37.169076522101726,,295.3829483928384,-1.0,11.0
20980,2026-05-11 22:28:47.600000+00:00,52.2434192,21.0429297,85.7,36.76,-0.04,-0.027,0.972,0,36.7223806234393,,297.87243292359284,-1.0,11.0
20985,2026-05-11 22:28:48.100000+00:00,52.2434628,21.0429468,85.7,35.88,-0.036,-0.046,1.0,0,35.89874722439181,,300.41054052365945,-1.0,11.0
20990,2026-05-11 22:28:48.600000+00:00,52.2435061,21.0429636,85.6,35.42,-0.035,-0.028,0.964,0,35.63096925312009,,302.97956176688996,-1.0,11.0
20995,2026-05-11 22:28:49.100000+00:00,52.2435488,21.0429799,85.7,34.82,-0.026,-0.038,0.97,0,35.107190967342326,,305.5531313158835,-1.0,11.0
21000,2026-05-11 22:28:49.600000+00:00,52.2435909,21.0429969,85.7,34.31,-0.055,-0.016,0.944,0,34.720368920112065,,308.20453377441044,-1.0,11.0
21005,2026-05-11 22:28:50.100000+00:00,52.2436312,21.0430129,85.6,32.71,-0.094,-0.012,1.002,0,33.20399984403724,,310.774065256865,-1.0,11.0
21010,2026-05-11 22:28:50.600000+00:00,52.2436697,21.0430288,85.5,31.78,-0.051,-0.015,0.936,0,31.793463223800583,,313.31156407454864,-1.0,11.0
21015,2026-05-11 22:28:51.100000+00:00,52.2437067,21.0430433,85.5,30.05,-0.088,0.01,0.976,0,30.46321171505783,,315.73984524315335,-1.0,11.0
21020,2026-05-11 22:28:51.600000+00:00,52.2437418,21.0430566,85.6,28.39,-0.067,0.051,0.994,0,28.847609546445913,,318.04965667517723,-1.0,11.0
21025,2026-05-11 22:28:52.100000+00:00,52.2437766,21.0430671,85.7,28.16,-0.024,0.082,0.968,0,28.33247829614313,,320.2044222080276,-1.0,11.0
21030,2026-05-11 22:28:52.600000+00:00,52.2438112,21.0430735,85.8,27.42,-0.006,0.089,0.977,0,27.877979867697768,,322.128145570476,-1.0,11.0
21035,2026-05-11 22:28:53.100000+00:00,52.2438458,21.0430764,85.9,26.77,-0.014,0.106,0.98,0,27.73733483912426,,323.86940497988394,-1.0,11.0
21040,2026-05-11 22:28:53.600000+00:00,52.24388,21.0430772,86.0,25.91,-0.029,0.048,0.961,0,27.38344707869335,,325.4984954691191,-1.0,11.0
21045,2026-05-11 22:28:54.100000+00:00,52.243913,21.0430753,86.2,24.57,-0.056,0.092,0.997,0,26.43632714042683,,326.9403648707377,-1.0,11.0
21050,2026-05-11 22:28:54.600000+00:00,52.2439435,21.0430692,86.3,23.43,-0.037,0.084,0.962,0,24.60081990225814,,328.0380469172155,-1.0,11.0
21055,2026-05-11 22:28:55.100000+00:00,52.2439721,21.0430597,86.5,22.16,-0.056,0.077,0.982,0,23.366045632539926,,328.86601445116554,-1.0,11.0
21060,2026-05-11 22:28:55.600000+00:00,52.2439991,21.0430468,86.7,21.15,-0.04,0.099,0.976,0,22.52228687757648,,329.43673437505475,-1.0,11.0
21065,2026-05-11 22:28:56.100000+00:00,52.2440227,21.0430312,86.7,19.97,-0.046,0.133,0.974,0,20.38315669217792,,329.6980606654296,-1.0,11.0
21070,2026-05-11 22:28:56.600000+00:00,52.2440434,21.0430126,86.9,18.25,-0.053,0.077,0.956,0,18.9151639196708,,329.6515728614419,-1.0,11.0
21075,2026-05-11 22:28:57.100000+00:00,52.2440622,21.0429919,87.0,17.5,-0.049,0.049,0.974,0,18.15244388298542,,329.39959954908323,-1.0,11.0
21080,2026-05-11 22:28:57.600000+00:00,52.2440783,21.0429707,87.1,16.04,-0.08,0.05,0.977,0,16.55739417840196,,328.9919142873593,-1.0,11.0
21085,2026-05-11 22:28:58.100000+00:00,52.2440917,21.0429503,87.2,14.63,-0.079,0.024,0.966,0,14.666184269718991,,328.5007297720307,-1.0,11.0
21090,2026-05-11 22:28:58.600000+00:00,52.2441022,21.0429322,87.3,11.93,-0.082,0.012,0.972,0,12.222626862122901,,327.9988251871947,-1.0,11.0
21095,2026-05-11 22:28:59.100000+00:00,52.2441107,21.0429154,87.3,10.62,-0.128,0.001,0.974,0,10.683317093878687,,327.4714250665847,-1.0,11.0
21100,2026-05-11 22:28:59.600000+00:00,52.2441165,21.0429035,87.3,6.62,-0.208,-0.03,0.972,0,7.455975444426912,,327.0891661412346,-1.0,11.0
21105,2026-05-11 22:29:00.100000+00:00,52.2441188,21.0428984,87.4,2.53,-0.209,-0.044,0.972,0,3.1049992852312656,,326.9158915685362,-1.0,11.0
21110,2026-05-11 22:29:00.600000+00:00,52.2441186,21.0428997,87.5,0.18,-0.106,-0.045,0.974,0,0.6570788578608223,,326.98146205436996,-1.0,11.0
21115,2026-05-11 22:29:01.100000+00:00,52.2441179,21.0429017,87.6,0.28,0.024,-0.032,0.963,0,1.1292873231659215,,327.0605923522154,-1.0,11.0
21120,2026-05-11 22:29:01.600000+00:00,52.2441173,21.0429031,87.7,0.1,0.034,-0.029,0.973,0,0.8377015323055692,,327.1099162389472,-1.0,11.0
21125,2026-05-11 22:29:02.100000+00:00,52.2441172,21.0429027,87.8,0.84,0.07,-0.033,0.976,0,0.21179783753734768,,327.0807656666367,-1.0,11.0
21130,2026-05-11 22:29:02.600000+00:00,52.2441182,21.0428997,87.9,2.19,0.109,-0.033,0.977,0,1.6744262399896772,,326.95925227228804,-1.0,11.0
21135,2026-05-11 22:29:03.100000+00:00,52.2441209,21.0428933,87.9,4.28,0.124,-0.029,0.968,0,3.8099210657874485,,326.7319618495805,-1.0,11.0
21140,2026-05-11 22:29:03.600000+00:00,52.244125,21.0428842,87.9,5.91,0.135,-0.04,0.974,0,5.538431065352617,,326.42456481719415,-1.0,11.0
21145,2026-05-11 22:29:04.100000+00:00,52.2441308,21.0428708,87.9,8.33,0.14,-0.042,0.97,0,8.044320115300193,,325.96135857566753,-1.0,11.0
21150,2026-05-11 22:29:04.600000+00:00,52.2441385,21.0428538,87.9,10.6,0.151,-0.087,0.973,0,10.365843636669142,,325.3976101489579,-1.0,11.0
21155,2026-05-11 22:29:05.100000+00:00,52.2441489,21.0428343,88.0,13.19,0.151,-0.087,0.962,0,12.676845749899135,,324.8470096874649,-1.0,11.0
21160,2026-05-11 22:29:05.600000+00:00,52.2441609,21.0428133,88.0,14.15,0.048,-0.051,0.944,0,14.080946090964371,,323.7532603396443,-1.0,11.0
21165,2026-05-11 22:29:06.100000+00:00,52.2441721,21.0427922,88.1,13.74,0.0,-0.02,0.959,0,13.688986018809798,,322.60187667966306,-1.0,11.0
21170,2026-05-11 22:29:06.600000+00:00,52.2441836,21.0427714,88.1,13.81,-0.01,-0.047,0.973,0,13.738000091436568,,321.4228946665894,-1.0,11.0
21175,2026-05-11 22:29:07.100000+00:00,52.2441953,21.0427523,88.1,13.5,-0.021,-0.095,0.954,0,13.244126870164326,,320.220064495158,-1.0,11.0
21180,2026-05-11 22:29:07.600000+00:00,52.2442075,21.0427351,88.2,13.35,-0.028,-0.131,0.955,0,12.903204159307109,,318.9576434301848,-1.0,11.0
21185,2026-05-11 22:29:08.100000+00:00,52.2442218,21.0427212,88.2,13.73,-0.042,-0.14,0.957,0,13.322915666949099,,317.4490386810051,-1.0,11.0
21190,2026-05-11 22:29:08.600000+00:00,52.2442376,21.0427123,88.2,13.85,-0.07,-0.197,0.945,0,13.380774539160312,,315.74888290447615,-1.0,11.0
21195,2026-05-11 22:29:09.100000+00:00,52.2442545,21.0427073,88.3,14.32,-0.068,-0.194,0.952,0,13.75041254079052,,313.90565658914653,-1.0,11.0
21200,2026-05-11 22:29:09.600000+00:00,52.2442733,21.0427075,88.4,15.66,-0.091,-0.244,0.948,0,15.051664580102194,,311.8218527122134,-1.0,11.0
21205,2026-05-11 22:29:10.100000+00:00,52.2442931,21.0427151,88.4,16.58,-0.1,-0.23,0.958,0,16.283861423761504,,309.5837634659801,-1.0,11.0
21210,2026-05-11 22:29:10.600000+00:00,52.2443134,21.0427294,88.4,17.96,-0.069,-0.201,0.937,0,17.69957709741268,,307.2523212881086,-1.0,11.0
21215,2026-05-11 22:29:11.100000+00:00,52.2443347,21.0427477,88.3,19.34,-0.047,-0.198,0.965,0,19.268485531867444,,304.7901830945676,-1.0,11.0
21220,2026-05-11 22:29:11.600000+00:00,52.2443566,21.0427707,88.2,19.77,-0.015,-0.141,0.969,0,20.845461169863956,,302.24089573897163,-1.0,11.0
21225,2026-05-11 22:29:12.100000+00:00,52.2443786,21.0427943,88.1,20.94,0.019,-0.133,0.94,0,21.072868671036865,,299.68391442061363,-1.0,11.0
21230,2026-05-11 22:29:12.600000+00:00,52.2444015,21.0428205,88.0,22.37,0.017,-0.179,0.973,0,22.38484510965793,,297.02230327915976,-1.0,11.0
21235,2026-05-11 22:29:13.100000+00:00,52.2444256,21.0428483,87.9,23.83,0.056,-0.144,0.972,0,23.621888043551074,,294.2297762791185,-1.0,11.0
21240,2026-05-11 22:29:13.600000+00:00,52.244451,21.0428784,87.9,25.59,0.051,-0.079,0.964,0,25.12449771114558,,291.2947424877453,-1.0,11.0
21245,2026-05-11 22:29:14.100000+00:00,52.2444784,21.0429091,87.7,26.42,0.07,-0.044,0.958,0,26.602486452480534,,288.1480174155713,-1.0,11.0
21250,2026-05-11 22:29:14.600000+00:00,52.244507,21.0429386,87.6,26.94,0.069,-0.02,0.965,0,27.08146286752832,,284.8843548813244,-1.0,11.0
21255,2026-05-11 22:29:15.100000+00:00,52.244537,21.0429668,87.6,27.7,0.053,-0.021,0.979,0,27.712187096674413,,281.48046215578916,-1.0,11.0
21260,2026-05-11 22:29:15.600000+00:00,52.2445699,21.0429945,87.6,29.79,0.058,-0.025,0.972,0,29.63388713962846,,277.7667472802681,-1.0,11.0
21265,2026-05-11 22:29:16.100000+00:00,52.2446053,21.0430204,87.6,31.2,0.061,-0.009,0.963,0,31.055238866962917,,273.7891415128872,-1.0,11.0
21270,2026-05-11 22:29:16.600000+00:00,52.2446421,21.043045,87.8,31.5,0.047,-0.004,0.979,0,31.834585380044906,,269.6675183855152,-1.0,11.0
21275,2026-05-11 22:29:17.100000+00:00,52.2446807,21.0430678,88.0,33.22,0.053,0.004,0.969,0,32.8622918675348,,265.3565398765546,-1.0,11.0
21280,2026-05-11 22:29:17.600000+00:00,52.2447206,21.0430887,87.9,33.71,0.03,0.001,0.968,0,33.546812790981924,,260.9101359098328,-1.0,11.0
21285,2026-05-11 22:29:18.100000+00:00,52.2447611,21.0431077,88.0,33.46,0.006,0.0,0.969,0,33.73561484427173,,256.40444724156174,-1.0,11.0
21290,2026-05-11 22:29:18.600000+00:00,52.2448025,21.0431244,88.0,34.2,0.004,-0.005,0.975,0,34.14097778183098,,251.80437535437753,-1.0,11.0
21295,2026-05-11 22:29:19.100000+00:00,52.2448446,21.0431393,88.0,34.19,0.004,-0.003,0.971,0,34.487717098579786,,247.1306381784414,-1.0,11.0
21300,2026-05-11 22:29:19.600000+00:00,52.2448874,21.0431523,88.1,34.52,0.007,0.005,0.978,0,34.853364834619725,,242.38185509066022,-1.0,11.0
21305,2026-05-11 22:29:20.100000+00:00,52.2449304,21.0431632,88.0,34.82,0.015,0.007,0.959,0,34.83813286806413,,237.6121200394851,-1.0,11.0
21310,2026-05-11 22:29:20.600000+00:00,52.2449742,21.0431707,88.0,35.08,0.012,0.006,0.974,0,35.25863380243007,,232.75172649419483,-1.0,11.0
21315,2026-05-11 22:29:21.100000+00:00,52.2450184,21.0431764,88.1,35.22,0.015,-0.01,0.975,0,35.496814372858964,,227.84578683482846,-1.0,11.0
21320,2026-05-11 22:29:21.600000+00:00,52.2450631,21.0431812,88.3,35.9,0.026,-0.022,0.943,0,35.86424362599221,,222.88389699603673,-1.0,11.0
21325,2026-05-11 22:29:22.100000+00:00,52.2451083,21.0431856,88.2,36.21,0.012,-0.035,0.973,0,36.25149785078906,,217.86661840457919,-1.0,11.0
21330,2026-05-11 22:29:22.600000+00:00,52.245154,21.0431902,87.9,37.0,0.003,-0.073,0.974,0,36.65699818235027,,212.79496723094087,-1.0,11.0
21335,2026-05-11 22:29:23.100000+00:00,52.2452002,21.0431948,87.5,37.34,0.011,-0.051,0.952,0,37.05654988385824,,207.66870150730315,-1.0,11.0
21340,2026-05-11 22:29:23.600000+00:00,52.245247,21.0432005,87.3,37.63,-0.014,-0.044,0.979,0,37.572280835512515,,202.479181931005,-1.0,11.0
21345,2026-05-11 22:29:24.100000+00:00,52.245294,21.0432062,87.0,37.66,-0.004,-0.043,0.974,0,37.73195981441414,,197.2689589794276,-1.0,11.0
21350,2026-05-11 22:29:24.600000+00:00,52.2453412,21.0432122,86.8,38.01,0.0,-0.038,0.971,0,37.90277027930939,,192.03893830673857,-1.0,11.0
21355,2026-05-11 22:29:25.100000+00:00,52.2453887,21.0432188,86.7,38.13,-0.008,-0.036,0.958,0,38.16603745420344,,186.77920165343073,-1.0,11.0
21360,2026-05-11 22:29:25.600000+00:00,52.2454358,21.0432252,86.8,37.95,-0.02,-0.018,0.974,0,37.83870357796724,,181.5656745584979,-1.0,11.0
21365,2026-05-11 22:29:26.100000+00:00,52.2454826,21.0432313,86.9,37.74,-0.027,-0.022,0.98,0,37.587369836872874,,176.38695341636324,-1.0,11.0
21370,2026-05-11 22:29:26.600000+00:00,52.245529,21.0432372,87.0,37.43,-0.021,-0.02,0.968,0,37.26041396588468,,171.25446804012776,-1.0,11.0
21375,2026-05-11 22:29:27.100000+00:00,52.2455751,21.0432429,87.0,37.17,-0.028,-0.019,0.967,0,37.01343212955127,,166.15715918662187,-1.0,11.0
21380,2026-05-11 22:29:27.600000+00:00,52.245621,21.0432489,87.1,36.93,-0.03,-0.007,0.974,0,36.86521097266851,,161.0860507828832,-1.0,11.0
21385,2026-05-11 22:29:28.100000+00:00,52.2456655,21.0432537,86.9,35.43,-0.079,0.011,0.97,0,35.704467345276036,,156.16816948337575,-1.0,11.0
21390,2026-05-11 22:29:28.600000+00:00,52.2457087,21.043259,86.8,34.41,-0.076,-0.009,0.968,0,34.683510532845716,,151.39953198846766,-1.0,11.0
21395,2026-05-11 22:29:29.100000+00:00,52.2457505,21.0432648,86.7,33.19,-0.072,-0.035,0.965,0,33.58577878000503,,146.79183203685372,-1.0,11.0
21400,2026-05-11 22:29:29.600000+00:00,52.2457905,21.0432709,86.6,31.65,-0.097,-0.015,0.971,0,32.16343454431389,,142.38898883574873,-1.0,11.0
21405,2026-05-11 22:29:30.100000+00:00,52.2458284,21.0432765,86.6,29.83,-0.103,-0.017,0.98,0,30.466788796539962,,138.220067641631,-1.0,11.0
21410,2026-05-11 22:29:30.600000+00:00,52.2458638,21.0432823,86.5,27.72,-0.13,0.036,0.961,0,28.483610252618103,,134.33315357895316,-1.0,11.0
21415,2026-05-11 22:29:31.100000+00:00,52.2458956,21.0432856,86.5,24.71,-0.149,0.021,0.96,0,25.510528806693443,,130.83276707728507,-1.0,11.0
21420,2026-05-11 22:29:31.600000+00:00,52.2459241,21.0432884,86.5,21.81,-0.153,0.005,0.988,0,22.85844265312626,,127.69658228619934,-1.0,11.0
21425,2026-05-11 22:29:32.100000+00:00,52.2459505,21.0432915,86.6,20.33,-0.112,-0.023,0.963,0,21.190487020686664,,124.7967287093328,-1.0,11.0
21430,2026-05-11 22:29:32.600000+00:00,52.2459749,21.0432937,86.5,18.78,-0.076,-0.022,0.963,0,19.564468944173264,,122.11362961532215,-1.0,11.0
21435,2026-05-11 22:29:33.100000+00:00,52.2459966,21.0432964,86.5,16.43,-0.143,-0.01,0.977,0,17.423435692255712,,119.7342241308118,-1.0,11.0
21440,2026-05-11 22:29:33.600000+00:00,52.2460148,21.0432987,86.5,13.71,-0.168,0.014,0.965,0,14.614535631947232,,117.74013770308589,-1.0,11.0
21445,2026-05-11 22:29:34.100000+00:00,52.2460294,21.0433003,86.5,11.01,-0.167,0.0,0.972,0,11.715093729367403,,116.13946909829812,-1.0,11.0
21450,2026-05-11 22:29:34.600000+00:00,52.2460402,21.0433026,86.4,7.77,-0.187,0.002,0.964,0,8.719711235370776,,114.96475972853486,-1.0,11.0
21455,2026-05-11 22:29:35.100000+00:00,52.246047,21.043303,86.4,4.05,-0.193,0.011,0.968,0,5.447633373515672,,114.21707374279637,-1.0,11.0
21460,2026-05-11 22:29:35.600000+00:00,52.2460496,21.0433029,86.5,1.11,-0.177,0.003,0.977,0,2.082146116452368,,113.92918720849508,-1.0,11.0
21465,2026-05-11 22:29:36.100000+00:00,52.2460497,21.0433029,86.8,0.14,-0.055,-0.014,0.977,0,0.08006034546355068,,113.91814575004861,-1.0,11.0
21470,2026-05-11 22:29:36.600000+00:00,52.24605,21.0433028,87.1,0.04,0.0,-0.023,0.969,0,0.24513213767276035,,113.88421623598782,-1.0,11.0
21475,2026-05-11 22:29:37.100000+00:00,52.2460503,21.0433025,87.4,0.04,0.001,-0.026,0.971,0,0.2816246118947243,,113.8486778718907,-1.0,11.0
21480,2026-05-11 22:29:37.600000+00:00,52.2460507,21.0433015,87.6,0.14,-0.001,-0.024,0.975,0,0.5855234901229941,,113.79648768129499,-1.0,11.0
21485,2026-05-11 22:29:38.100000+00:00,52.2460513,21.0433005,87.7,0.1,0.0,-0.025,0.975,0,0.6863169350819652,,113.72224550468233,-1.0,11.0
21490,2026-05-11 22:29:38.600000+00:00,52.2460525,21.0432996,87.8,1.05,0.072,-0.039,0.972,0,1.0571756295370214,,113.58256639864452,-1.0,11.0
21495,2026-05-11 22:29:39.100000+00:00,52.2460552,21.0432994,87.9,2.65,0.099,-0.043,0.97,0,2.1638514036188763,,113.28280321363978,-1.0,11.0
21500,2026-05-11 22:29:39.600000+00:00,52.2460607,21.0432994,88.1,4.87,0.111,-0.035,0.969,0,4.403319097257086,,112.67544180567404,-1.0,11.0
21505,2026-05-11 22:29:40.100000+00:00,52.2460688,21.043299,88.3,7.02,0.117,-0.047,0.974,0,6.487851664322257,,111.77782666556254,-1.0,11.0
21510,2026-05-11 22:29:40.600000+00:00,52.2460795,21.0432995,88.3,9.05,0.124,-0.056,0.969,0,8.569962590696164,,110.60053539789578,-1.0,11.0
21515,2026-05-11 22:29:41.100000+00:00,52.2460941,21.0433014,88.5,12.12,0.14,-0.04,0.968,0,11.725856738647705,,109.00473140495737,-1.0,11.0
21520,2026-05-11 22:29:41.600000+00:00,52.2461113,21.0433015,88.7,14.04,0.14,-0.024,0.939,0,13.770466966116055,,107.1077287064177,-1.0,11.0
21525,2026-05-11 22:29:42.100000+00:00,52.2461315,21.0433011,88.8,16.37,0.132,-0.042,1.003,0,16.173378701582052,,104.87608491430088,-1.0,11.0
21530,2026-05-11 22:29:42.600000+00:00,52.2461548,21.0433006,89.0,18.93,0.13,-0.028,0.97,0,18.655670945832572,,102.30241580945547,-1.0,11.0
21535,2026-05-11 22:29:43.100000+00:00,52.2461806,21.0433011,89.1,21.16,0.123,-0.043,0.956,0,20.657023625572126,,99.46325904446391,-1.0,11.0
21540,2026-05-11 22:29:43.600000+00:00,52.2462087,21.0433003,89.3,23.14,0.085,-0.052,0.959,0,22.500375095584015,,96.36033869639456,-1.0,11.0
21545,2026-05-11 22:29:44.100000+00:00,52.2462389,21.0433004,89.5,24.34,0.075,-0.063,0.969,0,24.178274544107513,,93.03650008584226,-1.0,11.0
21550,2026-05-11 22:29:44.600000+00:00,52.2462708,21.0433019,89.5,25.91,0.068,-0.039,0.966,0,25.549832895806638,,89.54249690597533,-1.0,11.0
21555,2026-05-11 22:29:45.100000+00:00,52.2463044,21.0433046,89.4,27.47,0.07,-0.043,0.969,0,26.93281511603367,,85.87916708331451,-1.0,11.0
21560,2026-05-11 22:29:45.600000+00:00,52.2463394,21.0433072,89.4,28.57,0.067,-0.041,0.965,0,28.050089937374903,,82.06819014482681,-1.0,11.0
21565,2026-05-11 22:29:46.100000+00:00,52.2463755,21.0433093,89.4,29.82,0.068,-0.033,0.969,0,28.920111164586515,3.0,78.13914944723638,-1.0,11.0
21570,2026-05-11 22:29:46.600000+00:00,52.2464134,21.0433125,89.4,31.11,0.055,-0.031,0.969,0,30.38338884666651,3.0,74.03722326443628,-1.0,11.0
21575,2026-05-11 22:29:47.100000+00:00,52.2464528,21.043315,89.4,32.09,0.052,-0.031,0.956,0,31.567571942522438,3.0,69.77631606815658,-1.0,11.0
21580,2026-05-11 22:29:47.600000+00:00,52.2464932,21.0433178,89.4,32.77,0.013,-0.018,0.985,0,32.373487906454095,3.0,65.42777324837789,-1.0,11.0
21585,2026-05-11 22:29:48.100000+00:00,52.246534,21.0433201,89.5,32.84,0.002,-0.021,0.96,0,32.684072252127315,3.0,61.0492769828098,-1.0,11.0
21590,2026-05-11 22:29:48.600000+00:00,52.2465747,21.0433229,89.5,32.31,-0.012,-0.036,0.972,0,32.61345447502273,3.0,56.715732145133856,-1.0,11.0
21595,2026-05-11 22:29:49.100000+00:00,52.2466155,21.0433265,89.6,32.14,-0.012,-0.044,0.964,0,32.71225308097019,3.0,52.42034660886348,-1.0,11.0
21600,2026-05-11 22:29:49.600000+00:00,52.2466561,21.0433311,89.6,32.17,-0.008,-0.031,0.958,0,32.58261563058839,3.0,48.21326130836309,-1.0,11.0
21605,2026-05-11 22:29:50.100000+00:00,52.2466966,21.0433358,89.6,32.25,-0.014,-0.031,0.971,0,32.506184877627334,3.0,44.08210437461262,-1.0,11.0
21610,2026-05-11 22:29:50.600000+00:00,52.2467365,21.0433411,89.6,32.18,-0.014,-0.029,0.968,0,32.04954766307276,3.0,40.11136867617255,-1.0,11.0
21615,2026-05-11 22:29:51.100000+00:00,52.2467764,21.0433469,89.6,31.81,-0.004,-0.036,0.964,0,32.07034492022144,3.0,36.26789873400669,-1.0,11.0
21620,2026-05-11 22:29:51.600000+00:00,52.246816,21.0433533,89.6,31.79,-0.013,-0.032,0.979,0,31.85873169651366,3.0,32.630038185961325,-1.0,11.0
21625,2026-05-11 22:29:52.100000+00:00,52.2468555,21.0433593,89.6,31.42,-0.009,-0.025,0.961,0,31.760304856624792,3.0,29.203007209994148,-1.0,11.0
21630,2026-05-11 22:29:52.600000+00:00,52.2468947,21.0433661,89.5,31.54,-0.017,-0.028,0.972,0,31.560167181755975,3.0,26.135011218848444,-1.0,11.0
21635,2026-05-11 22:29:53.100000+00:00,52.2469337,21.043373,89.5,31.35,-0.016,-0.016,0.976,0,31.406187310219558,3.0,23.507376436264963,-1.0,11.0
21640,2026-05-11 22:29:53.600000+00:00,52.2469724,21.04338,89.4,31.48,-0.009,-0.005,0.959,0,31.172770899031445,3.0,21.474724298714584,-1.0,11.0
21645,2026-05-11 22:29:54.100000+00:00,52.2470109,21.0433877,89.2,31.18,-0.01,0.005,0.969,0,31.053462305191253,3.0,20.231903199234655,-1.0,11.0
21650,2026-05-11 22:29:54.600000+00:00,52.2470492,21.0433933,89.1,30.52,-0.024,0.012,0.983,0,30.78573445236896,3.0,19.726999517996493,-1.0,11.0
21655,2026-05-11 22:29:55.100000+00:00,52.2470871,21.0433977,89.0,30.67,-0.023,0.007,0.967,0,30.419426777155973,3.0,20.051947060473818,-1.0,11.0
21660,2026-05-11 22:29:55.600000+00:00,52.2471245,21.0434009,88.9,30.1,-0.018,0.009,0.96,0,29.983626731400093,3.0,21.135144307250297,-1.0,11.0
21665,2026-05-11 22:29:56.100000+00:00,52.2471614,21.0434035,88.8,29.48,-0.027,0.004,0.981,0,29.56974534992216,3.0,22.87269614585742,-1.0,11.0
21670,2026-05-11 22:29:56.600000+00:00,52.2471975,21.0434059,88.8,28.36,-0.057,-0.001,0.964,0,28.92571790027985,3.0,25.104021861940115,-1.0,11.0
21675,2026-05-11 22:29:57.100000+00:00,52.247232,21.0434078,88.7,27.03,-0.083,-0.003,0.974,0,27.636516820172,3.0,27.596720480326187,-1.0,11.0
21680,2026-05-11 22:29:57.600000+00:00,52.2472648,21.04341,88.7,25.79,-0.054,-0.014,0.966,0,26.281926921255767,3.0,30.247471750616036,-1.0,11.0
21685,2026-05-11 22:29:58.100000+00:00,52.2472962,21.0434126,88.6,24.7,-0.083,-0.004,0.969,0,25.171233224581194,3.0,32.98590115098682,-1.0,11.0
21690,2026-05-11 22:29:58.600000+00:00,52.2473258,21.043415,88.5,23.16,-0.085,-0.002,0.971,0,23.727044740453408,3.0,35.68668318904544,-1.0,11.0
21695,2026-05-11 22:29:59.100000+00:00,52.2473535,21.0434177,88.4,21.66,-0.085,0.003,0.975,0,22.21617211008668,3.0,38.31569111988526,-1.0,11.0
21700,2026-05-11 22:29:59.600000+00:00,52.2473795,21.0434223,88.3,19.54,-0.089,0.002,0.974,0,20.937455726360064,3.0,40.91558993647448,-1.0,11.0
21705,2026-05-11 22:30:00.100000+00:00,52.2474038,21.0434262,88.2,18.47,-0.073,0.004,0.969,0,19.54836188188602,3.0,43.36716143234561,-1.0,11.0
21710,2026-05-11 22:30:00.600000+00:00,52.2474263,21.04343,88.0,17.51,-0.057,-0.007,0.964,0,18.10962375967288,3.0,45.66995209260082,-1.0,11.0
21715,2026-05-11 22:30:01.100000+00:00,52.2474474,21.043433,88.0,15.93,-0.092,-0.005,0.972,0,16.95661671926946,3.0,47.83097365919441,-1.0,11.0
21720,2026-05-11 22:30:01.600000+00:00,52.2474668,21.0434376,87.9,14.28,-0.111,0.011,0.985,0,15.694521457299865,3.0,49.89018664899979,-1.0,11.0
21725,2026-05-11 22:30:02.100000+00:00,52.2474837,21.0434413,87.8,12.69,-0.071,-0.009,0.957,0,13.651210272919728,3.0,51.68282798037831,-1.0,11.0
21730,2026-05-11 22:30:02.600000+00:00,52.2474997,21.0434432,87.8,12.34,-0.004,-0.012,0.975,0,12.843466878474056,3.0,53.3393872671751,-1.0,11.0
21735,2026-05-11 22:30:03.100000+00:00,52.2475158,21.0434447,87.8,12.82,0.017,-0.028,0.966,0,12.910669141761504,3.0,55.00253756558991,-1.0,11.0
21740,2026-05-11 22:30:03.600000+00:00,52.2475325,21.0434479,87.8,13.58,0.042,-0.043,0.955,0,13.461772608975723,3.0,56.78196209561454,-1.0,11.0
21745,2026-05-11 22:30:04.100000+00:00,52.2475504,21.043451,87.8,14.23,0.076,-0.042,0.974,0,14.411136551187969,3.0,58.68646150018899,-1.0,11.0
21750,2026-05-11 22:30:04.600000+00:00,52.2475707,21.0434537,87.8,16.24,0.092,-0.045,0.974,0,16.3060476734408,3.0,60.832160039124986,-1.0,11.0
21755,2026-05-11 22:30:05.100000+00:00,52.247593,21.0434574,87.8,18.26,0.094,-0.051,0.953,0,17.945339013864185,3.0,63.21777939865392,-1.0,11.0
21760,2026-05-11 22:30:05.600000+00:00,52.2476175,21.0434615,87.7,20.51,0.109,-0.067,0.978,0,19.717471199554506,3.0,65.84874963746549,-1.0,11.0
21765,2026-05-11 22:30:06.100000+00:00,52.2476443,21.0434657,87.8,22.31,0.14,-0.036,0.963,0,21.554713069960854,3.0,68.72940040162649,-1.0,11.0
21770,2026-05-11 22:30:06.600000+00:00,52.2476738,21.0434707,87.9,24.15,0.11,-0.034,0.987,0,23.744625411550594,3.0,71.91982263837242,-1.0,11.0
21775,2026-05-11 22:30:07.100000+00:00,52.2477054,21.0434764,87.9,25.97,0.096,-0.055,0.964,0,25.452881035260063,3.0,75.35548003670368,-1.0,11.0
21780,2026-05-11 22:30:07.600000+00:00,52.2477384,21.0434825,87.9,26.89,0.057,-0.073,0.972,0,26.588571807148387,3.0,78.95599182097897,-1.0,11.0
21785,2026-05-11 22:30:08.100000+00:00,52.2477728,21.0434895,87.9,28.36,0.08,-0.056,0.948,0,27.75367367421907,,82.7317222490512,-1.0,11.0
21790,2026-05-11 22:30:08.600000+00:00,52.2478089,21.043497,87.9,29.8,0.083,-0.072,0.899,0,29.134654036307584,,86.70474341151021,-1.0,11.0
21795,2026-05-11 22:30:09.100000+00:00,52.2478464,21.0435063,87.8,30.89,0.043,-0.057,0.99,0,30.36673762061321,,90.86954696742153,-1.0,11.0
21800,2026-05-11 22:30:09.600000+00:00,52.2478854,21.0435162,87.8,32.1,0.052,-0.081,0.98,0,31.59837643734684,,95.2104365844713,-1.0,11.0
21805,2026-05-11 22:30:10.100000+00:00,52.247926,21.0435276,87.7,33.6,0.05,-0.095,0.93,0,32.98131557659518,,99.75530804223193,-1.0,11.0
21810,2026-05-11 22:30:10.600000+00:00,52.2479683,21.0435411,87.7,34.75,0.037,-0.08,0.983,0,34.505967322055334,,104.5251376608149,-1.0,11.0
21815,2026-05-11 22:30:11.100000+00:00,52.2480118,21.0435565,87.6,35.91,0.016,-0.079,0.988,0,35.63493152535816,,109.46130336867812,-1.0,11.0
21820,2026-05-11 22:30:11.600000+00:00,52.2480553,21.0435727,87.6,35.88,-0.025,-0.069,0.983,0,35.72005108662932,,114.41374820561914,-1.0,11.0
21825,2026-05-11 22:30:12.100000+00:00,52.2480985,21.0435908,87.6,35.86,-0.015,-0.097,0.918,0,35.70585707489108,,119.37062364681591,-1.0,11.0
21830,2026-05-11 22:30:12.600000+00:00,52.2481414,21.043611,87.6,36.1,-0.017,-0.086,0.977,0,35.744595436137935,,124.3351507808242,-1.0,11.0
21835,2026-05-11 22:30:13.100000+00:00,52.2481839,21.0436327,87.5,35.92,-0.022,-0.077,0.97,0,35.64941627251313,,129.2852804986568,-1.0,11.0
21840,2026-05-11 22:30:13.600000+00:00,52.2482265,21.0436553,87.5,36.07,-0.015,-0.068,0.971,0,35.85964925348141,,134.2632597004934,-1.0,11.0
21845,2026-05-11 22:30:14.100000+00:00,52.2482688,21.0436788,87.5,35.87,-0.02,-0.067,0.944,0,35.77089837426619,,139.22657539871773,-1.0,11.0
21850,2026-05-11 22:30:14.600000+00:00,52.2483105,21.0437047,87.5,35.65,-0.038,-0.064,0.976,0,35.71746547396297,,144.17240191216814,-1.0,11.0
21855,2026-05-11 22:30:15.100000+00:00,52.2483517,21.0437312,87.5,35.54,-0.036,-0.058,0.977,0,35.45028530970999,,149.0776152593017,-1.0,11.0
21860,2026-05-11 22:30:15.600000+00:00,52.2483919,21.0437591,87.4,34.74,-0.049,-0.058,0.961,0,34.969212851682414,,153.9050938718126,-1.0,11.0
21865,2026-05-11 22:30:16.100000+00:00,52.2484308,21.0437875,87.3,33.22,-0.112,-0.028,0.96,0,34.11302158468677,,158.6061061789296,-1.0,11.0
21870,2026-05-11 22:30:16.600000+00:00,52.2484672,21.0438146,87.2,30.87,-0.136,-0.015,0.972,0,32.02657519775486,,163.01752410481987,-1.0,11.0
21875,2026-05-11 22:30:17.100000+00:00,52.2485004,21.0438399,87.2,28.31,-0.184,0.003,0.987,0,29.330603225542664,,167.05469357334962,-1.0,11.0
21880,2026-05-11 22:30:17.600000+00:00,52.2485299,21.0438629,87.0,25.57,-0.16,-0.018,0.954,0,26.17052328209939,,170.6540854321539,-1.0,11.0
21885,2026-05-11 22:30:18.100000+00:00,52.2485561,21.0438844,87.0,22.66,-0.189,-0.014,0.979,0,23.47430682413957,,173.8743441085828,-1.0,11.0
21890,2026-05-11 22:30:18.600000+00:00,52.2485783,21.0439028,86.9,19.05,-0.206,0.0,0.962,0,19.93074757942358,,176.60793005578745,-1.0,11.0
21895,2026-05-11 22:30:19.100000+00:00,52.2485969,21.0439184,86.8,15.98,-0.182,0.014,0.977,0,16.73968949362062,,178.90292266892388,-1.0,11.0
21900,2026-05-11 22:30:19.600000+00:00,52.2486114,21.0439304,86.7,11.85,-0.249,0.022,0.965,0,13.01383433617311,,180.68914610400418,-1.0,11.0
21905,2026-05-11 22:30:20.100000+00:00,52.2486213,21.0439383,86.6,7.52,-0.271,0.028,0.97,0,8.82130435833209,,181.9027226490459,-1.0,11.0
21910,2026-05-11 22:30:20.600000+00:00,52.2486262,21.0439419,86.6,3.44,-0.2,0.008,0.985,0,4.3015463345700455,,182.4968471078606,-1.0,11.0
21915,2026-05-11 22:30:21.100000+00:00,52.2486291,21.0439438,86.6,2.12,-0.079,-0.004,0.966,0,2.5015685151162406,,182.84357809353432,-1.0,11.0
21920,2026-05-11 22:30:21.600000+00:00,52.2486305,21.0439447,86.5,0.89,-0.076,-0.003,0.973,0,1.204533090392104,,183.0105997807446,-1.0,11.0
21925,2026-05-11 22:30:22.100000+00:00,52.2486306,21.0439447,86.5,0.04,-0.035,-0.017,0.977,0,0.08006034546355068,,183.02116289810365,-1.0,11.0
21930,2026-05-11 22:30:22.600000+00:00,52.2486306,21.0439449,86.4,0.16,-0.01,-0.02,0.969,0,0.09803168135350004,,183.02541616597864,-1.0,11.0
21935,2026-05-11 22:30:23.100000+00:00,52.2486307,21.043945,86.4,0.13,-0.004,-0.022,0.975,0,0.09387338514958118,,183.03810595844396,-1.0,11.0
21940,2026-05-11 22:30:23.600000+00:00,52.2486309,21.0439452,86.4,0.23,-0.005,-0.021,0.975,0,0.18774676496872603,,183.06348568943184,-1.0,11.0
21945,2026-05-11 22:30:24.100000+00:00,52.2486308,21.0439455,86.4,0.17,-0.003,-0.019,0.978,0,0.16742948800011917,,183.05930592268257,-1.0,11.0
21950,2026-05-11 22:30:24.600000+00:00,52.2486308,21.043946,86.3,0.15,-0.005,-0.021,0.977,0,0.24507920305841463,,183.06994871703827,-1.0,11.0
21955,2026-05-11 22:30:25.100000+00:00,52.2486311,21.0439466,86.4,0.15,-0.004,-0.022,0.974,0,0.3797088740275015,,183.11441075253774,-1.0,11.0
21960,2026-05-11 22:30:25.600000+00:00,52.2486312,21.0439475,86.4,0.11,-0.003,-0.018,0.978,0,0.4483485471939875,,183.14415125699608,-1.0,11.0
21965,2026-05-11 22:30:26.100000+00:00,52.2486314,21.0439481,86.4,0.09,-0.003,-0.021,0.978,0,0.3348589709451458,,183.17806661663232,-1.0,11.0
21970,2026-05-11 22:30:26.600000+00:00,52.2486318,21.0439489,86.5,0.08,-0.003,-0.019,0.972,0,0.506278489557417,,183.2373740133381,-1.0,11.0
21975,2026-05-11 22:30:27.100000+00:00,52.2486323,21.0439496,86.6,0.13,-0.003,-0.02,0.976,0,0.527225335300484,,183.30511167963826,-1.0,11.0
21980,2026-05-11 22:30:27.600000+00:00,52.2486328,21.0439501,86.7,0.03,-0.003,-0.02,0.976,0,0.4693669099527857,,183.3685810592291,-1.0,11.0
21985,2026-05-11 22:30:28.100000+00:00,52.2486333,21.0439504,86.7,0.03,-0.006,-0.019,0.977,0,0.4264556818089392,,183.42777900084798,-1.0,11.0
21990,2026-05-11 22:30:28.600000+00:00,52.2486338,21.0439508,86.8,0.1,-0.004,-0.019,0.975,0,0.44573794851151677,,183.48911324009936,-1.0,11.0
21995,2026-05-11 22:30:29.100000+00:00,52.2486346,21.0439511,86.9,0.1,-0.001,-0.021,0.975,0,0.6571462246971287,,183.57998480217668,-1.0,11.0
22000,2026-05-11 22:30:29.600000+00:00,52.2486353,21.0439515,87.0,0.16,-0.004,-0.019,0.977,0,0.5937290015127515,,183.66243472020938,-1.0,11.0
22005,2026-05-11 22:30:30.100000+00:00,52.2486359,21.043952,87.1,0.07,-0.004,-0.019,0.977,0,0.5392694449819422,,183.73646322898495,-1.0,11.0
22010,2026-05-11 22:30:30.600000+00:00,52.2486365,21.0439523,87.2,0.1,0.003,-0.023,0.974,0,0.5023651104034192,,183.80621901537802,-1.0,11.0
22015,2026-05-11 22:30:31.100000+00:00,52.2486379,21.0439534,87.2,1.48,0.06,-0.036,0.968,0,1.2437853425270495,,183.97752982133179,-1.0,11.0
22020,2026-05-11 22:30:31.600000+00:00,52.2486403,21.0439563,87.2,2.83,0.074,-0.048,0.971,0,2.3900857118729824,,184.2929149534612,-1.0,11.0
22025,2026-05-11 22:30:32.100000+00:00,52.2486449,21.0439603,87.3,4.35,0.087,-0.045,0.973,0,4.172160236934028,,184.86412227391847,-1.0,11.0
22030,2026-05-11 22:30:32.600000+00:00,52.2486508,21.0439662,87.3,5.66,0.09,-0.048,0.978,0,5.538528953548528,,185.61337472166946,-1.0,11.0
22035,2026-05-11 22:30:33.100000+00:00,52.2486591,21.0439738,87.3,8.32,0.11,-0.048,0.963,0,7.617957149263962,,186.65257656782853,-1.0,11.0
22040,2026-05-11 22:30:33.600000+00:00,52.2486699,21.0439834,87.4,10.35,0.12,-0.053,0.975,0,9.843990875333809,,187.99884314762156,-1.0,11.0
22045,2026-05-11 22:30:34.100000+00:00,52.248683,21.0439953,87.4,12.48,0.125,-0.062,0.964,0,12.00077661312867,,189.63777689977428,-1.0,11.0
22050,2026-05-11 22:30:34.600000+00:00,52.2486983,21.0440112,87.5,15.13,0.102,-0.112,0.967,0,14.518349821406197,,191.5963915888248,-1.0,11.0
22055,2026-05-11 22:30:35.100000+00:00,52.2487138,21.0440316,87.6,16.18,0.005,-0.144,0.971,0,15.936635575355057,,193.6767954263029,-1.0,11.0
22060,2026-05-11 22:30:35.600000+00:00,52.2487278,21.0440545,87.5,16.0,-0.034,-0.12,0.967,0,15.862568273023056,,195.65880013989366,-1.0,11.0
22065,2026-05-11 22:30:36.100000+00:00,52.2487406,21.0440814,87.5,16.91,-0.045,-0.17,0.949,0,16.699286138048517,,197.61120032977868,-1.0,11.0
22070,2026-05-11 22:30:36.600000+00:00,52.2487494,21.044112,87.4,16.56,-0.058,-0.166,0.967,0,16.57107907860824,,199.24012659596053,-1.0,11.0
22075,2026-05-11 22:30:37.100000+00:00,52.2487551,21.0441437,87.3,16.61,-0.071,-0.204,0.95,0,16.194251245333,,200.5859497380217,-1.0,11.0
22080,2026-05-11 22:30:37.600000+00:00,52.2487578,21.0441793,87.1,17.0,-0.099,-0.196,0.965,0,17.58296984239164,,201.73288852242908,-1.0,11.0
22085,2026-05-11 22:30:38.100000+00:00,52.2487562,21.0442116,87.1,15.91,-0.1,-0.183,0.949,0,15.883808151853193,,202.37533219954233,-1.0,11.0
22090,2026-05-11 22:30:38.600000+00:00,52.2487522,21.0442453,87.2,16.88,-0.09,-0.144,0.961,0,16.825856229816576,,202.8295573457563,-1.0,11.0
22095,2026-05-11 22:30:39.100000+00:00,52.2487458,21.0442763,87.3,16.13,-0.074,-0.136,0.945,0,16.03552439772428,,202.99200138780003,-1.0,11.0
22100,2026-05-11 22:30:39.600000+00:00,52.2487382,21.0443047,87.4,15.33,-0.079,-0.153,0.96,0,15.192152778201468,,202.98532643329114,-1.0,11.0
22105,2026-05-11 22:30:40.100000+00:00,52.2487273,21.0443318,87.6,15.99,-0.055,-0.116,0.973,0,15.893338809105948,,202.62977215732275,-1.0,11.0
22110,2026-05-11 22:30:40.600000+00:00,52.2487129,21.0443577,87.5,16.44,-0.021,-0.03,0.96,0,17.14863487049583,,201.91039454852591,-1.0,11.0
22115,2026-05-11 22:30:41.100000+00:00,52.2486998,21.0443831,87.6,16.13,-0.008,-0.047,0.96,0,16.278781277529223,,201.33226342293406,-1.0,11.0
22120,2026-05-11 22:30:41.600000+00:00,52.2486865,21.0444087,87.6,16.48,-0.019,-0.102,0.976,0,16.45702612422154,,200.76400061420125,-1.0,11.0
22125,2026-05-11 22:30:42.100000+00:00,52.2486732,21.0444322,87.7,15.85,-0.021,-0.081,0.954,0,15.686336019258714,,200.15564291559926,-1.0,11.0
22130,2026-05-11 22:30:42.600000+00:00,52.2486614,21.0444512,88.0,14.0,-0.035,-0.03,0.973,0,13.26574921343987,,199.57639652563313,-1.0,11.0
22135,2026-05-11 22:30:43.100000+00:00,52.2486492,21.0444673,88.1,12.88,-0.041,-0.023,0.973,0,12.556984735529996,,198.8810516930099,-1.0,11.0
22140,2026-05-11 22:30:43.600000+00:00,52.248639,21.0444832,88.2,10.92,-0.03,-0.011,0.975,0,11.288267855258786,,198.38808575581703,-1.0,11.0
22145,2026-05-11 22:30:44.100000+00:00,52.2486277,21.0445037,88.2,13.01,-0.011,0.042,0.972,0,13.520806240886536,,197.9494436564026,-1.0,11.0
22150,2026-05-11 22:30:44.600000+00:00,52.2486129,21.04453,88.3,14.65,-0.007,0.054,0.968,0,17.509409395026186,,197.3820976445034,-1.0,11.0
22155,2026-05-11 22:30:45.100000+00:00,52.2486018,21.0445543,88.4,15.07,0.002,0.06,0.969,0,14.860750041623849,,197.13092594002632,-1.0,11.0
22160,2026-05-11 22:30:45.600000+00:00,52.2485934,21.0445824,88.4,14.33,-0.012,0.07,1.028,0,15.32758292710592,,197.29122537192757,-1.0,11.0
22165,2026-05-11 22:30:46.100000+00:00,52.2485873,21.0446037,88.5,12.43,-0.007,0.021,0.903,0,11.52614208966129,,197.45338484566304,-1.0,11.0
22170,2026-05-11 22:30:46.600000+00:00,52.2485813,21.0446258,88.5,10.76,-0.018,-0.034,1.014,0,11.849814034480843,,197.66637440625829,-1.0,11.0
22175,2026-05-11 22:30:47.100000+00:00,52.24857,21.0446609,88.3,14.52,0.004,-0.015,0.925,0,19.43817281132206,,197.86597705064358,-1.0,11.0
22180,2026-05-11 22:30:47.600000+00:00,52.2485605,21.044691,88.0,15.94,-0.022,0.002,0.987,0,16.598840000482877,,198.08404001621614,-1.0,11.0
22185,2026-05-11 22:30:48.100000+00:00,52.2485518,21.0447195,88.2,15.43,0.0,-0.038,0.98,0,15.609699083126538,,198.34229985575044,-1.0,11.0
22190,2026-05-11 22:30:48.600000+00:00,52.2485436,21.0447485,88.3,14.7,-0.017,0.034,0.938,0,15.657393866649477,,198.68900278355576,-1.0,11.0
22195,2026-05-11 22:30:49.100000+00:00,52.2485348,21.0447765,88.2,15.16,-0.014,0.004,0.992,0,15.427161297167508,,198.96519660650355,-1.0,11.0
22200,2026-05-11 22:30:49.600000+00:00,52.2485263,21.0448017,88.4,13.5,-0.068,0.019,0.975,0,14.102559346399953,,199.1806038418989,-1.0,11.0
22205,2026-05-11 22:30:50.100000+00:00,52.2485203,21.0448238,88.5,10.74,-0.084,0.031,0.967,0,11.84982765200061,,199.51611994867417,-1.0,11.0
22210,2026-05-11 22:30:50.600000+00:00,52.2485192,21.0448401,89.2,8.82,-0.108,-0.021,0.978,0,8.037991632167945,,200.07022292161565,-1.0,11.0
22215,2026-05-11 22:30:51.100000+00:00,52.248514,21.0448565,89.3,7.62,-0.14,0.008,0.961,0,9.052685071265119,,200.26659302624728,-1.0,11.0
22220,2026-05-11 22:30:51.600000+00:00,52.2485095,21.044868,89.3,5.37,-0.172,0.037,0.973,0,6.689804862549802,,200.3328739456372,-1.0,11.0
22225,2026-05-11 22:30:52.100000+00:00,52.2485076,21.0448759,89.3,1.9,-0.191,0.036,0.976,0,4.1603245808038425,,200.48671320276563,-1.0,11.0
22230,2026-05-11 22:30:52.600000+00:00,52.2485067,21.0448794,89.3,0.24,-0.067,-0.003,0.984,0,1.8607325965606587,,200.55019598720926,-1.0,11.0
22235,2026-05-11 22:30:53.100000+00:00,52.2485053,21.0448838,89.1,0.21,-0.013,-0.004,0.964,0,2.4305681003989004,,200.6066375486073,-1.0,11.0
22240,2026-05-11 22:30:53.600000+00:00,52.2485035,21.0448888,89.0,0.22,0.001,-0.01,0.971,0,2.843087301177337,,200.6529372163727,-1.0,11.0
22245,2026-05-11 22:30:54.100000+00:00,52.2485028,21.0448918,88.8,0.09,-0.006,-0.014,0.974,0,1.5736527964846125,,200.714692892233,-1.0,11.0
22250,2026-05-11 22:30:54.600000+00:00,52.2485024,21.0448937,88.8,0.12,-0.003,-0.01,0.974,0,0.9848253971176097,,200.75774884518705,-1.0,11.0
22255,2026-05-11 22:30:55.100000+00:00,52.248501,21.044896,88.8,0.08,-0.004,-0.009,0.977,0,1.5897329809716199,,200.72908096451152,-1.0,11.0
22260,2026-05-11 22:30:55.600000+00:00,52.2484996,21.0448987,88.8,0.08,-0.003,-0.008,0.975,0,1.7342907416036872,,200.71721796159713,-1.0,11.0
22265,2026-05-11 22:30:56.100000+00:00,52.2484984,21.0449013,88.9,0.02,-0.001,-0.01,0.979,0,1.595971853421407,,200.71912938547774,-1.0,11.0
22270,2026-05-11 22:30:56.600000+00:00,52.2484974,21.0449034,88.9,0.07,-0.003,-0.008,0.977,0,1.3040314362380614,,200.71814076650287,-1.0,11.0
22275,2026-05-11 22:30:57.100000+00:00,52.2484965,21.0449058,89.0,0.15,-0.004,-0.009,0.975,0,1.379514790921233,,200.73859342313648,-1.0,11.0
22280,2026-05-11 22:30:57.600000+00:00,52.2484957,21.0449078,89.0,0.05,-0.002,-0.008,0.976,0,1.1710017439188587,,200.75137572243327,-1.0,11.0
22285,2026-05-11 22:30:58.100000+00:00,52.2484946,21.0449097,89.0,0.24,-0.004,-0.009,0.976,0,1.2817548801808245,,200.73374164039882,-1.0,11.0
22290,2026-05-11 22:30:58.600000+00:00,52.2484934,21.0449116,89.0,0.39,-0.002,-0.009,0.977,0,1.3380275681956162,,200.7074767343255,-1.0,11.0
22295,2026-05-11 22:30:59.100000+00:00,52.2484924,21.0449133,88.9,0.39,-0.001,-0.008,0.977,0,1.1555552550334465,,200.69059013484383,-1.0,11.0
22300,2026-05-11 22:30:59.600000+00:00,52.2484915,21.0449147,88.8,0.14,-0.003,-0.009,0.975,0,0.995030481281219,,200.67006695553658,-1.0,11.0
22305,2026-05-11 22:31:00.100000+00:00,52.2484905,21.0449159,88.7,0.09,-0.003,-0.009,0.975,0,0.9934463632805034,,200.63249778140477,-1.0,11.0
22310,2026-05-11 22:31:00.600000+00:00,52.2484896,21.0449171,88.5,0.15,-0.002,-0.008,0.976,0,0.9301355691647075,,200.60378454394106,-1.0,11.0
22315,2026-05-11 22:31:01.100000+00:00,52.2484887,21.0449186,88.4,0.23,-0.003,-0.01,0.975,0,1.0294465420773002,,200.58772114196256,-1.0,11.0
22320,2026-05-11 22:31:01.600000+00:00,52.2484871,21.0449205,88.2,0.05,-0.003,-0.008,0.976,0,1.5837297292368193,,200.52723805693068,-1.0,11.0
22325,2026-05-11 22:31:02.100000+00:00,52.2484858,21.0449225,88.0,0.09,-0.003,-0.007,0.978,0,1.429776107948059,,200.4974270572967,-1.0,11.0
22330,2026-05-11 22:31:02.600000+00:00,52.2484846,21.0449237,87.8,0.2,-0.003,-0.008,0.978,0,1.126481590681695,,200.44290430618156,-1.0,11.0
22335,2026-05-11 22:31:03.100000+00:00,52.2484839,21.0449242,87.6,0.15,-0.005,-0.008,0.976,0,0.6116678115089547,,200.40273407847877,-1.0,11.0
22340,2026-05-11 22:31:03.600000+00:00,52.2484826,21.0449252,87.3,0.12,-0.003,-0.009,0.976,0,1.1504300334484632,,200.33121432896127,-1.0,11.0
22345,2026-05-11 22:31:04.100000+00:00,52.2484816,21.044926,87.0,0.17,-0.003,-0.008,0.977,0,0.8914764851390009,,200.27756513471306,-1.0,11.0
22350,2026-05-11 22:31:04.600000+00:00,52.2484812,21.0449268,86.9,0.06,-0.002,-0.009,0.975,0,0.5062795177857073,,200.27635779675083,-1.0,11.0
22355,2026-05-11 22:31:05.100000+00:00,52.2484804,21.0449274,86.6,0.11,-0.002,-0.008,0.975,0,0.7047770357484464,,200.23182724860806,-1.0,11.0
22360,2026-05-11 22:31:05.600000+00:00,52.2484796,21.0449279,86.5,0.15,-0.004,-0.009,0.977,0,0.6857713966847182,,200.18311412553572,-1.0,11.0
22365,2026-05-11 22:31:06.100000+00:00,52.2484774,21.0449297,86.1,0.08,-0.002,-0.008,0.978,0,1.9699511310968854,,200.06728949185037,-1.0,11.0
22370,2026-05-11 22:31:06.600000+00:00,52.2484745,21.0449319,85.7,0.27,0.028,-0.014,0.973,0,2.5599544881498666,,199.90776501719347,-1.0,11.0
22375,2026-05-11 22:31:07.100000+00:00,52.2484717,21.0449354,85.4,1.65,0.052,-0.02,0.98,0,2.8228214081152316,,199.8126223792827,-1.0,11.0
22380,2026-05-11 22:31:07.600000+00:00,52.2484702,21.0449418,85.4,3.16,0.074,0.003,0.974,0,3.3590325768391898,,199.95445865221782,-1.0,11.0
22385,2026-05-11 22:31:08.100000+00:00,52.2484688,21.0449492,85.4,4.24,0.088,0.008,0.975,0,3.796415039455294,,200.14864163738443,-1.0,11.0
22390,2026-05-11 22:31:08.600000+00:00,52.2484677,21.0449615,85.5,6.04,0.096,0.01,0.982,0,6.0929511752319305,,200.5799833289694,-1.0,11.0
22395,2026-05-11 22:31:09.100000+00:00,52.2484667,21.0449768,85.8,7.98,0.119,-0.001,0.966,0,7.542064407370457,,201.1518932326305,-1.0,11.0
22400,2026-05-11 22:31:09.600000+00:00,52.2484649,21.0449962,86.1,10.63,0.127,-0.025,0.971,0,9.617685449720968,,201.83698347960532,-1.0,11.0
22405,2026-05-11 22:31:10.100000+00:00,52.2484606,21.0450194,86.3,12.61,0.138,-0.042,0.964,0,11.881390192997257,,202.48198803436537,-1.0,11.0
22410,2026-05-11 22:31:10.600000+00:00,52.2484537,21.0450475,86.3,15.28,0.137,-0.091,0.976,0,14.840007805954768,,203.13558968032595,-1.0,11.0
22415,2026-05-11 22:31:11.100000+00:00,52.2484458,21.0450806,86.5,18.24,0.137,-0.077,0.958,0,17.413526394821655,,203.948564752843,-1.0,11.0
22420,2026-05-11 22:31:11.600000+00:00,52.2484349,21.045117,86.5,20.57,0.112,-0.073,0.95,0,19.86163409342234,,204.68896369671526,-1.0,11.0
22425,2026-05-11 22:31:12.100000+00:00,52.2484229,21.045156,86.6,21.78,0.079,-0.07,0.968,0,21.394641271767856,,205.494157558755,-1.0,11.0
22430,2026-05-11 22:31:12.600000+00:00,52.2484095,21.0451977,86.7,23.43,0.075,-0.043,0.965,0,23.084049873025553,,206.3531592747667,-1.0,11.0
22435,2026-05-11 22:31:13.100000+00:00,52.2483953,21.0452424,86.8,24.98,0.057,-0.058,0.976,0,24.684022193330524,,207.33806735140342,-1.0,11.0
22440,2026-05-11 22:31:13.600000+00:00,52.2483798,21.0452897,86.8,26.25,0.065,-0.04,0.964,0,26.296742319154387,,208.39968425425283,-1.0,11.0
22445,2026-05-11 22:31:14.100000+00:00,52.2483624,21.0453384,86.7,27.78,0.062,-0.027,0.979,0,27.63831616437045,,209.4433814681533,-1.0,11.0
22450,2026-05-11 22:31:14.600000+00:00,52.248345,21.0453887,86.6,28.66,0.04,-0.023,0.967,0,28.318437040439544,,210.63229048491925,-1.0,11.0
22455,2026-05-11 22:31:15.100000+00:00,52.2483269,21.0454403,86.6,29.06,0.03,-0.024,0.939,0,29.14943230706309,,211.90246021028335,-1.0,11.0
22460,2026-05-11 22:31:15.600000+00:00,52.2483078,21.0454923,86.6,29.66,0.024,-0.03,0.97,0,29.72356289931126,,213.19071787142767,-1.0,11.0
22465,2026-05-11 22:31:16.100000+00:00,52.2482875,21.0455443,86.4,30.18,0.013,-0.031,0.987,0,30.229052859456974,,214.177473467087,-1.0,11.0
22470,2026-05-11 22:31:16.600000+00:00,52.2482677,21.0455982,86.1,30.69,0.016,-0.018,0.969,0,30.8105077682561,,210.0061833155653,-1.0,11.0
22475,2026-05-11 22:31:17.100000+00:00,52.2482473,21.0456542,85.9,31.67,0.032,-0.035,0.956,0,31.940531692740766,,205.68285383596444,-1.0,11.0
22480,2026-05-11 22:31:17.600000+00:00,52.2482263,21.0457113,85.8,32.73,0.02,-0.021,0.982,0,32.64981699332599,,201.2730411902052,-1.0,11.0
22485,2026-05-11 22:31:18.100000+00:00,52.2482055,21.0457704,85.7,33.02,0.029,-0.003,0.965,0,33.413906991944295,,196.74526330652023,-1.0,11.0
22490,2026-05-11 22:31:18.600000+00:00,52.2481848,21.0458302,85.7,33.71,0.027,-0.035,0.97,0,33.672344664950465,,192.18045484147194,-1.0,11.0
22495,2026-05-11 22:31:19.100000+00:00,52.248164,21.0458911,85.7,34.43,0.005,-0.019,0.998,0,34.18167571614166,,187.54618822144712,-1.0,11.0
22500,2026-05-11 22:31:19.600000+00:00,52.2481433,21.045953,85.7,34.44,0.021,-0.029,0.937,0,34.57212404843426,,182.85542047632535,-1.0,11.0
22505,2026-05-11 22:31:20.100000+00:00,52.2481226,21.0460154,85.1,34.83,0.001,-0.025,0.995,0,34.78742330233835,,178.13780823642628,-1.0,11.0
22510,2026-05-11 22:31:20.600000+00:00,52.248104,21.0460806,83.7,35.52,0.013,-0.026,0.949,0,35.25772447021767,,173.30523432288788,-1.0,11.0
22515,2026-05-11 22:31:21.100000+00:00,52.2480832,21.0461441,82.9,35.15,0.011,-0.027,0.966,0,35.300145114804536,,168.52374259361653,-1.0,11.0
22520,2026-05-11 22:31:21.600000+00:00,52.2480619,21.046208,83.0,35.26,0.009,-0.019,0.972,0,35.662826776182584,,163.7088923105386,-1.0,11.0
22525,2026-05-11 22:31:22.100000+00:00,52.2480399,21.0462717,82.9,35.46,0.001,-0.018,0.988,0,35.848770879343256,,158.89643839713688,-1.0,11.0
22530,2026-05-11 22:31:22.600000+00:00,52.2480184,21.046336,82.9,35.58,-0.001,-0.028,0.948,0,35.911647490410715,,154.06823346829037,-1.0,11.0
22535,2026-05-11 22:31:23.100000+00:00,52.2479968,21.0463997,82.8,35.39,-0.002,-0.026,0.969,0,35.692545868737874,,149.2876796358426,-1.0,11.0
22540,2026-05-11 22:31:23.600000+00:00,52.2479754,21.0464627,82.8,34.88,-0.017,-0.02,0.969,0,35.31483555481226,,144.57044126024968,-1.0,11.0
22545,2026-05-11 22:31:24.100000+00:00,52.2479542,21.0465255,82.8,34.68,-0.025,-0.018,0.969,0,35.15156457593352,,139.8841485356097,-1.0,11.0
22550,2026-05-11 22:31:24.600000+00:00,52.2479332,21.0465877,82.8,34.19,-0.023,-0.021,0.959,0,34.81671923390499,,135.2562276701443,-1.0,11.0
22555,2026-05-11 22:31:25.100000+00:00,52.2479123,21.0466486,82.8,33.73,-0.023,-0.021,0.98,0,34.22089846266475,,130.73233992511828,-1.0,11.0
22560,2026-05-11 22:31:25.600000+00:00,52.247892,21.0467094,82.9,33.63,-0.026,-0.015,0.981,0,33.9455746614543,,126.24406428190333,-1.0,11.0
22565,2026-05-11 22:31:26.100000+00:00,52.2478722,21.0467695,83.0,32.89,-0.044,-0.019,0.972,0,33.45322085623782,,121.82929681093589,-1.0,11.0
22570,2026-05-11 22:31:26.600000+00:00,52.247853,21.0468282,83.1,32.32,-0.028,-0.022,0.968,0,32.6214577670612,,117.53703330100659,-1.0,11.0
22575,2026-05-11 22:31:27.100000+00:00,52.2478341,21.046886,83.1,31.95,-0.025,-0.019,0.97,0,32.11918926107188,,113.32881177729608,-1.0,11.0
22580,2026-05-11 22:31:27.600000+00:00,52.2478152,21.0469431,83.3,31.26,-0.021,-0.017,0.965,0,31.816954121580654,,109.18790842681935,-1.0,11.0
22585,2026-05-11 22:31:28.100000+00:00,52.2477968,21.0469989,83.4,30.81,-0.03,-0.017,0.963,0,31.066085002025446,,105.1640590607641,-1.0,11.0
22590,2026-05-11 22:31:28.600000+00:00,52.2477789,21.0470538,83.6,29.96,-0.018,-0.016,0.982,0,30.488213734093346,,101.2307983626547,-1.0,11.0
22595,2026-05-11 22:31:29.100000+00:00,52.247761,21.0471084,83.7,29.72,-0.016,-0.046,0.951,0,30.358509007351916,,97.34316584601719,-1.0,11.0
22600,2026-05-11 22:31:29.600000+00:00,52.2477434,21.0471609,83.7,28.98,-0.035,-0.047,0.971,0,29.338974139428377,,93.62894474149651,-1.0,11.0
22605,2026-05-11 22:31:30.100000+00:00,52.2477258,21.047212,83.8,28.45,-0.029,-0.054,1.038,0,28.738961313700123,,90.0411517524404,-1.0,11.0
22610,2026-05-11 22:31:30.600000+00:00,52.2477087,21.0472629,83.8,27.97,0.044,-0.018,0.878,0,28.458851354599314,,86.50395776104156,-1.0,11.0
22615,2026-05-11 22:31:31.100000+00:00,52.2476921,21.0473127,83.8,27.73,-0.068,-0.082,0.946,0,27.793744359049747,,83.07957465036561,-1.0,11.0
22620,2026-05-11 22:31:31.600000+00:00,52.2476758,21.0473617,83.7,27.05,-0.048,-0.031,1.038,0,27.33451567372116,2.0,79.74901488825309,-1.0,11.0
22625,2026-05-11 22:31:32.100000+00:00,52.24766,21.0474105,84.0,26.59,0.031,-0.021,0.937,0,27.05899230560814,2.0,76.47337480600984,-1.0,11.0
22630,2026-05-11 22:31:32.600000+00:00,52.2476445,21.0474587,84.1,26.13,0.024,-0.042,0.944,0,26.686838048910232,2.0,73.28274458262396,-1.0,11.0
22635,2026-05-11 22:31:33.100000+00:00,52.2476294,21.0475061,84.0,25.76,-0.034,-0.045,0.988,0,26.190966787812698,2.0,70.19309449183078,-1.0,11.0
22640,2026-05-11 22:31:33.600000+00:00,52.247615,21.0475524,84.1,24.84,-0.042,-0.075,0.925,0,25.455194321008868,2.0,67.22352804400256,-1.0,11.0
22645,2026-05-11 22:31:34.100000+00:00,52.2476005,21.0475978,84.1,24.71,-0.016,-0.047,1.027,0,25.099610826264623,2.0,64.37346415194114,-1.0,11.0
22650,2026-05-11 22:31:34.600000+00:00,52.2475862,21.0476424,84.2,23.99,-0.043,-0.066,0.933,0,24.677917928697504,2.0,61.6384234063267,-1.0,11.0
22655,2026-05-11 22:31:35.100000+00:00,52.2475714,21.0476861,84.2,24.06,-0.008,-0.099,0.952,0,24.479215868373444,2.0,59.04759219715059,-1.0,11.0
22660,2026-05-11 22:31:35.600000+00:00,52.2475562,21.0477283,84.1,23.85,-0.018,-0.09,0.975,0,23.99928188360821,2.0,56.65262231061863,-1.0,11.0
22665,2026-05-11 22:31:36.100000+00:00,52.247541,21.0477697,84.0,23.15,-0.045,-0.079,0.981,0,23.6621378636059,2.0,54.40863075120403,-1.0,11.0
22670,2026-05-11 22:31:36.600000+00:00,52.2475253,21.0478097,84.0,22.55,-0.032,-0.07,0.936,0,23.28989338093541,2.0,52.38359102194061,-1.0,11.0
22675,2026-05-11 22:31:37.100000+00:00,52.2475096,21.0478484,83.8,22.43,-0.035,-0.071,0.95,0,22.75604657879521,2.0,50.56629721354997,-1.0,11.0
22680,2026-05-11 22:31:37.600000+00:00,52.2474938,21.0478857,83.7,21.9,-0.042,-0.053,0.977,0,22.232689735194832,2.0,48.976572209775675,-1.0,11.0
22685,2026-05-11 22:31:38.100000+00:00,52.247479,21.0479227,83.8,21.23,-0.047,-0.02,0.988,0,21.663877773966988,2.0,47.498358585857474,-1.0,11.0
22690,2026-05-11 22:31:38.600000+00:00,52.2474647,21.0479584,83.7,20.56,-0.036,-0.004,0.951,0,20.91148130496265,2.0,46.214358603663726,-1.0,11.0
22695,2026-05-11 22:31:39.100000+00:00,52.2474517,21.0479938,83.5,20.28,-0.018,0.041,0.967,0,20.234066390247612,2.0,45.01395776104423,-1.0,11.0
22700,2026-05-11 22:31:39.600000+00:00,52.2474414,21.0480302,83.3,19.65,-0.031,0.075,0.974,0,19.655678155857967,2.0,43.720181367378196,-1.0,11.0
22705,2026-05-11 22:31:40.100000+00:00,52.2474333,21.0480673,83.3,19.37,-0.031,0.094,0.972,0,19.30702757588465,2.0,42.36420322740939,-1.0,11.0
22710,2026-05-11 22:31:40.600000+00:00,52.2474271,21.0481055,83.2,19.48,-0.027,0.073,0.974,0,19.37131376100495,2.0,40.9365939026053,-1.0,11.0
22715,2026-05-11 22:31:41.100000+00:00,52.2474232,21.0481446,83.2,19.64,-0.026,0.06,0.972,0,19.418385764205162,2.0,39.40944462430194,-1.0,11.0
22720,2026-05-11 22:31:41.600000+00:00,52.2474213,21.0481824,83.5,18.99,-0.023,0.049,0.964,0,18.59082896785486,2.0,37.89495547261459,-1.0,11.0
22725,2026-05-11 22:31:42.100000+00:00,52.2474188,21.0482192,83.5,18.91,-0.03,0.046,0.997,0,18.149024346842463,2.0,36.59438686109686,-1.0,11.0
22730,2026-05-11 22:31:42.600000+00:00,52.2474164,21.0482559,83.4,18.9,-0.011,-0.022,0.938,0,18.09162996214996,2.0,35.41988710110053,-1.0,11.0
22735,2026-05-11 22:31:43.100000+00:00,52.2474141,21.0482911,83.4,17.76,-0.047,-0.023,0.996,0,17.352028836242155,2.0,34.42812357418423,-1.0,11.0
22740,2026-05-11 22:31:43.600000+00:00,52.2474124,21.0483239,83.5,16.65,-0.047,0.02,0.961,0,16.135141839929855,2.0,33.588694210785015,-1.0,11.0
22745,2026-05-11 22:31:44.100000+00:00,52.2474104,21.0483568,83.5,16.61,-0.036,-0.012,0.964,0,16.205951368091082,2.0,32.90940842854701,-1.0,11.0
22750,2026-05-11 22:31:44.600000+00:00,52.2474087,21.0483874,83.6,15.44,-0.076,0.005,0.987,0,15.060882979006731,2.0,32.38845019386737,-1.0,11.0
22755,2026-05-11 22:31:45.100000+00:00,52.2474076,21.0484162,83.7,14.35,-0.052,0.016,0.972,0,14.144393900618539,2.0,31.961602763178682,-1.0,11.0
22760,2026-05-11 22:31:45.600000+00:00,52.2474062,21.0484428,83.7,13.07,-0.08,0.009,0.95,0,13.086660662418804,2.0,31.7125604145703,-1.0,11.0
22765,2026-05-11 22:31:46.100000+00:00,52.2474051,21.0484663,83.8,11.42,-0.111,-0.007,0.969,0,11.552656251361263,2.0,31.56300516045627,-1.0,11.0
22770,2026-05-11 22:31:46.600000+00:00,52.2474044,21.0484855,83.9,9.12,-0.132,0.009,0.995,0,9.42797269531999,2.0,31.479030126236186,-1.0,11.0
22775,2026-05-11 22:31:47.100000+00:00,52.2474036,21.0484998,83.9,6.2,-0.174,0.029,0.951,0,7.038659977124111,2.0,31.482686228635412,-1.0,11.0
22780,2026-05-11 22:31:47.600000+00:00,52.2474034,21.0485078,84.1,3.02,-0.187,0.027,0.978,0,3.9246434586880063,2.0,31.47048347069497,-1.0,11.0
22785,2026-05-11 22:31:48.100000+00:00,52.2474042,21.0485096,84.3,0.29,-0.164,0.02,0.975,0,1.0902698276568126,2.0,31.375199524970824,-1.0,11.0
22790,2026-05-11 22:31:48.600000+00:00,52.2474054,21.0485085,84.5,0.04,-0.003,-0.011,0.966,0,1.101687732125906,2.0,31.24584652489428,-1.0,11.0
22795,2026-05-11 22:31:49.100000+00:00,52.247407,21.0485075,84.8,0.11,-0.003,-0.009,0.982,0,1.371547042124677,2.0,31.07191905578383,-1.0,11.0
22800,2026-05-11 22:31:49.600000+00:00,52.2474088,21.0485061,85.2,0.04,-0.007,-0.004,0.973,0,1.5961377929057796,2.0,30.87758907107451,-1.0,11.0
22805,2026-05-11 22:31:50.100000+00:00,52.2474107,21.048505,85.5,0.06,-0.007,-0.009,0.977,0,1.6138809900224682,2.0,30.67125632918221,-1.0,11.0
22810,2026-05-11 22:31:50.600000+00:00,52.2474126,21.048504,85.9,0.24,-0.004,-0.008,0.976,0,1.598172523084354,2.0,30.46473340220534,-1.0,11.0
22815,2026-05-11 22:31:51.100000+00:00,52.2474146,21.0485032,86.2,0.15,-0.006,-0.009,0.977,0,1.6485252462745934,2.0,30.246418747781608,-1.0,11.0
22820,2026-05-11 22:31:51.600000+00:00,52.2474167,21.0485026,86.5,0.11,-0.005,-0.007,0.976,0,1.7067971033211407,2.0,30.016228111465235,-1.0,11.0
22825,2026-05-11 22:31:52.100000+00:00,52.2474188,21.0485022,86.8,0.22,-0.006,-0.007,0.977,0,1.6926614039944718,2.0,29.785183522729017,-1.0,11.0
22830,2026-05-11 22:31:52.600000+00:00,52.2474209,21.0485017,87.1,0.33,-0.006,-0.007,0.977,0,1.6990370255741905,2.0,29.554692834778475,-1.0,11.0
22835,2026-05-11 22:31:53.100000+00:00,52.2474231,21.0485014,87.4,0.12,-0.005,-0.006,0.977,0,1.7674555702693007,2.0,29.312197838752553,-1.0,11.0
22840,2026-05-11 22:31:53.600000+00:00,52.2474253,21.0485009,87.8,0.14,-0.004,-0.007,0.976,0,1.778297540241727,2.0,29.070773323530616,-1.0,11.0
22845,2026-05-11 22:31:54.100000+00:00,52.2474273,21.0485004,88.2,0.12,-0.005,-0.006,0.976,0,1.6198551606103229,2.0,28.851616064091004,-1.0,11.0
22850,2026-05-11 22:31:54.600000+00:00,52.2474292,21.0485,88.6,0.19,-0.006,-0.006,0.977,0,1.5337307141205418,2.0,28.643099356430298,-1.0,11.0
22855,2026-05-11 22:31:55.100000+00:00,52.2474313,21.0484994,88.9,0.17,-0.003,-0.004,0.977,0,1.7067970816279918,2.0,28.41357458679621,-1.0,11.0
22860,2026-05-11 22:31:55.600000+00:00,52.2474333,21.0484989,89.2,0.11,-0.003,-0.006,0.975,0,1.6198551558314562,2.0,28.194694612421237,-1.0,11.0
22865,2026-05-11 22:31:56.100000+00:00,52.2474351,21.0484983,89.6,0.07,-0.003,-0.009,0.976,0,1.470790990422428,2.0,27.998645081487265,-1.0,11.0
22870,2026-05-11 22:31:56.600000+00:00,52.2474368,21.0484978,89.9,0.17,-0.006,-0.007,0.975,0,1.3829166911869457,2.0,27.813204502688542,-1.0,11.0
22875,2026-05-11 22:31:57.100000+00:00,52.2474384,21.0484971,90.2,0.06,-0.001,-0.009,0.978,0,1.3261237347519683,2.0,27.640131571210283,-1.0,11.0
22880,2026-05-11 22:31:57.600000+00:00,52.24744,21.0484984,90.5,1.16,0.059,-0.017,0.971,0,1.4307082007975094,2.0,27.455186339972975,-1.0,11.0
22885,2026-05-11 22:31:58.100000+00:00,52.2474435,21.0485032,91.1,2.55,0.073,-0.021,0.976,0,3.658908381746505,2.0,27.04098135126549,-1.0,11.0
22890,2026-05-11 22:31:58.600000+00:00,52.2474464,21.0485115,91.6,4.29,0.083,-0.014,0.977,0,4.684292189712983,2.0,26.682481337207047,-1.0,11.0
22895,2026-05-11 22:31:59.100000+00:00,52.2474473,21.0485223,91.8,5.98,0.086,0.004,0.969,0,5.342663390949565,2.0,26.55222317039987,-1.0,11.0
22900,2026-05-11 22:31:59.600000+00:00,52.2474497,21.0485369,92.2,7.25,0.097,-0.009,0.967,0,7.409959876976673,2.0,26.27670259706345,-1.0,11.0
22905,2026-05-11 22:32:00.100000+00:00,52.2474513,21.0485559,92.4,9.66,0.121,-0.009,0.972,0,9.400938147807738,2.0,26.14397410093883,-1.0,11.0
22910,2026-05-11 22:32:00.600000+00:00,52.2474527,21.0485798,92.5,12.33,0.123,-0.017,0.984,0,11.76859360831492,2.0,26.136698964024298,-1.0,11.0
22915,2026-05-11 22:32:01.100000+00:00,52.2474542,21.0486083,92.7,14.59,0.139,-0.025,0.954,0,14.021407536607287,2.0,26.279828637634065,-1.0,11.0
22920,2026-05-11 22:32:01.600000+00:00,52.247456,21.0486424,92.8,17.42,0.142,-0.033,0.966,0,16.77685191895819,2.0,26.637243604551852,-1.0,11.0
22925,2026-05-11 22:32:02.100000+00:00,52.2474569,21.0486811,92.8,19.3,0.134,-0.003,0.971,0,18.98331210631326,2.0,27.39745659112547,-1.0,11.0
22930,2026-05-11 22:32:02.600000+00:00,52.2474584,21.0487249,92.7,21.66,0.118,0.014,0.968,0,21.503066257950493,2.0,28.481073014030457,-1.0,11.0
22935,2026-05-11 22:32:03.100000+00:00,52.2474605,21.0487732,92.8,24.16,0.103,-0.012,0.97,0,23.734897508528697,2.0,29.935538842460286,-1.0,11.0
22940,2026-05-11 22:32:03.600000+00:00,52.2474634,21.0488253,92.8,25.97,0.077,-0.007,0.97,0,25.643248207863866,2.0,31.759295844941384,-1.0,11.0
22945,2026-05-11 22:32:04.100000+00:00,52.2474662,21.0488794,92.7,26.66,0.074,-0.034,0.969,0,26.612847360259863,2.0,33.9630001757142,-1.0,11.0
22950,2026-05-11 22:32:04.600000+00:00,52.247468,21.0489369,92.6,28.65,0.071,-0.047,0.971,0,28.221664877212806,2.0,36.65646408827357,-1.0,11.0
22955,2026-05-11 22:32:05.100000+00:00,52.2474706,21.0489972,92.6,29.71,0.071,-0.044,0.973,0,29.630532147861075,2.0,39.653216341179935,-1.0,11.0
22960,2026-05-11 22:32:05.600000+00:00,52.2474741,21.0490601,92.8,31.26,0.057,-0.036,0.975,0,30.958840473207292,2.0,42.92874317812685,-1.0,11.0
22965,2026-05-11 22:32:06.100000+00:00,52.2474764,21.0491255,92.7,32.39,0.053,-0.048,0.958,0,32.110036542953225,2.0,46.586016668886174,-1.0,11.0
22970,2026-05-11 22:32:06.600000+00:00,52.2474806,21.0491896,93.6,32.36,0.04,-0.061,0.986,0,31.599385287242157,2.0,50.197605232389336,-1.0,11.0
22975,2026-05-11 22:32:07.100000+00:00,52.2474805,21.0492586,93.7,34.39,0.046,-0.069,0.962,0,33.8219017219012,2.0,54.42732978782731,-1.0,11.0
22980,2026-05-11 22:32:07.600000+00:00,52.2474793,21.0493298,93.8,35.44,0.054,-0.071,0.939,0,34.913404719892505,2.0,58.91379980246079,-1.0,11.0
22985,2026-05-11 22:32:08.100000+00:00,52.2474767,21.049402,93.8,36.05,0.031,-0.059,0.977,0,35.451519962342225,2.0,63.57386952517842,-1.0,11.0
22990,2026-05-11 22:32:08.600000+00:00,52.2474717,21.0494746,93.6,36.86,0.047,-0.067,0.961,0,35.81086442756754,2.0,68.38906220303302,-1.0,11.0
22995,2026-05-11 22:32:09.100000+00:00,52.2474678,21.0495495,93.6,37.47,0.008,-0.042,0.95,0,36.84635766454603,2.0,73.33255392734986,-1.0,11.0
23000,2026-05-11 22:32:09.600000+00:00,52.2474645,21.049624,93.7,36.58,-0.033,-0.013,0.991,0,36.61320678175081,2.0,78.25154740939809,-1.0,11.0
23005,2026-05-11 22:32:10.100000+00:00,52.2474606,21.0496984,93.8,36.21,-0.027,-0.009,0.96,0,36.60216538113331,,83.20410572823464,-1.0,11.0
23010,2026-05-11 22:32:10.600000+00:00,52.2474567,21.0497708,94.1,36.17,-0.025,-0.007,0.967,0,35.625497490729295,,88.04125207396704,-1.0,11.0
23015,2026-05-11 22:32:11.100000+00:00,52.247453,21.0498419,94.3,34.93,-0.024,-0.006,0.966,0,34.976849823839395,,90.25476024859616,-1.0,11.0
23020,2026-05-11 22:32:11.600000+00:00,52.2474497,21.0499123,94.7,34.77,-0.023,0.012,0.986,0,34.609058948105606,,85.47710118542976,-1.0,11.0
23025,2026-05-11 22:32:12.100000+00:00,52.2474463,21.0499821,94.9,34.52,-0.017,-0.003,0.956,0,34.322080908726015,,80.74419740262233,-1.0,11.0
23030,2026-05-11 22:32:12.600000+00:00,52.2474431,21.050051,95.1,33.65,-0.026,0.0,0.971,0,33.86984896175481,1.0,76.07560114841633,-1.0,11.0
23035,2026-05-11 22:32:13.100000+00:00,52.2474395,21.0501188,95.2,33.34,-0.026,-0.014,0.974,0,33.358374503746575,1.0,71.48907550242424,-1.0,11.0
23040,2026-05-11 22:32:13.600000+00:00,52.2474366,21.0501857,95.5,32.93,-0.01,0.0,0.953,0,32.87456774906347,1.0,66.9646928276183,-1.0,11.0
23045,2026-05-11 22:32:14.100000+00:00,52.2474342,21.0502521,95.9,32.13,-0.023,0.0,0.967,0,32.604062586164595,1.0,62.47592956410584,-1.0,11.0
23050,2026-05-11 22:32:14.600000+00:00,52.2474309,21.0503172,96.1,31.91,-0.02,-0.017,0.982,0,32.019358711079256,1.0,58.09041307454115,-1.0,11.0
23055,2026-05-11 22:32:15.100000+00:00,52.2474272,21.0503817,96.2,31.83,0.01,-0.003,0.973,0,31.754541975855325,1.0,53.76030871808998,-1.0,11.0
23060,2026-05-11 22:32:15.600000+00:00,52.2474231,21.0504468,96.3,32.1,0.022,-0.012,0.96,0,32.078562783608454,1.0,49.40932746209585,-1.0,11.0
23065,2026-05-11 22:32:16.100000+00:00,52.2474193,21.0505126,96.3,32.23,0.011,0.0,0.972,0,32.396466978297525,1.0,45.02674391435678,-1.0,11.0
23070,2026-05-11 22:32:16.600000+00:00,52.2474155,21.0505779,96.4,31.94,-0.005,0.016,0.961,0,32.15247512621142,1.0,40.70324246685164,-1.0,11.0
23075,2026-05-11 22:32:17.100000+00:00,52.2474126,21.0506427,96.4,31.7,-0.011,0.021,0.98,0,31.8478778706333,1.0,36.427283254683786,-1.0,11.0
23080,2026-05-11 22:32:17.600000+00:00,52.2474096,21.0507061,96.4,30.97,-0.019,0.02,0.97,0,31.169572390596382,1.0,32.28641487029058,-1.0,11.0
23085,2026-05-11 22:32:18.100000+00:00,52.2474073,21.0507687,96.7,30.7,-0.012,0.015,0.978,0,30.739962745922,1.0,28.23262764558928,-1.0,11.0
23090,2026-05-11 22:32:18.600000+00:00,52.2474054,21.0508302,96.9,30.34,-0.01,-0.001,0.952,0,30.183928168426224,1.0,24.30873461199827,-1.0,11.0
23095,2026-05-11 22:32:19.100000+00:00,52.2474036,21.0508913,97.2,29.95,-0.022,-0.007,0.965,0,29.98415695886283,1.0,20.5118139823103,-1.0,11.0
23100,2026-05-11 22:32:19.600000+00:00,52.2474017,21.050951,97.5,29.15,-0.018,0.037,0.973,0,29.302775992383843,1.0,16.977118034042775,-1.0,11.0
23105,2026-05-11 22:32:20.100000+00:00,52.2474001,21.0510093,97.8,28.81,-0.019,0.018,0.97,0,28.605722572508142,1.0,13.794780361631009,-1.0,11.0
23110,2026-05-11 22:32:20.600000+00:00,52.2473977,21.0510658,98.1,27.96,-0.051,0.011,0.972,0,27.76129362072501,1.0,11.277998537644047,-1.0,11.0
23115,2026-05-11 22:32:21.100000+00:00,52.2473959,21.0511203,98.5,27.36,-0.018,0.0,0.967,0,26.753217122157693,1.0,9.666877785731211,-1.0,11.0
23120,2026-05-11 22:32:21.600000+00:00,52.2473931,21.0511738,98.7,26.73,-0.021,0.001,0.97,0,26.319842872374224,1.0,9.451793257672742,-1.0,11.0
23125,2026-05-11 22:32:22.100000+00:00,52.2473907,21.0512254,99.1,26.46,-0.021,-0.001,0.973,0,25.365759345024472,1.0,10.489960975084824,-1.0,11.0
23130,2026-05-11 22:32:22.600000+00:00,52.2473881,21.0512769,99.4,25.69,-0.051,0.002,0.97,0,25.329540357597025,1.0,12.486300468101895,-1.0,11.0
23135,2026-05-11 22:32:23.100000+00:00,52.2473858,21.0513273,99.6,24.79,-0.028,0.01,0.963,0,24.773206141441655,1.0,14.973422495072892,-1.0,11.0
23140,2026-05-11 22:32:23.600000+00:00,52.2473841,21.051376,99.9,24.17,-0.035,0.0,0.973,0,23.910152694134016,1.0,17.64855865381192,-1.0,11.0
23145,2026-05-11 22:32:24.100000+00:00,52.247382,21.0514233,100.0,23.36,-0.029,0.003,0.967,0,23.246023205963322,1.0,20.45503296012604,-1.0,11.0
23150,2026-05-11 22:32:24.600000+00:00,52.2473799,21.051469,100.1,22.86,-0.032,-0.002,0.976,0,22.46387429317204,1.0,23.274493584107045,-1.0,11.0
23155,2026-05-11 22:32:25.100000+00:00,52.247379,21.0515141,100.4,22.27,-0.021,0.0,0.969,0,22.118507174316733,1.0,26.068688965670002,-1.0,11.0
23160,2026-05-11 22:32:25.600000+00:00,52.2473782,21.0515601,100.0,21.72,-0.028,-0.001,0.971,0,22.557017872636713,1.0,28.971613288357172,-1.0,11.0
23165,2026-05-11 22:32:26.100000+00:00,52.2473771,21.051607,99.2,21.66,-0.003,-0.009,0.97,0,23.00594064802975,1.0,31.987137662951408,-1.0,11.0
23170,2026-05-11 22:32:26.600000+00:00,52.2473751,21.0516529,98.5,21.46,0.005,-0.015,0.971,0,22.555812716548175,1.0,35.00272018036938,-1.0,11.0
23175,2026-05-11 22:32:27.100000+00:00,52.2473726,21.0516963,98.5,21.29,-0.013,-0.014,0.969,0,21.367425791116,1.0,37.89244314288781,-1.0,11.0
23180,2026-05-11 22:32:27.600000+00:00,52.2473703,21.0517385,98.6,20.39,-0.021,-0.011,0.962,0,20.767069720491804,1.0,40.70874097217017,-1.0,11.0
23185,2026-05-11 22:32:28.100000+00:00,52.2473681,21.0517803,98.5,20.35,-0.029,-0.012,0.973,0,20.564769815564507,1.0,43.5046872252095,-1.0,11.0
23190,2026-05-11 22:32:28.600000+00:00,52.247366,21.0518212,98.5,20.04,-0.028,-0.004,0.971,0,20.118423516730278,1.0,46.245987624342874,-1.0,11.0
23195,2026-05-11 22:32:29.100000+00:00,52.2473645,21.0518615,98.5,19.61,-0.016,0.043,0.968,0,19.790417044252816,1.0,48.936566006043414,-1.0,11.0
23200,2026-05-11 22:32:29.600000+00:00,52.2473643,21.0519014,98.4,19.11,-0.016,0.099,0.979,0,19.558534150047517,1.0,51.57125232279208,-1.0,11.0
23205,2026-05-11 22:32:30.100000+00:00,52.2473663,21.0519398,98.1,18.81,-0.016,0.103,0.977,0,18.890602877812523,1.0,54.057991007522105,-1.0,11.0
23210,2026-05-11 22:32:30.600000+00:00,52.2473707,21.0519766,98.1,18.21,-0.02,0.132,0.974,0,18.379088770002788,1.0,56.39368190854368,-1.0,11.0
23215,2026-05-11 22:32:31.100000+00:00,52.2473774,21.0520108,97.9,17.95,-0.021,0.162,0.964,0,17.60116610106597,1.0,58.52439888603781,-1.0,11.0
23220,2026-05-11 22:32:31.600000+00:00,52.2473867,21.0520419,97.5,17.06,-0.022,0.182,0.974,0,16.965480187059065,1.0,60.42165102604719,-1.0,11.0
23225,2026-05-11 22:32:32.100000+00:00,52.2473993,21.0520683,97.2,16.59,-0.052,0.162,0.972,0,16.40784574649587,1.0,61.98083767094135,-1.0,11.0
23230,2026-05-11 22:32:32.600000+00:00,52.2474156,21.0520908,96.9,17.25,-0.033,0.133,0.974,0,17.086081182966705,1.0,63.27331784680735,-1.0,11.0
23235,2026-05-11 22:32:33.100000+00:00,52.2474318,21.0521115,96.5,17.81,-0.007,0.127,0.947,0,16.46716964734169,1.0,64.50584374365948,-1.0,11.0
23240,2026-05-11 22:32:33.600000+00:00,52.2474494,21.0521298,95.9,17.82,-0.008,0.148,1.026,0,16.70356265922568,1.0,65.62389763802847,-1.0,11.0
23245,2026-05-11 22:32:34.100000+00:00,52.2474715,21.0521402,95.7,19.21,0.001,0.128,0.931,0,18.413080813181,1.0,66.25874660873728,-1.0,11.0
23250,2026-05-11 22:32:34.600000+00:00,52.2474942,21.0521456,95.5,19.35,0.01,0.082,0.976,0,18.36544402926946,1.0,66.6467641606436,-1.0,11.0
23255,2026-05-11 22:32:35.100000+00:00,52.2475185,21.0521508,95.2,20.29,0.041,0.001,0.966,0,19.62092753212815,1.0,67.12763990797761,-1.0,11.0
23260,2026-05-11 22:32:35.600000+00:00,52.2475436,21.0521562,94.8,21.67,0.04,0.012,1.002,0,20.268722939055394,1.0,67.7379138973231,-1.0,11.0
23265,2026-05-11 22:32:36.100000+00:00,52.2475688,21.0521604,94.4,22.77,0.028,0.019,0.966,0,20.279973018667878,1.0,68.37943479047586,-1.0,11.0
23270,2026-05-11 22:32:36.600000+00:00,52.2475937,21.0521629,93.9,23.13,0.005,-0.008,0.958,0,19.972654954608878,1.0,69.00992612227994,-1.0,11.0
23275,2026-05-11 22:32:37.100000+00:00,52.2476187,21.0521634,93.5,22.49,-0.028,-0.041,0.995,0,20.01658727029312,1.0,69.61493724192323,-1.0,11.0
23280,2026-05-11 22:32:37.600000+00:00,52.2476449,21.0521663,93.5,22.38,-0.03,-0.044,0.943,0,21.02392168885339,1.0,70.51741737554741,-1.0,11.0
23285,2026-05-11 22:32:38.100000+00:00,52.2476704,21.0521697,93.4,21.74,-0.01,-0.021,0.963,0,20.48329957737093,1.0,71.53694957530605,-1.0,11.0
23290,2026-05-11 22:32:38.600000+00:00,52.247696,21.0521723,93.5,21.54,-0.04,-0.023,0.985,0,20.535033962174566,1.0,72.60600600915296,-1.0,11.0
23295,2026-05-11 22:32:39.100000+00:00,52.247721,21.0521765,93.5,20.91,-0.029,-0.02,0.93,0,20.1206853372495,1.0,73.84678950405284,-1.0,11.0
23300,2026-05-11 22:32:39.600000+00:00,52.2477453,21.05218,93.4,20.51,-0.039,-0.025,0.998,0,19.530161587805978,1.0,75.09643891876202,-1.0,11.0
23305,2026-05-11 22:32:40.100000+00:00,52.2477689,21.0521824,93.5,19.86,-0.038,-0.014,1.005,0,18.930829437570203,1.0,76.32114313585444,-1.0,11.0
23310,2026-05-11 22:32:40.600000+00:00,52.247792,21.0521855,93.4,19.98,-0.024,-0.009,0.899,0,18.556259474724317,1.0,77.6331492875703,-1.0,11.0
23315,2026-05-11 22:32:41.100000+00:00,52.2478154,21.0521901,93.6,19.44,-0.037,-0.051,1.016,0,18.869321392175085,1.0,79.11318639649373,-1.0,11.0
23320,2026-05-11 22:32:41.600000+00:00,52.2478387,21.0521958,93.5,19.08,-0.022,-0.009,0.959,0,18.862135728796115,,80.71069073251556,-1.0,11.0
23325,2026-05-11 22:32:42.100000+00:00,52.247862,21.0522022,93.4,18.72,-0.01,-0.014,0.943,0,18.91600353030466,,82.40130916972478,-1.0,11.0
23330,2026-05-11 22:32:42.600000+00:00,52.2478852,21.0522098,93.1,17.94,-0.032,0.027,0.993,0,18.943893844473802,,84.20288709340358,-1.0,11.0
23335,2026-05-11 22:32:43.100000+00:00,52.2479072,21.0522144,93.0,17.94,-0.032,0.011,0.956,0,17.757011987471884,,85.80326142109656,-1.0,11.0
23340,2026-05-11 22:32:43.600000+00:00,52.2479288,21.0522175,93.0,17.41,-0.03,0.018,0.997,0,17.359665501832836,,87.33475863496295,-1.0,11.0
23345,2026-05-11 22:32:44.100000+00:00,52.2479501,21.0522214,92.8,17.0,-0.016,0.012,0.95,0,17.15966853752401,,88.92952006889836,-1.0,11.0
23350,2026-05-11 22:32:44.600000+00:00,52.247971,21.0522251,92.7,16.74,-0.033,0.013,0.964,0,16.83061250064796,,90.52115158894816,-1.0,11.0
23355,2026-05-11 22:32:45.100000+00:00,52.2479906,21.0522292,92.5,15.12,-0.099,0.017,0.977,0,15.819996110807166,,92.07640891502253,-1.0,11.0
23360,2026-05-11 22:32:45.600000+00:00,52.2480077,21.0522325,92.4,13.41,-0.104,0.047,0.985,0,13.785546734550449,,93.43970609656891,-1.0,11.0
23365,2026-05-11 22:32:46.100000+00:00,52.2480229,21.0522354,92.3,11.56,-0.088,0.048,0.961,0,12.251912860808522,,94.66581085231118,-1.0,11.0
23370,2026-05-11 22:32:46.600000+00:00,52.2480353,21.0522375,92.1,9.1,-0.157,0.051,0.977,0,9.980705089742594,,95.66304706968845,-1.0,11.0
23375,2026-05-11 22:32:47.100000+00:00,52.2480441,21.0522387,92.1,6.15,-0.159,0.034,0.979,0,7.069821609886514,,96.36163320480551,-1.0,11.0
23380,2026-05-11 22:32:47.600000+00:00,52.2480492,21.0522384,92.0,3.2,-0.169,0.035,0.969,0,4.085724793720946,,96.7176291251112,-1.0,11.0
23385,2026-05-11 22:32:48.100000+00:00,52.2480508,21.052238,91.9,0.42,-0.166,0.039,0.977,0,1.295883717645413,,96.81404570438497,-1.0,11.0
23390,2026-05-11 22:32:48.600000+00:00,52.2480506,21.0522374,91.9,0.27,0.004,0.011,0.961,0,0.3348623511716806,,96.76865277802133,-1.0,11.0
23395,2026-05-11 22:32:49.100000+00:00,52.2480506,21.0522367,91.8,0.15,0.001,0.009,0.986,0,0.34311537108160683,,96.73277109345409,-1.0,11.0
23400,2026-05-11 22:32:49.600000+00:00,52.2480505,21.0522365,91.8,0.07,0.0,0.009,0.975,0,0.12657061691618815,,96.71520176854675,-1.0,11.0
23405,2026-05-11 22:32:50.100000+00:00,52.2480505,21.0522363,91.8,0.12,0.005,0.009,0.977,0,0.09803296316442257,,96.70495178119523,-1.0,11.0
23410,2026-05-11 22:32:50.600000+00:00,52.2480504,21.0522362,91.8,0.07,0.003,0.011,0.976,0,0.09387371985665167,,96.69250737673904,-1.0,11.0
23415,2026-05-11 22:32:51.100000+00:00,52.2480503,21.0522359,91.8,0.21,0.004,0.012,0.977,0,0.1674311729519065,,96.66981325199667,-1.0,11.0
23420,2026-05-11 22:32:51.600000+00:00,52.2480502,21.0522357,91.8,0.09,0.004,0.008,0.978,0,0.1265706194434523,,96.65224399242923,-1.0,11.0
23425,2026-05-11 22:32:52.100000+00:00,52.24805,21.0522354,91.8,0.18,0.003,0.011,0.978,0,0.21739865941014117,,96.62223023708111,-1.0,11.0
23430,2026-05-11 22:32:52.600000+00:00,52.2480498,21.0522338,91.6,0.05,0.001,0.008,0.976,0,0.8004425155756132,,96.52560905049316,-1.0,11.0
23435,2026-05-11 22:32:53.100000+00:00,52.2480496,21.0522324,91.5,0.06,0.004,0.009,0.976,0,0.704663954234985,,96.43925912883336,-1.0,11.0
23440,2026-05-11 22:32:53.600000+00:00,52.2480495,21.0522311,91.3,0.04,0.003,0.01,0.978,0,0.6422240225527849,,96.3653816496437,-1.0,11.0
23445,2026-05-11 22:32:54.100000+00:00,52.2480494,21.0522299,91.2,0.01,0.003,0.011,0.976,0,0.593621349835134,,96.29664572449235,-1.0,11.0
23450,2026-05-11 22:32:54.600000+00:00,52.2480493,21.0522287,91.1,0.05,0.002,0.009,0.979,0,0.5936213504619545,,96.22793134248774,-1.0,11.0
23455,2026-05-11 22:32:55.100000+00:00,52.2480492,21.0522275,91.0,0.06,0.002,0.011,0.977,0,0.5936213524624634,,96.15923854887919,-1.0,11.0
23460,2026-05-11 22:32:55.600000+00:00,52.248049,21.0522264,90.8,0.07,0.002,0.009,0.976,0,0.5624545578834861,,96.08832908570027,-1.0,11.0
23465,2026-05-11 22:32:56.100000+00:00,52.2480489,21.0522253,90.7,0.06,0.005,0.01,0.976,0,0.5450927932208517,,96.02478139281716,-1.0,11.0
23470,2026-05-11 22:32:56.600000+00:00,52.2480486,21.0522243,90.5,0.1,0.004,0.01,0.978,0,0.545846593664303,,95.9516507035222,-1.0,11.0
23475,2026-05-11 22:32:57.100000+00:00,52.2480484,21.0522234,90.4,0.04,0.002,0.01,0.975,0,0.4693085425120604,,95.8909847943739,-1.0,11.0
23480,2026-05-11 22:32:57.600000+00:00,52.2480482,21.0522224,90.2,0.1,0.0,0.011,0.976,0,0.5156551263392471,,95.82522010408526,-1.0,11.0
23485,2026-05-11 22:32:58.100000+00:00,52.248048,21.0522213,90.1,0.05,0.002,0.01,0.978,0,0.5624545709833889,,95.75436064780939,-1.0,11.0
23490,2026-05-11 22:32:58.600000+00:00,52.2480477,21.0522203,90.0,0.11,0.004,0.009,0.976,0,0.5458465995115206,,95.68125191779474,-1.0,11.0
23495,2026-05-11 22:32:59.100000+00:00,52.2480474,21.0522192,89.8,0.09,0.003,0.01,0.978,0,0.5902571031231881,,95.60304633656844,-1.0,11.0
23500,2026-05-11 22:32:59.600000+00:00,52.2480472,21.0522181,89.6,0.06,0.004,0.01,0.976,0,0.5624545773591696,,95.53221356593322,-1.0,11.0
23505,2026-05-11 22:33:00.100000+00:00,52.2480469,21.052217,89.5,0.04,0.002,0.011,0.975,0,0.590257110097956,,95.45402280782717,-1.0,11.0
23510,2026-05-11 22:33:00.600000+00:00,52.2480467,21.052216,89.4,0.14,0.003,0.012,0.977,0,0.5156551389294782,,95.38830670539242,-1.0,11.0
23515,2026-05-11 22:33:01.100000+00:00,52.2480464,21.0522151,89.2,0.09,0.003,0.009,0.977,0,0.5022935642166875,,95.3203215480933,-1.0,11.0
23520,2026-05-11 22:33:01.600000+00:00,52.248046,21.0522143,89.1,0.09,0.001,0.01,0.977,0,0.5062824982499439,,95.25006102394138,-1.0,11.0
23525,2026-05-11 22:33:02.100000+00:00,52.2480457,21.0522134,88.9,0.12,0.002,0.012,0.979,0,0.5022935703297241,,95.18207890157525,-1.0,11.0
23530,2026-05-11 22:33:02.600000+00:00,52.2480454,21.0522125,88.8,0.1,0.003,0.01,0.976,0,0.5022935680792329,,95.1140993591097,-1.0,11.0
23535,2026-05-11 22:33:03.100000+00:00,52.248045,21.0522116,88.6,0.1,0.001,0.008,0.977,0,0.5451297556895188,,95.03874556280901,-1.0,11.0
23540,2026-05-11 22:33:03.600000+00:00,52.2480446,21.0522107,88.4,0.13,0.002,0.009,0.979,0,0.5451297559164225,,94.963392337222,-1.0,11.0
23545,2026-05-11 22:33:04.100000+00:00,52.2480442,21.0522098,88.3,0.03,0.002,0.009,0.977,0,0.5451297591350943,,94.8880396832391,-1.0,11.0
23550,2026-05-11 22:33:04.600000+00:00,52.248044,21.0522089,88.1,0.09,0.0,0.011,0.976,0,0.46930858537507913,,94.82744588575244,-1.0,11.0
23555,2026-05-11 22:33:05.100000+00:00,52.2480438,21.0522079,87.9,0.17,0.002,0.011,0.977,0,0.5156551740299977,,94.76176709652725,-1.0,11.0
23560,2026-05-11 22:33:05.600000+00:00,52.2480435,21.0522068,87.7,0.11,0.004,0.011,0.976,0,0.590257144346166,,94.68362250113513,-1.0,11.0
23565,2026-05-11 22:33:06.100000+00:00,52.2480433,21.0522058,87.6,0.04,0.004,0.011,0.977,0,0.5156551792809998,,94.61795980959441,-1.0,11.0
23570,2026-05-11 22:33:06.600000+00:00,52.2480431,21.0522049,87.4,0.1,0.005,0.009,0.977,0,0.4693085937871049,,94.5573929299824,-1.0,11.0
23575,2026-05-11 22:33:07.100000+00:00,52.2480429,21.0522039,87.2,0.15,0.004,0.01,0.975,0,0.5156551819004136,,94.49174618194004,-1.0,11.0
23580,2026-05-11 22:33:07.600000+00:00,52.2480426,21.0522032,87.1,0.11,0.001,0.011,0.978,0,0.41882589726672653,,94.43397002126042,-1.0,11.0
23585,2026-05-11 22:33:08.100000+00:00,52.2480424,21.0522024,86.9,0.01,0.002,0.012,0.979,0,0.42356355300105686,,94.37850285022968,-1.0,11.0
23590,2026-05-11 22:33:08.600000+00:00,52.2480422,21.0522018,86.8,0.04,0.003,0.009,0.977,0,0.33486240007597434,,94.33320758021843,-1.0,11.0
23595,2026-05-11 22:33:09.100000+00:00,52.2480419,21.0522012,86.6,0.09,0.002,0.012,0.979,0,0.3797118984176492,,94.28051798220913,-1.0,11.0
23600,2026-05-11 22:33:09.600000+00:00,52.2480417,21.0522005,86.5,0.16,0.003,0.01,0.977,0,0.37863813891096604,,94.23014073946088,-1.0,11.0
23605,2026-05-11 22:33:10.100000+00:00,52.2480414,21.0521999,86.3,0.09,0.004,0.009,0.976,0,0.37971189776346376,,94.17745155726232,-1.0,11.0
23610,2026-05-11 22:33:10.600000+00:00,52.2480412,21.0521993,86.1,0.03,0.003,0.011,0.977,0,0.334862403462732,,94.13215966780413,-1.0,11.0
23615,2026-05-11 22:33:11.100000+00:00,52.2480409,21.0521987,86.0,0.04,0.003,0.011,0.977,0,0.37971190355193296,,94.07947079383914,-1.0,11.0
23620,2026-05-11 22:33:11.600000+00:00,52.2480407,21.0521981,85.9,0.03,0.003,0.01,0.977,0,0.334862411547317,,94.03418034613439,-1.0,11.0
23625,2026-05-11 22:33:12.100000+00:00,52.2480404,21.0521977,85.8,0.05,0.004,0.012,0.977,0,0.31004643999173714,,93.9916561262267,-1.0,11.0
23630,2026-05-11 22:33:12.600000+00:00,52.2480401,21.0521973,85.7,0.04,0.003,0.011,0.977,0,0.310046449706277,,93.94913239495575,-1.0,11.0
23635,2026-05-11 22:33:13.100000+00:00,52.2480399,21.0521969,85.6,0.05,0.003,0.011,0.978,0,0.2531412687360151,,93.9140064611897,-1.0,11.0
23640,2026-05-11 22:33:13.600000+00:00,52.2480396,21.0521964,85.4,0.03,0.002,0.009,0.976,0,0.3431506212225875,,93.86640024935534,-1.0,11.0
23645,2026-05-11 22:33:14.100000+00:00,52.2480394,21.0521961,85.3,0.09,0.004,0.01,0.977,0,0.21739867942338661,,93.83635709253774,-1.0,11.0
23650,2026-05-11 22:33:14.600000+00:00,52.2480392,21.0521959,85.3,0.05,0.003,0.011,0.974,0,0.1877474474204133,,93.81139718568713,-1.0,11.0
23655,2026-05-11 22:33:15.100000+00:00,52.248039,21.0521958,85.2,0.02,0.002,0.01,0.976,0,0.16745523005180796,,93.79152162254456,-1.0,11.0
23660,2026-05-11 22:33:15.600000+00:00,52.2480387,21.0521957,85.1,0.05,0.004,0.009,0.977,0,0.2451316982622754,,93.7642535829669,-1.0,11.0
23665,2026-05-11 22:33:16.100000+00:00,52.2480393,21.0521957,85.0,0.94,0.056,0.003,0.967,0,0.48036208296675653,,93.80862880505319,-1.0,11.0
23670,2026-05-11 22:33:16.600000+00:00,52.248041,21.0521957,84.9,1.82,0.05,0.0,0.976,0,1.361025903436719,,93.93450209051858,-1.0,11.0
23675,2026-05-11 22:33:17.100000+00:00,52.2480444,21.0521958,84.8,3.4,0.077,0.001,0.973,0,2.7224930905266844,,94.19194427500386,-1.0,11.0
23680,2026-05-11 22:33:17.600000+00:00,52.2480496,21.0521961,84.7,4.85,0.09,-0.002,0.974,0,4.165734270722575,,94.59466257998939,-1.0,11.0
23685,2026-05-11 22:33:18.100000+00:00,52.2480572,21.052197,84.6,6.85,0.108,-0.013,0.975,0,6.100557620096128,,95.20965103349549,-1.0,11.0
23690,2026-05-11 22:33:18.600000+00:00,52.2480673,21.0521983,84.4,8.78,0.123,-0.018,0.967,0,8.111163620953535,,96.0375860301434,-1.0,11.0
23695,2026-05-11 22:33:19.100000+00:00,52.2480804,21.0521991,84.3,11.37,0.13,0.019,0.972,0,10.495233612576774,,97.07672083280137,-1.0,11.0
23700,2026-05-11 22:33:19.600000+00:00,52.2480963,21.0521986,84.2,13.47,0.139,0.003,0.976,0,12.731954262176743,,98.28064990437292,-1.0,11.0
23705,2026-05-11 22:33:20.100000+00:00,52.2481154,21.0521985,84.1,15.9,0.142,0.003,0.969,0,15.291604874529902,,99.77310196768933,-1.0,11.0
23710,2026-05-11 22:33:20.600000+00:00,52.2481376,21.0521976,83.9,18.52,0.135,0.004,0.976,0,17.778871015557456,,101.49915487559898,-1.0,11.0
23715,2026-05-11 22:33:21.100000+00:00,52.2481631,21.0521965,83.7,21.14,0.144,-0.005,0.965,0,20.422507290841146,,103.51590801849838,-1.0,11.0
23720,2026-05-11 22:33:21.600000+00:00,52.2481915,21.0521961,83.6,23.12,0.114,-0.024,0.97,0,22.737983933694927,,105.84345555211277,-1.0,11.0
23725,2026-05-11 22:33:22.100000+00:00,52.2482219,21.0521957,83.6,24.64,0.09,-0.018,0.96,0,24.339135260321125,,108.38274367966106,-1.0,11.0
23730,2026-05-11 22:33:22.600000+00:00,52.2482545,21.0521958,83.6,26.36,0.073,-0.036,0.961,0,26.09971921367412,,111.17826550469529,-1.0,11.0
23735,2026-05-11 22:33:23.100000+00:00,52.2482886,21.0521981,83.6,27.91,0.067,-0.069,0.969,0,27.32384584143712,,114.24412041607553,-1.0,11.0
23740,2026-05-11 22:33:23.600000+00:00,52.2483248,21.0522013,83.6,29.35,0.063,-0.06,0.983,0,29.024259310629134,,117.57627137170384,-1.0,11.0
23745,2026-05-11 22:33:24.100000+00:00,52.2483626,21.0522058,83.6,30.65,0.058,-0.065,0.957,0,30.34308778021252,,121.1470940197902,-1.0,11.0
23750,2026-05-11 22:33:24.600000+00:00,52.2484021,21.052211,83.8,31.88,0.059,-0.066,0.971,0,31.726387291918904,,124.94063338302807,-1.0,11.0
23755,2026-05-11 22:33:25.100000+00:00,52.248443,21.0522176,83.9,33.37,0.054,-0.073,0.963,0,32.90410030170317,,128.95560250495868,-1.0,11.0
23760,2026-05-11 22:33:25.600000+00:00,52.2484852,21.0522258,84.0,34.19,0.056,-0.063,0.96,0,34.023706920214124,,133.1869052735596,-1.0,11.0
23765,2026-05-11 22:33:26.100000+00:00,52.2485289,21.052235,84.0,35.47,0.048,-0.025,0.989,0,35.27579234018171,,137.62799466857703,-1.0,11.0
23770,2026-05-11 22:33:26.600000+00:00,52.2485736,21.0522439,84.1,36.07,0.054,-0.013,0.987,0,36.05188318347688,,142.1839358241956,-1.0,11.0
23775,2026-05-11 22:33:27.100000+00:00,52.2486195,21.0522522,84.2,37.16,0.069,-0.02,0.936,0,36.97221414455232,,146.8640205988439,-1.0,11.0
23780,2026-05-11 22:33:27.600000+00:00,52.2486669,21.052261,84.2,38.22,0.05,-0.016,0.969,0,38.19295675959552,,151.73558364719347,-1.0,11.0
23785,2026-05-11 22:33:28.100000+00:00,52.2487146,21.0522699,84.3,38.07,-0.01,-0.013,0.998,0,38.43714237196623,,156.66782054290036,-1.0,11.0
23790,2026-05-11 22:33:28.600000+00:00,52.2487622,21.0522799,84.5,38.5,0.006,-0.008,0.93,0,38.422654141158844,,161.6511351707526,-1.0,11.0
23795,2026-05-11 22:33:29.100000+00:00,52.24881,21.0522893,84.6,38.42,-0.007,0.018,0.975,0,38.54521211521582,,165.54130479713635,-1.0,11.0
23800,2026-05-11 22:33:29.600000+00:00,52.2488576,21.0522975,84.8,38.06,-0.018,0.011,0.983,0,38.320093386004764,,160.22446566201032,-1.0,11.0
23805,2026-05-11 22:33:30.100000+00:00,52.2489049,21.0523052,84.9,37.87,-0.014,0.003,0.964,0,38.056158695603436,,154.94326738988323,-1.0,11.0
23810,2026-05-11 22:33:30.600000+00:00,52.2489519,21.052313,85.0,37.59,-0.014,-0.001,0.963,0,37.82209208408322,,149.6952995845007,-1.0,11.0
23815,2026-05-11 22:33:31.100000+00:00,52.2489985,21.0523202,85.1,37.18,-0.02,0.006,0.97,0,37.474665985028054,,144.49435573824496,-1.0,11.0
23820,2026-05-11 22:33:31.600000+00:00,52.2490447,21.0523276,85.1,36.82,-0.021,0.006,0.955,0,37.16529891241915,,139.33738681949936,-1.0,11.0
23825,2026-05-11 22:33:32.100000+00:00,52.2490904,21.0523354,85.1,36.59,-0.022,0.0,0.963,0,36.78678777456307,,134.23491023669663,-1.0,11.0
23830,2026-05-11 22:33:32.600000+00:00,52.2491356,21.0523436,85.2,36.24,-0.024,-0.01,1.023,0,36.409798465678456,,129.18715775311438,-1.0,11.0
23835,2026-05-11 22:33:33.100000+00:00,52.2491804,21.0523521,85.2,35.82,-0.016,0.0,0.921,0,36.10820223291008,,124.18362842798132,-1.0,11.0
23840,2026-05-11 22:33:33.600000+00:00,52.2492251,21.0523604,85.3,35.73,-0.028,-0.003,0.972,0,36.01747286720733,,119.19276947429718,-1.0,11.0
23845,2026-05-11 22:33:34.100000+00:00,52.2492692,21.0523679,85.3,35.16,-0.031,0.001,1.01,0,35.49747754816858,,114.27181335243449,-1.0,11.0
23850,2026-05-11 22:33:34.600000+00:00,52.249313,21.0523754,85.3,35.31,-0.016,-0.01,0.922,0,35.258596316872435,,109.38502439099041,-1.0,11.0
23855,2026-05-11 22:33:35.100000+00:00,52.2493563,21.0523829,85.3,34.73,-0.045,-0.01,1.051,0,34.86050088810761,,104.55475692837001,-1.0,11.0
23860,2026-05-11 22:33:35.600000+00:00,52.2493992,21.052391,85.5,34.19,0.0,0.009,0.898,0,34.57459622294459,,99.7687668519061,-1.0,11.0
23865,2026-05-11 22:33:36.100000+00:00,52.2494417,21.0523989,85.5,34.24,-0.035,-0.006,1.0,0,34.245269583549685,,95.02922779490555,-1.0,11.0
23870,2026-05-11 22:33:36.600000+00:00,52.2494835,21.0524068,85.6,33.64,-0.029,-0.03,0.963,0,33.688500430273834,,90.36926641157605,-1.0,11.0
23875,2026-05-11 22:33:37.100000+00:00,52.249525,21.0524155,85.6,32.93,-0.059,0.01,0.977,0,33.49757840571392,,85.74378121463626,-1.0,11.0
23880,2026-05-11 22:33:37.600000+00:00,52.2495649,21.0524237,85.6,31.83,-0.066,-0.018,0.964,0,32.195935326266,,81.29965261022467,-1.0,11.0
23885,2026-05-11 22:33:38.100000+00:00,52.2496036,21.0524324,85.6,30.82,-0.094,-0.009,0.984,0,31.275427839024548,0.0,76.99200403916122,-1.0,11.0
23890,2026-05-11 22:33:38.600000+00:00,52.2496404,21.0524418,85.7,29.45,-0.071,-0.039,0.923,0,29.820289951491137,0.0,72.90012624042805,-1.0,11.0
23895,2026-05-11 22:33:39.100000+00:00,52.2496757,21.0524531,85.6,28.29,-0.099,-0.046,0.986,0,28.79892352347938,0.0,68.98292040759166,-1.0,11.0
23900,2026-05-11 22:33:39.600000+00:00,52.2497087,21.0524653,85.7,26.33,-0.098,-0.074,1.001,0,27.088185036667696,0.0,65.33319128665393,-1.0,11.0
23905,2026-05-11 22:33:40.100000+00:00,52.2497404,21.0524813,85.7,26.23,-0.051,-0.128,0.957,0,26.563180485155097,0.0,61.85346307307318,-1.0,11.0
23910,2026-05-11 22:33:40.600000+00:00,52.2497708,21.0525005,85.7,26.14,-0.075,-0.145,0.954,0,26.094410772522266,0.0,58.55934522400707,-1.0,11.0
23915,2026-05-11 22:33:41.100000+00:00,52.2497989,21.052523,85.9,25.03,-0.076,-0.17,0.965,0,25.05466022969339,0.0,55.584173808158674,-1.0,11.0
23920,2026-05-11 22:33:41.600000+00:00,52.2498251,21.0525509,86.0,24.64,-0.083,-0.179,0.956,0,25.039804062835447,0.0,52.93267273688073,-1.0,11.0
23925,2026-05-11 22:33:42.100000+00:00,52.2498488,21.0525823,86.0,23.83,-0.078,-0.158,0.94,0,24.43140084759759,0.0,50.70059909426776,-1.0,11.0
23930,2026-05-11 22:33:42.600000+00:00,52.2498708,21.0526167,86.0,24.01,-0.073,-0.119,0.982,0,24.382785372240015,0.0,48.837033650403676,-1.0,11.0
23935,2026-05-11 22:33:43.100000+00:00,52.2498902,21.0526535,86.0,23.82,-0.068,-0.118,0.967,0,23.80291773711992,0.0,47.46887249131033,-1.0,11.0
23940,2026-05-11 22:33:43.600000+00:00,52.2499064,21.0526932,86.0,22.94,-0.066,-0.136,0.965,0,23.38498190349099,0.0,46.70054427356676,-1.0,11.0
23945,2026-05-11 22:33:44.100000+00:00,52.2499215,21.0527341,85.9,22.18,-0.054,-0.104,0.951,0,23.40992951787752,0.0,46.294224692046384,-1.0,11.0
23950,2026-05-11 22:33:44.600000+00:00,52.2499351,21.0527747,85.9,22.16,-0.053,-0.085,0.973,0,22.683850195211537,0.0,46.24858910812439,-1.0,11.0
