Record,Time,lat,lon,Altitude,Speed,GForceX,GForceY,GForceZ,Lap,speed_kmh,nearest_stop_id,nearest_distance_m,direction,course_id
140,2026-05-11 14:35:25.100000+00:00,52.249952,21.0522386,79.0,13.43,0.102,0.104,1.0,0,12.250802038480444,0.0,40.56548790866439,0.0,2.0
145,2026-05-11 14:35:25.600000+00:00,52.2499338,21.05224,78.8,15.47,0.118,0.111,0.969,0,14.587132118541593,0.0,42.448911320551574,0.0,2.0
150,2026-05-11 14:35:26.100000+00:00,52.2499141,21.0522504,78.9,16.82,0.011,0.124,0.994,0,16.575191043880587,0.0,44.324572289110726,0.0,2.0
155,2026-05-11 14:35:26.600000+00:00,52.2498936,21.0522607,79.2,17.21,0.048,0.116,0.941,0,17.171288410788858,0.0,46.32645923792431,0.0,2.0
160,2026-05-11 14:35:27.100000+00:00,52.249872,21.0522745,79.2,18.28,0.074,0.071,0.961,0,18.568809584174257,0.0,48.42705513309307,0.0,2.0
165,2026-05-11 14:35:27.600000+00:00,52.2498505,21.052289,79.1,19.25,0.063,0.066,1.013,0,18.622496168866494,0.0,50.55152519748184,0.0,2.0
170,2026-05-11 14:35:28.100000+00:00,52.2498275,21.0523057,79.0,20.75,0.09,0.007,0.951,0,20.151231036165807,0.0,52.85606599443887,0.0,2.0
175,2026-05-11 14:35:28.600000+00:00,52.2498024,21.052323,78.8,22.98,0.105,-0.008,0.965,0,21.81093987742931,0.0,55.43175609559564,0.0,2.0
180,2026-05-11 14:35:29.100000+00:00,52.2497762,21.0523397,78.7,23.28,0.043,-0.062,0.965,0,22.516348214959393,0.0,58.177422501067284,0.0,2.0
185,2026-05-11 14:35:29.600000+00:00,52.2497493,21.0523509,78.4,22.27,-0.001,-0.09,0.995,0,22.224883154771558,0.0,61.072180677909245,0.0,2.0
190,2026-05-11 14:35:30.100000+00:00,52.2497204,21.0523615,78.2,23.26,-0.02,-0.126,0.937,0,23.713601225458593,0.0,64.20983460640159,0.0,2.0
195,2026-05-11 14:35:30.600000+00:00,52.2496895,21.0523704,78.2,25.58,-0.011,-0.147,0.948,0,25.120317819563937,0.0,67.59195084165596,0.0,2.0
200,2026-05-11 14:35:31.100000+00:00,52.2496578,21.0523734,78.1,25.86,-0.033,-0.152,0.985,0,25.421692275920556,0.0,71.09655554235214,0.0,2.0
205,2026-05-11 14:35:31.600000+00:00,52.2496247,21.0523743,78.2,27.07,-0.027,-0.15,0.98,0,26.503646326448898,0.0,74.76708993005481,0.0,2.0
210,2026-05-11 14:35:32.100000+00:00,52.2495907,21.0523695,78.3,27.61,-0.028,-0.154,1.011,0,27.322002855957145,0.0,78.56028373779444,0.0,2.0
215,2026-05-11 14:35:32.600000+00:00,52.2495562,21.052358,78.2,28.8,0.006,-0.098,0.904,0,28.19010630606989,,82.43761466843216,0.0,2.0
220,2026-05-11 14:35:33.100000+00:00,52.2495206,21.0523475,78.1,29.22,0.043,-0.044,0.982,0,28.962417485736395,,86.43555037828578,0.0,2.0
225,2026-05-11 14:35:33.600000+00:00,52.2494845,21.0523375,78.2,29.74,0.049,0.038,0.979,0,29.31446362165658,,90.4885553331257,0.0,2.0
230,2026-05-11 14:35:34.100000+00:00,52.2494469,21.0523268,78.1,30.85,0.084,0.033,0.949,0,30.55614124430456,,94.7131822265475,0.0,2.0
235,2026-05-11 14:35:34.600000+00:00,52.2494076,21.0523173,78.2,32.1,0.063,0.027,0.988,0,31.80640991856003,,99.12108780279588,0.0,2.0
240,2026-05-11 14:35:35.100000+00:00,52.2493674,21.0523098,78.2,33.22,0.052,0.003,0.954,0,32.39352499504672,,103.61806330799861,0.0,2.0
245,2026-05-11 14:35:35.600000+00:00,52.2493263,21.0523021,78.2,33.77,0.04,0.012,0.99,0,33.12054218715215,,108.21608540185053,0.0,2.0
250,2026-05-11 14:35:36.100000+00:00,52.2492844,21.0522943,78.3,34.07,-0.008,0.0,0.975,0,33.76244752475307,,112.90348671979739,0.0,2.0
255,2026-05-11 14:35:36.600000+00:00,52.2492421,21.052287,78.4,34.64,0.008,-0.025,0.957,0,34.0540268955448,,117.63238305755816,0.0,2.0
260,2026-05-11 14:35:37.100000+00:00,52.2492001,21.052277,78.7,35.01,0.016,-0.004,0.954,0,33.9807117070918,,122.3443399695312,0.0,2.0
265,2026-05-11 14:35:37.600000+00:00,52.2491577,21.0522678,79.1,35.41,0.014,0.017,1.005,0,34.24379643288928,,127.09620598143479,0.0,2.0
270,2026-05-11 14:35:38.100000+00:00,52.2491137,21.0522601,79.1,36.22,0.003,0.006,0.928,0,35.42815871002534,,132.01617860043828,0.0,2.0
275,2026-05-11 14:35:38.600000+00:00,52.2490689,21.0522534,79.3,35.85,0.012,0.013,0.997,0,36.01706641957204,,137.01854893263362,0.0,2.0
280,2026-05-11 14:35:39.100000+00:00,52.2490244,21.0522469,79.6,35.46,-0.011,0.023,0.956,0,35.76902788001092,,141.98645833591777,0.0,2.0
285,2026-05-11 14:35:39.600000+00:00,52.2489812,21.052239,80.4,34.73,-0.015,0.044,0.988,0,34.802159653107246,,146.8191355874378,0.0,2.0
290,2026-05-11 14:35:40.100000+00:00,52.2489382,21.0522313,81.1,34.4,-0.013,0.036,0.963,0,34.63221777661228,,151.62847203556504,0.0,2.0
295,2026-05-11 14:35:40.600000+00:00,52.2488962,21.0522258,81.5,33.63,-0.026,0.036,0.964,0,33.73324042067775,,156.313290368942,0.0,2.0
300,2026-05-11 14:35:41.100000+00:00,52.2488538,21.0522195,81.9,33.75,-0.011,0.024,0.985,0,34.085752406923824,,161.04741821100203,0.0,2.0
305,2026-05-11 14:35:41.600000+00:00,52.2488117,21.052213,82.2,33.35,-0.006,0.003,0.976,0,33.85565089435841,,164.51121620418692,0.0,2.0
310,2026-05-11 14:35:42.100000+00:00,52.2487694,21.052206,82.5,33.54,0.007,0.003,0.963,0,34.03889440433444,,160.0729448459226,0.0,2.0
315,2026-05-11 14:35:42.600000+00:00,52.2487273,21.0521989,82.8,33.58,0.002,0.008,0.962,0,33.88459249672058,,155.66848576810065,0.0,2.0
320,2026-05-11 14:35:43.100000+00:00,52.2486854,21.0521915,83.0,33.42,0.002,0.001,0.983,0,33.740813721010376,,151.2925155197715,0.0,2.0
325,2026-05-11 14:35:43.600000+00:00,52.2486436,21.0521836,83.2,33.44,0.002,-0.005,0.98,0,33.688508437043495,,146.92945172707508,0.0,2.0
330,2026-05-11 14:35:44.100000+00:00,52.248602,21.0521748,83.3,33.3,0.0,0.009,0.939,0,33.58326004922812,,142.5764172353232,0.0,2.0
335,2026-05-11 14:35:44.600000+00:00,52.2485601,21.0521662,83.5,33.32,0.001,0.008,0.992,0,33.80910375355166,,138.22134863797535,0.0,2.0
340,2026-05-11 14:35:45.100000+00:00,52.2485187,21.0521586,83.5,33.15,0.004,0.01,0.956,0,33.353667684729416,,133.97163202839823,0.0,2.0
345,2026-05-11 14:35:45.600000+00:00,52.248477,21.0521513,83.7,33.51,0.003,-0.01,0.964,0,33.57636827561548,,129.73009976410964,0.0,2.0
350,2026-05-11 14:35:46.100000+00:00,52.2484355,21.052144,83.8,33.49,-0.003,-0.005,0.981,0,33.41716412643755,,125.53735935550787,0.0,2.0
355,2026-05-11 14:35:46.600000+00:00,52.2483938,21.0521377,84.0,33.55,-0.008,-0.013,0.973,0,33.527675898505244,,121.39565279386923,0.0,2.0
360,2026-05-11 14:35:47.100000+00:00,52.2483526,21.0521292,84.1,33.27,0.0,-0.01,0.958,0,33.2469522581578,,117.25491459749956,0.0,2.0
365,2026-05-11 14:35:47.600000+00:00,52.2483115,21.0521221,84.3,32.94,0.006,0.004,0.983,0,33.088328318898796,,113.21491432232827,0.0,2.0
370,2026-05-11 14:35:48.100000+00:00,52.2482705,21.0521149,84.6,32.82,-0.009,0.02,0.958,0,33.01391727570342,,109.22380033988541,0.0,2.0
375,2026-05-11 14:35:48.600000+00:00,52.2482289,21.0521067,85.1,32.18,-0.025,0.028,0.977,0,33.5467587455266,,105.18673287324339,0.0,2.0
380,2026-05-11 14:35:49.100000+00:00,52.248189,21.0521003,85.4,31.76,-0.009,0.044,0.97,0,32.09774440261261,,101.42725068365226,0.0,2.0
385,2026-05-11 14:35:49.600000+00:00,52.2481502,21.052094,85.6,30.56,-0.055,0.023,0.964,0,31.21652868699602,,97.82434458294932,0.0,2.0
390,2026-05-11 14:35:50.100000+00:00,52.2481135,21.0520873,85.7,28.43,-0.1,0.025,0.969,0,29.56511268232859,,94.43964597376645,0.0,2.0
395,2026-05-11 14:35:50.600000+00:00,52.2480792,21.0520803,85.8,27.09,-0.078,0.039,0.964,0,27.6742260199911,,91.29557857913161,0.0,2.0
400,2026-05-11 14:35:51.100000+00:00,52.2480459,21.0520724,85.9,26.38,-0.035,0.029,0.945,0,26.93984805706743,,88.24363747631001,0.0,2.0
405,2026-05-11 14:35:51.600000+00:00,52.2480138,21.0520665,85.9,25.7,-0.051,0.021,0.971,0,25.861577773521354,,85.43731640222909,0.0,2.0
410,2026-05-11 14:35:52.100000+00:00,52.2479828,21.0520578,85.7,24.73,-0.027,0.009,0.982,0,25.182408295198517,,82.63469814417212,0.0,2.0
415,2026-05-11 14:35:52.600000+00:00,52.247952,21.0520513,85.6,24.23,-0.067,0.026,0.966,0,24.863567689343135,,80.01419940995325,0.0,2.0
420,2026-05-11 14:35:53.100000+00:00,52.2479229,21.0520423,85.5,23.07,-0.047,0.023,0.949,0,23.711550657387733,1.0,77.44840339437582,0.0,2.0
425,2026-05-11 14:35:53.600000+00:00,52.2478953,21.0520351,85.5,22.04,-0.046,0.043,1.008,0,22.376716394501603,1.0,75.13886953332583,0.0,2.0
430,2026-05-11 14:35:54.100000+00:00,52.2478688,21.0520322,85.6,21.09,-0.044,0.027,0.951,0,21.263558775098968,1.0,73.19684063556167,0.0,2.0
435,2026-05-11 14:35:54.600000+00:00,52.2478443,21.052027,85.7,19.25,-0.083,0.03,0.96,0,19.779699747328486,1.0,71.32219718341736,0.0,2.0
440,2026-05-11 14:35:55.100000+00:00,52.2478227,21.0520239,85.8,16.76,-0.135,0.053,1.0,0,17.35966576036335,1.0,69.80188631978717,0.0,2.0
445,2026-05-11 14:35:55.600000+00:00,52.2478042,21.0520205,85.9,14.94,-0.079,0.027,0.963,0,14.904631464098408,1.0,68.49737544375705,0.0,2.0
450,2026-05-11 14:35:56.100000+00:00,52.2477866,21.0520183,86.0,13.87,-0.05,0.022,0.969,0,14.13182515861602,1.0,67.35257086818821,0.0,2.0
455,2026-05-11 14:35:56.600000+00:00,52.2477704,21.0520119,86.0,13.06,-0.033,0.027,0.961,0,13.343774932349126,1.0,66.07325557545356,0.0,2.0
460,2026-05-11 14:35:57.100000+00:00,52.2477555,21.0520049,85.9,12.46,-0.045,0.041,0.98,0,12.41264727228683,1.0,64.85436648665231,0.0,2.0
465,2026-05-11 14:35:57.600000+00:00,52.2477422,21.0520067,86.2,10.29,-0.086,0.041,0.988,0,10.684517745129824,1.0,64.27289706499887,0.0,2.0
470,2026-05-11 14:35:58.100000+00:00,52.2477305,21.0520054,86.3,9.38,-0.063,0.03,0.947,0,9.388709836158952,1.0,63.60934040475169,0.0,2.0
475,2026-05-11 14:35:58.600000+00:00,52.2477206,21.0520051,86.5,8.2,-0.045,0.009,0.989,0,7.9273383701081155,1.0,63.112711130750355,0.0,2.0
480,2026-05-11 14:35:59.100000+00:00,52.2477115,21.0520046,86.5,7.19,-0.037,0.019,0.971,0,7.289612746922334,1.0,62.655911355000164,0.0,2.0
485,2026-05-11 14:35:59.600000+00:00,52.2477037,21.0520029,86.5,6.84,-0.035,0.013,0.985,0,6.300058182798401,1.0,62.19559558832535,0.0,2.0
490,2026-05-11 14:36:00.100000+00:00,52.2476972,21.0520005,86.4,5.4,-0.054,0.028,0.968,0,5.335235562469323,1.0,61.757326362023186,0.0,2.0
495,2026-05-11 14:36:00.600000+00:00,52.2476922,21.0520003,86.3,3.9,-0.064,0.041,0.98,0,4.0042175962015,1.0,61.52746712778204,0.0,2.0
500,2026-05-11 14:36:01.100000+00:00,52.2476882,21.0520011,86.4,2.8,-0.023,0.02,0.968,0,3.2263329974505845,1.0,61.40702127280212,0.0,2.0
505,2026-05-11 14:36:01.600000+00:00,52.2476844,21.0519994,86.3,2.59,-0.046,0.028,0.968,0,3.1543486100002998,1.0,61.140152923872755,0.0,2.0
510,2026-05-11 14:36:02.100000+00:00,52.2476825,21.0520003,86.3,1.01,-0.045,0.034,0.982,0,1.5838251281419504,1.0,61.11803025981848,0.0,2.0
515,2026-05-11 14:36:02.600000+00:00,52.2476813,21.0520018,86.5,0.16,-0.046,0.019,0.973,0,1.209788572977474,1.0,61.163387809831676,0.0,2.0
520,2026-05-11 14:36:03.100000+00:00,52.2476803,21.0520013,86.6,0.13,0.009,0.005,0.978,0,0.8372767238390024,1.0,61.09072897070394,0.0,2.0
525,2026-05-11 14:36:03.600000+00:00,52.2476796,21.0520001,86.7,0.07,0.008,0.01,0.976,0,0.8124381294103592,1.0,60.98612817356342,0.0,2.0
530,2026-05-11 14:36:04.100000+00:00,52.2476789,21.0519991,86.8,0.04,0.006,0.007,0.977,0,0.7445393669678162,1.0,60.89422312979876,0.0,2.0
535,2026-05-11 14:36:04.600000+00:00,52.2476782,21.0519985,86.9,0.04,0.012,0.009,0.979,0,0.6329051276212748,1.0,60.82769671617541,0.0,2.0
540,2026-05-11 14:36:05.100000+00:00,52.2476776,21.0519975,87.0,0.06,0.007,0.009,0.973,0,0.6863040988154868,1.0,60.73993567766849,0.0,2.0
545,2026-05-11 14:36:05.600000+00:00,52.2476768,21.0519971,87.1,0.3,0.007,0.01,0.976,0,0.6698213874412875,1.0,60.682126595670375,0.0,2.0
550,2026-05-11 14:36:06.100000+00:00,52.2476761,21.0519965,87.2,0.04,0.008,0.008,0.978,0,0.6329051385994502,1.0,60.615759002311194,0.0,2.0
555,2026-05-11 14:36:06.600000+00:00,52.2476755,21.0519959,87.3,0.05,0.004,0.007,0.976,0,0.563243596913848,1.0,60.55347805104226,0.0,2.0
560,2026-05-11 14:36:07.100000+00:00,52.2476749,21.0519954,87.4,0.08,0.009,0.008,0.976,0,0.5392718560890932,1.0,60.49758053788146,0.0,2.0
565,2026-05-11 14:36:07.600000+00:00,52.2476743,21.051995,87.5,0.1,0.008,0.01,0.977,0,0.5188354552549261,1.0,60.4480726711148,0.0,2.0
570,2026-05-11 14:36:08.100000+00:00,52.2476737,21.0519945,87.6,0.11,0.012,0.008,0.976,0,0.5392718591017283,1.0,60.39225953895085,0.0,2.0
575,2026-05-11 14:36:08.600000+00:00,52.2476731,21.0519945,87.7,0.13,0.008,0.008,0.978,0,0.48036208296675653,1.0,60.36825218051662,0.0,2.0
580,2026-05-11 14:36:09.100000+00:00,52.2476725,21.0519943,87.8,0.07,0.01,0.009,0.976,0,0.4902635579474977,1.0,60.331597922404974,0.0,2.0
585,2026-05-11 14:36:09.600000+00:00,52.2476718,21.0519948,87.9,0.05,0.009,0.011,0.978,0,0.6116696130329247,1.0,60.33553282941316,0.0,2.0
590,2026-05-11 14:36:10.100000+00:00,52.2476711,21.0519953,88.1,0.08,0.011,0.012,0.979,0,0.6116696105409117,1.0,60.33958709119803,0.0,2.0
595,2026-05-11 14:36:10.600000+00:00,52.2476704,21.0519961,88.2,0.08,0.012,0.01,0.977,0,0.683990736352115,1.0,60.362858208633774,0.0,2.0
600,2026-05-11 14:36:11.100000+00:00,52.2476698,21.0519966,88.4,0.11,0.005,0.01,0.976,0,0.5392718681842645,1.0,60.37108847212361,0.0,2.0
605,2026-05-11 14:36:11.600000+00:00,52.2476691,21.0519972,88.5,0.11,0.009,0.01,0.979,0,0.6329051556522551,1.0,60.381868524699755,0.0,2.0
610,2026-05-11 14:36:12.100000+00:00,52.2476685,21.0519983,88.6,0.13,0.009,0.009,0.977,0,0.7221282495005015,1.0,60.42855204989442,0.0,2.0
615,2026-05-11 14:36:12.600000+00:00,52.2476681,21.0519988,88.7,0.05,0.008,0.01,0.978,0,0.4032629056982178,1.0,60.44486442852599,0.0,2.0
620,2026-05-11 14:36:13.100000+00:00,52.2476677,21.0519992,88.8,0.18,0.016,0.012,0.978,0,0.375495748328985,1.0,60.4548441776672,0.0,2.0
625,2026-05-11 14:36:13.600000+00:00,52.2476672,21.052,88.9,0.06,0.01,0.011,0.979,0,0.560367314662888,1.0,60.486527949939536,0.0,2.0
630,2026-05-11 14:36:14.100000+00:00,52.2476667,21.0520006,89.0,0.19,0.01,0.012,0.975,0,0.4967264138237928,1.0,60.50552414829977,0.0,2.0
635,2026-05-11 14:36:14.600000+00:00,52.2476661,21.0520017,89.0,0.09,0.012,0.012,0.977,0,0.7221282746660654,1.0,60.552692647730005,0.0,2.0
640,2026-05-11 14:36:15.100000+00:00,52.2476652,21.0520039,89.1,0.12,0.01,0.011,0.978,0,1.2969458217261478,1.0,60.65885620899466,0.0,2.0
645,2026-05-11 14:36:15.600000+00:00,52.2476643,21.0520062,89.2,0.09,0.008,0.014,0.976,0,1.3379791093358901,1.0,60.77176841378035,0.0,2.0
650,2026-05-11 14:36:16.100000+00:00,52.2476633,21.0520091,89.3,0.11,0.009,0.011,0.976,0,1.6314413158226382,1.0,60.91971297835146,0.0,2.0
655,2026-05-11 14:36:16.600000+00:00,52.247662,21.0520116,89.4,0.06,0.007,0.013,0.976,0,1.607760351634641,1.0,61.03129715280382,0.0,2.0
660,2026-05-11 14:36:17.100000+00:00,52.247661,21.0520139,89.6,0.1,0.013,0.013,0.976,0,1.3827406835860088,1.0,61.141744875304646,0.0,2.0
665,2026-05-11 14:36:17.600000+00:00,52.2476601,21.0520162,89.7,0.2,0.009,0.012,0.976,0,1.3379791979489646,1.0,61.256270234749024,0.0,2.0
670,2026-05-11 14:36:18.100000+00:00,52.2476594,21.0520181,89.7,0.15,0.012,0.013,0.976,0,1.0869373348999878,1.0,61.352730695136245,0.0,2.0
675,2026-05-11 14:36:18.600000+00:00,52.2476587,21.05202,89.8,0.04,0.012,0.013,0.977,0,1.0869373461544145,1.0,61.449410615402954,0.0,2.0
680,2026-05-11 14:36:19.100000+00:00,52.247658,21.0520211,89.9,0.08,0.011,0.013,0.975,0,0.7776856170209282,1.0,61.494808572619284,0.0,2.0
685,2026-05-11 14:36:19.600000+00:00,52.2476575,21.0520221,90.0,0.1,0.009,0.012,0.978,0,0.6328564442139533,1.0,61.54113090664604,0.0,2.0
690,2026-05-11 14:36:20.100000+00:00,52.247657,21.0520229,90.1,0.19,0.009,0.015,0.975,0,0.5603673824789495,1.0,61.57465882783008,0.0,2.0
695,2026-05-11 14:36:20.600000+00:00,52.2476564,21.052024,90.2,0.01,0.01,0.012,0.978,0,0.7221283581331855,1.0,61.62402170513206,0.0,2.0
700,2026-05-11 14:36:21.100000+00:00,52.2476559,21.0520249,90.3,0.1,0.011,0.01,0.976,0,0.5956985777556953,1.0,61.664177177060076,0.0,2.0
705,2026-05-11 14:36:21.600000+00:00,52.2476554,21.0520258,90.4,0.06,0.012,0.015,0.975,0,0.5956985780152607,1.0,61.704417454630686,0.0,2.0
710,2026-05-11 14:36:22.100000+00:00,52.2476548,21.0520266,90.5,0.04,0.01,0.014,0.976,0,0.6200950452141063,1.0,61.734747391946875,0.0,2.0
715,2026-05-11 14:36:22.600000+00:00,52.2476544,21.0520274,90.6,0.14,0.011,0.014,0.978,0,0.5062851778208809,1.0,61.77224043551697,0.0,2.0
720,2026-05-11 14:36:23.100000+00:00,52.247654,21.0520283,90.6,0.06,0.011,0.014,0.977,0,0.5451329019376082,1.0,61.816248435860004,0.0,2.0
725,2026-05-11 14:36:23.600000+00:00,52.2476538,21.052029,90.6,0.15,0.01,0.012,0.977,0,0.37864085877953285,1.0,61.854422720684624,0.0,2.0
730,2026-05-11 14:36:24.100000+00:00,52.2476538,21.0520295,90.6,0.05,0.01,0.015,0.976,0,0.2450846000844444,1.0,61.88671865492747,0.0,2.0
735,2026-05-11 14:36:24.600000+00:00,52.2476538,21.0520301,90.6,0.06,0.01,0.015,0.977,0,0.2941015207249373,1.0,61.9254762416455,0.0,2.0
740,2026-05-11 14:36:25.100000+00:00,52.2476538,21.0520307,90.5,0.17,0.009,0.013,0.978,0,0.2941015207249373,1.0,61.964236513281705,0.0,2.0
745,2026-05-11 14:36:25.600000+00:00,52.247654,21.052031,90.5,0.14,0.015,0.016,0.978,0,0.21739954390171734,1.0,61.990634735256315,0.0,2.0
750,2026-05-11 14:36:26.100000+00:00,52.2476541,21.052031,90.5,0.06,0.01,0.016,0.978,0,0.08006034546355068,1.0,61.994145969500316,0.0,2.0
755,2026-05-11 14:36:26.600000+00:00,52.2476543,21.0520309,90.5,0.37,0.012,0.016,0.976,0,0.16745535452659302,1.0,61.99471519905182,0.0,2.0
760,2026-05-11 14:36:27.100000+00:00,52.2476547,21.0520302,90.4,0.16,0.012,0.017,0.979,0,0.469345081932152,1.0,61.96359590101871,0.0,2.0
765,2026-05-11 14:36:27.600000+00:00,52.2476548,21.0520303,90.4,0.06,0.014,0.015,0.977,0,0.09387394731522371,1.0,61.973578900312525,0.0,2.0
770,2026-05-11 14:36:28.100000+00:00,52.2476549,21.0520299,90.4,0.3,0.015,0.015,0.975,0,0.21178336105250137,1.0,61.95128392094223,0.0,2.0
775,2026-05-11 14:36:28.600000+00:00,52.247655,21.0520301,90.4,0.45,0.011,0.016,0.977,0,0.12657129597032757,1.0,61.96772603037149,0.0,2.0
780,2026-05-11 14:36:29.100000+00:00,52.2476553,21.0520295,90.4,0.39,0.011,0.015,0.977,0,0.3797138784277034,1.0,61.939604349515236,0.0,2.0
785,2026-05-11 14:36:29.600000+00:00,52.2476554,21.0520295,90.4,0.08,0.008,0.015,0.976,0,0.08006035055627692,1.0,61.94314442582135,0.0,2.0
790,2026-05-11 14:36:30.100000+00:00,52.2476554,21.0520295,90.5,0.06,0.009,0.015,0.977,0,0.0,1.0,61.94314442582135,0.0,2.0
795,2026-05-11 14:36:30.600000+00:00,52.2476554,21.0520295,90.5,0.06,0.015,0.014,0.976,0,0.0,1.0,61.94314442582135,0.0,2.0
800,2026-05-11 14:36:31.100000+00:00,52.2476552,21.0520299,90.6,0.08,0.013,0.015,0.979,0,0.2531425887288542,1.0,61.96188358136549,0.0,2.0
805,2026-05-11 14:36:31.600000+00:00,52.247655,21.0520303,90.7,0.11,0.012,0.016,0.979,0,0.25314258498460673,1.0,61.980637015504726,0.0,2.0
810,2026-05-11 14:36:32.100000+00:00,52.2476547,21.052031,90.8,0.12,0.015,0.017,0.977,0,0.4188283590767889,1.0,62.0152510693981,0.0,2.0
815,2026-05-11 14:36:32.600000+00:00,52.2476545,21.0520313,90.9,0.14,0.014,0.017,0.977,0,0.21739954233238468,1.0,62.027582984568184,0.0,2.0
820,2026-05-11 14:36:33.100000+00:00,52.2476543,21.0520317,91.0,0.4,0.015,0.017,0.975,0,0.2531425918094191,1.0,62.04638629170736,0.0,2.0
825,2026-05-11 14:36:33.600000+00:00,52.2476541,21.0520328,91.1,0.27,0.0,0.012,0.979,0,0.5624591584508206,1.0,62.110427135381336,0.0,2.0
830,2026-05-11 14:36:34.100000+00:00,52.2476539,21.0520341,91.2,0.39,0.009,0.016,0.977,0,0.6570296127942711,1.0,62.187424868918114,0.0,2.0
835,2026-05-11 14:36:34.600000+00:00,52.2476535,21.0520349,91.3,0.41,0.012,0.019,0.977,0,0.5062851872033212,1.0,62.22516359934346,0.0,2.0
840,2026-05-11 14:36:35.100000+00:00,52.2476534,21.0520353,91.3,0.11,0.012,0.016,0.977,0,0.21178336822364155,1.0,62.24753720874551,0.0,2.0
845,2026-05-11 14:36:35.600000+00:00,52.2476534,21.0520352,91.4,0.1,0.011,0.019,0.977,0,0.049016921082416356,1.0,62.24107212807504,0.0,2.0
850,2026-05-11 14:36:36.100000+00:00,52.2476533,21.0520348,91.4,0.14,0.013,0.016,0.975,0,0.21178336718945007,1.0,62.21172769273984,0.0,2.0
855,2026-05-11 14:36:36.600000+00:00,52.2476531,21.0520353,91.3,0.06,0.013,0.017,0.977,0,0.29275433407048934,1.0,62.237093479743066,0.0,2.0
860,2026-05-11 14:36:37.100000+00:00,52.2476527,21.0520368,91.2,0.01,0.011,0.016,0.976,0,0.801968029865092,1.0,62.320216454052,0.0,2.0
865,2026-05-11 14:36:37.600000+00:00,52.2476524,21.0520382,91.2,0.09,0.014,0.018,0.977,0,0.7270543420571294,1.0,62.40041099278367,0.0,2.0
870,2026-05-11 14:36:38.100000+00:00,52.2476522,21.0520391,91.1,0.11,0.012,0.02,0.977,0,0.4693122474025105,1.0,62.4517501209702,0.0,2.0
875,2026-05-11 14:36:38.600000+00:00,52.2476521,21.0520396,91.0,0.08,0.012,0.02,0.976,0,0.25782964404079917,1.0,62.48066580418851,0.0,2.0
880,2026-05-11 14:36:39.100000+00:00,52.247652,21.0520398,90.9,0.1,0.009,0.018,0.978,0,0.1265712977121495,1.0,62.49016813338292,0.0,2.0
885,2026-05-11 14:36:39.600000+00:00,52.2476518,21.0520404,90.8,0.03,0.013,0.015,0.977,0,0.33486467295745853,1.0,62.52213220657036,0.0,2.0
890,2026-05-11 14:36:40.100000+00:00,52.2476515,21.0520414,90.7,0.05,0.012,0.019,0.977,0,0.5458505310952472,1.0,62.576588786752815,0.0,2.0
895,2026-05-11 14:36:40.600000+00:00,52.2476514,21.0520421,90.7,0.07,0.012,0.02,0.978,0,0.3523349772482503,1.0,62.61849992766756,0.0,2.0
900,2026-05-11 14:36:41.100000+00:00,52.2476513,21.0520427,90.6,0.05,0.014,0.02,0.975,0,0.3048038283498694,1.0,62.65394329535028,0.0,2.0
905,2026-05-11 14:36:41.600000+00:00,52.2476511,21.0520436,90.6,0.12,0.012,0.019,0.976,0,0.4693122576838316,1.0,62.70541758007817,0.0,2.0
910,2026-05-11 14:36:42.100000+00:00,52.247651,21.052044,90.5,0.01,0.013,0.018,0.976,0,0.21178337659943783,1.0,62.72792432961422,0.0,2.0
915,2026-05-11 14:36:42.600000+00:00,52.2476509,21.0520444,90.5,0.03,0.015,0.019,0.974,0,0.2117833803770896,1.0,62.750436794811655,0.0,2.0
920,2026-05-11 14:36:43.100000+00:00,52.2476508,21.0520448,90.6,0.08,0.008,0.019,0.978,0,0.21178337693581892,1.0,62.7729549699651,0.0,2.0
925,2026-05-11 14:36:43.600000+00:00,52.2476507,21.0520451,90.6,0.14,0.014,0.021,0.977,0,0.16743234104391627,1.0,62.78899710896334,0.0,2.0
930,2026-05-11 14:36:44.100000+00:00,52.2476506,21.0520452,90.6,0.12,0.012,0.019,0.977,0,0.09387394533711643,1.0,62.79207937402995,0.0,2.0
935,2026-05-11 14:36:44.600000+00:00,52.2476505,21.0520453,90.6,0.08,0.017,0.022,0.976,0,0.09387395055218146,1.0,62.79516419489424,0.0,2.0
940,2026-05-11 14:36:45.100000+00:00,52.2476505,21.0520452,90.6,0.18,0.014,0.018,0.977,0,0.04901692428636148,1.0,62.78868168512565,0.0,2.0
945,2026-05-11 14:36:45.600000+00:00,52.2476504,21.0520456,90.7,0.05,0.013,0.019,0.976,0,0.21178338049753875,1.0,62.811217635836186,0.0,2.0
950,2026-05-11 14:36:46.100000+00:00,52.2476502,21.0520459,90.7,0.06,0.017,0.019,0.979,0,0.21739955197257113,1.0,62.82388570142945,0.0,2.0
955,2026-05-11 14:36:46.600000+00:00,52.2476499,21.0520465,90.7,0.07,0.012,0.02,0.976,0,0.3797139110551258,1.0,62.8526383345678,0.0,2.0
960,2026-05-11 14:36:47.100000+00:00,52.2476494,21.0520475,90.8,0.03,0.009,0.019,0.977,0,0.6328565159416786,1.0,62.900628445807335,0.0,2.0
965,2026-05-11 14:36:47.600000+00:00,52.247649,21.0520481,90.8,0.07,0.015,0.02,0.977,0,0.4347991126282622,1.0,62.92610307914322,0.0,2.0
970,2026-05-11 14:36:48.100000+00:00,52.2476487,21.0520486,90.9,0.18,0.012,0.02,0.978,0,0.3431521670281846,1.0,62.948485826876976,0.0,2.0
975,2026-05-11 14:36:48.600000+00:00,52.2476483,21.0520493,91.0,0.1,0.015,0.022,0.976,0,0.4693451169944019,1.0,62.980537519091385,0.0,2.0
980,2026-05-11 14:36:49.100000+00:00,52.247648,21.0520498,91.0,0.04,0.012,0.02,0.976,0,0.34315216622540473,1.0,63.00298628052452,0.0,2.0
985,2026-05-11 14:36:49.600000+00:00,52.2476476,21.0520504,91.0,0.03,0.012,0.023,0.977,0,0.43479911890559275,1.0,63.02863087875691,0.0,2.0
990,2026-05-11 14:36:50.100000+00:00,52.2476471,21.0520515,91.0,0.08,0.01,0.022,0.977,0,0.671537966262688,1.0,63.08349751964848,0.0,2.0
995,2026-05-11 14:36:50.600000+00:00,52.2476466,21.0520526,91.0,0.04,0.012,0.017,0.978,0,0.6715379668540359,1.0,63.13845426277174,0.0,2.0
1000,2026-05-11 14:36:51.100000+00:00,52.2476463,21.0520533,91.0,0.07,0.011,0.018,0.977,0,0.4188284122964826,1.0,63.17407239681376,0.0,2.0
1005,2026-05-11 14:36:51.600000+00:00,52.2476459,21.0520539,91.0,0.11,0.017,0.021,0.976,0,0.43479912652806574,1.0,63.19993461514624,0.0,2.0
1010,2026-05-11 14:36:52.100000+00:00,52.2476456,21.0520545,91.0,0.06,0.013,0.02,0.976,0,0.37971392991119696,1.0,63.22912035665273,0.0,2.0
1015,2026-05-11 14:36:52.600000+00:00,52.2476453,21.0520552,91.0,0.02,0.017,0.02,0.976,0,0.418828415711689,1.0,63.26484351468484,0.0,2.0
1020,2026-05-11 14:36:53.100000+00:00,52.2476448,21.0520562,91.0,0.13,0.014,0.021,0.975,0,0.632856552889437,1.0,63.31360723218608,0.0,2.0
1025,2026-05-11 14:36:53.600000+00:00,52.2476443,21.0520574,91.0,0.08,0.015,0.023,0.976,0,0.7114945167486076,1.0,63.37547858026888,0.0,2.0
1030,2026-05-11 14:36:54.100000+00:00,52.2476438,21.0520585,91.1,0.17,0.013,0.021,0.977,0,0.6715379954273736,1.0,63.43092946885244,0.0,2.0
1035,2026-05-11 14:36:54.600000+00:00,52.2476434,21.0520597,91.1,0.16,0.015,0.022,0.977,0,0.6697294401236294,1.0,63.49620513097897,0.0,2.0
1040,2026-05-11 14:36:55.100000+00:00,52.2476429,21.0520609,91.1,0.05,0.016,0.022,0.98,0,0.7114945292278104,1.0,63.558341178733464,0.0,2.0
1045,2026-05-11 14:36:55.600000+00:00,52.2476424,21.052062,91.1,0.13,0.012,0.023,0.977,0,0.6715380108721773,1.0,63.61404923269259,0.0,2.0
1050,2026-05-11 14:36:56.100000+00:00,52.2476421,21.0520629,91.2,0.18,0.013,0.022,0.978,0,0.5022970924909015,1.0,63.663169592409396,0.0,2.0
1055,2026-05-11 14:36:56.600000+00:00,52.2476416,21.0520638,91.2,0.05,0.013,0.021,0.975,0,0.5956986796332558,1.0,63.70597461016195,0.0,2.0
1060,2026-05-11 14:36:57.100000+00:00,52.2476413,21.0520645,91.2,0.19,0.011,0.02,0.977,0,0.4188284439748703,1.0,63.74213665274354,0.0,2.0
1065,2026-05-11 14:36:57.600000+00:00,52.247641,21.0520652,91.3,0.15,0.016,0.021,0.974,0,0.41882844003463165,1.0,63.778331248721656,0.0,2.0
1070,2026-05-11 14:36:58.100000+00:00,52.2476399,21.0520657,91.8,0.13,0.014,0.023,0.977,0,0.9141308779552917,1.0,63.776334671846406,0.0,2.0
1075,2026-05-11 14:36:58.600000+00:00,52.2476396,21.0520658,91.9,0.09,0.015,0.02,0.976,0,0.24513178643099948,1.0,63.77345869820857,0.0,2.0
1080,2026-05-11 14:36:59.100000+00:00,52.2476389,21.0520657,91.9,1.03,0.097,0.007,0.982,0,0.5625619646588687,1.0,63.74503705161101,0.0,2.0
1085,2026-05-11 14:36:59.600000+00:00,52.2476354,21.0520648,91.8,3.58,0.167,-0.022,0.952,0,2.836626164205235,1.0,63.57799809328693,0.0,2.0
1090,2026-05-11 14:37:00.100000+00:00,52.2476288,21.0520633,91.8,5.94,0.134,-0.02,0.98,0,5.3348921360143695,1.0,63.28142712184273,0.0,2.0
1095,2026-05-11 14:37:00.600000+00:00,52.2476193,21.0520608,91.6,8.59,0.151,-0.019,0.965,0,7.703819685391233,1.0,62.84494944508139,0.0,2.0
1100,2026-05-11 14:37:01.100000+00:00,52.2476073,21.0520588,91.5,10.92,0.154,-0.014,0.971,0,9.657129880847226,1.0,62.39220743913269,0.0,2.0
1105,2026-05-11 14:37:01.600000+00:00,52.2475927,21.0520566,91.4,12.33,0.098,-0.012,0.955,0,11.738448994515505,1.0,61.89166385203604,0.0,2.0
1110,2026-05-11 14:37:02.100000+00:00,52.2475765,21.0520537,91.4,13.31,0.068,0.015,0.994,0,13.047441810095565,1.0,61.35144671587825,0.0,2.0
1115,2026-05-11 14:37:02.600000+00:00,52.2475597,21.0520504,91.4,13.56,0.013,0.001,0.959,0,13.547056003159769,1.0,60.8234893492156,0.0,2.0
1120,2026-05-11 14:37:03.100000+00:00,52.247543,21.0520451,91.4,13.64,-0.001,-0.022,0.981,0,13.620135238346263,1.0,60.215752652936644,0.0,2.0
1125,2026-05-11 14:37:03.600000+00:00,52.2475268,21.0520392,91.3,13.32,-0.001,-0.006,0.949,0,13.288295400278953,1.0,59.62618063544327,0.0,2.0
1130,2026-05-11 14:37:04.100000+00:00,52.2475102,21.0520331,91.2,13.24,-0.009,-0.007,1.001,0,13.622221379665598,1.0,59.07209215753067,0.0,2.0
1135,2026-05-11 14:37:04.600000+00:00,52.2474936,21.0520265,91.0,13.69,-0.009,-0.071,0.943,0,13.678107351053717,1.0,58.53987587391908,0.0,2.0
1140,2026-05-11 14:37:05.100000+00:00,52.2474775,21.0520167,91.0,14.82,-0.014,-0.124,0.969,0,13.75572908698395,1.0,57.84702992062772,0.0,2.0
1145,2026-05-11 14:37:05.600000+00:00,52.2474625,21.0519993,90.9,15.25,-0.048,-0.152,0.964,0,14.729590017467453,1.0,56.688638931842725,0.0,2.0
1150,2026-05-11 14:37:06.100000+00:00,52.247448,21.0519774,90.9,15.42,-0.054,-0.128,0.998,0,15.811325632644628,1.0,55.27226011582469,0.0,2.0
1155,2026-05-11 14:37:06.600000+00:00,52.2474346,21.0519535,91.0,15.79,-0.054,-0.104,0.936,0,15.885068741763654,1.0,53.76144878055392,0.0,2.0
1160,2026-05-11 14:37:07.100000+00:00,52.2474239,21.0519264,91.2,16.2,-0.08,-0.12,0.985,0,15.806315640476887,1.0,52.04827878382839,0.0,2.0
1165,2026-05-11 14:37:07.600000+00:00,52.2474153,21.0518957,91.2,16.47,-0.064,-0.099,0.946,0,16.548606807311597,1.0,50.096947881333776,0.0,2.0
1170,2026-05-11 14:37:08.100000+00:00,52.2474106,21.0518611,91.2,16.26,-0.096,-0.142,0.972,0,17.372355055843396,1.0,47.84452697625554,0.0,2.0
1175,2026-05-11 14:37:08.600000+00:00,52.2474076,21.0518264,91.0,16.15,-0.083,-0.118,0.963,0,17.177706103159156,1.0,45.5689601222844,0.0,2.0
1180,2026-05-11 14:37:09.100000+00:00,52.2474065,21.051792,91.1,17.31,-0.09,-0.146,0.972,0,16.884896291002626,1.0,43.28601385448756,0.0,2.0
1185,2026-05-11 14:37:09.600000+00:00,52.247411,21.0517492,91.1,19.03,-0.017,-0.148,0.939,0,21.286451300925357,1.0,40.32990312365053,0.0,2.0
1190,2026-05-11 14:37:10.100000+00:00,52.2474184,21.0517032,91.1,19.84,-0.004,-0.11,0.99,0,23.31324309275422,1.0,37.10085749632604,0.0,2.0
1195,2026-05-11 14:37:10.600000+00:00,52.2474264,21.051655,91.0,21.8,0.046,-0.088,0.954,0,24.479029096594203,1.0,33.71454465490201,0.0,2.0
1200,2026-05-11 14:37:11.100000+00:00,52.2474342,21.0516091,90.8,22.17,0.02,-0.054,0.964,0,23.349431542357515,1.0,30.489389157014863,0.0,2.0
1205,2026-05-11 14:37:11.600000+00:00,52.2474407,21.0515635,90.6,23.19,0.044,0.049,0.99,0,22.949615943218642,1.0,27.31024417641777,0.0,2.0
1210,2026-05-11 14:37:12.100000+00:00,52.247445,21.051518,90.6,22.46,-0.007,0.086,0.952,0,22.56693504802573,1.0,24.17594847831496,0.0,2.0
1215,2026-05-11 14:37:12.600000+00:00,52.2474484,21.0514736,90.6,21.68,-0.023,0.082,0.983,0,21.93318184895197,1.0,21.131033921318807,0.0,2.0
1220,2026-05-11 14:37:13.100000+00:00,52.2474515,21.0514298,90.4,21.42,-0.012,0.053,0.953,0,21.61248545756218,1.0,18.132284441164575,0.0,2.0
1225,2026-05-11 14:37:13.600000+00:00,52.2474552,21.0513882,90.2,20.3,-0.041,0.035,0.972,0,20.60517029560903,1.0,15.271066849038254,0.0,2.0
1230,2026-05-11 14:37:14.100000+00:00,52.2474585,21.0513493,90.0,18.75,-0.081,0.091,0.981,0,19.249831884773098,1.0,12.598851889888797,0.0,2.0
1235,2026-05-11 14:37:14.600000+00:00,52.2474604,21.0513142,90.0,16.16,-0.124,0.1,0.967,0,17.27212798486993,1.0,10.210582549858895,0.0,2.0
1240,2026-05-11 14:37:15.100000+00:00,52.2474619,21.0512825,90.0,14.98,-0.09,0.079,0.969,0,15.58476872029294,1.0,8.064384279766582,0.0,2.0
1245,2026-05-11 14:37:15.600000+00:00,52.2474646,21.0512543,89.7,12.34,-0.147,0.096,0.996,0,13.990828928797015,1.0,6.127255496176111,0.0,2.0
1250,2026-05-11 14:37:16.100000+00:00,52.247467,21.0512327,89.5,9.08,-0.151,0.104,0.95,0,10.760638772490164,1.0,4.637039039051886,0.0,2.0
1255,2026-05-11 14:37:16.600000+00:00,52.2474684,21.0512173,89.4,6.39,-0.143,0.09,0.974,0,7.631396939926351,1.0,3.586913000599145,0.0,2.0
1260,2026-05-11 14:37:17.100000+00:00,52.2474686,21.0512074,89.3,3.8,-0.144,0.089,0.965,0,4.85533633244483,1.0,2.942318554451319,0.0,2.0
1265,2026-05-11 14:37:17.600000+00:00,52.2474693,21.0512021,89.2,1.13,-0.156,0.106,0.978,0,2.6576676133589907,1.0,2.5779777193312485,0.0,2.0
1270,2026-05-11 14:37:18.100000+00:00,52.2474716,21.051204,88.9,1.01,0.009,0.047,0.967,0,2.06351074307955,1.0,2.61753259325127,0.0,2.0
1275,2026-05-11 14:37:18.600000+00:00,52.2474709,21.051203,88.9,0.08,0.01,0.042,0.979,0,0.7445408788359003,1.0,2.5748746893565326,0.0,2.0
1280,2026-05-11 14:37:19.100000+00:00,52.247471,21.0512031,89.0,0.34,0.012,0.049,0.974,0,0.09387404818903178,1.0,2.5779765021197267,0.0,2.0
1285,2026-05-11 14:37:19.600000+00:00,52.2474715,21.0512033,89.0,0.26,0.013,0.05,0.978,0,0.41213128306050634,1.0,2.574803975032208,0.0,2.0
1290,2026-05-11 14:37:20.100000+00:00,52.2474715,21.0512034,89.1,0.27,0.014,0.05,0.973,0,0.049017118928836874,1.0,2.581338890854338,0.0,2.0
1295,2026-05-11 14:37:20.600000+00:00,52.2474713,21.0512031,89.3,0.18,0.004,0.049,0.971,0,0.21739995680004257,1.0,2.5681015329428014,0.0,2.0
1300,2026-05-11 14:37:21.100000+00:00,52.2474708,21.0512025,89.5,0.23,0.0,0.044,0.972,0,0.49672718269354627,1.0,2.5459706814210987,0.0,2.0
1305,2026-05-11 14:37:21.600000+00:00,52.2474705,21.0512023,89.7,0.09,0.009,0.045,0.974,0,0.25941790264359116,1.0,2.543789430013192,0.0,2.0
1310,2026-05-11 14:37:22.100000+00:00,52.2474702,21.0512022,89.9,0.15,0.014,0.047,0.976,0,0.24513181886487231,1.0,2.548517526938078,0.0,2.0
1315,2026-05-11 14:37:22.600000+00:00,52.2474698,21.0512021,90.2,0.32,0.002,0.044,0.976,0,0.3239710284671194,1.0,2.557633793686444,0.0,2.0
1320,2026-05-11 14:37:23.100000+00:00,52.2474692,21.0512018,90.4,0.07,0.018,0.05,0.975,0,0.5023662374473709,1.0,2.563282079304561,0.0,2.0
1325,2026-05-11 14:37:23.600000+00:00,52.2474685,21.0512013,90.7,0.27,0.004,0.046,0.976,0,0.6116700642628188,1.0,2.5629416209967437,0.0,2.0
1330,2026-05-11 14:37:24.100000+00:00,52.2474677,21.0512011,90.9,0.18,0.016,0.047,0.976,0,0.6479420482088868,1.0,2.5886514913162793,0.0,2.0
1335,2026-05-11 14:37:24.600000+00:00,52.2474667,21.0512009,91.3,0.17,0.007,0.044,0.976,0,0.8065833117320312,1.0,2.6277657006185695,0.0,2.0
1340,2026-05-11 14:37:25.100000+00:00,52.2474658,21.051201,91.5,0.2,0.017,0.05,0.976,0,0.7222084640343445,1.0,2.682932749670368,0.0,2.0
1345,2026-05-11 14:37:25.600000+00:00,52.2474645,21.0512007,91.9,0.13,0.004,0.049,0.973,0,1.0511215532848917,1.0,2.741730702610508,0.0,2.0
1350,2026-05-11 14:37:26.100000+00:00,52.2474635,21.0512005,92.2,0.12,0.013,0.048,0.974,0,0.8065833075364597,1.0,2.7930263930897756,0.0,2.0
1355,2026-05-11 14:37:26.600000+00:00,52.2474622,21.0511999,92.6,0.28,0.008,0.049,0.972,0,1.0815400354090574,1.0,2.8466430301770367,0.0,2.0
1360,2026-05-11 14:37:27.100000+00:00,52.2474614,21.0511999,92.9,0.12,0.008,0.048,0.976,0,0.6404827840793104,1.0,2.9023886015859066,0.0,2.0
1365,2026-05-11 14:37:27.600000+00:00,52.2474602,21.0511994,93.3,0.26,0.015,0.05,0.975,0,0.9914927668908265,1.0,2.9636012577654167,0.0,2.0
1370,2026-05-11 14:37:28.100000+00:00,52.2474591,21.0511994,93.8,0.12,0.013,0.05,0.977,0,0.8806638153772364,1.0,3.0466505867051143,0.0,2.0
1375,2026-05-11 14:37:28.600000+00:00,52.2474575,21.0511991,94.2,0.28,0.034,0.039,0.982,0,1.289378479872645,1.0,3.1578224880117873,0.0,2.0
1380,2026-05-11 14:37:29.100000+00:00,52.2474563,21.0511967,94.6,2.49,0.136,0.0,0.956,0,1.5188595992817606,1.0,3.148100804241003,0.0,2.0
1385,2026-05-11 14:37:29.600000+00:00,52.2474565,21.051188,94.8,4.89,0.158,0.012,0.982,0,4.267496025958141,1.0,2.7855607122464088,0.0,2.0
1390,2026-05-11 14:37:30.100000+00:00,52.2474582,21.0511732,94.8,7.52,0.173,0.032,0.956,0,7.381103471021632,1.0,2.2417551938731743,0.0,2.0
1395,2026-05-11 14:37:30.600000+00:00,52.2474593,21.0511542,94.9,9.77,0.113,0.01,0.986,0,9.354801003483182,1.0,2.254560095212183,0.0,2.0
1400,2026-05-11 14:37:31.100000+00:00,52.2474605,21.0511323,94.9,10.96,0.092,-0.023,0.962,0,10.777657469616106,1.0,3.060601647631896,0.0,2.0
1405,2026-05-11 14:37:31.600000+00:00,52.2474634,21.0511036,94.7,14.53,0.14,-0.004,0.975,0,14.25821901723573,1.0,4.611444202988156,0.0,2.0
1410,2026-05-11 14:37:32.100000+00:00,52.2474669,21.0510706,94.7,16.63,0.17,0.0,0.959,0,16.416563704712335,1.0,6.6779022217808395,0.0,2.0
1415,2026-05-11 14:37:32.600000+00:00,52.2474704,21.0510327,94.7,18.99,0.115,-0.004,0.978,0,18.78762828881475,1.0,9.182026067594121,0.0,2.0
1420,2026-05-11 14:37:33.100000+00:00,52.2474736,21.0509947,94.9,19.24,0.103,0.024,1.0,0,18.801867351299624,1.0,11.740267327809294,0.0,2.0
1425,2026-05-11 14:37:33.600000+00:00,52.2474742,21.0509457,95.0,24.62,0.101,0.02,0.927,0,24.023191339590056,1.0,15.071879515225616,0.0,2.0
1430,2026-05-11 14:37:34.100000+00:00,52.2474762,21.0508969,95.1,23.22,0.061,0.0,0.956,0,23.973885094504855,1.0,18.38931545231584,0.0,2.0
1435,2026-05-11 14:37:34.600000+00:00,52.2474786,21.050848,95.4,24.5,0.039,0.025,1.012,0,24.0462601207909,1.0,21.71740716691249,0.0,2.0
1440,2026-05-11 14:37:35.100000+00:00,52.2474812,21.0507964,95.5,25.7,0.003,0.031,0.966,0,25.37834067198037,1.0,25.23270610311013,0.0,2.0
1445,2026-05-11 14:37:35.600000+00:00,52.2474828,21.0507436,95.8,25.92,0.031,0.04,0.941,0,25.9127149522944,1.0,28.829725906086683,0.0,2.0
1450,2026-05-11 14:37:36.100000+00:00,52.2474858,21.0506926,96.0,24.97,0.009,0.048,0.985,0,25.113839482277964,1.0,32.3084728775866,0.0,2.0
1455,2026-05-11 14:37:36.600000+00:00,52.2474888,21.0506387,95.9,25.8,0.058,0.033,0.956,0,26.529166416082656,1.0,35.986346650418966,0.0,2.0
1460,2026-05-11 14:37:37.100000+00:00,52.247492,21.0505866,96.1,25.67,0.045,0.02,0.978,0,25.66609260850221,1.0,39.543888135025114,0.0,2.0
1465,2026-05-11 14:37:37.600000+00:00,52.2474943,21.0505309,96.2,26.99,0.044,0.018,0.965,0,27.364548095019728,1.0,43.343163679860446,0.0,2.0
1470,2026-05-11 14:37:38.100000+00:00,52.2474998,21.0504774,96.2,26.05,0.056,0.022,0.976,0,26.591257885140166,1.0,47.01003039514144,0.0,2.0
1475,2026-05-11 14:37:38.600000+00:00,52.2475056,21.0504217,96.2,26.64,0.027,0.025,0.957,0,27.694576278190354,1.0,50.8322344362116,0.0,2.0
1480,2026-05-11 14:37:39.100000+00:00,52.2475089,21.0503622,96.1,28.27,0.012,0.032,0.966,0,29.284584670417463,1.0,54.897850634748124,0.0,2.0
1485,2026-05-11 14:37:39.600000+00:00,52.247513,21.0502996,95.4,29.09,0.011,0.037,0.973,0,30.8597616104204,1.0,59.180090016755344,0.0,2.0
1490,2026-05-11 14:37:40.100000+00:00,52.2475152,21.0502385,95.3,28.96,-0.005,0.033,0.945,0,30.001179684367067,1.0,63.346823485547304,0.0,2.0
1495,2026-05-11 14:37:40.600000+00:00,52.2475198,21.0501745,94.6,28.26,0.0,0.054,0.974,0,31.586354498593835,1.0,67.72837269473783,0.0,2.0
1500,2026-05-11 14:37:41.100000+00:00,52.2475248,21.0501151,94.2,28.03,-0.013,0.058,1.007,0,29.390025069065803,1.0,71.80143428458715,0.0,2.0
1505,2026-05-11 14:37:41.600000+00:00,52.2475284,21.0500496,93.5,28.06,-0.026,0.058,0.989,0,32.23528151669894,1.0,76.27794793085756,0.0,2.0
1510,2026-05-11 14:37:42.100000+00:00,52.2475307,21.0499886,92.7,27.36,-0.028,0.046,0.923,0,29.95705142465728,,80.43836436230934,0.0,2.0
1515,2026-05-11 14:37:42.600000+00:00,52.2475334,21.0499324,92.4,26.35,-0.021,0.045,0.985,0,27.63226492478084,,84.27612549011941,0.0,2.0
1520,2026-05-11 14:37:43.100000+00:00,52.2475361,21.0498784,92.3,26.03,-0.024,0.053,0.978,0,26.55732682868534,,87.96452040641853,0.0,2.0
1525,2026-05-11 14:37:43.600000+00:00,52.2475387,21.0498243,92.2,26.11,-0.001,0.045,0.964,0,26.599795112527108,,89.4233739790985,0.0,2.0
1530,2026-05-11 14:37:44.100000+00:00,52.2475409,21.0497706,92.1,25.68,-0.002,0.024,0.967,0,26.38101690597164,,85.7856369842447,0.0,2.0
1535,2026-05-11 14:37:44.600000+00:00,52.2475427,21.0497177,92.0,25.88,0.005,0.038,0.983,0,25.970030229878486,,82.21228173579946,0.0,2.0
1540,2026-05-11 14:37:45.100000+00:00,52.2475434,21.0496636,91.9,27.1,0.06,0.022,0.973,0,26.524141167755616,2.0,78.58654100833755,0.0,2.0
1545,2026-05-11 14:37:45.600000+00:00,52.2475447,21.0496052,92.0,27.14,0.024,0.022,0.96,0,28.64486638149997,2.0,74.6662464734237,0.0,2.0
1550,2026-05-11 14:37:46.100000+00:00,52.2475452,21.0495424,91.8,28.45,0.054,0.03,0.981,0,30.78530404091423,2.0,70.47997563548387,0.0,2.0
1555,2026-05-11 14:37:46.600000+00:00,52.247548,21.0494831,91.8,28.48,0.055,0.06,0.97,0,29.15341661600019,2.0,66.47723283380299,0.0,2.0
1560,2026-05-11 14:37:47.100000+00:00,52.2475522,21.0494237,91.8,29.36,0.013,0.041,0.955,0,29.309640086520492,2.0,62.436575476362215,0.0,2.0
1565,2026-05-11 14:37:47.600000+00:00,52.2475559,21.0493665,91.8,28.69,0.02,0.046,0.972,0,28.193789449648442,2.0,58.55896703501952,0.0,2.0
1570,2026-05-11 14:37:48.100000+00:00,52.2475587,21.0493069,91.8,29.24,0.014,0.038,0.986,0,29.30002752246892,2.0,54.5547977765745,0.0,2.0
1575,2026-05-11 14:37:48.600000+00:00,52.2475625,21.0492487,91.7,28.63,-0.029,0.055,0.978,0,28.68966802157141,2.0,50.62245027054462,0.0,2.0
1580,2026-05-11 14:37:49.100000+00:00,52.2475681,21.0491924,91.4,27.25,-0.024,0.063,0.959,0,27.95839728405465,2.0,46.766471789783346,0.0,2.0
1585,2026-05-11 14:37:49.600000+00:00,52.2475739,21.0491366,91.2,27.0,-0.008,0.042,0.945,0,27.742859160905642,2.0,42.94149351366144,0.0,2.0
1590,2026-05-11 14:37:50.100000+00:00,52.2475801,21.0490825,90.8,26.15,-0.033,0.032,0.997,0,26.978762852066318,2.0,39.21901326380729,0.0,2.0
1595,2026-05-11 14:37:50.600000+00:00,52.2475863,21.0490303,90.6,26.01,-0.032,0.02,0.968,0,26.063898428514758,2.0,35.624607816994704,0.0,2.0
1600,2026-05-11 14:37:51.100000+00:00,52.2475908,21.0489778,90.3,24.97,-0.042,-0.005,0.972,0,25.98488494379159,2.0,32.07852874057599,0.0,2.0
1605,2026-05-11 14:37:51.600000+00:00,52.2475965,21.0489293,90.3,24.57,-0.046,-0.031,0.973,0,24.207268562736253,2.0,28.756694165042102,0.0,2.0
1610,2026-05-11 14:37:52.100000+00:00,52.247604,21.04888,90.4,24.21,-0.038,0.007,0.973,0,24.900190333615118,2.0,25.322014315307083,0.0,2.0
1615,2026-05-11 14:37:52.600000+00:00,52.2476106,21.0488317,90.6,22.9,-0.07,0.007,0.939,0,24.257688259207807,2.0,21.995775033226497,0.0,2.0
1620,2026-05-11 14:37:53.100000+00:00,52.2476177,21.0487886,90.8,20.66,-0.103,0.058,1.002,0,21.87766275920137,2.0,18.986132124410105,0.0,2.0
1625,2026-05-11 14:37:53.600000+00:00,52.2476253,21.0487506,90.8,18.97,-0.094,0.064,0.995,0,19.595065150192696,2.0,16.27915340269578,0.0,2.0
1630,2026-05-11 14:37:54.100000+00:00,52.2476327,21.0487171,90.8,17.02,-0.102,0.06,0.947,0,17.45674484872855,2.0,13.864002912857746,0.0,2.0
1635,2026-05-11 14:37:54.600000+00:00,52.2476393,21.048687,90.9,14.92,-0.053,0.075,0.989,0,15.671755143008925,2.0,11.699704126047328,0.0,2.0
1640,2026-05-11 14:37:55.100000+00:00,52.2476457,21.0486586,91.0,14.59,-0.028,0.074,0.918,0,14.83384250433791,2.0,9.653791410249314,0.0,2.0
1645,2026-05-11 14:37:55.600000+00:00,52.2476507,21.0486328,91.3,12.59,-0.082,0.103,0.999,0,13.26479347903118,2.0,7.846616359584794,0.0,2.0
1650,2026-05-11 14:37:56.100000+00:00,52.2476566,21.0486105,91.3,9.72,-0.099,0.104,0.99,0,11.907721318529953,2.0,6.206827590322252,0.0,2.0
1655,2026-05-11 14:37:56.600000+00:00,52.2476625,21.0485922,91.3,7.83,-0.096,0.119,0.968,0,10.137782396764832,2.0,4.803262834474272,0.0,2.0
1660,2026-05-11 14:37:57.100000+00:00,52.2476662,21.0485788,91.3,5.18,-0.096,0.117,0.969,0,7.205340950192132,2.0,3.816981583751933,0.0,2.0
1665,2026-05-11 14:37:57.600000+00:00,52.2476683,21.0485684,91.5,2.94,-0.123,0.124,0.968,0,5.367848531428725,2.0,3.1115433834796566,0.0,2.0
1670,2026-05-11 14:37:58.100000+00:00,52.2476657,21.0485646,92.1,1.06,-0.104,0.123,0.996,0,2.793271624962715,2.0,3.118218785508352,0.0,2.0
1675,2026-05-11 14:37:58.600000+00:00,52.2476623,21.04856,92.6,0.02,0.048,0.056,0.953,0,3.5346271346084186,2.0,3.2130430441906275,0.0,2.0
1680,2026-05-11 14:37:59.100000+00:00,52.2476595,21.0485554,93.0,0.19,0.021,0.066,0.988,0,3.179496262586531,2.0,3.3178866774536786,0.0,2.0
1685,2026-05-11 14:37:59.600000+00:00,52.2476573,21.0485515,93.2,0.22,0.044,0.075,0.96,0,2.5993687352364696,2.0,3.430831460383271,0.0,2.0
1690,2026-05-11 14:38:00.100000+00:00,52.2476554,21.0485477,93.4,0.26,0.022,0.064,0.982,0,2.404854543280325,2.0,3.5466845044527497,0.0,2.0
1695,2026-05-11 14:38:00.600000+00:00,52.2476531,21.0485433,93.7,0.18,0.044,0.07,0.971,0,2.835887233572169,2.0,3.72491016714867,0.0,2.0
1700,2026-05-11 14:38:01.100000+00:00,52.2476521,21.0485399,94.0,0.11,0.018,0.067,0.976,0,1.8489021716734741,2.0,3.7986644144212076,0.0,2.0
1705,2026-05-11 14:38:01.600000+00:00,52.247651,21.0485378,94.2,0.05,0.036,0.074,0.973,0,1.3546738569149872,2.0,3.905517456155306,0.0,2.0
1710,2026-05-11 14:38:02.100000+00:00,52.247651,21.0485355,94.3,0.71,0.022,0.068,0.969,0,1.1273892334089344,2.0,3.895542204621776,0.0,2.0
1715,2026-05-11 14:38:02.600000+00:00,52.2476497,21.0485332,94.5,0.07,0.028,0.07,0.972,0,1.5343529354790562,2.0,4.036398803029533,0.0,2.0
1720,2026-05-11 14:38:03.100000+00:00,52.2476492,21.0485318,94.6,0.59,0.039,0.072,0.973,0,0.7944574428721446,2.0,4.092788724475274,0.0,2.0
1725,2026-05-11 14:38:03.600000+00:00,52.2476488,21.0485308,94.7,0.16,0.037,0.074,0.971,0,0.5855087042017804,2.0,4.1391619121279,0.0,2.0
1730,2026-05-11 14:38:04.100000+00:00,52.247648,21.0485286,94.8,0.22,0.025,0.073,0.973,0,1.2542348935148089,2.0,4.2360116823749046,0.0,2.0
1735,2026-05-11 14:38:04.600000+00:00,52.2476468,21.0485247,95.1,0.22,0.039,0.073,0.974,0,2.1394942140949413,2.0,4.39531389518238,0.0,2.0
1740,2026-05-11 14:38:05.100000+00:00,52.2476466,21.0485237,95.1,0.24,0.028,0.07,0.974,0,0.5156593438353205,2.0,4.426592697148752,0.0,2.0
1745,2026-05-11 14:38:05.600000+00:00,52.2476451,21.0485202,95.3,0.11,0.036,0.073,0.975,0,2.0941420675303664,2.0,4.630604992870709,0.0,2.0
1750,2026-05-11 14:38:06.100000+00:00,52.2476413,21.0485144,95.2,0.26,0.023,0.067,0.975,0,4.163903793827501,2.0,5.129176123112047,0.0,2.0
1755,2026-05-11 14:38:06.600000+00:00,52.2476392,21.0485104,95.2,0.05,0.044,0.075,0.972,0,2.582811561391017,2.0,5.426606495067304,0.0,2.0
1760,2026-05-11 14:38:07.100000+00:00,52.2476359,21.0485043,95.1,0.21,0.021,0.068,0.974,0,3.9900397939110817,2.0,5.903570825461843,0.0,2.0
1765,2026-05-11 14:38:07.600000+00:00,52.2476335,21.0485002,95.0,0.19,0.046,0.075,0.975,0,2.7804381024951956,2.0,6.2502312506616065,0.0,2.0
1770,2026-05-11 14:38:08.100000+00:00,52.2476313,21.0484957,95.0,0.2,0.037,0.072,0.973,0,2.8227049282682546,2.0,6.591162586531784,0.0,2.0
1775,2026-05-11 14:38:08.600000+00:00,52.2476296,21.0484913,95.3,0.22,0.028,0.075,0.972,0,2.550282963149981,2.0,6.8840187083845175,0.0,2.0
1780,2026-05-11 14:38:09.100000+00:00,52.2476283,21.0484868,95.7,0.19,0.036,0.066,0.97,0,2.438979546266474,2.0,7.145417436991018,0.0,2.0
1785,2026-05-11 14:38:09.600000+00:00,52.2476277,21.0484823,96.0,0.87,0.076,0.048,0.972,0,2.257462461936663,2.0,7.344285700540322,0.0,2.0
1790,2026-05-11 14:38:10.100000+00:00,52.247628,21.0484786,96.0,1.49,0.083,0.033,0.971,0,1.8294617265831392,2.0,7.437032981092904,0.0,2.0
1795,2026-05-11 14:38:10.600000+00:00,52.2476287,21.0484721,96.0,2.46,0.079,0.017,0.969,0,3.2350142089813856,2.0,7.601648139718399,0.0,2.0
1800,2026-05-11 14:38:11.100000+00:00,52.2476297,21.0484645,96.0,2.26,0.075,0.018,0.98,0,3.8103459915371647,2.0,7.806309861611583,0.0,2.0
1805,2026-05-11 14:38:11.600000+00:00,52.2476321,21.0484553,95.8,4.94,0.069,0.026,0.97,0,4.901845150962976,2.0,7.993890949662314,0.0,2.0
1810,2026-05-11 14:38:12.100000+00:00,52.2476382,21.04845,95.1,4.28,0.035,0.032,0.971,0,5.531673812375463,2.0,7.75753238636937,0.0,2.0
1815,2026-05-11 14:38:12.600000+00:00,52.2476467,21.0484453,94.2,4.61,0.037,0.047,0.972,0,7.184515491956608,2.0,7.39890547251253,0.0,2.0
1820,2026-05-11 14:38:13.100000+00:00,52.2476558,21.048439,93.2,5.63,0.049,0.06,0.964,0,7.912934999593552,2.0,7.226993530001611,0.0,2.0
1825,2026-05-11 14:38:13.600000+00:00,52.2476623,21.0484313,92.6,5.64,0.039,0.045,0.977,0,6.428543284531898,2.0,7.4082154860432965,0.0,2.0
1830,2026-05-11 14:38:14.100000+00:00,52.2476709,21.0484256,91.8,5.64,-0.017,0.047,0.963,0,7.4304826363768,2.0,7.501996170550294,0.0,2.0
1835,2026-05-11 14:38:14.600000+00:00,52.2476746,21.048419,91.6,3.75,-0.067,0.076,0.985,0,4.386433030487651,2.0,7.863848088932282,0.0,2.0
1840,2026-05-11 14:38:15.100000+00:00,52.2476784,21.048416,91.3,2.87,0.013,0.052,0.971,0,3.3790439839918283,2.0,8.00994889907825,0.0,2.0
1845,2026-05-11 14:38:15.600000+00:00,52.2476836,21.0484147,90.7,3.14,0.052,0.029,0.973,0,4.211622881508754,2.0,8.058166901447565,0.0,2.0
1850,2026-05-11 14:38:16.100000+00:00,52.2476889,21.0484129,90.1,3.23,0.025,0.039,0.971,0,4.333958102098222,2.0,8.182644789537548,0.0,2.0
1855,2026-05-11 14:38:16.600000+00:00,52.2476927,21.0484097,89.7,2.65,-0.004,0.05,0.975,0,3.4228447281559196,2.0,8.427136791862955,0.0,2.0
1860,2026-05-11 14:38:17.100000+00:00,52.2476957,21.0484073,89.5,1.74,-0.014,0.057,0.989,0,2.6744386371668245,2.0,8.625235100367963,0.0,2.0
1865,2026-05-11 14:38:17.600000+00:00,52.2476987,21.0484062,89.2,2.35,0.047,0.026,0.953,0,2.461587775113213,2.0,8.747162916272202,0.0,2.0
1870,2026-05-11 14:38:18.100000+00:00,52.247701,21.0484026,89.0,2.46,0.021,0.034,0.984,0,2.5504016574383304,2.0,9.032828616196033,0.0,2.0
1875,2026-05-11 14:38:18.600000+00:00,52.2477027,21.0483997,88.9,1.7,0.005,0.04,0.972,0,1.967999719227645,2.0,9.262971144467341,0.0,2.0
1880,2026-05-11 14:38:19.100000+00:00,52.2477043,21.0483976,88.7,1.45,0.003,0.036,0.976,0,1.6433023966615643,2.0,9.439824301135483,0.0,2.0
1885,2026-05-11 14:38:19.600000+00:00,52.2477051,21.0483955,88.7,1.64,-0.014,0.05,0.975,0,1.2123481894645598,2.0,9.598768143570231,0.0,2.0
1890,2026-05-11 14:38:20.100000+00:00,52.2477058,21.0483949,88.6,0.91,0.022,0.028,0.973,0,0.6329050492699592,2.0,9.656056689890908,0.0,2.0
1895,2026-05-11 14:38:20.600000+00:00,52.2477072,21.0483948,88.4,0.69,0.001,0.038,0.975,0,1.1219161543397151,2.0,9.69934006080926,0.0,2.0
1900,2026-05-11 14:38:21.100000+00:00,52.2477084,21.0483957,88.3,0.04,-0.007,0.037,0.976,0,1.0571687587019396,2.0,9.673412534049671,0.0,2.0
1905,2026-05-11 14:38:21.600000+00:00,52.2477091,21.0483967,88.1,0.12,0.017,0.023,0.972,0,0.7445391562319784,2.0,9.628117404926794,0.0,2.0
1910,2026-05-11 14:38:22.100000+00:00,52.2477097,21.0483975,88.0,0.08,0.017,0.032,0.975,0,0.6200947397451719,2.0,9.59375076450582,0.0,2.0
1915,2026-05-11 14:38:22.600000+00:00,52.2477105,21.0483974,87.9,0.7,0.065,0.013,0.964,0,0.6423556927949438,2.0,9.625095744368613,0.0,2.0
1920,2026-05-11 14:38:23.100000+00:00,52.247712,21.0483965,87.8,0.82,0.011,0.028,0.975,0,1.2793702154970343,2.0,9.732115152983912,0.0,2.0
1925,2026-05-11 14:38:23.600000+00:00,52.2477132,21.0483966,87.3,0.02,-0.017,0.042,0.975,0,0.9619737913005606,2.0,9.766110709650649,0.0,2.0
1930,2026-05-11 14:38:24.100000+00:00,52.2477144,21.0483976,87.0,0.17,0.015,0.025,0.978,0,1.0785435176568248,2.0,9.743825654916094,0.0,2.0
1935,2026-05-11 14:38:24.600000+00:00,52.2477151,21.048398,86.7,0.18,0.015,0.023,0.977,0,0.5937303540293873,2.0,9.743639271557905,0.0,2.0
1940,2026-05-11 14:38:25.100000+00:00,52.2477158,21.0483984,86.1,0.06,0.017,0.027,0.973,0,0.5937303487156359,2.0,9.744150771986742,0.0,2.0
1945,2026-05-11 14:38:25.600000+00:00,52.2477162,21.0483988,85.8,0.03,0.01,0.024,0.979,0,0.3754956373366342,2.0,9.733801358613192,0.0,2.0
1950,2026-05-11 14:38:26.100000+00:00,52.2477163,21.0483987,85.7,0.18,0.013,0.024,0.977,0,0.09387391265094715,2.0,9.744030776491668,0.0,2.0
1955,2026-05-11 14:38:26.600000+00:00,52.2477165,21.0483986,85.6,0.16,0.01,0.02,0.977,0,0.16745533441139296,2.0,9.75812590132743,0.0,2.0
1960,2026-05-11 14:38:27.100000+00:00,52.2477167,21.0483984,85.4,0.13,0.02,0.027,0.976,0,0.18774781539736898,2.0,9.77863535143177,0.0,2.0
1965,2026-05-11 14:38:27.600000+00:00,52.2477169,21.0483979,85.2,0.06,0.014,0.022,0.976,0,0.2927540399488464,2.0,9.818300923737931,0.0,2.0
1970,2026-05-11 14:38:28.100000+00:00,52.2477171,21.0483977,85.1,0.04,0.015,0.025,0.974,0,0.1877478200932387,2.0,9.838851420825831,0.0,2.0
1975,2026-05-11 14:38:28.600000+00:00,52.2477173,21.0483976,85.0,0.11,0.013,0.026,0.976,0,0.16745532882666822,2.0,9.853058719332191,0.0,2.0
1980,2026-05-11 14:38:29.100000+00:00,52.2477175,21.0483975,84.9,0.04,0.012,0.024,0.974,0,0.16745533408799756,2.0,9.86730038155295,0.0,2.0
1985,2026-05-11 14:38:29.600000+00:00,52.2477179,21.0483979,84.9,0.14,0.02,0.025,0.977,0,0.37549563341382786,2.0,9.857763939956651,0.0,2.0
1990,2026-05-11 14:38:30.100000+00:00,52.247718,21.0483984,84.8,0.04,0.012,0.022,0.976,0,0.25782929704432017,2.0,9.83003163379338,0.0,2.0
1995,2026-05-11 14:38:30.600000+00:00,52.2477183,21.048399,84.8,0.12,0.026,0.026,0.976,0,0.37971356141096163,2.0,9.804136524328273,0.0,2.0
2000,2026-05-11 14:38:31.100000+00:00,52.2477186,21.0483999,84.7,0.19,0.009,0.022,0.976,0,0.502296424610057,2.0,9.759491716785968,0.0,2.0
2005,2026-05-11 14:38:31.600000+00:00,52.2477188,21.0484008,84.7,0.17,0.022,0.028,0.976,0,0.4693116267843621,2.0,9.710961059350295,0.0,2.0
2010,2026-05-11 14:38:32.100000+00:00,52.2477189,21.0484017,84.6,0.03,0.015,0.023,0.979,0,0.4483574736260734,2.0,9.658409166950076,0.0,2.0
2015,2026-05-11 14:38:32.600000+00:00,52.247719,21.0484024,84.3,0.13,0.013,0.021,0.977,0,0.35233446772400107,2.0,9.618558102675767,0.0,2.0
2020,2026-05-11 14:38:33.100000+00:00,52.2477192,21.0484034,84.3,0.08,0.018,0.024,0.975,0,0.5156585850747002,2.0,9.564225100410674,0.0,2.0
2025,2026-05-11 14:38:33.600000+00:00,52.2477192,21.0484039,84.3,0.03,0.007,0.024,0.976,0,0.24508423881184668,2.0,9.532832588804494,0.0,2.0
2030,2026-05-11 14:38:34.100000+00:00,52.247719,21.0484043,84.1,0.16,0.022,0.028,0.978,0,0.2531423703509965,2.0,9.499118845780952,0.0,2.0
2035,2026-05-11 14:38:34.600000+00:00,52.2477188,21.0484041,84.0,0.12,0.009,0.023,0.975,0,0.18774781355775153,2.0,9.503121963676957,0.0,2.0
2040,2026-05-11 14:38:35.100000+00:00,52.2477187,21.0484044,83.9,0.25,0.018,0.026,0.978,0,0.1674321406633971,2.0,9.479995080767894,0.0,2.0
2045,2026-05-11 14:38:35.600000+00:00,52.2477188,21.048405,83.9,0.13,0.018,0.024,0.977,0,0.30480339591494243,2.0,9.44657223793089,0.0,2.0
2050,2026-05-11 14:38:36.100000+00:00,52.2477188,21.0484059,83.9,0.42,0.013,0.014,0.978,0,0.4411516347740433,2.0,9.390081752977775,0.0,2.0
2055,2026-05-11 14:38:36.600000+00:00,52.247719,21.0484063,83.9,1.71,0.08,0.002,0.967,0,0.2531423678142535,2.0,9.373677493147124,0.0,2.0
2060,2026-05-11 14:38:37.100000+00:00,52.2477199,21.0484047,84.0,2.49,0.078,0.014,0.978,0,1.065016970451814,2.0,9.513215043051092,0.0,2.0
2065,2026-05-11 14:38:37.600000+00:00,52.2477216,21.048401,84.0,3.6,0.07,0.007,0.966,0,2.267514277805787,2.0,9.819667637444203,0.0,2.0
2070,2026-05-11 14:38:38.100000+00:00,52.2477238,21.0483948,84.0,4.78,0.078,-0.005,0.972,0,3.5125582558684045,2.0,10.304696569484197,0.0,2.0
2075,2026-05-11 14:38:38.600000+00:00,52.247727,21.0483854,84.0,6.97,0.141,-0.007,0.978,0,5.271936325830049,2.0,11.0343051376235,0.0,2.0
2080,2026-05-11 14:38:39.100000+00:00,52.2477308,21.0483706,84.1,9.62,0.138,0.003,0.967,0,7.866587608844138,2.0,12.126473436385986,0.0,2.0
2085,2026-05-11 14:38:39.600000+00:00,52.2477359,21.0483516,84.1,11.63,0.11,-0.009,0.969,0,10.16893223934226,2.0,13.538760012705293,0.0,2.0
2090,2026-05-11 14:38:40.100000+00:00,52.2477417,21.048327,84.2,13.8,0.092,-0.017,0.962,0,12.921331808075628,2.0,15.331020981211047,0.0,2.0
2095,2026-05-11 14:38:40.600000+00:00,52.247748,21.0483012,84.2,14.38,0.008,0.014,0.988,0,13.615059259216823,2.0,17.22088819061661,0.0,2.0
2100,2026-05-11 14:38:41.100000+00:00,52.2477541,21.0482748,84.3,14.19,-0.016,0.007,0.953,0,13.831315620009882,2.0,19.139656358069228,0.0,2.0
2105,2026-05-11 14:38:41.600000+00:00,52.2477603,21.0482488,84.4,14.12,-0.016,0.02,0.974,0,13.676903331886393,2.0,21.038146552241674,0.0,2.0
2110,2026-05-11 14:38:42.100000+00:00,52.2477673,21.0482246,84.4,13.56,-0.028,0.016,0.978,0,13.11929579952441,2.0,22.85907330994985,0.0,2.0
2115,2026-05-11 14:38:42.600000+00:00,52.2477738,21.0482005,84.5,13.29,-0.006,0.02,0.972,0,12.908480996692203,2.0,24.65185973366065,0.0,2.0
2120,2026-05-11 14:38:43.100000+00:00,52.24778,21.0481768,84.5,12.86,-0.019,0.023,0.976,0,12.633008511506318,2.0,26.40643486241659,0.0,2.0
2125,2026-05-11 14:38:43.600000+00:00,52.2477861,21.0481538,84.6,11.44,-0.054,0.046,0.964,0,12.286180601518387,2.0,28.112846178005743,0.0,2.0
2130,2026-05-11 14:38:44.100000+00:00,52.247792,21.0481337,84.6,11.08,-0.063,0.065,0.964,0,10.926172076844324,2.0,29.62921915580214,0.0,2.0
2135,2026-05-11 14:38:44.600000+00:00,52.2477968,21.048117,84.6,9.03,-0.061,0.051,0.984,0,9.042962561560856,2.0,30.884651326963116,0.0,2.0
2140,2026-05-11 14:38:45.100000+00:00,52.2478015,21.0481,84.7,8.68,-0.012,0.012,0.97,0,9.143047176887888,2.0,32.15440244716245,0.0,2.0
2145,2026-05-11 14:38:45.600000+00:00,52.2478066,21.0480857,84.7,7.65,-0.066,0.05,0.965,0,8.111914296648706,2.0,33.273667074169865,0.0,2.0
2150,2026-05-11 14:38:46.100000+00:00,52.2478104,21.048075,84.6,5.34,-0.095,0.063,0.974,0,6.063282344631997,2.0,34.11075166792657,0.0,2.0
2155,2026-05-11 14:38:46.600000+00:00,52.2478127,21.0480665,84.6,3.77,-0.125,0.067,0.977,0,4.5551941361525135,2.0,34.74341691200131,0.0,2.0
2160,2026-05-11 14:38:47.100000+00:00,52.2478138,21.0480625,84.6,1.43,-0.084,0.05,0.995,0,2.149370763042644,2.0,35.041937445011115,0.0,2.0
2165,2026-05-11 14:38:47.600000+00:00,52.2478154,21.0480578,84.7,2.62,0.052,0.004,0.952,0,2.6359641161574925,2.0,35.40658045811985,0.0,2.0
2170,2026-05-11 14:38:48.100000+00:00,52.247817,21.0480513,84.7,3.53,0.027,0.005,0.975,0,3.4339525936047246,2.0,35.88320972733938,0.0,2.0
2175,2026-05-11 14:38:48.600000+00:00,52.2478186,21.0480458,84.7,2.65,-0.051,0.039,0.984,0,2.9847714933452933,2.0,36.29762742585104,0.0,2.0
2180,2026-05-11 14:38:49.100000+00:00,52.2478196,21.0480433,84.7,1.26,-0.07,0.054,0.973,0,1.4637678313228548,2.0,36.49833281833403,0.0,2.0
2185,2026-05-11 14:38:49.600000+00:00,52.2478196,21.0480422,84.8,0.17,-0.049,0.035,0.991,0,0.5391841058570523,2.0,36.566748478109766,0.0,2.0
2190,2026-05-11 14:38:50.100000+00:00,52.2478199,21.0480414,84.8,0.14,-0.003,0.015,0.953,0,0.45984336952926863,2.0,36.63006764024801,0.0,2.0
2195,2026-05-11 14:38:50.600000+00:00,52.2478202,21.0480413,84.9,0.06,0.0,0.022,0.985,0,0.24513174628755074,2.0,36.64985733988187,0.0,2.0
2200,2026-05-11 14:38:51.100000+00:00,52.2478205,21.0480412,85.0,0.12,-0.004,0.018,0.972,0,0.24513174653301475,2.0,36.66966796982789,0.0,2.0
2205,2026-05-11 14:38:51.600000+00:00,52.2478209,21.0480408,85.1,0.06,0.003,0.018,0.979,0,0.37549539573795265,2.0,36.7126837703976,0.0,2.0
2210,2026-05-11 14:38:52.100000+00:00,52.2478213,21.0480406,85.2,0.05,-0.003,0.018,0.976,0,0.33491059577780125,2.0,36.743300705071306,0.0,2.0
2215,2026-05-11 14:38:52.600000+00:00,52.2478215,21.0480404,85.3,0.13,-0.001,0.02,0.977,0,0.18774769882598555,2.0,36.764831509753236,0.0,2.0
2220,2026-05-11 14:38:53.100000+00:00,52.2478215,21.0480401,85.3,0.03,-0.005,0.016,0.975,0,0.147050204532591,2.0,36.783462261170136,0.0,2.0
2225,2026-05-11 14:38:53.600000+00:00,52.2478216,21.0480397,85.4,0.12,0.0,0.019,0.977,0,0.21178268240086973,2.0,36.81285917878632,0.0,2.0
2230,2026-05-11 14:38:54.100000+00:00,52.2478215,21.0480387,85.5,0.11,-0.002,0.018,0.976,0,0.49666255214791216,2.0,36.87043087872632,0.0,2.0
2235,2026-05-11 14:38:54.600000+00:00,52.2478216,21.0480378,85.6,0.05,0.001,0.017,0.977,0,0.4483564688618156,2.0,36.930899421947935,0.0,2.0
2240,2026-05-11 14:38:55.100000+00:00,52.2478214,21.0480367,85.8,0.07,0.006,0.018,0.978,0,0.562457209396968,2.0,36.990215833293014,0.0,2.0
2245,2026-05-11 14:38:55.600000+00:00,52.2478213,21.0480356,85.9,0.16,-0.005,0.017,0.977,0,0.5450955315235338,2.0,37.05411529077303,0.0,2.0
2250,2026-05-11 14:38:56.100000+00:00,52.2478214,21.0480345,86.0,0.28,0.007,0.022,0.977,0,0.545095529981437,2.0,37.12707189254448,0.0,2.0
2255,2026-05-11 14:38:56.600000+00:00,52.2478214,21.0480339,86.0,0.06,-0.001,0.019,0.978,0,0.29410040972806867,2.0,37.164413562808186,0.0,2.0
2260,2026-05-11 14:38:57.100000+00:00,52.2478213,21.0480332,86.1,0.18,0.004,0.021,0.977,0,0.35233369882599186,2.0,37.20349020283638,0.0,2.0
2265,2026-05-11 14:38:57.600000+00:00,52.2478211,21.048032,86.2,0.46,-0.002,0.017,0.979,0,0.6096054812672931,2.0,37.269252209599415,0.0,2.0
2270,2026-05-11 14:38:58.100000+00:00,52.2478212,21.0480315,86.3,0.09,-0.001,0.019,0.975,0,0.2578287551425865,2.0,37.304886099337175,0.0,2.0
2275,2026-05-11 14:38:58.600000+00:00,52.2478213,21.0480312,86.4,0.05,0.002,0.018,0.976,0,0.1674318422896732,2.0,37.32805899536949,0.0,2.0
2280,2026-05-11 14:38:59.100000+00:00,52.2478212,21.0480305,86.4,0.07,-0.004,0.019,0.976,0,0.35233369842191564,2.0,37.367202234255416,0.0,2.0
2285,2026-05-11 14:38:59.600000+00:00,52.247821,21.0480296,86.5,0.13,0.003,0.019,0.976,0,0.4693106679480646,2.0,37.414375772604075,0.0,2.0
2290,2026-05-11 14:39:00.100000+00:00,52.2478208,21.0480287,86.6,0.03,-0.003,0.017,0.977,0,0.46931067155494927,2.0,37.46160332296247,0.0,2.0
2295,2026-05-11 14:39:00.600000+00:00,52.2478204,21.0480276,86.7,0.05,0.002,0.019,0.977,0,0.6271156454891205,2.0,37.51250469488639,0.0,2.0
2300,2026-05-11 14:39:01.100000+00:00,52.2478203,21.048026,86.8,0.6,0.055,0.002,0.975,0,0.7883435849283127,2.0,37.60802194461746,0.0,2.0
2305,2026-05-11 14:39:01.600000+00:00,52.2478208,21.0480212,86.9,2.95,0.046,-0.002,0.964,0,2.3866137008953383,2.0,37.930092218096526,0.0,2.0
2310,2026-05-11 14:39:02.100000+00:00,52.2478209,21.0480156,87.1,2.25,-0.047,0.031,0.988,0,2.746104487889378,2.0,38.28495471973488,0.0,2.0
2315,2026-05-11 14:39:02.600000+00:00,52.247822,21.048013,87.1,1.47,0.0,0.017,0.967,0,1.5491138132159818,2.0,38.49575517014944,0.0,2.0
2320,2026-05-11 14:39:03.100000+00:00,52.247823,21.0480129,87.1,0.15,-0.046,0.042,0.995,0,0.8021025846331978,2.0,38.54582537630481,0.0,2.0
2325,2026-05-11 14:39:03.600000+00:00,52.2478233,21.0480117,87.2,0.82,0.056,-0.008,0.948,0,0.6353480222706109,2.0,38.634052887401886,0.0,2.0
2330,2026-05-11 14:39:04.100000+00:00,52.2478244,21.0480085,87.2,1.93,0.051,-0.005,0.988,0,1.7988530135289524,2.0,38.88251741279567,0.0,2.0
2335,2026-05-11 14:39:04.600000+00:00,52.247826,21.0480034,87.1,3.15,0.049,-0.004,0.964,0,2.808939147243855,2.0,39.27179139772245,0.0,2.0
2340,2026-05-11 14:39:05.100000+00:00,52.2478279,21.0479964,87.1,4.04,0.068,0.004,0.983,0,3.753241467370684,2.0,39.79305069534693,0.0,2.0
2345,2026-05-11 14:39:05.600000+00:00,52.2478303,21.0479861,87.2,5.99,0.103,-0.016,0.967,0,5.401996469078004,2.0,40.54261333077907,0.0,2.0
2350,2026-05-11 14:39:06.100000+00:00,52.2478335,21.0479707,87.3,8.83,0.11,-0.033,0.971,0,7.971479259929999,2.0,41.646341585507585,0.0,2.0
2355,2026-05-11 14:39:06.600000+00:00,52.2478386,21.0479522,87.2,10.66,0.111,-0.055,0.955,0,9.944940107826449,2.0,43.02735953257525,0.0,2.0
2360,2026-05-11 14:39:07.100000+00:00,52.2478448,21.0479306,87.2,11.85,0.031,-0.009,0.984,0,11.693426081263135,2.0,44.650592889148015,0.0,2.0
2365,2026-05-11 14:39:07.600000+00:00,52.2478516,21.0479099,87.0,12.04,0.002,0.01,0.964,0,11.51472423277987,2.0,46.24416830208343,0.0,2.0
2370,2026-05-11 14:39:08.100000+00:00,52.2478576,21.0478869,87.1,12.16,0.021,0.001,0.978,0,12.254560588367768,2.0,47.94615324637512,0.0,2.0
2375,2026-05-11 14:39:08.600000+00:00,52.2478647,21.047863,87.1,13.11,0.065,-0.007,0.967,0,13.021215880233179,2.0,49.75308520625002,0.0,2.0
2380,2026-05-11 14:39:09.100000+00:00,52.2478714,21.0478358,87.1,14.78,0.065,0.052,0.985,0,14.371135193807042,2.0,51.74830628203822,0.0,2.0
2385,2026-05-11 14:39:09.600000+00:00,52.2478776,21.0478059,87.1,15.26,0.053,0.041,0.943,0,15.473741042716584,2.0,53.89030089292524,0.0,2.0
2390,2026-05-11 14:39:10.100000+00:00,52.2478835,21.0477752,87.0,15.28,-0.004,0.04,0.982,0,15.77205966788901,2.0,56.069863986483256,0.0,2.0
2395,2026-05-11 14:39:10.600000+00:00,52.247889,21.0477454,86.9,14.81,-0.025,-0.007,0.964,0,15.256233647003338,2.0,58.17652146940964,0.0,2.0
2400,2026-05-11 14:39:11.100000+00:00,52.2478948,21.0477167,86.8,14.52,-0.029,-0.032,0.987,0,14.814335759420786,2.0,60.22776955339734,0.0,2.0
2405,2026-05-11 14:39:11.600000+00:00,52.2479013,21.0476894,86.6,14.05,-0.036,-0.018,0.971,0,14.35780522477812,2.0,62.22131332006263,0.0,2.0
2410,2026-05-11 14:39:12.100000+00:00,52.2479077,21.0476622,86.5,14.27,-0.033,-0.037,0.965,0,14.283215274126416,2.0,64.20433795917106,0.0,2.0
2415,2026-05-11 14:39:12.600000+00:00,52.247915,21.0476374,86.5,13.41,-0.043,-0.029,0.972,0,13.488086006356172,2.0,66.0750223308622,0.0,2.0
2420,2026-05-11 14:39:13.100000+00:00,52.2479225,21.0476127,86.5,13.61,-0.036,-0.029,0.974,0,13.514302505731608,2.0,67.94817865555085,0.0,2.0
2425,2026-05-11 14:39:13.600000+00:00,52.24793,21.0475883,86.5,13.56,-0.04,-0.025,0.968,0,13.382722071939243,2.0,69.80272223254208,0.0,2.0
2430,2026-05-11 14:39:14.100000+00:00,52.2479383,21.0475661,86.5,12.82,-0.031,-0.03,0.975,0,12.750186872283697,2.0,71.554438485855,0.0,2.0
2435,2026-05-11 14:39:14.600000+00:00,52.2479462,21.0475438,86.4,12.09,-0.031,-0.036,0.971,0,12.628655192205104,2.0,73.29575931642412,0.0,2.0
2440,2026-05-11 14:39:15.100000+00:00,52.2479539,21.0475227,86.2,11.74,-0.048,-0.017,0.977,0,12.040357056693413,2.0,74.95386469071549,0.0,2.0
2445,2026-05-11 14:39:15.600000+00:00,52.2479612,21.0475017,86.1,11.5,-0.031,-0.024,0.972,0,11.836927855361731,2.0,76.58856446728838,0.0,2.0
2450,2026-05-11 14:39:16.100000+00:00,52.2479685,21.0474798,86.1,12.12,-0.014,-0.032,0.976,0,12.222494035687962,2.0,78.27977194237764,0.0,2.0
2455,2026-05-11 14:39:16.600000+00:00,52.2479762,21.0474583,86.0,12.64,0.024,-0.044,0.972,0,12.209183500806338,2.0,79.96426453143141,0.0,2.0
2460,2026-05-11 14:39:17.100000+00:00,52.247984,21.0474345,86.0,13.06,-0.008,-0.036,0.969,0,13.232178600532825,,81.79686642251177,0.0,2.0
2465,2026-05-11 14:39:17.600000+00:00,52.2479925,21.0474122,85.9,13.26,-0.006,-0.028,0.976,0,12.875938364993871,,83.56812349650038,0.0,2.0
2470,2026-05-11 14:39:18.100000+00:00,52.248001,21.0473882,85.9,13.81,0.006,-0.03,0.974,0,13.59046634438513,,85.44564200793569,0.0,2.0
2475,2026-05-11 14:39:18.600000+00:00,52.2480097,21.0473639,85.9,13.83,-0.02,-0.03,0.97,0,13.798081077409021,,87.35136525522167,0.0,2.0
2480,2026-05-11 14:39:19.100000+00:00,52.2480181,21.0473395,86.0,13.67,0.006,-0.005,0.962,0,13.721111738138116,,89.24993490206285,0.0,2.0
2485,2026-05-11 14:39:19.600000+00:00,52.248029,21.0473187,85.9,13.69,0.063,-0.03,0.962,0,13.42013576108554,,91.04202370961445,0.0,2.0
2490,2026-05-11 14:39:20.100000+00:00,52.2480393,21.0472919,85.7,16.01,0.054,-0.058,0.965,0,15.510179131361703,,93.17891418117615,0.0,2.0
2495,2026-05-11 14:39:20.600000+00:00,52.2480493,21.0472624,85.6,16.68,-0.002,-0.033,0.961,0,16.528286773880573,,95.4689523496952,0.0,2.0
2500,2026-05-11 14:39:21.100000+00:00,52.2480587,21.0472302,85.6,17.19,0.007,-0.034,0.976,0,17.485665391465773,,97.89744077730474,0.0,2.0
2505,2026-05-11 14:39:21.600000+00:00,52.2480698,21.0472016,85.4,16.79,-0.029,-0.033,0.981,0,16.598121159527082,,100.18434177533649,0.0,2.0
2510,2026-05-11 14:39:22.100000+00:00,52.2480803,21.0471718,85.4,16.37,-0.031,-0.02,0.959,0,16.853133911795112,,102.51733585487395,0.0,2.0
2515,2026-05-11 14:39:22.600000+00:00,52.24809,21.0471427,85.4,16.14,-0.053,-0.019,0.979,0,16.24081427074443,,104.76946277129333,0.0,2.0
2520,2026-05-11 14:39:23.100000+00:00,52.2480992,21.0471139,85.4,15.86,-0.049,-0.018,0.963,0,15.922735276518218,,106.97940872345059,0.0,2.0
2525,2026-05-11 14:39:23.600000+00:00,52.2481083,21.0470867,85.3,15.44,-0.035,-0.017,0.96,0,15.19319142667095,,109.0863067863565,0.0,2.0
2530,2026-05-11 14:39:24.100000+00:00,52.2481173,21.0470586,85.4,14.97,0.029,-0.016,0.974,0,15.544472607864188,,111.24381337951434,0.0,2.0
2535,2026-05-11 14:39:24.600000+00:00,52.2481268,21.0470279,85.4,16.49,0.064,-0.05,1.003,0,16.860917873116545,,113.58503883060075,0.0,2.0
2540,2026-05-11 14:39:25.100000+00:00,52.2481373,21.0469972,85.4,17.86,0.047,-0.056,0.936,0,17.236872333720513,,115.97435662815793,0.0,2.0
2545,2026-05-11 14:39:25.600000+00:00,52.2481489,21.0469637,85.4,19.4,0.065,-0.066,0.978,0,18.86480246828864,,118.58867703052039,0.0,2.0
2550,2026-05-11 14:39:26.100000+00:00,52.2481615,21.0469261,85.3,21.55,0.089,-0.066,0.938,0,21.01024307788877,,121.50294027786988,0.0,2.0
2555,2026-05-11 14:39:26.600000+00:00,52.2481757,21.0468872,85.4,22.61,0.061,-0.041,0.972,0,22.199293037198398,,124.57468710412648,0.0,2.0
2560,2026-05-11 14:39:27.100000+00:00,52.2481901,21.0468455,85.4,23.79,0.061,-0.041,0.987,0,23.466925771227057,,127.82803853905958,0.0,2.0
2565,2026-05-11 14:39:27.600000+00:00,52.2482057,21.0468023,85.3,24.51,0.041,-0.048,0.955,0,24.583901246166498,,131.23210328355123,0.0,2.0
2570,2026-05-11 14:39:28.100000+00:00,52.2482218,21.0467564,85.3,26.33,0.024,-0.052,0.974,0,25.929259257578217,,134.8261479232552,0.0,2.0
2575,2026-05-11 14:39:28.600000+00:00,52.2482382,21.0467092,85.3,26.92,-0.007,-0.023,0.982,0,26.601769724206523,,138.51468605017996,0.0,2.0
2580,2026-05-11 14:39:29.100000+00:00,52.2482546,21.0466625,85.3,26.36,-0.039,-0.015,0.972,0,26.388891160916494,,142.17305342884413,0.0,2.0
2585,2026-05-11 14:39:29.600000+00:00,52.2482694,21.0466139,85.2,26.69,-0.043,-0.009,0.966,0,26.60601310432348,,145.8683320716366,0.0,2.0
2590,2026-05-11 14:39:30.100000+00:00,52.2482851,21.0465708,85.0,24.95,-0.046,-0.004,0.98,0,24.58250158144839,,149.27297200780615,0.0,2.0
2595,2026-05-11 14:39:30.600000+00:00,52.2483004,21.0465293,84.8,24.48,-0.055,0.004,1.014,0,23.745097318857304,,152.56072850284195,0.0,2.0
2600,2026-05-11 14:39:31.100000+00:00,52.2483152,21.0464894,84.6,23.93,-0.032,-0.006,0.947,0,22.866821545096023,,155.72662258414016,0.0,2.0
2605,2026-05-11 14:39:31.600000+00:00,52.2483289,21.0464486,84.6,23.22,-0.04,-0.01,0.937,0,22.808923317863712,,158.89254852866722,0.0,2.0
2610,2026-05-11 14:39:32.100000+00:00,52.2483432,21.0464099,84.7,22.37,-0.059,0.001,0.99,0,22.156349175858413,,161.96102069672227,0.0,2.0
2615,2026-05-11 14:39:32.600000+00:00,52.2483564,21.0463716,84.8,20.85,-0.052,0.019,0.978,0,21.54331475447427,,164.95022404143478,0.0,2.0
2620,2026-05-11 14:39:33.100000+00:00,52.248369,21.0463364,84.9,20.09,-0.051,0.015,0.959,0,19.986225999908733,,167.7211500709909,0.0,2.0
2625,2026-05-11 14:39:33.600000+00:00,52.2483798,21.0463012,85.0,19.16,-0.034,0.036,0.975,0,19.299004856205777,,170.40152977528282,0.0,2.0
2630,2026-05-11 14:39:34.100000+00:00,52.2483888,21.0462662,85.2,17.9,0.002,0.12,0.982,0,18.607369736949654,,172.97925679802978,0.0,2.0
2635,2026-05-11 14:39:34.600000+00:00,52.248395,21.0462314,85.3,18.13,-0.002,0.142,0.955,0,17.765151244023205,,175.40487220023243,0.0,2.0
2640,2026-05-11 14:39:35.100000+00:00,52.2483974,21.0461958,85.3,17.22,-0.002,0.175,0.985,0,17.55520138434517,,177.69185058524357,0.0,2.0
2645,2026-05-11 14:39:35.600000+00:00,52.2483953,21.0461606,85.5,17.26,0.0,0.171,0.965,0,17.33538832936444,,179.73823611999677,0.0,2.0
2650,2026-05-11 14:39:36.100000+00:00,52.2483908,21.0461277,85.6,16.44,-0.015,0.192,0.966,0,16.523832717778596,,181.53695060016938,0.0,2.0
2655,2026-05-11 14:39:36.600000+00:00,52.248383,21.046098,85.6,15.55,-0.038,0.185,0.974,0,15.840626967378652,,182.99383677687294,0.0,2.0
2660,2026-05-11 14:39:37.100000+00:00,52.2483731,21.0460725,85.4,15.17,-0.019,0.144,0.977,0,14.800298487067353,,184.1083884252378,0.0,2.0
2665,2026-05-11 14:39:37.600000+00:00,52.2483603,21.046049,85.3,15.08,-0.012,0.163,0.953,0,15.417470788396919,,184.98372218268284,0.0,2.0
2670,2026-05-11 14:39:38.100000+00:00,52.2483455,21.0460272,85.4,15.25,0.024,0.122,0.959,0,15.955485490178619,,185.68538532762184,0.0,2.0
2675,2026-05-11 14:39:38.600000+00:00,52.2483291,21.0460078,85.5,15.43,0.018,0.126,0.97,0,16.211658187480687,,186.19154218446235,0.0,2.0
2680,2026-05-11 14:39:39.100000+00:00,52.248311,21.0459886,85.6,16.02,0.022,0.109,0.96,0,17.27876691433203,,186.64038275455454,0.0,2.0
2685,2026-05-11 14:39:39.600000+00:00,52.2482933,21.0459724,85.7,14.86,0.021,0.072,1.0,0,16.24382155029471,,186.9445130732696,0.0,2.0
2690,2026-05-11 14:39:40.100000+00:00,52.2482742,21.0459577,85.9,15.84,0.033,0.086,0.971,0,16.904092680143776,,187.12521285778826,0.0,2.0
2695,2026-05-11 14:39:40.600000+00:00,52.2482544,21.0459438,85.9,16.13,0.022,0.052,0.937,0,17.254123139641454,,187.25762037470966,0.0,2.0
2700,2026-05-11 14:39:41.100000+00:00,52.2482347,21.0459292,85.5,17.15,-0.002,0.059,0.993,0,17.31953138771193,,187.4692579348524,0.0,2.0
2705,2026-05-11 14:39:41.600000+00:00,52.2482162,21.0459164,85.1,16.64,0.01,0.042,0.946,0,16.085233213989266,,187.63700060918967,0.0,2.0
2710,2026-05-11 14:39:42.100000+00:00,52.2481964,21.0459054,85.0,16.22,-0.032,0.046,1.004,0,16.743826396558788,,187.67062494572562,0.0,2.0
2715,2026-05-11 14:39:42.600000+00:00,52.2481782,21.0458957,84.8,15.94,-0.01,0.028,0.981,0,15.327087810631452,,187.7001677586988,0.0,2.0
2720,2026-05-11 14:39:43.100000+00:00,52.2481579,21.0458849,84.8,15.54,0.0,0.024,0.971,0,17.092676914816952,,187.76033252431918,0.0,2.0
2725,2026-05-11 14:39:43.600000+00:00,52.2481384,21.0458736,84.8,15.75,-0.001,0.033,0.958,0,16.56520911272503,,187.90707666028476,0.0,2.0
2730,2026-05-11 14:39:44.100000+00:00,52.248119,21.0458639,84.9,15.83,0.012,0.022,0.952,0,16.243154334362522,,187.97940437845995,0.0,2.0
2735,2026-05-11 14:39:44.600000+00:00,52.2480991,21.0458539,85.1,16.63,0.072,-0.001,1.014,0,16.66898333040639,,188.08498608980275,0.0,2.0
2740,2026-05-11 14:39:45.100000+00:00,52.2480782,21.0458427,85.2,18.16,0.028,-0.012,0.955,0,17.61018682336859,,188.27266301196696,0.0,2.0
2745,2026-05-11 14:39:45.600000+00:00,52.2480564,21.0458313,85.1,18.85,0.169,0.038,0.984,0,18.32585634487693,,188.483287335343,0.0,2.0
2750,2026-05-11 14:39:46.100000+00:00,52.2480321,21.0458196,85.1,20.35,0.069,0.01,0.961,0,20.282341539404367,,188.6911069078381,0.0,2.0
2755,2026-05-11 14:39:46.600000+00:00,52.2480056,21.0458075,85.1,21.63,0.069,0.018,0.959,0,22.02941352962673,,188.9212765616476,0.0,2.0
2760,2026-05-11 14:39:47.100000+00:00,52.2479793,21.0457997,85.3,22.53,0.046,0.018,0.972,0,21.400169801582575,,188.9161336722185,0.0,2.0
2765,2026-05-11 14:39:47.600000+00:00,52.2479519,21.0457907,85.6,22.53,-0.001,0.035,0.969,0,22.37571973159213,,189.01926090217407,0.0,2.0
2770,2026-05-11 14:39:48.100000+00:00,52.2479257,21.0457821,85.8,21.2,-0.027,0.043,0.971,0,21.39519756577969,,189.1651831163946,0.0,2.0
2775,2026-05-11 14:39:48.600000+00:00,52.2479003,21.0457734,86.1,20.87,-0.057,-0.001,0.974,0,20.7776582416952,,189.37555659956323,0.0,2.0
2780,2026-05-11 14:39:49.100000+00:00,52.2478765,21.045764,86.2,19.72,-0.036,0.003,0.973,0,19.603530314807877,,189.69676125106588,0.0,2.0
2785,2026-05-11 14:39:49.600000+00:00,52.2478539,21.0457514,86.4,19.44,-0.024,-0.035,0.962,0,19.11868183124385,,190.28629047034025,0.0,2.0
2790,2026-05-11 14:39:50.100000+00:00,52.2478314,21.0457355,86.4,19.31,-0.025,-0.091,0.976,0,19.627279179320773,,191.13573218899728,0.0,2.0
2795,2026-05-11 14:39:50.600000+00:00,52.2478103,21.0457154,86.6,19.38,-0.065,-0.147,0.977,0,19.555907302691743,,192.31645005985627,0.0,2.0
2800,2026-05-11 14:39:51.100000+00:00,52.2477908,21.0456898,86.7,20.13,-0.065,-0.159,0.962,0,20.029649869195215,,193.50326009745567,0.0,2.0
2805,2026-05-11 14:39:51.600000+00:00,52.2477735,21.0456591,86.8,20.14,-0.098,-0.164,0.96,0,20.45193234899331,,190.80453916628795,0.0,2.0
2810,2026-05-11 14:39:52.100000+00:00,52.2477581,21.0456239,87.0,20.98,-0.041,-0.154,0.967,0,21.206342640356752,,187.91654858783943,0.0,2.0
2815,2026-05-11 14:39:52.600000+00:00,52.2477454,21.0455846,87.0,21.94,0.017,-0.172,0.973,0,21.782285255744874,,184.8976004395748,0.0,2.0
2820,2026-05-11 14:39:53.100000+00:00,52.2477363,21.0455413,87.1,22.05,-0.055,-0.188,0.975,0,22.439889750827906,,181.7936551002411,0.0,2.0
2825,2026-05-11 14:39:53.600000+00:00,52.2477301,21.0454952,87.1,23.45,-0.024,-0.199,0.935,0,23.13551989377398,,178.64921957152453,0.0,2.0
2830,2026-05-11 14:39:54.100000+00:00,52.247727,21.0454443,87.1,25.64,-0.025,-0.207,0.975,0,25.072709093504827,,175.35417464934827,0.0,2.0
2835,2026-05-11 14:39:54.600000+00:00,52.2477274,21.0453933,87.4,24.45,-0.007,-0.136,0.957,0,25.00063903468154,,172.22591543835088,0.0,2.0
2840,2026-05-11 14:39:55.100000+00:00,52.2477282,21.0453393,87.5,27.51,0.013,-0.12,0.953,0,26.476840594394677,,168.9465080040098,0.0,2.0
2845,2026-05-11 14:39:55.600000+00:00,52.2477297,21.0452825,87.6,28.02,0.05,-0.07,0.986,0,27.867451089277008,,165.54768799879707,0.0,2.0
2850,2026-05-11 14:39:56.100000+00:00,52.2477329,21.0452227,87.6,29.72,0.031,-0.064,0.946,0,29.42381289139059,,162.07448178282792,0.0,2.0
2855,2026-05-11 14:39:56.600000+00:00,52.2477376,21.0451618,87.6,30.22,0.035,-0.003,0.983,0,30.087473097944653,,158.64270647105468,0.0,2.0
2860,2026-05-11 14:39:57.100000+00:00,52.2477401,21.0450991,87.6,29.75,0.038,0.058,0.964,0,30.79865472850913,,155.0220628717234,0.0,2.0
2865,2026-05-11 14:39:57.600000+00:00,52.2477458,21.0450368,87.1,29.74,-0.021,0.043,0.96,0,30.87657138300091,,151.63613235252012,0.0,2.0
2870,2026-05-11 14:39:58.100000+00:00,52.2477503,21.044976,86.8,29.37,-0.035,0.019,0.965,0,30.019195910669474,,148.3161690391543,0.0,2.0
2875,2026-05-11 14:39:58.600000+00:00,52.2477535,21.0449172,86.7,28.83,-0.077,-0.01,0.964,0,28.935524254089714,,145.0796730183998,0.0,2.0
2880,2026-05-11 14:39:59.100000+00:00,52.2477568,21.0448636,86.8,26.53,-0.126,0.043,0.994,0,26.40551324871348,,142.1871580219988,0.0,2.0
2885,2026-05-11 14:39:59.600000+00:00,52.2477599,21.0448121,86.6,24.89,-0.031,0.063,0.965,0,25.36536554091135,,139.4379716077639,0.0,2.0
2890,2026-05-11 14:40:00.100000+00:00,52.2477632,21.0447607,86.6,24.75,-0.016,0.038,0.953,0,25.33278093785259,,136.74248946992947,0.0,2.0
2895,2026-05-11 14:40:00.600000+00:00,52.2477658,21.044712,86.5,23.79,-0.071,0.056,0.96,0,23.96176517326367,,134.1898368452944,0.0,2.0
2900,2026-05-11 14:40:01.100000+00:00,52.2477681,21.0446671,86.5,21.38,-0.108,0.062,1.0,0,22.085438350264827,,131.8606204019066,0.0,2.0
2905,2026-05-11 14:40:01.600000+00:00,52.2477694,21.0446287,86.3,18.34,-0.138,0.07,0.971,0,18.85120161711073,,129.84830388677372,0.0,2.0
2910,2026-05-11 14:40:02.100000+00:00,52.2477696,21.0445929,86.4,16.05,-0.133,0.066,0.957,0,17.5487421595982,,127.92323216396932,0.0,2.0
2915,2026-05-11 14:40:02.600000+00:00,52.2477714,21.0445645,86.0,12.41,-0.156,0.079,0.986,0,13.995160979104288,,126.52155896719277,0.0,2.0
2920,2026-05-11 14:40:03.100000+00:00,52.2477733,21.0445432,86.1,10.11,-0.133,0.066,0.976,0,10.550806418300594,,125.51804630760078,0.0,2.0
2925,2026-05-11 14:40:03.600000+00:00,52.2477748,21.0445245,86.0,8.61,-0.06,0.033,0.955,0,9.244473027162876,,124.6327677900479,0.0,2.0
2930,2026-05-11 14:40:04.100000+00:00,52.2477764,21.0445092,85.8,7.23,-0.093,0.047,0.985,0,7.6081795329939785,,123.94001397569902,0.0,2.0
2935,2026-05-11 14:40:04.600000+00:00,52.2477781,21.0444982,85.7,4.98,-0.098,0.049,0.964,0,5.560970875842939,,123.48427105644143,0.0,2.0
2940,2026-05-11 14:40:05.100000+00:00,52.2477789,21.0444893,85.7,3.33,-0.087,0.051,0.979,0,4.409259446261612,,123.0766806567353,0.0,2.0
2945,2026-05-11 14:40:05.600000+00:00,52.2477788,21.0444842,85.7,1.22,-0.079,0.049,0.977,0,2.5011375588715365,,122.80385487801205,0.0,2.0
2950,2026-05-11 14:40:06.100000+00:00,52.247779,21.0444804,85.7,1.0,-0.007,0.031,0.98,0,1.8695073906142958,,122.62052379182373,0.0,2.0
2955,2026-05-11 14:40:06.600000+00:00,52.2477788,21.0444771,85.7,0.66,0.022,0.017,0.958,0,1.6254596097408494,,122.43467403119782,0.0,2.0
2960,2026-05-11 14:40:07.100000+00:00,52.2477781,21.0444721,85.9,1.17,0.013,0.015,0.97,0,2.5140973932522845,,122.12475593572654,0.0,2.0
2965,2026-05-11 14:40:07.600000+00:00,52.2477774,21.0444671,86.1,0.76,-0.014,0.04,0.983,0,2.5140974298124723,,121.81505028132251,0.0,2.0
2970,2026-05-11 14:40:08.100000+00:00,52.2477765,21.0444617,86.6,0.15,-0.022,0.039,0.967,0,2.743227218471109,,121.4704086200122,0.0,2.0
2975,2026-05-11 14:40:08.600000+00:00,52.2477753,21.0444555,87.1,0.09,0.01,0.024,0.981,0,3.1872808470567873,,121.06292040999553,0.0,2.0
2980,2026-05-11 14:40:09.100000+00:00,52.2477745,21.0444498,87.6,0.07,0.021,0.022,0.974,0,2.8664285993070453,,120.7104843443939,0.0,2.0
2985,2026-05-11 14:40:09.600000+00:00,52.247774,21.0444449,88.0,0.08,0.019,0.028,0.975,0,2.4349523859901496,,120.4213662361773,0.0,2.0
2990,2026-05-11 14:40:10.100000+00:00,52.2477737,21.0444397,88.5,0.06,0.02,0.023,0.98,0,2.5601641040302994,,120.13159931835453,0.0,2.0
2995,2026-05-11 14:40:10.600000+00:00,52.2477735,21.0444348,88.9,0.05,0.012,0.021,0.976,0,2.407154013332954,,119.86490009951785,0.0,2.0
3000,2026-05-11 14:40:11.100000+00:00,52.2477731,21.0444287,89.4,0.1,0.014,0.024,0.977,0,3.0071246251674557,,119.5223301990826,0.0,2.0
3005,2026-05-11 14:40:11.600000+00:00,52.2477728,21.0444233,89.8,0.1,0.018,0.026,0.977,0,2.657781289387836,,119.22343083200225,0.0,2.0
3010,2026-05-11 14:40:12.100000+00:00,52.2477724,21.0444182,90.2,0.04,0.011,0.024,0.974,0,2.52028485062534,,118.93294331796535,0.0,2.0
3015,2026-05-11 14:40:12.600000+00:00,52.2477721,21.0444139,90.5,0.04,0.025,0.025,0.976,0,2.1213624643866855,,118.69100857400619,0.0,2.0
3020,2026-05-11 14:40:13.100000+00:00,52.247772,21.0444097,90.7,0.04,0.013,0.024,0.979,0,2.0602612908675995,,118.46913189706339,0.0,2.0
3025,2026-05-11 14:40:13.600000+00:00,52.2477712,21.0444066,91.2,0.06,0.017,0.026,0.978,0,1.6489877811368432,,118.25205817748866,0.0,2.0
3030,2026-05-11 14:40:14.100000+00:00,52.2477707,21.0444032,91.6,0.04,0.012,0.023,0.978,0,1.7139719926322676,,118.04184407606729,0.0,2.0
3035,2026-05-11 14:40:14.600000+00:00,52.2477703,21.0444004,92.0,0.09,0.023,0.029,0.976,0,1.4093363221955362,,117.86967400387266,0.0,2.0
3040,2026-05-11 14:40:15.100000+00:00,52.24777,21.0443976,92.3,0.0,0.015,0.026,0.976,0,1.3933274157163746,,117.70496190726544,0.0,2.0
3045,2026-05-11 14:40:15.600000+00:00,52.2477696,21.0443948,92.6,0.07,0.022,0.03,0.976,0,1.4093363444405884,,117.53294612493428,0.0,2.0
3050,2026-05-11 14:40:16.100000+00:00,52.2477693,21.0443919,92.9,0.04,0.012,0.024,0.975,0,1.4416352382720092,,117.3633205867919,0.0,2.0
3055,2026-05-11 14:40:16.600000+00:00,52.2477691,21.0443892,93.2,0.03,0.025,0.029,0.978,0,1.3331044751401762,,117.21135386180707,0.0,2.0
3060,2026-05-11 14:40:17.100000+00:00,52.2477689,21.0443867,93.4,0.04,0.012,0.027,0.976,0,1.2358367111724702,,117.06963090794075,0.0,2.0
3065,2026-05-11 14:40:17.600000+00:00,52.2477687,21.0443841,93.6,0.1,0.022,0.027,0.974,0,1.2844560467760748,,116.92291772395193,0.0,2.0
3070,2026-05-11 14:40:18.100000+00:00,52.2477688,21.0443807,93.9,0.05,0.013,0.024,0.976,0,1.6684928653080655,,116.75806004510342,0.0,2.0
3075,2026-05-11 14:40:18.600000+00:00,52.2477689,21.0443774,94.1,0.08,0.019,0.026,0.976,0,1.6195342414316487,,116.59848757664422,0.0,2.0
3080,2026-05-11 14:40:19.100000+00:00,52.247769,21.0443744,94.4,0.08,0.014,0.026,0.977,0,1.472681583876625,,116.45428655066704,0.0,2.0
3085,2026-05-11 14:40:19.600000+00:00,52.2477691,21.0443715,94.6,0.08,0.015,0.028,0.976,0,1.423739766562093,,116.31531296888738,0.0,2.0
3090,2026-05-11 14:40:20.100000+00:00,52.2477692,21.0443689,94.8,0.15,0.021,0.032,0.977,0,1.2769488378717633,,116.19163375005533,0.0,2.0
3095,2026-05-11 14:40:20.600000+00:00,52.2477697,21.0443648,95.0,0.06,0.019,0.026,0.976,0,2.0491679499210784,,116.02251438664892,0.0,2.0
3100,2026-05-11 14:40:21.100000+00:00,52.2477701,21.0443619,95.2,0.03,0.025,0.028,0.977,0,1.4571134948575888,,115.90664201708347,0.0,2.0
3105,2026-05-11 14:40:21.600000+00:00,52.2477704,21.0443592,95.4,0.13,0.019,0.028,0.976,0,1.3450709113554284,,115.79353558613616,0.0,2.0
3110,2026-05-11 14:40:22.100000+00:00,52.2477706,21.0443565,95.6,0.08,0.022,0.031,0.976,0,1.3331044381897907,,115.67309925626522,0.0,2.0
3115,2026-05-11 14:40:22.600000+00:00,52.2477709,21.044354,95.7,0.04,0.016,0.03,0.976,0,1.248735580964582,,115.570382608832,0.0,2.0
3120,2026-05-11 14:40:23.100000+00:00,52.2477711,21.044352,95.8,0.1,0.015,0.029,0.979,0,0.993326201215478,,115.48531568153913,0.0,2.0
3125,2026-05-11 14:40:23.600000+00:00,52.2477714,21.0443506,95.8,0.18,0.018,0.029,0.976,0,0.7270526091579137,,115.43790028366699,0.0,2.0
3130,2026-05-11 14:40:24.100000+00:00,52.2477716,21.0443489,95.9,0.04,0.024,0.032,0.976,0,0.84853005207656,,115.36801053516794,0.0,2.0
3135,2026-05-11 14:40:24.600000+00:00,52.2477718,21.0443472,95.9,0.05,0.022,0.031,0.977,0,0.8485300468566939,,115.29819888586803,0.0,2.0
3140,2026-05-11 14:40:25.100000+00:00,52.2477718,21.0443455,96.0,0.08,0.015,0.029,0.974,0,0.8332854268453436,,115.21333710582677,0.0,2.0
3145,2026-05-11 14:40:25.600000+00:00,52.2477721,21.0443442,96.1,0.04,0.023,0.027,0.977,0,0.6809802094818568,,115.17118529483488,0.0,2.0
3150,2026-05-11 14:40:26.100000+00:00,52.2477726,21.0443432,96.2,0.1,0.018,0.023,0.976,0,0.6328554679959983,,115.15919737099487,0.0,2.0
3155,2026-05-11 14:40:26.600000+00:00,52.2477727,21.0443422,96.3,0.01,0.019,0.024,0.976,0,0.49666308297560835,,115.11695226096496,0.0,2.0
3160,2026-05-11 14:40:27.100000+00:00,52.2477727,21.0443412,96.3,0.05,0.024,0.026,0.977,0,0.4901678865503136,,115.0671498168195,0.0,2.0
3165,2026-05-11 14:40:27.600000+00:00,52.2477726,21.0443401,96.3,0.09,0.009,0.023,0.977,0,0.5450961162042532,,115.00480255191451,0.0,2.0
3170,2026-05-11 14:40:28.100000+00:00,52.2477725,21.0443391,96.3,0.04,0.015,0.023,0.977,0,0.49666308406597043,,114.94744726685278,0.0,2.0
3175,2026-05-11 14:40:28.600000+00:00,52.2477723,21.0443383,96.3,0.1,0.019,0.026,0.975,0,0.4235657636085124,,114.89246369118618,0.0,2.0
3180,2026-05-11 14:40:29.100000+00:00,52.2477721,21.0443377,96.3,0.09,0.01,0.025,0.975,0,0.33486397258006667,,114.84743296925848,0.0,2.0
3185,2026-05-11 14:40:29.600000+00:00,52.2477717,21.044337,96.3,0.1,0.019,0.025,0.98,0,0.46934441932104703,,114.78224625196101,0.0,2.0
3190,2026-05-11 14:40:30.100000+00:00,52.2477712,21.0443364,96.3,0.01,0.015,0.025,0.977,0,0.4967260036814974,,114.71444401067842,0.0,2.0
3195,2026-05-11 14:40:30.600000+00:00,52.2477706,21.0443364,96.4,0.05,0.026,0.028,0.976,0,0.48036208296675653,,114.66891415248111,0.0,2.0
3200,2026-05-11 14:40:31.100000+00:00,52.2477701,21.0443367,96.4,0.07,0.018,0.025,0.976,0,0.42645667732869913,,114.64592583797327,0.0,2.0
3205,2026-05-11 14:40:31.600000+00:00,52.2477695,21.0443372,96.5,0.08,0.01,0.021,0.976,0,0.5392716185930834,,114.62534925126184,0.0,2.0
3210,2026-05-11 14:40:32.100000+00:00,52.247769,21.0443378,96.6,0.07,0.021,0.026,0.977,0,0.49672601231607144,,114.61737569910156,0.0,2.0
3215,2026-05-11 14:40:32.600000+00:00,52.2477684,21.0443384,96.6,0.05,0.019,0.027,0.978,0,0.5632432753591158,,114.60187554845976,0.0,2.0
3220,2026-05-11 14:40:33.100000+00:00,52.2477679,21.044339,96.7,0.02,0.014,0.021,0.977,0,0.4967260207374866,,114.59398882785796,0.0,2.0
3225,2026-05-11 14:40:33.600000+00:00,52.2477673,21.0443395,96.8,0.09,0.019,0.026,0.975,0,0.5392716234077204,,114.57359188595233,0.0,2.0
3230,2026-05-11 14:40:34.100000+00:00,52.2477669,21.04434,96.9,0.01,0.015,0.025,0.976,0,0.4032625699568289,,114.56834574167678,0.0,2.0
3235,2026-05-11 14:40:34.600000+00:00,52.2477666,21.0443407,96.9,0.06,0.022,0.027,0.975,0,0.4188276501141816,,114.58067284830891,0.0,2.0
3240,2026-05-11 14:40:35.100000+00:00,52.2477663,21.0443413,96.9,0.08,0.012,0.023,0.978,0,0.3797133069827577,,114.58802753316647,0.0,2.0
3245,2026-05-11 14:40:35.600000+00:00,52.2477658,21.0443419,96.9,0.03,0.024,0.025,0.976,0,0.4967260248754521,,114.58032355160118,0.0,2.0
3250,2026-05-11 14:40:36.100000+00:00,52.2477655,21.0443424,97.0,0.09,0.011,0.023,0.977,0,0.34315170732380956,,114.58272797099717,0.0,2.0
3255,2026-05-11 14:40:36.600000+00:00,52.2477648,21.0443423,97.0,0.05,0.019,0.027,0.975,0,0.5625619525392686,,114.52497405994396,0.0,2.0
3260,2026-05-11 14:40:37.100000+00:00,52.2477643,21.0443425,97.1,0.13,0.015,0.025,0.977,0,0.4121311232129445,,114.49733220554162,0.0,2.0
3265,2026-05-11 14:40:37.600000+00:00,52.2477638,21.0443429,97.1,0.04,0.021,0.027,0.976,0,0.4457396387193106,,114.47973541114514,0.0,2.0
3270,2026-05-11 14:40:38.100000+00:00,52.2477633,21.0443433,97.1,0.05,0.011,0.023,0.978,0,0.4457396351176721,,114.46216939641135,0.0,2.0
3275,2026-05-11 14:40:38.600000+00:00,52.247763,21.0443439,97.2,0.09,0.025,0.026,0.977,0,0.3797133303685037,,114.46970179455323,0.0,2.0
3280,2026-05-11 14:40:39.100000+00:00,52.2477626,21.0443445,97.2,0.1,0.011,0.024,0.974,0,0.43479860326768277,,114.46974433086547,0.0,2.0
3285,2026-05-11 14:40:39.600000+00:00,52.2477623,21.0443449,97.3,0.19,0.014,0.013,0.978,0,0.3100472211243551,,114.46728692482432,0.0,2.0
3290,2026-05-11 14:40:40.100000+00:00,52.2477622,21.044344,97.3,1.31,0.091,0.0,0.963,0,0.44835704902283835,,114.41459798388382,0.0,2.0
3295,2026-05-11 14:40:40.600000+00:00,52.2477624,21.0443405,97.2,3.06,0.122,-0.021,0.97,0,1.7230440653554573,,114.25409424019408,0.0,2.0
3300,2026-05-11 14:40:41.100000+00:00,52.2477626,21.0443314,97.1,5.75,0.188,-0.015,0.965,0,4.463401825314776,,113.81389558332518,0.0,2.0
3305,2026-05-11 14:40:41.600000+00:00,52.2477634,21.044316,97.1,8.75,0.156,-0.043,0.976,0,7.575710244715607,,113.1079114999926,0.0,2.0
3310,2026-05-11 14:40:42.100000+00:00,52.2477646,21.0442953,97.1,11.64,0.122,-0.036,0.952,0,10.191859094312788,,112.17709444749626,0.0,2.0
3315,2026-05-11 14:40:42.600000+00:00,52.247766,21.0442687,97.1,14.21,0.163,-0.022,0.966,0,13.086555724823098,,110.98495642939415,0.0,2.0
3320,2026-05-11 14:40:43.100000+00:00,52.2477675,21.0442364,97.0,17.06,0.15,-0.035,0.973,0,15.877904503912617,,109.54464771528605,0.0,2.0
3325,2026-05-11 14:40:43.600000+00:00,52.2477695,21.0441991,97.0,19.59,0.116,-0.053,0.969,0,18.353245055758315,,107.93508776802126,0.0,2.0
3330,2026-05-11 14:40:44.100000+00:00,52.2477716,21.0441564,97.0,21.3,0.112,-0.009,0.973,0,20.9975872056558,,106.12214884239998,0.0,2.0
3335,2026-05-11 14:40:44.600000+00:00,52.2477733,21.0441126,96.9,21.82,0.086,-0.012,0.978,0,21.512450712414342,,104.27646005461673,0.0,2.0
3340,2026-05-11 14:40:45.100000+00:00,52.2477764,21.0440663,97.0,23.11,0.102,-0.01,0.959,0,22.83007584752977,,102.49552872141618,0.0,2.0
3345,2026-05-11 14:40:45.600000+00:00,52.2477797,21.0440237,97.1,22.26,0.074,-0.016,0.969,0,21.047625122068144,,100.95625586106314,0.0,2.0
3350,2026-05-11 14:40:46.100000+00:00,52.2477849,21.0439772,97.1,23.83,0.104,0.0,0.952,0,23.169884213746197,,99.4895609624814,0.0,2.0
3355,2026-05-11 14:40:46.600000+00:00,52.2477887,21.0439198,97.1,27.09,0.084,-0.006,0.968,0,28.29963074692285,,97.55514017469665,0.0,2.0
3360,2026-05-11 14:40:47.100000+00:00,52.2477886,21.0438604,97.1,28.23,-0.016,0.029,0.988,0,29.116072134338303,,95.30442345234721,0.0,2.0
3365,2026-05-11 14:40:47.600000+00:00,52.2477932,21.0438034,97.2,28.14,-0.036,0.023,0.968,0,28.18123041736257,,93.70809565559674,0.0,2.0
3370,2026-05-11 14:40:48.100000+00:00,52.247796,21.0437493,97.1,26.68,-0.025,0.039,0.981,0,26.6126509409184,,92.16785595701168,0.0,2.0
3375,2026-05-11 14:40:48.600000+00:00,52.2477984,21.0436957,96.9,26.73,-0.018,0.067,0.973,0,26.343152171645574,,90.72730844894318,0.0,2.0
3380,2026-05-11 14:40:49.100000+00:00,52.2478001,21.0436417,96.9,25.95,-0.014,0.089,0.965,0,26.504018651535613,,89.33119410823734,0.0,2.0
3385,2026-05-11 14:40:49.600000+00:00,52.2478017,21.0435872,96.6,25.48,-0.014,0.084,0.984,0,26.74482696374568,,88.04390184059245,0.0,2.0
3390,2026-05-11 14:40:50.100000+00:00,52.2478014,21.0435361,96.4,24.77,-0.008,0.09,0.961,0,25.0487142964324,,86.77542717372418,0.0,2.0
3395,2026-05-11 14:40:50.600000+00:00,52.2478001,21.0434871,96.2,24.0,-0.005,0.105,0.964,0,24.04075096950458,,85.56696014734065,0.0,2.0
3400,2026-05-11 14:40:51.100000+00:00,52.2477944,21.0434427,96.3,23.42,0.015,0.166,0.974,0,22.236735325699023,,84.08715385838319,0.0,2.0
3405,2026-05-11 14:40:51.600000+00:00,52.2477858,21.0434012,96.5,22.38,-0.008,0.197,0.968,0,21.47559428754204,,82.43144737516842,0.0,2.0
3410,2026-05-11 14:40:52.100000+00:00,52.2477752,21.0433624,96.4,21.2,-0.018,0.232,0.966,0,20.82600969792252,,80.67443462656452,0.0,2.0
3415,2026-05-11 14:40:52.600000+00:00,52.2477613,21.0433274,96.2,20.61,0.023,0.179,0.955,0,20.44908721815581,3.0,78.67333095596362,0.0,2.0
3420,2026-05-11 14:40:53.100000+00:00,52.2477478,21.0432999,95.8,20.38,0.049,0.184,0.965,0,17.27762308718267,3.0,76.85555238571175,0.0,2.0
3425,2026-05-11 14:40:53.600000+00:00,52.247732,21.0432753,95.1,20.77,0.024,0.182,0.966,0,17.475967698372266,3.0,74.84802570061944,0.0,2.0
3430,2026-05-11 14:40:54.100000+00:00,52.2477139,21.0432524,94.5,20.39,0.003,0.167,0.96,0,18.32987354846176,3.0,72.62858810048321,0.0,2.0
3435,2026-05-11 14:40:54.600000+00:00,52.2476935,21.0432287,94.2,20.56,0.0,0.139,0.98,0,20.042429905538828,3.0,70.17079640761987,0.0,2.0
3440,2026-05-11 14:40:55.100000+00:00,52.2476732,21.0432102,93.7,19.75,0.012,0.135,0.954,0,18.61092479502111,3.0,67.78577790136093,0.0,2.0
3445,2026-05-11 14:40:55.600000+00:00,52.2476496,21.0431957,93.3,20.8,-0.004,0.146,0.976,0,20.18683370421839,3.0,65.07577969964252,0.0,2.0
3450,2026-05-11 14:40:56.100000+00:00,52.2476281,21.043189,93.4,17.18,0.006,0.133,0.982,0,17.523471039126377,3.0,62.65300669824403,0.0,2.0
3455,2026-05-11 14:40:56.600000+00:00,52.2476068,21.0431858,93.1,19.45,0.028,0.136,0.937,0,17.124840266551033,3.0,60.2745567877616,0.0,2.0
3460,2026-05-11 14:40:57.100000+00:00,52.247586,21.043183,92.9,20.72,0.025,0.08,0.969,0,16.709015066123772,3.0,57.95396146566981,0.0,2.0
3465,2026-05-11 14:40:57.600000+00:00,52.2475617,21.0431771,92.6,21.69,0.064,0.051,1.003,0,19.66844299371671,3.0,55.226697614689726,0.0,2.0
3470,2026-05-11 14:40:58.100000+00:00,52.2475347,21.0431718,92.5,22.91,0.11,0.076,0.963,0,21.77184545496927,3.0,52.204328874702504,0.0,2.0
3475,2026-05-11 14:40:58.600000+00:00,52.2475051,21.0431667,92.3,24.35,0.092,0.086,0.954,0,23.82935274637473,3.0,48.89526111043796,0.0,2.0
3480,2026-05-11 14:40:59.100000+00:00,52.2474744,21.0431637,92.1,24.88,0.049,0.092,0.973,0,24.62247707976158,3.0,45.47674002635282,0.0,2.0
3485,2026-05-11 14:40:59.600000+00:00,52.2474437,21.0431608,92.0,24.72,0.003,0.067,0.96,0,24.61959834544719,3.0,42.05903935322456,0.0,2.0
3490,2026-05-11 14:41:00.100000+00:00,52.2474134,21.043159,92.0,24.24,-0.006,0.064,0.975,0,24.2743253271801,3.0,38.692965335090456,0.0,2.0
3495,2026-05-11 14:41:00.600000+00:00,52.2473835,21.0431565,91.9,23.72,-0.014,0.064,0.986,0,23.969389232417964,3.0,35.36741010812708,0.0,2.0
3500,2026-05-11 14:41:01.100000+00:00,52.247354,21.043154,91.9,23.61,-0.01,0.048,0.962,0,23.649572338362773,3.0,32.08682388940347,0.0,2.0
3505,2026-05-11 14:41:01.600000+00:00,52.2473253,21.0431519,91.8,22.74,-0.004,0.051,0.958,0,23.000365330083998,3.0,28.89858167817578,0.0,2.0
3510,2026-05-11 14:41:02.100000+00:00,52.2472973,21.0431496,91.7,21.62,-0.053,0.062,0.982,0,22.445229039499797,3.0,25.78757352371871,0.0,2.0
3515,2026-05-11 14:41:02.600000+00:00,52.247271,21.0431468,91.6,20.99,-0.041,0.029,0.971,0,21.100555259314728,3.0,22.861570537186523,0.0,2.0
3520,2026-05-11 14:41:03.100000+00:00,52.2472455,21.0431428,91.4,20.46,-0.038,0.007,0.954,0,20.509324975890472,3.0,20.014426465359826,0.0,2.0
3525,2026-05-11 14:41:03.600000+00:00,52.2472209,21.0431385,91.2,19.98,-0.035,0.04,0.988,0,19.807310148284287,3.0,17.264205626492327,0.0,2.0
3530,2026-05-11 14:41:04.100000+00:00,52.2471969,21.0431356,91.2,18.99,-0.034,0.071,0.971,0,19.266993685843875,3.0,14.593677514546297,0.0,2.0
3535,2026-05-11 14:41:04.600000+00:00,52.2471735,21.0431346,91.1,18.35,-0.026,0.058,0.973,0,18.74053279889685,3.0,12.012493563052494,0.0,2.0
3540,2026-05-11 14:41:05.100000+00:00,52.2471511,21.0431332,91.0,17.47,-0.045,0.049,0.971,0,17.946642887927734,3.0,9.546531456726074,0.0,2.0
3545,2026-05-11 14:41:05.600000+00:00,52.2471301,21.0431319,91.0,16.2,-0.084,0.061,0.966,0,16.824744550443842,3.0,7.251462487643696,0.0,2.0
3550,2026-05-11 14:41:06.100000+00:00,52.2471114,21.0431305,91.0,14.67,-0.059,0.045,0.979,0,14.987004524066913,3.0,5.2333868115456506,0.0,2.0
3555,2026-05-11 14:41:06.600000+00:00,52.2470937,21.043128,90.9,13.72,-0.049,0.04,0.957,0,14.223568880024866,3.0,3.356522671922274,0.0,2.0
3560,2026-05-11 14:41:07.100000+00:00,52.247078,21.0431259,90.9,11.78,-0.115,0.069,1.009,0,12.611553781323819,3.0,1.8763377460680906,0.0,2.0
3565,2026-05-11 14:41:07.600000+00:00,52.2470652,21.0431253,90.8,9.54,-0.11,0.072,0.942,0,10.251943925066838,3.0,1.3964413070118618,0.0,2.0
3570,2026-05-11 14:41:08.100000+00:00,52.2470554,21.0431238,90.8,7.08,-0.115,0.066,0.983,0,7.880290570806862,3.0,1.8171115406596396,0.0,2.0
3575,2026-05-11 14:41:08.600000+00:00,52.2470501,21.0431246,90.3,4.11,-0.172,0.068,0.973,0,4.2612799645526325,3.0,2.304757559737273,0.0,2.0
3580,2026-05-11 14:41:09.100000+00:00,52.2470484,21.0431261,90.1,0.59,-0.173,0.067,0.972,0,1.546933873620707,3.0,2.5181448054798294,0.0,2.0
3585,2026-05-11 14:41:09.600000+00:00,52.2470485,21.0431282,90.0,0.12,-0.033,0.04,0.981,0,1.0324780657446109,3.0,2.5935236200980163,0.0,2.0
3590,2026-05-11 14:41:10.100000+00:00,52.2470481,21.0431305,90.0,0.27,0.017,0.026,0.958,0,1.1720049323589434,3.0,2.725892160462754,0.0,2.0
3595,2026-05-11 14:41:10.600000+00:00,52.2470476,21.0431332,90.0,0.02,0.004,0.019,0.987,0,1.3826884454104418,3.0,2.887780510851804,0.0,2.0
3600,2026-05-11 14:41:11.100000+00:00,52.2470469,21.0431359,90.0,0.07,0.01,0.022,0.971,0,1.4372401370234023,3.0,3.069322036357477,0.0,2.0
3605,2026-05-11 14:41:11.600000+00:00,52.2470463,21.0431385,90.0,0.05,0.014,0.022,0.975,0,1.361979922158593,3.0,3.240290251669542,0.0,2.0
3610,2026-05-11 14:41:12.100000+00:00,52.2470458,21.043141,90.0,0.2,0.018,0.022,0.974,0,1.2891641288941502,3.0,3.4005623300232246,0.0,2.0
3615,2026-05-11 14:41:12.600000+00:00,52.2470454,21.0431428,90.1,0.12,0.006,0.021,0.973,0,0.9386358359993141,3.0,3.52011349946037,0.0,2.0
3620,2026-05-11 14:41:13.100000+00:00,52.2470452,21.0431447,90.2,0.12,0.007,0.024,0.976,0,0.9449984825795352,3.0,3.630565765981798,0.0,2.0
3625,2026-05-11 14:41:13.600000+00:00,52.247045,21.0431473,90.4,0.05,0.01,0.021,0.969,0,1.284476675033159,3.0,3.7785547746730175,0.0,2.0
3630,2026-05-11 14:41:14.100000+00:00,52.2470448,21.0431495,90.5,0.15,0.007,0.025,0.971,0,1.0902097267288033,3.0,3.9079219475304123,0.0,2.0
3635,2026-05-11 14:41:14.600000+00:00,52.2470446,21.0431509,90.6,0.04,0.02,0.025,0.977,0,0.7046790937680847,3.0,3.9960898903292965,0.0,2.0
3640,2026-05-11 14:41:15.100000+00:00,52.2470443,21.0431523,90.7,0.18,0.004,0.024,0.974,0,0.7270632213450375,3.0,4.091550210605779,0.0,2.0
3645,2026-05-11 14:41:15.600000+00:00,52.247044,21.0431535,90.7,0.1,0.019,0.02,0.974,0,0.6353575816898037,3.0,4.176496622322009,0.0,2.0
3650,2026-05-11 14:41:16.100000+00:00,52.2470438,21.0431543,90.7,0.17,0.005,0.02,0.968,0,0.42357172605957966,3.0,4.2332025184417565,0.0,2.0
3655,2026-05-11 14:41:16.600000+00:00,52.2470436,21.0431553,90.8,0.08,0.015,0.027,0.976,0,0.515665676593117,3.0,4.300799150446314,0.0,2.0
3660,2026-05-11 14:41:17.100000+00:00,52.2470434,21.0431565,90.8,0.15,0.005,0.022,0.972,0,0.6096154297339795,3.0,4.379417222335284,0.0,2.0
3665,2026-05-11 14:41:17.600000+00:00,52.247043,21.0431578,90.9,0.16,0.011,0.019,0.979,0,0.7131724937297592,3.0,4.476958297027463,0.0,2.0
3670,2026-05-11 14:41:18.100000+00:00,52.2470425,21.043159,91.0,0.06,0.004,0.017,0.974,0,0.7115011098039521,3.0,4.57569632984122,0.0,2.0
3675,2026-05-11 14:41:18.600000+00:00,52.247042,21.0431602,91.1,0.12,0.013,0.026,0.971,0,0.7115011124188535,3.0,4.6744378101581185,0.0,2.0
3680,2026-05-11 14:41:19.100000+00:00,52.2470414,21.0431611,91.3,0.12,0.001,0.006,0.983,0,0.6522027566859151,3.0,4.763404851141683,0.0,2.0
3685,2026-05-11 14:41:19.600000+00:00,52.2470409,21.0431619,91.4,0.14,0.016,0.021,0.969,0,0.5603711894215554,3.0,4.840313712727414,0.0,2.0
3690,2026-05-11 14:41:20.100000+00:00,52.247041,21.0431629,91.5,0.14,0.005,0.022,0.973,0,0.4966710603997344,3.0,4.888384530803505,0.0,2.0
3695,2026-05-11 14:41:20.600000+00:00,52.2470413,21.0431637,91.7,0.05,0.015,0.015,0.981,0,0.4598492352144677,3.0,4.912929334258847,0.0,2.0
3700,2026-05-11 14:41:21.100000+00:00,52.2470414,21.0431646,91.9,0.13,0.004,0.016,0.973,0,0.448364101906371,3.0,4.956502969805281,0.0,2.0
3705,2026-05-11 14:41:21.600000+00:00,52.2470409,21.043166,92.1,0.1,0.014,0.019,0.979,0,0.7944655711865233,3.0,5.0664675076022,0.0,2.0
3710,2026-05-11 14:41:22.100000+00:00,52.2470407,21.0431672,92.3,0.12,0.006,0.015,0.974,0,0.6096154671146037,3.0,5.146250305030564,0.0,2.0
3715,2026-05-11 14:41:22.600000+00:00,52.2470406,21.0431686,92.5,0.03,0.015,0.019,0.976,0,0.6909006689984102,3.0,5.231189902106895,0.0,2.0
3720,2026-05-11 14:41:23.100000+00:00,52.2470403,21.0431695,92.7,0.03,0.009,0.02,0.971,0,0.5023023479249289,3.0,5.300628933478263,0.0,2.0
3725,2026-05-11 14:41:23.600000+00:00,52.2470397,21.0431702,92.9,0.05,0.015,0.02,0.975,0,0.5903230065045809,3.0,5.377552612696192,0.0,2.0
3730,2026-05-11 14:41:24.100000+00:00,52.247039,21.0431711,93.2,0.08,0.008,0.018,0.973,0,0.7132278906358976,3.0,5.472147575115831,0.0,2.0
3735,2026-05-11 14:41:24.600000+00:00,52.2470384,21.0431721,93.3,0.15,0.007,0.021,0.977,0,0.6863091425571586,3.0,5.566116945862508,0.0,2.0
3740,2026-05-11 14:41:25.100000+00:00,52.2470377,21.0431726,93.5,0.08,0.014,0.015,0.975,0,0.6116710165400592,3.0,5.638700483548154,0.0,2.0
3745,2026-05-11 14:41:25.600000+00:00,52.2470363,21.0431726,93.6,1.04,0.086,-0.002,0.974,0,1.1208448619533407,3.0,5.73005636940599,0.0,2.0
3750,2026-05-11 14:41:26.100000+00:00,52.2470326,21.0431717,93.5,2.81,0.151,0.012,0.968,0,2.9949030345561445,3.0,5.937299141062625,0.0,2.0
3755,2026-05-11 14:41:26.600000+00:00,52.2470266,21.043172,93.5,5.71,0.181,0.013,0.966,0,4.805871165431333,3.0,6.40207249278037,0.0,2.0
3760,2026-05-11 14:41:27.100000+00:00,52.2470168,21.0431739,93.4,8.65,0.172,0.012,0.963,0,7.900996853760332,3.0,7.29118205170664,0.0,2.0
3765,2026-05-11 14:41:27.600000+00:00,52.2470022,21.0431703,92.5,11.51,0.164,0.015,0.978,0,11.821261822784173,3.0,8.466511419079762,0.0,2.0
3770,2026-05-11 14:41:28.100000+00:00,52.2469862,21.043173,92.4,14.54,0.131,-0.042,0.96,0,12.877843967614057,3.0,10.107119576793739,0.0,2.0
3775,2026-05-11 14:41:28.600000+00:00,52.2469656,21.0431765,92.1,17.22,0.156,-0.028,0.983,0,16.581424669333988,3.0,12.281045560920369,0.0,2.0
3780,2026-05-11 14:41:29.100000+00:00,52.2469412,21.043178,91.6,19.84,0.166,-0.018,0.965,0,19.54855710134925,3.0,14.844948427653373,0.0,2.0
3785,2026-05-11 14:41:29.600000+00:00,52.2469133,21.0431751,90.5,21.56,0.098,-0.011,0.953,0,22.38202366230569,3.0,17.744480680281182,0.0,2.0
3790,2026-05-11 14:41:30.100000+00:00,52.2468843,21.0431766,89.9,23.34,0.076,-0.012,0.974,0,23.22914020236604,3.0,20.891937122339257,0.0,2.0
3795,2026-05-11 14:41:30.600000+00:00,52.2468547,21.0431819,89.8,24.51,0.075,-0.005,0.985,0,23.839840727841374,3.0,24.180249899530583,0.0,2.0
3800,2026-05-11 14:41:31.100000+00:00,52.2468229,21.0431872,89.7,26.1,0.064,-0.037,0.947,0,25.59139878481252,3.0,27.71357937736916,0.0,2.0
3805,2026-05-11 14:41:31.600000+00:00,52.2467888,21.0431924,89.5,28.01,0.002,-0.083,0.979,0,27.419311026682553,3.0,31.5014893867816,0.0,2.0
3810,2026-05-11 14:41:32.100000+00:00,52.2467529,21.0431965,89.3,29.49,0.104,-0.043,0.975,0,28.8118433247699,3.0,35.47749895798712,0.0,2.0
3815,2026-05-11 14:41:32.600000+00:00,52.2467153,21.0432002,89.2,30.84,0.062,-0.013,0.961,0,30.157276959487163,3.0,39.64068475896066,0.0,2.0
3820,2026-05-11 14:41:33.100000+00:00,52.2466762,21.0432038,89.0,31.79,0.061,-0.017,0.971,0,31.35329466940664,3.0,43.97247503501021,0.0,2.0
3825,2026-05-11 14:41:33.600000+00:00,52.2466359,21.0432071,89.0,33.1,0.05,-0.045,0.966,0,32.30484409936543,3.0,48.43747721019211,0.0,2.0
3830,2026-05-11 14:41:34.100000+00:00,52.2465945,21.0432085,89.0,34.07,-0.002,-0.067,0.965,0,33.15208726296625,3.0,53.010002765098015,0.0,2.0
3835,2026-05-11 14:41:34.600000+00:00,52.2465514,21.0432089,88.9,35.54,0.032,-0.064,0.965,0,34.50656670213655,3.0,57.76681797102581,0.0,2.0
3840,2026-05-11 14:41:35.100000+00:00,52.246507,21.0432074,88.9,36.3,0.032,-0.064,0.972,0,35.55439775726837,3.0,62.658191882389936,0.0,2.0
3845,2026-05-11 14:41:35.600000+00:00,52.2464615,21.043205,88.9,37.45,0.037,-0.068,0.97,0,36.44644973155649,3.0,67.67185626712086,0.0,2.0
3850,2026-05-11 14:41:36.100000+00:00,52.2464144,21.0432006,88.9,38.67,0.138,-0.03,0.976,0,37.770054364624656,3.0,72.85710067202479,0.0,2.0
3855,2026-05-11 14:41:36.600000+00:00,52.2463661,21.0431951,88.9,39.53,0.058,-0.024,0.964,0,38.76301637415532,3.0,78.1775440037119,0.0,2.0
3860,2026-05-11 14:41:37.100000+00:00,52.2463164,21.0431901,88.8,40.44,0.044,0.024,0.964,0,39.86540491650731,,83.66375611759932,0.0,2.0
3865,2026-05-11 14:41:37.600000+00:00,52.2462659,21.0431863,88.7,41.07,0.033,0.011,0.983,0,40.4733614534975,,89.25004941636715,0.0,2.0
3870,2026-05-11 14:41:38.100000+00:00,52.2462143,21.0431824,88.5,42.2,0.051,0.004,0.962,0,41.355349036009194,,94.96222684885599,0.0,2.0
3875,2026-05-11 14:41:38.600000+00:00,52.2461626,21.0431787,88.4,41.6,-0.01,0.006,0.96,0,41.43091662532396,,100.6897857534378,0.0,2.0
3880,2026-05-11 14:41:39.100000+00:00,52.2461106,21.0431758,88.2,41.78,-0.003,0.01,0.991,0,41.655643302963945,,106.45600631281303,0.0,2.0
3885,2026-05-11 14:41:39.600000+00:00,52.2460589,21.0431722,88.0,41.26,-0.006,0.011,0.953,0,41.42879989686013,,112.18892832001066,0.0,2.0
3890,2026-05-11 14:41:40.100000+00:00,52.2460075,21.043168,87.8,41.34,-0.016,0.002,0.987,0,41.20248681089445,,117.88907430083074,0.0,2.0
3895,2026-05-11 14:41:40.600000+00:00,52.2459563,21.0431632,87.6,41.1,-0.012,0.0,0.965,0,41.058371143250206,,123.5677486400555,0.0,2.0
3900,2026-05-11 14:41:41.100000+00:00,52.2459052,21.0431573,87.4,41.26,-0.01,0.006,0.973,0,41.012936021852205,,129.23532542974598,0.0,2.0
3905,2026-05-11 14:41:41.600000+00:00,52.2458547,21.0431514,87.2,40.42,-0.015,0.021,0.978,0,40.533784159524025,,134.8386180872862,0.0,2.0
3910,2026-05-11 14:41:42.100000+00:00,52.2458039,21.0431472,87.0,40.99,-0.009,0.023,0.966,0,40.72273232223787,,140.47969359547074,0.0,2.0
3915,2026-05-11 14:41:42.600000+00:00,52.2457534,21.043143,86.8,40.42,0.0,0.024,0.972,0,40.48286036330323,,146.08856465564358,0.0,2.0
3920,2026-05-11 14:41:43.100000+00:00,52.2457032,21.0431391,86.6,40.14,0.0,0.029,0.979,0,40.23573679334886,,151.66541022578429,0.0,2.0
3925,2026-05-11 14:41:43.600000+00:00,52.2456532,21.043136,86.6,39.99,-0.002,0.038,0.963,0,40.05900595687042,,157.2215534858665,0.0,2.0
3930,2026-05-11 14:41:44.100000+00:00,52.2456036,21.0431335,86.4,39.8,0.005,0.029,0.988,0,39.728837310006064,,162.73422340707168,0.0,2.0
3935,2026-05-11 14:41:44.600000+00:00,52.2455545,21.0431309,86.4,39.19,-0.005,0.014,0.962,0,39.33028600143656,,168.19156992520004,0.0,2.0
3940,2026-05-11 14:41:45.100000+00:00,52.2455054,21.0431275,86.3,39.39,0.003,0.002,0.985,0,39.34494613833468,,173.64875400834762,0.0,2.0
3945,2026-05-11 14:41:45.600000+00:00,52.2454558,21.0431243,86.2,39.69,0.011,-0.001,0.952,0,39.740901834923015,,179.16208416303883,0.0,2.0
3950,2026-05-11 14:41:46.100000+00:00,52.2454065,21.0431207,86.0,39.84,-0.007,0.011,0.971,0,39.50918138745218,,184.64226952382626,0.0,2.0
3955,2026-05-11 14:41:46.600000+00:00,52.2453577,21.0431173,85.9,39.15,-0.019,0.017,0.982,0,39.10498224649539,,190.0673328323165,0.0,2.0
3960,2026-05-11 14:41:47.100000+00:00,52.2453092,21.0431139,85.8,38.98,-0.03,0.003,0.951,0,38.86502086217415,,195.4593812385308,0.0,2.0
3965,2026-05-11 14:41:47.600000+00:00,52.2452612,21.0431101,85.7,38.53,-0.035,0.008,0.99,0,38.474085913268475,,200.79609873487087,0.0,2.0
3970,2026-05-11 14:41:48.100000+00:00,52.2452136,21.0431057,85.6,38.2,-0.002,0.011,0.956,0,38.16971305169342,,206.0886825528559,0.0,2.0
3975,2026-05-11 14:41:48.600000+00:00,52.2451663,21.0431016,85.4,37.97,-0.013,0.002,0.981,0,37.92184012856207,,211.34832383425763,0.0,2.0
3980,2026-05-11 14:41:49.100000+00:00,52.2451195,21.0430964,85.3,37.68,-0.026,-0.013,0.964,0,37.55484946724936,,216.55291115882537,0.0,2.0
3985,2026-05-11 14:41:49.600000+00:00,52.2450727,21.0430908,85.0,37.29,-0.032,-0.021,0.972,0,37.568667800830305,,221.75814951099872,0.0,2.0
3990,2026-05-11 14:41:50.100000+00:00,52.2450268,21.0430838,84.9,36.36,-0.02,-0.018,0.977,0,36.90755772038138,,226.86448066638272,0.0,2.0
3995,2026-05-11 14:41:50.600000+00:00,52.2449811,21.0430756,84.7,36.92,-0.002,-0.024,0.961,0,36.80772089650664,,231.95013397389704,0.0,2.0
4000,2026-05-11 14:41:51.100000+00:00,52.2449347,21.0430654,84.6,37.37,-0.005,-0.045,0.961,0,37.48298655999241,,237.11626962389252,0.0,2.0
4005,2026-05-11 14:41:51.600000+00:00,52.2448883,21.0430523,84.4,37.53,-0.009,-0.064,0.98,0,37.69895362334069,,242.28695382453176,0.0,2.0
4010,2026-05-11 14:41:52.100000+00:00,52.2448417,21.0430371,84.4,37.79,-0.021,-0.074,0.956,0,38.04489388704276,,247.48524785552073,0.0,2.0
4015,2026-05-11 14:41:52.600000+00:00,52.2447955,21.0430184,84.5,38.2,-0.022,-0.068,0.982,0,38.106857633777366,,252.64807924070064,0.0,2.0
4020,2026-05-11 14:41:53.100000+00:00,52.2447497,21.0429972,84.5,38.2,-0.024,-0.069,0.96,0,38.111872925304446,,257.7765028308679,0.0,2.0
4025,2026-05-11 14:41:53.600000+00:00,52.2447044,21.0429732,84.6,38.44,-0.037,-0.083,0.976,0,38.12782630637352,,262.86233437244374,0.0,2.0
4030,2026-05-11 14:41:54.100000+00:00,52.2446596,21.042947,84.7,38.38,-0.037,-0.068,0.963,0,38.09717077026334,,267.906708226904,0.0,2.0
4035,2026-05-11 14:41:54.600000+00:00,52.2446155,21.0429184,84.7,38.24,-0.043,-0.083,0.972,0,37.98830744432014,,272.89023429432586,0.0,2.0
4040,2026-05-11 14:41:55.100000+00:00,52.2445718,21.042886,84.8,38.3,-0.036,-0.074,0.967,0,38.42268176625016,,277.85391051935426,0.0,2.0
4045,2026-05-11 14:41:55.600000+00:00,52.2445296,21.0428501,84.8,38.21,-0.033,-0.071,0.975,0,38.09406894848849,,282.67920542766177,0.0,2.0
4050,2026-05-11 14:41:56.100000+00:00,52.2444885,21.0428117,84.8,38.58,-0.025,-0.075,0.961,0,37.908609455183814,,287.41063093446644,0.0,2.0
4055,2026-05-11 14:41:56.600000+00:00,52.244448,21.0427713,84.8,38.48,-0.026,-0.085,0.982,0,37.994117519760714,,292.10435713547196,0.0,2.0
4060,2026-05-11 14:41:57.100000+00:00,52.2444083,21.0427279,84.7,38.75,-0.009,-0.074,0.96,0,38.24710339339585,,296.74664815926735,0.0,2.0
4065,2026-05-11 14:41:57.600000+00:00,52.2443693,21.0426818,84.8,38.91,-0.018,-0.082,0.997,0,38.5434779946314,,301.3510949569987,0.0,2.0
4070,2026-05-11 14:41:58.100000+00:00,52.2443319,21.0426332,84.8,38.91,-0.021,-0.064,0.961,0,38.264086434247766,,305.8208019338501,0.0,2.0
4075,2026-05-11 14:41:58.600000+00:00,52.2442949,21.0425824,84.8,39.2,-0.045,-0.072,0.962,0,38.699035691009435,,310.29009501640013,0.0,2.0
4080,2026-05-11 14:41:59.100000+00:00,52.2442589,21.0425297,84.9,39.03,-0.065,-0.078,0.98,0,38.7050557794142,,314.03356447708745,0.0,2.0
4085,2026-05-11 14:41:59.600000+00:00,52.2442239,21.0424751,84.9,38.67,-0.033,-0.08,0.974,0,38.750024041249524,,308.76317010105345,0.0,2.0
4090,2026-05-11 14:42:00.100000+00:00,52.2441905,21.0424192,84.9,38.51,-0.027,-0.072,0.944,0,38.28756597791543,,303.5239573213474,0.0,2.0
4095,2026-05-11 14:42:00.600000+00:00,52.2441586,21.0423613,84.9,38.75,-0.042,-0.053,0.977,0,38.18179259502165,,298.26865021876205,0.0,2.0
4100,2026-05-11 14:42:01.100000+00:00,52.2441276,21.0423023,85.0,38.65,-0.021,-0.059,0.967,0,38.111232217397585,,293.00913542821627,0.0,2.0
4105,2026-05-11 14:42:01.600000+00:00,52.2440977,21.0422427,85.1,37.77,-0.036,-0.056,0.981,0,37.770741449940424,,287.7853805973999,0.0,2.0
4110,2026-05-11 14:42:02.100000+00:00,52.2440692,21.0421813,85.2,37.95,-0.022,-0.059,0.969,0,37.76986871780926,,282.5476611014158,0.0,2.0
4115,2026-05-11 14:42:02.600000+00:00,52.2440421,21.0421187,85.2,37.86,-0.037,-0.06,0.961,0,37.58229221030544,,277.3292861936915,0.0,2.0
4120,2026-05-11 14:42:03.100000+00:00,52.2440162,21.0420563,85.0,37.36,-0.028,-0.048,0.983,0,36.954793366488914,,272.19670948865905,0.0,2.0
4125,2026-05-11 14:42:03.600000+00:00,52.2439918,21.0419925,85.0,36.63,-0.03,-0.043,0.959,0,36.874843574321744,,267.0781783860451,0.0,2.0
4130,2026-05-11 14:42:04.100000+00:00,52.2439689,21.0419275,85.1,36.94,-0.036,-0.048,0.987,0,36.761668055389336,,261.98535950168224,0.0,2.0
4135,2026-05-11 14:42:04.600000+00:00,52.243947,21.0418616,85.1,36.83,-0.024,-0.027,0.928,0,36.756175334440165,,256.9047321967184,0.0,2.0
4140,2026-05-11 14:42:05.100000+00:00,52.2439259,21.0417958,85.1,36.55,-0.037,-0.032,1.003,0,36.41158301253908,,251.88080998947393,0.0,2.0
4145,2026-05-11 14:42:05.600000+00:00,52.2439064,21.0417295,85.1,35.95,-0.025,-0.031,0.955,0,36.056059357376455,,246.93077139559477,0.0,2.0
4150,2026-05-11 14:42:06.100000+00:00,52.2438886,21.0416625,85.0,36.27,-0.032,-0.054,0.979,0,35.80250909711591,,242.05140134359266,0.0,2.0
4155,2026-05-11 14:42:06.600000+00:00,52.2438721,21.0415955,84.9,36.09,-0.033,-0.052,0.954,0,35.401127401947775,,237.2586640460625,0.0,2.0
4160,2026-05-11 14:42:07.100000+00:00,52.2438567,21.0415271,84.9,35.9,-0.037,-0.084,0.984,0,35.725364608782485,,232.4638174528508,0.0,2.0
4165,2026-05-11 14:42:07.600000+00:00,52.243843,21.0414575,84.9,36.0,-0.02,-0.051,0.952,0,35.83836878069312,,227.71974565861782,0.0,2.0
4170,2026-05-11 14:42:08.100000+00:00,52.2438312,21.0413871,84.9,35.96,-0.03,-0.079,0.982,0,35.780566675918045,,223.06613064616099,0.0,2.0
4175,2026-05-11 14:42:08.600000+00:00,52.2438214,21.0413163,84.9,35.77,-0.038,-0.075,0.956,0,35.582753691846655,,218.5370265099598,0.0,2.0
4180,2026-05-11 14:42:09.100000+00:00,52.2438137,21.0412444,84.9,35.97,-0.043,-0.09,1.002,0,35.78125751902391,,214.1075236696095,0.0,2.0
4185,2026-05-11 14:42:09.600000+00:00,52.2438082,21.041172,84.9,36.04,-0.033,-0.076,0.923,0,35.76343513878165,,209.82539142055978,0.0,2.0
4190,2026-05-11 14:42:10.100000+00:00,52.2438045,21.0410998,84.9,35.78,-0.039,-0.077,1.007,0,35.51703063046915,,205.70957393540036,0.0,2.0
4195,2026-05-11 14:42:10.600000+00:00,52.2438018,21.0410283,85.0,36.04,-0.015,-0.031,0.937,0,35.116732863911494,,201.737839409689,0.0,2.0
4200,2026-05-11 14:42:11.100000+00:00,52.2438007,21.0409559,85.0,35.88,-0.044,-0.05,0.997,0,35.50225617231192,,197.87484511511812,0.0,2.0
4205,2026-05-11 14:42:11.600000+00:00,52.2438006,21.0408836,85.0,35.85,-0.03,-0.012,0.96,0,35.4424014066451,,194.13863379837895,0.0,2.0
4210,2026-05-11 14:42:12.100000+00:00,52.2438008,21.040812,85.0,34.92,-0.029,0.0,0.998,0,35.09952793495044,,190.51408285998806,0.0,2.0
4215,2026-05-11 14:42:12.600000+00:00,52.2438012,21.0407413,85.0,34.68,-0.016,0.048,0.944,0,34.65945136858017,,187.0062845329444,0.0,2.0
4220,2026-05-11 14:42:13.100000+00:00,52.243801,21.0406708,85.0,34.35,-0.006,0.048,0.992,0,34.560300376058926,,183.5209308151587,0.0,2.0
4225,2026-05-11 14:42:13.600000+00:00,52.2438003,21.0406017,85.0,33.69,-0.007,0.026,0.968,0,33.87826895749225,,180.12367596849185,0.0,2.0
4230,2026-05-11 14:42:14.100000+00:00,52.2437998,21.0405329,84.9,33.54,-0.018,0.02,0.976,0,33.72894575768013,,176.8165759193692,0.0,2.0
4235,2026-05-11 14:42:14.600000+00:00,52.2437996,21.0404657,84.9,32.76,-0.026,0.0,0.964,0,32.94262080411154,,173.67119948787274,0.0,2.0
4240,2026-05-11 14:42:15.100000+00:00,52.2437998,21.0403999,84.9,32.03,-0.031,0.008,0.978,0,32.256332589868755,,170.68702023336962,0.0,2.0
4245,2026-05-11 14:42:15.600000+00:00,52.2438003,21.0403349,84.9,31.46,-0.028,0.006,0.973,0,31.86627987082588,,167.8300964593678,0.0,2.0
4250,2026-05-11 14:42:16.100000+00:00,52.2438012,21.0402708,84.9,31.23,-0.029,0.018,0.967,0,31.43083460955297,,165.11560889710833,0.0,2.0
4255,2026-05-11 14:42:16.600000+00:00,52.2438013,21.040208,84.7,29.96,-0.037,0.055,0.99,0,30.78540285270505,,162.45742698623297,0.0,2.0
4260,2026-05-11 14:42:17.100000+00:00,52.2438004,21.0401488,84.8,28.99,-0.027,0.046,0.959,0,29.029480371609935,,159.9273792523458,0.0,2.0
4265,2026-05-11 14:42:17.600000+00:00,52.2438003,21.0400912,84.8,28.2,-0.039,0.022,0.971,0,28.23631165326982,,157.5957664646079,0.0,2.0
4270,2026-05-11 14:42:18.100000+00:00,52.2438,21.0400349,84.8,27.18,-0.027,0.017,0.97,0,27.599968046900557,,155.36012457639498,0.0,2.0
4275,2026-05-11 14:42:18.600000+00:00,52.2438,21.0399798,84.8,26.53,-0.025,0.02,0.975,0,27.010668931898167,,153.26065644800977,0.0,2.0
4280,2026-05-11 14:42:19.100000+00:00,52.2438003,21.0399268,84.8,25.97,-0.028,0.017,0.96,0,25.98233425394749,,151.32969170966044,0.0,2.0
4285,2026-05-11 14:42:19.600000+00:00,52.243801,21.0398756,84.8,25.12,-0.03,0.022,0.972,0,25.10509858225562,,149.56237488589022,0.0,2.0
4290,2026-05-11 14:42:20.100000+00:00,52.2438018,21.0398258,84.9,24.17,-0.027,0.029,0.985,0,24.42094608816893,,147.91346937862434,0.0,2.0
4295,2026-05-11 14:42:20.600000+00:00,52.2438026,21.0397777,84.9,23.52,-0.025,0.027,0.959,0,23.5878824533008,,146.38050401723225,0.0,2.0
4300,2026-05-11 14:42:21.100000+00:00,52.2438032,21.0397307,85.0,22.72,-0.026,0.03,0.972,0,23.04495904171833,,144.9205990128683,0.0,2.0
4305,2026-05-11 14:42:21.600000+00:00,52.2438037,21.039686,85.0,21.69,-0.055,0.044,0.985,0,21.916120839309183,,143.5775533423501,0.0,2.0
4310,2026-05-11 14:42:22.100000+00:00,52.243804,21.0396435,85.1,20.65,-0.018,0.046,0.966,0,20.835383125876096,,142.33164670026522,0.0,2.0
4315,2026-05-11 14:42:22.600000+00:00,52.2438039,21.039603,85.1,19.67,-0.024,0.036,0.965,0,19.853736638788874,,141.15033404811018,0.0,2.0
4320,2026-05-11 14:42:23.100000+00:00,52.2438038,21.0395641,85.1,18.76,-0.04,0.034,0.978,0,19.069404546993674,,140.05702900114818,0.0,2.0
4325,2026-05-11 14:42:23.600000+00:00,52.2438037,21.0395269,85.1,17.96,-0.024,0.037,0.97,0,18.236052319809925,,139.0502091350117,0.0,2.0
4330,2026-05-11 14:42:24.100000+00:00,52.2438032,21.0394914,85.1,17.3,-0.02,0.043,0.97,0,17.40712010726716,,138.08409368166315,0.0,2.0
4335,2026-05-11 14:42:24.600000+00:00,52.2438026,21.0394571,85.2,16.62,-0.019,0.046,0.979,0,16.82112313188743,,137.1725042307826,0.0,2.0
4340,2026-05-11 14:42:25.100000+00:00,52.2438013,21.0394248,85.2,15.79,-0.021,0.062,0.967,0,15.868009088658559,,136.26831790627406,0.0,2.0
4345,2026-05-11 14:42:25.600000+00:00,52.2437999,21.0393941,85.2,15.02,-0.022,0.044,0.971,0,15.091182341625665,,135.4193112519242,0.0,2.0
4350,2026-05-11 14:42:26.100000+00:00,52.2437985,21.0393645,85.2,14.5,-0.027,0.042,0.969,0,14.553494284147087,,134.62126665614016,0.0,2.0
4355,2026-05-11 14:42:26.600000+00:00,52.2437967,21.0393362,85.2,13.81,-0.002,0.034,0.973,0,13.947641143438762,,133.8334721431288,0.0,2.0
4360,2026-05-11 14:42:27.100000+00:00,52.2437953,21.0393083,85.2,13.58,-0.008,0.029,0.976,0,13.722760491702884,,133.1196971454292,0.0,2.0
4365,2026-05-11 14:42:27.600000+00:00,52.2437936,21.0392813,85.2,13.09,-0.002,0.035,0.975,0,13.305512616555124,,132.4145421611401,0.0,2.0
4370,2026-05-11 14:42:28.100000+00:00,52.2437922,21.0392541,85.4,12.72,-0.009,0.041,0.967,0,13.380789026423503,,131.76006805231256,0.0,2.0
4375,2026-05-11 14:42:28.600000+00:00,52.2437899,21.0392289,85.5,11.54,-0.046,0.074,0.979,0,12.489823901830851,,131.06644913325428,0.0,2.0
4380,2026-05-11 14:42:29.100000+00:00,52.2437875,21.0392063,85.4,10.76,-0.051,0.036,0.962,0,11.244177567874814,,130.4245043093069,0.0,2.0
4385,2026-05-11 14:42:29.600000+00:00,52.2437861,21.0391869,85.4,8.6,-0.063,0.033,0.991,0,9.575933914055819,,129.95725925706606,0.0,2.0
4390,2026-05-11 14:42:30.100000+00:00,52.2437841,21.0391715,85.4,7.66,-0.057,0.039,0.975,0,7.717204754899645,,129.4986447734936,0.0,2.0
4395,2026-05-11 14:42:30.600000+00:00,52.2437829,21.0391579,85.4,6.17,-0.052,0.043,0.978,0,6.735749045873541,,129.16108689045177,0.0,2.0
4400,2026-05-11 14:42:31.100000+00:00,52.2437824,21.0391433,85.5,6.16,-0.004,0.026,0.979,0,7.168280595251862,,128.8909110001588,0.0,2.0
4405,2026-05-11 14:42:31.600000+00:00,52.2437808,21.0391318,85.6,5.54,0.0,0.047,0.969,0,5.781139805032856,,128.55193738744956,0.0,2.0
4410,2026-05-11 14:42:32.100000+00:00,52.2437787,21.0391225,85.6,4.5,-0.036,0.034,0.971,0,4.859102987916124,,128.19307645547073,0.0,2.0
4415,2026-05-11 14:42:32.600000+00:00,52.2437775,21.0391157,85.6,2.37,-0.1,0.038,0.981,0,3.469124485950447,,127.96884663954631,0.0,2.0
4420,2026-05-11 14:42:33.100000+00:00,52.2437759,21.0391102,85.9,0.59,-0.104,0.038,0.988,0,2.984993280609824,,127.71992126838718,0.0,2.0
4425,2026-05-11 14:42:33.600000+00:00,52.2437756,21.0391085,85.9,0.44,0.008,0.016,0.967,0,0.8672811645575018,,127.66436311488366,0.0,2.0
4430,2026-05-11 14:42:34.100000+00:00,52.2437751,21.0391062,85.9,1.26,0.049,0.012,0.967,0,1.1964405645045162,,127.57907620882052,0.0,2.0
4435,2026-05-11 14:42:34.600000+00:00,52.2437745,21.0391026,86.1,0.4,-0.018,0.02,0.977,0,1.828971730090313,,127.4658225105117,0.0,2.0
4440,2026-05-11 14:42:35.100000+00:00,52.2437749,21.0391018,86.1,0.08,-0.017,0.019,0.987,0,0.5063117382200191,,127.49888990139266,0.0,2.0
4445,2026-05-11 14:42:35.600000+00:00,52.2437753,21.0391011,86.1,0.07,0.014,0.013,0.964,0,0.46936701959102367,,127.53330351078215,0.0,2.0
4450,2026-05-11 14:42:36.100000+00:00,52.2437755,21.0391006,86.1,0.06,0.015,0.021,0.978,0,0.29277226414185614,,127.5485476091499,0.0,2.0
4455,2026-05-11 14:42:36.600000+00:00,52.2437758,21.0391003,86.0,0.03,0.009,0.014,0.975,0,0.28162854828950545,,127.57733883584856,0.0,2.0
4460,2026-05-11 14:42:37.100000+00:00,52.243776,21.0391,85.9,0.08,0.014,0.015,0.978,0,0.21740823798302447,,127.59522430830629,0.0,2.0
4465,2026-05-11 14:42:37.600000+00:00,52.2437762,21.0390999,85.8,0.1,0.015,0.019,0.976,0,0.16745660870419946,,127.61573568349309,0.0,2.0
4470,2026-05-11 14:42:38.100000+00:00,52.2437764,21.0390998,85.7,0.13,0.014,0.015,0.976,0,0.16745660863951858,,127.63624800053087,0.0,2.0
4475,2026-05-11 14:42:38.600000+00:00,52.2437766,21.0390998,85.7,0.0,0.019,0.019,0.977,0,0.16012069092710135,,127.65807126723551,0.0,2.0
4480,2026-05-11 14:42:39.100000+00:00,52.2437768,21.0390998,85.6,0.08,0.012,0.019,0.977,0,0.1601206960198276,,127.67989467809834,0.0,2.0
4485,2026-05-11 14:42:39.600000+00:00,52.243777,21.0390999,85.6,0.12,0.021,0.018,0.976,0,0.16745660844547589,,127.70302814312927,0.0,2.0
4490,2026-05-11 14:42:40.100000+00:00,52.243777,21.0390998,85.5,0.07,0.007,0.015,0.978,0,0.04902120365062606,,127.70171823235168,0.0,2.0
4495,2026-05-11 14:42:40.600000+00:00,52.2437771,21.0391001,85.5,0.08,0.009,0.017,0.978,0,0.16744361704786304,,127.71656050870335,0.0,2.0
4500,2026-05-11 14:42:41.100000+00:00,52.243777,21.0391005,85.4,0.08,0.022,0.02,0.977,0,0.21179922934418977,,127.71089494820359,0.0,2.0
4505,2026-05-11 14:42:41.600000+00:00,52.243777,21.0391007,85.4,0.09,0.011,0.018,0.977,0,0.09804240574210595,,127.71352001266727,0.0,2.0
4510,2026-05-11 14:42:42.100000+00:00,52.243777,21.0391009,85.3,0.08,0.019,0.019,0.976,0,0.09804240730125212,,127.71614647508885,0.0,2.0
4515,2026-05-11 14:42:42.600000+00:00,52.2437768,21.0391015,85.2,0.05,0.015,0.018,0.978,0,0.3348872325339845,,127.70221450842689,0.0,2.0
4520,2026-05-11 14:42:43.100000+00:00,52.2437765,21.0391023,85.2,0.1,0.015,0.017,0.977,0,0.4598738382099827,,127.68002626905611,0.0,2.0
4525,2026-05-11 14:42:43.600000+00:00,52.2437762,21.0391028,85.1,0.07,0.016,0.018,0.977,0,0.3431674453524828,,127.65390119397297,0.0,2.0
4530,2026-05-11 14:42:44.100000+00:00,52.243776,21.0391033,85.0,0.01,0.016,0.02,0.976,0,0.29277226499532927,,127.63869606648306,0.0,2.0
4535,2026-05-11 14:42:44.600000+00:00,52.243776,21.0391036,85.0,0.04,0.014,0.016,0.976,0,0.1470636127069844,,127.64266692189892,0.0,2.0
4540,2026-05-11 14:42:45.100000+00:00,52.2437759,21.0391037,84.9,0.13,0.013,0.015,0.977,0,0.09387617625635387,,127.63308419745573,0.0,2.0
4545,2026-05-11 14:42:45.600000+00:00,52.2437758,21.0391037,84.9,0.36,0.035,0.013,0.982,0,0.08006035055627692,,127.62217719095291,0.0,2.0
4550,2026-05-11 14:42:46.100000+00:00,52.2437758,21.0391023,84.8,1.35,0.069,0.001,0.968,0,0.6862968618728473,,127.60366538669209,0.0,2.0
4555,2026-05-11 14:42:46.600000+00:00,52.2437755,21.0390988,84.7,2.21,0.06,0.008,0.982,0,1.7324716726742686,,127.52494840851888,0.0,2.0
4560,2026-05-11 14:42:47.100000+00:00,52.243775,21.0390941,84.6,2.55,0.048,0.01,0.974,0,2.3385127739310234,,127.40927551913305,0.0,2.0
4565,2026-05-11 14:42:47.600000+00:00,52.2437746,21.0390897,84.6,2.28,-0.028,0.024,0.971,0,2.180576692005175,,127.30907813823114,0.0,2.0
4570,2026-05-11 14:42:48.100000+00:00,52.2437742,21.0390863,84.6,1.44,0.006,0.018,0.978,0,1.6972075466637804,,127.22216012199912,0.0,2.0
4575,2026-05-11 14:42:48.600000+00:00,52.2437735,21.0390816,84.6,2.51,0.046,0.007,0.97,0,2.3711756873620873,,127.08655633109335,0.0,2.0
4580,2026-05-11 14:42:49.100000+00:00,52.2437729,21.0390768,84.5,2.33,0.014,0.017,0.972,0,2.4015497521807347,,126.96136386318385,0.0,2.0
4585,2026-05-11 14:42:49.600000+00:00,52.2437727,21.0390731,84.5,1.61,-0.005,0.023,0.977,0,1.8208386891397939,,126.89409128156674,0.0,2.0
4590,2026-05-11 14:42:50.100000+00:00,52.2437723,21.0390703,84.6,1.02,-0.052,0.037,0.975,0,1.4094567624322418,,126.81628608182864,0.0,2.0
4595,2026-05-11 14:42:50.600000+00:00,52.2437721,21.0390699,84.7,0.23,-0.036,0.029,0.991,0,0.25315587867372813,,126.78955960592637,0.0,2.0
4600,2026-05-11 14:42:51.100000+00:00,52.2437722,21.03907,84.9,0.08,0.008,0.01,0.954,0,0.0938761827917606,,126.80171206412041,0.0,2.0
4605,2026-05-11 14:42:51.600000+00:00,52.2437723,21.0390695,85.2,0.06,0.02,0.02,0.982,0,0.25785001696446364,,126.80660904689539,0.0,2.0
4610,2026-05-11 14:42:52.100000+00:00,52.2437714,21.0390675,85.5,0.09,0.02,0.016,0.974,0,1.2167226332228485,,126.68401102024464,0.0,2.0
4615,2026-05-11 14:42:52.600000+00:00,52.2437706,21.0390659,85.7,0.18,0.013,0.017,0.981,0,1.0126235315261287,,126.57725254426721,0.0,2.0
4620,2026-05-11 14:42:53.100000+00:00,52.24377,21.0390649,85.9,0.11,0.009,0.016,0.972,0,0.6863349324282068,,126.49961504390492,0.0,2.0
4625,2026-05-11 14:42:53.600000+00:00,52.2437695,21.039064,86.0,0.04,0.015,0.017,0.974,0,0.5957271921323283,,126.43414112680765,0.0,2.0
4630,2026-05-11 14:42:54.100000+00:00,52.2437691,21.0390632,86.2,0.12,0.016,0.016,0.976,0,0.5063117751861526,,126.38082511835343,0.0,2.0
4635,2026-05-11 14:42:54.600000+00:00,52.2437686,21.0390624,86.3,0.13,0.015,0.018,0.977,0,0.5603914285290631,,126.31657649113356,0.0,2.0
4640,2026-05-11 14:42:55.100000+00:00,52.2437681,21.0390615,86.4,0.04,0.018,0.017,0.975,0,0.5957272058633485,,126.25115881819374,0.0,2.0
4645,2026-05-11 14:42:55.600000+00:00,52.2437671,21.0390593,86.6,0.05,0.014,0.017,0.975,0,1.3431516411309095,,126.11567230837275,0.0,2.0
4650,2026-05-11 14:42:56.100000+00:00,52.2437668,21.0390588,86.7,0.13,0.025,0.02,0.977,0,0.34316747998773195,,126.07693271460155,0.0,2.0
4655,2026-05-11 14:42:56.600000+00:00,52.2437665,21.0390583,86.5,0.06,0.015,0.021,0.974,0,0.3431674800577134,,126.03819923761321,0.0,2.0
4660,2026-05-11 14:42:57.100000+00:00,52.2437661,21.0390578,86.3,0.12,0.016,0.019,0.975,0,0.40327600264193736,,125.98851864597073,0.0,2.0
4665,2026-05-11 14:42:57.600000+00:00,52.2437658,21.0390574,86.3,0.12,0.022,0.019,0.979,0,0.31005839382095346,,125.95096870449132,0.0,2.0
4670,2026-05-11 14:42:58.100000+00:00,52.2437657,21.039057,86.3,0.05,0.015,0.021,0.976,0,0.21179927364896592,,125.93533007913875,0.0,2.0
4675,2026-05-11 14:42:58.600000+00:00,52.2437656,21.0390565,86.3,0.09,0.015,0.019,0.977,0,0.25785005003814687,,125.91852732987826,0.0,2.0
4680,2026-05-11 14:42:59.100000+00:00,52.2437652,21.0390555,86.3,0.19,0.023,0.021,0.976,0,0.5855446276481915,,125.86303500620052,0.0,2.0
4685,2026-05-11 14:42:59.600000+00:00,52.2437646,21.0390542,86.3,0.24,0.013,0.019,0.977,0,0.7980402215017718,,125.78217182694476,0.0,2.0
4690,2026-05-11 14:43:00.100000+00:00,52.243764,21.0390529,86.4,0.1,0.017,0.021,0.976,0,0.7980402271378714,,125.70135436369233,0.0,2.0
4695,2026-05-11 14:43:00.600000+00:00,52.2437637,21.0390518,86.4,0.0,0.018,0.02,0.976,0,0.5903046542495234,,125.65576626426028,0.0,2.0
4700,2026-05-11 14:43:01.100000+00:00,52.2437635,21.0390509,86.4,0.09,0.015,0.02,0.978,0,0.4693485929719517,,125.62347597545441,0.0,2.0
4705,2026-05-11 14:43:01.600000+00:00,52.2437635,21.0390505,86.3,0.12,0.023,0.021,0.976,0,0.19608487425904225,,125.61887501980766,0.0,2.0
4710,2026-05-11 14:43:02.100000+00:00,52.2437636,21.03905,86.3,0.12,0.016,0.02,0.978,0,0.2578500610647161,,125.62409226923532,0.0,2.0
4715,2026-05-11 14:43:02.600000+00:00,52.2437636,21.0390495,86.3,0.08,0.019,0.021,0.978,0,0.24510608759398758,,125.61835860558307,0.0,2.0
4720,2026-05-11 14:43:03.100000+00:00,52.2437633,21.0390483,86.3,0.12,0.02,0.022,0.976,0,0.6353978511007872,,125.57174824576954,0.0,2.0
4725,2026-05-11 14:43:03.600000+00:00,52.2437629,21.0390468,86.3,0.05,0.012,0.017,0.975,0,0.8020271285008246,,125.5108073656182,0.0,2.0
4730,2026-05-11 14:43:04.100000+00:00,52.2437626,21.0390453,86.3,0.12,0.019,0.024,0.976,0,0.7735502004405292,,125.46090057272244,0.0,2.0
4735,2026-05-11 14:43:04.600000+00:00,52.2437621,21.0390437,86.3,0.06,0.013,0.019,0.977,0,0.8805850005762996,,125.38800695316061,0.0,2.0
4740,2026-05-11 14:43:05.100000+00:00,52.2437618,21.039042,86.3,0.15,0.021,0.02,0.975,0,0.8672814136831112,,125.33600484584896,0.0,2.0
4745,2026-05-11 14:43:05.600000+00:00,52.2437615,21.0390403,86.3,0.06,0.015,0.021,0.975,0,0.86728141759881,,125.28409696982158,0.0,2.0
4750,2026-05-11 14:43:06.100000+00:00,52.2437611,21.0390385,86.3,0.09,0.015,0.018,0.976,0,0.9386972271992873,,125.22020353015523,0.0,2.0
4755,2026-05-11 14:43:06.600000+00:00,52.2437608,21.0390368,86.2,0.04,0.025,0.022,0.974,0,0.8672814316415179,,125.16848873551037,0.0,2.0
4760,2026-05-11 14:43:07.100000+00:00,52.2437603,21.0390351,86.2,0.1,0.014,0.021,0.977,0,0.9245169758453226,,125.09492020757963,0.0,2.0
4765,2026-05-11 14:43:07.600000+00:00,52.24376,21.0390333,86.2,0.09,0.026,0.021,0.976,0,0.9144861461406588,,125.04230037257133,0.0,2.0
4770,2026-05-11 14:43:08.100000+00:00,52.2437597,21.0390315,86.1,0.05,0.014,0.018,0.977,0,0.9144861518968801,,124.98978745462202,0.0,2.0
4775,2026-05-11 14:43:08.600000+00:00,52.2437594,21.0390298,86.0,0.11,0.025,0.022,0.976,0,0.8672814554958628,,124.93846038521409,0.0,2.0
4780,2026-05-11 14:43:09.100000+00:00,52.2437592,21.0390279,85.9,0.01,0.019,0.02,0.975,0,0.9450664616877968,,124.89606361913613,0.0,2.0
4785,2026-05-11 14:43:09.600000+00:00,52.2437589,21.0390261,85.8,0.02,0.01,0.019,0.976,0,0.914486167413659,,124.84387388116025,0.0,2.0
4790,2026-05-11 14:43:10.100000+00:00,52.2437587,21.0390244,85.7,0.02,0.021,0.022,0.976,0,0.8486040618146026,,124.80383545772682,0.0,2.0
4795,2026-05-11 14:43:10.600000+00:00,52.2437584,21.0390229,85.6,0.09,0.015,0.018,0.976,0,0.7735502665999415,,124.75501924713842,0.0,2.0
4800,2026-05-11 14:43:11.100000+00:00,52.2437581,21.0390214,85.4,0.06,0.02,0.018,0.978,0,0.773550268163114,,124.70627649085499,0.0,2.0
4805,2026-05-11 14:43:11.600000+00:00,52.2437577,21.0390199,85.2,0.06,0.02,0.023,0.976,0,0.8020272075041066,,124.64661944328562,0.0,2.0
4810,2026-05-11 14:43:12.100000+00:00,52.2437574,21.0390186,85.1,0.01,0.015,0.021,0.975,0,0.6810341651173808,,124.60010229171367,0.0,2.0
4815,2026-05-11 14:43:12.600000+00:00,52.2437571,21.0390177,85.0,0.11,0.02,0.022,0.976,0,0.5023310167440084,,124.55778566304879,0.0,2.0
4820,2026-05-11 14:43:13.100000+00:00,52.2437568,21.0390169,85.0,0.03,0.021,0.021,0.979,0,0.45987399200542467,,124.5165281705004,0.0,2.0
4825,2026-05-11 14:43:13.600000+00:00,52.2437565,21.0390162,84.9,0.16,0.018,0.019,0.976,0,0.4188530506822303,,124.47632193203712,0.0,2.0
4830,2026-05-11 14:43:14.100000+00:00,52.2437562,21.0390155,84.8,0.09,0.022,0.02,0.976,0,0.418853057146144,,124.43612989806076,0.0,2.0
4835,2026-05-11 14:43:14.600000+00:00,52.243756,21.0390148,84.8,0.1,0.011,0.02,0.976,0,0.3786681766890608,,124.4069441640285,0.0,2.0
4840,2026-05-11 14:43:15.100000+00:00,52.2437557,21.0390143,84.8,0.22,0.023,0.022,0.974,0,0.34316752266716644,,124.3688327129818,0.0,2.0
4845,2026-05-11 14:43:15.600000+00:00,52.2437555,21.0390141,84.8,0.08,0.013,0.02,0.978,0,0.18775239065014168,,124.3447958789878,0.0,2.0
4850,2026-05-11 14:43:16.100000+00:00,52.2437554,21.0390137,84.8,0.02,0.021,0.019,0.976,0,0.21179931434419175,,124.32970343768409,0.0,2.0
4855,2026-05-11 14:43:16.600000+00:00,52.2437552,21.0390132,84.7,0.08,0.011,0.019,0.976,0,0.2927723583982295,,124.30260007164836,0.0,2.0
4860,2026-05-11 14:43:17.100000+00:00,52.2437552,21.0390126,84.7,0.15,0.025,0.024,0.975,0,0.29412736328684647,,124.29647109510368,0.0,2.0
4865,2026-05-11 14:43:17.600000+00:00,52.2437552,21.0390124,84.7,0.09,0.01,0.019,0.976,0,0.09804245390923319,,124.29443101945454,0.0,2.0
4870,2026-05-11 14:43:18.100000+00:00,52.2437552,21.0390118,84.6,0.05,0.018,0.02,0.977,0,0.29412736328684647,,124.28831954304492,0.0,2.0
4875,2026-05-11 14:43:18.600000+00:00,52.2437552,21.0390113,84.5,0.08,0.015,0.021,0.975,0,0.24510613711180335,,124.28323667377838,0.0,2.0
4880,2026-05-11 14:43:19.100000+00:00,52.2437553,21.0390109,84.5,0.07,0.018,0.022,0.975,0,0.21179931323736337,,124.29017238578297,0.0,2.0
4885,2026-05-11 14:43:19.600000+00:00,52.2437555,21.0390103,84.4,0.1,0.017,0.023,0.974,0,0.33488735770120825,,124.306086298693,0.0,2.0
4890,2026-05-11 14:43:20.100000+00:00,52.2437559,21.0390097,84.4,0.03,0.015,0.02,0.977,0,0.43481657028929016,,124.34400885314086,0.0,2.0
4895,2026-05-11 14:43:20.600000+00:00,52.2437564,21.0390092,84.3,0.07,0.021,0.023,0.978,0,0.46938097639634846,,124.3939532120625,0.0,2.0
4900,2026-05-11 14:43:21.100000+00:00,52.2437568,21.0390083,84.3,0.11,0.012,0.02,0.977,0,0.5451642612623506,,124.42889781855224,0.0,2.0
4905,2026-05-11 14:43:21.600000+00:00,52.2437572,21.0390076,84.2,0.08,0.018,0.022,0.976,0,0.46936711730821046,,124.46587873085828,0.0,2.0
4910,2026-05-11 14:43:22.100000+00:00,52.2437576,21.0390071,84.2,0.03,0.015,0.021,0.978,0,0.4032760375133818,,124.50487849718608,0.0,2.0
4915,2026-05-11 14:43:22.600000+00:00,52.243758,21.0390065,84.2,0.09,0.021,0.021,0.976,0,0.4348165608733414,,124.54289537985775,0.0,2.0
4920,2026-05-11 14:43:23.100000+00:00,52.2437585,21.0390061,84.1,0.08,0.015,0.021,0.975,0,0.4457474196761099,,124.59391734268453,0.0,2.0
4925,2026-05-11 14:43:23.600000+00:00,52.2437589,21.0390057,84.1,0.09,0.019,0.02,0.976,0,0.3755047784900743,,124.63394832076877,0.0,2.0
4930,2026-05-11 14:43:24.100000+00:00,52.2437591,21.0390053,84.1,0.12,0.02,0.021,0.976,0,0.25315591861993025,,124.65198575377589,0.0,2.0
4935,2026-05-11 14:43:24.600000+00:00,52.2437591,21.039005,84.0,0.05,0.013,0.018,0.979,0,0.1470636687178424,,124.6490163596766,0.0,2.0
4940,2026-05-11 14:43:25.100000+00:00,52.2437591,21.0390048,84.0,0.04,0.01,0.019,0.976,0,0.09804244529217937,,124.64703858384762,0.0,2.0
4945,2026-05-11 14:43:25.600000+00:00,52.243759,21.0390046,83.9,0.05,0.019,0.022,0.977,0,0.12657796143879346,,124.63406043162442,0.0,2.0
4950,2026-05-11 14:43:26.100000+00:00,52.2437589,21.0390043,83.8,0.12,0.015,0.02,0.975,0,0.16744366486453097,,124.62009634890514,0.0,2.0
4955,2026-05-11 14:43:26.600000+00:00,52.2437587,21.039004,83.8,0.12,0.023,0.02,0.977,0,0.21740828007016877,,124.59513274753273,0.0,2.0
4960,2026-05-11 14:43:27.100000+00:00,52.2437584,21.0390038,83.8,0.08,0.012,0.021,0.977,0,0.25942100233317705,,124.56015428021507,0.0,2.0
4965,2026-05-11 14:43:27.600000+00:00,52.2437581,21.0390036,83.7,0.07,0.023,0.022,0.975,0,0.2594209931536382,,124.52517641432928,0.0,2.0
4970,2026-05-11 14:43:28.100000+00:00,52.2437577,21.0390035,83.8,0.15,0.019,0.021,0.976,0,0.3239716444224963,,124.48018136642739,0.0,2.0
4975,2026-05-11 14:43:28.600000+00:00,52.2437572,21.0390033,83.7,0.37,0.014,0.019,0.975,0,0.41213323927957085,,124.42319891852736,0.0,2.0
4980,2026-05-11 14:43:29.100000+00:00,52.243757,21.0390035,83.8,0.04,0.021,0.022,0.978,0,0.18775238376207595,,124.40316430549825,0.0,2.0
4985,2026-05-11 14:43:29.600000+00:00,52.2437567,21.0390035,83.8,0.17,0.015,0.018,0.977,0,0.2401810465761045,,124.37015730548434,0.0,2.0
4990,2026-05-11 14:43:30.100000+00:00,52.2437564,21.0390035,83.8,0.17,0.02,0.024,0.977,0,0.24018103639065203,,124.33715049447339,0.0,2.0
4995,2026-05-11 14:43:30.600000+00:00,52.2437561,21.0390036,83.8,0.01,0.023,0.022,0.977,0,0.24513264937423604,,124.30513045505607,0.0,2.0
5000,2026-05-11 14:43:31.100000+00:00,52.2437559,21.0390036,83.8,0.11,0.013,0.019,0.975,0,0.1601206960198276,,124.28312631791083,0.0,2.0
5005,2026-05-11 14:43:31.600000+00:00,52.2437557,21.0390037,83.8,0.05,0.02,0.023,0.977,0,0.1674566099432614,,124.26210956493073,0.0,2.0
5010,2026-05-11 14:43:32.100000+00:00,52.2437554,21.0390038,83.8,0.1,0.017,0.02,0.976,0,0.2451326445390296,,124.23009183168816,0.0,2.0
5015,2026-05-11 14:43:32.600000+00:00,52.2437553,21.0390041,83.8,0.14,0.021,0.024,0.979,0,0.16744368021364764,,124.2220563105836,0.0,2.0
5020,2026-05-11 14:43:33.100000+00:00,52.2437552,21.0390044,83.7,0.05,0.019,0.02,0.975,0,0.16744367563473336,,124.21402462528545,0.0,2.0
5025,2026-05-11 14:43:33.600000+00:00,52.243755,21.0390045,83.7,0.17,0.016,0.02,0.976,0,0.16745661549569368,,124.19301310197781,0.0,2.0
5030,2026-05-11 14:43:34.100000+00:00,52.2437549,21.0390048,83.7,0.04,0.019,0.02,0.975,0,0.16744368137799379,,124.18498700331116,0.0,2.0
5035,2026-05-11 14:43:34.600000+00:00,52.2437548,21.0390049,83.7,0.1,0.021,0.024,0.978,0,0.09387619277195453,,124.1749787009018,0.0,2.0
5040,2026-05-11 14:43:35.100000+00:00,52.2437548,21.039005,83.6,0.04,0.014,0.02,0.977,0,0.049021228176090254,,124.17597153882053,0.0,2.0
5045,2026-05-11 14:43:35.600000+00:00,52.2437548,21.0390052,83.6,0.09,0.026,0.024,0.976,0,0.09804245479303357,,124.17795831074251,0.0,2.0
5050,2026-05-11 14:43:36.100000+00:00,52.2437548,21.0390051,83.6,0.03,0.013,0.02,0.974,0,0.0490212266169433,,124.17696474211424,0.0,2.0
5055,2026-05-11 14:43:36.600000+00:00,52.2437549,21.0390051,83.6,0.09,0.018,0.023,0.977,0,0.08006034546355068,,124.1879652531787,0.0,2.0
5060,2026-05-11 14:43:37.100000+00:00,52.2437549,21.0390052,83.6,0.04,0.015,0.02,0.976,0,0.049021226506468264,,124.18895873379559,0.0,2.0
5065,2026-05-11 14:43:37.600000+00:00,52.243755,21.0390053,83.6,0.02,0.012,0.021,0.976,0,0.09387619787166171,,124.2009529367026,0.0,2.0
5070,2026-05-11 14:43:38.100000+00:00,52.243755,21.0390055,83.6,0.24,0.024,0.023,0.976,0,0.09804245435113337,,124.20294154841848,0.0,2.0
5075,2026-05-11 14:43:38.600000+00:00,52.2437549,21.0390054,83.6,0.29,0.014,0.018,0.979,0,0.09387619705749052,,124.19094679106317,0.0,2.0
5080,2026-05-11 14:43:39.100000+00:00,52.2437548,21.0390055,83.7,0.16,0.041,0.022,0.98,0,0.09387619277195453,,124.18094120879985,0.0,2.0
5085,2026-05-11 14:43:39.600000+00:00,52.2437542,21.0390034,83.7,1.76,0.136,-0.018,0.969,0,1.1360045601385598,,124.09411840653614,0.0,2.0
5090,2026-05-11 14:43:40.100000+00:00,52.2437528,21.0389955,83.7,4.9,0.205,-0.024,0.966,0,4.0316151980270085,,123.86311241340911,0.0,2.0
5095,2026-05-11 14:43:40.600000+00:00,52.2437506,21.0389816,83.7,8.26,0.171,-0.033,0.966,0,7.037911974196572,,123.49078846906629,0.0,2.0
5100,2026-05-11 14:43:41.100000+00:00,52.2437473,21.038962,83.7,11.15,0.248,-0.004,0.965,0,9.964782674441299,,122.95524167990116,0.0,2.0
5105,2026-05-11 14:43:41.600000+00:00,52.2437436,21.0389377,83.8,13.71,0.16,-0.019,0.972,0,12.27495006689738,,122.35300953478281,0.0,2.0
5110,2026-05-11 14:43:42.100000+00:00,52.2437389,21.0389087,83.8,15.87,0.167,0.017,0.977,0,14.705718368632176,,121.6301898799669,0.0,2.0
5115,2026-05-11 14:43:42.600000+00:00,52.243732,21.038874,83.9,18.93,0.161,0.0,0.96,0,17.884887231654027,,120.66350699000704,0.0,2.0
5120,2026-05-11 14:43:43.100000+00:00,52.2437246,21.0388349,83.9,20.99,0.124,0.002,0.975,0,20.062031863570805,,119.66833316093324,0.0,2.0
5125,2026-05-11 14:43:43.600000+00:00,52.2437177,21.0387941,84.0,21.95,0.055,0.002,0.954,0,20.749540480308813,,118.7820809301855,0.0,2.0
5130,2026-05-11 14:43:44.100000+00:00,52.2437119,21.0387552,84.2,21.28,-0.057,0.035,1.002,0,19.626495692824413,,118.0830441382165,0.0,2.0
5135,2026-05-11 14:43:44.600000+00:00,52.2437057,21.0387169,84.4,20.2,-0.033,0.029,0.958,0,19.420220769835467,,117.39812736359353,0.0,2.0
5140,2026-05-11 14:43:45.100000+00:00,52.2437001,21.0386812,84.6,19.35,-0.044,0.027,0.98,0,18.065758987391362,,116.83209063284944,0.0,2.0
5145,2026-05-11 14:43:45.600000+00:00,52.2436949,21.038647,84.9,18.95,-0.008,0.038,0.965,0,17.274443046598815,,116.35630620860317,0.0,2.0
5150,2026-05-11 14:43:46.100000+00:00,52.2436897,21.038614,85.3,18.57,0.027,0.039,0.972,0,16.704129751087606,,115.92220692688323,0.0,2.0
5155,2026-05-11 14:43:46.600000+00:00,52.2436835,21.0385814,85.6,18.47,0.022,0.049,0.975,0,16.734076788611887,,115.41982816248681,0.0,2.0
5160,2026-05-11 14:43:47.100000+00:00,52.2436759,21.0385485,85.8,18.25,0.036,0.04,0.955,0,17.23760240865936,,114.80987646213974,0.0,2.0
5165,2026-05-11 14:43:47.600000+00:00,52.2436682,21.0385163,86.0,18.53,0.039,0.071,0.998,0,16.945938285646353,,114.2294924514591,0.0,2.0
5170,2026-05-11 14:43:48.100000+00:00,52.2436591,21.0384851,86.3,18.33,0.027,0.103,0.944,0,16.941217270659756,,113.53064480668185,0.0,2.0
5175,2026-05-11 14:43:48.600000+00:00,52.2436479,21.0384561,86.4,17.97,0.012,0.118,0.971,0,16.807819005698487,,112.62078980082465,0.0,2.0
5180,2026-05-11 14:43:49.100000+00:00,52.2436345,21.0384284,86.6,17.51,0.012,0.154,0.991,0,17.305454871505916,,111.49531620798425,0.0,2.0
5185,2026-05-11 14:43:49.600000+00:00,52.2436194,21.0384039,86.6,16.92,0.008,0.159,0.95,0,17.040903532509034,,110.18051360967645,0.0,2.0
5190,2026-05-11 14:43:50.100000+00:00,52.2436031,21.0383836,86.8,17.0,0.017,0.163,0.964,0,16.411198338343052,,108.70725725505565,0.0,2.0
5195,2026-05-11 14:43:50.600000+00:00,52.2435849,21.0383681,86.9,16.63,0.017,0.177,0.953,0,16.43313678925456,,106.97942623818543,0.0,2.0
5200,2026-05-11 14:43:51.100000+00:00,52.2435652,21.0383565,86.9,16.65,0.036,0.162,0.983,0,16.765696536386628,,105.04508418973953,0.0,2.0
5205,2026-05-11 14:43:51.600000+00:00,52.2435447,21.0383496,87.0,16.71,0.028,0.138,0.966,0,16.75729984303364,,102.95828226528982,0.0,2.0
5210,2026-05-11 14:43:52.100000+00:00,52.2435234,21.0383467,87.0,17.54,0.018,0.153,0.971,0,17.112008616199336,,100.72373368272979,0.0,2.0
5215,2026-05-11 14:43:52.600000+00:00,52.2435016,21.0383486,87.0,17.45,0.026,0.15,0.954,0,17.47799087691495,,98.3535308247193,0.0,2.0
5220,2026-05-11 14:43:53.100000+00:00,52.2434797,21.0383546,87.0,18.01,0.027,0.174,0.981,0,17.77821302101143,,95.89894205122674,0.0,2.0
5225,2026-05-11 14:43:53.600000+00:00,52.2434579,21.0383656,87.0,18.49,0.005,0.147,0.979,0,18.26719177470796,,93.3625354523871,0.0,2.0
5230,2026-05-11 14:43:54.100000+00:00,52.243437,21.0383815,87.1,18.51,0.007,0.153,0.963,0,18.458966644054353,,90.83251349126812,0.0,2.0
5235,2026-05-11 14:43:54.600000+00:00,52.243418,21.0384013,87.0,18.61,0.041,0.155,0.953,0,18.044402593363355,,88.43885813784242,0.0,2.0
5240,2026-05-11 14:43:55.100000+00:00,52.2433988,21.038423,87.0,18.13,0.015,0.044,0.96,0,18.69347782181555,,85.99762987131369,0.0,2.0
5245,2026-05-11 14:43:55.600000+00:00,52.2433806,21.0384433,86.8,18.12,-0.002,0.011,0.963,0,17.644935133438636,,83.6965845500497,0.0,2.0
5250,2026-05-11 14:43:56.100000+00:00,52.2433609,21.0384651,86.8,18.94,-0.004,-0.016,0.995,0,19.05146846327839,,81.21846551068991,0.0,2.0
5255,2026-05-11 14:43:56.600000+00:00,52.2433405,21.0384866,86.9,19.38,0.006,-0.044,0.976,0,19.437819018787142,4.0,78.67976899157064,0.0,2.0
5260,2026-05-11 14:43:57.100000+00:00,52.2433191,21.0385064,86.9,19.78,0.018,-0.013,0.959,0,19.691341633562153,4.0,76.06736589110032,0.0,2.0
5265,2026-05-11 14:43:57.600000+00:00,52.2432969,21.0385256,87.0,19.66,0.008,0.01,0.981,0,20.11175270359911,4.0,73.38475119214344,0.0,2.0
5270,2026-05-11 14:43:58.100000+00:00,52.243274,21.0385453,86.9,20.78,0.026,0.019,0.945,0,20.721777718058338,4.0,70.62788184282937,0.0,2.0
5275,2026-05-11 14:43:58.600000+00:00,52.243251,21.0385658,87.1,20.85,0.019,0.003,0.984,0,20.97767101455071,4.0,67.86063520793783,0.0,2.0
5280,2026-05-11 14:43:59.100000+00:00,52.2432274,21.0385856,87.1,21.52,0.019,-0.008,0.955,0,21.24158529334651,4.0,65.04793265246484,0.0,2.0
5285,2026-05-11 14:43:59.600000+00:00,52.2432023,21.0386052,87.3,22.69,0.021,-0.017,0.971,0,22.2740642003356,4.0,62.0849624788663,0.0,2.0
5290,2026-05-11 14:44:00.100000+00:00,52.2431768,21.0386238,87.3,22.68,0.017,-0.005,0.982,0,22.359051613133147,4.0,59.100281096122295,0.0,2.0
5295,2026-05-11 14:44:00.600000+00:00,52.2431502,21.0386408,87.2,23.23,0.026,-0.013,0.965,0,22.868597042853487,4.0,56.020129816852965,0.0,2.0
5300,2026-05-11 14:44:01.100000+00:00,52.2431232,21.0386575,87.1,23.66,0.01,-0.015,0.969,0,23.11461748954846,4.0,52.909231267619425,0.0,2.0
5305,2026-05-11 14:44:01.600000+00:00,52.2430953,21.0386741,87.2,24.06,0.007,-0.011,0.96,0,23.77299941752077,4.0,49.711880517670885,0.0,2.0
5310,2026-05-11 14:44:02.100000+00:00,52.2430665,21.0386901,87.2,24.7,0.026,-0.026,0.976,0,24.354948331499195,4.0,46.43220915948551,0.0,2.0
5315,2026-05-11 14:44:02.600000+00:00,52.2430374,21.0387046,87.0,24.91,0.008,-0.02,1.002,0,24.357806213020886,4.0,43.140541793270934,0.0,2.0
5320,2026-05-11 14:44:03.100000+00:00,52.2430077,21.0387196,87.1,25.58,0.009,-0.021,0.95,0,24.88896802165302,4.0,39.79635186442391,0.0,2.0
5325,2026-05-11 14:44:03.600000+00:00,52.2429775,21.0387322,87.0,25.82,-0.003,-0.028,0.964,0,24.95474258460259,4.0,36.41928151472072,0.0,2.0
5330,2026-05-11 14:44:04.100000+00:00,52.2429464,21.0387439,87.1,25.7,0.002,-0.019,0.966,0,25.550843332077235,4.0,32.95986479250675,0.0,2.0
5335,2026-05-11 14:44:04.600000+00:00,52.2429151,21.0387544,87.1,26.16,0.003,-0.023,0.975,0,25.58208065845073,4.0,29.49641745466222,0.0,2.0
5340,2026-05-11 14:44:05.100000+00:00,52.2428832,21.0387638,87.2,26.54,0.027,-0.026,0.969,0,25.951642901432592,4.0,25.985575930592123,0.0,2.0
5345,2026-05-11 14:44:05.600000+00:00,52.2428506,21.0387737,87.2,27.25,0.008,-0.043,0.965,0,26.547061561734935,4.0,22.430475999952304,0.0,2.0
5350,2026-05-11 14:44:06.100000+00:00,52.2428176,21.0387821,87.1,27.32,0.013,-0.026,0.97,0,26.73889914139851,4.0,18.865895965715954,0.0,2.0
5355,2026-05-11 14:44:06.600000+00:00,52.2427842,21.0387881,87.1,27.4,0.007,-0.024,0.968,0,26.90143868287431,4.0,15.292246726406399,0.0,2.0
5360,2026-05-11 14:44:07.100000+00:00,52.2427499,21.0387937,87.1,27.8,-0.001,-0.016,0.983,0,27.59757944609496,4.0,11.71608569347962,0.0,2.0
5365,2026-05-11 14:44:07.600000+00:00,52.2427145,21.0387994,87.2,28.23,0.017,-0.02,0.968,0,28.478778424992214,4.0,8.267451563419371,0.0,2.0
5370,2026-05-11 14:44:08.100000+00:00,52.2426789,21.0388044,87.3,27.92,-0.027,-0.014,0.985,0,28.606687248153786,4.0,5.491343759535236,0.0,2.0
5375,2026-05-11 14:44:08.600000+00:00,52.2426435,21.0388112,87.3,28.08,0.026,0.004,0.942,0,28.536735000684523,4.0,4.968711758901902,0.0,2.0
5380,2026-05-11 14:44:09.100000+00:00,52.2426085,21.0388174,87.3,28.09,-0.023,-0.006,0.983,0,28.185477879224376,4.0,7.0561112213264625,0.0,2.0
5385,2026-05-11 14:44:09.600000+00:00,52.2425732,21.0388234,87.3,27.81,-0.018,-0.016,0.972,0,28.413953731946847,4.0,10.293212850236907,0.0,2.0
5390,2026-05-11 14:44:10.100000+00:00,52.2425385,21.0388293,87.3,27.8,-0.019,-0.008,0.96,0,27.931097901072732,4.0,13.838969127361569,0.0,2.0
5395,2026-05-11 14:44:10.600000+00:00,52.2425046,21.0388359,87.5,27.04,0.013,0.01,0.968,0,27.332633347573896,4.0,17.46208520629037,0.0,2.0
5400,2026-05-11 14:44:11.100000+00:00,52.2424706,21.038843,87.6,27.43,-0.001,0.003,0.974,0,27.44214322107821,4.0,21.16786504087428,0.0,2.0
5405,2026-05-11 14:44:11.600000+00:00,52.2424365,21.0388516,87.6,27.52,0.01,0.019,0.958,0,27.624188822227413,4.0,24.947337886742467,0.0,2.0
5410,2026-05-11 14:44:12.100000+00:00,52.2424024,21.0388609,87.5,27.21,0.001,0.017,0.978,0,27.678639355156296,4.0,28.75569751567338,0.0,2.0
5415,2026-05-11 14:44:12.600000+00:00,52.2423684,21.038871,87.4,27.12,0.004,0.008,0.967,0,27.667163619114262,4.0,32.57678411447679,0.0,2.0
5420,2026-05-11 14:44:13.100000+00:00,52.2423343,21.038882,87.3,27.78,0.016,0.019,0.952,0,27.828055926757422,4.0,36.42946287575636,0.0,2.0
5425,2026-05-11 14:44:13.600000+00:00,52.2423006,21.0388935,87.2,27.36,-0.011,0.021,0.988,0,27.563043863001408,4.0,40.25044446579753,0.0,2.0
5430,2026-05-11 14:44:14.100000+00:00,52.242267,21.0389057,87.1,27.45,-0.005,0.018,0.973,0,27.55711721928724,4.0,44.07418133341141,0.0,2.0
5435,2026-05-11 14:44:14.600000+00:00,52.2422333,21.0389201,87.0,27.94,-0.002,0.008,0.983,0,27.888568389321655,4.0,47.9475567986321,0.0,2.0
5440,2026-05-11 14:44:15.100000+00:00,52.2422003,21.0389351,86.9,27.44,0.01,0.026,0.958,0,27.424167282519193,4.0,51.75624083945736,0.0,2.0
5445,2026-05-11 14:44:15.600000+00:00,52.2421673,21.0389509,86.8,27.78,0.0,0.017,0.982,0,27.531920421495304,4.0,55.57907111283734,0.0,2.0
5450,2026-05-11 14:44:16.100000+00:00,52.2421348,21.038968,86.7,27.51,0.009,0.007,0.964,0,27.336675288374533,4.0,59.371551262107246,0.0,2.0
5455,2026-05-11 14:44:16.600000+00:00,52.242102,21.0389863,86.6,28.13,-0.007,-0.011,0.936,0,27.74994561898751,4.0,63.21842240666881,0.0,2.0
5460,2026-05-11 14:44:17.100000+00:00,52.2420689,21.0390056,86.6,27.93,0.024,0.017,1.002,0,28.138368135625882,4.0,67.11663662666025,0.0,2.0
5465,2026-05-11 14:44:17.600000+00:00,52.2420364,21.0390251,86.3,28.03,-0.013,0.005,0.968,0,27.720108375566443,4.0,70.95551644227645,0.0,2.0
5470,2026-05-11 14:44:18.100000+00:00,52.2420041,21.0390463,86.2,27.89,-0.031,0.013,0.956,0,27.86980156638914,4.0,74.80647224207445,0.0,2.0
5475,2026-05-11 14:44:18.600000+00:00,52.2419721,21.0390684,86.0,27.89,0.018,0.07,0.989,0,27.815954325233157,4.0,78.64484942586536,0.0,2.0
5480,2026-05-11 14:44:19.100000+00:00,52.2419406,21.0390927,86.0,27.88,-0.021,0.055,0.982,0,27.89102815640831,,82.47596595766733,0.0,2.0
5485,2026-05-11 14:44:19.600000+00:00,52.24191,21.0391199,85.9,27.74,0.017,0.057,0.955,0,27.892275559489363,,86.27452085673137,0.0,2.0
5490,2026-05-11 14:44:20.100000+00:00,52.2418805,21.0391475,86.0,27.33,-0.016,0.049,0.954,0,27.218982604203525,,89.97156953851602,0.0,2.0
5495,2026-05-11 14:44:20.600000+00:00,52.2418512,21.039176,85.9,27.61,-0.001,0.036,0.992,0,27.30329074243205,,93.67362743334559,0.0,2.0
5500,2026-05-11 14:44:21.100000+00:00,52.2418225,21.0392069,85.8,27.67,0.025,0.014,0.957,0,27.52136637957991,,97.37287590873369,0.0,2.0
5505,2026-05-11 14:44:21.600000+00:00,52.2417934,21.0392387,85.7,27.81,-0.019,-0.016,0.994,0,28.032245947786464,,101.14377994993892,0.0,2.0
5510,2026-05-11 14:44:22.100000+00:00,52.2417643,21.0392708,85.7,27.72,0.024,0.003,0.968,0,28.11430682143552,,104.93067676431986,0.0,2.0
5515,2026-05-11 14:44:22.600000+00:00,52.2417353,21.039302,85.4,27.9,-0.02,-0.005,0.963,0,27.80285905232658,,108.69388299484274,0.0,2.0
5520,2026-05-11 14:44:23.100000+00:00,52.2417068,21.0393346,85.3,27.63,-0.008,0.0,0.966,0,27.85745483013351,,112.44622263497058,0.0,2.0
5525,2026-05-11 14:44:23.600000+00:00,52.2416787,21.0393673,84.9,27.91,0.026,0.005,0.964,0,27.624192378300197,,116.16737265177618,0.0,2.0
5530,2026-05-11 14:44:24.100000+00:00,52.2416502,21.0394012,84.7,28.87,0.0,0.0,0.965,0,28.227912284201793,,119.96771651775833,0.0,2.0
5535,2026-05-11 14:44:24.600000+00:00,52.2416218,21.0394354,84.6,28.53,0.003,-0.002,0.981,0,28.250278805256503,,123.77311026525575,0.0,2.0
5540,2026-05-11 14:44:25.100000+00:00,52.2415934,21.0394703,84.6,28.82,0.012,0.0,0.97,0,28.455288420317675,,127.60425857676066,0.0,2.0
5545,2026-05-11 14:44:25.600000+00:00,52.2415646,21.0395048,84.5,28.71,0.002,-0.003,0.965,0,28.595410650072505,,131.47259305514143,0.0,2.0
5550,2026-05-11 14:44:26.100000+00:00,52.2415363,21.0395415,84.4,29.03,-0.003,0.005,0.976,0,28.931710943055613,,135.35641619479736,0.0,2.0
5555,2026-05-11 14:44:26.600000+00:00,52.2415087,21.0395782,84.3,28.53,0.004,0.023,0.973,0,28.494969899537107,,139.1768926014446,0.0,2.0
5560,2026-05-11 14:44:27.100000+00:00,52.2414812,21.039615,84.1,28.89,-0.002,0.028,0.987,0,28.463984850832897,,142.9975629327192,0.0,2.0
5565,2026-05-11 14:44:27.600000+00:00,52.2414537,21.039653,84.0,28.7,0.005,0.017,0.95,0,28.840442327427652,,146.8598616872762,0.0,2.0
5570,2026-05-11 14:44:28.100000+00:00,52.2414263,21.0396916,84.0,29.13,0.001,0.027,0.972,0,28.97064637699283,,150.7371769276978,0.0,2.0
5575,2026-05-11 14:44:28.600000+00:00,52.2413989,21.0397299,83.8,29.07,-0.003,0.014,0.981,0,28.874803918523636,,154.6130581886359,0.0,2.0
5580,2026-05-11 14:44:29.100000+00:00,52.2413712,21.0397687,83.7,29.44,-0.003,0.016,0.957,0,29.216686521265995,,158.54060614728266,0.0,2.0
5585,2026-05-11 14:44:29.600000+00:00,52.2413445,21.0398089,83.7,29.11,-0.002,0.017,0.969,0,29.074518290084967,,162.41787389267122,0.0,2.0
5590,2026-05-11 14:44:30.100000+00:00,52.2413168,21.039849,83.6,29.54,-0.004,0.036,0.985,0,29.635565640488917,,166.3987603843489,0.0,2.0
5595,2026-05-11 14:44:30.600000+00:00,52.2412902,21.0398885,83.5,28.99,0.003,0.04,0.963,0,28.783744506054095,,170.2586643752634,0.0,2.0
5600,2026-05-11 14:44:31.100000+00:00,52.2412637,21.0399295,83.6,29.06,0.013,0.051,1.026,0,29.22535386386424,,174.16245485062944,0.0,2.0
5605,2026-05-11 14:44:31.600000+00:00,52.241237,21.0399705,83.5,29.06,0.0,0.039,0.928,0,29.341807545324695,,178.0928091871323,0.0,2.0
5610,2026-05-11 14:44:32.100000+00:00,52.2412104,21.040011,83.2,29.02,0.008,0.043,0.95,0,29.115839945501296,,182.0035547515303,0.0,2.0
5615,2026-05-11 14:44:32.600000+00:00,52.2411832,21.0400513,83.2,28.87,0.002,0.037,0.992,0,29.4030468999027,,185.97196061615938,0.0,2.0
5620,2026-05-11 14:44:33.100000+00:00,52.2411568,21.0400911,83.1,28.9,0.002,0.041,0.967,0,28.76507536162217,,187.71633858582135,0.0,2.0
5625,2026-05-11 14:44:33.600000+00:00,52.2411307,21.0401305,83.2,28.38,0.019,0.06,0.975,0,28.455595962175064,,183.85330678120982,0.0,2.0
5630,2026-05-11 14:44:34.100000+00:00,52.2411054,21.0401704,83.3,28.08,0.021,0.039,0.967,0,28.158377132702114,,180.05396916036335,0.0,2.0
5635,2026-05-11 14:44:34.600000+00:00,52.2410794,21.0402096,83.6,28.43,0.007,0.019,0.958,0,28.330271382832404,,176.21571660549543,0.0,2.0
5640,2026-05-11 14:44:35.100000+00:00,52.2410525,21.0402478,83.5,28.58,0.021,0.024,0.985,0,28.539779335592534,,172.32840371243591,0.0,2.0
5645,2026-05-11 14:44:35.600000+00:00,52.2410254,21.0402861,83.4,28.6,-0.015,0.014,0.979,0,28.692864014166666,,168.4219353669404,0.0,2.0
5650,2026-05-11 14:44:36.100000+00:00,52.2409994,21.0403244,83.5,27.89,0.014,0.04,0.963,0,28.03287441059205,,164.6261663095606,0.0,2.0
5655,2026-05-11 14:44:36.600000+00:00,52.2409732,21.0403624,83.6,27.74,0.002,0.016,0.969,0,28.054105016292255,,160.8253859887607,0.0,2.0
5660,2026-05-11 14:44:37.100000+00:00,52.2409466,21.040399,83.7,28.01,-0.011,-0.022,0.968,0,27.847252726277144,,157.03557976044655,0.0,2.0
5665,2026-05-11 14:44:37.600000+00:00,52.2409191,21.0404345,83.7,28.0,-0.015,-0.055,0.983,0,28.064519409831465,,153.19683694029757,0.0,2.0
5670,2026-05-11 14:44:38.100000+00:00,52.2408905,21.0404674,83.9,27.39,-0.022,-0.069,0.964,0,28.007673261423637,,149.33622355337386,0.0,2.0
5675,2026-05-11 14:44:38.600000+00:00,52.2408619,21.0404976,84.1,27.3,-0.031,-0.074,0.976,0,27.266893801088862,,145.5631136964216,0.0,2.0
5680,2026-05-11 14:44:39.100000+00:00,52.2408325,21.0405256,84.5,26.85,-0.033,-0.055,0.957,0,27.247963673541037,,141.78193577888928,0.0,2.0
5685,2026-05-11 14:44:39.600000+00:00,52.2408033,21.0405528,84.4,27.18,-0.022,-0.018,0.975,0,26.913309780187905,,138.04600088199172,0.0,2.0
5690,2026-05-11 14:44:40.100000+00:00,52.2407744,21.040579,84.4,26.46,-0.021,-0.021,0.962,0,26.46356501638471,,134.37140002710612,0.0,2.0
5695,2026-05-11 14:44:40.600000+00:00,52.2407446,21.0406027,84.3,26.76,-0.002,-0.036,0.956,0,26.53677149331757,,130.6875845758078,0.0,2.0
5700,2026-05-11 14:44:41.100000+00:00,52.2407147,21.0406267,84.3,26.58,0.001,-0.028,1.008,0,26.673325004762855,,126.98450025855354,0.0,2.0
5705,2026-05-11 14:44:41.600000+00:00,52.2406845,21.0406499,84.3,26.77,0.0,-0.005,0.953,0,26.71980140320509,,123.27753643729763,0.0,2.0
5710,2026-05-11 14:44:42.100000+00:00,52.2406542,21.0406741,84.5,26.62,0.009,-0.007,0.965,0,27.00403663449697,,119.52903873141099,0.0,2.0
5715,2026-05-11 14:44:42.600000+00:00,52.2406257,21.0406966,84.3,25.24,0.009,0.0,0.957,0,25.343591129111175,,116.01174739063163,0.0,2.0
5720,2026-05-11 14:44:43.100000+00:00,52.2405986,21.0407167,84.1,23.59,-0.005,0.021,0.983,0,23.829234121774665,,112.70897325731998,0.0,2.0
5725,2026-05-11 14:44:43.600000+00:00,52.2405687,21.0407465,84.0,28.08,0.006,0.025,0.968,0,28.04395884660426,,108.82039137517604,0.0,2.0
5730,2026-05-11 14:44:44.100000+00:00,52.2405404,21.0407731,83.7,26.73,0.004,0.021,0.97,0,26.141922337553105,,105.19157767658409,0.0,2.0
5735,2026-05-11 14:44:44.600000+00:00,52.240511,21.0407957,83.7,26.32,-0.001,0.019,0.973,0,26.01505178201483,,101.58277113254728,0.0,2.0
5740,2026-05-11 14:44:45.100000+00:00,52.2404822,21.0408244,83.8,26.87,0.003,0.024,0.971,0,27.011316146156688,,97.83769476857509,0.0,2.0
5745,2026-05-11 14:44:45.600000+00:00,52.2404537,21.0408525,83.7,26.56,-0.002,0.022,0.971,0,26.653373874390294,,94.14170670354669,0.0,2.0
5750,2026-05-11 14:44:46.100000+00:00,52.2404262,21.0408816,83.7,26.34,0.0,0.033,0.978,0,26.234636697389078,,90.51307271900347,0.0,2.0
5755,2026-05-11 14:44:46.600000+00:00,52.240398,21.0409099,83.5,25.97,-0.01,0.034,0.975,0,26.49926546145575,,86.84170947498971,0.0,2.0
5760,2026-05-11 14:44:47.100000+00:00,52.2403702,21.0409396,83.3,25.76,-0.024,0.038,0.976,0,26.59642187127256,,83.16705938115759,0.0,2.0
5765,2026-05-11 14:44:47.600000+00:00,52.2403436,21.0409663,83.2,24.84,-0.017,0.026,0.969,0,24.997225995136056,5.0,79.70576403494123,0.0,2.0
5770,2026-05-11 14:44:48.100000+00:00,52.2403162,21.0409932,83.2,25.04,-0.029,-0.007,0.962,0,25.59546334266261,5.0,76.15989470708307,0.0,2.0
5775,2026-05-11 14:44:48.600000+00:00,52.2402898,21.0410217,83.4,24.66,-0.029,0.002,0.976,0,25.336696912733927,5.0,72.66564336231365,0.0,2.0
5780,2026-05-11 14:44:49.100000+00:00,52.2402637,21.0410472,83.3,23.3,-0.034,-0.015,0.961,0,24.349891511785113,5.0,69.29408855552403,0.0,2.0
5785,2026-05-11 14:44:49.600000+00:00,52.2402375,21.0410708,83.3,23.91,-0.017,-0.025,0.949,0,23.955119941557374,5.0,65.97054923877052,0.0,2.0
5790,2026-05-11 14:44:50.100000+00:00,52.2402107,21.0410931,83.3,23.3,-0.047,-0.009,0.988,0,24.08088832411438,5.0,62.626357237278455,0.0,2.0
5795,2026-05-11 14:44:50.600000+00:00,52.2401853,21.0411141,83.3,22.71,-0.018,0.025,1.011,0,22.792946796121445,5.0,59.46094324505671,0.0,2.0
5800,2026-05-11 14:44:51.100000+00:00,52.2401597,21.0411342,83.2,22.59,-0.014,-0.011,0.947,0,22.741283316224465,5.0,56.30251366868866,0.0,2.0
5805,2026-05-11 14:44:51.600000+00:00,52.2401337,21.0411552,82.9,22.2,-0.015,-0.001,0.936,0,23.222533398106666,5.0,53.07718578690182,0.0,2.0
5810,2026-05-11 14:44:52.100000+00:00,52.2401084,21.0411732,82.7,21.45,-0.024,-0.029,0.973,0,22.094081654931642,5.0,50.011783164036984,0.0,2.0
5815,2026-05-11 14:44:52.600000+00:00,52.2400832,21.0411918,82.6,21.44,-0.049,-0.059,0.987,0,22.140227877396725,5.0,46.93859782586113,0.0,2.0
5820,2026-05-11 14:44:53.100000+00:00,52.2400591,21.0412116,82.5,20.8,-0.017,0.045,0.996,0,21.598736900328046,5.0,43.93882817148096,0.0,2.0
5825,2026-05-11 14:44:53.600000+00:00,52.2400362,21.0412292,82.5,19.41,-0.024,0.013,0.915,0,20.26275414345512,5.0,41.125157502487184,0.0,2.0
5830,2026-05-11 14:44:54.100000+00:00,52.2400136,21.0412484,82.5,19.59,-0.05,-0.002,0.98,0,20.395632256048383,5.0,38.292949487501346,0.0,2.0
5835,2026-05-11 14:44:54.600000+00:00,52.2399918,21.0412656,82.5,18.36,-0.042,-0.005,0.984,0,19.383431271286746,5.0,35.60094523699526,0.0,2.0
5840,2026-05-11 14:44:55.100000+00:00,52.2399709,21.0412837,82.8,18.14,-0.053,0.016,0.956,0,18.93993246901946,5.0,32.97143410114172,0.0,2.0
5845,2026-05-11 14:44:55.600000+00:00,52.2399512,21.0413015,82.7,17.15,-0.024,0.022,0.959,0,18.025112869800015,5.0,30.470926999646768,0.0,2.0
5850,2026-05-11 14:44:56.100000+00:00,52.239932,21.0413217,82.8,17.75,-0.041,0.007,1.003,0,18.285454240134786,5.0,27.950449146003677,0.0,2.0
5855,2026-05-11 14:44:56.600000+00:00,52.2399136,21.0413414,82.9,16.65,-0.048,0.002,0.941,0,17.61484291974724,5.0,25.52882921518237,0.0,2.0
5860,2026-05-11 14:44:57.100000+00:00,52.2398959,21.0413591,82.9,15.94,-0.057,-0.027,1.004,0,16.61647961290274,5.0,23.238788175091198,0.0,2.0
5865,2026-05-11 14:44:57.600000+00:00,52.2398793,21.0413726,82.6,14.07,-0.042,-0.007,0.948,0,14.846829611586537,5.0,21.178809849438625,0.0,2.0
5870,2026-05-11 14:44:58.100000+00:00,52.2398636,21.0413856,82.5,13.51,-0.051,0.003,0.985,0,14.092936628193216,5.0,19.224635055917542,0.0,2.0
5875,2026-05-11 14:44:58.600000+00:00,52.2398488,21.0413993,82.4,13.23,-0.024,-0.01,0.953,0,13.620151372422853,5.0,17.344771098477324,0.0,2.0
5880,2026-05-11 14:44:59.100000+00:00,52.2398339,21.0414149,82.4,13.36,-0.047,-0.003,0.958,0,14.170128182974027,5.0,15.409504904954604,0.0,2.0
5885,2026-05-11 14:44:59.600000+00:00,52.2398206,21.0414283,82.3,10.84,-0.113,0.029,0.977,0,12.511507433624743,5.0,13.702292831485314,0.0,2.0
5890,2026-05-11 14:45:00.100000+00:00,52.2398094,21.0414345,81.9,8.9,-0.136,0.017,0.968,0,9.467937882525796,5.0,12.387826262632421,0.0,2.0
5895,2026-05-11 14:45:00.600000+00:00,52.2398011,21.0414429,82.0,6.07,-0.148,0.012,0.97,0,7.817627422854972,5.0,11.3253343433909,0.0,2.0
5900,2026-05-11 14:45:01.100000+00:00,52.2397953,21.0414491,81.9,4.01,-0.159,0.022,0.967,0,5.549881382670348,5.0,10.578579228812801,0.0,2.0
5905,2026-05-11 14:45:01.600000+00:00,52.2397917,21.0414556,81.9,3.05,-0.16,0.02,0.979,0,4.296713550088491,5.0,10.063613800353124,0.0,2.0
5910,2026-05-11 14:45:02.100000+00:00,52.2397914,21.0414577,81.9,0.06,-0.121,0.016,0.984,0,1.0571825099809997,5.0,9.991448284286916,0.0,2.0
5915,2026-05-11 14:45:02.600000+00:00,52.2397916,21.0414585,81.8,0.53,-0.011,-0.025,0.956,0,0.42363106502206305,5.0,9.998042587009152,0.0,2.0
5920,2026-05-11 14:45:03.100000+00:00,52.2397918,21.0414594,81.8,0.09,-0.003,-0.014,0.986,0,0.4693857145772131,5.0,10.003187324353389,0.0,2.0
5925,2026-05-11 14:45:03.600000+00:00,52.2397919,21.0414601,81.8,0.13,-0.015,-0.019,0.969,0,0.3523941674934803,5.0,10.001512135858908,0.0,2.0
5930,2026-05-11 14:45:04.100000+00:00,52.2397922,21.04146,81.7,0.31,-0.012,-0.018,0.98,0,0.24513351489243698,5.0,10.03549815868502,0.0,2.0
5935,2026-05-11 14:45:04.600000+00:00,52.2397926,21.0414603,81.7,0.14,-0.007,-0.018,0.975,0,0.3524005372983066,5.0,10.073253846564894,0.0,2.0
5940,2026-05-11 14:45:05.100000+00:00,52.2397929,21.041461,81.4,0.61,-0.016,-0.018,0.976,0,0.4188781666949819,5.0,10.093512083229955,0.0,2.0
5945,2026-05-11 14:45:05.600000+00:00,52.2397933,21.0414605,81.2,0.18,-0.011,-0.018,0.976,0,0.4032893458000263,5.0,10.14510369913977,0.0,2.0
5950,2026-05-11 14:45:06.100000+00:00,52.2397929,21.0414606,81.2,0.68,0.052,-0.037,0.979,0,0.3239723122374608,5.0,10.100344831715603,0.0,2.0
5955,2026-05-11 14:45:06.600000+00:00,52.2397911,21.0414643,81.0,2.13,0.057,-0.052,0.962,0,2.316707740271978,5.0,9.845037494841321,0.0,2.0
5960,2026-05-11 14:45:07.100000+00:00,52.2397879,21.0414697,81.1,4.04,0.085,-0.031,0.969,0,3.684036768101854,5.0,9.417317762319001,0.0,2.0
5965,2026-05-11 14:45:07.600000+00:00,52.2397829,21.0414776,81.0,6.06,0.148,-0.029,0.967,0,5.569960350186764,5.0,8.772753355161798,0.0,2.0
5970,2026-05-11 14:45:08.100000+00:00,52.2397749,21.0414851,80.7,8.1,0.159,-0.037,0.978,0,7.385226502470976,5.0,7.822000759582514,0.0,2.0
5975,2026-05-11 14:45:08.600000+00:00,52.2397644,21.0414992,80.7,11.06,0.08,-0.037,0.951,0,10.883506920827296,5.0,6.605484032774474,0.0,2.0
5980,2026-05-11 14:45:09.100000+00:00,52.2397512,21.0415159,80.8,12.95,0.072,-0.124,0.987,0,13.368376681620983,5.0,5.279813902031869,0.0,2.0
5985,2026-05-11 14:45:09.600000+00:00,52.2397351,21.0415368,80.9,16.16,0.112,-0.07,0.966,0,16.466108435008188,5.0,4.264039794773065,0.0,2.0
5990,2026-05-11 14:45:10.100000+00:00,52.2397168,21.0415594,80.7,18.7,0.144,-0.057,0.96,0,18.368862740570762,5.0,4.381862031743686,0.0,2.0
5995,2026-05-11 14:45:10.600000+00:00,52.2396962,21.0415824,80.8,20.11,0.094,-0.066,0.99,0,19.97865025227497,5.0,5.829612148861885,0.0,2.0
6000,2026-05-11 14:45:11.100000+00:00,52.2396734,21.0416092,80.9,22.61,0.075,-0.078,0.966,0,22.490670483350677,5.0,8.34732916658684,0.0,2.0
6005,2026-05-11 14:45:11.600000+00:00,52.2396484,21.0416401,81.7,24.32,0.073,-0.071,0.947,0,25.10168505877435,5.0,11.542547361107896,0.0,2.0
6010,2026-05-11 14:45:12.100000+00:00,52.2396226,21.0416722,81.7,25.53,0.055,-0.068,1.01,0,25.967563887926545,5.0,14.988197381322856,0.0,2.0
6015,2026-05-11 14:45:12.600000+00:00,52.2395943,21.0417026,81.8,27.36,0.069,-0.048,0.944,0,27.1195097938907,5.0,18.590445937242734,0.0,2.0
6020,2026-05-11 14:45:13.100000+00:00,52.2395643,21.0417349,81.6,29.43,0.076,-0.012,0.916,0,28.76851620336135,5.0,22.471628241623154,0.0,2.0
6025,2026-05-11 14:45:13.600000+00:00,52.2395324,21.0417682,81.6,30.58,0.06,-0.019,0.997,0,30.31136873956782,5.0,26.58645135203238,0.0,2.0
6030,2026-05-11 14:45:14.100000+00:00,52.2395,21.0418015,81.5,30.49,0.013,-0.02,0.976,0,30.649412964870766,5.0,30.76821612757601,0.0,2.0
6035,2026-05-11 14:45:14.600000+00:00,52.2394662,21.0418342,81.4,31.93,0.024,-0.019,0.98,0,31.45272010743112,5.0,35.059086873992555,0.0,2.0
6040,2026-05-11 14:45:15.100000+00:00,52.2394316,21.0418664,81.3,31.76,0.042,0.004,0.965,0,31.88335212769229,5.0,39.41388165354628,0.0,2.0
6045,2026-05-11 14:45:15.600000+00:00,52.2393958,21.0419002,81.0,33.1,0.028,0.0,0.977,0,33.107081380142155,5.0,43.95566302722919,0.0,2.0
6050,2026-05-11 14:45:16.100000+00:00,52.2393596,21.0419329,80.8,33.05,0.057,0.01,0.921,0,33.1203426498984,5.0,48.49749010599827,0.0,2.0
6055,2026-05-11 14:45:16.600000+00:00,52.2393224,21.0419638,80.5,33.41,-0.021,0.007,0.997,0,33.413896496099895,5.0,53.06498681553757,0.0,2.0
6060,2026-05-11 14:45:17.100000+00:00,52.2392844,21.0419981,80.2,34.5,0.012,0.02,0.955,0,34.76106385571827,5.0,57.852225398982064,0.0,2.0
6065,2026-05-11 14:45:17.600000+00:00,52.2392464,21.0420349,80.2,35.21,0.041,0.013,1.007,0,35.37026221063581,5.0,62.74474214098782,0.0,2.0
6070,2026-05-11 14:45:18.100000+00:00,52.2392081,21.042071,80.2,35.32,0.014,0.004,0.952,0,35.404269442337345,5.0,67.63989293912304,0.0,2.0
6075,2026-05-11 14:45:18.600000+00:00,52.2391691,21.0421066,80.2,35.15,0.004,0.009,0.988,0,35.770500250568844,5.0,72.58246453353432,0.0,2.0
6080,2026-05-11 14:45:19.100000+00:00,52.2391305,21.0421408,80.0,34.81,0.008,0.032,0.937,0,35.15886601319314,5.0,77.43771246906977,0.0,2.0
6085,2026-05-11 14:45:19.600000+00:00,52.2390918,21.0421755,79.8,35.67,0.028,0.027,0.977,0,35.34658911605393,,82.32455163350465,0.0,2.0
6090,2026-05-11 14:45:20.100000+00:00,52.2390523,21.0422125,79.8,35.8,-0.001,0.019,0.963,0,36.45707433061148,,87.37496557499605,0.0,2.0
6095,2026-05-11 14:45:20.600000+00:00,52.2390133,21.0422479,79.7,35.46,-0.003,0.032,1.025,0,35.7227900071828,,92.3202139827617,0.0,2.0
6100,2026-05-11 14:45:21.100000+00:00,52.2389747,21.0422824,79.4,35.06,-0.004,0.03,0.927,0,35.229272570530945,,97.1962785517419,0.0,2.0
6105,2026-05-11 14:45:21.600000+00:00,52.2389361,21.0423189,79.4,35.36,-0.01,0.036,0.983,0,35.710408455429565,,102.1484182606245,0.0,2.0
6110,2026-05-11 14:45:22.100000+00:00,52.2388979,21.0423549,79.3,34.66,-0.013,0.023,0.948,0,35.31048407606096,,107.04541867892915,0.0,2.0
6115,2026-05-11 14:45:22.600000+00:00,52.23886,21.0423929,79.5,35.37,-0.003,0.032,0.99,0,35.60577171157938,,111.98908751211064,0.0,2.0
6120,2026-05-11 14:45:23.100000+00:00,52.2388223,21.0424288,79.3,34.77,0.001,0.034,0.97,0,34.9396407534801,,116.83658953864378,0.0,2.0
6125,2026-05-11 14:45:23.600000+00:00,52.2387844,21.0424661,79.2,34.57,-0.009,0.028,0.968,0,35.427428591728436,,121.75480032674807,0.0,2.0
6130,2026-05-11 14:45:24.100000+00:00,52.2387468,21.0425035,79.2,34.3,-0.019,0.026,0.994,0,35.24742390834746,,126.64880323271832,0.0,2.0
6135,2026-05-11 14:45:24.600000+00:00,52.2387102,21.0425367,79.1,33.15,-0.019,0.026,0.948,0,33.519389749169584,,131.29505196477814,0.0,2.0
6140,2026-05-11 14:45:25.100000+00:00,52.2386739,21.042569,79.0,32.92,-0.026,0.031,0.968,0,33.09626271509148,,135.88089122082678,0.0,2.0
6145,2026-05-11 14:45:25.600000+00:00,52.2386378,21.0426032,79.1,32.34,-0.023,0.033,0.961,0,33.41334661529566,,140.51789627546037,0.0,2.0
6150,2026-05-11 14:45:26.100000+00:00,52.2386024,21.042637,79.1,32.6,-0.02,0.037,0.985,0,32.83038148512978,,145.0747989803001,0.0,2.0
6155,2026-05-11 14:45:26.600000+00:00,52.2385674,21.0426701,79.1,31.82,-0.015,0.047,0.977,0,32.380990318049776,,149.56882609317537,0.0,2.0
6160,2026-05-11 14:45:27.100000+00:00,52.238533,21.0427032,79.2,31.29,-0.019,0.046,0.982,0,31.9662184992522,,154.0065884088293,0.0,2.0
6165,2026-05-11 14:45:27.600000+00:00,52.2384995,21.0427348,79.0,30.78,-0.003,0.035,0.959,0,30.97325773531791,,158.30538392559723,0.0,2.0
6170,2026-05-11 14:45:28.100000+00:00,52.2384665,21.0427661,78.9,29.64,-0.04,0.05,0.979,0,30.553154452938454,,162.54638510541128,0.0,2.0
6175,2026-05-11 14:45:28.600000+00:00,52.2384349,21.0427959,78.9,29.15,-0.04,0.04,0.936,0,29.214673216181406,,166.60136737661927,0.0,2.0
6180,2026-05-11 14:45:29.100000+00:00,52.2384037,21.0428261,78.9,28.36,-0.031,0.032,0.991,0,29.037306184682745,,170.63318561637132,0.0,2.0
6185,2026-05-11 14:45:29.600000+00:00,52.2383733,21.0428546,78.8,26.91,-0.098,0.046,0.973,0,28.064078657774967,,174.52830732649423,0.0,2.0
6190,2026-05-11 14:45:30.100000+00:00,52.2383454,21.0428809,78.7,25.05,-0.113,0.073,0.972,0,25.791343456016506,,178.10838469268168,0.0,2.0
6195,2026-05-11 14:45:30.600000+00:00,52.2383188,21.0429053,78.6,24.03,-0.034,0.042,0.998,0,24.425941765934347,,181.4974693827484,0.0,2.0
6200,2026-05-11 14:45:31.100000+00:00,52.2382929,21.0429287,78.3,23.3,-0.015,0.04,0.96,0,23.69771625535112,,184.78463920043168,0.0,2.0
6205,2026-05-11 14:45:31.600000+00:00,52.2382675,21.0429548,78.3,23.19,-0.054,0.046,0.969,0,24.026365337553496,,188.12156822403756,0.0,2.0
6210,2026-05-11 14:45:32.100000+00:00,52.2382427,21.042979,78.3,23.0,0.037,0.023,0.99,0,23.129820304201953,,191.33359828099944,0.0,2.0
6215,2026-05-11 14:45:32.600000+00:00,52.2382174,21.0430037,78.2,23.9,0.03,0.009,0.954,0,23.599193586903375,,194.6108366103231,0.0,2.0
6220,2026-05-11 14:45:33.100000+00:00,52.2381912,21.0430297,78.3,24.31,0.034,0.015,0.947,0,24.54533654894216,,198.01978171471035,0.0,2.0
6225,2026-05-11 14:45:33.600000+00:00,52.2381643,21.0430559,78.3,24.98,0.102,0.027,0.974,0,25.07604217570208,,201.50207645676315,0.0,2.0
6230,2026-05-11 14:45:34.100000+00:00,52.2381361,21.0430841,78.5,26.31,0.066,0.004,0.982,0,26.473998718881948,,205.17897669851715,0.0,2.0
6235,2026-05-11 14:45:34.600000+00:00,52.238107,21.0431137,78.7,27.04,0.033,0.017,0.968,0,27.44773459287697,,208.9911477240356,0.0,2.0
6240,2026-05-11 14:45:35.100000+00:00,52.2380774,21.0431446,78.9,27.84,0.042,0.015,0.986,0,28.126425597404726,,212.89719662332493,0.0,2.0
6245,2026-05-11 14:45:35.600000+00:00,52.2380471,21.0431766,79.0,28.79,0.037,0.015,0.973,0,28.88949652382118,,216.90888230871937,0.0,2.0
6250,2026-05-11 14:45:36.100000+00:00,52.2380157,21.0432077,79.1,29.29,0.045,0.008,0.952,0,29.401617177466832,,220.99224826892507,0.0,2.0
6255,2026-05-11 14:45:36.600000+00:00,52.2379837,21.0432387,79.1,29.8,0.062,0.014,0.989,0,29.788337782231817,,225.12875505706356,0.0,2.0
6260,2026-05-11 14:45:37.100000+00:00,52.2379508,21.0432718,78.9,31.13,0.078,0.016,0.939,0,30.937687913809302,,229.42564519586216,0.0,2.0
6265,2026-05-11 14:45:37.600000+00:00,52.2379166,21.0433047,78.9,31.54,0.061,0.011,0.967,0,31.778601134746513,,233.83828766141426,0.0,2.0
6270,2026-05-11 14:45:38.100000+00:00,52.2378815,21.0433386,79.0,32.95,0.05,0.004,0.981,0,32.64833466998784,,238.37189864592526,0.0,2.0
6275,2026-05-11 14:45:38.600000+00:00,52.2378449,21.0433749,79.0,34.1,0.102,0.021,0.976,0,34.28334791407951,,243.13333265695496,0.0,2.0
6280,2026-05-11 14:45:39.100000+00:00,52.2378077,21.0434114,78.9,34.92,0.06,0.016,0.953,0,34.7452192725924,,247.95869299488666,0.0,2.0
6285,2026-05-11 14:45:39.600000+00:00,52.2377697,21.0434501,78.9,35.53,0.049,0.02,0.963,0,35.85468691235376,,252.93846303004807,0.0,2.0
6290,2026-05-11 14:45:40.100000+00:00,52.2377305,21.043488,78.9,37.15,0.064,0.015,0.963,0,36.472019661134766,,258.0031496183807,0.0,2.0
6295,2026-05-11 14:45:40.600000+00:00,52.2376903,21.0435285,79.0,37.67,-0.01,-0.006,0.991,0,37.816653388321875,,263.2554625328618,0.0,2.0
6300,2026-05-11 14:45:41.100000+00:00,52.237649,21.0435679,78.9,38.08,0.003,0.0,0.967,0,38.29407424240516,,268.572556582531,0.0,2.0
6305,2026-05-11 14:45:41.600000+00:00,52.2376069,21.0436073,79.0,38.83,0.054,0.025,0.986,0,38.84845002319058,,273.96545936518146,0.0,2.0
6310,2026-05-11 14:45:42.100000+00:00,52.2375648,21.0436482,78.9,39.39,0.02,0.01,0.953,0,39.219331125003464,,279.4119764382083,0.0,2.0
6315,2026-05-11 14:45:42.600000+00:00,52.2375216,21.04369,79.0,39.42,0.026,0.006,0.947,0,40.20186160559988,,284.99481291928595,0.0,2.0
6320,2026-05-11 14:45:43.100000+00:00,52.2374781,21.0437307,78.9,40.22,0.004,0.019,0.991,0,40.13786136004157,,290.56690624766566,0.0,2.0
6325,2026-05-11 14:45:43.600000+00:00,52.2374346,21.0437719,78.9,40.44,0.026,0.024,0.968,0,40.260304316887975,,296.15689807242336,0.0,2.0
6330,2026-05-11 14:45:44.100000+00:00,52.2373903,21.0438161,79.1,40.96,0.004,0.022,1.013,0,41.56319148867103,,301.92955571186405,0.0,2.0
6335,2026-05-11 14:45:44.600000+00:00,52.2373463,21.0438603,79.3,41.49,0.004,0.019,0.94,0,41.35844090870023,,307.6737781223125,0.0,2.0
6340,2026-05-11 14:45:45.100000+00:00,52.2373024,21.0439026,79.4,40.98,0.007,0.034,0.991,0,40.80908469709118,,313.34089816190533,0.0,2.0
6345,2026-05-11 14:45:45.600000+00:00,52.2372592,21.0439429,79.5,39.69,0.007,0.038,0.948,0,39.83204824522714,,318.87055091212073,0.0,2.0
6350,2026-05-11 14:45:46.100000+00:00,52.2372156,21.0439814,79.4,39.01,-0.001,0.015,0.99,0,39.68314323366469,,324.37432713557314,0.0,2.0
6355,2026-05-11 14:45:46.600000+00:00,52.2371719,21.0440222,79.5,39.68,0.02,0.006,0.933,0,40.3012523663783,,329.96941177313147,0.0,2.0
6360,2026-05-11 14:45:47.100000+00:00,52.2371287,21.0440617,79.6,40.02,-0.014,0.004,1.001,0,39.63897739106109,,335.47103028971316,0.0,2.0
6365,2026-05-11 14:45:47.600000+00:00,52.2370852,21.0441022,79.7,39.63,0.009,0.017,0.92,0,40.08929022926957,,341.0366713490761,0.0,2.0
6370,2026-05-11 14:45:48.100000+00:00,52.2370426,21.0441374,79.2,38.38,-0.011,0.026,0.974,0,38.22355853454371,,346.32946320186903,0.0,2.0
6375,2026-05-11 14:45:48.600000+00:00,52.2369996,21.0441773,79.2,39.35,-0.006,0.045,0.979,0,39.59589575858917,,351.82664016035847,0.0,2.0
6380,2026-05-11 14:45:49.100000+00:00,52.2369572,21.0442177,79.2,39.1,-0.006,0.05,0.963,0,39.301958213814615,,357.28447440920417,0.0,2.0
6385,2026-05-11 14:45:49.600000+00:00,52.2369149,21.0442596,79.3,39.24,-0.003,0.058,0.999,0,39.609226656807124,,362.78575550265106,0.0,2.0
6390,2026-05-11 14:45:50.100000+00:00,52.2368735,21.0443002,79.4,37.98,-0.032,0.039,0.943,0,38.66298822915266,,368.15557145088155,0.0,2.0
6395,2026-05-11 14:45:50.600000+00:00,52.2368325,21.044341,79.5,38.1,-0.024,0.09,1.007,0,38.43975273625209,,373.494409811946,0.0,2.0
6400,2026-05-11 14:45:51.100000+00:00,52.2367927,21.0443834,79.5,37.46,0.022,0.095,0.951,0,38.04559217752887,,378.7756487795232,0.0,2.0
6405,2026-05-11 14:45:51.600000+00:00,52.236755,21.0444261,79.5,36.77,0.001,0.092,0.977,0,36.73265075238339,,383.86801127830165,0.0,2.0
6410,2026-05-11 14:45:52.100000+00:00,52.2367172,21.044468,79.5,36.58,-0.001,0.067,0.976,0,36.57674771738183,,388.9417905571077,0.0,2.0
6415,2026-05-11 14:45:52.600000+00:00,52.2366722,21.0444985,79.3,38.07,0.019,0.079,0.951,0,39.007354592451016,,394.2967594022592,0.0,2.0
6420,2026-05-11 14:45:53.100000+00:00,52.2366295,21.0445283,79.1,38.0,0.02,0.055,0.986,0,37.17712020422571,,399.40980687268376,0.0,2.0
6425,2026-05-11 14:45:53.600000+00:00,52.2365853,21.0445525,79.1,36.98,0.04,0.052,0.971,0,37.322861879279806,,404.47088850135424,0.0,2.0
6430,2026-05-11 14:45:54.100000+00:00,52.2365441,21.0445868,79.2,37.32,0.098,0.025,0.959,0,37.02449005189824,,409.60123463699045,0.0,2.0
6435,2026-05-11 14:45:54.600000+00:00,52.2365082,21.0446388,79.4,37.73,0.059,0.002,0.978,0,38.4198912238649,,414.8460935202932,0.0,2.0
6440,2026-05-11 14:45:55.100000+00:00,52.2364687,21.0446838,79.5,38.53,0.029,-0.028,0.938,0,38.55969800060521,,418.0269832426351,0.0,2.0
6445,2026-05-11 14:45:55.600000+00:00,52.2364291,21.0447318,79.6,38.9,0.007,-0.012,1.001,0,39.48403790810342,,416.40357326204935,0.0,2.0
6450,2026-05-11 14:45:56.100000+00:00,52.2363884,21.0447775,79.6,39.04,-0.004,0.0,0.946,0,39.54492166363703,,415.03579451796554,0.0,2.0
6455,2026-05-11 14:45:56.600000+00:00,52.2363476,21.0448235,79.8,39.33,0.012,0.008,1.013,0,39.694315714644546,,413.72137913036835,0.0,2.0
6460,2026-05-11 14:45:57.100000+00:00,52.2363069,21.0448678,79.7,38.88,-0.009,0.005,0.955,0,39.16010365857286,,412.57968567256563,0.0,2.0
6465,2026-05-11 14:45:57.600000+00:00,52.2362664,21.0449124,79.9,38.51,-0.02,0.001,0.958,0,39.10903309325179,,411.4792868842954,0.0,2.0
6470,2026-05-11 14:45:58.100000+00:00,52.2362256,21.0449525,79.8,37.75,-0.026,0.028,0.981,0,38.12513712298554,,410.74227807522664,0.0,2.0
6475,2026-05-11 14:45:58.600000+00:00,52.2361858,21.0449936,79.8,37.35,-0.028,0.025,0.97,0,37.70125441875117,,409.96470754012233,0.0,2.0
6480,2026-05-11 14:45:59.100000+00:00,52.2361471,21.0450341,79.7,36.51,-0.024,0.035,0.975,0,36.80038570917768,,409.2383337533928,0.0,2.0
6485,2026-05-11 14:45:59.600000+00:00,52.2361088,21.045073,79.6,36.32,-0.014,0.031,0.96,0,36.11077525129252,,408.6537348719343,0.0,2.0
6490,2026-05-11 14:46:00.100000+00:00,52.2360711,21.0451128,79.7,35.31,-0.024,0.04,0.976,0,35.94144637449613,,408.0454648694136,0.0,2.0
6495,2026-05-11 14:46:00.600000+00:00,52.236034,21.045152,79.8,34.69,-0.018,0.05,0.963,0,35.37834226671695,,407.5036567999635,0.0,2.0
6500,2026-05-11 14:46:01.100000+00:00,52.2359978,21.0451906,79.8,34.48,-0.018,0.041,0.976,0,34.61389454982906,,407.0102924935224,0.0,2.0
6505,2026-05-11 14:46:01.600000+00:00,52.2359623,21.0452286,79.8,33.5,0.0,0.079,0.958,0,33.98387508079837,,406.5723104287079,0.0,2.0
6510,2026-05-11 14:46:02.100000+00:00,52.235928,21.0452672,79.8,32.68,-0.004,0.085,0.985,0,33.350643967006306,,406.08843018807374,0.0,2.0
6515,2026-05-11 14:46:02.600000+00:00,52.2358948,21.0453068,79.9,32.14,-0.001,0.067,0.976,0,32.916151255699276,,405.53730233317776,0.0,2.0
6520,2026-05-11 14:46:03.100000+00:00,52.2358623,21.0453462,79.9,31.97,-0.003,0.063,0.971,0,32.40674826372787,,405.0096673874644,0.0,2.0
6525,2026-05-11 14:46:03.600000+00:00,52.2358307,21.0453861,80.1,31.29,-0.007,0.075,0.975,0,31.980496551931502,,404.4509279269444,0.0,2.0
6530,2026-05-11 14:46:04.100000+00:00,52.2358004,21.0454259,80.1,30.74,-0.014,0.074,0.968,0,31.132912255413363,,403.8707202247675,0.0,2.0
6535,2026-05-11 14:46:04.600000+00:00,52.2357713,21.0454672,80.5,29.93,-0.024,0.108,0.965,0,30.867696092490256,,403.1786870852308,0.0,2.0
6540,2026-05-11 14:46:05.100000+00:00,52.2357441,21.0455078,80.7,28.82,-0.016,0.084,0.978,0,29.50371552979975,,402.4574716381152,0.0,2.0
6545,2026-05-11 14:46:05.600000+00:00,52.2357179,21.045548,80.7,28.04,-0.024,0.08,0.942,0,28.783199272415967,,401.73875545670336,0.0,2.0
6550,2026-05-11 14:46:06.100000+00:00,52.2356926,21.0455876,80.8,27.29,-0.02,0.072,0.982,0,28.058049032252118,,401.0370710291608,0.0,2.0
6555,2026-05-11 14:46:06.600000+00:00,52.2356691,21.0456257,81.0,25.28,-0.077,0.074,0.973,0,26.512902227731058,,400.3439835786463,0.0,2.0
6560,2026-05-11 14:46:07.100000+00:00,52.2356471,21.0456607,81.1,24.16,-0.062,0.071,0.983,0,24.590899364403295,,399.7621968986898,0.0,2.0
6565,2026-05-11 14:46:07.600000+00:00,52.2356261,21.0456949,81.2,23.26,-0.01,0.048,0.945,0,23.745373424693863,,399.1892820409024,0.0,2.0
6570,2026-05-11 14:46:08.100000+00:00,52.2356056,21.0457273,81.4,21.72,-0.08,0.072,1.003,0,22.841284519995302,,398.71010359771356,0.0,2.0
6575,2026-05-11 14:46:08.600000+00:00,52.2355868,21.0457564,81.6,20.14,-0.034,0.045,0.95,0,20.739168498737982,,398.3261398065432,0.0,2.0
6580,2026-05-11 14:46:09.100000+00:00,52.2355689,21.0457857,81.7,19.41,-0.042,0.035,0.965,0,20.291624057381853,,397.892278552535,0.0,2.0
6585,2026-05-11 14:46:09.600000+00:00,52.2355517,21.0458123,81.8,18.3,-0.051,0.042,0.968,0,18.96624746208104,,397.5785126916092,0.0,2.0
6590,2026-05-11 14:46:10.100000+00:00,52.2355359,21.0458371,81.9,16.74,-0.061,0.066,0.987,0,17.546068277765634,,397.28563666762017,0.0,2.0
6595,2026-05-11 14:46:10.600000+00:00,52.2355217,21.04586,82.1,14.99,-0.06,0.064,0.965,0,15.978455865233064,,397.0019458547959,0.0,2.0
6600,2026-05-11 14:46:11.100000+00:00,52.2355094,21.0458809,82.2,13.3,-0.077,0.071,0.978,0,14.211955796974792,,396.7087763756898,0.0,2.0
6605,2026-05-11 14:46:11.600000+00:00,52.2354984,21.0458986,82.3,11.73,-0.053,0.066,0.978,0,12.364100957756198,,396.5079222864949,0.0,2.0
6610,2026-05-11 14:46:12.100000+00:00,52.2354881,21.0459152,82.3,10.99,-0.003,0.048,0.957,0,11.586372450761615,,396.32509189433875,0.0,2.0
6615,2026-05-11 14:46:12.600000+00:00,52.2354781,21.0459322,82.5,10.92,0.001,0.039,0.98,0,11.557314534580987,,396.1066381959189,0.0,2.0
6620,2026-05-11 14:46:13.100000+00:00,52.235468,21.0459488,82.6,10.74,0.015,0.035,0.967,0,11.472965877228365,,395.9227857677254,0.0,2.0
6625,2026-05-11 14:46:13.600000+00:00,52.2354577,21.0459652,82.8,11.12,0.033,0.03,0.967,0,11.517703388304515,,395.7698289859112,0.0,2.0
6630,2026-05-11 14:46:14.100000+00:00,52.2354456,21.0459815,83.1,11.98,0.147,0.038,0.97,0,12.55846998201792,,395.7549223916522,0.0,2.0
6635,2026-05-11 14:46:14.600000+00:00,52.235432,21.0460013,83.3,14.53,0.138,-0.008,0.962,0,14.587623106825308,,395.6695507072343,0.0,2.0
6640,2026-05-11 14:46:15.100000+00:00,52.2354163,21.0460248,83.6,16.83,0.104,-0.019,0.972,0,17.05144148692526,,395.5502509343009,0.0,2.0
6645,2026-05-11 14:46:15.600000+00:00,52.2353989,21.0460492,83.6,18.19,0.091,0.005,0.963,0,18.36252941878598,,395.52013902873335,0.0,2.0
6650,2026-05-11 14:46:16.100000+00:00,52.2353812,21.0460751,83.7,18.12,-0.004,0.034,0.972,0,19.02813841565289,,395.45052495779356,0.0,2.0
6655,2026-05-11 14:46:16.600000+00:00,52.2353643,21.0461005,83.9,17.68,-0.023,0.053,0.972,0,18.389181864512157,,395.36601860519875,0.0,2.0
6660,2026-05-11 14:46:17.100000+00:00,52.2353493,21.0461256,83.8,16.56,-0.02,0.112,0.961,0,17.195090325593938,,395.1739820368264,0.0,2.0
6665,2026-05-11 14:46:17.600000+00:00,52.2353366,21.0461521,83.9,16.25,-0.018,0.146,1.005,0,16.498537045042504,,394.75520478574407,0.0,2.0
6670,2026-05-11 14:46:18.100000+00:00,52.2353262,21.0461789,83.7,15.56,0.021,0.17,0.948,0,15.556068856798806,,394.1632846629349,0.0,2.0
6675,2026-05-11 14:46:18.600000+00:00,52.2353204,21.0462102,83.8,16.21,0.009,0.218,0.966,0,16.03368282636005,,393.0117977275644,0.0,2.0
6680,2026-05-11 14:46:19.100000+00:00,52.2353178,21.0462438,83.9,16.2,-0.005,0.178,0.964,0,16.605248910398124,,391.51389096843906,0.0,2.0
6685,2026-05-11 14:46:19.600000+00:00,52.2353198,21.0462756,84.0,16.16,-0.01,0.186,1.017,0,15.673717032529765,,389.76749068509815,0.0,2.0
6690,2026-05-11 14:46:20.100000+00:00,52.2353238,21.0463009,83.7,16.66,0.002,0.156,0.98,0,12.811429239991977,,388.19934101054554,0.0,2.0
6695,2026-05-11 14:46:20.600000+00:00,52.2353303,21.0463222,83.5,16.74,-0.007,0.136,0.951,0,11.668230241190782,,386.64377358906546,0.0,2.0
6700,2026-05-11 14:46:21.100000+00:00,52.2353393,21.0463472,83.4,16.41,0.003,0.14,0.96,0,14.218571962621064,,384.71495388347046,0.0,2.0
6705,2026-05-11 14:46:21.600000+00:00,52.2353522,21.0463697,83.3,16.88,0.075,0.186,0.941,0,15.1117574582516,,382.61611777648784,0.0,2.0
6710,2026-05-11 14:46:22.100000+00:00,52.2353663,21.0463932,83.2,17.4,0.04,0.12,0.978,0,16.130430555615476,,380.3766007022661,0.0,2.0
6715,2026-05-11 14:46:22.600000+00:00,52.2353808,21.046419,83.1,17.44,0.024,0.062,0.966,0,17.169221910452166,,377.9920228800685,0.0,2.0
6720,2026-05-11 14:46:23.100000+00:00,52.2353966,21.0464449,82.9,18.99,0.097,0.087,0.98,0,17.924078234165457,,375.50413818084326,0.0,2.0
6725,2026-05-11 14:46:23.600000+00:00,52.2354152,21.0464718,82.9,20.11,0.078,0.025,0.958,0,19.892293332852525,,372.75470890277273,0.0,2.0
6730,2026-05-11 14:46:24.100000+00:00,52.2354344,21.0465009,82.9,20.99,0.076,0.012,0.993,0,20.972776744641862,,369.8501948066905,0.0,2.0
6735,2026-05-11 14:46:24.600000+00:00,52.2354549,21.0465304,83.1,22.3,0.074,0.012,0.958,0,21.876296859731863,,366.82772079227084,0.0,2.0
6740,2026-05-11 14:46:25.100000+00:00,52.2354755,21.0465612,83.3,22.79,0.069,0.041,0.938,0,22.36182750020276,,363.7328912990715,0.0,2.0
6745,2026-05-11 14:46:25.600000+00:00,52.2354974,21.0465907,83.4,23.45,0.069,0.092,0.993,0,22.729269836777505,,360.6054942690281,0.0,2.0
6750,2026-05-11 14:46:26.100000+00:00,52.235521,21.0466194,83.9,23.18,0.073,0.085,0.959,0,23.558550555206306,,357.390981621854,0.0,2.0
6755,2026-05-11 14:46:26.600000+00:00,52.235546,21.046644,84.2,23.71,0.068,0.119,0.999,0,23.368406543652128,,354.27877195915926,0.0,2.0
6760,2026-05-11 14:46:27.100000+00:00,52.2355736,21.0466645,84.4,24.3,0.07,0.138,0.961,0,24.27527489796731,,351.18172611879567,0.0,2.0
6765,2026-05-11 14:46:27.600000+00:00,52.2356023,21.0466786,84.5,24.34,0.045,0.151,0.969,0,23.99480054435124,,348.3324914362842,0.0,2.0
6770,2026-05-11 14:46:28.100000+00:00,52.2356319,21.0466875,85.1,24.93,0.03,0.12,0.989,0,24.096275326178013,,345.6905118264514,0.0,2.0
6775,2026-05-11 14:46:28.600000+00:00,52.2356624,21.0466928,85.7,24.99,0.052,0.127,0.975,0,24.556287727364708,,343.17951868803334,0.0,2.0
6780,2026-05-11 14:46:29.100000+00:00,52.2356935,21.0466917,85.9,24.89,0.067,0.137,0.974,0,24.90460850913996,,340.970912073839,0.0,2.0
6785,2026-05-11 14:46:29.600000+00:00,52.2357248,21.0466851,86.1,25.47,0.059,0.118,0.963,0,25.26696494574064,,339.054824178111,0.0,2.0
6790,2026-05-11 14:46:30.100000+00:00,52.2357572,21.0466748,86.4,26.04,0.062,0.116,0.976,0,26.426575181428323,,337.2801870161248,0.0,2.0
6795,2026-05-11 14:46:30.600000+00:00,52.235788,21.0466593,86.3,26.28,0.067,0.14,0.988,0,25.803114093171565,,335.92331839319274,0.0,2.0
6800,2026-05-11 14:46:31.100000+00:00,52.2358198,21.0466413,86.3,27.2,0.066,0.081,0.964,0,26.94546522496264,,334.66331570885217,0.0,2.0
6805,2026-05-11 14:46:31.600000+00:00,52.2358509,21.0466171,86.4,27.94,0.051,0.04,0.96,0,27.581386929046364,,333.8216314045497,0.0,2.0
6810,2026-05-11 14:46:32.100000+00:00,52.235883,21.046592,86.5,28.3,0.073,0.004,0.992,0,28.49399955528787,,333.0034807019096,0.0,2.0
6815,2026-05-11 14:46:32.600000+00:00,52.235917,21.0465703,86.5,29.53,0.05,-0.069,0.965,0,29.225936016208287,,331.91866356252376,0.0,2.0
6820,2026-05-11 14:46:33.100000+00:00,52.2359515,21.0465473,86.6,30.0,0.043,-0.056,0.979,0,29.83416612879929,,330.91932297083036,0.0,2.0
6825,2026-05-11 14:46:33.600000+00:00,52.2359878,21.0465232,86.9,30.92,0.037,-0.027,0.967,0,31.372228055378972,,329.9151895601031,0.0,2.0
6830,2026-05-11 14:46:34.100000+00:00,52.2360243,21.0464988,87.3,31.2,0.067,0.024,0.971,0,31.576045214866507,,328.97002988236125,0.0,2.0
6835,2026-05-11 14:46:34.600000+00:00,52.2360614,21.0464737,87.7,31.85,0.057,0.016,0.972,0,32.15091006952103,,328.08358301994866,0.0,2.0
6840,2026-05-11 14:46:35.100000+00:00,52.2360985,21.0464487,88.0,31.67,0.066,0.007,0.966,0,32.13217088056946,,327.2499444198726,0.0,2.0
6845,2026-05-11 14:46:35.600000+00:00,52.2361358,21.0464222,88.3,32.22,0.063,0.007,0.956,0,32.56660737559441,,326.549985183961,0.0,2.0
6850,2026-05-11 14:46:36.100000+00:00,52.2361737,21.046396,88.6,32.46,0.059,-0.016,0.971,0,32.95001426384881,,325.8592371049945,0.0,2.0
6855,2026-05-11 14:46:36.600000+00:00,52.236212,21.0463703,88.9,33.04,0.058,0.0,0.976,0,33.15119421849779,,325.1795349392114,0.0,2.0
6860,2026-05-11 14:46:37.100000+00:00,52.236251,21.046344,89.1,33.79,0.029,-0.008,0.964,0,33.781418290741584,,324.56078644656526,0.0,2.0
6865,2026-05-11 14:46:37.600000+00:00,52.2362898,21.0463178,89.4,33.32,0.026,-0.002,0.959,0,33.61470597068619,,324.0135424099752,0.0,2.0
6870,2026-05-11 14:46:38.100000+00:00,52.2363286,21.0462915,89.6,33.23,0.034,0.015,0.986,0,33.63346859621546,,323.5387623078358,0.0,2.0
6875,2026-05-11 14:46:38.600000+00:00,52.236366,21.0462663,89.8,31.73,-0.024,0.039,0.965,0,32.39156806723356,,323.1352235527002,0.0,2.0
6880,2026-05-11 14:46:39.100000+00:00,52.2364016,21.0462428,90.1,30.01,-0.013,0.044,0.955,0,30.74229649927187,,322.77917416724955,0.0,2.0
6885,2026-05-11 14:46:39.600000+00:00,52.2364362,21.0462183,90.3,29.66,-0.026,0.031,0.956,0,30.193233980140494,,322.5888075468913,0.0,2.0
6890,2026-05-11 14:46:40.100000+00:00,52.2364691,21.0461963,90.3,28.53,-0.011,0.036,0.979,0,28.46287601194718,,322.3782542992404,0.0,2.0
6895,2026-05-11 14:46:40.600000+00:00,52.2365003,21.0461742,90.3,26.85,-0.045,0.052,0.975,0,27.22772837926708,,322.30001606005175,0.0,2.0
6900,2026-05-11 14:46:41.100000+00:00,52.2365292,21.0461533,90.2,24.85,-0.062,0.051,0.972,0,25.30502659842432,,322.29388274636517,0.0,2.0
6905,2026-05-11 14:46:41.600000+00:00,52.2365567,21.0461326,90.2,23.95,-0.021,0.04,0.953,0,24.24321669681044,,322.3745269429282,0.0,2.0
6910,2026-05-11 14:46:42.100000+00:00,52.2365828,21.0461124,90.3,22.56,-0.023,0.034,0.974,0,23.124001753803395,,322.5184045993017,0.0,2.0
6915,2026-05-11 14:46:42.600000+00:00,52.2366073,21.0460927,90.4,21.33,-0.023,0.029,0.963,0,21.863921222774515,,322.7291151162017,0.0,2.0
6920,2026-05-11 14:46:43.100000+00:00,52.2366309,21.0460746,90.3,20.03,-0.038,0.001,0.977,0,20.874506665244326,,322.9034135224107,0.0,2.0
6925,2026-05-11 14:46:43.600000+00:00,52.236654,21.0460582,90.4,19.78,-0.046,-0.051,0.969,0,20.1663036881846,,323.01540207339355,0.0,2.0
6930,2026-05-11 14:46:44.100000+00:00,52.2366768,21.0460449,90.5,18.78,-0.058,-0.063,0.966,0,19.38353430907276,,322.96552958483636,0.0,2.0
6935,2026-05-11 14:46:44.600000+00:00,52.2366987,21.0460358,90.3,17.95,-0.058,-0.067,0.966,0,18.091984831638637,,322.7036346089184,0.0,2.0
6940,2026-05-11 14:46:45.100000+00:00,52.2367204,21.0460297,90.4,17.63,-0.065,-0.091,0.955,0,17.628645575714064,,322.27611940774534,0.0,2.0
6945,2026-05-11 14:46:45.600000+00:00,52.236742,21.0460282,90.4,16.85,-0.08,-0.105,0.952,0,17.30866613574472,,321.57448145520823,0.0,2.0
6950,2026-05-11 14:46:46.100000+00:00,52.2367627,21.0460314,90.3,16.18,-0.101,-0.083,0.986,0,16.646591785674886,,320.6186185201765,0.0,2.0
6955,2026-05-11 14:46:46.600000+00:00,52.2367823,21.0460388,90.3,15.71,-0.076,-0.062,0.964,0,16.105802660377705,,319.44408195041393,0.0,2.0
6960,2026-05-11 14:46:47.100000+00:00,52.2368009,21.0460489,90.4,16.06,-0.058,-0.074,0.987,0,15.692994932573558,,318.1408745299015,0.0,2.0
6965,2026-05-11 14:46:47.600000+00:00,52.2368194,21.0460628,90.5,16.99,-0.034,-0.112,0.974,0,16.30383521945764,,316.6044195724041,0.0,2.0
6970,2026-05-11 14:46:48.100000+00:00,52.2368383,21.0460813,90.8,18.18,-0.01,-0.142,0.957,0,17.64172753266141,,314.76469430269844,0.0,2.0
6975,2026-05-11 14:46:48.600000+00:00,52.2368566,21.0461062,91.1,19.18,-0.069,-0.153,0.964,0,19.070733458161794,,312.53707006110045,0.0,2.0
6980,2026-05-11 14:46:49.100000+00:00,52.2368733,21.046134,91.4,19.95,-0.061,-0.129,0.958,0,19.092835153706485,,310.1795077892137,0.0,2.0
6985,2026-05-11 14:46:49.600000+00:00,52.2368866,21.0461681,91.8,20.21,-0.081,-0.147,0.957,0,19.82169732147216,,307.5262379333428,0.0,2.0
6990,2026-05-11 14:46:50.100000+00:00,52.2368988,21.0462058,92.2,21.9,-0.055,-0.135,0.967,0,20.90584784051573,,304.67551822773885,0.0,2.0
6995,2026-05-11 14:46:50.600000+00:00,52.2369085,21.0462463,92.4,21.83,-0.058,-0.089,0.963,0,21.321245889314056,,301.7234908703596,0.0,2.0
7000,2026-05-11 14:46:51.100000+00:00,52.2369171,21.04629,92.2,22.78,0.019,-0.063,0.967,0,22.504694976980957,,298.59832797491595,0.0,2.0
7005,2026-05-11 14:46:51.600000+00:00,52.2369242,21.0463369,92.2,23.79,-0.001,-0.051,0.973,0,23.686662171239742,,295.3128052995401,0.0,2.0
7010,2026-05-11 14:46:52.100000+00:00,52.236933,21.0463858,92.2,25.05,0.042,-0.018,0.98,0,24.988803057696263,,291.84224768440856,0.0,2.0
7015,2026-05-11 14:46:52.600000+00:00,52.2369428,21.0464359,92.1,26.34,0.077,0.023,0.953,0,25.78603061537142,,288.2612827425072,0.0,2.0
7020,2026-05-11 14:46:53.100000+00:00,52.2369532,21.0464887,92.1,27.6,0.035,0.032,0.984,0,27.19325070799433,,284.48503342928774,0.0,2.0
7025,2026-05-11 14:46:53.600000+00:00,52.2369646,21.0465433,92.1,28.67,0.062,0.01,0.969,0,28.282789808993545,,280.5593361209045,0.0,2.0
7030,2026-05-11 14:46:54.100000+00:00,52.2369762,21.0466,92.1,29.68,0.038,0.005,0.966,0,29.30953179288737,,276.49036899872004,0.0,2.0
7035,2026-05-11 14:46:54.600000+00:00,52.2369882,21.0466583,92.1,30.37,0.049,0.044,0.972,0,30.155084897193568,,272.3043124818977,0.0,2.0
7040,2026-05-11 14:46:55.100000+00:00,52.2370012,21.0467177,92.0,31.24,0.022,0.024,0.973,0,30.926930004667042,,268.01464040578537,0.0,2.0
7045,2026-05-11 14:46:55.600000+00:00,52.2370145,21.0467788,91.9,32.16,0.048,0.029,0.945,0,31.792668935566287,,263.60468937489276,0.0,2.0
7050,2026-05-11 14:46:56.100000+00:00,52.2370276,21.046842,91.8,32.89,0.02,-0.004,0.978,0,32.71292741671583,,259.0642352463041,0.0,2.0
7055,2026-05-11 14:46:56.600000+00:00,52.2370409,21.0469064,91.7,33.53,0.019,0.021,0.978,0,33.32156160523995,,254.43922622095283,0.0,2.0
7060,2026-05-11 14:46:57.100000+00:00,52.2370545,21.0469718,91.6,34.22,0.031,0.053,0.973,0,33.86295729640954,,249.73955952027083,0.0,2.0
7065,2026-05-11 14:46:57.600000+00:00,52.237069,21.0470378,91.5,34.5,0.017,0.043,0.962,0,34.37820324177478,,244.9724836227357,0.0,2.0
7070,2026-05-11 14:46:58.100000+00:00,52.2370836,21.0471044,91.5,34.65,-0.001,0.038,0.967,0,34.68212865867439,,240.16337975194685,0.0,2.0
7075,2026-05-11 14:46:58.600000+00:00,52.2370977,21.0471715,91.4,34.87,-0.002,0.031,0.983,0,34.781042514450924,,235.337557096282,0.0,2.0
7080,2026-05-11 14:46:59.100000+00:00,52.2371113,21.047239,91.3,35.01,0.001,0.027,0.967,0,34.83941632747278,,230.5013914591131,0.0,2.0
7085,2026-05-11 14:46:59.600000+00:00,52.2371247,21.0473067,91.2,34.91,-0.002,0.038,0.976,0,34.88298900384213,,225.65849328585594,0.0,2.0
7090,2026-05-11 14:47:00.100000+00:00,52.2371373,21.0473746,91.0,34.97,-0.007,0.043,0.961,0,34.78518774211523,,220.82748279907958,0.0,2.0
7095,2026-05-11 14:47:00.600000+00:00,52.2371498,21.0474423,90.8,34.65,-0.014,0.044,0.969,0,34.668151634085554,,216.0126705393371,0.0,2.0
7100,2026-05-11 14:47:01.100000+00:00,52.2371618,21.0475097,90.7,34.65,-0.014,0.056,0.963,0,34.41345251515658,,211.23302493446337,0.0,2.0
7105,2026-05-11 14:47:01.600000+00:00,52.2371747,21.0475766,90.4,34.49,-0.013,0.051,0.974,0,34.38760924212653,,206.4581096921108,0.0,2.0
7110,2026-05-11 14:47:02.100000+00:00,52.2371882,21.0476436,90.3,34.51,-0.01,0.041,0.97,0,34.58147782221484,,201.65812812288206,0.0,2.0
7115,2026-05-11 14:47:02.600000+00:00,52.2372027,21.0477106,90.4,34.62,-0.016,0.041,0.972,0,34.83999100486519,,196.82746374728046,0.0,2.0
7120,2026-05-11 14:47:03.100000+00:00,52.2372165,21.0477765,90.4,34.22,-0.012,0.047,0.968,0,34.14653348229472,,192.0906769902518,0.0,2.0
7125,2026-05-11 14:47:03.600000+00:00,52.2372312,21.0478428,90.4,34.09,-0.019,0.041,0.976,0,34.57075477552961,,187.30053115498234,0.0,2.0
7130,2026-05-11 14:47:04.100000+00:00,52.237245,21.0479085,90.4,33.94,-0.014,0.044,0.968,0,34.05374636713924,,182.57757698305602,0.0,2.0
7135,2026-05-11 14:47:04.600000+00:00,52.2372585,21.0479736,90.4,33.67,-0.013,0.054,0.972,0,33.69781278846389,,177.90336217359524,0.0,2.0
7140,2026-05-11 14:47:05.100000+00:00,52.237272,21.0480389,90.4,33.46,-0.015,0.044,0.969,0,33.79069449992918,,173.2163626996474,0.0,2.0
7145,2026-05-11 14:47:05.600000+00:00,52.237285,21.0481034,90.2,33.34,-0.01,0.048,0.964,0,33.29199227219656,,168.5971306340088,0.0,2.0
7150,2026-05-11 14:47:06.100000+00:00,52.2372983,21.048168,90.1,33.42,-0.018,0.041,0.982,0,33.41431817389786,,163.9626689193424,0.0,2.0
7155,2026-05-11 14:47:06.600000+00:00,52.2373118,21.0482323,90.1,33.36,-0.013,0.041,0.968,0,33.32650920591787,,159.3423560199804,0.0,2.0
7160,2026-05-11 14:47:07.100000+00:00,52.2373251,21.0482964,90.0,33.07,-0.004,0.05,0.969,0,33.18203032992695,,154.74155788842788,0.0,2.0
7165,2026-05-11 14:47:07.600000+00:00,52.2373389,21.0483603,90.0,33.04,-0.011,0.053,0.967,0,33.220143798721104,,150.13979090899718,0.0,2.0
7170,2026-05-11 14:47:08.100000+00:00,52.2373523,21.0484236,89.9,32.77,-0.007,0.047,0.97,0,32.836839569487836,,145.5898143917288,0.0,2.0
7175,2026-05-11 14:47:08.600000+00:00,52.2373659,21.0484866,89.9,32.45,-0.01,0.043,0.964,0,32.75073686228815,,141.05453056246523,0.0,2.0
7180,2026-05-11 14:47:09.100000+00:00,52.2373788,21.0485494,89.8,32.39,-0.016,0.044,0.963,0,32.47571996127529,,136.5532043275805,0.0,2.0
7185,2026-05-11 14:47:09.600000+00:00,52.2373917,21.0486119,89.7,32.04,-0.015,0.046,0.984,0,32.33629635602175,,132.07226681697648,0.0,2.0
7190,2026-05-11 14:47:10.100000+00:00,52.2374053,21.0486745,89.7,32.35,-0.01,0.047,0.952,0,32.56581849588279,,127.56591531482634,0.0,2.0
7195,2026-05-11 14:47:10.600000+00:00,52.2374184,21.0487369,89.7,31.95,-0.013,0.048,0.989,0,32.34139226014337,,123.08776468304916,0.0,2.0
7200,2026-05-11 14:47:11.100000+00:00,52.2374308,21.0487988,89.6,31.73,-0.009,0.045,0.955,0,31.930932735799455,,118.66276220325119,0.0,2.0
7205,2026-05-11 14:47:11.600000+00:00,52.2374431,21.0488603,89.5,31.58,-0.012,0.049,0.979,0,31.719643482303972,,114.26764925303445,0.0,2.0
7210,2026-05-11 14:47:12.100000+00:00,52.2374565,21.0489221,89.5,31.89,-0.018,0.038,0.963,0,32.14260233004618,,109.82418741710325,0.0,2.0
7215,2026-05-11 14:47:12.600000+00:00,52.2374692,21.0489836,89.5,31.62,-0.01,0.043,0.975,0,31.820502522788317,,105.42068637319774,0.0,2.0
7220,2026-05-11 14:47:13.100000+00:00,52.2374815,21.049045,89.5,31.51,-0.003,0.034,0.964,0,31.673016707130838,,101.03555268969967,0.0,2.0
7225,2026-05-11 14:47:13.600000+00:00,52.2374932,21.0491063,89.4,31.32,-0.016,0.033,0.975,0,31.480155255053642,,96.67362282116183,0.0,2.0
7230,2026-05-11 14:47:14.100000+00:00,52.237505,21.0491673,89.3,31.18,-0.018,0.031,0.965,0,31.36377810949991,,92.33004902576342,0.0,2.0
7235,2026-05-11 14:47:14.600000+00:00,52.2375162,21.0492281,89.1,31.02,-0.016,0.027,0.982,0,31.1285276176842,,88.01586865881092,0.0,2.0
7240,2026-05-11 14:47:15.100000+00:00,52.2375272,21.0492889,89.1,30.8,-0.008,0.03,0.976,0,31.082774949598253,,83.70753704315133,0.0,2.0
7245,2026-05-11 14:47:15.600000+00:00,52.2375377,21.0493498,89.0,30.56,-0.034,0.029,0.957,0,31.018920903425347,6.0,79.40557933696267,0.0,2.0
7250,2026-05-11 14:47:16.100000+00:00,52.2375485,21.0494095,89.0,29.93,-0.034,0.03,0.981,0,30.52018473901227,6.0,75.17701502509878,0.0,2.0
7255,2026-05-11 14:47:16.600000+00:00,52.2375589,21.0494684,88.9,30.06,-0.03,0.022,0.973,0,30.053936065896625,6.0,71.0122808519221,0.0,2.0
7260,2026-05-11 14:47:17.100000+00:00,52.2375678,21.0495272,88.8,29.47,-0.022,0.04,0.973,0,29.69601878764,6.0,66.8899031970421,0.0,2.0
7265,2026-05-11 14:47:17.600000+00:00,52.2375776,21.0495856,88.9,29.06,-0.009,0.052,0.938,0,29.68790757671681,6.0,62.77391811164609,0.0,2.0
7270,2026-05-11 14:47:18.100000+00:00,52.2375873,21.0496434,88.9,28.88,-0.017,0.049,0.986,0,29.383033749084774,6.0,58.701220151364744,0.0,2.0
7275,2026-05-11 14:47:18.600000+00:00,52.2375969,21.0497006,89.0,28.66,-0.018,0.057,1.004,0,29.07816011396906,6.0,54.67200090937711,0.0,2.0
7280,2026-05-11 14:47:19.100000+00:00,52.2376068,21.0497575,89.0,28.49,0.0,0.048,0.96,0,29.001046085279437,6.0,50.65801662276786,0.0,2.0
7285,2026-05-11 14:47:19.600000+00:00,52.2376157,21.0498137,89.0,28.04,-0.009,0.041,0.955,0,28.46014276894363,6.0,46.713641030339424,0.0,2.0
7290,2026-05-11 14:47:20.100000+00:00,52.2376246,21.0498692,89.0,27.53,-0.055,0.05,0.996,0,28.128002734279402,6.0,42.81772869850224,0.0,2.0
7295,2026-05-11 14:47:20.600000+00:00,52.2376333,21.0499245,89.0,27.6,-0.016,0.041,0.948,0,27.992880289480862,6.0,38.94117907245063,0.0,2.0
7300,2026-05-11 14:47:21.100000+00:00,52.2376416,21.0499788,88.9,27.13,-0.021,0.059,0.957,0,27.438977203440324,6.0,35.14155013219344,0.0,2.0
7305,2026-05-11 14:47:21.600000+00:00,52.2376509,21.0500327,89.1,27.13,0.001,0.082,0.991,0,27.454959327025403,6.0,31.354798903268115,0.0,2.0
7310,2026-05-11 14:47:22.100000+00:00,52.2376594,21.0500855,89.0,26.52,-0.005,0.068,0.997,0,26.766293050918076,6.0,27.661458453001142,0.0,2.0
7315,2026-05-11 14:47:22.600000+00:00,52.237668,21.0501374,89.0,26.2,-0.032,0.058,0.951,0,26.36057264496892,6.0,24.035181248409774,0.0,2.0
7320,2026-05-11 14:47:23.100000+00:00,52.2376756,21.050187,88.9,24.69,-0.077,0.082,0.97,0,25.067520901390665,6.0,20.587516505941355,0.0,2.0
7325,2026-05-11 14:47:23.600000+00:00,52.2376827,21.0502337,88.9,23.16,-0.06,0.056,0.936,0,23.59110200260432,6.0,17.354226496902175,0.0,2.0
7330,2026-05-11 14:47:24.100000+00:00,52.2376906,21.0502793,89.1,22.79,-0.044,0.076,1.019,0,23.234163539446882,6.0,14.213794439007817,0.0,2.0
7335,2026-05-11 14:47:24.600000+00:00,52.237697,21.0503225,89.1,21.1,-0.051,0.067,0.968,0,21.791030879825836,6.0,11.278386300721705,0.0,2.0
7340,2026-05-11 14:47:25.100000+00:00,52.2377041,21.0503643,89.2,20.71,-0.016,0.078,0.945,0,21.267382387837678,6.0,8.51321692374007,0.0,2.0
7345,2026-05-11 14:47:25.600000+00:00,52.2377107,21.0504049,89.4,19.93,-0.038,0.069,1.022,0,20.594724274853096,6.0,5.991143827535125,0.0,2.0
7350,2026-05-11 14:47:26.100000+00:00,52.2377167,21.0504429,89.5,18.24,-0.089,0.079,0.921,0,19.23990962569174,6.0,4.0467619337146,0.0,2.0
7355,2026-05-11 14:47:26.600000+00:00,52.237722,21.0504778,89.8,16.24,-0.107,0.075,0.958,0,17.6290101209016,6.0,3.2986061550859826,0.0,2.0
7360,2026-05-11 14:47:27.100000+00:00,52.2377265,21.0505093,90.0,14.74,-0.075,0.064,1.006,0,15.858438209973876,6.0,3.9974410220873433,0.0,2.0
7365,2026-05-11 14:47:27.600000+00:00,52.2377306,21.050539,90.1,14.13,-0.068,0.067,0.953,0,14.926672944575762,6.0,5.435124414524244,0.0,2.0
7370,2026-05-11 14:47:28.100000+00:00,52.2377344,21.0505649,90.3,11.84,-0.103,0.108,0.981,0,13.057578870189472,6.0,6.9722570038559155,0.0,2.0
7375,2026-05-11 14:47:28.600000+00:00,52.2377383,21.050586,90.4,9.36,-0.106,0.106,0.963,0,10.80581662905738,6.0,8.36091124923407,0.0,2.0
7380,2026-05-11 14:47:29.100000+00:00,52.2377413,21.0506031,90.5,7.8,-0.105,0.082,0.988,0,8.721022239990415,6.0,9.501231605682744,0.0,2.0
7385,2026-05-11 14:47:29.600000+00:00,52.2377432,21.0506168,90.5,6.39,-0.092,0.09,0.915,0,6.8869102727194536,6.0,10.396202951323719,0.0,2.0
7390,2026-05-11 14:47:30.100000+00:00,52.2377453,21.0506267,90.8,4.18,-0.123,0.094,1.024,0,5.13669495553357,6.0,11.091525807432102,0.0,2.0
7395,2026-05-11 14:47:30.600000+00:00,52.2377465,21.0506323,90.9,2.19,-0.091,0.078,0.973,0,2.908795847145869,6.0,11.486521186291307,0.0,2.0
7400,2026-05-11 14:47:31.100000+00:00,52.2377474,21.050634,91.1,0.14,-0.106,0.098,0.968,0,1.1017535104724094,6.0,11.637404733604193,0.0,2.0
7405,2026-05-11 14:47:31.600000+00:00,52.2377483,21.0506342,91.2,0.03,0.02,0.051,0.966,0,0.7271845158007016,6.0,11.70132009484239,0.0,2.0
7410,2026-05-11 14:47:32.100000+00:00,52.2377491,21.0506344,91.2,0.05,0.007,0.054,0.977,0,0.6479453027318166,6.0,11.759853107624334,0.0,2.0
7415,2026-05-11 14:47:32.600000+00:00,52.2377497,21.0506345,91.3,0.05,0.006,0.052,0.971,0,0.4828576001692965,6.0,11.801134404312892,0.0,2.0
7420,2026-05-11 14:47:33.100000+00:00,52.2377505,21.0506345,91.3,0.07,0.012,0.056,0.978,0,0.6404827738938579,6.0,11.848897625793077,0.0,2.0
7425,2026-05-11 14:47:33.600000+00:00,52.2377511,21.0506345,91.3,0.05,-0.002,0.051,0.975,0,0.48036208296675653,6.0,11.885031016417944,0.0,2.0
7430,2026-05-11 14:47:34.100000+00:00,52.2377523,21.0506347,91.3,0.22,0.055,0.059,0.973,0,0.9657151996643072,6.0,11.969450600561183,0.0,2.0
7435,2026-05-11 14:47:34.600000+00:00,52.2377532,21.050635,91.4,0.28,0.014,0.061,0.975,0,0.7354019119295746,6.0,12.041846980914908,0.0,2.0
7440,2026-05-11 14:47:35.100000+00:00,52.2377538,21.0506351,91.2,0.33,0.015,0.066,0.966,0,0.4828575997094249,6.0,12.08470502897744,0.0,2.0
7445,2026-05-11 14:47:35.600000+00:00,52.2377542,21.0506355,91.0,0.13,0.012,0.061,0.973,0,0.375518624496431,6.0,12.13218354192708,0.0,2.0
7450,2026-05-11 14:47:36.100000+00:00,52.2377544,21.0506356,90.9,0.27,0.007,0.063,0.974,0,0.1674585562227426,6.0,12.150303819177438,0.0,2.0
7455,2026-05-11 14:47:36.600000+00:00,52.2377544,21.0506358,90.7,0.05,0.013,0.061,0.976,0,0.09805571214462949,6.0,12.161571730955602,0.0,2.0
7460,2026-05-11 14:47:37.100000+00:00,52.2377543,21.0506361,90.7,0.17,0.0,0.057,0.98,0,0.1674611454435646,6.0,12.17225240969188,0.0,2.0
7465,2026-05-11 14:47:37.600000+00:00,52.237754,21.0506363,90.7,0.38,0.015,0.062,0.974,0,0.2594260121621518,6.0,12.164906668707399,0.0,2.0
7470,2026-05-11 14:47:38.100000+00:00,52.237754,21.0506367,90.8,0.09,0.019,0.068,0.973,0,0.1961114260567163,6.0,12.18752681941255,0.0,2.0
7475,2026-05-11 14:47:38.600000+00:00,52.2377534,21.0506374,91.1,0.07,0.009,0.064,0.976,0,0.5903647507721843,6.0,12.190273285621505,0.0,2.0
7480,2026-05-11 14:47:39.100000+00:00,52.2377522,21.0506386,91.6,0.09,0.007,0.069,0.975,0,1.1265558877684376,6.0,12.185955004868884,0.0,2.0
7485,2026-05-11 14:47:39.600000+00:00,52.2377514,21.0506393,91.8,0.01,0.016,0.072,0.972,0,0.7266367796466694,6.0,12.178430470893018,0.0,2.0
7490,2026-05-11 14:47:40.100000+00:00,52.2377509,21.0506395,91.8,0.1,0.02,0.067,0.976,0,0.41213638611186926,6.0,12.160427287279239,0.0,2.0
7495,2026-05-11 14:47:40.600000+00:00,52.2377504,21.0506398,91.9,0.05,0.012,0.064,0.97,0,0.42646812421635083,6.0,12.148460637954164,0.0,2.0
7500,2026-05-11 14:47:41.100000+00:00,52.23775,21.05064,92.0,0.03,0.015,0.068,0.978,0,0.3349171155540576,6.0,12.13676398014067,0.0,2.0
7505,2026-05-11 14:47:41.600000+00:00,52.2377499,21.0506403,92.0,0.05,0.009,0.068,0.975,0,0.1674611582507292,6.0,12.148395249378058,0.0,2.0
7510,2026-05-11 14:47:42.100000+00:00,52.2377497,21.0506404,92.0,0.1,0.016,0.066,0.975,0,0.16745855235201385,6.0,12.14264694229262,0.0,2.0
7515,2026-05-11 14:47:42.600000+00:00,52.2377498,21.0506405,92.0,0.02,0.011,0.062,0.976,0,0.09387965789734647,6.0,12.154241502443483,0.0,2.0
7520,2026-05-11 14:47:43.100000+00:00,52.2377502,21.0506407,92.0,0.13,0.014,0.065,0.975,0,0.3349171099007713,6.0,12.189029101050222,0.0,2.0
7525,2026-05-11 14:47:43.600000+00:00,52.237751,21.050641,92.1,0.09,0.007,0.065,0.974,0,0.6571542970654976,6.0,12.253047269892775,0.0,2.0
7530,2026-05-11 14:47:44.100000+00:00,52.2377514,21.0506413,92.1,0.19,0.014,0.063,0.975,0,0.352403355974435,6.0,12.29385730138971,0.0,2.0
7535,2026-05-11 14:47:44.600000+00:00,52.2377516,21.0506415,92.1,0.07,0.006,0.062,0.974,0,0.18775931811860833,6.0,12.317173694583554,0.0,2.0
7540,2026-05-11 14:47:45.100000+00:00,52.2377519,21.0506418,92.1,0.04,0.017,0.066,0.979,0,0.28163897375934377,6.0,12.352168987417379,0.0,2.0
7545,2026-05-11 14:47:45.600000+00:00,52.2377522,21.0506421,92.2,0.06,0.019,0.065,0.972,0,0.2816389732401339,6.0,12.387188937169256,0.0,2.0
7550,2026-05-11 14:47:46.100000+00:00,52.2377526,21.0506425,92.2,0.04,0.01,0.063,0.974,0,0.37551862818858966,6.0,12.433920198351267,0.0,2.0
7555,2026-05-11 14:47:46.600000+00:00,52.237753,21.0506429,92.2,0.08,0.015,0.07,0.974,0,0.3755186280799115,6.0,12.480694435536291,0.0,2.0
7560,2026-05-11 14:47:47.100000+00:00,52.237753,21.0506432,92.3,0.23,0.008,0.064,0.977,0,0.14708357363619867,6.0,12.49796375991302,0.0,2.0
7565,2026-05-11 14:47:47.600000+00:00,52.2377537,21.0506439,92.4,0.23,0.02,0.068,0.975,0,0.6571576021440215,6.0,12.579885537593977,0.0,2.0
7570,2026-05-11 14:47:48.100000+00:00,52.2377542,21.0506442,92.4,0.24,0.013,0.065,0.975,0,0.42646811566435394,6.0,12.627005595164702,0.0,2.0
7575,2026-05-11 14:47:48.600000+00:00,52.237755,21.0506446,92.5,0.21,0.013,0.065,0.976,0,0.669834218720215,6.0,12.698033521410272,0.0,2.0
7580,2026-05-11 14:47:49.100000+00:00,52.237756,21.050645,92.5,0.06,0.005,0.063,0.977,0,0.8242727737101408,6.0,12.78151931389514,0.0,2.0
7585,2026-05-11 14:47:49.600000+00:00,52.2377567,21.0506454,92.6,0.13,0.017,0.068,0.975,0,0.5937448879482882,6.0,12.847060092510567,0.0,2.0
7590,2026-05-11 14:47:50.100000+00:00,52.2377575,21.0506458,92.7,0.09,0.014,0.066,0.974,0,0.6698342159425751,6.0,12.91896460934994,0.0,2.0
7595,2026-05-11 14:47:50.600000+00:00,52.2377583,21.0506461,92.7,0.18,0.007,0.065,0.975,0,0.6571542916508537,6.0,12.985491412150061,0.0,2.0
7600,2026-05-11 14:47:51.100000+00:00,52.237759,21.0506463,92.8,0.36,0.021,0.068,0.975,0,0.568936036318975,6.0,13.040429747428691,0.0,2.0
7605,2026-05-11 14:47:51.600000+00:00,52.2377597,21.0506466,92.8,0.21,0.007,0.066,0.977,0,0.5794021707234819,6.0,13.101227068851253,0.0,2.0
7610,2026-05-11 14:47:52.100000+00:00,52.2377604,21.0506469,92.9,0.11,0.021,0.071,0.974,0,0.5794021701345945,6.0,13.162235564790901,0.0,2.0
7615,2026-05-11 14:47:52.600000+00:00,52.2377612,21.0506471,92.9,0.03,0.011,0.069,0.973,0,0.6479452986862545,6.0,13.22424387242525,0.0,2.0
7620,2026-05-11 14:47:53.100000+00:00,52.2377619,21.0506474,93.0,0.18,0.015,0.068,0.975,0,0.5794021639467912,6.0,13.285717008044028,0.0,2.0
7625,2026-05-11 14:47:53.600000+00:00,52.2377626,21.0506477,93.1,0.12,0.021,0.069,0.977,0,0.5794021682838053,6.0,13.34739219811751,0.0,2.0
7630,2026-05-11 14:47:54.100000+00:00,52.2377631,21.0506481,93.2,0.15,0.009,0.068,0.976,0,0.44575907581851215,6.0,13.40185314931453,0.0,2.0
7635,2026-05-11 14:47:54.600000+00:00,52.2377634,21.0506483,93.3,0.19,0.019,0.07,0.976,0,0.2594260039737012,6.0,13.432347186640262,0.0,2.0
7640,2026-05-11 14:47:55.100000+00:00,52.2377637,21.0506484,93.4,0.04,0.005,0.071,0.971,0,0.24513396836103188,6.0,13.457341291790996,0.0,2.0
7645,2026-05-11 14:47:55.600000+00:00,52.2377641,21.0506485,93.4,0.14,0.013,0.069,0.976,0,0.32397264642584933,6.0,13.488889251984045,0.0,2.0
7650,2026-05-11 14:47:56.100000+00:00,52.2377645,21.050649,93.6,0.06,0.025,0.074,0.975,0,0.4032961520562315,6.0,13.54255379099276,0.0,2.0
7655,2026-05-11 14:47:56.600000+00:00,52.2377654,21.0506495,93.7,0.11,0.007,0.069,0.973,0,0.761101596451432,6.0,13.629004066180716,0.0,2.0
7660,2026-05-11 14:47:57.100000+00:00,52.2377663,21.0506498,93.8,0.28,0.022,0.079,0.977,0,0.7354018982569248,6.0,13.704773177259533,0.0,2.0
7665,2026-05-11 14:47:57.600000+00:00,52.2377671,21.0506497,93.8,0.3,0.01,0.074,0.971,0,0.6423565360768568,6.0,13.752410836061593,0.0,2.0
7670,2026-05-11 14:47:58.100000+00:00,52.237768,21.05065,93.9,0.14,0.019,0.074,0.976,0,0.735401907109802,6.0,13.828891894200309,0.0,2.0
7675,2026-05-11 14:47:58.600000+00:00,52.2377688,21.0506497,93.8,0.32,0.014,0.074,0.976,0,0.6571542788991404,6.0,13.866491867678802,0.0,2.0
7680,2026-05-11 14:47:59.100000+00:00,52.2377698,21.0506495,93.8,0.1,0.024,0.076,0.973,0,0.8065859165188602,6.0,13.923600942307502,0.0,2.0
7685,2026-05-11 14:47:59.600000+00:00,52.2377706,21.0506495,93.8,0.18,0.007,0.071,0.972,0,0.6404827738938579,6.0,13.978336839366465,0.0,2.0
7690,2026-05-11 14:48:00.100000+00:00,52.2377716,21.0506494,93.8,0.26,0.017,0.073,0.976,0,0.8021032682753653,6.0,14.04191868311618,0.0,2.0
7695,2026-05-11 14:48:00.600000+00:00,52.2377725,21.0506496,93.9,0.44,0.008,0.071,0.976,0,0.7271845033347614,6.0,14.11503932041621,0.0,2.0
7700,2026-05-11 14:48:01.100000+00:00,52.237773,21.0506497,94.0,0.09,0.024,0.075,0.972,0,0.4032929577961215,6.0,14.155221519019083,0.0,2.0
7705,2026-05-11 14:48:01.600000+00:00,52.237774,21.0506498,94.0,0.59,0.01,0.073,0.974,0,0.8021032681133138,6.0,14.230634180514166,0.0,2.0
7710,2026-05-11 14:48:02.100000+00:00,52.2377744,21.0506495,94.0,0.28,0.017,0.071,0.977,0,0.35240332416161524,6.0,14.24304769275811,0.0,2.0
7715,2026-05-11 14:48:02.600000+00:00,52.237775,21.0506496,94.1,0.17,0.013,0.075,0.975,0,0.482857597331552,6.0,14.290780911364026,0.0,2.0
7720,2026-05-11 14:48:03.100000+00:00,52.2377759,21.0506498,94.2,0.14,0.007,0.072,0.975,0,0.7271845073680768,6.0,14.36528155964052,0.0,2.0
7725,2026-05-11 14:48:03.600000+00:00,52.2377769,21.0506497,94.2,0.17,-0.005,0.076,0.978,0,0.8021032628342981,6.0,14.431690035668717,0.0,2.0
7730,2026-05-11 14:48:04.100000+00:00,52.2377778,21.0506498,94.2,0.13,0.007,0.073,0.971,0,0.7222092007445705,6.0,14.50175678114633,0.0,2.0
7735,2026-05-11 14:48:04.600000+00:00,52.2377784,21.0506497,94.2,0.25,0.014,0.074,0.975,0,0.48285759679186285,6.0,14.54006843724175,0.0,2.0
7740,2026-05-11 14:48:05.100000+00:00,52.2377791,21.0506498,94.2,0.05,0.018,0.074,0.975,0,0.5625629036264407,6.0,14.596161320640404,0.0,2.0
7745,2026-05-11 14:48:05.600000+00:00,52.2377802,21.0506501,94.3,0.36,0.01,0.073,0.967,0,0.8928618735886094,6.0,14.692021365726323,0.0,2.0
7750,2026-05-11 14:48:06.100000+00:00,52.2377805,21.0506497,94.2,0.12,0.018,0.08,0.971,0,0.31007511743293203,6.0,14.693636117767376,0.0,2.0
7755,2026-05-11 14:48:06.600000+00:00,52.2377812,21.0506495,94.3,0.09,0.01,0.077,0.97,0,0.5689360331510436,6.0,14.735124786026576,0.0,2.0
7760,2026-05-11 14:48:07.100000+00:00,52.2377818,21.0506495,94.4,0.16,0.015,0.077,0.972,0,0.48036208296675653,6.0,14.77961402500796,0.0,2.0
7765,2026-05-11 14:48:07.600000+00:00,52.2377826,21.0506491,94.4,0.23,0.021,0.074,0.973,0,0.6698341830148434,6.0,14.819017734785985,0.0,2.0
7770,2026-05-11 14:48:08.100000+00:00,52.2377834,21.0506494,94.5,0.64,0.066,0.068,0.978,0,0.6571542680698547,6.0,14.894037686023445,0.0,2.0
7775,2026-05-11 14:48:08.600000+00:00,52.2377846,21.0506524,94.5,2.44,0.128,0.044,0.969,0,1.7567998361474662,6.0,15.13488546730147,0.0,2.0
7780,2026-05-11 14:48:09.100000+00:00,52.2377863,21.0506593,94.6,4.5,0.134,0.034,0.967,0,3.6464417391870008,6.0,15.610626322331393,0.0,2.0
7785,2026-05-11 14:48:09.600000+00:00,52.2377876,21.05067,94.5,6.17,0.124,0.038,0.964,0,5.348224452469305,6.0,16.25547698942466,0.0,2.0
7790,2026-05-11 14:48:10.100000+00:00,52.23779,21.0506836,94.5,7.24,0.078,0.044,0.974,0,6.939113615149559,6.0,17.138783928248017,0.0,2.0
7795,2026-05-11 14:48:10.600000+00:00,52.2377932,21.0506994,94.5,8.56,0.078,0.046,0.971,0,8.159051633010481,6.0,18.203237808195038,0.0,2.0
7800,2026-05-11 14:48:11.100000+00:00,52.2377963,21.0507188,94.6,10.23,0.102,-0.002,0.981,0,9.829869101197788,6.0,19.466271956161687,0.0,2.0
7805,2026-05-11 14:48:11.600000+00:00,52.2377996,21.0507415,94.6,12.03,0.061,0.0,0.896,0,11.438606338209897,6.0,20.939808755469706,0.0,2.0
7810,2026-05-11 14:48:12.100000+00:00,52.2378036,21.0507684,94.8,13.71,0.094,0.009,1.025,0,13.57171476766963,6.0,22.711481163058853,0.0,2.0
7815,2026-05-11 14:48:12.600000+00:00,52.2378075,21.0507982,94.9,15.31,0.1,0.016,0.922,0,14.940197473064186,6.0,24.66320031980797,0.0,2.0
7820,2026-05-11 14:48:13.100000+00:00,52.2378115,21.0508311,95.0,17.09,0.09,0.027,0.987,0,16.444969538672016,6.0,26.82273114906207,0.0,2.0
7825,2026-05-11 14:48:13.600000+00:00,52.2378151,21.0508669,95.1,18.36,0.079,0.031,0.982,0,17.78701329060996,6.0,29.155088146288566,0.0,2.0
7830,2026-05-11 14:48:14.100000+00:00,52.2378189,21.0509049,95.1,19.04,0.071,0.031,0.988,0,18.877321884547147,6.0,31.652657142238958,0.0,2.0
7835,2026-05-11 14:48:14.600000+00:00,52.2378217,21.0509437,95.0,19.9,0.044,0.019,0.948,0,19.154407649986105,6.0,34.17152865978217,0.0,2.0
7840,2026-05-11 14:48:15.100000+00:00,52.2378245,21.0509838,95.0,20.21,0.033,0.016,0.983,0,19.787528297958172,6.0,36.791578076426646,0.0,2.0
7845,2026-05-11 14:48:15.600000+00:00,52.2378272,21.0510248,94.9,20.7,0.029,0.01,0.981,0,20.217281490333495,6.0,39.48161074349183,0.0,2.0
7850,2026-05-11 14:48:16.100000+00:00,52.2378287,21.0510672,94.7,21.36,0.045,0.018,0.955,0,20.822435760596303,6.0,42.22807556658755,0.0,2.0
7855,2026-05-11 14:48:16.600000+00:00,52.2378284,21.0511095,94.3,21.51,0.015,0.017,0.968,0,20.740139340699507,6.0,44.918897071798995,0.0,2.0
7860,2026-05-11 14:48:17.100000+00:00,52.2378298,21.0511531,94.1,21.41,0.006,0.04,0.973,0,21.405474669890427,6.0,47.77578106890376,0.0,2.0
7865,2026-05-11 14:48:17.600000+00:00,52.2378306,21.051196,93.9,20.8,-0.03,0.032,0.968,0,21.042664006720006,6.0,50.580393233900345,0.0,2.0
7870,2026-05-11 14:48:18.100000+00:00,52.2378304,21.0512374,93.6,20.43,-0.026,0.038,0.988,0,20.2981292865255,6.0,53.26786343905048,0.0,2.0
7875,2026-05-11 14:48:18.600000+00:00,52.2378303,21.0512777,93.4,19.78,-0.022,0.034,0.957,0,19.758354497664836,6.0,55.8992671602918,0.0,2.0
7880,2026-05-11 14:48:19.100000+00:00,52.2378301,21.0513172,93.3,19.1,-0.029,0.033,0.986,0,19.366632121717437,6.0,58.48554070058534,0.0,2.0
7885,2026-05-11 14:48:19.600000+00:00,52.23783,21.0513557,93.3,18.83,-0.024,0.034,0.967,0,18.87586230485377,6.0,61.01759045203325,0.0,2.0
7890,2026-05-11 14:48:20.100000+00:00,52.2378292,21.0513926,93.1,17.91,-0.028,0.034,0.979,0,18.10258226402596,6.0,63.432503722204245,0.0,2.0
7895,2026-05-11 14:48:20.600000+00:00,52.2378281,21.0514283,93.0,16.93,-0.028,0.039,0.964,0,17.525056847010596,6.0,65.76767910803535,0.0,2.0
7900,2026-05-11 14:48:21.100000+00:00,52.2378263,21.0514618,92.7,15.85,-0.02,0.045,0.961,0,16.487404954154577,6.0,67.94658532137697,0.0,2.0
7905,2026-05-11 14:48:21.600000+00:00,52.237825,21.0514942,92.6,15.43,-0.036,0.032,0.969,0,15.919059521095244,6.0,70.0709345618792,0.0,2.0
7910,2026-05-11 14:48:22.100000+00:00,52.2378232,21.0515245,92.5,14.28,-0.064,0.057,0.987,0,14.925151525167465,6.0,72.04922894561584,0.0,2.0
7915,2026-05-11 14:48:22.600000+00:00,52.2378218,21.0515513,92.3,12.58,-0.066,0.051,0.971,0,13.187164861369672,6.0,73.8074788811987,0.0,2.0
7920,2026-05-11 14:48:23.100000+00:00,52.2378203,21.0515763,92.2,12.26,-0.017,0.035,0.987,0,12.315636026056676,6.0,75.44673101734519,0.0,2.0
7925,2026-05-11 14:48:23.600000+00:00,52.2378187,21.051601,92.1,12.29,0.0,0.017,0.964,0,12.177423730303731,6.0,77.06697316666963,0.0,2.0
7930,2026-05-11 14:48:24.100000+00:00,52.2378169,21.0516257,92.0,12.22,-0.001,0.022,0.977,0,12.195307159719775,6.0,78.68630966041842,0.0,2.0
7935,2026-05-11 14:48:24.600000+00:00,52.2378153,21.0516486,91.9,10.66,-0.066,0.061,0.965,0,11.300201936713881,,80.19168361688392,0.0,2.0
7940,2026-05-11 14:48:25.100000+00:00,52.2378141,21.0516667,91.7,7.83,-0.113,0.082,0.997,0,8.925883616062345,,81.38442306402254,0.0,2.0
7945,2026-05-11 14:48:25.600000+00:00,52.2378129,21.0516832,91.6,7.91,0.012,0.025,0.951,0,8.146433876408755,,82.47102650370519,0.0,2.0
7950,2026-05-11 14:48:26.100000+00:00,52.2378114,21.0516995,91.4,8.2,0.02,0.023,0.982,0,8.081257824582277,,83.54010928681792,0.0,2.0
7955,2026-05-11 14:48:26.600000+00:00,52.2378095,21.0517169,91.2,9.11,0.054,-0.015,0.962,0,8.665394033682716,,84.67777292809392,0.0,2.0
7960,2026-05-11 14:48:27.100000+00:00,52.2378061,21.0517364,91.1,10.51,0.046,-0.059,0.989,0,9.940382581307539,,85.93408242897304,0.0,2.0
7965,2026-05-11 14:48:27.600000+00:00,52.2378008,21.051759,91.1,12.3,0.083,-0.097,0.966,0,11.86496567202496,,87.37393982080252,0.0,2.0
7970,2026-05-11 14:48:28.100000+00:00,52.2377932,21.0517848,91.1,14.46,0.083,-0.102,0.959,0,14.036517181383319,,89.00476114296774,0.0,2.0
7975,2026-05-11 14:48:28.600000+00:00,52.2377841,21.0518131,91.0,16.16,-0.022,-0.107,0.97,0,15.67132663445905,,90.79854967395455,0.0,2.0
7980,2026-05-11 14:48:29.100000+00:00,52.2377721,21.0518425,91.0,17.62,0.043,-0.105,0.969,0,17.322463366403728,,92.6521267637525,0.0,2.0
7985,2026-05-11 14:48:29.600000+00:00,52.2377578,21.0518734,91.0,19.27,0.048,-0.09,0.977,0,18.98898687646925,,94.61260030616677,0.0,2.0
7990,2026-05-11 14:48:30.100000+00:00,52.237742,21.0519064,91.0,20.49,0.014,-0.066,0.952,0,20.537211544797813,,96.7385170929612,0.0,2.0
7995,2026-05-11 14:48:30.600000+00:00,52.2377243,21.0519393,91.1,21.09,0.03,-0.051,0.983,0,21.470693429417818,,98.8865464375649,0.0,2.0
8000,2026-05-11 14:48:31.100000+00:00,52.2377047,21.0519725,91.1,23.22,0.04,-0.057,0.987,0,22.60935108009405,,101.09440459587874,0.0,2.0
8005,2026-05-11 14:48:31.600000+00:00,52.2376836,21.0520056,91.0,23.72,0.013,-0.061,0.939,0,23.42477942270302,,103.34526586897734,0.0,2.0
8010,2026-05-11 14:48:32.100000+00:00,52.2376606,21.0520386,91.0,24.89,0.029,-0.072,0.976,0,24.512001448782566,,105.64856665664888,0.0,2.0
8015,2026-05-11 14:48:32.600000+00:00,52.2376357,21.0520704,91.0,25.24,-0.018,-0.069,0.977,0,25.307732147704808,,107.9407617096352,0.0,2.0
8020,2026-05-11 14:48:33.100000+00:00,52.2376097,21.0520996,90.9,24.72,0.029,-0.036,0.969,0,25.26352848781059,,110.13114225084826,0.0,2.0
8025,2026-05-11 14:48:33.600000+00:00,52.2375824,21.0521287,90.8,26.27,-0.007,-0.075,0.944,0,26.10090538177113,,112.39735985305845,0.0,2.0
8030,2026-05-11 14:48:34.100000+00:00,52.2375537,21.0521568,90.8,27.28,-0.004,-0.077,0.966,0,26.791039386591308,,114.68681818000256,0.0,2.0
8035,2026-05-11 14:48:34.600000+00:00,52.2375236,21.0521818,90.7,26.91,-0.04,-0.072,0.983,0,27.03620094325849,,116.86641929524971,0.0,2.0
8040,2026-05-11 14:48:35.100000+00:00,52.2374928,21.0522048,90.7,27.21,-0.049,-0.052,0.975,0,27.114657925131198,,119.00526657264369,0.0,2.0
8045,2026-05-11 14:48:35.600000+00:00,52.2374613,21.0522258,90.5,27.12,-0.022,-0.017,0.948,0,27.239755538206513,,121.10683894675546,0.0,2.0
8050,2026-05-11 14:48:36.100000+00:00,52.2374292,21.052246,90.3,27.15,-0.025,0.004,0.981,0,27.541620983699968,,123.25165646368481,0.0,2.0
8055,2026-05-11 14:48:36.600000+00:00,52.2373974,21.0522657,90.1,27.34,-0.01,0.017,0.971,0,27.22972997931114,,125.43485195376203,0.0,2.0
8060,2026-05-11 14:48:37.100000+00:00,52.2373655,21.0522859,89.9,27.19,-0.016,0.018,0.968,0,27.392276366646882,,127.72855859270028,0.0,2.0
8065,2026-05-11 14:48:37.600000+00:00,52.2373341,21.0523073,89.8,27.29,-0.024,0.044,0.971,0,27.240594998707707,,130.15381096276602,0.0,2.0
8070,2026-05-11 14:48:38.100000+00:00,52.2373025,21.0523264,89.7,27.19,-0.028,0.041,0.979,0,26.97656670390193,,132.5019517508232,0.0,2.0
8075,2026-05-11 14:48:38.600000+00:00,52.2372712,21.0523458,89.7,27.04,-0.055,0.06,0.955,0,26.803294867236556,,134.92084497267695,0.0,2.0
8080,2026-05-11 14:48:39.100000+00:00,52.2372417,21.052365,89.7,25.4,-0.102,0.063,0.968,0,25.424667313373874,,137.312083944101,0.0,2.0
8085,2026-05-11 14:48:39.600000+00:00,52.2372144,21.0523813,89.7,23.42,-0.108,0.06,0.99,0,23.271693653722362,,139.47568369639802,0.0,2.0
8090,2026-05-11 14:48:40.100000+00:00,52.2371889,21.0523964,89.6,21.38,-0.08,0.071,0.982,0,21.71628231737263,,141.5255990929584,0.0,2.0
8095,2026-05-11 14:48:40.600000+00:00,52.2371645,21.0524123,89.6,20.34,-0.096,0.082,0.961,0,21.03273086074402,,143.6091945753503,0.0,2.0
8100,2026-05-11 14:48:41.100000+00:00,52.2371423,21.0524239,89.3,17.84,-0.094,0.084,0.972,0,18.661166085225915,,145.35291170077534,0.0,2.0
8105,2026-05-11 14:48:41.600000+00:00,52.2371227,21.0524302,88.9,16.08,-0.105,0.069,0.975,0,15.992940383660924,,146.67115998371833,0.0,2.0
8110,2026-05-11 14:48:42.100000+00:00,52.2371044,21.0524407,88.8,15.19,-0.088,0.072,0.974,0,15.529165236354585,,148.2035420232195,0.0,2.0
8115,2026-05-11 14:48:42.600000+00:00,52.2370883,21.052449,88.5,12.92,-0.149,0.084,0.96,0,13.516825349601202,,149.5074072809767,0.0,2.0
8120,2026-05-11 14:48:43.100000+00:00,52.2370756,21.0524571,88.5,9.8,-0.191,0.089,0.998,0,10.915711072435492,,150.63858284600232,0.0,2.0
8125,2026-05-11 14:48:43.600000+00:00,52.2370659,21.0524607,88.2,7.53,-0.099,0.062,0.963,0,7.9639069751056715,,151.3507321281846,0.0,2.0
8130,2026-05-11 14:48:44.100000+00:00,52.2370576,21.0524658,88.3,6.81,-0.07,0.051,0.97,0,7.099890200019465,,152.08560847422012,0.0,2.0
8135,2026-05-11 14:48:44.600000+00:00,52.2370503,21.052473,88.5,5.98,-0.066,0.053,0.979,0,6.827767354039237,,152.89766797565528,0.0,2.0
8140,2026-05-11 14:48:45.100000+00:00,52.2370435,21.0524775,88.7,4.86,-0.068,0.057,0.973,0,5.874178581254381,,153.52288631608891,0.0,2.0
8145,2026-05-11 14:48:45.600000+00:00,52.2370385,21.0524805,88.9,3.36,-0.107,0.067,0.98,0,4.264689339872222,,153.96521197549518,0.0,2.0
8150,2026-05-11 14:48:46.100000+00:00,52.2370362,21.0524826,88.9,1.61,-0.133,0.077,0.98,0,2.109689358011975,,154.21219959310523,0.0,2.0
8155,2026-05-11 14:48:46.600000+00:00,52.2370358,21.052483,88.9,0.19,-0.057,0.047,0.991,0,0.3755202813543122,,154.25725627830386,0.0,2.0
8160,2026-05-11 14:48:47.100000+00:00,52.2370355,21.0524829,88.8,0.14,0.001,0.033,0.96,0,0.24513413385944574,,154.26706637441407,0.0,2.0
8165,2026-05-11 14:48:47.600000+00:00,52.2370354,21.0524828,88.8,0.28,-0.02,0.032,0.983,0,0.09388006563425876,,154.2663406344558,0.0,2.0
8170,2026-05-11 14:48:48.100000+00:00,52.237035,21.0524819,88.7,0.18,0.002,0.033,0.975,0,0.5452183468296478,,154.23347530255037,0.0,2.0
8175,2026-05-11 14:48:48.600000+00:00,52.2370335,21.0524819,88.5,1.54,0.116,0.001,0.961,0,1.2009052074168913,,154.3126712163847,0.0,2.0
8180,2026-05-11 14:48:49.100000+00:00,52.237029,21.0524838,88.4,4.18,0.146,-0.017,0.974,0,3.7212007355941044,,154.6647693430455,0.0,2.0
8185,2026-05-11 14:48:49.600000+00:00,52.2370208,21.0524881,88.2,7.55,0.16,-0.024,0.964,0,6.895157178780243,,155.35874987809606,0.0,2.0
8190,2026-05-11 14:48:50.100000+00:00,52.2370098,21.0524919,87.9,9.41,0.144,-0.023,0.971,0,9.001554255635824,,156.1769565240415,0.0,2.0
8195,2026-05-11 14:48:50.600000+00:00,52.2369928,21.0524916,86.6,13.13,0.068,-0.024,0.974,0,13.611053775411204,,157.0874137646847,0.0,2.0
8200,2026-05-11 14:48:51.100000+00:00,52.2369734,21.0524951,85.7,15.04,0.154,-0.011,0.962,0,15.626215344831628,,158.37335077757112,0.0,2.0
8205,2026-05-11 14:48:51.600000+00:00,52.2369524,21.0525069,85.5,18.07,0.098,-0.024,0.973,0,17.780233692997367,,160.25465316643675,0.0,2.0
8210,2026-05-11 14:48:52.100000+00:00,52.2369288,21.0525183,85.0,19.72,0.107,-0.003,0.96,0,19.70361408709993,,162.2797135499276,0.0,2.0
8215,2026-05-11 14:48:52.600000+00:00,52.2369031,21.0525301,84.5,21.52,0.088,0.028,0.98,0,21.373403818213482,,164.4730245172277,0.0,2.0
8220,2026-05-11 14:48:53.100000+00:00,52.2368764,21.0525468,84.4,22.77,0.064,0.002,0.969,0,22.89057560438133,,167.03082515193677,0.0,2.0
8225,2026-05-11 14:48:53.600000+00:00,52.2368488,21.0525654,84.4,24.62,0.09,0.007,0.965,0,23.904497649069974,,169.77278724151503,0.0,2.0
8230,2026-05-11 14:48:54.100000+00:00,52.2368188,21.0525852,84.3,25.82,0.075,0.005,0.967,0,25.905773382046164,,172.75269298568057,0.0,2.0
8235,2026-05-11 14:48:54.600000+00:00,52.2367872,21.0526071,84.2,26.94,0.038,0.017,0.973,0,27.48332583334216,,175.97481542165184,0.0,2.0
8240,2026-05-11 14:48:55.100000+00:00,52.2367545,21.0526293,83.9,28.32,0.04,0.029,0.973,0,28.352233806451693,,179.30808973672242,0.0,2.0
8245,2026-05-11 14:48:55.600000+00:00,52.2367218,21.0526512,83.9,27.09,-0.022,0.029,0.961,0,28.296096114152533,,182.6489553429439,0.0,2.0
8250,2026-05-11 14:48:56.100000+00:00,52.2366896,21.0526704,83.8,27.12,-0.036,0.031,0.978,0,27.444387761862185,,185.83242882195543,0.0,2.0
8255,2026-05-11 14:48:56.600000+00:00,52.2366594,21.0526852,83.6,24.91,-0.109,0.052,0.994,0,25.243621694703766,,188.66606727294536,0.0,2.0
8260,2026-05-11 14:48:57.100000+00:00,52.2366316,21.0526987,83.4,22.7,-0.162,0.075,0.954,0,23.220126653492336,,191.28757982434973,0.0,2.0
8265,2026-05-11 14:48:57.600000+00:00,52.2366076,21.052711,83.1,20.19,-0.131,0.054,0.98,0,20.138626342505628,,193.59977603831734,0.0,2.0
8270,2026-05-11 14:48:58.100000+00:00,52.2365861,21.0527217,82.9,17.67,-0.094,0.043,0.985,0,17.994672669371976,,195.66499542275207,0.0,2.0
8275,2026-05-11 14:48:58.600000+00:00,52.2365663,21.052726,82.4,15.71,-0.036,0.019,0.947,0,15.99152941348756,,197.2834933379452,0.0,2.0
8280,2026-05-11 14:48:59.100000+00:00,52.2365462,21.0527369,82.2,16.61,-0.035,0.017,0.982,0,16.95632351634434,,199.28016524517233,0.0,2.0
8285,2026-05-11 14:48:59.600000+00:00,52.236527,21.052747,81.9,15.57,-0.003,0.014,0.98,0,16.149534944681307,,201.17843054505695,0.0,2.0
8290,2026-05-11 14:49:00.100000+00:00,52.2365072,21.0527604,81.6,16.78,0.023,0.02,0.953,0,17.159489324217258,,203.29801640019568,0.0,2.0
8295,2026-05-11 14:49:00.600000+00:00,52.2364872,21.0527736,81.4,16.4,0.0,0.014,1.011,0,17.270533986284544,,205.42757799449564,0.0,2.0
8300,2026-05-11 14:49:01.100000+00:00,52.236466,21.0527869,81.6,16.68,0.058,-0.016,0.894,0,18.18234757271376,,207.65579438464815,0.0,2.0
8305,2026-05-11 14:49:01.600000+00:00,52.2364437,21.0527975,81.4,18.24,0.068,-0.006,1.03,0,18.59451106150588,,209.833811574669,0.0,2.0
8310,2026-05-11 14:49:02.100000+00:00,52.2364198,21.0528129,81.3,19.85,0.073,-0.014,0.935,0,20.570279961346845,,212.3831394263859,0.0,2.0
8315,2026-05-11 14:49:02.600000+00:00,52.2363944,21.0528278,80.8,21.9,0.064,-0.019,0.98,0,21.60773096891776,,215.0269367310997,0.0,2.0
8320,2026-05-11 14:49:03.100000+00:00,52.2363673,21.0528465,80.7,23.45,0.033,-0.018,0.988,0,23.55404513599346,,217.20214470798402,0.0,2.0
8325,2026-05-11 14:49:03.600000+00:00,52.2363384,21.0528655,81.2,24.02,0.043,-0.006,0.967,0,24.94235962870461,,213.7400621852241,0.0,2.0
8330,2026-05-11 14:49:04.100000+00:00,52.2363102,21.0528815,80.9,24.22,0.075,-0.013,0.962,0,23.901071298148214,,210.4207522210798,0.0,2.0
8335,2026-05-11 14:49:04.600000+00:00,52.2362809,21.0528988,80.5,25.14,0.04,-0.019,0.966,0,24.944113882607926,,206.95629262971758,0.0,2.0
8340,2026-05-11 14:49:05.100000+00:00,52.2362501,21.0529141,80.0,26.29,0.022,-0.017,0.976,0,25.774379074838276,,203.38149314620097,0.0,2.0
8345,2026-05-11 14:49:05.600000+00:00,52.236217,21.0529343,79.8,27.67,0.054,-0.01,0.963,0,28.290231879063164,,199.45246203251907,0.0,2.0
8350,2026-05-11 14:49:06.100000+00:00,52.2361834,21.0529569,79.8,28.35,0.03,0.014,0.988,0,29.09306501516523,,195.41546654771375,0.0,2.0
8355,2026-05-11 14:49:06.600000+00:00,52.2361506,21.0529755,79.5,28.18,0.002,0.049,0.965,0,27.798240776913133,,191.55494305026986,0.0,2.0
8360,2026-05-11 14:49:07.100000+00:00,52.2361177,21.0529928,79.0,27.89,0.0,0.052,0.955,0,27.67190685873918,,187.71418906942898,0.0,2.0
8365,2026-05-11 14:49:07.600000+00:00,52.2360865,21.0530136,78.8,26.7,0.007,0.045,0.984,0,26.98044871003951,,183.9698357255691,0.0,2.0
8370,2026-05-11 14:49:08.100000+00:00,52.2360546,21.0530309,78.5,27.14,0.017,0.043,0.944,0,26.910965119525795,,180.23359234707968,0.0,2.0
8375,2026-05-11 14:49:08.600000+00:00,52.2360239,21.0530447,77.9,26.38,0.0,0.027,0.985,0,25.492825552987114,,176.70435456267515,0.0,2.0
8380,2026-05-11 14:49:09.100000+00:00,52.235992,21.0530638,77.2,27.76,0.027,0.023,0.978,0,27.20203539397182,,172.92629929242474,0.0,2.0
8385,2026-05-11 14:49:09.600000+00:00,52.2359599,21.0530868,77.2,27.68,0.0,0.015,0.95,0,28.064661724387655,,169.03652301463896,0.0,2.0
8390,2026-05-11 14:49:10.100000+00:00,52.2359274,21.0531085,77.2,26.61,0.005,0.017,0.992,0,28.110829990067284,,165.13541370975432,0.0,2.0
8395,2026-05-11 14:49:10.600000+00:00,52.2358946,21.0531281,77.0,27.86,-0.007,-0.013,0.963,0,27.962942681333573,,161.25169533121448,0.0,2.0
8400,2026-05-11 14:49:11.100000+00:00,52.2358612,21.0531489,77.0,27.91,-0.007,0.025,1.007,0,28.61887034100358,,157.27744604147583,0.0,2.0
8405,2026-05-11 14:49:11.600000+00:00,52.2358278,21.053171,77.0,28.13,0.005,0.022,0.919,0,28.852151669504256,,153.2731941008686,0.0,2.0
8410,2026-05-11 14:49:12.100000+00:00,52.2357958,21.0531869,76.6,27.12,-0.022,0.026,0.992,0,26.779154894349777,,149.55871949254683,0.0,2.0
8415,2026-05-11 14:49:12.600000+00:00,52.2357652,21.0532042,76.2,26.07,-0.008,0.02,0.966,0,25.92532551210453,,145.95833077902395,0.0,2.0
8420,2026-05-11 14:49:13.100000+00:00,52.2357354,21.0532206,75.7,25.04,-0.002,0.023,0.973,0,25.17657550995648,,142.46248066321934,0.0,2.0
8425,2026-05-11 14:49:13.600000+00:00,52.2357039,21.0532358,75.1,26.51,-0.013,0.004,0.964,0,26.29713519780095,,138.8169952077454,0.0,2.0
8430,2026-05-11 14:49:14.100000+00:00,52.2356714,21.0532576,75.4,26.78,-0.008,0.016,0.974,0,28.1294470075938,,134.91337218651697,0.0,2.0
8435,2026-05-11 14:49:14.600000+00:00,52.2356392,21.053275,75.5,26.04,-0.008,0.016,0.979,0,27.154398132672103,,131.14354145726904,0.0,2.0
8440,2026-05-11 14:49:15.100000+00:00,52.2356103,21.0532819,74.8,24.63,0.0,0.02,0.979,0,23.38346436647793,,127.96492061283982,0.0,2.0
8445,2026-05-11 14:49:15.600000+00:00,52.2355798,21.0532996,74.7,26.54,0.0,0.018,0.941,0,25.914713061901736,,124.36596407840342,0.0,2.0
8450,2026-05-11 14:49:16.100000+00:00,52.235549,21.053317,74.3,26.21,-0.006,0.01,0.985,0,26.092689439391513,,120.74285739844886,0.0,2.0
8455,2026-05-11 14:49:16.600000+00:00,52.2355173,21.053336,74.2,26.51,-0.004,0.022,0.963,0,27.034859098514236,,116.98804139503311,0.0,2.0
8460,2026-05-11 14:49:17.100000+00:00,52.2354866,21.0533545,74.0,25.26,-0.006,0.039,0.976,0,26.198854983093867,,113.34931905226979,0.0,2.0
8465,2026-05-11 14:49:17.600000+00:00,52.2354566,21.0533711,73.5,25.16,-0.013,0.054,0.97,0,25.35967949901281,,109.82865708675851,0.0,2.0
8470,2026-05-11 14:49:18.100000+00:00,52.2354268,21.0533919,73.5,24.39,-0.016,0.039,0.975,0,25.946275602930225,,106.22919613963617,0.0,2.0
8475,2026-05-11 14:49:18.600000+00:00,52.2353978,21.0534162,74.1,24.34,-0.02,0.03,0.964,0,26.096076570971857,,102.63136532130527,0.0,2.0
8480,2026-05-11 14:49:19.100000+00:00,52.2353688,21.0534377,74.2,23.95,-0.014,0.007,0.975,0,25.49856195451403,,99.10034207751477,0.0,2.0
8485,2026-05-11 14:49:19.600000+00:00,52.2353402,21.0534591,74.4,23.75,0.009,-0.011,1.0,0,25.186854489137414,,95.61425087876367,0.0,2.0
8490,2026-05-11 14:49:20.100000+00:00,52.2353111,21.053477,74.3,24.76,-0.026,-0.049,0.935,0,24.895837303535565,,92.15691161990745,0.0,2.0
8495,2026-05-11 14:49:20.600000+00:00,52.2352812,21.0534938,74.4,25.14,0.03,-0.037,0.96,0,25.315614779679397,,88.64116577368486,0.0,2.0
8500,2026-05-11 14:49:21.100000+00:00,52.2352497,21.0535129,74.8,25.47,0.012,-0.024,0.981,0,26.901649918980475,,84.90504338762432,0.0,2.0
8505,2026-05-11 14:49:21.600000+00:00,52.2352177,21.0535288,75.1,26.18,-0.003,-0.014,0.964,0,26.7791844474094,,81.19040553316181,0.0,2.0
8510,2026-05-11 14:49:22.100000+00:00,52.2351864,21.0535444,75.1,25.02,-0.004,0.028,0.984,0,26.200225563042316,7.0,77.55634639443967,0.0,2.0
8515,2026-05-11 14:49:22.600000+00:00,52.2351563,21.0535606,75.0,25.02,-0.011,0.042,0.97,0,25.37345825507518,7.0,74.03399998740774,0.0,2.0
8520,2026-05-11 14:49:23.100000+00:00,52.2351256,21.0535801,75.2,25.65,0.001,0.043,0.944,0,26.37264858038673,7.0,70.3719323725341,0.0,2.0
8525,2026-05-11 14:49:23.600000+00:00,52.2350951,21.0535982,75.0,24.78,-0.023,0.064,1.008,0,25.98108062553254,7.0,66.76345066625551,0.0,2.0
8530,2026-05-11 14:49:24.100000+00:00,52.235065,21.0536203,75.1,24.48,-0.008,0.064,0.936,0,26.422268869187388,7.0,63.104023764365415,0.0,2.0
8535,2026-05-11 14:49:24.600000+00:00,52.2350354,21.0536399,74.7,23.92,-0.018,0.059,0.987,0,25.572283251618128,7.0,59.55531354819222,0.0,2.0
8540,2026-05-11 14:49:25.100000+00:00,52.2350069,21.0536605,74.6,23.3,-0.015,0.038,0.975,0,24.952792377454188,7.0,56.09965263729906,0.0,2.0
8545,2026-05-11 14:49:25.600000+00:00,52.2349781,21.0536755,74.4,22.9,-0.021,0.019,0.953,0,24.201930586665018,7.0,52.739845433730714,0.0,2.0
8550,2026-05-11 14:49:26.100000+00:00,52.2349517,21.0536926,74.2,22.04,-0.027,0.015,0.984,0,22.738160253080867,7.0,49.58410805638444,0.0,2.0
8555,2026-05-11 14:49:26.600000+00:00,52.2349252,21.0537111,74.3,23.14,-0.017,-0.002,0.97,0,23.073717501082683,7.0,46.38690326282792,0.0,2.0
8560,2026-05-11 14:49:27.100000+00:00,52.2349001,21.0537259,73.9,21.48,-0.078,-0.029,0.969,0,21.365228723083746,7.0,43.419785135314854,0.0,2.0
8565,2026-05-11 14:49:27.600000+00:00,52.2348759,21.0537398,73.4,20.38,-0.073,-0.043,0.963,0,20.538348538050254,7.0,40.56728760530299,0.0,2.0
8570,2026-05-11 14:49:28.100000+00:00,52.2348513,21.0537486,72.9,19.48,-0.05,-0.022,0.987,0,20.161940650554644,7.0,37.787364947159496,0.0,2.0
8575,2026-05-11 14:49:28.600000+00:00,52.2348263,21.0537589,72.8,19.83,-0.057,-0.019,0.959,0,20.642389130854717,7.0,34.9339185409724,0.0,2.0
8580,2026-05-11 14:49:29.100000+00:00,52.2348012,21.0537674,72.8,19.61,-0.047,0.007,1.003,0,20.522772581784466,7.0,32.11556915710559,0.0,2.0
8585,2026-05-11 14:49:29.600000+00:00,52.2347769,21.0537756,73.2,17.89,-0.033,0.033,0.934,0,19.865769820499683,7.0,29.393661008712964,0.0,2.0
8590,2026-05-11 14:49:30.100000+00:00,52.2347539,21.0537854,73.6,16.96,-0.019,0.075,0.974,0,19.03048896296892,7.0,26.771591316392705,0.0,2.0
8595,2026-05-11 14:49:30.600000+00:00,52.2347327,21.053794,74.0,16.05,-0.019,0.105,0.976,0,17.48874287329691,7.0,24.370279334469398,0.0,2.0
8600,2026-05-11 14:49:31.100000+00:00,52.2347125,21.0538056,74.4,14.73,-0.018,0.063,0.958,0,17.143183860776258,7.0,21.994643718479953,0.0,2.0
8605,2026-05-11 14:49:31.600000+00:00,52.2346914,21.0538168,75.0,15.04,-0.027,0.034,0.99,0,17.762910297155877,7.0,19.539977329529677,0.0,2.0
8610,2026-05-11 14:49:32.100000+00:00,52.234674,21.0538256,75.0,13.05,-0.045,0.002,0.969,0,14.58341211815581,7.0,17.530854325239716,0.0,2.0
8615,2026-05-11 14:49:32.600000+00:00,52.234655,21.0538363,75.0,14.35,-0.031,0.04,0.972,0,16.09076882812621,7.0,15.309468081775115,0.0,2.0
8620,2026-05-11 14:49:33.100000+00:00,52.234637,21.0538508,74.9,13.59,-0.008,0.036,0.962,0,16.06917779146041,7.0,13.077737411718353,0.0,2.0
8625,2026-05-11 14:49:33.600000+00:00,52.2346231,21.053863,74.8,11.3,-0.05,0.035,0.943,0,12.63420713788193,7.0,11.325049620876554,0.0,2.0
8630,2026-05-11 14:49:34.100000+00:00,52.2346067,21.0538729,74.8,12.06,-0.081,0.063,1.003,0,13.998446031119599,7.0,9.389690912839677,0.0,2.0
8635,2026-05-11 14:49:34.600000+00:00,52.2345915,21.0538876,75.1,9.73,-0.149,0.039,0.967,0,14.14349207633712,7.0,7.432416144437239,0.0,2.0
8640,2026-05-11 14:49:35.100000+00:00,52.2345801,21.0538966,75.1,6.92,-0.146,0.038,0.968,0,10.137698435616068,7.0,6.024512284227553,0.0,2.0
8645,2026-05-11 14:49:35.600000+00:00,52.2345721,21.0538988,74.7,3.96,-0.151,0.048,0.989,0,6.495028188574594,7.0,5.160616370572454,0.0,2.0
8650,2026-05-11 14:49:36.100000+00:00,52.2345685,21.0539028,74.8,1.73,-0.155,0.069,0.949,0,3.4861783181011456,7.0,4.679918510335414,0.0,2.0
8655,2026-05-11 14:49:36.600000+00:00,52.2345673,21.0539076,75.2,0.24,-0.051,0.029,1.003,0,2.542042820118581,7.0,4.418651272267463,0.0,2.0
8660,2026-05-11 14:49:37.100000+00:00,52.2345658,21.053914,75.8,0.15,0.007,0.005,0.944,0,3.3599506905103307,7.0,4.102276745014726,0.0,2.0
8665,2026-05-11 14:49:37.600000+00:00,52.2345645,21.0539204,76.4,0.26,-0.011,0.009,0.993,0,3.306104708958235,7.0,3.838437197489966,0.0,2.0
8670,2026-05-11 14:49:38.100000+00:00,52.2345632,21.0539264,76.9,0.05,0.013,0.01,0.961,0,3.1205619807410936,7.0,3.6176891444458366,0.0,2.0
8675,2026-05-11 14:49:38.600000+00:00,52.2345614,21.0539325,77.5,0.08,-0.002,0.009,0.984,0,3.3199846527476975,7.0,3.381868814726381,0.0,2.0
8680,2026-05-11 14:49:39.100000+00:00,52.2345596,21.0539388,78.1,0.07,0.006,0.008,0.973,0,3.408593530622592,7.0,3.1969298293724617,0.0,2.0
8685,2026-05-11 14:49:39.600000+00:00,52.2345575,21.0539453,78.8,0.06,0.002,0.01,0.978,0,3.6033157614330213,7.0,3.045488448010672,0.0,2.0
8690,2026-05-11 14:49:40.100000+00:00,52.2345564,21.0539497,79.2,0.09,0.001,0.01,0.976,0,2.3302064108519716,7.0,3.019943045911605,0.0,2.0
8695,2026-05-11 14:49:40.600000+00:00,52.2345552,21.0539543,79.7,0.12,0.002,0.011,0.978,0,2.4515338506439277,7.0,3.025244078441453,0.0,2.0
8700,2026-05-11 14:49:41.100000+00:00,52.2345543,21.0539577,80.0,0.14,-0.001,0.009,0.973,0,1.8161210701621322,7.0,3.052424780051199,0.0,2.0
8705,2026-05-11 14:49:41.600000+00:00,52.2345533,21.0539612,80.2,0.09,0.002,0.008,0.97,0,1.8936633045519926,7.0,3.0951017178415583,0.0,2.0
8710,2026-05-11 14:49:42.100000+00:00,52.2345526,21.0539645,80.5,0.07,0.0,0.008,0.974,0,1.7123415754265598,7.0,3.175330737468189,0.0,2.0
8715,2026-05-11 14:49:42.600000+00:00,52.2345519,21.0539678,80.7,0.08,0.001,0.013,0.975,0,1.7123416012045891,7.0,3.270920006227273,0.0,2.0
8720,2026-05-11 14:49:43.100000+00:00,52.2345512,21.0539713,81.0,0.05,0.006,0.011,0.976,0,1.80528900813088,7.0,3.3907577031879144,0.0,2.0
8725,2026-05-11 14:49:43.600000+00:00,52.2345505,21.0539751,81.3,0.05,0.003,0.009,0.977,0,1.945651947772075,7.0,3.5405136621177378,0.0,2.0
8730,2026-05-11 14:49:44.100000+00:00,52.2345499,21.0539786,81.6,0.1,0.009,0.008,0.977,0,1.7820614507147159,7.0,3.6934239950064005,0.0,2.0
8735,2026-05-11 14:49:44.600000+00:00,52.2345494,21.053982,81.9,0.05,-0.002,0.008,0.978,0,1.7144548578552168,7.0,3.856274925871491,0.0,2.0
8740,2026-05-11 14:49:45.100000+00:00,52.2345489,21.0539852,82.1,0.05,0.008,0.01,0.975,0,1.6192644112281411,7.0,4.014794077655667,0.0,2.0
8745,2026-05-11 14:49:45.600000+00:00,52.2345485,21.0539881,82.4,0.07,-0.003,0.006,0.978,0,1.4575267045048093,7.0,4.166490810643243,0.0,2.0
8750,2026-05-11 14:49:46.100000+00:00,52.234548,21.053991,82.7,0.06,0.003,0.008,0.976,0,1.4771834923650107,7.0,4.317466492031373,0.0,2.0
8755,2026-05-11 14:49:46.600000+00:00,52.2345476,21.0539935,82.9,0.1,0.001,0.007,0.976,0,1.266926722065565,7.0,4.452528718193392,0.0,2.0
8760,2026-05-11 14:49:47.100000+00:00,52.2345473,21.0539957,83.1,0.14,0.0,0.007,0.976,0,1.1051066548839725,7.0,4.575971898455037,0.0,2.0
8765,2026-05-11 14:49:47.600000+00:00,52.234547,21.0539984,83.3,0.04,0.007,0.009,0.977,0,1.3454589841874327,7.0,4.732719906623423,0.0,2.0
8770,2026-05-11 14:49:48.100000+00:00,52.2345468,21.0540004,83.5,0.2,0.01,0.01,0.976,0,0.9936145577050219,7.0,4.851099903373986,0.0,2.0
8775,2026-05-11 14:49:48.600000+00:00,52.2345465,21.0540028,83.8,0.11,0.0,0.007,0.978,0,1.2010145503585312,7.0,4.99217837324327,0.0,2.0
8780,2026-05-11 14:49:49.100000+00:00,52.2345462,21.0540053,84.0,0.18,-0.004,0.007,0.975,0,1.249093994249752,7.0,5.141230734677047,0.0,2.0
8785,2026-05-11 14:49:49.600000+00:00,52.234546,21.0540077,84.2,0.07,0.0,0.009,0.978,0,1.1875974443852686,7.0,5.288801611883734,0.0,2.0
8790,2026-05-11 14:49:50.100000+00:00,52.2345458,21.0540098,84.3,0.16,0.002,0.008,0.977,0,1.0420350961009075,7.0,5.417903086691787,0.0,2.0
8795,2026-05-11 14:49:50.600000+00:00,52.2345456,21.0540121,84.5,0.08,-0.003,0.004,0.974,0,1.1390329409220632,7.0,5.560800937014382,0.0,2.0
8800,2026-05-11 14:49:51.100000+00:00,52.2345452,21.0540149,84.8,0.12,0.006,0.008,0.975,0,1.4097347006946672,7.0,5.731028237556847,0.0,2.0
8805,2026-05-11 14:49:51.600000+00:00,52.2345449,21.0540171,84.9,0.1,0.0,0.008,0.978,0,1.1051067118134004,7.0,5.866315973034706,0.0,2.0
8810,2026-05-11 14:49:52.100000+00:00,52.2345447,21.054019,85.0,0.11,0.009,0.011,0.975,0,0.9452570703925397,7.0,5.985531122672944,0.0,2.0
8815,2026-05-11 14:49:52.600000+00:00,52.2345446,21.0540205,85.1,0.29,-0.001,0.007,0.977,0,0.7398157165040989,7.0,6.081597221235178,0.0,2.0
8820,2026-05-11 14:49:53.100000+00:00,52.2345443,21.054022,85.2,0.06,0.011,0.006,0.978,0,0.7736953985719649,7.0,6.172512469875823,0.0,2.0
8825,2026-05-11 14:49:53.600000+00:00,52.234543,21.0540242,85.3,1.29,0.07,-0.017,0.969,0,1.498935087792941,7.0,6.285804159300168,0.0,2.0
8830,2026-05-11 14:49:54.100000+00:00,52.23454,21.0540284,85.3,3.29,0.123,0.013,0.971,0,3.163777508991479,7.0,6.505991884110997,0.0,2.0
8835,2026-05-11 14:49:54.600000+00:00,52.2345353,21.0540339,85.4,4.5,0.123,0.016,0.968,0,4.629392675367782,7.0,6.819890412919591,0.0,2.0
8840,2026-05-11 14:49:55.100000+00:00,52.2345305,21.0540417,85.3,5.48,0.097,0.013,0.974,0,5.4216487717171455,7.0,7.334493563930435,0.0,2.0
8845,2026-05-11 14:49:55.600000+00:00,52.2345232,21.0540522,85.4,7.92,0.098,0.0,0.962,0,7.788585183611531,7.0,8.095917349629325,0.0,2.0
8850,2026-05-11 14:49:56.100000+00:00,52.2345131,21.0540641,85.5,10.39,0.101,-0.016,0.978,0,9.971415544721355,7.0,9.080531231598172,0.0,2.0
8855,2026-05-11 14:49:56.600000+00:00,52.234502,21.0540717,85.4,10.21,0.085,-0.027,0.947,0,9.636357758908341,7.0,9.916220081910291,0.0,2.0
8860,2026-05-11 14:49:57.100000+00:00,52.2344887,21.0540848,85.5,11.9,0.044,-0.025,0.996,0,12.435310289844113,7.0,11.295271200094039,0.0,2.0
8865,2026-05-11 14:49:57.600000+00:00,52.2344741,21.0540938,85.7,12.81,0.088,-0.013,0.957,0,12.494054016127865,7.0,12.587865166755668,0.0,2.0
8870,2026-05-11 14:49:58.100000+00:00,52.2344574,21.0541087,85.7,15.24,0.089,-0.043,0.958,0,15.235882615546805,7.0,14.440018198184516,0.0,2.0
8875,2026-05-11 14:49:58.600000+00:00,52.234438,21.0541238,85.5,17.95,0.092,-0.103,0.961,0,17.20609089104871,7.0,16.552968238693456,0.0,2.0
8880,2026-05-11 14:49:59.100000+00:00,52.2344166,21.0541376,84.8,18.93,0.025,-0.042,0.988,0,18.420647735288703,7.0,18.81634354652315,0.0,2.0
8885,2026-05-11 14:49:59.600000+00:00,52.234395,21.0541519,84.7,18.1,0.047,-0.06,0.951,0,18.660395642783524,7.0,21.186820720670138,0.0,2.0
8890,2026-05-11 14:50:00.100000+00:00,52.2343717,21.0541592,84.1,19.84,0.03,-0.082,0.979,0,18.99435217813947,7.0,23.42978148606336,0.0,2.0
8895,2026-05-11 14:50:00.600000+00:00,52.2343461,21.0541718,83.7,21.75,0.014,-0.058,0.959,0,21.406328326274544,7.0,26.171693384659537,0.0,2.0
8900,2026-05-11 14:50:01.100000+00:00,52.234321,21.0541858,83.2,21.09,0.037,-0.057,0.978,0,21.235237769423247,7.0,28.970675612374432,0.0,2.0
8905,2026-05-11 14:50:01.600000+00:00,52.2342963,21.0541993,82.7,20.78,0.028,-0.019,0.974,0,20.853337671935083,7.0,31.740900787766584,0.0,2.0
8910,2026-05-11 14:50:02.100000+00:00,52.2342694,21.0542117,81.8,23.62,0.061,0.015,0.967,0,22.37800021684789,7.0,34.69552925548003,0.0,2.0
8915,2026-05-11 14:50:02.600000+00:00,52.2342387,21.0542327,81.8,25.81,0.033,-0.008,0.959,0,26.64817468107574,7.0,38.342747700936116,0.0,2.0
8920,2026-05-11 14:50:03.100000+00:00,52.2342087,21.0542436,81.0,25.22,0.029,-0.009,0.975,0,24.605539932870773,7.0,41.579908444773785,0.0,2.0
8925,2026-05-11 14:50:03.600000+00:00,52.23418,21.0542552,80.1,25.59,0.008,-0.004,0.969,0,23.670804953855964,7.0,44.74089404389325,0.0,2.0
8930,2026-05-11 14:50:04.100000+00:00,52.2341537,21.0542636,78.8,23.61,0.015,0.011,0.967,0,21.45491045017505,7.0,47.58076947133563,0.0,2.0
8935,2026-05-11 14:50:04.600000+00:00,52.234123,21.0542697,77.7,25.35,0.009,0.015,0.975,0,24.759840641489127,7.0,50.80195128715411,0.0,2.0
8940,2026-05-11 14:50:05.100000+00:00,52.234092,21.0542865,77.0,25.74,-0.009,-0.005,0.983,0,26.149996041569345,7.0,54.397670366278405,0.0,2.0
8945,2026-05-11 14:50:05.600000+00:00,52.2340605,21.0543075,76.8,26.42,-0.002,0.003,0.979,0,27.240053728640063,7.0,58.17249588664324,0.0,2.0
8950,2026-05-11 14:50:06.100000+00:00,52.2340277,21.054329,76.9,27.63,0.018,0.003,0.952,0,28.2967808030496,7.0,62.09338855563762,0.0,2.0
8955,2026-05-11 14:50:06.600000+00:00,52.2339964,21.054345,76.8,25.75,0.014,0.013,0.983,0,26.258213658280532,7.0,65.7043811158264,0.0,2.0
8960,2026-05-11 14:50:07.100000+00:00,52.2339641,21.0543602,76.4,26.54,-0.014,0.015,0.967,0,26.912052566050544,7.0,69.39729311792561,0.0,2.0
8965,2026-05-11 14:50:07.600000+00:00,52.2339332,21.0543703,75.4,26.38,0.023,0.011,0.977,0,25.229453645289123,7.0,72.81047932798168,0.0,2.0
8970,2026-05-11 14:50:08.100000+00:00,52.2339029,21.0543698,73.3,26.32,-0.007,-0.006,0.956,0,24.259523995760375,7.0,75.88553094628564,0.0,2.0
8975,2026-05-11 14:50:08.600000+00:00,52.2338726,21.0543818,72.3,24.85,0.02,0.006,0.988,0,24.961653668949694,7.0,79.30800773701993,0.0,2.0
8980,2026-05-11 14:50:09.100000+00:00,52.2338419,21.0543976,71.8,25.13,-0.013,0.0,0.954,0,25.770549865868787,,82.87359206346426,0.0,2.0
8985,2026-05-11 14:50:09.600000+00:00,52.2338098,21.0544131,71.4,25.38,-0.007,0.006,0.999,0,26.799581088612264,,86.57676775179512,0.0,2.0
8990,2026-05-11 14:50:10.100000+00:00,52.2337787,21.0544257,70.8,25.56,0.002,0.022,0.944,0,25.65379280720556,,90.10477114445963,0.0,2.0
8995,2026-05-11 14:50:10.600000+00:00,52.233746,21.0544371,70.4,25.79,-0.03,0.004,0.944,0,26.76981418866394,,93.77107490628055,0.0,2.0
9000,2026-05-11 14:50:11.100000+00:00,52.2337136,21.0544524,70.5,25.46,-0.033,0.02,1.011,0,27.002583581334854,,97.50601673623768,0.0,2.0
9005,2026-05-11 14:50:11.600000+00:00,52.2336823,21.0544691,70.5,25.03,-0.03,0.009,0.941,0,26.36281094875506,,101.16225078571166,0.0,2.0
9010,2026-05-11 14:50:12.100000+00:00,52.233651,21.0544869,70.7,25.25,-0.036,0.021,0.992,0,26.535292231483265,,104.84573136971566,0.0,2.0
9015,2026-05-11 14:50:12.600000+00:00,52.2336199,21.0545078,71.3,24.73,-0.024,0.027,0.96,0,26.925183308611526,,108.58437482238214,0.0,2.0
9020,2026-05-11 14:50:13.100000+00:00,52.2335907,21.0545305,72.0,23.49,-0.027,0.031,0.979,0,25.89204857210396,,112.17038191099931,0.0,2.0
9025,2026-05-11 14:50:13.600000+00:00,52.2335622,21.0545512,72.8,23.22,-0.012,0.039,0.975,0,24.972813538634,,115.63495572475391,0.0,2.0
9030,2026-05-11 14:50:14.100000+00:00,52.2335346,21.0545677,73.0,22.29,-0.012,0.036,0.959,0,23.531174440959894,,118.90247206703025,0.0,2.0
9035,2026-05-11 14:50:14.600000+00:00,52.2335085,21.0545821,73.0,21.6,-0.043,0.044,0.983,0,22.056419950494746,,121.96276395689146,0.0,2.0
9040,2026-05-11 14:50:15.100000+00:00,52.2334833,21.0545971,73.2,20.42,-0.054,0.024,0.976,0,21.474014919836744,,124.9446424119903,0.0,2.0
9045,2026-05-11 14:50:15.600000+00:00,52.2334588,21.0546147,73.6,19.77,-0.024,0.019,0.969,0,21.42923533783461,,127.91802237960206,0.0,2.0
9050,2026-05-11 14:50:16.100000+00:00,52.2334349,21.0546309,73.9,18.93,0.002,0.008,0.952,0,20.71767111661331,,130.79475423857883,0.0,2.0
9055,2026-05-11 14:50:16.600000+00:00,52.2334123,21.0546422,73.7,18.4,0.016,0.015,0.983,0,18.92297492943057,,133.4158627627667,0.0,2.0
9060,2026-05-11 14:50:17.100000+00:00,52.2333925,21.0546592,73.3,17.16,-0.012,0.009,0.965,0,17.90993355340928,,135.88743422952035,0.0,2.0
9065,2026-05-11 14:50:17.600000+00:00,52.2333694,21.0546735,73.2,19.08,0.037,0.015,0.986,0,19.778508551780153,,138.63432634442856,0.0,2.0
9070,2026-05-11 14:50:18.100000+00:00,52.2333459,21.0546867,73.0,19.58,0.017,0.002,0.969,0,19.896339632098965,,141.39549321581902,0.0,2.0
9075,2026-05-11 14:50:18.600000+00:00,52.2333214,21.0547007,73.0,19.8,0.008,0.017,0.957,0,20.78129688681992,,144.28011887306533,0.0,2.0
9080,2026-05-11 14:50:19.100000+00:00,52.2332983,21.0547154,73.1,18.64,-0.035,0.04,0.982,0,19.84889024820217,,147.03690672241342,0.0,2.0
9085,2026-05-11 14:50:19.600000+00:00,52.233276,21.05473,73.2,18.26,0.003,0.045,0.961,0,19.235232784729526,,149.70830690299996,0.0,2.0
9090,2026-05-11 14:50:20.100000+00:00,52.2332544,21.0547441,73.3,17.69,-0.03,0.021,0.989,0,18.623836786678194,,152.29482817205135,0.0,2.0
9095,2026-05-11 14:50:20.600000+00:00,52.2332324,21.054759,73.4,18.57,0.01,0.037,0.96,0,19.06839212854267,,154.94255555745102,0.0,2.0
9100,2026-05-11 14:50:21.100000+00:00,52.233212,21.0547738,73.4,17.75,0.016,0.035,0.987,0,17.871945816563294,,157.42206416270957,0.0,2.0
9105,2026-05-11 14:50:21.600000+00:00,52.2331913,21.0547883,73.6,17.13,0.083,0.03,0.969,0,18.03319975022848,,159.92529470532125,0.0,2.0
9110,2026-05-11 14:50:22.100000+00:00,52.2331695,21.0548005,73.4,18.3,0.069,0.021,0.961,0,18.449854893303172,,162.48553759965242,0.0,2.0
9115,2026-05-11 14:50:22.600000+00:00,52.2331469,21.0548169,73.3,19.65,0.024,0.025,0.973,0,19.800098084054575,,165.23262064510192,0.0,2.0
9120,2026-05-11 14:50:23.100000+00:00,52.2331237,21.054836,73.3,19.86,0.035,0.045,0.976,0,20.801496318197003,,168.10902512280188,0.0,2.0
9125,2026-05-11 14:50:23.600000+00:00,52.2331009,21.0548546,73.5,19.22,0.018,0.047,0.957,0,20.405307810979334,,170.93198997467715,0.0,2.0
9130,2026-05-11 14:50:24.100000+00:00,52.2330778,21.0548705,73.4,18.96,0.031,0.017,0.962,0,20.070060161894016,,173.71874616121616,0.0,2.0
9135,2026-05-11 14:50:24.600000+00:00,52.2330566,21.054884,73.0,18.54,-0.005,-0.03,0.965,0,18.217929842617632,,176.24899377551387,0.0,2.0
9140,2026-05-11 14:50:25.100000+00:00,52.2330338,21.0549046,73.4,19.52,0.022,-0.003,0.978,0,20.862072908274587,,179.12260783005374,0.0,2.0
9145,2026-05-11 14:50:25.600000+00:00,52.2330099,21.0549224,73.3,20.17,0.004,-0.014,0.966,0,21.03098163170707,,182.03998462221315,0.0,2.0
9150,2026-05-11 14:50:26.100000+00:00,52.2329836,21.054931,72.5,19.78,0.031,-0.002,0.987,0,21.473973093595934,,184.9744935837399,0.0,2.0
9155,2026-05-11 14:50:26.600000+00:00,52.2329601,21.054944,72.2,19.89,0.035,-0.004,0.966,0,19.864672979056408,,187.73019039217078,0.0,2.0
9160,2026-05-11 14:50:27.100000+00:00,52.2329348,21.0549605,72.4,20.18,-0.006,-0.004,0.963,0,21.811272754616294,,190.75949806933224,0.0,2.0
9165,2026-05-11 14:50:27.600000+00:00,52.2329102,21.0549749,72.4,19.96,0.016,0.002,0.985,0,20.92227397949766,,193.6639981766729,0.0,2.0
9170,2026-05-11 14:50:28.100000+00:00,52.2328849,21.0549923,72.6,21.33,0.015,0.008,0.962,0,21.97878872375643,,196.71574710793612,0.0,2.0
9175,2026-05-11 14:50:28.600000+00:00,52.2328598,21.055011,72.7,22.04,0.043,0.016,0.966,0,22.088220623194456,,199.57036949721575,0.0,2.0
9180,2026-05-11 14:50:29.100000+00:00,52.2328346,21.0550267,72.5,21.76,0.042,-0.011,0.983,0,21.594019019911098,,196.57123272979698,0.0,2.0
9185,2026-05-11 14:50:29.600000+00:00,52.2328081,21.0550413,72.3,22.84,0.028,-0.019,0.971,0,22.39124003693207,,193.46320686637912,0.0,2.0
9190,2026-05-11 14:50:30.100000+00:00,52.2327833,21.055049,72.0,21.07,0.034,-0.007,0.948,0,20.21075413963118,,190.69840786603137,0.0,2.0
9195,2026-05-11 14:50:30.600000+00:00,52.2327562,21.0550627,71.8,22.42,0.022,-0.008,0.979,0,22.712497361412428,,187.55018603489157,0.0,2.0
9200,2026-05-11 14:50:31.100000+00:00,52.2327281,21.0550804,71.8,23.62,0.054,-0.006,0.976,0,24.112996240757525,,184.20118935914985,0.0,2.0
9205,2026-05-11 14:50:31.600000+00:00,52.2327005,21.0550877,71.3,22.9,0.019,-0.002,0.971,0,22.384695418107462,,181.15730746433115,0.0,2.0
9210,2026-05-11 14:50:32.100000+00:00,52.2326715,21.0551016,70.9,24.22,0.043,-0.008,0.962,0,24.197219386732332,,177.8080338905752,0.0,2.0
9215,2026-05-11 14:50:32.600000+00:00,52.2326429,21.0551149,70.4,23.62,0.01,0.009,0.977,0,23.807852533740846,,174.51545671916946,0.0,2.0
9220,2026-05-11 14:50:33.100000+00:00,52.2326139,21.0551291,70.6,22.39,-0.008,0.019,0.971,0,24.239066816403724,,171.1596954384331,0.0,2.0
9225,2026-05-11 14:50:33.600000+00:00,52.2325875,21.0551384,69.9,22.5,-0.012,0.021,0.969,0,21.62226403212848,,168.1954846140906,0.0,2.0
9230,2026-05-11 14:50:34.100000+00:00,52.2325621,21.0551541,69.3,21.89,-0.018,0.019,0.974,0,21.74371081312727,,165.17578935185375,0.0,2.0
9235,2026-05-11 14:50:34.600000+00:00,52.2325354,21.055169,69.1,22.24,-0.02,0.028,0.975,0,22.590173482745517,,162.04163582831646,0.0,2.0
9240,2026-05-11 14:50:35.100000+00:00,52.2325095,21.0551812,68.4,21.01,-0.021,0.031,0.972,0,21.581286134324532,,159.05808355541535,0.0,2.0
9245,2026-05-11 14:50:35.600000+00:00,52.2324831,21.0551993,68.2,22.16,0.003,0.022,0.981,0,22.92367526783604,,155.8748647917119,0.0,2.0
9250,2026-05-11 14:50:36.100000+00:00,52.2324569,21.0552186,68.1,22.14,0.012,0.009,0.942,0,23.011791149342034,,152.68227783145284,0.0,2.0
9255,2026-05-11 14:50:36.600000+00:00,52.2324313,21.0552357,67.8,21.59,0.0,0.003,0.981,0,22.144248330393456,,149.60690511002832,0.0,2.0
9260,2026-05-11 14:50:37.100000+00:00,52.2324054,21.0552527,67.8,21.21,-0.011,0.002,0.975,0,22.34839747783557,,146.50301637005416,0.0,2.0
9265,2026-05-11 14:50:37.600000+00:00,52.2323801,21.0552732,68.0,21.75,-0.027,-0.002,0.963,0,22.612321085416834,,143.37385564200733,0.0,2.0
9270,2026-05-11 14:50:38.100000+00:00,52.232355,21.0552963,68.7,21.43,-0.062,-0.001,0.977,0,23.067543196464857,,140.20159875067841,0.0,2.0
9275,2026-05-11 14:50:38.600000+00:00,52.2323337,21.0553114,68.4,17.99,-0.049,-0.004,0.969,0,18.59087554154668,,137.62147628926513,0.0,2.0
9280,2026-05-11 14:50:39.100000+00:00,52.2323097,21.0553239,68.3,18.96,-0.045,0.004,0.974,0,20.16838755305951,,134.82574752528308,0.0,2.0
9285,2026-05-11 14:50:39.600000+00:00,52.2322857,21.0553357,68.6,18.61,-0.031,0.003,0.928,0,20.06674228051182,,132.04763195266017,0.0,2.0
9290,2026-05-11 14:50:40.100000+00:00,52.2322638,21.055347,68.6,16.47,-0.105,0.042,1.047,0,18.387889518571196,,129.4996579082385,0.0,2.0
9295,2026-05-11 14:50:40.600000+00:00,52.2322443,21.0553581,68.6,15.21,-0.113,0.056,0.939,0,16.533329899665812,,127.20516552698068,0.0,2.0
9300,2026-05-11 14:50:41.100000+00:00,52.2322264,21.0553693,68.6,13.78,-0.025,0.068,0.989,0,15.347044898760558,,125.07372917354564,0.0,2.0
9305,2026-05-11 14:50:41.600000+00:00,52.2322089,21.0553818,68.9,13.91,-0.025,-0.001,0.942,0,15.292595459792276,,122.9512188133923,0.0,2.0
9310,2026-05-11 14:50:42.100000+00:00,52.2321924,21.0553926,69.1,12.3,-0.046,0.037,0.985,0,14.23190441627251,,120.97460523670675,0.0,2.0
9315,2026-05-11 14:50:42.600000+00:00,52.232178,21.0554018,69.2,10.34,-0.061,0.032,0.974,0,12.3798616973833,,119.25518311528144,0.0,2.0
9320,2026-05-11 14:50:43.100000+00:00,52.2321649,21.0554081,69.0,9.73,-0.064,0.021,0.971,0,10.933387799006296,,117.74267012765256,0.0,2.0
9325,2026-05-11 14:50:43.600000+00:00,52.2321551,21.0554149,68.9,6.82,-0.062,0.031,0.982,0,8.52502314979907,,116.55903757689256,0.0,2.0
9330,2026-05-11 14:50:44.100000+00:00,52.2321451,21.055421,68.9,6.86,-0.059,0.051,0.974,0,8.54652752994579,,115.37221910901145,0.0,2.0
9335,2026-05-11 14:50:44.600000+00:00,52.2321369,21.0554247,68.9,5.15,-0.062,0.032,0.977,0,6.811026948990691,,114.43163034976605,0.0,2.0
9340,2026-05-11 14:50:45.100000+00:00,52.2321298,21.0554303,69.0,4.86,-0.027,0.016,0.982,0,6.312772833392303,,113.55722065081603,0.0,2.0
9345,2026-05-11 14:50:45.600000+00:00,52.2321222,21.0554371,69.3,5.21,0.023,0.007,0.963,0,6.938289518427037,,112.6011554719215,0.0,2.0
9350,2026-05-11 14:50:46.100000+00:00,52.2321147,21.0554425,69.9,4.37,0.018,0.003,0.975,0,6.562422711485731,,111.69044713342358,0.0,2.0
9355,2026-05-11 14:50:46.600000+00:00,52.2321068,21.0554481,69.9,5.62,0.021,0.004,0.979,0,6.895121435681994,,110.73337342359736,0.0,2.0
9360,2026-05-11 14:50:47.100000+00:00,52.2320991,21.055454,70.1,5.53,0.015,0.005,0.971,0,6.809727372015228,,109.78954318732731,0.0,2.0
9365,2026-05-11 14:50:47.600000+00:00,52.2320913,21.0554588,70.3,4.88,-0.038,0.024,0.98,0,6.673527882486573,,108.86275063872071,0.0,2.0
9370,2026-05-11 14:50:48.100000+00:00,52.2320849,21.0554644,70.4,3.67,-0.025,0.014,0.98,0,5.813259700906194,,108.06099224008788,0.0,2.0
9375,2026-05-11 14:50:48.600000+00:00,52.2320794,21.0554704,70.3,3.7,0.02,0.0,0.967,0,5.295739936145936,,107.34264208094814,0.0,2.0
9380,2026-05-11 14:50:49.100000+00:00,52.2320737,21.0554736,70.2,3.91,0.004,0.009,0.981,0,4.825663967121006,,106.67296732455367,0.0,2.0
9385,2026-05-11 14:50:49.600000+00:00,52.232068,21.0554776,70.0,4.29,0.013,0.003,0.974,0,4.967085352658591,,105.98349276180308,0.0,2.0
9390,2026-05-11 14:50:50.100000+00:00,52.2320623,21.0554816,69.8,3.8,0.013,0.004,0.974,0,4.967085442746852,,105.29402340803813,0.0,2.0
9395,2026-05-11 14:50:50.600000+00:00,52.2320558,21.0554873,70.0,3.43,-0.034,0.021,0.983,0,5.906990398277023,,104.47968001639472,0.0,2.0
9400,2026-05-11 14:50:51.100000+00:00,52.2320498,21.0554912,70.1,3.75,0.02,0.011,0.967,0,5.170279183912414,,103.76161006007955,0.0,2.0
9405,2026-05-11 14:50:51.600000+00:00,52.232044,21.0554984,70.3,3.9,0.025,-0.003,0.974,0,5.833201386360684,,102.9831165043296,0.0,2.0
9410,2026-05-11 14:50:52.100000+00:00,52.232039,21.0555012,69.9,3.86,0.02,-0.002,0.972,0,4.231921313840924,,102.39577693609998,0.0,2.0
9415,2026-05-11 14:50:52.600000+00:00,52.2320337,21.0555044,69.7,3.68,-0.016,0.01,0.978,0,4.524023337635918,,101.76750640078873,0.0,2.0
9420,2026-05-11 14:50:53.100000+00:00,52.2320295,21.0555057,69.3,2.83,-0.042,0.021,0.983,0,3.42242225015128,,101.30000462694859,0.0,2.0
9425,2026-05-11 14:50:53.600000+00:00,52.232025,21.0555093,69.3,2.25,-0.046,0.022,0.975,0,4.01193206264528,,100.74486290572942,0.0,2.0
9430,2026-05-11 14:50:54.100000+00:00,52.2320213,21.0555151,69.4,1.39,-0.032,0.015,0.981,0,4.106465866828456,,100.21888336971661,0.0,2.0
9435,2026-05-11 14:50:54.600000+00:00,52.2320183,21.0555186,69.3,1.7,0.033,-0.004,0.967,0,2.9519526272585708,,99.8220465513854,0.0,2.0
9440,2026-05-11 14:50:55.100000+00:00,52.2320141,21.0555226,69.2,2.19,0.02,0.0,0.973,0,3.892762832061202,,99.28851687229319,0.0,2.0
9445,2026-05-11 14:50:55.600000+00:00,52.2320088,21.0555275,69.4,2.62,0.0,0.012,0.977,0,4.876226374412186,,98.61894256671592,0.0,2.0
9450,2026-05-11 14:50:56.100000+00:00,52.2320046,21.0555302,69.4,1.97,-0.051,0.024,0.98,0,3.6137808951326025,,98.11705968689078,0.0,2.0
9455,2026-05-11 14:50:56.600000+00:00,52.2320006,21.0555379,69.8,0.57,-0.079,0.033,0.979,0,4.950845185779657,,97.51532032606042,0.0,2.0
9460,2026-05-11 14:50:57.100000+00:00,52.2319976,21.0555466,70.4,0.36,-0.013,0.017,0.988,0,4.895635768797918,,96.9951545609143,0.0,2.0
9465,2026-05-11 14:50:57.600000+00:00,52.2319943,21.055556,71.2,0.22,0.002,0.01,0.96,0,5.312720101812851,,96.42925068672042,0.0,2.0
9470,2026-05-11 14:50:58.100000+00:00,52.2319915,21.0555651,71.9,0.05,0.013,0.009,0.983,0,4.9935593336666315,,95.92491728212939,0.0,2.0
9475,2026-05-11 14:50:58.600000+00:00,52.2319887,21.0555729,72.6,0.09,0.014,0.008,0.972,0,4.433200783504552,,95.45261808710737,0.0,2.0
9480,2026-05-11 14:50:59.100000+00:00,52.2319856,21.0555808,73.5,0.22,0.009,0.011,0.978,0,4.600572207399,,94.9482320217525,0.0,2.0
9485,2026-05-11 14:50:59.600000+00:00,52.2319831,21.0555882,74.2,0.06,0.002,0.005,0.976,0,4.14394605129448,,94.51966632166307,0.0,2.0
9490,2026-05-11 14:51:00.100000+00:00,52.2319805,21.0555943,74.8,0.54,0.065,-0.006,0.974,0,3.6441100784236617,,94.11085925002293,0.0,2.0
9495,2026-05-11 14:51:00.600000+00:00,52.2319772,21.0555993,75.2,1.52,0.056,-0.007,0.97,0,3.604304321851175,,93.65345108974186,0.0,2.0
9500,2026-05-11 14:51:01.100000+00:00,52.2319733,21.0556044,75.5,1.76,-0.024,0.016,0.976,0,4.000352913715442,,93.13110919219571,0.0,2.0
9505,2026-05-11 14:51:01.600000+00:00,52.2319712,21.0556079,75.8,0.35,-0.04,0.029,0.985,0,2.402498086621923,,92.8336080408531,0.0,2.0
9510,2026-05-11 14:51:02.100000+00:00,52.231969,21.0556131,76.2,0.31,0.018,0.003,0.972,0,3.0989767779503197,,92.4890954930723,0.0,2.0
9515,2026-05-11 14:51:02.600000+00:00,52.2319662,21.0556163,76.4,1.23,0.067,-0.01,0.974,0,2.736281218853827,,92.12483738458666,0.0,2.0
9520,2026-05-11 14:51:03.100000+00:00,52.231963,21.0556204,76.5,2.04,0.022,0.0,0.978,0,3.25656514868324,,91.69922870078108,0.0,2.0
9525,2026-05-11 14:51:03.600000+00:00,52.2319595,21.0556246,76.7,2.08,-0.005,0.014,0.971,0,3.477516415791727,,91.24005982992529,0.0,2.0
9530,2026-05-11 14:51:04.100000+00:00,52.2319566,21.0556288,77.0,1.47,-0.022,0.02,0.983,0,3.1035160529739168,,90.84455478778135,0.0,2.0
9535,2026-05-11 14:51:04.600000+00:00,52.2319549,21.05563,77.1,1.09,-0.017,0.011,0.98,0,1.4827741496539215,,90.63949300530848,0.0,2.0
9540,2026-05-11 14:51:05.100000+00:00,52.2319532,21.0556326,77.3,0.74,0.002,0.011,0.97,0,1.8648694797859606,,90.40491262655274,0.0,2.0
9545,2026-05-11 14:51:05.600000+00:00,52.2319518,21.0556347,77.5,0.41,0.002,0.01,0.98,0,1.5220432345118746,,90.21269348545894,0.0,2.0
9550,2026-05-11 14:51:06.100000+00:00,52.2319501,21.0556385,77.8,0.51,-0.003,0.007,0.977,0,2.3074415217868514,,89.95329293290384,0.0,2.0
9555,2026-05-11 14:51:06.600000+00:00,52.2319481,21.0556438,78.1,0.86,0.036,0.005,0.979,0,3.0524923598007705,,89.63147211835589,0.0,2.0
9560,2026-05-11 14:51:07.100000+00:00,52.2319461,21.0556465,78.2,1.2,0.049,-0.007,0.97,0,2.0776529859632196,,89.36384997872771,0.0,2.0
9565,2026-05-11 14:51:07.600000+00:00,52.2319434,21.0556495,78.4,1.68,0.031,0.008,0.975,0,2.6146826908358918,,89.01598228740392,0.0,2.0
9570,2026-05-11 14:51:08.100000+00:00,52.2319402,21.0556504,78.4,1.78,0.006,0.01,0.975,0,2.5996623248038166,,88.658227375831,0.0,2.0
9575,2026-05-11 14:51:08.600000+00:00,52.2319377,21.0556504,78.3,1.48,0.01,0.011,0.979,0,2.00150867223785,,88.39322287364821,0.0,2.0
9580,2026-05-11 14:51:09.100000+00:00,52.2319346,21.0556534,78.4,1.74,-0.014,0.011,0.975,0,2.8850662624164856,,88.0029123621907,0.0,2.0
9585,2026-05-11 14:51:09.600000+00:00,52.2319323,21.0556584,78.7,0.87,-0.026,0.02,0.983,0,3.066204951395817,,87.65674734921902,0.0,2.0
9590,2026-05-11 14:51:10.100000+00:00,52.2319304,21.0556618,78.9,1.12,-0.004,0.012,0.972,0,2.256840444274875,,87.38608183388396,0.0,2.0
9595,2026-05-11 14:51:10.600000+00:00,52.2319286,21.0556644,79.1,0.89,0.009,0.008,0.976,0,1.9240784971304348,,87.14243181734439,0.0,2.0
9600,2026-05-11 14:51:11.100000+00:00,52.2319264,21.0556682,79.3,1.24,0.016,0.004,0.982,0,2.5640151328482963,,86.83235953612407,0.0,2.0
9605,2026-05-11 14:51:11.600000+00:00,52.2319239,21.0556724,79.6,1.36,0.048,-0.003,0.969,0,2.8718168115165534,,86.48278376898459,0.0,2.0
9610,2026-05-11 14:51:12.100000+00:00,52.2319204,21.055676,79.8,2.3,0.012,0.003,0.98,0,3.3117799178496394,,86.03907737783754,0.0,2.0
9615,2026-05-11 14:51:12.600000+00:00,52.2319176,21.0556779,79.9,1.35,0.001,0.012,0.971,0,2.4275806402600426,,85.70357533594546,0.0,2.0
9620,2026-05-11 14:51:13.100000+00:00,52.2319148,21.0556806,80.1,1.32,-0.027,0.021,0.984,0,2.6034503098882813,,85.35231593633398,0.0,2.0
9625,2026-05-11 14:51:13.600000+00:00,52.2319128,21.0556856,80.5,0.76,-0.031,0.02,0.971,0,2.928271172885578,,85.04136363834671,0.0,2.0
9630,2026-05-11 14:51:14.100000+00:00,52.2319119,21.0556884,80.7,0.28,-0.023,0.02,0.975,0,1.5505493872611071,,84.8910358741582,0.0,2.0
9635,2026-05-11 14:51:14.600000+00:00,52.2319108,21.0556932,81.2,0.13,0.004,0.011,0.976,0,2.513010652961388,,84.68123834301241,0.0,2.0
9640,2026-05-11 14:51:15.100000+00:00,52.2319098,21.0556973,81.7,0.23,0.012,0.008,0.974,0,2.16395502976253,,84.49631343808755,0.0,2.0
9645,2026-05-11 14:51:15.600000+00:00,52.2319087,21.0557019,82.2,0.09,0.004,0.011,0.976,0,2.4214051012925983,,84.29197579359584,0.0,2.0
9650,2026-05-11 14:51:16.100000+00:00,52.2319077,21.0557074,82.6,0.12,0.004,0.008,0.978,0,2.8132129156929095,,84.08250359232774,0.0,2.0
9655,2026-05-11 14:51:16.600000+00:00,52.2319066,21.0557126,83.0,0.15,0.003,0.008,0.975,0,2.6975858171104914,,83.86909509333044,0.0,2.0
9660,2026-05-11 14:51:17.100000+00:00,52.2319056,21.0557177,83.5,0.1,0.006,0.008,0.975,0,2.6257793482015073,,83.66934598705981,0.0,2.0
9665,2026-05-11 14:51:17.600000+00:00,52.2319044,21.0557227,83.9,0.38,0.033,-0.002,0.983,0,2.633230279322001,,83.45102577988506,0.0,2.0
9670,2026-05-11 14:51:18.100000+00:00,52.2319027,21.0557271,84.1,1.53,0.072,-0.01,0.964,0,2.550929458572097,,83.1905838467745,0.0,2.0
9675,2026-05-11 14:51:18.600000+00:00,52.2318998,21.055731,84.3,2.3,0.057,-0.004,0.981,0,3.0079165763729687,,82.81058131528653,0.0,2.0
9680,2026-05-11 14:51:19.100000+00:00,52.2318953,21.0557348,84.5,3.93,0.1,-0.01,0.972,0,4.056040320598418,,82.26064289078919,0.0,2.0
9685,2026-05-11 14:51:19.600000+00:00,52.2318888,21.055742,84.7,6.0,0.14,-0.022,0.964,0,6.288484868548865,,81.43719908033175,0.0,2.0
9690,2026-05-11 14:51:20.100000+00:00,52.2318803,21.0557464,84.8,7.16,0.093,-0.047,0.977,0,7.138952393334642,,80.44706402069664,0.0,2.0
9695,2026-05-11 14:51:20.600000+00:00,52.2318706,21.0557484,84.5,7.52,0.129,-0.043,0.963,0,7.82753027927005,8.0,79.36894935211497,0.0,2.0
9700,2026-05-11 14:51:21.100000+00:00,52.2318582,21.0557451,83.7,8.77,0.142,-0.027,0.964,0,10.058492797620104,8.0,78.09377689074243,0.0,2.0
9705,2026-05-11 14:51:21.600000+00:00,52.2318434,21.0557461,83.1,10.51,0.071,-0.028,0.988,0,11.859072974846953,8.0,76.48776078258531,0.0,2.0
9710,2026-05-11 14:51:22.100000+00:00,52.2318315,21.0557276,80.9,11.97,0.109,-0.027,0.969,0,13.155105582508293,8.0,75.56089009135216,0.0,2.0
9715,2026-05-11 14:51:22.600000+00:00,52.2318132,21.0557267,79.7,14.36,0.123,-0.019,0.965,0,14.657688457453103,8.0,73.63015773308562,0.0,2.0
9720,2026-05-11 14:51:23.100000+00:00,52.2317923,21.055733,78.8,15.96,0.066,-0.018,0.977,0,17.015383890678063,8.0,71.28285151204354,0.0,2.0
9725,2026-05-11 14:51:23.600000+00:00,52.2317685,21.0557446,78.4,18.55,0.063,-0.022,0.965,0,19.885221722154537,8.0,68.52117640483571,0.0,2.0
9730,2026-05-11 14:51:24.100000+00:00,52.2317448,21.0557586,78.2,19.59,0.05,-0.028,0.975,0,20.17795833544954,8.0,65.72177712474999,0.0,2.0
9735,2026-05-11 14:51:24.600000+00:00,52.2317186,21.0557749,78.3,20.79,0.066,0.0,0.947,0,22.446975292669755,8.0,62.61103234333916,0.0,2.0
9740,2026-05-11 14:51:25.100000+00:00,52.2316906,21.055794,78.6,22.98,0.049,-0.008,1.017,0,24.294684337217774,8.0,59.25452398456855,0.0,2.0
9745,2026-05-11 14:51:25.600000+00:00,52.2316615,21.0558122,78.8,23.63,0.045,-0.001,0.947,0,24.94833330831729,8.0,55.799980015169716,0.0,2.0
9750,2026-05-11 14:51:26.100000+00:00,52.2316317,21.0558323,79.0,24.82,0.085,0.016,0.947,0,25.81362485355346,8.0,52.236334834092396,0.0,2.0
9755,2026-05-11 14:51:26.600000+00:00,52.2316014,21.0558509,78.9,25.15,0.051,0.009,0.96,0,25.916150747597094,8.0,48.649649345654026,0.0,2.0
9760,2026-05-11 14:51:27.100000+00:00,52.2315709,21.0558674,78.8,25.01,-0.013,0.013,0.975,0,25.72388588418032,8.0,45.081269709468195,0.0,2.0
9765,2026-05-11 14:51:27.600000+00:00,52.2315407,21.0558854,78.7,25.26,-0.03,0.025,0.98,0,25.738865289968896,8.0,41.519321166661115,0.0,2.0
9770,2026-05-11 14:51:28.100000+00:00,52.2315118,21.0559019,78.6,23.86,-0.024,0.033,0.953,0,24.51124396051134,8.0,38.12538018675819,0.0,2.0
9775,2026-05-11 14:51:28.600000+00:00,52.2314837,21.0559171,78.4,23.49,-0.03,0.018,0.979,0,23.69946311022471,8.0,34.841423857055716,0.0,2.0
9780,2026-05-11 14:51:29.100000+00:00,52.2314598,21.0559317,78.0,20.46,-0.065,0.028,0.975,0,20.42984514344335,8.0,32.022397640714814,0.0,2.0
9785,2026-05-11 14:51:29.600000+00:00,52.2314368,21.0559482,77.6,19.81,-0.067,0.038,0.976,0,20.11295941769224,8.0,29.27564371219271,0.0,2.0
9790,2026-05-11 14:51:30.100000+00:00,52.2314126,21.0559641,77.5,20.34,-0.019,0.04,0.952,0,20.884475822977702,8.0,26.41622619528791,0.0,2.0
9795,2026-05-11 14:51:30.600000+00:00,52.2313886,21.055977,77.6,19.29,-0.054,0.044,0.979,0,20.228897769156504,8.0,23.62676594954888,0.0,2.0
9800,2026-05-11 14:51:31.100000+00:00,52.2313654,21.0559903,77.6,18.88,-0.058,0.041,0.971,0,19.68566251071178,8.0,20.92563110731915,0.0,2.0
9805,2026-05-11 14:51:31.600000+00:00,52.2313442,21.0560023,77.6,17.63,-0.043,0.04,0.989,0,17.963836646587513,8.0,18.46740979639629,0.0,2.0
9810,2026-05-11 14:51:32.100000+00:00,52.2313248,21.0560152,77.6,15.74,-0.033,0.042,0.952,0,16.770390220884977,8.0,16.211958332314897,0.0,2.0
9815,2026-05-11 14:51:32.600000+00:00,52.2313065,21.0560269,77.6,14.84,-0.026,0.035,0.971,0,15.734271309597455,8.0,14.108829556609919,0.0,2.0
9820,2026-05-11 14:51:33.100000+00:00,52.2312924,21.056039,77.2,13.06,-0.076,0.066,0.963,0,12.75279156510505,8.0,12.501278243693802,0.0,2.0
9825,2026-05-11 14:51:33.600000+00:00,52.2312777,21.056056,77.3,12.48,-0.082,0.053,0.981,0,14.422010780067543,8.0,10.899761235212981,0.0,2.0
9830,2026-05-11 14:51:34.100000+00:00,52.2312636,21.0560689,77.4,11.06,-0.093,0.052,0.966,0,12.939961525883326,8.0,9.461766484824158,0.0,2.0
9835,2026-05-11 14:51:34.600000+00:00,52.2312523,21.0560829,77.5,8.97,-0.099,0.049,0.984,0,11.35657749956071,8.0,8.486217745160738,0.0,2.0
9840,2026-05-11 14:51:35.100000+00:00,52.2312418,21.0560932,77.8,7.42,-0.084,0.048,0.975,0,9.806892970082425,8.0,7.675331064424118,0.0,2.0
9845,2026-05-11 14:51:35.600000+00:00,52.231234,21.0561068,78.2,5.85,-0.11,0.067,0.949,0,9.136127483146298,8.0,7.411735594967727,0.0,2.0
9850,2026-05-11 14:51:36.100000+00:00,52.2312284,21.0561183,78.7,4.24,-0.129,0.053,0.987,0,7.204122051560093,8.0,7.433917166775343,0.0,2.0
9855,2026-05-11 14:51:36.600000+00:00,52.2312255,21.0561285,79.2,1.89,-0.153,0.064,0.968,0,5.514190226286274,8.0,7.7138565353213036,0.0,2.0
9860,2026-05-11 14:51:37.100000+00:00,52.231223,21.0561337,80.0,0.44,-0.054,0.043,0.993,0,3.241548623890189,8.0,7.811381490293245,0.0,2.0
9865,2026-05-11 14:51:37.600000+00:00,52.231221,21.0561389,80.7,0.09,0.027,0.017,0.942,0,3.010891036740202,8.0,7.964986637904472,0.0,2.0
9870,2026-05-11 14:51:38.100000+00:00,52.2312192,21.0561438,81.4,0.13,0.0,0.018,0.989,0,2.801747031638171,8.0,8.131822313181637,0.0,2.0
9875,2026-05-11 14:51:38.600000+00:00,52.2312176,21.0561483,82.0,0.08,0.002,0.019,0.967,0,2.5514429420376845,8.0,8.301138722925804,0.0,2.0
9880,2026-05-11 14:51:39.100000+00:00,52.2312161,21.0561528,82.6,0.16,0.005,0.019,0.981,0,2.5122026208577393,8.0,8.487141635795657,0.0,2.0
9885,2026-05-11 14:51:39.600000+00:00,52.2312147,21.0561569,83.1,0.1,-0.003,0.013,0.973,0,2.301772181275694,8.0,8.66371968891659,0.0,2.0
9890,2026-05-11 14:51:40.100000+00:00,52.2312129,21.0561616,83.7,0.4,0.003,0.021,0.968,0,2.7181125311701546,8.0,8.867014213404863,0.0,2.0
9895,2026-05-11 14:51:40.600000+00:00,52.2312114,21.0561654,84.3,0.04,0.004,0.02,0.975,0,2.2167958361314413,8.0,9.037647143907929,0.0,2.0
9900,2026-05-11 14:51:41.100000+00:00,52.2312099,21.0561692,84.7,0.1,0.0,0.018,0.974,0,2.2167958809131094,8.0,9.215410004510476,0.0,2.0
9905,2026-05-11 14:51:41.600000+00:00,52.2312085,21.0561728,85.2,0.21,0.007,0.021,0.975,0,2.0910397014358693,8.0,9.390816794600886,0.0,2.0
9910,2026-05-11 14:51:42.100000+00:00,52.2312072,21.0561768,85.7,0.26,0.0,0.016,0.978,0,2.2204360242201173,8.0,9.601180008760371,0.0,2.0
9915,2026-05-11 14:51:42.600000+00:00,52.2312058,21.0561806,86.1,0.62,0.0,0.012,0.977,0,2.174466493692168,8.0,9.800443552653965,0.0,2.0
9920,2026-05-11 14:51:43.100000+00:00,52.2312042,21.0561842,86.4,0.41,0.008,0.019,0.974,0,2.1810610183378834,8.0,9.985730720964655,0.0,2.0
9925,2026-05-11 14:51:43.600000+00:00,52.2312029,21.0561865,86.8,0.09,0.003,0.014,0.978,0,1.5346600005456148,8.0,10.09925205500286,0.0,2.0
9930,2026-05-11 14:51:44.100000+00:00,52.2312017,21.0561887,87.1,0.01,0.002,0.017,0.974,0,1.4445553267984472,8.0,10.211961788763562,0.0,2.0
9935,2026-05-11 14:51:44.600000+00:00,52.2312005,21.0561911,87.5,0.01,0.0,0.016,0.976,0,1.5191934325427934,8.0,10.340624909533112,0.0,2.0
9940,2026-05-11 14:51:45.100000+00:00,52.2311991,21.0561934,87.9,0.11,0.0,0.015,0.981,0,1.5900447596111782,8.0,10.460755426068554,0.0,2.0
9945,2026-05-11 14:51:45.600000+00:00,52.2311978,21.0561954,88.2,0.09,0.003,0.016,0.977,0,1.430038023098915,8.0,10.566133818704293,0.0,2.0
9950,2026-05-11 14:51:46.100000+00:00,52.2311965,21.0561971,88.6,0.03,-0.005,0.017,0.976,0,1.333460098072162,8.0,10.654041277856436,0.0,2.0
9955,2026-05-11 14:51:46.600000+00:00,52.231195,21.0561989,88.9,0.07,0.0,0.018,0.975,0,1.490373194402529,8.0,10.74767417771527,0.0,2.0
9960,2026-05-11 14:51:47.100000+00:00,52.2311937,21.0562006,89.2,0.11,0.003,0.018,0.975,0,1.3334601398650168,8.0,10.840808039802024,0.0,2.0
9965,2026-05-11 14:51:47.600000+00:00,52.2311924,21.0562019,89.5,0.09,-0.001,0.014,0.978,0,1.2204847405074262,8.0,10.909261572889632,0.0,2.0
9970,2026-05-11 14:51:48.100000+00:00,52.2311912,21.0562034,89.8,0.05,0.008,0.018,0.977,0,1.2099546585074645,8.0,10.994694139551088,0.0,2.0
9975,2026-05-11 14:51:48.600000+00:00,52.2311899,21.0562053,90.1,0.15,-0.004,0.015,0.977,0,1.3968664440427931,8.0,11.108013707877113,0.0,2.0
9980,2026-05-11 14:51:49.100000+00:00,52.2311886,21.0562071,90.4,0.02,0.007,0.017,0.977,0,1.3646507067238858,8.0,11.216757335571616,0.0,2.0
9985,2026-05-11 14:51:49.600000+00:00,52.2311872,21.0562093,90.7,0.09,-0.004,0.016,0.976,0,1.555648779562831,8.0,11.35401095240196,0.0,2.0
9990,2026-05-11 14:51:50.100000+00:00,52.2311858,21.0562115,91.0,0.06,0.007,0.018,0.976,0,1.5556488042360441,8.0,11.49368741433638,0.0,2.0
9995,2026-05-11 14:51:50.600000+00:00,52.2311845,21.056214,91.3,0.13,0.0,0.019,0.975,0,1.608107223044058,8.0,11.656584744168981,0.0,2.0
10000,2026-05-11 14:51:51.100000+00:00,52.2311832,21.0562163,91.6,0.17,0.01,0.023,0.972,0,1.5346603671956607,8.0,11.807842689913683,0.0,2.0
10005,2026-05-11 14:51:51.600000+00:00,52.2311817,21.0562184,91.9,0.12,-0.002,0.018,0.973,0,1.5819394726179794,8.0,11.946995042344211,0.0,2.0
10010,2026-05-11 14:51:52.100000+00:00,52.2311806,21.0562204,92.1,0.24,0.01,0.017,0.972,0,1.3180841574514692,8.0,12.081892492583934,0.0,2.0
10015,2026-05-11 14:51:52.600000+00:00,52.2311795,21.0562223,92.3,0.06,-0.005,0.007,0.978,0,1.282018966678533,8.0,12.211233231084309,0.0,2.0
10020,2026-05-11 14:51:53.100000+00:00,52.231178,21.0562249,92.6,0.6,0.049,0.0,0.972,0,1.7514499053548496,8.0,12.390174120989407,0.0,2.0
10025,2026-05-11 14:51:53.600000+00:00,52.2311758,21.0562287,92.8,2.22,0.133,-0.007,0.973,0,2.5640380248092693,8.0,12.655594845812653,0.0,2.0
10030,2026-05-11 14:51:54.100000+00:00,52.2311729,21.0562323,92.7,2.52,0.151,0.019,0.962,0,2.916621699885921,8.0,12.916301357988267,0.0,2.0
10035,2026-05-11 14:51:54.600000+00:00,52.2311685,21.0562395,92.6,4.17,0.141,0.039,0.961,0,4.987357726966338,8.0,13.44345796668288,0.0,2.0
10040,2026-05-11 14:51:55.100000+00:00,52.2311595,21.0562475,92.5,7.2,0.179,0.022,0.985,0,8.204065138968192,8.0,14.11264937744113,0.0,2.0
10045,2026-05-11 14:51:55.600000+00:00,52.2311482,21.0562563,92.3,9.5,0.146,-0.038,0.95,0,10.02322131585094,8.0,14.950823055448453,0.0,2.0
10050,2026-05-11 14:51:56.100000+00:00,52.2311353,21.0562671,92.0,11.06,0.113,-0.064,0.951,0,11.606403763619097,8.0,16.051149487497252,0.0,2.0
10055,2026-05-11 14:51:56.600000+00:00,52.2311221,21.0562782,91.2,12.9,0.141,-0.052,0.985,0,11.887266737392988,8.0,17.26358435184167,0.0,2.0
10060,2026-05-11 14:51:57.100000+00:00,52.2311027,21.0562958,90.9,16.5,0.121,-0.072,0.96,0,17.768347752410826,8.0,19.243133936191015,0.0,2.0
10065,2026-05-11 14:51:57.600000+00:00,52.2310835,21.0563119,90.2,17.28,0.068,-0.071,0.963,0,17.28037856838493,8.0,21.225352472359184,0.0,2.0
10070,2026-05-11 14:51:58.100000+00:00,52.2310648,21.0563278,89.1,17.42,0.073,-0.089,0.949,0,16.879762489717166,8.0,23.24429977674172,0.0,2.0
10075,2026-05-11 14:51:58.600000+00:00,52.2310471,21.0563556,88.0,20.2,0.056,-0.058,1.003,0,19.66301635901111,8.0,25.915710410561545,0.0,2.0
10080,2026-05-11 14:51:59.100000+00:00,52.2310227,21.0563799,87.4,23.25,0.042,-0.057,0.94,0,22.88200916677349,8.0,28.85097530368537,0.0,2.0
10085,2026-05-11 14:51:59.600000+00:00,52.2309969,21.0564097,86.9,24.47,0.018,-0.024,1.017,0,25.30174567165751,8.0,32.221378955608856,0.0,2.0
10090,2026-05-11 14:52:00.100000+00:00,52.2309658,21.0564309,86.5,26.51,0.128,0.028,0.957,0,26.981751111776944,8.0,35.569531335481614,0.0,2.0
10095,2026-05-11 14:52:00.600000+00:00,52.2309306,21.05645,86.2,28.85,0.043,-0.008,0.958,0,29.69679794195386,8.0,39.20946489314379,0.0,2.0
10100,2026-05-11 14:52:01.100000+00:00,52.2308939,21.0564665,85.8,29.69,0.039,0.009,0.969,0,30.47576632201562,8.0,42.941070767534335,0.0,2.0
10105,2026-05-11 14:52:01.600000+00:00,52.2308584,21.0564963,85.7,31.07,0.059,0.007,0.969,0,31.957852949449737,8.0,47.24263521732471,0.0,2.0
10110,2026-05-11 14:52:02.100000+00:00,52.2308267,21.0565283,85.2,29.52,0.041,0.013,0.965,0,29.838212632569967,8.0,51.339105944713744,0.0,2.0
10115,2026-05-11 14:52:02.600000+00:00,52.2307962,21.0565647,84.5,29.71,0.025,0.019,0.984,0,30.24636995333327,8.0,55.530957154637754,0.0,2.0
10120,2026-05-11 14:52:03.100000+00:00,52.2307631,21.0565896,83.8,29.14,0.031,0.02,0.956,0,29.1775465125161,8.0,59.453864328038485,0.0,2.0
10125,2026-05-11 14:52:03.600000+00:00,52.2307289,21.0566075,82.9,29.09,-0.015,0.006,0.947,0,28.753115258961607,8.0,63.1985262555226,0.0,2.0
10130,2026-05-11 14:52:04.100000+00:00,52.230693,21.0566292,82.3,30.21,-0.023,0.007,1.001,0,30.648140045485132,8.0,67.2776011289328,0.0,2.0
10135,2026-05-11 14:52:04.600000+00:00,52.2306592,21.0566521,81.6,29.47,-0.011,0.001,0.962,0,29.29777046846859,8.0,71.234895271479,0.0,2.0
10140,2026-05-11 14:52:05.100000+00:00,52.2306267,21.056673,80.8,27.68,-0.012,0.011,0.975,0,27.96517944333921,8.0,75.0076388810385,0.0,2.0
10145,2026-05-11 14:52:05.600000+00:00,52.2305916,21.0566919,80.2,29.02,-0.012,0.01,0.963,0,29.589993815005286,8.0,78.9540567925537,0.0,2.0
10150,2026-05-11 14:52:06.100000+00:00,52.2305507,21.0567158,80.7,30.33,-0.007,0.006,0.981,0,34.77875998301022,,83.64240943892922,0.0,2.0
10155,2026-05-11 14:52:06.600000+00:00,52.2305076,21.056744,81.6,32.35,-0.012,0.025,0.976,0,37.17366299950362,,88.7097795111986,0.0,2.0
10160,2026-05-11 14:52:07.100000+00:00,52.2304657,21.0567671,82.0,31.65,-0.016,0.06,0.967,0,35.40612460615204,,93.49074026073478,0.0,2.0
10165,2026-05-11 14:52:07.600000+00:00,52.230427,21.0567931,82.3,31.0,-0.012,0.05,0.968,0,33.503939420075874,,98.08365574943588,0.0,2.0
10170,2026-05-11 14:52:08.100000+00:00,52.2303867,21.0568112,82.2,30.68,-0.023,0.036,1.011,0,33.462830654254255,,102.55907906999346,0.0,2.0
10175,2026-05-11 14:52:08.600000+00:00,52.230346,21.0568347,82.4,31.48,-0.008,0.008,0.915,0,34.56217382084922,,107.27207466202302,0.0,2.0
10180,2026-05-11 14:52:09.100000+00:00,52.2303103,21.0568622,82.6,29.98,-0.022,0.03,1.02,0,31.6029685767355,,111.6458630794709,0.0,2.0
10185,2026-05-11 14:52:09.600000+00:00,52.2302747,21.0568879,82.5,30.6,0.033,0.028,0.931,0,31.163311162427384,,115.9502900117154,0.0,2.0
10190,2026-05-11 14:52:10.100000+00:00,52.2302373,21.056914,82.6,30.74,0.02,0.053,0.997,0,32.56312882367502,,120.44401425078803,0.0,2.0
10195,2026-05-11 14:52:10.600000+00:00,52.2301993,21.0569375,82.6,31.13,0.028,0.04,0.952,0,32.5322285764695,,124.9115724020364,0.0,2.0
10200,2026-05-11 14:52:11.100000+00:00,52.23016,21.0569627,82.9,31.34,0.044,0.064,0.982,0,33.80331452461895,,129.56516739808006,0.0,2.0
10205,2026-05-11 14:52:11.600000+00:00,52.2301216,21.0569919,83.2,31.72,0.066,0.088,0.983,0,33.91407847808332,,134.26473599399705,0.0,2.0
10210,2026-05-11 14:52:12.100000+00:00,52.230084,21.0570235,83.3,32.39,0.071,0.064,0.959,0,33.856781812466565,,138.96543799859782,0.0,2.0
10215,2026-05-11 14:52:12.600000+00:00,52.2300451,21.0570551,83.5,33.94,0.091,-0.01,0.961,0,34.78543012565757,,143.79309369141694,0.0,2.0
10220,2026-05-11 14:52:13.100000+00:00,52.2300049,21.0570865,83.7,34.22,0.056,-0.097,0.941,0,35.677827103579574,,148.74144427603426,0.0,2.0
10225,2026-05-11 14:52:13.600000+00:00,52.2299626,21.0571113,83.6,35.43,0.005,-0.089,0.997,0,35.98283940841761,,150.585432269216,0.0,2.0
10230,2026-05-11 14:52:14.100000+00:00,52.2299201,21.057141,83.8,36.17,0.032,-0.006,0.972,0,37.01148505985034,,145.47104286643793,0.0,2.0
10235,2026-05-11 14:52:14.600000+00:00,52.2298771,21.057169,83.8,35.67,0.035,0.012,0.977,0,37.062989437758986,,140.33947888686353,0.0,2.0
10240,2026-05-11 14:52:15.100000+00:00,52.2298326,21.0571993,84.1,37.39,0.033,0.0,0.953,0,38.60097710554087,,135.00394720086854,0.0,2.0
10245,2026-05-11 14:52:15.600000+00:00,52.2297876,21.0572304,84.2,37.93,-0.003,0.002,0.966,0,39.1219945268235,,129.60164610515432,0.0,2.0
10250,2026-05-11 14:52:16.100000+00:00,52.2297429,21.0572597,84.2,37.36,-0.018,0.008,0.986,0,38.56345114571174,,124.2687139787562,0.0,2.0
10255,2026-05-11 14:52:16.600000+00:00,52.229699,21.0572908,84.4,37.35,-0.01,0.02,0.915,0,38.312547981612695,,118.98918230143553,0.0,2.0
10260,2026-05-11 14:52:17.100000+00:00,52.2296555,21.0573196,84.5,36.41,-0.017,0.033,1.02,0,37.580784580876845,,113.79902396955481,0.0,2.0
10265,2026-05-11 14:52:17.600000+00:00,52.2296121,21.0573502,84.8,36.28,-0.021,0.017,0.946,0,37.8477986214934,,108.5895907625053,0.0,2.0
10270,2026-05-11 14:52:18.100000+00:00,52.22957,21.0573804,84.9,35.71,-0.027,0.034,0.994,0,36.81528090508467,,103.5315978899055,0.0,2.0
10275,2026-05-11 14:52:18.600000+00:00,52.2295286,21.0574072,84.9,34.72,-0.02,0.037,0.941,0,35.6552848434771,,98.61335068261307,0.0,2.0
10280,2026-05-11 14:52:19.100000+00:00,52.2294868,21.0574362,84.9,35.24,-0.005,0.028,0.994,0,36.361382965600455,,93.61843792489944,0.0,2.0
10285,2026-05-11 14:52:19.600000+00:00,52.2294462,21.0574633,84.9,34.32,-0.027,0.023,0.969,0,35.11610600959425,,88.79031856867195,0.0,2.0
10290,2026-05-11 14:52:20.100000+00:00,52.2294056,21.0574909,85.0,34.15,-0.018,0.022,0.943,0,35.20962787730742,,83.95999432666191,0.0,2.0
10295,2026-05-11 14:52:20.600000+00:00,52.2293652,21.057519,85.1,34.21,-0.038,-0.024,0.973,0,35.15723960192391,9.0,79.1511766711994,0.0,2.0
10300,2026-05-11 14:52:21.100000+00:00,52.2293251,21.0575429,85.2,33.24,-0.042,-0.042,0.977,0,34.17652909671833,9.0,74.44511750504006,0.0,2.0
10305,2026-05-11 14:52:21.600000+00:00,52.2292854,21.0575623,85.0,32.85,-0.056,-0.037,0.972,0,33.17711906330472,9.0,69.85132979684366,0.0,2.0
10310,2026-05-11 14:52:22.100000+00:00,52.2292459,21.0575767,84.7,31.93,-0.042,-0.031,0.991,0,32.40262184030582,9.0,65.35119586250262,0.0,2.0
10315,2026-05-11 14:52:22.600000+00:00,52.2292067,21.0575962,84.6,31.99,-0.028,0.031,0.98,0,32.80809133212106,9.0,60.81283664143397,0.0,2.0
10320,2026-05-11 14:52:23.100000+00:00,52.229168,21.0576163,84.5,31.43,-0.005,0.082,0.931,0,32.51336438637158,9.0,56.324074668023734,0.0,2.0
10325,2026-05-11 14:52:23.600000+00:00,52.2291323,21.0576341,84.2,29.19,-0.006,0.057,0.98,0,29.88467814908099,9.0,52.196738806414146,0.0,2.0
10330,2026-05-11 14:52:24.100000+00:00,52.2290957,21.0576523,83.9,29.69,-0.011,0.041,0.955,0,30.63110322481522,9.0,47.97011212463914,0.0,2.0
10335,2026-05-11 14:52:24.600000+00:00,52.2290598,21.0576726,83.9,29.35,-0.04,0.064,1.005,0,30.416728223941696,9.0,43.802412995364726,0.0,2.0
10340,2026-05-11 14:52:25.100000+00:00,52.2290252,21.0576967,84.1,28.67,-0.035,0.051,0.954,0,30.116517946227834,9.0,39.753838880402526,0.0,2.0
10345,2026-05-11 14:52:25.600000+00:00,52.2289917,21.0577188,84.1,28.35,-0.036,0.028,0.956,0,28.926992323205123,9.0,35.872382737581226,0.0,2.0
10350,2026-05-11 14:52:26.100000+00:00,52.2289604,21.0577388,84.1,26.26,-0.103,0.046,0.98,0,26.909759666024616,9.0,32.27939739005421,0.0,2.0
10355,2026-05-11 14:52:26.600000+00:00,52.2289316,21.0577544,84.2,23.39,-0.106,0.052,0.965,0,24.293274421069878,9.0,29.014717275830574,0.0,2.0
10360,2026-05-11 14:52:27.100000+00:00,52.2289055,21.0577703,84.1,21.48,-0.033,0.044,0.948,0,22.303033572313478,9.0,26.078100074098252,0.0,2.0
10365,2026-05-11 14:52:27.600000+00:00,52.2288796,21.057784,83.9,20.77,-0.056,0.063,1.003,0,21.796788452961852,9.0,23.201660332942158,0.0,2.0
10370,2026-05-11 14:52:28.100000+00:00,52.2288559,21.057796,83.5,19.19,-0.046,0.029,0.947,0,19.86584332349548,9.0,20.605016243777957,0.0,2.0
10375,2026-05-11 14:52:28.600000+00:00,52.2288353,21.0578038,82.7,17.56,-0.056,0.026,0.973,0,16.93016439011127,9.0,18.367179076028563,0.0,2.0
10380,2026-05-11 14:52:29.100000+00:00,52.2288194,21.0578146,82.0,13.53,-0.07,0.034,0.969,0,13.787348840042153,9.0,16.709437062826577,0.0,2.0
10385,2026-05-11 14:52:29.600000+00:00,52.2288029,21.0578227,81.2,14.34,-0.131,0.043,0.982,0,13.794209097612695,9.0,15.007531118562676,0.0,2.0
10390,2026-05-11 14:52:30.100000+00:00,52.2287859,21.0578337,81.0,12.84,-0.13,0.029,0.966,0,14.6402198048484,9.0,13.367026036183242,0.0,2.0
10395,2026-05-11 14:52:30.600000+00:00,52.2287708,21.0578439,80.8,11.18,-0.171,0.043,0.981,0,13.0830107128146,9.0,12.022288121764394,0.0,2.0
10400,2026-05-11 14:52:31.100000+00:00,52.2287604,21.0578521,80.7,7.61,-0.166,0.047,0.968,0,9.24641044511478,9.0,11.210878750542225,0.0,2.0
10405,2026-05-11 14:52:31.600000+00:00,52.228754,21.0578562,80.0,5.04,-0.165,0.045,0.976,0,5.504205085010198,9.0,10.724464898275084,0.0,2.0
10410,2026-05-11 14:52:32.100000+00:00,52.2287505,21.0578585,79.8,1.85,-0.189,0.048,0.968,0,3.02058304432748,9.0,10.47462654642163,0.0,2.0
10415,2026-05-11 14:52:32.600000+00:00,52.2287492,21.05786,79.8,0.71,-0.113,0.03,1.002,0,1.2744768581423835,9.0,10.408722977422359,0.0,2.0
10420,2026-05-11 14:52:33.100000+00:00,52.2287477,21.0578613,79.8,0.67,0.011,-0.016,0.937,0,1.3596207866801686,9.0,10.319379939572938,0.0,2.0
10425,2026-05-11 14:52:33.600000+00:00,52.2287463,21.0578627,79.8,0.4,-0.005,0.0,0.995,0,1.3143879415423307,9.0,10.245754279979433,0.0,2.0
10430,2026-05-11 14:52:34.100000+00:00,52.2287448,21.0578643,79.8,0.09,0.001,-0.005,0.962,0,1.4344957981128448,9.0,10.173939465684958,0.0,2.0
10435,2026-05-11 14:52:34.600000+00:00,52.2287436,21.0578646,79.7,0.21,-0.01,-0.008,0.986,0,0.9719224677721934,9.0,10.078842177552819,0.0,2.0
10440,2026-05-11 14:52:35.100000+00:00,52.2287416,21.0578653,79.8,0.53,0.004,-0.003,0.973,0,1.637587957299346,9.0,9.93073923799576,0.0,2.0
10445,2026-05-11 14:52:35.600000+00:00,52.2287398,21.0578658,79.7,0.23,-0.008,-0.006,0.978,0,1.461795900129996,9.0,9.794515165568116,0.0,2.0
10450,2026-05-11 14:52:36.100000+00:00,52.2287377,21.0578662,79.7,0.42,0.017,-0.01,0.984,0,1.692670966706636,9.0,9.630589382536314,0.0,2.0
10455,2026-05-11 14:52:36.600000+00:00,52.2287348,21.0578672,79.6,1.56,0.123,-0.036,0.964,0,2.3729715896895263,9.0,9.4292334739335,0.0,2.0
10460,2026-05-11 14:52:37.100000+00:00,52.2287295,21.0578717,79.4,3.88,0.164,-0.012,0.975,0,4.7827049199697695,9.0,9.20855141579508,0.0,2.0
10465,2026-05-11 14:52:37.600000+00:00,52.2287243,21.0578755,78.7,4.82,0.143,0.0,0.951,0,4.5611531028851795,9.0,9.002784227838353,0.0,2.0
10470,2026-05-11 14:52:38.100000+00:00,52.2287131,21.0578839,78.5,9.27,0.091,-0.04,0.978,0,9.867643842773159,9.0,8.713237502590927,0.0,2.0
10475,2026-05-11 14:52:38.600000+00:00,52.2286998,21.0578974,78.7,11.87,0.155,-0.069,0.962,0,12.538194276809396,9.0,8.866833842694472,0.0,2.0
10480,2026-05-11 14:52:39.100000+00:00,52.2286826,21.0579144,78.5,15.42,0.12,-0.068,0.973,0,16.09719066285882,9.0,9.514012823257453,0.0,2.0
10485,2026-05-11 14:52:39.600000+00:00,52.2286638,21.0579306,78.1,17.32,0.096,-0.078,0.969,0,17.019175039796583,9.0,10.559918263015154,0.0,2.0
10490,2026-05-11 14:52:40.100000+00:00,52.2286425,21.0579449,77.6,17.87,0.115,-0.022,0.987,0,18.43838054192186,9.0,11.932009769708229,0.0,2.0
10495,2026-05-11 14:52:40.600000+00:00,52.2286187,21.0579604,77.6,19.5,0.079,-0.036,0.949,0,20.51443661463418,9.0,13.840244710549497,0.0,2.0
10500,2026-05-11 14:52:41.100000+00:00,52.228594,21.0579719,77.0,20.61,0.073,-0.104,0.959,0,20.56330083431923,9.0,15.853319872743574,0.0,2.0
10505,2026-05-11 14:52:41.600000+00:00,52.2285652,21.0579888,77.1,23.7,0.027,-0.125,0.976,0,24.5015123955072,9.0,18.667120833323597,0.0,2.0
10510,2026-05-11 14:52:42.100000+00:00,52.2285356,21.0580025,76.6,23.79,0.017,-0.072,0.963,0,24.631748489798877,9.0,21.555848866801593,0.0,2.0
10515,2026-05-11 14:52:42.600000+00:00,52.2285049,21.0580158,76.3,24.45,0.105,0.006,0.985,0,25.429141855635425,9.0,24.654978675639832,0.0,2.0
10520,2026-05-11 14:52:43.100000+00:00,52.2284731,21.0580285,75.8,26.41,0.116,0.015,0.967,0,26.209851889197697,9.0,27.92830021114287,0.0,2.0
10525,2026-05-11 14:52:43.600000+00:00,52.2284397,21.0580505,75.8,27.37,0.06,-0.022,0.958,0,28.834445622632984,9.0,31.796504436640298,0.0,2.0
10530,2026-05-11 14:52:44.100000+00:00,52.2284048,21.0580762,75.8,30.29,0.035,-0.022,0.978,0,30.651813583768597,9.0,35.975127737552874,0.0,2.0
10535,2026-05-11 14:52:44.600000+00:00,52.2283683,21.0580992,75.8,31.13,0.032,-0.014,0.957,0,31.32312053903585,9.0,40.21771558160046,0.0,2.0
10540,2026-05-11 14:52:45.100000+00:00,52.228331,21.0581212,75.8,30.57,0.006,0.021,0.994,0,31.75152511073834,9.0,44.52059239284157,0.0,2.0
10545,2026-05-11 14:52:45.600000+00:00,52.2282939,21.0581464,75.8,31.14,-0.008,0.03,0.952,0,32.17053567255894,9.0,48.93546983617428,0.0,2.0
10550,2026-05-11 14:52:46.100000+00:00,52.2282578,21.0581709,75.8,29.82,-0.021,0.025,0.991,0,31.299500969819125,9.0,53.239164433593274,0.0,2.0
10555,2026-05-11 14:52:46.600000+00:00,52.2282241,21.0581921,75.6,28.59,-0.028,0.017,0.952,0,28.913978853185274,9.0,57.20619410985465,0.0,2.0
10560,2026-05-11 14:52:47.100000+00:00,52.2281893,21.0582149,75.6,28.55,-0.028,0.02,0.984,0,30.020737284372323,9.0,61.33949576052291,0.0,2.0
10565,2026-05-11 14:52:47.600000+00:00,52.2281547,21.0582395,75.6,28.48,-0.017,0.032,0.959,0,30.213668130967456,9.0,65.51687136494932,0.0,2.0
10570,2026-05-11 14:52:48.100000+00:00,52.228121,21.0582603,75.6,27.57,-0.021,0.026,0.974,0,28.844040237337744,9.0,69.48535281109301,0.0,2.0
10575,2026-05-11 14:52:48.600000+00:00,52.2280894,21.0582818,75.3,26.88,-0.034,0.032,0.98,0,27.408095438048008,9.0,73.27408493968436,0.0,2.0
10580,2026-05-11 14:52:49.100000+00:00,52.2280581,21.0583041,75.2,27.0,-0.012,0.027,0.966,0,27.34108946156127,9.0,77.06049023319872,0.0,2.0
10585,2026-05-11 14:52:49.600000+00:00,52.2280251,21.0583285,75.3,27.52,-0.008,0.024,0.97,0,29.00315561475555,,81.08173605497774,0.0,2.0
10590,2026-05-11 14:52:50.100000+00:00,52.2279943,21.0583497,75.1,25.95,-0.012,0.019,0.973,0,26.760542292911808,,84.78605878883583,0.0,2.0
10595,2026-05-11 14:52:50.600000+00:00,52.227962,21.0583734,75.3,27.0,-0.017,0.023,0.97,0,28.351154583197054,,88.7176998742227,0.0,2.0
10600,2026-05-11 14:52:51.100000+00:00,52.2279305,21.0583983,75.5,26.11,-0.029,0.034,0.981,0,28.019600515409866,,92.60809634090522,0.0,2.0
10605,2026-05-11 14:52:51.600000+00:00,52.2278989,21.0584168,75.4,25.69,-0.011,0.033,0.977,0,26.876515598053007,,96.31016931492393,0.0,2.0
10610,2026-05-11 14:52:52.100000+00:00,52.2278704,21.0584382,75.1,24.62,-0.007,0.033,0.973,0,25.11483187907008,,99.79575113148725,0.0,2.0
10615,2026-05-11 14:52:52.600000+00:00,52.2278412,21.0584604,75.0,24.69,0.007,0.037,0.95,0,25.788204464120145,,103.37555079841593,0.0,2.0
10620,2026-05-11 14:52:53.100000+00:00,52.2278119,21.0584793,74.7,24.17,-0.007,0.026,0.99,0,25.222309793031812,,106.8644734747554,0.0,2.0
10625,2026-05-11 14:52:53.600000+00:00,52.2277817,21.0585039,74.9,25.22,0.004,0.016,0.936,0,27.02065873565146,,110.61733557276993,0.0,2.0
10630,2026-05-11 14:52:54.100000+00:00,52.2277538,21.0585254,75.0,24.37,-0.023,0.015,1.018,0,24.700136398231447,,114.04697473549525,0.0,2.0
10635,2026-05-11 14:52:54.600000+00:00,52.227726,21.0585469,75.2,23.76,0.006,0.003,0.951,0,24.627762742139275,,117.46672194121558,0.0,2.0
10640,2026-05-11 14:52:55.100000+00:00,52.2277005,21.0585682,75.8,21.6,0.05,-0.034,0.888,0,22.932341666358845,,120.65162843065588,0.0,2.0
10645,2026-05-11 14:52:55.600000+00:00,52.2276774,21.0585869,76.3,20.44,0.002,-0.034,1.062,0,20.642674495531498,,123.51865124875482,0.0,2.0
10650,2026-05-11 14:52:56.100000+00:00,52.2276493,21.05861,76.6,23.79,0.045,0.007,0.919,0,25.18803092022395,,127.01697439801328,0.0,2.0
10655,2026-05-11 14:52:56.600000+00:00,52.2276205,21.0586245,76.7,23.81,0.025,0.01,1.016,0,24.128909157843456,,127.89373673822894,0.0,2.0
10660,2026-05-11 14:52:57.100000+00:00,52.2275868,21.058631,76.9,25.84,0.011,-0.005,0.895,0,27.167977336753623,,124.22931879909582,0.0,2.0
10665,2026-05-11 14:52:57.600000+00:00,52.2275592,21.0586376,77.2,23.25,-0.016,0.0,0.993,0,22.33243501249806,,121.20190137574721,0.0,2.0
10670,2026-05-11 14:52:58.100000+00:00,52.22754,21.0586411,77.3,18.24,-0.004,0.016,1.001,0,15.467113521424693,,119.12513189480696,0.0,2.0
10675,2026-05-11 14:52:58.600000+00:00,52.2275275,21.0586384,77.0,13.3,-0.004,0.022,0.89,0,10.09475366803966,,117.89912487409103,0.0,2.0
10680,2026-05-11 14:52:59.100000+00:00,52.227506,21.0586512,76.8,15.0,-0.003,0.022,1.08,0,18.321773641962437,,115.35546602869643,0.0,2.0
10685,2026-05-11 14:52:59.600000+00:00,52.2274791,21.0586696,75.8,20.43,0.02,-0.001,0.89,0,23.35011112476843,,112.11295288212555,0.0,2.0
10690,2026-05-11 14:53:00.100000+00:00,52.2274512,21.0586847,74.2,23.25,0.018,0.014,0.92,0,23.5322578156735,,108.8502121745937,0.0,2.0
10695,2026-05-11 14:53:00.600000+00:00,52.227422,21.0587017,74.2,22.99,-0.001,-0.021,1.079,0,24.819615203917746,,105.40549689681751,0.0,2.0
10700,2026-05-11 14:53:01.100000+00:00,52.2273912,21.0587221,74.2,24.83,0.034,-0.004,0.942,0,26.610640991103935,,101.70961362697058,0.0,2.0
10705,2026-05-11 14:53:01.600000+00:00,52.227361,21.0587432,74.1,25.2,0.044,-0.002,0.955,0,26.29929850907206,,98.05799238606025,0.0,2.0
10710,2026-05-11 14:53:02.100000+00:00,52.2273327,21.0587577,73.0,24.86,0.026,-0.021,0.968,0,23.746691062090502,,94.76962558134115,0.0,2.0
10715,2026-05-11 14:53:02.600000+00:00,52.2273025,21.0587811,73.0,25.61,0.02,-0.001,0.965,0,26.763167583296372,,91.0596317848028,0.0,2.0
10720,2026-05-11 14:53:03.100000+00:00,52.2272703,21.0588077,73.3,27.0,0.028,-0.006,0.98,0,28.89182765468919,,87.06327939634679,0.0,2.0
10725,2026-05-11 14:53:03.600000+00:00,52.227239,21.0588277,72.9,27.15,0.025,-0.005,0.967,0,26.909898253434,,83.32580961833371,0.0,2.0
10730,2026-05-11 14:53:04.100000+00:00,52.2272063,21.0588505,73.1,27.93,0.037,0.005,0.977,0,28.46740749739198,10.0,79.37358064647484,0.0,2.0
10735,2026-05-11 14:53:04.600000+00:00,52.2271734,21.0588732,72.9,27.9,0.037,0.0,0.959,0,28.5956068100273,10.0,75.40329278406288,0.0,2.0
10740,2026-05-11 14:53:05.100000+00:00,52.2271395,21.0588954,72.7,28.99,0.027,0.004,0.979,0,29.24254581688571,10.0,71.34196936316118,0.0,2.0
10745,2026-05-11 14:53:05.600000+00:00,52.2271051,21.0589191,72.7,28.51,-0.004,0.017,0.969,0,29.892695926357693,10.0,67.19174562052727,0.0,2.0
10750,2026-05-11 14:53:06.100000+00:00,52.227072,21.0589406,72.3,27.1,-0.019,0.026,0.96,0,28.52042301269325,10.0,63.23069096523512,0.0,2.0
10755,2026-05-11 14:53:06.600000+00:00,52.2270371,21.0589645,72.1,27.23,-0.024,0.018,0.98,0,30.29971297682146,10.0,59.023965253548205,0.0,2.0
10760,2026-05-11 14:53:07.100000+00:00,52.2270027,21.0589878,72.0,26.65,-0.045,-0.037,0.944,0,29.81698664840072,10.0,54.88403706291185,0.0,2.0
10765,2026-05-11 14:53:07.600000+00:00,52.2269688,21.0590114,72.3,26.46,-0.044,-0.026,0.999,0,29.505043607518477,10.0,50.78898198475207,0.0,2.0
10770,2026-05-11 14:53:08.100000+00:00,52.2269357,21.0590344,72.6,25.69,-0.038,-0.049,0.948,0,28.800484794261422,10.0,46.792085291363875,0.0,2.0
10775,2026-05-11 14:53:08.600000+00:00,52.226902,21.0590564,73.1,25.57,-0.074,-0.024,1.004,0,29.057459618908013,10.0,42.75716504942895,0.0,2.0
10780,2026-05-11 14:53:09.100000+00:00,52.2268693,21.0590763,73.5,24.43,-0.071,0.002,0.949,0,27.939491962342945,10.0,38.87669102699559,0.0,2.0
10785,2026-05-11 14:53:09.600000+00:00,52.2268387,21.0590941,73.8,23.46,-0.095,0.043,0.967,0,26.007154071607488,10.0,35.26516289938494,0.0,2.0
10790,2026-05-11 14:53:10.100000+00:00,52.2268104,21.0591057,73.7,21.56,-0.041,0.047,0.951,0,23.36030236752893,10.0,32.044293227052236,0.0,2.0
10795,2026-05-11 14:53:10.600000+00:00,52.2267824,21.0591226,74.2,21.08,-0.027,0.088,0.981,0,23.8998773083192,10.0,28.72550268372176,0.0,2.0
10800,2026-05-11 14:53:11.100000+00:00,52.2267567,21.0591403,74.4,19.52,-0.053,0.106,0.958,0,22.33148758533671,10.0,25.624941933796293,0.0,2.0
10805,2026-05-11 14:53:11.600000+00:00,52.2267332,21.0591561,74.5,18.05,-0.042,0.061,0.969,0,20.347234057009253,10.0,22.799498787500088,0.0,2.0
10810,2026-05-11 14:53:12.100000+00:00,52.2267115,21.0591707,74.5,17.09,-0.066,0.059,0.971,0,18.790631667209468,10.0,20.190362533490745,0.0,2.0
10815,2026-05-11 14:53:12.600000+00:00,52.226692,21.0591872,74.7,15.01,-0.095,0.076,0.969,0,17.584125071780953,10.0,17.765340761961014,0.0,2.0
10820,2026-05-11 14:53:13.100000+00:00,52.2266754,21.059201,74.8,12.36,-0.135,0.075,0.974,0,14.913887957920341,10.0,15.710684618637465,0.0,2.0
10825,2026-05-11 14:53:13.600000+00:00,52.2266626,21.0592119,74.8,9.35,-0.165,0.064,0.978,0,11.558064177149669,10.0,14.124156340865119,0.0,2.0
10830,2026-05-11 14:53:14.100000+00:00,52.2266521,21.0592202,74.8,7.12,-0.149,0.008,0.954,0,9.33991832513064,10.0,12.839289156781899,0.0,2.0
10835,2026-05-11 14:53:14.600000+00:00,52.2266439,21.0592275,74.9,4.76,-0.133,0.043,0.982,0,7.477595911971733,10.0,11.821729515557474,0.0,2.0
10840,2026-05-11 14:53:15.100000+00:00,52.2266387,21.0592318,74.9,2.0,-0.134,0.055,0.971,0,4.666737869034638,10.0,11.1846012959621,0.0,2.0
10845,2026-05-11 14:53:15.600000+00:00,52.2266367,21.0592344,74.9,0.22,-0.082,0.046,0.994,0,2.0468511608802267,10.0,10.922601374369862,0.0,2.0
10850,2026-05-11 14:53:16.100000+00:00,52.2266348,21.0592369,74.9,0.17,0.012,0.002,0.949,0,1.9537070923912336,10.0,10.674234815420702,0.0,2.0
10855,2026-05-11 14:53:16.600000+00:00,52.2266328,21.0592394,74.9,0.14,0.0,0.008,0.988,0,2.0166676120834044,10.0,10.416235270468958,0.0,2.0
10860,2026-05-11 14:53:17.100000+00:00,52.2266303,21.0592425,75.0,0.1,0.014,0.008,0.964,0,2.5134001054873396,10.0,10.095788150295629,0.0,2.0
10865,2026-05-11 14:53:17.600000+00:00,52.226628,21.0592458,75.0,0.09,0.0,0.006,0.984,0,2.451465849509378,10.0,9.796039681623867,0.0,2.0
10870,2026-05-11 14:53:18.100000+00:00,52.2266254,21.0592496,75.2,0.06,0.012,0.007,0.972,0,2.79386064708031,10.0,9.45957758206357,0.0,2.0
10875,2026-05-11 14:53:18.600000+00:00,52.2266233,21.059252,75.2,0.21,0.002,0.017,0.968,0,2.0522921462688632,10.0,9.199116416997757,0.0,2.0
10880,2026-05-11 14:53:19.100000+00:00,52.2266215,21.059254,75.2,0.15,0.009,0.011,0.973,0,1.74318794118729,10.0,8.977731180733329,0.0,2.0
10885,2026-05-11 14:53:19.600000+00:00,52.2266195,21.059256,75.2,0.05,0.0,0.006,0.98,0,1.877721594747598,10.0,8.735503260505237,0.0,2.0
10890,2026-05-11 14:53:20.100000+00:00,52.2266175,21.059258,75.2,0.07,0.01,0.009,0.977,0,1.8777216126668421,10.0,8.494374905455286,0.0,2.0
10895,2026-05-11 14:53:20.600000+00:00,52.2266158,21.0592595,75.2,0.15,0.008,0.01,0.977,0,1.5470948222472711,10.0,8.29229914088044,0.0,2.0
10900,2026-05-11 14:53:21.100000+00:00,52.2266142,21.0592606,75.2,0.12,0.0,0.007,0.978,0,1.3899173251638457,10.0,8.10561086819081,0.0,2.0
10905,2026-05-11 14:53:21.600000+00:00,52.2266123,21.0592628,75.3,0.18,0.005,0.009,0.978,0,1.864906628315329,10.0,7.876609793512536,0.0,2.0
10910,2026-05-11 14:53:22.100000+00:00,52.2266108,21.0592644,75.3,0.17,0.006,0.008,0.978,0,1.4345164263070596,10.0,7.698197254537955,0.0,2.0
10915,2026-05-11 14:53:22.600000+00:00,52.2266092,21.0592661,75.4,0.11,0.01,0.009,0.977,0,1.5283650783920315,10.0,7.509089973917,0.0,2.0
10920,2026-05-11 14:53:23.100000+00:00,52.2266076,21.0592679,75.4,0.06,0.001,0.006,0.976,0,1.5556582797368756,10.0,7.320673020084147,0.0,2.0
10925,2026-05-11 14:53:23.600000+00:00,52.226606,21.0592697,75.5,0.08,0.012,0.012,0.975,0,1.555658302864935,10.0,7.133823779960391,0.0,2.0
10930,2026-05-11 14:53:24.100000+00:00,52.2266045,21.0592712,75.6,0.03,-0.003,0.01,0.97,0,1.4082913221949123,10.0,6.960901813035738,0.0,2.0
10935,2026-05-11 14:53:24.600000+00:00,52.226603,21.0592727,75.6,0.1,-0.006,0.01,0.984,0,1.4082913438611055,10.0,6.789210704277552,0.0,2.0
10940,2026-05-11 14:53:25.100000+00:00,52.2266014,21.0592743,75.7,0.49,0.044,-0.002,0.968,0,1.5021774411363993,10.0,6.607538298160437,0.0,2.0
10945,2026-05-11 14:53:25.600000+00:00,52.2265986,21.059276,75.6,2.43,0.144,-0.02,0.968,0,2.3916939944823565,10.0,6.294001397181376,0.0,2.0
10950,2026-05-11 14:53:26.100000+00:00,52.2265925,21.0592814,75.8,5.34,0.165,-0.007,0.969,0,5.555460858476139,10.0,5.623335322487326,0.0,2.0
10955,2026-05-11 14:53:26.600000+00:00,52.2265841,21.05929,75.9,7.84,0.2,0.034,0.961,0,7.93810389260747,10.0,4.764309871211727,0.0,2.0
10960,2026-05-11 14:53:27.100000+00:00,52.2265741,21.0593022,75.8,10.54,0.165,-0.029,0.963,0,9.994585403191138,10.0,3.960601753633324,0.0,2.0
10965,2026-05-11 14:53:27.600000+00:00,52.2265601,21.0593164,75.8,14.07,0.149,-0.067,0.989,0,13.19555158606663,10.0,3.3544492521652605,0.0,2.0
10970,2026-05-11 14:53:28.100000+00:00,52.2265425,21.0593326,75.9,16.09,0.128,-0.096,0.938,0,16.17593769637676,10.0,3.787404486131314,0.0,2.0
10975,2026-05-11 14:53:28.600000+00:00,52.2265209,21.0593505,76.1,18.76,0.104,-0.102,0.976,0,19.393451118793184,10.0,5.528713997214366,0.0,2.0
10980,2026-05-11 14:53:29.100000+00:00,52.2264968,21.0593691,76.2,20.99,0.067,-0.074,0.955,0,21.342001455414927,10.0,8.038168816730355,0.0,2.0
10985,2026-05-11 14:53:29.600000+00:00,52.226471,21.059389,76.4,22.59,0.077,-0.027,0.978,0,22.84493469717728,10.0,10.978266062502165,0.0,2.0
10990,2026-05-11 14:53:30.100000+00:00,52.2264439,21.05941,76.4,24.17,0.068,-0.03,0.964,0,24.01645833090966,10.0,14.179272109692036,0.0,2.0
10995,2026-05-11 14:53:30.600000+00:00,52.2264149,21.0594318,76.5,25.56,0.031,-0.048,0.969,0,25.56062472945932,10.0,17.632557216049527,0.0,2.0
11000,2026-05-11 14:53:31.100000+00:00,52.2263859,21.0594533,76.6,25.3,0.027,-0.002,0.993,0,25.499443960632586,10.0,21.106337985125037,0.0,2.0
11005,2026-05-11 14:53:31.600000+00:00,52.2263567,21.0594745,76.8,25.46,-0.019,-0.016,0.959,0,25.58518853388134,10.0,24.60689872968953,0.0,2.0
11010,2026-05-11 14:53:32.100000+00:00,52.2263272,21.0594942,76.8,25.02,0.015,0.006,0.987,0,25.517346117472076,10.0,28.09511044917296,0.0,2.0
11015,2026-05-11 14:53:32.600000+00:00,52.2262976,21.0595135,76.8,24.48,-0.009,-0.006,0.929,0,25.518060907045683,10.0,31.591418911211882,0.0,2.0
11020,2026-05-11 14:53:33.100000+00:00,52.2262671,21.0595322,77.1,25.02,-0.015,-0.026,0.991,0,26.08367422161144,10.0,35.16402113818488,0.0,2.0
11025,2026-05-11 14:53:33.600000+00:00,52.2262357,21.0595483,77.2,25.65,-0.005,-0.118,0.986,0,26.34968994396109,10.0,38.74891240549674,0.0,2.0
11030,2026-05-11 14:53:34.100000+00:00,52.2262028,21.0595602,77.3,25.91,-0.014,-0.155,0.936,0,26.978599764446876,10.0,42.363554600220596,0.0,2.0
11035,2026-05-11 14:53:34.600000+00:00,52.2261692,21.0595671,77.3,26.58,0.004,-0.125,0.976,0,27.112266821832172,10.0,45.921852989364275,0.0,2.0
11040,2026-05-11 14:53:35.100000+00:00,52.2261346,21.0595727,77.3,27.31,-0.002,-0.109,0.956,0,27.83668084835929,10.0,49.576298095604514,0.0,2.0
11045,2026-05-11 14:53:35.600000+00:00,52.2260987,21.0595767,77.5,28.07,0.01,-0.069,1.003,0,28.808527770343577,10.0,53.35228301884197,0.0,2.0
11050,2026-05-11 14:53:36.100000+00:00,52.2260625,21.0595788,77.4,28.91,0.002,-0.033,0.888,0,29.000137623265264,10.0,57.143335190774415,0.0,2.0
11055,2026-05-11 14:53:36.600000+00:00,52.2260243,21.0595826,77.7,29.65,0.044,0.006,1.007,0,30.63977687193238,10.0,61.2132602032993,0.0,2.0
11060,2026-05-11 14:53:37.100000+00:00,52.2259847,21.0595872,78.0,30.48,0.042,-0.003,0.938,0,31.784054228545937,10.0,65.47177870825632,0.0,2.0
11065,2026-05-11 14:53:37.600000+00:00,52.2259439,21.0595914,78.3,31.85,0.048,0.02,0.995,0,32.72949650555739,10.0,69.8683191235351,0.0,2.0
11070,2026-05-11 14:53:38.100000+00:00,52.2259021,21.0595961,78.6,32.84,0.046,0.011,0.978,0,33.544507220698634,10.0,74.39911888024695,0.0,2.0
11075,2026-05-11 14:53:38.600000+00:00,52.2258594,21.0596018,78.9,33.39,0.063,0.056,0.968,0,34.299863709550195,10.0,79.05996698337081,0.0,2.0
11080,2026-05-11 14:53:39.100000+00:00,52.2258156,21.0596098,79.2,34.23,0.032,0.052,0.98,0,35.285220646215755,,83.89242282937025,0.0,2.0
11085,2026-05-11 14:53:39.600000+00:00,52.2257713,21.0596179,79.5,34.88,0.071,0.054,0.986,0,35.688493729285184,,88.78781130912208,0.0,2.0
11090,2026-05-11 14:53:40.100000+00:00,52.2257261,21.0596269,79.7,35.83,0.061,0.033,0.959,0,36.45544902908754,,93.80201151724451,0.0,2.0
11095,2026-05-11 14:53:40.600000+00:00,52.2256804,21.0596365,79.7,36.87,0.074,0.028,0.949,0,36.88923589951318,,98.88519702514533,0.0,2.0
11100,2026-05-11 14:53:41.100000+00:00,52.2256336,21.059648,79.8,37.5,0.176,0.052,0.978,0,37.8903135868889,,104.12236188652813,0.0,2.0
11105,2026-05-11 14:53:41.600000+00:00,52.2255859,21.0596596,79.8,38.27,0.028,-0.01,0.976,0,38.61017545814876,,109.46078188269043,0.0,2.0
11110,2026-05-11 14:53:42.100000+00:00,52.2255379,21.0596692,79.8,39.43,0.061,0.0,0.983,0,38.71628122208728,,114.8021077289899,0.0,2.0
11115,2026-05-11 14:53:42.600000+00:00,52.2254895,21.0596788,79.8,39.05,0.02,0.024,0.954,0,39.03416613072215,,120.18994892017328,0.0,2.0
11120,2026-05-11 14:53:43.100000+00:00,52.2254408,21.0596888,79.7,39.41,-0.005,0.022,0.967,0,39.296603926142076,,125.61927814656772,0.0,2.0
11125,2026-05-11 14:53:43.600000+00:00,52.225391,21.0596997,79.6,39.3,-0.01,0.02,0.982,0,40.22680352771348,,131.1837600229274,0.0,2.0
11130,2026-05-11 14:53:44.100000+00:00,52.2253422,21.0597112,79.7,39.75,0.008,0.015,0.974,0,39.47440897076026,,136.6503531135983,0.0,2.0
11135,2026-05-11 14:53:44.600000+00:00,52.2252927,21.0597242,79.5,38.97,0.006,0.027,0.956,0,40.139414053522,,142.21606476482546,0.0,2.0
11140,2026-05-11 14:53:45.100000+00:00,52.2252467,21.0597309,79.6,36.45,0.022,0.04,0.971,0,36.97404904423981,,147.3115124643433,0.0,2.0
11145,2026-05-11 14:53:45.600000+00:00,52.2252025,21.0597432,79.4,36.42,0.024,0.04,0.949,0,35.89712013776253,,152.29284873317505,0.0,2.0
11150,2026-05-11 14:53:46.100000+00:00,52.2251542,21.059758,79.2,38.17,0.031,0.024,0.951,0,39.344429591209554,,157.75576922375942,0.0,2.0
11155,2026-05-11 14:53:46.600000+00:00,52.2251062,21.0597648,79.1,38.03,0.016,-0.019,0.996,0,38.57339305934966,,163.07426762786835,0.0,2.0
11160,2026-05-11 14:53:47.100000+00:00,52.2250617,21.0597728,79.0,35.77,-0.006,-0.026,0.956,0,35.84222958767144,,168.03034433421894,0.0,2.0
11165,2026-05-11 14:53:47.600000+00:00,52.2250163,21.0597764,79.0,36.31,0.012,0.05,1.033,0,36.390250532245624,,173.02660631164508,0.0,2.0
11170,2026-05-11 14:53:48.100000+00:00,52.2249751,21.059777,78.7,34.86,0.007,0.017,0.903,0,32.986175494487,,177.52856039309586,0.0,2.0
11175,2026-05-11 14:53:48.600000+00:00,52.2249292,21.0597874,78.5,35.64,0.021,0.009,1.023,0,37.09996171513535,,182.67372899769896,0.0,2.0
11180,2026-05-11 14:53:49.100000+00:00,52.2248834,21.0597995,78.6,37.27,0.02,0.039,0.928,0,37.14470552154364,,187.8303003744227,0.0,2.0
11185,2026-05-11 14:53:49.600000+00:00,52.2248345,21.059804,78.5,39.5,0.007,0.039,1.002,0,39.21166279010148,,193.22869257441795,0.0,2.0
11190,2026-05-11 14:53:50.100000+00:00,52.2247848,21.0598083,78.6,39.04,0.047,0.023,0.913,0,39.84583539089778,,198.71467304232954,0.0,2.0
11195,2026-05-11 14:53:50.600000+00:00,52.2247369,21.0598144,78.4,38.33,0.083,0.007,0.995,0,38.465414770763644,,204.0282849484876,0.0,2.0
11200,2026-05-11 14:53:51.100000+00:00,52.2246862,21.0598169,78.2,40.67,0.016,-0.081,0.936,0,40.60910858993377,,209.60665100815265,0.0,2.0
11205,2026-05-11 14:53:51.600000+00:00,52.2246341,21.0598179,78.1,41.81,0.043,-0.026,1.01,0,41.71432386403374,,215.32409674352692,0.0,2.0
11210,2026-05-11 14:53:52.100000+00:00,52.2245811,21.0598179,78.2,42.09,0.042,0.02,0.968,0,42.431984007279866,,221.13282402995162,0.0,2.0
11215,2026-05-11 14:53:52.600000+00:00,52.2245264,21.0598219,78.3,44.07,0.062,0.04,0.952,0,43.83692477909352,,227.1767923612945,0.0,2.0
11220,2026-05-11 14:53:53.100000+00:00,52.2244714,21.0598226,78.2,43.97,0.054,0.022,0.973,0,44.034529162879025,,233.22008049717834,0.0,2.0
11225,2026-05-11 14:53:53.600000+00:00,52.2244144,21.0598227,78.3,45.29,0.087,0.003,0.904,0,45.6344242446487,,239.48039932714792,0.0,2.0
11230,2026-05-11 14:53:54.100000+00:00,52.2243554,21.0598235,78.4,46.76,-0.01,0.004,1.101,0,47.23723421460511,,245.97175024664855,0.0,2.0
11235,2026-05-11 14:53:54.600000+00:00,52.2242961,21.059824,78.7,46.79,0.067,0.037,0.885,0,47.47641914563213,,252.49666472173803,0.0,2.0
11240,2026-05-11 14:53:55.100000+00:00,52.224238,21.0598235,78.5,46.31,0.056,0.053,0.988,0,46.51570805555883,,258.88322985536865,0.0,2.0
11245,2026-05-11 14:53:55.600000+00:00,52.2241787,21.0598244,78.4,47.72,0.076,0.077,0.996,0,47.47783762279191,,265.4188720841646,0.0,2.0
11250,2026-05-11 14:53:56.100000+00:00,52.2241173,21.059827,78.6,48.89,0.077,0.04,0.929,0,49.1735883890603,,272.2045497220489,0.0,2.0
11255,2026-05-11 14:53:56.600000+00:00,52.2240556,21.0598299,78.9,49.17,0.065,0.08,1.087,0,49.41770462918067,,279.0281848512161,0.0,2.0
11260,2026-05-11 14:53:57.100000+00:00,52.2239931,21.0598339,79.2,49.55,0.06,0.056,0.906,0,50.076156704649044,,285.9518342166485,0.0,2.0
11265,2026-05-11 14:53:57.600000+00:00,52.2239309,21.0598376,79.6,48.54,0.037,0.089,1.043,0,49.83058638195151,,292.84123174898497,0.0,2.0
11270,2026-05-11 14:53:58.100000+00:00,52.2238699,21.0598416,80.0,47.69,0.007,0.1,0.988,0,48.876196208400444,,299.60237194356307,0.0,2.0
11275,2026-05-11 14:53:58.600000+00:00,52.2238113,21.0598463,80.5,45.75,0.0,0.122,0.956,0,46.97195437410973,,306.1060272902904,0.0,2.0
11280,2026-05-11 14:53:59.100000+00:00,52.2237542,21.0598514,80.7,45.37,-0.031,0.075,0.912,0,45.78283229025775,,312.44845395686286,0.0,2.0
11285,2026-05-11 14:53:59.600000+00:00,52.2237,21.0598558,81.0,42.74,-0.093,0.074,1.009,0,43.44633111102428,,318.4656425780744,0.0,2.0
11290,2026-05-11 14:54:00.100000+00:00,52.2236487,21.0598606,81.2,40.02,-0.059,0.059,0.948,0,41.13836785321681,,324.16676590624866,0.0,2.0
11295,2026-05-11 14:54:00.600000+00:00,52.2236002,21.0598628,81.3,38.59,-0.04,0.009,0.907,0,38.84425606707027,,328.25125532036367,0.0,2.0
11300,2026-05-11 14:54:01.100000+00:00,52.2235535,21.059864,81.5,36.6,-0.071,0.0,0.994,0,37.39281377240646,,325.4228606239837,0.0,2.0
11305,2026-05-11 14:54:01.600000+00:00,52.2235084,21.0598605,81.5,35.09,-0.075,-0.04,0.982,0,36.147995055854395,,323.01933480550395,0.0,2.0
11310,2026-05-11 14:54:02.100000+00:00,52.2234654,21.059856,81.5,33.48,-0.051,0.049,0.973,0,34.49661822156583,,320.8526138350387,0.0,2.0
11315,2026-05-11 14:54:02.600000+00:00,52.2234236,21.0598544,81.6,31.73,-0.018,0.132,0.92,0,33.47442373943235,,318.63667841950036,0.0,2.0
11320,2026-05-11 14:54:03.100000+00:00,52.2233837,21.0598565,81.6,30.36,-0.042,0.149,0.961,0,31.9606771480663,,316.35406503483057,0.0,2.0
11325,2026-05-11 14:54:03.600000+00:00,52.2233458,21.0598625,81.7,28.71,-0.037,0.197,1.018,0,30.485224256035508,,313.98793207131706,0.0,2.0
11330,2026-05-11 14:54:04.100000+00:00,52.2233101,21.0598732,81.8,27.7,-0.004,0.175,0.891,0,29.05929900683177,,311.490353647576,0.0,2.0
11335,2026-05-11 14:54:04.600000+00:00,52.2232769,21.0598889,81.8,26.63,0.008,0.248,1.012,0,27.67284670693057,,308.8479222114279,0.0,2.0
11340,2026-05-11 14:54:05.100000+00:00,52.2232467,21.0599095,81.8,25.48,0.045,0.219,0.942,0,26.20415795147274,,306.0813607354163,0.0,2.0
11345,2026-05-11 14:54:05.600000+00:00,52.2232178,21.0599343,81.7,26.13,0.031,0.232,0.91,0,26.139566772322663,,303.14015549650634,0.0,2.0
11350,2026-05-11 14:54:06.100000+00:00,52.2231908,21.0599646,81.7,25.49,0.012,0.2,1.011,0,26.231526284392878,,299.96871975674037,0.0,2.0
11355,2026-05-11 14:54:06.600000+00:00,52.2231656,21.059997,81.8,25.15,0.026,0.182,0.957,0,25.681487203977618,,296.7652300128945,0.0,2.0
11360,2026-05-11 14:54:07.100000+00:00,52.2231427,21.0600336,81.7,25.12,0.058,0.205,0.95,0,25.658038683461065,,293.42054233511936,0.0,2.0
11365,2026-05-11 14:54:07.600000+00:00,52.223122,21.0600735,81.7,26.0,0.077,0.166,0.977,0,25.643244381096913,,289.98119830070743,0.0,2.0
11370,2026-05-11 14:54:08.100000+00:00,52.2231022,21.0601163,81.8,26.19,0.071,0.194,0.93,0,26.303989002111926,,286.40794352344005,0.0,2.0
11375,2026-05-11 14:54:08.600000+00:00,52.2230844,21.0601624,81.9,26.44,0.049,0.153,0.98,0,26.725725677091237,,282.7261685887121,0.0,2.0
11380,2026-05-11 14:54:09.100000+00:00,52.2230673,21.0602116,82.0,27.79,0.057,0.069,0.962,0,27.742862298990943,,278.88612113377707,0.0,2.0
11385,2026-05-11 14:54:09.600000+00:00,52.2230497,21.0602641,82.1,29.07,0.151,0.109,0.987,0,29.35153582790389,,274.81902073272005,0.0,2.0
11390,2026-05-11 14:54:10.100000+00:00,52.2230326,21.0603196,82.2,30.62,0.079,0.083,0.954,0,30.46842510998966,,270.58979038227466,0.0,2.0
11395,2026-05-11 14:54:10.600000+00:00,52.2230148,21.060379,82.4,32.13,0.079,0.039,0.942,0,32.43099428902539,,266.08675542669323,0.0,2.0
11400,2026-05-11 14:54:11.100000+00:00,52.2229968,21.0604399,82.6,32.93,0.078,0.042,0.968,0,33.16268295216734,,261.48163223627625,0.0,2.0
11405,2026-05-11 14:54:11.600000+00:00,52.2229775,21.0605038,82.8,34.47,0.111,0.002,0.973,0,34.94138372064865,,256.63051675228303,0.0,2.0
11410,2026-05-11 14:54:12.100000+00:00,52.2229584,21.0605688,82.9,35.63,0.048,0.016,0.983,0,35.35652324595692,,251.72062010008855,0.0,2.0
11415,2026-05-11 14:54:12.600000+00:00,52.2229387,21.0606355,83.0,36.42,0.089,0.036,0.98,0,36.316103122737466,,246.67768792048287,0.0,2.0
11420,2026-05-11 14:54:13.100000+00:00,52.2229182,21.0607045,83.1,37.67,0.066,0.016,0.93,0,37.61046055467107,,241.45532018423447,0.0,2.0
11425,2026-05-11 14:54:13.600000+00:00,52.2228968,21.0607754,83.1,38.62,0.003,0.002,1.009,0,38.76409375357586,,236.0737094000654,0.0,2.0
11430,2026-05-11 14:54:14.100000+00:00,52.2228747,21.0608484,83.3,39.52,0.062,0.028,0.963,0,39.93570547237723,,230.5297590482884,0.0,2.0
11435,2026-05-11 14:54:14.600000+00:00,52.2228525,21.0609232,83.6,40.1,0.056,0.044,0.967,0,40.76386996034044,,224.86972628852712,0.0,2.0
11440,2026-05-11 14:54:15.100000+00:00,52.2228299,21.0609999,83.9,41.09,0.052,0.035,0.972,0,41.742286128308386,,219.0735441346744,0.0,2.0
11445,2026-05-11 14:54:15.600000+00:00,52.2228071,21.0610773,84.1,41.55,0.045,0.03,0.967,0,42.121091677734846,,213.22482298622361,0.0,2.0
11450,2026-05-11 14:54:16.100000+00:00,52.2227842,21.061156,84.3,42.2,0.056,0.034,0.972,0,42.730888727486125,,207.29092679537587,0.0,2.0
11455,2026-05-11 14:54:16.600000+00:00,52.2227614,21.0612361,84.5,42.9,0.056,0.033,0.968,0,43.31832165928311,,201.27478295796305,0.0,2.0
11460,2026-05-11 14:54:17.100000+00:00,52.2227384,21.0613173,84.7,43.74,0.057,0.036,0.954,0,43.87514175074328,,195.18121872670386,0.0,2.0
11465,2026-05-11 14:54:17.600000+00:00,52.222715,21.0613995,84.9,44.26,0.052,0.033,0.967,0,44.45480410022,,189.0072750536628,0.0,2.0
11470,2026-05-11 14:54:18.100000+00:00,52.2226913,21.0614831,85.0,45.16,0.06,0.035,0.959,0,45.178771812089096,,182.73270824463873,0.0,2.0
11475,2026-05-11 14:54:18.600000+00:00,52.2226678,21.0615682,85.1,45.52,0.037,0.04,0.986,0,45.78143967954406,,176.37417622069688,0.0,2.0
11480,2026-05-11 14:54:19.100000+00:00,52.2226444,21.0616532,85.3,45.3,0.002,0.059,0.964,0,45.70387730599013,,170.02642614352774,0.0,2.0
11485,2026-05-11 14:54:19.600000+00:00,52.2226216,21.0617374,85.4,45.06,0.008,0.078,0.976,0,45.14996747104364,,163.75580621165685,0.0,2.0
11490,2026-05-11 14:54:20.100000+00:00,52.2225995,21.0618209,85.5,44.34,-0.001,0.069,0.956,0,44.61097483500237,,157.56073512311687,0.0,2.0
11495,2026-05-11 14:54:20.600000+00:00,52.2225781,21.0619035,85.6,43.76,-0.009,0.065,0.978,0,43.98483121901169,,151.45372807187198,0.0,2.0
11500,2026-05-11 14:54:21.100000+00:00,52.2225574,21.0619855,85.7,43.23,-0.012,0.06,0.96,0,43.4973812587448,,145.4163483999222,0.0,2.0
11505,2026-05-11 14:54:21.600000+00:00,52.2225368,21.0620662,85.8,42.66,-0.014,0.055,0.972,0,42.87773712045197,,139.46445604346582,0.0,2.0
11510,2026-05-11 14:54:22.100000+00:00,52.222516,21.062146,85.9,42.39,-0.011,0.047,0.962,0,42.53308453899023,,133.55929518139865,0.0,2.0
11515,2026-05-11 14:54:22.600000+00:00,52.2224957,21.0622244,85.9,41.93,-0.019,0.043,0.963,0,41.74468153733998,,127.7642140578617,0.0,2.0
11520,2026-05-11 14:54:23.100000+00:00,52.2224756,21.0623023,86.0,41.34,-0.009,0.05,0.976,0,41.456515721053535,,122.0096441518754,0.0,2.0
11525,2026-05-11 14:54:23.600000+00:00,52.2224562,21.0623793,85.9,40.93,-0.006,0.058,0.965,0,40.83365999556305,,116.34379860659864,0.0,2.0
11530,2026-05-11 14:54:24.100000+00:00,52.222437,21.0624558,85.9,40.64,-0.004,0.066,0.963,0,40.54601597405497,,110.71878804996425,0.0,2.0
11535,2026-05-11 14:54:24.600000+00:00,52.2224184,21.0625323,86.0,40.09,-0.006,0.056,0.985,0,40.36636598320796,,105.12290944599211,0.0,2.0
11540,2026-05-11 14:54:25.100000+00:00,52.2223998,21.0626078,86.1,39.75,-0.002,0.062,0.976,0,39.91093469481711,,99.58972429967272,0.0,2.0
11545,2026-05-11 14:54:25.600000+00:00,52.2223816,21.0626831,86.1,39.74,-0.006,0.061,0.96,0,39.7013117546441,,94.08925733005839,0.0,2.0
11550,2026-05-11 14:54:26.100000+00:00,52.2223641,21.0627577,86.2,39.24,-0.003,0.063,0.981,0,39.17828075759193,,88.66741287275644,0.0,2.0
11555,2026-05-11 14:54:26.600000+00:00,52.2223467,21.0628316,86.2,38.63,-0.012,0.057,0.956,0,38.82908244655017,,83.29579884518405,0.0,2.0
11560,2026-05-11 14:54:27.100000+00:00,52.2223298,21.0629045,86.2,38.25,0.01,0.059,0.974,0,38.22819393053744,11.0,78.01294770309825,0.0,2.0
11565,2026-05-11 14:54:27.600000+00:00,52.2223129,21.062977,86.3,37.86,-0.012,0.049,0.969,0,38.04478890838338,11.0,72.7582308811255,0.0,2.0
11570,2026-05-11 14:54:28.100000+00:00,52.2222964,21.0630489,86.3,37.3,-0.014,0.056,0.979,0,37.65638307454644,11.0,67.56490318912402,0.0,2.0
11575,2026-05-11 14:54:28.600000+00:00,52.2222802,21.0631202,86.3,37.09,-0.008,0.053,0.978,0,37.29676899693269,11.0,62.42949178575736,0.0,2.0
11580,2026-05-11 14:54:29.100000+00:00,52.2222639,21.0631901,86.3,36.24,-0.049,0.027,0.962,0,36.68218790448967,11.0,57.380274845082475,0.0,2.0
11585,2026-05-11 14:54:29.600000+00:00,52.2222474,21.0632563,86.3,34.29,-0.116,0.019,0.977,0,35.05223676334025,11.0,52.548204788493,0.0,2.0
11590,2026-05-11 14:54:30.100000+00:00,52.2222305,21.0633172,86.3,31.98,-0.121,0.022,0.972,0,32.79005443548472,11.0,48.013663561344174,0.0,2.0
11595,2026-05-11 14:54:30.600000+00:00,52.2222133,21.0633752,86.4,31.13,-0.066,0.025,0.988,0,31.603866559022887,11.0,43.636646271047375,0.0,2.0
11600,2026-05-11 14:54:31.100000+00:00,52.2221965,21.063431,86.5,30.35,-0.047,0.005,0.959,0,30.4937024928676,11.0,39.41387777719414,0.0,2.0
11605,2026-05-11 14:54:31.600000+00:00,52.2221793,21.0634851,86.5,29.42,-0.028,0.016,0.958,0,29.893865539664013,11.0,35.26998451659579,0.0,2.0
11610,2026-05-11 14:54:32.100000+00:00,52.2221626,21.0635379,86.6,28.58,-0.052,0.061,0.99,0,29.14363149902559,11.0,31.232788337451648,0.0,2.0
11615,2026-05-11 14:54:32.600000+00:00,52.222147,21.063589,86.7,27.66,-0.017,0.092,0.965,0,28.001629997105525,11.0,27.36203306016204,0.0,2.0
11620,2026-05-11 14:54:33.100000+00:00,52.2221329,21.0636391,86.9,26.51,-0.029,0.116,0.989,0,27.040595387915328,11.0,23.64628676032286,0.0,2.0
11625,2026-05-11 14:54:33.600000+00:00,52.2221211,21.0636883,87.0,25.62,-0.034,0.077,0.945,0,25.913597604323744,11.0,20.144227189378192,0.0,2.0
11630,2026-05-11 14:54:34.100000+00:00,52.2221105,21.063735,87.1,23.77,-0.089,0.086,0.963,0,24.425716203397858,11.0,16.89984883690825,0.0,2.0
11635,2026-05-11 14:54:34.600000+00:00,52.2221015,21.0637777,87.1,21.05,-0.115,0.079,0.986,0,22.14716967763322,11.0,14.047536636708502,0.0,2.0
11640,2026-05-11 14:54:35.100000+00:00,52.2220939,21.0638163,87.1,18.87,-0.132,0.046,0.956,0,19.885199316474953,11.0,11.613119310444588,0.0,2.0
11645,2026-05-11 14:54:35.600000+00:00,52.2220873,21.0638504,87.1,16.78,-0.122,0.029,0.986,0,17.53926993392076,11.0,9.621510129107277,0.0,2.0
11650,2026-05-11 14:54:36.100000+00:00,52.2220818,21.0638803,87.2,14.35,-0.129,0.021,0.975,0,15.311332438646216,11.0,8.107411298906841,0.0,2.0
11655,2026-05-11 14:54:36.600000+00:00,52.2220769,21.0639047,87.3,11.15,-0.192,0.045,0.978,0,12.593617253934244,11.0,7.063588959457658,0.0,2.0
11660,2026-05-11 14:54:37.100000+00:00,52.222073,21.0639218,87.4,7.74,-0.193,0.05,0.975,0,8.949091940551606,11.0,6.463119246201476,0.0,2.0
11665,2026-05-11 14:54:37.600000+00:00,52.2220707,21.0639327,87.4,4.54,-0.183,0.045,0.97,0,5.654168185944304,11.0,6.201826623145649,0.0,2.0
11670,2026-05-11 14:54:38.100000+00:00,52.2220698,21.063937,87.5,1.1,-0.191,0.04,0.974,0,2.2286367836935272,11.0,6.124244565861101,0.0,2.0
11675,2026-05-11 14:54:38.600000+00:00,52.22207,21.0639366,87.7,0.09,-0.018,-0.008,0.984,0,0.2532301574572918,11.0,6.143714301535856,0.0,2.0
11680,2026-05-11 14:54:39.100000+00:00,52.2220701,21.0639368,87.7,0.19,0.0,-0.013,0.961,0,0.12661508008206007,11.0,6.156094872265811,0.0,2.0
11685,2026-05-11 14:54:39.600000+00:00,52.22207,21.0639366,87.8,0.12,-0.011,-0.011,0.981,0,0.12661508008206007,11.0,6.143714301535856,0.0,2.0
11690,2026-05-11 14:54:40.100000+00:00,52.2220699,21.0639365,87.8,0.06,0.007,-0.017,0.973,0,0.0938887037738331,11.0,6.131998617883781,0.0,2.0
11695,2026-05-11 14:54:40.600000+00:00,52.2220699,21.0639364,87.9,0.07,-0.01,-0.021,0.974,0,0.04904518106811498,11.0,6.131359169447887,0.0,2.0
11700,2026-05-11 14:54:41.100000+00:00,52.2220699,21.0639364,87.9,0.05,0.003,-0.009,0.966,0,0.0,11.0,6.131359169447887,0.0,2.0
11705,2026-05-11 14:54:41.600000+00:00,52.2220699,21.0639361,88.0,0.06,-0.005,-0.015,0.971,0,0.14713554164443612,11.0,6.129485844936981,0.0,2.0
11710,2026-05-11 14:54:42.100000+00:00,52.2220699,21.0639359,88.0,0.03,0.0,-0.021,0.978,0,0.09809036057632115,11.0,6.128274502117744,0.0,2.0
11715,2026-05-11 14:54:42.600000+00:00,52.22207,21.0639356,88.0,0.08,-0.001,-0.017,0.974,0,0.1675067953308001,11.0,6.137593636501393,0.0,2.0
11720,2026-05-11 14:54:43.100000+00:00,52.22207,21.0639354,88.0,0.1,-0.002,-0.015,0.976,0,0.09809036191534462,11.0,6.136459510053862,0.0,2.0
11725,2026-05-11 14:54:43.600000+00:00,52.2220701,21.0639352,88.0,0.05,0.003,-0.014,0.977,0,0.12661508008206007,11.0,6.146439398249476,0.0,2.0
11730,2026-05-11 14:54:44.100000+00:00,52.2220701,21.0639349,87.9,0.14,-0.006,-0.019,0.975,0,0.1471355409817802,11.0,6.14484252147393,0.0,2.0
11735,2026-05-11 14:54:44.600000+00:00,52.2220701,21.0639346,87.9,0.04,-0.001,-0.018,0.977,0,0.1471355409817802,11.0,6.143313207932796,0.0,2.0
11740,2026-05-11 14:54:45.100000+00:00,52.2220701,21.0639343,87.9,0.24,-0.005,-0.017,0.973,0,0.1471355409817802,11.0,6.141851508095568,0.0,2.0
11745,2026-05-11 14:54:45.600000+00:00,52.2220701,21.063934,88.0,0.08,0.003,-0.014,0.971,0,0.1471355409817802,11.0,6.140457470247378,0.0,2.0
11750,2026-05-11 14:54:46.100000+00:00,52.2220702,21.0639341,88.0,0.41,0.019,-0.036,0.981,0,0.09388869931580182,11.0,6.1520086819267,0.0,2.0
11755,2026-05-11 14:54:46.600000+00:00,52.2220698,21.0639366,88.1,1.8,0.102,-0.048,0.966,0,1.267260085693956,11.0,6.1215770135199605,0.0,2.0
11760,2026-05-11 14:54:47.100000+00:00,52.2220687,21.0639428,88.2,3.95,0.106,-0.048,0.974,0,3.1657607196473805,11.0,6.0556759848463155,0.0,2.0
11765,2026-05-11 14:54:47.600000+00:00,52.2220672,21.063954,88.3,6.89,0.142,-0.045,0.96,0,5.6228005994267605,11.0,6.068565338030489,0.0,2.0
11770,2026-05-11 14:54:48.100000+00:00,52.2220653,21.063971,88.3,9.86,0.181,-0.035,0.972,0,8.47530635280949,11.0,6.313666492395537,0.0,2.0
11775,2026-05-11 14:54:48.600000+00:00,52.2220629,21.0639935,88.4,12.36,0.204,-0.025,0.964,0,11.20119975291608,11.0,6.948095631330697,0.0,2.0
11780,2026-05-11 14:54:49.100000+00:00,52.2220603,21.0640215,88.3,14.94,0.137,-0.032,0.969,0,13.889517321184298,11.0,8.12020230958182,0.0,2.0
11785,2026-05-11 14:54:49.600000+00:00,52.2220572,21.0640546,88.2,17.62,0.136,-0.044,0.979,0,16.422579036258647,11.0,9.817765217501734,0.0,2.0
11790,2026-05-11 14:54:50.100000+00:00,52.2220536,21.0640935,88.2,20.46,0.197,-0.059,0.929,0,19.295056080663507,11.0,12.063006792428235,0.0,2.0
11795,2026-05-11 14:54:50.600000+00:00,52.2220497,21.0641361,88.2,21.92,0.07,-0.02,0.988,0,21.125274372177586,11.0,14.691174333194928,0.0,2.0
11800,2026-05-11 14:54:51.100000+00:00,52.2220453,21.0641814,88.1,23.14,0.085,-0.044,0.971,0,22.495008978462046,11.0,17.58693773177245,0.0,2.0
11805,2026-05-11 14:54:51.600000+00:00,52.2220403,21.0642303,88.1,25.02,0.071,-0.066,0.974,0,24.314884616736002,11.0,20.78346211713802,0.0,2.0
11810,2026-05-11 14:54:52.100000+00:00,52.2220347,21.0642821,88.2,26.41,0.061,-0.053,0.973,0,25.797987550023187,11.0,24.219980221551324,0.0,2.0
11815,2026-05-11 14:54:52.600000+00:00,52.2220278,21.0643362,88.3,27.98,0.097,-0.064,0.944,0,27.102420438814246,11.0,27.84232611558704,0.0,2.0
11820,2026-05-11 14:54:53.100000+00:00,52.2220193,21.0643924,88.4,28.68,0.059,-0.043,0.962,0,28.391053575676512,11.0,31.637792268138057,0.0,2.0
11825,2026-05-11 14:54:53.600000+00:00,52.2220103,21.0644504,88.5,29.9,0.048,-0.04,0.991,0,29.344621496616444,11.0,35.58888657282739,0.0,2.0
11830,2026-05-11 14:54:54.100000+00:00,52.222,21.0645107,88.5,31.02,0.043,-0.029,0.973,0,30.70241889520604,11.0,39.72762136573409,0.0,2.0
11835,2026-05-11 14:54:54.600000+00:00,52.2219892,21.0645731,88.6,32.17,0.053,-0.009,0.955,0,31.8022334148967,11.0,44.03673263217991,0.0,2.0
11840,2026-05-11 14:54:55.100000+00:00,52.2219781,21.0646372,88.6,33.22,0.052,0.01,0.942,0,32.66990397327596,11.0,48.483514168207485,0.0,2.0
11845,2026-05-11 14:54:55.600000+00:00,52.2219677,21.0647028,88.7,33.55,0.042,0.027,1.0,0,33.233633670393885,11.0,53.039574077340426,0.0,2.0
11850,2026-05-11 14:54:56.100000+00:00,52.2219568,21.0647702,88.7,34.53,0.063,0.017,0.973,0,34.18899614892562,11.0,57.73320331216717,0.0,2.0
11855,2026-05-11 14:54:56.600000+00:00,52.2219458,21.0648394,88.7,35.42,0.043,-0.021,0.97,0,35.06332462906468,11.0,62.558178454982404,0.0,2.0
11860,2026-05-11 14:54:57.100000+00:00,52.2219337,21.0649106,88.7,36.76,0.051,-0.014,0.955,0,36.239055454325005,11.0,67.54092414915716,0.0,2.0
11865,2026-05-11 14:54:57.600000+00:00,52.2219215,21.0649833,88.7,37.25,0.08,0.025,0.999,0,36.969567057867145,11.0,72.63335692500623,0.0,2.0
11870,2026-05-11 14:54:58.100000+00:00,52.2219086,21.0650575,88.5,38.47,0.134,0.034,0.957,0,37.828764080385625,11.0,77.8441449456778,0.0,2.0
11875,2026-05-11 14:54:58.600000+00:00,52.2218964,21.0651346,88.5,39.38,0.062,0.023,0.968,0,39.05506632476054,,83.24302548137801,0.0,2.0
11880,2026-05-11 14:54:59.100000+00:00,52.2218845,21.0652138,88.5,40.1,0.042,0.037,0.969,0,39.9952354165581,,88.78066803369023,0.0,2.0
11885,2026-05-11 14:54:59.600000+00:00,52.2218732,21.0652947,88.6,40.78,0.069,0.046,0.98,0,40.696026139209145,,94.42333693053237,0.0,2.0
11890,2026-05-11 14:55:00.100000+00:00,52.2218617,21.0653769,88.6,41.44,0.048,0.045,0.967,0,41.35327010159832,,100.15813330027872,0.0,2.0
11895,2026-05-11 14:55:00.600000+00:00,52.2218508,21.0654608,88.7,42.46,0.064,0.04,0.955,0,42.0642598763185,,105.996418929147,0.0,2.0
11900,2026-05-11 14:55:01.100000+00:00,52.2218402,21.0655461,88.8,42.91,0.051,0.027,0.986,0,42.68780790635177,,111.92323356368107,0.0,2.0
11905,2026-05-11 14:55:01.600000+00:00,52.2218294,21.0656329,88.7,43.7,0.059,0.02,0.951,0,43.44064856525724,,117.9547486169161,0.0,2.0
11910,2026-05-11 14:55:02.100000+00:00,52.2218187,21.0657208,88.8,44.36,0.048,0.024,0.973,0,43.95382126077616,,124.05825350541483,0.0,2.0
11915,2026-05-11 14:55:02.600000+00:00,52.2218077,21.0658103,88.8,44.9,0.049,0.024,0.966,0,44.770397659618105,,130.27504395216872,0.0,2.0
11920,2026-05-11 14:55:03.100000+00:00,52.2217967,21.065901,88.8,45.6,0.059,0.018,0.956,0,45.34760303497793,,136.57239633060257,0.0,2.0
11925,2026-05-11 14:55:03.600000+00:00,52.2217858,21.0659929,88.9,46.25,0.021,0.024,0.991,0,45.90981158083581,,142.94827970545927,0.0,2.0
11930,2026-05-11 14:55:04.100000+00:00,52.221775,21.0660861,88.9,46.81,0.015,0.018,0.942,0,46.52100070352144,,149.40934705807788,0.0,2.0
11935,2026-05-11 14:55:04.600000+00:00,52.2217642,21.0661802,89.0,47.19,0.05,0.034,0.998,0,46.95480167456427,,155.930749027402,0.0,2.0
11940,2026-05-11 14:55:05.100000+00:00,52.2217535,21.0662751,89.0,47.84,0.054,0.029,0.947,0,47.32596498379307,,162.50378469472466,0.0,2.0
11945,2026-05-11 14:55:05.600000+00:00,52.221743,21.0663716,89.1,48.49,0.039,0.017,0.949,0,48.06969157464191,,169.18007584594017,0.0,2.0
11950,2026-05-11 14:55:06.100000+00:00,52.2217324,21.066469,89.0,49.06,0.039,0.027,0.998,0,48.518311312104764,,175.91867983568983,0.0,2.0
11955,2026-05-11 14:55:06.600000+00:00,52.2217219,21.0665678,89.0,49.76,0.038,0.02,0.941,0,49.18077411828053,,182.7491409585628,0.0,2.0
11960,2026-05-11 14:55:07.100000+00:00,52.2217117,21.0666678,89.0,49.95,0.026,0.02,1.002,0,49.72076108747167,,189.65411912753063,0.0,2.0
11965,2026-05-11 14:55:07.600000+00:00,52.2217014,21.0667688,89.1,50.28,0.024,0.023,0.934,0,50.21771701964846,,196.62815776942986,0.0,2.0
11970,2026-05-11 14:55:08.100000+00:00,52.2216914,21.0668703,89.1,50.61,-0.012,0.039,1.004,0,50.420949296169965,,203.62986631937548,0.0,2.0
11975,2026-05-11 14:55:08.600000+00:00,52.2216819,21.0669726,89.2,50.97,0.068,0.044,0.952,0,50.746848191227116,,210.6755165878993,0.0,2.0
11980,2026-05-11 14:55:09.100000+00:00,52.2216724,21.0670756,89.2,51.4,-0.061,0.006,0.98,0,51.08632616269951,,217.76827901999732,0.0,2.0
11985,2026-05-11 14:55:09.600000+00:00,52.2216628,21.0671789,89.3,51.65,-0.02,0.012,0.956,0,51.243785357080455,,224.8832641309025,0.0,2.0
11990,2026-05-11 14:55:10.100000+00:00,52.2216531,21.0672827,89.3,51.82,-0.043,0.013,0.989,0,51.498275744170925,,232.03385776182188,0.0,2.0
11995,2026-05-11 14:55:10.600000+00:00,52.2216439,21.0673869,89.3,52.06,0.036,0.051,0.962,0,51.6336124517876,,239.2018081963368,0.0,2.0
12000,2026-05-11 14:55:11.100000+00:00,52.2216353,21.0674915,89.3,52.01,0.016,0.053,0.969,0,51.761723348283674,,246.38535688511695,0.0,2.0
12005,2026-05-11 14:55:11.600000+00:00,52.2216277,21.0675964,89.3,52.12,0.048,0.044,0.975,0,51.80744870023305,,253.5704484673942,0.0,2.0
12010,2026-05-11 14:55:12.100000+00:00,52.2216177,21.0677023,89.3,52.75,-0.005,0.032,0.947,0,52.55277985383494,,260.8683277143283,0.0,2.0
12015,2026-05-11 14:55:12.600000+00:00,52.2216096,21.0678078,89.2,52.22,-0.017,0.039,0.995,0,52.14798385539293,,268.1038041758357,0.0,2.0
12020,2026-05-11 14:55:13.100000+00:00,52.2216024,21.0679131,89.2,52.28,0.029,0.054,0.949,0,51.965811242468625,,275.3095353592338,0.0,2.0
12025,2026-05-11 14:55:13.600000+00:00,52.2215954,21.0680184,89.2,52.07,-0.013,0.04,0.99,0,51.948301685420745,,282.51219232927355,0.0,2.0
12030,2026-05-11 14:55:14.100000+00:00,52.2215889,21.0681235,89.3,51.92,0.01,0.042,0.967,0,51.80905396272936,,281.30526733618274,0.0,2.0
12035,2026-05-11 14:55:14.600000+00:00,52.2215829,21.0682288,89.3,51.96,0.005,0.042,0.978,0,51.86805425676425,,274.1039386092777,0.0,2.0
12040,2026-05-11 14:55:15.100000+00:00,52.2215782,21.0683341,89.4,51.88,0.006,0.042,0.953,0,51.78204186084463,,266.9121710156178,0.0,2.0
12045,2026-05-11 14:55:15.600000+00:00,52.2215728,21.0684398,89.5,51.95,-0.02,0.032,0.996,0,52.02128769917602,,259.6881543288661,0.0,2.0
12050,2026-05-11 14:55:16.100000+00:00,52.2215679,21.0685454,89.6,51.83,0.034,0.036,0.938,0,51.94065108796926,,252.47459034706986,0.0,2.0
12055,2026-05-11 14:55:16.600000+00:00,52.2215623,21.068651,89.6,51.92,-0.027,0.034,1.013,0,51.98598819840188,,245.25605307465378,0.0,2.0
12060,2026-05-11 14:55:17.100000+00:00,52.2215561,21.0687565,89.7,51.8,0.035,0.048,0.943,0,51.98080166389808,,238.04020021298143,0.0,2.0
12065,2026-05-11 14:55:17.600000+00:00,52.2215509,21.0688615,89.6,51.52,0.041,0.038,0.972,0,51.66603991729779,,230.8654991629524,0.0,2.0
12070,2026-05-11 14:55:18.100000+00:00,52.2215478,21.0689657,89.7,51.39,0.023,0.029,0.971,0,51.1659058792521,,223.75984788540342,0.0,2.0
12075,2026-05-11 14:55:18.600000+00:00,52.2215441,21.0690704,89.7,51.56,-0.013,0.047,0.967,0,51.43627875077316,,216.61602825276938,0.0,2.0
12080,2026-05-11 14:55:19.100000+00:00,52.2215416,21.0691741,89.7,50.95,0.04,0.06,0.967,0,50.899823260667304,,209.54869174078155,0.0,2.0
12085,2026-05-11 14:55:19.600000+00:00,52.221539,21.0692779,89.8,50.99,0.016,0.05,0.968,0,50.9520419934079,,202.47398231031463,0.0,2.0
12090,2026-05-11 14:55:20.100000+00:00,52.2215365,21.0693812,89.9,50.85,-0.007,0.027,0.981,0,50.70379834378468,,195.434131174208,0.0,2.0
12095,2026-05-11 14:55:20.600000+00:00,52.2215334,21.0694842,90.0,50.55,-0.011,0.032,0.969,0,50.57807402951328,,188.4104091230308,0.0,2.0
12100,2026-05-11 14:55:21.100000+00:00,52.2215313,21.0695865,90.1,49.91,0.015,0.056,0.962,0,50.20198781477169,,181.4418217619536,0.0,2.0
12105,2026-05-11 14:55:21.600000+00:00,52.2215292,21.0696881,90.1,49.79,-0.014,0.05,0.976,0,49.858863664200314,,174.5211168980318,0.0,2.0
12110,2026-05-11 14:55:22.100000+00:00,52.2215275,21.0697895,90.2,49.51,-0.006,0.034,0.944,0,49.75103965875637,,167.61747966839368,0.0,2.0
12115,2026-05-11 14:55:22.600000+00:00,52.2215256,21.0698904,90.2,49.42,-0.01,0.03,0.994,0,49.510565799613936,,160.7467377154506,0.0,2.0
12120,2026-05-11 14:55:23.100000+00:00,52.221524,21.06999,90.4,48.64,-0.004,0.058,1.006,0,48.86639171844304,,153.96729563539807,0.0,2.0
12125,2026-05-11 14:55:23.600000+00:00,52.2215223,21.0700888,90.5,48.32,-0.013,0.047,0.947,0,48.47634489665406,,147.2420347096101,0.0,2.0
12130,2026-05-11 14:55:24.100000+00:00,52.2215206,21.0701863,90.6,47.56,-0.022,0.042,0.997,0,47.83900622642658,,140.60577819851022,0.0,2.0
12135,2026-05-11 14:55:24.600000+00:00,52.2215196,21.0702823,90.6,46.96,-0.02,0.046,0.971,0,47.09076239741997,,134.0785024360051,0.0,2.0
12140,2026-05-11 14:55:25.100000+00:00,52.2215186,21.0703774,90.7,46.65,0.01,0.053,0.947,0,46.64941576278701,,127.6136551172013,0.0,2.0
12145,2026-05-11 14:55:25.600000+00:00,52.2215178,21.0704724,90.8,46.5,-0.04,0.024,0.987,0,46.597902265850166,,121.15908800213788,0.0,2.0
12150,2026-05-11 14:55:26.100000+00:00,52.2215167,21.070567,90.8,46.49,-0.009,0.006,0.96,0,46.40567536365889,,114.73050923995997,0.0,2.0
12155,2026-05-11 14:55:26.600000+00:00,52.2215153,21.0706613,90.9,46.2,-0.01,0.009,0.978,0,46.26376164301933,,108.3210158845321,0.0,2.0
12160,2026-05-11 14:55:27.100000+00:00,52.2215139,21.0707553,90.9,46.13,-0.019,0.035,0.972,0,46.116669042073845,,101.9338722426315,0.0,2.0
12165,2026-05-11 14:55:27.600000+00:00,52.221513,21.0708496,90.9,46.33,-0.011,0.009,0.971,0,46.25579721566766,,95.5347495208627,0.0,2.0
12170,2026-05-11 14:55:28.100000+00:00,52.221512,21.0709444,91.0,46.43,-0.018,0.012,0.964,0,46.50230704290064,,89.10416407062651,0.0,2.0
12175,2026-05-11 14:55:28.600000+00:00,52.2215109,21.0710395,91.0,46.61,0.011,0.004,0.978,0,46.65086647889232,,82.6563243247528,0.0,2.0
12180,2026-05-11 14:55:29.100000+00:00,52.2215099,21.071135,91.0,47.04,0.017,0.01,0.961,0,46.8455793190137,12.0,76.1882434051475,0.0,2.0
12185,2026-05-11 14:55:29.600000+00:00,52.2215088,21.0712309,91.1,46.93,0.023,0.015,0.959,0,47.04316574233776,12.0,69.6987440944673,0.0,2.0
12190,2026-05-11 14:55:30.100000+00:00,52.2215076,21.0713273,91.1,47.42,0.014,0.004,0.971,0,47.28991194784134,12.0,63.18301041889919,0.0,2.0
12195,2026-05-11 14:55:30.600000+00:00,52.2215062,21.0714236,91.1,47.4,0.001,0.013,0.984,0,47.24440521759385,12.0,56.68234876626562,0.0,2.0
12200,2026-05-11 14:55:31.100000+00:00,52.2215047,21.0715199,91.2,47.22,0.003,0.024,0.95,0,47.24637393654836,12.0,50.195517316270376,0.0,2.0
12205,2026-05-11 14:55:31.600000+00:00,52.2215031,21.071616,91.1,47.32,-0.018,0.031,0.97,0,47.150422860565406,12.0,43.74212236290048,0.0,2.0
12210,2026-05-11 14:55:32.100000+00:00,52.2215019,21.0717117,91.1,46.93,-0.006,0.039,0.978,0,46.946668738101344,12.0,37.35907299616573,0.0,2.0
12215,2026-05-11 14:55:32.600000+00:00,52.2215008,21.0718076,91.1,47.12,0.022,0.041,0.959,0,47.04317421550851,12.0,31.023298092465517,0.0,2.0
12220,2026-05-11 14:55:33.100000+00:00,52.2214997,21.0719031,91.1,46.95,0.009,0.031,0.973,0,46.847026664267695,12.0,24.816023091315074,0.0,2.0
12225,2026-05-11 14:55:33.600000+00:00,52.2214987,21.0719989,91.1,46.97,-0.011,0.022,1.001,0,46.9927071407313,12.0,18.799048583736287,0.0,2.0
12230,2026-05-11 14:55:34.100000+00:00,52.2214975,21.0720946,91.1,47.15,0.012,0.025,0.938,0,46.94667338605143,12.0,13.26388614459052,0.0,2.0
12235,2026-05-11 14:55:34.600000+00:00,52.2214964,21.0721907,91.1,47.19,0.017,0.028,0.977,0,47.14125334714523,12.0,9.136491521035255,0.0,2.0
12240,2026-05-11 14:55:35.100000+00:00,52.2214952,21.072287,91.0,47.51,0.007,0.018,0.967,0,47.240889464527264,12.0,8.755183447379798,0.0,2.0
12245,2026-05-11 14:55:35.600000+00:00,52.2214943,21.0723835,91.1,47.71,0.014,0.026,0.982,0,47.334696699406344,12.0,12.519271298586823,0.0,2.0
12250,2026-05-11 14:55:36.100000+00:00,52.2214933,21.0724801,91.1,47.74,0.02,0.024,0.966,0,47.38502291216334,12.0,17.980357437468157,0.0,2.0
12255,2026-05-11 14:55:36.600000+00:00,52.2214923,21.0725771,91.1,47.81,-0.003,0.01,0.966,0,47.58117936113014,12.0,24.0357250613053,0.0,2.0
12260,2026-05-11 14:55:37.100000+00:00,52.2214912,21.0726743,91.1,47.89,0.017,0.017,0.98,0,47.68066979115124,12.0,30.33328705766107,0.0,2.0
12265,2026-05-11 14:55:37.600000+00:00,52.2214901,21.0727716,91.1,47.99,0.002,0.011,0.957,0,47.729708433212885,12.0,36.75187610984811,0.0,2.0
12270,2026-05-11 14:55:38.100000+00:00,52.2214888,21.0728692,91.1,48.01,0.011,0.016,0.978,0,47.88003518479551,12.0,43.250291343715,0.0,2.0
12275,2026-05-11 14:55:38.600000+00:00,52.2214874,21.072967,91.1,48.26,0.006,0.025,0.972,0,47.97990865927373,12.0,49.80057990649513,0.0,2.0
12280,2026-05-11 14:55:39.100000+00:00,52.2214856,21.0730649,91.0,48.17,0.018,0.028,0.973,0,48.03748314592406,12.0,56.37857159380375,0.0,2.0
12285,2026-05-11 14:55:39.600000+00:00,52.2214843,21.0731631,91.0,48.35,0.006,0.027,0.965,0,48.174245884679706,12.0,63.002816482219146,0.0,2.0
12290,2026-05-11 14:55:40.100000+00:00,52.2214829,21.0732614,91.0,48.27,0.007,0.024,0.975,0,48.225076079009035,12.0,69.64548078820815,0.0,2.0
12295,2026-05-11 14:55:40.600000+00:00,52.2214819,21.0733597,91.0,48.43,0.003,0.026,0.966,0,48.21869721390042,12.0,76.30174380346507,0.0,2.0
12300,2026-05-11 14:55:41.100000+00:00,52.2214805,21.0734576,91.0,48.14,-0.003,0.032,0.994,0,48.02894857200051,,82.93385198759368,0.0,2.0
12305,2026-05-11 14:55:41.600000+00:00,52.2214794,21.0735552,91.1,47.93,-0.004,0.029,0.959,0,47.87683245456105,,89.55372091703242,0.0,2.0
12310,2026-05-11 14:55:42.100000+00:00,52.2214784,21.0736524,91.1,47.78,0.01,0.033,0.971,0,47.67927205938002,,96.15123681932181,0.0,2.0
12315,2026-05-11 14:55:42.600000+00:00,52.2214778,21.0737493,91.2,47.58,-0.005,0.029,0.977,0,47.52784086181017,,102.73424589743315,0.0,2.0
12320,2026-05-11 14:55:43.100000+00:00,52.2214765,21.0738457,91.1,47.48,0.008,0.024,0.968,0,47.29163921312844,,109.28100987830373,0.0,2.0
12325,2026-05-11 14:55:43.600000+00:00,52.2214755,21.0739422,91.1,47.35,0.017,0.024,0.969,0,47.33600307089228,,115.83875394461249,0.0,2.0
12330,2026-05-11 14:55:44.100000+00:00,52.2214744,21.074039,91.1,47.67,0.014,0.022,0.971,0,47.48453807597105,,122.41816250575738,0.0,2.0
12335,2026-05-11 14:55:44.600000+00:00,52.2214733,21.0741361,91.1,47.98,0.032,0.023,0.963,0,47.63165153918586,,129.01958676636215,0.0,2.0
12340,2026-05-11 14:55:45.100000+00:00,52.2214727,21.074234,91.2,48.29,0.022,0.016,0.98,0,48.01827992420995,,135.67917511182264,0.0,2.0
12345,2026-05-11 14:55:45.600000+00:00,52.2214717,21.0743327,91.3,48.6,0.026,0.007,0.959,0,48.41486471342342,,142.39234928799286,0.0,2.0
12350,2026-05-11 14:55:46.100000+00:00,52.2214703,21.0744319,91.3,48.99,0.004,-0.003,0.983,0,48.666384174671045,,149.13892097761186,0.0,2.0
12355,2026-05-11 14:55:46.600000+00:00,52.2214685,21.0745315,91.3,49.05,0.028,0.011,0.961,0,48.870912104229646,,155.91230865323305,0.0,2.0
12360,2026-05-11 14:55:47.100000+00:00,52.2214668,21.0746315,91.4,49.22,0.028,0.037,0.981,0,49.06472635215309,,162.7144659632494,0.0,2.0
12365,2026-05-11 14:55:47.600000+00:00,52.2214656,21.0747319,91.4,49.46,0.024,0.042,0.969,0,49.25140178311218,,169.54647164114274,0.0,2.0
12370,2026-05-11 14:55:48.100000+00:00,52.221465,21.0748326,91.5,49.61,0.029,0.031,0.957,0,49.39150519347368,,176.4013990330727,0.0,2.0
12375,2026-05-11 14:55:48.600000+00:00,52.2214639,21.0749339,91.6,49.74,-0.006,0.018,0.994,0,49.691249764830644,,183.29610442722543,0.0,2.0
12380,2026-05-11 14:55:49.100000+00:00,52.2214634,21.0750352,91.7,49.77,0.036,0.025,0.956,0,49.685058767204225,,190.19294866165717,0.0,2.0
12385,2026-05-11 14:55:49.600000+00:00,52.2214624,21.0751366,91.7,49.84,-0.015,0.009,0.975,0,49.73893657816847,,197.09556812078446,0.0,2.0
12390,2026-05-11 14:55:50.100000+00:00,52.2214611,21.0752382,91.7,50.06,0.026,0.014,0.968,0,49.84145381932414,,204.01145436059974,0.0,2.0
12395,2026-05-11 14:55:50.600000+00:00,52.2214589,21.0753399,91.8,49.98,-0.011,0.012,0.968,0,49.91072159406859,,210.93255960514819,0.0,2.0
12400,2026-05-11 14:55:51.100000+00:00,52.2214574,21.0754411,91.8,49.67,-0.004,0.031,0.988,0,49.64893229975571,,217.82173807375614,0.0,2.0
12405,2026-05-11 14:55:51.600000+00:00,52.2214548,21.0755418,91.8,49.44,-0.002,0.043,0.944,0,49.433025175433045,,224.6751851710676,0.0,2.0
12410,2026-05-11 14:55:52.100000+00:00,52.2214538,21.0756415,92.0,48.79,-0.013,0.032,0.991,0,48.90527643930339,,231.4639783465792,0.0,2.0
12415,2026-05-11 14:55:52.600000+00:00,52.2214525,21.0757405,92.0,48.43,-0.006,0.036,0.966,0,48.5665564169497,,238.20480725275968,0.0,2.0
12420,2026-05-11 14:55:53.100000+00:00,52.2214512,21.0758388,92.0,48.09,-0.001,0.042,0.974,0,48.22331620377376,,244.8982068674651,0.0,2.0
12425,2026-05-11 14:55:53.600000+00:00,52.2214501,21.0759363,92.1,47.87,0.002,0.045,0.969,0,47.8278264736406,,251.5376285196112,0.0,2.0
12430,2026-05-11 14:55:54.100000+00:00,52.2214495,21.0760329,92.1,47.25,-0.001,0.035,0.955,0,47.38074109191544,,258.1165942993092,0.0,2.0
12435,2026-05-11 14:55:54.600000+00:00,52.2214488,21.0761288,92.1,47.08,-0.012,0.03,0.969,0,47.03832422078788,,264.64783447623495,0.0,2.0
12440,2026-05-11 14:55:55.100000+00:00,52.2214482,21.076224,92.2,46.78,-0.038,0.024,0.964,0,46.6941361504366,,271.1316075363372,0.0,2.0
12445,2026-05-11 14:55:55.600000+00:00,52.2214471,21.0763188,92.2,46.26,-0.003,0.033,0.973,0,46.503822174200394,,277.5876205958778,0.0,2.0
12450,2026-05-11 14:55:56.100000+00:00,52.2214455,21.0764131,92.1,46.22,0.013,0.036,0.963,0,46.26799039707722,,284.00916853772054,0.0,2.0
12455,2026-05-11 14:55:56.600000+00:00,52.2214446,21.0765069,92.1,45.94,-0.009,0.03,0.975,0,46.01066900398643,,290.3975511386568,0.0,2.0
12460,2026-05-11 14:55:57.100000+00:00,52.2214439,21.0766003,92.2,45.77,-0.007,0.034,0.964,0,45.81227197937301,,296.75896226402773,0.0,2.0
12465,2026-05-11 14:55:57.600000+00:00,52.2214428,21.076693,92.1,45.37,0.005,0.037,0.977,0,45.474052238353835,,303.07239304824697,0.0,2.0
12470,2026-05-11 14:55:58.100000+00:00,52.221442,21.0767855,92.0,45.38,0.003,0.034,0.961,0,45.371953907172596,,309.372548035472,0.0,2.0
12475,2026-05-11 14:55:58.600000+00:00,52.221441,21.0768773,92.0,45.24,0.004,0.035,0.982,0,45.03123033330325,,315.6249243362139,0.0,2.0
12480,2026-05-11 14:55:59.100000+00:00,52.2214397,21.0769689,91.9,45.09,-0.006,0.028,0.963,0,44.93807639718367,,321.8635374631654,0.0,2.0
12485,2026-05-11 14:55:59.600000+00:00,52.2214387,21.0770602,91.9,44.96,0.003,0.026,0.967,0,44.786042248822625,,328.0820188676102,0.0,2.0
12490,2026-05-11 14:56:00.100000+00:00,52.2214381,21.0771517,91.9,45.04,-0.002,0.019,0.972,0,44.87954919376368,,334.31443980863094,0.0,2.0
12495,2026-05-11 14:56:00.600000+00:00,52.221437,21.0772431,91.9,44.91,0.001,0.02,0.968,0,44.83658302799908,,340.53978715104523,0.0,2.0
12500,2026-05-11 14:56:01.100000+00:00,52.2214357,21.0773345,91.9,45.12,-0.011,0.012,0.961,0,44.840015050657755,,346.76510031408196,0.0,2.0
12505,2026-05-11 14:56:01.600000+00:00,52.2214344,21.077426,91.9,44.96,0.008,0.007,0.982,0,44.88904904549931,,352.99731276551415,0.0,2.0
12510,2026-05-11 14:56:02.100000+00:00,52.2214329,21.0775173,91.9,44.87,-0.01,0.037,0.978,0,44.794991785261494,,359.21590256457085,0.0,2.0
12515,2026-05-11 14:56:02.600000+00:00,52.2214317,21.0776086,91.9,44.91,0.017,0.036,0.944,0,44.789197678764104,,365.43469863625654,0.0,2.0
12520,2026-05-11 14:56:03.100000+00:00,52.2214305,21.0776999,91.9,45.0,-0.01,0.02,0.98,0,44.78919888525664,,361.2620665923808,0.0,2.0
12525,2026-05-11 14:56:03.600000+00:00,52.2214291,21.0777912,91.9,45.03,0.004,0.022,0.977,0,44.792920831178066,,355.08491260158047,0.0,2.0
12530,2026-05-11 14:56:04.100000+00:00,52.2214275,21.0778829,91.9,45.29,0.003,0.018,0.958,0,44.99331868150096,,348.8791094174575,0.0,2.0
12535,2026-05-11 14:56:04.600000+00:00,52.221426,21.0779748,91.9,45.1,0.016,0.013,0.978,0,45.08916900597365,,342.66306324707716,0.0,2.0
12540,2026-05-11 14:56:05.100000+00:00,52.2214237,21.0780663,91.8,44.84,-0.017,-0.003,0.957,0,44.91475399919042,,336.46223632863035,0.0,2.0
12545,2026-05-11 14:56:05.600000+00:00,52.2214209,21.0781575,91.7,44.83,-0.024,0.006,0.981,0,44.78599419620978,,330.2745124699596,0.0,2.0
12550,2026-05-11 14:56:06.100000+00:00,52.221418,21.0782478,91.7,44.22,-0.024,0.01,0.986,0,44.349261974934336,,324.1468843156507,0.0,2.0
12555,2026-05-11 14:56:06.600000+00:00,52.221415,21.0783373,91.7,43.81,-0.024,0.023,0.957,0,43.96174187574368,,318.07257409587777,0.0,2.0
12560,2026-05-11 14:56:07.100000+00:00,52.2214114,21.0784258,91.7,43.57,-0.002,0.028,0.977,0,43.501210839152165,,312.0561814556831,0.0,2.0
12565,2026-05-11 14:56:07.600000+00:00,52.2214083,21.0785141,91.7,43.49,0.001,0.025,0.961,0,43.378595417600735,,306.06314674707045,0.0,2.0
12570,2026-05-11 14:56:08.100000+00:00,52.2214049,21.0786023,91.8,43.35,-0.001,0.021,0.974,0,43.34405366644728,,300.0726925195533,0.0,2.0
12575,2026-05-11 14:56:08.600000+00:00,52.2214017,21.0786901,91.9,43.24,0.0,0.02,0.959,0,43.138456829154926,,294.1139766451894,0.0,2.0
12580,2026-05-11 14:56:09.100000+00:00,52.2213984,21.0787776,91.9,43.05,0.0,0.023,0.977,0,42.996427993714846,,288.1749185415875,0.0,2.0
12585,2026-05-11 14:56:09.600000+00:00,52.2213954,21.0788651,91.9,43.03,0.009,0.022,0.955,0,42.98234121324466,,282.242866693089,0.0,2.0
12590,2026-05-11 14:56:10.100000+00:00,52.221392,21.0789528,92.0,43.29,0.015,0.012,0.97,0,43.09932338798027,,276.29140719530125,0.0,2.0
12595,2026-05-11 14:56:10.600000+00:00,52.2213883,21.0790406,92.0,43.55,0.0,0.0,0.955,0,43.16409257940852,,270.32898331557,0.0,2.0
12600,2026-05-11 14:56:11.100000+00:00,52.2213844,21.0791283,92.0,43.31,-0.007,0.01,0.983,0,43.12646304385303,,264.3708352169036,0.0,2.0
12605,2026-05-11 14:56:11.600000+00:00,52.2213804,21.0792158,92.1,43.03,-0.005,0.022,0.973,0,43.03451661209456,,258.42557890270973,0.0,2.0
12610,2026-05-11 14:56:12.100000+00:00,52.2213762,21.079303,92.1,43.08,0.0,0.031,0.964,0,42.90004538773447,,252.49791561999916,0.0,2.0
12615,2026-05-11 14:56:12.600000+00:00,52.2213719,21.0793898,92.1,42.71,0.0,0.024,0.971,0,42.71085049305229,,246.59649077073468,0.0,2.0
12620,2026-05-11 14:56:13.100000+00:00,52.2213671,21.0794761,92.1,42.69,-0.002,0.007,0.97,0,42.5007513462211,,240.71976370667477,0.0,2.0
12625,2026-05-11 14:56:13.600000+00:00,52.2213622,21.0795626,92.0,42.7,0.004,0.01,0.963,0,42.6057440076817,,234.82888464071178,0.0,2.0
12630,2026-05-11 14:56:14.100000+00:00,52.2213571,21.0796492,92.0,42.81,0.008,0.014,0.971,0,42.669610868856665,,228.92847405265235,0.0,2.0
12635,2026-05-11 14:56:14.600000+00:00,52.2213519,21.0797354,92.0,42.67,-0.01,0.011,0.975,0,42.48210728079849,,223.05404586778488,0.0,2.0
12640,2026-05-11 14:56:15.100000+00:00,52.2213466,21.0798212,92.0,42.43,0.001,0.022,0.962,0,42.29483398853055,,217.20558718156246,0.0,2.0
12645,2026-05-11 14:56:15.600000+00:00,52.2213412,21.0799065,92.0,42.02,0.007,0.024,0.994,0,42.059007572428165,,211.38976508038832,0.0,2.0
12650,2026-05-11 14:56:16.100000+00:00,52.221336,21.0799913,92.0,41.86,0.008,0.019,0.938,0,41.79883771394816,,205.61321238040415,0.0,2.0
12655,2026-05-11 14:56:16.600000+00:00,52.2213304,21.0800758,92.0,41.72,-0.014,0.007,0.981,0,41.68566474007201,,199.84934712125064,0.0,2.0
12660,2026-05-11 14:56:17.100000+00:00,52.2213248,21.0801596,91.9,41.55,-0.001,0.012,0.966,0,41.34435587822851,,194.13368971511505,0.0,2.0
12665,2026-05-11 14:56:17.600000+00:00,52.2213192,21.080243,91.9,41.38,0.0,0.014,0.977,0,41.149339397459386,,188.44630361709656,0.0,2.0
12670,2026-05-11 14:56:18.100000+00:00,52.2213133,21.0803261,91.9,41.22,-0.004,0.007,0.965,0,41.030042278986244,,182.77359808456978,0.0,2.0
12675,2026-05-11 14:56:18.600000+00:00,52.2213073,21.0804088,91.9,41.06,-0.005,0.005,0.982,0,40.844512582753644,,177.12679899977442,0.0,2.0
12680,2026-05-11 14:56:19.100000+00:00,52.2213011,21.080491,91.9,40.96,0.0,0.008,0.965,0,40.62025559693314,,171.51015145022222,0.0,2.0
12685,2026-05-11 14:56:19.600000+00:00,52.2212948,21.080573,91.9,40.62,-0.007,0.013,0.971,0,40.532790722368205,,165.9060518098188,0.0,2.0
12690,2026-05-11 14:56:20.100000+00:00,52.2212885,21.0806541,91.8,40.19,-0.024,0.018,0.977,0,40.0948505680371,,160.36350024310096,0.0,2.0
12695,2026-05-11 14:56:20.600000+00:00,52.2212823,21.0807341,91.8,39.57,-0.025,0.013,0.953,0,39.54956578267869,,154.89833089910096,0.0,2.0
12700,2026-05-11 14:56:21.100000+00:00,52.221276,21.0808131,91.7,39.21,-0.022,0.014,0.972,0,39.07329138021276,,149.4989404496791,0.0,2.0
12705,2026-05-11 14:56:21.600000+00:00,52.2212695,21.0808911,91.7,38.7,-0.047,0.011,0.974,0,38.6082478522669,,144.16265878219002,0.0,2.0
12710,2026-05-11 14:56:22.100000+00:00,52.2212628,21.0809682,91.7,38.1,-0.009,0.026,0.975,0,38.19307238424459,,138.88267110866198,0.0,2.0
12715,2026-05-11 14:56:22.600000+00:00,52.2212562,21.0810447,91.7,38.28,-0.018,0.01,0.965,0,37.89049316063671,,133.64697904654022,0.0,2.0
12720,2026-05-11 14:56:23.100000+00:00,52.2212494,21.0811214,91.7,38.12,0.022,0.013,0.966,0,38.01023801033482,,128.39483387190322,0.0,2.0
12725,2026-05-11 14:56:23.600000+00:00,52.2212424,21.0811983,91.6,38.35,-0.004,0.008,0.97,0,38.130531774625545,,123.1262741931845,0.0,2.0
12730,2026-05-11 14:56:24.100000+00:00,52.2212353,21.0812752,91.6,38.31,0.025,0.018,0.974,0,38.14238675245179,,117.85735058122783,0.0,2.0
12735,2026-05-11 14:56:24.600000+00:00,52.2212278,21.0813521,91.5,38.43,-0.01,0.007,0.978,0,38.19143065760734,,112.57964879507391,0.0,2.0
12740,2026-05-11 14:56:25.100000+00:00,52.2212203,21.0814287,91.5,38.37,0.007,0.015,0.963,0,38.04613555185587,,107.32429579692399,0.0,2.0
12745,2026-05-11 14:56:25.600000+00:00,52.2212127,21.0815052,91.4,38.28,-0.008,0.016,0.962,0,38.01044480379281,,102.07550639702326,0.0,2.0
12750,2026-05-11 14:56:26.100000+00:00,52.2212054,21.0815813,91.4,37.86,-0.01,0.03,0.989,0,37.778908887748244,,96.86535978838972,0.0,2.0
12755,2026-05-11 14:56:26.600000+00:00,52.2211981,21.0816573,91.4,37.99,0.0,0.017,0.956,0,37.73046001374278,,91.66596456823929,0.0,2.0
12760,2026-05-11 14:56:27.100000+00:00,52.2211905,21.0817331,91.4,37.72,-0.005,-0.001,0.974,0,37.67160766722529,,86.47496804597536,0.0,2.0
12765,2026-05-11 14:56:27.600000+00:00,52.2211822,21.0818086,91.5,37.61,-0.007,0.009,0.984,0,37.621347523321944,,81.28582819878167,0.0,2.0
12770,2026-05-11 14:56:28.100000+00:00,52.221174,21.0818832,91.5,37.21,-0.013,0.014,0.957,0,37.17273799421732,13.0,76.16342240185777,0.0,2.0
12775,2026-05-11 14:56:28.600000+00:00,52.2211658,21.0819571,91.4,36.98,-0.006,0.023,0.973,0,36.83486783637707,13.0,71.09219468496109,0.0,2.0
12780,2026-05-11 14:56:29.100000+00:00,52.2211578,21.0820304,91.2,37.11,-0.005,0.013,0.978,0,36.51692229765785,13.0,66.07371568081423,0.0,2.0
12785,2026-05-11 14:56:29.600000+00:00,52.2211496,21.0821042,91.2,36.97,-0.007,0.012,0.968,0,36.78662094681942,13.0,61.02452783740003,0.0,2.0
12790,2026-05-11 14:56:30.100000+00:00,52.2211411,21.0821777,91.2,36.73,-0.006,0.009,0.975,0,36.68565354482457,13.0,55.99386915890453,0.0,2.0
12795,2026-05-11 14:56:30.600000+00:00,52.2211324,21.082251,91.2,36.8,-0.004,0.014,0.968,0,36.619393271997346,13.0,50.98071584334652,0.0,2.0
12800,2026-05-11 14:56:31.100000+00:00,52.2211243,21.0823241,91.3,36.61,0.001,0.016,0.977,0,36.43454568429396,13.0,46.021493456627326,0.0,2.0
12805,2026-05-11 14:56:31.600000+00:00,52.2211147,21.0823968,91.3,36.95,0.001,0.02,0.971,0,36.4755426280521,13.0,41.044847238314276,0.0,2.0
12810,2026-05-11 14:56:32.100000+00:00,52.2211047,21.0824695,91.4,36.38,-0.001,0.018,0.956,0,36.54436952217937,13.0,36.07418436199915,0.0,2.0
12815,2026-05-11 14:56:32.600000+00:00,52.2210955,21.0825416,91.4,36.28,-0.008,0.015,0.988,0,36.12128141095238,13.0,31.21439928448903,0.0,2.0
12820,2026-05-11 14:56:33.100000+00:00,52.2210865,21.0826135,91.4,36.14,-0.01,0.017,0.964,0,35.992866297313874,13.0,26.436361846455508,0.0,2.0
12825,2026-05-11 14:56:33.600000+00:00,52.2210776,21.0826844,91.4,35.68,-0.016,0.02,0.971,0,35.496317154165496,13.0,21.82036570461952,0.0,2.0
12830,2026-05-11 14:56:34.100000+00:00,52.221069,21.0827546,91.4,35.01,-0.015,0.02,0.975,0,35.11216941702337,13.0,17.435665581085964,0.0,2.0
12835,2026-05-11 14:56:34.600000+00:00,52.2210603,21.0828241,91.4,34.73,-0.017,0.019,0.979,0,34.79152212160387,13.0,13.417118925985532,0.0,2.0
12840,2026-05-11 14:56:35.100000+00:00,52.2210514,21.0828929,91.5,34.45,-0.021,0.02,0.972,0,34.48794924850175,13.0,10.13309043305851,0.0,2.0
12845,2026-05-11 14:56:35.600000+00:00,52.2210427,21.0829608,91.5,34.3,-0.016,0.027,0.977,0,34.02304409237531,13.0,8.455748555571517,0.0,2.0
12850,2026-05-11 14:56:36.100000+00:00,52.221034,21.0830279,91.5,33.6,-0.013,0.029,0.956,0,33.639086130161914,13.0,9.186425103982845,0.0,2.0
12855,2026-05-11 14:56:36.600000+00:00,52.2210254,21.083094,91.6,33.06,-0.015,0.026,0.983,0,33.14268911058932,13.0,11.820834316622625,0.0,2.0
12860,2026-05-11 14:56:37.100000+00:00,52.2210169,21.0831592,91.6,32.41,-0.016,0.02,0.972,0,32.69427914279691,13.0,15.356293129667842,0.0,2.0
12865,2026-05-11 14:56:37.600000+00:00,52.2210082,21.0832232,91.7,31.74,-0.018,0.029,0.966,0,32.15315923704485,13.0,19.232104557725474,0.0,2.0
12870,2026-05-11 14:56:38.100000+00:00,52.2209999,21.0832863,91.7,31.45,-0.024,0.024,0.972,0,31.653600526917852,13.0,23.266277412972062,0.0,2.0
12875,2026-05-11 14:56:38.600000+00:00,52.2209912,21.0833485,91.7,31.37,-0.017,0.02,0.976,0,31.29188420901239,13.0,27.346647339984912,0.0,2.0
12880,2026-05-11 14:56:39.100000+00:00,52.2209828,21.0834075,91.7,28.98,-0.123,0.048,0.977,0,29.708542271913664,13.0,31.28238743031671,0.0,2.0
12885,2026-05-11 14:56:39.600000+00:00,52.2209746,21.0834624,91.8,26.82,-0.13,0.054,0.955,0,27.715214346639247,13.0,34.983012794229985,0.0,2.0
12890,2026-05-11 14:56:40.100000+00:00,52.2209674,21.0835107,91.8,23.43,-0.17,0.077,0.997,0,24.380642807856603,13.0,38.26302860639015,0.0,2.0
12895,2026-05-11 14:56:40.600000+00:00,52.2209609,21.0835529,91.7,20.61,-0.135,0.062,0.959,0,21.341759346795097,13.0,41.14326119907287,0.0,2.0
12900,2026-05-11 14:56:41.100000+00:00,52.2209553,21.0835897,91.7,17.72,-0.145,0.063,0.986,0,18.597578313641318,13.0,43.66387441943321,0.0,2.0
12905,2026-05-11 14:56:41.600000+00:00,52.2209504,21.0836222,91.7,15.58,-0.097,0.048,0.971,0,16.415720810995033,13.0,45.89552441146699,0.0,2.0
12910,2026-05-11 14:56:42.100000+00:00,52.2209458,21.0836513,91.8,14.23,-0.086,0.053,0.972,0,14.739990690722772,13.0,47.898729217381145,0.0,2.0
12915,2026-05-11 14:56:42.600000+00:00,52.2209421,21.083676,91.8,11.8,-0.101,0.059,0.982,0,12.471372340407637,13.0,49.60059006325735,0.0,2.0
12920,2026-05-11 14:56:43.100000+00:00,52.2209388,21.0836963,91.8,9.41,-0.117,0.053,0.977,0,10.300995832183183,13.0,51.00257512350463,0.0,2.0
12925,2026-05-11 14:56:43.600000+00:00,52.2209365,21.0837127,91.8,7.67,-0.074,0.046,0.981,0,8.251693581714953,13.0,52.13368895669699,0.0,2.0
12930,2026-05-11 14:56:44.100000+00:00,52.2209346,21.0837269,91.8,7.01,-0.029,0.029,0.971,0,7.128776200250627,13.0,53.112895123413196,0.0,2.0
12935,2026-05-11 14:56:44.600000+00:00,52.2209326,21.0837404,91.8,6.7,0.001,0.013,0.968,0,6.8121262570115615,13.0,54.04571892387878,0.0,2.0
12940,2026-05-11 14:56:45.100000+00:00,52.2209301,21.0837536,91.7,6.64,-0.003,-0.011,0.98,0,6.776458798779638,13.0,54.96273978596817,0.0,2.0
12945,2026-05-11 14:56:45.600000+00:00,52.2209276,21.0837667,91.7,6.74,0.007,0.017,0.982,0,6.729616486313344,13.0,55.87377290136776,0.0,2.0
12950,2026-05-11 14:56:46.100000+00:00,52.2209253,21.0837798,91.6,6.72,0.011,0.018,0.974,0,6.683742606091501,13.0,56.7837539083018,0.0,2.0
12955,2026-05-11 14:56:46.600000+00:00,52.220923,21.0837947,91.7,8.24,0.065,-0.002,0.969,0,7.536339360480349,13.0,57.816493917300036,0.0,2.0
12960,2026-05-11 14:56:47.100000+00:00,52.2209203,21.0838115,91.5,8.38,0.092,-0.013,0.97,0,8.518626729454875,13.0,58.98256015525982,0.0,2.0
12965,2026-05-11 14:56:47.600000+00:00,52.2209176,21.0838305,91.4,9.5,0.076,0.001,0.974,0,9.566250898711841,13.0,60.29853284625701,0.0,2.0
12970,2026-05-11 14:56:48.100000+00:00,52.2209146,21.0838526,91.2,11.67,0.084,-0.022,0.961,0,11.102179603115964,13.0,61.82842437123021,0.0,2.0
12975,2026-05-11 14:56:48.600000+00:00,52.2209106,21.0838789,91.1,13.75,0.085,-0.014,0.974,0,13.290797424112192,13.0,63.65451609011656,0.0,2.0
12980,2026-05-11 14:56:49.100000+00:00,52.2209063,21.0839091,91.1,15.69,0.033,-0.03,0.975,0,15.206832321456973,13.0,65.74941036321218,0.0,2.0
12985,2026-05-11 14:56:49.600000+00:00,52.2209014,21.0839422,91.2,17.13,0.09,-0.02,0.966,0,16.7016382184996,13.0,68.04891630722736,0.0,2.0
12990,2026-05-11 14:56:50.100000+00:00,52.220896,21.083979,91.2,19.18,0.154,-0.017,0.969,0,18.559651547377527,13.0,70.60642219227287,0.0,2.0
12995,2026-05-11 14:56:50.600000+00:00,52.2208898,21.0840189,91.2,20.62,0.073,-0.001,0.969,0,20.189250827369953,13.0,73.38544899865867,0.0,2.0
13000,2026-05-11 14:56:51.100000+00:00,52.2208835,21.0840611,91.3,21.72,0.06,-0.003,0.968,0,21.30331698306315,13.0,76.32317641576189,0.0,2.0
13005,2026-05-11 14:56:51.600000+00:00,52.2208771,21.0841057,91.4,22.98,0.068,0.004,0.976,0,22.466821328366205,13.0,79.42605877550669,0.0,2.0
13010,2026-05-11 14:56:52.100000+00:00,52.2208705,21.0841526,91.5,24.16,0.071,0.015,0.966,0,23.601900517078114,,82.68849953773174,0.0,2.0
13015,2026-05-11 14:56:52.600000+00:00,52.220864,21.0842017,91.6,25.39,0.033,0.006,0.958,0,24.637687113728646,,86.09917565682892,0.0,2.0
13020,2026-05-11 14:56:53.100000+00:00,52.2208571,21.0842531,91.5,26.31,0.065,-0.026,0.967,0,25.8080591165445,,89.67198264855924,0.0,2.0
13025,2026-05-11 14:56:53.600000+00:00,52.2208493,21.0843068,91.6,27.55,0.089,-0.009,0.975,0,27.068168467835925,,93.41480500413864,0.0,2.0
13030,2026-05-11 14:56:54.100000+00:00,52.2208409,21.084362,91.6,28.17,0.118,0.03,0.981,0,27.896434324466416,,97.2696310109948,0.0,2.0
13035,2026-05-11 14:56:54.600000+00:00,52.2208325,21.0844193,91.6,29.1,0.054,0.015,0.954,0,28.89710641736096,,101.26744346573166,0.0,2.0
13040,2026-05-11 14:56:55.100000+00:00,52.2208241,21.0844777,91.6,29.5,0.031,0.013,0.979,0,29.422078004604327,,105.34052396374423,0.0,2.0
13045,2026-05-11 14:56:55.600000+00:00,52.2208153,21.0845375,91.7,30.21,0.057,0.01,0.971,0,30.164153060036877,,109.51567617555115,0.0,2.0
13050,2026-05-11 14:56:56.100000+00:00,52.2208067,21.0845986,91.8,30.82,0.039,0.01,0.969,0,30.74823878285157,,113.77585526790996,0.0,2.0
13055,2026-05-11 14:56:56.600000+00:00,52.2207976,21.0846612,91.8,31.74,0.055,0.016,0.969,0,31.55570299777067,,118.14651929847092,0.0,2.0
13060,2026-05-11 14:56:57.100000+00:00,52.2207891,21.0847252,92.0,32.41,0.053,0.005,0.965,0,32.11900454553625,,122.60137318050143,0.0,2.0
13065,2026-05-11 14:56:57.600000+00:00,52.2207795,21.0847906,92.1,33.09,0.026,-0.002,0.969,0,32.984417141017765,,127.17074627694267,0.0,2.0
13070,2026-05-11 14:56:58.100000+00:00,52.2207695,21.0848572,92.2,33.73,0.049,-0.007,0.965,0,33.63185440684288,,131.82894844519654,0.0,2.0
13075,2026-05-11 14:56:58.600000+00:00,52.2207586,21.0849251,92.2,34.5,0.057,0.003,0.966,0,34.42702593382577,,136.59225905756787,0.0,2.0
13080,2026-05-11 14:56:59.100000+00:00,52.220748,21.0849936,92.3,34.76,0.016,0.001,0.976,0,34.652180676884264,,141.39131143847982,0.0,2.0
13085,2026-05-11 14:56:59.600000+00:00,52.2207367,21.0850622,92.3,35.14,0.004,-0.003,0.975,0,34.84104233767794,,146.21159033839183,0.0,2.0
13090,2026-05-11 14:57:00.100000+00:00,52.2207251,21.0851306,92.4,35.0,-0.013,0.0,0.973,0,34.809639121559,,151.0256016533543,0.0,2.0
13095,2026-05-11 14:57:00.600000+00:00,52.2207139,21.0851985,92.3,34.89,0.0,0.021,0.97,0,34.48872198012686,,155.79935429982848,0.0,2.0
13100,2026-05-11 14:57:01.100000+00:00,52.2207029,21.0852663,92.3,34.58,-0.003,0.033,0.968,0,34.40003257661743,,160.56331588439656,0.0,2.0
13105,2026-05-11 14:57:01.600000+00:00,52.220692,21.0853338,92.4,34.62,0.0,0.03,0.963,0,34.2373309162137,,165.3059359539383,0.0,2.0
13110,2026-05-11 14:57:02.100000+00:00,52.2206811,21.0854008,92.3,34.12,0.001,0.015,0.963,0,34.00026240343894,,170.0157997323046,0.0,2.0
13115,2026-05-11 14:57:02.600000+00:00,52.22067,21.0854676,92.2,34.52,0.006,0.012,0.975,0,33.94703660795531,,174.71715783827028,0.0,2.0
13120,2026-05-11 14:57:03.100000+00:00,52.2206584,21.0855347,92.1,34.41,0.011,0.0,0.964,0,34.19561417982367,,179.44991053811773,0.0,2.0
13125,2026-05-11 14:57:03.600000+00:00,52.220647,21.0856023,92.2,34.73,0.013,-0.003,0.97,0,34.388860846020386,,184.21264175869402,0.0,2.0
13130,2026-05-11 14:57:04.100000+00:00,52.2206353,21.0856703,92.1,35.39,0.019,0.004,0.975,0,34.64223009931599,,189.0092883553483,0.0,2.0
13135,2026-05-11 14:57:04.600000+00:00,52.2206235,21.0857393,92.0,35.51,0.019,0.003,0.965,0,35.13612798838015,,184.44940547516305,0.0,2.0
13140,2026-05-11 14:57:05.100000+00:00,52.2206115,21.0858095,92.0,36.13,0.024,0.002,0.97,0,35.74607710490457,,179.50135619251375,0.0,2.0
13145,2026-05-11 14:57:05.600000+00:00,52.220599,21.0858806,92.0,36.53,0.038,0.009,0.98,0,36.27983437824915,,174.47736549199507,0.0,2.0
13150,2026-05-11 14:57:06.100000+00:00,52.2205863,21.0859526,92.0,37.03,0.009,0.012,0.969,0,36.74832147884612,,169.38904438868522,0.0,2.0
13155,2026-05-11 14:57:06.600000+00:00,52.2205733,21.0860242,92.0,36.86,0.003,0.021,0.974,0,36.62736661211307,,164.31535584472894,0.0,2.0
13160,2026-05-11 14:57:07.100000+00:00,52.22056,21.0860953,91.8,36.44,-0.011,0.025,0.961,0,36.46173381724899,,159.2624688314038,0.0,2.0
13165,2026-05-11 14:57:07.600000+00:00,52.2205471,21.0861657,91.8,36.22,-0.015,0.028,0.985,0,36.04044976153066,,154.2707710312518,0.0,2.0
13170,2026-05-11 14:57:08.100000+00:00,52.2205341,21.0862355,91.8,35.57,-0.015,0.023,0.966,0,35.78182426373957,,149.31411801509796,0.0,2.0
13175,2026-05-11 14:57:08.600000+00:00,52.2205214,21.0863046,91.8,35.17,-0.012,0.034,0.978,0,35.38372734143748,,144.41490067035016,0.0,2.0
13180,2026-05-11 14:57:09.100000+00:00,52.2205086,21.0863729,91.7,35.11,-0.013,0.037,0.972,0,35.03142800778213,,139.56341366251687,0.0,2.0
13185,2026-05-11 14:57:09.600000+00:00,52.2204964,21.0864405,91.8,34.43,-0.018,0.033,0.974,0,34.564470523047405,,134.78183042416651,0.0,2.0
13190,2026-05-11 14:57:10.100000+00:00,52.2204837,21.0865068,91.8,34.15,-0.014,0.031,0.958,0,34.07064675106259,,130.063253250939,0.0,2.0
13195,2026-05-11 14:57:10.600000+00:00,52.2204713,21.0865723,91.8,33.56,-0.031,0.029,0.983,0,33.62466987561051,,125.40870193256693,0.0,2.0
13200,2026-05-11 14:57:11.100000+00:00,52.2204592,21.0866354,91.8,31.83,-0.094,0.067,0.969,0,32.42932847408771,,120.91937249758077,0.0,2.0
13205,2026-05-11 14:57:11.600000+00:00,52.220448,21.0866943,91.9,29.47,-0.12,0.08,0.98,0,30.248266078335273,,116.7338696651661,0.0,2.0
13210,2026-05-11 14:57:12.100000+00:00,52.2204373,21.0867502,92.0,28.61,-0.024,0.039,0.955,0,28.724386223703338,,112.75963358248666,0.0,2.0
13215,2026-05-11 14:57:12.600000+00:00,52.220427,21.0868048,92.0,27.54,-0.049,0.037,0.992,0,28.020529236981428,,108.88536869105441,0.0,2.0
13220,2026-05-11 14:57:13.100000+00:00,52.220417,21.0868579,92.0,26.92,-0.026,0.046,0.967,0,27.24673012757924,,105.11951273559596,0.0,2.0
13225,2026-05-11 14:57:13.600000+00:00,52.2204068,21.08691,92.0,26.39,-0.021,0.038,0.976,0,26.82661184623752,,101.4090079073117,0.0,2.0
13230,2026-05-11 14:57:14.100000+00:00,52.220397,21.0869607,91.9,25.88,-0.018,0.038,0.962,0,26.075239679504424,,97.8048566828789,0.0,2.0
13235,2026-05-11 14:57:14.600000+00:00,52.2203876,21.0870108,92.0,25.33,-0.02,0.042,0.972,0,25.699156315117868,,94.25724223292241,0.0,2.0
13240,2026-05-11 14:57:15.100000+00:00,52.2203782,21.0870596,92.0,24.76,-0.014,0.044,0.974,0,25.090195914595064,,90.79241259619636,0.0,2.0
13245,2026-05-11 14:57:15.600000+00:00,52.2203692,21.0871074,92.0,24.39,-0.013,0.036,0.968,0,24.52676971819124,,87.40947949352427,0.0,2.0
13250,2026-05-11 14:57:16.100000+00:00,52.2203605,21.0871546,92.0,24.02,-0.016,0.034,0.975,0,24.175341167022548,,84.07941448597452,0.0,2.0
13255,2026-05-11 14:57:16.600000+00:00,52.2203516,21.0872007,92.1,23.46,-0.015,0.033,0.964,0,23.706849261395742,,80.81056736101232,0.0,2.0
13260,2026-05-11 14:57:17.100000+00:00,52.2203426,21.0872459,92.0,23.48,-0.011,0.028,0.977,0,23.310840552397707,14.0,77.59471996861316,0.0,2.0
13265,2026-05-11 14:57:17.600000+00:00,52.2203334,21.08729,92.0,22.55,-0.059,0.031,0.965,0,22.849468821213954,14.0,74.43921619119402,0.0,2.0
13270,2026-05-11 14:57:18.100000+00:00,52.2203248,21.0873311,92.0,20.88,-0.068,0.041,0.971,0,21.30176735551217,14.0,71.49858087057524,0.0,2.0
13275,2026-05-11 14:57:18.600000+00:00,52.2203166,21.0873703,91.9,19.95,-0.034,0.02,0.98,0,20.31638802930753,14.0,68.69543951256622,0.0,2.0
13280,2026-05-11 14:57:19.100000+00:00,52.2203085,21.0874084,91.9,19.47,-0.036,0.014,0.98,0,19.780192008734254,14.0,65.96617065252708,0.0,2.0
13285,2026-05-11 14:57:19.600000+00:00,52.2203005,21.0874445,91.9,18.37,-0.091,0.016,0.962,0,18.82882768174941,14.0,63.365700196910666,0.0,2.0
13290,2026-05-11 14:57:20.100000+00:00,52.2202929,21.0874774,92.0,16.86,-0.094,0.041,0.982,0,17.24555318165946,14.0,60.9816002053864,0.0,2.0
13295,2026-05-11 14:57:20.600000+00:00,52.2202857,21.0875071,92.0,15.18,-0.09,0.044,0.97,0,15.666053758401695,14.0,58.813345980831606,0.0,2.0
13300,2026-05-11 14:57:21.100000+00:00,52.2202787,21.0875329,92.1,13.04,-0.123,0.022,0.96,0,13.839625949349463,14.0,56.893183038729006,0.0,2.0
13305,2026-05-11 14:57:21.600000+00:00,52.2202725,21.087555,92.1,11.77,-0.077,0.03,0.995,0,11.921904951122524,14.0,55.23834579742811,0.0,2.0
13310,2026-05-11 14:57:22.100000+00:00,52.2202664,21.0875761,92.2,11.3,-0.008,0.022,0.956,0,11.443389488466035,14.0,53.649437439096516,0.0,2.0
13315,2026-05-11 14:57:22.600000+00:00,52.2202597,21.087597,92.1,11.42,-0.011,0.028,0.977,0,11.569489476106034,14.0,52.04280317542926,0.0,2.0
13320,2026-05-11 14:57:23.100000+00:00,52.2202528,21.0876179,92.2,11.59,-0.008,0.008,0.976,0,11.644593005661859,14.0,50.4262349743707,0.0,2.0
13325,2026-05-11 14:57:23.600000+00:00,52.2202456,21.0876388,92.2,11.77,0.005,0.012,0.974,0,11.760436445029999,14.0,48.794837196390915,0.0,2.0
13330,2026-05-11 14:57:24.100000+00:00,52.2202385,21.0876603,92.2,12.01,0.024,0.022,0.972,0,11.979617477974724,14.0,47.13190533514674,0.0,2.0
13335,2026-05-11 14:57:24.600000+00:00,52.2202311,21.0876841,92.2,13.64,0.112,0.022,0.962,0,13.090596505712643,14.0,45.31384012945974,0.0,2.0
13340,2026-05-11 14:57:25.100000+00:00,52.2202226,21.0877118,92.2,15.96,0.106,-0.038,0.96,0,15.19510862111149,14.0,43.20342487120869,0.0,2.0
13345,2026-05-11 14:57:25.600000+00:00,52.2202132,21.0877436,92.2,17.92,0.089,-0.035,0.985,0,17.317699449967773,14.0,40.79833614068455,0.0,2.0
13350,2026-05-11 14:57:26.100000+00:00,52.220203,21.0877798,92.3,20.64,0.102,-0.026,0.957,0,19.543020747986954,14.0,38.08532403999646,0.0,2.0
13355,2026-05-11 14:57:26.600000+00:00,52.220192,21.0878197,92.3,22.14,0.07,-0.019,0.986,0,21.46010225740805,14.0,35.107368089836456,0.0,2.0
13360,2026-05-11 14:57:27.100000+00:00,52.2201813,21.0878613,92.1,22.14,0.002,0.014,0.933,0,22.1290203934997,14.0,32.04190429282116,0.0,2.0
13365,2026-05-11 14:57:27.600000+00:00,52.2201711,21.0879028,92.1,21.82,-0.048,0.013,0.979,0,21.931633842459977,14.0,29.009941262637398,0.0,2.0
13370,2026-05-11 14:57:28.100000+00:00,52.2201617,21.0879437,92.1,21.28,-0.053,0.003,0.995,0,21.425520675533278,14.0,26.05953918572134,0.0,2.0
13375,2026-05-11 14:57:28.600000+00:00,52.2201528,21.0879839,92.0,20.9,-0.03,-0.004,0.962,0,20.965005672638316,14.0,23.184524965486826,0.0,2.0
13380,2026-05-11 14:57:29.100000+00:00,52.2201441,21.0880236,92.1,20.29,-0.034,0.003,0.949,0,20.680060289125123,14.0,20.360638592245447,0.0,2.0
13385,2026-05-11 14:57:29.600000+00:00,52.2201356,21.0880625,92.1,20.08,-0.054,-0.004,0.98,0,20.256689280990745,14.0,17.61031550962651,0.0,2.0
13390,2026-05-11 14:57:30.100000+00:00,52.2201281,21.0880984,92.0,18.05,-0.128,0.019,0.985,0,18.603644332113543,14.0,15.114730162977567,0.0,2.0
13395,2026-05-11 14:57:30.600000+00:00,52.2201214,21.0881308,92.1,16.06,-0.136,0.012,0.94,0,16.772223268303552,14.0,12.897041293169393,0.0,2.0
13400,2026-05-11 14:57:31.100000+00:00,52.2201153,21.0881601,92.0,15.0,-0.105,0.01,0.984,0,15.178017969279962,14.0,10.928617697381185,0.0,2.0
13405,2026-05-11 14:57:31.600000+00:00,52.2201098,21.0881859,92.2,12.44,-0.136,0.017,0.967,0,13.398446135183363,14.0,9.23613512001623,0.0,2.0
13410,2026-05-11 14:57:32.100000+00:00,52.220105,21.0882082,92.2,11.09,-0.146,0.011,0.98,0,11.593016988286909,14.0,7.8310304166004014,0.0,2.0
13415,2026-05-11 14:57:32.600000+00:00,52.220101,21.0882262,92.2,8.53,-0.161,0.013,0.966,0,9.391394042175376,14.0,6.752131719397197,0.0,2.0
13420,2026-05-11 14:57:33.100000+00:00,52.2200983,21.0882402,92.2,6.38,-0.164,0.031,0.969,0,7.198836568148831,14.0,6.016257108273375,0.0,2.0
13425,2026-05-11 14:57:33.600000+00:00,52.2200968,21.0882496,92.3,3.79,-0.161,0.024,0.976,0,4.764287825391794,14.0,5.600838674887386,0.0,2.0
13430,2026-05-11 14:57:34.100000+00:00,52.2200961,21.088254,92.3,1.36,-0.189,0.032,0.969,0,2.2296634660083394,14.0,5.4234445746559325,0.0,2.0
13435,2026-05-11 14:57:34.600000+00:00,52.2200965,21.0882543,92.4,0.19,-0.089,0.003,0.993,0,0.35242777672952735,14.0,5.45891478683312,0.0,2.0
13440,2026-05-11 14:57:35.100000+00:00,52.2200966,21.0882547,92.4,0.12,-0.022,-0.016,0.948,0,0.21189609766900516,14.0,5.46078710106746,0.0,2.0
13445,2026-05-11 14:57:35.600000+00:00,52.2200967,21.088255,92.5,0.06,-0.025,-0.013,0.98,0,0.1675125382510549,14.0,5.464936351138567,0.0,2.0
13450,2026-05-11 14:57:36.100000+00:00,52.2200968,21.0882553,92.5,0.15,-0.035,-0.018,0.974,0,0.1675125403940255,14.0,5.469181425813739,0.0,2.0
13455,2026-05-11 14:57:36.600000+00:00,52.220097,21.0882556,92.5,0.27,-0.028,-0.015,0.974,0,0.21746132668979823,14.0,5.4841175291491195,0.0,2.0
13460,2026-05-11 14:57:37.100000+00:00,52.2200973,21.0882558,92.6,0.14,-0.027,-0.016,0.977,0,0.2594407522878711,14.0,5.511825973614271,0.0,2.0
13465,2026-05-11 14:57:37.600000+00:00,52.2200972,21.0882558,92.5,0.19,-0.03,-0.015,0.974,0,0.08006034546355068,14.0,5.501216486048846,0.0,2.0
13470,2026-05-11 14:57:38.100000+00:00,52.2200974,21.088256,92.6,0.31,-0.03,-0.015,0.974,0,0.18777968804141923,14.0,5.518385721652706,0.0,2.0
13475,2026-05-11 14:57:38.600000+00:00,52.2200975,21.088256,92.5,0.1,-0.03,-0.018,0.974,0,0.08006034546355068,14.0,5.52900698883058,0.0,2.0
13480,2026-05-11 14:57:39.100000+00:00,52.2200974,21.0882559,92.4,0.39,-0.023,-0.016,0.976,0,0.09388984176287352,14.0,5.520407763772709,0.0,2.0
13485,2026-05-11 14:57:39.600000+00:00,52.2200977,21.088256,92.4,0.68,-0.034,-0.019,0.977,0,0.24513786672272503,14.0,5.550255377944523,0.0,2.0
13490,2026-05-11 14:57:40.100000+00:00,52.2200978,21.0882563,92.4,0.16,-0.027,-0.015,0.974,0,0.16751253748373682,14.0,5.554908467639408,0.0,2.0
13495,2026-05-11 14:57:40.600000+00:00,52.2200979,21.0882563,92.3,0.25,-0.031,-0.018,0.974,0,0.08006034546355068,14.0,5.5655488982227626,0.0,2.0
13500,2026-05-11 14:57:41.100000+00:00,52.2200981,21.0882564,92.3,0.2,-0.03,-0.016,0.973,0,0.16746426649222287,14.0,5.584870602922715,0.0,2.0
13505,2026-05-11 14:57:41.600000+00:00,52.2200982,21.0882563,92.2,0.18,-0.025,-0.017,0.974,0,0.09388984488669595,14.0,5.597481365309214,0.0,2.0
13510,2026-05-11 14:57:42.100000+00:00,52.2200982,21.0882563,92.3,0.25,-0.03,-0.016,0.975,0,0.0,14.0,5.597481365309214,0.0,2.0
13515,2026-05-11 14:57:42.600000+00:00,52.2200982,21.0882563,92.2,0.09,-0.032,-0.02,0.976,0,0.0,14.0,5.597481365309214,0.0,2.0
13520,2026-05-11 14:57:43.100000+00:00,52.2200982,21.0882566,92.2,0.3,-0.022,-0.02,0.985,0,0.1471420743509059,14.0,5.591621149271247,0.0,2.0
13525,2026-05-11 14:57:43.600000+00:00,52.2200977,21.0882589,92.1,1.58,0.074,-0.045,0.953,0,1.1970074453469248,14.0,5.4953071840112395,0.0,2.0
13530,2026-05-11 14:57:44.100000+00:00,52.2200965,21.0882647,92.1,3.46,0.055,-0.04,0.968,0,3.002594797294321,14.0,5.274564676970361,0.0,2.0
13535,2026-05-11 14:57:44.600000+00:00,52.2200942,21.0882735,92.1,5.29,0.059,-0.041,0.966,0,4.69254878697273,14.0,4.934721466163856,0.0,2.0
13540,2026-05-11 14:57:45.100000+00:00,52.2200918,21.0882854,92.1,6.47,0.024,-0.032,0.968,0,6.144777212781307,14.0,4.662481913904966,0.0,2.0
13545,2026-05-11 14:57:45.600000+00:00,52.2200888,21.0882987,92.1,6.82,0.003,-0.015,0.973,0,6.951412334587877,14.0,4.498496800326347,0.0,2.0
13550,2026-05-11 14:57:46.100000+00:00,52.220086,21.0883133,92.1,7.7,0.002,-0.013,0.958,0,7.503591884632515,14.0,4.601084267305878,0.0,2.0
13555,2026-05-11 14:57:46.600000+00:00,52.2200829,21.0883287,92.1,7.98,-0.012,-0.021,0.978,0,7.950594648529669,14.0,4.938535720153813,0.0,2.0
13560,2026-05-11 14:57:47.100000+00:00,52.2200796,21.0883447,92.1,8.0,-0.03,0.0,0.967,0,8.28037652423291,14.0,5.5007963910293585,0.0,2.0
13565,2026-05-11 14:57:47.600000+00:00,52.2200767,21.0883596,92.1,7.36,-0.078,0.006,0.979,0,7.6680023066607665,14.0,6.182029625335194,0.0,2.0
13570,2026-05-11 14:57:48.100000+00:00,52.220074,21.0883726,91.9,6.43,-0.073,0.011,0.95,0,6.732611367683839,14.0,6.849322362464472,0.0,2.0
13575,2026-05-11 14:57:48.600000+00:00,52.220072,21.0883843,91.9,5.61,-0.088,0.001,0.991,0,5.957747286437176,14.0,7.514400514437308,0.0,2.0
13580,2026-05-11 14:57:49.100000+00:00,52.2200701,21.0883947,91.9,5.5,-0.034,-0.013,0.971,0,5.322908708216131,14.0,8.126896866242404,0.0,2.0
13585,2026-05-11 14:57:49.600000+00:00,52.2200681,21.0884058,91.8,6.12,0.002,0.003,0.961,0,5.67484221170982,14.0,8.80283661916913,0.0,2.0
13590,2026-05-11 14:57:50.100000+00:00,52.2200667,21.0884181,91.8,6.43,0.0,-0.003,0.982,0,6.1360672869901665,14.0,9.589084803595993,0.0,2.0
13595,2026-05-11 14:57:50.600000+00:00,52.2200653,21.0884314,91.8,6.7,-0.006,-0.014,0.963,0,6.618895675065528,14.0,10.452955144926914,0.0,2.0
13600,2026-05-11 14:57:51.100000+00:00,52.2200633,21.0884457,91.8,7.39,0.001,-0.001,0.971,0,7.194229593317924,14.0,11.384183521936201,0.0,2.0
13605,2026-05-11 14:57:51.600000+00:00,52.2200616,21.088461,91.7,7.78,0.003,-0.006,0.976,0,7.6266760176350115,14.0,12.397256428801928,0.0,2.0
13610,2026-05-11 14:57:52.100000+00:00,52.2200604,21.0884777,91.8,8.5,-0.001,-0.006,0.969,0,8.247065564255545,14.0,13.51715861848741,0.0,2.0
13615,2026-05-11 14:57:52.600000+00:00,52.2200592,21.0884955,91.7,8.93,-0.003,0.005,0.967,0,8.783138751262822,14.0,14.715761882745916,0.0,2.0
13620,2026-05-11 14:57:53.100000+00:00,52.2200578,21.0885137,91.8,8.54,-0.047,0.001,0.97,0,8.996719716153295,14.0,15.94357918842228,0.0,2.0
13625,2026-05-11 14:57:53.600000+00:00,52.2200568,21.0885293,91.8,6.87,-0.126,0.009,0.973,0,7.69316645306031,14.0,16.999489179050464,0.0,2.0
13630,2026-05-11 14:57:54.100000+00:00,52.2200557,21.088541,91.7,5.23,-0.111,0.017,0.992,0,5.805728432687436,14.0,17.79097895515369,0.0,2.0
13635,2026-05-11 14:57:54.600000+00:00,52.2200546,21.0885521,91.6,5.95,-0.007,0.002,0.963,0,5.515030175123376,14.0,18.542889287983744,0.0,2.0
13640,2026-05-11 14:57:55.100000+00:00,52.2200535,21.088564,91.6,6.29,0.01,-0.01,0.963,0,5.902707160456649,14.0,19.35039224859121,0.0,2.0
13645,2026-05-11 14:57:55.600000+00:00,52.2200516,21.0885772,91.5,6.73,0.006,-0.014,0.967,0,6.6505565690536335,14.0,20.246462801661778,0.0,2.0
13650,2026-05-11 14:57:56.100000+00:00,52.2200498,21.0885918,91.5,7.48,0.007,0.004,0.978,0,7.304487162221133,14.0,21.240265666541088,0.0,2.0
13655,2026-05-11 14:57:56.600000+00:00,52.2200481,21.0886071,91.4,7.68,0.004,0.008,0.979,0,7.626678263683934,14.0,22.283513495809817,0.0,2.0
13660,2026-05-11 14:57:57.100000+00:00,52.220046,21.088623,91.3,8.37,0.014,0.006,0.963,0,7.9777107640304,14.0,23.36987580146,0.0,2.0
13665,2026-05-11 14:57:57.600000+00:00,52.2200438,21.0886402,91.3,9.32,0.034,-0.015,0.974,0,8.618062338223236,14.0,24.547014683678345,0.0,2.0
13670,2026-05-11 14:57:58.100000+00:00,52.220041,21.0886603,91.3,10.89,0.045,-0.032,0.968,0,10.110183657817345,14.0,25.925894865875936,0.0,2.0
13675,2026-05-11 14:57:58.600000+00:00,52.2200375,21.0886823,91.3,11.41,0.013,0.015,0.978,0,11.148330783575975,14.0,27.440469653219875,0.0,2.0
13680,2026-05-11 14:57:59.100000+00:00,52.2200337,21.0887052,91.2,12.11,0.024,0.017,0.959,0,11.636590818362347,14.0,29.02187838327812,0.0,2.0
13685,2026-05-11 14:57:59.600000+00:00,52.2200295,21.088729,91.2,12.5,0.002,0.007,0.981,0,12.147934344518813,14.0,30.67134119114505,0.0,2.0
13690,2026-05-11 14:58:00.100000+00:00,52.2200249,21.0887538,91.1,13.26,0.021,0.012,0.975,0,12.709051887654276,14.0,32.39637849483119,0.0,2.0
13695,2026-05-11 14:58:00.600000+00:00,52.2200196,21.0887805,91.1,14.31,0.029,-0.016,0.962,0,13.765944474200605,14.0,34.261936089634645,0.0,2.0
13700,2026-05-11 14:58:01.100000+00:00,52.2200135,21.0888102,91.1,16.03,0.074,-0.009,0.967,0,15.36393554846308,14.0,36.3453035963063,0.0,2.0
13705,2026-05-11 14:58:01.600000+00:00,52.2200066,21.0888429,91.1,17.59,0.136,0.008,0.971,0,16.963208574932064,14.0,38.64803613670871,0.0,2.0
13710,2026-05-11 14:58:02.100000+00:00,52.2199988,21.0888789,91.0,19.5,0.088,-0.017,0.97,0,18.72883029457145,14.0,41.19324726175978,0.0,2.0
13715,2026-05-11 14:58:02.600000+00:00,52.2199903,21.0889188,90.9,21.26,0.063,0.0,0.957,0,20.719372592287954,14.0,44.019407733220454,0.0,2.0
13720,2026-05-11 14:58:03.100000+00:00,52.219981,21.0889608,90.9,22.45,0.048,0.002,0.974,0,21.904218278431436,14.0,47.00745483165225,0.0,2.0
13725,2026-05-11 14:58:03.600000+00:00,52.2199713,21.0890049,90.9,23.51,0.042,-0.006,0.971,0,22.981796648276678,14.0,50.1506586728095,0.0,2.0
13730,2026-05-11 14:58:04.100000+00:00,52.2199611,21.0890513,90.8,24.68,0.055,0.007,0.976,0,24.178803971004708,14.0,53.463905439171874,0.0,2.0
13735,2026-05-11 14:58:04.600000+00:00,52.2199504,21.0891,90.7,25.71,0.072,0.007,0.974,0,25.375812759535798,14.0,56.946926860781794,0.0,2.0
13740,2026-05-11 14:58:05.100000+00:00,52.2199394,21.0891517,90.7,27.35,0.062,0.0,0.972,0,26.84331048818788,14.0,60.64163205517906,0.0,2.0
13745,2026-05-11 14:58:05.600000+00:00,52.2199277,21.0892056,90.6,28.44,0.046,0.001,0.965,0,28.047048251286217,14.0,64.5031011974327,0.0,2.0
13750,2026-05-11 14:58:06.100000+00:00,52.2199158,21.089261,90.7,29.21,0.032,0.009,0.968,0,28.794157078127665,14.0,68.47299702933132,0.0,2.0
13755,2026-05-11 14:58:06.600000+00:00,52.2199034,21.0893178,90.7,30.01,0.041,0.006,0.981,0,29.57498585875584,14.0,72.55153297384953,0.0,2.0
13760,2026-05-11 14:58:07.100000+00:00,52.2198903,21.0893762,90.7,31.08,0.05,0.006,0.982,0,30.503486615591093,14.0,76.75720794380095,0.0,2.0
13765,2026-05-11 14:58:07.600000+00:00,52.2198775,21.0894363,90.7,31.41,0.035,0.001,0.969,0,31.208092249399012,,81.07071226444445,0.0,2.0
13770,2026-05-11 14:58:08.100000+00:00,52.219864,21.0894974,90.6,32.21,0.016,0.011,0.952,0,31.85753309648548,,85.47125229514816,0.0,2.0
13775,2026-05-11 14:58:08.600000+00:00,52.2198504,21.0895592,90.6,32.22,0.006,0.044,0.988,0,32.20770024241168,,89.9231165310789,0.0,2.0
13780,2026-05-11 14:58:09.100000+00:00,52.219837,21.0896216,90.6,32.55,0.014,0.045,0.965,0,32.43150254161898,,94.41099009948533,0.0,2.0
13785,2026-05-11 14:58:09.600000+00:00,52.2198235,21.089684,90.6,32.71,0.007,0.032,0.964,0,32.45808254923164,,98.90319670165272,0.0,2.0
13790,2026-05-11 14:58:10.100000+00:00,52.2198098,21.0897466,90.6,32.69,0.0,0.015,0.992,0,32.604121453478044,,103.41568982605774,0.0,2.0
13795,2026-05-11 14:58:10.600000+00:00,52.2197959,21.0898096,90.6,32.79,0.007,0.013,0.979,0,32.84286172455722,,107.96163119069294,0.0,2.0
13800,2026-05-11 14:58:11.100000+00:00,52.2197822,21.0898729,90.6,33.03,0.018,0.014,0.959,0,32.92766522753342,,112.52265341084208,0.0,2.0
13805,2026-05-11 14:58:11.600000+00:00,52.2197684,21.0899361,90.6,32.98,0.005,0.03,0.962,0,32.90822400941795,,117.08104327095096,0.0,2.0
13810,2026-05-11 14:58:12.100000+00:00,52.2197542,21.0899995,90.5,33.31,0.016,0.021,0.972,0,33.10924059727748,,121.66548560129941,0.0,2.0
13815,2026-05-11 14:58:12.600000+00:00,52.2197404,21.0900636,90.5,33.67,0.019,0.036,0.974,0,33.32438011620992,,126.28469376708337,0.0,2.0
13820,2026-05-11 14:58:13.100000+00:00,52.2197259,21.090128,90.4,34.09,0.013,0.027,0.975,0,33.65243501660917,,130.94560360607622,0.0,2.0
13825,2026-05-11 14:58:13.600000+00:00,52.219712,21.0901929,90.4,33.69,0.019,0.032,0.964,0,33.72117600530662,,135.62162994442482,0.0,2.0
13830,2026-05-11 14:58:14.100000+00:00,52.2196981,21.0902584,90.4,34.25,0.019,0.027,0.97,0,33.99912398988717,,140.33740779950995,0.0,2.0
13835,2026-05-11 14:58:14.600000+00:00,52.2196842,21.0903248,90.4,34.86,0.028,0.025,0.973,0,34.41655116222746,,145.11244933080488,0.0,2.0
13840,2026-05-11 14:58:15.100000+00:00,52.2196703,21.0903916,90.4,34.7,0.014,0.018,0.963,0,34.60227114605889,,149.9139589022663,0.0,2.0
13845,2026-05-11 14:58:15.600000+00:00,52.2196561,21.0904585,90.5,34.77,0.002,0.017,0.99,0,34.72661224947205,,154.7317146965998,0.0,2.0
13850,2026-05-11 14:58:16.100000+00:00,52.2196415,21.0905251,90.6,34.8,-0.003,0.029,0.971,0,34.694198757708044,,159.54286326885958,0.0,2.0
13855,2026-05-11 14:58:16.600000+00:00,52.2196274,21.090592,90.5,34.71,0.007,0.026,0.936,0,34.70050516820315,,164.3581286859179,0.0,2.0
13860,2026-05-11 14:58:17.100000+00:00,52.219613,21.0906589,90.6,35.05,0.008,0.019,0.999,0,34.77939056910066,,169.18321627403918,0.0,2.0
13865,2026-05-11 14:58:17.600000+00:00,52.2195982,21.0907259,90.6,35.18,0.018,0.017,0.958,0,34.93299910141961,,174.02796209593367,0.0,2.0
13870,2026-05-11 14:58:18.100000+00:00,52.2195835,21.090793,90.6,35.06,0.005,0.038,0.991,0,34.95211489397937,,178.8763865796172,0.0,2.0
13875,2026-05-11 14:58:18.600000+00:00,52.2195688,21.0908602,90.6,35.0,0.004,0.042,0.955,0,34.99831292162564,,183.73164838726257,0.0,2.0
13880,2026-05-11 14:58:19.100000+00:00,52.2195536,21.0909263,90.5,35.04,0.004,0.04,0.965,0,34.62932684909143,,188.53181414527305,0.0,2.0
13885,2026-05-11 14:58:19.600000+00:00,52.21954,21.0909931,90.6,34.78,0.0,0.036,0.986,0,34.52586719605214,,193.3257607856373,0.0,2.0
13890,2026-05-11 14:58:20.100000+00:00,52.2195257,21.091059,90.6,34.54,-0.005,0.023,0.948,0,34.290274347428074,,198.08406675263927,0.0,2.0
13895,2026-05-11 14:58:20.600000+00:00,52.2195115,21.0911247,90.7,34.41,-0.01,0.04,0.991,0,34.17111373215361,,202.82627278888788,0.0,2.0
13900,2026-05-11 14:58:21.100000+00:00,52.2194973,21.0911899,90.8,33.54,0.001,0.034,0.965,0,33.939951692506355,,207.5361197770347,0.0,2.0
13905,2026-05-11 14:58:21.600000+00:00,52.2194832,21.0912546,90.8,33.76,0.002,0.033,0.965,0,33.6820717580016,,212.21032074370243,0.0,2.0
13910,2026-05-11 14:58:22.100000+00:00,52.2194691,21.0913191,90.8,33.38,0.0,0.038,0.97,0,33.5896746167844,,216.87168377810698,0.0,2.0
13915,2026-05-11 14:58:22.600000+00:00,52.2194553,21.0913831,90.8,33.25,-0.019,0.034,0.971,0,33.27830049187591,,221.49074259412785,0.0,2.0
13920,2026-05-11 14:58:23.100000+00:00,52.2194418,21.0914463,90.8,32.67,-0.013,0.04,0.977,0,32.82858260269214,,226.04793975436053,0.0,2.0
13925,2026-05-11 14:58:23.600000+00:00,52.2194282,21.091509,90.9,32.64,-0.002,0.04,0.981,0,32.62375610615746,,230.57607039451506,0.0,2.0
13930,2026-05-11 14:58:24.100000+00:00,52.2194143,21.0915711,90.9,32.46,0.003,0.032,0.956,0,32.42813609411075,,235.07536185545115,0.0,2.0
13935,2026-05-11 14:58:24.600000+00:00,52.2194003,21.0916334,90.9,32.77,0.01,0.036,0.974,0,32.54778510381337,,239.59117148794826,0.0,2.0
13940,2026-05-11 14:58:25.100000+00:00,52.2193877,21.0916961,91.1,32.1,0.001,0.041,0.98,0,32.36538122158658,,244.0861134973632,0.0,2.0
13945,2026-05-11 14:58:25.600000+00:00,52.2193748,21.0917585,91.1,32.41,0.006,0.039,0.96,0,32.301596912136965,,248.57165714011686,0.0,2.0
13950,2026-05-11 14:58:26.100000+00:00,52.2193614,21.0918206,91.1,32.34,0.001,0.036,0.963,0,32.292987569449245,,253.05456836957094,0.0,2.0
13955,2026-05-11 14:58:26.600000+00:00,52.2193479,21.091882,91.1,31.82,-0.015,0.052,0.974,0,31.996317339561912,,257.4954879824836,0.0,2.0
13960,2026-05-11 14:58:27.100000+00:00,52.2193355,21.0919428,91.0,31.36,-0.009,0.038,0.957,0,31.43031904973,,261.86043063227874,0.0,2.0
13965,2026-05-11 14:58:27.600000+00:00,52.2193224,21.0920028,90.9,30.93,-0.013,0.046,0.992,0,31.241923196938924,,266.19711067598917,0.0,2.0
13970,2026-05-11 14:58:28.100000+00:00,52.2193096,21.0920626,91.0,30.93,-0.012,0.037,0.954,0,31.069500164474164,,270.5107385698645,0.0,2.0
13975,2026-05-11 14:58:28.600000+00:00,52.2192974,21.0921198,90.9,29.21,-0.076,0.064,0.991,0,29.70719688274296,,274.6353917043495,0.0,2.0
13980,2026-05-11 14:58:29.100000+00:00,52.2192857,21.0921734,90.9,27.31,-0.099,0.082,0.959,0,27.908755618046886,,278.5095755540208,0.0,2.0
13985,2026-05-11 14:58:29.600000+00:00,52.2192758,21.0922245,91.0,26.04,-0.041,0.052,0.97,0,26.287034616160128,,282.1605260568977,0.0,2.0
13990,2026-05-11 14:58:30.100000+00:00,52.2192658,21.0922744,91.0,25.52,-0.02,0.033,0.965,0,25.75124286054258,,285.7370225445533,0.0,2.0
13995,2026-05-11 14:58:30.600000+00:00,52.2192554,21.0923231,91.0,25.13,-0.04,0.04,0.968,0,25.29609496206335,,289.24926197787255,0.0,2.0
14000,2026-05-11 14:58:31.100000+00:00,52.2192461,21.0923693,91.1,23.39,-0.077,0.079,0.98,0,23.852188063734733,,292.56198546683214,0.0,2.0
14005,2026-05-11 14:58:31.600000+00:00,52.2192374,21.0924114,91.1,20.77,-0.127,0.099,0.968,0,21.792424986138236,,295.5883834489749,0.0,2.0
14010,2026-05-11 14:58:32.100000+00:00,52.2192306,21.0924475,91.1,17.6,-0.175,0.103,0.988,0,18.524478692336583,,298.16103175195155,0.0,2.0
14015,2026-05-11 14:58:32.600000+00:00,52.2192246,21.0924778,91.0,15.06,-0.112,0.068,0.967,0,15.618679256773678,,300.3302882637919,0.0,2.0
14020,2026-05-11 14:58:33.100000+00:00,52.2192197,21.0925034,91.0,12.46,-0.146,0.079,0.976,0,13.154925065370362,,302.15730627899944,0.0,2.0
14025,2026-05-11 14:58:33.600000+00:00,52.2192159,21.0925239,91.0,9.82,-0.126,0.071,0.969,0,10.505080557079557,,303.61614185894996,0.0,2.0
14030,2026-05-11 14:58:34.100000+00:00,52.2192129,21.0925403,90.9,7.87,-0.095,0.059,0.99,0,8.394846738092975,,304.78185327775407,0.0,2.0
14035,2026-05-11 14:58:34.600000+00:00,52.2192105,21.0925531,90.9,6.02,-0.075,0.058,0.966,0,6.565637644242542,,305.6936658713758,0.0,2.0
14040,2026-05-11 14:58:35.100000+00:00,52.2192089,21.0925631,90.9,4.55,-0.067,0.063,0.981,0,5.069345986279503,,306.39668361800346,0.0,2.0
14045,2026-05-11 14:58:35.600000+00:00,52.2192078,21.0925698,90.9,2.56,-0.083,0.066,0.973,0,3.4021955360422256,,306.8686584526159,0.0,2.0
14050,2026-05-11 14:58:36.100000+00:00,52.2192072,21.092574,90.9,1.97,-0.028,0.047,0.981,0,2.1152949667413576,,307.1614856027552,0.0,2.0
14055,2026-05-11 14:58:36.600000+00:00,52.2192065,21.0925774,90.9,1.67,0.003,0.035,0.958,0,1.7592920831061898,,307.40580736664936,0.0,2.0
14060,2026-05-11 14:58:37.100000+00:00,52.2192067,21.0925801,90.9,0.88,-0.029,0.033,0.984,0,1.3339501664962328,,307.5741902742622,0.0,2.0
14065,2026-05-11 14:58:37.600000+00:00,52.2192067,21.0925813,90.8,0.54,-0.017,0.032,0.971,0,0.5885801121726604,,307.6520460754476,0.0,2.0
14070,2026-05-11 14:58:38.100000+00:00,52.2192069,21.0925816,90.7,0.13,-0.016,0.031,0.979,0,0.2174633221354698,,307.6647325479212,0.0,2.0
14075,2026-05-11 14:58:38.600000+00:00,52.219207,21.0925815,90.7,0.05,0.014,0.026,0.977,0,0.09389035036118036,,307.65485588171293,0.0,2.0
14080,2026-05-11 14:58:39.100000+00:00,52.2192071,21.0925815,90.6,0.09,0.008,0.028,0.976,0,0.08006035055627692,,307.6514678249761,0.0,2.0
14085,2026-05-11 14:58:39.600000+00:00,52.2192071,21.0925816,90.5,0.1,0.016,0.028,0.975,0,0.04904834119929528,,307.65795621318574,0.0,2.0
14090,2026-05-11 14:58:40.100000+00:00,52.2192071,21.0925815,90.4,0.14,0.014,0.029,0.978,0,0.04904834119929528,,307.6514678249761,0.0,2.0
14095,2026-05-11 14:58:40.600000+00:00,52.219207,21.0925815,90.4,0.04,0.006,0.027,0.975,0,0.08006035055627692,,307.65485588171293,0.0,2.0
14100,2026-05-11 14:58:41.100000+00:00,52.219207,21.0925815,90.4,0.18,0.004,0.028,0.977,0,0.0,,307.65485588171293,0.0,2.0
14105,2026-05-11 14:58:41.600000+00:00,52.2192072,21.0925816,90.3,0.06,0.007,0.027,0.978,0,0.16746455466240168,,307.6545685926818,0.0,2.0
14110,2026-05-11 14:58:42.100000+00:00,52.2192072,21.0925816,90.3,0.06,0.018,0.031,0.976,0,0.0,,307.6545685926818,0.0,2.0
14115,2026-05-11 14:58:42.600000+00:00,52.2192073,21.0925817,90.2,0.03,0.008,0.027,0.976,0,0.09389035968819015,,307.6576698818199,0.0,2.0
14120,2026-05-11 14:58:43.100000+00:00,52.2192074,21.0925816,90.2,0.05,0.015,0.031,0.977,0,0.09389035528792727,,307.6477944452463,0.0,2.0
14125,2026-05-11 14:58:43.600000+00:00,52.2192074,21.0925815,90.1,0.05,0.007,0.026,0.978,0,0.04904834086798015,,307.6413058427612,0.0,2.0
14130,2026-05-11 14:58:44.100000+00:00,52.2192075,21.0925815,90.0,0.05,0.019,0.031,0.977,0,0.08006035055627692,,307.63791924444087,0.0,2.0
14135,2026-05-11 14:58:44.600000+00:00,52.2192076,21.0925816,90.0,0.14,0.01,0.027,0.979,0,0.09389035001502218,,307.64102175649043,0.0,2.0
14140,2026-05-11 14:58:45.100000+00:00,52.2192077,21.0925817,90.0,0.03,0.011,0.029,0.975,0,0.09389035945741803,,307.644124789745,0.0,2.0
14145,2026-05-11 14:58:45.600000+00:00,52.2192079,21.0925818,90.0,0.1,0.013,0.028,0.976,0,0.16746455489288709,,307.6438434190742,0.0,2.0
14150,2026-05-11 14:58:46.100000+00:00,52.219208,21.0925818,90.0,0.07,0.008,0.032,0.976,0,0.08006034546355068,,307.640458858399,0.0,2.0
14155,2026-05-11 14:58:46.600000+00:00,52.2192081,21.0925819,89.9,0.21,0.014,0.03,0.977,0,0.09389035841169674,,307.6435638063401,0.0,2.0
14160,2026-05-11 14:58:47.100000+00:00,52.2192081,21.0925818,89.9,0.05,0.007,0.027,0.977,0,0.04904834009491149,,307.63707466218455,0.0,2.0
14165,2026-05-11 14:58:47.600000+00:00,52.2192081,21.0925818,89.8,0.04,0.018,0.031,0.976,0,0.0,,307.63707466218455,0.0,2.0
14170,2026-05-11 14:58:48.100000+00:00,52.219208,21.0925818,89.8,0.18,0.01,0.029,0.977,0,0.08006035055627692,,307.640458858399,0.0,2.0
14175,2026-05-11 14:58:48.600000+00:00,52.219208,21.0925816,89.7,0.15,0.015,0.028,0.976,0,0.09809668353071838,,307.62748075432546,0.0,2.0
14180,2026-05-11 14:58:49.100000+00:00,52.2192079,21.0925814,89.6,0.22,0.013,0.031,0.976,0,0.12661997453432375,,307.6178875525498,0.0,2.0
14185,2026-05-11 14:58:49.600000+00:00,52.2192079,21.0925814,89.6,0.21,0.011,0.029,0.975,0,0.0,,307.6178875525498,0.0,2.0
14190,2026-05-11 14:58:50.100000+00:00,52.219208,21.0925814,89.5,0.22,0.016,0.03,0.977,0,0.08006034546355068,,307.61450270635095,0.0,2.0
14195,2026-05-11 14:58:50.600000+00:00,52.2192079,21.0925814,89.4,0.2,0.012,0.031,0.975,0,0.08006034546355068,,307.6178875525498,0.0,2.0
14200,2026-05-11 14:58:51.100000+00:00,52.219208,21.0925815,89.4,0.01,0.007,0.028,0.977,0,0.09389035494176905,,307.6209917234544,0.0,2.0
14205,2026-05-11 14:58:51.600000+00:00,52.2192081,21.0925814,89.3,0.23,0.018,0.035,0.976,0,0.09389035922664589,,307.6111182246374,0.0,2.0
14210,2026-05-11 14:58:52.100000+00:00,52.219208,21.0925814,89.2,0.1,0.015,0.033,0.978,0,0.08006035055627692,,307.61450270635095,0.0,2.0
14215,2026-05-11 14:58:52.600000+00:00,52.2192079,21.0925812,89.1,0.32,0.012,0.03,0.977,0,0.12661997453432375,,307.60490970325395,0.0,2.0
14220,2026-05-11 14:58:53.100000+00:00,52.2192077,21.0925814,89.0,0.14,0.017,0.035,0.976,0,0.18778071358423787,,307.62465833921607,0.0,2.0
14225,2026-05-11 14:58:53.600000+00:00,52.2192076,21.0925813,88.9,0.28,0.031,0.025,0.98,0,0.09389035945741803,,307.62155556212014,0.0,2.0
14230,2026-05-11 14:58:54.100000+00:00,52.2192073,21.0925844,88.7,2.73,0.121,0.02,0.959,0,1.5393514597476425,,307.83286588831305,0.0,2.0
14235,2026-05-11 14:58:54.600000+00:00,52.2192066,21.0925903,88.5,3.6,0.088,0.027,0.974,0,2.9476183396792885,,308.23941203571326,0.0,2.0
14240,2026-05-11 14:58:55.100000+00:00,52.2192063,21.0925981,88.3,4.1,0.031,0.047,0.961,0,3.833302592651698,,308.7557514194224,0.0,2.0
14245,2026-05-11 14:58:55.600000+00:00,52.2192063,21.0926046,88.4,2.73,-0.063,0.041,0.987,0,3.1881423055825695,,309.17763883531046,0.0,2.0
14250,2026-05-11 14:58:56.100000+00:00,52.2192064,21.0926083,88.5,1.4,-0.064,0.035,0.98,0,1.8165537857117997,,309.414444673108,0.0,2.0
14255,2026-05-11 14:58:56.600000+00:00,52.2192065,21.0926106,88.5,0.94,-0.007,0.034,0.976,0,1.1309492004317694,,309.560385709541,0.0,2.0
14260,2026-05-11 14:58:57.100000+00:00,52.2192067,21.0926125,88.5,0.77,-0.004,0.036,0.966,0,0.9455742980891192,,309.6770007259574,0.0,2.0
14265,2026-05-11 14:58:57.600000+00:00,52.2192066,21.0926126,88.4,0.27,-0.031,0.03,0.988,0,0.09389035921939914,,309.6868605568602,0.0,2.0
14270,2026-05-11 14:58:58.100000+00:00,52.2192063,21.0926125,88.3,0.11,0.021,0.025,0.968,0,0.24513806331638677,,309.6904728929379,0.0,2.0
14275,2026-05-11 14:58:58.600000+00:00,52.2192062,21.0926123,88.2,0.1,0.011,0.036,0.979,0,0.1266199818720355,,309.6808577811304,0.0,2.0
14280,2026-05-11 14:58:59.100000+00:00,52.2192061,21.0926122,88.1,0.07,0.016,0.032,0.973,0,0.09389035516529444,,309.6777352945201,0.0,2.0
14285,2026-05-11 14:58:59.600000+00:00,52.2192059,21.0926121,88.1,0.1,0.013,0.029,0.978,0,0.16746455547511627,,309.67798364402,0.0,2.0
14290,2026-05-11 14:59:00.100000+00:00,52.2192058,21.0926118,88.1,0.25,0.012,0.031,0.977,0,0.16751513316053318,,309.66187926852825,0.0,2.0
14295,2026-05-11 14:59:00.600000+00:00,52.2192057,21.0926117,88.1,0.11,0.016,0.03,0.978,0,0.0938903518684461,,309.6587589364571,0.0,2.0
14300,2026-05-11 14:59:01.100000+00:00,52.2192055,21.0926116,88.1,0.07,0.008,0.031,0.976,0,0.16746455514759265,,309.65901124479217,0.0,2.0
14305,2026-05-11 14:59:01.600000+00:00,52.2192054,21.0926113,88.0,0.03,0.013,0.031,0.975,0,0.16751513432463996,,309.6429097275896,0.0,2.0
14310,2026-05-11 14:59:02.100000+00:00,52.2192053,21.092611,87.9,0.09,0.01,0.032,0.977,0,0.16751513218170486,,309.6268091209863,0.0,2.0
14315,2026-05-11 14:59:02.600000+00:00,52.2192051,21.0926107,87.8,0.08,0.008,0.031,0.978,0,0.21746332197255105,,309.61408363402387,0.0,2.0
14320,2026-05-11 14:59:03.100000+00:00,52.219205,21.0926103,87.6,0.05,0.017,0.033,0.977,0,0.2118997440098696,,309.59149452500066,0.0,2.0
14325,2026-05-11 14:59:03.600000+00:00,52.2192049,21.0926101,87.6,0.09,0.005,0.029,0.976,0,0.12661997966793967,,309.58188812598615,0.0,2.0
14330,2026-05-11 14:59:04.100000+00:00,52.2192048,21.0926102,87.5,0.52,0.036,0.025,0.984,0,0.09389036025787367,,309.59175457720704,0.0,2.0
14335,2026-05-11 14:59:04.600000+00:00,52.2192046,21.0926141,87.5,3.07,0.167,0.001,0.948,0,1.9195753136580496,,309.85165069606524,0.0,2.0
14340,2026-05-11 14:59:05.100000+00:00,52.219204,21.092624,87.5,6.04,0.155,-0.033,0.975,0,4.879488422256424,,310.5145477781731,0.0,2.0
14345,2026-05-11 14:59:05.600000+00:00,52.2192027,21.0926391,87.4,8.53,0.111,-0.022,0.965,0,7.479071907153299,,311.5386960061613,0.0,2.0
14350,2026-05-11 14:59:06.100000+00:00,52.2192002,21.0926588,87.5,10.97,0.127,-0.051,0.965,0,9.867645091652436,,312.90196948736195,0.0,2.0
14355,2026-05-11 14:59:06.600000+00:00,52.2191966,21.0926835,87.5,13.39,0.093,-0.048,0.975,0,12.453062275920994,,314.62694890908136,0.0,2.0
14360,2026-05-11 14:59:07.100000+00:00,52.219192,21.092712,87.5,14.95,0.142,-0.033,0.974,0,14.45576608336295,,316.63231845957085,0.0,2.0
14365,2026-05-11 14:59:07.600000+00:00,52.2191858,21.0927444,87.6,17.23,0.066,-0.054,0.975,0,16.64884039005595,,318.94464450203407,0.0,2.0
14370,2026-05-11 14:59:08.100000+00:00,52.2191787,21.0927795,87.6,18.62,0.075,-0.029,0.958,0,18.13011258478402,,321.46251008359604,0.0,2.0
14375,2026-05-11 14:59:08.600000+00:00,52.2191703,21.0928165,87.7,19.55,0.029,-0.017,0.977,0,19.35388405602466,,324.14738838268624,0.0,2.0
14380,2026-05-11 14:59:09.100000+00:00,52.219161,21.0928539,87.8,19.96,0.068,-0.004,0.957,0,19.797551404546066,,326.8885467786918,0.0,2.0
14385,2026-05-11 14:59:09.600000+00:00,52.2191517,21.0928922,87.9,20.37,0.013,0.009,0.979,0,20.20726418502702,,327.7119865897606,0.0,2.0
14390,2026-05-11 14:59:10.100000+00:00,52.2191423,21.0929314,87.9,20.63,0.017,0.027,0.984,0,20.647333039780683,,324.9039785359171,0.0,2.0
14395,2026-05-11 14:59:10.600000+00:00,52.2191326,21.092971,88.0,20.84,0.014,0.015,0.955,0,20.918130202965738,,322.05594601441834,0.0,2.0
14400,2026-05-11 14:59:11.100000+00:00,52.2191225,21.0930108,88.0,21.18,0.019,0.02,0.983,0,21.129721204525868,,319.17311824390833,0.0,2.0
14405,2026-05-11 14:59:11.600000+00:00,52.2191123,21.0930518,88.0,21.71,0.042,0.018,0.965,0,21.70466772990214,,316.2169010425664,0.0,2.0
14410,2026-05-11 14:59:12.100000+00:00,52.2191019,21.0930935,88.0,22.12,0.013,0.021,0.964,0,22.083035554471675,,313.20976310781265,0.0,2.0
14415,2026-05-11 14:59:12.600000+00:00,52.2190913,21.0931354,88.1,22.35,0.023,0.022,0.974,0,22.23454814063969,,310.18013161057996,0.0,2.0
14420,2026-05-11 14:59:13.100000+00:00,52.2190802,21.0931781,88.1,22.95,0.034,0.007,0.97,0,22.751086877294735,,307.07545658178935,0.0,2.0
14425,2026-05-11 14:59:13.600000+00:00,52.2190688,21.0932228,88.1,24.13,0.068,0.006,0.977,0,23.74850059229866,,303.84021749311864,0.0,2.0
14430,2026-05-11 14:59:14.100000+00:00,52.2190567,21.0932697,88.1,25.14,0.018,-0.006,0.958,0,24.96029265314985,,300.4385830894094,0.0,2.0
14435,2026-05-11 14:59:14.600000+00:00,52.2190442,21.0933183,88.2,26.12,0.037,0.01,0.98,0,25.853066926838824,,296.9176455712523,0.0,2.0
14440,2026-05-11 14:59:15.100000+00:00,52.2190311,21.0933673,88.2,26.25,0.033,0.019,0.969,0,26.222484887419103,,293.33829920476956,0.0,2.0
14445,2026-05-11 14:59:15.600000+00:00,52.2190179,21.093417,88.2,26.94,-0.001,0.015,0.975,0,26.569271531323874,,289.7148920800316,0.0,2.0
14450,2026-05-11 14:59:16.100000+00:00,52.2190052,21.0934675,88.3,26.73,0.018,0.019,0.955,0,26.775186426133338,,286.0798637777891,0.0,2.0
14455,2026-05-11 14:59:16.600000+00:00,52.2189918,21.0935176,88.3,26.88,0.012,0.023,0.969,0,26.813068230173425,,282.42506488572974,0.0,2.0
14460,2026-05-11 14:59:17.100000+00:00,52.218978,21.0935678,88.3,26.97,0.025,0.022,0.971,0,26.98754690690599,,278.7410818720234,0.0,2.0
14465,2026-05-11 14:59:17.600000+00:00,52.218964,21.0936185,88.4,27.46,0.041,0.034,0.988,0,27.276893608652454,,275.01817844201526,0.0,2.0
14470,2026-05-11 14:59:18.100000+00:00,52.2189498,21.0936704,88.4,28.08,0.034,0.022,0.968,0,27.879457822310425,,271.2174512220189,0.0,2.0
14475,2026-05-11 14:59:18.600000+00:00,52.2189353,21.0937234,88.5,28.67,0.035,0.02,0.97,0,28.470045076841213,,267.3383460953265,0.0,2.0
14480,2026-05-11 14:59:19.100000+00:00,52.2189204,21.0937774,88.5,29.25,0.041,0.016,0.966,0,29.048638761425725,,263.38018370526737,0.0,2.0
14485,2026-05-11 14:59:19.600000+00:00,52.218905,21.0938326,88.5,29.88,0.044,0.01,0.985,0,29.749953940439784,,259.32554311413367,0.0,2.0
14490,2026-05-11 14:59:20.100000+00:00,52.2188889,21.0938887,88.5,30.65,0.027,0.0,0.96,0,30.385723797264422,,255.17810017727882,0.0,2.0
14495,2026-05-11 14:59:20.600000+00:00,52.2188719,21.0939458,88.6,31.54,0.021,-0.023,0.976,0,31.138730320435727,,250.91913339972356,0.0,2.0
14500,2026-05-11 14:59:21.100000+00:00,52.2188537,21.0940033,88.6,31.74,0.039,-0.023,0.959,0,31.744663025201998,,246.56169274484353,0.0,2.0
14505,2026-05-11 14:59:21.600000+00:00,52.2188348,21.094063,88.6,33.11,0.042,0.021,0.988,0,32.960594508019526,,242.03926645145037,0.0,2.0
14510,2026-05-11 14:59:22.100000+00:00,52.218816,21.0941237,88.7,33.82,0.067,0.024,0.956,0,33.36091550195382,,237.47082952961176,0.0,2.0
14515,2026-05-11 14:59:22.600000+00:00,52.2187964,21.0941855,88.5,34.56,0.088,0.02,0.95,0,34.13297309211915,,232.7917121555266,0.0,2.0
14520,2026-05-11 14:59:23.100000+00:00,52.2187764,21.0942486,88.5,35.12,0.018,0.008,1.008,0,34.846467688038686,,228.01761158882755,0.0,2.0
14525,2026-05-11 14:59:23.600000+00:00,52.2187559,21.0943125,88.5,35.77,0.028,0.022,0.948,0,35.379366108177166,,223.1693328927426,0.0,2.0
14530,2026-05-11 14:59:24.100000+00:00,52.2187349,21.0943763,88.4,35.7,0.028,0.023,0.978,0,35.52363034549344,,218.2956989122502,0.0,2.0
14535,2026-05-11 14:59:24.600000+00:00,52.2187134,21.0944406,88.4,36.06,0.034,0.016,0.966,0,35.929916155050186,,213.36395661377392,0.0,2.0
14540,2026-05-11 14:59:25.100000+00:00,52.2186915,21.0945057,88.3,36.64,0.031,0.021,0.967,0,36.42789865778539,,208.36467832449478,0.0,2.0
14545,2026-05-11 14:59:25.600000+00:00,52.2186691,21.0945716,88.3,37.14,0.04,0.024,0.97,0,36.96488826788747,,203.2912098058947,0.0,2.0
14550,2026-05-11 14:59:26.100000+00:00,52.2186462,21.094638,88.3,37.62,0.022,0.016,0.958,0,37.3742728540193,,198.15972136941951,0.0,2.0
14555,2026-05-11 14:59:26.600000+00:00,52.2186227,21.094705,88.3,38.0,0.017,0.01,0.994,0,37.86737262383011,,192.95793567996517,0.0,2.0
14560,2026-05-11 14:59:27.100000+00:00,52.218599,21.0947728,88.3,38.42,0.047,0.02,0.956,0,38.28751716559881,,187.70289990533237,0.0,2.0
14565,2026-05-11 14:59:27.600000+00:00,52.2185747,21.0948409,88.3,38.96,0.007,0.011,0.956,0,38.654928014757296,,182.39370126661214,0.0,2.0
14570,2026-05-11 14:59:28.100000+00:00,52.2185502,21.0949093,88.3,38.81,0.004,0.025,0.989,0,38.86273669939466,,177.05820254521032,0.0,2.0
14575,2026-05-11 14:59:28.600000+00:00,52.2185251,21.0949776,88.3,39.01,0.027,0.022,0.968,0,39.065329400135155,,171.6894903992764,0.0,2.0
14580,2026-05-11 14:59:29.100000+00:00,52.2184996,21.0950455,88.3,38.98,-0.007,0.015,0.976,0,39.06363409936378,,166.31706231572412,0.0,2.0
14585,2026-05-11 14:59:29.600000+00:00,52.2184738,21.0951129,88.3,38.94,0.001,0.022,0.954,0,38.98150712452259,,160.95290747319487,0.0,2.0
14590,2026-05-11 14:59:30.100000+00:00,52.2184476,21.0951797,88.2,38.69,-0.016,0.039,0.986,0,38.90397922348047,,155.5947442092553,0.0,2.0
14595,2026-05-11 14:59:30.600000+00:00,52.2184218,21.0952458,88.2,38.18,-0.025,0.034,0.955,0,38.44226045395151,,150.30495921094624,0.0,2.0
14600,2026-05-11 14:59:31.100000+00:00,52.2183963,21.0953099,88.2,36.84,-0.086,0.042,0.976,0,37.4872834387466,,145.14382194029076,0.0,2.0
14605,2026-05-11 14:59:31.600000+00:00,52.2183723,21.0953697,88.2,34.2,-0.163,0.071,0.97,0,35.06466097383022,,140.31657853037413,0.0,2.0
14610,2026-05-11 14:59:32.100000+00:00,52.2183497,21.0954244,88.1,31.86,-0.102,0.058,0.972,0,32.360874566770725,,135.85631871517816,0.0,2.0
14615,2026-05-11 14:59:32.600000+00:00,52.2183277,21.0954767,88.1,30.52,-0.07,0.055,0.967,0,31.117404473154515,,131.56513007730132,0.0,2.0
14620,2026-05-11 14:59:33.100000+00:00,52.218307,21.0955263,88.2,28.54,-0.086,0.076,0.99,0,29.43674069395149,,127.5095237338632,0.0,2.0
14625,2026-05-11 14:59:33.600000+00:00,52.2182873,21.0955722,88.1,26.46,-0.108,0.083,0.969,0,27.488486971361258,,123.71800068267952,0.0,2.0
14630,2026-05-11 14:59:34.100000+00:00,52.2182696,21.0956146,88.2,24.46,-0.113,0.079,0.957,0,25.165861635593426,,120.25415265857376,0.0,2.0
14635,2026-05-11 14:59:34.600000+00:00,52.2182532,21.0956526,88.2,21.83,-0.13,0.063,0.979,0,22.799075122385293,,117.11120164647818,0.0,2.0
14640,2026-05-11 14:59:35.100000+00:00,52.2182386,21.0956858,88.2,19.13,-0.12,0.067,0.995,0,20.045200061454064,,114.34594941767426,0.0,2.0
14645,2026-05-11 14:59:35.600000+00:00,52.2182249,21.0957163,88.2,18.22,-0.054,0.043,0.956,0,18.5501125352505,,111.78479264917407,0.0,2.0
14650,2026-05-11 14:59:36.100000+00:00,52.2182123,21.0957443,88.2,16.12,-0.093,0.069,0.976,0,17.040485666581834,,109.4324662924483,0.0,2.0
14655,2026-05-11 14:59:36.600000+00:00,52.2182014,21.095768,88.2,13.73,-0.133,0.086,0.97,0,14.535723262132523,,107.42412843459294,0.0,2.0
14660,2026-05-11 14:59:37.100000+00:00,52.2181928,21.0957868,88.1,10.26,-0.156,0.088,0.99,0,11.508178698826736,,105.83481340009477,0.0,2.0
14665,2026-05-11 14:59:37.600000+00:00,52.2181858,21.095802,88.1,8.81,-0.077,0.057,0.97,0,9.326955113511833,,104.54648934580666,0.0,2.0
14670,2026-05-11 14:59:38.100000+00:00,52.21818,21.0958145,88.1,7.15,-0.065,0.057,0.983,0,7.691132092756972,,103.48385043709497,0.0,2.0
14675,2026-05-11 14:59:38.600000+00:00,52.2181753,21.0958247,88.1,5.36,-0.073,0.061,0.966,0,6.260144980685739,,102.61931367636126,0.0,2.0
14680,2026-05-11 14:59:39.100000+00:00,52.2181719,21.0958317,88.1,3.65,-0.093,0.06,0.984,0,4.381579630065892,,102.0127920039667,0.0,2.0
14685,2026-05-11 14:59:39.600000+00:00,52.21817,21.0958354,88.1,1.66,-0.093,0.063,0.975,0,2.3680157387180674,,101.68439467196839,0.0,2.0
14690,2026-05-11 14:59:40.100000+00:00,52.2181697,21.0958362,88.1,0.29,-0.076,0.06,0.982,0,0.46006681844240443,,101.62181221206497,0.0,2.0
14695,2026-05-11 14:59:40.600000+00:00,52.2181697,21.0958365,88.1,0.05,0.027,0.023,0.961,0,0.14714846375703608,,101.6068957941647,0.0,2.0
14700,2026-05-11 14:59:41.100000+00:00,52.2181696,21.0958367,88.1,0.04,0.012,0.025,0.988,0,0.1266217512746284,,101.58935039210859,0.0,2.0
14705,2026-05-11 14:59:41.600000+00:00,52.2181695,21.0958369,88.0,0.13,0.018,0.028,0.967,0,0.1266217514457481,,101.57180500419804,0.0,2.0
14710,2026-05-11 14:59:42.100000+00:00,52.2181694,21.0958371,88.0,0.05,0.013,0.026,0.983,0,0.12662175604552495,,101.55425962979866,0.0,2.0
14715,2026-05-11 14:59:42.600000+00:00,52.2181693,21.0958373,88.0,0.06,0.014,0.027,0.974,0,0.12662175178798757,,101.5367142702012,0.0,2.0
14720,2026-05-11 14:59:43.100000+00:00,52.2181692,21.0958375,88.0,0.12,0.01,0.025,0.977,0,0.12662175517913404,,101.51916892428778,0.0,2.0
14725,2026-05-11 14:59:43.600000+00:00,52.2181692,21.0958377,88.0,0.12,0.008,0.026,0.975,0,0.0980989779824229,,101.50922626359626,0.0,2.0
14730,2026-05-11 14:59:44.100000+00:00,52.218169,21.0958379,87.9,0.05,0.02,0.025,0.976,0,0.1877819077585095,,101.48407827580216,0.0,2.0
14735,2026-05-11 14:59:44.600000+00:00,52.2181689,21.0958381,87.9,0.06,0.011,0.024,0.976,0,0.12662175368109685,,101.46653297276112,0.0,2.0
14740,2026-05-11 14:59:45.100000+00:00,52.2181688,21.0958383,87.9,0.06,0.018,0.025,0.977,0,0.12662175586361293,,101.44898768359164,0.0,2.0
14745,2026-05-11 14:59:45.600000+00:00,52.2181688,21.0958384,87.9,0.12,0.01,0.028,0.981,0,0.04904948943295876,,101.4440164669263,0.0,2.0
14750,2026-05-11 14:59:46.100000+00:00,52.2181687,21.0958386,87.9,0.14,0.02,0.026,0.971,0,0.12662175281470595,,101.42647124762952,0.0,2.0
14755,2026-05-11 14:59:46.600000+00:00,52.2181686,21.0958387,88.0,0.18,0.008,0.013,0.979,0,0.09389095888890735,,101.41389714819886,0.0,2.0
14760,2026-05-11 14:59:47.100000+00:00,52.2181685,21.0958387,88.0,0.08,0.019,0.023,0.976,0,0.08006034546355068,,101.4062946460217,0.0,2.0
14765,2026-05-11 14:59:47.600000+00:00,52.2181684,21.0958387,88.0,0.08,0.01,0.021,0.976,0,0.08006034546355068,,101.39869279321259,0.0,2.0
14770,2026-05-11 14:59:48.100000+00:00,52.2181683,21.0958387,88.1,0.06,0.012,0.013,0.976,0,0.08006034546355068,,101.39109158991758,0.0,2.0
14775,2026-05-11 14:59:48.600000+00:00,52.2181683,21.0958388,88.1,0.06,0.013,0.015,0.979,0,0.049049488425097064,,101.38611936557682,0.0,2.0
14780,2026-05-11 14:59:49.100000+00:00,52.2181682,21.0958389,88.2,0.09,0.01,0.017,0.978,0,0.09389095911968018,,101.37354605527494,0.0,2.0
14785,2026-05-11 14:59:49.600000+00:00,52.2181681,21.0958389,88.2,0.04,0.02,0.019,0.976,0,0.08006034546355068,,101.3659454058,0.0,2.0
14790,2026-05-11 14:59:50.100000+00:00,52.218168,21.095839,88.2,0.05,0.013,0.017,0.978,0,0.09389095923506657,,101.35337249054396,0.0,2.0
14795,2026-05-11 14:59:50.600000+00:00,52.2181679,21.0958391,88.3,0.07,0.01,0.016,0.977,0,0.09389095413523552,,101.34079969407054,0.0,2.0
14800,2026-05-11 14:59:51.100000+00:00,52.2181679,21.0958393,88.3,0.03,0.015,0.014,0.978,0,0.09809898085378044,,101.33085418746084,0.0,2.0
14805,2026-05-11 14:59:51.600000+00:00,52.2181678,21.0958394,88.4,0.03,0.008,0.014,0.976,0,0.09389095419292871,,101.31828119112272,0.0,2.0
14810,2026-05-11 14:59:52.100000+00:00,52.2181677,21.0958397,88.4,0.03,0.015,0.019,0.976,0,0.16751815186158245,,101.2957630262138,0.0,2.0
14815,2026-05-11 14:59:52.600000+00:00,52.2181676,21.0958399,88.5,0.06,0.012,0.016,0.975,0,0.12662175912568002,,101.27821746613596,0.0,2.0
14820,2026-05-11 14:59:53.100000+00:00,52.2181674,21.0958401,88.5,0.06,0.009,0.014,0.977,0,0.18778191394723412,,101.25307134565362,0.0,2.0
14825,2026-05-11 14:59:53.600000+00:00,52.2181673,21.0958402,88.5,0.13,0.018,0.015,0.976,0,0.09389095529637691,,101.240498462908,0.0,2.0
14830,2026-05-11 14:59:54.100000+00:00,52.2181671,21.0958404,88.5,0.14,0.011,0.016,0.975,0,0.18778190995085123,,101.21535305246107,0.0,2.0
14835,2026-05-11 14:59:54.600000+00:00,52.2181669,21.0958406,88.6,0.08,0.015,0.017,0.976,0,0.18778191452416615,,101.19020811500629,0.0,2.0
14840,2026-05-11 14:59:55.100000+00:00,52.2181668,21.0958407,88.6,0.07,0.021,0.019,0.976,0,0.09389095992738501,,101.17763582362177,0.0,2.0
14845,2026-05-11 14:59:55.600000+00:00,52.2181665,21.0958408,88.6,0.06,0.011,0.015,0.979,0,0.24513829339425344,,101.14986834259378,0.0,2.0
14850,2026-05-11 14:59:56.100000+00:00,52.2181663,21.0958408,88.6,0.06,0.011,0.015,0.977,0,0.1601206960198276,,101.13467564065004,0.0,2.0
14855,2026-05-11 14:59:56.600000+00:00,52.2181661,21.0958409,88.7,0.15,0.015,0.017,0.978,0,0.16746489135381867,,101.11450960509706,0.0,2.0
14860,2026-05-11 14:59:57.100000+00:00,52.2181658,21.0958409,88.7,0.13,0.01,0.014,0.975,0,0.24018104148337827,,101.09172823682796,0.0,2.0
14865,2026-05-11 14:59:57.600000+00:00,52.2181656,21.0958409,88.7,0.02,0.014,0.018,0.976,0,0.1601206960198276,,101.07654392155938,0.0,2.0
14870,2026-05-11 14:59:58.100000+00:00,52.2181654,21.0958411,88.7,0.09,0.013,0.015,0.978,0,0.18778191706994443,,101.05140574288028,0.0,2.0
14875,2026-05-11 14:59:58.600000+00:00,52.2181652,21.095841,88.7,0.06,0.012,0.016,0.976,0,0.16746488723247976,,101.0412040369794,0.0,2.0
14880,2026-05-11 14:59:59.100000+00:00,52.2181649,21.095841,88.7,0.05,0.012,0.016,0.978,0,0.24018104148337827,,101.01843918410856,0.0,2.0
14885,2026-05-11 14:59:59.600000+00:00,52.2181647,21.095841,88.7,0.05,0.009,0.015,0.977,0,0.16012069092710135,,101.00326588609346,0.0,2.0
14890,2026-05-11 15:00:00.100000+00:00,52.2181644,21.0958409,88.7,0.1,0.014,0.016,0.976,0,0.245138303837774,,100.98549293178363,0.0,2.0
14895,2026-05-11 15:00:00.600000+00:00,52.2181642,21.0958409,88.7,0.09,0.01,0.016,0.976,0,0.1601206960198276,,100.97032692780685,0.0,2.0
14900,2026-05-11 15:00:01.100000+00:00,52.218164,21.095841,88.7,0.09,0.013,0.015,0.979,0,0.1674648876206354,,100.95017996270683,0.0,2.0
14905,2026-05-11 15:00:01.600000+00:00,52.2181638,21.095841,88.7,0.06,0.014,0.014,0.977,0,0.1601206960198276,,100.93501845257236,0.0,2.0
14910,2026-05-11 15:00:02.100000+00:00,52.2181636,21.0958411,88.8,0.03,0.017,0.016,0.976,0,0.16746489261940464,,100.9148746994933,0.0,2.0
14915,2026-05-11 15:00:02.600000+00:00,52.2181634,21.0958412,88.8,0.03,0.011,0.014,0.977,0,0.16746488735778484,,100.89473228713477,0.0,2.0
14920,2026-05-11 15:00:03.100000+00:00,52.2181631,21.0958413,88.8,0.17,0.016,0.018,0.976,0,0.24513829913529792,,100.86701425760936,0.0,2.0
14925,2026-05-11 15:00:03.600000+00:00,52.2181629,21.0958415,88.8,0.05,0.007,0.015,0.976,0,0.18778191479708037,,100.84188883394263,0.0,2.0
14930,2026-05-11 15:00:04.100000+00:00,52.2181627,21.0958417,88.9,0.06,0.017,0.016,0.977,0,0.18778192018537748,,100.81676389483115,0.0,2.0
14935,2026-05-11 15:00:04.600000+00:00,52.2181625,21.0958419,88.9,0.11,0.014,0.015,0.976,0,0.187781919601168,,100.79163944143691,0.0,2.0
14940,2026-05-11 15:00:05.100000+00:00,52.2181624,21.0958422,88.9,0.03,0.011,0.013,0.978,0,0.1675181697197806,,100.76910316145965,0.0,2.0
14945,2026-05-11 15:00:05.600000+00:00,52.2181622,21.0958424,88.9,0.05,0.014,0.016,0.976,0,0.18778191560478524,,100.74397879281253,0.0,2.0
14950,2026-05-11 15:00:06.100000+00:00,52.2181621,21.0958425,88.9,0.09,0.009,0.015,0.975,0,0.0938909582964236,,100.73141679070962,0.0,2.0
14955,2026-05-11 15:00:06.600000+00:00,52.2181619,21.0958427,88.9,0.13,0.012,0.014,0.975,0,0.18778192029348645,,100.70629315100791,0.0,2.0
14960,2026-05-11 15:00:07.100000+00:00,52.2181618,21.095843,88.9,0.05,0.015,0.015,0.977,0,0.16751817146592546,,100.6837561984075,0.0,2.0
14965,2026-05-11 15:00:07.600000+00:00,52.2181616,21.0958432,88.9,0.03,0.015,0.016,0.978,0,0.18778191711208608,,100.65863264378632,0.0,2.0
14970,2026-05-11 15:00:08.100000+00:00,52.2181615,21.0958435,88.9,0.05,0.015,0.014,0.975,0,0.16751816990508023,,100.63609562150076,0.0,2.0
14975,2026-05-11 15:00:08.600000+00:00,52.2181614,21.0958438,88.9,0.14,0.012,0.016,0.976,0,0.16751817263002203,,100.6135589307721,0.0,2.0
14980,2026-05-11 15:00:09.100000+00:00,52.2181614,21.095844,89.0,0.22,0.011,0.018,0.973,0,0.0980989936505214,,100.60358489254367,0.0,2.0
14985,2026-05-11 15:00:09.600000+00:00,52.218161,21.0958449,89.0,0.78,0.065,-0.002,0.979,0,0.5453701990194333,,100.52840176672137,0.0,2.0
14990,2026-05-11 15:00:10.100000+00:00,52.2181592,21.0958489,89.1,3.15,0.138,-0.032,0.96,0,2.434357178637049,,100.19258044201028,0.0,2.0
14995,2026-05-11 15:00:10.600000+00:00,52.2181554,21.0958578,89.1,6.42,0.18,-0.051,0.973,0,5.320931715328002,,99.46098754134343,0.0,2.0
15000,2026-05-11 15:00:11.100000+00:00,52.2181492,21.0958718,89.0,9.66,0.186,-0.04,0.961,0,8.473102814980512,,98.29348211195764,0.0,2.0
15005,2026-05-11 15:00:11.600000+00:00,52.2181409,21.0958906,89.0,12.12,0.198,-0.028,0.971,0,11.36611978776867,,96.72800277324525,0.0,2.0
15010,2026-05-11 15:00:12.100000+00:00,52.2181304,21.095914,89.1,14.89,0.152,-0.03,0.978,0,14.226789565937596,,94.7671697157025,0.0,2.0
15015,2026-05-11 15:00:12.600000+00:00,52.218118,21.095942,89.1,17.79,0.16,-0.048,0.964,0,16.946212670734347,,92.43429616915971,0.0,2.0
15020,2026-05-11 15:00:13.100000+00:00,52.2181034,21.0959741,89.2,20.34,0.172,-0.03,0.95,0,19.609446123195877,,89.73158376384306,0.0,2.0
15025,2026-05-11 15:00:13.600000+00:00,52.2180877,21.096009,89.2,21.86,0.104,0.002,0.984,0,21.2374169751271,,86.80800898675743,0.0,2.0
15030,2026-05-11 15:00:14.100000+00:00,52.2180705,21.0960459,89.2,23.19,0.065,-0.016,0.96,0,22.7422062325852,,83.6722548466506,0.0,2.0
15035,2026-05-11 15:00:14.600000+00:00,52.2180523,21.096085,89.2,24.51,0.097,0.001,0.967,0,24.08577267397801,,80.35348943121274,0.0,2.0
15040,2026-05-11 15:00:15.100000+00:00,52.218033,21.0961264,89.2,26.09,0.11,0.001,0.973,0,25.51684168170821,15.0,76.83969553705043,0.0,2.0
15045,2026-05-11 15:00:15.600000+00:00,52.2180122,21.096169,89.3,27.37,0.068,-0.038,0.96,0,26.71918474075454,15.0,73.15278096119707,0.0,2.0
15050,2026-05-11 15:00:16.100000+00:00,52.2179903,21.0962091,89.1,26.73,-0.021,-0.043,0.996,0,26.349194471764246,15.0,69.50049330204962,0.0,2.0
15055,2026-05-11 15:00:16.600000+00:00,52.217968,21.0962505,89.1,26.28,-0.042,-0.022,0.965,0,27.03891520002221,15.0,65.75530662909934,0.0,2.0
15060,2026-05-11 15:00:17.100000+00:00,52.2179454,21.0962894,89.0,25.57,-0.052,-0.012,0.937,0,26.295231804749083,15.0,62.10601238480157,0.0,2.0
15065,2026-05-11 15:00:17.600000+00:00,52.2179228,21.0963268,89.1,25.16,-0.058,0.026,1.0,0,25.76634073110871,15.0,58.52817534012724,0.0,2.0
15070,2026-05-11 15:00:18.100000+00:00,52.2179012,21.0963628,89.2,24.35,-0.048,0.021,0.968,0,24.715402711737568,15.0,55.0966775647545,0.0,2.0
15075,2026-05-11 15:00:18.600000+00:00,52.2178798,21.0963968,89.1,23.83,-0.051,-0.005,0.953,0,23.90934484550106,15.0,51.77595440925125,0.0,2.0
15080,2026-05-11 15:00:19.100000+00:00,52.2178586,21.0964289,89.1,22.82,-0.048,0.003,0.985,0,23.15125267990227,15.0,48.56122417209817,0.0,2.0
15085,2026-05-11 15:00:19.600000+00:00,52.2178382,21.0964607,89.0,22.25,-0.047,0.027,0.987,0,22.584005433329878,15.0,45.424647651952924,0.0,2.0
15090,2026-05-11 15:00:20.100000+00:00,52.2178195,21.0964922,89.1,20.9,-0.033,0.033,0.948,0,21.514267999496944,15.0,42.43808018085699,0.0,2.0
15095,2026-05-11 15:00:20.600000+00:00,52.2178019,21.0965241,89.1,20.84,-0.043,0.025,0.99,0,21.056388425091708,15.0,39.52118301354748,0.0,2.0
15100,2026-05-11 15:00:21.100000+00:00,52.2177855,21.0965532,89.0,19.16,-0.033,-0.005,0.976,0,19.394009868496077,15.0,36.83351689896503,0.0,2.0
15105,2026-05-11 15:00:21.600000+00:00,52.2177695,21.0965818,88.9,19.17,-0.033,0.0,0.952,0,18.99683770131126,15.0,34.20253473375265,0.0,2.0
15110,2026-05-11 15:00:22.100000+00:00,52.2177539,21.0966096,88.9,18.27,-0.038,0.011,0.995,0,18.4911538023849,15.0,31.642456056318316,0.0,2.0
15115,2026-05-11 15:00:22.600000+00:00,52.2177397,21.0966376,88.9,17.7,-0.025,0.053,0.954,0,17.828818734757018,15.0,29.18990709222354,0.0,2.0
15120,2026-05-11 15:00:23.100000+00:00,52.2177264,21.0966653,88.9,16.87,-0.018,0.025,0.959,0,17.262176276801426,15.0,26.830386007071084,0.0,2.0
15125,2026-05-11 15:00:23.600000+00:00,52.2177134,21.0966919,88.9,16.48,-0.039,-0.019,0.987,0,16.68997217287137,15.0,24.552135607748124,0.0,2.0
15130,2026-05-11 15:00:24.100000+00:00,52.2177009,21.0967168,88.9,15.49,-0.032,0.012,0.956,0,15.789847317587181,15.0,22.398397657252062,0.0,2.0
15135,2026-05-11 15:00:24.600000+00:00,52.2176892,21.0967406,88.9,14.66,-0.072,0.027,0.975,0,14.967358924753484,15.0,20.36933488222793,0.0,2.0
15140,2026-05-11 15:00:25.100000+00:00,52.2176788,21.0967618,88.9,12.96,-0.074,0.026,0.947,0,13.321331126927609,15.0,18.573147187909896,0.0,2.0
15145,2026-05-11 15:00:25.600000+00:00,52.2176699,21.0967805,88.9,10.93,-0.119,0.027,0.991,0,11.614776582449803,15.0,17.02320131370796,0.0,2.0
15150,2026-05-11 15:00:26.100000+00:00,52.2176629,21.0967951,88.9,8.23,-0.14,0.034,0.973,0,9.093494332847738,15.0,15.817139633082535,0.0,2.0
15155,2026-05-11 15:00:26.600000+00:00,52.2176576,21.0968051,88.8,5.47,-0.16,0.046,0.969,0,6.485661664530746,15.0,14.949372643291383,0.0,2.0
15160,2026-05-11 15:00:27.100000+00:00,52.2176554,21.0968106,88.9,2.38,-0.168,0.048,0.968,0,3.221823453896938,15.0,14.540878278008407,0.0,2.0
15165,2026-05-11 15:00:27.600000+00:00,52.2176555,21.0968114,88.9,0.57,-0.097,0.026,1.003,0,0.4004844190468547,15.0,14.521148141096923,0.0,2.0
15170,2026-05-11 15:00:28.100000+00:00,52.2176556,21.0968117,88.9,0.14,0.009,-0.013,0.937,0,0.16751964491805194,15.0,14.519683285347421,0.0,2.0
15175,2026-05-11 15:00:28.600000+00:00,52.2176556,21.0968121,88.9,0.07,-0.006,-0.005,0.994,0,0.19620022321113606,15.0,14.50521566930054,0.0,2.0
15180,2026-05-11 15:00:29.100000+00:00,52.2176558,21.0968124,88.8,0.11,0.002,-0.006,0.962,0,0.21746679941980598,15.0,14.513263136681314,0.0,2.0
15185,2026-05-11 15:00:29.600000+00:00,52.2176559,21.0968128,88.7,0.09,-0.001,-0.004,0.985,0,0.21190607504946746,15.0,14.508328690885559,0.0,2.0
15190,2026-05-11 15:00:30.100000+00:00,52.2176559,21.0968128,88.7,0.06,-0.001,-0.007,0.972,0,0.0,15.0,14.508328690885559,0.0,2.0
15195,2026-05-11 15:00:30.600000+00:00,52.2176559,21.0968131,88.7,0.04,-0.005,-0.009,0.977,0,0.14715016602441153,15.0,14.49757167387236,0.0,2.0
15200,2026-05-11 15:00:31.100000+00:00,52.2176558,21.0968141,88.7,0.93,0.076,-0.024,0.979,0,0.4969914003805852,15.0,14.452385429487919,0.0,2.0
15205,2026-05-11 15:00:31.600000+00:00,52.2176544,21.0968179,88.7,2.57,0.088,-0.021,0.955,0,2.174953883301997,15.0,14.185032273959239,0.0,2.0
15210,2026-05-11 15:00:32.100000+00:00,52.2176524,21.0968234,88.7,3.37,0.035,-0.015,0.977,0,3.1371541237589553,15.0,13.803143189703441,0.0,2.0
15215,2026-05-11 15:00:32.600000+00:00,52.2176495,21.0968302,88.6,4.32,0.079,-0.011,0.977,0,4.0639197950907295,15.0,13.294005127245772,0.0,2.0
15220,2026-05-11 15:00:33.100000+00:00,52.2176462,21.0968406,88.6,6.31,0.097,-0.032,0.962,0,5.744774015198778,15.0,12.636777515188198,0.0,2.0
15225,2026-05-11 15:00:33.600000+00:00,52.2176415,21.0968536,88.6,7.73,0.073,-0.023,0.974,0,7.403972123724627,15.0,11.781315457089026,0.0,2.0
15230,2026-05-11 15:00:34.100000+00:00,52.2176365,21.0968695,88.7,9.31,0.074,-0.013,0.973,0,8.766296405637448,15.0,10.854154564369047,0.0,2.0
15235,2026-05-11 15:00:34.600000+00:00,52.2176303,21.0968882,88.7,11.08,0.137,-0.025,0.957,0,10.42933408963188,15.0,9.810653765203867,0.0,2.0
15240,2026-05-11 15:00:35.100000+00:00,52.2176233,21.0969112,88.7,13.63,0.169,-0.02,0.963,0,12.596826044866715,15.0,8.757172767962542,0.0,2.0
15245,2026-05-11 15:00:35.600000+00:00,52.2176153,21.096939,88.8,15.83,0.098,-0.106,0.97,0,15.065202080357173,15.0,7.874972093874457,0.0,2.0
15250,2026-05-11 15:00:36.100000+00:00,52.2176046,21.0969704,88.9,18.28,0.117,-0.069,0.986,0,17.62377874313199,15.0,7.31340862914889,0.0,2.0
15255,2026-05-11 15:00:36.600000+00:00,52.2175935,21.0970058,89.0,19.98,0.093,-0.082,0.944,0,19.50571559620391,15.0,7.706079359218531,0.0,2.0
15260,2026-05-11 15:00:37.100000+00:00,52.2175812,21.0970437,89.2,21.68,0.054,-0.094,0.984,0,21.037105830678424,15.0,9.032916523949952,0.0,2.0
15265,2026-05-11 15:00:37.600000+00:00,52.2175678,21.0970792,89.3,20.7,0.048,-0.093,0.955,0,20.45232257652834,15.0,10.80650757981844,0.0,2.0
15270,2026-05-11 15:00:38.100000+00:00,52.2175523,21.097117,89.5,22.82,0.057,-0.089,0.989,0,22.310519814441232,15.0,13.105209139619921,0.0,2.0
15275,2026-05-11 15:00:38.600000+00:00,52.2175348,21.0971641,89.8,27.43,0.062,-0.061,0.945,0,27.01902170837171,15.0,16.328187536495026,0.0,2.0
15280,2026-05-11 15:00:39.100000+00:00,52.2175153,21.0972032,89.9,25.2,0.006,-0.072,0.984,0,24.72947771999145,15.0,19.238030006560784,0.0,2.0
15285,2026-05-11 15:00:39.600000+00:00,52.217495,21.0972368,90.0,24.77,0.057,-0.054,0.956,0,23.146379225503733,15.0,21.957016434651855,0.0,2.0
15290,2026-05-11 15:00:40.100000+00:00,52.2174679,21.0972739,89.8,27.57,0.07,-0.046,0.988,0,28.317590916292207,15.0,25.26776727412955,0.0,2.0
15295,2026-05-11 15:00:40.600000+00:00,52.2174411,21.0973178,89.7,30.24,0.076,-0.03,0.956,0,30.39803528342801,15.0,29.147093319566473,0.0,2.0
15300,2026-05-11 15:00:41.100000+00:00,52.2174166,21.0973769,89.7,33.48,0.063,0.03,0.964,0,35.001233014801876,15.0,33.935425940943155,0.0,2.0
15305,2026-05-11 15:00:41.600000+00:00,52.217388,21.09743,89.5,34.32,0.112,0.02,0.956,0,34.67945264870184,15.0,38.579213249746324,0.0,2.0
15310,2026-05-11 15:00:42.100000+00:00,52.2173565,21.0974811,89.4,35.98,0.056,0.001,0.976,0,35.556146333374706,15.0,43.296298298090534,0.0,2.0
15315,2026-05-11 15:00:42.600000+00:00,52.2173265,21.0975297,89.2,33.85,0.043,-0.011,0.977,0,33.83996456930266,15.0,47.82639634985775,0.0,2.0
15320,2026-05-11 15:00:43.100000+00:00,52.2172974,21.0975863,89.2,35.55,0.034,-0.003,0.969,0,36.242727936504274,15.0,52.79799039440327,0.0,2.0
15325,2026-05-11 15:00:43.600000+00:00,52.2172661,21.0976441,89.0,37.3,0.048,0.001,0.981,0,37.83829790138222,15.0,57.980035851789516,0.0,2.0
15330,2026-05-11 15:00:44.100000+00:00,52.2172338,21.0977023,89.0,38.13,0.023,0.01,0.96,0,38.51839805389443,15.0,63.257781884150745,0.0,2.0
15335,2026-05-11 15:00:44.600000+00:00,52.2172015,21.0977613,89.0,38.53,0.071,0.022,0.926,0,38.810132848760865,15.0,68.59196166764929,0.0,2.0
15340,2026-05-11 15:00:45.100000+00:00,52.2171689,21.0978215,89.1,38.9,0.048,0.022,1.039,0,39.4096698636894,15.0,74.02058223599354,0.0,2.0
15345,2026-05-11 15:00:45.600000+00:00,52.2171365,21.0978835,89.2,39.78,0.05,0.0,0.923,0,39.9713941130913,15.0,79.5432898780711,0.0,2.0
15350,2026-05-11 15:00:46.100000+00:00,52.2171031,21.0979459,89.2,40.24,0.032,-0.001,0.992,0,40.64309734886298,,85.15614499476709,0.0,2.0
15355,2026-05-11 15:00:46.600000+00:00,52.2170684,21.0980074,89.3,40.82,0.026,0.0,0.97,0,41.00949332883246,,90.80741925077793,0.0,2.0
15360,2026-05-11 15:00:47.100000+00:00,52.2170327,21.0980697,89.3,41.55,0.031,0.0,0.954,0,41.84175842352993,,96.57351266136924,0.0,2.0
15365,2026-05-11 15:00:47.600000+00:00,52.216997,21.0981322,89.3,41.62,0.012,0.0,1.009,0,41.91347717193092,,102.35567690957788,0.0,2.0
15370,2026-05-11 15:00:48.100000+00:00,52.2169617,21.098195,89.2,41.85,0.029,0.02,0.932,0,41.80408738659334,,108.13170847435099,0.0,2.0
15375,2026-05-11 15:00:48.600000+00:00,52.2169261,21.0982584,89.1,42.04,0.004,0.008,1.003,0,42.183346249681975,,113.96352841206081,0.0,2.0
15380,2026-05-11 15:00:49.100000+00:00,52.2168906,21.0983228,89.0,42.78,0.021,-0.003,0.906,0,42.49267607183341,,119.8453533474922,0.0,2.0
15385,2026-05-11 15:00:49.600000+00:00,52.2168547,21.0983878,89.0,42.87,0.016,0.009,1.003,0,42.92569438518729,,125.78857392973822,0.0,2.0
15390,2026-05-11 15:00:50.100000+00:00,52.2168183,21.0984529,89.0,43.25,0.015,0.012,0.959,0,43.230984407694145,,131.77295514690624,0.0,2.0
15395,2026-05-11 15:00:50.600000+00:00,52.2167811,21.0985175,89.0,43.83,0.027,0.011,0.98,0,43.486283600348756,,137.78706253582058,0.0,2.0
15400,2026-05-11 15:00:51.100000+00:00,52.2167432,21.0985825,89.0,44.13,0.017,0.005,0.963,0,44.013939451184,,143.87293919319984,0.0,2.0
15405,2026-05-11 15:00:51.600000+00:00,52.2167049,21.0986477,88.9,44.43,0.013,0.014,0.96,0,44.30610001203547,,149.99938755308884,0.0,2.0
15410,2026-05-11 15:00:52.100000+00:00,52.2166663,21.0987136,88.8,44.65,0.026,0.019,0.986,0,44.72023406537699,,156.18605000526213,0.0,2.0
15415,2026-05-11 15:00:52.600000+00:00,52.2166271,21.0987799,88.8,45.05,0.032,0.028,0.954,0,45.194518179939024,,162.4377021125796,0.0,2.0
15420,2026-05-11 15:00:53.100000+00:00,52.2165876,21.0988473,88.7,45.28,0.048,0.027,0.976,0,45.750026350390335,,168.77043176430809,0.0,2.0
15425,2026-05-11 15:00:53.600000+00:00,52.2165475,21.0989147,88.6,45.89,0.017,0.003,0.968,0,46.083396170051365,,175.1469620497349,0.0,2.0
15430,2026-05-11 15:00:54.100000+00:00,52.2165069,21.0989823,88.5,46.27,0.016,0.009,0.962,0,46.43318473319125,,181.57104131637792,0.0,2.0
15435,2026-05-11 15:00:54.600000+00:00,52.2164657,21.0990498,88.3,46.66,0.029,0.008,0.973,0,46.735968199977194,,188.03416445169745,0.0,2.0
15440,2026-05-11 15:00:55.100000+00:00,52.2164239,21.0991171,88.3,46.76,0.007,0.005,0.977,0,47.00729936644823,,194.53144072640242,0.0,2.0
15445,2026-05-11 15:00:55.600000+00:00,52.2163821,21.0991839,88.3,46.83,-0.014,0.015,0.957,0,46.8354109871442,,201.00468291819982,0.0,2.0
15450,2026-05-11 15:00:56.100000+00:00,52.21634,21.0992512,88.2,47.21,0.014,0.014,0.973,0,47.17863304098134,,207.52746031942561,0.0,2.0
15455,2026-05-11 15:00:56.600000+00:00,52.2162974,21.0993184,88.2,47.57,0.019,0.011,0.962,0,47.43136366748069,,214.0828968562281,0.0,2.0
15460,2026-05-11 15:00:57.100000+00:00,52.2162542,21.0993858,88.2,47.98,0.031,0.003,0.984,0,47.84569354006476,,220.69399555310548,0.0,2.0
15465,2026-05-11 15:00:57.600000+00:00,52.2162105,21.0994537,88.1,48.45,0.022,-0.008,0.955,0,48.3046530703877,,227.36918252647573,0.0,2.0
15470,2026-05-11 15:00:58.100000+00:00,52.2161661,21.099521,88.1,48.41,-0.007,-0.008,0.979,0,48.511360132838334,,234.06639375727713,0.0,2.0
15475,2026-05-11 15:00:58.600000+00:00,52.2161215,21.0995878,88.0,48.41,-0.009,0.015,0.963,0,48.462673553915884,,240.75481977187826,0.0,2.0
15480,2026-05-11 15:00:59.100000+00:00,52.216077,21.0996541,88.0,48.22,-0.011,0.022,0.983,0,48.23804966945128,,247.41262044141567,0.0,2.0
15485,2026-05-11 15:00:59.600000+00:00,52.2160327,21.0997205,87.9,48.1,-0.004,0.022,0.954,0,48.15309818887607,,254.06301548469986,0.0,2.0
15490,2026-05-11 15:01:00.100000+00:00,52.2159883,21.0997867,87.9,48.29,0.007,0.03,0.981,0,48.14589713492811,,260.71252828955613,0.0,2.0
15495,2026-05-11 15:01:00.600000+00:00,52.215944,21.0998525,88.0,47.97,-0.001,0.016,1.0,0,47.95456170855992,,260.5034561230631,0.0,2.0
15500,2026-05-11 15:01:01.100000+00:00,52.2158996,21.0999179,88.0,47.67,-0.005,0.022,0.933,0,47.88214955263002,,253.8927569346335,0.0,2.0
15505,2026-05-11 15:01:01.600000+00:00,52.2158551,21.0999821,88.0,47.38,-0.007,0.015,0.979,0,47.549771985987604,,247.3226863049797,0.0,2.0
15510,2026-05-11 15:01:02.100000+00:00,52.2158108,21.1000453,88.1,47.13,-0.016,0.005,0.963,0,47.10568394978894,,240.81208449422925,0.0,2.0
15515,2026-05-11 15:01:02.600000+00:00,52.2157663,21.1001075,88.0,46.88,-0.005,0.005,0.946,0,46.90584520539853,,234.32444044039994,0.0,2.0
15520,2026-05-11 15:01:03.100000+00:00,52.2157219,21.1001687,88.0,46.37,0.022,0.023,1.01,0,46.52709458597344,,227.88664056613246,0.0,2.0
15525,2026-05-11 15:01:03.600000+00:00,52.2156777,21.1002299,88.0,46.59,0.01,0.034,0.945,0,46.404896421829854,,221.46847275090252,0.0,2.0
15530,2026-05-11 15:01:04.100000+00:00,52.2156338,21.1002902,88.0,45.98,0.0,0.039,1.043,0,45.936526833002745,,215.11432123065703,0.0,2.0
15535,2026-05-11 15:01:04.600000+00:00,52.2155902,21.1003501,88.1,45.64,-0.033,0.01,0.898,0,45.62644184531912,,208.80468704733002,0.0,2.0
15540,2026-05-11 15:01:05.100000+00:00,52.2155466,21.1004091,88.0,45.4,-0.02,0.008,1.011,0,45.34342123757629,,202.5315073983014,0.0,2.0
15545,2026-05-11 15:01:05.600000+00:00,52.2155031,21.1004669,87.9,44.95,-0.03,0.027,0.926,0,44.90790840996391,,196.315228797973,0.0,2.0
15550,2026-05-11 15:01:06.100000+00:00,52.2154598,21.1005234,88.0,44.37,-0.021,0.029,1.025,0,44.38289933396397,,190.1685299698775,0.0,2.0
15555,2026-05-11 15:01:06.600000+00:00,52.2154167,21.1005793,88.0,43.84,-0.006,0.019,0.928,0,44.07425885047408,,184.06433817500374,0.0,2.0
15560,2026-05-11 15:01:07.100000+00:00,52.2153735,21.1006343,87.9,43.65,0.005,0.012,0.981,0,43.86407958667437,,177.9863579298539,0.0,2.0
15565,2026-05-11 15:01:07.600000+00:00,52.2153304,21.1006881,87.9,43.75,-0.015,0.012,0.978,0,43.44090886821735,,171.96414636038196,0.0,2.0
15570,2026-05-11 15:01:08.100000+00:00,52.2152874,21.1007415,88.0,43.47,-0.01,0.031,0.955,0,43.25826595327626,,165.9671279464994,0.0,2.0
15575,2026-05-11 15:01:08.600000+00:00,52.2152445,21.1007949,88.0,43.47,0.007,0.038,0.98,0,43.19459460856881,,159.98020154470385,0.0,2.0
15580,2026-05-11 15:01:09.100000+00:00,52.2152019,21.1008476,88.0,42.96,-0.004,0.017,0.965,0,42.79559454296465,,154.0483525144636,0.0,2.0
15585,2026-05-11 15:01:09.600000+00:00,52.2151592,21.1008997,88.0,43.07,-0.008,0.012,0.972,0,42.682567859211325,,148.13061950026628,0.0,2.0
15590,2026-05-11 15:01:10.100000+00:00,52.2151167,21.1009512,88.0,42.47,-0.003,0.032,0.978,0,42.37834321666066,,142.2547350646865,0.0,2.0
15595,2026-05-11 15:01:10.600000+00:00,52.2150744,21.1010023,88.0,42.17,-0.006,0.031,0.988,0,42.132878200663555,,136.4132119619057,0.0,2.0
15600,2026-05-11 15:01:11.100000+00:00,52.2150324,21.1010531,88.0,41.69,0.003,0.027,0.962,0,41.85229823332124,,130.61171711857594,0.0,2.0
15605,2026-05-11 15:01:11.600000+00:00,52.2149903,21.1011036,87.9,42.16,-0.021,0.013,0.964,0,41.829345460240226,,124.81296758715209,0.0,2.0
15610,2026-05-11 15:01:12.100000+00:00,52.2149495,21.1011539,87.9,41.02,-0.03,-0.003,0.963,0,40.93613919214997,,119.14447384590729,0.0,2.0
15615,2026-05-11 15:01:12.600000+00:00,52.2149091,21.101203,87.9,40.14,-0.031,-0.011,0.946,0,40.3267757124687,,113.55897163771233,0.0,2.0
15620,2026-05-11 15:01:13.100000+00:00,52.2148691,21.1012513,87.9,39.72,-0.024,0.0,1.001,0,39.83575347324211,,108.0417067251225,0.0,2.0
15625,2026-05-11 15:01:13.600000+00:00,52.2148296,21.1012989,88.0,39.15,-0.036,-0.006,0.942,0,39.30975659144629,,102.59850449035406,0.0,2.0
15630,2026-05-11 15:01:14.100000+00:00,52.2147907,21.1013465,88.0,38.66,-0.065,-0.015,0.981,0,38.924373962718775,,97.21397416398729,0.0,2.0
15635,2026-05-11 15:01:14.600000+00:00,52.2147518,21.1013934,87.9,38.5,-0.048,-0.028,0.993,0,38.71938397044559,,91.85675756004393,0.0,2.0
15640,2026-05-11 15:01:15.100000+00:00,52.214713,21.1014397,88.0,38.72,-0.041,-0.023,0.94,0,38.48058871124749,,86.53266485591863,0.0,2.0
15645,2026-05-11 15:01:15.600000+00:00,52.2146758,21.1014856,87.9,37.56,-0.041,-0.028,0.978,0,37.335518781000054,,81.37821150594526,0.0,2.0
15650,2026-05-11 15:01:16.100000+00:00,52.2146383,21.1015306,88.0,37.06,-0.045,-0.014,0.976,0,37.26419824706949,16.0,76.2299897847497,0.0,2.0
15655,2026-05-11 15:01:16.600000+00:00,52.2146011,21.1015754,87.9,36.72,-0.038,-0.038,0.961,0,37.01264164940736,16.0,71.12146087497777,0.0,2.0
15660,2026-05-11 15:01:17.100000+00:00,52.2145644,21.1016186,87.9,35.99,-0.112,-0.046,0.959,0,36.22668745338512,16.0,66.11975070081112,0.0,2.0
15665,2026-05-11 15:01:17.600000+00:00,52.2145284,21.1016583,87.9,34.93,-0.071,-0.064,0.972,0,34.78415831784744,16.0,61.306251563349974,0.0,2.0
15670,2026-05-11 15:01:18.100000+00:00,52.2144923,21.1016959,87.9,34.26,-0.059,-0.094,0.948,0,34.28555109370556,16.0,56.554469096522766,0.0,2.0
15675,2026-05-11 15:01:18.600000+00:00,52.2144563,21.1017302,87.8,33.05,-0.13,-0.077,0.98,0,33.37341825720692,16.0,51.921282273597065,0.0,2.0
15680,2026-05-11 15:01:19.100000+00:00,52.2144209,21.1017614,87.8,32.05,-0.087,-0.052,0.969,0,32.209742054795086,16.0,47.44772254030341,0.0,2.0
15685,2026-05-11 15:01:19.600000+00:00,52.2143861,21.1017918,87.8,31.27,-0.083,-0.047,0.968,0,31.6008278027448,16.0,43.058819643777404,0.0,2.0
15690,2026-05-11 15:01:20.100000+00:00,52.2143528,21.1018204,87.6,29.77,-0.084,0.033,0.984,0,30.12612598580681,16.0,38.87509936978793,0.0,2.0
15695,2026-05-11 15:01:20.600000+00:00,52.2143219,21.1018502,87.6,28.3,-0.045,0.066,0.971,0,28.734767177217957,16.0,34.886672273681455,0.0,2.0
15700,2026-05-11 15:01:21.100000+00:00,52.2142936,21.1018819,87.6,27.16,-0.043,0.091,0.964,0,27.479936828401893,16.0,31.09371969311248,0.0,2.0
15705,2026-05-11 15:01:21.600000+00:00,52.2142674,21.1019134,87.5,25.88,-0.087,0.03,0.957,0,26.052776159070568,16.0,27.522183180367044,0.0,2.0
15710,2026-05-11 15:01:22.100000+00:00,52.2142426,21.1019432,87.4,24.77,-0.081,-0.02,0.971,0,24.65576294871071,16.0,24.154844829420078,0.0,2.0
15715,2026-05-11 15:01:22.600000+00:00,52.214218,21.1019707,87.3,23.87,-0.068,-0.022,0.976,0,23.871778093643886,16.0,20.889088137067333,0.0,2.0
15720,2026-05-11 15:01:23.100000+00:00,52.2141956,21.1019975,87.2,21.76,-0.096,0.049,0.972,0,22.236003003932062,16.0,17.886882051744823,0.0,2.0
15725,2026-05-11 15:01:23.600000+00:00,52.2141755,21.1020238,87.2,20.02,-0.074,-0.001,0.985,0,20.625151937118343,16.0,15.173246584522516,0.0,2.0
15730,2026-05-11 15:01:24.100000+00:00,52.2141562,21.1020482,87.2,18.68,-0.098,0.007,0.966,0,19.54517948354373,16.0,12.644740263988105,0.0,2.0
15735,2026-05-11 15:01:24.600000+00:00,52.2141388,21.1020698,87.1,16.64,-0.139,-0.007,0.948,0,17.502188891388478,16.0,10.449778984820503,0.0,2.0
15740,2026-05-11 15:01:25.100000+00:00,52.2141235,21.1020885,87.1,14.38,-0.11,0.014,0.986,0,15.303243450208976,16.0,8.625749870186237,0.0,2.0
15745,2026-05-11 15:01:25.600000+00:00,52.2141098,21.102105,87.1,12.9,-0.127,0.006,0.967,0,13.631367348527899,16.0,7.133711769099955,0.0,2.0
15750,2026-05-11 15:01:26.100000+00:00,52.2140985,21.1021191,87.0,10.82,-0.108,0.004,0.969,0,11.387907795625676,16.0,6.083050126827429,0.0,2.0
15755,2026-05-11 15:01:26.600000+00:00,52.2140894,21.1021309,87.0,8.89,-0.154,0.026,0.951,0,9.305032136839483,16.0,5.441434697873638,0.0,2.0
15760,2026-05-11 15:01:27.100000+00:00,52.2140823,21.10214,86.9,6.58,-0.153,0.016,0.991,0,7.227559644338466,16.0,5.110218143178253,0.0,2.0
15765,2026-05-11 15:01:27.600000+00:00,52.2140779,21.1021459,86.9,3.69,-0.182,0.026,0.967,0,4.559102355102332,16.0,5.0085112263875615,0.0,2.0
15770,2026-05-11 15:01:28.100000+00:00,52.2140764,21.1021487,86.9,0.63,-0.173,0.025,0.986,0,1.8244750191762427,16.0,5.031423049873373,0.0,2.0
15775,2026-05-11 15:01:28.600000+00:00,52.2140762,21.10215,87.0,0.24,-0.025,-0.023,0.969,0,0.6574972382331661,16.0,5.0826529186837,0.0,2.0
15780,2026-05-11 15:01:29.100000+00:00,52.2140757,21.1021516,87.0,0.36,-0.021,-0.019,0.97,0,0.8810523247613178,16.0,5.129009571224778,0.0,2.0
15785,2026-05-11 15:01:29.600000+00:00,52.214075,21.1021536,87.0,0.25,-0.009,-0.021,0.976,0,1.1298635498111342,16.0,5.1852408339303455,0.0,2.0
15790,2026-05-11 15:01:30.100000+00:00,52.2140748,21.1021548,87.0,0.18,-0.015,-0.023,0.976,0,0.6100370856948492,16.0,5.235879596679953,0.0,2.0
15795,2026-05-11 15:01:30.600000+00:00,52.2140745,21.1021561,87.1,0.08,-0.011,-0.022,0.973,0,0.681433006171208,16.0,5.286162080969253,0.0,2.0
15800,2026-05-11 15:01:31.100000+00:00,52.2140742,21.1021575,87.1,0.44,-0.01,-0.021,0.975,0,0.7275444597235887,16.0,5.3431641277334405,0.0,2.0
15805,2026-05-11 15:01:31.600000+00:00,52.2140735,21.1021585,87.1,0.26,0.017,-0.033,0.975,0,0.744783797627053,16.0,5.353640463713796,0.0,2.0
15810,2026-05-11 15:01:32.100000+00:00,52.2140723,21.1021607,87.2,1.34,0.031,-0.043,0.96,0,1.4448661661119768,16.0,5.403982745100251,0.0,2.0
15815,2026-05-11 15:01:32.600000+00:00,52.2140705,21.1021636,87.3,1.85,0.036,-0.036,0.976,0,2.02495055368318,16.0,5.4687469553745585,0.0,2.0
15820,2026-05-11 15:01:33.100000+00:00,52.2140675,21.1021677,87.2,3.55,0.041,-0.037,0.977,0,3.132679003313026,16.0,5.561304141763721,0.0,2.0
15825,2026-05-11 15:01:33.600000+00:00,52.214064,21.1021731,87.2,3.92,0.036,-0.031,0.972,0,3.85598161532263,16.0,5.748805445739728,0.0,2.0
15830,2026-05-11 15:01:34.100000+00:00,52.2140597,21.1021795,87.2,4.83,0.022,-0.028,0.966,0,4.659147306598108,16.0,6.021064964113294,0.0,2.0
15835,2026-05-11 15:01:34.600000+00:00,52.2140551,21.1021872,87.4,5.37,0.024,-0.028,0.979,0,5.275393675223789,16.0,6.429891140965153,0.0,2.0
15840,2026-05-11 15:01:35.100000+00:00,52.2140493,21.1021953,87.4,6.5,0.062,-0.017,0.975,0,6.111449668838008,16.0,6.911378780215041,0.0,2.0
15845,2026-05-11 15:01:35.600000+00:00,52.2140421,21.1022074,87.4,8.86,0.092,-0.025,0.97,0,8.273952968532642,16.0,7.73817301611693,0.0,2.0
15850,2026-05-11 15:01:36.100000+00:00,52.2140328,21.1022228,87.4,11.36,0.094,-0.047,0.97,0,10.606835157102259,16.0,8.897129880868624,0.0,2.0
15855,2026-05-11 15:01:36.600000+00:00,52.2140212,21.1022415,87.4,13.75,0.104,-0.088,0.956,0,13.05351740685117,16.0,10.420764860153747,0.0,2.0
15860,2026-05-11 15:01:37.100000+00:00,52.2140069,21.1022641,87.4,16.26,0.119,-0.068,0.991,0,15.936606495042343,16.0,12.377727005310883,0.0,2.0
15865,2026-05-11 15:01:37.600000+00:00,52.2139906,21.1022916,87.5,19.34,0.13,-0.062,0.949,0,18.76899001022984,16.0,14.805070936575106,0.0,2.0
15870,2026-05-11 15:01:38.100000+00:00,52.2139719,21.1023222,87.5,21.58,0.096,-0.076,0.967,0,21.200383128282397,16.0,17.595804177078858,0.0,2.0
15875,2026-05-11 15:01:38.600000+00:00,52.2139521,21.1023543,87.5,22.78,0.08,-0.062,0.963,0,22.343515266074586,16.0,20.57980313083209,0.0,2.0
15880,2026-05-11 15:01:39.100000+00:00,52.2139302,21.1023854,87.2,24.19,0.051,-0.106,0.961,0,23.24122224074902,16.0,23.66334639225729,0.0,2.0
15885,2026-05-11 15:01:39.600000+00:00,52.2139064,21.1024194,87.0,25.84,0.055,-0.113,0.97,0,25.322687497160302,16.0,27.06390406847366,0.0,2.0
15890,2026-05-11 15:01:40.100000+00:00,52.21388,21.1024545,87.1,27.77,0.011,-0.148,0.956,0,27.26147634940443,16.0,30.72393506225183,0.0,2.0
15895,2026-05-11 15:01:40.600000+00:00,52.2138513,21.1024893,87.0,29.4,-0.014,-0.134,0.973,0,28.62467504500241,16.0,34.55495546185137,0.0,2.0
15900,2026-05-11 15:01:41.100000+00:00,52.2138212,21.1025258,87.1,30.59,0.106,-0.057,0.966,0,30.02172126429217,16.0,38.60441816729198,0.0,2.0
15905,2026-05-11 15:01:41.600000+00:00,52.21379,21.1025637,87.1,31.34,0.072,-0.028,0.97,0,31.138220947672544,16.0,42.82959477221784,0.0,2.0
15910,2026-05-11 15:01:42.100000+00:00,52.2137578,21.1026029,87.2,32.58,0.041,-0.049,0.974,0,32.16123702200651,16.0,47.2133750891134,0.0,2.0
15915,2026-05-11 15:01:42.600000+00:00,52.2137246,21.1026435,87.3,33.53,0.047,-0.041,0.959,0,33.213678272664254,16.0,51.757174463475735,0.0,2.0
15920,2026-05-11 15:01:43.100000+00:00,52.2136908,21.102685,87.4,34.42,0.009,-0.057,0.956,0,33.86290399114692,16.0,56.402724394169276,0.0,2.0
15925,2026-05-11 15:01:43.600000+00:00,52.213656,21.1027277,87.5,35.09,0.048,-0.03,0.984,0,34.85657501982861,16.0,61.19358132373282,0.0,2.0
15930,2026-05-11 15:01:44.100000+00:00,52.2136202,21.1027714,87.6,36.28,0.031,-0.054,0.957,0,35.791402860115106,16.0,66.1189626641541,0.0,2.0
15935,2026-05-11 15:01:44.600000+00:00,52.2135836,21.1028162,87.7,36.85,0.053,-0.034,0.983,0,36.62752793746559,16.0,71.16678882190256,0.0,2.0
15940,2026-05-11 15:01:45.100000+00:00,52.2135461,21.102862,87.7,37.76,-0.001,-0.04,0.971,0,37.49832219390225,16.0,76.33941307945676,0.0,2.0
15945,2026-05-11 15:01:45.600000+00:00,52.2135077,21.1029086,87.7,38.04,0.023,-0.031,0.936,0,38.31053627802832,,81.6269958444992,0.0,2.0
15950,2026-05-11 15:01:46.100000+00:00,52.2134688,21.1029547,87.7,38.72,0.041,-0.033,1.004,0,38.487893626703176,,86.93669334496916,0.0,2.0
15955,2026-05-11 15:01:46.600000+00:00,52.2134295,21.1030011,87.7,38.67,0.013,-0.029,0.961,0,38.83356704795289,,92.2972532362403,0.0,2.0
15960,2026-05-11 15:01:47.100000+00:00,52.2133897,21.1030482,87.7,39.49,0.022,-0.005,0.982,0,39.35920136181867,,97.7346858027348,0.0,2.0
15965,2026-05-11 15:01:47.600000+00:00,52.2133499,21.1030962,87.6,39.96,0.034,-0.006,0.935,0,39.619992799893424,,103.21575241279311,0.0,2.0
15970,2026-05-11 15:01:48.100000+00:00,52.2133098,21.1031453,87.6,40.15,0.018,-0.042,0.99,0,40.1349135845305,,108.77346508894473,0.0,2.0
15975,2026-05-11 15:01:48.600000+00:00,52.213269,21.103195,87.6,40.74,0.02,-0.041,0.956,0,40.75997143508546,,114.41836812939945,0.0,2.0
15980,2026-05-11 15:01:49.100000+00:00,52.2132278,21.1032461,87.6,41.73,0.016,-0.028,0.979,0,41.42896283907185,,120.16077692084028,0.0,2.0
15985,2026-05-11 15:01:49.600000+00:00,52.2131865,21.1032986,87.7,41.94,-0.001,-0.036,0.96,0,41.911220178034526,,125.97480894035608,0.0,2.0
15990,2026-05-11 15:01:50.100000+00:00,52.2131447,21.103351,87.7,42.42,-0.005,-0.056,0.983,0,42.1978606568243,,131.82729370112335,0.0,2.0
15995,2026-05-11 15:01:50.600000+00:00,52.2131021,21.1034034,87.7,42.93,0.014,-0.049,0.95,0,42.707595557082534,,137.74825766028766,0.0,2.0
16000,2026-05-11 15:01:51.100000+00:00,52.2130588,21.1034562,87.7,43.21,0.004,-0.059,0.984,0,43.273634275563666,,143.7471344569036,0.0,2.0
16005,2026-05-11 15:01:51.600000+00:00,52.2130151,21.1035086,87.8,43.14,-0.004,-0.051,0.953,0,43.41414728458834,,149.7634220186783,0.0,2.0
16010,2026-05-11 15:01:52.100000+00:00,52.2129712,21.1035618,87.8,43.34,0.008,-0.031,0.983,0,43.77611893097178,,155.83278378799957,0.0,2.0
16015,2026-05-11 15:01:52.600000+00:00,52.2129276,21.1036153,87.9,43.46,-0.003,-0.043,0.946,0,43.671816058633425,,161.89040408972514,0.0,2.0
16020,2026-05-11 15:01:53.100000+00:00,52.2128833,21.1036691,88.0,44.36,-0.004,-0.03,0.987,0,44.20875239188505,,168.0215417103945,0.0,2.0
16025,2026-05-11 15:01:53.600000+00:00,52.2128391,21.1037226,88.1,43.96,0.002,-0.023,0.958,0,44.05673998311272,,174.13171947753247,0.0,2.0
16030,2026-05-11 15:01:54.100000+00:00,52.2127947,21.1037765,88.0,44.36,-0.005,-0.021,0.965,0,44.30229858376174,,180.27699084792343,0.0,2.0
16035,2026-05-11 15:01:54.600000+00:00,52.2127506,21.103831,88.2,44.28,-0.014,-0.021,0.98,0,44.28689280681152,,186.42294917823907,0.0,2.0
16040,2026-05-11 15:01:55.100000+00:00,52.2127062,21.1038853,88.2,44.5,0.009,-0.04,0.966,0,44.419720012381994,,192.58639684007895,0.0,2.0
16045,2026-05-11 15:01:55.600000+00:00,52.2126618,21.1039394,88.2,44.17,-0.004,-0.024,0.96,0,44.360971224558654,,198.7415960055554,0.0,2.0
16050,2026-05-11 15:01:56.100000+00:00,52.212617,21.1039932,88.2,44.47,0.017,-0.012,0.974,0,44.53063173761884,,196.63487770037327,0.0,2.0
16055,2026-05-11 15:01:56.600000+00:00,52.2125724,21.1040472,88.2,44.58,-0.001,-0.026,0.98,0,44.46016659786091,,190.4677832066336,0.0,2.0
16060,2026-05-11 15:01:57.100000+00:00,52.2125279,21.1041018,88.3,44.78,-0.002,-0.006,0.956,0,44.57215852121376,,184.28791654914212,0.0,2.0
16065,2026-05-11 15:01:57.600000+00:00,52.2124837,21.1041559,88.2,44.18,0.0,-0.012,0.971,0,44.23283285713087,,178.15539275845117,0.0,2.0
16070,2026-05-11 15:01:58.100000+00:00,52.2124394,21.1042105,88.3,44.69,-0.001,-0.022,0.961,0,44.444309226244975,,171.9956634002239,0.0,2.0
16075,2026-05-11 15:01:58.600000+00:00,52.212395,21.1042645,88.4,44.15,-0.001,-0.038,0.994,0,44.33173612833035,,165.84993457308593,0.0,2.0
16080,2026-05-11 15:01:59.100000+00:00,52.2123498,21.1043185,88.4,44.8,-0.021,-0.037,0.948,0,44.846947285942356,,159.63048662430717,0.0,2.0
16085,2026-05-11 15:01:59.600000+00:00,52.2123051,21.1043729,88.4,44.86,-0.028,-0.028,0.986,0,44.64160841841965,,153.44369183323028,0.0,2.0
16090,2026-05-11 15:02:00.100000+00:00,52.2122609,21.1044265,88.5,43.97,-0.023,-0.025,0.943,0,44.08618399568388,,147.3342592031735,0.0,2.0
16095,2026-05-11 15:02:00.600000+00:00,52.212217,21.1044794,88.4,43.6,-0.039,-0.019,0.964,0,43.68880682137701,,141.27978433182332,0.0,2.0
16100,2026-05-11 15:02:01.100000+00:00,52.2121738,21.1045316,88.4,42.74,-0.034,-0.028,0.961,0,43.034042957191836,,135.31778600366553,0.0,2.0
16105,2026-05-11 15:02:01.600000+00:00,52.2121309,21.1045838,88.3,42.47,-0.036,-0.02,0.988,0,42.84126486015899,,129.38540048377683,0.0,2.0
16110,2026-05-11 15:02:02.100000+00:00,52.2120883,21.1046349,88.2,42.11,-0.051,-0.026,0.952,0,42.327169772382696,,123.52270494707054,0.0,2.0
16115,2026-05-11 15:02:02.600000+00:00,52.2120462,21.1046855,88.1,41.94,-0.041,-0.013,0.978,0,41.85938928362627,,117.7268162393258,0.0,2.0
16120,2026-05-11 15:02:03.100000+00:00,52.2120046,21.1047353,88.1,41.25,-0.048,-0.016,0.976,0,41.304431445585315,,112.00867683064814,0.0,2.0
16125,2026-05-11 15:02:03.600000+00:00,52.2119637,21.1047851,88.1,40.82,-0.034,-0.019,0.964,0,40.85390291291162,,106.35907204044034,0.0,2.0
16130,2026-05-11 15:02:04.100000+00:00,52.211923,21.1048337,88.1,40.54,-0.041,-0.015,0.958,0,40.375309870012835,,100.77336054193411,0.0,2.0
16135,2026-05-11 15:02:04.600000+00:00,52.2118825,21.1048812,88.1,40.18,-0.046,-0.006,0.982,0,39.92891129953606,,95.24760707360889,0.0,2.0
16140,2026-05-11 15:02:05.100000+00:00,52.2118428,21.1049295,88.1,39.71,-0.031,-0.013,0.967,0,39.643893016991434,,89.77350806917617,0.0,2.0
16145,2026-05-11 15:02:05.600000+00:00,52.2118034,21.104976,88.0,38.91,-0.035,-0.014,0.964,0,38.92767570046744,,84.39371197558106,0.0,2.0
16150,2026-05-11 15:02:06.100000+00:00,52.2117643,21.1050225,88.0,38.53,-0.029,-0.003,0.985,0,38.73332037850334,17.0,79.04658902141668,0.0,2.0
16155,2026-05-11 15:02:06.600000+00:00,52.2117256,21.1050678,88.0,38.02,-0.047,-0.012,0.962,0,38.12890796843722,17.0,73.78283510143095,0.0,2.0
16160,2026-05-11 15:02:07.100000+00:00,52.2116884,21.1051106,87.9,35.68,-0.103,0.01,0.946,0,36.43948654383248,17.0,68.75205235503496,0.0,2.0
16165,2026-05-11 15:02:07.600000+00:00,52.2116527,21.1051517,87.9,34.98,-0.106,0.003,0.97,0,34.97745796971329,17.0,63.92778378290958,0.0,2.0
16170,2026-05-11 15:02:08.100000+00:00,52.2116175,21.1051914,87.9,34.35,-0.066,-0.1,0.991,0,34.25606462014413,17.0,59.20255085035049,0.0,2.0
16175,2026-05-11 15:02:08.600000+00:00,52.2115812,21.105227,87.8,34.14,-0.061,-0.097,0.943,0,33.90564393123795,17.0,54.50204743130022,0.0,2.0
16180,2026-05-11 15:02:09.100000+00:00,52.2115449,21.1052602,87.7,32.68,-0.097,-0.062,1.015,0,33.314500400082245,17.0,49.877745652440346,0.0,2.0
16185,2026-05-11 15:02:09.600000+00:00,52.2115092,21.1052911,87.8,31.81,-0.072,-0.029,0.945,0,32.35253543406404,17.0,45.38473165998934,0.0,2.0
16190,2026-05-11 15:02:10.100000+00:00,52.2114745,21.1053199,87.7,30.52,-0.086,0.012,0.984,0,31.16715695680373,17.0,41.05598572451273,0.0,2.0
16195,2026-05-11 15:02:10.600000+00:00,52.2114425,21.1053488,87.6,28.81,-0.057,0.1,0.967,0,29.280522810669712,17.0,36.991461838825806,0.0,2.0
16200,2026-05-11 15:02:11.100000+00:00,52.2114127,21.1053802,87.6,27.96,-0.07,0.065,0.964,0,28.3986408791585,17.0,33.070436092808826,0.0,2.0
16205,2026-05-11 15:02:11.600000+00:00,52.2113852,21.1054117,87.6,26.39,-0.088,0.064,0.98,0,26.89840057625123,17.0,29.38405297711285,0.0,2.0
16210,2026-05-11 15:02:12.100000+00:00,52.2113603,21.1054416,87.5,24.3,-0.108,0.035,0.954,0,24.749883062315398,17.0,26.02050694612634,0.0,2.0
16215,2026-05-11 15:02:12.600000+00:00,52.2113375,21.1054701,87.5,22.22,-0.132,0.031,0.968,0,22.9929358033033,17.0,22.93137796900604,0.0,2.0
16220,2026-05-11 15:02:13.100000+00:00,52.2113168,21.1054954,87.5,20.21,-0.147,-0.017,0.975,0,20.704857786918993,17.0,20.16810985999099,0.0,2.0
16225,2026-05-11 15:02:13.600000+00:00,52.2112981,21.1055175,87.5,17.4,-0.151,0.032,0.971,0,18.484585853953668,17.0,17.717908895505133,0.0,2.0
16230,2026-05-11 15:02:14.100000+00:00,52.2112825,21.1055357,87.5,14.69,-0.169,0.044,0.993,0,15.352576475046765,17.0,15.706680198014102,0.0,2.0
16235,2026-05-11 15:02:14.600000+00:00,52.21127,21.1055513,87.5,11.34,-0.19,0.029,0.935,0,12.598330079886285,17.0,14.105997002082109,0.0,2.0
16240,2026-05-11 15:02:15.100000+00:00,52.2112608,21.1055613,87.4,7.63,-0.204,0.032,1.0,0,8.849709500678555,17.0,12.970044604702569,0.0,2.0
16245,2026-05-11 15:02:15.600000+00:00,52.211255,21.1055682,87.4,4.64,-0.187,0.031,0.975,0,5.746296311844444,17.0,12.257027659125109,0.0,2.0
16250,2026-05-11 15:02:16.100000+00:00,52.2112524,21.1055711,87.4,1.72,-0.205,0.036,0.964,0,2.521285687857634,17.0,11.942681844060417,0.0,2.0
16255,2026-05-11 15:02:16.600000+00:00,52.2112526,21.1055712,87.5,0.18,-0.067,-0.003,0.988,0,0.16746712819165022,17.0,11.963788077763736,0.0,2.0
16260,2026-05-11 15:02:17.100000+00:00,52.2112524,21.1055713,87.5,0.31,-0.004,-0.024,0.948,0,0.16746712819165022,17.0,11.940831387022117,0.0,2.0
16265,2026-05-11 15:02:17.600000+00:00,52.2112525,21.1055716,87.6,0.17,-0.012,-0.022,0.991,0,0.16753827647197334,17.0,11.949104302521999,0.0,2.0
16270,2026-05-11 15:02:18.100000+00:00,52.2112525,21.1055716,87.7,0.11,-0.004,-0.024,0.965,0,0.0,17.0,11.949104302521999,0.0,2.0
16275,2026-05-11 15:02:18.600000+00:00,52.2112529,21.1055717,87.8,0.2,-0.005,-0.019,0.981,0,0.3239770786179508,17.0,11.992282158063665,0.0,2.0
16280,2026-05-11 15:02:19.100000+00:00,52.2112528,21.1055723,87.9,0.6,-0.013,-0.026,0.974,0,0.30503658473273787,17.0,11.975912343794123,0.0,2.0
16285,2026-05-11 15:02:19.600000+00:00,52.211253,21.1055727,87.9,0.07,-0.015,-0.022,0.979,0,0.2532671784544505,17.0,11.994482551229803,0.0,2.0
16290,2026-05-11 15:02:20.100000+00:00,52.2112528,21.1055737,88.0,0.97,0.066,-0.042,0.975,0,0.5160414726123946,17.0,11.963966990009329,0.0,2.0
16295,2026-05-11 15:02:20.600000+00:00,52.2112507,21.105577,88.2,2.75,0.117,-0.055,0.964,0,2.3339770831391577,17.0,11.706529267516709,0.0,2.0
16300,2026-05-11 15:02:21.100000+00:00,52.2112467,21.1055831,88.2,4.59,0.083,-0.044,0.966,0,4.382969439508061,17.0,11.226646255309486,0.0,2.0
16305,2026-05-11 15:02:21.600000+00:00,52.2112414,21.1055906,88.3,5.46,0.063,-0.027,0.976,0,5.616215119738816,17.0,10.612231413961709,0.0,2.0
16310,2026-05-11 15:02:22.100000+00:00,52.2112348,21.1055991,88.3,6.73,0.041,-0.028,0.967,0,6.731135405519837,17.0,9.878060361488295,0.0,2.0
16315,2026-05-11 15:02:22.600000+00:00,52.2112277,21.1056087,88.3,7.68,0.049,-0.049,0.964,0,7.381758207924104,17.0,9.132455778901793,0.0,2.0
16320,2026-05-11 15:02:23.100000+00:00,52.2112193,21.1056199,88.3,8.82,0.074,-0.05,0.973,0,8.68418137787848,17.0,8.325287270162702,0.0,2.0
16325,2026-05-11 15:02:23.600000+00:00,52.2112101,21.1056344,88.5,9.38,0.126,-0.015,0.98,0,10.239640707605421,17.0,7.616380537428545,0.0,2.0
16330,2026-05-11 15:02:24.100000+00:00,52.2111991,21.1056501,88.6,12.86,0.163,-0.037,0.969,0,11.699458489978435,17.0,6.996917341386447,0.0,2.0
16335,2026-05-11 15:02:24.600000+00:00,52.2111844,21.1056719,88.6,16.79,0.132,-0.04,0.968,0,15.902137486039083,17.0,6.759079792782712,0.0,2.0
16340,2026-05-11 15:02:25.100000+00:00,52.2111681,21.1056975,88.6,18.41,0.13,-0.078,0.956,0,18.11126235893451,17.0,7.40357370255069,0.0,2.0
16345,2026-05-11 15:02:25.600000+00:00,52.2111487,21.105725,88.5,21.03,0.164,-0.064,0.958,0,20.572650688620396,17.0,8.86264434654129,0.0,2.0
16350,2026-05-11 15:02:26.100000+00:00,52.2111282,21.1057544,88.5,22.35,0.055,-0.041,0.971,0,21.849119401719864,17.0,11.039609870449437,0.0,2.0
16355,2026-05-11 15:02:26.600000+00:00,52.211106,21.1057859,88.4,23.83,0.077,-0.052,0.969,0,23.55186088232474,17.0,13.746441878936242,0.0,2.0
16360,2026-05-11 15:02:27.100000+00:00,52.2110827,21.1058204,88.3,25.62,0.074,-0.054,0.97,0,25.1877309903077,17.0,16.893784882206734,0.0,2.0
16365,2026-05-11 15:02:27.600000+00:00,52.2110583,21.1058577,88.4,27.02,0.075,-0.064,0.975,0,26.76632769587582,17.0,20.383209469717777,0.0,2.0
16370,2026-05-11 15:02:28.100000+00:00,52.211032,21.105895,88.4,28.24,0.029,-0.134,0.953,0,27.895894451032934,17.0,24.052078127617314,0.0,2.0
16375,2026-05-11 15:02:28.600000+00:00,52.2110029,21.1059335,88.4,30.43,0.072,-0.133,0.961,0,29.991643157905813,17.0,28.02014221973449,0.0,2.0
16380,2026-05-11 15:02:29.100000+00:00,52.2109718,21.1059726,88.4,31.46,0.02,-0.113,0.957,0,31.430506039956942,17.0,32.20442828786063,0.0,2.0
16385,2026-05-11 15:02:29.600000+00:00,52.210939,21.1060108,88.3,32.43,0.039,-0.085,0.979,0,32.26084957186928,17.0,36.502365436561526,0.0,2.0
16390,2026-05-11 15:02:30.100000+00:00,52.2109051,21.1060503,88.3,33.21,0.047,-0.049,0.967,0,33.348164232060334,17.0,40.986569124445666,0.0,2.0
16395,2026-05-11 15:02:30.600000+00:00,52.2108706,21.1060907,88.3,33.71,0.036,-0.024,0.974,0,33.99576493305998,17.0,45.590574683089585,0.0,2.0
16400,2026-05-11 15:02:31.100000+00:00,52.2108357,21.1061338,88.3,35.28,0.052,-0.02,0.973,0,35.039458777923805,17.0,50.38085679897821,0.0,2.0
16405,2026-05-11 15:02:31.600000+00:00,52.2107994,21.1061784,88.3,36.45,0.058,-0.067,0.954,0,36.37740144564676,17.0,55.366221442672135,0.0,2.0
16410,2026-05-11 15:02:32.100000+00:00,52.210762,21.1062238,88.3,37.48,0.04,-0.041,0.977,0,37.31765181528686,17.0,60.48767193903276,0.0,2.0
16415,2026-05-11 15:02:32.600000+00:00,52.2107239,21.1062706,88.4,38.44,0.072,-0.04,0.978,0,38.17784902616627,17.0,65.74115374630817,0.0,2.0
16420,2026-05-11 15:02:33.100000+00:00,52.2106848,21.1063183,88.4,39.25,0.04,-0.034,0.963,0,39.083248242210026,17.0,71.12458065354552,0.0,2.0
16425,2026-05-11 15:02:33.600000+00:00,52.210645,21.1063666,88.4,39.97,0.018,-0.037,0.967,0,39.7084903542086,17.0,76.59900470064454,0.0,2.0
16430,2026-05-11 15:02:34.100000+00:00,52.2106046,21.1064157,88.4,40.44,0.03,-0.035,0.972,0,40.32816967879496,,82.16485238477775,0.0,2.0
16435,2026-05-11 15:02:34.600000+00:00,52.2105635,21.1064659,88.4,40.99,0.032,-0.031,0.964,0,41.10009174704401,,87.84321586485811,0.0,2.0
16440,2026-05-11 15:02:35.100000+00:00,52.2105221,21.106517,88.5,41.5,0.005,-0.032,0.976,0,41.55748142640326,,93.59111762384097,0.0,2.0
16445,2026-05-11 15:02:35.600000+00:00,52.2104798,21.1065691,88.5,42.74,0.006,-0.043,0.951,0,42.428131923375474,,99.46180269442246,0.0,2.0
16450,2026-05-11 15:02:36.100000+00:00,52.210437,21.1066211,88.5,42.79,0.042,-0.041,0.996,0,42.719028176245885,,105.37202767534599,0.0,2.0
16455,2026-05-11 15:02:36.600000+00:00,52.210393,21.1066738,88.5,44.11,0.036,-0.032,0.96,0,43.69574691153539,,111.41643038459546,0.0,2.0
16460,2026-05-11 15:02:37.100000+00:00,52.2103484,21.1067268,88.4,44.12,0.019,-0.036,0.971,0,44.17040883693093,,117.52711286481228,0.0,2.0
16465,2026-05-11 15:02:37.600000+00:00,52.2103039,21.1067808,88.5,44.55,0.023,-0.019,0.966,0,44.39670120848127,,123.67626358649207,0.0,2.0
16470,2026-05-11 15:02:38.100000+00:00,52.2102589,21.1068357,88.5,44.68,0.001,-0.028,0.965,0,44.98155011853159,,129.90915488787084,0.0,2.0
16475,2026-05-11 15:02:38.600000+00:00,52.2102141,21.1068902,88.5,44.66,-0.023,-0.034,0.967,0,44.73586702426395,,136.10878011646167,0.0,2.0
16480,2026-05-11 15:02:39.100000+00:00,52.2101687,21.1069444,88.5,45.13,0.007,-0.036,0.969,0,45.03487562849358,,142.3473207733104,0.0,2.0
16485,2026-05-11 15:02:39.600000+00:00,52.2101232,21.1069998,88.5,45.66,0.001,-0.036,0.98,0,45.44910396430279,,148.6483807892083,0.0,2.0
16490,2026-05-11 15:02:40.100000+00:00,52.2100775,21.1070553,88.4,45.26,-0.015,-0.029,0.949,0,45.606828941227725,,154.97178908839064,0.0,2.0
16495,2026-05-11 15:02:40.600000+00:00,52.2100315,21.1071105,88.4,45.31,-0.037,-0.011,0.971,0,45.71241180520279,,161.30859240963596,0.0,2.0
16500,2026-05-11 15:02:41.100000+00:00,52.2099864,21.107164,88.4,44.19,-0.043,-0.026,0.973,0,44.638539619219934,,167.49534426823357,0.0,2.0
16505,2026-05-11 15:02:41.600000+00:00,52.209942,21.1072173,88.3,43.75,-0.03,-0.003,0.996,0,44.12825956854818,,173.61432620467673,0.0,2.0
16510,2026-05-11 15:02:42.100000+00:00,52.2098981,21.1072702,88.3,43.25,-0.03,-0.004,0.929,0,43.68961145366785,,179.67373601281665,0.0,2.0
16515,2026-05-11 15:02:42.600000+00:00,52.2098547,21.1073224,88.3,42.87,-0.044,-0.021,0.985,0,43.1636287222218,,185.66047485797088,0.0,2.0
16520,2026-05-11 15:02:43.100000+00:00,52.2098121,21.1073737,88.3,42.13,-0.053,-0.03,0.987,0,42.3861148501506,,191.54004291023634,0.0,2.0
16525,2026-05-11 15:02:43.600000+00:00,52.20977,21.1074246,88.3,41.77,-0.041,-0.014,0.951,0,41.94758870534061,,197.35973548576385,0.0,2.0
16530,2026-05-11 15:02:44.100000+00:00,52.2097286,21.1074752,88.3,41.46,-0.03,0.003,0.981,0,41.41024406450376,,203.10649855007415,0.0,2.0
16535,2026-05-11 15:02:44.600000+00:00,52.2096875,21.1075255,88.3,40.83,-0.024,-0.012,0.962,0,41.12979773795973,,208.81473569749488,0.0,2.0
16540,2026-05-11 15:02:45.100000+00:00,52.2096471,21.1075748,88.3,40.1,-0.036,-0.01,0.966,0,40.38716144922286,,214.41983096004714,0.0,2.0
16545,2026-05-11 15:02:45.600000+00:00,52.2096071,21.1076237,88.3,39.7,-0.033,-0.004,0.975,0,40.01320508708195,,219.97341768513465,0.0,2.0
16550,2026-05-11 15:02:46.100000+00:00,52.2095677,21.1076718,88.3,39.36,-0.033,-0.011,0.973,0,39.393468549898984,,225.44104171244564,0.0,2.0
16555,2026-05-11 15:02:46.600000+00:00,52.209529,21.1077189,88.3,38.5,-0.045,-0.027,0.964,0,38.65090077313618,,230.80548424830218,0.0,2.0
16560,2026-05-11 15:02:47.100000+00:00,52.2094904,21.1077656,88.3,38.22,-0.05,-0.028,0.962,0,38.46957389370269,,236.14435996945295,0.0,2.0
16565,2026-05-11 15:02:47.600000+00:00,52.2094523,21.107812,88.3,37.72,-0.033,-0.02,0.976,0,38.06055439300064,,241.42725884104496,0.0,2.0
16570,2026-05-11 15:02:48.100000+00:00,52.2094149,21.107858,88.4,37.28,-0.034,-0.009,0.972,0,37.4944809904074,,246.63250973150198,0.0,2.0
16575,2026-05-11 15:02:48.600000+00:00,52.2093783,21.107903,88.4,36.7,-0.022,-0.014,0.961,0,36.687734535875514,,251.72582990794706,0.0,2.0
16580,2026-05-11 15:02:49.100000+00:00,52.2093419,21.1079475,88.4,36.16,-0.037,-0.017,0.964,0,36.412389425224184,,256.78059797401505,0.0,2.0
16585,2026-05-11 15:02:49.600000+00:00,52.2093063,21.107991,88.4,35.5,-0.036,-0.016,0.98,0,35.60566395292502,,261.72343346460747,0.0,2.0
16590,2026-05-11 15:02:50.100000+00:00,52.2092711,21.1080336,88.5,35.16,-0.032,-0.007,0.955,0,35.08506051271224,,266.59335554853175,0.0,2.0
16595,2026-05-11 15:02:50.600000+00:00,52.2092364,21.1080767,88.5,34.94,-0.032,-0.015,0.984,0,34.91237053202886,,271.44111054245127,0.0,2.0
16600,2026-05-11 15:02:51.100000+00:00,52.2092025,21.108118,88.6,33.26,-0.037,-0.008,0.972,0,33.869361631784706,,276.14293719913127,0.0,2.0
16605,2026-05-11 15:02:51.600000+00:00,52.2091685,21.1081591,88.6,33.38,-0.024,-0.01,0.968,0,33.875064504607955,,280.84506894141305,0.0,2.0
16610,2026-05-11 15:02:52.100000+00:00,52.2091351,21.1081996,88.5,32.88,-0.034,-0.019,0.963,0,33.313902708986035,,285.4696183449707,0.0,2.0
16615,2026-05-11 15:02:52.600000+00:00,52.2091019,21.108239,88.4,32.93,-0.036,-0.011,0.967,0,32.865261065622576,,287.97557694023385,0.0,2.0
16620,2026-05-11 15:02:53.100000+00:00,52.2090691,21.1082787,88.4,31.9,-0.032,-0.015,0.987,0,32.69427874805949,,283.43701220988936,0.0,2.0
16625,2026-05-11 15:02:53.600000+00:00,52.2090374,21.1083167,88.4,31.71,-0.023,-0.012,0.948,0,31.490441924445857,,279.0650221132069,0.0,2.0
16630,2026-05-11 15:02:54.100000+00:00,52.2090061,21.1083542,88.3,31.29,-0.031,-0.01,0.968,0,31.08713963425884,,274.7490454918568,0.0,2.0
16635,2026-05-11 15:02:54.600000+00:00,52.2089755,21.108391,88.3,30.08,-0.07,0.005,0.977,0,30.43221416408607,,270.52427191832913,0.0,2.0
16640,2026-05-11 15:02:55.100000+00:00,52.2089457,21.1084265,88.2,29.46,-0.033,0.003,0.965,0,29.53856201324308,,266.4230891070479,0.0,2.0
16645,2026-05-11 15:02:55.600000+00:00,52.2089167,21.1084618,88.2,28.68,-0.039,-0.006,0.972,0,28.96494271194436,,262.4029133949513,0.0,2.0
16650,2026-05-11 15:02:56.100000+00:00,52.2088884,21.1084957,88.2,28.4,-0.042,-0.01,0.968,0,28.105898426924554,,258.50103795482437,0.0,2.0
16655,2026-05-11 15:02:56.600000+00:00,52.20886,21.10853,88.1,27.85,-0.042,-0.014,0.976,0,28.286782571170484,,254.57460240726982,0.0,2.0
16660,2026-05-11 15:02:57.100000+00:00,52.2088325,21.1085635,88.1,27.32,-0.031,-0.01,0.967,0,27.47436273980056,,250.7615870290753,0.0,2.0
16665,2026-05-11 15:02:57.600000+00:00,52.2088052,21.108596,88.1,26.86,-0.031,-0.01,0.973,0,27.054216733061477,,247.00556062184597,0.0,2.0
16670,2026-05-11 15:02:58.100000+00:00,52.2087782,21.1086285,88.0,26.45,-0.04,-0.011,0.963,0,26.860558796831484,,243.27708793708177,0.0,2.0
16675,2026-05-11 15:02:58.600000+00:00,52.2087515,21.1086603,88.0,26.15,-0.034,-0.012,0.976,0,26.463760847631562,,239.60316074674157,0.0,2.0
16680,2026-05-11 15:02:59.100000+00:00,52.2087253,21.1086917,87.9,25.69,-0.037,-0.002,0.977,0,26.02484969094928,,235.99055606934024,0.0,2.0
16685,2026-05-11 15:02:59.600000+00:00,52.2086999,21.1087223,87.8,25.15,-0.036,-0.012,0.964,0,25.276390066805195,,232.48221066645735,0.0,2.0
16690,2026-05-11 15:03:00.100000+00:00,52.2086751,21.108752,87.7,24.46,-0.031,-0.007,0.965,0,24.627791622661665,,229.0636144463811,0.0,2.0
16695,2026-05-11 15:03:00.600000+00:00,52.208651,21.1087812,87.7,23.81,-0.042,-0.015,0.977,0,24.03122598667484,,225.72857496089605,0.0,2.0
16700,2026-05-11 15:03:01.100000+00:00,52.2086269,21.1088104,87.6,23.49,-0.036,-0.016,0.982,0,24.03123062208697,,222.39361385623022,0.0,2.0
16705,2026-05-11 15:03:01.600000+00:00,52.2086032,21.1088389,87.6,23.36,-0.029,-0.005,0.962,0,23.56954770741409,,219.122339713859,0.0,2.0
16710,2026-05-11 15:03:02.100000+00:00,52.2085801,21.1088666,87.6,22.51,-0.053,0.0,0.966,0,22.950034526387515,,215.93695453199308,0.0,2.0
16715,2026-05-11 15:03:02.600000+00:00,52.2085583,21.1088932,87.6,21.58,-0.068,0.001,0.981,0,21.79253822972306,,212.91332953730102,0.0,2.0
16720,2026-05-11 15:03:03.100000+00:00,52.2085373,21.1089187,87.6,20.64,-0.023,-0.007,0.961,0,20.95648585839839,,210.00548300249562,0.0,2.0
16725,2026-05-11 15:03:03.600000+00:00,52.208517,21.108943,87.5,20.04,-0.04,-0.011,0.973,0,20.15590494856571,,207.20800938138848,0.0,2.0
16730,2026-05-11 15:03:04.100000+00:00,52.2084971,21.1089664,87.6,19.61,-0.037,-0.011,0.967,0,19.637237148008836,,204.48179087270765,0.0,2.0
16735,2026-05-11 15:03:04.600000+00:00,52.2084779,21.1089901,87.6,18.94,-0.033,-0.012,0.977,0,19.273788243964155,,201.80864911656334,0.0,2.0
16740,2026-05-11 15:03:05.100000+00:00,52.2084592,21.1090131,87.7,18.36,-0.046,-0.011,0.968,0,18.7473880126623,,199.20837310092125,0.0,2.0
16745,2026-05-11 15:03:05.600000+00:00,52.2084409,21.1090353,87.6,17.99,-0.042,-0.013,0.973,0,18.255820939622758,,196.67553441238582,0.0,2.0
16750,2026-05-11 15:03:06.100000+00:00,52.2084237,21.1090573,87.6,16.86,-0.041,-0.013,0.974,0,17.496218671227822,,194.25186316453002,0.0,2.0
16755,2026-05-11 15:03:06.600000+00:00,52.2084067,21.1090785,87.7,16.68,-0.039,-0.016,0.972,0,17.12936872263774,,191.87719728599586,0.0,2.0
16760,2026-05-11 15:03:07.100000+00:00,52.2083902,21.1090983,87.6,16.07,-0.04,-0.015,0.978,0,16.397057861032817,,189.60194220655717,0.0,2.0
16765,2026-05-11 15:03:07.600000+00:00,52.2083745,21.1091175,87.6,15.68,0.012,-0.018,0.977,0,15.707326866960136,,187.42339921668253,0.0,2.0
16770,2026-05-11 15:03:08.100000+00:00,52.2083583,21.1091374,87.6,16.48,0.002,-0.03,0.968,0,16.233647529790904,,185.1721968655971,0.0,2.0
16775,2026-05-11 15:03:08.600000+00:00,52.2083416,21.1091584,87.7,17.13,0.041,-0.049,0.964,0,16.87909914279996,,182.83322278125465,0.0,2.0
16780,2026-05-11 15:03:09.100000+00:00,52.2083234,21.1091804,87.7,18.44,0.092,-0.043,0.976,0,18.133074329016775,,180.31780272254554,0.0,2.0
16785,2026-05-11 15:03:09.600000+00:00,52.2083036,21.1092043,87.7,20.5,0.085,-0.05,0.961,0,19.7172503739216,,177.5826309757454,0.0,2.0
16790,2026-05-11 15:03:10.100000+00:00,52.2082817,21.1092306,87.8,22.68,0.084,-0.076,0.972,0,21.76920020919754,,174.56257038991288,0.0,2.0
16795,2026-05-11 15:03:10.600000+00:00,52.2082572,21.1092596,87.8,25.03,0.107,-0.06,0.954,0,24.23142949935339,,171.2000099645201,0.0,2.0
16800,2026-05-11 15:03:11.100000+00:00,52.2082309,21.1092907,87.8,26.19,0.088,-0.044,0.963,0,26.002887617217286,,167.5916850889223,0.0,2.0
16805,2026-05-11 15:03:11.600000+00:00,52.2082031,21.1093238,87.7,27.79,0.046,-0.054,0.971,0,27.551221756980805,,163.76922015837272,0.0,2.0
16810,2026-05-11 15:03:12.100000+00:00,52.2081742,21.1093582,87.8,29.23,0.028,-0.056,0.999,0,28.638576149725573,,159.79607760427248,0.0,2.0
16815,2026-05-11 15:03:12.600000+00:00,52.208144,21.1093947,87.8,30.42,0.066,-0.036,0.935,0,30.08738468743548,,155.62378739759873,0.0,2.0
16820,2026-05-11 15:03:13.100000+00:00,52.2081131,21.1094321,87.8,30.46,0.025,-0.043,0.968,0,30.800549171167113,,151.35314632254352,0.0,2.0
16825,2026-05-11 15:03:13.600000+00:00,52.2080815,21.1094699,87.7,31.25,0.023,-0.036,0.979,0,31.368083270672333,,147.00283259264174,0.0,2.0
16830,2026-05-11 15:03:14.100000+00:00,52.2080493,21.1095085,87.8,32.28,0.043,-0.042,0.971,0,31.987569106396865,,142.5672633619014,0.0,2.0
16835,2026-05-11 15:03:14.600000+00:00,52.2080162,21.1095488,87.8,33.52,0.026,-0.047,0.974,0,33.062956591872414,,137.98521873255766,0.0,2.0
16840,2026-05-11 15:03:15.100000+00:00,52.2079819,21.1095906,87.9,34.55,0.075,-0.025,0.981,0,34.273060210021505,,133.2363493849781,0.0,2.0
16845,2026-05-11 15:03:15.600000+00:00,52.2079472,21.1096322,87.9,34.67,0.021,-0.038,0.959,0,34.47200549692999,,128.45818340907834,0.0,2.0
16850,2026-05-11 15:03:16.100000+00:00,52.2079121,21.1096741,87.9,35.1,0.011,-0.016,0.95,0,34.81730926550737,,123.63225979098374,0.0,2.0
16855,2026-05-11 15:03:16.600000+00:00,52.2078769,21.1097168,88.0,35.16,0.01,-0.024,1.004,0,35.11469815169647,,118.76860330530333,0.0,2.0
16860,2026-05-11 15:03:17.100000+00:00,52.207842,21.1097592,87.9,34.95,-0.016,-0.027,0.937,0,34.834152964029755,,113.94521194899094,0.0,2.0
16865,2026-05-11 15:03:17.600000+00:00,52.2078067,21.1098014,87.9,35.18,-0.011,-0.027,1.001,0,35.033478571830166,,109.09257034522841,0.0,2.0
16870,2026-05-11 15:03:18.100000+00:00,52.2077715,21.1098444,88.0,35.13,-0.015,-0.023,0.955,0,35.202733503590096,,104.22195802236922,0.0,2.0
16875,2026-05-11 15:03:18.600000+00:00,52.2077364,21.1098868,88.1,34.96,-0.001,-0.022,0.99,0,34.96274861075734,,99.38399592002767,0.0,2.0
16880,2026-05-11 15:03:19.100000+00:00,52.2077009,21.1099299,88.1,35.38,-0.001,-0.019,0.961,0,35.42458409880464,,94.48512334035524,0.0,2.0
16885,2026-05-11 15:03:19.600000+00:00,52.2076652,21.1099735,88.1,35.76,-0.004,-0.034,0.974,0,35.69962918641613,,89.55199994291802,0.0,2.0
16890,2026-05-11 15:03:20.100000+00:00,52.2076292,21.1100167,88.2,35.83,0.002,-0.036,0.96,0,35.775611279442245,,84.60694012587052,0.0,2.0
16895,2026-05-11 15:03:20.600000+00:00,52.2075928,21.1100603,88.2,36.08,0.015,-0.032,0.964,0,36.14989015490852,18.0,79.61268655964457,0.0,2.0
16900,2026-05-11 15:03:21.100000+00:00,52.2075561,21.1101042,88.2,36.76,0.0,-0.017,0.973,0,36.430619937442835,18.0,74.5828910698873,0.0,2.0
16905,2026-05-11 15:03:21.600000+00:00,52.2075193,21.1101489,88.3,37.01,0.025,-0.024,0.968,0,36.728228671724,18.0,69.52107021234139,0.0,2.0
16910,2026-05-11 15:03:22.100000+00:00,52.207482,21.1101942,88.3,37.14,0.005,-0.03,0.965,0,37.225115379434214,18.0,64.39704696247493,0.0,2.0
16915,2026-05-11 15:03:22.600000+00:00,52.2074443,21.11024,88.4,37.73,0.0,-0.039,0.985,0,37.62848611576282,18.0,59.225767350614454,0.0,2.0
16920,2026-05-11 15:03:23.100000+00:00,52.2074068,21.1102862,88.5,37.54,0.011,-0.024,0.965,0,37.61810088349498,18.0,54.072400827188474,0.0,2.0
16925,2026-05-11 15:03:23.600000+00:00,52.2073688,21.1103329,88.7,38.3,0.037,-0.02,0.959,0,38.08542320500293,18.0,48.869258993580964,0.0,2.0
16930,2026-05-11 15:03:24.100000+00:00,52.2073306,21.1103791,88.7,38.15,-0.008,-0.034,0.973,0,38.06688918800469,18.0,43.68098295335298,0.0,2.0
16935,2026-05-11 15:03:24.600000+00:00,52.2072914,21.1104268,88.7,39.37,0.033,-0.022,0.965,0,39.14847007313639,18.0,38.37714561765503,0.0,2.0
16940,2026-05-11 15:03:25.100000+00:00,52.2072519,21.1104749,88.8,40.22,0.013,-0.028,0.976,0,39.458340499775986,18.0,33.07573208323952,0.0,2.0
16945,2026-05-11 15:03:25.600000+00:00,52.2072116,21.1105235,88.8,40.48,0.033,-0.04,0.972,0,40.11881011695394,18.0,27.748570586918333,0.0,2.0
16950,2026-05-11 15:03:26.100000+00:00,52.2071711,21.1105721,88.9,40.29,0.034,-0.037,0.966,0,40.24770761326856,18.0,22.51849600730471,0.0,2.0
16955,2026-05-11 15:03:26.600000+00:00,52.2071292,21.1106219,88.9,41.71,0.017,-0.041,0.965,0,41.49991870057137,18.0,17.3488528108791,0.0,2.0
16960,2026-05-11 15:03:27.100000+00:00,52.2070871,21.1106723,88.9,41.85,0.041,-0.037,0.978,0,41.80291612170144,18.0,12.684685415936325,0.0,2.0
16965,2026-05-11 15:03:27.600000+00:00,52.2070444,21.1107234,88.9,42.39,0.03,-0.031,0.95,0,42.39338907706774,18.0,9.363606846450233,0.0,2.0
16970,2026-05-11 15:03:28.100000+00:00,52.2070011,21.1107751,89.0,42.97,0.029,-0.024,0.984,0,42.95487448082328,18.0,9.170034406712242,0.0,2.0
16975,2026-05-11 15:03:28.600000+00:00,52.2069572,21.1108279,88.9,43.91,0.023,-0.022,0.941,0,43.66150534815958,18.0,12.400170434713594,0.0,2.0
16980,2026-05-11 15:03:29.100000+00:00,52.2069134,21.1108804,89.0,43.69,0.005,-0.028,1.006,0,43.509805451905166,18.0,17.210108266410504,0.0,2.0
16985,2026-05-11 15:03:29.600000+00:00,52.2068691,21.1109331,89.1,44.28,0.012,-0.034,0.94,0,43.890813606756986,18.0,22.659904896920256,0.0,2.0
16990,2026-05-11 15:03:30.100000+00:00,52.2068242,21.1109872,89.1,44.9,0.038,-0.029,0.964,0,44.68444922782266,18.0,28.490264649002135,0.0,2.0
16995,2026-05-11 15:03:30.600000+00:00,52.2067788,21.1110414,89.1,44.96,-0.016,-0.046,0.967,0,45.03607351413483,18.0,34.49243752436544,0.0,2.0
17000,2026-05-11 15:03:31.100000+00:00,52.2067323,21.1110955,89.0,45.72,-0.001,-0.044,0.978,0,45.72130518235032,18.0,40.64672154169351,0.0,2.0
17005,2026-05-11 15:03:31.600000+00:00,52.2066857,21.1111506,89.0,46.5,-0.004,-0.042,0.969,0,46.07268260383372,18.0,46.91065176613423,0.0,2.0
17010,2026-05-11 15:03:32.100000+00:00,52.2066384,21.1112062,89.1,46.68,-0.026,-0.05,0.955,0,46.67062898816474,18.0,53.28555934855127,0.0,2.0
17015,2026-05-11 15:03:32.600000+00:00,52.2065909,21.1112614,89.1,46.7,-0.025,-0.036,0.978,0,46.686546514521204,18.0,59.6803253925137,0.0,2.0
17020,2026-05-11 15:03:33.100000+00:00,52.2065438,21.1113159,89.0,45.98,-0.056,-0.019,0.97,0,46.22658158458262,18.0,66.02743038969231,0.0,2.0
17025,2026-05-11 15:03:33.600000+00:00,52.2064968,21.11137,89.0,45.77,0.001,-0.014,0.965,0,46.04791379166813,18.0,72.36077306489791,0.0,2.0
17030,2026-05-11 15:03:34.100000+00:00,52.2064501,21.1114237,89.0,46.0,-0.005,-0.026,0.976,0,45.73854828432074,18.0,78.66115894166161,0.0,2.0
17035,2026-05-11 15:03:34.600000+00:00,52.2064031,21.1114777,89.0,46.05,-0.006,-0.029,0.948,0,46.01968311380891,,85.00782696521647,0.0,2.0
17040,2026-05-11 15:03:35.100000+00:00,52.206356,21.1115315,89.0,46.26,0.015,-0.024,0.979,0,46.02884355100129,,91.36014767577808,0.0,2.0
17045,2026-05-11 15:03:35.600000+00:00,52.2063084,21.1115857,88.9,46.39,0.019,-0.014,0.954,0,46.4693929591704,,97.77765828603275,0.0,2.0
17050,2026-05-11 15:03:36.100000+00:00,52.2062608,21.1116396,88.9,46.27,0.023,-0.02,0.974,0,46.38533865285034,,104.18643055078287,0.0,2.0
17055,2026-05-11 15:03:36.600000+00:00,52.2062131,21.1116935,88.9,46.37,0.009,-0.022,0.967,0,46.451152276208575,,110.60761979005781,0.0,2.0
17060,2026-05-11 15:03:37.100000+00:00,52.2061654,21.1117478,88.9,46.53,-0.019,-0.031,0.969,0,46.563174237784985,,117.04960108364214,0.0,2.0
17065,2026-05-11 15:03:37.600000+00:00,52.2061174,21.1118012,88.9,46.36,-0.037,-0.032,0.973,0,46.510217135214795,,123.48089652665224,0.0,2.0
17070,2026-05-11 15:03:38.100000+00:00,52.2060689,21.1118554,88.9,46.81,-0.017,-0.033,0.961,0,47.06218474257954,,129.99256602726683,0.0,2.0
17075,2026-05-11 15:03:38.600000+00:00,52.2060205,21.1119095,88.8,46.84,0.022,-0.025,0.967,0,46.96842402073128,,136.49367490368203,0.0,2.0
17080,2026-05-11 15:03:39.100000+00:00,52.2059718,21.1119636,88.8,47.24,-0.028,-0.036,0.978,0,47.166786315551896,,143.0228070049386,0.0,2.0
17085,2026-05-11 15:03:39.600000+00:00,52.2059233,21.1120168,88.8,46.61,-0.006,-0.033,0.977,0,46.78675872927259,,149.49820278536106,0.0,2.0
17090,2026-05-11 15:03:40.100000+00:00,52.2058746,21.1120702,88.9,46.9,-0.001,-0.034,0.955,0,46.974405492058466,,156.00138857357373,0.0,2.0
17095,2026-05-11 15:03:40.600000+00:00,52.2058256,21.1121235,88.8,47.3,-0.016,-0.027,0.983,0,47.146733968925815,,162.52825564290947,0.0,2.0
17100,2026-05-11 15:03:41.100000+00:00,52.2057768,21.1121773,88.8,47.11,-0.007,-0.023,0.996,0,47.15049575153726,,169.06025736198015,0.0,2.0
17105,2026-05-11 15:03:41.600000+00:00,52.2057272,21.1122306,88.9,47.49,-0.005,-0.043,0.942,0,47.54720903470362,,175.64278119297634,0.0,2.0
17110,2026-05-11 15:03:42.100000+00:00,52.2056777,21.1122838,88.9,47.42,-0.011,-0.024,1.003,0,47.453376781198315,,182.21388114370902,0.0,2.0
17115,2026-05-11 15:03:42.600000+00:00,52.2056281,21.1123375,89.0,47.91,-0.006,-0.034,0.937,0,47.655461277723326,,188.81594032608078,0.0,2.0
17120,2026-05-11 15:03:43.100000+00:00,52.2055782,21.1123903,89.0,48.07,-0.001,-0.026,0.978,0,47.614117989302834,,188.40713525143596,0.0,2.0
17125,2026-05-11 15:03:43.600000+00:00,52.205528,21.1124436,89.1,47.86,-0.007,-0.037,0.967,0,47.94918401862968,,181.76552473566923,0.0,2.0
17130,2026-05-11 15:03:44.100000+00:00,52.2054776,21.1124966,89.1,47.74,-0.02,-0.033,0.978,0,48.003597696262055,,175.11554161242833,0.0,2.0
17135,2026-05-11 15:03:44.600000+00:00,52.2054274,21.1125487,89.1,47.65,0.008,-0.025,0.95,0,47.63066972962105,,168.51568467048182,0.0,2.0
17140,2026-05-11 15:03:45.100000+00:00,52.2053772,21.1126009,89.1,47.74,-0.017,-0.017,0.991,0,47.65703433304075,,161.91386258487742,0.0,2.0
17145,2026-05-11 15:03:45.600000+00:00,52.2053271,21.1126532,89.2,47.67,0.004,-0.025,0.951,0,47.61597506345032,,155.32010129669527,0.0,2.0
17150,2026-05-11 15:03:46.100000+00:00,52.2052768,21.1127057,89.3,47.64,-0.017,-0.013,0.96,0,47.80375249392494,,148.70204464723844,0.0,2.0
17155,2026-05-11 15:03:46.600000+00:00,52.205227,21.1127572,89.3,47.06,-0.018,-0.021,0.991,0,47.20258980380778,,142.16687740491614,0.0,2.0
17160,2026-05-11 15:03:47.100000+00:00,52.2051773,21.1128083,89.3,46.53,-0.071,-0.022,0.969,0,47.03008525880617,,135.65615399469084,0.0,2.0
17165,2026-05-11 15:03:47.600000+00:00,52.2051284,21.1128586,89.4,45.8,-0.068,-0.03,0.964,0,46.278971563643324,,129.2516176496248,0.0,2.0
17170,2026-05-11 15:03:48.100000+00:00,52.2050798,21.1129086,89.4,46.05,0.008,-0.014,0.989,0,45.997313214307134,,122.8884958744787,0.0,2.0
17175,2026-05-11 15:03:48.600000+00:00,52.2050312,21.1129582,89.5,45.79,0.0,-0.024,0.936,0,45.892957665662756,,116.54040287883961,0.0,2.0
17180,2026-05-11 15:03:49.100000+00:00,52.204982,21.1130082,89.5,46.63,0.008,-0.017,1.007,0,46.40438927615015,,110.12342413305369,0.0,2.0
17185,2026-05-11 15:03:49.600000+00:00,52.2049331,21.1130574,89.5,46.08,-0.038,-0.033,0.911,0,45.99348695722189,,103.76385376145609,0.0,2.0
17190,2026-05-11 15:03:50.100000+00:00,52.2048845,21.1131062,89.5,45.84,-0.004,-0.016,1.06,0,45.686073312515255,,97.44988459068271,0.0,2.0
17195,2026-05-11 15:03:50.600000+00:00,52.2048358,21.1131542,89.5,45.39,0.011,-0.014,0.892,0,45.55011593160761,,91.1535450316494,0.0,2.0
17200,2026-05-11 15:03:51.100000+00:00,52.2047873,21.1132014,89.5,45.53,-0.001,-0.015,1.003,0,45.2108383491315,,84.90482819175529,0.0,2.0
17205,2026-05-11 15:03:51.600000+00:00,52.2047389,21.113249,89.6,45.13,0.004,-0.003,0.963,0,45.24310569994125,19.0,78.65980666101593,0.0,2.0
17210,2026-05-11 15:03:52.100000+00:00,52.2046903,21.1132963,89.6,45.04,-0.021,-0.024,0.968,0,45.304756166377054,19.0,72.40943815536022,0.0,2.0
17215,2026-05-11 15:03:52.600000+00:00,52.2046418,21.1133438,89.7,45.03,-0.013,-0.009,0.958,0,45.28645050700709,19.0,66.17185945302145,0.0,2.0
17220,2026-05-11 15:03:53.100000+00:00,52.2045933,21.1133895,89.6,44.7,-0.015,-0.04,0.956,0,44.838360530642134,19.0,59.992108741662626,0.0,2.0
17225,2026-05-11 15:03:53.600000+00:00,52.2045447,21.1134352,89.6,44.89,-0.026,-0.022,0.973,0,44.9077215259314,19.0,53.81304447781237,0.0,2.0
17230,2026-05-11 15:03:54.100000+00:00,52.2044964,21.1134827,89.7,44.98,-0.024,-0.024,0.972,0,45.149275252067156,19.0,47.63734647556565,0.0,2.0
17235,2026-05-11 15:03:54.600000+00:00,52.2044483,21.1135279,89.7,44.27,-0.017,-0.015,0.973,0,44.438424747060054,19.0,41.56211390461,0.0,2.0
17240,2026-05-11 15:03:55.100000+00:00,52.2044,21.1135732,89.7,44.64,-0.022,-0.015,0.965,0,44.60169422848607,19.0,35.49700350448556,0.0,2.0
17245,2026-05-11 15:03:55.600000+00:00,52.2043517,21.1136185,89.7,44.49,-0.018,-0.016,0.961,0,44.601706272006695,19.0,29.485815720541417,0.0,2.0
17250,2026-05-11 15:03:56.100000+00:00,52.2043039,21.1136635,89.7,44.28,-0.016,-0.009,0.988,0,44.18136871320951,19.0,23.628243966113693,0.0,2.0
17255,2026-05-11 15:03:56.600000+00:00,52.2042556,21.113709,89.7,44.73,-0.002,-0.017,0.947,0,44.65071219256718,19.0,17.8999827960763,0.0,2.0
17260,2026-05-11 15:03:57.100000+00:00,52.2042071,21.1137541,89.7,44.72,-0.011,-0.026,0.978,0,44.691968003143984,19.0,12.601011830820664,0.0,2.0
17265,2026-05-11 15:03:57.600000+00:00,52.2041582,21.1137994,89.6,44.87,-0.012,-0.016,0.985,0,45.01885860495919,19.0,8.586500739411568,0.0,2.0
17270,2026-05-11 15:03:58.100000+00:00,52.2041095,21.1138444,89.6,44.91,-0.001,-0.009,0.941,0,44.80698034119382,19.0,8.161175627940011,0.0,2.0
17275,2026-05-11 15:03:58.600000+00:00,52.2040607,21.11389,89.5,45.15,0.009,-0.006,0.988,0,45.02224430962344,19.0,11.744330914274876,0.0,2.0
17280,2026-05-11 15:03:59.100000+00:00,52.2040116,21.1139358,89.5,45.38,0.0,-0.018,0.962,0,45.27945948526885,19.0,16.984154754497926,0.0,2.0
17285,2026-05-11 15:03:59.600000+00:00,52.203962,21.1139817,89.5,45.3,-0.019,-0.028,0.951,0,45.651613527565864,19.0,22.802853656168587,0.0,2.0
17290,2026-05-11 15:04:00.100000+00:00,52.2039125,21.1140272,89.5,45.44,-0.016,-0.028,1.0,0,45.48535524641605,19.0,28.815194805524058,0.0,2.0
17295,2026-05-11 15:04:00.600000+00:00,52.2038625,21.114072,89.5,45.51,-0.035,-0.026,0.95,0,45.66825527265008,19.0,34.94433701075614,0.0,2.0
17300,2026-05-11 15:04:01.100000+00:00,52.2038124,21.1141178,89.5,46.06,0.007,-0.005,0.985,0,45.97627417703386,19.0,41.1908298255448,0.0,2.0
17305,2026-05-11 15:04:01.600000+00:00,52.2037623,21.1141642,89.5,45.93,0.013,0.0,0.958,0,46.12089245129958,19.0,47.49998758580359,0.0,2.0
17310,2026-05-11 15:04:02.100000+00:00,52.2037121,21.1142112,89.4,46.27,-0.001,-0.003,0.971,0,46.33635654340805,19.0,53.86578037132192,0.0,2.0
17315,2026-05-11 15:04:02.600000+00:00,52.2036618,21.1142584,89.4,45.98,-0.037,-0.026,0.981,0,46.45467069888225,19.0,60.26348948378095,0.0,2.0
17320,2026-05-11 15:04:03.100000+00:00,52.2036111,21.1143055,89.4,46.7,-0.036,-0.032,0.943,0,46.708269801508685,19.0,66.70351657105525,0.0,2.0
17325,2026-05-11 15:04:03.600000+00:00,52.2035604,21.114352,89.4,46.63,-0.039,-0.028,0.997,0,46.563328351377216,19.0,73.12807207658922,0.0,2.0
17330,2026-05-11 15:04:04.100000+00:00,52.2035095,21.1143987,89.4,46.48,-0.027,-0.024,0.955,0,46.75100670838972,19.0,79.58556036450555,0.0,2.0
17335,2026-05-11 15:04:04.600000+00:00,52.2034588,21.1144454,89.4,46.23,0.0,-0.009,0.986,0,46.61151576549132,,86.03013734928832,0.0,2.0
17340,2026-05-11 15:04:05.100000+00:00,52.2034076,21.114493,89.5,46.76,0.026,0.002,0.957,0,47.177577702069605,,92.5593014380715,0.0,2.0
17345,2026-05-11 15:04:05.600000+00:00,52.2033565,21.1145405,89.4,46.7,-0.019,-0.013,0.973,0,47.08373947806754,,99.07851196382279,0.0,2.0
17350,2026-05-11 15:04:06.100000+00:00,52.2033055,21.114588,89.5,46.6,0.019,-0.004,0.98,0,47.014205395969185,,105.59097759278404,0.0,2.0
17355,2026-05-11 15:04:06.600000+00:00,52.2032544,21.1146358,89.5,47.08,-0.023,-0.029,0.957,0,47.15680187448179,,112.12601743371624,0.0,2.0
17360,2026-05-11 15:04:07.100000+00:00,52.2032031,21.1146828,89.5,46.9,0.01,-0.016,0.994,0,47.10237735037458,,118.65130709243542,0.0,2.0
17365,2026-05-11 15:04:07.600000+00:00,52.2031517,21.1147295,89.4,46.85,-0.026,-0.028,0.953,0,47.10042977068832,,125.17650084420718,0.0,2.0
17370,2026-05-11 15:04:08.100000+00:00,52.2031002,21.1147784,89.5,47.28,-0.005,-0.008,0.977,0,47.70410259374623,,131.79412033658434,0.0,2.0
17375,2026-05-11 15:04:08.600000+00:00,52.2030493,21.1148267,89.6,46.83,0.033,0.008,0.973,0,47.140866738478046,,138.3342731690516,0.0,2.0
17380,2026-05-11 15:04:09.100000+00:00,52.202999,21.1148733,89.7,46.23,0.018,-0.012,0.967,0,46.30877948882828,,144.75637854207798,0.0,2.0
17385,2026-05-11 15:04:09.600000+00:00,52.2029485,21.11492,89.7,46.27,0.027,-0.016,0.978,0,46.47227466075676,,151.2017230241858,0.0,2.0
17390,2026-05-11 15:04:10.100000+00:00,52.2028982,21.1149661,89.7,46.3,0.012,-0.012,0.979,0,46.18816566401702,,157.60713135334157,0.0,2.0
17395,2026-05-11 15:04:10.600000+00:00,52.2028482,21.1150121,89.8,45.92,-0.005,-0.017,0.957,0,45.954801941211244,,163.98145044432596,0.0,2.0
17400,2026-05-11 15:04:11.100000+00:00,52.2027984,21.115058,89.8,45.61,-0.009,-0.015,0.979,0,45.791252214507594,,170.33393981261187,0.0,2.0
17405,2026-05-11 15:04:11.600000+00:00,52.2027484,21.1151036,89.8,45.82,0.007,-0.021,0.964,0,45.85875004109417,,176.69495345392693,0.0,2.0
17410,2026-05-11 15:04:12.100000+00:00,52.2026986,21.1151492,89.8,45.84,0.0,-0.032,0.974,0,45.71905947612311,,183.0376773332594,0.0,2.0
17415,2026-05-11 15:04:12.600000+00:00,52.2026485,21.1151948,89.9,45.95,0.016,-0.015,0.978,0,45.9286759322005,,189.40920901185072,0.0,2.0
17420,2026-05-11 15:04:13.100000+00:00,52.2025988,21.1152402,89.9,45.68,-0.012,-0.018,0.961,0,45.601264477588515,,195.73624205637344,0.0,2.0
17425,2026-05-11 15:04:13.600000+00:00,52.2025492,21.1152854,89.9,45.52,0.006,-0.014,0.976,0,45.483504400712356,,202.0470592274358,0.0,2.0
17430,2026-05-11 15:04:14.100000+00:00,52.2024996,21.1153306,90.0,45.37,0.02,-0.01,0.955,0,45.48351647013482,,208.35826238940086,0.0,2.0
17435,2026-05-11 15:04:14.600000+00:00,52.2024501,21.1153761,90.0,45.34,0.013,-0.012,0.985,0,45.48571585253316,,214.67104488384481,0.0,2.0
17440,2026-05-11 15:04:15.100000+00:00,52.2024005,21.1154215,90.1,45.53,0.009,-0.029,0.937,0,45.531472187555195,,220.99001618881715,0.0,2.0
17445,2026-05-11 15:04:15.600000+00:00,52.2023506,21.1154669,90.0,45.78,0.006,-0.032,0.98,0,45.741107373239934,,227.33772044635415,0.0,2.0
17450,2026-05-11 15:04:16.100000+00:00,52.2023007,21.115512,90.0,45.75,0.0,-0.023,0.962,0,45.66961208663456,,233.67506761272554,0.0,2.0
17455,2026-05-11 15:04:16.600000+00:00,52.2022508,21.1155573,90.0,45.71,-0.007,-0.013,0.977,0,45.71725563369906,,240.0197979474277,0.0,2.0
17460,2026-05-11 15:04:17.100000+00:00,52.2022009,21.115603,89.9,45.89,0.013,0.001,0.946,0,45.813013024152234,,246.37892549451044,0.0,2.0
17465,2026-05-11 15:04:17.600000+00:00,52.2021512,21.1156488,89.9,45.75,-0.021,-0.019,0.976,0,45.69757310885864,,252.72275673002815,0.0,2.0
17470,2026-05-11 15:04:18.100000+00:00,52.2021014,21.1156938,89.7,45.33,-0.03,-0.018,0.984,0,45.57585098915569,,259.04804193071664,0.0,2.0
17475,2026-05-11 15:04:18.600000+00:00,52.2020519,21.1157388,89.7,45.4,-0.029,-0.019,0.914,0,45.3659002648477,,265.3449913356797,0.0,2.0
17480,2026-05-11 15:04:19.100000+00:00,52.2020029,21.1157843,89.7,45.35,0.02,0.016,1.052,0,45.13748788016038,,271.6120853752902,0.0,2.0
17485,2026-05-11 15:04:19.600000+00:00,52.2019534,21.1158309,89.7,45.47,-0.009,-0.032,0.891,0,45.75317420615556,,277.96556623607705,0.0,2.0
17490,2026-05-11 15:04:20.100000+00:00,52.2019031,21.1158776,89.6,46.35,0.013,-0.029,1.012,0,46.33330492433327,,284.398843765892,0.0,2.0
17495,2026-05-11 15:04:20.600000+00:00,52.2018528,21.1159244,89.6,46.47,0.049,-0.011,0.944,0,46.357604080179186,,290.83571625344575,0.0,2.0
17500,2026-05-11 15:04:21.100000+00:00,52.201802,21.1159711,89.5,46.77,0.038,-0.004,0.982,0,46.6816704415904,,297.3168354766102,0.0,2.0
17505,2026-05-11 15:04:21.600000+00:00,52.2017509,21.1160185,89.5,47.01,-0.001,-0.012,0.948,0,47.05988669891269,,303.85119277344523,0.0,2.0
17510,2026-05-11 15:04:22.100000+00:00,52.2016997,21.1160655,89.4,46.85,-0.014,-0.019,0.981,0,47.03296755210472,,310.3811698637228,0.0,2.0
17515,2026-05-11 15:04:22.600000+00:00,52.2016482,21.1161131,89.3,47.28,-0.013,-0.009,0.963,0,47.386867247717014,,316.9608576469665,0.0,2.0
17520,2026-05-11 15:04:23.100000+00:00,52.2015964,21.1161609,89.2,47.94,0.008,-0.006,0.972,0,47.644241795890245,,323.5762508208028,0.0,2.0
17525,2026-05-11 15:04:23.600000+00:00,52.2015443,21.1162092,89.1,47.73,-0.011,-0.01,0.964,0,47.97418818345078,,330.23782425759043,0.0,2.0
17530,2026-05-11 15:04:24.100000+00:00,52.2014921,21.1162575,88.9,47.88,0.006,-0.019,0.959,0,48.043827122321936,,336.9090119157321,0.0,2.0
17535,2026-05-11 15:04:24.600000+00:00,52.2014393,21.1163066,88.8,48.43,0.002,-0.011,0.962,0,48.655441707807334,,343.6654781386924,0.0,2.0
17540,2026-05-11 15:04:25.100000+00:00,52.2013859,21.1163558,88.7,48.96,0.001,-0.025,0.971,0,49.09747937153424,,350.4828197730477,0.0,2.0
17545,2026-05-11 15:04:25.600000+00:00,52.201332,21.1164052,88.6,49.37,-0.001,-0.016,0.963,0,49.494440506033364,,347.0275362450136,0.0,2.0
17550,2026-05-11 15:04:26.100000+00:00,52.2012778,21.1164551,88.4,49.82,-0.012,-0.015,0.969,0,49.82410786605074,,340.1129295939052,0.0,2.0
17555,2026-05-11 15:04:26.600000+00:00,52.2012229,21.1165059,88.2,50.28,-0.007,-0.012,0.978,0,50.52934410607641,,333.10131485144615,0.0,2.0
17560,2026-05-11 15:04:27.100000+00:00,52.2011682,21.1165563,88.1,50.18,-0.006,-0.006,0.98,0,50.293337937553495,,326.12217327261305,0.0,2.0
17565,2026-05-11 15:04:27.600000+00:00,52.2011135,21.1166068,88.0,49.82,-0.012,-0.004,0.98,0,50.31749907428089,,319.1402013901368,0.0,2.0
17570,2026-05-11 15:04:28.100000+00:00,52.2010583,21.1166577,87.8,50.25,-0.03,-0.003,0.984,0,50.762574330765155,,312.09660720604325,0.0,2.0
17575,2026-05-11 15:04:28.600000+00:00,52.2010031,21.116709,87.7,50.21,-0.01,-0.007,0.959,0,50.85944570614683,,305.0410013764482,0.0,2.0
17580,2026-05-11 15:04:29.100000+00:00,52.2009485,21.1167593,87.6,50.12,-0.022,-0.011,0.986,0,50.19955739540124,,298.0760653545712,0.0,2.0
17585,2026-05-11 15:04:29.600000+00:00,52.2008935,21.1168108,87.6,50.8,-0.006,-0.002,0.977,0,50.76918092368264,,291.0349528227281,0.0,2.0
17590,2026-05-11 15:04:30.100000+00:00,52.2008377,21.1168619,87.5,49.87,-0.014,-0.012,0.966,0,51.2293395485128,,283.9270835319203,0.0,2.0
17595,2026-05-11 15:04:30.600000+00:00,52.2007823,21.1169113,87.2,49.86,-0.008,-0.011,0.989,0,50.54503456738892,,276.91125533809577,0.0,2.0
17600,2026-05-11 15:04:31.100000+00:00,52.2007279,21.1169601,87.0,49.49,-0.011,-0.024,0.9,0,49.70148403363992,,270.01339166280843,0.0,2.0
17605,2026-05-11 15:04:31.600000+00:00,52.2006736,21.1170095,86.8,49.72,-0.008,-0.017,1.043,0,49.77407005880212,,263.1074978958907,0.0,2.0
17610,2026-05-11 15:04:32.100000+00:00,52.2006185,21.1170592,86.6,50.04,0.006,-0.023,0.921,0,50.405506427896974,,256.11323104917005,0.0,2.0
17615,2026-05-11 15:04:32.600000+00:00,52.2005642,21.1171083,86.4,49.58,-0.025,-0.018,1.017,0,49.70257560819126,,249.2171898630568,0.0,2.0
17620,2026-05-11 15:04:33.100000+00:00,52.2005103,21.1171564,86.3,49.12,-0.016,-0.019,0.944,0,49.185393946341826,,242.39161492649512,0.0,2.0
17625,2026-05-11 15:04:33.600000+00:00,52.2004564,21.1172047,86.1,49.41,-0.022,-0.018,0.986,0,49.232575656128994,,235.5603471797535,0.0,2.0
17630,2026-05-11 15:04:34.100000+00:00,52.2004023,21.1172544,86.1,49.26,-0.015,-0.008,0.965,0,49.70641205676474,,228.66747350914568,0.0,2.0
17635,2026-05-11 15:04:34.600000+00:00,52.2003491,21.1173038,86.0,48.68,-0.022,-0.005,0.978,0,49.00686101458666,,221.874168709221,0.0,2.0
17640,2026-05-11 15:04:35.100000+00:00,52.2002964,21.1173526,86.0,47.7,-0.023,-0.004,0.969,0,48.51337965646183,,215.1495735950035,0.0,2.0
17645,2026-05-11 15:04:35.600000+00:00,52.2002443,21.1174008,86.0,47.29,-0.025,-0.022,0.958,0,47.95030838419052,,208.50370354181553,0.0,2.0
17650,2026-05-11 15:04:36.100000+00:00,52.2001924,21.1174482,86.0,47.16,-0.022,-0.02,0.97,0,47.61813162279041,,201.9024138569459,0.0,2.0
17655,2026-05-11 15:04:36.600000+00:00,52.2001413,21.1174948,85.8,46.58,-0.035,-0.023,0.971,0,46.86753080304008,,195.4057320194525,0.0,2.0
17660,2026-05-11 15:04:37.100000+00:00,52.2000906,21.1175414,85.8,46.68,0.005,-0.009,0.948,0,46.58826578836797,,188.95008975846173,0.0,2.0
17665,2026-05-11 15:04:37.600000+00:00,52.2000406,21.1175865,85.7,45.89,-0.003,-0.003,0.991,0,45.74020690724328,,182.60956534882249,0.0,2.0
17670,2026-05-11 15:04:38.100000+00:00,52.1999898,21.1176335,85.6,46.16,-0.022,-0.001,0.951,0,46.75456725646253,,176.13434586815666,0.0,2.0
17675,2026-05-11 15:04:38.600000+00:00,52.1999404,21.1176793,85.5,45.48,-0.011,-0.008,0.969,0,45.48914731432285,,169.83618566759412,0.0,2.0
17680,2026-05-11 15:04:39.100000+00:00,52.1998915,21.1177242,85.4,44.9,-0.011,-0.005,0.961,0,44.92332412137912,,163.61575733615453,0.0,2.0
17685,2026-05-11 15:04:39.600000+00:00,52.1998427,21.117769,85.3,45.08,-0.026,-0.014,0.99,0,44.829499791797765,,157.40977428879108,0.0,2.0
17690,2026-05-11 15:04:40.100000+00:00,52.1997945,21.1178133,85.3,44.55,-0.025,-0.015,0.947,0,44.290562877491496,,151.28030028975903,0.0,2.0
17695,2026-05-11 15:04:40.600000+00:00,52.1997464,21.1178579,85.2,44.33,-0.042,-0.022,0.994,0,44.29338784874502,,145.15443278206374,0.0,2.0
17700,2026-05-11 15:04:41.100000+00:00,52.1996983,21.1179021,85.2,44.19,-0.023,-0.015,0.951,0,44.19674826036939,,139.0419470328072,0.0,2.0
17705,2026-05-11 15:04:41.600000+00:00,52.1996505,21.1179455,85.2,43.55,-0.022,-0.016,0.976,0,43.79541902083174,,132.98435235209823,0.0,2.0
17710,2026-05-11 15:04:42.100000+00:00,52.1996022,21.1179895,85.1,43.92,-0.028,-0.013,0.957,0,44.28842901037413,,126.86186263479543,0.0,2.0
17715,2026-05-11 15:04:42.600000+00:00,52.1995548,21.1180329,85.0,43.14,-0.025,-0.013,0.969,0,43.515890219118276,,120.85037868678623,0.0,2.0
17720,2026-05-11 15:04:43.100000+00:00,52.1995079,21.1180757,85.0,42.72,-0.03,-0.007,0.98,0,43.02276849287629,,114.90942280214705,0.0,2.0
17725,2026-05-11 15:04:43.600000+00:00,52.1994616,21.1181177,84.9,42.59,-0.014,-0.006,0.964,0,42.412046444120605,,109.05476440901282,0.0,2.0
17730,2026-05-11 15:04:44.100000+00:00,52.1994161,21.1181598,84.9,41.67,-0.007,-0.001,1.002,0,41.87761994898497,,103.28398154363975,0.0,2.0
17735,2026-05-11 15:04:44.600000+00:00,52.1993709,21.1182014,84.9,40.98,-0.038,-0.029,0.934,0,41.547782556357234,,97.56222209689508,0.0,2.0
17740,2026-05-11 15:04:45.100000+00:00,52.1993261,21.1182418,84.9,41.13,-0.041,-0.04,0.992,0,40.98110117806498,,91.91770635518336,0.0,2.0
17745,2026-05-11 15:04:45.600000+00:00,52.1992813,21.1182819,84.9,40.76,-0.039,-0.043,0.948,0,40.91010115398983,,86.2866723531125,0.0,2.0
17750,2026-05-11 15:04:46.100000+00:00,52.1992366,21.1183206,84.9,40.56,-0.046,-0.057,0.975,0,40.513411925450725,,80.70631042927899,0.0,2.0
17755,2026-05-11 15:04:46.600000+00:00,52.199192,21.1183578,84.9,40.07,-0.052,-0.063,0.976,0,40.102361955992194,20.0,75.1779684888313,0.0,2.0
17760,2026-05-11 15:04:47.100000+00:00,52.1991478,21.1183929,84.9,39.29,-0.052,-0.067,0.969,0,39.35573249727814,20.0,69.74551419053232,0.0,2.0
17765,2026-05-11 15:04:47.600000+00:00,52.1991043,21.1184262,84.9,38.57,-0.075,-0.066,0.968,0,38.46919691305381,20.0,64.4320257993713,0.0,2.0
17770,2026-05-11 15:04:48.100000+00:00,52.1990612,21.1184584,84.8,37.98,-0.104,-0.075,0.953,0,37.95164695887476,20.0,59.18964991282087,0.0,2.0
17775,2026-05-11 15:04:48.600000+00:00,52.1990193,21.1184856,84.7,35.72,-0.167,-0.059,0.971,0,36.10310362508319,20.0,54.184600307362864,0.0,2.0
17780,2026-05-11 15:04:49.100000+00:00,52.198979,21.1185095,84.7,33.68,-0.143,-0.055,0.995,0,34.32971994157803,20.0,49.419522112436056,0.0,2.0
17785,2026-05-11 15:04:49.600000+00:00,52.19894,21.1185306,84.8,32.36,-0.084,-0.059,0.941,0,32.89548260566734,20.0,44.85087909647058,0.0,2.0
17790,2026-05-11 15:04:50.100000+00:00,52.1989032,21.1185499,84.8,31.31,-0.097,-0.012,1.001,0,30.94697011426972,20.0,40.552688803354904,0.0,2.0
17795,2026-05-11 15:04:50.600000+00:00,52.198868,21.1185693,84.8,29.56,-0.033,0.054,0.952,0,29.745717403625317,20.0,36.42183844305358,0.0,2.0
17800,2026-05-11 15:04:51.100000+00:00,52.1988347,21.1185909,84.8,28.63,-0.038,0.041,0.967,0,28.689820425876047,20.0,32.447800766636085,0.0,2.0
17805,2026-05-11 15:04:51.600000+00:00,52.1988021,21.118613,84.8,27.56,-0.037,0.041,0.97,0,28.263042533858,20.0,28.541634002120322,0.0,2.0
17810,2026-05-11 15:04:52.100000+00:00,52.198771,21.1186347,84.8,26.51,-0.066,0.024,0.958,0,27.08019046733672,20.0,24.809591470737132,0.0,2.0
17815,2026-05-11 15:04:52.600000+00:00,52.1987419,21.1186562,84.8,25.29,-0.094,0.04,0.99,0,25.57506792094321,20.0,21.306909419228305,0.0,2.0
17820,2026-05-11 15:04:53.100000+00:00,52.1987154,21.1186759,84.8,22.9,-0.108,0.013,0.944,0,23.3145616253721,20.0,18.132172453151817,0.0,2.0
17825,2026-05-11 15:04:53.600000+00:00,52.1986912,21.1186938,84.8,20.72,-0.138,0.012,0.997,0,21.27272365312632,20.0,15.257323613083551,0.0,2.0
17830,2026-05-11 15:04:54.100000+00:00,52.1986689,21.1187098,84.8,19.26,-0.073,-0.004,0.946,0,19.50358474632717,20.0,12.644755090929118,0.0,2.0
17835,2026-05-11 15:04:54.600000+00:00,52.198648,21.1187242,84.7,17.64,-0.063,0.007,0.998,0,18.163477402373346,20.0,10.243736458284296,0.0,2.0
17840,2026-05-11 15:04:55.100000+00:00,52.1986285,21.1187387,84.7,16.24,-0.096,0.024,0.943,0,17.15677205030953,20.0,8.07455434946024,0.0,2.0
17845,2026-05-11 15:04:55.600000+00:00,52.1986117,21.1187507,84.7,14.76,-0.116,0.01,0.983,0,14.682676693293704,20.0,6.323327269191327,0.0,2.0
17850,2026-05-11 15:04:56.100000+00:00,52.1985969,21.1187617,84.7,11.99,-0.133,0.023,0.965,0,13.020508344053399,20.0,4.977998037009699,0.0,2.0
17855,2026-05-11 15:04:56.600000+00:00,52.198585,21.11877,84.6,9.14,-0.148,0.04,0.977,0,10.361260236084947,20.0,4.135914386853706,0.0,2.0
17860,2026-05-11 15:04:57.100000+00:00,52.1985765,21.1187758,84.6,6.19,-0.136,0.04,0.964,0,7.376327974803574,20.0,3.7559667584202425,0.0,2.0
17865,2026-05-11 15:04:57.600000+00:00,52.198571,21.11878,84.5,4.07,-0.159,0.04,0.973,0,4.861778247096992,20.0,3.672068637754542,0.0,2.0
17870,2026-05-11 15:04:58.100000+00:00,52.1985691,21.1187813,84.4,0.54,-0.164,0.028,0.994,0,1.6494953441826874,20.0,3.66217231870554,0.0,2.0
17875,2026-05-11 15:04:58.600000+00:00,52.198569,21.1187806,84.4,0.21,0.0,-0.011,0.963,0,0.352704520860347,20.0,3.613988416207424,0.0,2.0
17880,2026-05-11 15:04:59.100000+00:00,52.198569,21.11878,84.4,0.1,-0.004,-0.01,0.97,0,0.2944267886407274,20.0,3.5765468130358546,0.0,2.0
17885,2026-05-11 15:04:59.600000+00:00,52.1985685,21.1187806,84.4,0.82,0.005,-0.01,0.975,0,0.4969191240962509,20.0,3.5921118330372135,0.0,2.0
17890,2026-05-11 15:05:00.100000+00:00,52.1985686,21.1187803,84.5,0.61,-0.004,-0.021,0.976,0,0.16757518801230833,20.0,3.5776069074189083,0.0,2.0
17895,2026-05-11 15:05:00.600000+00:00,52.1985688,21.11878,84.6,0.3,0.0,-0.018,0.967,0,0.21750958466894657,20.0,3.5676164739136405,0.0,2.0
17900,2026-05-11 15:05:01.100000+00:00,52.1985687,21.1187803,84.7,0.03,0.0,-0.011,0.972,0,0.1675751849972662,20.0,3.581976112089046,0.0,2.0
17905,2026-05-11 15:05:01.600000+00:00,52.1985688,21.11878,84.7,0.05,0.003,-0.007,0.972,0,0.1675751849972662,20.0,3.5676164739136405,0.0,2.0
17910,2026-05-11 15:05:02.100000+00:00,52.1985684,21.1187806,84.6,0.03,0.0,-0.018,0.976,0,0.435019173535279,20.0,3.5878238962144784,0.0,2.0
17915,2026-05-11 15:05:02.600000+00:00,52.1985686,21.1187799,84.7,0.09,-0.003,-0.018,0.977,0,0.37898477727460533,20.0,3.5525386613194874,0.0,2.0
17920,2026-05-11 15:05:03.100000+00:00,52.1985686,21.1187799,84.7,0.21,0.001,-0.019,0.976,0,0.0,20.0,3.5525386613194874,0.0,2.0
17925,2026-05-11 15:05:03.600000+00:00,52.1985683,21.1187801,84.7,0.1,0.0,-0.019,0.977,0,0.2594587424503474,20.0,3.55209148571409,0.0,2.0
17930,2026-05-11 15:05:04.100000+00:00,52.1985679,21.1187806,84.6,0.27,0.007,-0.017,0.974,0,0.4034277474128846,20.0,3.5668268875663505,0.0,2.0
17935,2026-05-11 15:05:04.600000+00:00,52.198568,21.1187801,84.6,0.03,0.004,-0.014,0.977,0,0.2580873139200613,20.0,3.539381042644496,0.0,2.0
17940,2026-05-11 15:05:05.100000+00:00,52.1985683,21.1187792,84.6,0.36,0.0,-0.018,0.975,0,0.5027255602293718,20.0,3.4955615909565028,0.0,2.0
17945,2026-05-11 15:05:05.600000+00:00,52.1985681,21.1187793,84.6,0.12,0.003,-0.016,0.981,0,0.167471226607824,20.0,3.4932089047003587,0.0,2.0
17950,2026-05-11 15:05:06.100000+00:00,52.1985683,21.1187787,84.6,0.19,0.0,-0.019,0.975,0,0.3351503731952716,20.0,3.4642267968742577,0.0,2.0
17955,2026-05-11 15:05:06.600000+00:00,52.1985683,21.1187785,84.6,0.32,0.004,-0.017,0.975,0,0.09814226390570326,20.0,3.4517074308815934,0.0,2.0
17960,2026-05-11 15:05:07.100000+00:00,52.1985684,21.1187781,84.6,0.18,-0.001,-0.019,0.977,0,0.21198414118832465,20.0,3.4311474168965765,0.0,2.0
17965,2026-05-11 15:05:07.600000+00:00,52.1985686,21.1187774,84.6,0.11,0.006,-0.016,0.973,0,0.37898477727460533,20.0,3.3966278556669174,0.0,2.0
17970,2026-05-11 15:05:08.100000+00:00,52.1985684,21.1187773,84.6,0.08,-0.001,-0.02,0.974,0,0.16747123092265703,20.0,3.3812910216158785,0.0,2.0
17975,2026-05-11 15:05:08.600000+00:00,52.1985683,21.1187773,84.6,0.09,0.002,-0.017,0.975,0,0.08006035055627692,20.0,3.3767720004631876,0.0,2.0
17980,2026-05-11 15:05:09.100000+00:00,52.1985681,21.1187774,84.6,0.12,0.006,-0.017,0.974,0,0.16747122615050966,20.0,3.374074932098441,0.0,2.0
17985,2026-05-11 15:05:09.600000+00:00,52.1985681,21.1187773,84.6,0.28,-0.003,-0.019,0.97,0,0.04907113139329959,20.0,3.3678259079394284,0.0,2.0
17990,2026-05-11 15:05:10.100000+00:00,52.198568,21.1187771,84.6,0.26,0.015,-0.022,0.978,0,0.12665529319765603,20.0,3.3508911460606323,0.0,2.0
17995,2026-05-11 15:05:10.600000+00:00,52.198567,21.1187779,84.6,1.14,0.073,-0.039,0.965,0,0.8916705645155973,20.0,3.3589060339970365,0.0,2.0
18000,2026-05-11 15:05:11.100000+00:00,52.198564,21.1187807,84.6,3.06,0.087,-0.041,0.97,0,2.767046566444591,20.0,3.436256217747775,0.0,2.0
18005,2026-05-11 15:05:11.600000+00:00,52.19856,21.1187842,84.6,3.95,0.058,-0.027,0.977,0,3.633899578889156,20.0,3.5853533713103434,0.0,2.0
18010,2026-05-11 15:05:12.100000+00:00,52.1985552,21.1187883,84.5,4.52,0.058,-0.024,0.959,0,4.337702663741588,20.0,3.8381220208113764,0.0,2.0
18015,2026-05-11 15:05:12.600000+00:00,52.1985493,21.1187937,84.5,5.8,0.065,-0.031,0.972,0,5.416058234578335,20.0,4.270609949073601,0.0,2.0
18020,2026-05-11 15:05:13.100000+00:00,52.1985415,21.1187999,84.4,7.34,0.137,-0.059,0.973,0,6.946411728652981,20.0,4.900514374699863,0.0,2.0
18025,2026-05-11 15:05:13.600000+00:00,52.1985308,21.1188099,84.4,10.99,0.158,-0.053,0.965,0,9.87238487275501,20.0,6.003309287623733,0.0,2.0
18030,2026-05-11 15:05:14.100000+00:00,52.1985178,21.1188218,84.4,11.86,0.141,-0.047,0.955,0,11.93409637375072,20.0,7.449841721650306,0.0,2.0
18035,2026-05-11 15:05:14.600000+00:00,52.198502,21.1188355,84.3,14.97,0.16,-0.06,0.974,0,14.325018422059486,20.0,9.263529991011183,0.0,2.0
18040,2026-05-11 15:05:15.100000+00:00,52.1984835,21.1188519,84.3,17.73,0.152,-0.072,0.966,0,16.85632607462845,20.0,11.478974175414765,0.0,2.0
18045,2026-05-11 15:05:15.600000+00:00,52.198462,21.1188731,84.3,20.34,0.083,-0.065,0.972,0,20.11245971598569,20.0,14.203164909813596,0.0,2.0
18050,2026-05-11 15:05:16.100000+00:00,52.1984403,21.1188953,84.5,21.51,0.08,-0.078,0.96,0,20.506090731942372,20.0,17.011268106583277,0.0,2.0
18055,2026-05-11 15:05:16.600000+00:00,52.1984137,21.1189169,84.5,24.54,0.065,-0.132,0.953,0,23.78800305203055,20.0,20.22802425007458,0.0,2.0
18060,2026-05-11 15:05:17.100000+00:00,52.1983855,21.118939,84.6,25.63,0.097,-0.104,0.986,0,25.046568371988798,20.0,23.631943931568582,0.0,2.0
18065,2026-05-11 15:05:17.600000+00:00,52.1983551,21.118961,84.7,26.61,0.039,-0.12,0.963,0,26.625216267604934,20.0,27.251130760940736,0.0,2.0
18070,2026-05-11 15:05:18.100000+00:00,52.1983226,21.1189827,84.6,27.97,-0.015,-0.115,0.958,0,28.11424204678431,20.0,31.072431468715738,0.0,2.0
18075,2026-05-11 15:05:18.600000+00:00,52.1982888,21.1190046,84.7,29.42,0.026,-0.114,0.976,0,29.11623957685294,20.0,35.0419365397774,0.0,2.0
18080,2026-05-11 15:05:19.100000+00:00,52.1982528,21.1190263,84.7,30.83,0.03,-0.077,0.971,0,30.7259260515602,20.0,39.229752306098675,0.0,2.0
18085,2026-05-11 15:05:19.600000+00:00,52.1982158,21.1190487,84.7,31.72,0.041,-0.061,0.963,0,31.595992845204897,20.0,43.553302907414235,0.0,2.0
18090,2026-05-11 15:05:20.100000+00:00,52.1981776,21.1190718,84.8,32.77,0.045,-0.06,0.962,0,32.616211685274656,20.0,48.02853709533203,0.0,2.0
18095,2026-05-11 15:05:20.600000+00:00,52.1981382,21.1190956,84.9,33.53,0.072,-0.028,0.969,0,33.636435106634664,20.0,52.6533510587064,0.0,2.0
18100,2026-05-11 15:05:21.100000+00:00,52.1980977,21.1191205,85.0,34.75,0.078,-0.036,0.969,0,34.65031450848299,20.0,57.428882633196245,0.0,2.0
18105,2026-05-11 15:05:21.600000+00:00,52.1980562,21.1191462,85.0,35.47,0.054,-0.041,0.967,0,35.538028626396745,20.0,62.33395089293717,0.0,2.0
18110,2026-05-11 15:05:22.100000+00:00,52.1980135,21.1191723,85.1,36.45,0.06,-0.039,0.972,0,36.50622443489093,20.0,67.37512449011518,0.0,2.0
18115,2026-05-11 15:05:22.600000+00:00,52.1979699,21.1191985,85.1,37.33,0.04,-0.041,0.966,0,37.19876299585333,20.0,72.51328852231458,0.0,2.0
18120,2026-05-11 15:05:23.100000+00:00,52.1979252,21.1192254,85.2,37.89,0.007,-0.054,0.984,0,38.143885659534604,20.0,77.78613137421453,0.0,2.0
18125,2026-05-11 15:05:23.600000+00:00,52.1978799,21.1192527,85.3,38.79,0.071,-0.033,0.965,0,38.66250346744061,,83.13411677420746,0.0,2.0
18130,2026-05-11 15:05:24.100000+00:00,52.197834,21.1192797,85.3,39.22,0.024,-0.041,0.976,0,39.06328811646103,,88.53660900598521,0.0,2.0
18135,2026-05-11 15:05:24.600000+00:00,52.1977873,21.1193067,85.4,39.81,0.014,-0.042,0.966,0,39.666403920447195,,94.02261146534352,0.0,2.0
18140,2026-05-11 15:05:25.100000+00:00,52.19774,21.119334,85.4,40.08,0.031,-0.027,0.963,0,40.16836048052306,,99.58039546952232,0.0,2.0
18145,2026-05-11 15:05:25.600000+00:00,52.1976924,21.1193616,85.3,40.62,0.02,-0.027,0.958,0,40.44393595529705,,105.17921891463243,0.0,2.0
18150,2026-05-11 15:05:26.100000+00:00,52.1976444,21.1193896,85.3,41.13,0.022,-0.028,0.982,0,40.81149889695193,,110.83160853758984,0.0,2.0
18155,2026-05-11 15:05:26.600000+00:00,52.197596,21.1194183,85.2,41.75,0.047,-0.02,0.961,0,41.22926342723362,,116.54542524525498,0.0,2.0
18160,2026-05-11 15:05:27.100000+00:00,52.197546,21.1194482,84.9,42.26,0.007,-0.039,0.948,0,42.63449216872076,,122.45617749575932,0.0,2.0
18165,2026-05-11 15:05:27.600000+00:00,52.1974956,21.1194782,84.7,42.44,0.02,-0.035,0.924,0,42.952113404971826,,128.41145734996894,0.0,2.0
18170,2026-05-11 15:05:28.100000+00:00,52.1974451,21.1195078,84.8,42.93,-0.005,-0.035,1.035,0,42.960574781539,,134.36714256252503,0.0,2.0
18175,2026-05-11 15:05:28.600000+00:00,52.1973944,21.1195376,84.8,43.15,0.006,-0.03,0.907,0,43.14447171999666,,140.34956778387354,0.0,2.0
18180,2026-05-11 15:05:29.100000+00:00,52.1973432,21.1195679,84.7,43.37,0.008,-0.026,1.017,0,43.60435187056465,,146.39727722486083,0.0,2.0
18185,2026-05-11 15:05:29.600000+00:00,52.1972914,21.1195988,84.8,43.75,0.022,-0.027,0.942,0,44.15647511222766,,152.52300666072765,0.0,2.0
18190,2026-05-11 15:05:30.100000+00:00,52.1972391,21.1196297,84.7,44.63,0.011,-0.014,0.98,0,44.532652157999564,,158.7005851874087,0.0,2.0
18195,2026-05-11 15:05:30.600000+00:00,52.1971864,21.1196609,84.7,44.81,0.018,-0.024,0.953,0,44.88390082468307,,164.92764736337992,0.0,2.0
18200,2026-05-11 15:05:31.100000+00:00,52.1971331,21.1196924,84.6,45.29,0.012,-0.02,0.977,0,45.385683146851164,,171.22467256107956,0.0,2.0
18205,2026-05-11 15:05:31.600000+00:00,52.1970794,21.1197241,84.6,45.68,0.039,-0.005,0.968,0,45.720214708919464,,177.56848090306312,0.0,2.0
18210,2026-05-11 15:05:32.100000+00:00,52.1970252,21.1197566,84.5,46.13,-0.017,-0.014,0.942,0,46.23080078140523,,183.9848496204251,0.0,2.0
18215,2026-05-11 15:05:32.600000+00:00,52.1969707,21.1197893,84.5,46.4,-0.018,-0.013,1.007,0,46.49010306903406,,190.43756409636788,0.0,2.0
18220,2026-05-11 15:05:33.100000+00:00,52.1969162,21.1198219,84.4,46.44,-0.041,-0.034,0.949,0,46.47319434203586,,196.8879864849176,0.0,2.0
18225,2026-05-11 15:05:33.600000+00:00,52.1968613,21.1198542,84.4,46.57,-0.032,-0.028,0.983,0,46.72385265200137,,203.37219589669448,0.0,2.0
18230,2026-05-11 15:05:34.100000+00:00,52.1968064,21.1198865,84.3,46.82,0.022,-0.007,0.966,0,46.72385929835288,,209.85672881115636,0.0,2.0
18235,2026-05-11 15:05:34.600000+00:00,52.1967514,21.1199193,84.3,46.94,-0.004,-0.012,0.978,0,46.882858886092336,,216.36461230777044,0.0,2.0
18240,2026-05-11 15:05:35.100000+00:00,52.1966963,21.1199517,84.3,46.77,-0.016,-0.022,0.966,0,46.891146403115826,,222.87285520794165,0.0,2.0
18245,2026-05-11 15:05:35.600000+00:00,52.1966411,21.1199839,84.2,46.81,0.02,0.0,0.975,0,46.93334338536658,,229.38660062011874,0.0,2.0
18250,2026-05-11 15:05:36.100000+00:00,52.1965858,21.1200163,84.2,46.7,-0.023,-0.02,0.97,0,47.0418260103854,,235.9159941933478,0.0,2.0
18255,2026-05-11 15:05:36.600000+00:00,52.1965304,21.1200488,84.3,47.07,0.011,-0.004,0.961,0,47.13377169756541,,242.4584673558744,0.0,2.0
18260,2026-05-11 15:05:37.100000+00:00,52.1964749,21.1200819,84.3,47.0,0.0,-0.003,0.977,0,47.309407689901185,,249.0265845866551,0.0,2.0
18265,2026-05-11 15:05:37.600000+00:00,52.1964195,21.1201158,84.2,47.18,0.006,-0.012,0.973,0,47.370670096452216,,255.60461640970996,0.0,2.0
18270,2026-05-11 15:05:38.100000+00:00,52.1963636,21.1201495,84.2,47.47,0.0,-0.032,0.966,0,47.711580663022154,,262.22937368432275,0.0,2.0
18275,2026-05-11 15:05:38.600000+00:00,52.1963077,21.1201831,84.3,47.45,-0.006,-0.025,0.958,0,47.69460018323844,,268.8517160287092,0.0,2.0
18280,2026-05-11 15:05:39.100000+00:00,52.1962517,21.1202162,84.3,47.37,0.001,-0.018,0.996,0,47.685601102770725,,275.4719776320977,0.0,2.0
18285,2026-05-11 15:05:39.600000+00:00,52.1961956,21.1202497,84.3,47.67,-0.005,-0.03,0.935,0,47.82800404202863,,282.1127093957611,0.0,2.0
18290,2026-05-11 15:05:40.100000+00:00,52.1961393,21.1202825,84.3,47.98,0.0,-0.026,1.002,0,47.861790025718705,,288.75676776240414,0.0,2.0
18295,2026-05-11 15:05:40.600000+00:00,52.1960835,21.1203153,84.4,47.01,-0.004,-0.023,0.946,0,47.485002449326934,,295.34922629749144,0.0,2.0
18300,2026-05-11 15:05:41.100000+00:00,52.1960282,21.1203495,84.3,47.67,-0.007,-0.002,0.982,0,47.347754089498835,,301.9248649170482,0.0,2.0
18305,2026-05-11 15:05:41.600000+00:00,52.1959723,21.1203827,84.3,47.88,0.001,-0.009,0.956,0,47.62713652693885,,308.5377818245618,0.0,2.0
18310,2026-05-11 15:05:42.100000+00:00,52.1959166,21.1204157,84.3,47.54,-0.006,-0.009,0.982,0,47.443122842017864,,315.12510618651936,0.0,2.0
18315,2026-05-11 15:05:42.600000+00:00,52.1958608,21.120449,84.1,47.75,0.016,-0.014,0.951,0,47.56876469417833,,321.73030828766554,0.0,2.0
18320,2026-05-11 15:05:43.100000+00:00,52.1958049,21.1204823,84.1,47.79,-0.007,-0.02,0.987,0,47.64396744942016,,328.34593435825633,0.0,2.0
18325,2026-05-11 15:05:43.600000+00:00,52.1957488,21.1205154,84.1,47.74,-0.005,-0.031,0.967,0,47.760943777618806,,334.97740083689285,0.0,2.0
18330,2026-05-11 15:05:44.100000+00:00,52.1956928,21.120549,84.1,47.56,0.0,-0.016,0.975,0,47.76981072133606,,341.61093499731555,0.0,2.0
18335,2026-05-11 15:05:44.600000+00:00,52.1956367,21.1205824,84.1,47.67,-0.02,-0.019,0.967,0,47.81122902833609,,348.24994237859863,0.0,2.0
18340,2026-05-11 15:05:45.100000+00:00,52.1955807,21.1206151,84.1,47.47,-0.014,-0.011,0.98,0,47.619175571208146,,354.8613801283796,0.0,2.0
18345,2026-05-11 15:05:45.600000+00:00,52.1955249,21.1206482,84.2,47.29,-0.002,-0.015,0.955,0,47.535178385434506,,361.4620166351812,0.0,2.0
18350,2026-05-11 15:05:46.100000+00:00,52.1954692,21.1206815,84.2,47.27,-0.014,-0.021,0.985,0,47.49363442285745,,368.0572579789587,0.0,2.0
18355,2026-05-11 15:05:46.600000+00:00,52.1954136,21.120715,84.3,47.16,-0.004,-0.008,0.965,0,47.45239231643532,,374.6470854134796,0.0,2.0
18360,2026-05-11 15:05:47.100000+00:00,52.1953583,21.1207483,84.3,47.12,0.0,-0.011,0.981,0,47.193090156839126,,381.20091127547505,0.0,2.0
18365,2026-05-11 15:05:47.600000+00:00,52.1953028,21.1207818,84.3,47.59,0.008,-0.02,0.934,0,47.37731264439108,,387.7804209132946,0.0,2.0
18370,2026-05-11 15:05:48.100000+00:00,52.1952471,21.1208152,84.4,47.73,-0.011,-0.035,1.001,0,47.510570791781475,,394.37824786039795,0.0,2.0
18375,2026-05-11 15:05:48.600000+00:00,52.1951911,21.1208483,84.4,47.82,-0.006,-0.04,0.95,0,47.68573312756884,,400.99987410710895,0.0,2.0
18380,2026-05-11 15:05:49.100000+00:00,52.1951348,21.120881,84.4,48.13,0.005,-0.026,0.987,0,47.84543017571068,,407.6428801559052,0.0,2.0
18385,2026-05-11 15:05:49.600000+00:00,52.1950782,21.120914,84.4,48.19,0.016,-0.015,0.946,0,48.12112029588054,,414.32443253446274,0.0,2.0
18390,2026-05-11 15:05:50.100000+00:00,52.1950216,21.1209473,84.4,48.11,-0.002,-0.021,0.993,0,48.17087406898998,,421.0133800237845,0.0,2.0
18395,2026-05-11 15:05:50.600000+00:00,52.1949648,21.1209806,84.4,48.39,-0.002,-0.028,0.935,0,48.32153657123921,,427.4951473115987,0.0,2.0
18400,2026-05-11 15:05:51.100000+00:00,52.1949079,21.1210139,84.4,48.47,-0.001,-0.022,1.015,0,48.396894146029545,,420.7756643957505,0.0,2.0
18405,2026-05-11 15:05:51.600000+00:00,52.1948508,21.1210474,84.4,48.37,0.012,-0.012,0.936,0,48.580774597691594,,414.03058578134693,0.0,2.0
18410,2026-05-11 15:05:52.100000+00:00,52.1947936,21.1210812,84.4,48.53,0.005,-0.012,0.982,0,48.706068604718006,,407.26779400606387,0.0,2.0
18415,2026-05-11 15:05:52.600000+00:00,52.1947364,21.1211151,84.3,48.43,-0.001,-0.017,0.97,0,48.722810944551966,,400.5025887256823,0.0,2.0
18420,2026-05-11 15:05:53.100000+00:00,52.1946791,21.1211495,84.4,48.72,0.009,-0.012,0.976,0,48.88227433949426,,393.7146878269339,0.0,2.0
18425,2026-05-11 15:05:53.600000+00:00,52.1946219,21.1211837,84.3,48.81,0.001,-0.011,0.972,0,48.77329283939962,,386.9421518896566,0.0,2.0
18430,2026-05-11 15:05:54.100000+00:00,52.1945648,21.1212179,84.4,48.63,0.006,-0.013,0.969,0,48.698137311462105,,380.1800237553202,0.0,2.0
18435,2026-05-11 15:05:54.600000+00:00,52.1945074,21.1212524,84.4,48.91,-0.001,-0.025,0.972,0,48.974383328646205,,373.37942917582126,0.0,2.0
18440,2026-05-11 15:05:55.100000+00:00,52.19445,21.1212862,84.4,48.91,-0.007,-0.034,0.96,0,48.85669155694455,,366.5963139401258,0.0,2.0
18445,2026-05-11 15:05:55.600000+00:00,52.1943927,21.1213196,84.4,49.1,0.008,-0.016,0.975,0,48.715000707326126,,359.8336164114856,0.0,2.0
18450,2026-05-11 15:05:56.100000+00:00,52.1943353,21.1213532,84.5,49.19,-0.016,-0.026,0.93,0,48.82346940280004,,353.0557019210775,0.0,2.0
18455,2026-05-11 15:05:56.600000+00:00,52.1942773,21.1213873,84.4,49.24,-0.001,-0.02,0.988,0,49.35853434409541,,346.20333979129407,0.0,2.0
18460,2026-05-11 15:05:57.100000+00:00,52.1942192,21.1214208,84.4,49.29,0.0,-0.025,0.992,0,49.33496335166623,,339.3557884621984,0.0,2.0
18465,2026-05-11 15:05:57.600000+00:00,52.1941612,21.1214547,84.4,49.23,-0.008,-0.017,0.947,0,49.32535740405652,,332.50871916708564,0.0,2.0
18470,2026-05-11 15:05:58.100000+00:00,52.1941033,21.1214887,84.4,49.1,-0.012,-0.005,0.98,0,49.26660280408389,,325.669624212607,0.0,2.0
18475,2026-05-11 15:05:58.600000+00:00,52.1940458,21.1215229,84.4,49.07,-0.011,-0.008,0.951,0,48.99894928472055,,318.8669720304009,0.0,2.0
18480,2026-05-11 15:05:59.100000+00:00,52.1939884,21.1215569,84.4,48.9,-0.002,-0.004,0.985,0,48.89016167850753,,312.0798133446712,0.0,2.0
18485,2026-05-11 15:05:59.600000+00:00,52.1939311,21.1215912,84.3,48.81,-0.025,-0.028,0.961,0,48.865444994331256,,305.2955419353517,0.0,2.0
18490,2026-05-11 15:06:00.100000+00:00,52.1938737,21.1216254,84.4,48.84,-0.015,-0.027,0.988,0,48.92376226933895,,298.5035924630748,0.0,2.0
18495,2026-05-11 15:06:00.600000+00:00,52.1938163,21.1216591,84.3,48.89,-0.009,-0.03,0.942,0,48.84013130120057,,291.7244576106823,0.0,2.0
18500,2026-05-11 15:06:01.100000+00:00,52.1937588,21.121693,84.3,48.84,-0.01,-0.018,0.99,0,48.948749889134206,,284.9301227189382,0.0,2.0
18505,2026-05-11 15:06:01.600000+00:00,52.1937013,21.1217268,84.2,48.79,-0.002,-0.017,0.968,0,48.93209863192206,,278.13853318322424,0.0,2.0
18510,2026-05-11 15:06:02.100000+00:00,52.1936438,21.1217606,84.2,48.87,0.0,-0.009,0.951,0,48.93210591087062,,271.3471695150281,0.0,2.0
18515,2026-05-11 15:06:02.600000+00:00,52.1935864,21.1217942,84.1,48.85,-0.026,-0.013,0.998,0,48.82356322138341,,264.5714723205765,0.0,2.0
18520,2026-05-11 15:06:03.100000+00:00,52.1935289,21.1218281,84.1,48.93,0.0,-0.015,0.956,0,48.94877913285281,,257.77805854821213,0.0,2.0
18525,2026-05-11 15:06:03.600000+00:00,52.1934715,21.1218616,84.0,48.88,-0.022,-0.031,0.964,0,48.80702419631324,,251.0055000267677,0.0,2.0
18530,2026-05-11 15:06:04.100000+00:00,52.1934141,21.1218947,84.0,48.57,-0.004,-0.015,0.983,0,48.741255443655874,,244.2436031560821,0.0,2.0
18535,2026-05-11 15:06:04.600000+00:00,52.1933568,21.1219281,84.0,48.65,-0.02,-0.02,0.959,0,48.71512922941307,,237.484665945849,0.0,2.0
18540,2026-05-11 15:06:05.100000+00:00,52.1932996,21.1219616,83.9,48.48,-0.008,-0.007,0.99,0,48.656312683630915,,230.73382533048644,0.0,2.0
18545,2026-05-11 15:06:05.600000+00:00,52.1932424,21.121995,83.9,48.63,0.002,-0.002,0.948,0,48.63975883611345,,223.98600978456184,0.0,2.0
18550,2026-05-11 15:06:06.100000+00:00,52.1931857,21.1220288,83.9,48.3,-0.004,0.005,1.004,0,48.33009433495534,,217.27956087321172,0.0,2.0
18555,2026-05-11 15:06:06.600000+00:00,52.1931292,21.122063,83.9,48.27,-0.01,-0.002,0.952,0,48.24767911637955,,210.58353845547813,0.0,2.0
18560,2026-05-11 15:06:07.100000+00:00,52.193073,21.1220977,83.9,48.22,-0.007,0.005,0.96,0,48.108894341907344,,203.9054808946994,0.0,2.0
18565,2026-05-11 15:06:07.600000+00:00,52.193017,21.1221328,83.9,48.07,0.0,0.003,0.992,0,48.02924017174755,,197.237646693851,0.0,2.0
18570,2026-05-11 15:06:08.100000+00:00,52.1929612,21.1221681,83.8,48.34,-0.021,-0.011,0.949,0,47.91521618022779,,190.58523567760585,0.0,2.0
18575,2026-05-11 15:06:08.600000+00:00,52.1929056,21.1222035,83.8,47.81,-0.003,0.007,0.988,0,47.78379268251924,,183.95085160387774,0.0,2.0
18580,2026-05-11 15:06:09.100000+00:00,52.19285,21.1222394,83.8,48.02,0.004,0.002,0.968,0,47.873565058190636,,177.30337731082932,0.0,2.0
18585,2026-05-11 15:06:09.600000+00:00,52.1927944,21.1222757,83.9,48.05,-0.006,-0.004,0.978,0,47.9461681546953,,170.6454047822791,0.0,2.0
18590,2026-05-11 15:06:10.100000+00:00,52.192739,21.1223117,83.9,47.97,-0.006,-0.016,0.978,0,47.742875135564354,,164.0159867616933,0.0,2.0
18595,2026-05-11 15:06:10.600000+00:00,52.1926839,21.1223479,83.9,47.54,0.006,0.002,0.969,0,47.55641823866324,,157.412065205838,0.0,2.0
18600,2026-05-11 15:06:11.100000+00:00,52.1926295,21.1223839,83.9,46.79,-0.021,0.021,0.96,0,47.00005971442891,,150.88519698419822,0.0,2.0
18605,2026-05-11 15:06:11.600000+00:00,52.1925759,21.1224203,83.9,46.51,-0.007,0.024,0.975,0,46.482279276205006,,144.42954252867332,0.0,2.0
18610,2026-05-11 15:06:12.100000+00:00,52.1925229,21.1224572,83.9,46.09,-0.014,0.027,0.959,0,46.13495956595195,,138.02191016170366,0.0,2.0
18615,2026-05-11 15:06:12.600000+00:00,52.1924706,21.1224937,83.9,45.44,-0.017,0.007,0.978,0,45.542484825420196,,131.69657164403884,0.0,2.0
18620,2026-05-11 15:06:13.100000+00:00,52.192419,21.1225302,83.9,44.99,-0.002,0.013,0.964,0,45.02778278386619,,125.4428463386013,0.0,2.0
18625,2026-05-11 15:06:13.600000+00:00,52.192368,21.1225669,83.9,44.53,-0.024,0.011,0.974,0,44.62701376459651,,119.24520042926363,0.0,2.0
18630,2026-05-11 15:06:14.100000+00:00,52.1923179,21.1226032,83.9,43.82,-0.034,0.002,0.96,0,43.888681309492554,,113.15039359832144,0.0,2.0
18635,2026-05-11 15:06:14.600000+00:00,52.1922684,21.1226395,83.9,43.65,-0.015,0.016,1.012,0,43.45012006811292,,107.11713697192322,0.0,2.0
18640,2026-05-11 15:06:15.100000+00:00,52.1922198,21.122676,84.0,42.79,-0.029,0.008,0.956,0,42.83491292715496,,101.17102184649005,0.0,2.0
18645,2026-05-11 15:06:15.600000+00:00,52.1921717,21.122712,84.0,42.64,-0.016,0.007,0.953,0,42.36871893021459,,95.28974193661304,0.0,2.0
18650,2026-05-11 15:06:16.100000+00:00,52.1921246,21.1227477,84.1,41.58,-0.027,0.006,0.962,0,41.58013954776319,,89.51942952545072,0.0,2.0
18655,2026-05-11 15:06:16.600000+00:00,52.192078,21.122783,84.2,41.25,-0.033,0.001,0.984,0,41.13439869453771,,83.81155570567624,0.0,2.0
18660,2026-05-11 15:06:17.100000+00:00,52.1920317,21.1228178,84.3,40.4,-0.049,0.015,0.958,0,40.81339526839077,21.0,78.14820828540272,0.0,2.0
18665,2026-05-11 15:06:17.600000+00:00,52.1919874,21.1228519,84.3,38.95,-0.116,-0.008,0.971,0,39.217007884613516,21.0,72.70974898795305,0.0,2.0
18670,2026-05-11 15:06:18.100000+00:00,52.1919447,21.1228832,84.3,37.26,-0.096,-0.019,0.991,0,37.47857843980792,21.0,67.50861726057867,0.0,2.0
18675,2026-05-11 15:06:18.600000+00:00,52.1919034,21.1229131,84.3,35.87,-0.064,-0.003,0.968,0,36.17497738310234,21.0,62.488070189077504,0.0,2.0
18680,2026-05-11 15:06:19.100000+00:00,52.1918637,21.1229396,84.3,33.94,-0.085,-0.027,0.962,0,34.34197081213976,21.0,57.718659065082484,0.0,2.0
18685,2026-05-11 15:06:19.600000+00:00,52.1918251,21.1229646,84.3,32.94,-0.084,-0.016,0.973,0,33.24992660676028,21.0,53.10061824942899,0.0,2.0
18690,2026-05-11 15:06:20.100000+00:00,52.1917878,21.1229883,84.3,32.24,-0.06,-0.034,0.964,0,32.0478429006764,21.0,48.649591049530436,0.0,2.0
18695,2026-05-11 15:06:20.600000+00:00,52.1917514,21.1230101,84.3,30.71,-0.097,-0.015,0.981,0,31.0439344699596,21.0,44.339421811551134,0.0,2.0
18700,2026-05-11 15:06:21.100000+00:00,52.1917164,21.1230306,84.3,29.39,-0.057,-0.023,0.977,0,29.772631155799477,21.0,40.207073823634715,0.0,2.0
18705,2026-05-11 15:06:21.600000+00:00,52.1916826,21.1230507,84.2,28.63,-0.019,0.039,0.964,0,28.802427228200497,21.0,36.20921007178013,0.0,2.0
18710,2026-05-11 15:06:22.100000+00:00,52.1916506,21.1230723,84.1,27.3,-0.043,0.06,0.962,0,27.72599002254676,21.0,32.35844820577939,0.0,2.0
18715,2026-05-11 15:06:22.600000+00:00,52.1916206,21.1230946,84.0,26.52,-0.034,0.061,0.962,0,26.394183530875008,21.0,28.69616801613336,0.0,2.0
18720,2026-05-11 15:06:23.100000+00:00,52.1915916,21.1231168,84.0,25.63,-0.059,0.032,1.001,0,25.646914219915423,21.0,25.140964993885927,0.0,2.0
18725,2026-05-11 15:06:23.600000+00:00,52.1915645,21.1231386,83.9,23.66,-0.088,0.062,0.971,0,24.190998960593507,21.0,21.79534224541518,0.0,2.0
18730,2026-05-11 15:06:24.100000+00:00,52.1915403,21.1231599,83.9,21.7,-0.106,0.059,0.952,0,22.014932121303335,21.0,18.770325554124835,0.0,2.0
18735,2026-05-11 15:06:24.600000+00:00,52.1915191,21.123179,83.7,18.98,-0.136,0.061,0.992,0,19.38940225535988,21.0,16.121253189511435,0.0,2.0
18740,2026-05-11 15:06:25.100000+00:00,52.1915007,21.123196,83.6,16.57,-0.109,0.037,0.949,0,16.929797184803828,21.0,13.8279662104821,0.0,2.0
18745,2026-05-11 15:06:25.600000+00:00,52.1914841,21.1232104,83.5,14.33,-0.113,0.032,0.975,0,15.052317382603178,21.0,11.793512103844348,0.0,2.0
18750,2026-05-11 15:06:26.100000+00:00,52.191471,21.1232217,83.4,11.08,-0.192,0.055,0.972,0,11.863954576912153,21.0,10.204896171137062,0.0,2.0
18755,2026-05-11 15:06:26.600000+00:00,52.1914618,21.12323,83.4,7.38,-0.19,0.056,0.986,0,8.416959290358964,21.0,9.097870665331103,0.0,2.0
18760,2026-05-11 15:06:27.100000+00:00,52.1914562,21.1232351,83.4,4.47,-0.157,0.043,0.971,0,5.1347678195928115,21.0,8.431806537240213,0.0,2.0
18765,2026-05-11 15:06:27.600000+00:00,52.1914532,21.1232382,83.4,2.49,-0.115,0.02,0.974,0,2.843149484130562,21.0,8.07554722016278,0.0,2.0
18770,2026-05-11 15:06:28.100000+00:00,52.1914524,21.123239,83.4,0.39,-0.102,0.025,0.984,0,0.7512509539256516,21.0,7.981344750836087,0.0,2.0
18775,2026-05-11 15:06:28.600000+00:00,52.1914526,21.1232393,83.4,0.22,0.008,-0.006,0.965,0,0.21752553739717786,21.0,8.001402792487669,0.0,2.0
18780,2026-05-11 15:06:29.100000+00:00,52.1914527,21.1232401,83.5,0.18,0.0,-0.008,0.976,0,0.4007112062941059,21.0,8.00722288454652,0.0,2.0
18785,2026-05-11 15:06:29.600000+00:00,52.191453,21.1232405,83.6,0.14,0.001,-0.009,0.975,0,0.31020459067776507,21.0,8.037964274614405,0.0,2.0
18790,2026-05-11 15:06:30.100000+00:00,52.1914532,21.1232409,83.6,0.16,0.008,-0.007,0.977,0,0.25333493158227044,21.0,8.057739706357168,0.0,2.0
18795,2026-05-11 15:06:30.600000+00:00,52.1914535,21.1232414,83.6,0.06,0.0,-0.01,0.971,0,0.343373860389409,21.0,8.088147860756463,0.0,2.0
18800,2026-05-11 15:06:31.100000+00:00,52.1914536,21.1232418,83.7,0.05,0.005,-0.005,0.971,0,0.2120132327186185,21.0,8.097073559644947,0.0,2.0
18805,2026-05-11 15:06:31.600000+00:00,52.1914538,21.1232426,83.7,0.03,0.002,-0.008,0.974,0,0.4240264632551524,21.0,8.115216050208833,0.0,2.0
18810,2026-05-11 15:06:32.100000+00:00,52.1914539,21.123243,83.8,0.05,-0.007,-0.015,0.978,0,0.21201322956882693,21.0,8.124432192584004,0.0,2.0
18815,2026-05-11 15:06:32.600000+00:00,52.191454,21.1232437,83.8,0.08,0.003,-0.008,0.976,0,0.3527580750467906,21.0,8.132467623210806,0.0,2.0
18820,2026-05-11 15:06:33.100000+00:00,52.1914541,21.1232444,83.9,0.25,0.001,-0.009,0.976,0,0.35275807313835617,21.0,8.14078999165363,0.0,2.0
18825,2026-05-11 15:06:33.600000+00:00,52.1914541,21.1232451,83.9,0.04,0.018,-0.008,0.98,0,0.34355290409264677,21.0,8.138292494395134,0.0,2.0
18830,2026-05-11 15:06:34.100000+00:00,52.1914541,21.123246,84.0,0.31,0.002,-0.008,0.974,0,0.4417108795895161,21.0,8.13549153151683,0.0,2.0
18835,2026-05-11 15:06:34.600000+00:00,52.1914537,21.1232476,84.2,0.36,-0.003,-0.012,0.975,0,0.8480529241945686,21.0,8.087192757490119,0.0,2.0
18840,2026-05-11 15:06:35.100000+00:00,52.1914533,21.1232491,84.5,0.17,0.005,-0.008,0.976,0,0.8028216585617906,21.0,8.040436360390387,0.0,2.0
18845,2026-05-11 15:06:35.600000+00:00,52.1914529,21.1232513,84.8,0.1,-0.002,-0.013,0.977,0,1.1262273783064731,21.0,7.99494137900963,0.0,2.0
18850,2026-05-11 15:06:36.100000+00:00,52.1914528,21.1232523,84.9,0.08,0.001,-0.007,0.976,0,0.4972769490378788,21.0,7.98428750201428,0.0,2.0
18855,2026-05-11 15:06:36.600000+00:00,52.1914526,21.1232536,85.1,0.19,-0.013,-0.016,0.966,0,0.6578122007907433,21.0,7.963529133411461,0.0,2.0
18860,2026-05-11 15:06:37.100000+00:00,52.1914523,21.1232548,85.3,0.08,-0.002,-0.011,0.973,0,0.6360397106939123,21.0,7.932428595048529,0.0,2.0
18865,2026-05-11 15:06:37.600000+00:00,52.1914518,21.1232565,85.5,0.42,0.015,-0.033,0.977,0,0.925402289548717,21.0,7.88152272130257,0.0,2.0
18870,2026-05-11 15:06:38.100000+00:00,52.1914494,21.1232595,85.7,2.6,0.1,-0.067,0.961,0,2.4207098655212267,21.0,7.6277706183408425,0.0,2.0
18875,2026-05-11 15:06:38.600000+00:00,52.1914442,21.1232653,85.7,5.14,0.169,-0.041,0.972,0,5.043287200385993,21.0,7.094800453967824,0.0,2.0
18880,2026-05-11 15:06:39.100000+00:00,52.1914363,21.1232759,85.8,8.44,0.146,-0.02,0.962,0,8.18946763483482,21.0,6.379032993164356,0.0,2.0
18885,2026-05-11 15:06:39.600000+00:00,52.1914258,21.1232901,85.8,11.41,0.217,-0.024,0.971,0,10.919547413182219,21.0,5.649717153139101,0.0,2.0
18890,2026-05-11 15:06:40.100000+00:00,52.1914122,21.1233069,85.7,14.21,0.173,-0.071,0.969,0,13.657878184676193,21.0,5.153192285065296,0.0,2.0
18895,2026-05-11 15:06:40.600000+00:00,52.1913958,21.1233267,85.5,16.89,0.145,-0.059,0.959,0,16.334837632324394,21.0,5.4161881268516865,0.0,2.0
18900,2026-05-11 15:06:41.100000+00:00,52.1913764,21.1233493,85.4,19.74,0.102,-0.101,0.974,0,19.085687488089093,21.0,6.720150591759632,0.0,2.0
18905,2026-05-11 15:06:41.600000+00:00,52.191355,21.1233742,85.3,21.65,0.066,-0.053,0.975,0,21.044763331057567,21.0,8.881682186892856,0.0,2.0
18910,2026-05-11 15:06:42.100000+00:00,52.1913322,21.1234002,85.2,22.81,0.047,-0.072,0.947,0,22.271771911468417,21.0,11.527334482533616,0.0,2.0
18915,2026-05-11 15:06:42.600000+00:00,52.1913074,21.1234269,85.1,24.6,0.05,-0.127,0.982,0,23.789448818044946,21.0,14.517032918180655,0.0,2.0
18920,2026-05-11 15:06:43.100000+00:00,52.1912807,21.1234539,85.0,25.84,0.051,-0.094,0.967,0,25.150290421817573,21.0,17.767280898174988,0.0,2.0
18925,2026-05-11 15:06:43.600000+00:00,52.1912526,21.1234817,84.8,27.05,0.027,-0.093,0.963,0,26.311067359247172,21.0,21.24017252497966,0.0,2.0
18930,2026-05-11 15:06:44.100000+00:00,52.1912224,21.1235102,84.6,29.07,0.027,-0.077,0.97,0,27.93275731567299,21.0,24.963716516385087,0.0,2.0
18935,2026-05-11 15:06:44.600000+00:00,52.1911903,21.1235412,84.5,30.76,0.122,-0.063,0.964,0,29.865378800340576,21.0,28.999303898785044,0.0,2.0
18940,2026-05-11 15:06:45.100000+00:00,52.1911572,21.1235728,84.5,31.35,0.066,-0.057,0.961,0,30.70471520748532,21.0,33.17315248897038,0.0,2.0
18945,2026-05-11 15:06:45.600000+00:00,52.1911226,21.1236053,84.3,32.83,0.054,-0.04,0.947,0,31.96507858085121,21.0,37.534594333741786,0.0,2.0
18950,2026-05-11 15:06:46.100000+00:00,52.1910866,21.1236402,84.3,33.98,0.03,-0.037,0.987,0,33.52736534418011,21.0,42.13638900297971,0.0,2.0
18955,2026-05-11 15:06:46.600000+00:00,52.1910494,21.123676,84.2,34.99,0.038,-0.045,0.951,0,34.57910176807561,21.0,46.89184844923646,0.0,2.0
18960,2026-05-11 15:06:47.100000+00:00,52.1910106,21.1237131,84.1,36.41,0.068,-0.044,0.989,0,36.00672704610431,21.0,51.851182117772815,0.0,2.0
18965,2026-05-11 15:06:47.600000+00:00,52.1909705,21.1237512,84.0,37.75,0.064,-0.05,0.968,0,37.15296771073133,21.0,56.97440596024895,0.0,2.0
18970,2026-05-11 15:06:48.100000+00:00,52.1909292,21.1237903,83.9,38.95,0.093,-0.029,0.977,0,38.230212512971754,21.0,62.251676314209085,0.0,2.0
18975,2026-05-11 15:06:48.600000+00:00,52.1908873,21.1238308,83.8,39.39,0.037,-0.018,0.954,0,38.99218629199582,21.0,67.6439327316104,0.0,2.0
18980,2026-05-11 15:06:49.100000+00:00,52.1908447,21.1238727,83.7,40.48,0.044,-0.018,0.972,0,39.82577703338322,21.0,73.15836365365759,0.0,2.0
18985,2026-05-11 15:06:49.600000+00:00,52.1908016,21.1239159,83.7,40.72,0.034,-0.023,0.978,0,40.49947461890312,21.0,78.77162255830964,0.0,2.0
18990,2026-05-11 15:06:50.100000+00:00,52.1907574,21.1239595,83.6,41.98,0.061,-0.011,0.965,0,41.353642011010486,,84.50237670128466,0.0,2.0
18995,2026-05-11 15:06:50.600000+00:00,52.1907128,21.1240048,83.5,42.88,0.055,-0.01,0.976,0,42.063003951626804,,90.33722968407785,0.0,2.0
19000,2026-05-11 15:06:51.100000+00:00,52.1906672,21.1240521,83.5,43.51,0.053,-0.011,0.972,0,43.263425158205024,,96.34183240604628,0.0,2.0
19005,2026-05-11 15:06:51.600000+00:00,52.190621,21.1240995,83.4,44.31,0.048,-0.017,0.964,0,43.69565926747397,,102.4058327705199,0.0,2.0
19010,2026-05-11 15:06:52.100000+00:00,52.190574,21.1241485,83.4,45.26,0.023,-0.019,0.959,0,44.65709502595769,,108.60530703508591,0.0,2.0
19015,2026-05-11 15:06:52.600000+00:00,52.1905265,21.1241994,83.4,45.88,0.03,-0.016,0.978,0,45.50016801169002,,114.92389529521094,0.0,2.0
19020,2026-05-11 15:06:53.100000+00:00,52.1904784,21.1242494,83.3,46.46,-0.001,-0.012,0.987,0,45.66352668344529,,121.26333300923906,0.0,2.0
19025,2026-05-11 15:06:53.600000+00:00,52.1904305,21.1243017,83.3,46.26,-0.012,-0.016,0.96,0,46.146834982856944,,127.67250574714562,0.0,2.0
19030,2026-05-11 15:06:54.100000+00:00,52.1903828,21.1243551,83.3,46.85,-0.006,-0.014,0.98,0,46.317214373352044,,134.10534545800505,0.0,2.0
19035,2026-05-11 15:06:54.600000+00:00,52.1903346,21.1244086,83.3,46.84,0.043,-0.006,0.963,0,46.67542418009348,,140.5880349870233,0.0,2.0
19040,2026-05-11 15:06:55.100000+00:00,52.1902863,21.1244624,83.2,47.21,0.008,-0.017,0.962,0,46.824525576681445,,147.09140950129975,0.0,2.0
19045,2026-05-11 15:06:55.600000+00:00,52.1902381,21.1245168,83.2,47.39,-0.003,-0.018,0.991,0,46.925374911903425,,153.60855834119582,0.0,2.0
19050,2026-05-11 15:06:56.100000+00:00,52.1901899,21.124571,83.1,47.29,-0.005,-0.01,0.956,0,46.869609199511125,,160.11806921437184,0.0,2.0
19055,2026-05-11 15:06:56.600000+00:00,52.1901415,21.1246257,83.1,47.44,-0.007,-0.011,0.987,0,47.14087029921967,,166.66514821802753,0.0,2.0
19060,2026-05-11 15:06:57.100000+00:00,52.1900928,21.1246805,83.0,47.24,0.002,-0.005,0.952,0,47.366362546520456,,173.24366470006896,0.0,2.0
19065,2026-05-11 15:06:57.600000+00:00,52.1900444,21.1247356,82.9,47.31,0.003,-0.005,0.98,0,47.252985906591185,,179.80612684260106,0.0,2.0
19070,2026-05-11 15:06:58.100000+00:00,52.1899958,21.1247914,82.8,47.51,0.022,0.008,0.972,0,47.581312717395136,,186.4138744317321,0.0,2.0
19075,2026-05-11 15:06:58.600000+00:00,52.1899474,21.1248479,82.8,47.9,0.016,0.005,0.946,0,47.649602723060774,,193.03021291811595,0.0,2.0
19080,2026-05-11 15:06:59.100000+00:00,52.1898994,21.1249051,82.6,47.72,0.012,-0.001,0.978,0,47.59141937682673,,199.63689869892565,0.0,2.0
19085,2026-05-11 15:06:59.600000+00:00,52.1898512,21.1249625,82.5,47.83,0.005,0.0,0.966,0,47.77863882574535,,206.26984509849245,0.0,2.0
19090,2026-05-11 15:07:00.100000+00:00,52.1898031,21.1250208,82.4,48.19,-0.001,-0.009,0.964,0,47.976157235778544,,212.92856868676782,0.0,2.0
19095,2026-05-11 15:07:00.600000+00:00,52.1897553,21.1250799,82.3,47.97,0.012,-0.01,0.973,0,48.019761503395706,,219.59106551945405,0.0,2.0
19100,2026-05-11 15:07:01.100000+00:00,52.1897072,21.1251394,82.1,48.59,0.01,-0.024,0.968,0,48.32978254329194,,226.29691820690152,0.0,2.0
19105,2026-05-11 15:07:01.600000+00:00,52.1896592,21.1251991,82.1,48.56,0.015,-0.011,0.977,0,48.32548966568166,,233.00178679744985,0.0,2.0
19110,2026-05-11 15:07:02.100000+00:00,52.1896112,21.1252602,82.1,48.61,-0.013,-0.017,0.978,0,48.74520352346064,,239.76155200339193,0.0,2.0
19115,2026-05-11 15:07:02.600000+00:00,52.189563,21.1253206,82.0,48.68,0.008,-0.013,0.939,0,48.661492821620286,,246.51281411386122,0.0,2.0
19120,2026-05-11 15:07:03.100000+00:00,52.1895153,21.1253813,81.9,48.39,-0.005,-0.011,0.987,0,48.43511324661524,,253.23064117851433,0.0,2.0
19125,2026-05-11 15:07:03.600000+00:00,52.1894673,21.125442,81.7,49.29,-0.009,-0.021,0.965,0,48.624728655005065,,259.97625397395484,0.0,2.0
19130,2026-05-11 15:07:04.100000+00:00,52.1894196,21.1255024,81.5,48.99,-0.009,-0.031,0.97,0,48.34472304370647,,266.68321494019744,0.0,2.0
19135,2026-05-11 15:07:04.600000+00:00,52.1893715,21.1255626,81.3,49.05,-0.005,-0.027,0.961,0,48.53828920559986,,273.41904009443834,0.0,2.0
19140,2026-05-11 15:07:05.100000+00:00,52.1893232,21.1256237,81.3,49.14,-0.01,-0.017,1.003,0,48.93489570148503,,280.20870722093616,0.0,2.0
19145,2026-05-11 15:07:05.600000+00:00,52.1892743,21.1256855,81.3,48.98,-0.003,-0.02,0.932,0,49.52506006141312,,287.0807253336152,0.0,2.0
19150,2026-05-11 15:07:06.100000+00:00,52.1892259,21.1257472,81.3,49.14,-0.009,-0.019,1.014,0,49.179014821974434,,293.90376810350455,0.0,2.0
19155,2026-05-11 15:07:06.600000+00:00,52.1891774,21.1258089,81.3,49.37,-0.003,-0.023,0.957,0,49.24214107061294,,300.7362079574799,0.0,2.0
19160,2026-05-11 15:07:07.100000+00:00,52.1891291,21.12587,81.4,48.9,-0.011,-0.035,0.975,0,48.9349759249135,,307.5270974491788,0.0,2.0
19165,2026-05-11 15:07:07.600000+00:00,52.1890805,21.1259302,81.4,48.67,-0.017,-0.027,0.964,0,48.856602825835026,,314.309726373498,0.0,2.0
19170,2026-05-11 15:07:08.100000+00:00,52.1890324,21.1259908,81.3,48.56,-0.013,-0.021,0.962,0,48.65818694054481,,321.0631181003297,0.0,2.0
19175,2026-05-11 15:07:08.600000+00:00,52.1889845,21.1260513,81.3,48.63,-0.014,-0.022,0.979,0,48.50151758517479,,318.7468801713723,0.0,2.0
19180,2026-05-11 15:07:09.100000+00:00,52.1889369,21.1261119,81.3,48.69,-0.02,-0.019,0.964,0,48.34203913200198,,312.03407156594903,0.0,2.0
19185,2026-05-11 15:07:09.600000+00:00,52.1888893,21.1261719,81.3,48.11,-0.01,-0.02,0.983,0,48.16142602549584,,305.34581107152627,0.0,2.0
19190,2026-05-11 15:07:10.100000+00:00,52.1888416,21.1262318,81.4,47.82,-0.001,-0.015,0.969,0,48.19486276627733,,298.65275760264086,0.0,2.0
19195,2026-05-11 15:07:10.600000+00:00,52.188794,21.1262916,81.3,47.77,0.0,-0.02,0.956,0,48.10150343445743,,291.9727209758603,0.0,2.0
19200,2026-05-11 15:07:11.100000+00:00,52.1887467,21.1263513,81.2,47.97,-0.011,-0.021,0.968,0,47.8814094540997,,285.3235292647727,0.0,2.0
19205,2026-05-11 15:07:11.600000+00:00,52.1886991,21.1264117,81.1,48.17,0.007,-0.022,0.973,0,48.28180120258739,,278.61911948477666,0.0,2.0
19210,2026-05-11 15:07:12.100000+00:00,52.1886515,21.1264723,81.0,48.81,0.01,-0.022,0.962,0,48.34215660857786,,271.90663444796604,0.0,2.0
19215,2026-05-11 15:07:12.600000+00:00,52.1886035,21.1265335,81.0,48.78,0.0,-0.036,0.984,0,48.77583321392009,,265.1341353193178,0.0,2.0
19220,2026-05-11 15:07:13.100000+00:00,52.1885556,21.1265942,80.9,48.97,0.006,-0.031,0.954,0,48.56185516439193,,258.3909824843153,0.0,2.0
19225,2026-05-11 15:07:13.600000+00:00,52.1885077,21.1266553,80.7,49.06,-0.01,-0.016,0.984,0,48.68257026720279,,251.63166635599444,0.0,2.0
19230,2026-05-11 15:07:14.100000+00:00,52.1884598,21.1267167,80.7,49.19,0.006,-0.009,0.962,0,48.773434504385506,,244.86029654476724,0.0,2.0
19235,2026-05-11 15:07:14.600000+00:00,52.1884119,21.126779,80.7,49.21,-0.011,-0.017,0.993,0,49.04763083979021,,238.05261599141696,0.0,2.0
19240,2026-05-11 15:07:15.100000+00:00,52.1883642,21.1268414,80.7,49.41,-0.01,-0.029,0.944,0,48.95325274910876,,231.25905430013844,0.0,2.0
19245,2026-05-11 15:07:15.600000+00:00,52.1883162,21.1269037,80.7,49.14,-0.022,-0.024,1.015,0,49.11029400318028,,224.44298476682795,0.0,2.0
19250,2026-05-11 15:07:16.100000+00:00,52.1882682,21.1269654,80.8,48.94,-0.025,-0.03,0.952,0,48.927490940276826,,217.65140676490907,0.0,2.0
19255,2026-05-11 15:07:16.600000+00:00,52.1882207,21.1270258,80.7,48.74,0.004,-0.014,0.958,0,48.218830929715,,210.9572888666632,0.0,2.0
19260,2026-05-11 15:07:17.100000+00:00,52.1881733,21.1270863,80.6,48.62,-0.015,-0.025,0.966,0,48.185966498941966,,204.26831763432463,0.0,2.0
19265,2026-05-11 15:07:17.600000+00:00,52.188126,21.1271463,80.6,48.43,-0.015,-0.032,0.992,0,47.971913044571735,,197.60864728772592,0.0,2.0
19270,2026-05-11 15:07:18.100000+00:00,52.1880786,21.1272061,80.4,48.55,-0.018,-0.024,0.94,0,47.97503525034606,,190.94821971411983,0.0,2.0
19275,2026-05-11 15:07:18.600000+00:00,52.1880313,21.1272663,80.4,48.53,-0.01,-0.012,1.002,0,48.03227715143174,,184.28097129278424,0.0,2.0
19280,2026-05-11 15:07:19.100000+00:00,52.1879841,21.127326,80.3,48.16,-0.007,-0.015,0.926,0,47.81842426446042,,177.6430065536101,0.0,2.0
19285,2026-05-11 15:07:19.600000+00:00,52.1879375,21.1273854,80.2,47.69,-0.026,-0.013,1.017,0,47.348940258914645,,171.07137538509883,0.0,2.0
19290,2026-05-11 15:07:20.100000+00:00,52.1878911,21.1274445,80.2,47.4,-0.025,-0.01,0.932,0,47.13212806642259,,164.5301066026681,0.0,2.0
19295,2026-05-11 15:07:20.600000+00:00,52.1878452,21.1275026,80.1,46.78,-0.045,-0.011,1.003,0,46.51476752923129,,158.07414631847115,0.0,2.0
19300,2026-05-11 15:07:21.100000+00:00,52.1877999,21.1275604,80.1,46.33,-0.044,-0.012,0.939,0,46.04535838847157,,151.68473186594514,0.0,2.0
19305,2026-05-11 15:07:21.600000+00:00,52.1877546,21.1276174,79.9,46.15,-0.056,-0.021,0.974,0,45.804487542023594,,145.32745251519395,0.0,2.0
19310,2026-05-11 15:07:22.100000+00:00,52.1877099,21.1276736,79.8,45.31,-0.052,-0.021,0.964,0,45.18432514311982,,139.05654945658713,0.0,2.0
19315,2026-05-11 15:07:22.600000+00:00,52.1876662,21.1277296,79.8,44.68,-0.039,-0.017,0.975,0,44.492215281214655,,132.88477280524654,0.0,2.0
19320,2026-05-11 15:07:23.100000+00:00,52.1876225,21.1277855,79.7,44.73,-0.027,-0.031,0.957,0,44.461925912313546,,126.71766320412553,0.0,2.0
19325,2026-05-11 15:07:23.600000+00:00,52.1875786,21.1278412,79.7,44.5,-0.016,-0.03,0.998,0,44.52770830612424,,120.54096491496722,0.0,2.0
19330,2026-05-11 15:07:24.100000+00:00,52.187535,21.1278967,79.6,44.51,-0.016,-0.007,0.948,0,44.2779282524911,,114.40027323179348,0.0,2.0
19335,2026-05-11 15:07:24.600000+00:00,52.1874915,21.1279523,79.5,44.15,-0.026,-0.009,0.98,0,44.245114560739566,,108.26588585410039,0.0,2.0
19340,2026-05-11 15:07:25.100000+00:00,52.1874487,21.1280076,79.5,43.66,-0.024,0.0,0.948,0,43.7137909579845,,102.2085798451967,0.0,2.0
19345,2026-05-11 15:07:25.600000+00:00,52.1874064,21.1280623,79.5,43.56,-0.037,-0.017,1.019,0,43.217163496463904,,96.22201555925189,0.0,2.0
19350,2026-05-11 15:07:26.100000+00:00,52.1873644,21.1281164,79.4,42.97,-0.03,-0.013,0.937,0,42.84608944962843,,90.28803640518896,0.0,2.0
19355,2026-05-11 15:07:26.600000+00:00,52.1873236,21.1281691,79.4,41.35,-0.068,-0.006,0.981,0,41.66629425910203,,84.520380938444,0.0,2.0
19360,2026-05-11 15:07:27.100000+00:00,52.187284,21.1282194,79.3,40.19,-0.116,-0.013,0.951,0,40.18315012186182,22.0,78.9568024024053,0.0,2.0
19365,2026-05-11 15:07:27.600000+00:00,52.1872457,21.1282677,79.3,38.52,-0.097,-0.017,0.984,0,38.75908359950879,22.0,73.5912842755953,0.0,2.0
19370,2026-05-11 15:07:28.100000+00:00,52.1872083,21.1283127,79.3,37.17,-0.082,-0.019,0.965,0,37.20781501360642,22.0,68.43400559994373,0.0,2.0
19375,2026-05-11 15:07:28.600000+00:00,52.1871719,21.1283556,79.3,35.81,-0.086,-0.016,0.986,0,35.95340643844549,22.0,63.448975953023556,0.0,2.0
19380,2026-05-11 15:07:29.100000+00:00,52.1871365,21.1283956,79.2,34.17,-0.108,-0.048,0.953,0,34.477629134135135,22.0,58.66471375498848,0.0,2.0
19385,2026-05-11 15:07:29.600000+00:00,52.1871019,21.1284334,79.3,33.15,-0.092,-0.063,0.972,0,33.34032504017835,22.0,54.0361374231222,0.0,2.0
19390,2026-05-11 15:07:30.100000+00:00,52.1870679,21.1284689,79.3,32.58,-0.063,-0.043,0.962,0,32.31994123235538,22.0,49.54750442316015,0.0,2.0
19395,2026-05-11 15:07:30.600000+00:00,52.1870347,21.128502,79.3,30.96,-0.074,-0.044,0.954,0,31.15213103786825,22.0,45.221046879609155,0.0,2.0
19400,2026-05-11 15:07:31.100000+00:00,52.1870017,21.1285338,79.3,30.26,-0.07,-0.038,0.978,0,30.68619589302583,22.0,40.960635197133406,0.0,2.0
19405,2026-05-11 15:07:31.600000+00:00,52.1869692,21.128564,79.3,29.35,-0.056,-0.025,0.98,0,29.945813916596414,22.0,36.80601719714833,0.0,2.0
19410,2026-05-11 15:07:32.100000+00:00,52.1869391,21.1285945,79.3,27.69,-0.054,0.06,0.963,0,28.369712310416123,22.0,32.866054044326724,0.0,2.0
19415,2026-05-11 15:07:32.600000+00:00,52.186911,21.1286272,79.3,27.17,-0.04,0.095,0.98,0,27.63567400679385,22.0,29.03348582001496,0.0,2.0
19420,2026-05-11 15:07:33.100000+00:00,52.1868849,21.1286594,79.2,25.86,-0.026,0.049,0.966,0,26.199849244123634,22.0,25.40997752595584,0.0,2.0
19425,2026-05-11 15:07:33.600000+00:00,52.1868599,21.1286909,79.1,25.3,-0.048,0.0,0.964,0,25.291517886358413,22.0,21.92119552743665,0.0,2.0
19430,2026-05-11 15:07:34.100000+00:00,52.186836,21.1287214,79.1,23.78,-0.097,0.001,0.974,0,24.29498420387795,22.0,18.58152978919363,0.0,2.0
19435,2026-05-11 15:07:34.600000+00:00,52.1868139,21.1287505,79.1,21.77,-0.117,0.028,0.961,0,22.739211536181127,22.0,15.47876518723131,0.0,2.0
19440,2026-05-11 15:07:35.100000+00:00,52.1867941,21.1287759,79.1,19.56,-0.15,0.013,0.964,0,20.167287991764546,22.0,12.741175700259937,0.0,2.0
19445,2026-05-11 15:07:35.600000+00:00,52.1867765,21.1287987,79.1,17.2,-0.141,0.02,0.988,0,17.994115796930913,22.0,10.330794358156655,0.0,2.0
19450,2026-05-11 15:07:36.100000+00:00,52.1867611,21.1288192,79.1,15.24,-0.13,0.026,0.954,0,15.914157329402101,22.0,8.254240709001996,0.0,2.0
19455,2026-05-11 15:07:36.600000+00:00,52.1867484,21.1288368,79.2,12.47,-0.18,0.021,0.968,0,13.342058008338055,22.0,6.598798456756246,0.0,2.0
19460,2026-05-11 15:07:37.100000+00:00,52.1867383,21.1288506,79.2,9.95,-0.189,0.026,0.983,0,10.548309402785744,22.0,5.375714293985466,0.0,2.0
19465,2026-05-11 15:07:37.600000+00:00,52.186731,21.1288603,79.2,6.44,-0.188,0.025,0.97,0,7.538287967988171,22.0,4.579177549728546,0.0,2.0
19470,2026-05-11 15:07:38.100000+00:00,52.1867273,21.1288652,79.2,2.96,-0.203,0.036,0.981,0,3.815685280005616,22.0,4.217265103465076,0.0,2.0
19475,2026-05-11 15:07:38.600000+00:00,52.1867264,21.1288659,79.2,0.24,-0.123,0.01,0.973,0,0.7982706899795767,22.0,4.1279959008005385,0.0,2.0
19480,2026-05-11 15:07:39.100000+00:00,52.186726,21.1288661,79.0,0.46,-0.015,-0.03,0.964,0,0.33495011990190443,22.0,4.08712462153603,0.0,2.0
19485,2026-05-11 15:07:39.600000+00:00,52.1867259,21.1288663,79.0,0.06,-0.015,-0.025,0.972,0,0.12667555702727099,22.0,4.079015572703837,0.0,2.0
19490,2026-05-11 15:07:40.100000+00:00,52.1867257,21.1288667,79.0,0.46,-0.009,-0.027,0.976,0,0.2533511125589965,22.0,4.06297748540679,0.0,2.0
19495,2026-05-11 15:07:40.600000+00:00,52.1867259,21.128867,79.1,0.16,-0.01,-0.025,0.975,0,0.21753613713185432,22.0,4.089092218682799,0.0,2.0
19500,2026-05-11 15:07:41.100000+00:00,52.1867261,21.1288673,79.1,0.18,-0.013,-0.027,0.976,0,0.2175361366835097,22.0,4.1152630526530745,0.0,2.0
19505,2026-05-11 15:07:41.600000+00:00,52.1867265,21.1288677,79.2,0.17,-0.008,-0.027,0.969,0,0.3756363853352819,22.0,4.164689968892809,0.0,2.0
19510,2026-05-11 15:07:42.100000+00:00,52.1867267,21.1288682,79.3,0.31,-0.019,-0.031,0.974,0,0.2930360340847699,22.0,4.194101644879489,0.0,2.0
19515,2026-05-11 15:07:42.600000+00:00,52.1867269,21.1288685,79.3,0.29,-0.007,-0.02,0.971,0,0.21753613114155476,22.0,4.220486488066224,0.0,2.0
19520,2026-05-11 15:07:43.100000+00:00,52.1867271,21.1288692,79.4,0.11,-0.02,-0.025,0.971,0,0.37906772057968263,22.0,4.253483210059013,0.0,2.0
19525,2026-05-11 15:07:43.600000+00:00,52.1867276,21.1288702,79.5,0.02,-0.003,-0.026,0.974,0,0.6333777659233638,22.0,4.324333217651935,0.0,2.0
19530,2026-05-11 15:07:44.100000+00:00,52.1867279,21.128871,79.6,0.02,-0.009,-0.027,0.976,0,0.4603037189744452,22.0,4.370737567238601,0.0,2.0
19535,2026-05-11 15:07:44.600000+00:00,52.1867283,21.1288717,79.7,0.24,-0.012,-0.029,0.977,0,0.4696895140028813,22.0,4.4264092363652265,0.0,2.0
19540,2026-05-11 15:07:45.100000+00:00,52.1867285,21.1288724,79.7,0.16,-0.007,-0.025,0.977,0,0.37906770935895634,22.0,4.460992796886706,0.0,2.0
19545,2026-05-11 15:07:45.600000+00:00,52.1867288,21.128873,79.7,0.1,-0.02,-0.028,0.975,0,0.3800266519956052,22.0,4.504605963355407,0.0,2.0
19550,2026-05-11 15:07:46.100000+00:00,52.1867289,21.1288738,79.7,0.19,-0.015,-0.027,0.978,0,0.4007520848683753,22.0,4.531203350778772,0.0,2.0
19555,2026-05-11 15:07:46.600000+00:00,52.1867292,21.1288746,79.7,0.12,-0.016,-0.026,0.975,0,0.4603037118380047,22.0,4.579487595714544,0.0,2.0
19560,2026-05-11 15:07:47.100000+00:00,52.1867295,21.1288754,79.8,0.14,-0.007,-0.03,0.977,0,0.4603037042632562,22.0,4.628151232069838,0.0,2.0
19565,2026-05-11 15:07:47.600000+00:00,52.1867294,21.1288761,79.8,0.04,-0.006,-0.026,0.971,0,0.35279363004137965,22.0,4.632898187508336,0.0,2.0
19570,2026-05-11 15:07:48.100000+00:00,52.1867292,21.1288772,79.8,0.53,0.016,-0.031,0.974,0,0.5631686831794385,22.0,4.636913121053342,0.0,2.0
19575,2026-05-11 15:07:48.600000+00:00,52.1867283,21.128879,79.8,1.49,0.036,-0.038,0.964,0,1.140079957665617,22.0,4.587130825464898,0.0,2.0
19580,2026-05-11 15:07:49.100000+00:00,52.1867261,21.1288817,79.8,2.14,0.03,-0.046,0.986,0,2.2042288803600054,22.0,4.436132417694475,0.0,2.0
19585,2026-05-11 15:07:49.600000+00:00,52.1867228,21.1288864,79.8,3.97,0.119,-0.051,0.964,0,3.507445365945168,22.0,4.26389205328788,0.0,2.0
19590,2026-05-11 15:07:50.100000+00:00,52.1867169,21.1288944,79.8,6.93,0.121,-0.082,0.961,0,6.142579851276957,22.0,4.066004921033357,0.0,2.0
19595,2026-05-11 15:07:50.600000+00:00,52.1867079,21.1289073,79.9,10.35,0.127,-0.053,0.979,0,9.59222328603277,22.0,4.143027343385567,0.0,2.0
19600,2026-05-11 15:07:51.100000+00:00,52.1866967,21.1289241,79.9,12.87,0.129,-0.022,0.956,0,12.182026565765355,22.0,4.8366190859984535,0.0,2.0
19605,2026-05-11 15:07:51.600000+00:00,52.186684,21.1289459,79.9,15.73,0.197,-0.018,0.973,0,14.760732178523858,22.0,6.300482488259013,0.0,2.0
19610,2026-05-11 15:07:52.100000+00:00,52.1866693,21.1289724,79.8,18.56,0.136,-0.047,0.958,0,17.54129224719628,22.0,8.393405125471904,0.0,2.0
19615,2026-05-11 15:07:52.600000+00:00,52.186652,21.1290029,79.8,21.05,0.08,-0.083,0.97,0,20.395016371238217,22.0,10.995217935314878,0.0,2.0
19620,2026-05-11 15:07:53.100000+00:00,52.1866324,21.129036,80.0,22.6,0.08,-0.05,0.973,0,22.587503582583594,22.0,13.963013845973657,0.0,2.0
19625,2026-05-11 15:07:53.600000+00:00,52.1866111,21.1290714,80.1,24.6,0.054,-0.09,0.957,0,24.34584110241315,22.0,17.22278806540373,0.0,2.0
19630,2026-05-11 15:07:54.100000+00:00,52.1865882,21.1291081,80.3,25.76,0.016,-0.111,0.977,0,25.70275285594926,22.0,20.69321540220611,0.0,2.0
19635,2026-05-11 15:07:54.600000+00:00,52.1865632,21.1291456,80.3,27.65,0.08,-0.101,0.961,0,27.192059052339445,22.0,24.371641115750798,0.0,2.0
19640,2026-05-11 15:07:55.100000+00:00,52.1865357,21.1291847,80.4,29.41,0.047,-0.106,0.959,0,29.20724856263258,22.0,28.33089045798257,0.0,2.0
19645,2026-05-11 15:07:55.600000+00:00,52.1865068,21.1292232,80.4,29.98,0.019,-0.112,0.962,0,29.874016982014613,22.0,32.380098752184665,0.0,2.0
19650,2026-05-11 15:07:56.100000+00:00,52.1864758,21.1292625,80.5,31.35,0.028,-0.104,0.985,0,31.433737643717684,22.0,36.64474248473968,0.0,2.0
19655,2026-05-11 15:07:56.600000+00:00,52.1864439,21.1293024,80.6,32.35,0.037,-0.069,0.973,0,32.18407069410406,22.0,41.0279201955257,0.0,2.0
19660,2026-05-11 15:07:57.100000+00:00,52.1864112,21.1293437,80.7,33.66,0.008,-0.054,0.956,0,33.110857884114665,22.0,45.55849466316677,0.0,2.0
19665,2026-05-11 15:07:57.600000+00:00,52.1863776,21.129386,80.9,34.6,0.046,-0.043,0.974,0,33.98113692425034,22.0,50.21994127666554,0.0,2.0
19670,2026-05-11 15:07:58.100000+00:00,52.1863427,21.1294297,81.0,35.55,0.057,-0.039,0.955,0,35.22505224017908,22.0,55.060734453053776,0.0,2.0
19675,2026-05-11 15:07:58.600000+00:00,52.1863067,21.1294752,81.0,36.49,0.051,-0.029,0.968,0,36.4620040005169,22.0,60.08316712647697,0.0,2.0
19680,2026-05-11 15:07:59.100000+00:00,52.1862699,21.1295221,80.9,37.78,0.134,-0.017,0.978,0,37.3895065367066,22.0,65.24238802229362,0.0,2.0
19685,2026-05-11 15:07:59.600000+00:00,52.1862329,21.1295698,81.0,38.49,0.089,-0.028,0.967,0,37.75805078623263,22.0,70.46038550934945,0.0,2.0
19690,2026-05-11 15:08:00.100000+00:00,52.1861947,21.1296191,81.0,39.07,0.035,-0.03,0.972,0,38.998777624836464,22.0,75.85388893939553,0.0,2.0
19695,2026-05-11 15:08:00.600000+00:00,52.186156,21.1296694,81.0,39.19,0.008,-0.031,0.96,0,39.61751665347751,,81.33763167024625,0.0,2.0
19700,2026-05-11 15:08:01.100000+00:00,52.1861168,21.1297202,81.0,40.08,0.016,-0.035,0.966,0,40.0835807275147,,86.88769098797681,0.0,2.0
19705,2026-05-11 15:08:01.600000+00:00,52.186077,21.1297719,81.0,40.72,0.023,-0.043,0.963,0,40.73453546558926,,92.53045038383537,0.0,2.0
19710,2026-05-11 15:08:02.100000+00:00,52.1860367,21.1298236,81.0,41.0,0.014,-0.039,0.962,0,41.04843753947423,,98.21603218883381,0.0,2.0
19715,2026-05-11 15:08:02.600000+00:00,52.1859958,21.129876,81.0,41.74,0.024,-0.041,0.976,0,41.63844488894416,,103.98482572472813,0.0,2.0
19720,2026-05-11 15:08:03.100000+00:00,52.1859545,21.1299287,81.0,42.21,0.029,-0.039,0.963,0,41.98134021879493,,109.80190380239904,0.0,2.0
19725,2026-05-11 15:08:03.600000+00:00,52.1859123,21.1299822,80.9,42.81,0.023,-0.035,0.975,0,42.7910337380427,,115.7313817555858,0.0,2.0
19730,2026-05-11 15:08:04.100000+00:00,52.1858698,21.1300364,80.9,43.41,0.015,-0.039,0.963,0,43.19172274360461,,121.71879899044589,0.0,2.0
19735,2026-05-11 15:08:04.600000+00:00,52.1858267,21.1300911,80.8,43.7,0.018,-0.04,0.972,0,43.721450348870924,,127.77990981532767,0.0,2.0
19740,2026-05-11 15:08:05.100000+00:00,52.1857829,21.1301464,80.7,44.69,0.015,-0.033,0.955,0,44.34476695591812,,133.9275782858348,0.0,2.0
19745,2026-05-11 15:08:05.600000+00:00,52.1857386,21.1302018,80.6,44.85,0.018,-0.046,0.99,0,44.691850827180176,,140.1226872217026,0.0,2.0
19750,2026-05-11 15:08:06.100000+00:00,52.185694,21.1302575,80.5,45.21,-0.008,-0.04,0.965,0,44.9720801856241,,146.35743716861393,0.0,2.0
19755,2026-05-11 15:08:06.600000+00:00,52.1856493,21.1303138,80.4,45.32,-0.015,-0.034,0.97,0,45.21508944031064,,152.62821989209596,0.0,2.0
19760,2026-05-11 15:08:07.100000+00:00,52.1856044,21.1303702,80.3,45.35,-0.006,-0.024,0.969,0,45.37187818866591,,158.92104966568454,0.0,2.0
19765,2026-05-11 15:08:07.600000+00:00,52.1855597,21.1304269,80.3,45.34,-0.001,-0.025,0.965,0,45.33539239255752,,165.21090782192866,0.0,2.0
19770,2026-05-11 15:08:08.100000+00:00,52.185515,21.1304837,80.3,45.2,0.0,-0.024,0.964,0,45.365559793782985,,164.96774830947928,0.0,2.0
19775,2026-05-11 15:08:08.600000+00:00,52.1854703,21.13054,80.2,45.13,-0.021,-0.029,0.979,0,45.21515743690023,,158.6920630493955,0.0,2.0
19780,2026-05-11 15:08:09.100000+00:00,52.1854259,21.1305964,80.2,44.85,-0.02,-0.028,0.954,0,45.055458761920036,,152.43994333268657,0.0,2.0
19785,2026-05-11 15:08:09.600000+00:00,52.1853816,21.1306529,80.2,44.94,0.0,-0.024,0.967,0,45.02255812903383,,146.1934277185197,0.0,2.0
19790,2026-05-11 15:08:10.100000+00:00,52.1853374,21.1307093,80.1,44.91,-0.012,-0.028,0.962,0,44.92927221934389,,139.96051705717028,0.0,2.0
19795,2026-05-11 15:08:10.600000+00:00,52.1852932,21.1307657,80.0,44.72,-0.012,-0.02,0.976,0,44.92928918351596,,133.72828216701507,0.0,2.0
19800,2026-05-11 15:08:11.100000+00:00,52.1852489,21.130822,80.0,44.9,-0.022,-0.024,0.956,0,44.96220286562472,,127.49161119278745,0.0,2.0
19805,2026-05-11 15:08:11.600000+00:00,52.1852048,21.1308782,79.9,44.73,-0.016,-0.034,0.97,0,44.80578454030716,,121.27792422307586,0.0,2.0
19810,2026-05-11 15:08:12.100000+00:00,52.1851608,21.1309343,79.9,44.58,-0.024,-0.016,0.969,0,44.712494229364786,,115.07826876669125,0.0,2.0
19815,2026-05-11 15:08:12.600000+00:00,52.1851174,21.1309904,79.9,44.24,-0.034,-0.013,0.961,0,44.33504682892208,,108.93484454166803,0.0,2.0
19820,2026-05-11 15:08:13.100000+00:00,52.1850744,21.1310454,79.9,43.68,-0.032,-0.022,0.982,0,43.74928974416702,,102.87203676612143,0.0,2.0
19825,2026-05-11 15:08:13.600000+00:00,52.1850318,21.1311,79.9,43.28,-0.043,-0.02,0.96,0,43.37616966894381,,96.86304379478105,0.0,2.0
19830,2026-05-11 15:08:14.100000+00:00,52.1849895,21.1311537,79.9,42.71,-0.046,-0.017,0.978,0,42.91483662043012,,90.91787132912012,0.0,2.0
19835,2026-05-11 15:08:14.600000+00:00,52.1849483,21.1312058,79.9,41.45,-0.091,-0.015,0.98,0,41.73756848723048,,85.13698201020645,0.0,2.0
19840,2026-05-11 15:08:15.100000+00:00,52.1849086,21.1312556,79.9,39.75,-0.102,0.0,0.955,0,40.097060036753824,23.0,79.58376702810992,0.0,2.0
19845,2026-05-11 15:08:15.600000+00:00,52.1848705,21.1313037,80.0,38.51,-0.097,-0.01,0.978,0,38.57314113873732,23.0,74.24525659476299,0.0,2.0
19850,2026-05-11 15:08:16.100000+00:00,52.1848334,21.1313505,80.0,37.21,-0.048,-0.015,0.969,0,37.54946052239147,23.0,69.05104297140088,0.0,2.0
19855,2026-05-11 15:08:16.600000+00:00,52.1847972,21.1313946,80.0,36.08,-0.061,-0.03,0.966,0,36.17378611351074,23.0,64.04265862058432,0.0,2.0
19860,2026-05-11 15:08:17.100000+00:00,52.184761,21.1314364,80.0,35.26,-0.068,-0.072,0.988,0,35.50971219959426,23.0,59.119364630056346,0.0,2.0
19865,2026-05-11 15:08:17.600000+00:00,52.1847251,21.1314767,80.1,34.62,-0.076,-0.08,0.946,0,34.891310895271694,23.0,54.279497089314276,0.0,2.0
19870,2026-05-11 15:08:18.100000+00:00,52.1846889,21.131513,80.2,33.73,-0.082,-0.069,0.979,0,34.02119773689716,23.0,49.55433338392626,0.0,2.0
19875,2026-05-11 15:08:18.600000+00:00,52.1846529,21.1315461,80.2,32.48,-0.075,-0.056,0.963,0,33.08590465289713,23.0,44.96249957372244,0.0,2.0
19880,2026-05-11 15:08:19.100000+00:00,52.1846183,21.1315785,80.3,31.49,-0.063,-0.009,0.972,0,31.94177425359814,23.0,40.528774544983186,0.0,2.0
19885,2026-05-11 15:08:19.600000+00:00,52.1845857,21.1316114,80.4,30.48,-0.075,0.03,0.983,0,30.691993868192046,23.0,36.26602467320277,0.0,2.0
19890,2026-05-11 15:08:20.100000+00:00,52.1845558,21.1316455,80.5,28.8,-0.043,0.069,0.962,0,29.20972746062581,23.0,32.21537564101365,0.0,2.0
19895,2026-05-11 15:08:20.600000+00:00,52.1845275,21.1316788,80.5,27.71,-0.06,0.032,0.952,0,27.937963344467708,23.0,28.347075669142384,0.0,2.0
19900,2026-05-11 15:08:21.100000+00:00,52.1845006,21.1317116,80.4,27.08,-0.063,0.018,0.982,0,26.88927085801731,23.0,24.63426319816621,0.0,2.0
19905,2026-05-11 15:08:21.600000+00:00,52.184475,21.1317443,80.5,25.45,-0.079,0.016,0.966,0,26.032845514857712,23.0,21.059098742529276,0.0,2.0
19910,2026-05-11 15:08:22.100000+00:00,52.184451,21.1317746,80.5,23.4,-0.108,0.032,0.972,0,24.2983655699886,23.0,17.73335800666452,0.0,2.0
19915,2026-05-11 15:08:22.600000+00:00,52.1844297,21.1318028,80.5,21.03,-0.139,0.035,0.973,0,21.963912676733603,23.0,14.762978408227148,0.0,2.0
19920,2026-05-11 15:08:23.100000+00:00,52.1844111,21.1318277,80.6,18.42,-0.143,0.03,0.985,0,19.265008306637068,23.0,12.194674372368214,0.0,2.0
19925,2026-05-11 15:08:23.600000+00:00,52.1843949,21.1318486,80.6,16.39,-0.114,-0.015,0.965,0,16.536775580913183,23.0,10.01981850572273,0.0,2.0
19930,2026-05-11 15:08:24.100000+00:00,52.1843798,21.1318676,80.6,15.21,-0.078,0.007,0.962,0,15.268596796998516,23.0,8.060802681980547,0.0,2.0
19935,2026-05-11 15:08:24.600000+00:00,52.1843662,21.1318846,80.6,13.35,-0.086,0.025,0.96,0,13.718163826173427,23.0,6.386079534007461,0.0,2.0
19940,2026-05-11 15:08:25.100000+00:00,52.1843543,21.1318983,80.5,11.16,-0.075,0.01,0.99,0,11.661534334295094,23.0,5.050073514161786,0.0,2.0
19945,2026-05-11 15:08:25.600000+00:00,52.1843439,21.1319109,80.4,9.9,-0.1,0.012,0.966,0,10.372095421850297,23.0,4.068060789266555,0.0,2.0
19950,2026-05-11 15:08:26.100000+00:00,52.1843357,21.1319217,80.4,8.1,-0.103,0.019,0.982,0,8.43819677492488,23.0,3.555685563152501,0.0,2.0
19955,2026-05-11 15:08:26.600000+00:00,52.1843296,21.1319295,80.4,5.56,-0.119,0.013,0.97,0,6.20563077158049,23.0,3.3821900176952044,0.0,2.0
19960,2026-05-11 15:08:27.100000+00:00,52.1843253,21.1319351,80.4,3.72,-0.128,0.016,0.976,0,4.405418487808436,23.0,3.3945877234583413,0.0,2.0
19965,2026-05-11 15:08:27.600000+00:00,52.1843236,21.1319377,80.4,1.04,-0.128,0.025,0.974,0,1.8658045764580031,23.0,3.452924595299062,0.0,2.0
19970,2026-05-11 15:08:28.100000+00:00,52.1843235,21.1319385,80.5,0.03,-0.049,-0.011,0.988,0,0.4007728964813242,23.0,3.4960130760107386,0.0,2.0
19975,2026-05-11 15:08:28.600000+00:00,52.1843233,21.1319397,80.5,0.11,0.002,-0.02,0.958,0,0.6104174506921874,23.0,3.5588120441267175,0.0,2.0
19980,2026-05-11 15:08:29.100000+00:00,52.1843232,21.1319413,80.6,0.15,-0.008,-0.018,0.979,0,0.7894597475866229,23.0,3.6519036251952532,0.0,2.0
19985,2026-05-11 15:08:29.600000+00:00,52.184323,21.1319428,80.7,0.05,0.0,-0.023,0.973,0,0.7535121525606897,23.0,3.735052588059547,0.0,2.0
19990,2026-05-11 15:08:30.100000+00:00,52.1843229,21.1319441,80.7,0.08,-0.003,-0.021,0.979,0,0.6431317791287205,23.0,3.8112726084228217,0.0,2.0
19995,2026-05-11 15:08:30.600000+00:00,52.1843228,21.1319451,80.8,0.04,-0.004,-0.022,0.975,0,0.49735463243190775,23.0,3.8692664462706516,0.0,2.0
20000,2026-05-11 15:08:31.100000+00:00,52.1843226,21.1319463,80.8,0.12,-0.004,-0.022,0.979,0,0.6104174596399359,23.0,3.935904576492449,0.0,2.0
20005,2026-05-11 15:08:31.600000+00:00,52.1843223,21.1319471,80.9,0.09,0.005,-0.02,0.976,0,0.46032184086981154,23.0,3.9737791382381737,0.0,2.0
20010,2026-05-11 15:08:32.100000+00:00,52.1843221,21.131948,80.9,0.02,-0.003,-0.022,0.978,0,0.46990396593108513,23.0,4.022688621253263,0.0,2.0
20015,2026-05-11 15:08:32.600000+00:00,52.1843219,21.1319487,80.9,0.1,-0.001,-0.021,0.976,0,0.3790845637457695,23.0,4.059298276936841,0.0,2.0
20020,2026-05-11 15:08:33.100000+00:00,52.1843217,21.1319494,80.8,0.02,0.0,-0.022,0.975,0,0.3790845665616769,23.0,4.096257492331802,0.0,2.0
20025,2026-05-11 15:08:33.600000+00:00,52.1843216,21.1319497,80.7,0.12,0.0,-0.024,0.978,0,0.16761664062955334,23.0,4.111660276749652,0.0,2.0
20030,2026-05-11 15:08:34.100000+00:00,52.1843215,21.13195,80.6,0.14,0.0,-0.014,0.978,0,0.16761663605551919,23.0,4.1271368949049645,0.0,2.0
20035,2026-05-11 15:08:34.600000+00:00,52.1843214,21.1319501,80.5,0.11,-0.002,-0.013,0.971,0,0.09391048735682736,23.0,4.129831166960929,0.0,2.0
20040,2026-05-11 15:08:35.100000+00:00,52.184321,21.1319504,80.4,0.12,0.003,-0.019,0.979,0,0.35247727316685057,23.0,4.134548166968244,0.0,2.0
20045,2026-05-11 15:08:35.600000+00:00,52.1843208,21.1319509,80.3,0.04,-0.004,-0.017,0.975,0,0.29304715188927144,23.0,4.1597585744410095,0.0,2.0
20050,2026-05-11 15:08:36.100000+00:00,52.1843203,21.1319515,80.3,0.01,0.002,-0.017,0.978,0,0.49697504484759153,23.0,4.181554703966282,0.0,2.0
20055,2026-05-11 15:08:36.600000+00:00,52.1843198,21.1319526,80.2,0.08,0.001,-0.017,0.975,0,0.6721557906155621,23.0,4.237050307525657,0.0,2.0
20060,2026-05-11 15:08:37.100000+00:00,52.1843193,21.1319539,80.1,0.07,-0.002,-0.017,0.977,0,0.7532930144704129,23.0,4.307001327313179,0.0,2.0
20065,2026-05-11 15:08:37.600000+00:00,52.1843187,21.1319542,80.0,0.02,0.003,-0.016,0.976,0,0.5024275189731698,23.0,4.309541157398656,0.0,2.0
20070,2026-05-11 15:08:38.100000+00:00,52.1843177,21.1319551,79.9,0.11,-0.012,-0.023,0.976,0,0.9144053000090241,23.0,4.342859665635182,0.0,2.0
20075,2026-05-11 15:08:38.600000+00:00,52.1843175,21.1319555,79.9,0.02,0.003,-0.015,0.975,0,0.253359356365109,23.0,4.364579361895285,0.0,2.0
20080,2026-05-11 15:08:39.100000+00:00,52.1843175,21.1319554,79.7,0.04,-0.004,-0.018,0.971,0,0.04908686517252338,23.0,4.357923765381536,0.0,2.0
20085,2026-05-11 15:08:39.600000+00:00,52.1843174,21.1319555,79.6,0.11,0.004,-0.016,0.974,0,0.09391048532313676,23.0,4.362184929685709,0.0,2.0
20090,2026-05-11 15:08:40.100000+00:00,52.1843169,21.131956,79.5,0.59,0.04,-0.036,0.972,0,0.46955243453233253,23.0,4.384010735612132,0.0,2.0
20095,2026-05-11 15:08:40.600000+00:00,52.1843152,21.1319583,79.5,2.46,0.115,-0.049,0.968,0,1.768340412310699,23.0,4.504970064232317,0.0,2.0
20100,2026-05-11 15:08:41.100000+00:00,52.1843117,21.131963,79.5,3.83,0.097,-0.039,0.959,0,3.629664417402726,23.0,4.781769084766665,0.0,2.0
20105,2026-05-11 15:08:41.600000+00:00,52.1843071,21.1319714,79.5,6.23,0.112,-0.02,0.976,0,5.5285097610378715,23.0,5.349189059767102,0.0,2.0
20110,2026-05-11 15:08:42.100000+00:00,52.1843007,21.1319832,79.6,8.59,0.147,-0.027,0.96,0,7.733313969994821,23.0,6.218365306343404,0.0,2.0
20115,2026-05-11 15:08:42.600000+00:00,52.1842924,21.1319987,79.6,10.93,0.151,-0.011,0.98,0,10.101728641898395,23.0,7.438872200784059,0.0,2.0
20120,2026-05-11 15:08:43.100000+00:00,52.1842831,21.1320181,79.6,13.03,0.107,-0.025,0.955,0,12.088092030416597,23.0,9.001962703728044,0.0,2.0
20125,2026-05-11 15:08:43.600000+00:00,52.1842715,21.1320401,79.6,14.61,0.048,-0.064,0.969,0,14.243221781081278,23.0,10.861060929683456,0.0,2.0
20130,2026-05-11 15:08:44.100000+00:00,52.1842581,21.1320651,79.7,16.43,0.083,-0.035,0.984,0,16.29991457001999,23.0,13.026895087788192,0.0,2.0
20135,2026-05-11 15:08:44.600000+00:00,52.1842428,21.1320928,79.9,18.72,0.118,-0.086,0.961,0,18.300938538446292,23.0,15.483356310834303,0.0,2.0
20140,2026-05-11 15:08:45.100000+00:00,52.1842242,21.1321215,80.0,20.14,0.047,-0.091,0.982,0,20.49924621151924,23.0,18.209751778185414,0.0,2.0
20145,2026-05-11 15:08:45.600000+00:00,52.1842048,21.1321515,80.2,21.38,0.01,-0.085,0.96,0,21.403078362762834,23.0,21.09117194196115,0.0,2.0
20150,2026-05-11 15:08:46.100000+00:00,52.1841849,21.1321826,80.4,22.35,0.036,-0.069,0.963,0,22.065389428822918,23.0,24.088179426642274,0.0,2.0
20155,2026-05-11 15:08:46.600000+00:00,52.1841633,21.1322145,80.5,23.33,0.023,-0.093,0.963,0,23.329077005298032,23.0,27.256276004341263,0.0,2.0
20160,2026-05-11 15:08:47.100000+00:00,52.1841404,21.1322475,80.7,24.5,0.032,-0.086,0.968,0,24.464824779329465,23.0,30.587325526939125,0.0,2.0
20165,2026-05-11 15:08:47.600000+00:00,52.1841163,21.1322805,80.8,25.09,0.014,-0.078,0.982,0,25.19282450336117,23.0,34.01552981574575,0.0,2.0
20170,2026-05-11 15:08:48.100000+00:00,52.1840906,21.1323122,80.7,26.0,0.028,-0.08,0.96,0,25.79698034078794,23.0,37.50399868859285,0.0,2.0
20175,2026-05-11 15:08:48.600000+00:00,52.1840643,21.132345,80.8,27.08,0.031,-0.054,0.969,0,26.506194468622276,23.0,41.109132807756566,0.0,2.0
20180,2026-05-11 15:08:49.100000+00:00,52.1840375,21.1323801,80.9,27.29,0.057,-0.022,0.963,0,27.51774390582408,23.0,44.880077196891406,0.0,2.0
20185,2026-05-11 15:08:49.600000+00:00,52.1840097,21.1324164,80.9,28.77,0.005,-0.04,0.973,0,28.510846641423946,23.0,48.79463982711706,0.0,2.0
20190,2026-05-11 15:08:50.100000+00:00,52.1839816,21.1324523,81.0,29.03,0.019,-0.038,0.973,0,28.577245807800047,23.0,52.719261329524784,0.0,2.0
20195,2026-05-11 15:08:50.600000+00:00,52.1839529,21.1324887,81.0,29.46,0.021,-0.028,0.97,0,29.10694155071347,23.0,56.72105407126018,0.0,2.0
20200,2026-05-11 15:08:51.100000+00:00,52.1839241,21.1325261,81.1,29.94,0.016,-0.034,0.966,0,29.473421522690224,23.0,60.78448578628656,0.0,2.0
20205,2026-05-11 15:08:51.600000+00:00,52.1838946,21.1325635,81.1,30.43,0.018,-0.029,0.964,0,29.913890367200768,23.0,64.9069400932484,0.0,2.0
20210,2026-05-11 15:08:52.100000+00:00,52.183865,21.1326013,81.2,30.36,0.008,-0.029,0.971,0,30.09779681871557,23.0,69.06027993794284,0.0,2.0
20215,2026-05-11 15:08:52.600000+00:00,52.1838351,21.1326389,81.2,30.19,-0.01,-0.021,0.973,0,30.227230151635936,23.0,73.23121216020964,0.0,2.0
20220,2026-05-11 15:08:53.100000+00:00,52.1838053,21.1326765,81.3,30.0,0.0,-0.018,0.973,0,30.163874639615397,23.0,77.39704982932193,0.0,2.0
20225,2026-05-11 15:08:53.600000+00:00,52.1837759,21.1327135,81.3,29.48,-0.025,-0.022,0.966,0,29.73039599087311,,81.50488176566763,0.0,2.0
20230,2026-05-11 15:08:54.100000+00:00,52.1837467,21.1327502,81.3,29.56,-0.009,-0.018,0.968,0,29.51367779867781,,85.58455968355496,0.0,2.0
20235,2026-05-11 15:08:54.600000+00:00,52.1837176,21.1327873,81.4,29.52,-0.005,-0.02,0.972,0,29.57082789461612,,89.676395310113,0.0,2.0
20240,2026-05-11 15:08:55.100000+00:00,52.1836881,21.1328245,81.4,29.89,0.002,-0.026,0.972,0,29.853791447635917,,93.8069110345917,0.0,2.0
20245,2026-05-11 15:08:55.600000+00:00,52.1836587,21.1328622,81.5,29.99,0.011,-0.027,0.963,0,29.941575289525602,,97.95354819098135,0.0,2.0
20250,2026-05-11 15:08:56.100000+00:00,52.1836289,21.1329004,81.5,30.36,0.007,-0.024,0.966,0,30.34503033767271,,102.15699958614343,0.0,2.0
20255,2026-05-11 15:08:56.600000+00:00,52.1835988,21.1329386,81.5,30.41,-0.004,-0.029,0.97,0,30.53423484998139,,106.38609357134213,0.0,2.0
20260,2026-05-11 15:08:57.100000+00:00,52.1835684,21.1329767,81.5,30.75,0.021,-0.033,0.977,0,30.694217412423676,,110.63636422513031,0.0,2.0
20265,2026-05-11 15:08:57.600000+00:00,52.1835373,21.1330155,81.4,31.44,0.032,-0.034,0.968,0,31.348045284693974,,114.97744016109367,0.0,2.0
20270,2026-05-11 15:08:58.100000+00:00,52.1835053,21.1330549,81.4,31.96,0.022,-0.03,0.965,0,32.09994993842808,,119.42147068834974,0.0,2.0
20275,2026-05-11 15:08:58.600000+00:00,52.183473,21.1330953,81.3,32.92,0.031,-0.021,0.965,0,32.58834528138142,,123.93663821497962,0.0,2.0
20280,2026-05-11 15:08:59.100000+00:00,52.1834401,21.1331364,81.2,33.56,0.029,-0.021,0.975,0,33.17864157565088,,128.53420606446065,0.0,2.0
20285,2026-05-11 15:08:59.600000+00:00,52.1834067,21.1331786,81.1,33.76,0.026,-0.026,0.968,0,33.82528944625821,,133.2237153965776,0.0,2.0
20290,2026-05-11 15:09:00.100000+00:00,52.1833728,21.1332211,81.1,34.59,0.019,-0.034,0.959,0,34.2321808396727,,137.96917236298907,0.0,2.0
20295,2026-05-11 15:09:00.600000+00:00,52.1833385,21.1332639,81.0,34.76,0.006,-0.03,0.972,0,34.575925904134145,,142.7622418628849,0.0,2.0
20300,2026-05-11 15:09:01.100000+00:00,52.183304,21.1333075,80.9,34.99,0.013,-0.03,0.968,0,34.9423865294511,,147.6083752737133,0.0,2.0
20305,2026-05-11 15:09:01.600000+00:00,52.1832692,21.1333519,80.8,35.69,0.014,-0.019,0.981,0,35.37316187735755,,152.51581118332908,0.0,2.0
20310,2026-05-11 15:09:02.100000+00:00,52.183234,21.1333964,80.8,36.02,0.016,-0.034,0.95,0,35.65600287117884,,157.46179318260874,0.0,2.0
20315,2026-05-11 15:09:02.600000+00:00,52.1831981,21.1334416,80.7,36.49,0.009,-0.032,0.992,0,36.30953462638884,,162.49833349147872,0.0,2.0
20320,2026-05-11 15:09:03.100000+00:00,52.1831621,21.133487,80.7,36.71,0.012,-0.029,0.953,0,36.432923570628446,,167.55257100591112,0.0,2.0
20325,2026-05-11 15:09:03.600000+00:00,52.183126,21.1335331,80.6,37.08,0.002,-0.019,0.97,0,36.707136650083314,,172.64653450718887,0.0,2.0
20330,2026-05-11 15:09:04.100000+00:00,52.1830894,21.1335794,80.5,37.46,0.006,-0.026,0.967,0,37.08324238051874,,177.7919675363477,0.0,2.0
20335,2026-05-11 15:09:04.600000+00:00,52.1830526,21.1336263,80.5,37.74,-0.012,-0.038,0.963,0,37.3905320959481,,182.98108133872296,0.0,2.0
20340,2026-05-11 15:09:05.100000+00:00,52.1830153,21.1336732,80.4,38.01,-0.005,-0.026,0.979,0,37.70677076296054,,188.21290922064654,0.0,2.0
20345,2026-05-11 15:09:05.600000+00:00,52.1829777,21.1337201,80.4,38.03,-0.008,-0.025,0.97,0,37.897281665063566,,193.47054495204097,0.0,2.0
20350,2026-05-11 15:09:06.100000+00:00,52.1829401,21.1337669,80.3,38.28,-0.003,-0.025,0.984,0,37.86749259870834,,198.72411054112547,0.0,2.0
20355,2026-05-11 15:09:06.600000+00:00,52.1829022,21.1338137,80.3,38.33,-0.014,-0.029,0.979,0,38.05871477230408,,204.0035556705706,0.0,2.0
20360,2026-05-11 15:09:07.100000+00:00,52.1828641,21.1338605,80.3,38.2,0.032,-0.021,0.951,0,38.1865074802467,,209.30040126640964,0.0,2.0
20365,2026-05-11 15:09:07.600000+00:00,52.1828261,21.1339074,80.2,38.33,-0.017,-0.03,0.984,0,38.15220015193791,,214.59340516692964,0.0,2.0
20370,2026-05-11 15:09:08.100000+00:00,52.1827879,21.1339544,80.2,38.29,-0.018,-0.025,0.968,0,38.3095588393308,,219.90815768323264,0.0,2.0
20375,2026-05-11 15:09:08.600000+00:00,52.1827497,21.1340008,80.2,38.06,0.007,-0.024,0.964,0,38.13291649741784,,225.1970906608112,0.0,2.0
20380,2026-05-11 15:09:09.100000+00:00,52.1827115,21.1340473,80.1,38.04,-0.014,-0.038,0.959,0,38.16226953433958,,230.4907054296345,0.0,2.0
20385,2026-05-11 15:09:09.600000+00:00,52.1826728,21.1340938,80.0,38.46,0.041,-0.028,0.974,0,38.4838259102062,,235.827513584646,0.0,2.0
20390,2026-05-11 15:09:10.100000+00:00,52.1826339,21.1341404,80.0,38.87,0.022,-0.02,0.987,0,38.64190714800819,,241.1861913794427,0.0,2.0
20395,2026-05-11 15:09:10.600000+00:00,52.1825949,21.1341872,80.0,38.78,-0.016,-0.036,0.955,0,38.76457607176288,,246.5624759490714,0.0,2.0
20400,2026-05-11 15:09:11.100000+00:00,52.1825558,21.134234,79.9,39.21,0.014,-0.022,0.979,0,38.82910285738152,,251.9476944961425,0.0,2.0
20405,2026-05-11 15:09:11.600000+00:00,52.1825165,21.1342809,79.9,39.14,-0.01,-0.031,0.959,0,38.98728518658357,,257.3547747011889,0.0,2.0
20410,2026-05-11 15:09:12.100000+00:00,52.1824768,21.1343273,79.8,39.21,0.019,-0.021,0.958,0,39.102717779161736,,262.7751278794115,0.0,2.0
20415,2026-05-11 15:09:12.600000+00:00,52.1824376,21.1343737,79.7,39.16,-0.002,-0.014,0.974,0,38.77805246880306,,268.15276383539486,0.0,2.0
20420,2026-05-11 15:09:13.100000+00:00,52.1823982,21.1344208,79.6,39.52,0.005,-0.016,0.969,0,39.109920887432686,,273.57805931464713,0.0,2.0
20425,2026-05-11 15:09:13.600000+00:00,52.1823589,21.1344684,79.5,39.48,-0.003,-0.018,0.975,0,39.19123026844722,,279.0164233703878,0.0,2.0
20430,2026-05-11 15:09:14.100000+00:00,52.1823193,21.1345167,79.5,39.73,0.011,-0.017,0.968,0,39.58916152584098,,284.51092122665426,0.0,2.0
20435,2026-05-11 15:09:14.600000+00:00,52.1822794,21.1345654,79.4,40.25,0.011,-0.016,0.967,0,39.89911703294062,,290.0486592752598,0.0,2.0
20440,2026-05-11 15:09:15.100000+00:00,52.1822397,21.1346151,79.4,40.42,0.0,-0.019,0.969,0,40.06804537158169,,295.61202633736923,0.0,2.0
20445,2026-05-11 15:09:15.600000+00:00,52.1821995,21.1346652,79.4,41.02,0.009,-0.021,0.972,0,40.50525434327764,,301.2358593879256,0.0,2.0
20450,2026-05-11 15:09:16.100000+00:00,52.182159,21.134715,79.4,40.64,0.011,-0.021,0.975,0,40.607542232842135,,306.8729266010194,0.0,2.0
20455,2026-05-11 15:09:16.600000+00:00,52.1821175,21.1347655,79.4,41.41,0.006,-0.016,0.956,0,41.4542120059925,,312.6266688355084,0.0,2.0
20460,2026-05-11 15:09:17.100000+00:00,52.1820769,21.1348168,79.4,41.51,0.011,-0.012,0.975,0,41.11832862057978,,318.33665925584836,0.0,2.0
20465,2026-05-11 15:09:17.600000+00:00,52.1820357,21.1348684,79.3,41.65,-0.007,-0.022,0.976,0,41.58864830679873,,324.111517921001,0.0,2.0
20470,2026-05-11 15:09:18.100000+00:00,52.1819947,21.1349203,79.3,41.9,0.02,-0.009,0.971,0,41.55191583573458,,329.8818725625465,0.0,2.0
20475,2026-05-11 15:09:18.600000+00:00,52.1819539,21.1349734,79.3,41.97,-0.001,-0.01,0.97,0,41.79042780128081,,335.68608168695766,0.0,2.0
20480,2026-05-11 15:09:19.100000+00:00,52.1819129,21.1350266,79.3,42.2,-0.017,-0.013,0.967,0,41.94626208755723,,341.5119087276103,0.0,2.0
20485,2026-05-11 15:09:19.600000+00:00,52.1818718,21.1350805,79.3,42.4,-0.012,-0.013,0.967,0,42.22343704575993,,347.3762693849898,0.0,2.0
20490,2026-05-11 15:09:20.100000+00:00,52.1818309,21.1351346,79.3,42.48,-0.01,-0.006,0.977,0,42.160564836003296,,353.23181418806064,0.0,2.0
20495,2026-05-11 15:09:20.600000+00:00,52.1817903,21.1351896,79.3,42.49,0.016,-0.008,0.981,0,42.255232221564405,,359.09974489505066,0.0,2.0
20500,2026-05-11 15:09:21.100000+00:00,52.1817496,21.1352451,79.4,42.51,0.002,-0.011,0.966,0,42.473887982203934,,364.99771924421145,0.0,2.0
20505,2026-05-11 15:09:21.600000+00:00,52.181709,21.1353012,79.5,42.31,0.0,-0.024,0.976,0,42.602317905562096,,370.9126907331477,0.0,2.0
20510,2026-05-11 15:09:22.100000+00:00,52.1816678,21.1353559,79.5,42.79,0.005,-0.029,0.961,0,42.53277082967547,,376.8199055771875,0.0,2.0
20515,2026-05-11 15:09:22.600000+00:00,52.1816266,21.1354109,79.4,42.57,-0.008,-0.028,0.967,0,42.62591481837489,,382.7399429525659,0.0,2.0
20520,2026-05-11 15:09:23.100000+00:00,52.1815853,21.1354664,79.4,42.83,0.0,-0.002,0.979,0,42.84357779695193,,388.6900201104338,0.0,2.0
20525,2026-05-11 15:09:23.600000+00:00,52.1815447,21.1355219,79.4,42.71,0.01,0.0,0.969,0,42.4125800783395,,394.5794734950305,0.0,2.0
20530,2026-05-11 15:09:24.100000+00:00,52.1815038,21.1355783,79.4,42.91,0.01,-0.016,0.955,0,42.88087282042915,,400.53343394595976,0.0,2.0
20535,2026-05-11 15:09:24.600000+00:00,52.1814628,21.1356352,79.4,43.13,0.014,-0.012,0.968,0,43.10071749557599,,406.25672561795074,0.0,2.0
20540,2026-05-11 15:09:25.100000+00:00,52.1814214,21.1356922,79.4,43.16,-0.002,-0.015,0.978,0,43.376771772889775,,400.2323922148902,0.0,2.0
20545,2026-05-11 15:09:25.600000+00:00,52.1813803,21.1357493,79.4,43.48,0.011,-0.009,0.96,0,43.22535712138495,,394.22892217298056,0.0,2.0
20550,2026-05-11 15:09:26.100000+00:00,52.1813392,21.135807,79.4,43.23,-0.009,-0.009,0.969,0,43.41695446069243,,388.1987925537733,0.0,2.0
20555,2026-05-11 15:09:26.600000+00:00,52.181298,21.1358644,79.3,43.23,-0.01,-0.013,0.97,0,43.38187839140202,,382.1735553095815,0.0,2.0
20560,2026-05-11 15:09:27.100000+00:00,52.1812573,21.1359217,79.3,42.94,0.0,-0.007,0.968,0,43.04622146946564,,376.1949302228128,0.0,2.0
20565,2026-05-11 15:09:27.600000+00:00,52.1812168,21.1359793,79.3,43.02,-0.007,-0.005,0.974,0,43.021809681433396,,370.2198456968989,0.0,2.0
20570,2026-05-11 15:09:28.100000+00:00,52.1811762,21.1360369,79.2,43.35,0.007,0.001,0.963,0,43.08219817415163,,364.23632823026566,0.0,2.0
20575,2026-05-11 15:09:28.600000+00:00,52.1811358,21.1360941,79.2,43.06,0.002,-0.006,0.967,0,42.83255208172188,,358.2874512315737,0.0,2.0
20580,2026-05-11 15:09:29.100000+00:00,52.1810955,21.136151,79.1,43.08,-0.005,-0.009,0.966,0,42.67560635916252,,352.3603350075122,0.0,2.0
20585,2026-05-11 15:09:29.600000+00:00,52.1810554,21.1362082,79.0,43.07,-0.004,-0.009,0.963,0,42.65150696877652,,346.43677321593367,0.0,2.0
20590,2026-05-11 15:09:30.100000+00:00,52.1810153,21.136266,79.0,42.79,-0.012,-0.01,0.974,0,42.84601046921676,,340.48658370516864,0.0,2.0
20595,2026-05-11 15:09:30.600000+00:00,52.1809758,21.136324,78.9,43.06,-0.002,-0.005,0.964,0,42.55291769448744,,334.57819711306865,0.0,2.0
20600,2026-05-11 15:09:31.100000+00:00,52.1809363,21.1363822,78.8,42.99,-0.014,-0.014,0.966,0,42.61869092873427,,328.66100239085415,0.0,2.0
20605,2026-05-11 15:09:31.600000+00:00,52.1808968,21.1364401,78.7,42.86,-0.005,-0.021,0.975,0,42.520120216190755,,322.7571767174324,0.0,2.0
20610,2026-05-11 15:09:32.100000+00:00,52.1808575,21.1364973,78.7,42.79,-0.008,-0.023,0.979,0,42.17160090357112,,316.9013279933092,0.0,2.0
20615,2026-05-11 15:09:32.600000+00:00,52.1808174,21.1365552,78.7,43.17,-0.016,-0.032,0.965,0,42.87861972714938,,310.94688766798737,0.0,2.0
20620,2026-05-11 15:09:33.100000+00:00,52.1807771,21.1366126,78.7,42.8,-0.015,-0.022,0.981,0,42.83679654317523,,304.99770038222704,0.0,2.0
20625,2026-05-11 15:09:33.600000+00:00,52.180737,21.13667,78.7,42.63,-0.018,-0.026,0.972,0,42.71634162488431,,299.0654424728119,0.0,2.0
20630,2026-05-11 15:09:34.100000+00:00,52.180697,21.1367277,78.9,42.4,0.0,-0.008,0.953,0,42.753649617232284,,293.1283943636268,0.0,2.0
20635,2026-05-11 15:09:34.600000+00:00,52.1806568,21.1367849,78.9,42.42,-0.022,-0.029,0.981,0,42.71196711309377,,287.1965676996554,0.0,2.0
20640,2026-05-11 15:09:35.100000+00:00,52.1806167,21.1368419,79.0,42.4,-0.006,-0.035,0.962,0,42.58711480292891,,281.282062637752,0.0,2.0
20645,2026-05-11 15:09:35.600000+00:00,52.1805766,21.1368985,79.0,42.24,0.001,-0.023,0.972,0,42.45836862577189,,275.38525245726225,0.0,2.0
20650,2026-05-11 15:09:36.100000+00:00,52.1805364,21.1369555,79.1,42.62,-0.011,-0.018,0.972,0,42.64753367945204,,269.46230310719,0.0,2.0
20655,2026-05-11 15:09:36.600000+00:00,52.1804964,21.1370132,79.1,42.94,0.002,-0.022,0.949,0,42.7537342616242,,263.52538266119603,0.0,2.0
20660,2026-05-11 15:09:37.100000+00:00,52.1804563,21.1370706,79.1,42.89,0.0,-0.02,0.97,0,42.71645894430995,,257.59328205670437,0.0,2.0
20665,2026-05-11 15:09:37.600000+00:00,52.1804159,21.1371282,79.1,42.98,0.004,-0.019,0.967,0,42.961837632740604,,251.6269601557862,0.0,2.0
20670,2026-05-11 15:09:38.100000+00:00,52.1803754,21.137186,79.0,43.14,-0.01,-0.031,0.974,0,43.08675567904898,,245.6433637271804,0.0,2.0
20675,2026-05-11 15:09:38.600000+00:00,52.1803344,21.1372439,79.0,43.57,0.0,-0.036,0.962,0,43.42093577797389,,239.61298637683132,0.0,2.0
20680,2026-05-11 15:09:39.100000+00:00,52.1802934,21.1373024,79.0,43.98,0.004,-0.022,0.972,0,43.61433563757313,,233.55617119959433,0.0,2.0
20685,2026-05-11 15:09:39.600000+00:00,52.1802519,21.1373613,79.0,44.33,0.01,-0.018,0.965,0,44.04507705123027,,227.43933944932402,0.0,2.0
20690,2026-05-11 15:09:40.100000+00:00,52.1802104,21.1374202,79.0,44.13,0.0,-0.016,0.97,0,44.045094772330245,,221.32253519928918,0.0,2.0
20695,2026-05-11 15:09:40.600000+00:00,52.1801685,21.1374795,79.0,44.39,-0.011,-0.024,0.98,0,44.415637908332286,,215.1541877563846,0.0,2.0
20700,2026-05-11 15:09:41.100000+00:00,52.1801266,21.137539,79.0,44.47,0.001,-0.009,0.973,0,44.4800694910063,,208.97706591729812,0.0,2.0
20705,2026-05-11 15:09:41.600000+00:00,52.1800848,21.1375986,79.0,44.64,0.01,-0.014,0.963,0,44.45203690421236,,202.804081629373,0.0,2.0
20710,2026-05-11 15:09:42.100000+00:00,52.1800429,21.137658,79.0,44.73,0.002,-0.012,0.975,0,44.44788325121403,,196.6314411684767,0.0,2.0
20715,2026-05-11 15:09:42.600000+00:00,52.1800011,21.1377178,79.0,44.72,0.004,-0.019,0.965,0,44.51675923879449,,190.44977745088565,0.0,2.0
20720,2026-05-11 15:09:43.100000+00:00,52.1799592,21.1377773,79.1,44.69,0.007,-0.014,0.984,0,44.48014168819499,,184.27284984695189,0.0,2.0
20725,2026-05-11 15:09:43.600000+00:00,52.1799174,21.1378369,79.1,44.57,-0.002,-0.013,0.962,0,44.452109389994014,,178.10010813283714,0.0,2.0
20730,2026-05-11 15:09:44.100000+00:00,52.1798756,21.1378967,79.1,44.43,0.006,-0.008,0.967,0,44.51681386348218,,171.91868395280952,0.0,2.0
20735,2026-05-11 15:09:44.600000+00:00,52.179834,21.1379566,79.1,44.24,-0.004,-0.013,0.976,0,44.429064769725656,,165.7500415185918,0.0,2.0
20740,2026-05-11 15:09:45.100000+00:00,52.1797926,21.1380164,79.1,44.48,-0.005,-0.007,0.965,0,44.27661454708655,,159.60299482192104,0.0,2.0
20745,2026-05-11 15:09:45.600000+00:00,52.1797514,21.1380763,79.1,44.24,0.0,-0.019,0.967,0,44.18954881661211,,153.46886545957898,0.0,2.0
20750,2026-05-11 15:09:46.100000+00:00,52.1797102,21.1381358,79.1,44.03,-0.009,-0.02,0.968,0,44.0591373469958,,147.35243898404448,0.0,2.0
20755,2026-05-11 15:09:46.600000+00:00,52.1796691,21.1381952,79.1,43.82,-0.009,-0.018,0.972,0,43.966674851013316,,141.24917368415683,0.0,2.0
20760,2026-05-11 15:09:47.100000+00:00,52.1796284,21.1382541,79.1,43.6,-0.003,-0.016,0.967,0,43.56423247286957,,135.2021999533859,0.0,2.0
20765,2026-05-11 15:09:47.600000+00:00,52.1795877,21.1383135,79.1,43.66,-0.004,-0.012,0.97,0,43.727556674450014,,129.1338957116189,0.0,2.0
20770,2026-05-11 15:09:48.100000+00:00,52.1795478,21.1383734,79.1,43.48,0.0,0.02,0.975,0,43.41828105560968,,123.11329749278838,0.0,2.0
20775,2026-05-11 15:09:48.600000+00:00,52.1795083,21.1384341,79.1,43.3,0.014,0.016,0.974,0,43.45162431350436,,117.09380033441018,0.0,2.0
20780,2026-05-11 15:09:49.100000+00:00,52.1794692,21.1384953,79.2,43.44,0.006,-0.009,0.956,0,43.388736698807584,,111.08923109695475,0.0,2.0
20785,2026-05-11 15:09:49.600000+00:00,52.1794297,21.138557,79.3,43.3,-0.009,-0.03,0.976,0,43.78979081578886,,105.03110741033467,0.0,2.0
20790,2026-05-11 15:09:50.100000+00:00,52.1793903,21.138618,79.4,43.21,0.0,-0.024,0.968,0,43.494715181147505,,99.01417590052486,0.0,2.0
20795,2026-05-11 15:09:50.600000+00:00,52.1793511,21.138679,79.5,43.17,-0.001,-0.022,0.971,0,43.37874882230931,,93.01790206388013,0.0,2.0
20800,2026-05-11 15:09:51.100000+00:00,52.1793121,21.1387396,79.7,42.81,-0.001,-0.026,0.955,0,43.12737163669434,,87.05981770070387,0.0,2.0
20805,2026-05-11 15:09:51.600000+00:00,52.1792729,21.1388004,79.9,43.25,-0.003,-0.033,0.976,0,43.31106191890667,,81.08045542294732,0.0,2.0
20810,2026-05-11 15:09:52.100000+00:00,52.1792336,21.1388605,80.0,43.0,0.0,-0.038,0.964,0,43.13333773943895,24.0,75.12634638745287,0.0,2.0
20815,2026-05-11 15:09:52.600000+00:00,52.179194,21.1389205,80.2,43.0,0.0,-0.041,0.966,0,43.275438003251814,24.0,69.15558754522887,0.0,2.0
20820,2026-05-11 15:09:53.100000+00:00,52.1791541,21.1389803,80.4,43.37,0.009,-0.038,0.966,0,43.38522302010538,24.0,63.17305903131272,0.0,2.0
20825,2026-05-11 15:09:53.600000+00:00,52.179114,21.1390399,80.5,43.41,-0.002,-0.042,0.964,0,43.437072932464645,24.0,57.18905998849036,0.0,2.0
20830,2026-05-11 15:09:54.100000+00:00,52.1790734,21.1390994,80.6,43.77,0.007,-0.048,0.985,0,43.700954456123306,24.0,51.174125396166595,0.0,2.0
20835,2026-05-11 15:09:54.600000+00:00,52.1790324,21.1391583,80.7,43.58,0.0,-0.043,0.948,0,43.74442625515991,24.0,45.15853900765907,0.0,2.0
20840,2026-05-11 15:09:55.100000+00:00,52.1789911,21.1392174,80.8,43.84,-0.008,-0.04,0.983,0,43.989653882087616,24.0,39.12591875428857,0.0,2.0
20845,2026-05-11 15:09:55.600000+00:00,52.1789498,21.139276,80.9,44.13,-0.001,-0.02,0.957,0,43.828161895406474,24.0,33.13844976287776,0.0,2.0
20850,2026-05-11 15:09:56.100000+00:00,52.1789084,21.1393351,81.0,44.05,0.005,-0.025,0.975,0,44.04989858820306,24.0,27.16984889512265,0.0,2.0
20855,2026-05-11 15:09:56.600000+00:00,52.1788672,21.1393945,81.1,44.32,0.014,-0.022,0.958,0,44.02697250967871,24.0,21.298690141428942,0.0,2.0
20860,2026-05-11 15:09:57.100000+00:00,52.1788256,21.1394541,81.1,44.44,0.013,-0.024,0.965,0,44.33216385178686,24.0,15.569206241699005,0.0,2.0
20865,2026-05-11 15:09:57.600000+00:00,52.1787842,21.1395138,81.1,44.22,0.0,-0.013,0.99,0,44.24452040644318,24.0,10.36566381714402,0.0,2.0
20870,2026-05-11 15:09:58.100000+00:00,52.1787427,21.1395735,81.1,44.54,0.003,-0.019,0.958,0,44.304545978955574,24.0,6.920241524496503,0.0,2.0
20875,2026-05-11 15:09:58.600000+00:00,52.1787012,21.1396333,81.0,44.55,-0.006,-0.025,0.961,0,44.33705559747281,24.0,8.01059354714447,0.0,2.0
20880,2026-05-11 15:09:59.100000+00:00,52.1786593,21.1396931,81.0,44.76,0.004,-0.025,0.962,0,44.57755867882814,24.0,12.514043392166865,0.0,2.0
20885,2026-05-11 15:09:59.600000+00:00,52.1786176,21.1397521,81.0,44.3,-0.007,-0.025,0.99,0,44.19884023023799,24.0,17.988410147605038,0.0,2.0
20890,2026-05-11 15:10:00.100000+00:00,52.1785762,21.1398114,81.0,44.36,-0.005,-0.022,0.923,0,44.1147747620463,24.0,23.788668272210547,0.0,2.0
20895,2026-05-11 15:10:00.600000+00:00,52.1785348,21.1398704,80.9,44.52,-0.011,-0.019,1.016,0,44.01773877392528,24.0,29.7037729351328,0.0,2.0
20900,2026-05-11 15:10:01.100000+00:00,52.1784931,21.1399296,81.0,44.24,0.007,-0.018,0.96,0,44.263300460201336,24.0,35.71713222349379,0.0,2.0
20905,2026-05-11 15:10:01.600000+00:00,52.1784514,21.1399881,81.0,43.85,-0.001,-0.012,1.0,0,44.03843882561961,24.0,41.73287192046641,0.0,2.0
20910,2026-05-11 15:10:02.100000+00:00,52.1784099,21.1400467,81.0,44.18,0.002,-0.012,0.936,0,43.94931467080972,24.0,47.76479525233433,0.0,2.0
20915,2026-05-11 15:10:02.600000+00:00,52.1783686,21.140105,81.1,43.86,0.001,-0.016,0.972,0,43.73187583395079,24.0,53.782923079318444,0.0,2.0
20920,2026-05-11 15:10:03.100000+00:00,52.1783272,21.1401637,81.2,43.88,-0.006,-0.025,0.97,0,43.92105256083887,24.0,59.839938744045966,0.0,2.0
20925,2026-05-11 15:10:03.600000+00:00,52.1782858,21.1402222,81.3,43.83,-0.006,-0.012,0.976,0,43.85670942601044,24.0,65.89496246916211,0.0,2.0
20930,2026-05-11 15:10:04.100000+00:00,52.1782446,21.1402801,81.3,43.54,-0.002,-0.006,0.979,0,43.54297952329043,24.0,71.91114433180341,0.0,2.0
20935,2026-05-11 15:10:04.600000+00:00,52.1782035,21.1403383,81.3,43.49,0.002,-0.009,0.952,0,43.57880299677892,24.0,77.93915918149608,0.0,2.0
20940,2026-05-11 15:10:05.100000+00:00,52.1781625,21.1403962,81.3,43.56,-0.003,-0.008,0.979,0,43.42184442043146,,83.9483239210568,0.0,2.0
20945,2026-05-11 15:10:05.600000+00:00,52.1781216,21.1404545,81.3,43.26,-0.002,-0.016,0.959,0,43.49035652277882,,89.97193758893368,0.0,2.0
20950,2026-05-11 15:10:06.100000+00:00,52.1780811,21.1405119,81.3,42.9,-0.015,-0.012,0.973,0,42.95864766847748,,95.92280835170189,0.0,2.0
20955,2026-05-11 15:10:06.600000+00:00,52.1780405,21.1405696,81.4,43.02,-0.011,-0.006,0.967,0,43.11574545595516,,101.89780873365592,0.0,2.0
20960,2026-05-11 15:10:07.100000+00:00,52.1780006,21.1406265,81.3,42.36,-0.003,-0.007,0.98,0,42.435289454109096,,107.78055673581707,0.0,2.0
20965,2026-05-11 15:10:07.600000+00:00,52.177961,21.1406838,81.3,42.58,0.001,-0.002,0.958,0,42.38487906740641,,113.65971080181316,0.0,2.0
20970,2026-05-11 15:10:08.100000+00:00,52.1779218,21.140741,81.2,42.41,-0.007,-0.008,0.964,0,42.11313854667106,,119.50301995729251,0.0,2.0
20975,2026-05-11 15:10:08.600000+00:00,52.1778828,21.1407982,81.3,42.06,-0.014,0.0,0.994,0,41.993965253455706,,125.33091950896585,0.0,2.0
20980,2026-05-11 15:10:09.100000+00:00,52.177844,21.1408557,81.4,41.93,-0.001,0.003,0.923,0,41.97397566307816,,131.15749333619857,0.0,2.0
20985,2026-05-11 15:10:09.600000+00:00,52.1778057,21.1409143,81.5,41.89,-0.003,0.017,1.018,0,42.04625724469363,,136.9965176038356,0.0,2.0
20990,2026-05-11 15:10:10.100000+00:00,52.1777682,21.1409735,81.5,42.08,-0.005,0.0,0.936,0,41.78584062548268,,142.80010653936412,0.0,2.0
20995,2026-05-11 15:10:10.600000+00:00,52.1777311,21.1410332,81.6,41.48,-0.016,0.003,1.003,0,41.72841118461827,,148.59545820332193,0.0,2.0
21000,2026-05-11 15:10:11.100000+00:00,52.1776947,21.1410933,81.7,41.23,-0.029,0.001,0.955,0,41.47087983668906,,154.35394030180998,0.0,2.0
21005,2026-05-11 15:10:11.600000+00:00,52.1776593,21.1411524,81.9,40.51,-0.014,-0.003,0.963,0,40.559633463773565,,159.98525942402838,0.0,2.0
21010,2026-05-11 15:10:12.100000+00:00,52.1776245,21.1412119,82.1,40.23,-0.01,0.0,0.975,0,40.36733713307102,,165.58795504930544,0.0,2.0
21015,2026-05-11 15:10:12.600000+00:00,52.1775907,21.1412721,82.4,39.84,-0.012,0.015,0.978,0,40.07179088085878,,171.1447534109837,0.0,2.0
21020,2026-05-11 15:10:13.100000+00:00,52.1775576,21.1413333,82.8,39.52,-0.016,0.018,0.969,0,40.06237327672802,,176.69434654819835,0.0,2.0
21025,2026-05-11 15:10:13.600000+00:00,52.1775264,21.1413943,83.0,38.67,-0.037,0.017,0.962,0,38.997404903745846,,182.08493769178878,0.0,2.0
21030,2026-05-11 15:10:14.100000+00:00,52.1774963,21.1414558,83.2,38.7,-0.042,0.008,0.964,0,38.63083383060089,,187.41432765028375,0.0,2.0
21035,2026-05-11 15:10:14.600000+00:00,52.1774665,21.1415177,83.4,38.34,-0.038,-0.005,0.974,0,38.63575341431988,,192.7414506511008,0.0,2.0
21040,2026-05-11 15:10:15.100000+00:00,52.1774374,21.1415803,83.5,38.62,-0.007,-0.008,0.973,0,38.56554282479494,,198.04977933179038,0.0,2.0
21045,2026-05-11 15:10:15.600000+00:00,52.1774086,21.141644,83.6,38.66,0.001,0.007,0.97,0,38.8542737767699,,203.3907074558627,0.0,2.0
21050,2026-05-11 15:10:16.100000+00:00,52.1773804,21.1417081,83.6,39.01,0.012,0.007,0.963,0,38.73055787021741,,208.70741880091748,0.0,2.0
21055,2026-05-11 15:10:16.600000+00:00,52.1773522,21.141773,83.6,39.19,-0.018,0.0,0.969,0,39.050369936356255,,214.0664516241352,0.0,2.0
21060,2026-05-11 15:10:17.100000+00:00,52.1773247,21.1418388,83.6,39.17,-0.01,0.018,0.973,0,39.09339440673077,,219.41902204811285,0.0,2.0
21065,2026-05-11 15:10:17.600000+00:00,52.1772972,21.1419053,83.6,39.29,0.004,0.027,0.981,0,39.37786657773815,,224.80986303062747,0.0,2.0
21070,2026-05-11 15:10:18.100000+00:00,52.1772713,21.141973,83.7,39.52,0.0,0.025,0.967,0,39.174848013846045,,230.14182485661388,0.0,2.0
21075,2026-05-11 15:10:18.600000+00:00,52.1772464,21.1420407,83.8,39.19,-0.005,0.006,0.975,0,38.757049810009754,,235.40288219238994,0.0,2.0
21080,2026-05-11 15:10:19.100000+00:00,52.1772209,21.1421097,84.0,39.55,0.002,0.012,0.979,0,39.55156379874834,,240.779708285022,0.0,2.0
21085,2026-05-11 15:10:19.600000+00:00,52.1771956,21.1421787,84.1,39.42,-0.003,0.014,0.975,0,39.469168928750186,,246.14665340077494,0.0,2.0
21090,2026-05-11 15:10:20.100000+00:00,52.1771709,21.1422476,84.3,39.61,-0.002,0.02,0.952,0,39.18244267048039,,251.46865683760035,0.0,2.0
21095,2026-05-11 15:10:20.600000+00:00,52.1771457,21.1423161,84.4,39.45,0.0,0.021,0.996,0,39.21747326552302,,256.8126146979636,0.0,2.0
21100,2026-05-11 15:10:21.100000+00:00,52.1771209,21.1423851,84.5,39.44,0.018,0.028,0.976,0,39.265289593815375,,262.1566150503852,0.0,2.0
21105,2026-05-11 15:10:21.600000+00:00,52.1770952,21.1424535,84.6,39.28,0.001,0.044,0.968,0,39.383062912816484,,267.5407748404349,0.0,2.0
21110,2026-05-11 15:10:22.100000+00:00,52.1770706,21.1425216,84.8,38.84,0.003,0.056,0.975,0,38.803248302913936,,272.8321935093756,0.0,2.0
21115,2026-05-11 15:10:22.600000+00:00,52.1770467,21.1425891,85.0,38.25,-0.026,0.043,0.957,0,38.26646374639486,,278.04536455026755,0.0,2.0
21120,2026-05-11 15:10:23.100000+00:00,52.1770228,21.1426556,85.1,37.98,-0.002,0.053,0.974,0,37.8421098756466,,283.2107847616432,0.0,2.0
21125,2026-05-11 15:10:23.600000+00:00,52.1769996,21.1427211,85.3,37.26,-0.004,0.056,0.96,0,37.13593465449066,,288.2770148904761,0.0,2.0
21130,2026-05-11 15:10:24.100000+00:00,52.1769767,21.1427859,85.4,36.82,0.003,0.065,0.99,0,36.71824718615856,,293.2884804167905,0.0,2.0
21135,2026-05-11 15:10:24.600000+00:00,52.1769541,21.1428498,85.5,36.08,-0.003,0.053,0.957,0,36.21550529943692,,298.23457467591845,0.0,2.0
21140,2026-05-11 15:10:25.100000+00:00,52.1769324,21.1429129,85.7,35.68,0.0,0.061,0.966,0,35.51787786045981,,303.0771786859559,0.0,2.0
21145,2026-05-11 15:10:25.600000+00:00,52.176911,21.1429753,85.8,35.2,-0.016,0.048,0.954,0,35.100686765416135,,307.8646486963748,0.0,2.0
21150,2026-05-11 15:10:26.100000+00:00,52.1768902,21.1430365,85.9,34.47,-0.002,0.04,0.97,0,34.35229130124891,,312.5492573842277,0.0,2.0
21155,2026-05-11 15:10:26.600000+00:00,52.1768691,21.1430971,86.0,34.28,-0.005,0.048,0.99,0,34.21290757782048,,317.2262634880279,0.0,2.0
21160,2026-05-11 15:10:27.100000+00:00,52.1768485,21.1431572,86.0,33.93,0.0,0.057,0.957,0,33.802565023371905,,321.84377421153584,0.0,2.0
21165,2026-05-11 15:10:27.600000+00:00,52.1768281,21.1432161,86.1,33.34,-0.003,0.049,0.966,0,33.21052182084437,,319.9465809557241,0.0,2.0
21170,2026-05-11 15:10:28.100000+00:00,52.1768077,21.1432744,86.1,33.04,-0.008,0.043,0.966,0,32.95436336807158,,315.37128149848223,0.0,2.0
21175,2026-05-11 15:10:28.600000+00:00,52.1767874,21.1433318,86.2,32.59,-0.009,0.043,0.983,0,32.53126591475227,,310.85424395325856,0.0,2.0
21180,2026-05-11 15:10:29.100000+00:00,52.1767677,21.1433888,86.3,32.18,-0.006,0.054,0.972,0,32.12275035565158,,306.3952236431226,0.0,2.0
21185,2026-05-11 15:10:29.600000+00:00,52.1767478,21.1434448,86.3,31.87,-0.001,0.049,0.96,0,31.775956327025707,,301.9829372595408,0.0,2.0
21190,2026-05-11 15:10:30.100000+00:00,52.1767282,21.1435003,86.3,31.53,-0.006,0.063,0.975,0,31.44326590022736,,297.6171547702166,0.0,2.0
21195,2026-05-11 15:10:30.600000+00:00,52.176709,21.1435551,86.3,31.1,-0.008,0.06,0.964,0,30.98582841747119,,293.31532286829304,0.0,2.0
21200,2026-05-11 15:10:31.100000+00:00,52.1766901,21.1436091,86.4,30.79,-0.012,0.057,0.984,0,30.52566611364281,,289.0774835163932,0.0,2.0
21205,2026-05-11 15:10:31.600000+00:00,52.1766719,21.1436623,86.4,29.76,-0.028,0.061,0.979,0,29.90819034298966,,284.92684146160553,0.0,2.0
21210,2026-05-11 15:10:32.100000+00:00,52.1766541,21.1437145,86.4,29.4,-0.006,0.05,0.976,0,29.323461686656326,,280.8576737938648,0.0,2.0
21215,2026-05-11 15:10:32.600000+00:00,52.1766364,21.1437654,86.4,28.7,-0.013,0.054,0.955,0,28.72776628824046,,276.8699921167859,0.0,2.0
21220,2026-05-11 15:10:33.100000+00:00,52.1766191,21.1438152,86.4,28.26,-0.021,0.048,0.973,0,28.100036243456575,,272.9695688162631,0.0,2.0
21225,2026-05-11 15:10:33.600000+00:00,52.1766027,21.1438624,86.5,26.88,-0.072,0.077,0.975,0,26.63424165653784,,269.2726572243848,0.0,2.0
21230,2026-05-11 15:10:34.100000+00:00,52.1765871,21.1439063,86.6,24.99,-0.063,0.084,0.978,0,24.910076640996728,,265.81408417154984,0.0,2.0
21235,2026-05-11 15:10:34.600000+00:00,52.1765726,21.1439494,86.7,24.08,-0.003,0.052,0.955,0,24.135321699248042,,262.46611058370274,0.0,2.0
21240,2026-05-11 15:10:35.100000+00:00,52.1765582,21.1439916,86.8,23.89,-0.028,0.058,0.971,0,23.709856937562396,,259.17631804493806,0.0,2.0
21245,2026-05-11 15:10:35.600000+00:00,52.1765447,21.1440318,86.9,22.14,-0.044,0.072,0.969,0,22.50200361532461,,256.05522248854646,0.0,2.0
21250,2026-05-11 15:10:36.100000+00:00,52.1765321,21.14407,87.0,20.74,-0.034,0.064,0.983,0,21.295295456898707,,253.1028532755379,0.0,2.0
21255,2026-05-11 15:10:36.600000+00:00,52.1765198,21.1441063,87.1,20.34,-0.025,0.051,0.965,0,20.36131326953773,,250.27832168766764,0.0,2.0
21260,2026-05-11 15:10:37.100000+00:00,52.1765076,21.1441409,87.2,19.59,-0.023,0.055,0.976,0,19.594916302792306,,247.5582585447084,0.0,2.0
21265,2026-05-11 15:10:37.600000+00:00,52.1764961,21.1441747,87.3,19.03,-0.02,0.059,0.97,0,18.977295492813873,,244.92560983994946,0.0,2.0
21270,2026-05-11 15:10:38.100000+00:00,52.1764855,21.1442076,87.5,18.28,-0.016,0.057,0.969,0,18.24608524844282,,242.39796403564878,0.0,2.0
21275,2026-05-11 15:10:38.600000+00:00,52.1764744,21.1442385,87.5,17.59,-0.014,0.063,0.971,0,17.581749553549564,,239.9568910319926,0.0,2.0
21280,2026-05-11 15:10:39.100000+00:00,52.1764642,21.1442684,87.6,16.82,-0.018,0.055,0.964,0,16.79808489940682,,237.62660000204338,0.0,2.0
21285,2026-05-11 15:10:39.600000+00:00,52.1764545,21.1442973,87.6,16.01,-0.012,0.056,0.98,0,16.174830911373483,,235.38363829897068,0.0,2.0
21290,2026-05-11 15:10:40.100000+00:00,52.1764452,21.1443249,87.6,15.33,-0.025,0.056,0.969,0,15.461232511454734,,233.23949621403403,0.0,2.0
21295,2026-05-11 15:10:40.600000+00:00,52.1764359,21.1443512,87.7,15.03,0.003,0.054,0.973,0,14.9050426831524,,231.17060630863517,0.0,2.0
21300,2026-05-11 15:10:41.100000+00:00,52.1764269,21.1443775,87.7,14.86,0.02,0.044,0.956,0,14.786529787546524,,229.11941362782832,0.0,2.0
21305,2026-05-11 15:10:41.600000+00:00,52.1764181,21.1444039,87.8,14.77,0.016,0.04,0.975,0,14.752286576989272,,227.07427850795565,0.0,2.0
21310,2026-05-11 15:10:42.100000+00:00,52.1764091,21.1444302,87.9,14.89,0.029,0.047,0.972,0,14.786534295773176,,225.0231868730508,0.0,2.0
21315,2026-05-11 15:10:42.600000+00:00,52.1764001,21.1444566,87.9,14.95,0.049,0.042,0.978,0,14.82942794314165,,222.96636526968598,0.0,2.0
21320,2026-05-11 15:10:43.100000+00:00,52.1763907,21.1444845,87.9,16.01,0.096,0.031,0.966,0,15.628885034432093,,220.79931871782546,0.0,2.0
21325,2026-05-11 15:10:43.600000+00:00,52.1763806,21.1445134,88.0,16.68,0.04,0.026,0.975,0,16.331021774000106,,218.53319445182808,0.0,2.0
21330,2026-05-11 15:10:44.100000+00:00,52.1763706,21.1445433,88.0,16.79,0.041,0.045,0.964,0,16.720857089478923,,216.2153167688123,0.0,2.0
21335,2026-05-11 15:10:44.600000+00:00,52.1763609,21.1445736,88.1,16.79,0.023,0.048,0.974,0,16.781038368873407,,213.89224911824417,0.0,2.0
21340,2026-05-11 15:10:45.100000+00:00,52.1763511,21.1446031,88.2,16.47,0.021,0.055,0.964,0,16.4718534605486,,211.60953330753495,0.0,2.0
21345,2026-05-11 15:10:45.600000+00:00,52.1763416,21.1446323,88.2,16.03,0.007,0.036,0.971,0,16.228560266687527,,209.3620479825809,0.0,2.0
21350,2026-05-11 15:10:46.100000+00:00,52.1763323,21.144661,88.2,15.21,-0.014,0.047,0.975,0,15.936692199280676,,207.15540586110825,0.0,2.0
21355,2026-05-11 15:10:46.600000+00:00,52.176323,21.144688,88.2,15.2,-0.012,0.048,0.971,0,15.203759225864236,,205.04677955039358,0.0,2.0
21360,2026-05-11 15:10:47.100000+00:00,52.1763141,21.1447131,88.3,14.2,-0.01,0.036,0.979,0,14.234736105637804,,203.07142440711007,0.0,2.0
21365,2026-05-11 15:10:47.600000+00:00,52.1763055,21.1447382,88.2,13.96,0.01,0.035,0.972,0,14.116044088245541,,201.11399944196475,0.0,2.0
21370,2026-05-11 15:10:48.100000+00:00,52.1762969,21.1447626,88.3,13.73,-0.003,0.038,0.974,0,13.817046049155577,,199.19690213057117,0.0,2.0
21375,2026-05-11 15:10:48.600000+00:00,52.1762887,21.1447861,88.3,12.98,0.005,0.043,0.976,0,13.274499369581878,,197.35549896002885,0.0,2.0
21380,2026-05-11 15:10:49.100000+00:00,52.1762808,21.1448094,88.4,12.71,0.01,0.04,0.976,0,13.071357636877345,,195.54357541289065,0.0,2.0
21385,2026-05-11 15:10:49.600000+00:00,52.1762733,21.1448329,88.4,12.6,0.009,0.014,0.964,0,13.006468099215391,,193.74417279491192,0.0,2.0
21390,2026-05-11 15:10:50.100000+00:00,52.1762652,21.1448556,88.4,12.65,0.015,0.028,0.978,0,12.894141666602327,,191.95488879277966,0.0,2.0
21395,2026-05-11 15:10:50.600000+00:00,52.1762564,21.1448772,88.4,12.59,0.002,0.035,0.974,0,12.731681595509198,,190.18686848842233,0.0,2.0
21400,2026-05-11 15:10:51.100000+00:00,52.1762478,21.144898,88.3,12.04,0.013,0.051,0.98,0,12.316214562502767,,188.47679421660104,0.0,2.0
21405,2026-05-11 15:10:51.600000+00:00,52.1762395,21.1449181,88.2,11.57,0.004,0.038,0.974,0,11.896996338026588,,186.82491230722644,0.0,2.0
21410,2026-05-11 15:10:52.100000+00:00,52.1762318,21.1449384,88.3,11.35,0.009,0.04,0.974,0,11.71891139195413,,185.19745863497056,0.0,2.0
21415,2026-05-11 15:10:52.600000+00:00,52.1762244,21.1449583,88.2,11.24,0.007,0.035,0.972,0,11.425997718682819,,183.61095559051202,0.0,2.0
21420,2026-05-11 15:10:53.100000+00:00,52.1762163,21.1449776,88.2,11.08,0.006,0.038,0.975,0,11.482102672533712,,182.01701134656295,0.0,2.0
21425,2026-05-11 15:10:53.600000+00:00,52.1762093,21.1449971,88.3,10.94,0.022,0.038,0.974,0,11.093364581484767,,180.47744246582764,0.0,2.0
21430,2026-05-11 15:10:54.100000+00:00,52.1762023,21.1450162,88.4,10.66,0.0,0.033,0.974,0,10.924335670723366,,178.96086957205168,0.0,2.0
21435,2026-05-11 15:10:54.600000+00:00,52.1761953,21.1450344,88.5,10.07,-0.032,0.05,0.978,0,10.547484261833535,,177.49600002807412,0.0,2.0
21440,2026-05-11 15:10:55.100000+00:00,52.1761891,21.14505,88.4,8.6,-0.037,0.058,0.977,0,9.126787231765485,,176.2284126434085,0.0,2.0
21445,2026-05-11 15:10:55.600000+00:00,52.1761838,21.145063,88.4,7.03,-0.058,0.062,0.976,0,7.664236275900689,,175.16410114158032,0.0,2.0
21450,2026-05-11 15:10:56.100000+00:00,52.1761801,21.1450739,88.4,5.67,-0.068,0.067,0.979,0,6.116601111651671,,174.3162919478555,0.0,2.0
21455,2026-05-11 15:10:56.600000+00:00,52.176177,21.1450802,88.3,3.08,-0.079,0.069,0.976,0,3.9656738845659016,,173.7686563858259,0.0,2.0
21460,2026-05-11 15:10:57.100000+00:00,52.1761754,21.1450846,88.4,1.97,-0.041,0.056,0.977,0,2.51145618644183,,173.42004209875566,0.0,2.0
21465,2026-05-11 15:10:57.600000+00:00,52.1761744,21.145089,88.4,2.17,0.035,0.031,0.976,0,2.3038024230622356,,173.1073914820961,0.0,2.0
21470,2026-05-11 15:10:58.100000+00:00,52.1761721,21.1450934,88.4,3.02,0.058,0.016,0.97,0,2.8385295017646874,,172.71682323212508,0.0,2.0
21475,2026-05-11 15:10:58.600000+00:00,52.1761697,21.1450981,88.4,2.97,0.008,0.038,0.978,0,3.002756116621903,,172.30304688165322,0.0,2.0
21480,2026-05-11 15:10:59.100000+00:00,52.1761682,21.1451029,88.4,2.21,-0.028,0.058,0.98,0,2.644946634368779,,171.9374434167727,0.0,2.0
21485,2026-05-11 15:10:59.600000+00:00,52.1761676,21.1451064,88.6,1.15,-0.003,0.04,0.983,0,1.7842342900326937,,171.7004587890167,0.0,2.0
21490,2026-05-11 15:11:00.100000+00:00,52.1761659,21.1451089,88.8,1.88,0.063,0.02,0.962,0,1.8327285049389368,,171.45497974412393,0.0,2.0
21495,2026-05-11 15:11:00.600000+00:00,52.1761638,21.1451142,88.9,2.61,0.036,0.025,0.976,0,3.0979806366796128,,171.0247091517383,0.0,2.0
21500,2026-05-11 15:11:01.100000+00:00,52.1761619,21.1451208,89.0,2.95,0.058,0.018,0.967,0,3.579609890035972,,170.53175909276496,0.0,2.0
21505,2026-05-11 15:11:01.600000+00:00,52.1761596,21.1451274,89.1,3.54,0.061,0.025,0.978,0,3.7269868079725406,,170.01484242223398,0.0,2.0
21510,2026-05-11 15:11:02.100000+00:00,52.1761566,21.145135,89.2,4.6,0.076,0.015,0.972,0,4.43747562985871,,169.3985280309562,0.0,2.0
21515,2026-05-11 15:11:02.600000+00:00,52.1761528,21.1451454,89.3,6.51,0.139,0.001,0.965,0,5.9436089640862475,,168.57345816721926,0.0,2.0
21520,2026-05-11 15:11:03.100000+00:00,52.1761481,21.1451592,89.5,8.24,0.106,0.018,0.975,0,7.750012721399692,,167.4992024470801,0.0,2.0
21525,2026-05-11 15:11:03.600000+00:00,52.1761423,21.145175,89.5,9.6,0.072,0.008,0.971,0,9.040766981917882,,166.24413902347985,0.0,2.0
21530,2026-05-11 15:11:04.100000+00:00,52.1761359,21.1451937,89.6,11.16,0.126,0.011,0.979,0,10.513965608874518,,164.78663793494007,0.0,2.0
21535,2026-05-11 15:11:04.600000+00:00,52.176128,21.1452152,89.7,12.47,0.1,0.002,0.955,0,12.30543637668292,,163.07838557629242,0.0,2.0
21540,2026-05-11 15:11:05.100000+00:00,52.1761201,21.1452388,89.8,13.2,0.031,0.019,0.977,0,13.200484101729675,,161.24973563961137,0.0,2.0
21545,2026-05-11 15:11:05.600000+00:00,52.1761122,21.1452632,89.9,13.5,0.059,0.023,0.972,0,13.546541956889529,,159.37535665004089,0.0,2.0
21550,2026-05-11 15:11:06.100000+00:00,52.1761032,21.1452888,89.9,14.95,0.066,0.016,0.963,0,14.487472869789208,,157.36602039630637,0.0,2.0
21555,2026-05-11 15:11:06.600000+00:00,52.1760939,21.1453167,90.1,15.63,0.048,-0.004,0.976,0,15.590572323078243,,155.20698048864523,0.0,2.0
21560,2026-05-11 15:11:07.100000+00:00,52.1760834,21.1453472,90.1,17.56,0.082,-0.005,0.962,0,17.17250931495162,,152.82675827955475,0.0,2.0
21565,2026-05-11 15:11:07.600000+00:00,52.1760718,21.1453803,90.1,19.06,0.1,0.015,0.959,0,18.71725575366014,,150.2313783023561,0.0,2.0
21570,2026-05-11 15:11:08.100000+00:00,52.1760603,21.1454133,90.1,18.6,-0.011,0.041,0.973,0,18.63496404433712,,147.64793241993644,0.0,2.0
21575,2026-05-11 15:11:08.600000+00:00,52.1760487,21.1454447,90.0,17.83,-0.019,0.031,0.984,0,17.997381148195533,,145.14991144461618,0.0,2.0
21580,2026-05-11 15:11:09.100000+00:00,52.1760383,21.1454754,90.2,17.33,-0.012,0.037,0.973,0,17.21935721861197,,142.76494598315938,0.0,2.0
21585,2026-05-11 15:11:09.600000+00:00,52.176028,21.145506,90.2,17.23,0.028,0.022,0.975,0,17.137735642064882,,140.3920081631256,0.0,2.0
21590,2026-05-11 15:11:10.100000+00:00,52.1760174,21.145537,90.3,17.49,0.013,0.026,0.972,0,17.425849143158153,,137.97819528681708,0.0,2.0
21595,2026-05-11 15:11:10.600000+00:00,52.1760063,21.145567,90.3,17.22,0.009,0.025,0.966,0,17.202071009726073,,135.59090518842558,0.0,2.0
21600,2026-05-11 15:11:11.100000+00:00,52.1759959,21.1455969,90.5,16.64,-0.004,0.036,0.975,0,16.87663984275409,,133.25228262053395,0.0,2.0
21605,2026-05-11 15:11:11.600000+00:00,52.1759855,21.1456252,90.5,15.96,-0.016,0.041,0.971,0,16.19800039649668,,131.0048027039343,0.0,2.0
21610,2026-05-11 15:11:12.100000+00:00,52.175976,21.1456529,90.5,15.92,-0.017,0.034,0.978,0,15.581931200427126,,128.84682915888362,0.0,2.0
21615,2026-05-11 15:11:12.600000+00:00,52.1759669,21.1456793,90.6,14.9,-0.021,0.036,0.965,0,14.868602932938124,,126.78750294832707,0.0,2.0
21620,2026-05-11 15:11:13.100000+00:00,52.1759579,21.1457049,90.7,14.31,-0.011,0.034,0.973,0,14.48750848350703,,124.7799129649885,0.0,2.0
21625,2026-05-11 15:11:13.600000+00:00,52.1759484,21.1457293,90.6,14.17,-0.004,0.029,0.97,0,14.189938054676752,,122.80960722122576,0.0,2.0
21630,2026-05-11 15:11:14.100000+00:00,52.1759398,21.1457531,90.7,13.5,-0.01,0.034,0.976,0,13.562525890701599,,120.92895939331711,0.0,2.0
21635,2026-05-11 15:11:14.600000+00:00,52.1759322,21.1457768,90.8,13.2,0.016,0.031,0.969,0,13.130634289721355,,119.11602422233693,0.0,2.0
21640,2026-05-11 15:11:15.100000+00:00,52.1759236,21.1458003,90.8,13.86,0.022,0.018,0.971,0,13.435840448730435,,117.25262854714492,0.0,2.0
21645,2026-05-11 15:11:15.600000+00:00,52.175915,21.1458245,90.9,14.15,0.023,0.024,0.973,0,13.73208968498741,,115.3497417289153,0.0,2.0
21650,2026-05-11 15:11:16.100000+00:00,52.175906,21.1458477,90.9,13.67,0.012,0.034,0.973,0,13.478030212808788,,113.47860757561654,0.0,2.0
21655,2026-05-11 15:11:16.600000+00:00,52.1758973,21.1458709,90.9,13.19,0.0,0.036,0.979,0,13.351173016071229,,111.62618181724862,0.0,2.0
21660,2026-05-11 15:11:17.100000+00:00,52.1758889,21.1458937,91.0,13.11,0.0,0.028,0.973,0,13.05873341831684,,109.8151105441743,0.0,2.0
21665,2026-05-11 15:11:17.600000+00:00,52.1758811,21.1459157,91.1,12.61,0.006,0.031,0.975,0,12.476432957719629,,108.08673523893542,0.0,2.0
21670,2026-05-11 15:11:18.100000+00:00,52.1758732,21.1459375,91.2,12.78,0.013,0.025,0.974,0,12.432063222936131,,106.36352180175032,0.0,2.0
21675,2026-05-11 15:11:18.600000+00:00,52.175865,21.145959,91.3,12.43,0.031,0.02,0.972,0,12.430645461874548,,104.63853129614456,0.0,2.0
21680,2026-05-11 15:11:19.100000+00:00,52.1758568,21.1459814,91.4,13.05,0.04,0.026,0.98,0,12.807990605655403,,102.86290914982776,0.0,2.0
21685,2026-05-11 15:11:19.600000+00:00,52.1758487,21.1460048,91.4,13.33,0.035,0.031,0.973,0,13.19241060623049,,101.03743005273226,0.0,2.0
21690,2026-05-11 15:11:20.100000+00:00,52.1758403,21.1460288,91.5,14.0,0.048,0.012,0.972,0,13.567159434857702,,99.1595878967463,0.0,2.0
21695,2026-05-11 15:11:20.600000+00:00,52.1758307,21.1460543,91.6,15.32,0.06,-0.011,0.979,0,14.690481560486361,,97.1220397926146,0.0,2.0
21700,2026-05-11 15:11:21.100000+00:00,52.1758206,21.1460838,91.6,17.5,0.113,-0.011,0.949,0,16.587752260775304,,94.82866855574964,0.0,2.0
21705,2026-05-11 15:11:21.600000+00:00,52.1758088,21.1461156,91.5,18.96,0.101,0.0,1.0,0,18.24833164989553,,92.29912035758572,0.0,2.0
21710,2026-05-11 15:11:22.100000+00:00,52.1757968,21.1461492,91.8,19.68,0.085,0.019,0.94,0,19.09000974085174,,89.65648280994462,0.0,2.0
21715,2026-05-11 15:11:22.600000+00:00,52.1757837,21.1461854,91.8,21.38,0.063,-0.017,0.978,0,20.636628595703705,,86.79899397281042,0.0,2.0
21720,2026-05-11 15:11:23.100000+00:00,52.1757698,21.1462238,91.8,22.41,0.053,0.013,0.964,0,21.892367004656517,,83.76824733048193,0.0,2.0
21725,2026-05-11 15:11:23.600000+00:00,52.1757556,21.1462636,91.8,22.95,0.075,0.017,0.967,0,22.606832563756512,,80.64111977010216,0.0,2.0
21730,2026-05-11 15:11:24.100000+00:00,52.1757411,21.1463053,91.8,23.7,0.054,0.009,0.993,0,23.535370052606233,25.0,77.39032117624589,0.0,2.0
21735,2026-05-11 15:11:24.600000+00:00,52.1757266,21.1463486,91.9,24.22,0.05,0.013,0.965,0,24.221809267322595,25.0,74.05282877333875,0.0,2.0
21740,2026-05-11 15:11:25.100000+00:00,52.1757106,21.1463916,91.9,25.04,0.04,0.027,0.968,0,24.693721552180918,25.0,70.63558834444423,0.0,2.0
21745,2026-05-11 15:11:25.600000+00:00,52.1756948,21.1464356,92.0,25.21,0.033,0.017,0.955,0,25.03346976296133,25.0,67.17805562658751,0.0,2.0
21750,2026-05-11 15:11:26.100000+00:00,52.1756795,21.1464807,92.0,25.5,0.033,0.016,0.989,0,25.304797766205407,25.0,63.69607159437949,0.0,2.0
21755,2026-05-11 15:11:26.600000+00:00,52.1756635,21.1465259,92.1,25.26,-0.004,0.027,0.954,0,25.623296843088585,25.0,60.16516960783288,0.0,2.0
21760,2026-05-11 15:11:27.100000+00:00,52.1756479,21.1465698,92.1,24.45,-0.016,0.05,0.998,0,24.91047039359931,25.0,56.735051865726156,0.0,2.0
21765,2026-05-11 15:11:27.600000+00:00,52.1756331,21.1466131,92.2,24.14,-0.017,0.035,0.96,0,24.337872366855837,25.0,53.39604759701604,0.0,2.0
21770,2026-05-11 15:11:28.100000+00:00,52.1756186,21.1466559,92.2,23.84,-0.003,0.025,0.964,0,24.006690707028067,25.0,50.110069974418856,0.0,2.0
21775,2026-05-11 15:11:28.600000+00:00,52.175604,21.1466981,92.3,23.68,-0.001,0.027,0.969,0,23.7885126250146,25.0,46.855299329330094,0.0,2.0
21780,2026-05-11 15:11:29.100000+00:00,52.1755896,21.1467394,92.2,23.37,-0.001,0.023,0.974,0,23.3251230030033,25.0,43.669065751123036,0.0,2.0
21785,2026-05-11 15:11:29.600000+00:00,52.1755754,21.1467803,92.2,23.04,-0.018,0.028,0.978,0,23.07530470507859,25.0,40.52647168357485,0.0,2.0
21790,2026-05-11 15:11:30.100000+00:00,52.1755616,21.1468196,92.2,21.91,-0.046,0.043,0.981,0,22.234207686498557,25.0,37.50512940191233,0.0,2.0
21795,2026-05-11 15:11:30.600000+00:00,52.1755483,21.1468569,92.3,20.83,-0.027,0.042,0.964,0,21.183643002869086,25.0,34.63302353977942,0.0,2.0
21800,2026-05-11 15:11:31.100000+00:00,52.1755353,21.1468931,92.3,20.27,-0.003,0.031,0.966,0,20.596141563709285,25.0,31.850675730951497,0.0,2.0
21805,2026-05-11 15:11:31.600000+00:00,52.1755228,21.1469285,92.3,19.79,-0.008,0.032,0.988,0,20.055466215811283,25.0,29.161400157319694,0.0,2.0
21810,2026-05-11 15:11:32.100000+00:00,52.1755105,21.1469627,92.3,19.17,-0.051,0.027,0.972,0,19.4656215702008,25.0,26.563829969472692,0.0,2.0
21815,2026-05-11 15:11:32.600000+00:00,52.175499,21.1469963,92.3,18.79,-0.037,0.047,0.982,0,18.891817519043943,25.0,24.083757867203044,0.0,2.0
21820,2026-05-11 15:11:33.100000+00:00,52.1754878,21.1470282,92.3,17.98,-0.01,0.033,0.954,0,18.04702948477572,25.0,21.735891657841666,0.0,2.0
21825,2026-05-11 15:11:33.600000+00:00,52.1754766,21.1470594,92.2,17.99,0.013,0.014,0.982,0,17.74960045262838,25.0,19.455712598122155,0.0,2.0
21830,2026-05-11 15:11:34.100000+00:00,52.1754651,21.1470908,92.1,18.21,0.013,0.029,0.952,0,17.956373069155813,25.0,17.1911426894809,0.0,2.0
21835,2026-05-11 15:11:34.600000+00:00,52.1754538,21.1471223,92.1,18.08,0.011,0.027,0.984,0,17.91716615310751,25.0,15.015830083214588,0.0,2.0
21840,2026-05-11 15:11:35.100000+00:00,52.1754428,21.1471544,92.2,18.23,0.035,0.02,0.969,0,18.05367824804063,25.0,12.96888542640721,0.0,2.0
21845,2026-05-11 15:11:35.600000+00:00,52.1754311,21.1471859,92.2,18.08,0.025,0.02,0.97,0,18.080983696632977,25.0,11.047244399934232,0.0,2.0
21850,2026-05-11 15:11:36.100000+00:00,52.1754197,21.147219,92.2,18.62,0.051,0.012,0.976,0,18.638534384605773,25.0,9.43399577377246,0.0,2.0
21855,2026-05-11 15:11:36.600000+00:00,52.1754075,21.1472535,92.2,19.52,0.047,0.013,0.954,0,19.55273313462131,25.0,8.261675428029394,0.0,2.0
21860,2026-05-11 15:11:37.100000+00:00,52.1753951,21.1472886,92.2,19.91,0.042,0.018,0.979,0,19.887917833977635,25.0,7.893301770408418,0.0,2.0
21865,2026-05-11 15:11:37.600000+00:00,52.1753825,21.1473247,92.2,20.56,0.045,0.014,0.967,0,20.39355159399085,25.0,8.501841546681007,0.0,2.0
21870,2026-05-11 15:11:38.100000+00:00,52.1753698,21.1473618,92.2,20.96,0.068,0.02,0.979,0,20.860574071675856,25.0,9.973295544688291,0.0,2.0
21875,2026-05-11 15:11:38.600000+00:00,52.1753564,21.1473995,92.2,21.6,0.035,0.003,0.965,0,21.393748498837823,25.0,12.001043863485645,0.0,2.0
21880,2026-05-11 15:11:39.100000+00:00,52.175343,21.1474377,92.2,21.68,0.039,0.011,0.971,0,21.60649205914282,25.0,14.39513753023907,0.0,2.0
21885,2026-05-11 15:11:39.600000+00:00,52.1753295,21.1474771,92.3,22.28,0.041,0.014,0.977,0,22.15877764580781,25.0,17.06527497972324,0.0,2.0
21890,2026-05-11 15:11:40.100000+00:00,52.1753156,21.1475173,92.3,22.86,0.021,0.007,0.968,0,22.658037791554904,25.0,19.912743484011475,0.0,2.0
21895,2026-05-11 15:11:40.600000+00:00,52.1753011,21.1475584,92.2,23.45,0.049,0.002,0.973,0,23.27974631484262,25.0,22.910396331940614,0.0,2.0
21900,2026-05-11 15:11:41.100000+00:00,52.175286,21.1476005,92.2,24.34,0.052,0.007,0.946,0,23.9454747170444,25.0,26.045250307832067,0.0,2.0
21905,2026-05-11 15:11:41.600000+00:00,52.1752704,21.1476433,92.1,24.8,0.018,0.003,0.988,0,24.44484572076556,25.0,29.28222557329742,0.0,2.0
21910,2026-05-11 15:11:42.100000+00:00,52.1752549,21.1476877,92.1,25.23,0.0,0.004,0.962,0,25.083634214121478,25.0,32.65334718240094,0.0,2.0
21915,2026-05-11 15:11:42.600000+00:00,52.1752387,21.1477331,92.0,25.77,0.047,0.019,0.98,0,25.788726168638014,25.0,36.13406521644734,0.0,2.0
21920,2026-05-11 15:11:43.100000+00:00,52.1752223,21.1477792,92.0,25.94,0.018,0.013,0.969,0,26.16633608980018,25.0,39.685108580605686,0.0,2.0
21925,2026-05-11 15:11:43.600000+00:00,52.1752055,21.1478256,91.9,26.68,0.028,0.013,0.962,0,26.455220864850403,25.0,43.284047592650595,0.0,2.0
21930,2026-05-11 15:11:44.100000+00:00,52.1751891,21.1478724,92.0,26.49,0.051,0.022,0.988,0,26.464191788720616,25.0,46.904864081751576,0.0,2.0
21935,2026-05-11 15:11:44.600000+00:00,52.1751721,21.1479205,92.0,27.67,0.051,0.013,0.936,0,27.25687561975911,25.0,50.64022750105153,0.0,2.0
21940,2026-05-11 15:11:45.100000+00:00,52.1751549,21.1479698,91.9,28.17,0.053,0.015,0.977,0,27.84772831417197,25.0,54.46682364338341,0.0,2.0
21945,2026-05-11 15:11:45.600000+00:00,52.1751373,21.1480199,91.9,28.71,0.058,0.019,0.979,0,28.3476116364786,25.0,58.366135494950385,0.0,2.0
21950,2026-05-11 15:11:46.100000+00:00,52.1751193,21.1480716,91.8,29.56,0.044,0.007,0.949,0,29.188652106391174,25.0,62.388032108470895,0.0,2.0
21955,2026-05-11 15:11:46.600000+00:00,52.1751007,21.1481241,91.7,30.11,0.046,0.011,0.98,0,29.76823193412496,25.0,66.49015185769173,0.0,2.0
21960,2026-05-11 15:11:47.100000+00:00,52.1750813,21.1481778,91.7,30.82,0.029,0.006,0.974,0,30.59988943708044,25.0,70.7065566900102,0.0,2.0
21965,2026-05-11 15:11:47.600000+00:00,52.1750618,21.148232,91.7,31.08,0.021,0.01,0.961,0,30.852098256146643,25.0,74.96243390158094,0.0,2.0
21970,2026-05-11 15:11:48.100000+00:00,52.1750427,21.148288,91.7,31.71,0.042,0.02,0.983,0,31.460629832912392,25.0,79.31513861321449,0.0,2.0
21975,2026-05-11 15:11:48.600000+00:00,52.1750228,21.1483445,91.7,32.16,0.038,0.009,0.96,0,31.989517666153006,,83.73747883819264,0.0,2.0
21980,2026-05-11 15:11:49.100000+00:00,52.1750021,21.1484011,91.7,32.59,0.035,0.014,0.971,0,32.35544504325562,,88.20538481269325,0.0,2.0
21985,2026-05-11 15:11:49.600000+00:00,52.174982,21.1484592,91.8,32.59,0.011,0.022,0.964,0,32.751456011372944,,92.74017379791924,0.0,2.0
21990,2026-05-11 15:11:50.100000+00:00,52.1749621,21.1485171,91.8,32.79,0.009,0.016,0.966,0,32.587396928394945,,97.25445500436489,0.0,2.0
21995,2026-05-11 15:11:50.600000+00:00,52.1749417,21.1485747,91.8,32.7,0.003,0.021,0.968,0,32.65734418967586,,101.77518301635533,0.0,2.0
22000,2026-05-11 15:11:51.100000+00:00,52.1749219,21.1486325,91.9,32.62,0.0,0.039,0.969,0,32.50548068109085,,106.28063436697987,0.0,2.0
22005,2026-05-11 15:11:51.600000+00:00,52.1749015,21.148689,91.8,32.43,-0.003,0.037,0.947,0,32.19081999599905,,110.73602668991593,0.0,2.0
22010,2026-05-11 15:11:52.100000+00:00,52.1748822,21.1487457,91.8,31.72,-0.023,0.022,0.996,0,31.838908011424426,,115.15135096020732,0.0,2.0
22015,2026-05-11 15:11:52.600000+00:00,52.1748619,21.1488012,91.8,31.56,-0.014,0.016,0.966,0,31.727644732329484,,119.54255310716616,0.0,2.0
22020,2026-05-11 15:11:53.100000+00:00,52.1748421,21.148856,91.7,31.1,-0.006,0.028,0.967,0,31.227886838018296,,123.86744078860525,0.0,2.0
22025,2026-05-11 15:11:53.600000+00:00,52.1748221,21.1489099,91.6,30.74,-0.005,0.028,0.966,0,30.930587762717032,,128.1480930270321,0.0,2.0
22030,2026-05-11 15:11:54.100000+00:00,52.1748028,21.1489626,91.6,29.71,-0.038,0.037,0.979,0,30.136906689951022,,132.32173088092227,0.0,2.0
22035,2026-05-11 15:11:54.600000+00:00,52.1747843,21.1490134,91.5,28.4,-0.101,0.042,0.977,0,29.007712608562603,,136.3403933507847,0.0,2.0
22040,2026-05-11 15:11:55.100000+00:00,52.1747671,21.1490616,91.5,27.1,-0.038,0.053,0.972,0,27.379791670543277,,140.13621856453773,0.0,2.0
22045,2026-05-11 15:11:55.600000+00:00,52.1747505,21.1491089,91.5,26.62,-0.013,0.046,0.971,0,26.756978491004073,,143.84751220917656,0.0,2.0
22050,2026-05-11 15:11:56.100000+00:00,52.1747344,21.1491549,91.6,26.01,-0.011,0.041,0.964,0,26.004208199132254,,147.45484049426577,0.0,2.0
22055,2026-05-11 15:11:56.600000+00:00,52.1747189,21.1491994,91.7,25.01,-0.015,0.042,0.979,0,25.1265426339689,,150.9409529723242,0.0,2.0
22060,2026-05-11 15:11:57.100000+00:00,52.1747048,21.1492429,91.9,23.39,-0.068,0.057,0.971,0,24.15717068210337,,154.29574073277047,0.0,2.0
22065,2026-05-11 15:11:57.600000+00:00,52.1746907,21.1492835,91.9,22.35,-0.071,0.06,0.973,0,22.908032823087257,,157.47441775567373,0.0,2.0
22070,2026-05-11 15:11:58.100000+00:00,52.1746777,21.1493216,91.9,21.39,-0.03,0.044,0.974,0,21.406614945754196,,160.44573016698615,0.0,2.0
22075,2026-05-11 15:11:58.600000+00:00,52.174665,21.1493579,91.9,20.29,-0.043,0.042,0.98,0,20.518752951326267,,163.29266421114588,0.0,2.0
22080,2026-05-11 15:11:59.100000+00:00,52.1746528,21.1493925,92.0,19.36,-0.001,0.055,0.967,0,19.595530366104157,,166.01117868746243,0.0,2.0
22085,2026-05-11 15:11:59.600000+00:00,52.1746414,21.1494255,92.1,18.49,-0.03,0.044,0.972,0,18.595989351990454,,168.5920764004745,0.0,2.0
22090,2026-05-11 15:12:00.100000+00:00,52.1746304,21.1494572,92.1,17.6,-0.05,0.056,0.964,0,17.882745800432936,,171.0738562552361,0.0,2.0
22095,2026-05-11 15:12:00.600000+00:00,52.1746207,21.1494863,92.1,15.98,-0.068,0.065,0.979,0,16.261550242638297,,173.33185856253132,0.0,2.0
22100,2026-05-11 15:12:01.100000+00:00,52.1746117,21.1495124,92.1,14.35,-0.048,0.045,0.97,0,14.701319382717259,,175.3723858887342,0.0,2.0
22105,2026-05-11 15:12:01.600000+00:00,52.1746041,21.1495376,92.1,13.26,-0.05,0.047,0.976,0,13.787791386474504,,177.28700063645852,0.0,2.0
22110,2026-05-11 15:12:02.100000+00:00,52.1745973,21.1495589,92.1,10.58,-0.091,0.069,0.985,0,11.789977353827677,,178.92448614786235,0.0,2.0
22115,2026-05-11 15:12:02.600000+00:00,52.1745909,21.1495774,92.1,10.32,-0.029,0.044,0.96,0,10.428607823565034,,180.37190220462733,0.0,2.0
22120,2026-05-11 15:12:03.100000+00:00,52.174585,21.1495941,92.2,9.22,-0.013,0.037,0.987,0,9.462586439119287,,181.68476502165717,0.0,2.0
22125,2026-05-11 15:12:03.600000+00:00,52.1745798,21.1496099,92.2,8.64,-0.029,0.044,0.969,0,8.803937803362349,,182.90738553575335,0.0,2.0
22130,2026-05-11 15:12:04.100000+00:00,52.1745745,21.1496235,92.3,7.36,-0.033,0.046,0.982,0,7.911431245425727,,184.00186428168047,0.0,2.0
22135,2026-05-11 15:12:04.600000+00:00,52.17457,21.1496359,92.4,6.58,-0.03,0.043,0.974,0,7.074219600610655,,184.9828186191949,0.0,2.0
22140,2026-05-11 15:12:05.100000+00:00,52.174566,21.1496465,92.4,5.64,-0.021,0.044,0.978,0,6.110703444750387,,185.8292292332163,0.0,2.0
22145,2026-05-11 15:12:05.600000+00:00,52.1745626,21.1496556,92.4,4.81,-0.014,0.04,0.973,0,5.2317833010156605,,186.55414276881152,0.0,2.0
22150,2026-05-11 15:12:06.100000+00:00,52.1745593,21.1496636,92.5,4.26,-0.001,0.031,0.974,0,4.733689453985145,,187.20737103965936,0.0,2.0
22155,2026-05-11 15:12:06.600000+00:00,52.1745565,21.1496712,92.6,4.28,0.0,0.031,0.978,0,4.353007144576168,,187.81079249336722,0.0,2.0
22160,2026-05-11 15:12:07.100000+00:00,52.1745536,21.1496781,92.6,3.95,0.001,0.031,0.976,0,4.106980227030139,,188.37699512327907,0.0,2.0
22165,2026-05-11 15:12:07.600000+00:00,52.1745511,21.1496846,92.5,3.47,-0.005,0.031,0.978,0,3.7670587360963417,,188.89849787533032,0.0,2.0
22170,2026-05-11 15:12:08.100000+00:00,52.1745491,21.1496905,92.6,3.15,0.0,0.03,0.975,0,3.3098472112558706,,189.35805187234848,0.0,2.0
22175,2026-05-11 15:12:08.600000+00:00,52.174547,21.1496959,92.6,2.95,0.0,0.027,0.976,0,3.1394120825654763,,189.7924943066331,0.0,2.0
22180,2026-05-11 15:12:09.100000+00:00,52.1745453,21.1497008,92.5,2.57,-0.001,0.026,0.976,0,2.7640897758469807,,190.17616175287992,0.0,2.0
22185,2026-05-11 15:12:09.600000+00:00,52.1745437,21.1497052,92.6,2.13,0.008,0.033,0.975,0,2.511524342429812,,190.52445308523502,0.0,2.0
22190,2026-05-11 15:12:10.100000+00:00,52.1745422,21.1497091,92.6,1.94,0.004,0.027,0.977,0,2.2602355847431572,,190.8373700758491,0.0,2.0
22195,2026-05-11 15:12:10.600000+00:00,52.1745408,21.1497128,92.7,1.83,-0.001,0.024,0.977,0,2.134567141210825,,191.13305743231552,0.0,2.0
22200,2026-05-11 15:12:11.100000+00:00,52.1745397,21.1497162,92.7,1.82,0.011,0.022,0.983,0,1.8873789021821552,,191.395189933173,0.0,2.0
22205,2026-05-11 15:12:11.600000+00:00,52.1745381,21.1497194,92.7,1.67,0.014,0.022,0.967,0,2.027142497266636,,191.67092527571603,0.0,2.0
22210,2026-05-11 15:12:12.100000+00:00,52.1745374,21.1497222,92.7,0.91,-0.031,0.038,0.984,0,1.4845767601164392,,191.87621637165117,0.0,2.0
22215,2026-05-11 15:12:12.600000+00:00,52.174537,21.1497235,92.8,0.31,-0.02,0.036,0.976,0,0.7141026564991382,,191.9753854177728,0.0,2.0
22220,2026-05-11 15:12:13.100000+00:00,52.174537,21.149724,92.8,0.1,0.006,0.026,0.97,0,0.24548830079035625,,192.0056207067976,0.0,2.0
22225,2026-05-11 15:12:13.600000+00:00,52.1745364,21.1497242,92.8,0.06,0.011,0.021,0.976,0,0.4902958821564281,,192.0485559745104,0.0,2.0
22230,2026-05-11 15:12:14.100000+00:00,52.1745359,21.1497242,92.9,0.06,0.015,0.023,0.976,0,0.4003017324104796,,192.07427055216993,0.0,2.0
22235,2026-05-11 15:12:14.600000+00:00,52.1745357,21.1497244,92.9,0.03,0.012,0.023,0.976,0,0.18783226209773124,,192.09665040161406,0.0,2.0
22240,2026-05-11 15:12:15.100000+00:00,52.1745355,21.1497246,92.9,0.08,0.018,0.024,0.975,0,0.1878322623285324,,192.1190311865924,0.0,2.0
22245,2026-05-11 15:12:15.600000+00:00,52.1745353,21.1497252,92.9,0.08,0.015,0.025,0.975,0,0.3352902185593394,,192.1655927199311,0.0,2.0
22250,2026-05-11 15:12:16.100000+00:00,52.1745342,21.1497262,92.9,0.24,0.028,0.014,0.981,0,1.0082791393623571,,192.28266022169225,0.0,2.0
22255,2026-05-11 15:12:16.600000+00:00,52.1745324,21.1497284,92.8,1.68,0.083,0.0,0.966,0,1.800958247627893,,192.50834563642783,0.0,2.0
22260,2026-05-11 15:12:17.100000+00:00,52.1745296,21.1497334,92.8,3.79,0.154,-0.017,0.976,0,3.3243984458285194,,192.95482452230954,0.0,2.0
22265,2026-05-11 15:12:17.600000+00:00,52.1745255,21.1497429,92.7,6.06,0.146,-0.023,0.958,0,5.70351935387925,,193.74026494857276,0.0,2.0
22270,2026-05-11 15:12:18.100000+00:00,52.1745203,21.1497556,92.7,7.59,0.148,0.001,0.978,0,7.497465700508558,,194.77582221256841,0.0,2.0
22275,2026-05-11 15:12:18.600000+00:00,52.1745143,21.1497712,92.7,9.22,0.128,0.007,0.963,0,9.040946072253721,,196.02787069641062,0.0,2.0
22280,2026-05-11 15:12:19.100000+00:00,52.1745073,21.1497883,92.6,10.39,0.07,0.001,0.975,0,10.094314735321717,,197.42228946159122,0.0,2.0
22285,2026-05-11 15:12:19.600000+00:00,52.1745001,21.1498081,92.6,11.71,0.083,-0.008,0.965,0,11.301867218883881,,198.99002907308943,0.0,2.0
22290,2026-05-11 15:12:20.100000+00:00,52.1744923,21.1498304,92.6,12.98,0.068,0.006,0.969,0,12.604456806368436,,200.73970638969362,0.0,2.0
22295,2026-05-11 15:12:20.600000+00:00,52.1744839,21.1498536,92.6,13.38,0.042,0.02,0.974,0,13.227770472776337,,202.57483012695903,0.0,2.0
22300,2026-05-11 15:12:21.100000+00:00,52.1744756,21.1498782,92.6,13.94,0.022,0.013,0.959,0,13.785325228601387,,204.48918893065948,0.0,2.0
22305,2026-05-11 15:12:21.600000+00:00,52.174467,21.1499031,92.6,14.35,0.04,0.014,0.983,0,14.030846966314868,,206.43723256179598,0.0,2.0
22310,2026-05-11 15:12:22.100000+00:00,52.174458,21.149929,92.6,14.85,0.064,0.027,0.966,0,14.615844639036894,,208.46636583521413,0.0,2.0
22315,2026-05-11 15:12:22.600000+00:00,52.1744488,21.1499561,92.6,15.54,0.062,0.008,0.972,0,15.208137444923812,,210.57823852351973,0.0,2.0
22320,2026-05-11 15:12:23.100000+00:00,52.1744389,21.1499846,92.6,16.3,0.066,0.007,0.959,0,16.081706071744417,,212.81091905052205,0.0,2.0
22325,2026-05-11 15:12:23.600000+00:00,52.1744286,21.1500141,92.6,16.76,0.049,0.018,0.971,0,16.666787149688172,,215.12470103056808,0.0,2.0
22330,2026-05-11 15:12:24.100000+00:00,52.1744182,21.1500443,92.6,17.19,0.034,0.029,0.969,0,17.00536848793852,,217.4858825288378,0.0,2.0
22335,2026-05-11 15:12:24.600000+00:00,52.1744075,21.150076,92.6,18.45,0.068,0.006,0.966,0,17.765763093258535,,219.95306508781908,0.0,2.0
22340,2026-05-11 15:12:25.100000+00:00,52.1743963,21.1501088,92.6,18.85,0.041,0.02,0.981,0,18.432151402164333,,222.51258010463653,0.0,2.0
22345,2026-05-11 15:12:25.600000+00:00,52.1743845,21.1501424,92.6,19.15,0.036,0.023,0.969,0,19.010385465179155,,225.15159271062996,0.0,2.0
22350,2026-05-11 15:12:26.100000+00:00,52.1743729,21.1501763,92.6,18.96,0.035,0.027,0.969,0,19.059817363752302,,227.79825104320093,0.0,2.0
22355,2026-05-11 15:12:26.600000+00:00,52.174361,21.1502102,92.6,19.21,0.013,0.024,0.972,0,19.177997659202898,,230.46059768619887,0.0,2.0
22360,2026-05-11 15:12:27.100000+00:00,52.1743492,21.150244,92.7,18.86,-0.002,0.023,0.967,0,19.095671662228405,,233.1117266503986,0.0,2.0
22365,2026-05-11 15:12:27.600000+00:00,52.1743373,21.1502775,92.7,19.0,0.008,0.024,0.97,0,19.007811772639286,,235.75006118384673,0.0,2.0
22370,2026-05-11 15:12:28.100000+00:00,52.1743254,21.1503105,92.7,18.98,0.004,0.028,0.983,0,18.79579207225617,,236.82340608065917,0.0,2.0
22375,2026-05-11 15:12:28.600000+00:00,52.1743139,21.1503439,92.7,19.16,0.036,0.024,0.963,0,18.80651643207388,,234.21375823354956,0.0,2.0
22380,2026-05-11 15:12:29.100000+00:00,52.1743013,21.1503772,92.6,19.37,0.044,0.02,0.962,0,19.211177452701282,,231.54554255312772,0.0,2.0
22385,2026-05-11 15:12:29.600000+00:00,52.1742895,21.1504115,92.6,19.44,0.015,0.02,0.969,0,19.309415587692904,,228.86621078313834,0.0,2.0
22390,2026-05-11 15:12:30.100000+00:00,52.1742774,21.1504457,92.6,19.39,0.016,0.019,0.982,0,19.385513717561654,,226.1751438602041,0.0,2.0
22395,2026-05-11 15:12:30.600000+00:00,52.1742656,21.1504799,92.6,19.5,0.015,0.024,0.956,0,19.2666179697418,,223.50170899170686,0.0,2.0
22400,2026-05-11 15:12:31.100000+00:00,52.1742538,21.1505137,92.6,19.01,0.002,0.026,0.98,0,19.095702589846365,,220.85149728504314,0.0,2.0
22405,2026-05-11 15:12:31.600000+00:00,52.1742422,21.1505471,92.6,18.94,0.008,0.026,0.971,0,18.84586315536466,,218.2362420420842,0.0,2.0
22410,2026-05-11 15:12:32.100000+00:00,52.1742307,21.1505805,92.5,18.85,0.007,0.019,0.947,0,18.8065431760977,,215.62692146979816,0.0,2.0
22415,2026-05-11 15:12:32.600000+00:00,52.1742192,21.1506137,92.5,18.64,0.0,0.024,0.983,0,18.72098468305927,,213.02923716488434,0.0,2.0
22420,2026-05-11 15:12:33.100000+00:00,52.1742078,21.1506467,92.5,18.63,0.001,0.026,0.975,0,18.59612695198577,,210.449071162187,0.0,2.0
22425,2026-05-11 15:12:33.600000+00:00,52.1741962,21.1506792,92.4,18.72,0.0,0.022,0.965,0,18.46265819067363,,207.88608624776114,0.0,2.0
22430,2026-05-11 15:12:34.100000+00:00,52.1741848,21.1507115,92.4,18.81,-0.005,0.018,0.981,0,18.29746635636754,,205.3464917765517,0.0,2.0
22435,2026-05-11 15:12:34.600000+00:00,52.1741736,21.1507438,92.4,17.89,-0.006,0.025,0.968,0,18.218129346887387,,202.81874839553515,0.0,2.0
22440,2026-05-11 15:12:35.100000+00:00,52.1741626,21.1507752,92.4,17.67,-0.019,0.026,0.968,0,17.754841254994837,,200.35487567663603,0.0,2.0
22445,2026-05-11 15:12:35.600000+00:00,52.1741522,21.150806,92.4,17.41,-0.023,0.027,0.979,0,17.262909980837975,,197.9611904552025,0.0,2.0
22450,2026-05-11 15:12:36.100000+00:00,52.1741423,21.1508357,92.4,16.71,-0.012,0.033,0.967,0,16.5969776919205,,195.660699826172,0.0,2.0
22455,2026-05-11 15:12:36.600000+00:00,52.1741323,21.150864,92.3,16.39,-0.007,0.035,0.976,0,16.03624091314875,,193.43515808552985,0.0,2.0
22460,2026-05-11 15:12:37.100000+00:00,52.1741226,21.1508863,91.8,16.35,0.008,0.021,0.969,0,13.423354110869326,,191.57362318675598,0.0,2.0
22465,2026-05-11 15:12:37.600000+00:00,52.1741118,21.1509112,91.4,16.65,0.019,0.016,0.975,0,14.974093344961076,,189.4969441491154,0.0,2.0
22470,2026-05-11 15:12:38.100000+00:00,52.1741007,21.1509382,91.2,16.64,0.004,0.018,0.972,0,15.959577501210154,,187.28131165261772,0.0,2.0
22475,2026-05-11 15:12:38.600000+00:00,52.1740903,21.1509666,91.2,16.64,-0.002,0.016,0.97,0,16.24064325647201,,185.02624007357397,0.0,2.0
22480,2026-05-11 15:12:39.100000+00:00,52.1740795,21.150995,91.2,16.69,-0.017,0.025,0.969,0,16.40713189728381,,182.74751225864455,0.0,2.0
22485,2026-05-11 15:12:39.600000+00:00,52.174069,21.1510224,91.2,16.0,-0.028,0.029,0.984,0,15.86338489273298,,180.54427164432903,0.0,2.0
22490,2026-05-11 15:12:40.100000+00:00,52.1740595,21.1510495,91.2,15.59,0.002,0.028,0.966,0,15.326002766624338,,178.41754216502784,0.0,2.0
22495,2026-05-11 15:12:40.600000+00:00,52.1740493,21.1510767,91.2,15.91,0.015,0.016,0.979,0,15.653572524144577,,176.2436144683581,0.0,2.0
22500,2026-05-11 15:12:41.100000+00:00,52.1740392,21.1511047,91.1,16.33,0.008,0.018,0.966,0,15.949251122808944,,174.02945445730805,0.0,2.0
22505,2026-05-11 15:12:41.600000+00:00,52.1740283,21.1511325,91.1,16.43,0.033,0.026,0.977,0,16.200514181322244,,171.7794343818854,0.0,2.0
22510,2026-05-11 15:12:42.100000+00:00,52.1740181,21.1511618,91.1,16.8,0.024,0.018,0.969,0,16.54197020452486,,169.4843751811867,0.0,2.0
22515,2026-05-11 15:12:42.600000+00:00,52.1740075,21.1511919,91.0,17.32,0.023,0.012,0.966,0,17.04186194705944,,167.11950748728492,0.0,2.0
22520,2026-05-11 15:12:43.100000+00:00,52.1739971,21.1512223,90.8,17.26,0.017,0.016,0.984,0,17.091179402804485,,164.74929608501083,0.0,2.0
22525,2026-05-11 15:12:43.600000+00:00,52.173986,21.1512526,90.8,18.28,0.026,0.025,0.973,0,17.32892956481681,,162.3432985613654,0.0,2.0
22530,2026-05-11 15:12:44.100000+00:00,52.1739747,21.151284,90.9,17.81,0.019,0.02,0.977,0,17.875247027792724,,159.8620612265935,0.0,2.0
22535,2026-05-11 15:12:44.600000+00:00,52.1739635,21.1513158,90.9,18.53,0.019,0.021,0.965,0,18.004902265919124,,157.36379804309564,0.0,2.0
22540,2026-05-11 15:12:45.100000+00:00,52.1739497,21.1513463,90.5,18.32,0.024,0.02,0.975,0,18.609557453112554,,154.78557303867856,0.0,2.0
22545,2026-05-11 15:12:45.600000+00:00,52.1739362,21.1513782,90.3,19.13,0.064,0.001,0.958,0,19.029599227065724,,152.1446772078341,0.0,2.0
22550,2026-05-11 15:12:46.100000+00:00,52.1739223,21.1514113,90.0,19.95,0.041,0.016,0.985,0,19.696543448834817,,149.4109160077561,0.0,2.0
22555,2026-05-11 15:12:46.600000+00:00,52.1739096,21.1514458,89.9,19.94,0.017,0.012,0.963,0,19.756232390592245,,146.66770269133568,0.0,2.0
22560,2026-05-11 15:12:47.100000+00:00,52.1738972,21.1514813,90.0,20.25,0.023,0.01,0.971,0,20.058837186053474,,143.88473009415094,0.0,2.0
22565,2026-05-11 15:12:47.600000+00:00,52.1738831,21.1515164,89.8,20.47,0.02,0.01,0.976,0,20.601576833969734,,141.0237499543615,0.0,2.0
22570,2026-05-11 15:12:48.100000+00:00,52.1738696,21.1515524,89.7,20.57,-0.007,0.016,0.965,0,20.718023987896583,,138.14658994187772,0.0,2.0
22575,2026-05-11 15:12:48.600000+00:00,52.1738563,21.1515878,89.5,20.49,-0.001,0.019,0.981,0,20.38317664913394,,135.3159084564551,0.0,2.0
22580,2026-05-11 15:12:49.100000+00:00,52.1738431,21.151623,89.4,20.34,0.002,0.026,0.96,0,20.25763228586216,,132.50271242573288,0.0,2.0
22585,2026-05-11 15:12:49.600000+00:00,52.1738299,21.1516586,89.4,21.0,0.005,0.015,0.977,0,20.425445442529618,,129.6665008895074,0.0,2.0
22590,2026-05-11 15:12:50.100000+00:00,52.173817,21.1516948,89.3,20.89,0.033,0.022,0.968,0,20.556394391377953,,126.81368337286816,0.0,2.0
22595,2026-05-11 15:12:50.600000+00:00,52.173804,21.151731,89.4,20.49,-0.03,0.028,0.987,0,20.596738483274212,,123.95499314217797,0.0,2.0
22600,2026-05-11 15:12:51.100000+00:00,52.1737913,21.1517664,89.4,20.36,-0.017,0.039,0.973,0,20.13642740406925,,121.1603279604295,0.0,2.0
22605,2026-05-11 15:12:51.600000+00:00,52.1737789,21.1518004,89.5,19.77,-0.02,0.031,0.966,0,19.422343224589863,,118.46416085267695,0.0,2.0
22610,2026-05-11 15:12:52.100000+00:00,52.1737669,21.1518339,89.5,19.15,-0.024,0.035,0.984,0,19.04824805853389,,115.8207592196724,0.0,2.0
22615,2026-05-11 15:12:52.600000+00:00,52.1737556,21.1518666,89.5,18.31,-0.022,0.034,0.967,0,18.428642472374435,,113.26542402289738,0.0,2.0
22620,2026-05-11 15:12:53.100000+00:00,52.1737444,21.1518981,89.6,17.86,-0.023,0.04,0.978,0,17.877389436166705,,110.78509804806205,0.0,2.0
22625,2026-05-11 15:12:53.600000+00:00,52.1737338,21.1519288,89.6,17.14,-0.018,0.038,0.968,0,17.298030476918843,,108.38691169679139,0.0,2.0
22630,2026-05-11 15:12:54.100000+00:00,52.173723,21.1519585,89.6,16.64,-0.017,0.035,0.978,0,16.953019432377985,,106.03408001950831,0.0,2.0
22635,2026-05-11 15:12:54.600000+00:00,52.1737128,21.1519871,89.6,16.19,-0.013,0.026,0.967,0,16.24405052328993,,103.78056303493672,0.0,2.0
22640,2026-05-11 15:12:55.100000+00:00,52.1737022,21.1520159,89.6,16.62,0.025,0.031,0.993,0,16.491499481885135,,101.49149100691791,0.0,2.0
22645,2026-05-11 15:12:55.600000+00:00,52.1736921,21.1520444,89.6,16.34,0.008,0.029,0.959,0,16.16142652310579,,99.24996100207443,0.0,2.0
22650,2026-05-11 15:12:56.100000+00:00,52.1736819,21.152073,89.7,16.4,0.002,0.023,0.986,0,16.244058949915054,,96.99678547378716,0.0,2.0
22655,2026-05-11 15:12:56.600000+00:00,52.1736717,21.1521011,89.6,15.97,0.006,0.031,0.953,0,16.03231992785609,,94.77227836850113,0.0,2.0
22660,2026-05-11 15:12:57.100000+00:00,52.1736615,21.1521296,89.6,16.11,0.001,0.032,0.985,0,16.201639943581196,,92.5250699493556,0.0,2.0
22665,2026-05-11 15:12:57.600000+00:00,52.1736515,21.1521577,89.6,15.89,0.003,0.024,0.979,0,15.951362131821476,,90.31302264900938,0.0,2.0
22670,2026-05-11 15:12:58.100000+00:00,52.1736414,21.1521854,89.7,15.59,0.0,0.032,0.972,0,15.82257092339685,,88.11778877219679,0.0,2.0
22675,2026-05-11 15:12:58.600000+00:00,52.1736314,21.1522127,89.8,15.5,-0.006,0.038,0.979,0,15.612879350360046,,85.9515596476001,0.0,2.0
22680,2026-05-11 15:12:59.100000+00:00,52.1736203,21.1522379,89.7,14.77,-0.014,0.037,0.965,0,15.233554073151565,,83.83740006283571,0.0,2.0
22685,2026-05-11 15:12:59.600000+00:00,52.1736099,21.152263,89.5,14.46,-0.006,0.03,0.986,0,14.872865718505993,,81.77184874349845,0.0,2.0
22690,2026-05-11 15:13:00.100000+00:00,52.1736002,21.1522877,89.4,14.36,0.006,0.023,0.973,0,14.400754688148039,26.0,79.77193070867864,0.0,2.0
22695,2026-05-11 15:13:00.600000+00:00,52.1735907,21.152313,89.4,14.9,0.046,0.021,0.968,0,14.565456977821267,26.0,77.75015038813599,0.0,2.0
22700,2026-05-11 15:13:01.100000+00:00,52.1735812,21.1523392,89.3,15.45,0.03,0.011,0.968,0,14.944099838503991,26.0,75.67728120488431,0.0,2.0
22705,2026-05-11 15:13:01.600000+00:00,52.1735713,21.1523662,89.3,15.51,0.001,0.013,0.975,0,15.445386380394108,26.0,73.5345064573185,0.0,2.0
22710,2026-05-11 15:13:02.100000+00:00,52.1735617,21.1523939,89.2,15.89,0.001,0.025,0.97,0,15.62180851375433,26.0,71.37070933467398,0.0,2.0
22715,2026-05-11 15:13:02.600000+00:00,52.1735521,21.152422,89.2,15.73,0.008,0.023,0.974,0,15.793088149025037,26.0,69.184641421974,0.0,2.0
22720,2026-05-11 15:13:03.100000+00:00,52.1735416,21.1524499,89.1,16.18,0.016,0.027,0.971,0,16.07223763989382,26.0,66.95436257998725,0.0,2.0
22725,2026-05-11 15:13:03.600000+00:00,52.1735312,21.152478,89.1,16.15,0.006,0.024,0.978,0,16.11450475339369,26.0,64.71915399906447,0.0,2.0
22730,2026-05-11 15:13:04.100000+00:00,52.1735194,21.1525062,88.9,16.67,0.047,0.0,0.975,0,16.761736114067148,26.0,62.39115280380648,0.0,2.0
22735,2026-05-11 15:13:04.600000+00:00,52.1735061,21.1525352,88.7,17.65,0.037,-0.026,0.962,0,17.779752413645692,26.0,59.92462176807868,0.0,2.0
22740,2026-05-11 15:13:05.100000+00:00,52.1734927,21.1525648,88.7,17.9,0.031,-0.021,0.985,0,18.06397221135572,26.0,57.41816382837941,0.0,2.0
22745,2026-05-11 15:13:05.600000+00:00,52.1734785,21.1525949,88.7,19.11,0.049,-0.022,0.947,0,18.64552688270919,26.0,54.83419151236577,0.0,2.0
22750,2026-05-11 15:13:06.100000+00:00,52.1734636,21.1526268,88.7,19.8,0.054,-0.01,0.989,0,19.68795713926728,26.0,52.10546316279609,0.0,2.0
22755,2026-05-11 15:13:06.600000+00:00,52.173448,21.1526596,88.7,20.99,0.033,-0.027,0.964,0,20.379841455871357,26.0,49.28335398748218,0.0,2.0
22760,2026-05-11 15:13:07.100000+00:00,52.1734321,21.1526948,88.8,21.86,0.067,-0.002,0.954,0,21.46480513198257,26.0,46.30685091936195,0.0,2.0
22765,2026-05-11 15:13:07.600000+00:00,52.1734167,21.1527304,89.0,22.22,0.047,0.036,1.004,0,21.390045758450054,26.0,43.33824835729879,0.0,2.0
22770,2026-05-11 15:13:08.100000+00:00,52.1734007,21.1527681,89.2,22.76,0.04,0.04,0.96,0,22.51039793235302,26.0,40.213439171082385,0.0,2.0
22775,2026-05-11 15:13:08.600000+00:00,52.1733848,21.1528069,89.3,22.86,0.019,0.037,0.953,0,22.911998080301036,26.0,37.031733522904865,0.0,2.0
22780,2026-05-11 15:13:09.100000+00:00,52.1733698,21.1528454,89.5,22.0,-0.031,0.06,0.982,0,22.39518293719251,26.0,33.92132325053524,0.0,2.0
22785,2026-05-11 15:13:09.600000+00:00,52.1733553,21.1528831,89.5,21.6,-0.015,0.087,0.967,0,21.849360067747913,26.0,30.8868753683049,0.0,2.0
22790,2026-05-11 15:13:10.100000+00:00,52.1733419,21.1529203,89.7,20.83,-0.005,0.063,0.967,0,21.182431417564274,26.0,27.947557775519304,0.0,2.0
22795,2026-05-11 15:13:10.600000+00:00,52.1733287,21.1529563,89.8,20.06,-0.033,0.052,0.969,0,20.59393067286113,26.0,25.089487889023317,0.0,2.0
22800,2026-05-11 15:13:11.100000+00:00,52.1733166,21.1529909,89.9,19.04,-0.049,0.046,0.984,0,19.556190855428405,26.0,22.379201526387,0.0,2.0
22805,2026-05-11 15:13:11.600000+00:00,52.1733051,21.1530253,90.1,18.65,-0.044,0.033,0.957,0,19.236472972202925,26.0,19.719388463235717,0.0,2.0
22810,2026-05-11 15:13:12.100000+00:00,52.1732951,21.1530587,90.4,17.77,-0.034,0.041,0.964,0,18.249006450376832,26.0,17.21555142551267,0.0,2.0
22815,2026-05-11 15:13:12.600000+00:00,52.1732853,21.1530877,90.4,16.1,-0.086,0.074,0.986,0,16.257291584850577,26.0,14.975502049994299,0.0,2.0
22820,2026-05-11 15:13:13.100000+00:00,52.1732764,21.1531134,90.3,14.12,-0.093,0.064,0.982,0,14.491249673982239,26.0,12.98088875708049,0.0,2.0
22825,2026-05-11 15:13:13.600000+00:00,52.1732682,21.1531372,90.4,12.91,-0.086,0.054,0.948,0,13.403403293689983,26.0,11.14247923488037,0.0,2.0
22830,2026-05-11 15:13:14.100000+00:00,52.1732615,21.153157,90.4,10.32,-0.11,0.067,0.981,0,11.103276693808416,26.0,9.628675497103014,0.0,2.0
22835,2026-05-11 15:13:14.600000+00:00,52.1732557,21.1531725,90.3,8.24,-0.115,0.066,0.978,0,8.915133911974607,26.0,8.409275602849352,0.0,2.0
22840,2026-05-11 15:13:15.100000+00:00,52.1732512,21.1531841,90.3,5.82,-0.118,0.065,0.974,0,6.739302595134523,26.0,7.488559559032972,0.0,2.0
22845,2026-05-11 15:13:15.600000+00:00,52.1732479,21.1531916,90.2,3.78,-0.118,0.071,0.979,0,4.532153753160128,26.0,6.865218701312815,0.0,2.0
22850,2026-05-11 15:13:16.100000+00:00,52.173246,21.1531946,90.1,0.96,-0.122,0.068,0.972,0,2.11743595662983,26.0,6.5713005311962505,0.0,2.0
22855,2026-05-11 15:13:16.600000+00:00,52.1732449,21.153194,90.1,0.14,-0.046,0.045,0.996,0,0.9286305420903361,26.0,6.516950463205545,0.0,2.0
22860,2026-05-11 15:13:17.100000+00:00,52.1732447,21.1531941,90.1,0.12,0.006,0.021,0.947,0,0.16747942451934905,26.0,6.496825818276317,0.0,2.0
22865,2026-05-11 15:13:17.600000+00:00,52.1732448,21.1531947,90.2,0.1,0.007,0.024,0.988,0,0.3052795270488099,26.0,6.474461194991791,0.0,2.0
22870,2026-05-11 15:13:18.100000+00:00,52.1732453,21.1531954,90.3,0.08,0.014,0.027,0.968,0,0.5276047520663505,26.0,6.478035462648552,0.0,2.0
22875,2026-05-11 15:13:18.600000+00:00,52.1732461,21.1531965,90.5,0.21,0.01,0.024,0.982,0,0.8378038751323633,26.0,6.486440368103451,0.0,2.0
22880,2026-05-11 15:13:19.100000+00:00,52.1732471,21.1531984,90.7,0.53,0.005,0.023,0.976,0,1.2293233391254599,26.0,6.475075383115768,0.0,2.0
22885,2026-05-11 15:13:19.600000+00:00,52.173248,21.1532003,91.0,0.37,0.013,0.026,0.974,0,1.1787503215027741,26.0,6.45996447737788,0.0,2.0
22890,2026-05-11 15:13:20.100000+00:00,52.1732474,21.1532008,90.9,0.6,0.004,0.023,0.979,0,0.5394587379471303,26.0,6.387685935163637,0.0,2.0
22895,2026-05-11 15:13:20.600000+00:00,52.1732474,21.1532017,90.8,0.49,0.003,0.024,0.977,0,0.4418917524175719,26.0,6.346438272141641,0.0,2.0
22900,2026-05-11 15:13:21.100000+00:00,52.173247,21.153203,90.9,0.49,0.011,0.027,0.976,0,0.7141192001512682,26.0,6.254155502535964,0.0,2.0
22905,2026-05-11 15:13:21.600000+00:00,52.1732473,21.1532047,91.1,0.2,0.002,0.021,0.979,0,0.868553406678385,26.0,6.202912125515009,0.0,2.0
22910,2026-05-11 15:13:22.100000+00:00,52.1732477,21.153206,91.1,0.35,0.008,0.021,0.978,0,0.7141191963039297,26.0,6.179593760579875,0.0,2.0
22915,2026-05-11 15:13:22.600000+00:00,52.1732477,21.1532069,91.2,0.49,0.016,0.025,0.977,0,0.4418917494375907,26.0,6.140492904925242,0.0,2.0
22920,2026-05-11 15:13:23.100000+00:00,52.1732478,21.1532079,91.2,0.27,0.008,0.023,0.975,0,0.4974752824902173,26.0,6.10614055733326,0.0,2.0
22925,2026-05-11 15:13:23.600000+00:00,52.1732479,21.1532088,91.1,0.36,0.013,0.024,0.977,0,0.44908571343955717,26.0,6.076602074318158,0.0,2.0
22930,2026-05-11 15:13:24.100000+00:00,52.1732475,21.1532093,91.0,0.43,0.009,0.022,0.977,0,0.4035127570586117,26.0,6.020564201789288,0.0,2.0
22935,2026-05-11 15:13:24.600000+00:00,52.1732471,21.1532097,91.0,0.21,0.003,0.02,0.976,0,0.3756674988899023,26.0,5.9687545993719535,0.0,2.0
22940,2026-05-11 15:13:25.100000+00:00,52.1732469,21.1532097,90.9,0.25,0.005,0.02,0.975,0,0.16012069092710135,26.0,5.951328515290226,0.0,2.0
22945,2026-05-11 15:13:25.600000+00:00,52.1732467,21.1532112,90.9,0.75,0.01,0.023,0.975,0,0.7536913521458237,26.0,5.870647924552088,0.0,2.0
22950,2026-05-11 15:13:26.100000+00:00,52.1732466,21.1532127,91.0,0.53,0.013,0.023,0.976,0,0.7408249998444832,26.0,5.799600499979327,0.0,2.0
22955,2026-05-11 15:13:26.600000+00:00,52.1732458,21.1532165,91.4,1.79,0.024,0.024,0.974,0,1.9726373390146867,26.0,5.574441419434211,0.0,2.0
22960,2026-05-11 15:13:27.100000+00:00,52.1732456,21.1532189,91.4,1.57,0.092,-0.001,0.962,0,1.1892070752679367,26.0,5.462565383711356,0.0,2.0
22965,2026-05-11 15:13:27.600000+00:00,52.1732449,21.1532237,91.4,2.19,0.063,0.002,0.978,0,2.4224724450105235,26.0,5.218872991841381,0.0,2.0
22970,2026-05-11 15:13:28.100000+00:00,52.1732434,21.1532299,91.5,3.11,0.056,0.005,0.969,0,3.272458158758859,26.0,4.86203152254834,0.0,2.0
22975,2026-05-11 15:13:28.600000+00:00,52.1732415,21.1532387,91.7,3.96,0.037,0.016,0.977,0,4.580666641472846,26.0,4.410099044360572,0.0,2.0
22980,2026-05-11 15:13:29.100000+00:00,52.1732388,21.1532476,91.7,4.37,0.038,0.017,0.967,0,4.875239584517723,26.0,3.9212539726296978,0.0,2.0
22985,2026-05-11 15:13:29.600000+00:00,52.1732355,21.1532563,91.6,4.74,0.043,0.013,0.981,0,5.022635467252297,26.0,3.4318534499449647,0.0,2.0
22990,2026-05-11 15:13:30.100000+00:00,52.1732326,21.153267,91.7,5.62,0.03,0.023,0.964,0,5.7437682197113755,26.0,3.075791104044214,0.0,2.0
22995,2026-05-11 15:13:30.600000+00:00,52.1732296,21.1532781,91.6,6.15,0.021,0.028,0.986,0,5.95577000221293,26.0,2.899468225059215,0.0,2.0
23000,2026-05-11 15:13:31.100000+00:00,52.1732258,21.1532898,91.6,6.64,0.025,0.022,0.964,0,6.5004556247288905,26.0,2.905982059042124,0.0,2.0
23005,2026-05-11 15:13:31.600000+00:00,52.1732221,21.1533027,91.6,6.98,0.035,0.024,0.969,0,6.992256965866916,26.0,3.252718826912631,0.0,2.0
23010,2026-05-11 15:13:32.100000+00:00,52.1732181,21.1533177,91.7,7.99,0.024,0.029,0.978,0,8.030985088995546,26.0,3.9410543940151506,0.0,2.0
23015,2026-05-11 15:13:32.600000+00:00,52.1732146,21.1533322,91.8,7.27,0.021,0.051,0.975,0,7.650966704504277,26.0,4.771711768881032,0.0,2.0
23020,2026-05-11 15:13:33.100000+00:00,52.1732112,21.1533449,91.7,7.13,0.022,0.05,0.974,0,6.803831966188279,26.0,5.559741412205176,0.0,2.0
23025,2026-05-11 15:13:33.600000+00:00,52.1732081,21.1533584,91.6,7.26,0.028,0.029,0.973,0,7.077791269447084,26.0,6.446663614949302,0.0,2.0
23030,2026-05-11 15:13:34.100000+00:00,52.1732053,21.1533723,91.6,7.65,0.036,0.029,0.978,0,7.183507457784466,26.0,7.385402845439697,0.0,2.0
23035,2026-05-11 15:13:34.600000+00:00,52.1732026,21.1533878,91.5,8.49,0.071,0.028,0.966,0,7.911403349361313,26.0,8.446539816937149,0.0,2.0
23040,2026-05-11 15:13:35.100000+00:00,52.1731996,21.1534046,91.4,9.1,0.044,0.035,0.965,0,8.591216242461472,26.0,9.60675312074994,0.0,2.0
23045,2026-05-11 15:13:35.600000+00:00,52.1731971,21.1534225,91.4,9.43,0.035,0.004,0.977,0,9.013772086598102,26.0,10.84426654948248,0.0,2.0
23050,2026-05-11 15:13:36.100000+00:00,52.1731938,21.1534402,91.4,10.41,0.027,-0.039,0.981,0,9.083267171810654,26.0,12.08001737453977,0.0,2.0
23055,2026-05-11 15:13:36.600000+00:00,52.1731895,21.1534595,91.4,11.6,0.088,-0.03,0.96,0,10.082092770634494,26.0,13.442726151137288,0.0,2.0
23060,2026-05-11 15:13:37.100000+00:00,52.1731839,21.1534814,91.4,12.86,0.067,-0.034,0.961,0,11.64995919686825,26.0,15.009718877759186,0.0,2.0
23065,2026-05-11 15:13:37.600000+00:00,52.1731766,21.1535048,91.3,14.18,0.051,-0.057,0.97,0,12.89026210992828,26.0,16.721833608626888,0.0,2.0
23070,2026-05-11 15:13:38.100000+00:00,52.1731683,21.1535299,91.3,14.99,0.095,-0.024,0.968,0,14.001229423935575,26.0,18.586128046838965,0.0,2.0
23075,2026-05-11 15:13:38.600000+00:00,52.1731592,21.1535568,91.3,15.8,0.061,-0.004,0.97,0,15.08380438240296,26.0,20.606226332720404,0.0,2.0
23080,2026-05-11 15:13:39.100000+00:00,52.1731497,21.1535841,91.2,15.36,0.001,-0.002,0.971,0,15.41156957200307,26.0,22.678226389352126,0.0,2.0
23085,2026-05-11 15:13:39.600000+00:00,52.1731397,21.1536109,91.1,15.38,-0.017,-0.006,0.967,0,15.402757727078173,26.0,24.74551994327127,0.0,2.0
23090,2026-05-11 15:13:40.100000+00:00,52.1731297,21.1536374,91.1,15.53,-0.011,0.009,0.976,0,15.277115648320615,26.0,26.804669072109956,0.0,2.0
23095,2026-05-11 15:13:40.600000+00:00,52.1731193,21.153663,91.0,14.98,-0.024,0.007,0.972,0,15.077025348550459,26.0,28.82960615328977,0.0,2.0
23100,2026-05-11 15:13:41.100000+00:00,52.173109,21.1536882,90.9,14.95,-0.023,0.012,0.974,0,14.869141038990382,26.0,30.834326109348854,0.0,2.0
23105,2026-05-11 15:13:41.600000+00:00,52.1730988,21.1537122,90.9,13.92,-0.006,0.053,0.973,0,14.336821917820687,26.0,32.76619035329131,0.0,2.0
23110,2026-05-11 15:13:42.100000+00:00,52.1730891,21.1537359,90.9,13.64,-0.029,0.042,0.963,0,13.98989456160146,26.0,34.66507673504221,0.0,2.0
23115,2026-05-11 15:13:42.600000+00:00,52.1730804,21.1537576,91.0,11.96,-0.088,0.051,0.993,0,12.729255085604935,26.0,36.40012250263993,0.0,2.0
23120,2026-05-11 15:13:43.100000+00:00,52.1730733,21.1537756,91.2,9.61,-0.132,0.067,0.975,0,10.50804545732016,26.0,37.836623030618,0.0,2.0
23125,2026-05-11 15:13:43.600000+00:00,52.1730681,21.1537886,91.3,6.33,-0.145,0.082,0.973,0,7.620578079439817,26.0,38.878302768377566,0.0,2.0
23130,2026-05-11 15:13:44.100000+00:00,52.1730653,21.1537972,91.5,3.3,-0.153,0.087,0.983,0,4.780690628452226,26.0,39.53988950794478,0.0,2.0
23135,2026-05-11 15:13:44.600000+00:00,52.173064,21.1538002,91.6,1.23,-0.089,0.065,0.973,0,1.8035792872065728,26.0,39.78484583250558,0.0,2.0
23140,2026-05-11 15:13:45.100000+00:00,52.1730639,21.1538006,91.5,0.26,-0.05,0.055,0.993,0,0.2120884169249964,26.0,39.81429779259943,0.0,2.0
23145,2026-05-11 15:13:45.600000+00:00,52.1730639,21.1538004,91.5,0.17,0.017,0.021,0.948,0,0.0981985717395683,26.0,39.80176311944286,0.0,2.0
23150,2026-05-11 15:13:46.100000+00:00,52.1730637,21.1537991,91.2,0.3,0.011,0.026,0.981,0,0.6580681443690578,26.0,39.72909524999829,0.0,2.0
23155,2026-05-11 15:13:46.600000+00:00,52.1730638,21.1537984,91.2,0.04,0.012,0.023,0.968,0,0.3528964651221858,26.0,39.680854871322964,0.0,2.0
23160,2026-05-11 15:13:47.100000+00:00,52.1730639,21.1537984,91.1,0.15,0.008,0.025,0.981,0,0.08006035055627692,26.0,39.676456442068385,0.0,2.0
23165,2026-05-11 15:13:47.600000+00:00,52.1730639,21.1537984,91.1,0.09,0.023,0.03,0.973,0,0.0,26.0,39.676456442068385,0.0,2.0
23170,2026-05-11 15:13:48.100000+00:00,52.1730638,21.1537986,91.1,0.02,0.01,0.026,0.978,0,0.12669893150520775,26.0,39.693380863274555,0.0,2.0
23175,2026-05-11 15:13:48.600000+00:00,52.1730639,21.1537985,91.1,0.04,0.015,0.025,0.975,0,0.09391698213241785,26.0,39.6827200406147,0.0,2.0
23180,2026-05-11 15:13:49.100000+00:00,52.173064,21.1537983,91.1,0.04,0.013,0.028,0.979,0,0.1266989261083407,26.0,39.66579653297824,0.0,2.0
23185,2026-05-11 15:13:49.600000+00:00,52.1730642,21.1537982,91.1,0.05,0.008,0.027,0.975,0,0.16747948252978834,26.0,39.650746121881824,0.0,2.0
23190,2026-05-11 15:13:50.100000+00:00,52.1730644,21.1537981,91.1,0.06,0.017,0.027,0.976,0,0.16747948292289191,26.0,39.63570364694552,0.0,2.0
23195,2026-05-11 15:13:50.600000+00:00,52.1730645,21.1537981,91.2,0.1,0.008,0.026,0.976,0,0.08006035055627692,26.0,39.631318925688845,0.0,2.0
23200,2026-05-11 15:13:51.100000+00:00,52.1730646,21.153798,91.2,0.12,0.016,0.027,0.977,0,0.09391697386224804,26.0,39.62066911768667,0.0,2.0
23205,2026-05-11 15:13:51.600000+00:00,52.1730642,21.153798,91.2,0.28,0.051,0.018,0.983,0,0.32024138694692894,26.0,39.63821604247908,0.0,2.0
23210,2026-05-11 15:13:52.100000+00:00,52.1730615,21.1538007,91.0,2.85,0.141,-0.029,0.956,0,2.5357584661808024,26.0,39.92646767022162,0.0,2.0
23215,2026-05-11 15:13:52.600000+00:00,52.1730579,21.1538086,91.0,5.73,0.139,-0.042,0.978,0,4.832426808389916,26.0,40.580566489722536,0.0,2.0
23220,2026-05-11 15:13:53.100000+00:00,52.1730518,21.1538206,90.9,8.81,0.188,-0.029,0.951,0,7.6527779629907835,26.0,41.60388504051774,0.0,2.0
23225,2026-05-11 15:13:53.600000+00:00,52.1730441,21.1538368,90.8,10.51,0.176,-0.009,0.971,0,10.06331817517549,26.0,42.96360404535062,0.0,2.0
23230,2026-05-11 15:13:54.100000+00:00,52.1730351,21.1538562,90.8,12.4,0.046,-0.027,0.983,0,11.943573393611631,26.0,44.58458071963338,0.0,2.0
23235,2026-05-11 15:13:54.600000+00:00,52.1730255,21.1538783,90.8,13.8,0.046,-0.013,0.958,0,13.297163019626748,26.0,46.40315719957535,0.0,2.0
23240,2026-05-11 15:13:55.100000+00:00,52.1730145,21.153902,90.8,15.12,0.074,-0.017,0.99,0,14.593354408026679,26.0,48.39003944322823,0.0,2.0
23245,2026-05-11 15:13:55.600000+00:00,52.1730021,21.1539265,90.8,15.98,-0.001,-0.062,0.946,0,15.59679275014179,26.0,50.498334540045676,0.0,2.0
23250,2026-05-11 15:13:56.100000+00:00,52.1729874,21.1539512,90.9,17.58,0.079,-0.119,0.987,0,16.899219310202305,26.0,52.74032367612197,0.0,2.0
23255,2026-05-11 15:13:56.600000+00:00,52.1729692,21.1539732,90.9,19.06,-0.032,-0.2,0.947,0,18.138186544894452,26.0,55.013031987097904,0.0,2.0
23260,2026-05-11 15:13:57.100000+00:00,52.1729482,21.1539912,91.1,19.92,-0.068,-0.182,0.981,0,18.9940599228451,26.0,57.223895666806776,0.0,2.0
23265,2026-05-11 15:13:57.600000+00:00,52.1729245,21.1540033,91.1,19.99,-0.072,-0.17,0.961,0,19.882655566013884,26.0,59.28356932258087,0.0,2.0
23270,2026-05-11 15:13:58.100000+00:00,52.1728994,21.154013,91.3,20.46,-0.079,-0.106,0.966,0,20.65182184772324,26.0,61.34794692679214,0.0,2.0
23275,2026-05-11 15:13:58.600000+00:00,52.1728754,21.1540172,91.3,19.07,-0.078,-0.003,0.967,0,19.324827247053218,26.0,63.098364839750865,0.0,2.0
23280,2026-05-11 15:13:59.100000+00:00,52.1728525,21.1540213,91.3,17.73,-0.022,0.05,0.964,0,18.444007914991754,26.0,64.83314385740904,0.0,2.0
23285,2026-05-11 15:13:59.600000+00:00,52.1728304,21.154027,91.3,17.57,0.041,0.116,0.975,0,17.91331171786362,26.0,66.65071283828901,0.0,2.0
23290,2026-05-11 15:14:00.100000+00:00,52.1728091,21.1540372,91.3,17.8,0.048,0.165,0.951,0,17.773053791976047,26.0,68.68846456528784,0.0,2.0
23295,2026-05-11 15:14:00.600000+00:00,52.1727887,21.1540496,91.2,17.41,0.006,0.131,0.953,0,17.430213865078716,26.0,70.80152980708837,0.0,2.0
23300,2026-05-11 15:14:01.100000+00:00,52.1727698,21.1540645,91.1,16.57,0.016,0.152,0.98,0,16.807169822266683,26.0,72.95027454390959,0.0,2.0
23305,2026-05-11 15:14:01.600000+00:00,52.1727522,21.1540849,91.1,17.54,0.04,0.223,0.956,0,17.287924135613913,26.0,75.29144149381918,0.0,2.0
23310,2026-05-11 15:14:02.100000+00:00,52.1727365,21.1541112,91.0,17.9,0.04,0.258,0.96,0,18.02061466910422,26.0,77.79242322041377,0.0,2.0
23315,2026-05-11 15:14:02.600000+00:00,52.1727237,21.154141,90.8,17.6,0.032,0.2,0.962,0,17.86343793727138,,80.25535335881645,0.0,2.0
23320,2026-05-11 15:14:03.100000+00:00,52.1727124,21.1541719,90.8,17.69,0.007,0.12,0.964,0,17.664324884157427,,82.66484426006066,0.0,2.0
23325,2026-05-11 15:14:03.600000+00:00,52.1727011,21.1542021,90.7,17.27,-0.003,0.0,0.959,0,17.370019874135785,,81.29990690987061,0.0,2.0
23330,2026-05-11 15:14:04.100000+00:00,52.172689,21.1542305,90.7,16.93,-0.003,-0.029,0.985,0,16.9790365417278,27.0,79.30169750015584,0.0,2.0
23335,2026-05-11 15:14:04.600000+00:00,52.1726751,21.1542575,90.7,17.61,-0.001,-0.087,0.958,0,17.30858113531562,27.0,77.17341089447953,0.0,2.0
23340,2026-05-11 15:14:05.100000+00:00,52.1726582,21.1542825,90.7,18.57,0.002,-0.117,0.983,0,18.268557983553524,27.0,74.79963987004636,0.0,2.0
23345,2026-05-11 15:14:05.600000+00:00,52.1726383,21.1543033,90.6,19.65,-0.005,-0.121,0.984,0,18.9242995535623,27.0,72.22563785215522,0.0,2.0
23350,2026-05-11 15:14:06.100000+00:00,52.1726164,21.1543216,90.6,20.38,0.006,-0.087,0.99,0,19.701485159361084,27.0,69.50680384499539,0.0,2.0
23355,2026-05-11 15:14:06.600000+00:00,52.1725925,21.1543401,90.8,21.59,0.035,-0.067,0.973,0,21.181015557514463,27.0,66.57607198464669,0.0,2.0
23360,2026-05-11 15:14:07.100000+00:00,52.1725676,21.1543577,90.9,22.01,0.065,0.002,0.96,0,21.727447687117625,27.0,63.56306679153617,0.0,2.0
23365,2026-05-11 15:14:07.600000+00:00,52.1725412,21.1543768,90.9,23.13,0.087,0.029,0.96,0,23.123058274682595,27.0,60.358821554218046,0.0,2.0
23370,2026-05-11 15:14:08.100000+00:00,52.1725143,21.1543973,90.9,24.0,0.06,0.054,0.97,0,23.77231866768836,27.0,57.07086042450112,0.0,2.0
23375,2026-05-11 15:14:08.600000+00:00,52.1724867,21.1544197,91.0,25.02,0.107,0.033,0.96,0,24.68251502131565,27.0,53.668315469660435,0.0,2.0
23380,2026-05-11 15:14:09.100000+00:00,52.1724579,21.1544418,91.0,25.67,0.064,0.011,0.972,0,25.483109130760646,27.0,50.14950470272305,0.0,2.0
23385,2026-05-11 15:14:09.600000+00:00,52.172428,21.1544652,91.0,26.77,0.047,0.019,0.968,0,26.552515895021045,27.0,46.48982886078332,0.0,2.0
23390,2026-05-11 15:14:10.100000+00:00,52.1723983,21.1544883,91.1,26.69,0.017,0.013,0.968,0,26.344503849960095,27.0,42.86238175853878,0.0,2.0
23395,2026-05-11 15:14:10.600000+00:00,52.1723683,21.1545104,91.1,26.2,-0.033,-0.019,0.977,0,26.355566338977074,27.0,39.228808397958744,0.0,2.0
23400,2026-05-11 15:14:11.100000+00:00,52.1723384,21.1545292,91.2,25.37,-0.036,-0.002,0.992,0,25.65614651895327,27.0,35.67521220612639,0.0,2.0
23405,2026-05-11 15:14:11.600000+00:00,52.1723089,21.1545464,91.2,24.96,-0.027,0.007,0.952,0,25.08231038330768,27.0,32.19697743784423,0.0,2.0
23410,2026-05-11 15:14:12.100000+00:00,52.1722796,21.1545619,91.2,24.52,-0.022,0.03,0.986,0,24.66136374653907,27.0,28.7734038268848,0.0,2.0
23415,2026-05-11 15:14:12.600000+00:00,52.1722509,21.1545765,91.2,24.2,-0.024,0.016,0.962,0,24.069615591774014,27.0,25.431250786514944,0.0,2.0
23420,2026-05-11 15:14:13.100000+00:00,52.1722226,21.1545904,91.2,23.67,-0.02,0.038,0.963,0,23.662688620026227,27.0,22.14514355532113,0.0,2.0
23425,2026-05-11 15:14:13.600000+00:00,52.1721953,21.1546053,91.3,22.84,-0.014,0.08,0.959,0,23.048392210734605,27.0,18.94805034834168,0.0,2.0
23430,2026-05-11 15:14:14.100000+00:00,52.1721701,21.1546223,91.3,21.1,-0.074,0.165,1.009,0,21.833738582328163,27.0,15.943202933269502,0.0,2.0
23435,2026-05-11 15:14:14.600000+00:00,52.1721477,21.1546405,91.3,19.86,-0.019,0.072,0.92,0,20.036657831630773,27.0,13.23939122574146,0.0,2.0
23440,2026-05-11 15:14:15.100000+00:00,52.1721262,21.1546594,91.3,19.43,-0.025,0.034,0.989,0,19.555155960333483,27.0,10.669808249673768,0.0,2.0
23445,2026-05-11 15:14:15.600000+00:00,52.1721057,21.1546772,91.3,18.55,-0.033,-0.013,0.958,0,18.594382637625564,27.0,8.307167986512445,0.0,2.0
23450,2026-05-11 15:14:16.100000+00:00,52.1720857,21.1546943,91.3,17.85,-0.042,-0.005,0.996,0,18.07987504697915,27.0,6.1712059096367495,0.0,2.0
23455,2026-05-11 15:14:16.600000+00:00,52.1720671,21.1547105,91.4,16.09,-0.1,0.07,0.975,0,16.882500881438634,27.0,4.552780693276326,0.0,2.0
23460,2026-05-11 15:14:17.100000+00:00,52.1720515,21.1547254,91.4,13.92,-0.094,0.034,0.955,0,14.474416045796136,27.0,3.899817104909879,0.0,2.0
23465,2026-05-11 15:14:17.600000+00:00,52.1720379,21.1547392,91.4,12.03,-0.138,0.024,0.978,0,12.824402158609553,27.0,4.176420539058299,0.0,2.0
23470,2026-05-11 15:14:18.100000+00:00,52.1720269,21.1547507,91.3,9.53,-0.14,0.021,0.969,0,10.46137609869803,27.0,4.910792093628266,0.0,2.0
23475,2026-05-11 15:14:18.600000+00:00,52.1720189,21.1547582,91.3,6.71,-0.143,0.026,0.985,0,7.388021751021051,27.0,5.566109427785583,0.0,2.0
23480,2026-05-11 15:14:19.100000+00:00,52.1720139,21.1547623,91.3,3.69,-0.17,0.037,0.963,0,4.480713398430271,27.0,5.990426172031023,0.0,2.0
23485,2026-05-11 15:14:19.600000+00:00,52.1720126,21.154764,91.3,0.46,-0.161,0.047,0.995,0,1.3341548442135918,27.0,6.147063752302078,0.0,2.0
23490,2026-05-11 15:14:20.100000+00:00,52.1720128,21.1547643,91.3,0.09,-0.001,-0.01,0.953,0,0.21756911574657478,27.0,6.159016416903115,0.0,2.0
23495,2026-05-11 15:14:20.600000+00:00,52.1720128,21.1547647,91.3,0.06,0.0,-0.007,0.979,0,0.19640178537884112,27.0,6.184786323083017,0.0,2.0
23500,2026-05-11 15:14:21.100000+00:00,52.1720128,21.1547652,91.3,0.09,0.002,-0.01,0.974,0,0.24550223055230141,27.0,6.217016801700698,0.0,2.0
23505,2026-05-11 15:14:21.600000+00:00,52.1720127,21.1547658,91.3,0.22,0.002,-0.01,0.98,0,0.3052873986267708,27.0,6.259325551497538,0.0,2.0
23510,2026-05-11 15:14:22.100000+00:00,52.1720126,21.1547664,91.3,0.37,-0.001,-0.012,0.975,0,0.30528740193689363,27.0,6.301635542262704,0.0,2.0
23515,2026-05-11 15:14:22.600000+00:00,52.1720127,21.1547664,91.2,0.24,0.002,-0.008,0.978,0,0.08006035055627692,27.0,6.2980340902370155,0.0,2.0
23520,2026-05-11 15:14:23.100000+00:00,52.1720127,21.1547667,91.2,0.06,0.003,-0.006,0.977,0,0.14730133897481765,27.0,6.317398798191074,0.0,2.0
23525,2026-05-11 15:14:23.600000+00:00,52.1720127,21.154767,91.2,0.21,0.005,-0.002,0.977,0,0.14730133897481765,27.0,6.336770380143514,0.0,2.0
23530,2026-05-11 15:14:24.100000+00:00,52.1720127,21.1547673,91.1,0.04,0.001,-0.014,0.975,0,0.14730133897481765,27.0,6.356148773244852,0.0,2.0
23535,2026-05-11 15:14:24.600000+00:00,52.1720127,21.1547688,91.2,0.17,-0.003,-0.015,0.98,0,0.7365066948740884,27.0,6.453140757616187,0.0,2.0
23540,2026-05-11 15:14:25.100000+00:00,52.1720126,21.15477,91.2,0.14,0.007,-0.004,0.98,0,0.5946197219839051,27.0,6.534323936793854,0.0,2.0
23545,2026-05-11 15:14:25.600000+00:00,52.1720127,21.1547712,91.2,0.32,0.003,-0.012,0.968,0,0.5946197204364584,27.0,6.6086604076512225,0.0,2.0
23550,2026-05-11 15:14:26.100000+00:00,52.1720128,21.1547717,91.2,0.01,-0.005,-0.02,0.979,0,0.2582266527853208,27.0,6.637710997454389,0.0,2.0
23555,2026-05-11 15:14:26.600000+00:00,52.1720128,21.1547727,91.2,0.12,0.007,-0.012,0.975,0,0.49100446110460283,27.0,6.702691442786375,0.0,2.0
23560,2026-05-11 15:14:27.100000+00:00,52.1720129,21.1547738,91.2,0.04,0.0,-0.012,0.976,0,0.5460063840464884,27.0,6.770929379492955,0.0,2.0
23565,2026-05-11 15:14:27.600000+00:00,52.1720127,21.1547746,91.2,0.09,0.005,-0.014,0.976,0,0.4241854287987739,27.0,6.82963184054005,0.0,2.0
23570,2026-05-11 15:14:28.100000+00:00,52.1720126,21.154776,91.3,0.06,-0.005,-0.018,0.978,0,0.6920527513290357,27.0,6.924104744815493,0.0,2.0
23575,2026-05-11 15:14:28.600000+00:00,52.1720124,21.1547772,91.3,0.02,0.008,-0.014,0.974,0,0.6105748059623424,27.0,7.0088566079804675,0.0,2.0
23580,2026-05-11 15:14:29.100000+00:00,52.1720122,21.1547789,91.4,0.17,0.0,-0.015,0.979,0,0.8499267060305337,27.0,7.126200036455784,0.0,2.0
23585,2026-05-11 15:14:29.600000+00:00,52.172012,21.1547805,91.4,0.05,0.006,-0.012,0.971,0,0.801758837451319,27.0,7.237043555005706,0.0,2.0
23590,2026-05-11 15:14:30.100000+00:00,52.1720119,21.1547825,91.5,0.05,0.007,-0.013,0.975,0,0.985267082037539,27.0,7.37079637433941,0.0,2.0
23595,2026-05-11 15:14:30.600000+00:00,52.1720116,21.1547849,91.6,0.8,0.052,-0.031,0.974,0,1.202638265513085,27.0,7.537150341895868,0.0,2.0
23600,2026-05-11 15:14:31.100000+00:00,52.1720101,21.1547877,91.6,1.5,0.053,-0.028,0.971,0,1.8254541566436366,27.0,7.768557863086092,0.0,2.0
23605,2026-05-11 15:14:31.600000+00:00,52.1720079,21.1547906,91.6,2.51,0.056,-0.02,0.971,0,2.2649069439951948,27.0,8.032338767435082,0.0,2.0
23610,2026-05-11 15:14:32.100000+00:00,52.1720047,21.1547934,91.5,3.27,0.046,-0.025,0.978,0,2.9075076856969235,27.0,8.33162040831247,0.0,2.0
23615,2026-05-11 15:14:32.600000+00:00,52.1720016,21.1547987,91.6,3.56,-0.034,-0.01,0.975,0,3.596077556201998,27.0,8.793232931422907,0.0,2.0
23620,2026-05-11 15:14:33.100000+00:00,52.1719982,21.1548062,91.9,3.46,0.003,-0.022,0.974,0,4.579369676350678,27.0,9.409965008482377,0.0,2.0
23625,2026-05-11 15:14:33.600000+00:00,52.1719949,21.1548107,91.9,3.57,0.035,-0.023,0.974,0,3.444140154538787,27.0,9.83752323434443,0.0,2.0
23630,2026-05-11 15:14:34.100000+00:00,52.1719913,21.1548146,91.8,4.26,0.061,-0.035,0.974,0,3.4603222717637676,27.0,10.246898067775106,0.0,2.0
23635,2026-05-11 15:14:34.600000+00:00,52.171986,21.1548226,91.9,6.34,0.119,-0.019,0.974,0,5.782232605244572,27.0,10.997131505266278,0.0,2.0
23640,2026-05-11 15:14:35.100000+00:00,52.1719787,21.1548342,91.9,8.97,0.16,-0.026,0.974,0,8.160733251960375,27.0,12.076357328106957,0.0,2.0
23645,2026-05-11 15:14:35.600000+00:00,52.1719684,21.1548494,91.8,11.83,0.073,-0.053,0.972,0,11.122074415267475,27.0,13.545753978908047,0.0,2.0
23650,2026-05-11 15:14:36.100000+00:00,52.1719559,21.1548688,91.8,14.41,0.178,-0.053,0.951,0,13.816150904147582,27.0,15.403479840685401,0.0,2.0
23655,2026-05-11 15:14:36.600000+00:00,52.1719403,21.1548899,91.8,17.25,0.128,-0.093,0.983,0,16.227119310339827,27.0,17.566070004376197,0.0,2.0
23660,2026-05-11 15:14:37.100000+00:00,52.1719209,21.1549114,91.7,19.93,0.098,-0.136,0.965,0,18.779671536719984,27.0,20.026400626716136,0.0,2.0
23665,2026-05-11 15:14:37.600000+00:00,52.1718988,21.1549353,91.9,21.95,0.091,-0.076,0.953,0,21.23123131228691,27.0,22.83821458804658,0.0,2.0
23670,2026-05-11 15:14:38.100000+00:00,52.1718745,21.1549584,91.8,23.13,0.089,-0.059,0.994,0,22.519552966626172,27.0,25.80454055113295,0.0,2.0
23675,2026-05-11 15:14:38.600000+00:00,52.1718483,21.154983,91.8,24.61,0.054,-0.063,0.944,0,24.20497610366228,27.0,29.02585294753121,0.0,2.0
23680,2026-05-11 15:14:39.100000+00:00,52.17182,21.1550083,91.8,26.12,0.059,-0.081,0.972,0,25.83913266382493,27.0,32.47728345183189,0.0,2.0
23685,2026-05-11 15:14:39.600000+00:00,52.1717894,21.1550344,91.8,27.94,0.02,-0.065,0.967,0,27.647896071847203,27.0,36.18181437898865,0.0,2.0
23690,2026-05-11 15:14:40.100000+00:00,52.1717569,21.1550608,91.8,29.19,0.014,-0.048,0.973,0,29.069725320548674,27.0,40.08569897844361,0.0,2.0
23695,2026-05-11 15:14:40.600000+00:00,52.1717233,21.1550855,91.8,29.82,0.014,-0.034,0.985,0,29.50780351062656,27.0,44.035429591775845,0.0,2.0
23700,2026-05-11 15:14:41.100000+00:00,52.171689,21.1551092,91.7,30.0,-0.003,-0.001,0.97,0,29.824605763492322,27.0,48.029940128582275,0.0,2.0
23705,2026-05-11 15:14:41.600000+00:00,52.1716539,21.1551334,91.8,30.14,0.008,0.013,0.949,0,30.510126710900728,27.0,52.13936189210013,0.0,2.0
23710,2026-05-11 15:14:42.100000+00:00,52.1716191,21.1551573,91.8,30.11,-0.011,0.017,0.978,0,30.231574181359075,27.0,56.2287498806139,0.0,2.0
23715,2026-05-11 15:14:42.600000+00:00,52.1715846,21.1551821,91.9,29.78,-0.012,0.021,0.98,0,30.18591687929466,27.0,60.34059152558495,0.0,2.0
23720,2026-05-11 15:14:43.100000+00:00,52.1715504,21.1552053,91.9,29.23,-0.022,0.016,0.972,0,29.6557544404982,27.0,64.37425671310982,0.0,2.0
23725,2026-05-11 15:14:43.600000+00:00,52.1715163,21.1552288,92.0,29.1,0.0,0.024,0.955,0,29.638890874623623,27.0,68.41998056653922,0.0,2.0
23730,2026-05-11 15:14:44.100000+00:00,52.1714821,21.1552518,92.1,29.16,-0.005,0.021,0.98,0,29.61817836258023,27.0,72.46465504733533,0.0,2.0
23735,2026-05-11 15:14:44.600000+00:00,52.1714483,21.155274,92.1,29.0,0.014,0.024,0.975,0,29.173353411385346,27.0,76.45002774556828,0.0,2.0
23740,2026-05-11 15:14:45.100000+00:00,52.1714139,21.1552961,92.0,29.48,0.028,0.008,0.968,0,29.601436125047027,,80.49534148977456,0.0,2.0
23745,2026-05-11 15:14:45.600000+00:00,52.1713783,21.1553186,92.0,30.44,0.042,-0.012,0.956,0,30.567751398483882,,84.67543168618418,0.0,2.0
23750,2026-05-11 15:14:46.100000+00:00,52.1713416,21.1553396,91.9,31.32,0.024,-0.03,0.973,0,31.138920356636056,,88.91522484358049,0.0,2.0
23755,2026-05-11 15:14:46.600000+00:00,52.1713033,21.1553593,91.8,32.36,0.042,-0.014,0.975,0,32.15263949715485,,93.27293891662191,0.0,2.0
23760,2026-05-11 15:14:47.100000+00:00,52.171264,21.1553788,91.8,33.04,0.037,-0.018,0.963,0,32.888313634082714,,97.73076140260589,0.0,2.0
23765,2026-05-11 15:14:47.600000+00:00,52.1712241,21.1553988,91.7,33.58,0.029,0.012,0.973,0,33.419479925984035,,102.27319558373149,0.0,2.0
23770,2026-05-11 15:14:48.100000+00:00,52.1711837,21.155418,91.6,34.14,0.038,0.01,0.976,0,33.69029358451296,,106.84742220269366,0.0,2.0
23775,2026-05-11 15:14:48.600000+00:00,52.1711425,21.1554381,91.6,34.8,0.051,0.009,0.965,0,34.42972284976882,,111.5376479327523,0.0,2.0
23780,2026-05-11 15:14:49.100000+00:00,52.1711005,21.1554585,91.5,35.31,0.034,0.033,0.967,0,35.085581000003444,,116.32381717382462,0.0,2.0
23785,2026-05-11 15:14:49.600000+00:00,52.1710584,21.1554794,91.5,35.79,0.05,0.053,0.977,0,35.233043142144375,,121.14219993108787,0.0,2.0
23790,2026-05-11 15:14:50.100000+00:00,52.171016,21.1555019,91.4,36.06,0.038,0.039,0.977,0,35.698147267061444,,126.04479606998731,0.0,2.0
23795,2026-05-11 15:14:50.600000+00:00,52.1709733,21.1555247,91.4,36.33,0.029,0.037,0.95,0,35.97218803926229,,130.99052967578277,0.0,2.0
23800,2026-05-11 15:14:51.100000+00:00,52.1709304,21.1555478,91.4,36.51,0.034,0.042,0.994,0,36.170316469090714,,135.96888171152676,0.0,2.0
23805,2026-05-11 15:14:51.600000+00:00,52.1708868,21.1555716,91.3,37.14,0.034,0.025,0.935,0,36.81056582759432,,141.04126605082638,0.0,2.0
23810,2026-05-11 15:14:52.100000+00:00,52.1708427,21.1555964,91.2,37.63,0.043,0.036,0.994,0,37.347580043101594,,146.19588139024924,0.0,2.0
23815,2026-05-11 15:14:52.600000+00:00,52.1707982,21.1556217,91.2,38.1,0.036,0.031,0.95,0,37.73058938893992,,151.40746888807595,0.0,2.0
23820,2026-05-11 15:14:53.100000+00:00,52.170753,21.1556479,91.1,38.57,0.068,0.041,0.986,0,38.40597434878712,,156.71743341119642,0.0,2.0
23825,2026-05-11 15:14:53.600000+00:00,52.1707073,21.1556753,91.0,39.23,0.007,0.017,0.961,0,38.982798909832276,,162.11375764536191,0.0,2.0
23830,2026-05-11 15:14:54.100000+00:00,52.170661,21.1557017,90.9,39.39,0.015,0.023,0.974,0,39.2691881116318,,162.83034999786295,0.0,2.0
23835,2026-05-11 15:14:54.600000+00:00,52.1706144,21.1557279,90.7,39.6,0.007,0.021,0.972,0,39.46386741856355,,157.3500158217097,0.0,2.0
23840,2026-05-11 15:14:55.100000+00:00,52.1705678,21.1557553,90.7,39.65,0.026,0.05,0.976,0,39.659863600961714,,151.84443875004746,0.0,2.0
23845,2026-05-11 15:14:55.600000+00:00,52.1705212,21.1557831,90.6,39.75,0.013,0.036,0.955,0,39.72692634292616,,146.33067509322336,0.0,2.0
23850,2026-05-11 15:14:56.100000+00:00,52.1704744,21.1558105,90.5,39.79,0.01,0.026,0.962,0,39.81053608737346,,140.8043972249535,0.0,2.0
23855,2026-05-11 15:14:56.600000+00:00,52.1704275,21.1558379,90.4,40.03,0.011,0.025,0.989,0,39.88589996046789,,135.26777156358503,0.0,2.0
23860,2026-05-11 15:14:57.100000+00:00,52.1703806,21.1558649,90.2,39.87,-0.004,0.018,0.956,0,39.82008287219586,,129.7396956677716,0.0,2.0
23865,2026-05-11 15:14:57.600000+00:00,52.1703338,21.1558922,90.2,39.57,-0.013,0.035,0.993,0,39.793983117809404,,124.21625071288321,0.0,2.0
23870,2026-05-11 15:14:58.100000+00:00,52.1702872,21.1559191,90.1,39.37,-0.006,0.038,0.951,0,39.57728004107282,,118.72254689363085,0.0,2.0
23875,2026-05-11 15:14:58.600000+00:00,52.1702408,21.1559469,90.1,39.26,-0.002,0.042,0.98,0,39.57662264518102,,113.23201194296863,0.0,2.0
23880,2026-05-11 15:14:59.100000+00:00,52.1701945,21.1559743,90.0,39.03,0.004,0.022,0.962,0,39.434047464806184,,107.76081905263055,0.0,2.0
23885,2026-05-11 15:14:59.600000+00:00,52.1701483,21.156,89.9,38.65,-0.018,0.01,0.974,0,39.08133777798694,,102.33503718717331,0.0,2.0
23890,2026-05-11 15:15:00.100000+00:00,52.1701025,21.1560244,89.8,38.08,-0.01,0.016,0.971,0,38.575387522798415,,96.97807861608693,0.0,2.0
23895,2026-05-11 15:15:00.600000+00:00,52.1700571,21.1560475,89.7,37.65,-0.021,0.024,0.97,0,38.07610883228526,,91.6897680959728,0.0,2.0
23900,2026-05-11 15:15:01.100000+00:00,52.1700122,21.1560708,89.7,37.4,-0.023,0.03,0.976,0,37.72384106675642,,86.45059869674166,0.0,2.0
23905,2026-05-11 15:15:01.600000+00:00,52.169968,21.1560938,89.6,36.9,-0.009,0.033,0.954,0,37.1451534208709,,81.29187657838054,0.0,2.0
23910,2026-05-11 15:15:02.100000+00:00,52.1699242,21.1561162,89.6,36.44,-0.014,0.032,0.987,0,36.75095778814248,28.0,76.18769634197955,0.0,2.0
23915,2026-05-11 15:15:02.600000+00:00,52.1698807,21.1561382,89.6,36.28,-0.014,0.035,0.964,0,36.463189050486164,28.0,71.12340577071755,0.0,2.0
23920,2026-05-11 15:15:03.100000+00:00,52.1698382,21.156161,89.5,35.84,-0.011,0.078,0.988,0,35.820143056333336,28.0,66.14959634138336,0.0,2.0
23925,2026-05-11 15:15:03.600000+00:00,52.1697968,21.1561843,89.5,35.06,0.0,0.079,0.96,0,35.06402297202316,28.0,61.28326458748835,0.0,2.0
23930,2026-05-11 15:15:04.100000+00:00,52.169756,21.1562088,89.5,34.73,-0.003,0.08,0.975,0,34.8095325676503,28.0,56.45832117978385,0.0,2.0
23935,2026-05-11 15:15:04.600000+00:00,52.1697158,21.1562319,89.4,34.21,-0.004,0.056,0.968,0,34.124555718676355,28.0,51.72579802146617,0.0,2.0
23940,2026-05-11 15:15:05.100000+00:00,52.1696761,21.1562557,89.4,33.83,-0.009,0.034,0.969,0,33.86435594031414,28.0,47.035188558791134,0.0,2.0
23945,2026-05-11 15:15:05.600000+00:00,52.1696366,21.1562791,89.4,33.47,-0.03,0.004,0.97,0,33.64654174802545,28.0,42.37605460733975,0.0,2.0
23950,2026-05-11 15:15:06.100000+00:00,52.1695972,21.1562985,89.2,32.82,-0.066,-0.004,0.973,0,32.95078939404481,28.0,37.80133677691161,0.0,2.0
23955,2026-05-11 15:15:06.600000+00:00,52.1695597,21.1563144,89.1,30.42,-0.104,0.029,0.964,0,31.021182911138077,28.0,33.49305086023097,0.0,2.0
23960,2026-05-11 15:15:07.100000+00:00,52.169524,21.1563301,89.0,29.31,-0.06,0.055,0.998,0,29.60297943047539,28.0,29.38153114205526,0.0,2.0
23965,2026-05-11 15:15:07.600000+00:00,52.1694895,21.1563464,88.9,28.76,-0.026,0.044,0.929,0,28.75710133642008,28.0,25.388148956099165,0.0,2.0
23970,2026-05-11 15:15:08.100000+00:00,52.1694562,21.1563622,88.8,27.45,-0.045,0.077,1.0,0,27.766024652207086,28.0,21.532729856089155,0.0,2.0
23975,2026-05-11 15:15:08.600000+00:00,52.1694241,21.1563784,88.8,26.45,-0.045,0.007,0.977,0,26.90233183114112,28.0,17.800165497467674,0.0,2.0
23980,2026-05-11 15:15:09.100000+00:00,52.1693933,21.1563945,88.7,25.8,-0.036,0.076,0.998,0,25.894883034130498,28.0,14.21180104642583,0.0,2.0
23985,2026-05-11 15:15:09.600000+00:00,52.1693645,21.1564123,88.6,24.59,-0.082,0.038,0.944,0,24.65841254797491,28.0,10.823551072494782,0.0,2.0
23990,2026-05-11 15:15:10.100000+00:00,52.1693386,21.1564293,88.6,21.93,-0.105,0.048,0.97,0,22.352815466642593,28.0,7.795362429163974,0.0,2.0
23995,2026-05-11 15:15:10.600000+00:00,52.1693158,21.1564437,88.5,18.88,-0.17,0.023,0.974,0,19.575423978578943,28.0,5.204141537140109,0.0,2.0
24000,2026-05-11 15:15:11.100000+00:00,52.1692964,21.1564564,88.5,15.97,-0.156,0.046,0.967,0,16.73688520209774,28.0,3.1808472016752445,0.0,2.0
24005,2026-05-11 15:15:11.600000+00:00,52.1692801,21.1564669,88.4,13.11,-0.163,0.057,0.973,0,14.031434497776313,28.0,2.0445498555137394,0.0,2.0
24010,2026-05-11 15:15:12.100000+00:00,52.1692679,21.1564756,88.4,9.64,-0.19,0.045,0.98,0,10.660739501585246,28.0,2.226658247244703,0.0,2.0
24015,2026-05-11 15:15:12.600000+00:00,52.1692592,21.1564815,88.3,6.62,-0.202,0.017,0.969,0,7.543734477310924,28.0,2.842819538844578,0.0,2.0
24020,2026-05-11 15:15:13.100000+00:00,52.1692541,21.1564848,88.2,3.38,-0.179,0.024,0.973,0,4.3928656502353185,28.0,3.2972203720244844,0.0,2.0
24025,2026-05-11 15:15:13.600000+00:00,52.1692524,21.1564853,88.2,0.44,-0.152,0.028,0.984,0,1.382993255998973,28.0,3.424814143194711,0.0,2.0
24030,2026-05-11 15:15:14.100000+00:00,52.1692522,21.1564852,88.3,0.43,-0.012,-0.015,0.964,0,0.16748071150224414,28.0,3.431128590037642,0.0,2.0
24035,2026-05-11 15:15:14.600000+00:00,52.1692518,21.1564854,88.3,0.05,-0.007,-0.021,0.973,0,0.3349614329364807,28.0,3.4669143981812782,0.0,2.0
24040,2026-05-11 15:15:15.100000+00:00,52.1692515,21.156486,88.4,0.15,-0.002,-0.017,0.974,0,0.3801163521622066,28.0,3.519450598110192,0.0,2.0
24045,2026-05-11 15:15:15.600000+00:00,52.1692512,21.1564862,88.4,0.12,-0.001,-0.018,0.975,0,0.25948323161392467,28.0,3.5493177269827587,0.0,2.0
24050,2026-05-11 15:15:16.100000+00:00,52.1692509,21.1564866,88.5,0.22,-0.007,-0.02,0.973,0,0.310266628552106,28.0,3.590585980302243,0.0,2.0
24055,2026-05-11 15:15:16.600000+00:00,52.1692505,21.156487,88.5,0.08,-0.001,-0.02,0.968,0,0.37567672235626975,28.0,3.6381722491568973,0.0,2.0
24060,2026-05-11 15:15:17.100000+00:00,52.1692503,21.1564874,88.5,0.08,0.0,-0.02,0.973,0,0.25341090612200917,28.0,3.673248184854669,0.0,2.0
24065,2026-05-11 15:15:17.600000+00:00,52.1692498,21.1564877,88.5,0.02,-0.002,-0.021,0.976,0,0.4265464339830792,28.0,3.721744359293497,0.0,2.0
24070,2026-05-11 15:15:18.100000+00:00,52.1692492,21.1564879,88.5,0.02,0.0,-0.022,0.976,0,0.49029821936105566,28.0,3.7714790955926283,0.0,2.0
24075,2026-05-11 15:15:18.600000+00:00,52.1692487,21.1564888,88.6,0.15,0.001,-0.019,0.975,0,0.5962758637962167,28.0,3.8537815056151308,0.0,2.0
24080,2026-05-11 15:15:19.100000+00:00,52.1692482,21.15649,88.7,0.01,-0.008,-0.024,0.976,0,0.7123535461759782,28.0,3.952678819542438,0.0,2.0
24085,2026-05-11 15:15:19.600000+00:00,52.1692478,21.1564912,88.8,0.08,-0.005,-0.022,0.978,0,0.6706419660582226,28.0,4.045087998427511,0.0,2.0
24090,2026-05-11 15:15:20.100000+00:00,52.1692474,21.1564923,88.9,0.11,0.003,-0.021,0.978,0,0.6279363991241609,28.0,4.131978833552129,0.0,2.0
24095,2026-05-11 15:15:20.600000+00:00,52.1692471,21.1564932,89.0,0.09,-0.005,-0.023,0.975,0,0.5029814816969808,28.0,4.201322798353177,0.0,2.0
24100,2026-05-11 15:15:21.100000+00:00,52.1692468,21.156494,89.1,0.04,0.002,-0.018,0.973,0,0.4604354049232441,28.0,4.265120126789282,0.0,2.0
24105,2026-05-11 15:15:21.600000+00:00,52.1692464,21.1564952,89.2,0.08,0.003,-0.025,0.974,0,0.6706419847807255,28.0,4.357615838620026,0.0,2.0
24110,2026-05-11 15:15:22.100000+00:00,52.169246,21.1564962,89.3,0.26,0.013,-0.028,0.975,0,0.5862336681390283,28.0,4.438983150583488,0.0,2.0
24115,2026-05-11 15:15:22.600000+00:00,52.1692446,21.1564981,89.4,1.2,0.055,-0.03,0.955,0,1.4583277123028404,28.0,4.634882225524496,0.0,2.0
24120,2026-05-11 15:15:23.100000+00:00,52.1692425,21.1565003,89.5,1.9,0.032,-0.031,0.979,0,1.998413921625122,28.0,4.894271128365032,0.0,2.0
24125,2026-05-11 15:15:23.600000+00:00,52.1692396,21.1565032,89.6,2.54,0.031,-0.031,0.974,0,2.72365638785618,28.0,5.2481564955772235,0.0,2.0
24130,2026-05-11 15:15:24.100000+00:00,52.1692361,21.1565068,89.6,3.2,0.035,-0.016,0.967,0,3.313108637901163,28.0,5.684668567631334,0.0,2.0
24135,2026-05-11 15:15:24.600000+00:00,52.1692325,21.156511,89.5,3.74,0.055,-0.033,0.98,0,3.544036633596146,28.0,6.162730344980824,0.0,2.0
24140,2026-05-11 15:15:25.100000+00:00,52.1692278,21.1565174,89.4,5.56,0.085,-0.032,0.96,0,4.902553384746258,28.0,6.836185913127047,0.0,2.0
24145,2026-05-11 15:15:25.600000+00:00,52.1692208,21.156525,89.5,6.99,0.076,-0.012,0.983,0,6.733065230205525,28.0,7.745938659751369,0.0,2.0
24150,2026-05-11 15:15:26.100000+00:00,52.1692126,21.1565344,89.5,8.9,0.102,-0.04,0.961,0,8.025181028590039,28.0,8.842277501113777,0.0,2.0
24155,2026-05-11 15:15:26.600000+00:00,52.1692021,21.1565463,89.5,11.04,0.119,-0.05,0.962,0,10.23771944026635,28.0,10.24547313425606,0.0,2.0
24160,2026-05-11 15:15:27.100000+00:00,52.1691889,21.1565623,89.5,14.1,0.137,-0.031,0.976,0,13.16843105732162,28.0,12.06345624283016,0.0,2.0
24165,2026-05-11 15:15:27.600000+00:00,52.1691736,21.1565813,89.6,16.15,0.11,-0.044,0.963,0,15.397617146380277,28.0,14.194774441638526,0.0,2.0
24170,2026-05-11 15:15:28.100000+00:00,52.1691557,21.1566032,89.7,18.94,0.153,-0.065,0.975,0,17.91685395059796,28.0,16.675930785885157,0.0,2.0
24175,2026-05-11 15:15:28.600000+00:00,52.1691349,21.1566269,89.7,21.12,0.128,-0.098,0.951,0,20.316008466113438,28.0,19.48444090957897,0.0,2.0
24180,2026-05-11 15:15:29.100000+00:00,52.1691109,21.1566494,89.7,22.89,0.064,-0.099,0.989,0,22.164424212604498,28.0,22.52104050101059,0.0,2.0
24185,2026-05-11 15:15:29.600000+00:00,52.1690848,21.1566733,89.8,24.74,0.059,-0.066,0.946,0,23.965826115545347,28.0,25.810952551844856,0.0,2.0
24190,2026-05-11 15:15:30.100000+00:00,52.1690569,21.1566967,89.8,25.32,0.009,-0.069,0.959,0,25.118926177116112,28.0,29.250504002115107,0.0,2.0
24195,2026-05-11 15:15:30.600000+00:00,52.1690279,21.15672,89.8,26.06,0.039,-0.025,0.969,0,25.88344371818005,28.0,32.796447375274376,0.0,2.0
24200,2026-05-11 15:15:31.100000+00:00,52.1689979,21.1567423,89.9,26.14,-0.04,-0.033,0.965,0,26.396493060251505,28.0,36.405654284554416,0.0,2.0
24205,2026-05-11 15:15:31.600000+00:00,52.1689682,21.1567629,90.0,25.68,-0.025,0.0,0.972,0,25.84009588118726,28.0,39.93386043238903,0.0,2.0
24210,2026-05-11 15:15:32.100000+00:00,52.1689388,21.1567827,90.1,25.33,-0.031,0.018,0.977,0,25.466711887004145,28.0,43.41466955851873,0.0,2.0
24215,2026-05-11 15:15:32.600000+00:00,52.1689102,21.1568022,90.2,24.08,-0.09,0.057,0.956,0,24.818741458431287,28.0,46.81737281280274,0.0,2.0
24220,2026-05-11 15:15:33.100000+00:00,52.1688852,21.1568191,90.3,20.24,-0.181,0.105,0.998,0,21.6672503617854,28.0,49.79164992226711,0.0,2.0
24225,2026-05-11 15:15:33.600000+00:00,52.1688636,21.1568334,90.4,17.77,-0.099,0.059,0.963,0,18.664285808949746,28.0,52.354188594789576,0.0,2.0
24230,2026-05-11 15:15:34.100000+00:00,52.1688441,21.1568462,90.5,15.72,-0.096,0.064,0.98,0,16.829507695545264,28.0,54.666234535021154,0.0,2.0
24235,2026-05-11 15:15:34.600000+00:00,52.1688266,21.1568574,90.6,14.19,-0.073,0.066,0.966,0,15.05130834802684,28.0,56.73315963642956,0.0,2.0
24240,2026-05-11 15:15:35.100000+00:00,52.1688113,21.1568676,90.7,12.18,-0.092,0.068,0.975,0,13.233663004921228,28.0,58.5553678641799,0.0,2.0
24245,2026-05-11 15:15:35.600000+00:00,52.1687982,21.156877,90.8,10.94,-0.052,0.042,0.981,0,11.458688323745898,28.0,60.138688138479964,0.0,2.0
24250,2026-05-11 15:15:36.100000+00:00,52.1687856,21.1568842,90.8,10.44,0.005,0.027,0.961,0,10.689220049127556,28.0,61.600538881824846,0.0,2.0
24255,2026-05-11 15:15:36.600000+00:00,52.1687736,21.1568918,90.9,10.02,-0.009,0.031,0.979,0,10.306609919588656,28.0,63.01835890068075,0.0,2.0
24260,2026-05-11 15:15:37.100000+00:00,52.1687624,21.1568988,90.9,8.93,-0.052,0.054,0.976,0,9.603003273639107,28.0,64.3391275426096,0.0,2.0
24265,2026-05-11 15:15:37.600000+00:00,52.1687534,21.1569045,90.9,6.9,-0.099,0.07,0.977,0,7.729957933405771,28.0,65.40330270308051,0.0,2.0
24270,2026-05-11 15:15:38.100000+00:00,52.168747,21.1569088,91.0,4.58,-0.121,0.072,0.981,0,5.541866703344324,28.0,66.16830977355974,0.0,2.0
24275,2026-05-11 15:15:38.600000+00:00,52.1687437,21.1569106,91.0,2.16,-0.104,0.072,0.981,0,2.785920002484063,28.0,66.54917004442434,0.0,2.0
24280,2026-05-11 15:15:39.100000+00:00,52.1687423,21.1569124,91.1,0.79,-0.062,0.052,0.967,0,1.427418882168042,28.0,66.74463971163246,0.0,2.0
24285,2026-05-11 15:15:39.600000+00:00,52.1687422,21.1569134,91.2,0.2,-0.015,0.033,0.989,0,0.49752436229677977,28.0,66.78712979600031,0.0,2.0
24290,2026-05-11 15:15:40.100000+00:00,52.1687419,21.1569143,91.2,0.25,0.013,0.029,0.962,0,0.5029858882042376,28.0,66.84588218754378,0.0,2.0
24295,2026-05-11 15:15:40.600000+00:00,52.1687418,21.1569156,91.3,0.11,0.008,0.028,0.98,0,0.6433536113553875,28.0,66.8983025174577,0.0,2.0
24300,2026-05-11 15:15:41.100000+00:00,52.1687415,21.1569164,91.4,0.05,0.023,0.028,0.972,0,0.4604392085262863,28.0,66.9538281453431,0.0,2.0
24305,2026-05-11 15:15:41.600000+00:00,52.1687411,21.1569173,91.4,0.06,0.01,0.025,0.977,0,0.5457677429555768,28.0,67.02239905325861,0.0,2.0
24310,2026-05-11 15:15:42.100000+00:00,52.1687407,21.1569182,91.5,0.06,0.019,0.028,0.976,0,0.545767743184504,28.0,67.09098551890092,0.0,2.0
24315,2026-05-11 15:15:42.600000+00:00,52.1687403,21.1569192,91.6,0.12,0.018,0.027,0.978,0,0.5862383429075222,28.0,67.16288503258603,0.0,2.0
24320,2026-05-11 15:15:43.100000+00:00,52.16874,21.1569198,91.6,0.11,0.017,0.026,0.977,0,0.38011898384222836,28.0,67.21187399980136,0.0,2.0
24325,2026-05-11 15:15:43.600000+00:00,52.1687402,21.1569204,91.6,0.18,0.045,0.022,0.977,0,0.3353239392465487,28.0,67.21222441319928,0.0,2.0
24330,2026-05-11 15:15:44.100000+00:00,52.1687391,21.1569214,91.7,0.54,0.055,0.013,0.97,0,1.0083102765065977,28.0,67.35226689716814,0.0,2.0
24335,2026-05-11 15:15:44.600000+00:00,52.1687383,21.1569193,91.7,2.33,0.052,0.013,0.978,0,1.2139032994050003,28.0,67.36092118867913,0.0,2.0
24340,2026-05-11 15:15:45.100000+00:00,52.1687361,21.1569197,91.6,2.48,0.044,0.016,0.979,0,1.7722455812864804,28.0,67.58844791710952,0.0,2.0
24345,2026-05-11 15:15:45.600000+00:00,52.1687329,21.1569216,91.6,2.62,0.041,0.013,0.975,0,2.726524800667322,28.0,67.96275783465633,0.0,2.0
24350,2026-05-11 15:15:46.100000+00:00,52.1687291,21.1569237,91.6,3.37,0.044,0.017,0.977,0,3.212303110249234,28.0,68.40220549708022,0.0,2.0
24355,2026-05-11 15:15:46.600000+00:00,52.1687244,21.1569265,91.7,4.13,0.044,0.017,0.976,0,4.006160977589152,28.0,68.95245969836803,0.0,2.0
24360,2026-05-11 15:15:47.100000+00:00,52.168719,21.1569296,91.8,4.48,0.037,0.021,0.977,0,4.583420066125449,28.0,69.58098082587901,0.0,2.0
24365,2026-05-11 15:15:47.600000+00:00,52.1687131,21.1569332,91.9,4.96,0.037,0.019,0.976,0,5.043506054725557,28.0,70.27477264418462,0.0,2.0
24370,2026-05-11 15:15:48.100000+00:00,52.1687073,21.1569363,91.9,4.52,-0.019,0.041,0.968,0,4.886641792212599,28.0,70.94273100223728,0.0,2.0
24375,2026-05-11 15:15:48.600000+00:00,52.1687026,21.1569396,91.9,3.93,-0.005,0.04,0.99,0,4.096919251517609,28.0,71.50959083984672,0.0,2.0
24380,2026-05-11 15:15:49.100000+00:00,52.1686979,21.1569428,92.0,3.98,0.02,0.028,0.964,0,4.077746822484467,28.0,72.0732590039113,0.0,2.0
24385,2026-05-11 15:15:49.600000+00:00,52.168693,21.1569457,92.0,4.02,0.028,0.025,0.981,0,4.173418524338057,28.0,72.64691455364033,0.0,2.0
24390,2026-05-11 15:15:50.100000+00:00,52.1686881,21.1569491,92.0,4.14,0.022,0.028,0.977,0,4.26344402530954,28.0,73.23672920953166,0.0,2.0
24395,2026-05-11 15:15:50.600000+00:00,52.1686826,21.1569517,92.0,4.31,0.025,0.023,0.973,0,4.5846701135405175,28.0,73.85980971556124,0.0,2.0
24400,2026-05-11 15:15:51.100000+00:00,52.1686767,21.1569541,91.9,5.05,0.031,0.025,0.978,0,4.868355321136014,28.0,74.51604569137658,0.0,2.0
24405,2026-05-11 15:15:51.600000+00:00,52.1686708,21.1569565,91.8,4.91,0.04,0.028,0.973,0,4.868355354024474,28.0,75.17263483412304,0.0,2.0
24410,2026-05-11 15:15:52.100000+00:00,52.1686643,21.1569602,91.7,5.43,0.027,0.026,0.978,0,5.511965650272538,28.0,75.92982081797531,0.0,2.0
24415,2026-05-11 15:15:52.600000+00:00,52.1686576,21.1569639,91.7,5.7,0.058,0.018,0.973,0,5.663383820036484,28.0,76.70688246555592,0.0,2.0
24420,2026-05-11 15:15:53.100000+00:00,52.1686493,21.1569685,91.6,7.35,0.108,-0.006,0.969,0,7.018424278243768,28.0,77.6702935154847,0.0,2.0
24425,2026-05-11 15:15:53.600000+00:00,52.1686389,21.1569737,91.6,9.17,0.111,0.005,0.962,0,8.709007394252467,28.0,78.860196999484,0.0,2.0
24430,2026-05-11 15:15:54.100000+00:00,52.1686273,21.1569805,91.6,10.04,0.06,0.012,0.977,0,9.86903521176163,,80.21923381894021,0.0,2.0
24435,2026-05-11 15:15:54.600000+00:00,52.1686145,21.156988,91.6,10.91,0.082,0.008,0.972,0,10.889397448676945,,81.71920588029776,0.0,2.0
24440,2026-05-11 15:15:55.100000+00:00,52.1685998,21.1569967,91.6,13.15,0.119,-0.002,0.963,0,12.520258455763841,,83.44506063104988,0.0,2.0
24445,2026-05-11 15:15:55.600000+00:00,52.1685832,21.1570055,91.6,14.44,0.201,0.019,0.97,0,13.974873603430238,,85.36320020521059,0.0,2.0
24450,2026-05-11 15:15:56.100000+00:00,52.1685647,21.1570155,91.6,15.97,0.066,0.006,0.97,0,15.603937043049307,,87.50793672851015,0.0,2.0
24455,2026-05-11 15:15:56.600000+00:00,52.1685459,21.1570255,91.6,15.69,0.018,0.04,0.966,0,15.83209651647017,,89.68366054250667,0.0,2.0
24460,2026-05-11 15:15:57.100000+00:00,52.1685275,21.1570359,91.6,15.54,-0.013,0.034,0.98,0,15.59119274711475,,91.83255543875265,0.0,2.0
24465,2026-05-11 15:15:57.600000+00:00,52.1685091,21.1570457,91.6,15.89,0.022,0.018,0.969,0,15.497190040213763,,93.96430283679393,0.0,2.0
24470,2026-05-11 15:15:58.100000+00:00,52.1684909,21.1570561,91.5,15.65,0.012,0.025,0.972,0,15.439995596103156,,96.09474128691733,0.0,2.0
24475,2026-05-11 15:15:58.600000+00:00,52.1684715,21.1570675,91.5,16.89,0.088,0.013,0.962,0,16.509705144432157,,98.37559642732326,0.0,2.0
24480,2026-05-11 15:15:59.100000+00:00,52.1684502,21.1570803,91.5,18.72,0.096,-0.002,0.978,0,18.174310557675582,,100.88879762899067,0.0,2.0
24485,2026-05-11 15:15:59.600000+00:00,52.168428,21.1570934,91.5,19.92,0.075,-0.006,0.967,0,18.901665354459226,,103.50172034223901,0.0,2.0
24490,2026-05-11 15:16:00.100000+00:00,52.1684035,21.1571097,91.5,21.29,0.092,0.012,0.949,0,21.184997672662817,,106.43968159170018,0.0,2.0
24495,2026-05-11 15:16:00.600000+00:00,52.1683781,21.1571255,91.4,21.62,0.05,0.013,0.991,0,21.76510801691376,,109.45392919384875,0.0,2.0
24500,2026-05-11 15:16:01.100000+00:00,52.168352,21.1571413,91.5,22.38,0.049,0.007,0.966,0,22.289612343258952,,112.53916205708313,0.0,2.0
24505,2026-05-11 15:16:01.600000+00:00,52.1683246,21.1571578,91.5,23.77,0.072,0.027,0.961,0,23.38499328878995,,115.77617397459724,0.0,2.0
24510,2026-05-11 15:16:02.100000+00:00,52.1682961,21.1571757,91.5,24.52,0.068,0.027,0.975,0,24.451658279124015,,119.16485443350449,0.0,2.0
24515,2026-05-11 15:16:02.600000+00:00,52.1682669,21.157197,91.6,25.71,0.056,0.015,0.965,0,25.61073126920525,,122.72165114612504,0.0,2.0
24520,2026-05-11 15:16:03.100000+00:00,52.1682366,21.1572181,91.7,26.57,0.074,0.024,0.975,0,26.378327694585792,,126.38384274639851,0.0,2.0
24525,2026-05-11 15:16:03.600000+00:00,52.1682055,21.1572394,91.7,27.22,0.044,0.021,0.962,0,27.006394032725407,,130.13264539569772,0.0,2.0
24530,2026-05-11 15:16:04.100000+00:00,52.1681736,21.1572601,91.6,27.8,-0.028,-0.007,0.981,0,27.487701977878086,,133.94541253903105,0.0,2.0
24535,2026-05-11 15:16:04.600000+00:00,52.168141,21.1572816,91.5,28.89,0.054,0.003,0.967,0,28.154111144038954,,137.8519120103645,0.0,2.0
24540,2026-05-11 15:16:05.100000+00:00,52.1681075,21.1573034,91.5,29.3,0.05,0.007,0.976,0,28.877628870283786,,141.8581952001304,0.0,2.0
24545,2026-05-11 15:16:05.600000+00:00,52.1680736,21.1573255,91.4,29.55,0.029,0.017,0.963,0,29.229671875465492,,145.91368358291498,0.0,2.0
24550,2026-05-11 15:16:06.100000+00:00,52.1680395,21.1573486,91.4,29.75,0.032,0.033,0.983,0,29.563322411104267,,150.01773459525543,0.0,2.0
24555,2026-05-11 15:16:06.600000+00:00,52.1680053,21.1573722,91.4,29.91,0.024,0.03,0.969,0,29.732110258759832,,154.14604401950635,0.0,2.0
24560,2026-05-11 15:16:07.100000+00:00,52.1679713,21.1573961,91.4,30.0,0.014,0.043,0.965,0,29.642737715863046,,158.2625382281278,0.0,2.0
24565,2026-05-11 15:16:07.600000+00:00,52.1679377,21.1574201,91.4,29.6,0.002,0.04,0.972,0,29.368612490249724,,162.34130050911693,0.0,2.0
24570,2026-05-11 15:16:08.100000+00:00,52.1679047,21.1574443,91.4,29.04,0.007,0.035,0.973,0,28.969416631745652,,166.3648304213809,0.0,2.0
24575,2026-05-11 15:16:08.600000+00:00,52.1678718,21.1574683,91.4,28.87,0.0,0.038,0.971,0,28.856175249639616,,165.60477029354686,0.0,2.0
24580,2026-05-11 15:16:09.100000+00:00,52.1678394,21.1574921,91.4,28.67,-0.007,0.034,0.965,0,28.450769923487744,,161.66852037124448,0.0,2.0
24585,2026-05-11 15:16:09.600000+00:00,52.1678072,21.1575153,91.3,28.4,-0.023,0.027,0.972,0,28.18448757417346,,157.76740238572188,0.0,2.0
24590,2026-05-11 15:16:10.100000+00:00,52.1677755,21.1575389,91.3,27.91,-0.003,0.027,0.987,0,27.899832254847833,,153.9107187399202,0.0,2.0
24595,2026-05-11 15:16:10.600000+00:00,52.167744,21.1575622,91.3,27.87,-0.002,0.027,0.953,0,27.69307317183075,,150.0826152412629,0.0,2.0
24600,2026-05-11 15:16:11.100000+00:00,52.1677132,21.1575852,91.2,27.12,-0.021,0.039,0.983,0,27.122032370147597,,146.33575992303338,0.0,2.0
24605,2026-05-11 15:16:11.600000+00:00,52.1676829,21.157608,91.2,26.62,-0.013,0.035,0.965,0,26.717307798042814,,142.6470195559269,0.0,2.0
24610,2026-05-11 15:16:12.100000+00:00,52.1676535,21.1576305,91.2,26.01,-0.02,0.024,0.974,0,26.001896378317504,,139.06089275289776,0.0,2.0
24615,2026-05-11 15:16:12.600000+00:00,52.1676248,21.1576528,91.1,25.47,-0.021,0.013,0.963,0,25.45329332009353,,135.55433076030639,0.0,2.0
24620,2026-05-11 15:16:13.100000+00:00,52.1675969,21.1576748,91.1,24.56,-0.022,0.004,0.983,0,24.812148187125214,,132.1402343421355,0.0,2.0
24625,2026-05-11 15:16:13.600000+00:00,52.16757,21.1576956,91.0,23.58,-0.033,-0.001,0.967,0,23.83554695200726,,128.8586509159224,0.0,2.0
24630,2026-05-11 15:16:14.100000+00:00,52.1675435,21.1577154,91.0,23.12,-0.059,-0.02,0.962,0,23.337788326071404,,125.64152161971732,0.0,2.0
24635,2026-05-11 15:16:14.600000+00:00,52.1675185,21.1577309,90.9,20.98,-0.148,-0.024,0.977,0,21.413456812845478,,122.67247992132596,0.0,2.0
24640,2026-05-11 15:16:15.100000+00:00,52.1674958,21.1577451,90.9,19.16,-0.151,-0.041,0.975,0,19.46549850058548,,119.97424206330047,0.0,2.0
24645,2026-05-11 15:16:15.600000+00:00,52.1674747,21.1577549,90.9,17.44,-0.123,-0.083,0.973,0,17.564822507511384,,117.53549226530667,0.0,2.0
24650,2026-05-11 15:16:16.100000+00:00,52.1674544,21.15776,90.8,16.51,-0.111,-0.146,0.953,0,16.444073663715997,,115.27797102752426,0.0,2.0
24655,2026-05-11 15:16:16.600000+00:00,52.1674344,21.1577603,90.7,16.07,-0.093,-0.154,0.969,0,16.01274710536923,,113.15342887496833,0.0,2.0
24660,2026-05-11 15:16:17.100000+00:00,52.1674145,21.1577567,90.7,15.68,-0.097,-0.158,0.953,0,16.02978554619768,,111.12685162602565,0.0,2.0
24665,2026-05-11 15:16:17.600000+00:00,52.1673957,21.1577482,90.6,16.18,-0.125,-0.197,0.96,0,15.619379674140848,,109.33214764181471,0.0,2.0
24670,2026-05-11 15:16:18.100000+00:00,52.1673781,21.1577336,90.5,16.12,-0.129,-0.191,0.926,0,15.809682172468607,,107.81738188102611,0.0,2.0
24675,2026-05-11 15:16:18.600000+00:00,52.1673619,21.1577128,90.4,16.04,-0.131,-0.156,0.967,0,16.508786941703388,,106.62200857377879,0.0,2.0
24680,2026-05-11 15:16:19.100000+00:00,52.1673475,21.1576888,90.3,16.44,-0.066,-0.114,0.945,0,16.486508220543072,,105.73024238225507,0.0,2.0
24685,2026-05-11 15:16:19.600000+00:00,52.1673325,21.1576624,90.4,17.21,-0.041,-0.126,0.992,0,17.671431685437124,,104.88413064119082,0.0,2.0
24690,2026-05-11 15:16:20.100000+00:00,52.1673179,21.1576342,90.4,18.42,-0.038,-0.091,0.918,0,18.121518634759212,,104.18052656313208,0.0,2.0
24695,2026-05-11 15:16:20.600000+00:00,52.1673029,21.157604,90.3,19.59,0.02,-0.059,0.975,0,19.08253985269437,,103.55310818451439,0.0,2.0
24700,2026-05-11 15:16:21.100000+00:00,52.1672858,21.1575724,90.1,20.91,0.054,-0.033,0.96,0,20.69333541223469,,102.82708523672679,0.0,2.0
24705,2026-05-11 15:16:21.600000+00:00,52.1672669,21.157541,90.1,21.87,0.069,0.03,0.981,0,21.603485697222418,,101.99533223468765,0.0,2.0
24710,2026-05-11 15:16:22.100000+00:00,52.1672454,21.1575107,89.9,23.14,0.059,0.061,0.99,0,22.752404408225672,,100.95901041619486,0.0,2.0
24715,2026-05-11 15:16:22.600000+00:00,52.1672207,21.157483,89.9,24.66,0.086,0.108,0.969,0,24.00143849370928,,99.61653064131201,0.0,2.0
24720,2026-05-11 15:16:23.100000+00:00,52.167193,21.1574572,89.7,26.23,0.099,0.103,0.956,0,25.540506776306493,,98.02031188252673,0.0,2.0
24725,2026-05-11 15:16:23.600000+00:00,52.1671626,21.1574345,89.6,27.13,0.063,0.11,0.984,0,26.769590089822476,,96.16099034101313,0.0,2.0
24730,2026-05-11 15:16:24.100000+00:00,52.1671301,21.1574151,89.5,27.76,0.019,0.144,0.971,0,27.708753080142618,,94.08878729470477,0.0,2.0
24735,2026-05-11 15:16:24.600000+00:00,52.1670961,21.157402,89.4,28.22,0.054,0.176,0.973,0,27.97031244618024,,91.72582019505401,0.0,2.0
24740,2026-05-11 15:16:25.100000+00:00,52.1670613,21.1573932,89.3,28.34,0.02,0.162,0.971,0,28.19413343466349,,89.20643968458235,0.0,2.0
24745,2026-05-11 15:16:25.600000+00:00,52.167027,21.1573898,89.0,26.51,0.021,0.154,0.982,0,27.511407884264095,,86.57480979813731,0.0,2.0
24750,2026-05-11 15:16:26.100000+00:00,52.1669917,21.1573921,88.8,27.95,-0.01,0.181,0.98,0,28.283862017595414,,83.67848952448604,0.0,2.0
24755,2026-05-11 15:16:26.600000+00:00,52.166957,21.1574006,88.8,27.85,0.027,0.213,0.976,0,28.092757396206053,,80.60272254395558,0.0,2.0
24760,2026-05-11 15:16:27.100000+00:00,52.166923,21.157415,88.8,27.54,0.02,0.169,0.971,0,28.124001641009848,29.0,77.34835204700349,0.0,2.0
24765,2026-05-11 15:16:27.600000+00:00,52.1668906,21.1574346,88.8,27.71,0.025,0.162,0.964,0,27.667616505265823,29.0,73.99647986368802,0.0,2.0
24770,2026-05-11 15:16:28.100000+00:00,52.1668588,21.1574591,88.8,27.76,0.028,0.165,0.969,0,28.158751821706527,29.0,70.4731802427786,0.0,2.0
24775,2026-05-11 15:16:28.600000+00:00,52.1668276,21.1574879,89.0,27.92,0.07,0.168,0.958,0,28.704602377501438,29.0,66.79848035310553,0.0,2.0
24780,2026-05-11 15:16:29.100000+00:00,52.1667989,21.1575213,89.0,27.97,0.05,0.171,1.0,0,28.230573745788604,29.0,63.06945739069371,0.0,2.0
24785,2026-05-11 15:16:29.600000+00:00,52.1667723,21.1575589,88.9,28.27,0.016,0.155,0.975,0,28.185790959103507,29.0,59.26387302370473,0.0,2.0
24790,2026-05-11 15:16:30.100000+00:00,52.1667479,21.1575987,88.9,27.51,0.048,0.164,0.955,0,27.633033481389187,29.0,55.487117495293816,0.0,2.0
24795,2026-05-11 15:16:30.600000+00:00,52.1667257,21.1576436,88.9,28.21,0.007,0.152,0.964,0,28.320301332891713,29.0,51.5666500317548,0.0,2.0
24800,2026-05-11 15:16:31.100000+00:00,52.1667062,21.1576906,88.9,27.71,0.018,0.129,0.98,0,27.864165474186333,29.0,47.69662729601949,0.0,2.0
24805,2026-05-11 15:16:31.600000+00:00,52.1666888,21.1577394,89.0,27.69,0.019,0.081,0.967,0,27.718701413408105,29.0,43.85642529351752,0.0,2.0
24810,2026-05-11 15:16:32.100000+00:00,52.1666721,21.1577878,88.9,27.5,0.003,0.003,0.962,0,27.2699714868723,29.0,40.08492481967106,0.0,2.0
24815,2026-05-11 15:16:32.600000+00:00,52.1666545,21.1578354,89.0,27.33,-0.02,-0.071,0.974,0,27.29319673180046,29.0,36.30334667959365,0.0,2.0
24820,2026-05-11 15:16:33.100000+00:00,52.1666362,21.1578811,89.1,26.44,-0.035,-0.064,0.986,0,26.800727303771385,29.0,32.58387991950283,0.0,2.0
24825,2026-05-11 15:16:33.600000+00:00,52.166618,21.1579261,89.1,26.45,-0.024,-0.034,0.974,0,26.469409788735447,29.0,28.91037688065815,0.0,2.0
24830,2026-05-11 15:16:34.100000+00:00,52.1665996,21.1579699,89.1,25.94,-0.032,-0.017,0.968,0,26.069630358127835,29.0,25.29077659847919,0.0,2.0
24835,2026-05-11 15:16:34.600000+00:00,52.1665815,21.1580121,89.2,25.07,-0.033,-0.01,0.965,0,25.286873956588984,29.0,21.77934216848015,0.0,2.0
24840,2026-05-11 15:16:35.100000+00:00,52.1665637,21.1580527,89.3,24.2,-0.03,-0.014,0.978,0,24.506658995444866,29.0,18.375845027889664,0.0,2.0
24845,2026-05-11 15:16:35.600000+00:00,52.1665462,21.1580923,89.3,23.61,-0.032,-0.016,0.96,0,23.967666335511936,29.0,15.047139227327996,0.0,2.0
24850,2026-05-11 15:16:36.100000+00:00,52.1665299,21.1581312,89.5,22.74,-0.035,0.022,0.987,0,23.134408070390663,29.0,11.836532853630006,0.0,2.0
24855,2026-05-11 15:16:36.600000+00:00,52.1665156,21.1581679,89.5,20.27,-0.102,0.08,0.944,0,21.35103641686143,29.0,8.88310954108568,0.0,2.0
24860,2026-05-11 15:16:37.100000+00:00,52.1665041,21.1582017,89.6,18.67,-0.073,0.069,0.985,0,18.980554942611043,29.0,6.29666040818069,0.0,2.0
24865,2026-05-11 15:16:37.600000+00:00,52.1664938,21.158234,89.6,17.91,-0.054,0.005,0.961,0,17.87692343010174,29.0,3.9476915305652955,0.0,2.0
24870,2026-05-11 15:16:38.100000+00:00,52.1664837,21.1582647,89.7,16.89,-0.048,-0.039,0.979,0,17.107364618097897,29.0,2.0010702540469163,0.0,2.0
24875,2026-05-11 15:16:38.600000+00:00,52.1664737,21.1582931,89.8,15.62,-0.06,-0.027,0.973,0,16.0808829397616,29.0,1.7931222436471097,0.0,2.0
24880,2026-05-11 15:16:39.100000+00:00,52.1664645,21.1583199,89.8,14.52,-0.06,0.024,0.957,0,15.081501114223423,29.0,3.407442670340667,0.0,2.0
24885,2026-05-11 15:16:39.600000+00:00,52.1664568,21.1583434,89.8,12.39,-0.097,0.022,0.98,0,13.0834056800574,29.0,5.10959646708932,0.0,2.0
24890,2026-05-11 15:16:40.100000+00:00,52.1664506,21.1583629,89.9,9.76,-0.157,0.019,0.97,0,10.785840595663897,29.0,6.5634320914305615,0.0,2.0
24895,2026-05-11 15:16:40.600000+00:00,52.1664462,21.158377,89.8,6.97,-0.156,0.013,0.978,0,7.768608314230117,29.0,7.622659966790514,0.0,2.0
24900,2026-05-11 15:16:41.100000+00:00,52.1664435,21.1583859,89.8,4.28,-0.146,0.022,0.964,0,4.8758378602303,29.0,8.29127387208428,0.0,2.0
24905,2026-05-11 15:16:41.600000+00:00,52.1664425,21.1583894,89.8,0.96,-0.157,0.025,0.98,0,1.8960488820798909,29.0,8.552479964134456,0.0,2.0
24910,2026-05-11 15:16:42.100000+00:00,52.1664426,21.1583894,89.8,0.09,-0.047,-0.023,0.99,0,0.08006034546355068,29.0,8.549089119152258,0.0,2.0
24915,2026-05-11 15:16:42.600000+00:00,52.1664427,21.1583897,89.8,0.24,0.01,-0.029,0.956,0,0.16766865169934975,29.0,8.565211719450325,0.0,2.0
24920,2026-05-11 15:16:43.100000+00:00,52.1664427,21.1583897,89.8,0.09,0.003,-0.021,0.98,0,0.0,29.0,8.565211719450325,0.0,2.0
24925,2026-05-11 15:16:43.600000+00:00,52.166443,21.1583896,89.7,0.31,0.01,-0.026,0.965,0,0.2451497302793599,29.0,8.548672130019643,0.0,2.0
24930,2026-05-11 15:16:44.100000+00:00,52.166443,21.1583898,89.7,0.09,0.005,-0.031,0.977,0,0.09821318597921051,29.0,8.561689083614612,0.0,2.0
24935,2026-05-11 15:16:44.600000+00:00,52.166443,21.1583898,89.7,0.01,0.004,-0.025,0.965,0,0.0,29.0,8.561689083614612,0.0,2.0
24940,2026-05-11 15:16:45.100000+00:00,52.166443,21.15839,89.7,0.08,0.0,-0.03,0.969,0,0.09821318754107258,29.0,8.574707976616715,0.0,2.0
24945,2026-05-11 15:16:45.600000+00:00,52.1664429,21.1583901,89.7,0.18,0.002,-0.029,0.971,0,0.09392079812007287,29.0,8.58453868993615,0.0,2.0
24950,2026-05-11 15:16:46.100000+00:00,52.1664428,21.1583901,89.7,0.03,0.004,-0.026,0.974,0,0.08006035055627692,29.0,8.58787234624735,0.0,2.0
24955,2026-05-11 15:16:46.600000+00:00,52.1664428,21.1583903,89.7,0.18,0.003,-0.029,0.978,0,0.09821318798251058,29.0,8.600884057100531,0.0,2.0
24960,2026-05-11 15:16:47.100000+00:00,52.1664427,21.1583902,89.7,0.21,0.002,-0.031,0.977,0,0.09392079905209735,29.0,8.597722179830157,0.0,2.0
24965,2026-05-11 15:16:47.600000+00:00,52.1664424,21.1583904,89.6,0.51,0.006,-0.028,0.974,0,0.25948557336261474,29.0,8.62082560989749,0.0,2.0
24970,2026-05-11 15:16:48.100000+00:00,52.1664426,21.1583902,89.6,0.42,0.004,-0.031,0.974,0,0.18784160191724353,29.0,8.601079476846929,0.0,2.0
24975,2026-05-11 15:16:48.600000+00:00,52.1664426,21.1583903,89.6,0.03,0.007,-0.029,0.973,0,0.04910659421197429,29.0,8.607580510744778,0.0,2.0
24980,2026-05-11 15:16:49.100000+00:00,52.1664426,21.1583902,89.5,0.15,0.006,-0.029,0.978,0,0.04910659421197429,29.0,8.601079476846929,0.0,2.0
24985,2026-05-11 15:16:49.600000+00:00,52.1664424,21.1583902,89.5,0.14,0.003,-0.028,0.974,0,0.1601206960198276,29.0,8.607833234932505,0.0,2.0
24990,2026-05-11 15:16:50.100000+00:00,52.1664423,21.1583902,89.4,0.16,0.003,-0.028,0.976,0,0.08006034546355068,29.0,8.611229665070438,0.0,2.0
24995,2026-05-11 15:16:50.600000+00:00,52.1664422,21.1583902,89.4,0.1,0.006,-0.028,0.975,0,0.08006035055627692,29.0,8.614639109024653,0.0,2.0
25000,2026-05-11 15:16:51.100000+00:00,52.1664421,21.1583904,89.3,0.1,0.008,-0.027,0.976,0,0.12671025682417286,29.0,8.631038529212203,0.0,2.0
25005,2026-05-11 15:16:51.600000+00:00,52.1664421,21.1583904,89.3,0.01,0.008,-0.033,0.973,0,0.0,29.0,8.631038529212203,0.0,2.0
25010,2026-05-11 15:16:52.100000+00:00,52.166442,21.1583903,89.3,0.04,0.004,-0.029,0.977,0,0.09392079863938711,29.0,8.627982625253257,0.0,2.0
25015,2026-05-11 15:16:52.600000+00:00,52.166442,21.1583903,89.3,0.13,0.007,-0.027,0.976,0,0.0,29.0,8.627982625253257,0.0,2.0
25020,2026-05-11 15:16:53.100000+00:00,52.166442,21.1583904,89.4,0.24,0.005,-0.032,0.977,0,0.04910659331226919,29.0,8.63446879061565,0.0,2.0
25025,2026-05-11 15:16:53.600000+00:00,52.166442,21.1583904,89.4,0.08,0.004,-0.034,0.974,0,0.0,29.0,8.63446879061565,0.0,2.0
25030,2026-05-11 15:16:54.100000+00:00,52.166442,21.1583903,89.4,0.11,0.008,-0.031,0.975,0,0.04910659331226919,29.0,8.627982625253257,0.0,2.0
25035,2026-05-11 15:16:54.600000+00:00,52.166442,21.1583901,89.3,0.14,0.007,-0.033,0.975,0,0.09821318974826253,29.0,8.615011842673514,0.0,2.0
25040,2026-05-11 15:16:55.100000+00:00,52.166442,21.15839,89.3,0.1,0.005,-0.031,0.976,0,0.04910659331226919,29.0,8.608527228201977,0.0,2.0
25045,2026-05-11 15:16:55.600000+00:00,52.1664422,21.1583903,89.3,0.03,0.003,-0.031,0.977,0,0.21758160318929914,29.0,8.621129917920195,0.0,2.0
25050,2026-05-11 15:16:56.100000+00:00,52.1664423,21.1583907,89.2,0.03,0.005,-0.031,0.975,0,0.21211549034941957,29.0,8.643701585558128,0.0,2.0
25055,2026-05-11 15:16:56.600000+00:00,52.1664424,21.1583911,89.2,0.04,0.007,-0.032,0.975,0,0.2121154865721074,29.0,8.666314613279468,0.0,2.0
25060,2026-05-11 15:16:57.100000+00:00,52.1664425,21.1583913,89.2,0.04,0.007,-0.031,0.973,0,0.12671026073931235,29.0,8.675960392588717,0.0,2.0
25065,2026-05-11 15:16:57.600000+00:00,52.1664426,21.1583915,89.1,0.08,0.007,-0.032,0.976,0,0.12671025613985523,29.0,8.685631117820066,0.0,2.0
25070,2026-05-11 15:16:58.100000+00:00,52.1664428,21.1583918,89.1,0.1,0.002,-0.033,0.976,0,0.21758160184430272,29.0,8.698533319846174,0.0,2.0
25075,2026-05-11 15:16:58.600000+00:00,52.166443,21.158392,89.0,0.02,0.006,-0.032,0.977,0,0.18784160145563086,29.0,8.705001646421493,0.0,2.0
25080,2026-05-11 15:16:59.100000+00:00,52.1664432,21.1583922,89.0,0.01,0.007,-0.032,0.974,0,0.1878416020414458,29.0,8.711543301664017,0.0,2.0
25085,2026-05-11 15:16:59.600000+00:00,52.1664435,21.1583924,88.9,0.04,0.006,-0.033,0.973,0,0.2594855726942919,29.0,8.71495942650937,0.0,2.0
25090,2026-05-11 15:17:00.100000+00:00,52.1664437,21.1583925,88.9,0.06,0.003,-0.034,0.976,0,0.16748162520284413,29.0,8.715139361951865,0.0,2.0
25095,2026-05-11 15:17:00.600000+00:00,52.166444,21.1583927,88.9,0.05,0.006,-0.034,0.972,0,0.2594855675627393,29.0,8.718798811003678,0.0,2.0
25100,2026-05-11 15:17:01.100000+00:00,52.1664442,21.1583928,88.9,0.05,0.006,-0.034,0.975,0,0.16748162504105388,29.0,8.719136480326167,0.0,2.0
25105,2026-05-11 15:17:01.600000+00:00,52.1664444,21.1583928,88.9,0.09,0.004,-0.033,0.975,0,0.16012070111255383,29.0,8.712979881596048,0.0,2.0
25110,2026-05-11 15:17:02.100000+00:00,52.1664447,21.1583928,88.9,0.08,0.007,-0.035,0.973,0,0.24018103639065203,29.0,8.703843361175364,0.0,2.0
25115,2026-05-11 15:17:02.600000+00:00,52.166445,21.1583926,88.8,0.08,0.003,-0.035,0.975,0,0.25948557674618966,29.0,8.681686404043015,0.0,2.0
25120,2026-05-11 15:17:03.100000+00:00,52.1664453,21.1583925,88.8,0.1,0.0,-0.037,0.973,0,0.24514972446854486,29.0,8.6661979520365,0.0,2.0
25125,2026-05-11 15:17:03.600000+00:00,52.1664456,21.1583922,88.8,0.08,0.005,-0.037,0.974,0,0.2817624003481669,29.0,8.637653101917376,0.0,2.0
25130,2026-05-11 15:17:04.100000+00:00,52.166446,21.1583919,88.7,0.07,0.002,-0.036,0.975,0,0.3525020009699797,29.0,8.606311470376111,0.0,2.0
25135,2026-05-11 15:17:04.600000+00:00,52.1664463,21.1583916,88.7,0.2,0.008,-0.034,0.975,0,0.281762390454109,29.0,8.577967646232368,0.0,2.0
25140,2026-05-11 15:17:05.100000+00:00,52.1664467,21.1583912,88.7,0.11,0.002,-0.035,0.976,0,0.37568319541885487,29.0,8.54030849464401,0.0,2.0
25145,2026-05-11 15:17:05.600000+00:00,52.166447,21.1583906,88.6,0.09,0.001,-0.038,0.975,0,0.3801307475609215,29.0,8.492345377942325,0.0,2.0
25150,2026-05-11 15:17:06.100000+00:00,52.1664474,21.1583901,88.6,0.04,0.003,-0.037,0.975,0,0.4035355982850069,29.0,8.448321409518613,0.0,2.0
25155,2026-05-11 15:17:06.600000+00:00,52.1664477,21.1583896,88.6,0.1,0.001,-0.038,0.976,0,0.34347249551056946,29.0,8.4071250503059,0.0,2.0
25160,2026-05-11 15:17:07.100000+00:00,52.1664481,21.1583892,88.5,0.2,0.006,-0.036,0.974,0,0.3756831878464038,29.0,8.369969097149056,0.0,2.0
25165,2026-05-11 15:17:07.600000+00:00,52.1664484,21.1583885,88.5,0.31,0.002,-0.036,0.976,0,0.4193427286431274,29.0,8.315690064327653,0.0,2.0
25170,2026-05-11 15:17:08.100000+00:00,52.1664487,21.1583877,88.4,0.03,0.002,-0.036,0.975,0,0.46045648285124546,29.0,8.254832274768937,0.0,2.0
25175,2026-05-11 15:17:08.600000+00:00,52.166449,21.158387,88.4,0.08,0.003,-0.039,0.975,0,0.41934272484361634,29.0,8.200658159348913,0.0,2.0
25180,2026-05-11 15:17:09.100000+00:00,52.1664493,21.1583862,88.3,0.21,0.005,-0.036,0.974,0,0.46045647966427794,29.0,8.139899520540212,0.0,2.0
25185,2026-05-11 15:17:09.600000+00:00,52.1664495,21.1583852,88.3,0.13,0.003,-0.036,0.973,0,0.5165116813436601,29.0,8.068423327188952,0.0,2.0
25190,2026-05-11 15:17:10.100000+00:00,52.1664498,21.1583846,88.3,0.06,0.005,-0.038,0.975,0,0.3801307396258065,29.0,8.021021156263824,0.0,2.0
25195,2026-05-11 15:17:10.600000+00:00,52.16645,21.1583838,88.2,0.03,0.005,-0.035,0.973,0,0.42423091431004584,29.0,7.96286318972307,0.0,2.0
25200,2026-05-11 15:17:11.100000+00:00,52.1664502,21.158383,88.2,0.05,0.003,-0.037,0.976,0,0.424230913150745,29.0,7.904716524499546,0.0,2.0
25205,2026-05-11 15:17:11.600000+00:00,52.1664504,21.1583823,88.2,0.09,0.0,-0.04,0.977,0,0.379209726156359,29.0,7.853233165109767,0.0,2.0
25210,2026-05-11 15:17:12.100000+00:00,52.1664507,21.1583817,88.2,0.06,0.003,-0.037,0.972,0,0.38013072857110647,29.0,7.805988811726729,0.0,2.0
25215,2026-05-11 15:17:12.600000+00:00,52.1664509,21.1583811,88.2,0.08,0.003,-0.039,0.975,0,0.33533725841412015,29.0,7.761214018746987,0.0,2.0
25220,2026-05-11 15:17:13.100000+00:00,52.1664511,21.1583806,88.2,0.05,0.0,-0.04,0.974,0,0.29312975433417926,29.0,7.723121963530847,0.0,2.0
25225,2026-05-11 15:17:13.600000+00:00,52.1664514,21.1583801,88.2,0.05,0.003,-0.039,0.974,0,0.3434724855934419,29.0,7.682699404078734,0.0,2.0
25230,2026-05-11 15:17:14.100000+00:00,52.1664516,21.1583797,88.2,0.07,0.004,-0.035,0.974,0,0.25342048487427354,29.0,7.651351315214606,0.0,2.0
25235,2026-05-11 15:17:14.600000+00:00,52.1664517,21.1583791,88.2,0.07,0.004,-0.036,0.975,0,0.30532293589887366,29.0,7.609008634529952,0.0,2.0
25240,2026-05-11 15:17:15.100000+00:00,52.1664519,21.1583787,88.3,0.06,0.001,-0.041,0.976,0,0.25342048184061877,29.0,7.5776991443217385,0.0,2.0
25245,2026-05-11 15:17:15.600000+00:00,52.1664521,21.1583782,88.3,0.04,0.0,-0.041,0.976,0,0.293129749712183,29.0,7.539748273980482,0.0,2.0
25250,2026-05-11 15:17:16.100000+00:00,52.1664522,21.1583778,88.3,0.0,0.005,-0.038,0.975,0,0.21211544987949987,29.0,7.5107686340315265,0.0,2.0
25255,2026-05-11 15:17:16.600000+00:00,52.1664523,21.1583773,88.3,0.13,0.003,-0.036,0.974,0,0.258255824930966,29.0,7.475115394417957,0.0,2.0
25260,2026-05-11 15:17:17.100000+00:00,52.1664524,21.1583769,88.3,0.11,0.003,-0.037,0.976,0,0.21211544713973926,29.0,7.446142318099417,0.0,2.0
25265,2026-05-11 15:17:17.600000+00:00,52.1664525,21.1583767,88.3,0.06,0.003,-0.039,0.973,0,0.1267102392029933,29.0,7.430532026937727,0.0,2.0
25270,2026-05-11 15:17:18.100000+00:00,52.1664526,21.1583764,88.4,0.06,0.003,-0.042,0.975,0,0.16766862533221827,29.0,7.408249531492435,0.0,2.0
25275,2026-05-11 15:17:18.600000+00:00,52.1664527,21.1583761,88.4,0.01,0.004,-0.038,0.974,0,0.16766862260958698,29.0,7.385973235740099,0.0,2.0
25280,2026-05-11 15:17:19.100000+00:00,52.1664527,21.1583758,88.4,0.05,0.0,-0.041,0.976,0,0.14731974763513078,29.0,7.365927660397269,0.0,2.0
25285,2026-05-11 15:17:19.600000+00:00,52.1664528,21.1583755,88.4,0.08,0.001,-0.038,0.975,0,0.16766862612273148,29.0,7.3436538399811315,0.0,2.0
25290,2026-05-11 15:17:20.100000+00:00,52.1664529,21.1583752,88.5,0.09,0.005,-0.037,0.974,0,0.16766862202779168,29.0,7.321386326954647,0.0,2.0
25295,2026-05-11 15:17:20.600000+00:00,52.1664529,21.1583748,88.5,0.12,0.002,-0.039,0.974,0,0.19642632825605708,29.0,7.294652329689978,0.0,2.0
25300,2026-05-11 15:17:21.100000+00:00,52.166453,21.1583744,88.5,0.05,0.002,-0.041,0.973,0,0.2121154446870167,29.0,7.265701965851413,0.0,2.0
25305,2026-05-11 15:17:21.600000+00:00,52.1664531,21.1583742,88.5,0.04,0.002,-0.04,0.973,0,0.12671023817651678,29.0,7.250126294894122,0.0,2.0
25310,2026-05-11 15:17:22.100000+00:00,52.1664533,21.1583738,88.4,0.07,0.001,-0.039,0.972,0,0.2534204802681731,29.0,7.21900284204627,0.0,2.0
25315,2026-05-11 15:17:22.600000+00:00,52.1664534,21.1583735,88.4,0.12,0.004,-0.034,0.977,0,0.16766862300503718,29.0,7.196765194102654,0.0,2.0
25320,2026-05-11 15:17:23.100000+00:00,52.1664534,21.1583733,88.4,0.21,0.004,-0.035,0.976,0,0.09821316302443343,29.0,7.183385956377625,0.0,2.0
25325,2026-05-11 15:17:23.600000+00:00,52.1664535,21.1583734,88.4,0.1,0.001,-0.037,0.974,0,0.0939207920614067,29.0,7.187916977564875,0.0,2.0
25330,2026-05-11 15:17:24.100000+00:00,52.1664535,21.1583735,88.5,0.14,0.0,-0.038,0.977,0,0.04910658218278804,29.0,7.194608726354646,0.0,2.0
25335,2026-05-11 15:17:24.600000+00:00,52.1664535,21.1583737,88.5,0.12,0.001,-0.041,0.972,0,0.0982131628037144,29.0,7.207992946992197,0.0,2.0
25340,2026-05-11 15:17:25.100000+00:00,52.1664536,21.1583741,88.5,0.24,0.004,-0.043,0.973,0,0.21211544223429413,29.0,7.232636219936746,0.0,2.0
25345,2026-05-11 15:17:25.600000+00:00,52.1664537,21.1583743,88.5,0.09,-0.002,-0.043,0.974,0,0.1267102371500403,29.0,7.243919570213317,0.0,2.0
25350,2026-05-11 15:17:26.100000+00:00,52.1664537,21.1583745,88.6,0.13,0.002,-0.041,0.973,0,0.09821316392413804,29.0,7.25731540539417,0.0,2.0
25355,2026-05-11 15:17:26.600000+00:00,52.1664538,21.1583749,88.6,0.03,0.002,-0.04,0.972,0,0.2121154418925678,29.0,7.28203013789067,0.0,2.0
25360,2026-05-11 15:17:27.100000+00:00,52.1664538,21.1583752,88.6,0.05,0.0,-0.043,0.974,0,0.1473197439932668,29.0,7.3021340257286464,0.0,2.0
25365,2026-05-11 15:17:27.600000+00:00,52.1664538,21.1583755,88.6,0.11,0.001,-0.044,0.971,0,0.1473197439932668,29.0,7.322239892359182,0.0,2.0
25370,2026-05-11 15:17:28.100000+00:00,52.1664538,21.158376,88.7,0.08,0.003,-0.042,0.975,0,0.2455329076966858,29.0,7.355754023463763,0.0,2.0
25375,2026-05-11 15:17:28.600000+00:00,52.1664537,21.1583765,88.7,0.07,0.001,-0.042,0.977,0,0.2582558186405309,29.0,7.391323021654532,0.0,2.0
25380,2026-05-11 15:17:29.100000+00:00,52.1664537,21.1583769,88.7,0.11,0.006,-0.04,0.975,0,0.19642632628641438,29.0,7.418135041489246,0.0,2.0
25385,2026-05-11 15:17:29.600000+00:00,52.1664537,21.1583773,88.8,0.1,-0.001,-0.044,0.977,0,0.19642632628641438,29.0,7.444950471963817,0.0,2.0
25390,2026-05-11 15:17:30.100000+00:00,52.1664537,21.1583777,88.8,0.03,0.0,-0.04,0.974,0,0.1964263247245527,29.0,7.471769276143654,0.0,2.0
25395,2026-05-11 15:17:30.600000+00:00,52.1664536,21.158378,88.9,0.09,-0.007,-0.042,0.968,0,0.16766861970061056,29.0,7.493923497808186,0.0,2.0
25400,2026-05-11 15:17:31.100000+00:00,52.1664536,21.1583785,88.9,0.13,-0.001,-0.046,0.972,0,0.24553290880028095,29.0,7.527445710541998,0.0,2.0
25405,2026-05-11 15:17:31.600000+00:00,52.1664536,21.1583788,88.9,0.14,0.003,-0.042,0.975,0,0.14731974465542388,29.0,7.547561530656016,0.0,2.0
25410,2026-05-11 15:17:32.100000+00:00,52.1664534,21.158379,88.9,0.03,-0.002,-0.041,0.976,0,0.1878415848817328,29.0,7.565060219563767,0.0,2.0
25415,2026-05-11 15:17:32.600000+00:00,52.1664534,21.1583794,89.0,0.31,0.013,-0.051,0.977,0,0.19642632761072853,29.0,7.591871381106139,0.0,2.0
25420,2026-05-11 15:17:33.100000+00:00,52.166453,21.1583811,89.0,1.01,0.078,-0.057,0.976,0,0.8941283165622377,29.0,7.714066521694764,0.0,2.0
25425,2026-05-11 15:17:33.600000+00:00,52.1664515,21.1583866,89.0,3.67,0.148,-0.065,0.962,0,2.9558127875397395,29.0,8.114335687995226,0.0,2.0
25430,2026-05-11 15:17:34.100000+00:00,52.1664491,21.1583973,89.0,6.44,0.154,-0.05,0.972,0,5.594705673107987,29.0,8.883353891657958,0.0,2.0
25435,2026-05-11 15:17:34.600000+00:00,52.1664458,21.1584138,89.0,9.23,0.215,-0.039,0.951,0,8.522443091958545,29.0,10.061591544511362,0.0,2.0
25440,2026-05-11 15:17:35.100000+00:00,52.166442,21.1584367,89.0,12.41,0.214,-0.034,0.989,0,11.649668903753643,29.0,11.678537101329692,0.0,2.0
25445,2026-05-11 15:17:35.600000+00:00,52.1664369,21.158465,89.0,15.08,0.143,-0.075,0.949,0,14.484570212160865,29.0,13.687667369207784,0.0,2.0
25450,2026-05-11 15:17:36.100000+00:00,52.1664313,21.1584992,89.0,17.86,0.151,-0.04,0.975,0,17.382592423691325,29.0,16.10141010577045,0.0,2.0
25455,2026-05-11 15:17:36.600000+00:00,52.1664246,21.1585391,89.1,20.7,0.079,-0.121,0.936,0,20.31451858894932,29.0,18.92210713901738,0.0,2.0
25460,2026-05-11 15:17:37.100000+00:00,52.166416,21.158582,89.1,22.21,0.106,-0.078,0.996,0,22.16333328545591,29.0,21.99383893057104,0.0,2.0
25465,2026-05-11 15:17:37.600000+00:00,52.1664069,21.1586281,89.2,24.01,0.063,-0.094,0.963,0,23.78159949231651,29.0,25.292369739738355,0.0,2.0
25470,2026-05-11 15:17:38.100000+00:00,52.1663958,21.1586764,89.2,25.8,0.056,-0.142,0.951,0,25.328659128423798,29.0,28.79612207313359,0.0,2.0
25475,2026-05-11 15:17:38.600000+00:00,52.1663827,21.1587261,89.2,27.04,0.011,-0.153,0.974,0,26.564060426226543,29.0,32.457388873388346,0.0,2.0
25480,2026-05-11 15:17:39.100000+00:00,52.1663674,21.158778,89.3,28.67,0.122,-0.123,0.955,0,28.277169239045907,29.0,36.34076426254719,0.0,2.0
25485,2026-05-11 15:17:39.600000+00:00,52.1663502,21.1588311,89.3,29.74,0.043,-0.124,0.974,0,29.48835192983199,29.0,40.37725549200626,0.0,2.0
25490,2026-05-11 15:17:40.100000+00:00,52.1663315,21.158886,89.3,31.12,0.067,-0.099,0.957,0,30.83761358868549,29.0,44.596012712988134,0.0,2.0
25495,2026-05-11 15:17:40.600000+00:00,52.1663109,21.1589418,89.3,32.11,0.025,-0.128,0.966,0,31.98195524816142,29.0,48.957516054467625,0.0,2.0
25500,2026-05-11 15:17:41.100000+00:00,52.1662882,21.1589981,89.4,33.38,0.007,-0.154,0.953,0,33.08542775639439,29.0,53.44996546368817,0.0,2.0
25505,2026-05-11 15:17:41.600000+00:00,52.1662634,21.1590535,89.4,34.15,0.045,-0.129,0.964,0,33.67996632377397,29.0,57.99218688708024,0.0,2.0
25510,2026-05-11 15:17:42.100000+00:00,52.1662367,21.1591092,89.4,35.27,0.019,-0.107,0.954,0,34.714506492145645,29.0,62.65878218552204,0.0,2.0
25515,2026-05-11 15:17:42.600000+00:00,52.166209,21.159166,89.5,36.06,0.027,-0.102,0.977,0,35.63437249786198,29.0,67.46222974323737,0.0,2.0
25520,2026-05-11 15:17:43.100000+00:00,52.1661796,21.1592232,89.5,37.01,0.03,-0.138,0.953,0,36.64729775811177,29.0,72.39283568927164,0.0,2.0
25525,2026-05-11 15:17:43.600000+00:00,52.1661478,21.1592802,89.5,38.17,-0.031,-0.181,0.972,0,37.83731959338829,29.0,77.45347964237418,0.0,2.0
25530,2026-05-11 15:17:44.100000+00:00,52.1661139,21.1593369,89.6,39.38,0.051,-0.14,0.949,0,38.88280316309465,,82.63078692838927,0.0,2.0
25535,2026-05-11 15:17:44.600000+00:00,52.1660785,21.1593928,89.6,39.65,0.012,-0.079,0.971,0,39.456041981420654,,87.86903634789378,0.0,2.0
25540,2026-05-11 15:17:45.100000+00:00,52.1660425,21.1594493,89.7,40.11,0.031,-0.032,0.968,0,40.00628183592031,,93.20413231290998,0.0,2.0
25545,2026-05-11 15:17:45.600000+00:00,52.1660067,21.1595074,89.7,40.56,0.039,-0.008,0.98,0,40.44152414138156,,98.64551218013384,0.0,2.0
25550,2026-05-11 15:17:46.100000+00:00,52.1659709,21.1595677,89.9,41.39,0.034,-0.008,0.958,0,41.210837310979116,,104.23292123637718,0.0,2.0
25555,2026-05-11 15:17:46.600000+00:00,52.1659348,21.1596287,89.9,41.87,0.043,-0.036,0.98,0,41.6249480473782,,109.89256364469401,0.0,2.0
25560,2026-05-11 15:17:47.100000+00:00,52.1658989,21.1596899,90.1,41.76,-0.02,-0.044,0.93,0,41.58487206544828,,115.56354185774259,0.0,2.0
25565,2026-05-11 15:17:47.600000+00:00,52.1658627,21.1597497,90.1,41.14,-0.042,-0.046,0.991,0,41.2591325435568,,121.18332807418307,0.0,2.0
25570,2026-05-11 15:17:48.100000+00:00,52.1658268,21.1598089,90.2,40.73,-0.04,-0.041,0.971,0,40.88074184327755,,126.76043267218587,0.0,2.0
25575,2026-05-11 15:17:48.600000+00:00,52.1657912,21.1598664,90.3,39.83,-0.034,-0.04,0.962,0,40.12038663317434,,132.23170432540113,0.0,2.0
25580,2026-05-11 15:17:49.100000+00:00,52.1657555,21.1599229,90.4,39.9,-0.041,-0.077,0.967,0,39.83372120650541,,137.66159852239096,0.0,2.0
25585,2026-05-11 15:17:49.600000+00:00,52.1657192,21.1599769,90.4,39.38,-0.086,-0.132,0.965,0,39.34206009331602,,140.19398687094915,0.0,2.0
25590,2026-05-11 15:17:50.100000+00:00,52.1656813,21.1600269,90.5,39.16,-0.108,-0.181,0.972,0,39.032990630939466,,135.62211737207895,0.0,2.0
25595,2026-05-11 15:17:50.600000+00:00,52.1656417,21.1600729,90.5,39.34,-0.085,-0.188,0.942,0,38.9283887009912,,130.94861426798465,0.0,2.0
25600,2026-05-11 15:17:51.100000+00:00,52.1656001,21.1601152,90.5,39.52,-0.089,-0.208,0.965,0,39.252077704807796,,126.12705661118763,0.0,2.0
25605,2026-05-11 15:17:51.600000+00:00,52.1655566,21.1601535,90.6,39.62,-0.101,-0.206,0.949,0,39.58049768505351,,121.15920082367327,0.0,2.0
25610,2026-05-11 15:17:52.100000+00:00,52.1655114,21.1601864,90.5,39.78,-0.038,-0.17,0.944,0,39.63014316700274,,116.05889118782692,0.0,2.0
25615,2026-05-11 15:17:52.600000+00:00,52.1654648,21.1602149,90.5,39.77,-0.097,-0.209,0.953,0,39.84689440230167,,110.84388769253657,0.0,2.0
25620,2026-05-11 15:17:53.100000+00:00,52.1654169,21.1602372,90.4,40.26,-0.072,-0.222,0.95,0,39.881867893835036,,105.51400869485465,0.0,2.0
25625,2026-05-11 15:17:53.600000+00:00,52.1653674,21.1602542,90.3,40.86,-0.067,-0.23,0.939,0,40.49964390393771,,100.02233704306812,0.0,2.0
25630,2026-05-11 15:17:54.100000+00:00,52.1653165,21.1602656,90.3,41.25,-0.064,-0.218,0.957,0,41.133462844389946,,94.38013490949862,0.0,2.0
25635,2026-05-11 15:17:54.600000+00:00,52.1652649,21.160271,90.2,41.54,-0.059,-0.2,0.945,0,41.39616397915835,,88.6553520362798,0.0,2.0
25640,2026-05-11 15:17:55.100000+00:00,52.1652127,21.1602727,90.0,41.93,-0.039,-0.118,0.964,0,41.79983880683616,,82.85806200439114,0.0,2.0
25645,2026-05-11 15:17:55.600000+00:00,52.1651601,21.1602738,90.0,42.03,-0.034,-0.035,0.968,0,42.115207098262275,30.0,77.01597125625761,0.0,2.0
25650,2026-05-11 15:17:56.100000+00:00,52.165108,21.1602754,89.9,41.65,-0.04,-0.026,0.979,0,41.718840707319636,30.0,71.2320907506184,0.0,2.0
25655,2026-05-11 15:17:56.600000+00:00,52.1650564,21.1602768,89.8,41.21,-0.033,-0.032,0.953,0,41.31685966386688,30.0,65.50491520847072,0.0,2.0
25660,2026-05-11 15:17:57.100000+00:00,52.1650053,21.160278,89.8,40.55,-0.042,-0.028,0.984,0,40.91508144110181,30.0,59.83466811828297,0.0,2.0
25665,2026-05-11 15:17:57.600000+00:00,52.1649547,21.160279,89.7,40.19,-0.058,-0.025,0.957,0,40.51351209044363,30.0,54.221668928550415,0.0,2.0
25670,2026-05-11 15:17:58.100000+00:00,52.1649055,21.1602798,89.7,38.9,-0.107,-0.017,0.973,0,39.39164995981709,30.0,48.76621708593295,0.0,2.0
25675,2026-05-11 15:17:58.600000+00:00,52.1648583,21.1602789,89.6,37.31,-0.114,-0.056,0.971,0,37.791068458445466,30.0,43.527351507398436,0.0,2.0
25680,2026-05-11 15:17:59.100000+00:00,52.1648126,21.1602756,89.5,36.27,-0.123,-0.097,0.962,0,36.62345121986856,30.0,38.443790622478694,0.0,2.0
25685,2026-05-11 15:17:59.600000+00:00,52.1647684,21.1602696,89.5,34.8,-0.136,-0.083,0.966,0,35.50913333120176,30.0,33.511978819368565,0.0,2.0
25690,2026-05-11 15:18:00.100000+00:00,52.1647274,21.1602613,89.4,32.38,-0.174,-0.059,0.973,0,33.07684245283167,30.0,28.922861030573763,0.0,2.0
25695,2026-05-11 15:18:00.600000+00:00,52.1646891,21.1602522,89.4,30.16,-0.155,-0.028,0.971,0,30.987051068308457,30.0,24.63178283963863,0.0,2.0
25700,2026-05-11 15:18:01.100000+00:00,52.1646537,21.1602433,89.4,27.9,-0.144,-0.021,0.963,0,28.67639319401401,30.0,20.668814623705845,0.0,2.0
25705,2026-05-11 15:18:01.600000+00:00,52.1646203,21.1602355,89.4,26.32,-0.075,0.041,0.984,0,27.013116058080108,30.0,16.939141734188365,0.0,2.0
25710,2026-05-11 15:18:02.100000+00:00,52.1645881,21.1602319,89.4,25.43,-0.036,0.105,0.971,0,25.839980860292926,30.0,13.355139459016089,0.0,2.0
25715,2026-05-11 15:18:02.600000+00:00,52.1645574,21.1602315,89.4,23.84,-0.096,0.068,0.956,0,24.579311539366106,30.0,9.941352908608573,0.0,2.0
25720,2026-05-11 15:18:03.100000+00:00,52.1645293,21.1602326,89.3,21.59,-0.135,0.054,0.978,0,22.50344219640796,30.0,6.818555486752848,0.0,2.0
25725,2026-05-11 15:18:03.600000+00:00,52.164505,21.1602339,89.3,18.25,-0.206,0.028,0.961,0,19.46513645366292,30.0,4.122802661784391,0.0,2.0
25730,2026-05-11 15:18:04.100000+00:00,52.1644848,21.1602348,89.3,15.2,-0.192,0.029,0.992,0,16.178228547173205,30.0,1.8965465188459707,0.0,2.0
25735,2026-05-11 15:18:04.600000+00:00,52.1644689,21.160235,89.2,11.46,-0.215,0.034,0.936,0,12.729974100642849,30.0,0.3554134155252468,0.0,2.0
25740,2026-05-11 15:18:05.100000+00:00,52.1644578,21.1602345,89.1,7.38,-0.231,0.047,0.998,0,8.890090137421046,30.0,1.1749846518468712,0.0,2.0
25745,2026-05-11 15:18:05.600000+00:00,52.1644515,21.1602346,89.0,3.51,-0.242,0.043,0.965,0,5.044040943500743,30.0,1.8613498522670826,0.0,2.0
25750,2026-05-11 15:18:06.100000+00:00,52.1644493,21.1602344,89.1,0.85,-0.155,0.027,0.984,0,1.7640639825695954,30.0,2.1008906949356096,0.0,2.0
25755,2026-05-11 15:18:06.600000+00:00,52.1644489,21.1602351,89.1,0.08,-0.042,-0.002,0.977,0,0.4698154496644211,30.0,2.1521214836418965,0.0,2.0
25760,2026-05-11 15:18:07.100000+00:00,52.1644485,21.160236,89.2,0.11,-0.01,-0.014,0.963,0,0.5458022648948783,30.0,2.2065826053993636,0.0,2.0
25765,2026-05-11 15:18:07.600000+00:00,52.164448,21.1602371,89.3,0.05,-0.022,-0.015,0.977,0,0.6723496108673527,30.0,2.276013923956504,0.0,2.0
25770,2026-05-11 15:18:08.100000+00:00,52.1644475,21.1602382,89.4,0.12,-0.011,-0.014,0.971,0,0.6723496127118624,30.0,2.3471072233752643,0.0,2.0
25775,2026-05-11 15:18:08.600000+00:00,52.164447,21.1602395,89.5,0.01,-0.01,-0.014,0.973,0,0.7535345757125383,30.0,2.4233278110629657,0.0,2.0
25780,2026-05-11 15:18:09.100000+00:00,52.1644464,21.1602408,89.6,0.04,-0.012,-0.013,0.971,0,0.7989496958965286,30.0,2.5122339936201215,0.0,2.0
25785,2026-05-11 15:18:09.600000+00:00,52.1644459,21.1602421,89.7,0.05,-0.012,-0.011,0.968,0,0.7535345890826015,30.0,2.592291314530722,0.0,2.0
25790,2026-05-11 15:18:10.100000+00:00,52.1644454,21.1602433,89.8,0.06,-0.014,-0.017,0.977,0,0.7124061592070917,30.0,2.6717249227920727,0.0,2.0
25795,2026-05-11 15:18:10.600000+00:00,52.1644449,21.1602446,89.9,0.01,-0.008,-0.015,0.976,0,0.7535345972084747,30.0,2.754881476757757,0.0,2.0
25800,2026-05-11 15:18:11.100000+00:00,52.1644444,21.160246,90.0,0.12,-0.008,-0.013,0.975,0,0.7955687310703963,30.0,2.8420725899453645,0.0,2.0
25805,2026-05-11 15:18:11.600000+00:00,52.1644438,21.1602473,90.1,0.17,-0.009,-0.016,0.975,0,0.7989497257021287,30.0,2.938260797780095,0.0,2.0
25810,2026-05-11 15:18:12.100000+00:00,52.1644433,21.1602485,90.2,0.23,-0.012,-0.016,0.974,0,0.7124061806419457,30.0,3.022505612515825,0.0,2.0
25815,2026-05-11 15:18:12.600000+00:00,52.1644427,21.16025,90.3,0.14,-0.01,-0.014,0.977,0,0.8794171042433937,30.0,3.12652059523059,0.0,2.0
25820,2026-05-11 15:18:13.100000+00:00,52.164442,21.1602518,90.4,0.05,-0.012,-0.014,0.973,0,1.0466402403878812,30.0,3.2510246129750318,0.0,2.0
25825,2026-05-11 15:18:13.600000+00:00,52.1644414,21.1602535,90.5,0.1,-0.004,-0.013,0.979,0,0.9631830754646757,30.0,3.3641701179597536,0.0,2.0
25830,2026-05-11 15:18:14.100000+00:00,52.1644405,21.1602553,90.7,0.49,0.014,-0.016,0.976,0,1.140423137331565,30.0,3.511168405713809,0.0,2.0
25835,2026-05-11 15:18:14.600000+00:00,52.1644382,21.1602564,90.7,2.47,0.099,-0.037,0.963,0,1.9189899304239737,30.0,3.77125496205056,0.0,2.0
25840,2026-05-11 15:18:15.100000+00:00,52.164433,21.1602579,90.7,4.94,0.167,-0.033,0.965,0,4.227806206767295,30.0,4.332154231403739,0.0,2.0
25845,2026-05-11 15:18:15.600000+00:00,52.1644237,21.1602601,90.7,8.15,0.176,-0.045,0.953,0,7.523589137223648,30.0,5.336640467873943,0.0,2.0
25850,2026-05-11 15:18:16.100000+00:00,52.1644104,21.1602638,90.7,11.35,0.116,-0.052,1.0,0,10.80194645752633,30.0,6.807100803774513,0.0,2.0
25855,2026-05-11 15:18:16.600000+00:00,52.1643943,21.1602663,90.4,13.34,0.173,-0.039,0.948,0,12.948052948393801,30.0,8.560911304543193,0.0,2.0
25860,2026-05-11 15:18:17.100000+00:00,52.1643738,21.1602721,90.3,17.64,0.185,-0.018,0.984,0,16.657695556264986,30.0,10.861030125338575,0.0,2.0
25865,2026-05-11 15:18:17.600000+00:00,52.1643496,21.1602799,90.3,20.48,0.118,-0.03,0.932,0,19.749631916609967,30.0,13.598299969606042,0.0,2.0
25870,2026-05-11 15:18:18.100000+00:00,52.1643233,21.1602898,90.3,21.79,0.107,0.006,1.016,0,21.60987388746434,30.0,16.59883668688613,0.0,2.0
25875,2026-05-11 15:18:18.600000+00:00,52.164295,21.1603008,90.3,23.8,0.098,-0.027,0.943,0,23.292158104410003,30.0,19.833585155425677,0.0,2.0
25880,2026-05-11 15:18:19.100000+00:00,52.1642648,21.1603131,90.3,25.38,0.055,-0.035,0.977,0,24.921337137478904,30.0,23.294880090611553,0.0,2.0
25885,2026-05-11 15:18:19.600000+00:00,52.1642328,21.1603268,90.3,26.86,0.073,-0.034,0.99,0,26.48800126058844,30.0,26.973575819911414,0.0,2.0
25890,2026-05-11 15:18:20.100000+00:00,52.1641993,21.1603414,90.4,28.24,0.021,-0.024,0.96,0,27.76205640765572,30.0,30.829089267540294,0.0,2.0
25895,2026-05-11 15:18:20.600000+00:00,52.1641641,21.1603595,90.5,29.79,0.099,0.015,0.967,0,29.549825741732462,30.0,34.92744993871376,0.0,2.0
25900,2026-05-11 15:18:21.100000+00:00,52.1641279,21.1603799,90.5,31.18,0.069,0.007,0.979,0,30.664522753935138,30.0,39.17511783065902,0.0,2.0
25905,2026-05-11 15:18:21.600000+00:00,52.1640905,21.1604021,90.6,32.22,0.084,0.002,0.972,0,31.8655962904167,30.0,43.58648850169926,0.0,2.0
25910,2026-05-11 15:18:22.100000+00:00,52.1640522,21.1604261,90.6,33.22,0.087,-0.014,0.964,0,32.850285479195485,30.0,48.130678944016935,0.0,2.0
25915,2026-05-11 15:18:22.600000+00:00,52.1640128,21.160451,90.6,33.81,0.082,-0.027,0.976,0,33.83103353158081,30.0,52.81278379326849,0.0,2.0
25920,2026-05-11 15:18:23.100000+00:00,52.1639747,21.160476,90.8,32.38,0.067,-0.03,0.963,0,32.881076986211866,30.0,57.36134896008355,0.0,2.0
25925,2026-05-11 15:18:23.600000+00:00,52.1639355,21.1605032,90.8,34.07,0.055,-0.005,0.956,0,34.1081088924436,30.0,62.07422875380014,0.0,2.0
25930,2026-05-11 15:18:24.100000+00:00,52.163897,21.1605246,90.9,32.61,-0.022,-0.019,0.968,0,32.565616584918025,30.0,66.59604662043544,0.0,2.0
25935,2026-05-11 15:18:24.600000+00:00,52.1638556,21.1605459,91.0,33.95,-0.035,-0.018,0.973,0,34.7564092495837,30.0,71.42332423794954,0.0,2.0
25940,2026-05-11 15:18:25.100000+00:00,52.1638177,21.1605646,91.1,32.82,-0.034,0.008,0.981,0,31.702144911623368,30.0,75.8260730866045,0.0,2.0
25945,2026-05-11 15:18:25.600000+00:00,52.163779,21.1605814,91.1,32.49,-0.024,-0.008,0.958,0,32.06302098162292,,80.27492262349757,0.0,2.0
25950,2026-05-11 15:18:26.100000+00:00,52.1637396,21.1606053,91.1,33.12,-0.026,-0.026,0.968,0,33.656668487389034,,84.94325159003397,0.0,2.0
25955,2026-05-11 15:18:26.600000+00:00,52.1637053,21.160633,91.2,31.2,-0.048,-0.03,0.969,0,30.645413074970936,,89.15168398657809,0.0,2.0
25960,2026-05-11 15:18:27.100000+00:00,52.1636717,21.1606562,91.1,30.5,-0.046,-0.032,0.971,0,29.213613984217584,,93.19438071478771,0.0,2.0
25965,2026-05-11 15:18:27.600000+00:00,52.1636386,21.1606842,90.6,28.77,-0.038,-0.031,0.963,0,29.855160846654424,,97.28930155975408,0.0,2.0
25970,2026-05-11 15:18:28.100000+00:00,52.1636183,21.1607168,90.0,24.95,-0.04,-0.027,0.973,0,22.813332158798445,,100.14674192921105,0.0,2.0
25975,2026-05-11 15:18:28.600000+00:00,52.1636055,21.1607669,89.7,24.91,0.013,-0.038,0.963,0,26.65278827517395,,102.65938504056186,0.0,2.0
25980,2026-05-11 15:18:29.100000+00:00,52.1635758,21.1608093,88.7,27.46,0.009,-0.042,0.976,0,31.606445415505238,,106.78711136438739,0.0,2.0
25985,2026-05-11 15:18:29.600000+00:00,52.1635378,21.1608577,87.7,33.4,0.072,0.0,0.964,0,38.607336849227494,,111.9442284094611,0.0,2.0
25990,2026-05-11 15:18:30.100000+00:00,52.163496,21.1608622,87.0,32.9,0.063,-0.01,0.97,0,33.5381146777375,,116.36579735713885,0.0,2.0
25995,2026-05-11 15:18:30.600000+00:00,52.1634579,21.1608866,86.6,31.83,0.02,0.01,0.965,0,32.77224758624937,,120.91743712028752,0.0,2.0
26000,2026-05-11 15:18:31.100000+00:00,52.1634155,21.1609147,86.1,33.86,0.018,0.067,0.981,0,36.64341299462303,,126.00668999427644,0.0,2.0
26005,2026-05-11 15:18:31.600000+00:00,52.1633743,21.1609497,86.4,34.51,0.021,0.11,0.959,0,37.1946932417418,,131.1474743750406,0.0,2.0
26010,2026-05-11 15:18:32.100000+00:00,52.1633372,21.1609863,86.1,33.94,0.053,0.176,0.98,0,34.71751613709006,,135.90952272690217,0.0,2.0
26015,2026-05-11 15:18:32.600000+00:00,52.1633006,21.1610332,86.6,33.9,0.042,0.187,0.968,0,37.27081154321095,,140.89600089931324,0.0,2.0
26020,2026-05-11 15:18:33.100000+00:00,52.1632665,21.1610809,87.0,34.52,0.039,0.218,0.95,0,35.97326801500918,,145.66240045203176,0.0,2.0
26025,2026-05-11 15:18:33.600000+00:00,52.1632349,21.1611315,87.2,34.65,0.054,0.246,0.961,0,35.461971918418456,,150.27071937032233,0.0,2.0
26030,2026-05-11 15:18:34.100000+00:00,52.1632081,21.1611896,87.5,35.09,0.065,0.258,0.981,0,35.70012935252038,,154.62998058569508,0.0,2.0
26035,2026-05-11 15:18:34.600000+00:00,52.1631854,21.1612536,87.7,35.35,0.092,0.238,0.968,0,36.30647934268374,,158.79082383801793,0.0,2.0
26040,2026-05-11 15:18:35.100000+00:00,52.1631663,21.1613211,87.9,36.09,0.064,0.232,0.964,0,36.5063343674788,,162.7541361079964,0.0,2.0
26045,2026-05-11 15:18:35.600000+00:00,52.1631539,21.1613924,88.1,36.37,0.071,0.219,0.976,0,36.39568727113446,,166.2451847215021,0.0,2.0
26050,2026-05-11 15:18:36.100000+00:00,52.1631433,21.1614703,88.5,37.13,0.02,0.151,0.974,0,39.18682051131765,,169.86488117484166,0.0,2.0
26055,2026-05-11 15:18:36.600000+00:00,52.1631339,21.1615524,89.0,38.46,0.072,0.116,0.957,0,41.015830969254765,,173.6143047088519,0.0,2.0
26060,2026-05-11 15:18:37.100000+00:00,52.1631296,21.1616305,89.3,39.32,0.061,0.074,0.969,0,38.50928987132546,,176.8427631741694,0.0,2.0
26065,2026-05-11 15:18:37.600000+00:00,52.1631272,21.1617044,89.3,40.49,0.073,0.025,0.978,0,36.343304051079464,,179.83678290783857,0.0,2.0
26070,2026-05-11 15:18:38.100000+00:00,52.163127,21.161785,89.4,41.56,0.056,-0.006,0.978,0,39.583187445906475,,182.98591985827787,0.0,2.0
26075,2026-05-11 15:18:38.600000+00:00,52.1631239,21.1618729,89.8,42.27,0.054,-0.01,0.98,0,43.2392003811905,,186.80070053255275,0.0,2.0
26080,2026-05-11 15:18:39.100000+00:00,52.1631198,21.1619591,90.2,43.0,0.051,-0.007,0.98,0,42.46011238621352,,190.74393423891522,0.0,2.0
26085,2026-05-11 15:18:39.600000+00:00,52.1631169,21.1620425,90.3,43.61,0.053,-0.008,0.965,0,41.0237115023698,,194.56150639970318,0.0,2.0
26090,2026-05-11 15:18:40.100000+00:00,52.1631137,21.1621319,90.6,44.5,0.056,-0.006,0.964,0,43.97926116784091,,198.76140079845428,0.0,2.0
26095,2026-05-11 15:18:40.600000+00:00,52.1631109,21.162222,90.8,45.24,0.059,-0.025,0.968,0,44.305099642587315,,203.05707139281657,0.0,2.0
26100,2026-05-11 15:18:41.100000+00:00,52.1631084,21.1623142,91.0,45.84,0.053,-0.019,0.962,0,45.32388565344383,,207.52011732496942,0.0,2.0
26105,2026-05-11 15:18:41.600000+00:00,52.1631054,21.162407,91.2,46.45,0.094,-0.011,0.971,0,45.637580045081016,,212.14446047851854,0.0,2.0
26110,2026-05-11 15:18:42.100000+00:00,52.1631034,21.1625009,91.3,47.1,0.046,-0.021,0.981,0,46.14234118991386,,216.83121767293073,0.0,2.0
26115,2026-05-11 15:18:42.600000+00:00,52.1631026,21.1625963,91.5,47.61,0.065,-0.018,0.96,0,46.8555840240858,,221.5872312842101,0.0,2.0
26120,2026-05-11 15:18:43.100000+00:00,52.1631018,21.1626939,91.6,48.37,0.033,-0.064,0.961,0,47.93591235824008,,226.54168969150993,0.0,2.0
26125,2026-05-11 15:18:43.600000+00:00,52.1631006,21.1627918,91.7,48.33,-0.018,-0.071,0.974,0,48.08856301020388,,231.62620036987965,0.0,2.0
26130,2026-05-11 15:18:44.100000+00:00,52.1630986,21.162889,91.8,48.11,-0.058,-0.107,0.959,0,47.762042533042184,,236.810543078582,0.0,2.0
26135,2026-05-11 15:18:44.600000+00:00,52.1630946,21.1629852,91.8,47.66,-0.06,-0.109,0.965,0,47.352507879153464,,242.15287173145154,0.0,2.0
26140,2026-05-11 15:18:45.100000+00:00,52.1630885,21.1630805,91.8,47.33,-0.028,-0.107,0.966,0,47.05621813329443,,247.65098152250582,0.0,2.0
26145,2026-05-11 15:18:45.600000+00:00,52.1630816,21.1631747,91.8,46.88,-0.064,-0.101,0.953,0,46.59055625579239,,242.50749090876397,0.0,2.0
26150,2026-05-11 15:18:46.100000+00:00,52.1630731,21.1632678,91.8,46.43,-0.05,-0.095,0.951,0,46.22535341219062,,236.53588439896066,0.0,2.0
26155,2026-05-11 15:18:46.600000+00:00,52.1630625,21.16336,91.8,46.18,-0.041,-0.082,0.966,0,46.06811652799312,,230.52131253757165,0.0,2.0
26160,2026-05-11 15:18:47.100000+00:00,52.1630509,21.1634513,91.8,46.01,-0.046,-0.11,0.956,0,45.78941519880738,,224.52247276884736,0.0,2.0
26165,2026-05-11 15:18:47.600000+00:00,52.1630376,21.1635419,91.8,45.91,-0.061,-0.112,0.962,0,45.75034401565104,,218.48468654201616,0.0,2.0
26170,2026-05-11 15:18:48.100000+00:00,52.1630223,21.1636308,91.7,45.18,-0.078,-0.11,0.96,0,45.34491797675808,,212.44417797994842,0.0,2.0
26175,2026-05-11 15:18:48.600000+00:00,52.1630058,21.1637182,91.7,44.95,-0.063,-0.11,0.973,0,44.909257236096984,,206.4326967540854,0.0,2.0
26180,2026-05-11 15:18:49.100000+00:00,52.1629873,21.1638039,91.7,44.51,-0.072,-0.113,0.948,0,44.617681429608744,,200.4100579020496,0.0,2.0
26185,2026-05-11 15:18:49.600000+00:00,52.1629673,21.1638879,91.7,44.06,-0.067,-0.121,0.972,0,44.25128060993972,,194.40257762083615,0.0,2.0
26190,2026-05-11 15:18:50.100000+00:00,52.1629458,21.1639704,91.7,43.82,-0.054,-0.112,0.95,0,44.02092641352265,,188.3957144524998,0.0,2.0
26195,2026-05-11 15:18:50.600000+00:00,52.1629227,21.1640513,91.7,43.62,-0.064,-0.125,0.976,0,43.823827397249794,,182.38600167013806,0.0,2.0
26200,2026-05-11 15:18:51.100000+00:00,52.1628979,21.1641313,91.7,44.44,-0.011,-0.119,0.944,0,44.02042186133672,,176.32502540815938,0.0,2.0
26205,2026-05-11 15:18:51.600000+00:00,52.1628712,21.1642113,91.7,45.14,-0.012,-0.119,0.983,0,44.727148823809515,,170.14746293819599,0.0,2.0
26210,2026-05-11 15:18:52.100000+00:00,52.1628431,21.1642914,91.7,45.73,-0.001,-0.103,0.947,0,45.31617827614749,,163.87781417353384,0.0,2.0
26215,2026-05-11 15:18:52.600000+00:00,52.1628136,21.1643721,91.7,46.38,0.024,-0.077,0.975,0,46.135832392094464,,157.48713936271685,0.0,2.0
26220,2026-05-11 15:18:53.100000+00:00,52.1627832,21.1644534,91.7,47.11,0.007,-0.085,0.957,0,46.76018417305914,,151.00674943527895,0.0,2.0
26225,2026-05-11 15:18:53.600000+00:00,52.1627521,21.1645356,91.7,47.62,0.006,-0.064,0.977,0,47.429959611848574,,144.43249892149657,0.0,2.0
26230,2026-05-11 15:18:54.100000+00:00,52.1627202,21.1646183,91.7,48.22,0.019,-0.05,0.962,0,47.977013639958926,,137.78004424525054,0.0,2.0
26235,2026-05-11 15:18:54.600000+00:00,52.1626877,21.1647016,91.7,48.53,0.013,-0.053,0.978,0,48.482835124656425,,131.0565377986913,0.0,2.0
26240,2026-05-11 15:18:55.100000+00:00,52.1626548,21.164786,91.7,49.37,0.007,-0.04,0.953,0,49.11056024084283,,124.24727245822494,0.0,2.0
26245,2026-05-11 15:18:55.600000+00:00,52.1626218,21.1648703,91.7,49.07,-0.017,-0.03,0.983,0,49.11216562561031,,117.43832220530457,0.0,2.0
26250,2026-05-11 15:18:56.100000+00:00,52.1625891,21.1649543,91.7,48.83,-0.002,-0.008,0.954,0,48.858943451805104,,110.66710736787753,0.0,2.0
26255,2026-05-11 15:18:56.600000+00:00,52.1625566,21.1650383,91.7,48.74,-0.022,-0.016,0.986,0,48.773360071915775,,103.9110585479185,0.0,2.0
26260,2026-05-11 15:18:57.100000+00:00,52.1625243,21.1651221,91.8,48.58,-0.012,-0.014,0.957,0,48.60495799724535,,97.18177294742237,0.0,2.0
26265,2026-05-11 15:18:57.600000+00:00,52.1624921,21.1652057,91.8,48.42,-0.017,-0.016,0.986,0,48.479224194644296,,90.47326352482052,0.0,2.0
26270,2026-05-11 15:18:58.100000+00:00,52.1624598,21.1652889,91.7,48.39,-0.015,-0.017,0.937,0,48.35576220932838,,83.78354342095122,0.0,2.0
26275,2026-05-11 15:18:58.600000+00:00,52.1624279,21.1653723,91.8,48.09,-0.017,-0.026,0.992,0,48.268608465112564,31.0,77.11509899327277,0.0,2.0
26280,2026-05-11 15:18:59.100000+00:00,52.1623957,21.1654553,91.8,48.2,-0.016,-0.022,0.957,0,48.23000295107924,31.0,70.45385920757587,0.0,2.0
26285,2026-05-11 15:18:59.600000+00:00,52.1623635,21.1655386,91.8,48.38,-0.003,-0.024,0.982,0,48.354612474728434,31.0,63.78461198652389,0.0,2.0
26290,2026-05-11 15:19:00.100000+00:00,52.1623313,21.1656222,91.8,48.51,0.0,-0.022,0.971,0,48.47934983142737,31.0,57.110660906360714,0.0,2.0
26295,2026-05-11 15:19:00.600000+00:00,52.1622991,21.165706,91.9,48.48,-0.005,-0.015,0.975,0,48.562587007320985,31.0,50.442209068372726,0.0,2.0
26300,2026-05-11 15:19:01.100000+00:00,52.1622673,21.1657896,92.0,48.22,-0.012,-0.013,0.976,0,48.30986954603377,31.0,43.8373232385534,0.0,2.0
26305,2026-05-11 15:19:01.600000+00:00,52.1622353,21.165873,92.1,48.29,-0.012,-0.016,0.978,0,48.31116695297392,31.0,37.26399167351212,0.0,2.0
26310,2026-05-11 15:19:02.100000+00:00,52.1622033,21.1659559,92.1,48.23,-0.004,-0.016,0.962,0,48.10318273042639,31.0,30.77283381584561,0.0,2.0
26315,2026-05-11 15:19:02.600000+00:00,52.1621713,21.1660386,92.1,48.19,-0.007,-0.019,0.972,0,48.020103059401656,31.0,24.392961220390713,0.0,2.0
26320,2026-05-11 15:19:03.100000+00:00,52.1621391,21.1661209,92.1,48.21,-0.005,-0.018,0.97,0,47.94000409388393,31.0,18.217168240171635,0.0,2.0
26325,2026-05-11 15:19:03.600000+00:00,52.1621069,21.1662029,92.2,47.97,0.0,-0.022,0.975,0,47.815875759899086,31.0,12.55170711080111,0.0,2.0
26330,2026-05-11 15:19:04.100000+00:00,52.1620747,21.1662851,92.2,47.89,0.0,-0.013,0.952,0,47.898654441684336,31.0,8.454387855228807,0.0,2.0
26335,2026-05-11 15:19:04.600000+00:00,52.1620424,21.166367,92.2,47.94,-0.008,-0.022,0.979,0,47.81781827442414,31.0,8.57459010637346,0.0,2.0
26340,2026-05-11 15:19:05.100000+00:00,52.1620103,21.1664492,92.3,47.94,0.005,-0.02,0.956,0,47.855662218729485,31.0,12.82024858328995,0.0,2.0
26345,2026-05-11 15:19:05.600000+00:00,52.161978,21.1665314,92.3,47.98,0.0,-0.027,0.981,0,47.94186485932838,31.0,18.538005276060243,0.0,2.0
26350,2026-05-11 15:19:06.100000+00:00,52.1619453,21.1666127,92.4,47.88,-0.008,-0.017,0.952,0,47.74513750296719,31.0,24.682560678628793,0.0,2.0
26355,2026-05-11 15:19:06.600000+00:00,52.1619129,21.1666943,92.3,47.88,-0.002,0.015,1.01,0,47.73750733828926,31.0,31.037185696259677,0.0,2.0
26360,2026-05-11 15:19:07.100000+00:00,52.1618811,21.1667761,92.4,47.6,0.006,0.012,0.939,0,47.56116240582746,31.0,37.47656235446779,0.0,2.0
26365,2026-05-11 15:19:07.600000+00:00,52.16185,21.1668587,92.4,47.72,0.009,0.018,0.988,0,47.59796987207436,31.0,43.98620718566583,0.0,2.0
26370,2026-05-11 15:19:08.100000+00:00,52.1618191,21.1669415,92.4,48.04,0.009,-0.02,0.952,0,47.598317244517425,31.0,50.525794807525095,0.0,2.0
26375,2026-05-11 15:19:08.600000+00:00,52.161787,21.1670236,92.4,48.01,-0.05,-0.099,0.973,0,47.81441111176872,31.0,57.09354709236447,0.0,2.0
26380,2026-05-11 15:19:09.100000+00:00,52.1617532,21.1671042,92.4,48.11,-0.015,-0.091,0.962,0,47.94959590768432,31.0,63.66527565177273,0.0,2.0
26385,2026-05-11 15:19:09.600000+00:00,52.1617184,21.1671832,92.5,47.84,-0.033,-0.097,0.968,0,47.765514941208714,31.0,70.20533108439479,0.0,2.0
26390,2026-05-11 15:19:10.100000+00:00,52.1616825,21.1672613,92.5,47.91,-0.017,-0.086,0.983,0,47.93007263148114,31.0,76.76315429223085,0.0,2.0
26395,2026-05-11 15:19:10.600000+00:00,52.1616459,21.1673379,92.6,48.0,-0.031,-0.091,0.926,0,47.684938802904206,,83.28326141358055,0.0,2.0
26400,2026-05-11 15:19:11.100000+00:00,52.1616077,21.167413,92.6,48.18,-0.029,-0.089,1.006,0,47.91327555765633,,89.81515512085699,0.0,2.0
26405,2026-05-11 15:19:11.600000+00:00,52.1615689,21.1674866,92.6,47.79,-0.048,-0.086,0.904,0,47.66023139981662,,96.30825436677573,0.0,2.0
26410,2026-05-11 15:19:12.100000+00:00,52.1615291,21.1675587,92.5,47.67,-0.046,-0.072,0.998,0,47.63576270397892,,102.78597245846416,0.0,2.0
26415,2026-05-11 15:19:12.600000+00:00,52.1614895,21.1676298,92.5,47.13,-0.026,-0.025,0.941,0,47.164073804491686,,109.21044150997503,0.0,2.0
26420,2026-05-11 15:19:13.100000+00:00,52.1614502,21.1677004,92.5,46.74,-0.058,-0.01,1.006,0,46.82084323296224,,115.602475422016,0.0,2.0
26425,2026-05-11 15:19:13.600000+00:00,52.1614111,21.1677703,92.5,46.24,0.0,0.002,0.953,0,46.458810841851594,,121.95400933768404,0.0,2.0
26430,2026-05-11 15:19:14.100000+00:00,52.1613728,21.1678404,92.5,46.11,-0.05,-0.005,0.976,0,46.10301681080266,,128.27869444343918,0.0,2.0
26435,2026-05-11 15:19:14.600000+00:00,52.1613346,21.1679095,92.4,45.55,-0.011,0.0,0.968,0,45.68382251502245,,134.54771843261057,0.0,2.0
26440,2026-05-11 15:19:15.100000+00:00,52.1612967,21.167978,92.3,45.26,-0.034,-0.003,0.97,0,45.30415848609421,,140.770987628232,0.0,2.0
26445,2026-05-11 15:19:15.600000+00:00,52.1612596,21.1680465,92.4,44.9,-0.031,0.0,0.967,0,44.877730866772914,,146.9502767178209,0.0,2.0
26450,2026-05-11 15:19:16.100000+00:00,52.1612229,21.1681148,92.4,44.43,-0.025,-0.018,0.975,0,44.59251059192696,,153.0975562896447,0.0,2.0
26455,2026-05-11 15:19:16.600000+00:00,52.1611861,21.1681822,92.4,44.03,-0.038,-0.019,0.969,0,44.314183877043725,,159.20422304115442,0.0,2.0
26460,2026-05-11 15:19:17.100000+00:00,52.1611494,21.1682485,92.4,43.87,-0.032,-0.022,0.966,0,43.85845287719143,,165.24656577071866,0.0,2.0
26465,2026-05-11 15:19:17.600000+00:00,52.161113,21.1683147,92.3,43.39,-0.028,-0.015,0.976,0,43.66134793218588,,171.26760197813186,0.0,2.0
26470,2026-05-11 15:19:18.100000+00:00,52.1610769,21.168381,92.4,43.51,-0.031,-0.008,0.957,0,43.53814380260711,,177.27781937712902,0.0,2.0
26475,2026-05-11 15:19:18.600000+00:00,52.161041,21.1684462,92.4,43.25,-0.009,0.001,0.973,0,43.02849750484589,,183.21649777405628,0.0,2.0
26480,2026-05-11 15:19:19.100000+00:00,52.1610052,21.1685112,92.4,42.85,0.004,-0.012,0.963,0,42.90194120002989,,181.88799570582444,0.0,2.0
26485,2026-05-11 15:19:19.600000+00:00,52.1609692,21.1685762,92.4,43.22,0.006,-0.03,0.976,0,43.009097566679365,,175.9273651680362,0.0,2.0
26490,2026-05-11 15:19:20.100000+00:00,52.1609328,21.1686408,92.4,43.13,-0.03,-0.063,0.976,0,43.0794895812702,,169.95457120199248,0.0,2.0
26495,2026-05-11 15:19:20.600000+00:00,52.1608959,21.1687037,92.4,42.61,-0.049,-0.07,0.968,0,42.7440539847524,,164.02283832108435,0.0,2.0
26500,2026-05-11 15:19:21.100000+00:00,52.1608585,21.168765,92.4,42.49,-0.03,-0.064,0.975,0,42.46098393172613,,158.1269504553681,0.0,2.0
26505,2026-05-11 15:19:21.600000+00:00,52.1608208,21.168825,92.5,42.09,-0.024,-0.049,0.953,0,42.1822450470003,,152.2685018847436,0.0,2.0
26510,2026-05-11 15:19:22.100000+00:00,52.160783,21.168884,92.6,42.18,-0.005,-0.048,0.981,0,41.8984360436555,,146.4492803610444,0.0,2.0
26515,2026-05-11 15:19:22.600000+00:00,52.1607448,21.1689428,92.5,42.28,0.006,-0.038,0.97,0,42.06284460705757,,140.60743218975392,0.0,2.0
26520,2026-05-11 15:19:23.100000+00:00,52.1607063,21.169002,92.6,42.48,0.018,-0.012,0.969,0,42.37237264838862,,134.7226429807581,0.0,2.0
26525,2026-05-11 15:19:23.600000+00:00,52.1606682,21.169062,92.7,42.52,0.003,0.032,0.985,0,42.41204818259403,,128.83209662533147,0.0,2.0
26530,2026-05-11 15:19:24.100000+00:00,52.1606314,21.1691242,92.9,42.32,0.03,0.051,0.955,0,42.440769852316585,,122.94194206154312,0.0,2.0
26535,2026-05-11 15:19:24.600000+00:00,52.1605949,21.1691877,92.8,42.85,0.022,0.034,0.962,0,42.73805791884448,,117.01517781630797,0.0,2.0
26540,2026-05-11 15:19:25.100000+00:00,52.1605592,21.169252,92.8,42.89,0.027,0.004,0.964,0,42.593218040289415,,111.11649319384959,0.0,2.0
26545,2026-05-11 15:19:25.600000+00:00,52.1605233,21.1693169,92.9,42.94,0.017,-0.017,0.983,0,42.91923854297985,,105.17550835365188,0.0,2.0
26550,2026-05-11 15:19:26.100000+00:00,52.1604869,21.1693824,92.8,43.53,0.0,-0.033,0.957,0,43.406288536721036,,99.16832709385636,0.0,2.0
26555,2026-05-11 15:19:26.600000+00:00,52.1604501,21.1694475,92.9,43.62,-0.012,-0.028,0.983,0,43.477284087137946,,93.1495921381605,0.0,2.0
26560,2026-05-11 15:19:27.100000+00:00,52.1604136,21.1695118,92.9,42.79,-0.033,-0.018,0.951,0,43.02570071426518,,87.19496886568051,0.0,2.0
26565,2026-05-11 15:19:27.600000+00:00,52.1603776,21.1695754,92.9,42.35,-0.014,0.007,0.983,0,42.50155155259302,,81.3167233756239,0.0,2.0
26570,2026-05-11 15:19:28.100000+00:00,52.1603423,21.1696383,92.9,41.9,-0.028,0.0,0.959,0,41.86924340419142,32.0,75.53229398047658,0.0,2.0
26575,2026-05-11 15:19:28.600000+00:00,52.1603073,21.1697007,92.9,41.45,-0.019,0.011,0.975,0,41.52595747369946,32.0,69.8005221948826,0.0,2.0
26580,2026-05-11 15:19:29.100000+00:00,52.1602729,21.1697624,92.9,40.88,-0.023,-0.004,0.967,0,40.948292545272906,32.0,64.15692371272206,0.0,2.0
26585,2026-05-11 15:19:29.600000+00:00,52.1602385,21.1698229,92.9,40.48,-0.038,-0.025,0.965,0,40.5141041514394,32.0,58.57399347740987,0.0,2.0
26590,2026-05-11 15:19:30.100000+00:00,52.1602041,21.1698807,92.9,38.83,-0.09,-0.002,0.977,0,39.55184060946476,32.0,53.116150168146284,0.0,2.0
26595,2026-05-11 15:19:30.600000+00:00,52.1601714,21.1699354,92.6,37.92,-0.095,-0.004,0.965,0,37.511479603847576,32.0,47.945833791025564,0.0,2.0
26600,2026-05-11 15:19:31.100000+00:00,52.1601393,21.1699881,92.5,36.3,-0.066,-0.047,0.978,0,36.47435609018666,32.0,42.92103633828573,0.0,2.0
26605,2026-05-11 15:19:31.600000+00:00,52.1601072,21.170038,92.6,34.85,-0.077,-0.073,0.956,0,35.51173873747347,32.0,38.020975757459674,0.0,2.0
26610,2026-05-11 15:19:32.100000+00:00,52.1600753,21.1700892,92.9,35.07,-0.081,-0.059,0.978,0,35.84107870203162,32.0,33.09694022063139,0.0,2.0
26615,2026-05-11 15:19:32.600000+00:00,52.160044,21.1701342,93.0,32.74,-0.105,-0.041,0.947,0,33.41269450926868,32.0,28.484909688424757,0.0,2.0
26620,2026-05-11 15:19:33.100000+00:00,52.1600139,21.1701743,93.0,30.63,-0.142,0.007,0.999,0,31.12230876057669,32.0,24.179580578035406,0.0,2.0
26625,2026-05-11 15:19:33.600000+00:00,52.1599867,21.1702122,93.0,28.02,-0.109,0.062,0.971,0,28.647804480003035,32.0,20.234373443323953,0.0,2.0
26630,2026-05-11 15:19:34.100000+00:00,52.1599617,21.1702488,92.9,26.67,-0.059,0.049,0.968,0,26.902171380325765,32.0,16.5614800847294,0.0,2.0
26635,2026-05-11 15:19:34.600000+00:00,52.1599384,21.1702844,92.9,25.22,-0.068,0.049,0.964,0,25.567198895993595,32.0,13.124531887654676,0.0,2.0
26640,2026-05-11 15:19:35.100000+00:00,52.1599176,21.1703179,92.9,22.93,-0.125,0.072,0.967,0,23.40966814759384,32.0,10.080342118693848,0.0,2.0
26645,2026-05-11 15:19:35.600000+00:00,52.1598999,21.1703484,92.9,19.79,-0.177,0.071,0.963,0,20.620376624977812,32.0,7.5970032081754875,0.0,2.0
26650,2026-05-11 15:19:36.100000+00:00,52.1598855,21.1703749,92.9,16.53,-0.178,0.046,0.983,0,17.386924832438197,32.0,5.843792255948233,0.0,2.0
26655,2026-05-11 15:19:36.600000+00:00,52.1598742,21.170397,92.9,13.01,-0.218,0.045,0.966,0,14.130027562238032,32.0,4.9125532047105045,0.0,2.0
26660,2026-05-11 15:19:37.100000+00:00,52.1598661,21.1704119,92.9,8.09,-0.265,0.042,0.981,0,9.77785041480942,32.0,4.618466447239791,0.0,2.0
26665,2026-05-11 15:19:37.600000+00:00,52.1598615,21.1704197,92.8,3.93,-0.253,0.043,0.969,0,5.313989551076347,32.0,4.59114882580726,0.0,2.0
26670,2026-05-11 15:19:38.100000+00:00,52.1598605,21.1704216,92.8,0.23,-0.179,0.031,0.984,0,1.2295363444130927,32.0,4.611306614143522,0.0,2.0
26675,2026-05-11 15:19:38.600000+00:00,52.1598604,21.1704216,92.8,0.11,0.009,-0.023,0.957,0,0.08006035055627692,32.0,4.603940555899914,0.0,2.0
26680,2026-05-11 15:19:39.100000+00:00,52.1598604,21.1704224,92.8,0.18,-0.001,-0.02,0.983,0,0.3929108590803814,32.0,4.6449932678039305,0.0,2.0
26685,2026-05-11 15:19:39.600000+00:00,52.1598602,21.170423,92.8,0.06,0.003,-0.022,0.972,0,0.33537560056576915,32.0,4.661504392808546,0.0,2.0
26690,2026-05-11 15:19:40.100000+00:00,52.1598602,21.1704235,92.8,0.03,-0.011,-0.023,0.973,0,0.24556928783347323,32.0,4.687509810973871,0.0,2.0
26695,2026-05-11 15:19:40.600000+00:00,52.1598602,21.1704242,92.8,0.12,0.0,-0.021,0.968,0,0.34379700421653697,32.0,4.7240905871261285,0.0,2.0
26700,2026-05-11 15:19:41.100000+00:00,52.1598601,21.1704249,92.9,0.11,-0.003,-0.018,0.971,0,0.3529958051792159,32.0,4.753812932224349,0.0,2.0
26705,2026-05-11 15:19:41.600000+00:00,52.1598601,21.1704254,92.9,0.09,-0.005,-0.02,0.974,0,0.2455692883852214,32.0,4.780240927914791,0.0,2.0
26710,2026-05-11 15:19:42.100000+00:00,52.1598602,21.170426,92.9,0.09,-0.003,-0.025,0.978,0,0.30536505177671497,32.0,4.819052985695371,0.0,2.0
26715,2026-05-11 15:19:42.600000+00:00,52.1598601,21.1704266,92.9,0.1,0.0,-0.023,0.974,0,0.30536505177671497,32.0,4.8440596526097455,0.0,2.0
26720,2026-05-11 15:19:43.100000+00:00,52.1598603,21.1704274,93.0,0.08,-0.004,-0.021,0.976,0,0.4242847881567577,32.0,4.900648555456607,0.0,2.0
26725,2026-05-11 15:19:43.600000+00:00,52.1598603,21.1704279,93.0,0.04,0.0,-0.022,0.978,0,0.24556928728172497,32.0,4.9274694289796725,0.0,2.0
26730,2026-05-11 15:19:44.100000+00:00,52.1598604,21.1704283,93.0,0.07,-0.002,-0.021,0.975,0,0.21214239346524008,32.0,4.955818984904615,0.0,2.0
26735,2026-05-11 15:19:44.600000+00:00,52.1598604,21.1704287,92.9,0.03,0.006,-0.022,0.977,0,0.19645542875914415,32.0,4.977367265197134,0.0,2.0
26740,2026-05-11 15:19:45.100000+00:00,52.1598604,21.1704291,92.9,0.11,0.001,-0.02,0.975,0,0.19645543032123725,32.0,4.9989715913607755,0.0,2.0
26745,2026-05-11 15:19:45.600000+00:00,52.1598603,21.1704296,92.9,0.26,0.013,-0.025,0.981,0,0.2582904056218601,32.0,5.019321988095829,0.0,2.0
26750,2026-05-11 15:19:46.100000+00:00,52.1598591,21.1704327,92.9,2.41,0.112,-0.07,0.962,0,1.8003020099827653,32.0,5.112394067927552,0.0,2.0
26755,2026-05-11 15:19:46.600000+00:00,52.1598556,21.17044,92.9,5.38,0.156,-0.069,0.967,0,4.550416849569902,32.0,5.335602805537951,0.0,2.0
26760,2026-05-11 15:19:47.100000+00:00,52.1598497,21.1704528,93.0,8.7,0.147,-0.068,0.967,0,7.863399198543509,32.0,5.880762658148372,0.0,2.0
26765,2026-05-11 15:19:47.600000+00:00,52.1598415,21.1704708,92.9,11.82,0.187,-0.048,0.965,0,11.01149129864333,32.0,6.873027560259474,0.0,2.0
26770,2026-05-11 15:19:48.100000+00:00,52.1598312,21.1704939,92.9,15.11,0.158,-0.042,0.967,0,14.025550611093452,32.0,8.38585685264215,0.0,2.0
26775,2026-05-11 15:19:48.600000+00:00,52.1598194,21.1705214,92.9,17.53,0.162,-0.036,0.978,0,16.48237888553853,32.0,10.370202694211017,0.0,2.0
26780,2026-05-11 15:19:49.100000+00:00,52.1598059,21.1705541,92.9,20.24,0.173,-0.015,0.952,0,19.358399328879187,32.0,12.84830856129954,0.0,2.0
26785,2026-05-11 15:19:49.600000+00:00,52.1597917,21.1705907,92.9,21.83,0.109,0.001,0.973,0,21.268992461608455,32.0,15.67439905148371,0.0,2.0
26790,2026-05-11 15:19:50.100000+00:00,52.1597766,21.17063,92.8,23.45,0.09,-0.044,0.973,0,22.77510293276785,32.0,18.747433790033895,0.0,2.0
26795,2026-05-11 15:19:50.600000+00:00,52.1597593,21.1706716,92.8,25.29,0.078,-0.105,0.963,0,24.68353880461473,32.0,22.082047067733775,0.0,2.0
26800,2026-05-11 15:19:51.100000+00:00,52.1597396,21.1707145,92.8,27.12,0.089,-0.111,0.956,0,26.31906227244188,32.0,25.629929416303803,0.0,2.0
26805,2026-05-11 15:19:51.600000+00:00,52.1597176,21.1707588,92.8,28.78,0.008,-0.132,0.953,0,27.99315013179668,32.0,29.40128657246293,0.0,2.0
26810,2026-05-11 15:19:52.100000+00:00,52.1596933,21.1708045,92.8,30.46,0.058,-0.109,0.964,0,29.702979200787407,32.0,33.402534284120485,0.0,2.0
26815,2026-05-11 15:19:52.600000+00:00,52.1596668,21.1708513,92.8,32.0,0.035,-0.126,0.969,0,31.280120499658455,32.0,37.615878295738455,0.0,2.0
26820,2026-05-11 15:19:53.100000+00:00,52.1596385,21.1708988,92.8,33.0,0.04,-0.074,0.973,0,32.52067582936389,32.0,41.99978179462036,0.0,2.0
26825,2026-05-11 15:19:53.600000+00:00,52.1596095,21.1709488,92.8,34.4,0.062,-0.01,0.983,0,33.794992126699675,32.0,46.594936421116266,0.0,2.0
26830,2026-05-11 15:19:54.100000+00:00,52.1595802,21.1710014,92.8,35.53,0.084,-0.001,0.952,0,34.89499416865299,32.0,51.37463930085928,0.0,2.0
26835,2026-05-11 15:19:54.600000+00:00,52.1595497,21.1710563,92.7,36.85,0.046,-0.04,0.961,0,36.377176204586675,32.0,56.370469283327516,0.0,2.0
26840,2026-05-11 15:19:55.100000+00:00,52.1595182,21.171113,92.7,38.17,0.06,-0.045,0.981,0,37.5698848829599,32.0,61.539793984236326,0.0,2.0
26845,2026-05-11 15:19:55.600000+00:00,52.1594856,21.1711717,92.7,39.19,0.047,-0.052,0.969,0,38.88914601478222,32.0,66.89871689052373,0.0,2.0
26850,2026-05-11 15:19:56.100000+00:00,52.1594521,21.1712317,92.6,40.27,0.035,-0.033,0.965,0,39.84621487170863,32.0,72.39440989379955,0.0,2.0
26855,2026-05-11 15:19:56.600000+00:00,52.1594177,21.1712932,92.6,41.36,0.044,-0.032,0.965,0,40.8760840747929,32.0,78.03725909112534,0.0,2.0
26860,2026-05-11 15:19:57.100000+00:00,52.1593825,21.1713563,92.6,42.35,0.019,-0.048,0.972,0,41.88835988367177,,83.82543285579268,0.0,2.0
26865,2026-05-11 15:19:57.600000+00:00,52.1593463,21.1714208,92.5,43.25,0.036,-0.045,0.97,0,42.93591950981312,,89.76067701463491,0.0,2.0
26870,2026-05-11 15:19:58.100000+00:00,52.1593092,21.1714867,92.6,44.07,0.028,-0.046,0.968,0,43.92968251897506,,95.83607357575282,0.0,2.0
26875,2026-05-11 15:19:58.600000+00:00,52.1592712,21.1715539,92.6,45.31,0.042,-0.035,0.99,0,44.88742056285416,,102.04595499105389,0.0,2.0
26880,2026-05-11 15:19:59.100000+00:00,52.1592324,21.1716221,92.6,46.06,0.031,-0.038,0.962,0,45.68287467868679,,108.36719323246568,0.0,2.0
26885,2026-05-11 15:19:59.600000+00:00,52.1591929,21.1716917,92.7,46.8,0.024,-0.031,0.965,0,46.56817917697953,,114.81423041964143,0.0,2.0
26890,2026-05-11 15:20:00.100000+00:00,52.1591531,21.1717622,92.7,47.09,0.022,-0.025,0.971,0,47.055945181301894,,121.33228627103793,0.0,2.0
26895,2026-05-11 15:20:00.600000+00:00,52.1591131,21.1718329,92.7,47.23,0.006,-0.015,0.977,0,47.23670327027086,,127.87669219717706,0.0,2.0
26900,2026-05-11 15:20:01.100000+00:00,52.1590731,21.1719037,92.7,47.33,0.0,-0.011,0.973,0,47.27284255235139,,134.4279912296628,0.0,2.0
26905,2026-05-11 15:20:01.600000+00:00,52.1590332,21.1719752,92.8,47.52,0.001,-0.017,0.98,0,47.47242360189368,,141.01066879572898,0.0,2.0
26910,2026-05-11 15:20:02.100000+00:00,52.1589935,21.1720471,92.8,47.79,0.011,-0.002,0.938,0,47.51069111478215,,147.6013736220967,0.0,2.0
26915,2026-05-11 15:20:02.600000+00:00,52.1589539,21.172119,92.8,47.51,-0.017,-0.005,0.983,0,47.457192629640495,,154.18571669934727,0.0,2.0
26920,2026-05-11 15:20:03.100000+00:00,52.1589144,21.17219,92.8,46.98,-0.036,-0.027,0.98,0,47.0753978813278,,160.71616274809077,0.0,2.0
26925,2026-05-11 15:20:03.600000+00:00,52.1588749,21.1722599,92.8,46.65,-0.037,-0.019,0.965,0,46.676625665032816,,167.1893863155666,0.0,2.0
26930,2026-05-11 15:20:04.100000+00:00,52.1588355,21.1723282,92.8,45.95,-0.063,-0.044,0.98,0,46.04684481223202,,173.57226475285032,0.0,2.0
26935,2026-05-11 15:20:04.600000+00:00,52.1587958,21.1723948,92.8,45.54,-0.058,-0.084,0.948,0,45.609243841987926,,174.96319263504688,0.0,2.0
26940,2026-05-11 15:20:05.100000+00:00,52.158755,21.1724582,92.8,45.15,-0.071,-0.119,0.977,0,45.12883097792725,,168.90468080686375,0.0,2.0
26945,2026-05-11 15:20:05.600000+00:00,52.158713,21.172518,92.9,44.74,-0.082,-0.141,0.955,0,44.64649526807777,,163.00533562617176,0.0,2.0
26950,2026-05-11 15:20:06.100000+00:00,52.15867,21.1725742,93.0,44.0,-0.099,-0.171,0.956,0,44.12545453843201,,157.2868977628953,0.0,2.0
26955,2026-05-11 15:20:06.600000+00:00,52.1586252,21.1726243,93.0,43.49,-0.094,-0.158,0.951,0,43.496374181744734,,151.8681938396371,0.0,2.0
26960,2026-05-11 15:20:07.100000+00:00,52.15858,21.1726691,93.0,41.93,-0.174,-0.143,0.982,0,42.35184461902202,,146.7975937426295,0.0,2.0
26965,2026-05-11 15:20:07.600000+00:00,52.1585352,21.1727074,93.1,40.46,-0.129,-0.114,0.95,0,40.500665478338654,,142.206608910426,0.0,2.0
26970,2026-05-11 15:20:08.100000+00:00,52.1584906,21.1727432,93.2,39.58,-0.046,-0.023,0.987,0,39.801456895576294,,137.85633374934827,0.0,2.0
26975,2026-05-11 15:20:08.600000+00:00,52.1584483,21.1727796,93.3,37.92,-0.057,0.118,0.954,0,38.294867727123815,,133.65782677531388,0.0,2.0
26980,2026-05-11 15:20:09.100000+00:00,52.158409,21.1728192,93.3,36.87,0.005,0.164,0.95,0,36.98995534175806,,129.46573353099504,0.0,2.0
26985,2026-05-11 15:20:09.600000+00:00,52.1583723,21.1728636,93.3,36.46,0.027,0.193,0.956,0,36.59054159370538,,125.14206937788958,0.0,2.0
26990,2026-05-11 15:20:10.100000+00:00,52.1583388,21.1729125,93.2,36.19,0.022,0.194,0.988,0,36.002274210120106,,120.7100809810101,0.0,2.0
26995,2026-05-11 15:20:10.600000+00:00,52.1583085,21.1729659,93.2,36.07,0.012,0.184,0.985,0,35.72613795539377,,116.14958382796219,0.0,2.0
27000,2026-05-11 15:20:11.100000+00:00,52.1582821,21.1730229,93.1,35.12,0.006,0.206,0.958,0,35.07844183722006,,111.52535856896667,0.0,2.0
27005,2026-05-11 15:20:11.600000+00:00,52.1582603,21.1730815,93.1,33.56,-0.044,0.222,0.99,0,33.66009013904899,,106.97385844551343,0.0,2.0
27010,2026-05-11 15:20:12.100000+00:00,52.1582431,21.1731412,93.0,32.44,-0.033,0.196,0.977,0,32.39452049942151,,102.51379390777822,0.0,2.0
27015,2026-05-11 15:20:12.600000+00:00,52.1582306,21.1732013,93.0,31.0,-0.031,0.204,0.981,0,31.168783518109887,,98.18596335293336,0.0,2.0
27020,2026-05-11 15:20:13.100000+00:00,52.158224,21.1732596,93.0,28.14,-0.14,0.297,0.962,0,29.11788161686233,,94.17247371066628,0.0,2.0
27025,2026-05-11 15:20:13.600000+00:00,52.1582236,21.1733132,93.0,25.81,-0.102,0.232,0.961,0,26.327943305288432,,90.68127238042382,0.0,2.0
27030,2026-05-11 15:20:14.100000+00:00,52.1582273,21.173362,92.9,23.97,-0.078,0.213,0.988,0,24.150798677179033,,87.66263862231901,0.0,2.0
27035,2026-05-11 15:20:14.600000+00:00,52.1582341,21.1734045,92.7,20.61,-0.209,0.187,0.954,0,21.572402685656563,,85.19206700545881,0.0,2.0
27040,2026-05-11 15:20:15.100000+00:00,52.1582426,21.1734386,92.7,16.84,-0.2,0.113,0.976,0,18.078160521606957,,83.35859929739719,0.0,2.0
27045,2026-05-11 15:20:15.600000+00:00,52.1582511,21.1734653,92.6,13.74,-0.185,0.072,0.987,0,14.77442094404144,,82.02685322499941,0.0,2.0
27050,2026-05-11 15:20:16.100000+00:00,52.1582585,21.1734844,92.5,9.98,-0.233,0.042,0.976,0,11.095226580379524,,81.1511129873025,0.0,2.0
27055,2026-05-11 15:20:16.600000+00:00,52.1582641,21.1734964,92.5,6.46,-0.236,0.013,0.98,0,7.405298747265634,,80.65435786486368,0.0,2.0
27060,2026-05-11 15:20:17.100000+00:00,52.1582669,21.173502,92.3,2.78,-0.226,-0.005,0.968,0,3.548278906612596,,80.43459321358944,0.0,2.0
27065,2026-05-11 15:20:17.600000+00:00,52.1582677,21.1735026,92.3,0.15,-0.168,-0.012,0.995,0,0.7050266396095657,,80.4342859620885,0.0,2.0
27070,2026-05-11 15:20:18.100000+00:00,52.1582679,21.173502,92.3,0.06,0.003,-0.015,0.957,0,0.3353848626468289,,80.48075635531771,0.0,2.0
27075,2026-05-11 15:20:18.600000+00:00,52.1582687,21.1735029,92.3,1.53,0.057,-0.024,0.984,0,0.7782146357240372,,80.46197044660639,0.0,2.0
27080,2026-05-11 15:20:19.100000+00:00,52.1582712,21.173508,92.2,4.48,0.197,-0.025,0.963,0,3.2063284577296662,,80.26263512925097,0.0,2.0
27085,2026-05-11 15:20:19.600000+00:00,52.1582762,21.1735187,92.2,8.28,0.247,-0.016,0.967,0,6.6062896390678905,33.0,79.83913634288331,0.0,2.0
27090,2026-05-11 15:20:20.100000+00:00,52.1582833,21.1735351,92.0,10.91,0.143,-0.042,0.963,0,9.858673910425006,33.0,79.17841796773459,0.0,2.0
27095,2026-05-11 15:20:20.600000+00:00,52.1582915,21.1735558,91.9,13.05,0.071,-0.049,0.974,0,12.102271244993677,33.0,78.33162455742337,0.0,2.0
27100,2026-05-11 15:20:21.100000+00:00,52.1583003,21.1735801,91.8,14.46,0.024,-0.083,0.973,0,13.859390304412322,33.0,77.32827428227908,0.0,2.0
27105,2026-05-11 15:20:21.600000+00:00,52.1583086,21.1736067,91.8,14.79,-0.023,-0.068,0.961,0,14.657545721397108,33.0,76.19653953623337,0.0,2.0
27110,2026-05-11 15:20:22.100000+00:00,52.1583152,21.1736339,91.8,14.59,-0.05,-0.048,0.98,0,14.36645232605343,33.0,74.97013915846411,0.0,2.0
27115,2026-05-11 15:20:22.600000+00:00,52.1583191,21.1736616,91.7,14.73,-0.086,-0.123,0.956,0,13.958703205205907,33.0,73.58833796808379,0.0,2.0
27120,2026-05-11 15:20:23.100000+00:00,52.1583213,21.1736911,91.6,15.0,-0.073,-0.132,0.971,0,14.59575228094875,33.0,72.02589812439923,0.0,2.0
27125,2026-05-11 15:20:23.600000+00:00,52.1583207,21.1737217,91.6,15.51,-0.078,-0.125,0.976,0,15.037034793942585,33.0,70.25031833377446,0.0,2.0
27130,2026-05-11 15:20:24.100000+00:00,52.1583173,21.1737514,91.5,15.15,-0.071,-0.099,0.973,0,14.839120433742034,33.0,68.36483985402133,0.0,2.0
27135,2026-05-11 15:20:24.600000+00:00,52.158313,21.1737807,91.6,14.99,-0.073,-0.076,0.96,0,14.796901938372278,33.0,66.45401882160196,0.0,2.0
27140,2026-05-11 15:20:25.100000+00:00,52.1583059,21.1738087,91.6,14.83,-0.028,-0.089,0.976,0,14.880809056656233,33.0,64.44121638926637,0.0,2.0
27145,2026-05-11 15:20:25.600000+00:00,52.1582961,21.1738371,91.5,16.12,-0.004,-0.141,0.968,0,16.00400150040753,33.0,62.23292047414881,0.0,2.0
27150,2026-05-11 15:20:26.100000+00:00,52.158286,21.1738696,91.5,18.26,0.037,-0.124,0.979,0,17.893810734082418,33.0,59.780607569526936,0.0,2.0
27155,2026-05-11 15:20:26.600000+00:00,52.1582739,21.1739048,91.6,20.51,0.11,-0.094,0.956,0,19.817736538227635,33.0,57.05046552812443,0.0,2.0
27160,2026-05-11 15:20:27.100000+00:00,52.1582589,21.173943,91.5,23.01,0.074,-0.118,0.937,0,22.27635932929745,33.0,53.96496572731375,0.0,2.0
27165,2026-05-11 15:20:27.600000+00:00,52.1582422,21.1739831,91.5,24.29,0.067,-0.07,0.994,0,23.804759042841464,33.0,50.66296571177308,0.0,2.0
27170,2026-05-11 15:20:28.100000+00:00,52.1582233,21.1740238,91.5,25.51,0.037,-0.063,0.972,0,25.071146247494948,33.0,47.18086270646123,0.0,2.0
27175,2026-05-11 15:20:28.600000+00:00,52.1582038,21.1740672,91.4,26.78,0.091,-0.011,0.96,0,26.421729581762843,33.0,43.51171483175447,0.0,2.0
27180,2026-05-11 15:20:29.100000+00:00,52.1581838,21.1741137,91.5,28.59,0.077,0.015,0.984,0,27.892599416427952,33.0,39.64089207826523,0.0,2.0
27185,2026-05-11 15:20:29.600000+00:00,52.1581636,21.1741632,91.5,29.85,0.119,0.027,0.968,0,29.199772765622413,33.0,35.595421648277146,0.0,2.0
27190,2026-05-11 15:20:30.100000+00:00,52.1581429,21.1742147,91.5,30.5,0.039,0.041,0.951,0,30.240116033328444,33.0,31.411129638254337,0.0,2.0
27195,2026-05-11 15:20:30.600000+00:00,52.1581223,21.1742648,91.4,29.78,-0.013,0.049,0.978,0,29.622704768708193,33.0,27.312651466340274,0.0,2.0
27200,2026-05-11 15:20:31.100000+00:00,52.158102,21.1743146,91.4,29.24,-0.019,0.036,0.968,0,29.36682989733081,33.0,23.256915870421683,0.0,2.0
27205,2026-05-11 15:20:31.600000+00:00,52.1580828,21.1743624,91.3,27.64,-0.068,0.076,0.97,0,28.06193046109574,33.0,19.394148882867484,0.0,2.0
27210,2026-05-11 15:20:32.100000+00:00,52.1580655,21.1744074,91.3,25.5,-0.081,0.1,0.98,0,26.083299723233292,33.0,15.832787226211464,0.0,2.0
27215,2026-05-11 15:20:32.600000+00:00,52.1580494,21.1744499,91.3,24.38,-0.071,0.068,0.972,0,24.533211396569747,33.0,12.521100233256917,0.0,2.0
27220,2026-05-11 15:20:33.100000+00:00,52.1580344,21.1744897,91.3,22.64,-0.084,0.085,0.959,0,22.94223376707684,33.0,9.4882748638058,0.0,2.0
27225,2026-05-11 15:20:33.600000+00:00,52.1580211,21.1745255,91.2,19.98,-0.097,0.088,0.991,0,20.55624976858485,33.0,6.898566831349952,0.0,2.0
27230,2026-05-11 15:20:34.100000+00:00,52.1580093,21.1745576,91.2,17.68,-0.103,0.084,0.959,0,18.37991336459976,33.0,4.85100326662854,0.0,2.0
27235,2026-05-11 15:20:34.600000+00:00,52.1579993,21.1745858,91.2,15.52,-0.091,0.091,0.971,0,15.99806481045006,33.0,3.666380643410343,0.0,2.0
27240,2026-05-11 15:20:35.100000+00:00,52.1579907,21.1746098,91.2,12.78,-0.118,0.101,0.978,0,13.651319913702508,33.0,3.546898103664919,0.0,2.0
27245,2026-05-11 15:20:35.600000+00:00,52.1579845,21.1746281,91.2,9.31,-0.169,0.109,0.973,0,10.26775159054776,33.0,4.111888907654968,0.0,2.0
27250,2026-05-11 15:20:36.100000+00:00,52.1579803,21.1746407,91.2,5.8,-0.167,0.098,0.969,0,7.043117019237261,33.0,4.719525246049815,0.0,2.0
27255,2026-05-11 15:20:36.600000+00:00,52.157978,21.1746476,91.2,2.85,-0.148,0.092,0.974,0,3.85694525108177,33.0,5.101330798788166,0.0,2.0
27260,2026-05-11 15:20:37.100000+00:00,52.1579775,21.1746494,91.3,0.16,-0.136,0.084,0.983,0,0.9704900810652682,33.0,5.2078763990292565,0.0,2.0
27265,2026-05-11 15:20:37.600000+00:00,52.1579777,21.17465,91.4,0.12,0.024,0.032,0.959,0,0.33538655332949435,33.0,5.252765091838869,0.0,2.0
27270,2026-05-11 15:20:38.100000+00:00,52.1579778,21.1746506,91.4,0.18,0.018,0.04,0.98,0,0.3053770789946733,33.0,5.295150120245951,0.0,2.0
27275,2026-05-11 15:20:38.600000+00:00,52.157978,21.1746515,91.5,0.01,0.02,0.037,0.974,0,0.4701499931890626,33.0,5.359994497814257,0.0,2.0
27280,2026-05-11 15:20:39.100000+00:00,52.1579781,21.1746522,91.5,0.06,0.017,0.034,0.98,0,0.3530099667040568,33.0,5.409023609299632,0.0,2.0
27285,2026-05-11 15:20:39.600000+00:00,52.1579783,21.1746529,91.5,0.05,0.021,0.036,0.973,0,0.379269051411225,33.0,5.460600621632672,0.0,2.0
27290,2026-05-11 15:20:40.100000+00:00,52.1579785,21.1746534,91.6,0.04,0.019,0.036,0.974,0,0.29316891074202345,33.0,5.498928212688581,0.0,2.0
27295,2026-05-11 15:20:40.600000+00:00,52.1579786,21.1746539,91.6,0.06,0.019,0.038,0.974,0,0.25830027694904084,33.0,5.534687971314966,0.0,2.0
27300,2026-05-11 15:20:41.100000+00:00,52.1579786,21.1746543,91.7,0.12,0.015,0.033,0.98,0,0.19646373645420098,33.0,5.561226894051662,0.0,2.0
27305,2026-05-11 15:20:41.600000+00:00,52.1579787,21.1746544,91.7,0.06,0.017,0.034,0.976,0,0.09392568818719421,33.0,5.570449212908864,0.0,2.0
27310,2026-05-11 15:20:42.100000+00:00,52.1579788,21.1746546,91.8,0.32,0.021,0.036,0.973,0,0.12672473446699595,33.0,5.586317379940297,0.0,2.0
27315,2026-05-11 15:20:42.600000+00:00,52.1579786,21.1746545,91.8,0.23,0.017,0.034,0.977,0,0.1674843643605113,33.0,5.574499062685362,0.0,2.0
27320,2026-05-11 15:20:43.100000+00:00,52.1579788,21.1746548,91.8,0.09,0.015,0.032,0.978,0,0.21760057889593717,33.0,5.599579941548085,0.0,2.0
27325,2026-05-11 15:20:43.600000+00:00,52.1579788,21.1746551,91.9,0.28,0.017,0.035,0.976,0,0.1473478012880299,33.0,5.619477202272181,0.0,2.0
27330,2026-05-11 15:20:44.100000+00:00,52.1579786,21.1746552,91.9,0.13,0.018,0.034,0.971,0,0.1674843648186252,33.0,5.62096564896902,0.0,2.0
27335,2026-05-11 15:20:44.600000+00:00,52.1579787,21.1746553,91.9,0.36,0.025,0.044,0.972,0,0.09392568737030473,33.0,5.630164502031765,0.0,2.0
27340,2026-05-11 15:20:45.100000+00:00,52.1579783,21.1746567,91.9,1.42,0.102,-0.008,0.97,0,0.7585380950549913,33.0,5.713179084709317,0.0,2.0
27345,2026-05-11 15:20:45.600000+00:00,52.1579766,21.1746631,91.9,4.36,0.172,-0.023,0.971,0,3.4254167511422984,33.0,6.103946813955983,0.0,2.0
27350,2026-05-11 15:20:46.100000+00:00,52.1579731,21.1746752,92.0,7.52,0.204,-0.03,0.961,0,6.570496208283605,33.0,6.86887408613517,0.0,2.0
27355,2026-05-11 15:20:46.600000+00:00,52.1579676,21.1746928,92.0,10.72,0.149,-0.041,0.977,0,9.701287227822004,33.0,8.036191523380712,0.0,2.0
27360,2026-05-11 15:20:47.100000+00:00,52.1579606,21.1747154,92.1,13.33,0.157,-0.011,0.973,0,12.434704434800821,33.0,9.604012782858781,0.0,2.0
27365,2026-05-11 15:20:47.600000+00:00,52.1579526,21.1747417,92.0,14.91,0.197,0.044,0.956,0,14.418167299472673,33.0,11.483884500028761,0.0,2.0
27370,2026-05-11 15:20:48.100000+00:00,52.1579442,21.1747712,92.0,16.59,0.074,0.02,0.966,0,15.973846503444202,33.0,13.62209851571153,0.0,2.0
27375,2026-05-11 15:20:48.600000+00:00,52.1579355,21.1748023,91.9,16.95,0.031,0.029,0.956,0,16.788163578974544,33.0,15.896328752811476,0.0,2.0
27380,2026-05-11 15:20:49.100000+00:00,52.1579267,21.1748344,91.9,17.37,0.031,0.043,1.003,0,17.26877126478366,33.0,18.253976533708958,0.0,2.0
27385,2026-05-11 15:20:49.600000+00:00,52.1579185,21.1748675,91.9,17.5,0.018,0.026,0.951,0,17.53286707104055,33.0,20.66931777806952,0.0,2.0
27390,2026-05-11 15:20:50.100000+00:00,52.1579099,21.1749004,91.9,17.4,0.014,0.02,0.987,0,17.564864768858953,33.0,23.087882610906316,0.0,2.0
27395,2026-05-11 15:20:50.600000+00:00,52.1579018,21.1749329,91.8,17.4,0.002,0.02,0.962,0,17.229675371780367,33.0,25.468422386986525,0.0,2.0
27400,2026-05-11 15:20:51.100000+00:00,52.1578942,21.1749642,91.8,16.32,-0.016,0.037,0.99,0,16.5336327246109,33.0,27.75656869296792,0.0,2.0
27405,2026-05-11 15:20:51.600000+00:00,52.157887,21.1749948,91.8,15.89,-0.012,0.032,0.967,0,16.09700932751808,33.0,29.987155402299,0.0,2.0
27410,2026-05-11 15:20:52.100000+00:00,52.1578801,21.1750237,91.7,15.16,-0.006,0.042,0.975,0,15.231586196863756,33.0,32.097819539461604,0.0,2.0
27415,2026-05-11 15:20:52.600000+00:00,52.1578737,21.1750513,91.6,14.53,-0.012,0.033,0.964,0,14.492062642977848,33.0,34.10768038783917,0.0,2.0
27420,2026-05-11 15:20:53.100000+00:00,52.157868,21.1750789,91.7,14.07,0.016,0.034,0.971,0,14.303529224962729,33.0,36.09405176969498,0.0,2.0
27425,2026-05-11 15:20:53.600000+00:00,52.1578625,21.1751063,91.7,14.03,0.027,0.037,0.978,0,14.159858930486187,33.0,38.06066201125391,0.0,2.0
27430,2026-05-11 15:20:54.100000+00:00,52.1578569,21.1751347,91.7,15.04,0.057,0.013,0.964,0,14.65176598805117,33.0,40.09562899722947,0.0,2.0
27435,2026-05-11 15:20:54.600000+00:00,52.1578512,21.1751642,91.8,15.25,0.046,0.024,0.986,0,15.190888372993053,33.0,42.205447769541024,0.0,2.0
27440,2026-05-11 15:20:55.100000+00:00,52.1578456,21.1751941,91.9,15.18,0.022,0.029,0.958,0,15.354826206113788,33.0,44.33787108504824,0.0,2.0
27445,2026-05-11 15:20:55.600000+00:00,52.1578398,21.175225,91.9,16.29,0.076,0.013,0.982,0,15.871341306571846,33.0,46.542061032573564,0.0,2.0
27450,2026-05-11 15:20:56.100000+00:00,52.1578339,21.1752571,92.0,16.63,0.053,0.01,0.951,0,16.458649287697998,33.0,48.82764338617418,0.0,2.0
27455,2026-05-11 15:20:56.600000+00:00,52.1578273,21.1752892,92.0,16.74,-0.011,0.01,0.983,0,16.62815858881171,33.0,51.13684759833033,0.0,2.0
27460,2026-05-11 15:20:57.100000+00:00,52.1578207,21.1753205,92.0,16.14,-0.018,0.001,0.968,0,16.256078273581654,33.0,53.394093453846104,0.0,2.0
27465,2026-05-11 15:20:57.600000+00:00,52.1578136,21.175351,92.1,15.72,-0.017,0.008,0.973,0,16.022605962637833,33.0,55.616448483793754,0.0,2.0
27470,2026-05-11 15:20:58.100000+00:00,52.1578067,21.1753801,92.1,15.07,-0.002,0.01,0.976,0,15.323193485951537,33.0,57.74133021482032,0.0,2.0
27475,2026-05-11 15:20:58.600000+00:00,52.1577989,21.1754097,92.1,15.94,0.1,-0.002,0.967,0,15.822789947106251,33.0,59.93001046991052,0.0,2.0
27480,2026-05-11 15:20:59.100000+00:00,52.1577905,21.1754413,92.2,17.15,0.07,-0.016,0.949,0,16.915042450337456,33.0,62.26982616213906,0.0,2.0
27485,2026-05-11 15:20:59.600000+00:00,52.1577815,21.1754741,92.2,17.64,0.042,0.01,0.985,0,17.64804336062837,33.0,64.7091777666776,0.0,2.0
27490,2026-05-11 15:21:00.100000+00:00,52.1577724,21.1755064,92.3,17.32,0.015,0.024,0.962,0,17.45741495023767,33.0,67.12068082861519,0.0,2.0
27495,2026-05-11 15:21:00.600000+00:00,52.1577632,21.1755387,92.3,17.76,0.002,0.031,0.989,0,17.49098075517716,33.0,69.53672123107033,0.0,2.0
27500,2026-05-11 15:21:01.100000+00:00,52.1577542,21.1755708,92.3,17.74,0.027,0.023,0.953,0,17.33476925346728,33.0,71.93345370881966,0.0,2.0
27505,2026-05-11 15:21:01.600000+00:00,52.1577451,21.1756028,92.2,17.29,0.02,0.017,0.984,0,17.32362912999977,33.0,74.32814496049026,0.0,2.0
27510,2026-05-11 15:21:02.100000+00:00,52.1577355,21.1756353,92.2,17.88,0.032,0.008,0.96,0,17.716694215581196,33.0,76.77431280792516,0.0,2.0
27515,2026-05-11 15:21:02.600000+00:00,52.157726,21.1756689,92.3,18.13,0.006,0.024,0.975,0,18.171342608983046,33.0,79.28823461950465,0.0,2.0
27520,2026-05-11 15:21:03.100000+00:00,52.1577168,21.175701,92.4,17.04,-0.026,0.032,0.987,0,17.401946947900043,,81.69519578261101,0.0,2.0
27525,2026-05-11 15:21:03.600000+00:00,52.1577076,21.1757317,92.4,16.52,-0.02,0.033,0.962,0,16.781478055953972,,84.01302485812559,0.0,2.0
27530,2026-05-11 15:21:04.100000+00:00,52.157699,21.1757609,92.4,15.2,-0.057,0.055,0.966,0,15.909026477206107,,86.2124667048776,0.0,2.0
27535,2026-05-11 15:21:04.600000+00:00,52.1576914,21.1757872,92.3,14.24,-0.032,0.032,0.98,0,14.278861328586283,,88.18826668061342,0.0,2.0
27540,2026-05-11 15:21:05.100000+00:00,52.1576836,21.1758123,92.2,13.75,0.0,0.027,0.968,0,13.819565481155575,,90.09546642356965,0.0,2.0
27545,2026-05-11 15:21:05.600000+00:00,52.1576763,21.1758364,92.2,13.06,-0.022,0.03,0.967,0,13.201216034687045,,91.91975754372336,0.0,2.0
27550,2026-05-11 15:21:06.100000+00:00,52.1576693,21.1758594,92.1,12.24,-0.025,0.039,0.979,0,12.610460720607197,,93.66242253115864,0.0,2.0
27555,2026-05-11 15:21:06.600000+00:00,52.1576626,21.175879,92.0,10.25,-0.071,0.057,0.973,0,11.020347495453255,,95.17675757612155,0.0,2.0
27560,2026-05-11 15:21:07.100000+00:00,52.1576577,21.1758967,92.0,8.96,-0.093,0.049,1.001,0,9.537712969798058,,96.49906587119415,0.0,2.0
27565,2026-05-11 15:21:07.600000+00:00,52.1576529,21.1759118,91.9,8.22,-0.018,0.024,0.949,0,8.353036309310246,,97.65181568751188,0.0,2.0
27570,2026-05-11 15:21:08.100000+00:00,52.1576485,21.175925,92.0,6.57,-0.092,0.058,0.969,0,7.378545994733544,,98.66779854223452,0.0,2.0
27575,2026-05-11 15:21:08.600000+00:00,52.1576454,21.175934,92.0,4.45,-0.098,0.069,0.981,0,5.0695375509305824,,99.36461934006554,0.0,2.0
27580,2026-05-11 15:21:09.100000+00:00,52.157643,21.1759406,92.0,3.73,0.01,0.023,0.972,0,3.7683453876325776,,99.88076583593279,0.0,2.0
27585,2026-05-11 15:21:09.600000+00:00,52.1576404,21.1759482,91.9,4.59,0.026,0.012,0.968,0,4.2739932599304264,,100.46863039916526,0.0,2.0
27590,2026-05-11 15:21:10.100000+00:00,52.1576381,21.1759559,91.9,4.48,0.029,0.016,0.983,0,4.2064116553277415,,101.05084254877781,0.0,2.0
27595,2026-05-11 15:21:10.600000+00:00,52.1576355,21.1759644,91.9,4.47,0.042,0.005,0.97,0,4.665040886463702,,101.69603108810142,0.0,2.0
27600,2026-05-11 15:21:11.100000+00:00,52.1576323,21.1759738,91.9,5.16,0.034,0.028,0.967,0,5.28011045232155,,102.42268831914664,0.0,2.0
27605,2026-05-11 15:21:11.600000+00:00,52.1576292,21.1759833,91.9,5.54,0.033,0.004,0.973,0,5.285045592231367,,103.15174370810267,0.0,2.0
27610,2026-05-11 15:21:12.100000+00:00,52.1576255,21.1759927,91.8,5.6,0.027,0.001,0.987,0,5.485517762203021,,103.89888382229125,0.0,2.0
27615,2026-05-11 15:21:12.600000+00:00,52.1576217,21.176003,91.8,5.87,0.032,0.007,0.972,0,5.903290796006436,,104.70743184663897,0.0,2.0
27620,2026-05-11 15:21:13.100000+00:00,52.1576178,21.1760146,91.8,7.03,0.066,0.007,0.963,0,6.496963339805904,,105.60271100766766,0.0,2.0
27625,2026-05-11 15:21:13.600000+00:00,52.1576133,21.1760282,91.8,7.64,0.066,-0.005,0.975,0,7.589438401090624,,106.64953092412824,0.0,2.0
27630,2026-05-11 15:21:14.100000+00:00,52.1576082,21.1760435,91.7,9.07,0.113,-0.007,0.969,0,8.552411514122351,,107.82891554776717,0.0,2.0
27635,2026-05-11 15:21:14.600000+00:00,52.1576023,21.176061,91.6,10.14,0.075,-0.007,0.97,0,9.807764602931615,,109.18086293868977,0.0,2.0
27640,2026-05-11 15:21:15.100000+00:00,52.1575963,21.1760799,91.4,10.9,0.043,-0.007,0.968,0,10.452209724662746,,110.62582877001734,0.0,2.0
27645,2026-05-11 15:21:15.600000+00:00,52.1575886,21.1760997,91.5,11.93,0.064,0.002,0.975,0,11.514306700727664,,112.19867128371496,0.0,2.0
27650,2026-05-11 15:21:16.100000+00:00,52.1575813,21.1761226,91.4,12.99,0.075,-0.008,0.968,0,12.675435590748162,,113.95136713950723,0.0,2.0
27655,2026-05-11 15:21:16.600000+00:00,52.1575718,21.1761466,91.4,14.49,0.097,-0.01,0.967,0,14.028630822886626,,115.86634458030163,0.0,2.0
27660,2026-05-11 15:21:17.100000+00:00,52.1575625,21.1761742,91.4,15.49,0.076,-0.02,0.969,0,15.466273491834329,,118.00092784282023,0.0,2.0
27665,2026-05-11 15:21:17.600000+00:00,52.1575519,21.1762043,91.5,17.03,0.102,-0.014,0.964,0,17.04660241634699,,120.34891633854205,0.0,2.0
27670,2026-05-11 15:21:18.100000+00:00,52.1575406,21.1762362,91.5,18.04,0.049,-0.007,0.976,0,18.092412690398852,,122.84097514116394,0.0,2.0
27675,2026-05-11 15:21:18.600000+00:00,52.1575288,21.1762674,91.3,17.77,0.041,-0.003,0.973,0,18.002305621017463,,125.31146959458526,0.0,2.0
27680,2026-05-11 15:21:19.100000+00:00,52.1575163,21.1763003,91.2,19.22,0.053,0.005,0.964,0,19.007213240058473,,127.92031578846054,0.0,2.0
27685,2026-05-11 15:21:19.600000+00:00,52.1575039,21.1763355,91.1,20.07,0.028,0.009,0.985,0,19.936502212157716,,130.6702112887607,0.0,2.0
27690,2026-05-11 15:21:20.100000+00:00,52.1574912,21.1763717,91.0,20.64,0.037,0.007,0.957,0,20.482077339965613,,133.49674786501816,0.0,2.0
27695,2026-05-11 15:21:20.600000+00:00,52.1574783,21.1764087,91.0,20.62,0.018,0.006,0.963,0,20.902741465160343,,136.3829579625184,0.0,2.0
27700,2026-05-11 15:21:21.100000+00:00,52.1574656,21.176446,90.9,20.93,0.022,0.028,0.975,0,20.952812494911917,,139.27972197156805,0.0,2.0
27705,2026-05-11 15:21:21.600000+00:00,52.1574527,21.1764843,90.8,21.2,0.025,0.016,0.974,0,21.46020201457347,,142.24843413035987,0.0,2.0
27710,2026-05-11 15:21:22.100000+00:00,52.1574396,21.1765229,90.8,21.6,0.042,0.017,0.962,0,21.66654061290698,,145.2453352499318,0.0,2.0
27715,2026-05-11 15:21:22.600000+00:00,52.1574262,21.1765625,90.7,22.72,0.038,0.012,0.961,0,22.212611508942448,,148.3186211009191,0.0,2.0
27720,2026-05-11 15:21:23.100000+00:00,52.1574123,21.1766032,90.7,23.25,0.037,0.006,0.967,0,22.879217001820724,,151.48356161369261,0.0,2.0
27725,2026-05-11 15:21:23.600000+00:00,52.1573983,21.1766462,90.6,24.02,0.044,0.001,0.974,0,23.91001762592751,,154.79676838176914,0.0,2.0
27730,2026-05-11 15:21:24.100000+00:00,52.157384,21.1766898,90.7,23.58,0.011,0.009,0.974,0,24.28304054845715,,158.16130307167572,0.0,2.0
27735,2026-05-11 15:21:24.600000+00:00,52.1573694,21.176732,90.4,24.36,0.017,0.017,0.958,0,23.795909286427136,,161.4528520883722,0.0,2.0
27740,2026-05-11 15:21:25.100000+00:00,52.1573544,21.1767756,90.4,24.51,0.024,0.012,0.971,0,24.552247798314895,,164.85028882807381,0.0,2.0
27745,2026-05-11 15:21:25.600000+00:00,52.1573391,21.1768202,90.5,24.83,0.029,0.004,0.966,0,25.098153636164124,,168.32414547340304,0.0,2.0
27750,2026-05-11 15:21:26.100000+00:00,52.1573236,21.1768655,90.5,25.53,0.019,0.019,0.976,0,25.476410955922223,,171.85116509042936,0.0,2.0
27755,2026-05-11 15:21:26.600000+00:00,52.1573091,21.1769123,90.2,25.93,0.021,0.026,0.965,0,25.751637290659946,,175.42521703009695,0.0,2.0
27760,2026-05-11 15:21:27.100000+00:00,52.1572936,21.1769583,90.2,25.86,0.015,0.006,0.964,0,25.777240735863955,,178.9962777829212,0.0,2.0
27765,2026-05-11 15:21:27.600000+00:00,52.1572773,21.1770043,90.1,26.26,0.023,0.001,0.978,0,26.09162083641171,,182.6050401369057,0.0,2.0
27770,2026-05-11 15:21:28.100000+00:00,52.1572607,21.1770511,90.1,26.37,0.019,-0.002,0.965,0,26.552013696437882,,186.27794006263915,0.0,2.0
27775,2026-05-11 15:21:28.600000+00:00,52.1572436,21.1770989,90.1,27.22,0.052,0.018,0.966,0,27.177783564389586,,190.03675544290715,0.0,2.0
27780,2026-05-11 15:21:29.100000+00:00,52.1572268,21.1771481,90.1,28.36,0.024,0.016,0.967,0,27.65637109854794,,193.86848349767382,0.0,2.0
27785,2026-05-11 15:21:29.600000+00:00,52.1572084,21.1771958,90.2,27.45,0.043,0.037,0.975,0,27.675069202788826,,197.68384927356166,0.0,2.0
27790,2026-05-11 15:21:30.100000+00:00,52.1571908,21.1772445,90.3,27.8,-0.013,0.017,0.978,0,27.76159558754446,,201.52381015517074,0.0,2.0
27795,2026-05-11 15:21:30.600000+00:00,52.1571736,21.1772933,90.2,27.78,-0.023,0.017,0.95,0,27.643019755510835,,205.35141156131863,0.0,2.0
27800,2026-05-11 15:21:31.100000+00:00,52.1571562,21.1773407,90.1,26.85,-0.007,0.024,0.983,0,27.1308204393425,,209.10285239883098,0.0,2.0
27805,2026-05-11 15:21:31.600000+00:00,52.1571395,21.1773875,90.0,26.59,-0.009,0.055,0.985,0,26.59223052733034,,212.78431352484623,0.0,2.0
27810,2026-05-11 15:21:32.100000+00:00,52.1571223,21.1774323,89.9,25.47,-0.01,0.034,0.931,0,25.957948804988437,,216.36738143794534,0.0,2.0
27815,2026-05-11 15:21:32.600000+00:00,52.1571064,21.1774778,89.7,25.73,-0.005,0.029,0.99,0,25.719329636495758,,219.93122008170477,0.0,2.0
27820,2026-05-11 15:21:33.100000+00:00,52.1570906,21.1775234,89.6,25.98,-0.024,0.014,0.973,0,25.722561526938318,,223.49661465679756,0.0,2.0
27825,2026-05-11 15:21:33.600000+00:00,52.1570745,21.1775692,89.9,25.35,-0.034,0.028,0.966,0,25.926715440127218,,227.08908536351638,0.0,2.0
27830,2026-05-11 15:21:34.100000+00:00,52.1570597,21.1776095,89.5,22.27,-0.159,0.098,0.981,0,23.06956064697522,,230.28121442443788,0.0,2.0
27835,2026-05-11 15:21:34.600000+00:00,52.157047,21.1776456,89.4,19.57,-0.136,0.071,0.963,0,20.439608171530704,,233.11372955307306,0.0,2.0
27840,2026-05-11 15:21:35.100000+00:00,52.1570353,21.1776776,89.3,17.78,-0.099,0.067,0.959,0,18.296978638926962,,235.64629721222963,0.0,2.0
27845,2026-05-11 15:21:35.600000+00:00,52.1570251,21.1777063,89.3,16.12,-0.078,0.054,0.991,0,16.29108578560207,,237.90348489098955,0.0,2.0
27850,2026-05-11 15:21:36.100000+00:00,52.1570161,21.1777331,89.3,14.78,-0.042,0.053,0.952,0,15.006402567312367,,239.98562081406692,0.0,2.0
27855,2026-05-11 15:21:36.600000+00:00,52.1570081,21.1777564,89.1,12.71,-0.1,0.066,0.991,0,13.114607553027762,,241.80446414869803,0.0,2.0
27860,2026-05-11 15:21:37.100000+00:00,52.1570025,21.1777766,88.9,9.59,-0.052,0.049,0.984,0,10.887586717192791,,243.31584664491635,0.0,2.0
27865,2026-05-11 15:21:37.600000+00:00,52.1569964,21.1777953,88.6,11.2,-0.009,0.017,0.952,0,10.402518623789058,,244.75989601754347,0.0,2.0
27870,2026-05-11 15:21:38.100000+00:00,52.1569898,21.1778145,88.5,10.49,-0.004,0.019,0.977,0,10.809912321150945,,246.25909357318992,0.0,2.0
27875,2026-05-11 15:21:38.600000+00:00,52.1569842,21.1778341,88.4,10.19,-0.017,0.062,0.958,0,10.619727742586383,,247.73372750141255,0.0,2.0
27880,2026-05-11 15:21:39.100000+00:00,52.1569791,21.1778518,88.4,8.79,-0.059,0.063,0.981,0,9.60480112535386,,249.06751753394235,0.0,2.0
27885,2026-05-11 15:21:39.600000+00:00,52.1569747,21.1778664,88.3,7.61,-0.061,0.047,0.981,0,7.989593207526769,,250.17718324012898,0.0,2.0
27890,2026-05-11 15:21:40.100000+00:00,52.1569713,21.1778797,88.4,5.93,-0.062,0.042,0.971,0,7.07700466582718,,251.15822107822382,0.0,2.0
27895,2026-05-11 15:21:40.600000+00:00,52.1569683,21.1778915,88.5,5.61,-0.03,0.034,0.984,0,6.273764818616456,,252.02781736021967,0.0,2.0
27900,2026-05-11 15:21:41.100000+00:00,52.1569645,21.1779007,88.7,5.08,0.014,0.023,0.956,0,5.447459801266227,,252.7774199932422,0.0,2.0
27905,2026-05-11 15:21:41.600000+00:00,52.1569612,21.1779098,88.5,5.13,0.02,0.014,0.983,0,5.192100516765917,,253.49640780858473,0.0,2.0
27910,2026-05-11 15:21:42.100000+00:00,52.1569582,21.1779203,88.4,5.09,-0.012,0.024,0.963,0,5.689142731620534,,254.28639111909933,0.0,2.0
27915,2026-05-11 15:21:42.600000+00:00,52.1569551,21.1779295,88.4,4.82,-0.01,0.029,0.977,0,5.155478819046196,,255.00169489968204,0.0,2.0
27920,2026-05-11 15:21:43.100000+00:00,52.156952,21.1779379,88.3,4.68,0.01,0.016,0.971,0,4.814788084141005,,255.66803312812615,0.0,2.0
27925,2026-05-11 15:21:43.600000+00:00,52.1569499,21.1779466,88.4,4.1,0.007,0.004,0.977,0,4.592033207333519,,256.3036576673454,0.0,2.0
27930,2026-05-11 15:21:44.100000+00:00,52.1569473,21.1779562,88.4,4.6,0.008,0.021,0.975,0,5.154260987753736,,257.0189185407969,0.0,2.0
27935,2026-05-11 15:21:44.600000+00:00,52.1569441,21.1779652,88.5,4.69,0.011,0.022,0.976,0,5.109269534730837,,257.7268874835537,0.0,2.0
27940,2026-05-11 15:21:45.100000+00:00,52.1569409,21.1779741,88.6,4.8,0.008,0.018,0.97,0,5.06683360311409,,258.42874464471635,0.0,2.0
27945,2026-05-11 15:21:45.600000+00:00,52.1569377,21.1779829,88.7,4.43,0.011,0.011,0.977,0,5.024519400599675,,259.1244917354389,0.0,2.0
27950,2026-05-11 15:21:46.100000+00:00,52.1569346,21.1779915,88.8,4.34,0.011,0.015,0.977,0,4.89922887145526,,259.80309726412565,0.0,2.0
27955,2026-05-11 15:21:46.600000+00:00,52.1569313,21.178001,88.7,5.23,0.017,0.016,0.972,0,5.36216615983572,,260.54661518196707,0.0,2.0
27960,2026-05-11 15:21:47.100000+00:00,52.1569279,21.1780102,88.8,4.89,0.019,0.012,0.975,0,5.275307592723098,,261.27670162693653,0.0,2.0
27965,2026-05-11 15:21:47.600000+00:00,52.1569244,21.1780206,88.8,5.3,0.011,0.004,0.98,0,5.8262607310717405,,262.08513672032285,0.0,2.0
27970,2026-05-11 15:21:48.100000+00:00,52.1569206,21.1780308,89.0,5.35,0.017,0.007,0.977,0,5.861321361081379,,262.8961044154778,0.0,2.0
27975,2026-05-11 15:21:48.600000+00:00,52.156918,21.1780418,89.1,5.89,0.018,0.011,0.976,0,5.789996214871972,,263.6969707031243,0.0,2.0
27980,2026-05-11 15:21:49.100000+00:00,52.1569138,21.1780522,89.0,5.63,0.014,0.015,0.97,0,6.1155647705784375,,264.5398607380343,0.0,2.0
27985,2026-05-11 15:21:49.600000+00:00,52.1569106,21.1780611,89.0,4.48,-0.083,0.052,0.985,0,5.066836170388227,,265.2417955586837,0.0,2.0
27990,2026-05-11 15:21:50.100000+00:00,52.1569084,21.178069,89.1,4.11,-0.013,0.018,0.971,0,4.2612944634853145,,265.83332620189464,0.0,2.0
27995,2026-05-11 15:21:50.600000+00:00,52.1569063,21.1780776,89.2,4.53,0.013,0.013,0.977,0,4.54636600071161,,266.4627539759654,0.0,2.0
28000,2026-05-11 15:21:51.100000+00:00,52.1569058,21.1780849,89.4,2.71,0.013,0.01,0.967,0,3.6078258357959676,,266.93396590993615,0.0,2.0
28005,2026-05-11 15:21:51.600000+00:00,52.1569036,21.1780908,89.0,3.75,0.017,0.005,0.984,0,3.3911882171254777,,267.4031360722899,0.0,2.0
28010,2026-05-11 15:21:52.100000+00:00,52.1569002,21.1780982,88.8,4.37,0.016,0.016,0.975,0,4.5409658076354535,,268.0231195653775,0.0,2.0
28015,2026-05-11 15:21:52.600000+00:00,52.156897,21.178108,88.9,5.01,0.019,0.013,0.973,0,5.4528033693472455,,268.7800997316238,0.0,2.0
28020,2026-05-11 15:21:53.100000+00:00,52.1568969,21.1781205,89.0,6.8,0.018,0.01,0.975,0,6.1401629096568655,,269.5498950776969,0.0,2.0
28025,2026-05-11 15:21:53.600000+00:00,52.1568957,21.1781325,89.0,5.65,0.006,0.017,0.979,0,5.971840579931515,,270.34343974172447,0.0,2.0
28030,2026-05-11 15:21:54.100000+00:00,52.1568915,21.1781431,89.2,5.99,0.019,0.013,0.976,0,6.197854911433414,,271.19837475580164,0.0,2.0
28035,2026-05-11 15:21:54.600000+00:00,52.1568879,21.1781548,89.3,6.65,0.018,0.016,0.961,0,6.42896065112091,,272.09125624233843,0.0,2.0
28040,2026-05-11 15:21:55.100000+00:00,52.1568839,21.1781662,89.4,6.05,0.007,0.013,0.996,0,6.450443331237426,,272.9853914041736,0.0,2.0
28045,2026-05-11 15:21:55.600000+00:00,52.1568799,21.1781776,89.5,5.97,-0.004,0.022,0.958,0,6.450443765492988,,273.8795381385772,0.0,2.0
28050,2026-05-11 15:21:56.100000+00:00,52.1568771,21.1781877,89.5,5.54,-0.031,0.04,0.988,0,5.443806234768885,,274.6352185989999,0.0,2.0
28055,2026-05-11 15:21:56.600000+00:00,52.1568738,21.178196,89.5,4.6,-0.033,0.04,0.972,0,4.857961898559115,,275.3052578638297,0.0,2.0
28060,2026-05-11 15:21:57.100000+00:00,52.1568714,21.1782039,89.6,3.2,-0.039,0.036,0.985,0,4.3299358101953604,,275.90663603697294,0.0,2.0
28065,2026-05-11 15:21:57.600000+00:00,52.156869,21.1782116,89.9,3.34,-0.005,0.021,0.979,0,4.242127681181045,,276.4957728713624,0.0,2.0
28070,2026-05-11 15:21:58.100000+00:00,52.1568667,21.1782196,90.1,3.66,0.017,0.016,0.975,0,4.339433151457954,,277.09836175643716,0.0,2.0
28075,2026-05-11 15:21:58.600000+00:00,52.1568641,21.1782281,90.1,4.47,0.037,0.021,0.973,0,4.665105637111973,,277.7462844093339,0.0,2.0
28080,2026-05-11 15:21:59.100000+00:00,52.1568612,21.1782384,90.4,5.03,0.031,0.012,0.977,0,5.566389566453694,,278.519111220808,0.0,2.0
28085,2026-05-11 15:21:59.600000+00:00,52.1568577,21.1782482,90.5,4.81,0.014,0.024,0.969,0,5.569690007576359,,279.290794655401,0.0,2.0
28090,2026-05-11 15:22:00.100000+00:00,52.1568544,21.1782568,90.4,4.42,-0.031,0.035,0.986,0,4.9822629534536045,,279.9792251623562,0.0,2.0
28095,2026-05-11 15:22:00.600000+00:00,52.1568524,21.1782654,90.6,3.77,-0.035,0.037,0.973,0,4.517376566876979,,280.60379316748146,0.0,2.0
28100,2026-05-11 15:22:01.100000+00:00,52.1568504,21.1782702,90.7,2.67,-0.031,0.046,0.976,0,2.849957387422455,,280.9958025054167,0.0,2.0
28105,2026-05-11 15:22:01.600000+00:00,52.1568492,21.1782762,91.0,1.79,-0.024,0.031,0.978,0,3.099674388692173,,281.421952142393,0.0,2.0
28110,2026-05-11 15:22:02.100000+00:00,52.1568476,21.1782823,91.2,2.26,0.008,0.026,0.969,0,3.258492886136118,,281.8738750975446,0.0,2.0
28115,2026-05-11 15:22:02.600000+00:00,52.1568465,21.1782861,91.3,1.64,-0.009,0.034,0.978,0,2.063786651233769,,282.16047303205147,0.0,2.0
28120,2026-05-11 15:22:03.100000+00:00,52.1568451,21.1782899,91.4,1.61,-0.034,0.034,0.973,0,2.1771403196665857,,282.46180304290453,0.0,2.0
28125,2026-05-11 15:22:03.600000+00:00,52.1568444,21.1782918,91.6,0.22,-0.04,0.038,0.98,0,1.0885701780643797,,282.6124688931015,0.0,2.0
28130,2026-05-11 15:22:04.100000+00:00,52.1568441,21.1782938,91.8,0.14,-0.004,0.03,0.976,0,1.0112794390414326,,282.7496103501408,0.0,2.0
28135,2026-05-11 15:22:04.600000+00:00,52.1568437,21.1782953,92.0,0.21,0.012,0.02,0.975,0,0.8033471174365119,,282.86106120480054,0.0,2.0
28140,2026-05-11 15:22:05.100000+00:00,52.1568434,21.178296,92.2,0.29,0.005,0.023,0.974,0,0.4194035471405744,,282.91863686328645,0.0,2.0
28145,2026-05-11 15:22:05.600000+00:00,52.1568432,21.1782975,92.4,0.04,0.005,0.021,0.98,0,0.7539566929243247,,283.02026734323783,0.0,2.0
28150,2026-05-11 15:22:06.100000+00:00,52.1568431,21.1782996,92.7,0.13,0.002,0.02,0.975,0,1.0345633372629996,,283.1537189560108,0.0,2.0
28155,2026-05-11 15:22:06.600000+00:00,52.156843,21.178303,93.0,0.26,0.019,0.02,0.976,0,1.6719023352379578,,283.3667684047797,0.0,2.0
28160,2026-05-11 15:22:07.100000+00:00,52.1568426,21.1783055,93.4,0.57,0.024,0.013,0.984,0,1.2690019129984265,,283.5394479908609,0.0,2.0
28165,2026-05-11 15:22:07.600000+00:00,52.1568416,21.1783086,93.6,1.51,0.07,-0.001,0.962,0,1.7202838872434256,,283.77828676874816,0.0,2.0
28170,2026-05-11 15:22:08.100000+00:00,52.1568407,21.1783143,93.7,2.49,0.053,0.002,0.984,0,2.8909149536414236,,284.1714226775802,0.0,2.0
28175,2026-05-11 15:22:08.600000+00:00,52.156839,21.1783212,93.9,2.64,0.049,0.005,0.972,0,3.652163252643918,,284.6772613726384,0.0,2.0
28180,2026-05-11 15:22:09.100000+00:00,52.1568362,21.1783277,94.0,3.36,0.042,0.007,0.979,0,3.9010228919608942,,285.21251350199356,0.0,2.0
28185,2026-05-11 15:22:09.600000+00:00,52.1568336,21.1783369,94.4,4.43,0.035,0.022,0.977,0,4.975170419464172,,285.90329552878256,0.0,2.0
28190,2026-05-11 15:22:10.100000+00:00,52.1568318,21.1783479,94.5,5.63,0.03,0.013,0.976,0,5.591776969629232,,286.665121205493,0.0,2.0
28195,2026-05-11 15:22:10.600000+00:00,52.1568281,21.1783568,94.6,5.23,0.03,0.014,0.975,0,5.280552228876438,,287.39141858157143,0.0,2.0
28200,2026-05-11 15:22:11.100000+00:00,52.1568243,21.1783663,94.6,5.23,0.031,0.012,0.977,0,5.5703105282717855,,288.15939178669316,0.0,2.0
28205,2026-05-11 15:22:11.600000+00:00,52.1568203,21.1783767,94.5,5.85,0.018,0.019,0.973,0,6.029018000452477,,288.9923045990481,0.0,2.0
28210,2026-05-11 15:22:12.100000+00:00,52.1568157,21.1783878,94.6,6.29,0.025,0.018,0.973,0,6.579305503193312,,289.8975481902228,0.0,2.0
28215,2026-05-11 15:22:12.600000+00:00,52.1568107,21.178397,94.4,5.85,0.018,0.018,0.974,0,6.036850086125159,,290.7062551753281,0.0,2.0
28220,2026-05-11 15:22:13.100000+00:00,52.1568059,21.1784079,94.3,6.31,0.02,0.022,0.974,0,6.590204018108626,,291.60925887410605,0.0,2.0
28225,2026-05-11 15:22:13.600000+00:00,52.1568009,21.1784175,94.4,5.5,0.031,0.018,0.977,0,6.185286554272119,,292.4427049257202,0.0,2.0
28230,2026-05-11 15:22:14.100000+00:00,52.1567959,21.1784288,94.1,7.23,0.06,-0.005,0.972,0,6.843200826123246,,293.3802143228403,0.0,2.0
28235,2026-05-11 15:22:14.600000+00:00,52.1567905,21.1784428,93.7,8.0,0.035,0.006,0.96,0,8.122538648783518,,294.50257997372614,0.0,2.0
28240,2026-05-11 15:22:15.100000+00:00,52.156785,21.1784586,93.5,8.92,0.07,0.009,0.979,0,8.922722137189195,,295.7399272178411,0.0,2.0
28245,2026-05-11 15:22:15.600000+00:00,52.1567787,21.1784774,93.3,10.55,0.07,0.001,0.953,0,10.521763316166533,,297.2001556721981,0.0,2.0
28250,2026-05-11 15:22:16.100000+00:00,52.1567705,21.1784952,93.4,10.26,0.02,0.014,0.976,0,10.933269047035374,,298.69334778796014,0.0,2.0
28255,2026-05-11 15:22:16.600000+00:00,52.1567628,21.1785152,93.2,11.61,-0.001,0.02,0.961,0,11.597548149301739,,300.29631246943546,0.0,2.0
28260,2026-05-11 15:22:17.100000+00:00,52.1567557,21.1785358,93.2,11.44,-0.008,0.018,0.982,0,11.605526496598278,,301.90621558544706,0.0,2.0
28265,2026-05-11 15:22:17.600000+00:00,52.1567488,21.1785556,93.0,11.04,-0.062,0.046,0.98,0,11.184647836325988,,303.4573770748388,0.0,2.0
28270,2026-05-11 15:22:18.100000+00:00,52.1567421,21.1785719,92.9,8.8,-0.078,0.057,0.971,0,9.63695502840272,,304.7850163878105,0.0,2.0
28275,2026-05-11 15:22:18.600000+00:00,52.156737,21.1785882,92.8,7.82,-0.023,0.022,0.984,0,8.987184357211083,,306.03319353876117,0.0,2.0
28280,2026-05-11 15:22:19.100000+00:00,52.1567324,21.178604,92.8,8.57,0.009,0.002,0.974,0,8.590036882808276,,307.2260104388045,0.0,2.0
28285,2026-05-11 15:22:19.600000+00:00,52.1567267,21.1786201,92.9,9.0,-0.008,0.028,0.971,0,9.13015136099592,,308.49180447823545,0.0,2.0
28290,2026-05-11 15:22:20.100000+00:00,52.1567221,21.1786362,92.9,7.96,-0.038,0.045,0.976,0,8.723390077729624,,309.70292460304034,0.0,2.0
28295,2026-05-11 15:22:20.600000+00:00,52.1567169,21.1786477,93.0,6.3,-0.055,0.039,0.959,0,7.016921155482919,,310.66320236198146,0.0,2.0
28300,2026-05-11 15:22:21.100000+00:00,52.1567134,21.1786561,92.9,4.45,-0.073,0.038,0.988,0,4.987435878037759,,311.3498283030118,0.0,2.0
28305,2026-05-11 15:22:21.600000+00:00,52.1567108,21.1786626,92.9,3.33,-0.046,0.036,0.984,0,3.811271952007788,,311.875768754776,0.0,2.0
28310,2026-05-11 15:22:22.100000+00:00,52.1567082,21.1786683,92.8,2.69,0.02,0.015,0.965,0,3.4887222387240517,,312.35293207736066,0.0,2.0
28315,2026-05-11 15:22:22.600000+00:00,52.1567059,21.1786756,92.8,3.63,0.047,-0.007,0.966,0,4.030755567451339,,312.9127327229471,0.0,2.0
28320,2026-05-11 15:22:23.100000+00:00,52.1567038,21.1786862,93.0,5.03,0.039,0.02,0.984,0,5.471165894992277,,313.6638354377289,0.0,2.0
28325,2026-05-11 15:22:23.600000+00:00,52.1567008,21.1786943,93.0,4.02,0.022,0.022,0.963,0,4.647278036005622,,314.3072923275643,0.0,2.0
28330,2026-05-11 15:22:24.100000+00:00,52.1566979,21.1787033,93.0,4.56,0.02,0.013,0.975,0,4.993183740756335,,315.00066368113556,0.0,2.0
28335,2026-05-11 15:22:24.600000+00:00,52.1566947,21.1787115,93.2,3.89,0.003,0.029,0.984,0,4.7733882019459095,,315.6601964397349,0.0,2.0
28340,2026-05-11 15:22:25.100000+00:00,52.1566918,21.1787189,93.2,3.38,0.004,0.022,0.965,0,4.312940031297346,,316.2560049387311,0.0,2.0
28345,2026-05-11 15:22:25.600000+00:00,52.1566886,21.1787269,93.3,4.02,0.029,-0.005,0.972,0,4.6907978677867845,,316.9033713479433,0.0,2.0
28350,2026-05-11 15:22:26.100000+00:00,52.156686,21.1787362,93.2,5.18,0.029,0.003,0.973,0,5.019837782489211,,317.60007911751944,0.0,2.0
28355,2026-05-11 15:22:26.600000+00:00,52.1566819,21.1787451,93.2,5.04,0.032,0.012,0.974,0,5.466641640292455,,318.34723702091907,0.0,2.0
28360,2026-05-11 15:22:27.100000+00:00,52.1566776,21.1787538,93.2,4.95,0.031,0.001,0.981,0,5.487421222655913,,319.0922553368843,0.0,2.0
28365,2026-05-11 15:22:27.600000+00:00,52.1566729,21.1787626,93.2,5.77,0.028,0.01,0.97,0,5.730747162191757,,319.86345528558826,0.0,2.0
28370,2026-05-11 15:22:28.100000+00:00,52.1566686,21.1787723,93.3,5.26,0.029,0.016,0.976,0,5.877995388899451,,320.6695636875399,0.0,2.0
28375,2026-05-11 15:22:28.600000+00:00,52.1566643,21.178783,93.1,6.06,0.023,0.008,0.972,0,6.282703982653911,,321.53662548727715,0.0,2.0
28380,2026-05-11 15:22:29.100000+00:00,52.1566599,21.1787955,93.3,5.95,0.004,0.021,0.968,0,7.078466564272201,,322.51834153857305,0.0,2.0
28385,2026-05-11 15:22:29.600000+00:00,52.1566559,21.1788067,93.3,5.93,0.0,0.017,0.973,0,6.3653815402158065,,323.4008538232325,0.0,2.0
28390,2026-05-11 15:22:30.100000+00:00,52.1566521,21.1788166,93.3,5.3,0.0,0.017,0.984,0,5.735908142028919,,324.19419204302665,0.0,2.0
28395,2026-05-11 15:22:30.600000+00:00,52.1566486,21.1788254,92.9,4.9,0.004,0.015,0.97,0,5.151153199535475,,324.905527488457,0.0,2.0
28400,2026-05-11 15:22:31.100000+00:00,52.1566457,21.178836,92.9,5.1,0.022,0.009,0.972,0,5.700665766933901,,325.6963511362365,0.0,2.0
28405,2026-05-11 15:22:31.600000+00:00,52.156642,21.1788455,92.6,5.16,0.026,0.013,0.981,0,5.527007628666493,,326.46034548445164,0.0,2.0
28410,2026-05-11 15:22:32.100000+00:00,52.1566383,21.1788566,92.5,5.21,0.019,0.01,0.968,0,6.204795162277424,,327.3217499404538,0.0,2.0
28415,2026-05-11 15:22:32.600000+00:00,52.1566349,21.1788662,92.1,5.53,0.015,0.012,0.975,0,5.444571094878527,,328.07679063972387,0.0,2.0
28420,2026-05-11 15:22:33.100000+00:00,52.1566313,21.1788786,92.0,5.69,0.016,0.012,0.978,0,6.73808863594868,,329.0123094460189,0.0,2.0
28425,2026-05-11 15:22:33.600000+00:00,52.1566274,21.1788907,91.9,6.34,0.017,0.015,0.972,0,6.713480087437935,,329.9446277527608,0.0,2.0
28430,2026-05-11 15:22:34.100000+00:00,52.1566234,21.1789051,92.2,6.87,0.017,0.012,0.977,0,7.76411641667775,,331.0219710237114,0.0,2.0
28435,2026-05-11 15:22:34.600000+00:00,52.1566189,21.1789191,92.3,7.1,0.013,0.009,0.971,0,7.763053093706521,,331.44348766206946,0.0,2.0
28440,2026-05-11 15:22:35.100000+00:00,52.1566143,21.1789325,92.4,6.46,0.019,0.018,0.974,0,7.542021928696829,,330.41826554557184,0.0,2.0
28445,2026-05-11 15:22:35.600000+00:00,52.1566098,21.1789459,92.4,6.97,0.013,0.013,0.977,0,7.5032542748235675,,329.39649669521435,0.0,2.0
28450,2026-05-11 15:22:36.100000+00:00,52.1566057,21.1789604,92.3,7.68,0.02,0.007,0.976,0,7.8420625528568,,328.31644331322485,0.0,2.0
28455,2026-05-11 15:22:36.600000+00:00,52.1566011,21.1789755,92.5,8.07,0.019,0.017,0.975,0,8.28074872493702,,327.18084929486054,0.0,2.0
28460,2026-05-11 15:22:37.100000+00:00,52.1565972,21.1789897,92.5,6.84,0.023,0.021,0.968,0,7.6416775431179484,,326.12707649206817,0.0,2.0
28465,2026-05-11 15:22:37.600000+00:00,52.1565928,21.1790048,92.4,7.58,0.011,0.014,0.972,0,8.210790557392748,,324.9982414845443,0.0,2.0
28470,2026-05-11 15:22:38.100000+00:00,52.1565886,21.1790202,92.5,7.32,0.014,0.012,0.976,0,8.277807171450192,,323.85651458091803,0.0,2.0
28475,2026-05-11 15:22:38.600000+00:00,52.1565851,21.1790351,92.5,7.67,0.016,0.017,0.969,0,7.836601211235626,,322.7704303864979,0.0,2.0
28480,2026-05-11 15:22:39.100000+00:00,52.1565807,21.179051,92.6,8.2,0.015,0.009,0.973,0,8.567390302856069,,321.58963601730125,0.0,2.0
28485,2026-05-11 15:22:39.600000+00:00,52.1565759,21.1790663,92.6,8.13,0.015,0.01,0.978,0,8.440538708123114,,320.434918768021,0.0,2.0
28490,2026-05-11 15:22:40.100000+00:00,52.156571,21.1790819,92.5,8.17,0.013,0.008,0.973,0,8.60818539152563,,319.25749952231035,0.0,2.0
28495,2026-05-11 15:22:40.600000+00:00,52.1565665,21.1790976,92.6,7.56,0.017,0.014,0.977,0,8.511519107212244,,318.08674247344646,0.0,2.0
28500,2026-05-11 15:22:41.100000+00:00,52.1565619,21.179113,92.4,7.76,0.009,0.014,0.977,0,8.412987561740197,,316.93238075760956,0.0,2.0
28505,2026-05-11 15:22:41.600000+00:00,52.1565562,21.1791256,92.2,7.55,0.013,0.017,0.974,0,7.689362178559225,,315.9250797991117,0.0,2.0
28510,2026-05-11 15:22:42.100000+00:00,52.1565512,21.1791402,92.0,8.19,0.013,0.016,0.975,0,8.21277207802815,,314.81028581097377,0.0,2.0
28515,2026-05-11 15:22:42.600000+00:00,52.1565465,21.1791557,92.0,7.66,0.012,0.013,0.975,0,8.492347689665591,,313.64661533524855,0.0,2.0
28520,2026-05-11 15:22:43.100000+00:00,52.1565402,21.1791708,91.8,8.21,0.009,0.011,0.979,0,8.969283489874327,,312.4576509729418,0.0,2.0
28525,2026-05-11 15:22:43.600000+00:00,52.1565347,21.179186,91.8,8.16,0.063,-0.001,0.973,0,8.667660563642391,,311.28824919346096,0.0,2.0
28530,2026-05-11 15:22:44.100000+00:00,52.1565278,21.1792048,91.7,10.57,0.065,-0.007,0.97,0,10.760339839097933,,309.83913708438,0.0,2.0
28535,2026-05-11 15:22:44.600000+00:00,52.1565201,21.1792259,91.7,12.39,0.084,-0.012,0.97,0,12.058658112079948,,308.2146602824699,0.0,2.0
28540,2026-05-11 15:22:45.100000+00:00,52.1565108,21.1792494,91.4,14.64,0.079,-0.037,0.957,0,13.735694703464127,,306.38313290112393,0.0,2.0
28545,2026-05-11 15:22:45.600000+00:00,52.1565009,21.1792761,91.1,15.45,0.117,-0.017,0.963,0,15.323454238904619,,304.32428424598237,0.0,2.0
28550,2026-05-11 15:22:46.100000+00:00,52.1564904,21.1793074,91.1,17.22,0.055,-0.007,0.98,0,17.521992018253357,,301.94648785304014,0.0,2.0
28555,2026-05-11 15:22:46.600000+00:00,52.1564788,21.1793395,90.8,18.21,0.099,-0.008,0.985,0,18.298595319053696,,299.4830245771519,0.0,2.0
28560,2026-05-11 15:22:47.100000+00:00,52.1564662,21.1793744,90.5,19.82,0.009,0.007,0.94,0,19.889930067165754,,296.80653586934795,0.0,2.0
28565,2026-05-11 15:22:47.600000+00:00,52.1564536,21.1794083,90.3,19.24,-0.019,0.026,0.98,0,19.468210291728965,,294.19723240401606,0.0,2.0
28570,2026-05-11 15:22:48.100000+00:00,52.1564415,21.179443,90.3,18.73,-0.018,0.035,0.971,0,19.604475546386613,,291.55228276050536,0.0,2.0
28575,2026-05-11 15:22:48.600000+00:00,52.1564301,21.1794773,90.3,17.97,-0.025,0.022,0.983,0,19.160717857686265,,288.9560991874735,0.0,2.0
28580,2026-05-11 15:22:49.100000+00:00,52.1564196,21.1795103,90.4,17.3,-0.015,0.035,0.964,0,18.25903798764478,,286.47342089545805,0.0,2.0
28585,2026-05-11 15:22:49.600000+00:00,52.1564093,21.1795409,90.2,16.56,-0.014,0.037,0.976,0,17.14354377295597,,284.1554031455585,0.0,2.0
28590,2026-05-11 15:22:50.100000+00:00,52.1563989,21.1795684,89.9,15.44,-0.02,0.024,0.969,0,15.867439555343893,,282.0394080520437,0.0,2.0
28595,2026-05-11 15:22:50.600000+00:00,52.1563887,21.179599,90.2,15.96,-0.023,0.022,0.974,0,17.10518408401237,,279.72657236300364,0.0,2.0
28600,2026-05-11 15:22:51.100000+00:00,52.1563788,21.1796285,90.4,15.41,-0.025,0.027,0.975,0,16.515842282229514,,277.49594701259866,0.0,2.0
28605,2026-05-11 15:22:51.600000+00:00,52.156369,21.1796575,90.5,15.15,0.021,0.028,0.964,0,16.262033413197326,,275.30218660382144,0.0,2.0
28610,2026-05-11 15:22:52.100000+00:00,52.1563595,21.1796856,90.6,15.42,0.016,0.015,0.974,0,15.758950846414086,,273.1773977048009,0.0,2.0
28615,2026-05-11 15:22:52.600000+00:00,52.1563503,21.1797154,90.8,15.72,0.044,0.015,0.967,0,16.385833278681734,,270.95003608579,0.0,2.0
28620,2026-05-11 15:22:53.100000+00:00,52.15634,21.1797457,91.0,16.77,0.031,0.008,0.966,0,17.014525089267988,,268.65943999249384,0.0,2.0
28625,2026-05-11 15:22:53.600000+00:00,52.1563298,21.179775,91.0,16.3,0.012,0.007,0.979,0,16.54694440040777,,266.4389329288312,0.0,2.0
28630,2026-05-11 15:22:54.100000+00:00,52.1563189,21.1798056,90.9,16.95,0.063,0.002,0.96,0,17.379732280366145,,264.1144660142376,0.0,2.0
28635,2026-05-11 15:22:54.600000+00:00,52.1563074,21.1798362,90.6,17.5,0.053,0.005,0.972,0,17.625827347208197,,261.7751615633112,0.0,2.0
28640,2026-05-11 15:22:55.100000+00:00,52.156295,21.1798702,90.6,19.09,0.078,-0.011,0.971,0,19.427982023705976,,259.1885208364159,0.0,2.0
28645,2026-05-11 15:22:55.600000+00:00,52.1562815,21.179906,90.5,20.75,0.062,-0.023,0.97,0,20.64023129787136,,256.45556636359356,0.0,2.0
28650,2026-05-11 15:22:56.100000+00:00,52.1562702,21.1799449,90.3,20.72,0.066,-0.003,0.963,0,21.140384598685074,,253.5782686931113,0.0,2.0
28655,2026-05-11 15:22:56.600000+00:00,52.1562601,21.1799885,90.4,22.8,0.067,0.0,0.968,0,22.89111341121331,,250.42231331086722,0.0,2.0
28660,2026-05-11 15:22:57.100000+00:00,52.1562454,21.1800305,90.4,24.11,0.042,0.004,0.969,0,23.750416223470708,,247.25331077376612,0.0,2.0
28665,2026-05-11 15:22:57.600000+00:00,52.1562303,21.1800735,90.4,24.29,0.027,0.009,0.972,0,24.33576916280268,,244.01113983082482,0.0,2.0
28670,2026-05-11 15:22:58.100000+00:00,52.1562144,21.1801141,90.5,22.83,0.021,0.007,0.969,0,23.658406856823085,,240.912246239336,0.0,2.0
28675,2026-05-11 15:22:58.600000+00:00,52.1561992,21.1801576,90.6,24.58,0.033,0.001,0.953,0,24.588752755773683,,237.642589589785,0.0,2.0
28680,2026-05-11 15:22:59.100000+00:00,52.1561828,21.1802008,90.7,24.36,0.015,0.006,0.979,0,24.952703711464583,,234.368170306751,0.0,2.0
28685,2026-05-11 15:22:59.600000+00:00,52.1561668,21.1802455,90.6,25.47,0.025,0.023,0.958,0,25.41929531099979,,231.00872204864217,0.0,2.0
28690,2026-05-11 15:23:00.100000+00:00,52.1561511,21.1802892,90.6,24.76,0.001,0.043,1.002,0,24.874046574114463,,227.72809499646308,0.0,2.0
28695,2026-05-11 15:23:00.600000+00:00,52.1561368,21.1803321,90.1,24.02,0.02,0.05,0.946,0,23.98090121936108,,224.53767520953622,0.0,2.0
28700,2026-05-11 15:23:01.100000+00:00,52.1561214,21.1803751,90.1,24.04,-0.016,-0.002,0.986,0,24.45601517875561,,221.32043333968286,0.0,2.0
28705,2026-05-11 15:23:01.600000+00:00,52.1561067,21.1804177,90.0,23.41,0.009,0.04,0.947,0,24.00689826501628,,218.15045394592363,0.0,2.0
28710,2026-05-11 15:23:02.100000+00:00,52.1560921,21.1804599,89.9,23.1,0.008,0.047,0.951,0,23.79642736494948,,215.01434048140612,0.0,2.0
28715,2026-05-11 15:23:02.600000+00:00,52.1560776,21.1805018,90.0,22.4,-0.006,0.027,0.99,0,23.62875547974333,,211.90552335799944,0.0,2.0
28720,2026-05-11 15:23:03.100000+00:00,52.1560636,21.180541,89.9,21.48,-0.057,0.022,0.97,0,22.279054936616493,,208.99316831376171,0.0,2.0
28725,2026-05-11 15:23:03.600000+00:00,52.1560496,21.1805785,90.0,20.98,-0.048,0.037,0.974,0,21.56151312370283,,206.20031962425276,0.0,2.0
28730,2026-05-11 15:23:04.100000+00:00,52.1560358,21.1806158,90.1,20.58,0.001,0.031,0.969,0,21.394533482554724,,203.4304119453264,0.0,2.0
28735,2026-05-11 15:23:04.600000+00:00,52.1560224,21.1806517,90.3,19.83,-0.02,0.029,0.972,0,20.64045479624973,,200.76776466056626,0.0,2.0
28740,2026-05-11 15:23:05.100000+00:00,52.1560108,21.180687,90.2,19.05,-0.014,0.03,0.976,0,19.669227441940205,,198.1829963005621,0.0,2.0
28745,2026-05-11 15:23:05.600000+00:00,52.1559996,21.1807202,90.1,18.01,-0.015,0.023,0.978,0,18.609888819624732,,195.75064326585166,0.0,2.0
28750,2026-05-11 15:23:06.100000+00:00,52.1559887,21.1807543,90.3,18.43,0.001,0.026,0.981,0,18.886279356629142,,193.2665627293135,0.0,2.0
28755,2026-05-11 15:23:06.600000+00:00,52.1559768,21.1807878,90.4,18.18,0.009,0.018,0.957,0,19.013685712139115,,190.8104785047109,0.0,2.0
28760,2026-05-11 15:23:07.100000+00:00,52.1559663,21.180821,90.4,17.81,-0.012,0.035,0.972,0,18.34644629248593,,188.40157498497302,0.0,2.0
28765,2026-05-11 15:23:07.600000+00:00,52.155956,21.1808515,90.1,16.75,-0.019,0.028,0.984,0,17.100631548430457,,186.18188469599062,0.0,2.0
28770,2026-05-11 15:23:08.100000+00:00,52.1559458,21.1808822,90.2,15.91,-0.01,0.03,0.959,0,17.14849085450002,,183.954020732233,0.0,2.0
28775,2026-05-11 15:23:08.600000+00:00,52.1559359,21.1809134,90.3,16.37,-0.017,0.035,0.98,0,17.253196831248907,,181.70048895930634,0.0,2.0
28780,2026-05-11 15:23:09.100000+00:00,52.1559266,21.1809428,90.4,14.95,-0.021,0.03,0.975,0,16.247226466367653,,179.5807466066645,0.0,2.0
28785,2026-05-11 15:23:09.600000+00:00,52.1559171,21.1809708,90.4,15.33,-0.014,0.031,0.975,0,15.716069830402898,,177.556555763702,0.0,2.0
28790,2026-05-11 15:23:10.100000+00:00,52.1559084,21.1809982,90.4,14.61,-0.015,0.031,0.974,0,15.153975906123893,,175.5870236096077,0.0,2.0
28795,2026-05-11 15:23:10.600000+00:00,52.1558996,21.181025,90.6,14.46,0.008,0.027,0.977,0,14.930471279561964,,173.66011499242072,0.0,2.0
28800,2026-05-11 15:23:11.100000+00:00,52.1558912,21.1810514,90.6,14.26,0.025,0.026,0.97,0,14.607367301949429,,171.76848013823897,0.0,2.0
28805,2026-05-11 15:23:11.600000+00:00,52.1558821,21.1810776,90.7,14.24,0.008,0.031,0.97,0,14.78813785114433,,169.88566496514542,0.0,2.0
28810,2026-05-11 15:23:12.100000+00:00,52.1558732,21.1811021,90.7,13.46,-0.004,0.033,0.968,0,13.98525609533755,,168.12443827915823,0.0,2.0
28815,2026-05-11 15:23:12.600000+00:00,52.1558637,21.181124,90.8,12.66,-0.007,0.032,0.979,0,13.174143635662181,,166.53776677868385,0.0,2.0
28820,2026-05-11 15:23:13.100000+00:00,52.1558564,21.1811471,90.9,12.96,-0.007,0.028,0.975,0,12.763074425277567,,164.89572863431275,0.0,2.0
28825,2026-05-11 15:23:13.600000+00:00,52.1558494,21.1811706,91.0,12.16,-0.002,0.03,0.975,0,12.831346879908494,,163.23200597678408,0.0,2.0
28830,2026-05-11 15:23:14.100000+00:00,52.1558419,21.181193,90.9,11.73,-0.029,0.041,0.966,0,12.534323297838885,,161.64121012828988,0.0,2.0
28835,2026-05-11 15:23:14.600000+00:00,52.1558355,21.1812131,90.8,10.48,-0.047,0.049,0.984,0,11.123205321724642,,160.21916885251756,0.0,2.0
28840,2026-05-11 15:23:15.100000+00:00,52.1558291,21.1812324,90.9,9.82,-0.033,0.037,0.973,0,10.775954039400181,,158.85385881860807,0.0,2.0
28845,2026-05-11 15:23:15.600000+00:00,52.1558237,21.1812497,91.1,8.32,-0.058,0.043,0.972,0,9.534019033327397,,157.63460775922707,0.0,2.0
28850,2026-05-11 15:23:16.100000+00:00,52.1558194,21.181264,91.3,6.25,-0.093,0.067,0.978,0,7.822205380274971,,156.62926535010922,0.0,2.0
28855,2026-05-11 15:23:16.600000+00:00,52.1558167,21.1812747,91.4,4.09,-0.11,0.065,0.975,0,5.682834143137979,,155.88139797345792,0.0,2.0
28860,2026-05-11 15:23:17.100000+00:00,52.1558151,21.1812813,91.5,1.98,-0.096,0.059,0.985,0,3.485713601357908,,155.42075903859964,0.0,2.0
28865,2026-05-11 15:23:17.600000+00:00,52.1558135,21.1812865,91.8,1.78,0.02,0.024,0.966,0,2.8573710027051606,,155.0555871746015,0.0,2.0
28870,2026-05-11 15:23:18.100000+00:00,52.1558115,21.1812918,91.8,2.53,0.07,0.008,0.975,0,3.0562860677715853,,154.68105463758326,0.0,2.0
28875,2026-05-11 15:23:18.600000+00:00,52.1558088,21.1812991,91.8,4.41,0.105,-0.012,0.966,0,4.186817451232219,,154.16597163991776,0.0,2.0
28880,2026-05-11 15:23:19.100000+00:00,52.155805,21.18131,91.7,6.15,0.089,-0.006,0.977,0,6.157903196827836,,153.3992117035497,0.0,2.0
28885,2026-05-11 15:23:19.600000+00:00,52.1558003,21.1813239,91.9,8.33,0.141,-0.02,0.961,0,7.795703377417496,,152.42364932008175,0.0,2.0
28890,2026-05-11 15:23:20.100000+00:00,52.1557945,21.1813429,92.0,10.67,0.128,-0.034,0.971,0,10.423884370505995,,151.09594059043312,0.0,2.0
28895,2026-05-11 15:23:20.600000+00:00,52.1557867,21.1813645,92.0,11.97,0.076,0.0,0.963,0,12.31093817386065,,149.583239749812,0.0,2.0
28900,2026-05-11 15:23:21.100000+00:00,52.1557788,21.1813875,92.0,13.08,0.03,0.011,0.969,0,12.94719701267701,,147.97896065186373,0.0,2.0
28905,2026-05-11 15:23:21.600000+00:00,52.1557704,21.1814123,92.1,13.57,0.026,0.019,0.977,0,13.914451455165592,,146.25461729609654,0.0,2.0
28910,2026-05-11 15:23:22.100000+00:00,52.1557626,21.1814365,91.9,13.18,0.036,0.022,0.974,0,13.427164149977068,,144.57826909989444,0.0,2.0
28915,2026-05-11 15:23:22.600000+00:00,52.1557541,21.1814605,91.9,13.16,0.021,0.021,0.976,0,13.61162916638736,,142.9185719320448,0.0,2.0
28920,2026-05-11 15:23:23.100000+00:00,52.1557456,21.1814838,91.7,13.17,0.021,0.024,0.969,0,13.314966320635618,,141.31242369375462,0.0,2.0
28925,2026-05-11 15:23:23.600000+00:00,52.1557363,21.181509,92.0,13.66,0.018,0.018,0.973,0,14.444653190346811,,139.58198880541642,0.0,2.0
28930,2026-05-11 15:23:24.100000+00:00,52.1557281,21.1815339,92.0,13.58,0.003,0.024,0.971,0,13.881041262303032,,137.87954655699932,0.0,2.0
28935,2026-05-11 15:23:24.600000+00:00,52.1557203,21.1815593,92.1,13.43,-0.001,0.03,0.972,0,13.951663557572592,,136.14875395177458,0.0,2.0
28940,2026-05-11 15:23:25.100000+00:00,52.1557125,21.1815836,92.2,12.6,-0.004,0.031,0.971,0,13.470678377837139,,134.49864500524643,0.0,2.0
28945,2026-05-11 15:23:25.600000+00:00,52.1557049,21.1816059,92.3,11.65,-0.021,0.038,0.983,0,12.529941032727534,,132.99039119771373,0.0,2.0
28950,2026-05-11 15:23:26.100000+00:00,52.1556979,21.1816269,92.3,10.91,-0.051,0.046,0.972,0,11.738992803795286,,131.57486870632528,0.0,2.0
28955,2026-05-11 15:23:26.600000+00:00,52.1556915,21.1816447,92.3,9.4,-0.053,0.052,0.983,0,10.133878653594339,,130.38053714852992,0.0,2.0
28960,2026-05-11 15:23:27.100000+00:00,52.1556858,21.1816607,92.3,8.41,-0.024,0.039,0.984,0,9.087801524992281,,129.3104323269977,0.0,2.0
28965,2026-05-11 15:23:27.600000+00:00,52.1556805,21.181676,92.3,8.22,0.008,0.031,0.965,0,8.630286379442314,,128.2897343483489,0.0,2.0
28970,2026-05-11 15:23:28.100000+00:00,52.1556754,21.1816914,92.4,7.65,-0.025,0.048,0.976,0,8.595889877331201,,127.26431938469679,0.0,2.0
28975,2026-05-11 15:23:28.600000+00:00,52.155671,21.1817036,92.5,5.79,-0.051,0.05,0.981,0,6.951158808681502,,126.45604023354288,0.0,2.0
28980,2026-05-11 15:23:29.100000+00:00,52.1556672,21.1817152,92.6,5.89,0.004,0.029,0.977,0,6.459089260749243,,125.6873048498413,0.0,2.0
28985,2026-05-11 15:23:29.600000+00:00,52.155663,21.1817271,92.7,6.33,0.018,0.026,0.973,0,6.743280513076034,,124.90237470182299,0.0,2.0
28990,2026-05-11 15:23:30.100000+00:00,52.1556591,21.1817381,92.7,5.77,0.029,0.029,0.973,0,6.240342018344092,,124.1787978860889,0.0,2.0
28995,2026-05-11 15:23:30.600000+00:00,52.1556548,21.1817498,92.6,6.38,0.032,0.016,0.983,0,6.6990973875912285,,123.41229665873301,0.0,2.0
29000,2026-05-11 15:23:31.100000+00:00,52.1556497,21.1817639,92.6,8.2,0.114,-0.007,0.964,0,8.03971167165089,,122.4909410826387,0.0,2.0
29005,2026-05-11 15:23:31.600000+00:00,52.1556431,21.1817827,92.6,10.52,0.113,-0.008,0.963,0,10.639191300230433,,121.26585833576716,0.0,2.0
29010,2026-05-11 15:23:32.100000+00:00,52.155636,21.1818032,92.6,11.2,0.086,0.02,0.98,0,11.562949687496197,,119.93557496169947,0.0,2.0
29015,2026-05-11 15:23:32.600000+00:00,52.1556285,21.1818282,92.8,13.59,0.045,-0.017,0.957,0,13.669076956293715,,118.3105395260683,0.0,2.0
29020,2026-05-11 15:23:33.100000+00:00,52.1556198,21.1818547,92.9,14.28,0.085,0.012,0.97,0,14.762847464685224,,116.60552039623352,0.0,2.0
29025,2026-05-11 15:23:33.600000+00:00,52.1556108,21.1818843,93.0,16.01,0.105,0.018,0.97,0,16.226624111422137,,114.70539576014808,0.0,2.0
29030,2026-05-11 15:23:34.100000+00:00,52.1556012,21.1819157,93.1,16.89,0.042,0.025,0.97,0,17.232158862449555,,112.70469423838314,0.0,2.0
29035,2026-05-11 15:23:34.600000+00:00,52.1555921,21.1819482,93.2,16.71,0.009,0.086,0.974,0,17.547443294395677,,110.63767894450578,0.0,2.0
29040,2026-05-11 15:23:35.100000+00:00,52.1555841,21.1819797,93.4,16.07,0.007,0.1,0.963,0,16.745609482248256,,108.63553232664235,0.0,2.0
29045,2026-05-11 15:23:35.600000+00:00,52.1555786,21.1820113,93.5,15.45,-0.005,0.1,0.972,0,16.133979121157676,,106.59639267145228,0.0,2.0
29050,2026-05-11 15:23:36.100000+00:00,52.1555734,21.1820421,93.6,15.19,-0.007,0.073,0.969,0,15.690887919711994,,104.61389701476861,0.0,2.0
29055,2026-05-11 15:23:36.600000+00:00,52.1555687,21.1820716,93.7,14.15,-0.011,0.059,0.98,0,14.970590506781782,,102.71720300340402,0.0,2.0
29060,2026-05-11 15:23:37.100000+00:00,52.1555646,21.1821005,93.8,14.15,0.008,0.042,0.984,0,14.56984706834123,,100.85600541980291,0.0,2.0
29065,2026-05-11 15:23:37.600000+00:00,52.1555602,21.1821285,93.8,13.51,0.003,0.025,0.966,0,14.197176892300842,,99.0677356547809,0.0,2.0
29070,2026-05-11 15:23:38.100000+00:00,52.1555554,21.1821563,93.9,14.14,0.021,0.007,0.989,0,14.185419344759442,,97.30865274270865,0.0,2.0
29075,2026-05-11 15:23:38.600000+00:00,52.1555493,21.1821848,94.0,15.06,0.043,-0.072,0.96,0,14.82622207583609,,95.54086444855122,0.0,2.0
29080,2026-05-11 15:23:39.100000+00:00,52.1555405,21.1822162,94.0,17.27,0.076,-0.154,0.953,0,16.956206346877575,,93.65791489073733,0.0,2.0
29085,2026-05-11 15:23:39.600000+00:00,52.1555286,21.1822496,94.1,19.09,0.042,-0.126,0.981,0,18.971337341671617,,91.74647848268646,0.0,2.0
29090,2026-05-11 15:23:40.100000+00:00,52.1555149,21.1822832,94.1,19.55,0.002,-0.035,1.004,0,19.816166230061675,,89.91076797328823,0.0,2.0
29095,2026-05-11 15:23:40.600000+00:00,52.1555013,21.1823161,94.2,18.92,-0.009,0.055,0.951,0,19.485890337813792,,88.16539639767623,0.0,2.0
29100,2026-05-11 15:23:41.100000+00:00,52.1554896,21.1823479,94.2,17.86,0.01,0.158,0.988,0,18.213128516965458,,86.47618910245559,0.0,2.0
29105,2026-05-11 15:23:41.600000+00:00,52.155482,21.1823804,94.2,16.84,0.002,0.254,0.941,0,17.083847316739877,,84.63580289519467,0.0,2.0
29110,2026-05-11 15:23:42.100000+00:00,52.1554796,21.1824137,94.2,16.33,-0.004,0.286,0.972,0,16.468996195739084,,82.57673573682794,0.0,2.0
29115,2026-05-11 15:23:42.600000+00:00,52.1554823,21.1824455,94.3,15.64,-0.03,0.28,0.958,0,15.768608889732672,,80.43243691932,0.0,2.0
29120,2026-05-11 15:23:43.100000+00:00,52.1554894,21.1824749,94.3,15.27,-0.039,0.251,0.965,0,15.519358577066829,34.0,78.27795990967488,0.0,2.0
29125,2026-05-11 15:23:43.600000+00:00,52.155501,21.1825002,94.3,15.39,-0.038,0.287,0.97,0,15.513842673112356,34.0,76.2205298482145,0.0,2.0
29130,2026-05-11 15:23:44.100000+00:00,52.1555158,21.1825206,94.3,15.22,-0.027,0.254,0.947,0,15.517787051394397,34.0,74.37211636969076,0.0,2.0
29135,2026-05-11 15:23:44.600000+00:00,52.1555324,21.1825354,94.1,15.13,-0.021,0.219,0.961,0,15.14830214317729,34.0,72.84533429977797,0.0,2.0
29140,2026-05-11 15:23:45.100000+00:00,52.1555493,21.1825479,94.0,15.11,0.022,0.1,0.96,0,14.85812113919587,34.0,71.48946229287881,0.0,2.0
29145,2026-05-11 15:23:45.600000+00:00,52.1555652,21.1825607,94.0,14.38,0.056,0.048,0.948,0,14.19757887271397,34.0,70.17672581845058,0.0,2.0
29150,2026-05-11 15:23:46.100000+00:00,52.1555814,21.1825762,93.9,15.83,0.071,-0.085,0.997,0,15.039237635952171,34.0,68.70855305044428,0.0,2.0
29155,2026-05-11 15:23:46.600000+00:00,52.1555973,21.1825977,93.8,17.45,0.05,-0.107,0.956,0,16.539848811331954,34.0,66.88059689959695,0.0,2.0
29160,2026-05-11 15:23:47.100000+00:00,52.1556129,21.1826245,93.8,18.36,0.016,-0.127,0.982,0,18.14580846959599,34.0,64.7342924340218,0.0,2.0
29165,2026-05-11 15:23:47.600000+00:00,52.1556283,21.1826567,93.9,20.48,0.037,-0.125,0.967,0,20.053993755166747,34.0,62.25710531871997,0.0,2.0
29170,2026-05-11 15:23:48.100000+00:00,52.1556429,21.1826939,93.9,22.26,0.057,-0.136,0.986,0,21.690955247513962,34.0,59.483993803908774,0.0,2.0
29175,2026-05-11 15:23:48.600000+00:00,52.1556559,21.1827367,94.0,23.98,0.02,-0.128,0.961,0,23.45800475771126,34.0,56.381540056539976,0.0,2.0
29180,2026-05-11 15:23:49.100000+00:00,52.155667,21.1827841,94.1,25.46,0.064,-0.093,0.952,0,24.92052572698116,34.0,53.012351117793216,0.0,2.0
29185,2026-05-11 15:23:49.600000+00:00,52.1556774,21.1828353,94.1,27.19,0.042,-0.12,0.973,0,26.49116902471475,34.0,49.40677901720087,0.0,2.0
29190,2026-05-11 15:23:50.100000+00:00,52.1556868,21.1828894,94.0,28.07,0.136,-0.1,0.957,0,27.618199180617673,34.0,45.626761420343804,0.0,2.0
29195,2026-05-11 15:23:50.600000+00:00,52.1556945,21.1829475,94.0,30.06,0.05,-0.098,0.971,0,29.19606642656518,34.0,41.600943251212364,0.0,2.0
29200,2026-05-11 15:23:51.100000+00:00,52.1557002,21.1830096,94.1,30.6,0.0,-0.126,0.969,0,30.842033668027117,34.0,37.326361462480016,0.0,2.0
29205,2026-05-11 15:23:51.600000+00:00,52.1557045,21.1830736,94.1,32.42,-0.039,-0.088,0.961,0,31.623746025014626,34.0,32.93628950450212,0.0,2.0
29210,2026-05-11 15:23:52.100000+00:00,52.1557087,21.1831369,93.9,31.23,-0.058,-0.021,0.983,0,31.273270294529485,34.0,28.595292018042933,0.0,2.0
29215,2026-05-11 15:23:52.600000+00:00,52.1557126,21.1831988,93.8,30.25,-0.016,0.08,0.972,0,30.564215910573107,34.0,24.352674403114566,0.0,2.0
29220,2026-05-11 15:23:53.100000+00:00,52.1557181,21.1832593,93.8,29.92,-0.026,0.126,0.954,0,30.041114575612223,34.0,20.196923897029393,0.0,2.0
29225,2026-05-11 15:23:53.600000+00:00,52.1557255,21.1833158,93.8,27.67,-0.102,0.108,0.976,0,28.37724063957855,34.0,16.31908282002193,0.0,2.0
29230,2026-05-11 15:23:54.100000+00:00,52.1557332,21.183367,93.7,25.2,-0.124,0.078,0.971,0,25.89317299767753,34.0,12.84387964965375,0.0,2.0
29235,2026-05-11 15:23:54.600000+00:00,52.1557411,21.1834135,93.7,22.86,-0.1,0.079,0.993,0,23.699599084778182,34.0,9.77962721124858,0.0,2.0
29240,2026-05-11 15:23:55.100000+00:00,52.155748,21.1834553,93.7,20.61,-0.147,0.043,0.949,0,21.26166747834158,34.0,7.191212644419191,0.0,2.0
29245,2026-05-11 15:23:55.600000+00:00,52.1557549,21.1834925,93.9,18.6,-0.124,0.038,0.967,0,19.088842123463348,34.0,5.272956501004961,0.0,2.0
29250,2026-05-11 15:23:56.100000+00:00,52.1557607,21.1835244,93.9,15.44,-0.169,0.031,1.008,0,16.34234621530607,34.0,4.289500554537992,0.0,2.0
29255,2026-05-11 15:23:56.600000+00:00,52.1557661,21.1835504,94.0,12.38,-0.185,0.038,0.946,0,13.482705460734953,34.0,4.359032157738232,0.0,2.0
29260,2026-05-11 15:23:57.100000+00:00,52.1557706,21.1835694,94.0,9.1,-0.212,0.047,0.987,0,10.003746563040636,34.0,4.946625987438641,0.0,2.0
29265,2026-05-11 15:23:57.600000+00:00,52.1557742,21.1835814,94.0,5.26,-0.205,0.025,0.96,0,6.561140270221188,34.0,5.54881402035515,0.0,2.0
29270,2026-05-11 15:23:58.100000+00:00,52.1557757,21.1835871,94.0,2.15,-0.189,0.017,0.979,0,3.0464332722762397,34.0,5.8412163457862265,0.0,2.0
29275,2026-05-11 15:23:58.600000+00:00,52.1557764,21.1835879,94.1,0.21,-0.102,0.004,0.97,0,0.6844564091225649,34.0,5.933874946083644,0.0,2.0
29280,2026-05-11 15:23:59.100000+00:00,52.1557769,21.183588,94.1,0.07,0.006,-0.026,0.964,0,0.40330397314516925,34.0,5.987940341965058,0.0,2.0
29285,2026-05-11 15:23:59.600000+00:00,52.1557777,21.1835879,94.2,0.17,-0.005,-0.027,0.984,0,0.6423634514933994,34.0,6.0679353668715,0.0,2.0
29290,2026-05-11 15:24:00.100000+00:00,52.1557789,21.1835879,94.2,0.02,-0.007,-0.029,0.967,0,0.9607241659335131,34.0,6.192102513552397,0.0,2.0
29295,2026-05-11 15:24:00.600000+00:00,52.15578,21.1835877,94.3,0.04,-0.009,-0.026,0.972,0,0.8861259555052952,34.0,6.30141184957398,0.0,2.0
29300,2026-05-11 15:24:01.100000+00:00,52.155781,21.1835875,94.3,0.07,-0.009,-0.025,0.969,0,0.8066079400104762,34.0,6.400787827782806,0.0,2.0
29305,2026-05-11 15:24:01.600000+00:00,52.1557819,21.1835873,94.3,0.19,-0.007,-0.028,0.976,0,0.7272089481549006,34.0,6.490115215753982,0.0,2.0
29310,2026-05-11 15:24:02.100000+00:00,52.1557829,21.183587,94.3,0.1,-0.005,-0.032,0.976,0,0.8140512473592688,34.0,6.588003197757453,0.0,2.0
29315,2026-05-11 15:24:02.600000+00:00,52.1557836,21.1835868,94.3,0.05,-0.005,-0.028,0.977,0,0.568967266145827,34.0,6.657033197830311,0.0,2.0
29320,2026-05-11 15:24:03.100000+00:00,52.1557841,21.1835864,94.3,0.17,-0.003,-0.028,0.977,0,0.4459184760158254,34.0,6.700846947098292,0.0,2.0
29325,2026-05-11 15:24:03.600000+00:00,52.1557848,21.1835862,94.3,0.22,-0.003,-0.026,0.979,0,0.5689672656885866,34.0,6.770342950809513,0.0,2.0
29330,2026-05-11 15:24:04.100000+00:00,52.1557852,21.1835859,94.2,0.23,-0.002,-0.026,0.974,0,0.35251675232041135,34.0,6.8062136542805165,0.0,2.0
29335,2026-05-11 15:24:04.600000+00:00,52.1557857,21.1835856,94.2,0.19,-0.005,-0.025,0.977,0,0.4265618354226806,34.0,6.8528368301655815,0.0,2.0
29340,2026-05-11 15:24:05.100000+00:00,52.1557862,21.1835855,94.2,0.09,-0.004,-0.025,0.975,0,0.4033039668405517,34.0,6.903753544999761,0.0,2.0
29345,2026-05-11 15:24:05.600000+00:00,52.1557867,21.1835855,94.1,0.09,-0.005,-0.027,0.978,0,0.40030173750320586,34.0,6.956785988920042,0.0,2.0
29350,2026-05-11 15:24:06.100000+00:00,52.1557872,21.1835854,94.1,0.12,-0.006,-0.026,0.973,0,0.4033039667061644,34.0,7.007836262121349,0.0,2.0
29355,2026-05-11 15:24:06.600000+00:00,52.1557871,21.1835857,94.2,1.09,-0.005,-0.025,0.976,0,0.1676996469020784,34.0,7.003308761550701,0.0,2.0
29360,2026-05-11 15:24:07.100000+00:00,52.1557874,21.1835857,94.2,0.19,-0.01,-0.03,0.974,0,0.24018104148337827,34.0,7.035147720431411,0.0,2.0
29365,2026-05-11 15:24:07.600000+00:00,52.1557878,21.1835857,94.2,0.16,-0.008,-0.025,0.973,0,0.32024138694692894,34.0,7.077621439246747,0.0,2.0
29370,2026-05-11 15:24:08.100000+00:00,52.1557882,21.1835857,94.2,0.06,-0.012,-0.032,0.971,0,0.3202413971323814,34.0,7.120119635598566,0.0,2.0
29375,2026-05-11 15:24:08.600000+00:00,52.1557887,21.183586,94.2,0.45,0.018,-0.039,0.979,0,0.4265618224336477,34.0,7.179278196636491,0.0,2.0
29380,2026-05-11 15:24:09.100000+00:00,52.1557898,21.1835899,94.2,3.27,0.125,-0.074,0.953,0,2.108352926620359,34.0,7.377766832865678,0.0,2.0
29385,2026-05-11 15:24:09.600000+00:00,52.1557923,21.1835997,94.1,6.21,0.179,-0.055,0.976,0,5.213133753902019,34.0,7.8753780242375315,0.0,2.0
29390,2026-05-11 15:24:10.100000+00:00,52.1557971,21.1836154,94.1,9.36,0.176,-0.031,0.959,0,8.616050173336895,34.0,8.816845174277748,0.0,2.0
29395,2026-05-11 15:24:10.600000+00:00,52.1558042,21.1836368,94.2,12.77,0.188,-0.021,0.95,0,11.949854720935404,34.0,10.238657554475207,0.0,2.0
29400,2026-05-11 15:24:11.100000+00:00,52.1558129,21.1836631,94.2,15.25,0.151,-0.069,0.971,0,14.676257878738912,34.0,12.067240888901631,0.0,2.0
29405,2026-05-11 15:24:11.600000+00:00,52.1558224,21.1836954,94.5,19.05,0.172,-0.094,0.995,0,17.59409789347873,34.0,14.292278387830391,0.0,2.0
29410,2026-05-11 15:24:12.100000+00:00,52.1558333,21.1837325,94.5,20.76,0.129,-0.049,0.959,0,20.204627027491135,34.0,16.921635316541877,0.0,2.0
29415,2026-05-11 15:24:12.600000+00:00,52.1558448,21.1837739,94.6,22.95,0.097,-0.085,0.939,0,22.322161940668376,34.0,19.864096621379876,0.0,2.0
29420,2026-05-11 15:24:13.100000+00:00,52.1558557,21.1838196,94.5,24.61,0.057,-0.099,1.023,0,24.08367588766133,34.0,23.035558691463834,0.0,2.0
29425,2026-05-11 15:24:13.600000+00:00,52.1558668,21.1838692,94.6,26.77,0.073,-0.096,0.943,0,25.93285013736685,34.0,26.478196678054196,0.0,2.0
29430,2026-05-11 15:24:14.100000+00:00,52.1558779,21.1839224,94.6,28.42,0.063,-0.052,0.956,0,27.600689167343784,34.0,30.162049610928,0.0,2.0
29435,2026-05-11 15:24:14.600000+00:00,52.1558883,21.1839786,94.6,29.02,0.072,-0.036,0.979,0,28.83284198862497,34.0,34.01150356617142,0.0,2.0
29440,2026-05-11 15:24:15.100000+00:00,52.1558974,21.1840376,94.6,30.52,0.032,-0.037,0.968,0,29.881512966129293,34.0,37.985930118828776,0.0,2.0
29445,2026-05-11 15:24:15.600000+00:00,52.1559072,21.1840982,94.7,31.34,0.069,0.015,0.995,0,30.782331845953497,34.0,42.12741219606654,0.0,2.0
29450,2026-05-11 15:24:16.100000+00:00,52.1559154,21.1841605,94.9,31.86,0.09,0.012,0.949,0,31.296936101282633,34.0,46.31571512520961,0.0,2.0
29455,2026-05-11 15:24:16.600000+00:00,52.1559256,21.1842262,95.0,33.81,0.068,0.011,0.996,0,33.28786018957524,34.0,50.83622343589488,0.0,2.0
29460,2026-05-11 15:24:17.100000+00:00,52.1559368,21.1842938,94.9,34.74,0.066,0.016,0.94,0,34.393337254678435,34.0,55.53802600488208,0.0,2.0
29465,2026-05-11 15:24:17.600000+00:00,52.1559465,21.1843637,95.2,35.38,0.089,0.026,0.969,0,35.20092597957233,34.0,60.32725911401158,0.0,2.0
29470,2026-05-11 15:24:18.100000+00:00,52.1559577,21.1844357,95.4,36.99,0.088,0.007,0.963,0,36.484131146657454,34.0,65.32849738213292,0.0,2.0
29475,2026-05-11 15:24:18.600000+00:00,52.1559687,21.1845102,95.5,38.09,0.133,0.019,0.966,0,37.63783398948572,34.0,70.48831850099893,0.0,2.0
29480,2026-05-11 15:24:19.100000+00:00,52.1559803,21.1845867,95.6,39.19,0.074,0.012,0.958,0,38.70604152419279,34.0,75.8088881039127,0.0,2.0
29485,2026-05-11 15:24:19.600000+00:00,52.1559915,21.1846654,95.7,40.38,0.088,0.034,0.961,0,39.68232382656156,,81.26049781576091,0.0,2.0
29490,2026-05-11 15:24:20.100000+00:00,52.1560056,21.1847459,95.7,41.36,0.073,0.022,0.97,0,41.11993205274493,,86.94891340601777,0.0,2.0
29495,2026-05-11 15:24:20.600000+00:00,52.1560206,21.1848286,95.7,42.83,0.081,0.017,0.972,0,42.35866201730309,,92.81580295716653,0.0,2.0
29500,2026-05-11 15:24:21.100000+00:00,52.1560367,21.1849131,95.5,43.87,0.061,-0.001,0.945,0,43.46023168159817,,98.8423163705864,0.0,2.0
29505,2026-05-11 15:24:21.600000+00:00,52.1560498,21.1849982,95.8,42.97,0.045,0.002,1.001,0,43.095155825986616,,104.79362492779359,0.0,2.0
29510,2026-05-11 15:24:22.100000+00:00,52.1560631,21.1850857,96.1,45.48,0.047,-0.006,0.938,0,44.2776983495907,,110.91025174413946,0.0,2.0
29515,2026-05-11 15:24:22.600000+00:00,52.1560777,21.1851762,96.1,46.22,0.088,0.018,0.991,0,45.96295373981858,,117.27140152291548,0.0,2.0
29520,2026-05-11 15:24:23.100000+00:00,52.1560918,21.1852684,96.2,47.36,0.051,0.016,0.959,0,46.67254344634614,,123.72618241032309,0.0,2.0
29525,2026-05-11 15:24:23.600000+00:00,52.1561093,21.1853625,96.1,48.59,0.061,0.012,0.991,0,48.29687647035247,,130.4290698848542,0.0,2.0
29530,2026-05-11 15:24:24.100000+00:00,52.1561248,21.1854586,96.0,49.22,0.082,0.018,0.957,0,48.806325024988766,,137.18966093694976,0.0,2.0
29535,2026-05-11 15:24:24.600000+00:00,52.1561412,21.1855565,95.9,49.78,0.055,0.012,0.981,0,49.84681551931739,,144.10027779966924,0.0,2.0
29540,2026-05-11 15:24:25.100000+00:00,52.1561571,21.185656,96.2,50.91,0.08,0.013,0.969,0,50.50297470669726,,151.09796047138815,0.0,2.0
29545,2026-05-11 15:24:25.600000+00:00,52.1561753,21.1857566,96.2,51.26,0.069,0.009,0.935,0,51.51623716125672,,158.24874154759388,0.0,2.0
29550,2026-05-11 15:24:26.100000+00:00,52.1561949,21.1858594,96.2,53.01,0.058,0.019,0.996,0,52.87530793217196,,165.59124964524307,0.0,2.0
29555,2026-05-11 15:24:26.600000+00:00,52.1562142,21.1859638,96.2,53.92,0.071,0.014,0.974,0,53.55648717976793,,173.0270711100198,0.0,2.0
29560,2026-05-11 15:24:27.100000+00:00,52.1562305,21.1860693,96.2,53.41,-0.004,0.029,0.967,0,53.43728826287292,,180.43061498433212,0.0,2.0
29565,2026-05-11 15:24:27.600000+00:00,52.1562485,21.1861737,96.3,53.06,-0.012,0.054,0.972,0,53.26549307445978,,187.8224745007404,0.0,2.0
29570,2026-05-11 15:24:28.100000+00:00,52.1562644,21.1862767,96.4,51.98,-0.01,0.041,0.949,0,52.16827815728676,,186.44342289323777,0.0,2.0
29575,2026-05-11 15:24:28.600000+00:00,52.1562832,21.186379,96.3,52.35,-0.019,0.035,0.967,0,52.45337696299781,,179.16099053522692,0.0,2.0
29580,2026-05-11 15:24:29.100000+00:00,52.1563006,21.1864811,96.1,51.62,-0.027,0.027,0.992,0,52.04813169192634,,171.93232369477707,0.0,2.0
29585,2026-05-11 15:24:29.600000+00:00,52.1563189,21.186582,96.1,51.37,-0.057,0.024,0.94,0,51.68007710226195,,164.75684088398629,0.0,2.0
29590,2026-05-11 15:24:30.100000+00:00,52.156336,21.1866815,96.0,50.67,0.001,0.057,1.007,0,50.75345870129556,,157.70824338430018,0.0,2.0
29595,2026-05-11 15:24:30.600000+00:00,52.1563542,21.1867803,95.9,50.36,-0.019,0.045,0.954,0,50.6686465954651,,150.67439546063574,0.0,2.0
29600,2026-05-11 15:24:31.100000+00:00,52.1563718,21.1868769,95.8,48.73,-0.077,0.064,0.984,0,49.49576954021032,,143.8030298291889,0.0,2.0
29605,2026-05-11 15:24:31.600000+00:00,52.1563867,21.1869704,95.8,46.76,-0.091,0.076,0.967,0,47.449034900310615,,137.21294314441002,0.0,2.0
29610,2026-05-11 15:24:32.100000+00:00,52.1564033,21.1870595,95.8,45.12,-0.073,0.064,0.978,0,45.73728784234534,,130.864962353042,0.0,2.0
29615,2026-05-11 15:24:32.600000+00:00,52.1564151,21.1871455,95.9,42.81,-0.062,0.056,0.976,0,43.28471373358495,,124.85741549580494,0.0,2.0
29620,2026-05-11 15:24:33.100000+00:00,52.15643,21.1872289,95.9,42.38,-0.045,0.055,0.965,0,42.66567765638304,,118.93356881763594,0.0,2.0
29625,2026-05-11 15:24:33.600000+00:00,52.1564438,21.1873096,95.8,40.41,-0.048,0.064,0.962,0,41.14889028244959,,113.2190933724744,0.0,2.0
29630,2026-05-11 15:24:34.100000+00:00,52.1564557,21.1873876,96.0,39.26,-0.05,0.061,0.972,0,39.47856307252414,,107.73642155657998,0.0,2.0
29635,2026-05-11 15:24:34.600000+00:00,52.1564711,21.1874626,96.1,38.65,-0.075,0.053,0.963,0,38.84668307242604,,102.35338873471127,0.0,2.0
29640,2026-05-11 15:24:35.100000+00:00,52.1564843,21.1875358,96.1,36.78,-0.051,0.054,0.979,0,37.47502479500644,,97.15138710555783,0.0,2.0
29645,2026-05-11 15:24:35.600000+00:00,52.1564957,21.1876067,96.0,35.72,-0.033,0.04,0.972,0,36.00050147453434,,92.15137052092723,0.0,2.0
29650,2026-05-11 15:24:36.100000+00:00,52.1565078,21.1876768,96.0,35.31,-0.018,0.032,0.971,0,35.76822556671114,,87.18491109522489,0.0,2.0
29655,2026-05-11 15:24:36.600000+00:00,52.1565202,21.1877459,95.9,34.88,-0.016,0.032,0.974,0,35.362323702418585,,82.27653258816987,0.0,2.0
29660,2026-05-11 15:24:37.100000+00:00,52.1565323,21.1878129,95.8,33.44,-0.053,0.047,0.969,0,34.3049503065691,35.0,77.51561371466487,0.0,2.0
29665,2026-05-11 15:24:37.600000+00:00,52.1565438,21.1878774,95.9,32.68,-0.046,0.044,0.98,0,32.99152926529134,35.0,72.93677474199325,0.0,2.0
29670,2026-05-11 15:24:38.100000+00:00,52.1565551,21.1879397,95.9,31.25,-0.03,0.04,0.962,0,31.90952445274276,35.0,68.5094354706607,0.0,2.0
29675,2026-05-11 15:24:38.600000+00:00,52.1565653,21.1879999,95.9,30.13,-0.057,0.051,0.963,0,30.675660598610733,35.0,64.25079869766432,0.0,2.0
29680,2026-05-11 15:24:39.100000+00:00,52.1565768,21.1880575,96.0,29.16,-0.058,0.045,0.977,0,29.75208365572528,35.0,60.13123506459613,0.0,2.0
29685,2026-05-11 15:24:39.600000+00:00,52.1565864,21.1881126,96.0,27.66,-0.046,0.038,0.975,0,28.133909209056988,35.0,56.22762087922889,0.0,2.0
29690,2026-05-11 15:24:40.100000+00:00,52.156595,21.1881662,95.8,26.19,-0.058,0.035,0.956,0,27.212400504755944,35.0,52.44940150230828,0.0,2.0
29695,2026-05-11 15:24:40.600000+00:00,52.1566037,21.1882162,95.9,24.62,-0.088,0.041,0.981,0,25.52735454282535,35.0,48.90822745365419,0.0,2.0
29700,2026-05-11 15:24:41.100000+00:00,52.156613,21.1882628,96.0,23.36,-0.101,0.063,0.976,0,24.069297790686964,35.0,45.57950162313822,0.0,2.0
29705,2026-05-11 15:24:41.600000+00:00,52.1566209,21.1883056,96.0,21.52,-0.068,0.051,0.971,0,21.95309129702209,35.0,42.53925278854455,0.0,2.0
29710,2026-05-11 15:24:42.100000+00:00,52.1566283,21.1883456,96.1,20.31,-0.023,0.037,0.97,0,20.520788785158757,35.0,39.698732224707314,0.0,2.0
29715,2026-05-11 15:24:42.600000+00:00,52.1566361,21.1883857,96.2,20.24,0.017,0.031,0.956,0,20.662336328101897,35.0,36.844136756327345,0.0,2.0
29720,2026-05-11 15:24:43.100000+00:00,52.1566425,21.1884248,96.3,19.48,-0.022,0.046,1.113,0,19.876681229796144,35.0,34.08894659763251,0.0,2.0
29725,2026-05-11 15:24:43.600000+00:00,52.1566493,21.1884626,96.3,18.78,0.01,0.017,0.824,0,19.348092689061957,35.0,31.413490405254212,0.0,2.0
29730,2026-05-11 15:24:44.100000+00:00,52.156653,21.1885004,96.3,18.58,-0.017,0.031,0.888,0,18.801201255489275,35.0,28.80344575061034,0.0,2.0
29735,2026-05-11 15:24:44.600000+00:00,52.1566592,21.1885368,96.3,18.0,-0.031,0.029,1.191,0,18.554992810522094,35.0,26.235527613013627,0.0,2.0
29740,2026-05-11 15:24:45.100000+00:00,52.1566651,21.1885724,96.4,17.92,0.028,0.008,0.842,0,18.112560922207145,35.0,23.729111444193613,0.0,2.0
29745,2026-05-11 15:24:45.600000+00:00,52.1566721,21.18861,96.5,19.44,0.096,0.007,1.055,0,19.299723558816556,35.0,21.07061652909707,0.0,2.0
29750,2026-05-11 15:24:46.100000+00:00,52.1566797,21.1886516,96.6,21.83,0.085,-0.038,0.873,0,21.31953544571674,35.0,18.13905149659539,0.0,2.0
29755,2026-05-11 15:24:46.600000+00:00,52.1566881,21.1886981,96.7,24.59,0.169,-0.01,0.996,0,23.809088155969686,35.0,14.877107689923669,0.0,2.0
29760,2026-05-11 15:24:47.100000+00:00,52.1566982,21.1887488,96.6,26.52,0.102,-0.01,0.969,0,26.18242396063565,35.0,11.345791292926954,0.0,2.0
29765,2026-05-11 15:24:47.600000+00:00,52.1567069,21.1888028,96.6,27.82,-0.002,-0.032,0.97,0,27.42268379143569,35.0,7.6734869459905415,0.0,2.0
29770,2026-05-11 15:24:48.100000+00:00,52.1567163,21.1888601,96.6,29.73,0.14,-0.002,0.977,0,29.133031131242472,35.0,4.068768486997856,0.0,2.0
29775,2026-05-11 15:24:48.600000+00:00,52.1567282,21.1889201,96.6,31.05,0.116,0.005,0.955,0,30.97210358009073,35.0,2.9340079353138755,0.0,2.0
29780,2026-05-11 15:24:49.100000+00:00,52.1567389,21.1889823,96.7,32.22,0.08,0.0,0.973,0,31.729255905446454,35.0,6.1574035137089504,0.0,2.0
29785,2026-05-11 15:24:49.600000+00:00,52.1567511,21.189047,96.7,33.21,0.084,0.0,0.976,0,33.24604063122678,35.0,10.530677621537297,0.0,2.0
29790,2026-05-11 15:24:50.100000+00:00,52.1567629,21.1891137,96.7,34.78,0.074,0.001,0.953,0,34.09613019830671,35.0,15.152401082037102,0.0,2.0
29795,2026-05-11 15:24:50.600000+00:00,52.1567749,21.189183,96.7,34.8,0.11,0.029,0.976,0,35.36810334534861,35.0,19.999017725484286,0.0,2.0
29800,2026-05-11 15:24:51.100000+00:00,52.1567833,21.1892536,97.0,36.66,0.072,0.02,0.972,0,35.32288060645001,35.0,24.804790110606437,0.0,2.0
29805,2026-05-11 15:24:51.600000+00:00,52.1567957,21.1893267,97.1,37.43,0.018,-0.003,0.969,0,37.251884494094135,35.0,29.955840378235894,0.0,2.0
29810,2026-05-11 15:24:52.100000+00:00,52.1568079,21.1894031,97.1,38.97,0.085,0.012,0.946,0,38.77588742886846,35.0,35.3182949604689,0.0,2.0
29815,2026-05-11 15:24:52.600000+00:00,52.156821,21.1894805,97.2,39.3,0.06,0.018,1.0,0,39.4368825796294,35.0,40.78377966784609,0.0,2.0
29820,2026-05-11 15:24:53.100000+00:00,52.1568347,21.1895596,97.3,40.86,0.068,0.017,0.943,0,40.37026286925473,35.0,46.383232255340864,0.0,2.0
29825,2026-05-11 15:24:53.600000+00:00,52.1568458,21.1896414,97.3,41.69,0.049,0.032,0.989,0,41.148924251878576,35.0,52.06975936875438,0.0,2.0
29830,2026-05-11 15:24:54.100000+00:00,52.1568591,21.189724,97.3,42.02,0.051,0.036,0.95,0,41.944836319781146,35.0,57.88737593263455,0.0,2.0
29835,2026-05-11 15:24:54.600000+00:00,52.1568745,21.1898069,97.2,42.52,0.028,0.042,0.974,0,42.54382785751984,35.0,63.795820481449326,0.0,2.0
29840,2026-05-11 15:24:55.100000+00:00,52.1568893,21.1898902,97.2,42.39,0.033,0.035,0.977,0,42.595775852523005,35.0,69.71040653477354,0.0,2.0
29845,2026-05-11 15:24:55.600000+00:00,52.1569024,21.1899742,97.5,42.3,0.035,0.045,0.976,0,42.57053858555353,35.0,75.61490056012371,0.0,2.0
29850,2026-05-11 15:24:56.100000+00:00,52.1569179,21.1900567,97.5,43.17,0.03,0.053,0.948,0,42.37916474931652,,81.50088519338141,0.0,2.0
29855,2026-05-11 15:24:56.600000+00:00,52.1569338,21.1901411,97.5,43.64,0.024,0.043,0.992,0,43.36525590855443,,87.5238342758095,0.0,2.0
29860,2026-05-11 15:24:57.100000+00:00,52.1569505,21.190225,97.4,43.37,0.031,0.031,0.954,0,43.32389031328715,,93.54042341957248,0.0,2.0
29865,2026-05-11 15:24:57.600000+00:00,52.1569668,21.1903096,97.4,43.72,0.024,0.028,0.971,0,43.55402081791845,,99.58953714990301,0.0,2.0
29870,2026-05-11 15:24:58.100000+00:00,52.1569834,21.1903953,97.1,44.07,0.023,0.027,0.973,0,44.14148666437952,,102.20068299967662,0.0,2.0
29875,2026-05-11 15:24:58.600000+00:00,52.1570009,21.1904805,97.1,44.11,0.024,0.034,0.968,0,44.13078374361471,,96.07239210832296,0.0,2.0
29880,2026-05-11 15:24:59.100000+00:00,52.1570187,21.1905663,96.9,44.27,0.034,0.033,0.967,0,44.48667844156133,,89.89521367800948,0.0,2.0
29885,2026-05-11 15:24:59.600000+00:00,52.1570364,21.1906522,96.7,44.35,0.023,0.032,0.945,0,44.50763909862664,,83.71505064070097,0.0,2.0
29890,2026-05-11 15:25:00.100000+00:00,52.1570537,21.1907391,96.7,44.76,0.034,0.034,0.987,0,44.87362926744344,36.0,77.48310517831621,0.0,2.0
29895,2026-05-11 15:25:00.600000+00:00,52.1570721,21.1908261,96.6,44.82,0.025,0.033,0.976,0,45.19963680218211,36.0,71.20874643915546,0.0,2.0
29900,2026-05-11 15:25:01.100000+00:00,52.1570907,21.1909134,96.6,45.36,0.03,0.032,0.984,0,45.39122838193957,36.0,64.90900394209174,0.0,2.0
29905,2026-05-11 15:25:01.600000+00:00,52.1571087,21.191001,96.6,44.97,0.016,0.024,0.947,0,45.37559610948535,36.0,58.60975795898392,0.0,2.0
29910,2026-05-11 15:25:02.100000+00:00,52.1571256,21.1910884,96.7,45.11,0.015,0.023,0.966,0,45.009920569181546,36.0,52.35908344824791,0.0,2.0
29915,2026-05-11 15:25:02.600000+00:00,52.157144,21.1911762,96.8,45.66,0.019,0.024,0.98,0,45.57123213813546,36.0,46.035421674587006,0.0,2.0
29920,2026-05-11 15:25:03.100000+00:00,52.1571629,21.1912635,96.8,45.66,0.033,0.021,0.971,0,45.47052373300378,36.0,39.731237894272596,0.0,2.0
29925,2026-05-11 15:25:03.600000+00:00,52.1571819,21.1913514,96.7,45.8,-0.006,0.005,0.968,0,45.775059015591154,36.0,33.388858493348586,0.0,2.0
29930,2026-05-11 15:25:04.100000+00:00,52.1572011,21.1914404,96.6,46.39,0.092,0.019,0.967,0,46.33784061892883,36.0,26.97545658607565,0.0,2.0
29935,2026-05-11 15:25:04.600000+00:00,52.1572202,21.1915302,96.6,46.9,0.036,0.002,0.973,0,46.68240280209961,36.0,20.525151627818556,0.0,2.0
29940,2026-05-11 15:25:05.100000+00:00,52.1572395,21.1916217,96.6,47.87,0.066,0.015,0.946,0,47.5239095852116,36.0,13.987430830613196,0.0,2.0
29945,2026-05-11 15:25:05.600000+00:00,52.1572589,21.1917143,96.6,48.08,0.012,-0.005,0.981,0,48.06095474226333,36.0,7.4844787069695204,0.0,2.0
29950,2026-05-11 15:25:06.100000+00:00,52.1572784,21.1918079,96.6,48.69,0.047,0.009,0.961,0,48.551691785538125,36.0,2.3221399282514468,0.0,2.0
29955,2026-05-11 15:25:06.600000+00:00,52.1572974,21.1919017,96.7,48.37,0.034,0.031,0.995,0,48.51771032418407,36.0,6.737219298054078,0.0,2.0
29960,2026-05-11 15:25:07.100000+00:00,52.1573162,21.191996,96.8,49.3,0.039,0.022,0.945,0,48.70122977831271,36.0,13.293810015945763,0.0,2.0
29965,2026-05-11 15:25:07.600000+00:00,52.1573358,21.1920915,96.9,49.38,0.043,0.02,0.975,0,49.461543320499274,36.0,20.10070041352268,0.0,2.0
29970,2026-05-11 15:25:08.100000+00:00,52.1573561,21.1921878,97.0,50.23,0.021,0.008,0.974,0,50.0136082233238,36.0,27.020334763622493,0.0,2.0
29975,2026-05-11 15:25:08.600000+00:00,52.1573744,21.1922848,97.3,49.36,0.04,0.012,0.968,0,49.84495203792644,36.0,33.910976876960866,0.0,2.0
29980,2026-05-11 15:25:09.100000+00:00,52.1573929,21.1923822,97.5,50.52,0.0,0.021,0.966,0,50.079876253476186,36.0,40.846023027253665,0.0,2.0
29985,2026-05-11 15:25:09.600000+00:00,52.1574123,21.1924803,97.6,50.27,0.092,0.046,0.977,0,50.62479244447519,36.0,47.86703192909299,0.0,2.0
29990,2026-05-11 15:25:10.100000+00:00,52.1574324,21.1925798,97.7,51.36,0.053,0.016,0.955,0,51.45219010928927,36.0,55.0072814794872,0.0,2.0
29995,2026-05-11 15:25:10.600000+00:00,52.1574525,21.1926797,97.7,51.46,0.033,0.019,0.975,0,51.63881559660899,36.0,62.174500214647935,0.0,2.0
30000,2026-05-11 15:25:11.100000+00:00,52.1574735,21.1927805,97.6,52.45,0.008,0.008,0.967,0,52.28623261701746,36.0,69.43459001769669,0.0,2.0
30005,2026-05-11 15:25:11.600000+00:00,52.1574957,21.1928816,97.5,52.72,0.028,0.012,0.946,0,52.741705459133286,36.0,76.75973661569964,0.0,2.0
30010,2026-05-11 15:25:12.100000+00:00,52.1575174,21.1929832,97.4,52.57,0.003,0.023,1.004,0,52.84000189458881,,84.09802267064457,0.0,2.0
30015,2026-05-11 15:25:12.600000+00:00,52.157539,21.1930844,97.5,52.28,0.024,0.027,0.971,0,52.628114284848614,,91.40696131157989,0.0,2.0
30020,2026-05-11 15:25:13.100000+00:00,52.15756,21.1931858,97.5,52.15,0.023,0.038,0.968,0,52.565274578325855,,98.70624499614406,0.0,2.0
30025,2026-05-11 15:25:13.600000+00:00,52.1575811,21.1932873,97.5,52.35,0.011,0.019,0.965,0,52.637429752927424,,106.01589304088284,0.0,2.0
30030,2026-05-11 15:25:14.100000+00:00,52.1576033,21.1933888,97.5,52.86,0.043,0.027,0.972,0,52.92660767118626,,113.36680717215177,0.0,2.0
30035,2026-05-11 15:25:14.600000+00:00,52.1576255,21.193491,97.5,53.17,0.017,0.021,0.964,0,53.25055810314917,,120.7626841448053,0.0,2.0
30040,2026-05-11 15:25:15.100000+00:00,52.1576472,21.1935925,97.7,52.68,0.022,0.03,1.0,0,52.79348129665282,,128.09489612572028,0.0,2.0
30045,2026-05-11 15:25:15.600000+00:00,52.1576689,21.1936941,97.8,52.53,0.019,0.016,0.919,0,52.83984148355871,,135.43355418429408,0.0,2.0
30050,2026-05-11 15:25:16.100000+00:00,52.1576909,21.1937961,97.8,52.99,-0.001,0.015,0.998,0,53.1045771318474,,142.80912583439644,0.0,2.0
30055,2026-05-11 15:25:16.600000+00:00,52.1577119,21.193898,97.8,52.14,0.033,0.02,0.96,0,52.79785278933557,,150.14102419479482,0.0,2.0
30060,2026-05-11 15:25:17.100000+00:00,52.1577335,21.1940004,97.8,52.85,-0.007,0.005,0.986,0,53.18492873250396,,157.52746220164914,0.0,2.0
30065,2026-05-11 15:25:17.600000+00:00,52.1577553,21.1941022,97.9,52.82,0.029,0.014,0.967,0,52.95886169984135,,164.8827740217458,0.0,2.0
30070,2026-05-11 15:25:18.100000+00:00,52.1577766,21.1942043,98.0,52.61,0.013,0.038,0.973,0,52.967749009960386,,172.23883186799688,0.0,2.0
30075,2026-05-11 15:25:18.600000+00:00,52.1577982,21.1943056,98.0,52.52,0.006,0.033,0.966,0,52.67423222252139,,179.55459124172998,0.0,2.0
30080,2026-05-11 15:25:19.100000+00:00,52.1578194,21.1944068,98.1,52.43,0.004,0.026,0.972,0,52.523460722191544,,186.8491129283116,0.0,2.0
30085,2026-05-11 15:25:19.600000+00:00,52.1578419,21.1945082,98.0,52.85,0.017,0.023,0.956,0,52.961304583616865,,194.20464035613455,0.0,2.0
30090,2026-05-11 15:25:20.100000+00:00,52.1578639,21.1946099,98.1,52.87,0.037,0.025,0.987,0,52.96540847927473,,201.5609455824534,0.0,2.0
30095,2026-05-11 15:25:20.600000+00:00,52.1578858,21.1947123,98.1,52.96,0.035,0.009,0.956,0,53.26334533043205,,208.95856977055956,0.0,2.0
30100,2026-05-11 15:25:21.100000+00:00,52.1579066,21.1948149,98.0,53.29,0.03,0.02,0.972,0,53.0732148446663,,211.87858813471104,0.0,2.0
30105,2026-05-11 15:25:21.600000+00:00,52.1579279,21.1949177,98.0,53.06,0.005,0.024,0.985,0,53.29320902792015,,204.47904206955968,0.0,2.0
30110,2026-05-11 15:25:22.100000+00:00,52.1579496,21.1950204,98.1,53.25,-0.003,0.023,0.946,0,53.350078163725755,,197.07307399008178,0.0,2.0
30115,2026-05-11 15:25:22.600000+00:00,52.1579701,21.1951224,98.1,52.73,-0.002,0.028,0.996,0,52.718146431188636,,189.7522560735286,0.0,2.0
30120,2026-05-11 15:25:23.100000+00:00,52.1579911,21.1952238,98.1,52.57,-0.011,0.034,0.941,0,52.5648175563912,,182.45435882578698,0.0,2.0
30125,2026-05-11 15:25:23.600000+00:00,52.1580117,21.1953246,98.2,51.89,0.021,0.056,0.995,0,52.18357165208966,,175.20883158000169,0.0,2.0
30130,2026-05-11 15:25:24.100000+00:00,52.158033,21.1954245,98.2,52.08,-0.024,0.031,0.954,0,51.94562281743593,,167.99959939700582,0.0,2.0
30135,2026-05-11 15:25:24.600000+00:00,52.158054,21.1955243,98.2,51.8,0.015,0.029,0.983,0,51.82078816047259,,160.8070285890368,0.0,2.0
30140,2026-05-11 15:25:25.100000+00:00,52.1580752,21.1956238,98.3,51.39,0.017,0.033,0.983,0,51.73372232632138,,153.62812010053963,0.0,2.0
30145,2026-05-11 15:25:25.600000+00:00,52.1580963,21.1957227,98.3,51.11,-0.018,0.037,0.951,0,51.429054985502084,,146.4922373160187,0.0,2.0
30150,2026-05-11 15:25:26.100000+00:00,52.1581166,21.195821,98.3,50.92,0.018,0.056,0.972,0,50.94284693838374,,139.42152658809178,0.0,2.0
30155,2026-05-11 15:25:26.600000+00:00,52.1581375,21.1959182,98.3,50.45,0.001,0.044,0.97,0,50.5879273775633,,132.40456583493585,0.0,2.0
30160,2026-05-11 15:25:27.100000+00:00,52.1581584,21.1960144,98.4,49.66,-0.015,0.062,0.968,0,50.12465739360754,,125.45415876487571,0.0,2.0
30165,2026-05-11 15:25:27.600000+00:00,52.1581787,21.1961089,98.4,48.92,-0.012,0.05,0.956,0,49.177519439300994,,118.63492422845776,0.0,2.0
30170,2026-05-11 15:25:28.100000+00:00,52.1581988,21.1962025,98.3,48.9,-0.011,0.042,0.97,0,48.707378782880355,,111.88215945452876,0.0,2.0
30175,2026-05-11 15:25:28.600000+00:00,52.1582195,21.1962952,98.3,48.09,-0.015,0.028,0.961,0,48.4525518880314,,105.17228408900138,0.0,2.0
30180,2026-05-11 15:25:29.100000+00:00,52.158239,21.1963873,98.2,47.38,-0.011,0.042,0.997,0,47.85373134408314,,98.53959682753718,0.0,2.0
30185,2026-05-11 15:25:29.600000+00:00,52.1582585,21.1964783,98.2,47.07,-0.022,0.035,0.955,0,47.34332852690018,,91.98138026477987,0.0,2.0
30190,2026-05-11 15:25:30.100000+00:00,52.1582775,21.1965678,98.1,46.03,-0.052,0.055,0.975,0,46.51597823381153,,85.53887078506523,0.0,2.0
30195,2026-05-11 15:25:30.600000+00:00,52.1582959,21.1966535,98.1,43.44,-0.086,0.077,0.962,0,44.595372850417895,37.0,79.3669760155383,0.0,2.0
30200,2026-05-11 15:25:31.100000+00:00,52.1583135,21.1967362,98.1,42.38,-0.063,0.052,0.978,0,42.9931928356874,37.0,73.41879436253848,0.0,2.0
30205,2026-05-11 15:25:31.600000+00:00,52.1583301,21.1968168,98.0,41.39,-0.049,0.037,0.977,0,41.758424648176636,37.0,67.63989485078282,0.0,2.0
30210,2026-05-11 15:25:32.100000+00:00,52.1583468,21.1968954,98.0,40.49,-0.039,0.044,0.967,0,40.85450398047728,37.0,61.995342799563545,0.0,2.0
30215,2026-05-11 15:25:32.600000+00:00,52.1583629,21.1969719,98.0,39.26,-0.049,0.049,0.967,0,39.72282784033052,37.0,56.510981419230454,0.0,2.0
30220,2026-05-11 15:25:33.100000+00:00,52.1583787,21.1970464,98.0,38.15,-0.07,0.03,0.969,0,38.71583081287655,37.0,51.174033295565806,0.0,2.0
30225,2026-05-11 15:25:33.600000+00:00,52.158394,21.1971181,98.1,36.61,-0.092,0.062,0.986,0,37.2853379689443,37.0,46.04454950648418,0.0,2.0
30230,2026-05-11 15:25:34.100000+00:00,52.1584095,21.1971858,98.2,34.82,-0.09,0.062,0.955,0,35.49130102087739,37.0,41.19256372983618,0.0,2.0
30235,2026-05-11 15:25:34.600000+00:00,52.1584235,21.1972503,98.1,33.36,-0.085,0.042,0.972,0,33.60383714613296,37.0,36.601638788289186,0.0,2.0
30240,2026-05-11 15:25:35.100000+00:00,52.1584361,21.1973115,98.1,31.7,-0.082,0.044,0.972,0,31.706182406132566,37.0,32.27515679765627,0.0,2.0
30245,2026-05-11 15:25:35.600000+00:00,52.1584473,21.1973705,98.2,29.79,-0.081,0.047,0.965,0,30.333694447641637,37.0,28.13696905569861,0.0,2.0
30250,2026-05-11 15:25:36.100000+00:00,52.1584571,21.1974265,98.2,28.3,-0.062,0.054,0.968,0,28.6018016785811,37.0,24.239201277813024,0.0,2.0
30255,2026-05-11 15:25:36.600000+00:00,52.1584676,21.1974792,98.4,26.78,-0.07,0.055,0.972,0,27.214672846951206,37.0,20.59334785808828,0.0,2.0
30260,2026-05-11 15:25:37.100000+00:00,52.1584767,21.1975297,98.5,25.13,-0.079,0.022,0.983,0,25.8511251535896,37.0,17.150598838422027,0.0,2.0
30265,2026-05-11 15:25:37.600000+00:00,52.1584855,21.1975781,98.7,24.4,-0.068,0.067,0.974,0,24.793889421308783,37.0,13.922152557175991,0.0,2.0
30270,2026-05-11 15:25:38.100000+00:00,52.1584941,21.1976219,98.8,21.74,-0.082,0.13,0.955,0,22.587493733761328,37.0,11.127864700931012,0.0,2.0
30275,2026-05-11 15:25:38.600000+00:00,52.1585029,21.1976618,99.0,19.79,-0.086,0.092,0.961,0,20.82498348318565,37.0,8.827455953816717,0.0,2.0
30280,2026-05-11 15:25:39.100000+00:00,52.1585115,21.1976969,99.1,17.19,-0.15,0.109,0.993,0,18.56356078966535,37.0,7.225232702076962,0.0,2.0
30285,2026-05-11 15:25:39.600000+00:00,52.1585185,21.1977256,99.2,13.98,-0.146,0.07,0.966,0,15.169293156087992,37.0,6.404431347713853,0.0,2.0
30290,2026-05-11 15:25:40.100000+00:00,52.1585232,21.1977488,99.3,10.45,-0.17,0.095,0.984,0,11.999976836692491,37.0,6.102222944032492,0.0,2.0
30295,2026-05-11 15:25:40.600000+00:00,52.158527,21.197766,99.3,7.71,-0.157,0.094,0.963,0,8.978947407970875,37.0,6.20073029332585,0.0,2.0
30300,2026-05-11 15:25:41.100000+00:00,52.15853,21.1977773,99.4,4.47,-0.142,0.096,0.976,0,6.047441456360146,37.0,6.454242754394771,0.0,2.0
30305,2026-05-11 15:25:41.600000+00:00,52.1585316,21.1977829,99.4,1.71,-0.142,0.1,0.97,0,3.034121449002635,37.0,6.628484912799467,0.0,2.0
30310,2026-05-11 15:25:42.100000+00:00,52.1585317,21.1977835,99.5,0.16,-0.08,0.073,1.002,0,0.3053735399897522,37.0,6.640527344978694,0.0,2.0
30315,2026-05-11 15:25:42.600000+00:00,52.1585314,21.1977842,99.6,0.3,0.025,0.033,0.936,0,0.4193928555120856,37.0,6.608584841300861,0.0,2.0
30320,2026-05-11 15:25:43.100000+00:00,52.158531,21.1977851,99.7,0.15,0.008,0.04,0.984,0,0.5458498573071671,37.0,6.566459669380373,0.0,2.0
30325,2026-05-11 15:25:43.600000+00:00,52.1585309,21.1977856,99.8,0.32,0.014,0.038,0.968,0,0.25829738083395304,37.0,6.556894051510905,0.0,2.0
30330,2026-05-11 15:25:44.100000+00:00,52.1585305,21.1977864,99.8,0.03,0.015,0.039,0.978,0,0.5068951734080968,37.0,6.515324907798291,0.0,2.0
30335,2026-05-11 15:25:44.600000+00:00,52.1585301,21.1977874,99.9,0.11,0.017,0.043,0.972,0,0.5863327241011089,37.0,6.475160012264236,0.0,2.0
30340,2026-05-11 15:25:45.100000+00:00,52.15853,21.1977881,100.1,0.18,0.016,0.041,0.975,0,0.3530058128355474,37.0,6.467466434564303,0.0,2.0
30345,2026-05-11 15:25:45.600000+00:00,52.1585299,21.1977887,100.1,0.04,0.018,0.041,0.971,0,0.30537355352185,37.0,6.459577526733667,0.0,2.0
30350,2026-05-11 15:25:46.100000+00:00,52.1585302,21.1977889,100.2,0.05,0.012,0.035,0.979,0,0.25949218835555243,37.0,6.493944055073984,0.0,2.0
30355,2026-05-11 15:25:46.600000+00:00,52.1585307,21.1977892,100.3,0.04,0.021,0.043,0.975,0,0.4265586868742621,37.0,6.551067033907582,0.0,2.0
30360,2026-05-11 15:25:47.100000+00:00,52.1585309,21.1977894,100.4,0.06,0.016,0.043,0.975,0,0.18785073400348737,37.0,6.57440013665926,0.0,2.0
30365,2026-05-11 15:25:47.600000+00:00,52.1585312,21.1977897,100.4,0.08,0.02,0.038,0.978,0,0.2817760963598041,37.0,6.609438449533406,0.0,2.0
30370,2026-05-11 15:25:48.100000+00:00,52.1585311,21.19779,100.5,0.04,0.021,0.04,0.972,0,0.16769166772790944,37.0,6.6002360802848825,0.0,2.0
30375,2026-05-11 15:25:48.600000+00:00,52.158531,21.1977902,100.5,0.24,0.016,0.039,0.979,0,0.12672378762439188,37.0,6.590450072142367,0.0,2.0
30380,2026-05-11 15:25:49.100000+00:00,52.1585307,21.1977905,100.6,0.24,0.016,0.042,0.976,0,0.2817761010469724,37.0,6.559234241005271,0.0,2.0
30385,2026-05-11 15:25:49.600000+00:00,52.1585307,21.1977908,100.6,0.12,0.021,0.041,0.975,0,0.14734597426863855,37.0,6.5612877521788775,0.0,2.0
30390,2026-05-11 15:25:50.100000+00:00,52.158531,21.1977913,100.7,0.13,0.018,0.038,0.976,0,0.3435037301396699,37.0,6.5980184454665025,0.0,2.0
30395,2026-05-11 15:25:50.600000+00:00,52.1585313,21.1977918,100.8,0.13,0.018,0.038,0.976,0,0.34350372295136455,37.0,6.6348888536004385,0.0,2.0
30400,2026-05-11 15:25:51.100000+00:00,52.1585318,21.197792,100.8,0.11,0.018,0.041,0.976,0,0.4121780453649549,37.0,6.69166150118823,0.0,2.0
30405,2026-05-11 15:25:51.600000+00:00,52.1585326,21.1977921,100.9,0.14,0.019,0.04,0.976,0,0.6423632190535531,37.0,6.780822084289701,0.0,2.0
30410,2026-05-11 15:25:52.100000+00:00,52.1585334,21.1977922,101.0,0.07,0.018,0.043,0.974,0,0.6423632188666135,37.0,6.869984135155895,0.0,2.0
30415,2026-05-11 15:25:52.600000+00:00,52.1585337,21.1977926,101.0,0.05,0.015,0.041,0.975,0,0.3102965799328082,37.0,6.906209884264197,0.0,2.0
30420,2026-05-11 15:25:53.100000+00:00,52.1585341,21.1977927,101.0,0.22,0.018,0.041,0.975,0,0.32398589590271704,37.0,6.951176740275835,0.0,2.0
30425,2026-05-11 15:25:53.600000+00:00,52.1585347,21.1977926,101.1,0.12,0.019,0.044,0.969,0,0.4828664883051598,37.0,7.016684069027698,0.0,2.0
30430,2026-05-11 15:25:54.100000+00:00,52.1585351,21.1977924,101.1,0.15,0.011,0.04,0.969,0,0.3349683682913798,37.0,7.059364127921364,0.0,2.0
30435,2026-05-11 15:25:54.600000+00:00,52.1585353,21.1977935,101.2,1.0,0.063,0.006,0.975,0,0.5634968556380974,37.0,7.090100798918656,0.0,2.0
30440,2026-05-11 15:25:55.100000+00:00,52.158536,21.1977978,101.3,3.23,0.141,-0.021,0.969,0,2.1850498808738905,37.0,7.208161618145811,0.0,2.0
30445,2026-05-11 15:25:55.600000+00:00,52.1585381,21.1978075,101.4,5.97,0.171,-0.023,0.962,0,5.052140759127828,37.0,7.569023597355611,0.0,2.0
30450,2026-05-11 15:25:56.100000+00:00,52.1585425,21.1978233,101.5,9.48,0.213,-0.009,0.972,0,8.522330027706413,37.0,8.353441536177234,0.0,2.0
30455,2026-05-11 15:25:56.600000+00:00,52.1585479,21.1978452,101.5,13.08,0.234,-0.003,0.954,0,11.592563850591754,37.0,9.508314725621677,0.0,2.0
30460,2026-05-11 15:25:57.100000+00:00,52.1585557,21.1978726,101.6,15.61,0.202,-0.022,0.979,0,14.835874267418696,37.0,11.210043536102088,0.0,2.0
30465,2026-05-11 15:25:57.600000+00:00,52.1585638,21.1979065,101.7,19.08,0.18,-0.046,0.957,0,17.868382099777495,37.0,13.322501714039548,0.0,2.0
30470,2026-05-11 15:25:58.100000+00:00,52.158573,21.1979459,101.7,21.68,0.134,-0.028,0.981,0,20.705769053313684,37.0,15.895386118394761,0.0,2.0
30475,2026-05-11 15:25:58.600000+00:00,52.1585823,21.1979892,101.8,23.4,0.111,-0.004,0.953,0,22.53261500615386,37.0,18.765308053656163,0.0,2.0
30480,2026-05-11 15:25:59.100000+00:00,52.1585924,21.1980357,101.9,24.84,0.083,-0.02,0.965,0,24.227803122000065,37.0,21.93421696802953,0.0,2.0
30485,2026-05-11 15:25:59.600000+00:00,52.1586033,21.1980861,101.9,26.82,0.109,-0.003,0.98,0,26.247246548168295,37.0,25.422861168510945,0.0,2.0
30490,2026-05-11 15:26:00.100000+00:00,52.1586146,21.19814,102.0,28.61,0.079,-0.044,0.957,0,27.976252020235638,37.0,29.174611723293417,0.0,2.0
30495,2026-05-11 15:26:00.600000+00:00,52.1586254,21.1981981,102.1,30.45,0.102,-0.007,0.984,0,29.81715117026913,37.0,33.173959763857525,0.0,2.0
30500,2026-05-11 15:26:01.100000+00:00,52.1586363,21.1982576,102.1,30.97,0.076,0.025,0.969,0,30.49867506430572,37.0,37.293060668066154,0.0,2.0
30505,2026-05-11 15:26:01.600000+00:00,52.1586489,21.1983187,102.0,32.26,0.081,0.008,0.958,0,31.65948699596732,37.0,41.621088592786826,0.0,2.0
30510,2026-05-11 15:26:02.100000+00:00,52.1586614,21.1983823,102.1,33.64,0.066,0.008,0.968,0,32.801178148590196,37.0,46.10878770332308,0.0,2.0
30515,2026-05-11 15:26:02.600000+00:00,52.1586754,21.1984484,102.0,34.88,0.066,-0.003,0.963,0,34.345508241906195,37.0,50.83552639609511,0.0,2.0
30520,2026-05-11 15:26:03.100000+00:00,52.1586892,21.1985173,102.1,35.99,0.054,-0.032,1.003,0,35.59823588470464,37.0,55.73209926011011,0.0,2.0
30525,2026-05-11 15:26:03.600000+00:00,52.1587034,21.1985887,102.2,37.53,0.025,-0.051,0.947,0,36.86494025055847,37.0,60.809732768127304,0.0,2.0
30530,2026-05-11 15:26:04.100000+00:00,52.1587171,21.198663,102.2,38.28,0.049,-0.028,0.981,0,38.10522671466264,37.0,66.05106953978171,0.0,2.0
30535,2026-05-11 15:26:04.600000+00:00,52.1587324,21.1987387,102.2,39.37,0.058,0.022,0.959,0,39.145963133993746,37.0,71.45924017240135,0.0,2.0
30540,2026-05-11 15:26:05.100000+00:00,52.1587473,21.1988157,102.2,39.95,0.027,-0.032,0.968,0,39.6553784662388,37.0,76.93509177190242,0.0,2.0
30545,2026-05-11 15:26:05.600000+00:00,52.1587618,21.1988947,102.2,40.96,0.042,-0.024,0.973,0,40.50029397608103,,82.52336385874143,0.0,2.0
30550,2026-05-11 15:26:06.100000+00:00,52.158776,21.1989756,102.2,41.47,0.039,-0.022,0.98,0,41.32846339128729,,88.223214399158,0.0,2.0
30555,2026-05-11 15:26:06.600000+00:00,52.1587906,21.1990581,102.2,42.65,0.03,0.01,0.966,0,42.17216668391761,,94.04582122947143,0.0,2.0
30560,2026-05-11 15:26:07.100000+00:00,52.158805,21.1991415,102.2,42.98,0.06,0.017,0.966,0,42.55338782854104,,99.92125063310667,0.0,2.0
30565,2026-05-11 15:26:07.600000+00:00,52.15882,21.1992267,102.1,43.77,0.058,0.01,0.953,0,43.535093414981766,,105.93922263870188,0.0,2.0
30570,2026-05-11 15:26:08.100000+00:00,52.1588354,21.1993134,102.1,44.55,0.063,-0.003,0.979,0,44.33168194266405,,112.07174904569189,0.0,2.0
30575,2026-05-11 15:26:08.600000+00:00,52.158851,21.1994021,102.1,45.58,0.053,0.0,0.966,0,45.319902644850764,,118.34224035699349,0.0,2.0
30580,2026-05-11 15:26:09.100000+00:00,52.1588663,21.1994927,102.1,46.52,0.037,-0.002,0.975,0,46.15332742757805,,124.72473193550124,0.0,2.0
30585,2026-05-11 15:26:09.600000+00:00,52.1588799,21.1995849,102.4,46.44,0.064,0.001,0.975,0,46.57458533001338,,131.14678420884303,0.0,2.0
30590,2026-05-11 15:26:10.100000+00:00,52.1588959,21.1996786,102.3,48.65,0.055,0.0,0.953,0,47.770191348115105,,137.76049111152213,0.0,2.0
30595,2026-05-11 15:26:10.600000+00:00,52.1589127,21.1997743,102.3,49.1,0.063,0.012,0.978,0,48.88952371969913,,144.53463158334253,0.0,2.0
30600,2026-05-11 15:26:11.100000+00:00,52.1589298,21.1998721,102.2,50.36,0.05,0.007,0.972,0,49.94722389876693,,151.45634032822372,0.0,2.0
30605,2026-05-11 15:26:11.600000+00:00,52.1589477,21.199971,102.1,51.08,0.062,0.005,0.954,0,50.64449340047481,,158.4798077625547,0.0,2.0
30610,2026-05-11 15:26:12.100000+00:00,52.1589656,21.200072,102.0,52.0,-0.003,-0.012,0.983,0,51.634556767851095,,165.63931673356882,0.0,2.0
30615,2026-05-11 15:26:12.600000+00:00,52.1589838,21.2001745,101.9,52.67,0.086,0.006,0.961,0,52.40898365568788,,172.9074161960617,0.0,2.0
30620,2026-05-11 15:26:13.100000+00:00,52.1590015,21.2002786,101.9,53.09,0.06,0.0,0.979,0,53.05595177727341,,180.26137402910615,0.0,2.0
30625,2026-05-11 15:26:13.600000+00:00,52.1590203,21.2003845,101.9,54.91,0.046,0.0,0.961,0,54.14656222876699,,187.77233316311427,0.0,2.0
30630,2026-05-11 15:26:14.100000+00:00,52.1590392,21.2004926,101.9,55.16,0.058,-0.007,0.981,0,55.20718794514488,,195.42964173638336,0.0,2.0
30635,2026-05-11 15:26:14.600000+00:00,52.1590582,21.2006024,101.8,56.35,0.049,0.001,0.967,0,56.03229221070802,,201.94315876078264,0.0,2.0
30640,2026-05-11 15:26:15.100000+00:00,52.1590771,21.2007119,101.7,56.0,-0.02,0.027,0.963,0,55.86873718861408,,194.19961973210025,0.0,2.0
30645,2026-05-11 15:26:15.600000+00:00,52.1590958,21.2008195,101.8,54.43,-0.033,0.022,0.984,0,54.92713524471713,,186.5888323623105,0.0,2.0
30650,2026-05-11 15:26:16.100000+00:00,52.1591139,21.2009265,101.7,54.67,-0.014,0.028,0.967,0,54.51399069208268,,179.03312885994822,0.0,2.0
30655,2026-05-11 15:26:16.600000+00:00,52.1591325,21.2010325,101.7,54.28,-0.007,0.034,0.952,0,54.14936457755871,,171.53460646062348,0.0,2.0
30660,2026-05-11 15:26:17.100000+00:00,52.1591508,21.2011372,101.6,53.28,-0.019,0.028,1.004,0,53.46944954764922,,164.1316078265771,0.0,2.0
30665,2026-05-11 15:26:17.600000+00:00,52.159169,21.2012408,101.7,52.76,-0.043,0.029,0.961,0,52.9279560059014,,156.80659579080407,0.0,2.0
30670,2026-05-11 15:26:18.100000+00:00,52.1591864,21.2013418,101.6,50.9,-0.091,0.055,0.963,0,51.52465392401727,,149.6750410939444,0.0,2.0
30675,2026-05-11 15:26:18.600000+00:00,52.159203,21.2014384,101.5,48.42,-0.105,0.071,0.973,0,49.270921852276494,,142.85733512590906,0.0,2.0
30680,2026-05-11 15:26:19.100000+00:00,52.159219,21.2015317,101.5,47.39,-0.035,0.056,0.967,0,47.580635424822205,,136.27561698686767,0.0,2.0
30685,2026-05-11 15:26:19.600000+00:00,52.1592352,21.2016241,101.4,47.12,-0.021,0.019,0.97,0,47.1988072690985,,129.75317870010608,0.0,2.0
30690,2026-05-11 15:26:20.100000+00:00,52.1592506,21.2017157,101.4,46.44,-0.022,0.012,0.98,0,46.6477671993652,,123.3031084027867,0.0,2.0
30695,2026-05-11 15:26:20.600000+00:00,52.1592656,21.2018066,101.4,46.01,-0.024,0.014,0.968,0,46.232048821146996,,116.91065266576516,0.0,2.0
30700,2026-05-11 15:26:21.100000+00:00,52.1592798,21.2018964,101.3,45.72,-0.01,0.042,0.973,0,45.54646064710727,,110.60980326247967,0.0,2.0
30705,2026-05-11 15:26:21.600000+00:00,52.1592941,21.2019852,101.2,44.97,-0.014,0.029,0.957,0,45.09127521704329,,104.3776666413036,0.0,2.0
30710,2026-05-11 15:26:22.100000+00:00,52.1593085,21.2020731,101.2,44.21,-0.022,0.003,0.981,0,44.68444614538339,,98.20849477013475,0.0,2.0
30715,2026-05-11 15:26:22.600000+00:00,52.1593224,21.2021603,101.2,44.24,-0.019,0.006,0.926,0,44.24999627716009,,92.09938982323517,0.0,2.0
30720,2026-05-11 15:26:23.100000+00:00,52.1593357,21.2022469,101.1,43.78,-0.034,-0.009,1.036,0,43.84570407768732,,86.04496951342662,0.0,2.0
30725,2026-05-11 15:26:23.600000+00:00,52.1593481,21.2023323,101.2,43.06,-0.015,0.012,0.937,0,43.10256152982392,,80.08968894199509,0.0,2.0
30730,2026-05-11 15:26:24.100000+00:00,52.1593604,21.2024166,101.2,42.7,-0.009,0.035,0.953,0,42.55840255674785,38.0,74.21525741568368,0.0,2.0
30735,2026-05-11 15:26:24.600000+00:00,52.1593729,21.2024997,101.2,41.69,-0.016,0.012,0.989,0,42.02307816023572,38.0,68.42610286796216,0.0,2.0
30740,2026-05-11 15:26:25.100000+00:00,52.1593857,21.2025815,101.2,40.8,-0.046,0.0,0.959,0,41.461937422645335,38.0,62.730861318634325,0.0,2.0
30745,2026-05-11 15:26:25.600000+00:00,52.1593971,21.2026606,101.3,39.1,-0.074,0.043,0.991,0,39.90715848989123,38.0,57.244411660502436,0.0,2.0
30750,2026-05-11 15:26:26.100000+00:00,52.1594069,21.2027368,101.3,37.54,-0.062,0.039,0.968,0,38.238721646523175,38.0,51.97925420436242,0.0,2.0
30755,2026-05-11 15:26:26.600000+00:00,52.1594175,21.20281,101.2,36.62,-0.081,0.046,0.985,0,36.93973569743332,38.0,46.924200630234694,0.0,2.0
30760,2026-05-11 15:26:27.100000+00:00,52.159427,21.2028798,101.2,34.75,-0.072,0.013,0.944,0,35.11537655284876,38.0,42.12303368907252,0.0,2.0
30765,2026-05-11 15:26:27.600000+00:00,52.1594348,21.2029456,101.2,32.05,-0.145,0.029,0.972,0,32.91503798946827,38.0,37.6162862789424,0.0,2.0
30770,2026-05-11 15:26:28.100000+00:00,52.159441,21.2030064,101.2,29.03,-0.168,-0.01,0.968,0,30.27124771097895,38.0,33.466691779415385,0.0,2.0
30775,2026-05-11 15:26:28.600000+00:00,52.1594462,21.2030611,100.9,27.03,-0.149,-0.071,0.961,0,27.186182291330304,38.0,29.745403147264387,0.0,2.0
30780,2026-05-11 15:26:29.100000+00:00,52.1594472,21.2031144,100.9,25.48,-0.106,-0.021,1.016,0,26.19016897656476,38.0,26.114725467854445,0.0,2.0
30785,2026-05-11 15:26:29.600000+00:00,52.1594469,21.2031647,100.9,24.45,-0.095,0.002,0.912,0,24.705667249034054,38.0,22.684636833338217,0.0,2.0
30790,2026-05-11 15:26:30.100000+00:00,52.1594471,21.2032109,100.9,21.71,-0.064,0.109,0.988,0,22.69137785460889,38.0,19.536892315823312,0.0,2.0
30795,2026-05-11 15:26:30.600000+00:00,52.159449,21.2032537,100.8,20.02,-0.067,0.101,1.009,0,21.075891588075606,38.0,16.633754216494737,0.0,2.0
30800,2026-05-11 15:26:31.100000+00:00,52.1594515,21.2032935,100.7,19.01,-0.057,0.069,0.942,0,19.64969754493014,38.0,13.951027737058748,0.0,2.0
30805,2026-05-11 15:26:31.600000+00:00,52.1594562,21.203331,100.7,18.48,-0.017,0.05,0.969,0,18.79831588801797,38.0,11.48395708259781,0.0,2.0
30810,2026-05-11 15:26:32.100000+00:00,52.1594608,21.2033668,100.6,17.51,-0.047,0.007,0.98,0,17.964462295872973,38.0,9.206363950647532,0.0,2.0
30815,2026-05-11 15:26:32.600000+00:00,52.1594663,21.2034007,100.5,17.17,-0.063,-0.001,0.953,0,17.22217365495744,38.0,7.236523075446306,0.0,2.0
30820,2026-05-11 15:26:33.100000+00:00,52.1594705,21.203431,100.5,14.62,-0.117,0.031,0.987,0,15.25678690651834,38.0,5.704190967847737,0.0,2.0
30825,2026-05-11 15:26:33.600000+00:00,52.1594745,21.203456,100.5,11.62,-0.181,0.036,0.957,0,12.689317152372231,38.0,4.837782512373312,0.0,2.0
30830,2026-05-11 15:26:34.100000+00:00,52.1594775,21.2034741,100.5,8.03,-0.213,0.043,0.981,0,9.208430501383754,38.0,4.557102292177897,0.0,2.0
30835,2026-05-11 15:26:34.600000+00:00,52.1594793,21.2034848,100.4,4.18,-0.205,0.033,0.97,0,5.449233830645062,38.0,4.557777532285543,0.0,2.0
30840,2026-05-11 15:26:35.100000+00:00,52.15948,21.203488,100.4,0.47,-0.185,0.029,0.985,0,1.6685858297453922,38.0,4.600143095358351,0.0,2.0
30845,2026-05-11 15:26:35.600000+00:00,52.1594806,21.203488,100.5,0.03,-0.01,-0.027,0.964,0,0.48036208296675653,38.0,4.666271721726278,0.0,2.0
30850,2026-05-11 15:26:36.100000+00:00,52.1594812,21.2034882,100.5,0.14,-0.003,-0.019,0.974,0,0.4903025384052928,38.0,4.7306663386442915,0.0,2.0
30855,2026-05-11 15:26:36.600000+00:00,52.1594817,21.2034882,100.6,0.09,0.003,-0.02,0.973,0,0.4003017324104796,38.0,4.785819577783046,0.0,2.0
30860,2026-05-11 15:26:37.100000+00:00,52.1594823,21.2034883,100.6,0.13,0.003,-0.02,0.98,0,0.4828663819456447,38.0,4.851177632867161,0.0,2.0
30865,2026-05-11 15:26:37.600000+00:00,52.159483,21.2034884,100.6,0.12,0.0,-0.02,0.973,0,0.5625704542424341,38.0,4.927621890160634,0.0,2.0
30870,2026-05-11 15:26:38.100000+00:00,52.1594835,21.2034886,100.7,0.15,0.009,-0.02,0.972,0,0.41217753986169264,38.0,4.981240551042682,0.0,2.0
30875,2026-05-11 15:26:38.600000+00:00,52.1594843,21.2034899,100.7,1.05,0.057,-0.05,0.984,0,0.90436827991838,38.0,5.0603604395443345,0.0,2.0
30880,2026-05-11 15:26:39.100000+00:00,52.1594857,21.2034961,100.8,4.2,0.14,-0.077,0.95,0,3.2448166213662537,38.0,5.193165975336554,0.0,2.0
30885,2026-05-11 15:26:39.600000+00:00,52.1594884,21.2035092,100.9,7.52,0.212,-0.035,0.977,0,6.78738554175567,38.0,5.555713510824507,0.0,2.0
30890,2026-05-11 15:26:40.100000+00:00,52.159493,21.2035287,100.9,11.02,0.199,-0.038,0.964,0,10.26095340153769,38.0,6.382027666987714,0.0,2.0
30895,2026-05-11 15:26:40.600000+00:00,52.1594997,21.2035532,100.9,13.65,0.216,-0.027,0.945,0,13.174440891331605,38.0,7.7622807455726575,0.0,2.0
30900,2026-05-11 15:26:41.100000+00:00,52.1595082,21.2035849,100.8,18.28,0.129,-0.118,1.024,0,16.991477901255376,38.0,9.75503356404403,0.0,2.0
30905,2026-05-11 15:26:41.600000+00:00,52.1595182,21.2036223,100.9,20.78,0.13,-0.099,0.907,0,20.03763175331199,38.0,12.272421853427913,0.0,2.0
30910,2026-05-11 15:26:42.100000+00:00,52.1595283,21.2036634,100.9,22.14,0.09,-0.07,0.984,0,21.74528553997521,38.0,15.081146254248798,0.0,2.0
30915,2026-05-11 15:26:42.600000+00:00,52.1595373,21.2037076,100.9,22.85,0.049,-0.063,0.955,0,22.873052945998847,38.0,18.051447056815086,0.0,2.0
30920,2026-05-11 15:26:43.100000+00:00,52.1595462,21.2037513,100.9,22.29,-0.051,0.003,0.987,0,22.614760429354526,38.0,21.047639045721024,0.0,2.0
30925,2026-05-11 15:26:43.600000+00:00,52.159554,21.203794,100.9,21.88,-0.037,-0.023,0.973,0,21.881755514403977,38.0,23.957685718672536,0.0,2.0
30930,2026-05-11 15:26:44.100000+00:00,52.1595605,21.2038359,101.0,21.12,-0.031,-0.005,0.974,0,21.22662787807438,38.0,26.776072701110945,0.0,2.0
30935,2026-05-11 15:26:44.600000+00:00,52.1595663,21.2038767,101.1,20.44,-0.035,0.004,0.949,0,20.569566960204785,38.0,29.516542706918113,0.0,2.0
30940,2026-05-11 15:26:45.100000+00:00,52.1595717,21.2039163,101.0,19.56,-0.039,-0.005,0.979,0,19.923918444098366,38.0,32.1840681268278,0.0,2.0
30945,2026-05-11 15:26:45.600000+00:00,52.159576,21.2039551,101.1,18.98,-0.077,-0.038,0.958,0,19.364761969355932,38.0,34.76437819835473,0.0,2.0
30950,2026-05-11 15:26:46.100000+00:00,52.1595776,21.2039911,101.0,17.29,-0.112,-0.056,0.981,0,17.72744250208472,38.0,37.061050363381,0.0,2.0
30955,2026-05-11 15:26:46.600000+00:00,52.1595767,21.2040255,101.0,16.62,-0.096,-0.088,0.97,0,16.910632231318704,38.0,39.16802077190213,0.0,2.0
30960,2026-05-11 15:26:47.100000+00:00,52.1595719,21.2040584,100.9,16.75,-0.08,-0.144,0.952,0,16.609244781015992,39.0,37.73029546323828,1.0,2.0
30965,2026-05-11 15:26:47.600000+00:00,52.1595642,21.2040903,100.9,16.8,-0.085,-0.108,0.988,0,16.836597834672492,39.0,35.393465056620535,1.0,2.0
30970,2026-05-11 15:26:48.100000+00:00,52.1595544,21.2041203,100.8,16.1,-0.056,-0.024,0.959,0,16.693013325346403,39.0,33.10376026016472,1.0,2.0
30975,2026-05-11 15:26:48.600000+00:00,52.1595447,21.2041485,100.7,15.29,-0.048,-0.011,0.977,0,15.878811320727927,39.0,30.938585967101783,1.0,2.0
30980,2026-05-11 15:26:49.100000+00:00,52.1595356,21.2041758,100.6,14.77,-0.031,0.031,0.976,0,15.259674538877862,39.0,28.857832349278784,1.0,2.0
30985,2026-05-11 15:26:49.600000+00:00,52.1595283,21.2042032,100.6,14.17,0.004,0.075,0.959,0,14.671601695967151,39.0,26.83338224479118,1.0,2.0
30990,2026-05-11 15:26:50.100000+00:00,52.1595229,21.2042311,100.6,13.82,0.0,0.093,0.972,0,14.368687953722326,39.0,24.837952952708093,1.0,2.0
30995,2026-05-11 15:26:50.600000+00:00,52.1595196,21.2042591,100.7,13.68,0.005,0.111,0.996,0,14.003471246773232,39.0,22.903632342106548,1.0,2.0
31000,2026-05-11 15:26:51.100000+00:00,52.1595188,21.204287,100.7,13.69,0.011,0.129,0.963,0,13.717831441886299,39.0,21.06386903516727,1.0,2.0
31005,2026-05-11 15:26:51.600000+00:00,52.1595191,21.2043148,100.7,13.26,-0.004,0.036,0.961,0,13.655869451884245,39.0,19.285315069534793,1.0,2.0
31010,2026-05-11 15:26:52.100000+00:00,52.1595194,21.2043416,100.8,12.88,-0.034,0.033,0.983,0,13.164805825844962,39.0,17.594565166858004,1.0,2.0
31015,2026-05-11 15:26:52.600000+00:00,52.1595193,21.2043656,100.8,11.18,-0.059,0.027,0.976,0,11.787687996906836,39.0,16.08889032690866,1.0,2.0
31020,2026-05-11 15:26:53.100000+00:00,52.1595197,21.2043866,100.9,9.95,-0.072,0.009,0.97,0,10.318959491775692,39.0,14.818970112014753,1.0,2.0
31025,2026-05-11 15:26:53.600000+00:00,52.1595209,21.2044054,101.3,8.34,-0.085,-0.004,0.972,0,9.283321901170286,39.0,13.75602821725821,1.0,2.0
